V1,V2,P_out,feasible,a1_deg,a2_deg,phi_deg,eta,P_loss,IL_rms,IL_pk,Is_rms,I_pos1_rms,I_pos2_rms,I_off1,I_off2,zvs1,zvs2,Tj1,Tj2,P_cond,P_sw,P_xfmr,P_ind,P_cap,P_bus,IC1,IC2,B_pk,eta_SPS,zvs1_SPS,zvs2_SPS
600,400,2500,1,90,30,35.4198,0.963192,95.5361,24.6764,53.3644,21.0677,8.72443,7.44857,53.3644,6.6269,1,0,54.4663,50.969,15.0079,59.9391,10.1386,6.46342,0.708563,0.211978,18.8045,19.8988,0.0434028,0.816182,1,0
600,400,-2500,1,90,90,-5.81475,0.895984,290.228,37.5337,53.9832,32.215,13.2702,11.3897,53.9832,0,1,0,56.0519,63.7201,35.6807,232.117,11.4338,4.88047,0.618543,0.454216,19.1965,16.563,0.0260417,0.816036,1,0
600,400,5000,1,90,30,40.7462,0.979776,103.208,27.9625,61.7105,24.4028,9.88625,8.62771,61.7105,6.6269,1,0,54.7111,51.1153,19.6475,60.9168,11.1445,6.98678,0.791542,0.34976,20.161,20.7047,0.0434028,0.899503,1,0
600,400,-5000,1,90,75,-3.47886,0.950794,258.765,34.0902,62.0751,29.2022,12.0527,10.3245,62.0751,0,1,0,55.6078,61.922,29.2778,208.067,10.6115,5.22922,0.762078,0.467405,20.3336,19.6559,0.0303819,0.899417,1,0
600,400,7500,1,90,30,46.0785,0.984701,116.527,32.6995,70.0661,29.1104,11.561,10.2921,70.0661,6.6269,1,0,55.1791,51.3587,27.3731,63.3678,12.7795,7.62218,0.929387,0.578645,22.2321,21.9784,0.0434028,0.930664,1,0
600,400,-7500,1,90,60,-1.21888,0.968901,240.728,34.7375,70.286,30.3524,12.2816,10.7312,70.286,0,1,0,55.6467,60.3732,30.8557,186.514,11.5829,6.03723,0.925593,0.624131,22.304,21.7912,0.0347222,0.930602,1,0
600,400,10000,1,90,30,51.4157,0.986745,134.326,38.3571,78.4291,34.6389,13.5613,12.2467,78.4291,6.6269,1,0,55.7753,51.6999,38.211,65.9782,15.1115,8.41989,1.12223,0.898855,24.8416,23.6454,0.0434028,0.946747,1,0
600,400,-10000,1,90,50,-1.53853,0.976802,237.493,39.0649,78.6216,34.9149,13.8115,12.3443,78.6216,0,1,0,56.1437,59.2032,39.7773,169.434,14.1766,7.40923,1.12689,0.919995,24.9184,23.6628,0.0376157,0.9467,1,0
600,400,15000,1,75,20,55.0229,0.987619,188.038,51.5271,95.4775,46.5579,18.2176,16.4607,95.4775,0,0,1,58.2014,52.1433,69.3772,75.654,22.2945,10.5838,1.66107,1.82497,31.384,27.2443,0.0462963,0.969493,1,0
600,400,-15000,1,90,30,-2.13663,0.987499,189.889,51.2306,95.2283,47.0207,18.1127,16.6243,95.2283,11.6489,1,0,57.6823,52.7761,69.5501,77.217,22.0624,10.9036,1.67781,1.81591,31.15,27.9107,0.0434028,0.962642,1,0
600,400,20000,1,60,0,62.1583,0.986999,263.451,63.7696,110.22,57.7769,22.5459,20.4272,110.22,0,0,1,61.0688,53.3374,107.323,95.2192,32.0683,14.745,2.10652,3.04942,36.9233,28.3741,0.0520833,0.976518,1,1
600,400,-20000,1,75,10,-4.30344,0.986613,271.372,63.6088,110.02,58.254,22.4891,20.5959,110.02,14.0998,1,0,60.594,54.4139,107.911,103.124,31.6486,14.6403,2.13333,3.04399,36.6868,29.271,0.0491898,0.969911,1,0
600,400,30000,1,50,10,69.3442,0.981746,557.806,91.9348,142.135,84.4686,32.5039,29.8642,142.135,43.576,1,1,71.1928,59.3295,232.572,197.426,63.8948,34.0274,4.07884,6.6741,53.089,36.6865,0.0491898,0.975101,1,1
600,400,-30000,1,50,10,-29.3429,0.981783,556.655,91.9329,142.133,84.4668,32.5032,29.8635,142.133,43.5728,1,1,71.2422,59.1926,232.533,196.315,63.894,34.0286,4.07863,6.67383,53.0877,36.6855,0.0491898,0.975153,1,1
600,400,40000,0,20,10,81.3276,0.966857,1371.16,137.417,199.374,127.202,48.5842,44.9726,199.374,106.999,1,1,101.581,73.7009,570.236,489.877,137.351,82.8533,15.4998,13.1343,102.606,73.018,0.0491898,0.963511,1,1
600,400,-40000,0,20,10,-71.3263,0.966866,1370.78,137.415,199.372,127.2,48.5836,44.972,199.372,106.995,1,1,101.608,73.6462,570.214,489.537,137.341,82.8478,15.4992,13.1341,102.605,73.0161,0.0491898,0.963519,1,1
600,400,50000,0,0,0,nan,nan,nan,nan,nan,nan,nan,nan,nan,nan,0,0,nan,nan,nan,nan,nan,nan,nan,nan,nan,nan,0.0520833,nan,0,0
600,400,-50000,0,0,0,nan,nan,nan,nan,nan,nan,nan,nan,nan,nan,0,0,nan,nan,nan,nan,nan,nan,nan,nan,nan,nan,0.0520833,nan,0,0
600,400,60000,0,0,0,nan,nan,nan,nan,nan,nan,nan,nan,nan,nan,0,0,nan,nan,nan,nan,nan,nan,nan,nan,nan,nan,0.0520833,nan,0,0
600,400,-60000,0,0,0,nan,nan,nan,nan,nan,nan,nan,nan,nan,nan,0,0,nan,nan,nan,nan,nan,nan,nan,nan,nan,nan,0.0520833,nan,0,0
600,450,2500,1,90,40,29.8039,0.968622,80.9858,19.5625,44.526,17.0541,6.9164,6.02953,44.526,12.2467,1,1,53.4823,51.1959,9.58424,54.5633,8.75679,5.31233,0.437996,0.139708,15.3173,15.0213,0.0455729,0.842037,1,0
600,450,-2500,1,90,90,-5.12661,0.903202,267.931,30.4145,45.095,25.4394,10.7532,8.9942,45.095,0,1,0,54.7346,63.9847,22.8665,229.561,8.18812,3.33171,0.405254,0.304279,15.6728,13.2185,0.0292969,0.84183,1,0
600,450,5000,1,90,40,34.5374,0.982776,87.631,23.1542,52.8704,20.6239,8.18623,7.29165,52.8704,12.2467,1,1,53.6873,51.3257,13.6887,55.2759,9.62331,5.76097,0.527806,0.258983,16.9517,16.3213,0.0455729,0.915074,1,0
600,450,-5000,1,90,75,-2.20192,0.955449,233.143,26.8347,53.1604,22.516,9.48751,7.96062,53.1604,0,1,0,54.3137,61.8611,17.776,200.275,7.78237,3.74098,0.521504,0.317032,17.0633,15.9557,0.0341797,0.914957,1,0
600,450,7500,1,90,40,39.2749,0.98704,98.4726,28.126,61.2219,25.4728,9.94405,9.006,61.2219,12.2467,1,1,54.0214,51.5417,20.5206,56.3634,11.1035,6.35074,0.677053,0.457195,19.365,18.2783,0.0455729,0.95627,1,0
600,450,-7500,1,90,90,-15.7884,0.969693,234.406,37.379,63.8897,32.5744,13.2155,11.5168,63.8897,7.20756,1,0,56.0083,59.3177,35.6128,172.98,12.9979,6.79149,0.824401,0.643009,21.8006,19.6104,0.0292969,0.941812,1,0
600,450,10000,1,90,60,34.1049,0.989309,108.063,34.1828,69.7363,30.6155,12.0855,10.8242,69.7363,5.03563,0,0,54.8788,51.1739,30.0453,54.3232,12.1058,6.35179,0.894255,0.740525,22.4418,20.7688,0.0390625,0.967884,1,0
600,450,-10000,1,90,60,-4.18863,0.981041,193.255,34.2881,69.8838,30.7185,12.1227,10.8606,69.8838,5.23237,1,0,55.06,57.3763,30.5509,138.89,12.1645,6.38628,0.898796,0.74597,22.5002,20.8197,0.0390625,0.955556,1,0
600,450,15000,1,60,20,41.3938,0.989496,159.24,46.2616,85.7904,41.2948,16.3559,14.5999,85.7904,0,1,0,56.9877,51.7497,55.1537,67.4497,19.5405,8.76644,1.35921,1.51934,28.8166,24.0466,0.0520833,0.980508,1,1
600,450,-15000,1,90,40,-3.59841,0.988658,172.079,46.675,86.4716,43.1886,16.5021,15.2695,86.4716,20.7045,1,1,56.5997,52.9681,58.0542,75.6728,19.7181,9.76245,1.49346,1.53162,29.2164,26.5607,0.0455729,0.969143,1,0
600,450,20000,1,60,0,58.5183,0.989221,217.921,56.5518,98.3496,51.417,19.9941,18.1786,98.3496,10.7091,1,1,58.5004,53.3882,84.2512,82.8726,27.3594,11.9488,1.67167,2.51952,32.7914,25.4321,0.0585938,0.981945,1,1
600,450,-20000,1,75,20,-5.23436,0.988528,232.104,57.704,99.7721,53.1389,20.4014,18.7874,99.7721,23.7809,1,1,58.7739,53.9911,88.8722,90.3372,27.8408,12.8996,1.89518,2.56012,34.0398,28.3762,0.0520833,0.975247,1,0
600,450,30000,1,50,10,61.967,0.985591,438.6,81.253,126.064,74.6954,28.7273,26.4088,126.064,42.1591,1,1,66.2186,57.7823,179.598,158.14,51.9777,26.4074,2.96556,5.50386,44.9222,31.8703,0.0553385,0.980209,1,1
600,450,-30000,1,50,10,-21.9661,0.985623,437.612,81.2516,126.062,74.694,28.7268,26.4083,126.062,42.1571,1,1,66.2968,57.6292,179.574,157.194,51.9661,26.4012,2.96544,5.50368,44.9214,31.8696,0.0553385,0.980258,1,1
600,450,40000,1,30,10,68.9193,0.977953,901.781,114.023,163.96,105.43,40.3131,37.275,163.96,82.0043,1,1,82.8044,66.5142,372.972,321.137,98.1361,55.9471,7.83138,10.2131,72.5623,52.52,0.0553385,0.974011,1,1
600,450,-40000,1,30,10,-48.9187,0.977963,901.334,114.022,163.959,105.429,40.3128,37.2747,163.959,82.0028,1,1,82.8442,66.4412,372.956,320.723,98.1254,55.9413,7.83119,10.213,72.5616,52.5192,0.0553385,0.974023,1,1
600,450,50000,0,0,0,nan,nan,nan,nan,nan,nan,nan,nan,nan,nan,0,0,nan,nan,nan,nan,nan,nan,nan,nan,nan,nan,0.0585938,nan,0,0
600,450,-50000,0,0,0,nan,nan,nan,nan,nan,nan,nan,nan,nan,nan,0,0,nan,nan,nan,nan,nan,nan,nan,nan,nan,nan,0.0585938,nan,0,0
600,450,60000,0,0,0,nan,nan,nan,nan,nan,nan,nan,nan,nan,nan,0,0,nan,nan,nan,nan,nan,nan,nan,nan,nan,nan,0.0585938,nan,0,0
600,450,-60000,0,0,0,nan,nan,nan,nan,nan,nan,nan,nan,nan,nan,0,0,nan,nan,nan,nan,nan,nan,nan,nan,nan,nan,0.0585938,nan,0,0
600,500,2500,1,90,60,19.304,0.977288,58.0993,14.4912,35.6738,12.3455,5.12341,4.36478,35.6738,6.6269,1,0,52.5171,50.9062,5.14459,41.6537,6.37648,3.36215,0.243414,0.0846742,11.8941,10.5919,0.0434028,0.915692,1,0
600,500,-2500,1,90,90,-4.58105,0.910187,246.687,23.3798,36.2164,18.7826,8.266,6.64064,36.2164,0,1,0,53.5625,64.0384,13.0403,223.403,5.76851,2.15481,0.240816,0.187306,12.2264,9.98155,0.0325521,0.866322,1,0
600,500,5000,1,90,75,16.0626,0.989018,55.519,20.198,44.0151,16.7321,7.14108,5.91569,44.0151,0,1,0,52.8126,50.425,9.76559,34.9881,5.97857,2.67729,0.335927,0.208054,13.9377,12.4896,0.0379774,0.964244,1,0
600,500,-5000,1,90,75,-1.19472,0.959908,208.83,20.3391,44.2738,16.8813,7.19097,5.96844,44.2738,0,1,0,53.1919,61.5429,10.0908,187.864,6.03114,2.71262,0.339925,0.212402,14.0182,12.5667,0.0379774,0.929248,1,0
600,500,7500,1,90,60,27.8271,0.990156,74.5657,24.0135,52.3679,21.7681,8.49005,7.69619,52.3679,6.6269,1,0,53.0637,51.2161,14.9339,44.1446,8.44147,4.14724,0.491933,0.36552,16.7783,15.2305,0.0434028,0.978986,1,0
600,500,-7500,1,90,75,-5.58417,0.977445,173.066,25.5369,52.8714,22.2268,9.02867,7.85834,52.8714,5.70256,1,0,53.7336,57.9074,16.4907,140.918,8.34076,4.22364,0.51322,0.39069,17.1354,15.5592,0.0379774,0.951974,1,0
600,500,10000,1,75,50,27.1774,0.990796,92.8944,30.0374,60.5326,26.5905,10.6198,9.40115,60.5326,3.48279,0,1,54.3485,50.9132,22.9288,50.2258,10.8517,4.9142,0.6739,0.61272,19.9596,17.3948,0.0470197,0.982991,1,1
600,500,-10000,1,90,60,-2.12192,0.990837,92.475,29.9926,60.7801,27.5126,10.604,9.72716,60.7801,11.6143,1,0,53.6164,51.5986,23.5888,48.7375,10.7539,5.27903,0.711976,0.611898,20.1355,18.3876,0.0434028,0.963584,1,0
600,500,15000,1,40,10,31.4892,0.991436,129.576,40.9491,74.6762,35.9898,14.4777,12.7243,74.6762,0,1,1,55.7551,51.2897,42.4942,55.9773,17.752,6.91795,1.0029,1.27215,25.4319,19.6476,0.0614873,0.985813,1,1
600,500,-15000,1,75,40,-4.5822,0.990796,139.336,41.0638,75.0364,37.6687,14.5183,13.3179,75.0364,18.5015,1,0,55.2924,52.4149,44.4257,63.1248,17.1004,7.95713,1.10483,1.27548,25.5878,22.2297,0.0506366,0.975013,1,0
600,500,20000,1,40,10,37.163,0.991016,181.3,50.3,85.7894,45.2031,17.7837,15.9817,85.7894,11.5341,1,1,57.4011,52.4814,65.7237,73.011,23.7996,9.89373,1.20844,2.12691,28.4839,20.6639,0.0614873,0.98612,1,1
600,500,-20000,1,50,10,-3.72538,0.990894,183.793,50.292,85.8225,45.6394,17.7809,16.136,85.8225,15.2063,1,0,57.0195,53.0571,66.2882,74.9386,23.7993,9.9005,1.23959,2.12684,28.4655,21.5451,0.0614873,0.98081,1,0
600,500,30000,1,40,20,45.4337,0.988141,360.047,73.4494,111.783,67.4152,25.9683,23.8349,111.783,45.1117,1,1,63.3808,56.2766,145.394,131.135,44.0558,21.1363,2.35061,4.70521,39.7422,28.7936,0.0578704,0.983948,1,1
600,500,-30000,1,40,10,-19.7508,0.988139,360.116,72.4687,110.445,66.5533,25.6216,23.5301,110.445,41.1208,1,1,63.1601,56.4997,141.602,134.617,44.3255,21.778,2.16581,4.66229,38.4592,27.1193,0.0614873,0.983986,1,1
600,500,40000,1,40,10,66.3327,0.98292,695.053,101.449,142.924,94.0641,35.8677,33.2567,142.924,80.0952,1,1,73.4574,64.4408,289.099,243.85,80.4014,43.2927,5.17059,8.60454,57.1328,45.5432,0.0614873,0.979408,1,1
600,500,-40000,1,40,10,-36.3325,0.982925,694.852,101.449,142.923,94.0638,35.8676,33.2566,142.923,80.0947,1,1,73.5196,64.3625,289.094,243.661,80.3967,43.2908,5.17054,8.6045,57.1326,45.5429,0.0614873,0.979421,1,1
600,500,50000,0,10,10,73.4348,0.969938,1549.7,143.187,195.296,133.131,50.6242,47.0688,195.296,132.045,1,1,104.402,81.0295,633.696,566.97,152.832,93.0491,17.5382,14.8848,106.911,81.2915,0.0614873,0.967332,1,1
600,500,-50000,0,10,10,-73.4342,0.969942,1549.45,143.186,195.295,133.13,50.6239,47.0685,195.295,132.043,1,1,104.436,80.9765,633.68,566.74,152.835,93.0509,17.5379,14.8846,106.91,81.2905,0.0614873,0.967337,1,1
600,500,60000,0,0,0,nan,nan,nan,nan,nan,nan,nan,nan,nan,nan,0,0,nan,nan,nan,nan,nan,nan,nan,nan,nan,nan,0.0651042,nan,0,0
600,500,-60000,0,0,0,nan,nan,nan,nan,nan,nan,nan,nan,nan,nan,0,0,nan,nan,nan,nan,nan,nan,nan,nan,nan,nan,0.0651042,nan,0,0
600,550,2500,1,75,50,15.8497,0.979639,51.9593,12.3128,28.7182,10.7715,4.35323,3.80829,28.7182,10.5413,1,1,52.0014,51.0136,3.79547,37.2938,6.94417,2.79872,0.161492,0.0648899,10.1267,8.00407,0.0517216,0.969729,1,1
600,550,-2500,1,90,90,-4.13846,0.916782,226.93,16.5231,27.346,12.4194,5.84181,4.39094,27.346,0,1,0,52.5834,63.8651,6.17221,214.109,4.18533,1.32244,0.124788,0.10268,8.93482,6.98589,0.0358073,0.888698,1,0
600,550,5000,1,60,50,10.832,0.990627,47.3102,18.2573,37.138,14.1344,6.45493,4.99726,37.138,0,1,0,52.434,50.2398,7.56153,29.4024,6.79506,1.92524,0.263886,0.176765,13.0169,10.1222,0.0517216,0.982547,1,1
600,550,-5000,1,90,75,-0.327781,0.976857,118.455,15.4515,35.2949,13.5341,5.46294,4.78502,35.2949,3.18247,1,0,52.0679,56.0905,6.03279,103.705,5.34324,2.09689,0.215301,0.149482,11.3018,9.80454,0.0417752,0.94212,1,0
600,550,7500,1,60,50,13.7981,0.991906,61.1975,22.1945,43.5287,18.423,7.84694,6.51353,43.5287,1.84024,1,0,52.9181,50.5368,11.8155,36.0129,8.29749,2.86632,0.34507,0.320278,14.7499,11.7797,0.0517216,0.986716,1,1
600,550,-7500,1,90,75,-4.27799,0.987574,94.3654,21.2574,43.8059,19.2359,7.51563,6.8009,43.8059,12.4671,1,0,52.6162,53.3682,11.715,69.6727,7.38782,3.39868,0.380898,0.308823,14.8118,13.3386,0.0417752,0.961271,1,0
600,550,10000,1,20,0,18.7361,0.992344,77.1482,27.4019,51.5859,22.5883,9.68805,7.98616,51.5859,0,1,0,53.6127,50.5068,17.9358,39.319,13.2025,3.56573,0.518301,0.53179,18.7896,13.3077,0.0716146,0.988577,1,1
600,550,-10000,1,75,50,-0.815904,0.992249,78.1166,26.2079,50.191,24.1924,9.2659,8.55331,50.191,12.459,1,1,52.9136,51.4774,18.0861,42.6411,10.2403,4.11838,0.491357,0.512616,17.0303,14.8709,0.0517216,0.970961,1,0
600,550,15000,1,30,10,24.0273,0.99298,106.046,34.9345,60.9384,30.714,12.3512,10.8591,60.9384,8.3344,0,1,54.4189,51.3231,30.8547,49.277,16.0898,5.40816,0.575453,1.05538,19.8586,13.9205,0.067636,0.989421,1,1
600,550,-15000,1,50,20,-1.1304,0.992667,110.801,35.2856,61.3743,32.0456,12.4754,11.3298,61.3743,14.7268,1,1,54.011,52.0517,32.4046,51.9644,15.8949,5.82472,0.653332,1.06299,20.3269,16.1619,0.0636574,0.983543,1,0
600,550,20000,1,30,10,28.8993,0.992516,150.799,44.1861,71.4355,39.8131,15.6222,14.0761,71.4355,19.7858,0,1,55.8191,52.3661,50.6652,63.8691,21.5629,8.12162,0.750827,1.81163,22.7976,15.7054,0.067636,0.988963,1,1
600,550,-20000,1,40,10,-5.05879,0.992421,152.732,44.5189,71.8859,40.5543,15.7398,14.3381,71.8859,22.511,1,1,55.4041,52.9032,51.9407,64.1654,21.6632,8.14454,0.821636,1.82061,23.2942,17.3515,0.067636,0.989055,1,0
600,550,30000,1,30,20,35.1955,0.989952,304.499,66.1432,95.7737,60.8012,23.3852,21.4965,95.7737,47.7857,1,1,60.8212,55.7911,117.392,115.748,38.8226,17.8298,1.68227,4.07797,33.4713,24.6028,0.0636574,0.986762,1,1
600,550,-30000,1,40,10,-16.0375,0.989949,304.583,65.9485,95.5402,60.992,23.3163,21.5639,95.5402,48.3157,1,1,60.0508,56.5694,117.325,115.649,39.3469,17.7696,1.66334,4.07027,32.7852,25.2519,0.067636,0.986787,1,1
600,550,40000,1,30,20,48.465,0.985891,572.42,91.6147,124.364,84.9684,32.3907,30.0409,124.364,78.9749,1,1,69.1548,62.0818,233.06,205.777,68.2318,35.178,3.78832,7.45483,49.1407,38.6257,0.0636574,0.982906,1,1
600,550,-40000,1,30,20,-38.4646,0.985904,571.885,91.614,124.363,84.9677,32.3904,30.0406,124.363,78.9739,1,1,69.2258,61.9684,233.044,205.252,68.234,35.1809,3.78823,7.45472,49.1402,38.6252,0.0636574,0.982916,1,1
600,550,50000,1,20,10,64.3909,0.978581,1094.41,123.156,160.725,114.651,43.5421,40.5351,160.725,114.958,1,1,85.8009,74.2721,445.915,397.525,117.82,67.0782,9.65449,12.3218,76.8162,64.0649,0.067636,0.975843,1,1
600,550,-50000,1,20,10,-54.3907,0.978584,1094.26,123.155,160.724,114.65,43.542,40.535,160.724,114.958,1,1,85.8486,74.213,445.918,397.386,117.808,67.0716,9.65442,12.3218,76.8159,64.0647,0.067636,0.975847,1,1
600,550,60000,0,0,0,nan,nan,nan,nan,nan,nan,nan,nan,nan,nan,0,0,nan,nan,nan,nan,nan,nan,nan,nan,nan,nan,0.0716146,nan,0,0
600,550,-60000,0,0,0,nan,nan,nan,nan,nan,nan,nan,nan,nan,nan,0,0,nan,nan,nan,nan,nan,nan,nan,nan,nan,nan,0.0716146,nan,0,0
600,600,2500,1,75,75,3.10128,0.989247,27.1742,10.5064,18.5073,6.85927,3.71456,2.42512,18.5073,1.90783,0,1,51.3521,50.2541,2.22819,19.7758,4.06552,0.637899,0.0554036,0.0506654,6.21971,4.21936,0.0455729,0.983668,1,1
600,600,-2500,1,75,90,-11.1165,0.961483,100.15,20.8546,28.8462,16.1675,7.37323,5.71606,28.8462,3.88756,1,0,52.9261,53.6784,9.93407,79.6902,6.52833,2.42499,0.0912107,0.148539,8.3752,4.64864,0.0390625,0.910662,1,0
600,600,5000,1,60,60,5.464,0.992011,40.2646,14.4723,25.6632,11.1615,5.11672,3.9462,25.6632,6.69244,1,1,51.8053,50.4991,4.73268,26.8987,6.2576,1.47318,0.117588,0.132839,8.83099,6.53416,0.0520833,0.989905,1,1
600,600,-5000,1,60,50,-0.354219,0.986821,66.7757,12.4636,25.4052,10.8249,4.40656,3.82719,25.4052,5.9219,1,0,51.4705,52.8318,3.87169,54.1772,6.61156,1.38039,0.108446,0.116978,8.46963,6.2929,0.0564236,0.954763,1,0
600,600,7500,1,30,30,6.54725,0.992985,52.9872,18.0637,31.4145,14.5692,6.38649,5.151,31.4145,7.70099,1,0,52.2882,50.6309,7.63951,32.5443,9.41844,1.99058,0.158397,0.255246,10.691,6.81821,0.0651042,0.990796,1,1
600,600,-7500,1,75,60,-1.66373,0.99267,55.3789,18.3296,32.7566,17.637,6.48048,6.23562,32.7566,15.3884,1,1,51.7591,51.4191,9.17692,34.3818,7.76406,2.49375,0.236639,0.258198,11.7196,10.4538,0.0520833,0.979858,1,0
600,600,10000,1,10,10,7.70738,0.99348,65.6285,21.3351,36.278,17.8903,7.54309,6.32519,36.278,9.40273,1,0,52.7071,50.8468,11.0092,38.0069,12.1865,2.53007,0.176307,0.41616,11.7679,6.19007,0.0737847,0.991305,1,1
600,600,-10000,1,60,40,-0.676577,0.992851,72.0083,22.9155,37.915,21.8341,8.10184,7.7195,37.915,17.9192,0,1,52.1811,51.8773,14.2321,41.5454,10.6999,3.25147,0.301625,0.437318,13.2852,11.7299,0.0607639,0.988867,1,0
600,600,15000,1,10,10,11.7104,0.99358,96.9241,29.7447,45.6868,26.3942,10.5163,9.33176,45.6868,18.8115,1,1,53.7287,51.5186,22.5244,50.1965,16.1174,4.81411,0.249447,0.89447,13.7537,7.89182,0.0737847,0.991221,1,1
600,600,-15000,1,30,10,-2.83102,0.99367,95.5552,30.136,46.184,27.5557,10.6547,9.74241,46.184,21.4455,1,1,52.9746,52.233,23.7405,48.2795,15.8534,4.40923,0.306529,0.901444,14.1075,10.7885,0.0737847,0.991312,1,1
600,600,20000,1,20,20,16.9017,0.993223,136.465,39.9439,56.8203,36.3566,14.1223,12.854,56.8203,31.5259,1,0,54.8137,52.6497,41.716,62.2313,20.1606,6.9652,0.49545,1.59736,18.1982,13.297,0.0694444,0.990713,1,1
600,600,-20000,1,30,10,-7.25096,0.993289,135.133,39.6478,56.5728,36.6228,14.0176,12.9481,56.5728,31.8342,1,1,54.1256,53.2282,41.6386,60.6079,20.7938,6.78044,0.48999,1.59022,17.5918,14.0138,0.0737847,0.990753,1,1
600,600,30000,1,30,30,28.3136,0.991147,267.959,62.3457,82.5747,57.7398,22.0425,20.4141,82.5747,58.8612,1,0,58.7296,55.891,104.604,100.4,35.4972,14.622,1.51577,3.6885,30.3613,25.4929,0.0651042,0.988574,1,1
600,600,-30000,1,40,20,-18.7254,0.991133,268.382,62.1848,82.4743,58.0737,21.9857,20.5322,82.4743,59.3166,1,1,58.0835,56.5489,104.855,100.101,36.1183,14.4463,1.52683,3.68253,30.0252,26.2077,0.0694444,0.988586,1,1
600,600,40000,1,30,20,43.6368,0.987879,490.8,84.4035,106.839,78.7035,29.8412,27.8259,106.839,82.6127,1,1,64.9844,61.8213,197.162,178.725,61.0319,29.3762,2.87323,6.63642,41.2513,35.8658,0.0694444,0.985259,1,1
600,600,-40000,1,30,20,-33.6368,0.987879,490.777,84.4035,106.839,78.7035,29.8411,27.8259,106.839,82.6126,1,1,65.0906,61.7112,197.166,178.707,61.0264,29.373,2.87323,6.63641,41.2513,35.8658,0.0694444,0.985263,1,1
600,600,50000,1,20,20,51.7706,0.982553,887.844,112.119,138.777,104.612,39.64,36.9858,138.777,113.483,1,1,77.6771,71.0267,362.036,321.347,100.557,53.9806,6.70001,10.8396,63.2879,54.3614,0.0694444,0.979956,1,1
600,600,-50000,1,20,20,-51.7704,0.982557,887.627,112.118,138.777,104.611,39.6399,36.9856,138.777,113.482,1,1,77.7359,70.9516,362.038,321.148,100.544,53.9735,6.69994,10.8395,63.2876,54.3611,0.0694444,0.979958,1,1
600,600,60000,0,10,10,73.3546,0.970509,1823.22,153.318,190.577,143.279,54.2062,50.6568,190.577,163.702,1,1,106.946,94.4787,751.176,671.532,178.017,105.89,19.5557,17.3539,106.89,94.5606,0.0737847,0.968027,1,1
600,600,-60000,0,10,10,-73.3544,0.97051,1823.18,153.318,190.577,143.279,54.2061,50.6567,190.577,163.701,1,1,106.99,94.4297,751.187,671.466,178.025,105.894,19.5557,17.3538,106.89,94.5604,0.0737847,0.968028,1,1
600,650,2500,1,60,50,7.47566,0.983086,43.0128,8.18691,11.6631,10.9351,2.89451,3.86614,7.37215,17.2656,0,1,50.873,51.6632,2.64447,31.6023,7.19155,1.02166,0.0282127,0.0364625,3.014,4.66068,0.0611256,0.967265,0,1
600,650,-2500,1,50,60,-7.47079,0.986938,33.0879,9.18028,13.8889,6.48509,3.24572,2.29283,13.8889,10.8967,1,0,51.305,50.5391,1.78821,23.335,6.45457,1.07988,0.0250227,0.0415738,3.61969,3.64012,0.0564236,0.983032,1,0
600,650,5000,1,50,40,9.55148,0.991247,44.1508,11.4032,12.7468,13.0636,4.03162,4.6187,12.7468,17.6897,0,1,50.7272,51.7479,4.26017,29.2376,8.62085,1.21824,0.0640785,0.103887,5.2219,6.43619,0.0658275,0.987738,0,1
600,650,-5000,1,40,50,-9.54945,0.992126,39.6801,12.0532,13.9779,10.1082,4.26145,3.57379,13.9779,16.2066,1,1,51.378,50.8179,3.50388,26.4481,7.80517,1.26566,0.0591498,0.108403,5.64488,5.50067,0.0611256,0.990381,1,0
600,650,7500,1,10,20,0.541361,0.993625,48.1166,13.9374,15.6235,13.1122,4.92761,4.63586,15.6235,19.8103,1,1,51.4496,51.0846,5.18749,29.4107,11.1866,1.45282,0.0528817,0.203898,5.0658,5.51543,0.0752315,0.991547,0,1
600,650,-7500,1,10,10,-5.29882,0.992978,53.0385,13.1218,15.0059,13.0177,4.63927,4.60244,15.0059,19.6644,1,0,51.0696,51.8309,4.84287,34.4762,11.854,1.15119,0.037271,0.197373,3.50866,5.32229,0.0799334,0.991548,1,1
600,650,10000,1,10,20,2.40346,0.994121,59.134,18.275,20.3649,17.1588,6.4612,6.06657,20.3649,24.1871,1,1,51.7856,51.3839,8.91268,34.5207,12.3503,2.02611,0.0815257,0.358949,6.47683,6.63714,0.0752315,0.991974,1,1
600,650,-10000,1,10,10,-7.101,0.993632,64.0926,17.5342,19.5948,16.9719,6.19927,6.00047,19.5948,23.9003,1,0,51.3864,52.1259,8.45045,39.3763,13.2345,1.8969,0.0565277,0.351118,4.73075,6.20809,0.0799334,0.991922,1,1
600,650,15000,1,10,20,6.19744,0.994248,86.7775,27.2182,30.0255,25.5168,9.62308,9.02157,30.0255,33.1045,1,1,52.596,52.1037,19.7976,45.0513,15.6942,3.6599,0.168121,0.804375,9.50453,9.28855,0.0752315,0.99194,1,1
600,650,-15000,1,20,10,-6.19958,0.99388,92.3634,27.1085,29.942,26.0608,9.58429,9.21388,29.942,33.5337,0,1,52.1119,52.9237,20.1219,49.0547,16.7667,3.62925,0.182049,0.802803,9.09618,10.5549,0.0799334,0.991921,1,1
600,650,20000,1,20,30,11.1766,0.993542,129.999,37.8646,42.6148,35.3343,13.3872,12.4926,42.6148,44.3835,1,1,53.8637,53.2425,38.3186,60.3076,20.1652,6.39571,0.454864,1.46575,15.8536,15.0057,0.0705295,0.991447,1,1
600,650,-20000,1,20,10,-10.0925,0.993677,127.26,36.3225,39.8544,34.5189,12.842,12.2043,39.8544,42.6837,1,0,53.0811,53.8048,35.8508,59.3986,21.5128,5.9396,0.317892,1.43129,12.4139,13.5299,0.0799334,0.991438,1,1
600,650,30000,1,20,30,19.9894,0.992107,238.677,57.688,65.0549,53.9362,20.3958,19.0693,65.0549,65.0974,1,1,56.9601,56.04,90.0628,91.735,33.6355,12.5468,1.10197,3.33193,24.6935,23.3338,0.0705295,0.989555,1,1
600,650,-30000,1,20,20,-24.0374,0.991934,243.956,56.439,62.6308,53.0151,19.9542,18.7437,62.6308,63.2839,1,0,56.7184,56.6314,86.6278,99.5003,34.4932,13.1395,0.908236,3.28958,22.0784,21.6048,0.0752315,0.989552,1,1
600,650,40000,1,20,30,29.8981,0.989081,441.564,79.4872,90.2853,74.3687,28.103,26.2933,90.2853,88.3871,1,1,62.8865,61.3044,174.568,164.197,56.2209,25.2974,2.3853,6.05681,36.5186,34.0911,0.0705295,0.986616,1,1
600,650,-40000,1,30,30,-36.044,0.989092,441.117,80.6256,93.1143,75.6056,28.5055,26.7306,93.1143,91.0805,1,1,62.4931,61.6702,179.961,158.68,56.451,24.5952,2.59617,6.11144,37.7237,36.0393,0.0705295,0.986615,1,1
600,650,50000,1,20,20,45.6841,0.984907,766.213,103.708,117.75,97.1964,36.6663,34.3641,117.75,114.163,1,1,71.7263,70.4107,307.063,282.979,90.1748,45.4154,4.99589,9.75644,52.2841,50.0517,0.0752315,0.982315,1,1
600,650,-50000,1,20,20,-45.6841,0.984906,766.257,103.708,117.75,97.1964,36.6663,34.3641,117.75,114.163,1,1,71.8054,70.3331,307.07,283.019,90.1727,45.4148,4.9959,9.75645,52.2841,50.0517,0.0752315,0.982314,1,1
600,650,60000,1,20,20,62.6137,0.977541,1378.49,137.295,160.858,128.621,48.541,45.4746,160.858,153.955,1,1,89.8462,86.6327,574.901,497.411,146.191,80.3189,11.904,15.1285,80.9862,76.9114,0.0752315,0.975077,1,1
600,650,-60000,1,20,20,-62.6137,0.977541,1378.5,137.295,160.858,128.622,48.541,45.4746,160.858,153.955,1,1,89.9058,86.5729,574.91,497.421,146.188,80.3181,11.904,15.1285,80.9862,76.9114,0.0752315,0.975076,1,1
600,700,2500,1,90,75,10.6399,0.937688,166.132,20.4086,28.5791,22.8721,7.21554,8.08651,0.597414,31.916,0,1,57.7653,53.429,13.51,138.889,9.18209,2.63973,0.103951,0.141029,5.40693,9.22421,0.0531684,0.896568,0,1
600,700,-2500,1,90,90,-3.11135,0.987901,30.6175,8.74323,15.9907,11.3789,3.0912,4.02306,0.519025,19.5597,1,1,50.2878,51.5711,2.91526,22.1334,4.41117,0.626688,0.0628722,0.0381764,5.24684,6.30249,0.0455729,0.977454,1,1
600,700,5000,1,90,90,6.4002,0.969778,155.82,13.5424,24.4236,14.9414,4.78798,5.28258,9.53759,27.2899,0,1,58.6663,52.1066,5.84078,140.951,6.14329,1.8533,0.158599,0.117144,9.00107,9.2951,0.0455729,0.94712,0,1
600,700,-5000,1,75,90,-13.605,0.991162,44.5824,14.0338,23.6667,12.453,4.96171,4.4028,11.2179,26.5961,0,1,51.2299,51.3563,4.9871,30.2149,6.39608,2.02766,0.143207,0.119855,8.62838,8.74491,0.0455729,0.987054,1,1
600,700,7500,1,60,75,0.343242,0.992833,54.1386,17.448,29.4592,16.4094,6.16879,5.80158,10.8237,32.7228,0,1,51.2923,51.7955,8.13448,33.7149,8.47021,2.43323,0.224294,0.227833,10.6995,11.0592,0.0531684,0.965032,0,1
600,700,-7500,1,10,20,-10.1464,0.993012,52.7804,15.1637,27.4408,17.4878,5.36119,6.18286,0,33.8681,1,0,50.3021,52.3666,7.59548,28.5669,13.635,1.66812,0.209142,0.20546,8.5132,12.4461,0.0810185,0.989953,1,1
600,700,10000,1,60,75,2.99879,0.993012,70.3722,22.4468,36.2683,21.0737,7.93615,7.45069,18.1057,38.9645,0,1,51.7532,52.2858,13.4635,40.9842,10.2668,3.49696,0.359456,0.393786,13.7782,13.7263,0.0531684,0.976835,0,1
600,700,-10000,1,10,20,-11.8705,0.993629,64.1222,18.9564,31.8617,20.4762,6.70211,7.23942,3.70478,37.9206,1,0,50.683,52.6586,11.0493,34.4463,14.6944,2.23581,0.227198,0.350281,8.92504,12.9297,0.0810185,0.990763,1,1
600,700,15000,1,10,30,0.976738,0.993952,91.278,27.7492,41.5002,27.361,9.81082,9.67356,14.9647,46.2112,1,1,51.9432,52.9583,21.6053,45.6282,16.9678,4.16827,0.317652,0.776402,11.5165,14.4356,0.0759549,0.990261,0,1
600,700,-15000,1,10,20,-15.3781,0.993943,91.4019,27.1208,40.8556,27.3693,9.58866,9.6765,13.3233,46.165,1,0,51.4249,53.455,21.1222,45.816,17.8075,3.8655,0.288657,0.766063,10.2505,14.4148,0.0810185,0.991092,1,1
600,700,20000,1,10,30,4.7071,0.993704,126.715,36.4699,51.0652,35.208,12.8941,12.4479,25.194,54.9792,1,1,52.9339,53.9209,36.6881,58.1565,21.1111,6.18817,0.453105,1.36885,14.0678,16.9367,0.0759549,0.99096,1,1
600,700,-20000,1,10,20,-18.9698,0.993745,125.883,35.7033,50.065,34.9539,12.623,12.3581,23.1722,54.607,1,0,52.3574,54.3999,35.6367,57.6367,22.1725,6.08875,0.389058,1.35221,12.1733,16.4993,0.0810185,0.99088,1,1
600,700,30000,1,10,30,12.5089,0.992224,235.118,54.836,71.0698,52.0553,19.3875,18.4043,46.5878,73.3167,0,1,55.8617,56.9681,82.5067,96.1123,33.9116,12.884,0.912946,3.08751,20.5866,23.4114,0.0759549,0.989393,1,1
600,700,-30000,1,20,30,-28.0531,0.992192,236.07,55.5905,72.4651,52.9075,19.6542,18.7056,48.9703,74.5957,1,0,55.3736,57.5437,85.0059,94.7867,33.9165,12.4157,1.04552,3.11257,22.1645,24.9124,0.0759549,0.98937,1,1
600,700,40000,1,20,30,26.8936,0.989817,411.515,75.8657,95.1332,71.6647,26.8226,25.3373,73.2125,95.3748,0,1,60.2334,62.3156,159.932,155.029,54.002,23.785,2.04789,5.62138,31.6926,34.1376,0.0759549,0.986968,1,1
600,700,-40000,1,20,30,-36.8936,0.989817,411.514,75.8657,95.1332,71.6647,26.8226,25.3373,73.2125,95.3748,1,1,60.3796,62.1647,159.935,155.014,54.0085,23.7902,2.04789,5.62137,31.6925,34.1375,0.0759549,0.986958,1,1
600,700,50000,1,20,30,37.3884,0.986312,693.877,99.1561,122.043,93.3248,35.057,32.9953,101.991,120.042,1,1,68.1704,69.9927,279.809,254.185,83.7603,41.6507,4.18308,9.05682,46.3138,47.6359,0.0759549,0.983476,1,1
600,700,-50000,1,20,30,-47.3885,0.98631,694.008,99.1563,122.043,93.325,35.057,32.9954,101.991,120.042,1,1,68.2745,69.8968,279.82,254.322,83.7493,41.6447,4.1831,9.05684,46.3139,47.636,0.0759549,0.983472,1,1
600,700,60000,1,20,20,54.3359,0.980881,1169.49,126.171,153.568,118.645,44.6081,41.9475,134.753,149.484,1,1,80.507,84.2983,475.859,430.854,128.912,70.1962,8.72454,13.6189,66.4495,69.2973,0.0810185,0.978131,1,1
600,700,-60000,1,20,20,-54.336,0.980878,1169.68,126.171,153.568,118.646,44.6082,41.9476,134.753,149.485,1,1,80.5836,84.235,475.882,431.037,128.901,70.1902,8.72461,13.619,66.4497,69.2975,0.0810185,0.978128,1,1
600,750,2500,1,90,75,10.4914,0.901456,273.291,27.8955,38.8622,30.189,9.86254,10.6734,0,41.7507,0,1,63.642,55.1137,24.6062,228.479,12.8833,3.82577,0.218408,0.249282,8.15487,13.1422,0.0569661,0.859969,0,1
600,750,-2500,1,50,75,-14.9634,0.974175,66.2752,12.5757,25.9478,12.9055,4.44618,4.56278,12.4199,29.9125,1,1,51.3097,52.475,4.61048,46.5453,10.1427,3.60052,0.205847,0.0620606,9.87298,11.0134,0.0569661,0.958593,1,1
600,750,5000,1,90,90,6.02849,0.948549,271.21,17.961,32.2846,20.0585,6.35019,7.09174,0.884974,34.8459,0,1,65.9301,53.1215,10.5532,248.636,7.92223,2.32469,0.230409,0.156855,10.6885,11.3861,0.0488281,0.926097,0,1
600,750,-5000,1,50,75,-17.3962,0.986269,69.6098,15.3892,32.1857,15.347,5.44092,5.42598,12.4199,35.6306,1,1,51.3879,52.5564,6.70867,46.7463,10.6279,3.89379,0.253643,0.128789,11.116,12.0555,0.0569661,0.977378,1,1
600,750,7500,1,75,90,1.08777,0.983338,127.083,18.2832,38.8468,18.2354,6.4641,6.4472,5.59975,40.8613,0,1,55.8049,52.5387,9.54682,104.187,8.53508,3.01887,0.328835,0.230589,13.1489,13.1637,0.0488281,0.950244,0,1
600,750,-7500,1,50,60,-11.4184,0.991239,66.2892,18.9586,38.8934,21.1309,6.70288,7.4709,0,42.6546,1,1,50.4804,53.2472,11.4474,38.6514,11.489,2.51315,0.373002,0.237089,13.2809,14.8353,0.0651042,0.98342,1,1
600,750,10000,1,75,90,4.00363,0.987963,121.833,23.5386,46.3234,22.9177,8.32217,8.10262,14.1667,47.7149,0,1,54.4555,53.1642,15.4328,88.6174,10.6698,4.42176,0.499692,0.396782,16.3961,16.0012,0.0488281,0.962652,0,1
600,750,-10000,1,50,60,-13.5971,0.992041,80.2306,22.8719,44.4799,24.2904,8.08643,8.58796,0.953165,47.7755,1,1,50.7855,53.6899,15.83,45.1304,13.0396,3.49896,0.454398,0.386546,14.7891,16.2336,0.0651042,0.986273,1,1
600,750,15000,1,50,75,2.16567,0.992341,115.773,32.8103,57.2357,31.1717,11.6002,11.0209,18.7827,58.5931,1,1,52.4261,54.0418,29.2193,59.6575,16.0735,6.36101,0.765089,0.83942,20.0678,20.0656,0.0569661,0.975044,0,1
600,750,-15000,1,10,30,-20.2471,0.992998,105.77,30.1635,54.3196,31.2548,10.6644,11.0503,0,58.5458,1,0,51.0222,54.581,26.8834,49.8643,20.1904,4.83704,0.645173,0.789072,16.7362,20.2599,0.0813802,0.988708,1,1
600,750,20000,1,20,50,0.769133,0.992703,147.004,39.2716,64.7392,38.0301,13.8846,13.4457,16.4157,66.9301,1,1,52.8817,55.1714,42.759,68.4463,22.3162,7.6784,0.838992,1.3805,20.0138,22.147,0.0705295,0.98278,0,1
600,750,-20000,1,10,30,-23.7087,0.992956,141.887,37.8116,63.1954,37.8502,13.3684,13.3821,8.49248,66.682,1,0,51.9777,55.6863,40.9302,64.6545,24.0308,6.84482,0.736188,1.3465,17.6099,21.9022,0.0813802,0.989119,1,1
600,750,30000,1,10,40,7.15116,0.992028,241.07,55.5384,82.9731,53.2657,19.6358,18.8323,33.2967,84.228,1,1,55.1005,58.0928,85.5111,97.8971,34.5251,12.9125,1.21079,2.99188,23.2353,27.4476,0.0759549,0.988326,1,1
600,750,-30000,1,20,40,-32.534,0.991635,253.057,56.1368,83.9546,53.965,19.8474,19.0795,36.291,85.1278,1,0,54.853,59.1003,87.6721,105.92,35.3336,13.5758,1.32209,3.01275,24.4959,28.4613,0.0759549,0.988262,1,1
600,750,40000,1,10,40,15.2511,0.989976,405.021,74.3313,103.742,70.5471,26.2801,24.9422,57.0946,103.266,1,1,59.4012,62.8701,154.121,156.448,52.8815,23.5574,2.03433,5.33903,30.5224,35.1643,0.0759549,0.986424,1,1
600,750,-40000,1,20,30,-34.4203,0.989964,405.526,74.1649,103.481,70.8364,26.2212,25.0445,56.5232,103.611,1,1,58.3449,63.8974,154.33,155.503,54.1503,23.3389,2.05056,5.33167,29.9486,36.0087,0.0813802,0.986403,1,1
600,750,50000,1,20,40,30.3916,0.987045,656.265,96.7248,129.743,91.3866,34.1974,32.31,88.7574,127.101,1,1,65.7563,70.4083,266.229,239.374,80.1224,39.3065,3.91718,8.57625,43.5426,47.5316,0.0759549,0.983686,1,1
600,750,-50000,1,20,40,-50.3918,0.987038,656.588,96.7252,129.744,91.3869,34.1975,32.3102,88.7579,127.101,1,1,65.9068,70.279,266.248,239.69,80.1145,39.3025,3.91721,8.57631,43.5428,47.5318,0.0759549,0.983676,1,1
600,750,60000,1,20,30,45.0658,0.982771,1051.88,120.459,156.419,113.652,42.5887,40.182,117.18,152.137,1,1,75.6045,82.6411,429.267,385.152,119.349,64.5277,7.07767,12.6975,58.7006,63.7035,0.0813802,0.979575,1,1
600,750,-60000,1,20,30,-55.066,0.982764,1052.28,120.46,156.419,113.652,42.5889,40.1822,117.181,152.137,1,1,75.7061,82.5671,429.304,385.52,119.35,64.5284,7.07776,12.6976,58.7011,63.7039,0.0813802,0.979569,1,1
600,800,2500,1,90,90,2.88675,0.879966,341.019,21.7125,33.0429,24.3684,7.67652,8.61552,0,35.8912,0,1,70.2021,54.0437,15.6328,312.007,8.95337,1.79461,0.2653,0.156906,11.2327,12.4771,0.0520833,0.819515,0,1
600,800,-2500,1,60,90,-17.7008,0.969556,78.4997,14.8684,32.5663,14.7891,5.25676,5.22875,12.8205,35.4543,1,1,51.4174,53.2534,6.25239,54.6257,10.8714,4.87079,0.284414,0.0803131,12.1807,12.2992,0.0520833,0.911274,0,1
600,800,5000,1,90,90,5.67475,0.93737,334.07,23.7692,40.1917,25.9966,8.40368,9.19119,0,42.4442,0,1,69.0074,54.5075,18.203,299.195,10.5671,3.10424,0.349132,0.227431,13.158,14.0149,0.0520833,0.901992,0,1
600,800,-5000,1,60,90,-20.3621,0.98374,82.6431,17.5295,39.3901,17.1552,6.1976,6.06529,12.8205,41.7094,1,1,51.5039,53.345,8.55544,55.2586,11.4058,5.2458,0.344745,0.147339,13.4869,13.4501,0.0520833,0.95922,0,1
600,800,7500,1,75,90,0.626446,0.964457,276.393,20.396,46.4781,21.5678,7.21109,7.62538,0,48.2067,0,1,65.4585,53.6492,12.8465,247.351,10.1569,3.52855,0.446254,0.25141,15.3901,15.2481,0.0520833,0.933032,0,1
600,800,-7500,1,75,90,-15.5167,0.990567,71.4176,20.2209,46.1968,21.4228,7.14917,7.57409,0,47.9489,1,0,50.5248,53.5565,12.3322,42.9681,10.1261,3.50777,0.441207,0.245901,15.2987,15.1666,0.0520833,0.973505,0,1
600,800,10000,1,75,90,3.32826,0.976079,245.068,24.9242,53.4058,25.3985,8.81203,8.97971,4.02019,54.5572,0,1,62.2396,54.2325,18.3922,206.378,12.1206,4.89366,0.5957,0.40873,17.8894,17.4863,0.0520833,0.949167,0,1
600,800,-10000,1,75,90,-18.2429,0.991034,90.4753,24.7762,53.187,25.2712,8.75971,8.93472,3.75275,54.3566,1,0,50.9864,54.1722,17.8303,52.4359,12.0837,4.87015,0.590249,0.40314,17.8043,17.4098,0.0520833,0.978792,1,1
600,800,15000,1,60,90,1.03162,0.991163,133.735,34.9911,66.7477,33.1407,12.3712,11.717,16.0535,66.7873,1,1,52.4935,55.0442,33.197,70.3409,17.0449,7.76306,0.986838,0.859959,23.2108,22.2781,0.0520833,0.965629,0,1
600,800,-15000,1,40,60,-22.0344,0.991516,128.351,33.2943,65.0454,33.9595,11.7713,12.0065,0,67.0941,1,1,51.2659,55.8453,32.314,64.9166,19.4774,6.42879,0.923372,0.825024,21.503,22.6745,0.0694444,0.983571,1,1
600,800,20000,1,40,75,0.81733,0.991266,176.217,42.8949,76.882,40.9481,15.1656,14.4773,17.5187,77.0107,1,1,53.2813,56.5647,50.4728,85.2818,23.1995,9.86994,1.27635,1.42772,25.8678,25.9786,0.0607639,0.9737,0,1
600,800,-20000,1,30,50,-24.8832,0.991361,174.28,41.315,75.1991,41.4168,14.6071,14.643,3.90745,77.024,0,1,52.1761,57.4803,49.1152,83.6377,25.5218,8.81732,1.17698,1.38772,23.8134,26.1137,0.0752315,0.985525,1,1
600,800,30000,1,0,40,0.606247,0.99125,264.817,56.2146,92.7226,54.8116,19.8749,19.3788,13.2959,93.7097,0,1,54.8629,59.7524,89.2435,113.274,37.3743,13.7042,1.47149,2.91845,25.2574,30.6146,0.0810185,0.983219,0,1
600,800,-30000,1,10,40,-35.7205,0.991244,265.002,56.434,93.0157,55.0612,19.9524,19.4671,16.5031,93.9783,1,0,54.1287,60.511,89.9967,112.647,37.4753,13.8159,1.51175,2.92587,25.6892,30.9433,0.0810185,0.986245,1,1
600,800,40000,1,10,50,9.98943,0.98986,409.772,74.9915,113.933,71.4636,26.5135,25.2662,45.5509,112.53,1,1,58.482,64.2,157.566,158.396,52.877,22.5833,2.37946,5.19505,32.8545,38.1908,0.0752315,0.985142,1,1
600,800,-40000,1,10,40,-43.145,0.989746,414.411,73.626,112.053,70.6542,26.0307,24.98,39.7705,111.429,1,0,57.9109,65.0748,152.974,166.51,53.9806,23.3443,2.11916,5.13458,29.888,37.1497,0.0810185,0.985093,1,1
600,800,50000,1,10,40,21.5392,0.987403,637.91,93.1506,133.576,88.5818,32.9337,31.3184,66.0772,131.159,1,1,63.7037,71.5228,247.976,243.144,78.5802,39.3067,3.41382,8.09799,38.7023,46.4016,0.0810185,0.983068,1,1
600,800,-50000,1,10,40,-51.5394,0.987395,638.317,93.151,133.577,88.5821,32.9339,31.3185,66.0777,131.159,1,1,63.8546,71.3983,247.995,243.53,78.5798,39.3072,3.41386,8.09806,38.7025,46.4018,0.0810185,0.983048,1,1
600,800,60000,1,10,40,31.5921,0.983867,983.824,115.986,159.353,109.697,41.0072,38.7839,97.582,154.787,1,1,73.0515,81.4207,396.095,364.876,112.966,61.8822,6.1024,11.977,53.9509,59.7561,0.0810185,0.979908,1,1
600,800,-60000,1,10,40,-61.5921,0.983866,983.916,115.986,159.353,109.698,41.0073,38.784,97.5821,154.788,1,1,73.1508,81.3265,396.093,364.98,112.96,61.8787,6.10242,11.977,53.951,59.7562,0.0810185,0.979899,1,1
600,850,2500,1,90,90,2.74881,0.859735,407.872,28.6943,41.5034,31.1012,10.145,10.9959,0,43.9967,0,1,73.2287,55.6738,26.5037,361.613,12.4974,2.83598,0.436604,0.262224,14.6242,15.7727,0.0553385,0.774446,0,1
600,850,-2500,1,50,90,-22.5572,0.958262,108.889,19.2455,41.012,19.2067,6.80433,6.79058,16.8269,43.5463,1,1,51.9078,54.6543,10.4433,73.2307,14.6923,7.41482,0.494075,0.124696,16.5413,15.6158,0.0553385,0.774721,0,1
600,850,5000,1,90,90,5.36651,0.925602,401.891,30.1983,48.2154,32.3254,10.6767,11.4288,0,50.1494,0,1,72.0283,56.1372,28.9472,349.998,14.0379,4.18431,0.516034,0.32987,16.0749,16.9507,0.0553385,0.87393,0,1
600,850,-5000,1,50,90,-25.0623,0.97777,113.675,21.2573,47.4353,20.9841,7.5156,7.41899,16.8269,49.4343,1,1,51.9922,54.7353,12.7289,74.6622,15.1117,7.79639,0.54645,0.188775,17.3836,16.4383,0.0553385,0.914838,0,1
600,850,7500,1,75,90,0.178534,0.956596,340.297,24.4973,54.1437,26.2967,8.6611,9.29728,0,55.5837,0,1,68.5079,55.0556,18.9664,300.542,12.6625,4.36722,0.625565,0.302459,18.4426,17.7839,0.0553385,0.912682,0,1
600,850,-7500,1,75,90,-15.0627,0.985644,109.238,24.343,53.8468,26.1708,8.60656,9.25278,0,55.3115,0,1,51.7117,54.9457,18.2365,70.3468,12.5997,4.31995,0.620698,0.296539,18.3705,17.7149,0.0553385,0.943971,0,1
600,850,10000,1,75,90,2.72151,0.967216,338.956,28.1801,60.6641,29.3529,9.96317,10.3778,0,61.5608,0,1,67.461,55.624,24.3163,289.996,14.4967,5.72813,0.756497,0.453442,20.2963,19.5377,0.0553385,0.933246,0,1
600,850,-10000,1,75,90,-17.6109,0.987713,124.4,28.0098,60.3804,29.2097,9.90297,10.3272,0,61.3007,0,1,51.8868,55.5146,23.4113,76.5699,14.3858,5.64856,0.749852,0.446056,20.206,19.4529,0.0553385,0.959914,0,1
600,850,15000,1,60,90,0.126576,0.98551,220.547,35.2019,73.2412,34.296,12.4458,12.1255,4.42788,73.0898,0,1,57.5095,56.2248,34.922,152.946,18.4804,8.37821,1.09698,0.846875,24.4867,23.4701,0.0553385,0.954519,0,1
600,850,-15000,1,50,75,-25.4356,0.990194,148.541,35.4829,73.3657,35.8999,12.5451,12.6925,0,74.1959,1,1,51.4433,56.9099,36.482,77.6811,20.3671,7.81944,1.1477,0.85057,24.6864,24.4469,0.0645616,0.975948,0,1
600,850,20000,1,50,90,0.123903,0.989879,204.483,45.5113,86.0549,43.1282,16.0907,15.2481,17.2395,84.8356,1,1,53.6032,57.9676,56.5913,102.664,24.6646,11.8495,1.58737,1.46229,29.4976,28.1805,0.0553385,0.965186,0,1
600,850,-20000,1,30,60,-30.0899,0.990267,196.564,43.7475,84.6323,43.8381,15.4671,15.4991,0,85.5155,1,1,52.1251,58.8323,55.1768,95.2359,27.5686,10.1345,1.53322,1.41473,27.9725,28.9166,0.0737847,0.980206,1,1
600,850,30000,1,20,60,2.67187,0.989636,314.187,59.4799,104.073,57.6179,21.0293,20.371,14.2386,103.336,0,1,55.7479,62.0552,99.8355,146.168,38.9892,16.3052,2.07291,2.95388,31.7383,34.5078,0.0737847,0.975304,0,1
600,850,-30000,1,0,40,-39.4016,0.990233,295.91,58.8795,103.345,58.1952,20.8171,20.5751,0,103.991,0,1,53.7031,62.6403,99.5311,126.316,42.0031,15.1579,2.051,2.93141,30.6929,35.2607,0.0860822,0.98297,1,1
600,850,40000,1,0,50,2.93902,0.989262,434.172,74.7737,121.407,71.9587,26.4365,25.4412,24.1203,119.887,1,1,57.8478,66.2913,158.524,176.682,55.2202,24.1684,2.50571,5.04311,33.1395,39.7717,0.0799334,0.981874,0,1
600,850,-40000,1,10,40,-41.3493,0.989179,437.558,74.5799,121.159,72.3148,26.368,25.5671,22.6552,120.321,1,1,56.9422,67.3863,158.908,178.534,57.2077,23.9887,2.51199,5.03471,32.5848,40.4041,0.0860822,0.983003,1,1
600,850,50000,1,10,50,15.9958,0.98742,637.007,93.2522,142.066,88.9147,32.9696,31.4361,54.776,138.824,0,1,62.5001,72.8967,249.177,243.881,77.7986,37.9544,3.62353,7.8777,39.7083,47.969,0.0799334,0.981715,1,1
600,850,-50000,1,10,50,-55.9961,0.987407,637.695,93.2529,142.066,88.9153,32.9699,31.4363,54.777,138.825,1,0,62.736,72.7069,249.209,244.545,77.7926,37.9513,3.62358,7.87781,39.7086,47.9693,0.0799334,0.981678,1,1
600,850,60000,0,10,40,27.8161,0.984384,951.796,112.778,163.382,107.255,39.8729,37.9202,77.4859,159.025,1,1,69.5413,83.3702,375.601,361.939,110.38,60.0196,5.45108,11.4264,48.463,59.071,0.0860822,0.979338,1,1
600,850,-60000,0,10,40,-57.8164,0.984374,952.418,112.778,163.382,107.255,39.8731,37.9205,77.4869,159.026,1,1,69.6771,83.2769,375.626,362.528,110.384,60.0219,5.45117,11.4265,48.4635,59.0714,0.0860822,0.979322,1,1
600,900,2500,1,90,90,2.63132,0.837562,484.852,35.7651,50.0162,37.8909,12.6449,13.3965,0,52.1503,0,1,76.4232,57.5456,40.5826,416.417,16.9101,4.22879,0.655429,0.398831,18.0993,19.1228,0.0585938,0.726762,0,1
600,900,-2500,1,50,90,-22.4245,0.951005,128.799,21.7761,49.486,22.995,7.69903,8.12996,8.01282,51.6642,0,1,51.6651,56.2089,14.197,84.738,17.0805,8.68148,0.764924,0.155453,20.9308,18.9804,0.0585938,0.726978,0,1
600,900,5000,1,90,90,5.09807,0.912593,478.891,36.9244,56.3412,38.8536,13.0547,13.7368,0,57.9482,0,1,75.2147,58.0117,42.894,405.035,18.3906,5.62881,0.731046,0.464096,19.2359,20.0584,0.0585938,0.842515,0,1
600,900,-5000,1,50,90,-24.7905,0.97395,133.732,23.4811,55.5526,24.4216,8.30181,8.63435,8.01282,57.2253,0,1,51.7456,56.2868,16.4152,86.4609,17.4553,9.05591,0.810274,0.216913,21.4991,19.5917,0.0585938,0.842656,0,1
600,900,7500,1,90,90,7.64065,0.940229,476.783,38.7887,62.8606,40.4147,13.7139,14.2888,0,63.9243,0,1,74.0358,58.5927,46.8282,394.863,20.3416,7.31781,0.857639,0.571504,21.0075,21.5267,0.0585938,0.889588,0,1
600,900,-7500,1,50,90,-27.1581,0.981395,142.185,26.0621,61.6234,26.618,9.21434,9.4109,8.01282,62.7902,0,1,51.8786,56.4505,19.8625,89.8259,18.2013,9.54872,0.885429,0.318767,22.4092,20.5647,0.0585938,0.889695,0,1
600,900,10000,1,75,90,2.17565,0.960425,412.06,32.7528,68.0786,34.2743,11.5799,12.1178,0,68.7075,0,1,70.6346,57.3669,33.2868,348.071,17.717,6.8872,0.981927,0.530793,23.3372,21.9917,0.0585938,0.914983,0,1
600,900,-10000,1,50,90,-29.5272,0.984859,153.742,29.2901,67.6981,29.4136,10.3556,10.3993,8.01282,68.3586,0,1,52.0642,56.7007,24.6884,94.2741,19.3142,10.1563,0.990442,0.461087,23.6222,21.8518,0.0585938,0.915067,0,1
600,900,15000,1,75,90,7.16488,0.972858,418.481,40.1955,80.8715,40.629,14.2112,14.3645,1.22233,80.4343,0,1,68.4994,59.0793,48.3901,328.493,22.9063,10.7355,1.35403,0.948775,27.3505,25.8928,0.0585938,0.941641,0,1
600,900,-15000,1,50,90,-34.2681,0.98799,182.335,36.9839,79.854,36.2241,13.0758,12.8072,8.01282,79.5016,0,1,52.5886,57.8022,38.5049,103.419,22.1485,11.351,1.29013,0.867238,26.7834,25.1655,0.0585938,0.958125,0,1
600,900,20000,1,60,90,4.16381,0.983531,334.906,45.7754,92.4072,44.6733,16.184,15.7944,9.8724,91.0087,0,1,60.9013,59.9764,59.9087,225.977,26.5188,13.1839,1.7395,1.44458,30.9491,29.4121,0.0585938,0.95529,0,1
600,900,-20000,1,50,90,-39.0147,0.98896,223.269,45.6278,92.0249,44.0252,16.1319,15.5653,8.01282,90.6582,0,1,53.3275,59.4128,57.9936,116.834,26.3505,12.9338,1.70982,1.43603,30.6676,29.1804,0.0585938,0.970436,0,1
600,900,30000,1,30,75,1.96941,0.988686,343.293,62.0311,113.223,59.7518,21.9313,21.1255,14.155,111.14,0,1,55.5077,63.9833,108.298,160.689,40.7972,18.9159,2.53615,2.98065,36.1904,36.942,0.0683594,0.96862,0,1
600,900,-30000,1,20,60,-41.3995,0.988983,334.184,61.49,112.563,60.2912,21.74,21.3161,0,111.585,1,0,54.0895,64.6717,108.148,150.625,42.9619,17.8448,2.50195,2.96005,35.3368,37.3905,0.078125,0.978499,1,1
600,900,40000,1,10,60,3.58613,0.988245,475.796,77.0957,130.99,74.2608,27.2575,26.2551,19.0537,128.477,0,1,58.1345,68.7432,169.465,203.068,57.5444,25.4196,3.08804,5.03135,37.9639,42.95,0.078125,0.974596,0,1
600,900,-40000,1,0,60,-58.5305,0.988389,469.891,77.0258,130.847,74.1582,27.2327,26.2189,19.2308,128.346,1,0,57.9785,68.4189,168.938,197.11,57.4254,25.3669,3.07343,5.02763,37.8958,42.8253,0.078125,0.980054,1,1
600,900,50000,1,0,50,8.50194,0.986833,667.127,92.7386,148.402,89.0397,32.7881,31.4803,31.5774,145.139,1,1,61.8048,75.3649,248.854,267.54,80.5371,40.2434,3.70196,7.66281,39.5336,49.0717,0.0846354,0.979459,0,1
600,900,-50000,1,10,50,-53.7187,0.987087,654.12,93.1506,148.958,89.4481,32.9337,31.6247,37.1493,145.648,1,1,61.163,75.3948,250.831,257.334,79.6723,37.9607,3.79777,7.68447,40.1793,49.5703,0.0846354,0.979609,1,1
600,900,60000,0,10,50,21.9935,0.984613,937.642,112.27,170.176,106.977,39.6934,37.8222,66.3231,165.097,1,1,68.0423,84.2797,372.612,356.352,108.753,58.2975,5.39376,11.117,48.063,58.9006,0.0846354,0.977979,1,1
600,900,-60000,0,10,50,-61.9939,0.984597,938.621,112.271,170.177,106.978,39.6937,37.8226,66.3247,165.098,1,1,68.2262,84.1631,372.654,357.273,108.762,58.3036,5.39387,11.1171,48.0635,58.9011,0.0846354,0.977952,1,1
700,400,2500,1,90,10,44.7175,0.934774,174.444,36.8744,71.4947,31.6507,13.0371,11.1902,71.4947,3.98484,1,0,58.0505,51.8172,33.9611,102.558,17.9649,11.9527,1.55298,0.435665,26.4295,30.9685,0.0491898,0.723013,1,0
700,400,-2500,1,90,90,-5.09977,0.851733,435.19,52.9077,72.0937,46.2611,18.7057,16.3558,72.0937,0,1,0,60.4855,68.3078,73.209,318.848,21.3634,9.46241,1.21366,0.870385,26.7296,23.4203,0.0260417,0.722912,1,0
700,400,5000,1,90,10,49.2832,0.964822,182.301,38.8527,78.6488,33.6617,13.7365,11.9012,78.6488,3.98484,1,0,58.3434,51.9446,38.0312,104.47,18.8296,12.5622,1.60321,0.56031,27.1616,31.1485,0.0491898,0.839317,1,0
700,400,-5000,1,90,75,-2.00032,0.926591,396.123,48.1842,78.9891,41.8646,17.0357,14.8014,78.9891,0,1,0,59.7324,66.4742,60.1255,296.317,19.0357,9.40301,1.41966,0.808524,27.244,27.4426,0.0303819,0.83925,1,0
700,400,7500,1,90,10,53.8531,0.974678,194.85,41.9206,85.8096,36.7472,14.8212,12.9921,85.8096,3.98484,1,0,58.8181,52.1554,44.7762,107.491,20.2396,13.2725,1.6863,0.766481,28.3312,31.4438,0.0491898,0.886495,1,0
700,400,-7500,1,90,75,-6.79768,0.949252,400.961,50.859,86.5063,44.5522,17.9814,15.7516,86.5063,0,1,0,60.663,65.4569,67.4891,288.639,21.5647,11.3963,1.55979,1.02181,28.8393,28.4272,0.0303819,0.886446,1,0
700,400,10000,1,90,10,58.4274,0.97922,212.213,45.863,92.9773,40.6664,16.215,14.3777,92.9773,3.98484,1,0,59.4771,52.4505,54.2243,111.635,22.2393,14.1167,1.80233,1.05441,29.888,31.8517,0.0491898,0.911808,1,0
700,400,-10000,1,90,60,-3.65457,0.963384,380.073,50.1386,93.3334,44.1651,17.7267,15.6147,93.3334,0,1,0,60.4936,64.0647,65.7477,269.41,21.5163,11.8086,1.74389,1.18461,30.0705,30.5623,0.0347222,0.91177,1,0
700,400,15000,1,90,10,67.5886,0.982914,260.746,55.6007,107.333,50.1991,19.6578,17.7481,107.333,3.98484,1,0,61.3104,53.2964,81.3731,122.698,27.9073,16.1266,2.13361,1.87645,33.9421,32.9886,0.0491898,0.938348,1,0
700,400,-15000,1,90,40,-2.74295,0.975021,384.278,56.6803,107.574,50.9577,20.0395,18.0163,107.574,0,1,0,61.8924,62.1124,85.5357,244.131,26.803,14.641,2.13474,1.92057,34.0601,32.8631,0.0405093,0.938321,1,0
700,400,20000,1,90,20,71.7787,0.984171,321.674,66.9728,121.733,61.1195,23.6785,21.609,121.733,1.36937,0,1,64.1055,53.7874,119.947,131.549,35.4755,18.329,2.6014,3.03058,38.9378,34.5528,0.0462963,0.951574,1,0
700,400,-20000,1,90,30,-7.11241,0.980442,398.964,67.5967,122.256,61.6375,23.8991,21.7921,122.256,8.50211,1,0,64.4815,59.0129,123.219,203.202,36.2941,19.4102,2.66539,3.06221,39.3171,35.1047,0.0434028,0.951554,1,0
700,400,30000,1,75,10,81.2776,0.981544,564.092,92.4221,151.218,84.7898,32.6761,29.9777,151.218,28.0545,1,1,72.8957,58.2312,235.077,203.732,63.5865,33.5162,3.96718,6.364,51.2733,37.9867,0.0491898,0.967389,1,1
700,400,-30000,1,75,0,-10.9778,0.98147,566.395,92.0298,150.749,84.4282,32.5374,29.8499,150.749,21.0146,1,1,72.8301,58.379,233.108,206.634,63.8304,34.1622,3.88907,6.34258,50.9171,37.3666,0.0520833,0.962978,1,0
700,400,40000,0,50,10,81.781,0.973392,1093.4,124.962,189.4,115.003,44.1806,40.6597,189.4,63.712,1,1,93.685,66.8403,457.069,395.902,114.292,67.5761,8.47858,11.4995,76.4817,52.9965,0.0491898,0.964763,1,1
700,400,-40000,0,50,10,-41.7796,0.973415,1092.46,124.96,189.398,115.001,44.18,40.659,189.398,63.7082,1,1,93.7231,66.7324,457.018,395.033,114.284,67.5726,8.47822,11.4992,76.4803,52.995,0.0491898,0.964799,1,1
700,400,50000,0,0,0,nan,nan,nan,nan,nan,nan,nan,nan,nan,nan,0,0,nan,nan,nan,nan,nan,nan,nan,nan,nan,nan,0.0520833,nan,0,0
700,400,-50000,0,0,0,nan,nan,nan,nan,nan,nan,nan,nan,nan,nan,0,0,nan,nan,nan,nan,nan,nan,nan,nan,nan,nan,0.0520833,nan,0,0
700,400,60000,0,0,0,nan,nan,nan,nan,nan,nan,nan,nan,nan,nan,0,0,nan,nan,nan,nan,nan,nan,nan,nan,nan,nan,0.0520833,nan,0,0
700,400,-60000,0,0,0,nan,nan,nan,nan,nan,nan,nan,nan,nan,nan,0,0,nan,nan,nan,nan,nan,nan,nan,nan,nan,nan,0.0520833,nan,0,0
700,450,2500,1,90,20,39.1663,0.946592,141.054,30.2562,62.6329,25.8937,10.6972,9.15482,62.6329,11.4779,1,1,56.4167,51.5111,22.7198,86.6213,15.4493,10.2166,1.08051,0.29769,22.8682,24.9643,0.0520833,0.750163,1,0
700,450,-2500,1,90,90,-4.49007,0.861364,402.372,45.7182,63.2037,39.3941,16.1638,13.9279,63.2037,0,1,0,58.5078,68.7601,53.7919,315.91,16.4994,7.0215,0.899626,0.652507,23.139,19.9913,0.0292969,0.750027,1,0
700,450,5000,1,90,20,43.2238,0.971267,147.917,32.3727,69.7856,28.0481,11.4455,9.91649,69.7856,11.4779,1,1,56.6669,51.6236,26.299,88.208,16.204,10.7678,1.13967,0.404238,23.7068,25.3953,0.0520833,0.857403,1,0
700,450,-5000,1,90,75,-0.900152,0.93284,359.978,40.3924,70.0964,34.4865,14.2809,12.1928,70.0964,0,1,0,57.7523,66.648,41.4618,288.938,14.4803,7.0097,1.06029,0.583097,23.7628,23.4553,0.0341797,0.857316,1,0
700,450,7500,1,90,20,47.2851,0.979192,159.376,35.6035,76.9448,31.2926,12.5877,11.0636,76.9448,11.4779,1,1,57.1054,51.81,32.2412,91.1551,17.4672,11.4273,1.2377,0.580765,25.0343,26.0936,0.0520833,0.900148,1,0
700,450,-7500,1,90,75,-5.0932,0.953981,361.795,43.1551,77.488,37.3051,15.2576,13.1894,77.488,0,1,0,58.5272,65.6084,47.8376,279.755,16.7099,8.74846,1.19009,0.76458,25.3794,24.6007,0.0341797,0.900085,1,0
700,450,10000,1,90,20,51.3499,0.98278,175.221,39.6801,84.1103,35.3311,14.029,12.4914,84.1103,11.4779,1,1,57.7172,52.0711,40.5681,95.2454,19.2302,12.1876,1.37469,0.827451,26.7795,27.0393,0.0520833,0.923064,1,0
700,450,-10000,1,90,60,-1.49437,0.967281,338.26,42.5301,84.3651,37.1751,15.0367,13.1434,84.3651,0,1,0,58.4055,63.9273,46.782,256.695,16.9859,9.21824,1.35863,0.903503,26.865,26.592,0.0390625,0.923016,1,0
700,450,15000,1,90,20,59.4888,0.98565,218.38,49.5066,98.4578,44.9067,17.5032,15.8769,98.4578,11.4779,1,1,59.3322,52.8193,64.4782,105.035,24.2733,14.0203,1.76588,1.5319,31.2309,29.5739,0.0520833,0.946751,1,0
700,450,-15000,1,90,60,-10.1662,0.977474,345.68,52.4514,99.652,46.9907,18.5444,16.6137,99.652,5.63653,1,0,60.7106,60.845,72.7056,223.046,24.3893,13.9072,1.87432,1.62871,32.196,30.4425,0.0390625,0.946718,1,0
700,450,20000,1,90,20,67.6409,0.986304,277.733,60.6538,112.829,55.6163,21.4444,19.6633,112.829,11.4779,0,1,61.5352,53.8746,98.3194,117.711,31.2855,16.2245,2.314,2.51895,36.5675,32.7974,0.0520833,0.964368,1,0
700,450,-20000,1,90,30,-2.69446,0.985512,294.01,60.6938,112.923,55.5404,21.4585,19.6365,112.923,10.4369,1,0,61.8137,54.8538,98.481,134.399,30.8864,16.1313,2.32089,2.52156,36.6308,32.8344,0.0488281,0.958348,1,0
700,450,30000,1,60,10,62.4194,0.98464,467.973,83.3495,139.682,75.8598,29.4685,26.8205,139.682,12.8313,1,1,69.615,56.2078,188.055,175.702,53.4055,26.9827,3.40702,5.27398,47.5352,35.1715,0.0553385,0.973524,1,1
700,450,-30000,1,75,0,-4.70946,0.98485,461.504,82.7734,138.911,76.0032,29.2648,26.8712,138.911,20.6852,1,1,68.3534,57.0796,186.734,171.306,53.0834,26.6403,3.33799,5.24459,46.5915,35.543,0.0585938,0.968549,1,0
700,450,40000,1,60,10,79.2156,0.979969,817.624,109.837,169.29,101.196,38.8331,35.7783,169.29,58.8891,1,1,81.4236,63.5993,342.4,291.894,90.4657,50.9779,5.81971,9.31727,62.483,45.3887,0.0553385,0.971834,1,1
700,450,-40000,1,60,10,-29.2147,0.979988,816.816,109.835,169.289,101.195,38.8326,35.7778,169.289,58.8868,1,1,81.4871,63.474,342.374,291.117,90.4625,50.9779,5.81954,9.31707,62.4822,45.3878,0.0553385,0.971882,1,1
700,450,50000,0,30,10,78.9781,0.969267,1585.35,145.601,213.743,134.488,51.4779,47.5486,213.743,99.3703,1,1,112.402,75.6453,658.226,581.758,155.369,97.6124,14.666,15.36,100.252,70.2795,0.0553385,0.964309,1,1
700,450,-50000,0,30,10,-58.9771,0.969278,1584.81,145.6,213.742,134.486,51.4774,47.5481,213.742,99.3677,1,1,112.437,75.5701,658.181,581.269,155.367,97.6118,14.6656,15.3598,100.25,70.278,0.0553385,0.96432,1,1
700,450,60000,0,0,0,nan,nan,nan,nan,nan,nan,nan,nan,nan,nan,0,0,nan,nan,nan,nan,nan,nan,nan,nan,nan,nan,0.0585938,nan,0,0
700,450,-60000,0,0,0,nan,nan,nan,nan,nan,nan,nan,nan,nan,nan,0,0,nan,nan,nan,nan,nan,nan,nan,nan,nan,nan,0.0585938,nan,0,0
700,500,2500,1,90,40,28.7259,0.958399,108.517,24.3283,53.7723,20.5633,8.60135,7.27021,53.7723,7.73138,1,0,55.0276,51.1192,14.4863,69.8366,12.3162,7.68973,0.718074,0.197266,19.3208,19.5823,0.0506366,0.778353,1,0
700,500,-2500,1,90,90,-4.00814,0.870141,373.098,38.5523,54.3251,32.5557,13.6303,11.5102,54.3251,0,1,0,56.8351,69.0196,37.4774,311.686,12.4635,5.01879,0.634358,0.467683,19.5712,16.5909,0.0325521,0.778177,1,0
700,500,5000,1,90,40,32.3772,0.977567,114.738,26.6578,60.924,22.9559,9.42494,8.11613,60.924,7.73138,1,0,55.2384,51.2197,17.6774,71.3381,12.998,8.1549,0.782446,0.290444,20.3021,20.2825,0.0506366,0.87611,1,0
700,500,-5000,1,90,90,-7.91072,0.93118,369.533,40.2228,61.969,34.2818,14.2209,12.1205,61.969,0,1,0,57.4141,67.8355,41.0969,300.467,14.3458,6.66585,0.752038,0.566557,21.1641,18.2669,0.0325521,0.875997,1,0
700,500,7500,1,90,40,36.0318,0.983542,125.499,30.1287,68.0823,26.4532,10.6521,9.35261,68.0823,7.73138,1,0,55.669,51.3867,22.984,74.5078,14.1088,8.69545,0.889271,0.445075,21.8335,21.394,0.0506366,0.914021,1,0
700,500,-7500,1,90,75,-3.7574,0.95819,327.259,35.7868,68.5241,30.4693,12.6526,10.7725,68.5241,0,1,0,56.7601,65.5438,32.3487,269.161,12.9503,6.6389,0.88179,0.561602,22.0713,20.8956,0.0379774,0.91394,1,0
700,500,10000,1,90,40,39.6887,0.986256,139.351,34.399,75.2449,30.6814,12.1619,10.8475,75.2449,7.73138,1,0,56.1854,51.6204,30.4175,77.7618,15.7192,9.36424,1.03862,0.661254,23.81,22.8575,0.0506366,0.934027,1,0
700,500,-10000,1,90,75,-7.6545,0.967892,331.727,39.7235,76.1573,34.4816,14.0444,12.1911,76.1573,0,1,0,57.6175,64.5207,40.5369,259.638,15.7184,8.59901,1.08142,0.785532,24.532,23.0269,0.0379774,0.933966,1,0
700,500,15000,1,90,40,47.0107,0.988246,178.41,44.3907,89.5865,40.392,15.6945,14.2807,89.5865,7.73138,1,0,57.659,52.2904,51.7688,86.9585,20.1785,10.8877,1.46529,1.27886,28.7166,26.5986,0.0506366,0.963828,1,0
700,500,-15000,1,90,60,-7.38646,0.981807,277.957,45.843,90.3225,41.1587,16.2079,14.5518,90.3225,9.2536,1,0,58.6114,58.679,55.2248,181.796,20.4127,11.441,1.52677,1.32272,29.2657,27.2115,0.0434028,0.954509,1,0
700,500,20000,1,75,30,47.6896,0.988248,237.844,55.2879,103.559,49.9535,19.5472,17.6612,103.559,3.90679,0,1,60.5078,52.6754,80.3043,104.464,27.4495,13.709,1.96265,2.13961,34.1469,29.5695,0.0542535,0.9751,1,0
700,500,-20000,1,90,40,-4.46402,0.987871,245.56,55.6197,104.185,51.1474,19.6645,18.0833,104.185,19.9725,1,0,60.006,53.632,82.6116,108.201,27.7552,14.6054,2.08548,2.15112,34.5937,31.2963,0.0506366,0.964571,1,0
700,500,30000,1,60,10,58.3193,0.987374,383.611,75.0917,127.228,68.4234,26.5489,24.1913,127.228,17.5108,1,1,65.815,55.2971,151.456,145.704,45.51,21.6914,2.78689,4.44492,42.7999,32.1175,0.0614873,0.978706,1,1
700,500,-30000,1,60,0,-3.11423,0.987228,388.121,74.7385,126.826,68.1094,26.4241,24.0803,126.826,12.604,1,0,65.6915,55.723,150.118,150.933,45.8472,21.9765,2.717,4.42946,42.3943,31.4974,0.0651042,0.973553,1,0
700,500,40000,1,60,10,71.6334,0.983905,654.325,98.3678,153.306,90.6718,34.7783,32.0573,153.306,54.0202,1,1,74.5866,61.3839,269.621,236.683,74.9801,40.2718,4.49979,7.81501,54.717,40.2784,0.0614873,0.977047,1,1
700,500,-40000,1,50,10,-23.5697,0.983945,652.697,97.5859,152.469,89.5818,34.5018,31.6719,152.469,45.6192,1,0,75.4849,60.3752,264.463,240.316,74.4443,40.7168,4.37178,7.76885,54.8304,38.2078,0.0614873,0.977094,1,1
700,500,50000,0,40,10,72.8134,0.977661,1142.46,126.568,185.532,116.899,44.7486,41.3301,185.532,84.6776,1,1,93.178,69.8796,472.013,415.545,120.887,72.0513,8.85654,12.5301,76.9845,56.1492,0.0614873,0.972443,1,1
700,500,-50000,0,40,10,-42.8128,0.977672,1141.91,126.567,185.531,116.898,44.7483,41.3298,185.531,84.6761,1,1,93.2276,69.789,471.992,415.035,120.876,72.0459,8.85634,12.5299,76.9838,56.1484,0.0614873,0.972458,1,1
700,500,60000,0,10,0,89.3904,0.957053,2692.46,177.086,253.08,164.36,62.6095,58.11,253.08,153.212,1,1,150.991,98.4136,1100.14,1001.1,229.411,156.594,31.4879,20.746,142.859,109.539,0.0651042,0.954533,1,1
700,500,-60000,0,10,0,-79.389,0.957057,2692.16,177.084,253.077,164.358,62.6087,58.1093,253.077,153.208,1,1,151.024,98.3594,1100.12,1000.85,229.405,156.59,31.4867,20.7457,142.857,109.536,0.0651042,0.954538,1,1
700,550,2500,1,90,50,23.3743,0.965614,89.0273,19.3225,44.9303,16.5462,6.83155,5.84998,44.9303,10.5413,1,1,53.9018,51.1656,9.21702,60.2302,10.6388,6.08365,0.449889,0.129317,15.7986,14.8831,0.0517216,0.80713,1,0
700,550,-2500,1,90,90,-3.61734,0.878431,345.984,31.4187,45.454,25.7604,11.1082,9.10768,45.454,0,1,0,55.3373,69.1181,24.209,304.876,9.25354,3.41659,0.417414,0.315241,16.0343,13.2322,0.0358073,0.806885,1,0
700,550,5000,1,90,50,26.6932,0.981436,94.5767,21.9326,52.0811,19.188,7.75434,6.78397,52.0811,10.5413,1,1,54.1028,51.2567,12.1007,61.5076,11.2506,6.4862,0.517335,0.212414,16.9815,15.909,0.0517216,0.894094,1,0
700,550,-5000,1,90,90,-7.13992,0.936119,341.199,33.2486,53.0436,27.701,11.7552,9.79377,53.0436,0,1,0,55.8561,67.9192,27.4584,292.983,11.071,4.9476,0.523227,0.403112,17.7666,15.0788,0.0358073,0.893949,1,0
700,550,7500,1,90,50,30.014,0.986456,102.973,25.6872,59.236,22.9113,9.08181,8.10035,59.236,10.5413,1,1,54.3838,51.4081,16.894,62.9039,12.3167,7.00626,0.629326,0.350395,18.7819,17.4799,0.0517216,0.947837,1,0
700,550,-7500,1,90,75,-2.68073,0.962247,294.256,28.94,59.5952,24.3188,10.2318,8.598,59.5952,0,1,0,55.1896,65.2088,20.8417,253.95,10.2881,5.03457,0.633644,0.407588,18.949,17.4073,0.0417752,0.927029,1,0
700,550,10000,1,90,50,33.3377,0.98856,115.725,30.1654,66.3971,27.2801,10.6651,9.64497,66.3971,10.5413,1,1,54.8678,51.6202,23.6168,66.0886,13.7337,7.56457,0.785993,0.54342,21.0436,19.4659,0.0517216,0.963278,1,0
700,550,-10000,1,90,90,-14.6462,0.971646,291.81,39.9915,69.2163,34.6453,14.1391,12.249,69.2163,9.49164,1,0,57.2995,61.861,40.8224,219.627,15.9005,8.53165,0.961579,0.754986,23.5878,21.1219,0.0358073,0.944347,1,0
700,550,15000,1,90,50,39.9922,0.989966,152.028,40.3078,80.7347,37.0248,14.251,13.0902,80.7347,10.5413,1,1,56.2314,52.2281,42.9231,74.8554,17.9767,9.07004,1.2337,1.09502,26.4619,24.2611,0.0517216,0.978701,1,0
700,550,-15000,1,90,60,-5.19353,0.984924,229.607,40.6189,81.1684,36.8682,14.361,13.0349,81.1684,14.4798,1,0,56.7863,57.4452,43.5382,151.311,17.8804,9.59594,1.26102,1.10571,26.7482,24.535,0.0477431,0.961902,1,0
700,550,20000,1,60,10,44.9961,0.989588,210.424,49.9685,93.2964,44.8239,17.6665,15.8476,93.2964,10.6207,1,1,58.6927,52.856,64.9633,96.3402,26.7043,12.5375,1.58297,1.82966,31.1895,25.8194,0.067636,0.981715,1,1
700,550,-20000,1,75,30,-0.349254,0.989935,203.344,49.8767,93.167,45.5298,17.6341,16.0972,93.167,11.5387,1,0,58.2874,52.9358,65.695,91.1883,24.8518,11.7224,1.6193,1.82653,31.0559,26.8045,0.0596788,0.970413,1,0
700,550,30000,1,50,10,47.9331,0.9893,324.474,67.9691,114.582,61.7106,24.0307,21.818,114.582,18.6638,0,1,63.2783,54.5138,122.924,127.156,40.2703,18.2935,2.20891,3.81803,38.3393,28.2163,0.067636,0.982826,1,1
700,550,-30000,1,50,0,-2.75033,0.989222,326.852,67.6259,114.188,61.4138,23.9094,21.713,114.188,14.7547,1,0,63.0774,54.8227,121.725,129.639,40.8734,18.6188,2.14691,3.80427,37.9074,27.6387,0.0716146,0.977971,1,0
700,550,40000,1,50,10,58.5824,0.986667,540.542,88.5376,137.526,81.4271,31.3028,28.7888,137.526,47.866,1,1,70.1925,59.4673,215.532,201.438,64.1288,33.1148,3.43442,6.68704,48.1285,34.6554,0.067636,0.981116,1,1
700,550,-40000,1,50,10,-18.582,0.986685,539.768,88.5368,137.525,81.4262,31.3025,28.7885,137.525,47.8648,1,1,70.3157,59.2821,215.514,200.672,64.133,33.1208,3.43435,6.68691,48.128,34.655,0.067636,0.981157,1,1
700,550,50000,1,40,10,64.3345,0.982262,902.901,113.086,164.877,104.474,39.982,36.937,164.877,77.35,1,1,82.96,66.6695,366.831,331.035,100.409,57.5827,6.26797,10.6411,64.5011,47.6634,0.067636,0.977556,1,1
700,550,-50000,1,40,10,-34.3341,0.982272,902.41,113.086,164.876,104.473,39.9818,36.9367,164.876,77.349,1,1,83.0252,66.5672,366.822,330.573,100.397,57.5761,6.26786,10.641,64.5007,47.6629,0.067636,0.977571,1,1
700,550,60000,0,30,10,75.6266,0.97395,1604.82,146.416,204.163,135.836,51.7658,48.0253,204.163,122.025,1,1,107.859,81.2142,667.518,585.202,161.048,99.5023,14.0454,16.3123,94.4168,74.6815,0.067636,0.970314,1,1
700,550,-60000,0,30,10,-55.6262,0.973955,1604.51,146.415,204.163,135.835,51.7656,48.025,204.163,122.024,1,1,107.906,81.1452,667.506,584.931,161.033,99.4941,14.0452,16.3122,94.4162,74.6809,0.067636,0.97032,1,1
700,600,2500,1,90,60,18.0822,0.972313,71.189,14.9672,36.0907,13.2761,5.2917,4.69382,36.0907,11.4779,1,1,52.8874,51.1922,5.68841,50.0121,9.1557,4.53043,0.256082,0.0826951,12.3209,10.6996,0.0520833,0.916756,1,0
700,600,-2500,1,90,90,-3.29419,0.886296,320.728,24.3396,36.5889,19.0476,8.60536,6.73433,36.5889,0,1,0,54.0675,68.9787,13.9521,295.216,6.88182,2.19024,0.24852,0.194777,12.5487,9.94987,0.0390625,0.834556,1,0
700,600,5000,1,90,60,21.1242,0.984994,76.1751,17.9576,43.2407,16.2041,6.34897,5.72901,43.2407,11.4779,1,1,53.0593,51.2755,8.3179,51.0236,9.76029,4.90392,0.325232,0.157896,13.8016,12.1718,0.0520833,0.963228,1,0
700,600,-5000,1,90,90,-6.50446,0.940724,315.056,26.4554,44.1344,21.3782,9.3534,7.55834,44.1344,0,1,0,54.5534,67.7667,16.9005,282.975,8.60564,3.58419,0.344631,0.274054,14.519,12.096,0.0390625,0.910764,1,0
700,600,7500,1,90,75,16.6745,0.990859,69.189,22.8598,50.4102,19.2809,8.08215,6.81681,50.4102,0,0,1,53.5133,50.392,12.7129,41.2929,8.65703,3.85175,0.439352,0.293547,15.9885,14.2181,0.0455729,0.976613,1,0
700,600,-7500,1,90,75,-1.7953,0.965986,264.084,23.0304,50.6941,19.458,8.14246,6.87944,50.6941,0,1,0,53.9302,64.5838,13.2126,235.524,8.7349,3.90643,0.445047,0.299456,16.0877,14.3154,0.0455729,0.939131,1,0
700,600,10000,1,75,60,18.0101,0.990947,91.3609,28.4976,58.357,24.1429,10.0754,8.53579,58.357,0,1,0,54.4075,50.6956,19.8766,50.9714,11.722,4.98423,0.623006,0.48677,19.2746,16.6102,0.0520833,0.981112,1,1
700,600,-10000,1,90,75,-4.915,0.979859,205.545,27.6954,58.0267,24.209,9.79181,8.55916,58.0267,8.09624,1,0,54.4466,59.259,19.5385,165.814,11.0334,5.48021,0.620853,0.476019,18.8922,17.0533,0.0455729,0.95384,1,0
700,600,15000,1,60,40,23.7941,0.991479,128.908,36.7972,70.8836,32.1019,13.0098,11.3497,70.8836,3.22871,1,0,55.8379,51.2555,34.101,64.7372,17.1807,7.18849,0.924436,0.952973,23.8312,19.7362,0.0607639,0.984983,1,1
700,600,-15000,1,90,60,-3.3823,0.990771,139.73,37.1223,72.0524,34.4674,13.1247,12.186,72.0524,20.7527,1,1,55.337,52.4801,36.7175,71.7644,16.7345,8.31116,1.06958,0.960576,24.6322,22.5988,0.0520833,0.96873,1,0
700,600,20000,1,40,10,30.6963,0.991683,167.745,44.8938,81.7647,39.4941,15.8723,13.9633,81.7647,1.03111,0,1,57.3974,51.6807,51.3231,75.6856,24.0734,9.04119,1.16346,1.57646,27.5227,20.9592,0.0737847,0.986369,1,1
700,600,-20000,1,75,40,-3.49272,0.990874,184.209,45.8295,82.9957,42.2807,16.2032,14.9485,82.9957,22.9685,1,1,56.9657,53.2332,55.8829,86.2167,23.0014,10.615,1.38175,1.60272,28.5371,24.9669,0.0607639,0.975899,1,0
700,600,30000,1,40,10,38.8298,0.990884,276.007,61.3564,100.882,55.6171,21.6928,19.6636,100.882,23.3347,0,1,61.0296,54.0312,99.5071,111.79,36.506,15.4743,1.62556,3.31777,33.198,23.698,0.0737847,0.986075,1,1
700,600,-30000,1,50,10,-5.48035,0.990743,280.303,61.8753,101.556,56.6059,21.8762,20.0132,101.556,27.8607,1,1,60.5031,54.8073,102.058,112.56,36.8377,15.6244,1.76182,3.33726,33.8899,25.7581,0.0737847,0.985911,1,0
700,600,40000,1,40,20,43.4423,0.988667,458.517,81.5327,123.475,74.8756,28.8262,26.4725,123.475,52.1648,1,1,67.2161,57.8682,181.04,171.566,56.354,27.2734,2.82389,5.89353,43.3777,31.8569,0.0694444,0.984277,1,1
700,600,-40000,1,40,10,-17.7839,0.988623,460.313,80.4141,121.928,73.9047,28.4307,26.1293,121.928,47.8883,1,1,66.9245,58.245,176.236,177.065,57.0422,28.3249,2.58881,5.83935,41.8613,29.962,0.0737847,0.984307,1,1
700,600,50000,1,40,10,58.4835,0.985218,750.199,103.079,147.077,95.4357,36.444,33.7416,147.077,77.2284,1,1,75.9337,65.1792,299.913,277.443,87.3856,47.7272,4.74635,9.30167,55.2938,42.7924,0.0737847,0.981253,1,1
700,600,-50000,1,40,10,-28.4835,0.985221,750.06,103.079,147.077,95.4356,36.4439,33.7416,147.077,77.2282,1,1,76.0267,65.0727,299.925,277.284,87.3891,47.7319,4.74633,9.30164,55.2937,42.7923,0.0737847,0.981266,1,1
700,600,60000,0,20,10,58.3672,0.979403,1261.8,128.735,176.718,119.336,45.5148,42.1918,176.718,104.331,1,1,95.3998,74.4568,495.595,484.893,131.336,79.7006,9.75124,13.8283,80.2626,59.7536,0.0737847,0.976166,1,1
700,600,-60000,0,20,10,-48.3669,0.979409,1261.42,128.735,176.717,119.336,45.5146,42.1916,176.717,104.33,1,1,95.4519,74.3752,495.585,484.528,131.335,79.7007,9.75112,13.8282,80.2621,59.7531,0.0737847,0.976172,1,1
700,650,2500,1,90,90,2.88745,0.975019,64.0523,17.2898,27.3844,12.4381,6.11285,4.39754,27.3844,0,1,0,52.4626,51.6666,6.44805,49.8207,5.29991,1.2638,0.12481,0.10381,9.08618,6.75103,0.0423177,0.963674,1,1
700,650,-2500,1,75,90,-10.4587,0.901338,273.654,30.6034,42.4679,24.5918,10.8199,8.69451,42.4679,0,1,0,55.197,63.697,22.4166,232.464,10.9767,4.31502,0.218419,0.296293,13.0732,6.94609,0.0423177,0.85979,1,0
700,650,5000,1,75,50,17.3429,0.98608,70.5813,15.8029,35.7021,14.4811,5.58718,5.11983,35.7021,14.3275,1,1,52.4567,51.5074,6.52636,47.5474,10.7579,4.0895,0.228249,0.130796,11.9651,9.6265,0.0611256,0.979755,1,1
700,650,-5000,1,90,90,-5.95732,0.949321,266.923,19.9926,35.2012,15.59,7.06845,5.51191,35.2012,2.52474,1,0,53.3559,65.7119,9.33117,246.306,6.9929,2.57664,0.214958,0.177988,11.519,9.47759,0.0423177,0.925981,1,0
700,650,7500,1,60,50,11.3451,0.991882,61.3803,20.9989,42.8658,16.568,7.42425,5.85769,42.8658,0,1,1,53.0431,50.3015,10.1619,36.0491,10.2794,2.79953,0.336663,0.25727,14.7346,11.3841,0.0611256,0.984987,1,1
700,650,-7500,1,90,75,-0.976858,0.986875,99.7436,18.7775,41.6166,16.8556,6.63885,5.95934,41.6166,7.13187,1,0,52.5439,53.8413,9.08095,77.4314,8.22275,3.16688,0.31168,0.231399,13.5458,11.8683,0.0493707,0.950173,1,0
700,650,10000,1,50,40,12.8286,0.992446,76.1153,25.0158,48.8691,20.3936,8.84441,7.21022,48.8691,0,1,1,53.6801,50.4404,14.8168,42.1788,12.6864,3.6351,0.43628,0.409802,16.8566,12.8301,0.0658275,0.987435,1,1
700,650,-10000,1,90,75,-3.8616,0.989774,103.321,23.8696,48.9621,21.7828,8.43916,7.7014,48.9621,15.0423,1,0,53.1719,53.1014,14.8944,70.754,10.3222,4.57023,0.482353,0.393594,16.6689,15.0092,0.0493707,0.96261,1,0
700,650,15000,1,20,0,19.5002,0.993141,103.603,32.4199,59.803,27.1455,11.4621,9.59738,59.803,0,1,0,54.5909,50.7253,25.4882,48.5325,20.27,5.20673,0.621921,0.81461,20.8224,14.165,0.0846354,0.989453,1,1
700,650,-15000,1,75,50,-2.00243,0.992216,117.679,32.8623,60.2982,30.6191,11.6186,10.8255,60.2982,19.8185,1,1,54.1496,52.3804,28.7954,61.5876,16.1085,6.51434,0.749863,0.823743,20.9326,18.5145,0.0611256,0.975036,1,0
700,650,20000,1,30,0,28.5128,0.992947,142.07,39.0252,67.7943,34.4326,13.7975,12.1738,67.7943,13.5101,1,1,55.1237,52.3969,38.7447,65.8634,24.093,7.49794,0.691031,1.3447,21.7729,15.2354,0.0846354,0.989524,1,1
700,650,-20000,1,50,20,-0.595642,0.992617,148.763,39.8185,68.6463,36.3098,14.078,12.8374,68.6463,18.2126,1,1,55.2985,52.7772,41.5728,70.6814,22.4865,7.94283,0.82472,1.36376,22.76,18.2746,0.0752315,0.985628,1,0
700,650,30000,1,30,20,26.151,0.991755,249.417,56.3791,87.2433,51.13,19.933,18.0772,87.2433,33.4461,1,0,59.3761,54.2876,83.8146,107.208,33.8095,13.7049,1.24826,2.95358,28.9982,20.9211,0.0752315,0.988558,1,1
700,650,-30000,1,40,10,-6.89711,0.992018,241.386,55.9915,86.9175,51.3695,19.796,18.1619,86.9175,33.9577,1,1,58.4046,54.689,83.4275,99.6448,34.4259,13.2462,1.23328,2.93998,28.3696,21.527,0.0799334,0.988613,1,1
700,650,40000,1,30,20,34.0461,0.990138,398.403,74.5427,107.347,68.5496,26.3548,24.236,107.347,55.0959,1,1,64.3271,57.3978,150.561,154.181,51.4067,23.7673,2.08639,5.22838,37.1566,27.591,0.0752315,0.98667,1,1
700,650,-40000,1,40,10,-14.8728,0.99009,400.377,74.4167,107.226,68.8864,26.3103,24.355,107.226,55.8284,1,1,63.3687,58.4545,150.939,154.808,52.4337,23.7525,2.0972,5.22293,36.6504,28.6055,0.0799334,0.986689,1,1
700,650,50000,1,30,20,43.1057,0.987256,645.408,95.246,130.415,88.2088,33.6746,31.1865,130.415,79.9389,1,1,72.139,63.2116,253.437,242.629,77.5984,40.2955,3.7442,8.30259,49.042,38.1129,0.0752315,0.983927,1,1
700,650,-50000,1,30,20,-33.1053,0.987275,644.459,95.245,130.414,88.2078,33.6742,31.1862,130.414,79.9377,1,1,72.2351,63.0437,253.408,241.732,77.5839,40.2874,3.74409,8.30242,49.0413,38.1123,0.0752315,0.983937,1,1
700,650,60000,1,30,20,54.2116,0.9831,1031.44,119.798,158.694,111.398,42.3551,39.3852,158.694,110.393,1,1,84.38,72.4802,419.108,379.185,115.201,64.4895,7.07845,12.3763,66.1572,54.3044,0.0752315,0.979873,1,1
700,650,-60000,1,30,20,-44.2113,0.983106,1031.09,119.798,158.693,111.398,42.3549,39.385,158.693,110.392,1,1,84.4542,72.378,419.107,378.839,115.195,64.4873,7.07837,12.3762,66.1569,54.3041,0.0752315,0.979877,1,1
700,700,2500,1,75,75,2.27059,0.988197,29.8595,11.3652,19.3139,6.7499,4.01819,2.38645,19.3139,0,1,1,51.5873,50.0771,2.4745,20.3691,5.85922,0.625267,0.0595067,0.0516579,6.61052,4.06928,0.0531684,0.978999,1,1
700,700,-2500,1,75,90,-10.186,0.94135,155.761,23.831,33.6538,18.2945,8.42553,6.46809,33.6538,1.98391,1,0,53.7957,56.6515,12.9541,128.1,9.2729,3.39796,0.10113,0.183937,9.07992,4.28825,0.0455729,0.884518,1,0
700,700,5000,1,75,75,4.58484,0.991419,43.2779,14.2758,25.66,10.5351,5.04724,3.72473,25.66,6.29397,1,1,51.9521,50.5135,4.46214,29.3447,7.0732,1.51505,0.11588,0.112602,8.68516,6.6159,0.0531684,0.987822,1,1
700,700,-5000,1,75,90,-12.779,0.974076,133.07,25.5465,33.6538,20.2226,9.03207,7.14977,33.6538,9.09434,1,0,53.8309,54.8279,15.2004,102.24,9.74072,3.48354,0.182193,0.248175,11.3283,7.56401,0.0455729,0.940474,1,0
700,700,7500,1,60,60,6.03479,0.992486,56.7819,17.8917,31.5057,14.152,6.32567,5.0035,31.5057,9.37305,1,1,52.415,50.7272,7.38533,35.7942,9.86085,2.37204,0.18172,0.211701,10.8864,8.26874,0.0607639,0.989994,1,1
700,700,-7500,1,90,75,-0.347148,0.991877,61.425,17.6906,32.7361,17.7664,6.25459,6.28136,32.7361,15.2398,1,1,51.8947,51.6389,8.92077,39.1688,8.87386,2.8624,0.240801,0.209626,11.6933,10.7154,0.0531684,0.962481,1,0
700,700,10000,1,30,30,6.41021,0.993119,69.2869,20.7907,36.2744,16.6883,7.35061,5.90022,36.2744,8.60868,1,1,52.9053,50.768,10.098,40.5109,14.0952,2.72572,0.211561,0.335174,12.3742,7.84483,0.0759549,0.990953,1,1
700,700,-10000,1,75,60,-1.4732,0.992877,71.7421,20.9948,37.6936,20.2216,7.42279,7.14943,37.6936,17.4307,1,1,52.2701,51.7871,12.0696,42.8611,11.3184,3.43341,0.310644,0.337784,13.4387,11.9627,0.0607639,0.980203,1,0
700,700,15000,1,10,10,8.51359,0.993694,95.1875,26.804,44.5351,22.8549,9.47665,8.08041,44.5351,13.1806,1,0,53.7614,51.2201,17.669,51.1831,19.3324,4.11898,0.25558,0.67764,14.1216,7.55859,0.0860822,0.991432,1,1
700,700,-15000,1,40,20,-0.0798223,0.99355,97.3773,27.3268,45.0907,25.115,9.66147,8.87949,45.0907,18.0734,1,1,52.9728,52.2269,19.6108,51.7796,18.445,4.5221,0.333444,0.686196,14.5257,11.5399,0.0810185,0.990654,1,0
700,700,20000,1,10,10,11.4599,0.993675,127.312,34.0709,52.6143,30.169,12.0459,10.6663,52.6143,21.2597,1,1,54.7947,51.9162,29.5813,63.4878,23.3552,6.58347,0.331177,1.16978,15.866,9.05465,0.0860822,0.991346,1,1
700,700,-20000,1,30,10,-2.56447,0.993741,125.962,34.4957,53.1504,31.5123,12.1961,11.1413,53.1504,24.2888,1,1,53.8569,52.8299,31.1649,61.3719,23.0359,6.07821,0.404895,1.17846,16.2321,12.3708,0.0860822,0.991424,1,1
700,700,30000,1,20,20,18.7431,0.992924,213.788,51.2209,71.3397,46.854,18.1093,16.5654,71.3397,41.8295,1,0,57.428,54.1734,69.4299,91.5827,32.4244,11.6333,0.804288,2.63693,23.0457,17.1692,0.0810185,0.990263,1,1
700,700,-30000,1,30,10,-9.09712,0.992961,212.67,50.9182,71.064,47.1462,18.0023,16.6687,71.064,42.2024,1,1,56.536,54.8845,69.3448,89.8196,33.5178,11.3755,0.797309,2.62759,22.3536,18.0054,0.0860822,0.990288,1,1
700,700,40000,1,20,20,25.7175,0.991124,358.207,68.7271,90.4647,63.5311,24.2987,22.4616,90.4647,60.9546,1,1,61.9737,57.4833,128.029,144.124,48.8583,21.4745,1.50155,4.71167,30.9727,24.2644,0.0810185,0.988386,1,1
700,700,-40000,1,30,10,-16.1082,0.991085,359.807,68.5835,90.2896,63.8239,24.2479,22.5652,90.2896,61.4279,1,1,60.9174,58.599,128.257,144.339,50.1356,21.4,1.50482,4.70589,30.2024,25.4702,0.0860822,0.988398,1,1
700,700,50000,1,30,20,39.6863,0.98875,568.902,89.0046,113.812,82.9169,31.4679,29.3155,113.812,85.5485,1,1,67.7041,63.4406,220.757,215.488,71.724,34.4216,2.98339,7.53689,42.274,36.2161,0.0810185,0.985812,1,1
700,700,-50000,1,30,20,-29.6863,0.98875,568.91,89.0046,113.812,82.9169,31.4679,29.3156,113.812,85.5485,1,1,67.8513,63.2881,220.764,215.464,71.7383,34.4332,2.98339,7.53689,42.274,36.2161,0.0810185,0.985817,1,1
700,700,60000,1,30,20,49.1002,0.985376,890.448,111.307,139.627,103.883,39.3529,36.7283,139.627,111.363,1,1,77.3495,71.6829,357.028,330.262,104.008,54.8243,5.51719,11.1733,56.7618,50.2444,0.0810185,0.98235,1,1
700,700,-60000,1,30,20,-39.1002,0.985377,890.428,111.307,139.627,103.883,39.3529,36.7283,139.627,111.363,1,1,77.4519,71.578,357.05,330.243,103.993,54.816,5.51719,11.1733,56.7617,50.2444,0.0810185,0.982353,1,1
700,750,2500,1,60,50,6.8418,0.980195,50.514,7.79428,11.485,10.9537,2.7557,3.87271,8.6164,18.1138,0,1,50.942,51.8757,2.56303,35.4481,10.6071,1.31158,0.0242535,0.0304007,2.96478,4.18384,0.0705295,0.967879,0,1
700,750,-2500,1,50,60,-6.84103,0.98101,48.393,11.0068,18.1624,6.94502,3.89151,2.45544,18.1624,9.11268,1,0,51.8321,50.8528,2.402,34.139,9.70671,1.53607,0.0251564,0.0485104,4.064,3.05522,0.0651042,0.969814,1,0
700,750,5000,1,60,50,8.66515,0.990015,50.4309,10.9355,13.9735,13.0982,3.86628,4.6309,13.9735,18.1138,1,1,50.8168,51.9256,4.12743,32.9488,11.0561,1.50042,0.0597757,0.0840906,5.29632,5.96041,0.0705295,0.986567,0,1
700,750,-5000,1,50,60,-8.66466,0.990278,49.0882,13.4157,18.1624,9.99042,4.74315,3.53215,18.1624,14.1134,1,1,51.8873,50.7802,3.96674,32.471,10.1539,1.68945,0.060684,0.102196,6.06847,5.10996,0.0651042,0.987126,1,0
700,750,7500,1,40,50,0.0683877,0.992524,56.4915,15.7841,18.6304,12.9645,5.58053,4.58364,18.6304,18.3013,1,1,51.9315,51.103,5.91741,35.5589,12.0303,1.90644,0.0975607,0.18295,7.61561,6.58932,0.0705295,0.990808,0,1
700,750,-7500,1,30,40,-9.70646,0.992476,56.854,14.8772,18.6966,12.3735,5.2599,4.37469,18.6966,17.6475,1,1,51.9794,50.9996,5.31029,35.4011,13.2651,1.84838,0.0789859,0.174613,6.88505,5.88366,0.0759549,0.990884,1,0
700,750,10000,1,10,20,0.488859,0.993469,65.7395,16.4327,20.6671,14.8273,5.80984,5.24226,20.6671,20.4704,1,1,52.0817,51.2508,6.9509,38.6167,16.8411,2.06017,0.0723969,0.273197,6.63214,5.57592,0.0868056,0.991732,1,1
700,750,-10000,1,20,10,-0.489521,0.993231,68.1505,15.7603,20.4019,15.6738,5.57211,5.54153,20.4019,20.8109,1,1,51.2989,52.1227,7.01009,39.4765,18.3937,1.96925,0.0716259,0.266749,5.57801,6.7489,0.0922309,0.991712,1,1
700,750,15000,1,10,20,3.26254,0.994167,88.015,23.8212,28.8162,21.9224,8.42208,7.75076,28.8162,28.0763,1,1,52.7498,51.8829,14.9047,48.2493,19.3035,3.33774,0.136124,0.602352,9.00705,7.76775,0.0868056,0.992171,1,1
700,750,-15000,1,20,10,-3.26321,0.994009,90.413,23.3631,28.5511,22.5042,8.2601,7.95643,28.5511,28.4168,1,1,51.9546,52.7282,14.9644,49.0971,20.8585,3.24234,0.13533,0.595936,8.02716,8.90639,0.0922309,0.992165,1,1
700,750,20000,1,10,20,6.08779,0.994238,115.915,31.4873,37.1169,29.1943,11.1324,10.3217,37.1169,35.8236,1,1,53.5555,52.6683,26.2938,58.171,22.7926,5.13113,0.229337,1.06559,11.6015,10.2049,0.0868056,0.992073,1,1
700,750,-20000,1,20,10,-6.08847,0.99412,118.292,31.1426,36.8518,29.634,11.0106,10.4772,36.8518,36.1641,1,1,52.8082,53.5006,26.3538,59.0136,24.3415,5.02478,0.228521,1.0592,10.6809,11.2986,0.0922309,0.99207,1,1
700,750,30000,1,10,20,11.9203,0.993427,198.492,47.3672,54.253,44.1599,16.7468,15.6129,54.253,51.8173,1,1,56.0041,54.6604,60.2993,87.0926,33.0149,10.6516,0.526686,2.40286,17.4294,15.6688,0.0868056,0.991029,1,1
700,750,-30000,1,20,10,-11.9209,0.993354,200.704,47.1394,53.9878,44.4524,16.6663,15.7163,53.9878,52.1578,1,1,55.0122,55.699,60.3567,87.8352,34.553,10.5228,0.525338,2.39653,16.5474,16.7239,0.0922309,0.991028,1,1
700,750,40000,1,20,30,19.7325,0.991903,326.536,66.392,76.9384,61.9239,23.4731,21.8934,76.9384,72.901,1,1,59.7156,58.0629,120.059,128.411,46.2557,17.5351,1.47099,4.40226,28.8538,26.5451,0.0813802,0.98929,1,1
700,750,-40000,1,30,20,-19.7332,0.991849,328.736,66.1372,76.6735,62.251,23.383,22.0091,76.6735,73.2417,1,1,58.87,59.0012,120.152,129.266,47.6298,17.3849,1.47007,4.3923,28.2285,27.3157,0.0868056,0.98929,1,1
700,750,50000,1,20,30,26.8964,0.989671,521.863,84.748,97.9863,79.1631,29.9629,27.9884,97.9863,92.5456,1,1,65.5527,63.081,199.72,200.876,67.3077,30.1213,2.59656,6.97793,38.3636,35.2312,0.0813802,0.986947,1,1
700,750,-50000,1,20,20,-30.8308,0.989655,522.681,83.2815,94.8555,78.0128,29.4445,27.5817,94.8555,89.9623,1,1,65.0053,63.6022,193.34,206.269,68.6316,31.1085,2.29579,6.90408,35.664,33.6521,0.0868056,0.986947,1,1
700,750,60000,1,20,20,38.8775,0.986801,802.53,103.681,118.497,97.1061,36.6567,34.3322,118.497,112.027,1,1,73.1087,71.1573,307.853,311.06,96.5736,48.4768,4.30702,10.1907,48.8843,46.0479,0.0868056,0.983914,1,1
700,750,-60000,1,20,20,-38.8774,0.986801,802.52,103.681,118.497,97.1061,36.6567,34.3322,118.497,112.027,1,1,73.2147,71.0491,307.859,311.06,96.5627,48.4709,4.30702,10.1907,48.8843,46.0479,0.0868056,0.983914,1,1
700,800,2500,1,90,75,9.85989,0.933907,176.926,20.908,29.9145,23.9126,7.3921,8.45438,0.985419,33.9571,0,1,57.8007,54.1573,14.5193,144.751,12.2767,3.34593,0.0913115,0.143215,4.53018,8.9939,0.0607639,0.8787,0,1
700,800,-2500,1,90,90,-2.32393,0.987266,32.2455,7.24511,13.3622,10.48,2.56153,3.70525,0.872699,17.8505,1,0,50.2895,51.606,2.29871,23.1937,5.84869,0.474178,0.0486023,0.0271536,4.40457,5.74009,0.0520833,0.975434,1,1
700,800,5000,1,90,75,12.1148,0.975874,123.611,22.6024,29.9145,25.2278,7.99114,8.91938,8.05207,33.9571,0,1,53.7721,54.2208,16.408,88.8267,12.6216,3.37253,0.161604,0.199422,7.69014,10.7683,0.0607639,0.937306,0,1
700,800,-5000,1,75,75,-4.00112,0.991049,45.1601,10.9825,19.4478,13.6147,3.8829,4.81352,5.06048,24.3626,1,1,50.5323,52.0195,4.33706,30.1198,8.72778,1.17225,0.106435,0.0816339,6.83729,8.18968,0.0607639,0.985979,1,1
700,800,7500,1,50,60,0.15848,0.988388,88.1146,13.9663,23.9784,14.2615,4.93783,5.0422,6.90692,29.4493,0,1,53.4783,51.8894,5.67338,67.3737,12.0853,1.97762,0.153388,0.161055,8.21533,9.82423,0.0694444,0.958441,0,1
700,800,-7500,1,75,75,-6.05852,0.992254,58.5504,15.2004,25.6024,16.7982,5.37414,5.93904,11.5082,30.0044,1,1,50.9091,52.3931,7.28245,37.3859,10.3295,2.2784,0.189741,0.171452,9.63265,10.4067,0.0607639,0.989314,1,1
700,800,10000,1,60,75,0.342876,0.992925,71.2498,20.6517,30.9402,18.7263,7.30148,6.62075,16.0318,34.8974,1,1,51.8534,52.2439,11.0373,42.8543,12.1957,3.31415,0.278884,0.3094,12.0975,12.1365,0.0607639,0.974651,0,1
700,800,-10000,1,0,10,-9.84354,0.993026,70.2272,16.003,26.5975,18.5246,5.65793,6.54942,2.849,34.9623,1,1,50.7854,52.5536,8.50517,36.5249,21.7285,2.06752,0.188534,0.258263,7.11193,12.5393,0.0983796,0.99059,1,1
700,800,15000,1,40,60,0.292481,0.993102,104.185,28.1538,39.3365,25.9301,9.95386,9.16767,22.2841,43.5276,1,0,52.7949,53.0806,20.8739,57.623,17.467,4.98413,0.434916,0.645985,15.1249,15.1351,0.0694444,0.989286,0,1
700,800,-15000,1,20,20,-7.913,0.993555,97.304,23.7929,35.0674,24.8906,8.41204,8.80015,13.4026,42.1039,1,1,51.3529,53.8446,16.8758,51.6851,22.4241,3.67886,0.263336,0.577838,9.63919,13.8948,0.0925926,0.991443,1,1
700,800,20000,1,0,20,0.287536,0.994085,119.004,30.4977,42.1707,30.1413,10.7826,10.6565,19.4196,48.6153,1,1,52.639,53.6138,26.2158,57.7801,25.5483,5.35198,0.287627,1.00399,10.4364,14.2131,0.0925926,0.991575,0,1
700,800,-20000,1,10,10,-9.97616,0.993769,125.402,30.3027,41.9515,30.5207,10.7136,10.7907,19.1561,49.0368,1,1,51.9575,54.6394,26.394,62.29,27.6402,5.34398,0.29377,1.00067,9.56969,15.1583,0.0983796,0.991483,1,1
700,800,30000,1,10,30,6.61059,0.993402,199.258,47.0435,60.3736,44.733,16.6324,15.8155,39.9477,64.6789,1,1,54.9631,55.7499,60.5899,87.9964,33.0711,10.1452,0.682047,2.29622,17.9917,20.0257,0.0868056,0.990808,1,1
700,800,-30000,1,20,20,-16.2635,0.993263,203.493,46.7161,60.0476,45.1279,16.5166,15.9551,39.5723,65.0025,1,1,54.2303,56.7671,60.6748,90.2786,34.8894,10.1223,0.677436,2.28724,17.1167,20.7926,0.0925926,0.990775,1,1
700,800,40000,1,10,30,12.5093,0.99219,314.866,63.1398,78.0194,59.6313,22.3233,21.0828,58.4338,80.8542,1,1,58.1994,58.8486,109.69,127.801,46.6793,17.7009,1.19768,4.10141,24.2776,26.0612,0.0868056,0.989318,1,1
700,800,-40000,1,20,20,-22.1407,0.99213,317.307,62.8439,77.6288,59.8799,22.2187,21.1707,57.9907,81.1185,1,1,57.0796,60.0733,109.579,128.916,48.3697,17.4973,1.18268,4.0904,23.2973,26.786,0.0925926,0.989303,1,1
700,800,50000,1,20,30,24.567,0.990232,493.233,81.277,99.1319,76.6455,28.7358,27.0983,81.264,100.207,0,1,62.7096,64.4144,184.75,193.713,65.4813,28.0283,2.2649,6.5305,33.7653,35.4119,0.0868056,0.98728,1,1
700,800,-50000,1,20,30,-34.5677,0.990196,495.064,81.279,99.1342,76.6474,28.7365,27.099,81.2664,100.209,1,0,62.6247,64.6394,184.809,195.495,65.4736,28.0241,2.26503,6.5308,33.7664,35.4128,0.0868056,0.987272,1,1
700,800,60000,1,20,30,31.8825,0.98781,740.418,100.354,121.016,94.405,35.4806,33.3772,104.19,120.268,1,1,69.6271,71.2121,287.806,282.878,91.3908,44.3685,3.87635,9.58766,44.7986,45.6055,0.0868056,0.984677,1,1
700,800,-60000,1,20,30,-41.8825,0.98781,740.407,100.354,121.016,94.405,35.4806,33.3772,104.19,120.268,1,1,69.7659,71.0714,287.813,282.893,91.3701,44.356,3.87635,9.58766,44.7986,45.6055,0.0868056,0.984674,1,1
700,850,2500,1,90,75,9.76492,0.899914,278.043,28.3861,40.1976,31.2409,10.036,11.0453,0,43.7918,0,1,63.0246,56.032,25.9533,227.465,16.3679,4.62686,0.199607,0.253663,7.26976,12.9345,0.0645616,0.839626,0,1
700,850,-2500,1,90,90,-2.19385,0.979942,51.172,13.3528,21.7871,16.8835,4.72092,5.96922,0,25.9235,0,1,50.4821,52.6887,6.57598,34.8365,7.76422,0.831184,0.118478,0.064412,7.10824,8.7442,0.0553385,0.955441,1,1
700,850,5000,1,90,75,11.9311,0.938412,328.149,29.6313,40.1976,32.2386,10.4762,11.3981,0,43.7918,0,1,66.5711,56.0939,28.0939,274.733,16.6902,4.64146,0.272408,0.309071,9.64646,14.2607,0.0645616,0.914346,0,1
700,850,-5000,1,90,90,-4.42475,0.988172,59.8468,15.825,28.4608,18.6626,5.59499,6.59823,0,32.041,0,1,50.5495,53.1335,8.50257,38.836,9.11865,1.89639,0.183109,0.118455,9.30823,10.3911,0.0553385,0.975831,1,1
700,850,7500,1,90,90,6.79986,0.967547,251.564,19.4681,35.5658,21.4712,6.88301,7.59123,7.41764,38.554,0,1,63.7543,53.7612,12.1976,222.885,11.0576,3.35043,0.298166,0.213274,12.289,12.8054,0.0553385,0.942102,0,1
700,850,-7500,1,75,90,-13.9676,0.990096,75.0243,16.5368,34.572,16.11,5.84664,5.69576,7.21154,37.643,0,1,52.0149,52.4428,7.57622,52.3085,10.4193,3.17669,0.265774,0.179331,11.6554,12.0286,0.0553385,0.982601,1,1
700,850,10000,1,75,90,1.12571,0.991205,88.7263,20.8726,41.0278,20.0432,7.37957,7.08635,10.9599,43.5608,0,1,52.4973,52.948,11.9201,58.8157,11.7976,4.00555,0.393444,0.303467,14.4187,14.3559,0.0553385,0.956491,0,1
700,850,-10000,1,50,60,-11.4687,0.992519,75.3745,19.6843,39.6499,21.6395,6.95944,7.65073,0,44.2817,1,0,50.4981,53.5963,12.0554,42.3552,15.6229,3.12423,0.376782,0.288779,13.1935,15.0733,0.0737847,0.98586,1,1
700,850,15000,1,75,90,5.60072,0.991444,129.445,30.2767,54.4145,28.6955,10.7044,10.1454,25.8607,55.832,0,1,53.4079,54.1419,24.8696,76.7335,16.4697,7.1673,0.777595,0.663638,20.5927,19.7893,0.0553385,0.971115,0,1
700,850,-15000,1,40,60,-19.6873,0.992974,106.129,27.3267,49.2784,26.9877,9.66146,9.54159,9.61538,53.1078,0,1,52.036,53.8388,21.0172,57.2243,19.1897,5.37776,0.544155,0.612059,16.2409,17.7026,0.0737847,0.988846,1,1
700,850,20000,1,40,60,2.95289,0.992958,141.842,35.1743,59.0471,34.0343,12.436,12.033,19.4478,62.0625,0,1,52.8843,54.8993,34.2556,72.1393,22.9528,7.53408,0.786177,1.06102,19.8111,20.9564,0.0737847,0.978254,0,1
700,850,-20000,1,0,20,-19.6861,0.993231,136.294,32.7463,56.041,34.0378,11.5775,12.0342,2.849,61.9522,1,1,51.6464,55.3531,31.8701,64.1172,29.759,6.05278,0.640791,1.01135,15.8245,20.9953,0.0983796,0.989809,1,1
700,850,30000,1,0,30,0.501319,0.992988,211.837,46.9343,71.7454,45.8742,16.5938,16.219,21.1671,75.6866,1,1,54.136,57.1777,61.9929,94.4027,36.0981,10.8366,0.847557,2.21296,18.7907,23.5999,0.0922309,0.989468,0,1
700,850,-30000,1,10,20,-19.8346,0.992789,217.901,46.6742,71.4426,46.2189,16.5018,16.3408,20.6388,76.0703,1,1,53.3505,58.303,62.1398,98.5205,38.4364,10.8368,0.844975,2.20597,17.9545,24.3025,0.0983796,0.989447,1,1
700,850,40000,1,10,40,7.34826,0.991825,329.684,63.723,90.5361,60.6771,22.5295,21.4526,45.6575,92.2501,1,1,57.3754,60.727,112.783,138.679,47.0252,17.6583,1.53214,3.98076,26.7219,30.2733,0.0860822,0.988417,1,1
700,850,-40000,1,20,30,-26.5971,0.991781,331.498,63.2228,89.9805,60.8905,22.3526,21.528,44.8478,92.4021,1,1,56.4122,61.7287,112.233,139.178,48.9823,17.708,1.48798,3.96184,25.5308,30.655,0.0922309,0.98838,1,1
700,850,50000,1,10,40,13.3967,0.990387,485.307,80.0046,108.63,75.7183,28.2859,26.7705,65.7974,108.836,1,1,61.6157,65.0608,179.46,192.299,64.5014,28.0646,2.33287,6.24306,33.3115,36.9963,0.0860822,0.98683,1,1
700,850,-50000,1,20,30,-32.5894,0.990447,482.279,79.4674,107.906,75.7613,28.096,26.7857,64.8009,108.834,1,1,60.1406,66.3112,178.186,189.983,66.0379,27.5434,2.24911,6.2171,31.8166,37.2579,0.0922309,0.986812,1,1
700,850,60000,1,20,30,29.1975,0.988256,712.983,97.1785,127.674,92.1009,34.3578,32.5626,86.8044,126.955,0,1,66.3245,73.0437,270.963,277.813,89.7723,43.0603,3.54125,9.07147,40.619,46.0312,0.0922309,0.984709,1,1
700,850,-60000,1,20,30,-39.1974,0.988265,712.439,97.1782,127.674,92.1006,34.3577,32.5625,86.804,126.954,1,1,66.4133,72.913,270.955,277.293,89.7625,43.0547,3.54122,9.07142,40.6188,46.031,0.0922309,0.984699,1,1
700,900,2500,1,90,90,2.2191,0.859371,409.105,20.2728,30.6768,23.6202,7.16752,8.35101,0,34.4225,0,1,75.0231,54.337,14.3094,380.226,10.6208,1.53793,0.2386,0.135275,10.45,12.0459,0.0585938,0.796757,0,1
700,900,-2500,1,50,75,-14.2697,0.963191,95.5391,14.9933,33.3389,16.6924,5.30092,5.90164,9.34829,37.9131,0,1,51.5412,54.2471,7.10604,64.603,16.2286,5.40713,0.382666,0.07807,13.6849,14.7732,0.0683594,0.929788,0,1
700,900,5000,1,90,90,4.31756,0.92594,399.919,21.9536,36.9542,24.9026,7.76179,8.8044,0,40.1768,0,1,73.7873,54.777,16.2729,366.294,11.9715,2.67803,0.302215,0.188871,12.0325,13.2698,0.0585938,0.88815,0,1
700,900,-5000,1,50,75,-16.0073,0.980674,98.5331,16.7693,38.5369,18.1133,5.92886,6.40401,9.34829,42.6779,0,1,51.5987,54.3057,8.68045,65.1829,16.5867,5.70856,0.415407,0.126116,14.3145,15.3299,0.0683594,0.962206,1,1
700,900,7500,1,90,90,6.47037,0.950026,394.521,24.5095,43.3943,26.9119,8.66542,9.51478,0,46.0802,0,1,72.5756,55.2704,19.5676,353.857,13.7726,4.11414,0.408554,0.277244,14.2952,15.0916,0.0585938,0.923154,0,1
700,900,-7500,1,50,75,-17.7458,0.986331,103.937,19.3605,43.7373,20.2525,6.84496,7.16034,9.34829,47.4449,0,1,51.6946,54.4008,11.1883,66.943,17.1136,6.01909,0.46974,0.20585,15.3023,16.2116,0.0683594,0.972925,1,1
700,900,10000,1,75,90,0.73415,0.969551,314.058,21.728,48.6705,22.4175,7.68201,7.92578,0.985786,50.9167,0,1,67.5659,54.0826,14.2771,279.224,13.3704,4.4672,0.495763,0.310585,16.1401,16.169,0.0585938,0.941576,0,1
700,900,-10000,1,75,90,-15.648,0.989807,102.978,21.556,48.4127,22.2715,7.62121,7.87416,0.681924,50.6804,1,0,50.7718,55.3341,13.7019,68.8086,13.3352,4.44238,0.490241,0.304859,16.044,16.0857,0.0585938,0.978248,1,1
700,900,15000,1,75,90,4.8895,0.983683,248.821,30.3604,61.1011,29.9457,10.734,10.5874,15.636,62.3114,0,1,60.7141,55.3263,26.4028,192.663,17.7042,7.54491,0.837687,0.651145,21.2581,20.6821,0.0585938,0.960558,0,1
700,900,-15000,1,60,75,-18.0051,0.991846,123.32,29.4777,59.4705,30.0915,10.422,10.6389,4.9861,61.8671,1,0,51.3435,55.4907,25.3389,67.8833,19.3022,6.48336,0.770794,0.632199,19.896,20.4304,0.0683594,0.983377,1,1
700,900,20000,1,50,75,1.45931,0.991897,163.393,37.4743,69.8035,36.2313,13.2491,12.8097,14.4933,71.339,0,1,52.8768,56.2042,38.9441,85.673,23.6478,9.09817,1.06847,1.08174,23.5917,23.859,0.0683594,0.970132,0,1
700,900,-20000,1,30,50,-21.2713,0.992168,157.869,36.2415,68.4398,37.0322,12.8133,13.0929,0,71.8395,1,0,51.487,57.0268,38.4583,77.9287,27.6947,7.84949,1.01951,1.05429,22.0661,24.4091,0.0846354,0.985689,1,1
700,900,30000,1,20,50,1.91345,0.991967,242.928,50.3356,85.318,49.0525,17.7963,17.3427,16.8957,87.3112,0,1,54.0843,59.23,71.346,112.324,36.8434,12.9836,1.41699,2.24599,25.8783,28.9226,0.0846354,0.979239,0,1
700,900,-30000,1,0,30,-29.6453,0.992079,239.527,49.0992,83.8748,49.1349,17.3592,17.3718,4.80769,87.3887,1,1,53.2015,59.7054,69.6532,108.169,40.7198,11.8659,1.30906,2.20894,23.6493,29.0449,0.0976562,0.987177,1,1
700,900,40000,1,0,40,0.935545,0.991379,347.832,63.534,100.021,61.4258,22.4627,21.7173,25.7343,101.489,1,1,56.5157,62.5787,113.958,150.495,49.916,18.5384,1.69857,3.85414,27.2539,32.7761,0.0911458,0.986633,0,1
700,900,-40000,1,10,30,-29.858,0.991368,348.277,63.0641,99.4685,61.6058,22.2965,21.781,24.6064,101.683,1,1,55.4389,63.6427,113.412,150.461,52.3131,18.3684,1.64859,3.83632,25.9768,33.1309,0.0976562,0.986668,1,1
700,900,50000,1,10,50,8.47045,0.989953,507.457,80.9877,119.89,76.8947,28.6335,27.1864,54.9706,119.002,1,0,60.8027,67.4562,184.919,208.008,64.8844,27.7794,2.79763,6.10365,36.3413,40.6616,0.0846354,0.985679,1,1
700,900,-50000,1,20,40,-37.2403,0.990089,500.513,80.1237,118.881,76.7637,28.328,27.1401,53.3045,118.778,1,1,59.4906,68.2211,182.372,202.638,66.6094,27.7404,2.64884,6.06132,34.4365,40.5269,0.0911458,0.985644,1,1
700,900,60000,1,10,40,17.7874,0.988444,701.458,95.5517,135.475,90.8099,33.7826,32.1062,70.1906,133.989,1,1,65.1404,73.6947,262.387,278.28,88.0233,42.8477,3.43929,8.70395,39.2133,46.2063,0.0911458,0.984069,1,1
700,900,-60000,1,20,40,-43.446,0.988478,699.357,96.7297,137.445,92.0182,34.1991,32.5333,75.1835,135.795,1,1,64.66,74.1204,269.101,271.145,87.8847,40.8575,3.74345,8.7717,41.2373,47.873,0.0911458,0.984051,1,1
800,400,2500,1,90,0,49.2194,0.896358,289.065,50.675,89.9449,43.9159,17.9163,15.5266,89.9449,0,1,0,63.8522,52.5614,65.5096,162.368,28.3203,19.0574,2.84085,0.797708,34.1809,43.4153,0.0520833,0.625782,1,0
800,400,-2500,1,90,90,-4.61104,0.798234,631.915,68.4515,90.5586,60.4913,24.2013,21.3869,90.5586,0,1,0,67.3678,73.585,126.385,433.653,34.8578,16.2323,2.02846,1.43666,34.4256,30.4549,0.0260417,0.625711,1,0
800,400,5000,1,90,0,53.2137,0.944064,296.25,51.971,96.2039,45.2242,18.3745,15.9892,96.2039,0,1,0,64.1208,52.6751,69.1909,164.128,29.0701,19.7323,2.86774,0.913826,34.624,43.3541,0.0520833,0.769416,1,0
800,400,-5000,1,90,75,-0.947671,0.89554,583.226,63.1223,96.5704,55.4587,22.3171,19.6076,96.5704,0,1,0,66.1012,71.755,106.365,410.604,31.1021,15.7566,2.35285,1.30471,34.6672,35.8036,0.0303819,0.769363,1,0
800,400,7500,1,90,0,57.2111,0.960663,307.107,54.034,102.467,47.2964,19.1039,16.7218,102.467,0,1,0,64.5141,52.8623,75.2468,166.36,30.3282,20.5195,2.91195,1.10472,35.3403,43.2531,0.0520833,0.832914,1,0
800,400,-7500,1,90,75,-5.07743,0.927434,586.826,64.9285,103.042,57.2576,22.9557,20.2436,103.042,0,1,0,67.1026,70.6222,112.935,403.093,33.3378,17.8283,2.44399,1.50197,35.6494,36.1207,0.0303819,0.832873,1,0
800,400,10000,1,90,0,61.212,0.968756,322.519,56.7827,108.737,50.0399,20.0757,17.6918,108.737,0,1,0,65.0988,53.1233,83.7092,169.955,32.0716,21.4008,2.97353,1.37062,36.3145,43.1121,0.0520833,0.868609,1,0
800,400,-10000,1,90,60,-1.4098,0.947271,556.639,62.7175,109.047,55.3214,22.174,19.5591,109.047,0,1,0,66.4412,69.2369,105.042,382.956,31.9504,17.8143,2.69508,1.59273,36.3857,39.1303,0.0347222,0.868576,1,0
800,400,15000,1,90,0,69.2241,0.976177,366.072,63.9692,121.291,57.1382,22.6165,20.2014,121.291,0,1,0,66.7638,53.8699,107.96,180.089,37.0733,23.4884,3.14896,2.12813,38.9565,42.7079,0.0520833,0.907231,1,0
800,400,-15000,1,90,50,-4.4953,0.963678,565.359,67.4555,121.716,60.1577,23.8491,21.269,121.716,0,1,0,68.1352,67.3439,122.745,364.435,36.8883,21.3892,3.01334,2.27743,39.2036,40.5517,0.0376157,0.907208,1,0
800,400,20000,1,90,0,77.2493,0.979145,425.985,72.8423,133.866,65.7953,25.7537,23.2622,133.866,0,1,0,69.0475,54.9211,142.225,193.42,44.0225,25.9489,3.39437,3.1878,42.3769,42.1359,0.0520833,0.927201,1,0
800,400,-20000,1,90,30,-2.40431,0.971809,580.167,73.7857,134.109,66.5705,26.0872,23.5362,134.109,0,1,0,69.7123,65.9059,148.503,342.889,43.0289,24.335,3.35964,3.24148,42.4837,41.5278,0.0434028,0.927183,1,0
800,400,30000,1,75,0,79.132,0.978869,647.605,96.3867,162.457,87.6344,34.0778,30.9834,162.457,0,1,1,78.4618,57.7311,256.508,252.408,69.0184,37.3672,4.66493,6.37914,53.7922,43.9608,0.0520833,0.946707,1,0
800,400,-30000,1,90,0,-3.53877,0.978067,672.734,93.9686,159.391,86.131,33.2229,30.4519,159.391,4.93989,1,0,76.211,62.5677,246.094,296.489,65.7929,35.3639,4.14555,6.24383,51.1254,40.8272,0.0520833,0.946694,1,0
800,400,40000,0,75,20,89.7105,0.973556,1086.48,124.933,194.703,114.935,44.1706,40.6356,194.703,64.1386,1,1,94.7818,65.7177,457.049,395.954,113.326,67.0668,7.43276,11.1031,69.7166,52.7368,0.0462963,0.957014,1,1
800,400,-40000,0,75,10,-28.3608,0.974173,1060.45,123.215,192.588,113.325,43.563,40.0664,192.588,51.7325,1,1,93.695,65.36,443.196,389.228,111.047,66.0291,6.99507,10.9711,68.3613,49.9926,0.0491898,0.953939,1,0
800,400,50000,0,40,10,86.2018,0.961215,2017.52,160.281,241.199,147.538,56.6677,52.1627,241.199,84.1401,1,1,136.067,77.7447,845.03,759.265,184.965,121.747,16.7126,17.8629,108.479,72.4775,0.0491898,0.951628,1,1
800,400,-50000,0,40,0,-50.5394,0.96133,2011.26,159.473,240.161,146.777,56.3824,51.8936,240.161,73.8876,1,1,135.204,77.709,834.645,756.657,183.934,121.726,16.583,17.7846,107.734,72.7704,0.0520833,0.951652,1,1
800,400,60000,0,0,0,nan,nan,nan,nan,nan,nan,nan,nan,nan,nan,0,0,nan,nan,nan,nan,nan,nan,nan,nan,nan,nan,0.0520833,nan,0,0
800,400,-60000,0,0,0,nan,nan,nan,nan,nan,nan,nan,nan,nan,nan,0,0,nan,nan,nan,nan,nan,nan,nan,nan,nan,nan,0.0520833,nan,0,0
800,450,2500,1,90,0,48.7149,0.912786,238.868,42.8575,81.0679,36.8032,15.1524,13.0119,81.0679,10.7091,1,1,61.2604,52.1297,46.2227,139.155,25.0911,17.3257,2.11196,0.573333,30.5981,36.3399,0.0585938,0.653291,1,0
800,450,-2500,1,90,90,-4.05162,0.810359,585.053,61.2438,81.6615,53.6014,21.6529,18.951,81.6615,0,1,0,64.4827,74.2277,99.8437,427.481,28.3732,12.7535,1.61334,1.15059,30.8171,27.004,0.0292969,0.653197,1,0
800,450,5000,1,90,0,52.2651,0.953197,245.503,44.2067,87.3263,38.1766,15.6294,13.4975,87.3263,10.7091,1,1,61.5109,52.2298,49.4442,140.913,25.7696,17.9927,2.14955,0.671569,31.089,36.4398,0.0585938,0.790178,1,0
800,450,-5000,1,90,90,-7.84753,0.895359,584.355,62.3078,88.353,54.6659,22.0291,19.3273,88.353,0,1,0,65.3562,72.9501,103.544,418.961,30.2584,14.7437,1.73123,1.25571,31.8467,28.0771,0.0292969,0.79011,1,0
800,450,7500,1,90,0,55.8183,0.96694,256.424,46.3449,93.5899,40.3385,16.3854,14.2618,93.5899,10.7091,1,1,61.9484,52.395,54.7663,144.139,26.8788,18.7435,2.21152,0.833497,31.8817,36.6038,0.0585938,0.849371,1,0
800,450,-7500,1,90,75,-3.58611,0.933607,533.359,56.9778,94.0621,49.7036,20.1447,17.5729,94.0621,0,1,0,64.0612,70.9641,85.677,391.447,26.7301,14.0867,1.95999,1.17001,32.0806,32.1628,0.0341797,0.84932,1,0
800,450,10000,1,90,0,59.374,0.973635,270.794,49.1709,99.8579,43.1722,17.3845,15.2637,99.8579,10.7091,1,1,62.5088,52.6256,62.1992,147.953,28.4394,19.5934,2.2979,1.05924,32.955,36.8312,0.0585938,0.882178,1,0
800,450,-10000,1,90,75,-7.36647,0.948747,540.217,59.4825,100.726,52.2128,21.0302,18.46,100.726,0,1,0,65.1128,69.9273,93.9347,384.331,29.4657,16.3422,2.11972,1.40429,33.6144,33.1453,0.0341797,0.882137,1,0
800,450,15000,1,90,0,66.4937,0.979661,311.418,56.4562,112.409,50.3832,19.9603,17.8132,112.409,10.7091,1,1,64.1173,53.2851,83.5093,158.889,32.8444,21.5343,2.54417,1.7028,35.8389,37.472,0.0585938,0.917181,1,0
800,450,-15000,1,90,50,-1.64498,0.967518,503.581,59.226,112.675,52.5287,20.9396,18.5717,112.675,0,1,0,64.9924,67.2103,93.5706,346.855,30.0948,17.2993,2.49304,1.80842,35.93,36.5699,0.0423177,0.917152,1,0
800,450,20000,1,90,0,73.6241,0.981982,366.968,65.3005,124.978,59.013,23.0872,20.8643,124.978,10.7091,1,1,66.2959,54.2133,113.61,173.02,39.0164,23.836,2.8888,2.60339,39.5228,38.3508,0.0585938,0.935242,1,0
800,450,-20000,1,90,40,-3.81731,0.974404,525.357,66.6593,125.319,59.9959,23.5676,21.2117,125.319,0,1,0,67.1602,65.5001,120.276,328.871,36.9591,21.2447,2.89485,2.66759,39.7202,38.1983,0.0455729,0.93522,1,0
800,450,30000,1,90,0,87.9134,0.983023,518.116,85.6999,150.168,78.6322,30.2995,27.8007,150.168,10.7091,0,1,71.9847,56.9038,201.37,204.95,56.6672,29.5068,3.8746,5.1795,48.5406,40.76,0.0585938,0.957767,1,0
800,450,-30000,1,90,10,-2.98125,0.982185,544.137,85.8037,150.287,78.7133,30.3362,27.8294,150.287,11.6224,1,0,72.3926,58.4327,202.477,229.842,56.56,29.8061,3.88929,5.18741,48.6202,40.8548,0.0553385,0.953139,1,0
800,450,40000,0,75,10,83.6344,0.979762,826.256,109.349,177.08,100.409,38.6609,35.4998,177.08,37.1735,1,1,84.1519,61.7781,339.491,307.613,89.17,50.5294,5.51076,8.89585,60.5564,44.5677,0.0553385,0.96433,1,1
800,450,-40000,0,75,0,-13.3163,0.979697,828.932,108.889,176.519,99.9836,38.4982,35.3495,176.519,28.9367,1,1,83.9939,62.0011,336.629,311.084,89.3593,51.3215,5.4122,8.86608,60.1518,43.9409,0.0585938,0.960384,1,0
800,450,50000,0,60,10,88.4645,0.972707,1402.95,139.139,211.236,128.207,49.1931,45.3282,211.236,75.815,1,1,106.771,71.5312,588.535,514.865,141.852,87.8776,9.96418,14.1622,81.6979,59.4896,0.0553385,0.962061,1,1
800,450,-50000,0,60,10,-38.4635,0.972723,1402.11,139.137,211.234,128.206,49.1925,45.3276,211.234,75.8118,1,1,106.822,71.4187,588.499,514.088,141.834,87.8682,9.96386,14.162,81.6968,59.4883,0.0553385,0.962102,1,1
800,450,60000,0,20,0,86.9113,0.955664,2783.55,178.619,268.059,164.862,63.1512,58.2875,268.059,110.716,1,1,167.445,89.5916,1153.29,1059.01,231.899,164.352,27.1357,21.7996,138.009,92.7431,0.0585938,0.950504,1,1
800,450,-60000,0,20,0,-66.91,0.955673,2782.97,178.617,268.057,164.86,63.1505,58.2869,268.057,110.712,1,1,167.477,89.5191,1153.23,1058.53,231.882,164.341,27.1348,21.7993,138.007,92.7407,0.0585938,0.950515,1,1
800,500,2500,1,90,20,38.313,0.928944,191.228,35.9666,72.1942,30.6522,12.7161,10.8372,72.1942,8.83587,1,0,59.0541,51.6475,32.1773,115.661,20.915,14.1396,1.5378,0.406817,27.0195,30.0655,0.0578704,0.68156,1,0
800,500,-2500,1,90,90,-3.60944,0.821745,542.305,54.0476,72.7749,46.7242,19.1087,16.5195,72.7749,0,1,0,61.9454,74.6717,76.5869,420.359,22.7141,9.77601,1.24694,0.897703,27.2198,23.5665,0.0325521,0.68144,1,0
800,500,5000,1,90,20,41.508,0.961983,197.595,37.3986,78.4522,32.1195,13.2224,11.3559,78.4522,8.83587,1,0,59.3098,51.7368,35.0381,117.683,21.5164,14.7207,1.58195,0.491904,27.5708,30.3149,0.0578704,0.810845,1,0
800,500,-5000,1,90,90,-6.99838,0.902585,539.643,55.1166,79.4128,47.8064,19.4867,16.9021,79.4128,0,1,0,62.6568,73.4268,79.8433,410.475,24.5226,11.6241,1.35148,0.988593,28.2563,24.6464,0.0325521,0.810761,1,0
800,500,7500,1,90,20,44.7054,0.973034,207.853,39.6514,84.7151,34.4069,14.0189,12.1647,84.7151,8.83587,1,0,59.7344,51.8843,39.7728,121.044,22.5144,15.3844,1.65489,0.632483,28.4582,30.7226,0.0578704,0.865249,1,0
800,500,-7500,1,90,75,-2.41496,0.939213,485.407,49.1753,85.1255,42.3198,17.3861,14.9623,85.1255,0,1,0,61.4458,71.0912,62.7536,378.732,21.2328,10.9711,1.53475,0.892199,28.5901,28.2185,0.0379774,0.865186,1,0
800,500,10000,1,90,20,47.9048,0.978362,221.161,42.5962,90.9817,37.3654,15.06,13.2107,90.9817,8.83587,1,0,60.2654,52.0905,46.3906,124.889,23.9132,16.1333,1.75668,0.828645,29.6522,31.2825,0.0578704,0.895062,1,0
800,500,-10000,1,90,75,-5.76123,0.95323,490.647,51.727,91.6798,44.9075,18.2882,15.8772,91.6798,0,1,0,62.4301,70.0414,69.9944,371.467,23.7264,13.0086,1.6823,1.09464,30.1256,29.3094,0.0379774,0.895013,1,0
800,500,15000,1,90,20,54.3112,0.982991,259.542,50.0546,103.53,44.7436,17.697,15.8192,103.53,8.83587,1,0,61.8429,52.6804,65.3785,136.635,27.86,17.844,2.04708,1.3883,32.8208,32.8277,0.0578704,0.926711,1,0
800,500,-15000,1,90,60,-4.56025,0.969694,468.799,53.7118,104.018,47.3936,18.99,16.7562,104.018,0,1,0,63.1006,67.2741,76.3328,337.893,26.2971,15.24,2.04655,1.51098,33.1237,32.4534,0.0434028,0.926676,1,0
800,500,20000,1,90,40,50.7284,0.984724,310.262,59.377,116.099,53.4807,20.9929,18.9083,116.099,0,1,0,63.9408,53.7228,93.1526,153.343,31.4381,17.6699,2.45156,2.18753,36.8056,34.8362,0.0506366,0.943202,1,0
800,500,-20000,1,90,40,-0.826929,0.977355,463.395,59.52,116.292,53.6199,21.0435,18.9575,116.292,0,1,0,64.3528,64.7747,95.3451,304.051,31.5519,17.7389,2.45889,2.20123,36.8726,34.8731,0.0506366,0.943175,1,0
800,500,30000,1,75,10,65.5709,0.985101,453.739,79.1942,141.432,71.9132,27.9994,25.4251,141.432,0,0,1,70.1565,55.1264,169.3,185.469,50.5507,25.8957,3.54788,4.42269,46.5036,38.9261,0.0614873,0.965227,1,0
800,500,-30000,1,90,20,-3.66056,0.984835,461.962,79.1238,141.429,72.7602,27.9745,25.7246,141.429,20.3077,1,0,69.4902,56.2821,171.007,190.831,50.4198,26.8849,3.63892,4.42004,46.4457,40.3324,0.0578704,0.959079,1,0
800,500,40000,1,75,10,77.3934,0.983234,682.056,99.2393,164.588,91.1437,35.0864,32.2242,164.588,33.5376,0,1,78.1668,59.7872,275.058,259.266,75.0189,39.9525,4.73704,7.48085,55.6364,42.1323,0.0614873,0.970231,1,1
800,500,-40000,1,75,0,-7.11922,0.98315,685.548,98.8034,164.051,90.7469,34.9323,32.0839,164.051,26.3752,1,1,77.9237,60.0985,272.632,262.345,75.7246,41.1537,4.64593,7.45532,55.2226,41.5295,0.0651042,0.965751,1,0
800,500,50000,0,60,10,77.9907,0.978956,1074.82,123.054,191.399,113.199,43.5062,40.0218,191.399,58.9138,1,1,93.2708,66.4287,442.447,398.357,113.922,67.8735,7.22488,11.6459,70.0269,49.8959,0.0614873,0.969007,1,1
800,500,-50000,0,60,10,-27.9897,0.97898,1073.56,123.052,191.397,113.197,43.5056,40.0212,191.397,58.9107,1,1,93.3384,66.2645,442.39,397.147,113.922,67.876,7.22463,11.6456,70.0258,49.8949,0.0614873,0.969063,1,1
800,500,60000,0,40,10,78.9147,0.970908,1797.85,152.924,227.397,141.025,54.0668,49.8598,227.397,93.1485,1,1,123.228,77.5687,746.273,673.37,172.561,112.076,14.0169,17.3273,98.0111,68.7006,0.0614873,0.963768,1,1
800,500,-60000,0,40,10,-48.9138,0.97092,1797.07,152.923,227.395,141.023,54.0663,49.8593,227.395,93.1458,1,1,123.271,77.4681,746.206,672.678,172.55,112.07,14.0165,17.3271,98.0099,68.6993,0.0614873,0.963783,1,1
800,550,2500,1,90,30,32.994,0.939643,160.584,29.9962,63.3418,25.596,10.6052,9.04955,63.3418,13.519,1,1,57.2891,51.7558,22.3229,101.406,18.4902,12.0044,1.09049,0.286138,23.4486,24.5496,0.0596788,0.710181,1,0
800,550,-2500,1,90,90,-3.25093,0.832727,502.185,46.8634,63.8953,39.861,16.5687,14.093,63.8953,0,1,0,59.6408,74.9245,56.5304,410.895,17.8863,7.2717,0.928839,0.677278,23.6341,20.1433,0.0358073,0.710022,1,0
800,550,5000,1,90,30,35.8983,0.967756,166.591,31.5419,69.5993,27.1762,11.1517,9.60823,69.5993,13.519,1,1,57.4814,51.8366,24.8991,103.467,19.0333,12.5347,1.13877,0.361365,24.0792,24.9532,0.0596788,0.830827,1,0
800,550,-5000,1,90,90,-6.31284,0.909187,499.422,47.9695,70.4924,40.9982,16.9598,14.4951,70.4924,0,1,0,60.3308,73.7129,59.4544,401.472,19.5894,8.95264,1.02275,0.757405,24.7065,21.2672,0.0358073,0.83072,1,0
800,550,7500,1,90,30,38.8044,0.977128,175.555,33.9448,75.8605,29.6058,12.0013,10.4672,75.8605,13.519,1,1,57.837,51.9703,29.165,106.138,19.953,13.1524,1.21865,0.485821,25.0877,25.6069,0.0596788,0.88045,1,0
800,550,-7500,1,90,75,-1.47042,0.944455,441.087,41.562,76.2183,35.1694,14.6944,12.4343,76.2183,0,1,0,59.1044,71.0202,43.9665,363.275,16.8427,8.44291,1.16785,0.663312,25.1804,24.3216,0.0417752,0.880371,1,0
800,550,10000,1,90,30,41.7128,0.981491,188.585,37.0408,82.1269,32.6982,13.0959,11.5606,82.1269,13.519,1,1,58.3855,52.1573,35.1394,110.564,21.2179,13.833,1.33022,0.659635,26.4319,26.4928,0.0596788,0.907494,1,0
800,550,-10000,1,90,75,-4.47196,0.957501,443.858,44.2463,82.6853,37.9318,15.6434,13.4109,82.6853,0,1,0,59.9667,69.9496,50.3991,354.82,19.0896,10.2519,1.30706,0.84166,26.7694,25.5682,0.0417752,0.907433,1,0
800,550,15000,1,90,30,47.5351,0.98528,224.1,44.7124,94.6713,40.237,15.8082,14.2259,94.6713,13.519,1,1,59.8563,52.6922,52.269,121.848,24.8036,15.3964,1.64859,1.15566,29.9378,28.872,0.0596788,0.93605,1,0
800,550,-15000,1,90,60,-2.68781,0.972871,418.276,46.7303,95.0005,41.1413,16.5216,14.5456,95.0005,0,1,0,60.7276,66.7692,57.3509,316.411,22.0016,12.4314,1.65446,1.21818,30.0974,28.7914,0.0477431,0.936009,1,0
800,550,20000,1,90,50,43.423,0.987139,260.564,54.078,107.357,48.7402,19.1194,17.2323,107.357,3.64047,0,0,62.037,52.5893,76.8831,127.379,27.993,15.8572,2.10647,1.86372,34.3616,31.9807,0.0517216,0.950673,1,0
800,550,-20000,1,90,60,-8.87584,0.980447,398.863,55.8722,108.333,50.149,19.7538,17.7304,108.333,10.4261,1,0,63.1841,61.4794,83.1204,255.587,29.4493,17.3886,2.20664,1.9297,35.1092,32.8089,0.0477431,0.950642,1,0
800,550,30000,1,75,10,62.5368,0.986802,401.239,72.3651,131.089,65.9244,25.5849,23.3078,131.089,10.6207,1,1,67.1556,55.1575,140.962,171.906,45.6412,23.3164,3.08501,3.79118,43.2962,36.3948,0.067636,0.973604,1,0
800,550,-30000,1,90,30,-5.20621,0.986096,422.99,73.6874,132.745,68.0192,26.0524,24.0484,132.745,29.8348,1,1,67.4127,56.2377,148.222,183.045,46.1173,24.8401,3.4112,3.85071,44.5478,39.6213,0.0596788,0.964673,1,0
800,550,40000,1,60,10,60.524,0.985779,577.063,90.6568,152.393,82.6193,32.052,29.2103,152.393,20.0976,1,1,74.3909,57.6141,225.276,225.046,65.4744,33.363,3.99996,6.41669,51.4892,38.1361,0.067636,0.975284,1,1
800,550,-40000,1,60,0,-5.2985,0.985603,584.305,90.2279,151.907,82.2324,31.9004,29.0735,151.907,14.0244,1,0,74.3912,58.008,223.3,232.13,66.3432,34.6899,3.89736,6.39414,51.0042,37.353,0.0716146,0.970575,1,0
800,550,50000,0,60,10,71.3215,0.982806,874.758,111.455,175.657,102.524,39.4053,36.2477,175.657,53.9359,1,1,84.6149,63.823,354.727,326.995,96.3524,54.7875,5.75055,9.91902,62.2463,44.8946,0.067636,0.974166,1,1
800,550,-50000,0,60,10,-21.3207,0.98283,873.48,111.454,175.655,102.523,39.4048,36.2472,175.655,53.9335,1,1,84.7143,63.6253,354.688,325.757,96.3505,54.7895,5.75038,9.91876,62.2455,44.8938,0.067636,0.974223,1,1
800,550,60000,0,50,10,76.6384,0.977693,1368.96,136.744,204.207,126.225,48.3462,44.6271,204.207,86.2682,1,1,103.218,72.9181,565.627,506.095,141.426,87.3526,9.62583,14.5729,79.9877,58.9771,0.067636,0.970863,1,1
800,550,-60000,0,50,10,-36.6379,0.977703,1368.34,136.743,204.206,126.224,48.3459,44.6268,204.206,86.2667,1,1,103.281,72.8069,565.616,505.477,141.431,87.3579,9.62564,14.5727,79.987,58.9764,0.067636,0.970881,1,1
800,600,2500,1,90,50,22.7292,0.949902,131.851,24.3018,54.4918,20.0746,8.592,7.09744,54.4918,5.08933,1,0,55.887,51.9837,14.2242,90.2508,14.4711,8.5528,0.735875,0.191462,19.8877,19.4295,0.0564236,0.740002,1,0
800,600,-2500,1,90,90,-2.95575,0.842736,466.527,39.6944,55.0242,33.0172,14.0341,11.6733,55.0242,0,1,0,57.711,74.9855,39.6353,400.974,13.8976,5.20965,0.658788,0.488906,20.0631,16.7393,0.0390625,0.739797,1,0
800,600,5000,1,90,50,25.391,0.973339,136.959,26.0274,60.7482,21.8889,9.20206,7.7389,60.7482,5.08933,1,0,55.996,52.0574,16.5646,91.8484,14.9453,8.95798,0.786711,0.258977,20.6245,20.0142,0.0564236,0.851197,1,0
800,600,-5000,1,90,90,-5.74715,0.915495,461.525,40.8755,61.5852,34.2573,14.4517,12.1118,61.5852,0,1,0,58.261,73.7589,42.2735,389.79,15.5236,6.75048,0.74397,0.56062,21.2058,17.9517,0.0390625,0.851061,1,0
800,600,7500,1,90,50,28.0552,0.980841,146.498,28.6593,67.0101,24.603,10.1326,8.69847,67.0101,5.08933,1,0,56.2727,52.1796,20.4525,95.6614,15.7947,9.46581,0.870964,0.370873,21.791,20.9474,0.0564236,0.89588,1,0
800,600,-7500,1,90,75,-0.693715,0.949135,401.935,34.233,67.3357,28.3963,12.1032,10.0396,67.3357,0,1,0,57.2109,70.6891,29.2003,346.736,13.5672,6.46706,0.859177,0.480269,21.8678,20.5231,0.0455729,0.895782,1,0
800,600,10000,1,90,50,30.7206,0.984421,158.257,31.9753,73.2748,27.9568,11.305,9.88421,73.2748,5.08933,1,0,56.76,52.3506,25.8915,99.5356,16.9849,10.0496,0.988665,0.52719,23.3231,22.1854,0.0564236,0.919895,1,0
800,600,-10000,1,90,75,-3.41537,0.961286,402.735,37.152,73.7327,31.4488,13.1352,11.1188,73.7327,0,1,0,57.9841,69.6009,34.9883,337.428,15.5676,8.04589,0.992739,0.639923,23.5663,21.9839,0.0455729,0.919819,1,0
800,600,15000,1,90,60,31.0502,0.98891,168.221,40.581,85.8017,35.9019,14.3475,12.6932,85.8017,0,0,1,58.1419,51.2931,42.1773,88.9172,19.0895,10.2723,1.32465,0.98782,27.2296,25.3851,0.0520833,0.958589,1,0
800,600,-15000,1,90,60,-1.15896,0.975909,370.287,40.7539,86.0574,36.0733,14.4087,12.7538,86.0574,0,1,0,58.6194,65.938,43.5897,289.349,19.1928,10.3418,1.33309,0.998676,27.3199,25.461,0.0520833,0.94489,1,0
800,600,20000,1,75,40,35.8401,0.988839,225.747,50.1089,99.1968,44.4924,17.7162,15.7304,99.1968,0,1,0,60.6159,51.9721,64.9036,110.546,26.3221,13.2151,1.83111,1.63116,32.615,29.0605,0.0607639,0.97109,1,0
800,600,-20000,1,90,50,-1.41641,0.987703,249,49.0248,98.4146,44.6352,17.3329,15.7809,98.4146,9.52822,1,0,59.9596,54.4338,63.6856,135.83,25.3656,13.662,1.79852,1.59994,31.9268,29.3237,0.0564236,0.957647,1,0
800,600,30000,1,60,20,44.1432,0.988458,350.3,66.8907,120.849,60.1555,23.6494,21.2682,120.849,4.78408,1,0,65.5601,53.8678,118.466,153.86,41.1869,20.0459,2.63255,3.31833,40.4877,32.9099,0.0694444,0.978777,1,1
800,600,-30000,1,75,30,-5.14926,0.987567,377.688,66.8798,121.077,61.067,23.6456,21.5904,121.077,20.2016,1,0,65.1096,56.3113,120.393,178.442,40.9081,21.0211,2.73573,3.31969,40.6082,34.5031,0.0651042,0.969849,1,0
800,600,40000,1,50,10,50.0247,0.987717,497.442,83.1604,140.015,75.4462,29.4016,26.6743,140.015,18.7861,1,1,71.0293,56.4668,187.274,199.189,58.6505,28.5576,3.3338,5.59034,47.2303,34.453,0.0737847,0.979671,1,1
800,600,-40000,1,60,0,-2.14481,0.987797,494.168,82.8478,139.657,75.7157,29.2911,26.7695,139.657,21.0005,1,1,69.9355,57.296,186.918,195.622,59.0079,28.4034,3.32838,5.57444,46.7618,35.1179,0.078125,0.97505,1,0
800,600,50000,1,50,10,58.7323,0.985498,735.757,101.477,160.482,93.0429,35.8774,32.8957,160.482,46.0749,1,1,79.206,61.405,288.583,282.422,83.919,46.0899,4.59101,8.59483,56.0321,39.4202,0.0737847,0.978327,1,1
800,600,-50000,1,60,10,-16.4895,0.985456,737.911,102.374,161.621,94.3315,36.1945,33.3512,161.621,54.7156,1,1,78.5579,62.2051,294.934,278.317,84.3238,45.1946,4.83025,8.64991,56.5406,41.9732,0.0737847,0.978375,1,1
800,600,60000,0,50,10,69.3386,0.98186,1108.5,123.867,185.411,114.369,43.7935,40.4356,185.411,79.3142,1,1,91.8876,69.4687,450.478,412.468,120.199,71.2266,7.30944,12.5603,69.5578,51.6259,0.0737847,0.975712,1,1
800,600,-60000,0,50,10,-29.3384,0.981868,1108.04,123.866,185.411,114.369,43.7933,40.4354,185.411,79.3133,1,1,91.974,69.3451,450.475,412.005,120.202,71.2317,7.30935,12.5602,69.5574,51.6256,0.0737847,0.975731,1,1
800,650,2500,1,90,60,17.509,0.957546,110.84,19.3066,45.6514,15.6479,6.82591,5.53237,45.6514,5.08933,1,0,54.6314,52.1742,8.82066,80.47,12.2654,6.37622,0.467368,0.124653,16.3442,14.8582,0.0564236,0.84264,1,0
800,650,-2500,1,90,90,-2.70824,0.852148,433.762,32.5472,46.1588,26.2043,11.5072,9.26462,46.1588,0,1,0,56.1148,74.8835,25.8372,389.11,10.7543,3.55694,0.436588,0.332297,16.5132,13.3652,0.0423177,0.770641,1,0
800,650,5000,1,90,60,19.966,0.97733,115.98,21.2765,51.9078,17.7466,7.52237,6.27438,51.9078,5.08933,1,0,54.7236,52.242,10.9683,82.2698,12.7775,6.77108,0.519788,0.18607,17.2308,15.6766,0.0564236,0.912581,1,0
800,650,-5000,1,90,90,-5.27352,0.921215,427.612,33.8585,52.6908,27.6226,11.9708,9.76605,52.6908,0,1,0,56.5523,73.644,28.2482,377.239,12.2858,4.94741,0.514529,0.397326,17.7744,14.731,0.0423177,0.871282,1,0
800,650,7500,1,90,60,22.4241,0.983855,123.075,24.1919,58.1667,20.7643,8.55313,7.3413,58.1667,5.08933,1,0,54.8793,52.3546,14.532,84.1714,13.5272,7.17781,0.60671,0.287909,18.6083,16.9468,0.0564236,0.942872,1,0
800,650,-7500,1,90,90,-7.92021,0.946512,423.831,35.9547,59.43,29.8548,12.7119,10.5553,59.43,0,1,0,57.0799,72.4214,32.3103,365.116,14.2577,6.60052,0.645239,0.50467,19.7034,16.7816,0.0423177,0.910755,1,0
800,650,10000,1,90,75,17.4127,0.987495,126.635,30.4951,64.5035,25.6049,10.7816,9.05269,64.5035,0,1,0,55.6593,51.7864,22.6911,79.9704,13.0549,6.2734,0.731168,0.47795,20.4574,18.5653,0.0493707,0.959864,1,0
800,650,-10000,1,90,75,-2.5321,0.964955,363.174,30.6639,64.8075,25.7811,10.8413,9.115,64.8075,0,1,0,56.2233,68.9562,23.5892,315.395,13.1549,6.3484,0.73841,0.485752,20.557,18.6589,0.0493707,0.931732,1,0
800,650,15000,1,75,50,25.1856,0.990263,147.495,37.6203,78.108,32.6116,13.3008,11.5299,78.108,0,0,1,57.0914,51.0779,35.5321,77.9524,18.8776,8.54774,1.12992,0.870999,25.7217,22.6917,0.0611256,0.976232,1,0
800,650,-15000,1,90,75,-7.7053,0.980278,301.783,38.7484,77.98,34.0092,13.6996,12.0241,77.98,10.9726,1,0,57.8195,61.7756,38.7979,227.471,18.4313,10.1516,1.14701,0.901426,25.5311,23.3728,0.0493707,0.953433,1,0
800,650,20000,1,75,50,29.5116,0.990183,198.278,45.4553,89.1232,40.4246,16.0709,14.2923,89.1232,7.90017,0,1,58.9783,52.042,53.3138,100.233,24.0141,11.8908,1.48052,1.41354,29.5422,25.8402,0.0611256,0.980474,1,1
800,650,-20000,1,90,60,-4.87811,0.988973,222.997,45.4244,89.8784,41.5574,16.0599,14.6927,89.8784,20.3768,1,0,58.6402,54.1664,54.7467,122.562,23.7557,12.7956,1.58901,1.41368,30.0499,27.5104,0.0564236,0.964252,1,0
800,650,30000,1,40,0,39.0283,0.990261,295.041,61.2249,109.527,54.2883,21.6463,19.1938,109.527,0,1,0,63.1718,52.8946,97.4191,127.439,39.9737,16.4385,2.10849,2.91021,37.0519,28.2138,0.0846354,0.983137,1,1
800,650,-30000,1,60,20,-2.22485,0.989855,307.465,60.6989,108.941,54.9645,21.4603,19.4329,108.941,13.7582,1,0,62.6027,54.4962,97.6713,141.167,37.7703,17.1337,2.11525,2.89171,36.3748,29.3786,0.0752315,0.974686,1,0
800,650,40000,1,40,10,40.8024,0.989307,432.363,76.1417,126.776,68.8309,26.9202,24.3354,126.776,21.4768,1,1,68.1236,55.6563,155.414,178.332,53.6164,25.0189,2.64258,4.91687,42.4243,30.0531,0.0799334,0.983106,1,1
800,650,-40000,1,50,0,-2.3785,0.989376,429.538,75.8447,126.427,69.107,26.8152,24.433,126.427,22.9227,1,1,66.9339,56.5926,155.16,174.785,54.2587,24.7728,2.63591,4.90311,41.9025,30.789,0.0846354,0.98177,1,0
800,650,50000,1,50,20,50.8812,0.987512,632.292,94.9536,148.077,87.2598,33.5712,30.851,148.077,56.556,0,1,74.5883,60.2716,250.112,240.032,74.5984,37.3345,4.10856,7.67896,52.014,38.9218,0.0752315,0.981774,1,1
800,650,-50000,1,50,10,-15.1916,0.987566,629.515,93.6415,146.321,86.1058,33.1073,30.443,146.321,50.9014,1,0,74.1258,60.5346,243.267,243.578,75.0349,38.4207,3.79326,7.60445,50.3957,36.7247,0.0799334,0.981812,1,1
800,650,60000,0,40,10,56.7105,0.984663,934.571,112.727,167.283,103.901,39.8549,36.7345,167.283,71.3312,1,1,85.1506,66.4112,365.389,358.854,105.08,60.5849,5.62273,10.9957,61.5916,44.325,0.0799334,0.979447,1,1
800,650,-60000,0,40,10,-26.7102,0.984673,933.945,112.726,167.282,103.9,39.8546,36.7343,167.282,71.3303,1,1,85.2446,66.2664,365.379,358.217,105.09,60.5944,5.62264,10.9956,61.5912,44.3246,0.0799334,0.979465,1,1
800,700,2500,1,90,60,17.3202,0.965334,89.7783,16.0492,36.811,14.9196,5.67425,5.27487,36.811,16.3289,1,1,53.4874,51.7503,6.83484,61.9681,12.8912,5.9434,0.27456,0.0889415,12.8312,10.9772,0.0607639,0.919787,1,0
800,700,-2500,1,90,90,-2.49803,0.860894,403.957,25.4374,37.2987,19.4518,8.99349,6.87723,37.2987,0,1,0,54.6257,74.522,15.0964,375.437,8.45899,2.27938,0.262117,0.207272,12.9993,10.0481,0.0455729,0.800956,1,0
800,700,5000,1,90,60,19.6012,0.981567,93.8955,18.2095,43.0661,16.9551,6.43802,5.99453,43.0661,16.3289,1,1,53.5786,51.8131,8.81524,62.9634,13.3642,6.33119,0.327863,0.145367,13.9399,12.1084,0.0607639,0.961491,1,0
800,700,-5000,1,90,90,-4.87099,0.926531,396.473,26.9684,43.8058,21.1827,9.53476,7.48923,43.8058,0,1,0,55.0509,73.2706,17.3156,362.651,9.90179,3.53004,0.333934,0.266872,14.4532,11.6723,0.0455729,0.890595,1,0
800,700,7500,1,90,60,21.8836,0.986749,100.721,21.3179,49.3246,19.8795,7.53702,7.02845,49.3246,16.3289,1,1,53.7303,51.9173,12.1071,64.9218,14.067,6.7373,0.416358,0.239045,15.6076,13.783,0.0607639,0.973543,1,0
800,700,-7500,1,90,90,-7.31351,0.950328,392.009,29.36,50.5036,23.8079,10.3803,8.41735,50.5036,0,1,0,55.6093,72.0326,21.0473,350.327,11.8364,5.09297,0.454295,0.365313,16.6026,13.9832,0.0455729,0.924855,1,0
800,700,10000,1,75,60,15.3509,0.990902,91.8172,26.703,57.0521,21.8996,9.44093,7.74269,57.0521,0,1,1,54.5398,50.5122,16.9972,52.8914,13.4962,4.87618,0.592299,0.395739,18.9229,16.0152,0.0607639,0.97866,1,1
800,700,-10000,1,90,75,-1.77656,0.969765,311.775,25.2055,55.8866,21.5312,8.9115,7.61244,55.8866,2.22719,1,0,54.6825,67.0108,16.0595,275.458,11.8712,5.13586,0.54317,0.376423,17.8102,15.7649,0.0531684,0.94287,1,0
800,700,15000,1,60,40,20.2998,0.991692,125.663,33.9879,68.8422,28.9051,12.0166,10.2195,68.8422,0,0,1,55.9447,50.8459,28.4622,65.8218,19.2434,6.93919,0.880693,0.755332,23.3149,19.185,0.0708912,0.983526,1,1
800,700,-15000,1,90,75,-6.53213,0.98279,262.677,33.9141,68.9271,30.2482,11.9904,10.6944,68.9271,17.1307,1,0,56.1435,60.956,30.007,201.844,16.7972,8.62595,0.934326,0.757554,23.1251,20.987,0.0531684,0.961348,1,0
800,700,20000,1,60,40,23.7922,0.991748,166.415,40.9889,78.4187,35.9956,14.4918,12.7264,78.4187,7.43046,0,1,57.3783,51.7074,42.7186,83.7779,23.3925,9.56911,1.11968,1.2307,26.2836,21.6394,0.0708912,0.985537,1,1
800,700,-20000,1,75,50,-3.25218,0.990766,186.4,40.7763,78.7186,36.9681,14.4166,13.0702,78.7186,16.1296,1,0,56.9958,53.6056,43.5754,103.026,22.5595,10.1519,1.1858,1.22621,26.4962,23.0471,0.0658275,0.9705,1,0
800,700,30000,1,40,0,37.6584,0.991452,258.664,54.7666,95.787,48.9564,19.3629,17.3087,95.787,16.6587,1,1,60.0376,53.9074,78.1397,116.455,38.1272,14.5091,1.49135,2.53533,31.4147,23.3263,0.0911458,0.98667,1,1
800,700,-30000,1,60,30,-5.7428,0.99108,270.02,56.0583,97.4785,51.1665,19.8196,18.0901,97.4785,26.6564,1,0,60.4077,54.4328,83.5303,123.492,35.4823,15.7506,1.77924,2.57889,33.1366,27.2722,0.0759549,0.979642,1,0
800,700,40000,1,30,10,32.5288,0.990619,378.782,69.5394,112.526,62.7684,24.5859,22.192,112.526,27.1403,1,1,65.4816,55.1844,128.694,160.559,50.3278,22.5592,1.96156,4.36077,36.993,25.1332,0.0860822,0.985943,1,1
800,700,-40000,1,40,0,-3.65034,0.990568,380.882,69.3,112.218,63.0675,24.5013,22.2977,112.218,28.0985,1,1,64.3337,56.3647,128.701,160.837,51.3819,22.307,1.95863,4.35095,36.3908,26.096,0.0911458,0.986016,1,1
800,700,50000,1,40,20,41.0516,0.989172,547.348,87.3339,132.513,80.1714,30.8772,28.3449,132.513,56.4065,0,1,70.8274,59.2085,209.528,212.243,67.8382,32.3663,3.19318,6.84182,45.9852,34.1048,0.0810185,0.984558,1,1
800,700,-50000,1,40,10,-15.4195,0.989133,549.336,86.0686,130.78,79.0865,30.4298,27.9613,130.78,51.8689,1,0,70.4962,59.5973,203.672,218.337,68.9637,33.8096,2.90256,6.77616,44.207,31.9221,0.0860822,0.984586,1,1
800,700,60000,1,40,10,52.8577,0.98676,805.06,104.562,151.177,96.671,36.9681,34.1784,151.177,75.1797,1,1,78.4572,65.7829,310.263,310.319,95.2483,51.711,4.51712,9.85332,54.2886,41.2072,0.0860822,0.98241,1,1
800,700,-60000,1,40,10,-22.8577,0.986761,805.016,104.562,151.177,96.671,36.9681,34.1784,151.177,75.1796,1,1,78.5909,65.6423,310.288,310.25,95.2467,51.7126,4.51712,9.85331,54.2886,41.2072,0.0860822,0.982424,1,1
800,750,2500,1,90,90,2.17986,0.975973,61.5455,18.3224,28.0391,12.7464,6.47794,4.50653,28.0391,0,1,0,52.8176,51.038,7.08124,44.8733,6.95539,1.29231,0.13253,0.11141,9.47789,6.7686,0.0488281,0.955792,1,1
800,750,-2500,1,75,90,-9.75982,0.889201,311.513,33.7401,47.2756,26.9048,11.9289,9.5123,47.2756,0,1,0,56.4886,64.8664,27.1963,259.957,14.4932,5.67264,0.244242,0.353299,14.0047,6.92591,0.0488281,0.829278,1,0
800,750,5000,1,90,90,4.39165,0.986115,70.403,20.1823,34.5374,15.0085,7.13552,5.3063,34.5374,0,1,0,53.2721,51.0872,8.99864,48.9921,8.29792,2.40373,0.196651,0.164541,11.2035,8.78917,0.0488281,0.975958,1,1
800,750,-5000,1,75,90,-11.9074,0.93296,359.286,34.7895,47.2756,28.052,12.2999,9.91788,47.2756,0,1,0,56.6373,68.2331,29.3194,304.937,14.8172,5.688,0.317091,0.4079,15.3995,9.11729,0.0488281,0.908142,1,0
800,750,7500,1,90,75,13.9163,0.989304,81.0904,17.2512,40.486,15.4504,6.09923,5.46255,40.486,6.49428,1,0,52.584,52.2448,7.62994,58.0309,10.2592,3.46325,0.276466,0.184245,12.9172,10.9571,0.0569661,0.982653,1,1
800,750,-7500,1,90,90,-6.75582,0.96363,283.068,23.1414,41.4834,18.3752,8.18172,6.4966,41.4834,6.59209,1,0,54.1323,65.748,12.7026,253.888,10.2352,3.91296,0.31124,0.258182,13.7554,11.5553,0.0488281,0.937706,1,0
800,750,10000,1,60,50,11.4147,0.99237,76.8908,23.297,47.6928,18.5216,8.23673,6.54838,47.6928,0,0,1,53.744,50.3659,12.6003,43.4507,14.5782,3.71822,0.408611,0.331126,16.2671,12.4887,0.0705295,0.985816,1,1
800,750,-10000,1,90,75,-1.05814,0.990035,100.649,21.4164,46.7787,19.4913,7.57183,6.89123,46.7787,9.8104,1,0,53.0932,53.0817,11.9554,70.3658,11.6359,4.3084,0.402392,0.306298,15.3703,13.5136,0.0569661,0.953098,1,0
800,750,15000,1,60,50,14.6997,0.992752,109.52,29.9224,57.3443,25.5377,10.5792,9.02893,57.3443,9.33798,0,1,54.7206,51.1844,22.0802,59.706,17.9249,5.97112,0.595353,0.647137,19.3318,15.5358,0.0705295,0.988558,1,1
800,750,-15000,1,90,75,-5.48862,0.991054,135.397,30.5785,59.7956,28.241,10.8111,9.98471,59.7956,23.6951,1,0,54.3635,53.4781,24.7847,82.4055,16.2443,7.51259,0.780952,0.659696,21.1064,19.234,0.0569661,0.968672,1,0
800,750,20000,1,20,0,19.6066,0.992983,141.336,36.5111,66.686,30.7312,12.9086,10.8651,66.686,2.17904,1,1,55.8565,51.359,32.5852,67.7796,28.8803,6.99482,0.732042,1.07271,22.7373,15.1082,0.0976562,0.989524,1,1
800,750,-20000,1,60,40,-2.84437,0.992689,147.297,36.3257,66.5834,32.8532,12.8431,11.6154,66.5834,17.573,1,0,55.3103,52.712,34.3412,76.6958,22.814,8.0897,0.819339,1.06885,22.4461,18.5653,0.0759549,0.976355,1,0
800,750,30000,1,20,10,19.7068,0.992635,222.581,49.3825,81.6707,43.6549,17.4594,15.4343,81.6707,18.5498,1,0,58.994,52.9119,62.6862,103.316,35.7659,12.0495,0.959328,2.2459,26.1937,16.9959,0.0922309,0.989223,1,1
800,750,-30000,1,30,0,-0.372443,0.992855,215.895,48.979,81.2225,43.8698,17.3167,15.5103,81.2225,19.0158,1,1,57.8139,53.5386,62.2915,95.9098,37.0803,11.6164,0.937368,2.23365,25.389,17.6923,0.0976562,0.989059,1,0
800,750,40000,1,30,20,26.4041,0.991726,333.711,64.8951,98.9436,59.0181,22.9439,20.8661,98.9436,41.1583,1,0,62.7207,55.5675,112.265,141.497,46.6935,19.017,1.60767,3.958,32.8168,23.8946,0.0868056,0.988223,1,1
800,750,-40000,1,40,10,-7.15446,0.991748,332.823,64.6283,98.7444,59.4577,22.8496,21.0215,98.7444,41.8899,1,1,61.6761,56.4443,112.452,139.75,47.9369,18.4808,1.62059,3.94757,32.3523,24.9391,0.0922309,0.988263,1,1
800,750,50000,1,30,20,32.3312,0.990428,483.251,80.6473,116.358,74.1151,28.5131,26.2037,116.358,59.7333,1,1,67.7065,58.6624,177.63,191.757,63.5105,28.8935,2.396,6.16705,39.7623,29.6569,0.0868056,0.986687,1,1
800,750,-50000,1,40,10,-13.1352,0.990363,486.524,80.5646,116.316,74.5903,28.4839,26.3717,116.316,60.633,1,1,66.4515,60.0409,178.438,192.464,65.1351,28.8796,2.43729,6.16332,39.4251,30.9677,0.0922309,0.986705,1,1
800,750,60000,1,30,20,38.8501,0.988282,711.417,97.9298,135.51,90.5469,34.6234,32.0132,135.51,80.1629,1,1,74.953,64.108,269.315,278.231,86.9322,44.5854,3.7085,8.96118,48.9574,37.7,0.0868056,0.984615,1,1
800,750,-60000,1,40,20,-25.4307,0.988281,711.478,99.2065,137.75,92.083,35.0748,32.5563,137.75,85.1163,1,0,74.2036,64.9205,277.326,271.367,87.1614,43.0347,4.0172,9.03668,50.0763,40.5629,0.0868056,0.984626,1,1
800,800,2500,1,90,90,2.03098,0.986402,34.4643,11.4677,19.1854,6.66665,4.05445,2.35702,19.1854,0.214618,0,1,51.7287,50.2333,2.49329,24.3956,6.37979,0.682211,0.0534272,0.0493532,6.19287,3.98996,0.0520833,0.972901,1,1
800,800,-2500,1,75,90,-9.58324,0.918131,222.924,26.9512,38.4615,20.5826,9.5287,7.27706,38.4615,0.378394,1,0,55.0703,60.3097,16.6211,186.408,12.7153,4.58763,0.117352,0.228566,9.96704,4.11828,0.0520833,0.856394,1,0
800,800,5000,1,90,90,4.10073,0.990725,46.8107,14.0817,25.6718,10.1486,4.97863,3.58808,25.6718,6.70102,0,1,52.1117,50.5606,4.27295,32.3276,7.66117,1.68446,0.113236,0.0989173,8.46606,6.72301,0.0520833,0.984717,1,1
800,800,-5000,1,75,90,-11.5469,0.971612,146.085,28.1221,38.4615,21.913,9.94268,7.74742,38.4615,6.53235,1,0,54.9875,54.5686,18.227,107.375,13.0069,4.60313,0.179062,0.277469,11.5876,6.82031,0.0520833,0.924542,1,0
800,800,7500,1,75,75,5.28167,0.992038,60.1916,17.554,31.5095,13.4815,6.20628,4.76642,31.5095,9.3769,1,1,52.6022,50.7566,6.95575,38.6326,10.764,2.49887,0.183102,0.18104,10.7882,8.51502,0.0607639,0.988507,1,1
800,800,-7500,1,50,60,-9.53968,0.977153,175.358,23.9727,34.188,17.8238,8.47562,6.30166,34.188,6.02654,1,0,54.3337,57.3501,12.8264,141.871,14.8866,3.22283,0.217327,0.262365,12.6514,7.74096,0.0694444,0.949573,1,0
800,800,10000,1,60,60,6.16326,0.992692,73.621,20.7127,36.4091,16.4668,7.32304,5.82188,36.4091,11.1147,1,1,53.1385,50.9228,9.95294,44.3606,14.1866,3.28847,0.244104,0.286107,12.5956,9.61776,0.0694444,0.990178,1,1
800,800,-10000,1,90,75,-0.510465,0.992104,79.5876,20.5581,37.9245,20.6017,7.26838,7.28381,37.9245,17.9287,1,1,52.5545,52.0719,11.9358,48.9327,12.6183,3.94921,0.326108,0.284286,13.5997,12.4804,0.0607639,0.964695,1,0
800,800,15000,1,30,30,7.38527,0.993384,99.9026,26.1134,44.5122,21.6014,9.23247,7.63726,44.5122,12.8942,1,1,54.1255,51.1904,16.3639,54.8279,21.4444,4.44089,0.316359,0.558481,14.9762,9.87976,0.0868056,0.991199,1,1
800,800,-15000,1,75,60,-2.83119,0.99293,106.798,27.1877,47.3342,26.0268,9.61231,9.20185,47.3342,24.1766,1,1,53.4256,52.5697,20.1901,60.1761,17.4624,5.61921,0.519168,0.575823,17.2877,15.5789,0.0694444,0.985815,1,0
800,800,20000,1,10,10,8.69567,0.993709,126.62,31.1335,51.4679,26.6334,11.0074,9.41634,51.4679,15.6342,1,0,55.0006,51.5666,23.9723,65.1343,27.9045,5.74776,0.33876,0.919753,16.2454,8.72999,0.0983796,0.991411,1,1
800,800,-20000,1,40,20,-0.29007,0.993555,129.728,31.7968,52.1911,29.2428,11.2419,10.3389,52.1911,21.3142,1,1,54.0024,52.8482,26.6445,66.2818,26.4628,6.2772,0.448118,0.932374,16.8189,13.4084,0.0925926,0.990935,1,0
800,800,30000,1,20,20,14.13,0.993448,197.844,45.3557,67.074,40.8245,16.0357,14.4336,67.074,33.3482,1,0,57.1759,53.4611,53.5605,92.259,34.3129,10.5162,0.663021,2.03269,21.2917,14.9836,0.0925926,0.990971,1,1
800,800,-30000,1,30,10,-4.47275,0.993504,196.15,44.8714,66.7237,41.2263,15.8644,14.5757,66.7237,33.739,1,1,56.0677,54.3641,53.3651,89.7426,35.8929,10.1007,0.652927,2.0195,20.4647,15.9385,0.0983796,0.991017,1,1
800,800,40000,1,20,20,19.1626,0.992679,294.982,59.7428,82.8458,54.7014,21.1223,19.3399,82.8458,49.12,1,0,60.2883,55.7034,95.2933,125.85,45.5448,16.4732,1.09201,3.58925,26.8197,20.0598,0.0925926,0.989874,1,1
800,800,-40000,1,30,10,-9.51779,0.99271,293.759,59.4071,82.5344,55.0314,21.0036,19.4565,82.5344,49.5496,1,1,59.1669,56.6283,95.1756,123.536,47.2488,16.1144,1.08307,3.57717,26.033,21.0154,0.0983796,0.989894,1,1
800,800,50000,1,20,20,24.4689,0.991227,442.52,74.9755,99.4753,69.2193,26.5078,24.4727,99.4753,65.7494,1,1,65.0444,58.9698,153.461,182.206,61.5846,26.6651,1.75721,5.62734,33.5881,26.1235,0.0925926,0.988274,1,1
800,800,-50000,1,30,10,-14.8521,0.991187,444.575,74.7815,99.2516,69.5494,26.4392,24.5894,99.2516,66.2669,1,1,63.7225,60.3756,153.659,182.375,63.4796,26.5315,1.75863,5.61878,32.7644,27.3723,0.0983796,0.988286,1,1
800,800,60000,1,30,20,36.3119,0.989457,639.332,92.3534,119.496,85.9436,32.6519,30.3856,119.496,87.1947,1,1,70.2794,64.7915,239.108,251.583,82.1758,38.5167,3.04932,8.24393,42.9589,36.3055,0.0925926,0.986217,1,1
800,800,-60000,1,30,20,-26.3119,0.989458,639.267,92.3534,119.496,85.9435,32.6518,30.3856,119.496,87.1946,1,1,70.4929,64.5705,239.117,251.547,82.1513,38.5021,3.04932,8.24392,42.9588,36.3055,0.0925926,0.986223,1,1
800,850,2500,1,60,50,6.42496,0.976145,61.0945,7.68387,11.307,11.1057,2.71666,3.92645,10.0867,18.962,0,1,51.146,52.1096,2.5885,41.151,15.0644,1.64785,0.0243721,0.0271471,3.36811,3.82046,0.0799334,0.967128,0,1
800,850,-2500,1,50,60,-6.42958,0.969927,77.5122,13.1813,22.4359,7.8979,4.66028,2.79233,22.4359,7.5194,1,0,52.4643,52.0209,3.35804,57.2708,13.926,2.09837,0.0302898,0.0616195,4.88366,2.55207,0.0737847,0.948639,1,0
800,850,5000,1,60,50,7.83207,0.988373,58.8209,10.2226,14.772,12.7746,3.61425,4.51651,14.772,18.962,1,1,50.8868,52.1485,3.79742,37.0009,15.3974,1.81809,0.0515027,0.0686176,5.10911,5.3201,0.0799334,0.984985,0,1
800,850,-5000,1,50,60,-7.83313,0.987638,62.5862,14.8038,22.4359,10.1086,5.23392,3.57393,22.4359,11.918,1,0,52.4881,50.8339,4.56337,40.5427,14.2594,2.20788,0.058061,0.10304,6.30664,4.42391,0.0737847,0.97924,1,0
800,850,7500,1,60,50,9.24163,0.991379,65.2216,13.4228,19.4655,15.1503,4.74569,5.35643,19.4655,18.962,1,1,51.1963,52.2134,5.81428,40.2083,15.9993,2.11927,0.0966627,0.137647,7.11826,7.14983,0.0799334,0.989638,0,1
800,850,-7500,1,50,60,-9.24221,0.991107,67.2945,17.1701,22.4359,12.9814,6.07056,4.58961,22.4359,16.3339,1,1,52.5698,51.0158,6.58088,42.1569,14.8615,2.4261,0.104338,0.172062,8.14298,6.42885,0.0737847,0.987774,1,0
800,850,10000,1,40,30,9.84451,0.992627,74.2768,15.4104,22.3633,16.0355,5.4484,5.66939,22.3633,19.4686,1,1,51.4092,52.302,7.02176,42.8238,20.7852,2.34571,0.104136,0.21967,7.41922,7.38424,0.0922309,0.991059,1,1
800,850,-10000,1,50,40,-0.21721,0.99268,73.7426,16.1155,23.1592,17.0018,5.69768,6.01106,23.1592,19.896,1,1,51.5527,52.266,7.79198,43.4256,18.7135,2.43375,0.129451,0.22633,8.28298,8.21979,0.0860822,0.990778,1,0
800,850,15000,1,10,20,1.36101,0.993622,96.2905,21.7253,28.7484,19.3184,7.68107,6.83007,28.7484,23.9871,1,1,53.1613,51.7393,11.9183,53.8755,25.0555,3.31134,0.125852,0.475219,9.20357,6.64971,0.0983796,0.99189,1,1
800,850,-15000,1,20,10,-1.36077,0.993697,95.1422,20.7555,28.3024,19.8771,7.33818,7.02763,28.3024,24.2396,1,1,52.0195,52.6862,11.6397,51.2157,27.2356,3.12342,0.112536,0.462834,7.71684,7.6712,0.104528,0.991909,1,1
800,850,20000,1,10,20,3.51063,0.993978,121.168,28.1889,35.9061,25.6133,9.9663,9.05568,35.9061,30.7238,1,1,53.9194,52.4286,20.4975,65.0286,27.7227,4.76395,0.197034,0.831277,11.2621,8.7247,0.0983796,0.991992,1,1
800,850,-20000,1,20,10,-3.51038,0.994035,120.018,27.4482,35.4601,26.0372,9.70442,9.20553,35.4601,30.9763,1,1,52.7683,53.3863,20.214,62.389,29.901,4.5654,0.180539,0.81888,9.80301,9.68168,0.104528,0.992004,1,1
800,850,30000,1,10,20,7.90391,0.993898,184.177,41.6787,50.5347,38.5009,14.7356,13.6121,50.5347,44.4919,1,1,55.7664,54.0989,45.7158,88.0726,35.4344,8.90409,0.411078,1.85525,15.8591,13.2077,0.0983796,0.991625,1,1
800,850,-30000,1,20,10,-7.90364,0.993937,182.993,41.181,50.0887,38.7839,14.5597,13.7122,50.0887,44.7443,1,1,54.6027,55.0719,45.4184,85.4779,37.5943,8.67062,0.388222,1.84283,14.4778,14.0724,0.104528,0.991629,1,1
800,850,40000,1,10,20,12.4551,0.993131,276.651,55.7192,65.6893,51.7803,19.6997,18.3071,65.6893,58.755,1,1,58.5884,56.2211,83.816,120.262,46.6504,15.5082,0.750732,3.305,21.1789,18.205,0.0983796,0.99072,1,1
800,850,-40000,1,20,10,-12.4548,0.993164,275.331,55.3475,65.2431,51.9908,19.5683,18.3815,65.2431,59.0073,1,1,57.098,57.5817,83.4773,117.654,48.8129,15.2499,0.720456,3.29254,19.79,19.0876,0.104528,0.990723,1,1
800,850,50000,1,20,30,18.7951,0.991777,414.542,72.9435,86.3547,67.8821,25.7894,24,86.3547,78.3705,1,0,62.6425,59.9755,145.892,169.827,59.0325,22.3974,1.78343,5.31009,32.0556,28.8553,0.0922309,0.989142,1,1
800,850,-50000,1,30,20,-18.7946,0.991813,412.744,72.4984,85.908,68.1336,25.6321,24.0889,85.908,78.6223,1,1,61.4255,60.9928,145.35,167.253,60.9014,22.0843,1.74804,5.29054,31.0418,29.4629,0.0983796,0.989143,1,1
800,850,60000,1,20,20,28.1493,0.990163,596.055,86.932,100.853,81.3256,30.7351,28.753,100.853,92.2696,1,1,67.2764,65.3545,211.901,243.355,80.31,35.5825,2.35376,7.62389,36.4406,33.654,0.0983796,0.987202,1,1
800,850,-60000,1,30,20,-24.1682,0.990167,595.851,88.2991,103.801,82.883,31.2184,29.3036,103.801,95.4626,1,1,66.6998,66.0031,219.304,237.236,80.0339,33.7693,2.70824,7.69574,38.6481,36.6603,0.0983796,0.987203,1,1
800,900,2500,1,90,75,9.34156,0.927954,194.1,21.5206,31.25,25.0374,7.60866,8.85206,1.68497,35.9983,0,1,58.2106,54.9721,15.7098,155.889,16.1529,4.15733,0.0829878,0.148373,3.79355,8.86547,0.0683594,0.860509,0,1
800,900,-2500,1,75,75,-1.54182,0.98571,36.2417,5.98821,10.8801,10.4869,2.11715,3.7077,0,17.3259,1,0,50.1102,51.7608,2.06654,23.0216,10.4487,0.288897,0.0451058,0.0196256,3.6082,6.04337,0.0683594,0.972014,1,1
800,900,5000,1,90,75,11.0872,0.977023,117.584,22.8089,31.25,26.0181,8.06416,9.19878,7.83932,35.9983,0,1,52.516,55.0215,17.1045,77.4842,16.3859,4.15175,0.136645,0.191864,6.62111,10.2664,0.0683594,0.927048,0,1
800,900,-5000,1,75,75,-3.09924,0.990522,47.8414,9.27891,16.2047,12.4105,3.28059,4.38777,5.31784,22.2067,1,0,50.5395,52.0522,3.40453,31.5196,11.3301,0.932733,0.0828825,0.0611282,5.82429,7.42885,0.0683594,0.984335,1,1
800,900,7500,1,60,50,9.01941,0.984807,115.706,17.7139,24.0385,21.4107,6.2628,7.56981,7.76073,31.1383,0,1,53.021,54.1626,11.026,80.5593,19.4517,2.59243,0.158306,0.17402,7.33194,10.8888,0.0846354,0.954788,0,1
800,900,-7500,1,75,75,-4.68089,0.992117,59.5913,13.0765,21.612,15.1145,4.62325,5.34379,10.8942,27.1634,1,0,50.8732,52.4129,5.66819,38.3124,12.6854,1.89614,0.146862,0.130593,8.32722,9.31549,0.0683594,0.988318,1,1
800,900,10000,1,50,60,0.338045,0.992763,72.8986,16.4747,24.66,15.8122,5.8247,5.59047,11.8756,31.0078,0,1,51.9032,52.1374,7.40407,44.5463,17.0275,2.64279,0.178218,0.2223,9.07163,10.369,0.078125,0.974381,0,1
800,900,-10000,1,60,60,-5.4616,0.992857,71.94,16.09,25.0824,17.8947,5.68867,6.32673,12.8454,31.395,1,0,51.0542,52.8714,8.15446,42.9829,16.8264,2.56023,0.192599,0.218528,9.3707,10.8413,0.078125,0.989961,1,1
800,900,15000,1,40,50,2.40921,0.993725,94.7138,22.6622,32.2751,21.9243,8.01229,7.75141,18.6436,38.6885,0,1,52.3902,52.8689,14.1458,53.0731,21.4379,3.89951,0.284592,0.470733,11.637,12.9195,0.0846354,0.988295,0,1
800,900,-15000,1,30,30,-6.54574,0.993432,99.1719,21.2756,30.3914,22.6584,7.52206,8.01097,15.0651,38.3623,1,1,51.3632,53.7595,13.6259,53.9908,25.9167,3.4554,0.231913,0.452549,9.39833,12.7388,0.0976562,0.991128,1,1
800,900,20000,1,20,30,3.57844,0.993773,125.326,27.6861,37.3408,27.2554,9.78851,9.63625,21.6975,44.7326,0,1,53.0456,53.582,21.5367,67.3918,28.5529,4.91302,0.296201,0.792881,11.1848,13.8785,0.0976562,0.991511,0,1
800,900,-20000,1,10,10,-7.7062,0.993776,125.257,26.3887,35.4272,27.1158,9.32981,9.58689,18.0881,44.3788,1,1,51.7584,54.5383,20.225,63.7551,33.7863,4.48493,0.226509,0.771832,7.93031,13.6518,0.110677,0.991491,1,1
800,900,30000,1,10,20,7.16401,0.993739,189.01,40.0519,50.1334,38.7139,14.1605,13.6874,33.8047,57.1593,0,1,54.7015,55.2376,44.5517,92.4644,38.1257,8.47704,0.407622,1.74787,12.9581,16.4356,0.104167,0.991443,1,1
800,900,-30000,1,20,20,-12.491,0.993771,188.032,40.7178,51.2512,39.6873,14.3959,14.0316,35.4917,58.184,1,1,53.7312,56.2281,45.9022,88.4533,38.7873,8.95867,0.508817,1.76397,14.6971,18.1536,0.104167,0.991399,1,1
800,900,40000,1,10,30,7.25263,0.993107,277.623,55.2916,66.9962,52.1717,19.5485,18.4455,51.7454,71.9166,1,0,57.3518,57.6992,83.723,123.143,46.1828,14.2049,0.922453,3.17037,21.586,22.5568,0.0976562,0.990588,1,1
800,900,-40000,1,20,20,-16.902,0.993192,274.199,54.615,66.3317,52.3122,19.3093,18.4952,51.0434,72.0078,1,1,56.0224,58.6617,82.793,118.911,48.542,14.0198,0.862224,3.14787,19.8539,22.9106,0.104167,0.990571,1,1
800,900,50000,1,10,30,11.8359,0.992081,399.108,69.4842,82.6656,65.379,24.5664,23.115,67.9044,86.2802,1,1,60.6569,61.0049,133.474,167.959,59.7631,22.0008,1.44816,4.97275,27.2827,27.9904,0.0976562,0.989246,1,1
800,900,-50000,1,20,20,-21.4689,0.992182,393.965,68.8996,81.9451,65.4474,24.3597,23.1391,67.1448,86.3201,1,0,59.088,62.1439,132.286,162.799,61.9719,21.5716,1.36629,4.94812,25.5149,28.2894,0.104167,0.989236,1,1
800,900,60000,1,10,30,16.7355,0.990437,579.299,84.5231,99.4162,79.4034,29.8834,28.0733,85.1785,101.635,1,1,66.0184,65.796,200.779,242.391,78.1473,33.9747,2.2832,7.22676,34.7186,34.6017,0.0976562,0.98753,1,1
800,900,-60000,1,20,20,-26.3397,0.99056,571.778,83.961,98.5971,79.3836,29.6847,28.0663,84.3171,101.584,1,1,64.0787,67.1931,199.064,236.093,80.1494,33.3392,2.15854,7.19771,32.5141,35.0736,0.104167,0.987524,1,1
900,400,2500,1,90,0,48.9746,0.805168,604.944,65.3695,108.792,57.192,23.1116,20.2204,108.792,0,1,0,72.8147,64.5099,113.914,398.819,41.4555,27.9981,4.61395,1.31134,41.9873,56.7612,0.0520833,0.532555,1,0
900,400,-2500,1,90,90,-4.27535,0.738405,885.677,84.0663,109.263,74.7961,29.7219,26.4444,109.263,0,1,0,77.2498,79.347,197.576,579.129,51.9112,25.5109,3.06226,2.15256,42.1909,37.563,0.0260417,0.532503,1,0
900,400,5000,1,90,0,52.5245,0.891089,611.111,66.3036,114.355,58.1272,23.4419,20.5511,114.355,0,1,0,73.0153,64.6198,117.461,399.724,42.1513,28.7498,4.62337,1.4242,42.2846,56.5935,0.0520833,0.694634,1,0
900,400,-5000,1,90,90,-8.08246,0.849463,886.074,84.8757,115.229,75.5932,30.0081,26.7262,115.229,0,1,0,78.293,77.972,201.559,571.369,53.8319,27.8997,3.1855,2.27205,42.9754,38.3865,0.0260417,0.69459,1,0
900,400,7500,1,90,0,56.0764,0.923618,620.242,67.7884,119.92,59.6096,23.9668,21.0752,119.92,0,1,0,73.3014,64.7979,123.202,400.666,43.3082,29.6095,4.63861,1.60686,42.7615,56.321,0.0520833,0.772847,1,0
900,400,-7500,1,90,75,-3.80672,0.900207,831.414,79.7122,120.281,70.714,28.1825,25.0012,120.281,0,1,0,76.3847,76.5402,175.926,550.075,48.7578,26.7566,3.60799,2.14071,42.9349,44.3301,0.0303819,0.772812,1,0
900,400,10000,1,90,0,59.6309,0.940474,632.939,69.7898,125.49,61.6012,24.6744,21.7793,125.49,0,1,0,73.722,65.0445,131.163,402.294,44.8856,30.5436,4.65968,1.85949,43.4123,55.9419,0.0520833,0.818713,1,0
900,400,-10000,1,90,75,-7.59806,0.922559,839.411,81.5562,126.222,72.534,28.8345,25.6446,126.222,0,1,0,77.6487,75.3706,184.718,543.595,51.5274,29.3836,3.73383,2.40174,44.0203,44.697,0.0303819,0.818683,1,0
900,400,15000,1,90,0,66.7488,0.957189,670.881,75.1726,136.643,66.9237,26.5775,23.6611,136.643,0,1,0,75.0917,65.7459,153.886,409.214,49.3575,32.6801,4.71941,2.57539,45.206,54.8534,0.0520833,0.869715,1,0
900,400,-15000,1,90,50,-1.85148,0.950032,788.939,79.3555,136.804,70.6962,28.0564,24.9949,136.804,0,1,0,76.3611,73.1601,174.027,506.523,49.7337,29.6305,4.26546,2.77609,45.2644,49.7876,0.0376157,0.869692,1,0
900,400,20000,0,90,0,73.877,0.965089,723.485,82.0875,147.813,73.703,29.0223,26.058,147.813,0,1,0,77.0084,66.7291,185.969,418.657,55.5876,35.1713,4.80264,3.5731,47.593,53.2993,0.0520833,0.897058,1,0
900,400,-20000,0,90,40,-4.02611,0.961222,806.847,84.4533,148.047,75.8009,29.8587,26.7996,148.047,0,1,0,78.2648,71.578,198.803,488.433,55.8,33.6936,4.5393,3.69765,47.7653,50.1734,0.0405093,0.897041,1,0
900,400,30000,0,90,10,83.1813,0.973491,816.911,99.2987,170.227,90.3704,35.1074,31.9507,170.227,0,1,0,83.1365,64.637,278.366,388.615,73.5598,41.9213,5.02739,6.41852,53.8868,48.3593,0.0491898,0.924986,1,0
900,400,-30000,0,90,10,-3.23581,0.971152,891.161,99.3701,170.313,90.4391,35.1326,31.9751,170.313,0,1,0,83.3677,69.9496,281.179,459.874,73.654,41.9754,5.02929,6.43121,53.9155,48.3439,0.0491898,0.924974,1,0
900,400,40000,0,75,0,88.5565,0.972634,1125.45,124.131,199.661,113.372,43.887,40.0829,199.661,0,1,1,100.287,63.0216,452.028,439.681,113.261,69.1183,7.0075,10.7796,68.0129,50.6977,0.0520833,0.940879,1,0
900,400,-40000,0,90,0,-14.9907,0.973644,1082.78,122.455,196.567,112.565,43.2943,39.7976,196.567,29.0734,1,1,96.0095,64.6785,439.299,415.384,110.754,67.8083,6.41125,10.6491,64.7505,48.9765,0.0520833,0.937748,1,0
900,400,50000,0,60,10,89.0174,0.963832,1876.28,155.125,237.064,142.369,54.8451,50.335,237.064,53.4052,1,1,132.91,73.6326,779.279,722.533,173.758,113.989,12.3145,16.9243,92.6082,63.1146,0.0491898,0.944562,1,1
900,400,-50000,0,60,0,-33.5338,0.963947,1870.05,154.495,236.306,141.774,54.6221,50.1248,236.306,41.5649,1,1,132.267,73.7396,771.695,722.225,173.125,114.251,12.1338,16.8646,92.0716,62.3953,0.0520833,0.942525,1,0
900,400,60000,0,20,0,89.2158,0.941723,3713.04,198.624,306.463,182.85,70.224,64.6471,306.463,96.8541,1,1,218.405,94.548,1578.06,1426.21,283.437,215.593,34.4917,26.1128,159.174,97.9249,0.0520833,0.935642,1,1
900,400,-60000,0,20,0,-69.2131,0.941737,3712.08,198.62,306.459,182.846,70.2228,64.6459,306.459,96.8447,1,1,218.421,94.4625,1577.81,1425.52,283.433,215.59,34.4899,26.1121,159.171,97.9204,0.0520833,0.935658,1,1
900,450,2500,1,90,0,48.3928,0.86728,382.574,56.822,99.7309,49.2158,20.0896,17.4004,99.7309,0,1,0,68.8675,53.0322,83.2305,220.649,36.1131,25.1536,3.59114,0.99098,38.3899,48.851,0.0585938,0.558501,1,0
900,450,-2500,1,90,90,-3.75026,0.751734,825.644,76.8531,100.361,67.8991,27.1717,24.0059,100.361,0,1,0,73.362,80.3591,163.042,571.61,43.8049,20.844,2.54586,1.79811,38.5768,34.1053,0.0292969,0.558438,1,0
900,450,5000,1,90,0,51.5477,0.927988,387.998,57.75,105.293,50.1537,20.4177,17.732,105.293,0,1,0,69.0445,53.1233,86.2056,221.515,36.7203,25.8746,3.61264,1.08379,38.706,48.8075,0.0585938,0.716409,1,0
900,450,-5000,1,90,90,-7.10381,0.858319,825.341,77.627,106.273,68.6666,27.4453,24.2773,106.273,0,1,0,74.3523,78.9984,166.423,563.878,45.6304,23.064,2.65331,1.89821,39.33,34.8883,0.0292969,0.716358,1,0
900,450,7500,1,90,0,54.7051,0.949705,397.192,59.237,110.858,51.6518,20.9434,18.2617,110.858,0,1,0,69.3828,53.2727,91.0887,223.584,37.7324,26.6874,3.6478,1.23564,39.2176,48.7362,0.0585938,0.79075,1,0
900,450,-7500,1,90,75,-2.46855,0.907827,761.49,71.6768,111.323,63.0534,25.3416,22.2927,111.323,0,1,0,72.2695,77.0979,140.154,534.553,40.4057,21.7841,3.00882,1.73296,39.3332,40.3373,0.0341797,0.790709,1,0
900,450,10000,1,90,0,57.8645,0.960642,409.701,61.2434,116.428,53.6641,21.6528,18.9731,116.428,0,1,0,69.8517,53.4805,97.8881,226.434,39.1275,27.574,3.69667,1.44665,39.9176,48.6369,0.0585938,0.833872,1,0
900,450,-10000,1,90,75,-5.77516,0.928741,767.268,73.4566,117.152,64.8244,25.9708,22.9189,117.152,0,1,0,73.3993,75.9402,147.62,527.631,42.906,24.1599,3.12229,1.95155,40.3525,40.7575,0.0341797,0.833837,1,0
900,450,15000,1,90,0,64.1887,0.971299,443.23,66.618,127.576,59.0109,23.553,20.8635,127.576,0,1,0,71.0771,54.0729,117.283,233.027,43.0446,29.5517,3.8356,2.04652,41.8437,48.3537,0.0585938,0.881565,1,0
900,450,-15000,1,90,60,-4.48557,0.95317,736.967,73.154,128.1,64.8117,25.8638,22.9144,128.1,0,1,0,73.4907,73.41,146.34,496.387,43.6103,26.0614,3.52635,2.33445,42.1284,44.19,0.0390625,0.881539,1,0
900,450,20000,1,90,0,70.5226,0.975985,492.122,73.4711,138.742,65.7568,25.976,23.2485,138.742,0,1,0,72.9579,54.9048,144.635,244.362,48.5989,31.903,4.02968,2.88456,44.3949,47.9552,0.0585938,0.907169,1,0
900,450,-20000,1,90,40,-0.669622,0.965178,721.563,75.6351,139.001,67.5767,26.741,23.892,139.001,0,1,0,73.8781,71.4077,157.243,464.889,46.6603,27.9339,3.90866,2.99573,44.4642,46.3974,0.0455729,0.907149,1,0
900,450,30000,0,90,0,83.2178,0.979329,633.218,90.2286,161.121,82.0298,31.9006,29.0019,161.121,0,1,0,78.4881,57.31,224.65,277.529,64.348,37.4972,4.58424,5.27915,50.9859,46.7978,0.0585938,0.933011,1,0
900,450,-30000,0,90,20,-3.38639,0.974029,799.914,90.7512,161.418,82.4674,32.0854,29.1566,161.418,0,1,0,79.3073,68.9856,231.723,437.56,63.7555,36.953,4.59168,5.32312,51.1496,46.6764,0.0520833,0.932996,1,0
900,450,40000,0,75,0,81.6343,0.977637,914.98,112.256,187.176,102.269,39.6885,36.1577,187.176,0,1,1,90.9043,60.5123,360.047,363.334,94.189,54.8373,6.05431,8.8323,62.1791,48.7442,0.0585938,0.948767,1,0
900,450,-40000,0,90,0,-6.4368,0.978579,875.612,110.237,184.424,101.219,38.9747,35.7863,184.424,15.7748,1,0,87.8489,61.2936,347.624,344.09,91.1234,52.8372,5.56136,8.69268,59.6818,46.5839,0.0585938,0.944956,1,0
900,450,50000,0,75,20,88.4879,0.972663,1405.29,138.641,216.886,127.482,49.0169,45.0717,216.886,67.8455,1,1,109.721,69.2263,585.673,527.122,139.989,87.3461,9.1089,13.6997,77.2545,58.2603,0.0520833,0.953502,1,1
900,450,-50000,0,75,10,-27.191,0.973332,1369.92,136.765,214.6,125.725,48.3538,44.4507,214.6,54.0748,1,0,108.196,68.7285,567.344,516.709,137.282,86.068,8.56705,13.5394,75.7556,55.1589,0.0553385,0.950277,1,0
900,450,60000,0,50,10,87.2958,0.963153,2295.41,168.15,254.047,154.673,59.4499,54.6851,254.047,80.8865,1,1,150.319,80.409,968.21,874.89,204.668,138.973,16.157,20.0127,105.996,72.4364,0.0553385,0.950416,1,1
900,450,-60000,0,50,0,-41.7457,0.963254,2288.87,167.387,253.077,153.955,59.1803,54.4314,253.077,69.7484,1,1,149.389,80.4396,957.302,872.737,203.872,139.298,16.0167,19.935,105.321,72.4923,0.0585938,0.95045,1,1
900,500,2500,1,90,0,48.0184,0.886285,320.763,48.9424,90.848,42.0279,17.3038,14.8591,90.848,9.94035,1,1,65.5922,52.5305,60.856,190.041,32.5718,23.0756,2.75775,0.737134,34.8007,41.6897,0.0651042,0.584961,1,0
900,500,-2500,1,90,90,-3.33384,0.765025,767.869,69.6473,91.4659,61.0098,24.6241,21.5702,91.4659,0,1,0,69.7865,81.0632,132.157,560.864,36.5234,16.7491,2.07815,1.477,34.9699,30.6562,0.0325521,0.584878,1,0
900,500,5000,1,90,0,50.8582,0.938649,326.805,49.903,96.4103,43.0068,17.6434,15.2052,96.4103,9.94035,1,1,65.833,52.6116,63.4956,191.955,33.111,23.7766,2.78699,0.816875,35.1464,41.7485,0.0651042,0.737861,1,0
900,500,-5000,1,90,90,-6.33027,0.867089,766.424,70.4046,97.3349,61.7671,24.8918,21.838,97.3349,0,1,0,70.6788,79.7339,135.135,552.585,38.2384,18.7831,2.17331,1.56289,35.7091,31.4216,0.0325521,0.737797,1,0
900,500,7500,1,90,0,53.6995,0.957187,335.462,51.4404,101.976,44.5665,18.1869,15.7566,101.976,9.94035,1,1,66.163,52.7449,67.8245,194.212,34.0015,24.5501,2.83496,0.947719,35.7063,41.8448,0.0651042,0.808104,1,0
900,500,-7500,1,90,75,-1.41595,0.914927,697.373,63.7257,102.399,55.4845,22.5304,19.6167,102.399,0,1,0,68.621,77.4147,109.08,517.83,33.1723,17.5213,2.46608,1.37952,35.7807,36.3183,0.0379774,0.808053,1,0
900,500,10000,1,90,0,56.5424,0.966462,347.015,53.5058,107.544,46.6498,18.9172,16.4932,107.544,9.94035,1,1,66.6012,52.9305,73.8562,197.062,35.2534,25.4033,2.90171,1.12976,36.471,41.9785,0.0651042,0.848362,1,0
900,500,-10000,1,90,75,-4.34871,0.93443,701.717,65.4923,108.144,57.2596,23.155,20.2443,108.144,0,1,0,69.6924,76.25,115.628,510.87,35.3995,19.6326,2.57163,1.56719,36.771,36.8122,0.0379774,0.84832,1,0
900,500,15000,1,90,0,62.2342,0.975263,380.464,58.99,118.692,52.1256,20.8561,18.4292,118.692,9.94035,1,1,67.9293,53.4602,91.1127,206.209,38.7846,27.3042,3.09167,1.64788,38.5646,42.3566,0.0651042,0.892624,1,0
900,500,-15000,1,90,60,-2.42844,0.957535,665.232,64.8806,119.073,57.0504,22.9388,20.1704,119.073,0,1,0,69.6567,73.4058,113.513,474.486,36.0802,21.34,2.93996,1.87815,38.7045,40.0767,0.0434028,0.892594,1,0
900,500,20000,1,90,0,67.9327,0.979148,425.912,65.8938,129.854,58.9316,23.297,20.8355,129.854,9.94035,1,1,69.717,54.2039,115.407,217.941,43.7472,29.5095,3.35715,2.37195,41.313,42.8795,0.0651042,0.916283,1,0
900,500,-20000,1,90,50,-3.124,0.967697,667.619,69.1027,130.229,61.4694,24.4315,21.7327,130.229,0,1,0,71.1423,71.2854,130.043,451.183,40.7416,24.6575,3.29842,2.51472,41.4949,41.8678,0.0470197,0.91626,1,0
900,500,30000,0,90,0,79.3525,0.981785,556.596,82.4992,152.222,75.0547,29.1679,26.5358,152.222,9.94035,1,1,74.9327,56.3518,186.095,252.056,57.9151,34.7795,4.11589,4.44135,48.3135,44.3398,0.0651042,0.940214,1,0
900,500,-30000,0,90,40,-10.0008,0.976568,719.821,84.6225,153.492,76.7766,29.9186,27.1446,153.492,7.73429,1,0,76.8292,66.4278,199.289,399.816,58.0226,35.3415,4.30765,4.56077,49.3196,45.4992,0.0506366,0.940197,1,0
900,500,40000,0,75,0,76.8011,0.981273,763.359,102.493,176.07,93.2504,36.2366,32.969,176.07,0,1,1,84.2185,58.7106,294.517,308.826,80.1609,43.8566,5.3493,7.41944,57.917,46.6135,0.0651042,0.956046,1,0
900,500,-40000,0,90,0,-0.816806,0.981516,753.275,101.331,174.677,93.1033,35.826,32.917,174.677,12.8201,1,0,82.1535,60.3642,289.738,307.744,78.4227,42.3956,5.1843,7.34734,56.7124,46.3364,0.0651042,0.95155,1,0
900,500,50000,0,75,10,83.6722,0.978624,1092.17,123.054,199.322,112.95,43.5061,39.934,199.322,39.9631,1,1,96.3774,64.7691,443.498,417.712,113.253,67.7629,6.96284,11.2294,68.0977,50.0495,0.0614873,0.960718,1,1
900,500,-50000,0,75,0,-13.3532,0.978576,1094.64,122.537,198.698,112.472,43.3232,39.7648,198.698,30.5766,1,1,96.1434,65.0301,439.714,421.507,113.519,68.8256,6.83405,11.1916,67.6424,49.2956,0.0651042,0.956707,1,0
900,500,60000,0,60,10,83.9622,0.972753,1680.63,148.477,228.736,136.527,52.4945,48.2697,228.736,67.4278,1,1,121.342,73.3928,694.523,640.129,162.695,105.481,10.912,16.2994,86.3852,60.7728,0.0614873,0.959241,1,1
900,500,-60000,0,60,10,-33.9609,0.972776,1679.18,148.475,228.734,136.525,52.4938,48.269,228.734,67.4235,1,1,121.399,73.2265,694.434,638.769,162.689,105.48,10.9116,16.299,86.3838,60.7714,0.0614873,0.959295,1,0
900,550,2500,1,90,20,37.715,0.90428,264.629,41.8878,81.9715,35.6496,14.8096,12.604,81.9715,6.19381,1,0,62.7462,52.2545,43.9719,163.196,27.425,18.9615,2.08468,0.542108,31.2139,35.2665,0.0636574,0.61256,1,0
900,550,-2500,1,90,90,-2.99583,0.778246,712.352,62.4483,82.5765,54.1278,22.0788,19.1371,82.5765,0,1,0,66.4614,81.5247,104.67,547.149,30.0733,13.1946,1.65873,1.18846,31.3695,27.2146,0.0358073,0.612453,1,0
900,550,5000,1,90,20,40.2965,0.948721,270.252,42.8985,87.5333,36.6881,15.1669,12.9712,87.5333,6.19381,1,0,62.9758,52.3275,46.3322,165.11,27.9141,19.5785,2.11889,0.611949,31.596,35.4201,0.0636574,0.759673,1,0
900,550,-5000,1,90,90,-5.70426,0.875591,710.428,63.2059,88.412,54.8934,22.3467,19.4077,88.412,0,1,0,67.3278,80.2004,107.339,538.871,31.7027,15.0664,1.74407,1.2636,32.1104,27.9827,0.0358073,0.759591,1,0
900,550,7500,1,90,20,42.8791,0.964222,278.289,44.5115,93.0978,38.3357,15.7372,13.5537,93.0978,6.19381,1,0,63.29,52.4477,50.2148,167.391,28.7127,20.2541,2.17518,0.726863,32.2149,35.6713,0.0636574,0.82562,1,0
900,550,-7500,1,90,75,-0.56574,0.921748,636.711,55.8665,93.4999,48.0217,19.7518,16.9782,93.4999,0,1,0,65.2492,77.5094,82.3674,497.876,27.0679,13.9355,1.98005,1.07509,32.2725,32.2935,0.0417752,0.825557,1,0
900,550,10000,1,90,20,45.4638,0.971796,290.227,46.666,98.6667,40.5196,16.4989,14.3258,98.6667,6.19381,1,0,63.7948,52.6154,55.6422,171.472,29.8392,21.0018,2.2536,0.886971,33.0579,36.0185,0.0636574,0.862932,1,0
900,550,-10000,1,90,75,-3.20052,0.939947,638.899,57.6665,99.1767,49.8523,20.3882,17.6255,99.1767,0,1,0,66.2096,76.3379,88.1791,489.993,29.0196,15.7772,2.08048,1.23939,33.2658,32.8806,0.0417752,0.862881,1,0
900,550,15000,1,90,20,50.6374,0.978959,322.394,52.3185,109.814,46.1775,18.4974,16.3262,109.814,6.19381,1,0,65.1252,53.0942,71.1591,181.591,33.0765,22.7134,2.47698,1.343,35.3488,36.9894,0.0636574,0.903511,1,0
900,550,-15000,1,90,60,-0.784394,0.961491,600.775,57.021,110.13,49.7595,20.16,17.5927,110.13,0,1,0,66.3484,73.1512,86.503,451.026,30.0837,17.4913,2.41844,1.50688,35.4307,35.969,0.0477431,0.903475,1,0
900,550,20000,1,90,20,55.8175,0.981985,366.901,59.3266,120.974,53.0877,20.9751,18.7693,120.974,6.19381,1,0,66.9864,53.7665,93.0295,195.628,37.5357,24.6408,2.78934,1.98071,38.3235,38.3059,0.0636574,0.924964,1,0
900,550,-20000,1,90,50,-0.942526,0.970877,599.935,61.5007,121.244,54.5446,21.7438,19.2844,121.244,0,1,0,67.864,70.7752,102.01,425.68,34.6746,20.585,2.77559,2.07022,38.4099,37.9942,0.0517216,0.924936,1,0
900,550,30000,1,90,30,61.1979,0.984252,480.009,76.0009,143.34,69.1202,26.8704,24.4377,143.34,0.114255,0,1,72.3147,54.8213,156.717,223.236,49.3234,28.3387,3.68415,3.80886,45.7826,41.8547,0.0596788,0.946832,1,0
900,550,-30000,1,90,40,-6.49941,0.97957,625.683,76.9547,143.989,69.8619,27.2076,24.6999,143.989,8.50244,1,0,73.0634,64.6814,163.143,358.741,50.4514,30.2267,3.77255,3.86259,46.2496,42.4566,0.0557002,0.946814,1,0
900,550,40000,0,75,0,73.1541,0.983792,659.002,94.243,165.628,85.7637,33.3199,30.322,165.628,0.357461,1,1,79.4378,57.5033,245.909,273.313,71.004,37.7817,4.78156,6.35697,54.4783,44.4809,0.0716146,0.963555,1,0
900,550,-40000,0,90,10,-1.61748,0.983488,671.569,94.3806,165.789,86.9139,33.3686,30.7287,165.789,22.1994,1,1,78.8186,58.989,249.425,281.363,70.7657,38.2886,4.94753,6.3659,54.56,46.4697,0.067636,0.957277,1,0
900,550,50000,0,75,10,77.9465,0.982053,913.723,112.677,186.726,103.418,39.8373,36.5636,186.726,35.6992,1,1,88.7781,62.3769,364.399,355.608,96.9094,54.6846,6.05765,9.58848,63.0149,47.4878,0.067636,0.966938,1,1
900,550,-50000,0,75,0,-7.6703,0.981925,920.369,112.187,186.131,102.97,39.664,36.4053,186.131,27.4002,1,1,88.6884,62.7296,361.367,361.896,97.8102,56.2627,5.93709,9.55617,62.5508,46.749,0.0716146,0.96242,1,0
900,550,60000,0,60,10,75.7091,0.978276,1332.39,133.837,210.751,122.875,47.3185,43.4427,210.751,54.2532,1,1,106.052,68.5985,539.818,511.278,135.474,84.4971,8.45308,13.7282,76.0804,53.406,0.067636,0.965905,1,1
900,550,-60000,0,60,10,-25.7085,0.978299,1330.93,133.836,210.75,122.873,47.318,43.4423,210.75,54.251,1,0,106.128,68.4132,539.791,509.879,135.457,84.488,8.45291,13.728,76.0797,53.4054,0.067636,0.965566,1,0
900,600,2500,1,90,30,32.4653,0.920816,214.982,35.5637,73.1022,30.1055,12.5737,10.6439,73.1022,9.94035,1,0,60.2446,51.7883,31.3712,134.541,24.2708,16.1477,1.54375,0.393074,27.6306,29.5125,0.0651042,0.641029,1,0
900,600,-2500,1,90,90,-2.71755,0.790698,661.763,55.2563,73.6951,47.2539,19.5361,16.7068,73.6951,0,1,0,63.5563,81.7707,80.5593,533.163,24.4656,10.1503,1.28737,0.932057,27.7761,23.7814,0.0390625,0.640894,1,0
900,600,5000,1,90,30,34.8313,0.957867,219.931,36.6444,78.6633,31.2211,12.9557,11.0383,78.6633,9.94035,1,0,60.4408,51.8546,33.5011,136.124,24.711,16.7074,1.58119,0.455229,28.0587,29.7616,0.0651042,0.781473,1,0
900,600,-5000,1,90,90,-5.18758,0.883809,657.33,56.0314,79.5007,48.0474,19.8101,16.9873,79.5007,0,1,0,64.2579,80.4455,82.9526,522.878,25.9907,11.8456,1.36465,0.998822,28.5345,24.5723,0.0390625,0.781374,1,0
900,600,7500,1,90,30,37.1991,0.970396,228.807,38.361,84.2287,32.9793,13.5627,11.6599,84.2287,9.94035,1,0,60.8371,51.9641,37.0256,139.717,25.4521,17.3339,1.64295,0.557788,28.7512,30.1681,0.0651042,0.84282,1,0
900,600,-7500,1,90,90,-7.73453,0.919307,658.315,57.2964,85.4871,49.3379,20.2573,17.4436,85.4871,0,1,0,65.1788,79.2209,87.026,515.367,27.9524,13.8072,1.4929,1.10783,29.7443,25.8401,0.0390625,0.842745,1,0
900,600,10000,1,90,30,39.5681,0.976547,240.165,40.6339,89.7969,35.2851,14.3663,12.4752,89.7969,9.94035,1,0,61.3269,52.1169,41.946,143.866,26.4984,18.0302,1.72908,0.700801,29.69,30.7259,0.0651042,0.877113,1,0
900,600,-10000,1,90,75,-2.25861,0.944898,583.15,50.0095,90.2446,42.6486,17.681,15.0785,90.2446,0,1,0,63.2867,76.1872,65.1414,469.487,23.7609,12.5516,1.64835,0.962773,29.8386,28.9893,0.0455729,0.877053,1,0
900,600,15000,1,90,30,44.3103,0.982208,271.709,46.5075,100.943,41.1553,16.4429,14.5506,100.943,9.94035,1,0,62.6996,52.5535,56.0341,155.328,29.4107,19.5575,1.97461,1.10849,32.2163,32.2632,0.0651042,0.914073,1,0
900,600,-15000,1,90,75,-7.25618,0.96178,596.085,55.2134,101.991,47.9473,19.5209,16.9519,101.991,0,1,0,65.4233,74.0362,80.719,455.55,28.9563,16.8672,1.98918,1.38406,33.037,31.5257,0.0455729,0.914029,1,0
900,600,20000,1,90,30,49.0578,0.984526,314.346,53.6562,112.102,48.182,18.9703,17.0349,112.102,9.94035,1,0,64.5263,53.1666,75.8862,169.983,33.5562,21.3689,2.3181,1.67884,35.4497,34.2984,0.0651042,0.933526,1,0
900,600,-20000,1,90,60,-4.27735,0.972581,563.831,56.6083,112.618,50.0194,20.0141,17.6845,112.618,0,1,0,65.9143,70.7376,85.8124,413.609,31.272,18.6759,2.34241,1.78661,35.7666,34.3151,0.0520833,0.933493,1,0
900,600,30000,1,90,30,58.5654,0.985985,426.427,70.1826,134.449,64.1541,24.8133,22.6819,134.449,9.94035,1,0,69.0848,54.9344,133.435,202.275,45.2997,25.6516,3.29987,3.30902,43.3824,39.5421,0.0651042,0.961016,1,0
900,600,-30000,1,90,40,-3.68963,0.982668,529.137,70.5009,134.741,64.2298,24.9258,22.7087,134.741,11.709,1,0,69.7729,61.9156,135.926,302.287,44.934,26.1073,3.33057,3.32869,43.5661,39.7487,0.0607639,0.953153,1,0
900,600,40000,0,75,20,60.2888,0.985426,591.6,87.4425,155.593,79.6448,30.9156,28.1587,155.593,13.3841,0,1,76.2755,56.8944,210.112,255.294,63.8222,34.7675,4.33405,5.55145,51.576,42.769,0.0694444,0.970516,1,0
900,600,-40000,0,90,20,-3.16659,0.984776,618.377,88.5971,157.015,81.8633,31.3238,28.9431,157.015,32.3442,1,1,76.0089,58.8336,218.983,269.219,65.2416,35.6189,4.71123,5.61459,52.6306,46.1883,0.0694444,0.962463,1,0
900,600,50000,0,60,10,61.2734,0.984323,796.349,104.12,175.002,94.8073,36.8118,33.5194,175.002,19.2809,1,1,84.7032,59.8481,305.043,321.468,86.1256,46.7309,5.30044,8.34796,59.2732,43.8969,0.0737847,0.971989,1,1
900,600,-50000,0,75,0,-3.45535,0.984362,794.327,103.958,174.788,95.5722,36.7548,33.7899,174.788,29.3992,1,1,82.8428,61.4884,306.131,316.885,86.5803,46.5249,5.38142,8.33769,58.8589,45.5931,0.078125,0.967231,1,0
900,600,60000,0,60,10,70.0253,0.981973,1101.46,122.482,195.572,112.411,43.3038,39.7432,195.572,50.137,1,1,95.6577,65.7855,439.33,425.287,116.84,69.5568,6.93577,11.8558,68.6269,48.8617,0.0737847,0.971374,1,1
900,600,-60000,0,60,0,-14.7529,0.981813,1111.45,121.985,194.932,111.96,43.1284,39.5837,194.932,42.788,1,1,95.4474,66.3381,435.951,432.911,117.837,71.3712,6.83138,11.8206,68.124,48.4665,0.078125,0.97101,1,0
900,650,2500,1,90,40,27.2591,0.933866,177.044,29.8743,64.2459,25.2264,10.5622,8.91889,64.2459,11.8136,1,1,58.3562,51.7143,21.9913,113.517,21.5454,13.4265,1.10871,0.279808,24.0525,24.2796,0.0658275,0.670564,1,0
900,650,-2500,1,90,90,-2.48377,0.802989,613.369,48.0721,64.818,40.3897,16.9961,14.2799,64.818,0,1,0,60.8905,81.7834,59.724,516.296,19.7043,7.58161,0.963856,0.707465,24.1902,20.3579,0.0423177,0.670388,1,0
900,650,5000,1,90,40,29.4432,0.964812,182.357,31.0508,69.8074,26.4427,10.9781,9.3489,69.8074,11.8136,1,1,58.5115,51.7751,23.9379,115.688,21.9818,13.9531,1.14826,0.335922,24.5408,24.6344,0.0658275,0.803153,1,0
900,650,-5000,1,90,90,-4.75522,0.891359,609.412,48.8853,70.6018,41.2365,17.2836,14.5793,70.6018,0,1,0,61.5762,80.5279,61.9235,506.902,21.1332,9.11398,1.03447,0.767605,24.9856,21.1964,0.0423177,0.803029,1,0
900,650,7500,1,90,40,31.6283,0.975322,189.766,32.9031,75.3712,28.3385,11.633,10.0192,75.3712,11.8136,1,1,58.7198,51.8757,27.1554,118.258,22.6591,14.5134,1.21364,0.428655,25.3271,25.2097,0.0658275,0.85966,1,0
900,650,-7500,1,90,90,-7.09,0.92503,607.847,50.2064,76.5468,42.6054,17.7507,15.0633,76.5468,0,1,0,62.3362,79.2886,65.612,497.354,23.0606,10.9702,1.15155,0.865873,26.2464,22.5247,0.0423177,0.859567,1,0
900,650,10000,1,90,40,33.8148,0.980333,200.611,35.3266,80.9388,30.7901,12.4898,10.8859,80.9388,11.8136,1,1,59.1632,52.0163,31.6579,122.542,23.5835,15.1115,1.30488,0.558093,26.3855,25.9914,0.0658275,0.890887,1,0
900,650,-10000,1,90,75,-1.47079,0.949627,530.454,42.5808,81.3359,35.7388,15.0546,12.6356,81.3359,0,1,0,60.5939,75.837,46.3025,445.564,19.6235,9.91863,1.27479,0.733687,26.4981,25.1741,0.0493707,0.890813,1,0
900,650,15000,1,90,40,38.1922,0.984776,231.897,41.4689,92.0847,36.8995,14.6615,13.0459,92.0847,11.8136,1,1,60.5826,52.4181,44.5638,135.277,26.2969,16.514,1.5652,0.927354,29.1949,28.1024,0.0658275,0.924306,1,0
900,650,-15000,1,90,75,-6.02869,0.965224,540.441,48.0767,92.9417,41.4013,16.9977,14.6376,92.9417,0,1,0,62.6168,73.6489,60.3836,430.972,24.4353,13.8535,1.59821,1.1133,29.8221,27.9946,0.0493707,0.924255,1,0
900,650,20000,1,90,60,32.6096,0.98676,268.359,50.0468,103.333,44.2864,17.6942,15.6576,103.333,0,1,0,62.6605,52.7397,64.9,149.033,27.2707,15.6321,1.93624,1.48139,32.8095,30.8325,0.0564236,0.941768,1,0
900,650,-20000,1,90,60,-2.71567,0.9754,504.403,50.2294,103.603,44.4673,17.7588,15.7216,103.603,0,1,0,63.254,69.8273,67.2332,382.433,27.4147,15.7353,1.94703,1.49547,32.9063,30.9112,0.0564236,0.941729,1,0
900,650,30000,1,75,30,45.0849,0.98746,380.968,65.5735,125.75,58.976,23.1837,20.8512,125.75,0,0,1,68.0154,53.4386,114.343,185.051,42.2058,22.0468,2.91008,2.93138,41.3445,36.3276,0.0705295,0.970565,1,0
900,650,-30000,1,90,40,-1.3594,0.987393,383.028,65.3435,125.612,59.9768,23.1024,21.205,125.612,16.6064,1,1,66.8395,54.7186,115.551,185.363,41.5149,23.0228,2.97418,2.92235,41.1965,37.5263,0.0658275,0.959228,1,0
900,650,40000,1,60,10,51.3581,0.987298,514.607,81.1469,145.107,73.1756,28.6898,25.8715,145.107,0.245935,0,1,73.259,55.4114,177.83,224.366,59.1221,29.3244,3.748,4.89382,48.5198,38.958,0.0799334,0.975452,1,1
900,650,-40000,1,75,20,-2.65064,0.987142,521.005,81.0009,145.015,74.0747,28.6382,26.1894,145.015,19.069,1,0,72.4442,56.6715,179.454,228.502,58.3818,30.4671,3.8397,4.88719,48.3923,40.4754,0.0752315,0.967369,1,0
900,650,50000,0,60,10,58.2341,0.986491,684.713,96.1771,162.615,87.6997,34.0037,31.0065,162.615,24.4884,0,1,79.4084,58.7493,257.035,279.157,77.2721,39.7227,4.55376,7.33874,54.7164,41.0452,0.0799334,0.976333,1,1
900,650,-50000,0,60,0,-3.02832,0.986475,685.501,95.7234,162.091,87.2975,33.8433,30.8643,162.091,18.3108,1,0,79.0794,59.0388,254.567,280.81,78.1296,40.2957,4.44118,7.31269,54.1975,40.2764,0.0846354,0.971578,1,0
900,650,60000,0,60,10,65.7521,0.984581,939.614,113.214,181.758,104.013,40.0271,36.7741,181.758,50.9938,1,1,88.2061,64.1053,368.706,366.801,103.313,58.0212,5.90243,10.4297,62.879,45.7863,0.0799334,0.975624,1,1
900,650,-60000,0,60,10,-15.7574,0.984369,952.75,113.226,181.772,104.025,40.0315,36.7783,181.772,51.0128,1,0,88.4197,64.8665,369.405,379.201,103.326,58.0351,5.90365,10.432,62.8855,45.791,0.0799334,0.975604,1,0
900,700,2500,1,90,50,22.0844,0.945513,144.068,24.6465,55.3951,20.7653,8.71386,7.34164,55.3951,11.8136,1,1,56.82,51.5673,14.7297,94.826,19.0074,10.7481,0.761898,0.193069,20.4819,19.4661,0.0658275,0.701664,1,0
900,700,-2500,1,90,90,-2.28621,0.814184,570.557,40.8986,55.9487,33.5398,14.4598,11.8581,55.9487,0,1,0,58.8663,81.6125,42.1388,499.986,15.7903,5.45537,0.688089,0.514514,20.6148,16.9485,0.0455729,0.701433,1,0
900,700,5000,1,90,50,24.1116,0.971413,147.143,25.9555,60.9541,22.1194,9.17665,7.82038,60.9541,11.8136,1,1,56.9108,51.6235,16.4947,95.1405,19.3565,11.1664,0.802796,0.244262,21.0504,19.9491,0.0658275,0.825278,1,0
900,700,-5000,1,90,90,-4.38767,0.898546,564.543,41.7761,61.7112,34.4749,14.7701,12.1887,61.7112,0,1,0,59.3128,80.3477,44.1553,488.914,17.1425,6.84458,0.753054,0.569268,21.4714,17.8671,0.0455729,0.825121,1,0
900,700,7500,1,90,50,26.141,0.979656,155.75,27.9895,66.5193,24.1963,9.89579,8.55469,66.5193,11.8136,1,1,57.1116,51.7166,19.6355,99.1264,19.9744,11.6503,0.870546,0.329067,21.9599,20.7244,0.0658275,0.876619,1,0
900,700,-7500,1,90,90,-6.54364,0.930264,562.227,43.1937,67.6232,35.9739,15.2713,12.7187,67.6232,0,1,0,59.9625,79.0948,47.5418,479.157,18.9784,8.55008,0.860777,0.658865,22.817,19.2995,0.0455729,0.876503,1,0
900,700,10000,1,90,50,28.1713,0.983635,166.368,30.6047,72.0866,26.8291,10.8204,9.48553,72.0866,11.8136,1,1,57.404,51.8466,23.7858,103.577,20.8918,12.2227,0.965161,0.4475,23.1703,21.761,0.0658275,0.904644,1,0
900,700,-10000,1,90,75,-0.803731,0.953808,484.293,35.5018,72.4497,29.3081,12.5518,10.362,72.4497,0,1,0,58.4868,75.185,31.5659,421.808,16.621,7.84574,0.959727,0.54991,23.2668,21.4925,0.0531684,0.904553,1,0
900,700,15000,1,90,50,32.2344,0.987248,193.747,37.0657,83.2282,33.213,13.1047,11.7426,83.2282,11.8136,1,1,58.5951,52.2185,35.6669,113.75,23.4414,13.4923,1.23512,0.785417,26.3196,24.4786,0.0658275,0.953893,1,0
900,700,-15000,1,90,75,-4.99266,0.968403,489.422,41.4409,83.9364,35.4906,14.6516,12.5478,83.9364,0,1,0,60.2507,72.9663,44.3947,404.436,21.0318,11.3858,1.27023,0.895807,26.7971,24.6873,0.0531684,0.934238,1,0
900,700,20000,1,90,50,36.3013,0.988604,230.543,44.5628,94.3802,40.4923,15.7553,14.3162,94.3802,11.8136,1,1,60.1936,52.7407,52.4063,126.97,26.8254,14.8376,1.61299,1.25841,30.1808,27.8404,0.0658275,0.967551,1,0
900,700,-20000,1,90,60,-1.3917,0.979091,427.118,44.9144,94.6282,40.1586,15.8796,14.1982,94.6282,3.60738,1,0,60.8323,67.086,53.7536,325.401,25.0468,13.5103,1.62234,1.27434,30.2864,27.8975,0.0607639,0.949584,1,0
900,700,30000,1,75,30,43.4557,0.988893,336.964,60.169,115.423,54.5965,21.2729,19.3028,115.423,11.5971,1,0,64.756,54.0417,96.4832,165.625,39.8913,20.1433,2.45845,2.57663,38.1549,33.1801,0.0759549,0.977776,1,1
900,700,-30000,1,90,50,-4.57148,0.988329,354.277,61.372,117.059,56.575,21.6983,20.0023,117.059,27.931,1,1,65.0042,54.9075,101.998,175.412,39.1379,21.8326,2.72749,2.62136,39.3978,36.0058,0.0658275,0.964904,1,0
900,700,40000,1,60,10,49.4492,0.988828,451.915,74.6383,133.283,67.6097,26.3886,23.9036,133.283,11.3805,1,0,69.4227,55.5997,149.968,200.38,55.1687,25.966,3.13301,4.32129,44.4285,35.518,0.0860822,0.979794,1,1
900,700,-40000,1,75,30,-5.60044,0.988185,478.251,75.9816,135.015,69.7725,26.8636,24.6683,135.015,31.3422,1,0,69.9593,56.7197,157.747,215.386,54.7048,28.584,3.50656,4.38373,45.9361,39.1166,0.0759549,0.972009,1,0
900,700,50000,0,50,10,48.4983,0.988139,600.165,89.0079,149.906,80.8077,31.469,28.5698,149.906,23.7143,1,1,75.6969,57.5901,217.032,250.222,71.041,34.7441,3.78655,6.52031,50.2464,36.863,0.0860822,0.980091,1,1
900,700,-50000,0,50,0,-3.30575,0.988059,604.246,88.5452,149.378,80.4037,31.3055,28.427,149.378,18.5201,1,0,75.451,57.962,214.821,253.87,72.4471,35.7735,3.67618,6.49601,49.6651,36.0663,0.0911458,0.975832,1,0
900,700,60000,0,50,10,54.8258,0.986617,813.895,104.502,167.257,95.6995,36.9469,33.8349,167.257,46.0229,1,1,83.0982,62.0305,308.727,325.177,93.2227,50.2887,4.82278,9.25219,57.2212,40.7531,0.0860822,0.979158,1,1
900,700,-60000,0,60,10,-12.3799,0.986479,822.408,105.617,168.741,97.2963,37.3413,34.3995,168.741,55.0277,1,0,82.5211,63.2073,317.169,325.113,93.6784,48.954,5.19517,9.32336,58.3495,43.9889,0.0860822,0.97921,1,1
900,750,2500,1,90,60,16.9346,0.955797,115.618,19.7224,46.5494,16.4227,6.97291,5.8063,46.5494,9.94035,1,0,55.42,51.4589,9.31811,78.6742,16.3916,8.02323,0.491073,0.126546,16.9236,15.0046,0.0651042,0.824089,1,0
900,750,-2500,1,90,90,-2.11678,0.824699,531.408,33.7407,47.0845,26.7133,11.9292,9.44457,47.0845,0,1,0,57.1011,81.2708,27.7263,482.411,12.7309,3.74015,0.459962,0.353052,17.0547,13.5619,0.0488281,0.73387,1,0
900,750,5000,1,90,60,18.8268,0.976787,118.825,21.2265,52.1085,17.9918,7.50471,6.36105,52.1085,9.94035,1,0,55.4921,51.5111,11.0615,79.1075,16.7933,8.42688,0.532821,0.173724,17.6049,15.6608,0.0651042,0.906851,1,0
900,750,-5000,1,90,90,-4.07219,0.905109,524.195,34.7218,52.8296,27.7935,12.276,9.8265,52.8296,0,1,0,57.5135,79.9942,29.5953,470.483,14.0116,4.9935,0.520108,0.403386,18.0079,14.6108,0.0488281,0.847318,1,0
900,750,7500,1,90,60,20.7201,0.983563,125.336,23.5095,57.6713,20.3283,8.31185,7.18714,57.6713,9.94035,1,0,55.6132,51.5976,13.8078,81.4608,17.4019,8.85803,0.602046,0.251953,18.6799,16.692,0.0651042,0.940381,1,0
900,750,-7500,1,90,90,-6.074,0.935272,519.055,36.2916,58.711,29.4994,12.831,10.4296,58.711,0,1,0,57.9824,78.7297,32.7133,458.371,15.7779,6.5717,0.61981,0.485812,19.4825,16.2051,0.0488281,0.893209,1,0
900,750,10000,1,90,75,15.1069,0.988717,114.115,28.8205,63.2146,23.5242,10.1896,8.31708,63.2146,0,1,0,55.8804,50.619,19.7831,69.1013,14.6328,6.19514,0.695652,0.401527,20.08,17.9424,0.0569661,0.957577,1,0
900,750,-10000,1,90,75,-0.229928,0.957953,438.924,29.0049,63.5762,23.7221,10.2548,8.38703,63.5762,0,1,0,56.5642,74.217,20.7926,392.681,14.7305,6.27583,0.702918,0.409686,20.1817,18.0397,0.0569661,0.91796,1,0
900,750,15000,1,90,75,18.9925,0.989796,154.632,35.3355,74.6308,30.3287,12.493,10.7228,74.6308,2.94227,1,0,57.4827,51.2191,31.1193,89.4839,18.6237,9.3344,0.993203,0.716973,23.8806,21.5882,0.0569661,0.973689,1,0
900,750,-15000,1,90,75,-4.09579,0.973052,415.408,35.5242,74.9342,30.5212,12.5597,10.7909,74.9342,3.30637,1,0,58.1202,70.1265,32.4367,348.654,18.7563,9.4354,1.003,0.726931,23.9951,21.6983,0.0569661,0.943922,1,0
900,750,20000,1,75,50,25.5308,0.990347,194.935,41.5876,85.9612,36.4335,14.7034,12.8812,85.9612,0,0,1,59.5362,51.3246,44.0511,106.654,25.1319,11.2082,1.35165,1.12722,28.2556,24.6511,0.0705295,0.978635,1,1
900,750,-20000,1,90,60,-0.205271,0.98983,205.486,40.916,85.539,37.3682,14.466,13.2117,85.539,10.6641,1,0,58.3469,53.34,44.264,117.299,24.1042,11.9164,1.36218,1.11092,27.8797,25.3968,0.0651042,0.957134,1,0
900,750,30000,1,50,20,30.7869,0.990493,287.933,56.1489,105.41,49.3859,19.8516,17.4605,105.41,0,0,1,63.3504,52.4174,81.3366,138.51,39.399,16.1704,2.02518,2.31442,35.6493,28.6614,0.0868056,0.982387,1,1
900,750,-30000,1,75,40,-2.066,0.9902,296.898,55.7233,105.162,50.8783,19.7012,17.9882,105.162,18.8811,1,0,62.532,53.9596,82.84,146.842,36.8296,17.6555,2.10459,2.30054,35.3118,30.6863,0.0759549,0.970248,1,0
900,750,40000,1,40,0,39.5448,0.990293,392.091,68.7656,120.992,61.3207,24.3123,21.6802,120.992,6.09642,1,1,67.0087,54.4042,124.744,174.947,53.7031,21.7293,2.44093,3.85219,40.2191,29.7961,0.0976562,0.983536,1,1
900,750,-40000,1,50,10,-1.05404,0.990149,397.962,68.6709,120.885,61.9007,24.2788,21.8852,120.885,13.3913,1,0,66.7561,55.1806,125.666,180.975,52.0437,22.2234,2.48708,3.84865,40.09,30.8774,0.0922309,0.976365,1,0
900,750,50000,1,40,10,39.7817,0.989568,527.093,82.227,136.378,74.3926,29.0716,26.3018,136.378,26.5337,1,1,72.2627,56.8172,183.156,223.866,66.502,30.5065,3.01085,5.83366,45.2509,32.1346,0.0922309,0.983207,1,1
900,750,-50000,1,50,10,-6.48288,0.989476,531.816,82.5602,136.835,75.3205,29.1894,26.6298,136.835,32.5314,1,0,71.5747,57.796,186.062,225.455,66.5189,30.461,3.15823,5.85049,45.6279,34.0857,0.0922309,0.982649,1,0
900,750,60000,0,40,10,45.2825,0.988179,717.746,96.7742,152.539,88.4146,34.2148,31.2593,152.539,45.9276,1,1,78.809,60.7575,261.132,293.895,86.3612,44.9602,3.86391,8.29693,51.5492,35.9168,0.0922309,0.982225,1,1
900,750,-60000,0,50,10,-12.1994,0.988053,725.484,97.5778,153.631,89.693,34.499,31.7113,153.631,52.6859,1,0,77.9247,62.3919,267.065,298.059,85.9397,42.7087,4.12292,8.34451,52.3228,38.6402,0.0922309,0.982262,1,1
900,800,2500,1,75,50,14.0531,0.95759,110.72,18.7489,42.2605,14.7748,6.62874,5.22369,42.2605,9.72381,1,0,54.9235,51.5807,8.05742,74.4116,18.6037,6.90487,0.444479,0.114589,16.6625,13.4844,0.0752315,0.9181,1,0
900,800,-2500,1,75,90,-9.44594,0.836548,488.47,43.8749,60.8974,35.8339,15.5121,12.6692,60.8974,0,1,0,60.0475,73.3214,47.8114,403.215,21.3505,8.80862,0.474725,0.588035,19.2485,10.2958,0.0520833,0.766452,1,0
900,800,5000,1,75,50,15.5733,0.97788,113.104,20.0243,47.0247,16.1756,7.07966,5.71893,47.0247,9.72381,1,0,54.982,51.6226,9.45942,74.5983,18.9195,7.21344,0.473619,0.156051,17.1589,13.9798,0.0752315,0.957042,1,0
900,800,-5000,1,90,90,-3.79842,0.911175,487.421,27.7595,43.9552,21.2627,9.81445,7.51751,43.9552,0,1,0,55.8425,79.3742,18.1791,450.759,11.7387,3.52366,0.335387,0.269631,14.627,11.4843,0.0520833,0.868993,1,0
900,800,7500,1,75,50,17.0944,0.984461,118.385,21.9768,51.7916,18.2632,7.76997,6.45701,51.7916,9.72381,1,0,55.0774,51.6921,11.6617,76.5717,19.4081,7.54907,0.521943,0.224808,17.9519,14.7647,0.0752315,0.969518,1,1
900,800,-7500,1,90,90,-5.66739,0.939655,481.65,29.5697,49.8123,23.3042,10.4545,8.23929,49.8123,0,1,0,56.2936,78.1005,21.0793,438.364,13.4763,5.01202,0.428219,0.346111,16.2946,13.3238,0.0520833,0.909312,1,0
900,800,10000,1,75,50,18.6159,0.987664,124.902,24.445,56.5598,20.8325,8.6426,7.36539,56.5598,9.72381,1,0,55.2133,51.7893,14.7412,78.6367,20.0431,7.8918,0.589459,0.320873,19.0045,15.7962,0.0752315,0.975653,1,1
900,800,-10000,1,90,90,-7.5674,0.956735,452.215,31.9423,55.7668,25.9043,11.2933,9.15854,55.7668,2.90145,1,0,56.9196,74.9885,25.06,400.719,15.418,6.61508,0.55854,0.452262,18.3792,15.5471,0.0520833,0.930783,1,0
900,800,15000,1,75,60,16.6691,0.991541,127.963,31.3979,66.1281,26.5182,11.1008,9.37561,66.1281,0.62213,0,1,56.0932,50.882,24.1603,72.4909,19.3993,7.2073,0.783982,0.613109,21.7685,18.4282,0.0694444,0.981586,1,1
900,800,-15000,1,90,75,-3.30141,0.980732,294.696,30.6947,65.9019,26.9682,10.8522,9.5347,65.9019,10.3403,1,0,56.1492,63.4303,24.3486,240.118,17.6092,7.96378,0.794937,0.603533,21.472,19.171,0.0607639,0.953022,1,0
900,800,20000,1,60,40,20.6831,0.991644,168.523,37.9774,76.215,32.6715,13.4271,11.5511,76.215,0.676159,0,1,57.8946,51.2309,36.0477,90.6855,26.2457,9.2137,1.05532,0.996825,25.5967,20.8923,0.0810185,0.984209,1,1
900,800,-20000,1,90,75,-7.07899,0.983529,334.929,38.8957,77.7404,35.0374,13.7517,12.3876,77.7404,23.6587,1,0,58.0156,63.5714,40.1382,252.807,23.0026,11.9135,1.23602,1.02268,26.5691,24.1767,0.0607639,0.964252,1,0
900,800,30000,1,50,20,29.7884,0.991777,248.724,50.3699,92.6416,44.9123,17.8085,15.8789,92.6416,10.6117,1,0,60.1496,53.2486,65.8965,120.594,38.358,14.0166,1.48689,2.03029,30.7717,24.221,0.0925926,0.986366,1,1
900,800,-30000,1,60,30,-1.02622,0.991642,252.845,50.6464,92.9597,45.8723,17.9062,16.2183,92.9597,16.8719,1,1,60.2532,53.5003,67.5897,123.784,36.7547,14.5425,1.56813,2.03884,31.0949,25.6233,0.0868056,0.975391,1,0
900,800,40000,1,30,10,27.2682,0.991398,347.051,63.038,107.536,55.9964,22.2873,19.7977,107.536,15.9664,1,1,64.9163,53.9401,103.971,159.502,50.1965,19.1886,1.81545,3.44926,35.2907,24.6944,0.0983796,0.986442,1,1
900,800,-40000,1,50,20,-4.81222,0.991247,353.216,63.6228,108.386,57.8062,22.4941,20.4376,108.386,27.5779,1,0,64.0121,55.2733,108.061,161.1,49.1274,20.3293,2.03897,3.47184,36.092,28.2758,0.0925926,0.98411,1,0
900,800,50000,1,30,10,31.8522,0.99072,468.359,75.8044,121.901,68.4803,26.8009,24.2114,121.901,32.1279,1,1,69.2337,56.4338,154.432,202.599,63.8022,28.0063,2.25766,5.25309,39.6647,27.0028,0.0983796,0.985787,1,1
900,800,-50000,1,40,10,-8.13692,0.990602,474.377,76.1438,122.366,69.3583,26.9209,24.5219,122.366,36.6575,1,0,68.3168,57.807,157.065,208.066,63.2071,26.5894,2.38137,5.26899,39.9913,28.9977,0.0983796,0.985844,1,1
900,800,60000,1,40,20,38.7518,0.989499,636.753,91.7839,139.963,84.1876,32.4505,29.7648,139.963,59.0957,1,1,74.6833,60.4206,233.376,258.208,79.6458,37.4936,3.512,7.61565,48.1008,35.9678,0.0925926,0.984736,1,1
900,800,-60000,1,40,10,-13.1497,0.989449,639.821,90.3804,138.076,82.9999,31.9543,29.3449,138.076,54.3307,1,0,74.0013,61.2547,226.562,266.99,80.9447,38.3882,3.16644,7.53921,46.0684,33.5136,0.0983796,0.984762,1,1
900,850,2500,1,90,90,1.70567,0.975388,63.0836,19.4548,28.9167,13.1638,6.87831,4.65411,28.9167,0,1,0,53.3551,50.6362,7.84641,43.2452,9.14281,1.36045,0.143615,0.121938,9.96201,6.88356,0.0553385,0.946413,1,1
900,850,-2500,1,75,90,-9.28821,0.87447,358.876,36.9421,52.0833,29.2882,13.061,10.3549,52.0833,0,1,0,58.0637,66.446,32.6261,295.358,18.6735,7.22152,0.275737,0.418817,15.0192,7.01436,0.0553385,0.797491,1,0
900,850,5000,1,90,90,3.42583,0.985976,71.117,20.8369,34.6444,14.9032,7.36696,5.26909,34.6444,0,1,0,53.7925,50.6702,9.25751,47.5125,10.2353,2.32447,0.193496,0.163453,11.2702,8.47469,0.0553385,0.971122,1,1
900,850,-5000,1,75,90,-10.972,0.925111,404.758,37.7019,52.0833,30.125,13.3296,10.6508,52.0833,0,1,0,58.1781,69.7021,34.3564,338.995,18.9214,7.22918,0.332827,0.461867,16.0543,8.75924,0.0553385,0.888825,1,0
900,850,7500,1,90,90,5.18291,0.988812,84.8604,22.9932,40.4951,17.4632,8.12933,6.17417,40.4951,2.92429,1,0,54.2816,51.0303,11.8766,55.1948,11.8654,3.66728,0.278064,0.233092,13.1934,10.6444,0.0553385,0.979468,1,1
900,850,-7500,1,90,90,-5.29328,0.949803,396.378,23.149,40.8626,17.6427,8.18441,6.23764,40.8626,3.31342,1,0,54.8096,73.6643,12.4552,365.883,11.9846,3.76344,0.284492,0.238356,13.3282,10.7916,0.0553385,0.923967,1,0
900,850,10000,1,60,50,10.0269,0.99148,85.9308,22.7144,47.7212,17.257,8.03077,6.10127,47.7212,0,0,1,54.1698,50.3255,11.4824,49.3277,18.7314,3.86881,0.416909,0.286844,16.6006,12.348,0.0799334,0.98357,1,1
900,850,-10000,1,90,90,-7.06044,0.968174,328.724,25.9006,46.7468,20.7265,9.15723,7.32791,46.7468,9.54379,1,0,55.2025,67.8161,16.0883,290.449,13.933,5.31425,0.405065,0.336524,15.6414,13.2545,0.0553385,0.942505,1,0
900,850,15000,1,60,50,12.5632,0.992663,110.874,28.0745,56.1665,23.1617,9.92583,8.18891,56.1665,4.4945,0,1,55.0223,50.8986,18.9041,61.5086,21.2341,5.68825,0.557445,0.533234,18.9021,14.7379,0.0799334,0.98723,1,1
900,850,-15000,1,90,75,-2.58963,0.991744,124.873,27.5077,56.8334,25.4102,9.72543,8.98385,56.8334,17.6655,1,0,54.4192,52.7994,20.0342,76.5857,17.5668,6.91215,0.64552,0.524058,19.3201,17.3142,0.0645616,0.961431,1,0
900,850,20000,1,50,40,14.3468,0.992804,144.956,34.316,64.6876,29.0878,12.1325,10.2841,64.6876,9.07763,1,1,56.2316,51.409,28.9773,76.8138,26.5481,7.69489,0.734333,0.880811,21.8093,16.7389,0.0860822,0.988671,1,1
900,850,-20000,1,60,40,-0.0481754,0.992572,149.662,33.3113,64.441,29.8206,11.7773,10.5432,64.441,11.5504,1,0,55.3423,52.6801,28.6161,81.8097,26.5564,7.89629,0.739833,0.86055,21.4962,17.3984,0.0860822,0.970942,1,0
900,850,30000,1,20,10,16.4321,0.992807,217.358,45.6361,79.377,39.3511,16.1348,13.9127,79.377,11.3135,1,1,59.1659,52.2008,52.3702,105.787,40.1772,11.0968,0.955407,1.81175,26.1077,17.0206,0.104528,0.989248,1,1
900,850,-30000,1,50,30,-3.97358,0.992574,224.46,46.02,80.0936,41.5896,16.2705,14.7041,80.0936,23.6845,1,0,58.2504,53.8379,55.505,112.163,36.3508,12.3981,1.13041,1.82258,26.6952,21.3222,0.0922309,0.985569,1,0
900,850,40000,1,20,10,20.4122,0.992492,302.61,57.2579,92.6297,50.9595,20.2437,18.0169,92.6297,25.3458,1,1,62.1756,54.0239,85.4472,138.737,49.8928,17.0461,1.19345,3.09435,29.257,18.8806,0.104528,0.988773,1,1
900,850,-40000,1,30,0,-1.08591,0.992455,304.086,56.9588,92.291,51.3314,20.138,18.1484,92.291,26.0156,1,1,60.9259,55.2861,85.4412,137.637,51.9821,16.6246,1.19341,3.08418,28.5745,20.0872,0.110677,0.988852,1,0
900,850,50000,1,30,20,25.9548,0.991598,423.68,71.5081,108.503,65.0733,25.2819,23.0069,108.503,46.5925,1,1,66.3177,56.9652,137.631,184.258,60.23,24.3429,1.92552,4.83516,35.8518,26.2529,0.0983796,0.987908,1,1
900,850,-50000,1,40,10,-6.70377,0.991525,427.356,71.3424,108.415,65.7149,25.2233,23.2337,108.415,47.5276,1,1,65.1985,58.2888,138.485,185.441,62.281,23.7119,1.97167,4.8283,35.5415,27.7289,0.104528,0.987941,1,1
900,850,60000,1,30,20,30.5479,0.990624,567.903,85.3433,123.797,78.3391,30.1734,27.6971,123.797,62.786,0,1,71.1016,59.9817,200.413,234.261,75.9236,33.3815,2.65405,6.9434,41.8239,31.2528,0.0983796,0.986669,1,1
900,850,-60000,1,30,10,-14.9697,0.990548,572.503,83.99,121.872,77.2333,29.695,27.3061,121.872,59.0422,1,0,70.6584,60.5734,194.414,240.782,78.5221,35.6096,2.34111,6.87501,39.5791,28.8708,0.104528,0.986687,1,1
900,900,2500,1,90,90,1.60204,0.984969,38.1505,12.4893,20.0713,6.86154,4.41562,2.42592,20.0713,0,0,1,51.9682,50.084,2.87934,25.2795,8.69846,0.704817,0.0582466,0.0546287,6.58141,3.94498,0.0585938,0.964815,1,1
900,900,-2500,1,50,60,-6.25067,0.89564,291.299,23.5622,38.4615,15.8473,8.33049,5.60288,38.4615,0,1,0,55.3837,64.8486,11.7057,254.292,18.9807,3.70369,0.160278,0.175194,11.6457,4.82013,0.078125,0.826743,1,0
900,900,5000,1,90,90,3.22527,0.989971,50.651,14.435,25.7942,9.64412,5.10355,3.40971,25.7942,4.45208,0,1,52.4004,50.4858,4.27696,34.1996,9.73654,1.56147,0.105179,0.0936887,8.33478,6.20742,0.0585938,0.980648,1,1
900,900,-5000,1,75,90,-10.7146,0.961538,200,30.983,43.2692,23.9124,10.9541,8.4543,43.2692,4.41431,1,0,56.4115,56.9856,22.094,151.39,17.0845,5.97362,0.18741,0.320095,12.1549,6.33169,0.0585938,0.907136,1,0
900,900,7500,1,90,90,4.87984,0.991495,64.3365,17.24,31.6276,13.0729,6.09527,4.62198,31.6276,10.2855,0,1,52.8869,50.8343,6.59317,42.3326,11.2967,2.78951,0.1847,0.159207,10.6659,8.80204,0.0585938,0.985871,1,1
900,900,-7500,1,75,90,-12.2848,0.976235,182.58,32.3282,43.2692,25.4257,11.4297,8.98933,43.2692,9.95049,1,0,56.4574,55.5473,24.3545,130.794,17.5485,6.05468,0.268909,0.384679,13.9238,8.89519,0.0585938,0.937395,1,0
900,900,10000,1,75,75,5.57194,0.992103,79.5966,20.3536,36.4716,15.8528,7.19609,5.6048,36.4716,11.5724,1,1,53.481,50.9759,9.38503,49.7838,15.1079,3.51611,0.250117,0.248722,12.5554,10.0322,0.0683594,0.988387,1,1
900,900,-10000,1,50,60,-9.77736,0.979251,211.883,27.3379,38.4615,20.4847,9.6654,7.24244,38.4615,7.61782,1,0,55.5879,58.6138,16.8358,166.956,20.5231,4.26781,0.288401,0.350295,14.5038,9.05298,0.078125,0.953182,1,0
900,900,15000,1,50,50,6.74408,0.992812,108.595,25.7445,44.6105,20.8697,9.10206,7.37855,44.6105,13.783,1,1,54.5444,51.2657,15.5187,62.5272,22.8073,4.95185,0.357234,0.478627,15.3885,11.3951,0.0846354,0.990489,1,1
900,900,-15000,1,75,60,-0.63561,0.992702,110.278,24.8065,45.5102,24.0135,8.77042,8.49007,45.5102,19.4578,1,1,53.5359,52.5111,16.8331,64.3803,20.7032,5.41803,0.435064,0.464432,15.9709,14.0669,0.078125,0.97653,1,0
900,900,20000,1,20,20,7.28066,0.993249,135.941,29.9515,51.31,24.7647,10.5895,8.75564,51.31,13.3684,1,1,55.5496,51.4168,21.3788,72.5363,32.444,5.81912,0.390478,0.766318,17.0689,10.1576,0.104167,0.991067,1,1
900,900,-20000,1,75,60,-3.39989,0.992715,146.764,32.103,55.256,30.6707,11.3501,10.8437,55.256,29.2037,1,1,54.6274,53.5165,27.9212,81.7823,24.472,7.96607,0.723165,0.806639,20.3714,18.4288,0.078125,0.987443,1,0
900,900,30000,1,10,10,10.3589,0.993607,193.009,40.2646,63.7653,35.2645,14.2357,12.4679,63.7653,23.4524,1,1,57.3033,52.6545,40.7132,94.4342,41.9265,9.82789,0.493567,1.60464,19.4667,10.8478,0.110677,0.991142,1,1
900,900,-30000,1,20,0,-0.673022,0.99368,190.811,39.8307,63.2703,35.5161,14.0823,12.5568,63.2703,23.7911,1,1,55.8132,53.8092,40.4315,89.8327,44.5438,9.38798,0.470339,1.59414,18.3046,11.9668,0.117188,0.991224,1,1
900,900,40000,1,20,20,14.9266,0.993213,273.352,53.5713,78.2668,48.4027,18.9403,17.1129,78.2668,40.3252,1,1,59.9439,54.8453,75.528,124.916,48.0401,14.9412,0.912581,2.84981,24.8906,17.7283,0.104167,0.99054,1,1
900,900,-40000,1,30,10,-5.27135,0.993249,271.88,53.0589,77.8797,48.8378,18.7592,17.2668,77.8797,40.7719,1,1,58.5921,56.0491,75.2808,122.032,50.4171,14.4079,0.899893,2.83334,23.9651,18.8033,0.110677,0.990574,1,1
900,900,50000,1,20,20,18.9123,0.992472,379.256,66.402,92.319,60.7646,23.4766,21.4835,92.319,54.3774,1,1,63.4514,57.1342,118.646,165.196,59.4826,21.3011,1.35057,4.43267,29.8484,22.2731,0.104167,0.989465,1,1
900,900,-50000,1,30,10,-9.26691,0.992495,378.104,66.0179,91.9667,61.1388,23.3409,21.6158,91.9667,54.8589,1,1,62.0813,58.3565,118.472,162.371,61.9839,20.8202,1.33913,4.41734,28.9606,23.3483,0.110677,0.989483,1,1
900,900,60000,1,20,20,23.0558,0.99137,522.324,79.7911,106.927,73.5416,28.2104,26.0009,106.927,68.9858,1,1,68.1872,60.1169,174.907,220.459,74.695,31.2936,1.9611,6.39326,35.5889,27.4346,0.104167,0.988117,1,1
900,900,-60000,1,30,10,-13.4311,0.991306,526.226,79.5341,106.648,73.91,28.1196,26.1311,106.648,69.5403,1,1,66.5817,61.9765,175.059,221.878,77.3656,31.0659,1.95899,6.38126,34.713,28.6994,0.110677,0.988127,1,1
950,400,2500,1,90,0,48.8534,0.772606,735.801,72.8722,118.218,64.0092,25.7642,22.6307,118.218,0,1,0,78.3658,67.0444,144.334,480.087,49.3474,33.4928,5.68303,1.62337,45.8965,63.6063,0.0520833,0.486983,1,0
950,400,-2500,1,90,90,-4.14969,0.707311,1034.51,91.8881,118.682,81.9633,32.4873,28.9784,118.682,0,1,0,83.4323,82.3185,241.2,662.564,61.7715,31.191,3.66113,2.56652,46.0877,41.1319,0.0260417,0.48694,1,0
950,400,5000,1,90,0,52.216,0.870863,741.434,73.68,123.487,64.8149,26.0498,22.9155,123.487,0,1,0,78.5295,67.1514,147.819,480.508,50.0276,34.2954,5.68491,1.73475,46.1447,63.4089,0.0520833,0.654434,1,0
950,400,-5000,1,90,90,-7.74769,0.828289,1036.54,92.601,124.32,82.6637,32.7394,29.226,124.32,0,1,0,84.5389,81.005,245.157,656.512,63.6639,33.6999,3.77982,2.68452,46.7798,41.8586,0.0260417,0.654395,1,0
950,400,7500,1,90,0,55.5811,0.909014,750.694,74.9616,128.76,66.0907,26.5029,23.3666,128.76,0,1,0,78.8374,67.3237,153.449,481.774,51.1163,35.1767,5.68792,1.91396,46.5414,63.0898,0.0520833,0.738921,1,0
950,400,-7500,1,90,75,-3.29263,0.884855,975.966,87.2495,129.091,77.5931,30.8473,27.4333,129.091,0,1,0,82.2533,79.6196,215.274,634.634,57.832,32.2594,4.293,2.5185,46.6751,48.5381,0.0303819,0.738889,1,0
950,400,10000,1,90,0,58.9482,0.929112,762.96,76.6939,134.036,67.8107,27.1154,23.9747,134.036,0,1,0,79.2395,67.5617,161.223,483.207,52.6452,36.1632,5.69207,2.16111,47.0829,62.6472,0.0520833,0.789711,1,0
950,400,-10000,1,90,75,-6.85734,0.91048,983.216,88.8496,134.677,79.169,31.4131,27.9905,134.677,0,1,0,83.5319,78.3974,223.777,627.922,60.5032,34.9655,4.39629,2.77325,47.5848,48.7123,0.0303819,0.789683,1,0
950,400,15000,0,90,0,65.6886,0.949565,796.703,81.3913,144.598,72.4522,28.7762,25.6157,144.598,0,1,0,80.3565,68.2366,183.294,486.932,56.8838,38.3364,5.70381,2.85972,48.5809,61.3787,0.0520833,0.847637,1,0
950,400,-15000,0,90,50,-0.778378,0.94189,925.433,85.8718,144.738,76.543,30.3603,27.062,144.738,0,1,0,81.6315,76.4149,207.455,590.752,57.6722,34.8489,5.04335,3.09185,48.6096,54.79,0.0376157,0.847616,1,0
950,400,20000,0,90,0,72.4401,0.959366,847.107,87.5107,155.177,78.4566,30.9397,27.7386,155.177,0,1,0,82.1884,69.1812,214.401,495.609,62.8264,40.8758,5.72015,3.83206,50.5922,59.5683,0.0520833,0.879378,1,0
950,400,-20000,0,90,40,-2.5374,0.955166,938.766,90.059,155.329,80.7487,31.8407,28.549,155.329,0,1,0,83.3944,74.7535,229.599,572.128,63.0071,38.7101,5.28784,3.9747,50.6743,55.133,0.0405093,0.879362,1,0
950,400,30000,0,90,20,76.1523,0.969418,946.39,103.623,176.663,94.0571,36.6364,33.2542,176.663,0,1,0,88.6672,67.1456,307.379,470.568,80.6457,48.5393,5.71427,6.63774,56.237,53.1282,0.0462963,0.91231,1,0
950,400,-30000,0,90,10,-0.99079,0.967402,1010.89,103.092,176.41,93.5781,36.4486,33.0849,176.41,0,1,0,87.9366,73.0323,306.428,539.835,79.4637,46.5603,5.7057,6.61203,55.9415,53.4063,0.0491898,0.912298,1,0
950,400,40000,0,75,0,85.2754,0.9702,1228.6,127.229,205.738,115.897,44.9822,40.9758,205.738,0,1,1,105.99,63.6968,481.204,499.415,118.644,73.156,7.74877,10.9243,69.8508,55.8879,0.0520833,0.928003,1,0
950,400,-40000,0,90,0,-10.8168,0.97193,1155.22,123.057,199.642,112.772,43.5073,39.8708,199.642,7.66233,1,0,99.1541,66.7947,446.923,479.409,111.761,68.7924,6.39461,10.6004,64.4429,49.2633,0.0520833,0.927995,1,0
950,400,50000,0,60,0,87.766,0.962826,1930.46,154.849,240.089,141.68,54.7475,50.0913,240.089,14.9164,1,1,138.29,71.9714,784.395,769.142,174.162,116.465,12.0453,16.7444,91.8126,62.0308,0.0520833,0.938728,1,1
950,400,-50000,0,75,0,-29.3118,0.964396,1845.92,153.994,235.567,141.531,54.4451,50.0386,235.567,48.5803,1,1,130.493,74.1992,764.415,710.882,172.253,114.036,10.9027,16.6499,85.659,61.8992,0.0520833,0.935612,1,0
950,400,60000,0,40,10,89.9515,0.947048,3354.76,193.32,291.947,177.758,68.3489,62.8469,291.947,89.9865,1,1,203.812,90.0153,1467.74,1269.1,266.813,193.703,25.1833,25.1718,134.175,87.1361,0.0491898,0.936274,1,1
950,400,-60000,0,40,0,-54.1039,0.947433,3329.02,192.245,290.619,176.739,67.9689,62.4868,290.619,75.7177,1,1,202.086,89.6461,1445.66,1261.14,264.713,192.88,24.8597,25.0429,133.204,86.7691,0.0520833,0.936304,1,1
950,450,2500,1,90,0,48.3328,0.811422,581.012,64.1221,109.24,55.7959,22.6706,19.7268,109.24,0,1,0,74.034,61.2833,108.84,377.234,42.9612,30.058,4.51377,1.25704,42.3009,55.4502,0.0585938,0.513375,1,0
950,450,-2500,1,90,90,-3.63748,0.720851,968.123,84.6737,109.778,75.0648,29.9367,26.5394,109.778,0,1,0,79.04,83.5426,202.134,655.189,52.8539,25.8755,3.09404,2.17782,42.4724,37.6728,0.0292969,0.513319,1,0
950,450,5000,1,90,0,51.3216,0.89504,586.341,64.9223,114.509,56.6013,22.9535,20.0116,114.509,0,1,0,74.2041,61.3747,111.807,378.016,43.5479,30.8145,4.5288,1.34918,42.565,55.3655,0.0585938,0.67813,1,0
950,450,-5000,1,90,90,-6.80692,0.837808,967.958,85.3496,115.365,75.7329,30.1756,26.7756,115.365,0,1,0,80.0655,82.1597,205.509,647.648,54.6441,28.2044,3.19742,2.27629,43.1313,38.3572,0.0292969,0.678081,1,0
950,450,7500,1,90,0,54.3119,0.926595,594.148,66.1981,119.781,57.8823,23.4046,20.4645,119.781,0,1,0,74.4467,61.523,116.612,378.837,44.5093,31.651,4.55315,1.49845,42.9895,55.228,0.0585938,0.759177,1,0
950,450,-7500,1,90,75,-2.01707,0.892876,899.824,79.1953,120.142,69.9082,27.9998,24.7163,120.142,0,1,0,77.59,80.4547,174.605,619.87,48.613,26.6196,3.63612,2.07265,43.0682,44.5415,0.0341797,0.759137,1,0
950,450,10000,1,90,0,57.3041,0.942953,604.98,67.9237,125.055,59.6093,24.0147,21.0751,125.055,0,1,0,74.8007,61.7284,123.277,380.21,45.8527,32.5728,4.58684,1.70498,43.57,55.0372,0.0585938,0.807256,1,0
950,450,-10000,1,90,75,-5.12957,0.916983,905.324,80.7272,125.629,71.4278,28.5414,25.2535,125.629,0,1,0,78.7856,79.2279,181.899,613.087,50.9929,29.0479,3.72953,2.28538,43.9109,44.7698,0.0341797,0.807222,1,0
950,450,15000,1,90,0,63.2949,0.959223,637.657,72.592,135.616,64.2522,25.6651,22.7166,135.616,0,1,0,75.9904,62.3121,142.348,386.502,49.6183,34.6195,4.68232,2.29033,45.1748,54.4928,0.0585938,0.861171,1,0
950,450,-15000,1,90,60,-3.49957,0.945385,866.55,79.6319,135.977,70.606,28.1541,24.963,135.977,0,1,0,78.3706,76.7129,176.351,579.098,50.8254,30.6998,4.16992,2.62246,45.3539,48.5686,0.0390625,0.861145,1,0
950,450,20000,0,90,0,69.2928,0.967017,682.164,78.6361,146.189,70.2117,27.8021,24.8236,146.189,0,1,0,77.6033,63.1296,169.145,394.501,54.8802,36.9771,4.81537,3.10598,47.3202,53.725,0.0585938,0.890464,1,0
950,450,-20000,0,90,50,-4.5173,0.958386,868.417,82.9191,146.585,74.0011,29.3163,26.1634,146.585,0,1,0,79.7298,74.7313,192.231,556.52,55.1689,34.2236,4.51082,3.32503,47.5803,50.0554,0.0423177,0.890444,1,0
950,450,30000,0,90,0,81.3157,0.973501,816.612,93.7612,167.383,84.9451,33.1496,30.0326,167.383,0,1,0,82.7962,65.4877,247.337,424.131,69.8986,42.6176,5.19492,5.43279,52.9652,51.4718,0.0585938,0.920885,1,0
950,450,-30000,0,90,20,-1.38248,0.970531,910.915,94.2264,167.501,85.3311,33.3141,30.1691,167.501,0,1,0,83.3061,72.1809,252.526,515.367,68.7373,40.915,5.14367,5.46769,53.0133,50.8343,0.0520833,0.920871,1,0
950,450,40000,0,75,0,79.1243,0.975386,1009.39,115.775,193.969,105.161,40.9325,37.18,193.969,0,1,1,95.875,61.3205,386.683,416.972,99.4136,58.3331,6.86859,8.98093,64.5515,54.379,0.0585938,0.93558,1,0
950,450,-40000,0,90,0,-3.52854,0.974702,1038.17,111.794,188.912,102.3,39.5251,36.1685,188.912,0,1,0,91.3294,69.5247,363.699,486.245,93.155,54.1975,5.7896,8.71275,60.2115,48.556,0.0585938,0.93557,1,0
950,450,50000,0,75,10,87.5748,0.972789,1398.62,136.698,217.68,125.248,48.33,44.2819,217.68,31.9381,1,1,111.766,67.2259,568.984,543.937,137.149,86.619,8.42922,13.3757,75.225,54.5802,0.0553385,0.947317,1,0
950,450,-50000,0,75,0,-17.2146,0.972893,1393.13,136.144,217.045,124.73,48.1342,44.0986,217.045,20.4196,1,1,111.369,67.2045,563.776,543.071,137.037,87.3574,8.25913,13.3295,74.7535,53.5449,0.0585938,0.943028,1,0
950,450,60000,0,50,0,84.9082,0.963244,2289.5,165.33,254.913,151.55,58.453,53.5811,254.913,39.7477,1,1,153.786,77.2064,938.116,907.58,199.652,138.355,14.9386,19.494,103.278,67.2249,0.0585938,0.947139,1,1
950,450,-60000,0,60,0,-34.824,0.964239,2225.23,165.419,252.094,152.012,58.4845,53.7444,252.094,58.042,1,1,147.983,78.6747,928.959,856.389,199.306,136.147,14.0668,19.4915,98.4351,68.3963,0.0585938,0.946454,1,0
950,500,2500,1,90,0,47.8999,0.863354,395.682,55.8684,100.231,48.1633,19.7525,17.0283,100.231,1.12625,1,1,70.0079,52.5253,80.2726,232.225,38.363,27.4096,3.53317,0.954975,38.7047,47.8601,0.0651042,0.539071,1,0
950,500,-2500,1,90,90,-3.23071,0.734581,903.3,77.4659,100.879,68.1729,27.3883,24.1027,100.879,0,1,0,74.8965,84.4695,166.779,643.807,44.7604,21.166,2.57564,1.82254,38.8634,34.221,0.0325521,0.539003,1,0
950,500,5000,1,90,0,50.5895,0.925841,400.494,56.6751,105.499,48.9826,20.0377,17.318,105.499,1.12625,1,1,70.1628,52.6031,82.8156,233.011,38.8841,28.1452,3.55626,1.03269,38.9866,47.8657,0.0651042,0.700258,1,0
950,500,-5000,1,90,90,-6.06361,0.847109,902.431,78.1208,106.428,68.825,27.6199,24.3333,106.428,0,1,0,75.8842,83.0879,169.739,636.152,46.4426,23.3061,2.66714,1.90676,39.5038,34.8829,0.0325521,0.700202,1,0
950,500,7500,1,90,0,53.2807,0.948395,408.099,57.9696,110.771,50.2932,20.4954,17.7813,110.771,1.12625,1,1,70.4275,52.7302,86.9793,234.448,39.7239,28.9386,3.59401,1.15974,39.4431,47.8748,0.0651042,0.777607,1,0
950,500,-7500,1,90,75,-1.01072,0.900842,825.549,71.2083,111.221,62.2949,25.1759,22.0246,111.221,0,1,0,73.2599,80.8868,138.857,599.717,40.5156,21.7284,3.03454,1.6811,39.5021,40.508,0.0379774,0.777561,1,0
950,500,10000,1,90,0,55.9738,0.95976,419.274,59.7214,116.046,52.0592,21.1147,18.4057,116.046,1.12625,1,1,70.8553,52.907,92.7841,237.247,40.9082,29.8092,3.64645,1.33623,40.0686,47.8874,0.0651042,0.822912,1,0
950,500,-10000,1,90,75,-3.7732,0.923429,829.202,72.7127,116.632,63.8003,25.7078,22.5568,116.632,0,1,0,74.3393,79.682,145.15,592.572,42.6094,23.8749,3.12181,1.86317,40.3086,40.8025,0.0379774,0.822872,1,0
950,500,15000,1,90,0,61.364,0.970938,448.978,64.4401,126.603,56.7785,22.783,20.0742,126.603,1.12625,1,1,71.9593,53.4107,109.324,243.656,44.2631,31.7453,3.79546,1.83776,41.795,47.9232,0.0651042,0.873501,1,0
950,500,-15000,1,90,60,-1.5585,0.950214,785.917,71.2095,126.984,62.6642,25.1763,22.1551,126.984,0,1,0,73.9637,76.8088,138.749,555.145,42.4266,25.3493,3.52148,2.1264,41.8931,44.3927,0.0434028,0.873471,1,0
950,500,20000,1,90,0,66.761,0.976013,491.525,70.5028,137.174,62.7776,24.9265,22.1952,137.174,1.12625,1,1,73.6107,54.1171,132.608,253.97,48.9564,33.9566,4.00355,2.53808,44.0928,47.9731,0.0651042,0.900863,1,0
950,500,-20000,0,90,50,-1.93765,0.962398,781.427,74.3804,137.52,66.0252,26.2974,23.3434,137.52,0,1,0,75.1508,74.593,152.302,529.263,46.3928,28.4954,3.8564,2.72166,44.2104,46.0354,0.0470197,0.900839,1,0
950,500,30000,0,90,0,77.576,0.9799,615.372,85.4818,158.358,77.3913,30.2224,27.362,158.358,1.12625,1,1,78.5477,56.155,200.575,285.343,62.3726,39.2049,4.59782,4.5382,50.078,48.1156,0.0651042,0.92908,1,0
950,500,-30000,0,90,30,-2.73174,0.973135,828.204,86.4556,158.663,78.1476,30.5667,27.6293,158.663,0,1,0,79.5164,71.3802,210.179,492.315,60.2836,36.4561,4.59077,4.60491,50.2257,47.8467,0.0542535,0.929063,1,0
950,500,40000,0,90,0,88.4183,0.980625,790.306,102.874,179.594,94.1353,36.3716,33.2819,179.594,1.12625,1,1,85.5698,59.064,299.283,328.216,81.1883,45.5538,5.43106,7.34257,57.4288,48.3145,0.0651042,0.942544,1,0
950,500,-40000,0,90,20,-8.93234,0.977461,922.344,103.892,180.601,95.039,36.7314,33.6014,180.601,15.6353,1,0,87.2017,66.7586,309.881,443.077,82.9003,49.0663,5.6304,7.41928,58.1834,49.6012,0.0578704,0.942532,1,0
950,500,50000,0,75,0,85.0462,0.977858,1132.16,123.555,203.438,112.987,43.6834,39.947,203.438,10.6019,1,1,99.7704,63.8895,448.393,447.79,115.158,70.2827,6.99826,11.11,68.1414,50.3858,0.0651042,0.954736,1,0
950,500,-50000,0,90,0,-10.6025,0.977705,1140.19,123.875,203.459,114.176,43.7964,40.3672,203.459,40.5834,1,1,97.7195,66.2644,453.337,446.798,115.834,70.854,7.15263,11.1347,67.5835,52.9824,0.0651042,0.949692,1,0
950,500,60000,0,60,0,83.7499,0.972358,1705.67,147.191,231.348,134.858,52.0398,47.6797,231.348,33.6891,1,1,125.106,71.4773,684.877,675.001,161.423,106.857,10.4197,15.9551,85.1499,58.1194,0.0651042,0.955251,1,1
950,500,-60000,0,75,10,-29.4975,0.972782,1678.75,148.914,231.744,137.187,52.6492,48.5028,231.744,73.6239,1,1,120.73,73.928,699.156,634.588,163.411,106.333,10.4459,16.104,82.9792,61.9942,0.0614873,0.952736,1,0
950,550,2500,1,90,10,42.6068,0.881707,335.409,48.3556,91.3536,41.372,17.0963,14.6272,91.3536,7.68269,1,0,66.5608,52.4741,59.3389,203.927,33.892,24.0841,2.73432,0.717187,35.1145,41.0467,0.067636,0.565205,1,0
950,550,-2500,1,90,90,-2.90054,0.74828,840.996,70.2636,91.9866,61.2868,24.8419,21.6682,91.9866,0,1,0,71.0852,85.0848,135.296,629.214,37.4983,17.0308,2.10553,1.49992,35.2597,30.7754,0.0358073,0.565118,1,0
950,550,5000,1,90,10,45.0523,0.936148,341.036,49.1954,96.6227,42.231,17.3932,14.9309,96.6227,7.68269,1,0,66.7905,52.5441,61.6219,205.873,34.3732,24.7794,2.76282,0.785058,35.4227,41.1315,0.067636,0.721973,1,0
950,550,-5000,1,90,90,-5.46135,0.856306,839.035,70.9111,97.504,61.9371,25.0709,21.8981,97.504,0,1,0,71.979,83.7324,137.873,621.021,39.0896,18.9978,2.18753,1.57334,35.8943,31.4309,0.0358073,0.721903,1,0
950,550,7500,1,90,10,47.499,0.955541,348.956,50.542,101.894,43.6028,17.8693,15.4159,101.894,7.68269,1,0,67.1011,52.6589,65.3615,208.167,35.1465,25.529,2.80954,0.896333,35.9222,41.2701,0.067636,0.795373,1,0
950,550,-7500,1,90,90,-8.10394,0.899244,840.338,71.9665,103.198,62.9953,25.444,22.2722,103.198,0,1,0,72.9999,82.4165,142.223,613.403,41.0835,21.2007,2.32266,1.6922,36.909,32.4923,0.0358073,0.795317,1,0
950,550,10000,1,90,10,49.9469,0.965312,359.341,52.3571,107.168,45.4417,18.511,16.0661,107.168,7.68269,1,0,67.5052,52.8187,70.5676,210.974,36.2109,26.3321,2.87452,1.05108,36.6056,41.462,0.067636,0.837862,1,0
950,550,-10000,1,90,75,-2.68266,0.929358,760.121,64.8059,107.676,56.2918,22.9124,19.9022,107.676,0,1,0,70.4771,79.8638,113.478,571.688,35.3551,19.4147,2.57251,1.49773,36.7686,36.8288,0.0417752,0.837816,1,0
950,550,15000,1,90,10,54.8469,0.974735,388.799,57.2068,117.726,50.3068,20.2256,17.7861,117.726,7.68269,1,0,68.6809,53.2744,85.4407,219.27,39.2601,28.1342,3.05936,1.4913,38.4832,42.0033,0.067636,0.884916,1,0
950,550,-15000,1,90,75,-7.88095,0.950831,775.674,69.0897,118.876,60.5939,24.4269,21.4232,118.876,0,1,0,72.8376,77.6444,130.142,558.89,40.7266,24.2308,2.89267,1.95459,39.3886,38.573,0.0417752,0.884883,1,0
950,550,20000,1,90,10,59.7524,0.978976,429.51,63.3635,128.295,56.4053,22.4024,19.9423,128.295,7.68269,1,0,70.3197,53.9135,106.365,230.709,43.5379,30.1957,3.3176,2.10632,40.9626,42.748,0.067636,0.910327,1,0
950,550,-20000,1,90,60,-5.04369,0.964482,736.516,68.9398,128.922,60.9027,24.3739,21.5324,128.922,0,1,0,72.6718,74.7091,129.685,517.978,41.6507,25.7486,3.25613,2.34139,41.3645,41.4368,0.0477431,0.910301,1,0
950,550,30000,0,90,10,69.5809,0.98211,546.491,78.3298,149.471,70.9978,27.6938,25.1015,149.471,7.68269,1,0,75.1076,55.756,167.127,264.143,55.7319,35.0513,4.05533,3.86327,47.3354,44.8073,0.067636,0.936447,1,0
950,550,-30000,0,90,40,-4.81441,0.975259,761.07,79.7777,149.974,72.0107,28.2057,25.4596,149.974,0,1,0,76.4278,70.6824,177.298,471.41,53.876,33.1051,4.10046,3.9463,47.6624,44.9747,0.0557002,0.936428,1,0
950,550,40000,0,90,10,79.4306,0.982633,706.969,95.4382,170.693,87.447,33.7425,30.9172,170.693,7.68269,1,0,81.5651,58.3812,255.276,305.342,72.9037,40.968,5.08955,6.32634,55.0409,47.5442,0.067636,0.949178,1,0
950,550,-40000,0,90,20,-4.59404,0.98035,801.736,95.7774,171.045,87.7028,33.8624,31.0076,171.045,14.4765,1,0,82.3907,64.4774,259.87,393.494,73.1257,42.4495,5.14526,6.35423,55.2762,47.8935,0.0636574,0.949164,1,0
950,550,50000,0,75,0,80.0159,0.981265,954.644,113.459,191.63,103.686,40.1137,36.6585,191.63,8.74115,1,1,91.9707,61.6981,370.332,384.658,99.3432,57.3403,6.17615,9.48496,63.4396,48.2471,0.0716146,0.961471,1,0
950,550,-50000,0,90,10,-9.87012,0.981009,967.945,114.761,193.185,105.867,40.5743,37.4297,193.185,44.4144,1,0,90.9752,63.5405,382.196,384.558,100.039,56.5811,6.66167,9.57564,64.4156,52.3376,0.067636,0.955667,1,0
950,550,60000,0,75,10,85.9808,0.978183,1338.19,134.509,215.254,123.784,47.5559,43.7644,215.254,57.8516,1,1,106.025,69.0662,546.679,510.769,136.07,84.5559,8.41595,13.5502,74.665,55.3512,0.067636,0.961972,1,1
950,550,-60000,0,75,10,-20.9799,0.978212,1336.41,134.507,215.252,123.783,47.5553,43.7638,215.252,57.8482,1,0,106.134,68.8222,546.634,509.042,136.062,84.5544,8.41571,13.5499,74.664,55.3503,0.067636,0.958794,1,0
950,600,2500,1,90,20,37.3654,0.898742,281.666,41.6357,82.4829,35.4513,14.7204,12.5339,82.4829,12.3659,1,1,63.5669,52.3079,43.5382,175.517,30.2665,20.9407,2.08476,0.53361,31.5265,34.9347,0.0694444,0.59277,1,0
950,600,-2500,1,90,90,-2.62732,0.762023,780.74,63.0665,83.0984,54.4065,22.2974,19.2356,83.0984,0,1,0,67.5225,85.441,107.271,611.353,31.0829,13.4407,1.68346,1.20945,31.6612,27.3359,0.0390625,0.592658,1,0
950,600,5000,1,90,20,39.6071,0.945715,287.007,42.5218,87.7516,36.3617,15.0337,12.8558,87.7516,12.3659,1,1,63.7909,52.3715,45.5974,177.509,30.6994,21.5809,2.11683,0.593833,31.867,35.0955,0.0694444,0.744299,1,0
950,600,-5000,1,90,90,-4.96404,0.865298,778.357,63.7196,88.5907,55.0695,22.5283,19.47,88.5907,0,1,0,68.393,84.099,109.603,603.209,32.5649,15.2233,1.75767,1.27448,32.302,28.0002,0.0390625,0.744212,1,0
950,600,7500,1,90,20,41.8495,0.962255,294.193,43.9395,93.0224,37.8105,15.535,13.368,93.0224,12.3659,1,1,64.0692,52.4761,48.9779,179.558,31.4053,22.2753,2.16953,0.692823,32.419,35.3582,0.0694444,0.8134,1,0
950,600,-7500,1,90,90,-7.36809,0.905952,778.589,64.7821,94.2412,56.1458,22.9039,19.8505,94.2412,0,1,0,69.3477,82.7839,113.516,595.103,34.5042,17.2962,1.87993,1.37995,33.325,29.0693,0.0390625,0.813331,1,0
950,600,10000,1,90,20,44.0936,0.970403,305.001,45.8408,98.2969,39.7402,16.2072,14.0503,98.2969,12.3659,1,1,64.5334,52.6218,53.7019,183.447,32.3684,23.0115,2.24293,0.830679,33.1723,35.7208,0.0694444,0.85293,1,0
950,600,-10000,1,90,75,-1.78533,0.93514,693.586,57.0187,98.7476,48.9238,20.1591,17.2972,98.7476,0,1,0,66.8475,79.7982,86.2863,546.525,29.2404,15.6367,2.08123,1.18334,33.2871,32.868,0.0455729,0.852874,1,0
950,600,15000,1,90,20,48.5852,0.9782,334.284,50.8664,108.854,44.7813,17.984,15.8326,108.854,12.3659,1,1,65.7703,53.0377,67.1983,193.328,35.1789,24.6944,2.45191,1.22317,35.2291,36.7337,0.0694444,0.896266,1,0
950,600,-15000,1,90,75,-6.48571,0.955002,706.773,61.3864,109.795,53.3566,21.7034,18.8644,109.795,0,1,0,69.0839,77.6001,101.191,533.951,34.1954,20.0322,2.38121,1.58849,35.9201,34.7732,0.0455729,0.896226,1,0
950,600,20000,1,90,20,53.0818,0.981613,374.63,57.1557,119.423,50.9997,20.2076,18.0311,119.423,12.3659,1,1,67.4904,53.6211,86.1991,206.924,39.0691,26.5804,2.74403,1.77183,37.9177,38.1044,0.0694444,0.919392,1,0
950,600,-20000,1,90,60,-3.27106,0.967837,664.637,61.3212,119.868,53.9088,21.6803,19.0596,119.868,0,1,0,69.0715,74.2534,101.394,489.042,35.4133,21.4707,2.72562,1.9313,38.1457,37.5503,0.0520833,0.919361,1,0
950,600,30000,0,90,40,52.107,0.984517,471.784,72.6149,140.636,65.6328,25.6732,23.2047,140.636,0,1,0,72.2804,54.5245,142.217,232.294,47.4248,28.3507,3.58375,3.35813,44.7623,41.7865,0.0607639,0.943199,1,0
950,600,-30000,0,90,50,-7.48677,0.977853,679.461,74.21,141.529,66.915,26.2372,23.658,141.529,6.50911,1,0,73.7801,68.1514,151.831,425.232,49.1658,30.6673,3.69904,3.44062,45.4242,42.5201,0.0564236,0.943178,1,0
950,600,40000,0,75,0,68.4603,0.983943,652.748,89.6692,162.514,81.2703,31.7029,28.7334,162.514,6.93376,1,1,79.4625,57.2008,221.745,292.081,69.6838,39.5477,4.75742,5.57181,53.4147,45.6894,0.078125,0.961231,1,0
950,600,-40000,0,90,20,-1.12037,0.984323,637.071,89.0599,161.821,81.7963,31.4874,28.9194,161.821,16.5353,1,1,78.1884,57.7635,220.827,283.025,66.3632,37.3851,4.75165,5.53791,52.8081,46.451,0.0694444,0.954901,1,0
950,600,50000,0,75,10,71.4033,0.98355,836.232,105.504,181.183,96.484,37.3011,34.1123,181.183,19.5241,0,1,86.9295,60.1575,316.107,345.705,87.9644,48.4332,5.69219,8.27819,60.2211,47.3699,0.0737847,0.967354,1,1
950,600,-50000,0,75,0,-1.23024,0.983144,857.257,105.141,180.776,96.1627,37.1729,33.9986,180.776,11.5121,1,0,86.3045,62.4743,314.609,369.402,88.0669,47.4028,5.59391,8.25725,59.8525,46.7256,0.078125,0.961167,1,0
950,600,60000,0,75,10,80.2328,0.981519,1129.74,123.809,201.936,113.97,43.773,40.2945,201.936,52.3831,1,1,97.0767,66.2865,451.774,439.767,117.868,69.3143,7.31583,11.7252,69.2083,52.2536,0.0737847,0.96771,1,1
950,600,-60000,0,75,0,-9.94354,0.981333,1141.33,123.286,201.256,113.495,43.5883,40.1264,201.256,43.9388,1,1,96.9435,66.8444,448.23,448.668,119.055,71.3059,7.21304,11.6878,68.7324,51.8662,0.078125,0.964145,1,0
950,650,2500,1,90,30,32.1645,0.913845,235.693,35.6253,73.6203,30.3025,12.5955,10.7135,73.6203,15.1758,1,1,60.9238,52.2634,31.6717,149.861,27.2292,17.9278,1.55524,0.392656,27.9416,29.3877,0.0705295,0.621216,1,0
950,650,-2500,1,90,90,-2.39909,0.774983,725.879,55.8752,74.2178,47.5329,19.7549,16.8054,74.2178,0,1,0,64.4193,85.5753,82.6866,593.617,25.5116,10.3598,1.30927,0.950853,28.0683,23.9032,0.0423177,0.621076,1,0
950,650,5000,1,90,30,34.2332,0.95422,239.883,36.5728,78.8879,31.2764,12.9304,11.0579,78.8879,15.1758,1,1,61.0798,52.3217,33.5417,151.028,27.6021,18.4956,1.58967,0.446817,28.3229,29.6274,0.0705295,0.76654,1,0
950,650,-5000,1,90,90,-4.54689,0.873992,720.875,56.5475,79.6867,48.2248,19.9925,17.0501,79.6867,0,1,0,65.122,84.2255,84.7902,583.29,26.9003,11.9765,1.37699,1.00921,28.7282,24.5928,0.0423177,0.766435,1,0
950,650,7500,1,90,30,36.3037,0.967942,248.395,38.0833,84.16,32.8188,13.4645,11.6032,84.16,15.1758,1,1,61.4727,52.4178,36.6376,154.795,28.259,19.1378,1.64642,0.536097,28.9404,30.0184,0.0705295,0.831218,1,0
950,650,-7500,1,90,90,-6.75248,0.912272,721.229,57.6397,85.3028,49.3455,20.3787,17.4463,85.3028,0,1,0,66.0413,82.9708,88.3587,575.823,28.7771,13.9135,1.4886,1.10406,29.7796,25.6953,0.0423177,0.831136,1,0
950,650,10000,1,90,30,38.3751,0.974748,259.062,40.0936,89.4344,34.8547,14.1752,12.323,89.4344,15.1758,1,1,61.9479,52.5518,40.9557,159.056,29.168,19.8299,1.72552,0.660526,29.7797,30.555,0.0705295,0.867721,1,0
950,650,-10000,1,90,75,-1.0359,0.94041,633.655,49.3855,89.8439,41.7476,17.4604,14.76,89.8439,0,1,0,63.7674,79.4703,63.4744,521.304,24.2398,12.4803,1.64796,0.916609,29.8683,28.945,0.0493707,0.867655,1,0
950,650,15000,1,90,30,42.5211,0.98116,288.033,45.3353,99.9913,40.0928,16.0285,14.1749,99.9913,15.1758,1,1,63.2312,52.9343,53.3048,170.194,31.7356,21.3574,1.95089,1.01506,32.0509,32.0347,0.0705295,0.907369,1,0
950,650,-15000,1,90,75,-5.32549,0.958874,643.345,53.9414,100.766,46.4281,19.0712,16.4148,100.766,0,1,0,65.8222,77.2647,76.9299,507.495,28.7913,16.4622,1.93322,1.28078,32.5766,31.0695,0.0493707,0.907321,1,0
950,650,20000,1,90,30,46.6715,0.983875,327.778,51.7836,110.56,46.4377,18.3083,16.4182,110.56,15.1758,1,1,64.9982,53.4712,70.6985,185.302,35.3125,23.0816,2.26608,1.51089,34.9807,33.9962,0.0705295,0.928376,1,0
950,650,-20000,1,90,60,-1.80241,0.97083,600.922,54.3249,110.893,47.6414,19.2067,16.8438,110.893,0,1,0,66.1051,73.5029,78.8614,459.487,30.707,18.0193,2.26514,1.60138,35.1131,33.817,0.0564236,0.928339,1,0
950,650,30000,1,90,50,45.1266,0.98596,427.208,67.5873,132.089,61.1077,23.8957,21.6048,132.089,9.90204,1,0,70.01,54.213,122.638,215.341,43.7075,26.4431,3.21565,2.95648,42.5505,39.3909,0.0611256,0.959284,1,0
950,650,-30000,1,90,50,-5.19038,0.981245,573.398,67.7091,132.251,61.2259,23.9388,21.6466,132.251,10.1393,1,0,70.4388,64.7215,125.234,358.669,43.8326,26.5287,3.22486,2.96907,42.6154,39.4421,0.0611256,0.949769,1,0
950,650,40000,0,75,10,61.0514,0.985818,575.427,82.9087,152.161,75.3291,29.3127,26.6329,152.161,11.6169,1,1,75.6369,56.6639,188.133,263.933,62.8551,34.5476,4.17798,4.88226,50.1233,42.723,0.0799334,0.969445,1,0
950,650,-40000,0,90,30,-3.37863,0.985509,588.149,83.6833,153.101,77.1035,29.5865,27.2602,153.101,27.7494,1,1,75.5096,57.7017,194.297,270.278,61.5473,35.0046,4.45399,4.92186,50.8268,45.3768,0.0705295,0.960205,1,0
950,650,50000,0,60,0,61.251,0.985198,751.213,98.2247,170.386,89.0119,34.7277,31.4705,170.386,0.537377,0,1,84.096,58.2464,269.339,325.039,81.2292,42.1627,5.01184,7.30362,56.9444,43.7794,0.0846354,0.972212,1,1
950,650,-50000,0,75,10,-3.24689,0.985407,740.477,98.3013,170.483,90.11,34.7547,31.8587,170.483,23.7003,1,1,81.9862,59.5771,271.692,311.754,80.3597,42.7497,5.17926,7.30719,56.9894,45.8661,0.0799334,0.965892,1,0
950,650,60000,0,60,10,63.2866,0.984115,968.507,113.976,188.301,104.151,40.2965,36.8229,188.301,33.1517,1,1,91.762,62.4213,373.932,388.088,104.054,58.8062,6.13196,10.2533,64.1387,46.5882,0.0799334,0.97263,1,1
950,650,-60000,0,60,0,-8.04903,0.983952,978.594,113.468,187.696,103.692,40.1169,36.6607,187.696,25.8364,1,1,91.6401,62.9486,370.816,396.338,105.812,61.2523,5.99019,10.2197,63.581,45.7362,0.0846354,0.968921,1,0
950,700,2500,1,90,40,26.9942,0.927701,194.835,30.1631,64.7632,25.7172,10.6643,9.09242,64.7632,16.1124,1,1,58.9553,52.1565,22.6378,125.902,24.4598,14.9476,1.1245,0.283567,24.361,24.2882,0.0708912,0.650979,1,0
950,700,-2500,1,90,90,-2.20477,0.787864,673.138,48.6904,65.3407,40.6677,17.2147,14.3782,65.3407,0,1,0,61.5605,85.4651,61.4306,572.869,20.787,7.75386,0.982808,0.723896,24.4819,20.4789,0.0455729,0.650796,1,0
950,700,5000,1,90,40,28.9155,0.961551,199.93,31.1932,70.0317,26.7728,11.0285,9.46563,70.0317,16.1124,1,1,59.1019,52.2103,24.3584,128.127,24.8534,15.4945,1.1605,0.332856,24.7952,24.6173,0.0708912,0.788996,1,0
950,700,-5000,1,90,90,-4.19305,0.88205,668.612,49.3991,70.7929,41.4101,17.4652,14.6407,70.7929,0,1,0,62.2481,84.1814,63.3782,563.36,22.1015,9.22423,1.04507,0.776881,25.1771,21.2147,0.0455729,0.788864,1,0
950,700,7500,1,90,40,30.8375,0.973158,206.87,32.8231,75.3022,28.4299,11.6047,10.0515,75.3022,16.1124,1,1,59.2962,52.2991,27.1985,130.707,25.4559,16.0688,1.21995,0.414229,25.4959,25.1512,0.0708912,0.848859,1,0
950,700,-7500,1,90,90,-6.22948,0.918395,666.42,50.5465,76.3771,42.6068,17.8709,15.0638,76.3771,0,1,0,63.0016,82.9244,66.6298,553.894,23.8896,11.0062,1.14768,0.863091,26.2792,22.3795,0.0455729,0.848759,1,0
950,700,10000,1,90,40,32.7606,0.978793,216.669,34.9703,80.5757,30.5921,12.3639,10.8159,80.5757,16.1124,1,1,59.6196,52.423,31.169,134.644,26.2666,16.6697,1.30287,0.52775,26.4424,25.8777,0.0708912,0.882222,1,0
950,700,-10000,1,90,75,-0.400109,0.945371,577.861,41.9698,80.9583,34.86,14.8386,12.3249,80.9583,0,1,0,60.9644,78.9739,44.8647,493.717,20.3744,9.92354,1.2726,0.695112,26.5222,25.0935,0.0531684,0.882141,1,0
950,700,15000,1,90,40,36.6108,0.983827,246.586,40.4732,91.1335,36.0533,14.3094,12.7468,91.1335,16.1124,1,1,61.0331,52.7772,42.5528,148.078,28.629,18.0381,1.53938,0.85152,28.9725,27.8457,0.0708912,0.918129,1,0
950,700,-15000,1,90,75,-4.34559,0.962462,585.035,46.834,91.7774,39.9239,16.5583,14.1152,91.7774,0,1,0,62.9345,76.7344,57.1265,479.409,24.5208,13.4893,1.54718,1.02623,29.3721,27.506,0.0531684,0.918073,1,0
950,700,20000,1,90,60,30.4538,0.987416,254.88,47.9456,101.672,42.1478,16.9513,14.9015,101.672,0,1,0,62.6904,51.7936,59.144,142.129,27.3738,15.2377,1.86309,1.32746,32.1722,30.2591,0.0607639,0.936989,1,0
950,700,-20000,1,90,60,-0.563619,0.973737,539.418,48.1429,101.973,42.3445,17.0211,14.9711,101.973,0,1,0,63.3969,72.4019,61.6664,423.831,27.5158,15.3446,1.87403,1.34219,32.2726,30.3403,0.0607639,0.936947,1,0
950,700,30000,1,90,40,48.1785,0.987459,380.994,62.275,122.854,57.1288,22.0175,20.1981,122.854,16.1124,1,1,66.8044,54.7042,104.892,194.599,41.4857,23.3494,2.81553,2.5985,39.9491,36.6859,0.0708912,0.968719,1,0
950,700,-30000,1,90,50,-3.25304,0.986129,421.99,62.3056,123.059,56.7354,22.0283,20.059,123.059,15.1057,1,0,67.3164,57.3745,104.857,237.17,40.2188,23.2216,2.83256,2.6016,40.0886,36.7721,0.0658275,0.956112,1,0
950,700,40000,0,75,20,53.9898,0.987455,508.155,77.0666,141.817,70.2912,27.2471,24.8517,141.817,14.4268,1,1,72.2468,56.224,161.89,236.174,57.349,29.9369,3.68275,4.333,47.0425,40.1342,0.0810185,0.975106,1,1
950,700,-40000,0,90,40,-6.12919,0.98646,549.017,79.2268,144.656,73.2573,28.0109,25.9004,144.656,38.9222,1,1,73.1885,57.7621,173.921,258.324,58.2259,33.4887,4.2155,4.43688,49.1804,44.4994,0.0708912,0.965316,1,0
950,700,50000,0,60,0,58.9762,0.98726,645.243,91.0383,158.517,82.686,32.1869,29.2339,158.517,12.7413,1,1,77.9318,57.9983,228.466,275.548,75.0108,36.8538,4.33134,6.47349,52.8393,40.8507,0.0911458,0.976476,1,1
950,700,-50000,0,75,20,-5.78676,0.986567,680.778,92.5948,160.455,85.15,32.7372,30.1051,160.455,35.9623,1,1,78.6837,59.4586,239.882,294.642,75.0655,40.1399,4.84041,6.56204,54.5233,45.1731,0.0810185,0.970253,1,0
950,700,60000,0,50,10,52.7754,0.985948,855.121,105.931,175.524,96.3711,37.4524,34.0723,175.524,28.5645,1,1,87.071,60.6582,317.586,352.726,94.8629,51.6834,5.26084,9.11548,59.6812,42.7011,0.0860822,0.976544,1,1
950,700,-60000,0,60,0,-5.00337,0.985936,855.85,105.569,175.045,96.6515,37.3242,34.1715,175.045,31.3613,1,1,85.5339,62.1086,316.76,352.012,95.9484,51.833,5.23073,9.09255,58.9695,43.4664,0.0911458,0.973535,1,0
950,750,2500,1,90,50,21.8491,0.939434,161.176,25.0407,55.9136,21.3991,8.85321,7.56573,55.9136,15.1758,1,1,57.338,51.9389,15.406,106.986,21.771,11.9942,0.777662,0.197719,20.7869,19.5476,0.0705295,0.682702,1,0
950,750,-2500,1,90,90,-2.0389,0.799655,626.348,41.5148,56.4711,33.8151,14.6777,11.9554,56.4711,0,1,0,59.4803,85.1585,43.4767,552.981,16.9174,5.59289,0.704005,0.528463,20.9044,17.067,0.0488281,0.682463,1,0
950,750,5000,1,90,50,23.6415,0.968236,164.032,26.1864,61.1798,22.5694,9.2583,7.9795,61.1798,15.1758,1,1,57.4249,51.9887,16.9724,107.348,22.0687,12.4195,0.814672,0.242985,21.2917,19.9873,0.0705295,0.812024,1,0
950,750,-5000,1,90,90,-3.88895,0.889676,620.023,42.282,61.9066,34.6385,14.949,12.2465,61.9066,0,1,0,59.9204,83.8783,45.2732,542.035,18.1505,6.91189,0.761593,0.577016,21.6558,17.8774,0.0488281,0.811856,1,0
950,750,7500,1,90,50,25.435,0.977879,169.659,27.9788,66.4489,24.3821,9.89198,8.62039,66.4489,15.1758,1,1,57.6131,52.0712,19.781,108.799,22.6098,12.9073,0.875887,0.317854,22.1012,20.694,0.0705295,0.866614,1,0
950,750,-7500,1,90,90,-5.78098,0.923964,617.202,43.5192,67.4655,35.9567,15.3864,12.7126,67.4655,0,1,0,60.4821,82.6081,48.2768,532.338,19.8944,8.58227,0.856559,0.656156,22.8381,19.1431,0.0488281,0.866489,1,0
950,750,10000,1,90,50,27.23,0.982329,179.884,30.3051,71.7228,26.7087,10.7145,9.44296,71.7228,15.1758,1,1,57.8442,52.1865,23.4605,113.522,23.4033,13.4641,0.961381,0.422418,23.1846,21.6424,0.0705295,0.928961,1,0
950,750,-10000,1,90,90,-7.71716,0.941968,616.075,45.2095,73.154,37.7408,15.984,13.3434,73.154,0,1,0,61.2787,81.3501,52.5323,522.513,21.8734,10.3902,0.990521,0.766488,24.4048,20.8033,0.0488281,0.896551,1,0
950,750,15000,1,90,50,30.8221,0.986466,205.799,36.1265,82.2764,32.4407,12.7727,11.4695,82.2764,15.1758,1,1,58.9401,52.5158,33.9859,123.981,25.7009,14.7481,1.20523,0.720663,26.028,24.1437,0.0705295,0.951548,1,0
950,750,-15000,1,90,75,-3.50688,0.965816,530.909,40.207,82.8194,34.0502,14.2153,12.0385,82.8194,0,1,0,60.4715,75.8896,41.5956,448.967,21.386,11.075,1.2221,0.821228,26.3338,24.1515,0.0569661,0.928572,1,0
950,750,20000,1,90,50,34.4174,0.988109,240.69,42.9688,92.8395,39.075,15.1918,13.8151,92.8395,15.1758,1,1,60.5101,52.9781,48.808,137.797,28.7253,16.0903,1.54648,1.13803,29.5514,27.2613,0.0705295,0.965859,1,0
950,750,-20000,1,90,75,-7.29992,0.976386,483.694,46.8268,93.9634,40.7985,16.5558,14.4244,93.9634,7.2187,1,0,62.5225,69.2587,57.4727,373.947,26.8023,15.3244,1.63497,1.24899,30.4312,27.9706,0.0569661,0.945244,1,0
950,750,30000,1,75,30,41.0316,0.98865,344.41,57.7112,113.341,52.2382,20.404,18.469,113.341,15.3635,1,1,65.0498,54.173,88.6394,178.674,41.4197,21.3906,2.3697,2.31275,37.349,32.727,0.0813802,0.977026,1,1
950,750,-30000,1,90,50,-1.63483,0.988666,343.92,58.293,114.045,53.7332,20.6097,18.9976,114.045,21.2598,1,1,64.8973,54.5035,91.9351,177.926,38.4721,20.8219,2.52693,2.33298,37.8902,34.6976,0.0705295,0.962103,1,0
950,750,40000,1,60,10,46.6198,0.988681,457.926,71.487,130.827,64.4782,25.2745,22.7965,130.827,15.5512,1,1,69.8086,55.6035,137.16,217.606,56.3204,27.2251,3.06476,3.8683,43.6274,35.5932,0.0922309,0.979507,1,1
950,750,-40000,1,75,30,-2.23306,0.988607,460.97,72.0915,131.561,66.0702,25.4882,23.3593,131.561,23.6738,1,1,69.7155,56.0935,141.551,218.774,53.288,27.111,3.27947,3.89452,44.2754,38.0356,0.0813802,0.970113,1,0
950,750,50000,0,50,0,49.9442,0.988825,565.086,84.4323,146.204,76.2915,29.8513,26.9731,146.204,10.9931,1,1,74.3405,56.873,193.706,243.834,70.5356,31.9002,3.58485,5.78685,48.554,36.4076,0.0976562,0.98035,1,1
950,750,-50000,0,60,10,-2.04446,0.988519,580.709,84.9082,146.765,77.4444,30.0196,27.3807,146.765,23.1597,1,1,74.5744,57.7153,197.855,254.383,69.5514,33.2298,3.7812,5.81216,49.1183,38.5533,0.0922309,0.974474,1,0
950,750,60000,0,40,10,43.5103,0.987447,762.743,98.5339,162.29,89.2934,34.837,31.57,162.29,28.6147,1,1,82.9902,59.4218,270.806,323.294,88.311,46.6948,4.4149,8.17344,55.0589,38.4663,0.0922309,0.979912,1,1
950,750,-60000,0,60,10,-7.69482,0.987571,755.111,99.4168,163.366,91.3354,35.1491,32.2919,163.366,44.1875,1,1,80.8217,61.2072,278.408,311.309,87.7673,43.8058,4.77362,8.22522,55.6382,42.6275,0.0922309,0.979327,1,0
950,800,2500,1,90,60,16.7226,0.951106,128.518,20.0851,47.0651,17.0202,7.10115,6.01754,47.0651,12.3659,1,0,55.8587,51.5984,9.81417,87.5142,18.8535,8.93946,0.504508,0.129803,17.2232,15.1143,0.0694444,0.818412,1,0
950,800,-2500,1,90,90,-1.89549,0.810683,583.821,34.3526,47.6069,26.983,12.1455,9.53993,47.6069,0,1,0,57.6278,84.6861,28.7408,532.371,13.9104,3.84548,0.472779,0.364439,17.3401,13.6752,0.0520833,0.715503,1,0
950,800,5000,1,90,60,18.4029,0.974452,131.089,21.4056,52.331,18.3771,7.56801,6.49729,52.331,12.3659,1,0,55.9234,51.6449,11.271,87.6368,19.2245,9.35911,0.542143,0.171722,17.8265,15.7052,0.0694444,0.905477,1,0
950,800,-5000,1,90,90,-3.62541,0.896672,576.177,35.2122,53.0283,27.9375,12.4494,9.8774,53.0283,0,1,0,58.0313,83.3947,30.4135,520.429,15.0708,5.0259,0.526337,0.409309,18.1785,14.605,0.0520833,0.834944,1,0
950,800,7500,1,90,60,20.0836,0.982309,135.073,23.4294,57.5983,20.4272,8.28356,7.2221,57.5983,12.3659,1,0,56.0316,51.7218,13.6849,87.8537,19.7907,9.81201,0.604475,0.241149,18.7831,16.6378,0.0694444,0.939045,1,0
950,800,-7500,1,90,90,-5.39141,0.929305,570.548,36.5873,58.5628,29.4459,12.9356,10.4107,58.5628,0,1,0,58.4843,82.1147,33.1916,508.342,16.7497,6.56979,0.614673,0.48252,19.4802,16.0245,0.0520833,0.884015,1,0
950,800,10000,1,90,60,21.7658,0.985892,143.097,25.995,62.87,22.9877,9.19062,8.12738,62.87,12.3659,1,0,56.223,51.8294,17.2411,90.684,20.509,10.2652,0.691577,0.338166,20.0436,17.8597,0.0694444,0.956525,1,0
950,800,-10000,1,90,90,-7.19628,0.946231,568.239,38.4457,64.2191,31.4532,13.5926,11.1204,64.2191,0,1,0,59.0466,80.8462,37.1312,497.769,18.7112,8.29514,0.739244,0.584643,21.1773,17.8396,0.0520833,0.910685,1,0
950,800,15000,1,90,75,17.6666,0.990068,150.472,34.0924,73.5279,28.9349,12.0535,10.23,73.5279,0,1,1,57.5481,50.8713,28.6865,87.6656,19.2477,9.06952,0.946557,0.652146,23.3787,20.9884,0.0607639,0.972379,1,0
950,800,-15000,1,90,75,-2.77592,0.969871,465.976,34.2994,73.8704,29.1485,12.1267,10.3056,73.8704,0.21723,1,0,58.3065,73.7382,30.1251,401.424,19.3874,9.18021,0.956843,0.662778,23.5015,21.1072,0.0607639,0.938816,1,0
950,800,20000,1,90,60,28.5015,0.990262,196.67,39.2961,83.9791,35.9137,13.8933,12.6974,83.9791,12.3659,1,0,58.3545,52.5686,40.8027,110.351,25.4374,12.4904,1.28814,1.00263,27.1466,24.6507,0.0694444,0.977536,1,1
950,800,-20000,1,90,75,-6.28579,0.980894,389.556,41.3323,84.87,36.2761,14.6132,12.8255,84.87,13.2793,1,0,60.0638,65.275,44.5826,299.324,24.4943,13.122,1.35154,1.05707,27.8002,25.2586,0.0607639,0.95328,1,0
950,800,30000,1,75,40,34.8588,0.990296,293.984,53.2968,103.012,48.5765,18.8433,17.1744,103.012,14.4268,1,1,62.5313,53.7828,75.6405,151.171,37.7839,17.3668,1.99232,2.06572,34.3335,29.8889,0.0810185,0.981792,1,1
950,800,-30000,1,90,60,-5.42391,0.989467,319.359,55.0855,105.673,50.9535,19.4757,18.0148,105.673,32.551,1,0,63.195,54.7458,82.1154,166.8,36.9245,20.1312,2.32858,2.1249,36.3385,33.3526,0.0694444,0.967729,1,0
950,800,40000,1,40,10,32.3786,0.990339,390.198,66.4096,119.278,58.7275,23.4794,20.7633,119.278,3.11099,1,1,67.7072,53.6709,115.539,183.28,53.3671,21.5683,2.46064,3.48041,40.0896,30.38,0.0983796,0.983334,1,1
950,800,-40000,1,60,20,-0.253369,0.990184,396.527,66.1356,119.028,60.0593,23.3825,21.2342,119.028,17.4307,1,1,66.7231,55.1556,117.309,187.958,51.8959,22.6969,2.54564,3.46985,39.764,32.4349,0.0925926,0.974649,1,0
950,800,50000,1,40,10,36.8708,0.989962,506.975,78.4072,133.356,70.5133,27.7211,24.9302,133.356,19.8287,1,1,71.987,55.9583,165.364,225.552,65.6771,28.9299,2.89608,5.21644,44.1119,31.9621,0.0983796,0.983468,1,1
950,800,-50000,1,50,10,-3.41678,0.98994,508.113,78.5353,133.571,71.3505,27.7664,25.2262,133.571,25.582,1,0,71.1053,56.8741,167.348,224.167,65.8615,29.0656,3.00701,5.22255,44.2836,33.6373,0.0983796,0.980296,1,0
950,800,60000,0,40,10,41.5372,0.989153,657.955,91.4026,147.98,83.1069,32.3157,29.3827,147.98,37.1948,0,1,77.5033,58.9856,230.561,278.046,81.8927,39.4292,3.52905,7.36622,49.1285,34.5574,0.0983796,0.982856,1,1
950,800,-60000,0,50,10,-8.32425,0.989137,658.933,92.1323,148.951,84.4116,32.5737,29.844,148.951,43.8452,1,0,76.4473,59.9945,235.679,274.195,81.9776,38.3972,3.79581,7.40648,50.0264,37.3612,0.0983796,0.982914,1,1
950,850,2500,1,75,50,13.888,0.953372,122.27,19.1447,42.9496,15.271,6.76867,5.39911,42.9496,11.6169,1,0,55.3513,51.6097,8.48743,81.6469,21.5164,7.69825,0.462284,0.118129,17.0539,13.6615,0.0799334,0.914244,1,0
950,850,-2500,1,75,90,-9.24552,0.827405,521.494,45.4877,63.3013,37.037,16.0823,13.0946,63.3013,0,1,0,61.1509,74.3607,51.4544,428.73,23.7416,9.76839,0.497597,0.630238,19.7759,10.3854,0.0553385,0.749037,1,0
950,850,5000,1,75,50,15.2433,0.975742,124.304,20.2651,47.4627,16.4898,7.1648,5.83003,47.4627,11.6169,1,0,55.4039,51.6471,9.66043,81.7529,21.8027,8.01454,0.488556,0.155133,17.4908,14.1053,0.0799334,0.953833,1,0
950,850,-5000,1,90,90,-3.39485,0.903124,536.341,28.2214,44.1567,21.3697,9.97777,7.55534,44.1567,0,1,0,56.2746,82.645,18.7309,497.896,12.8699,3.53494,0.339123,0.273517,14.773,11.4492,0.0553385,0.857704,1,0
950,850,7500,1,75,50,16.599,0.983291,127.446,21.996,51.9768,18.3315,7.77675,6.48115,51.9768,11.6169,1,0,55.4893,51.7091,11.6042,81.9059,22.2494,8.35992,0.532078,0.216434,18.1913,14.8112,0.0799334,0.967234,1,1
950,850,-7500,1,90,90,-5.0512,0.933999,529.985,29.812,49.6719,23.1861,10.5402,8.19751,49.6719,0,1,0,56.7117,81.3565,21.3266,485.483,14.4705,4.94605,0.421727,0.341759,16.2527,13.1018,0.0553385,0.901115,1,0
950,850,10000,1,75,50,17.9552,0.986943,132.293,24.2074,56.4925,20.6305,8.5586,7.29398,56.4925,11.6169,1,0,55.6108,51.7958,14.4646,82.6027,22.831,8.71494,0.59287,0.302059,19.127,15.7444,0.0799334,0.973947,1,1
950,850,-10000,1,90,90,-6.7364,0.951327,511.635,31.9155,55.2832,25.523,11.2838,9.02374,55.2832,0.906702,1,0,57.3531,79.0727,24.9346,459.373,16.3854,6.56851,0.537755,0.436643,18.126,15.1245,0.0553385,0.924358,1,0
950,850,15000,1,75,60,15.6661,0.991463,129.164,30.5111,65.5193,25.4494,10.7873,8.99771,65.5193,0,0,1,56.3078,50.6637,22.5857,73.8448,21.0017,7.16988,0.764859,0.562061,21.5773,18.0946,0.0737847,0.980449,1,1
950,850,-15000,1,90,75,-2.11532,0.978008,337.299,29.4843,64.8694,25.7176,10.4243,9.09254,64.8694,7.59348,1,0,56.2459,66.5063,22.4333,284.166,18.5239,7.76333,0.749277,0.5475,20.9212,18.5117,0.0645616,0.948545,1,0
950,850,20000,1,75,60,18.4414,0.991526,170.925,36.7162,74.7603,31.8337,12.9811,11.2549,74.7603,8.50128,0,1,57.8386,51.5448,33.9279,96.0692,24.7926,9.98714,1.02343,0.907118,24.7784,21.1857,0.0737847,0.98339,1,1
950,850,-20000,1,90,75,-5.41658,0.983132,343.155,36.9912,75.8618,33.1495,13.0784,11.7201,75.8618,19.8792,1,0,57.983,64.2935,36.1731,265.66,23.3652,11.4336,1.13353,0.917519,25.514,23.0602,0.0645616,0.960845,1,0
950,850,30000,1,50,30,23.2263,0.991726,250.283,48.9724,91.4942,42.9047,17.3144,15.1691,91.4942,8.95028,0,1,61.1695,52.3671,61.3924,126.974,38.3722,13.9829,1.47505,1.85032,30.6355,24.1445,0.0922309,0.985935,1,1
950,850,-30000,1,75,50,-3.90267,0.991207,266.14,49.7138,92.9451,45.5915,17.5765,16.119,92.9451,26.1407,1,0,60.665,54.0255,65.963,137.91,35.778,16.0744,1.72514,1.87287,31.8749,27.9134,0.0799334,0.973164,1,0
950,850,40000,1,30,10,25.3338,0.991532,341.6,60.621,105.812,53.3714,21.4328,18.8696,105.812,11.4238,1,1,64.9807,53.4786,95.3617,162.241,52.0122,18.5407,1.79278,3.11324,34.9508,24.741,0.104528,0.986436,1,1
950,850,-40000,1,40,10,-1.33374,0.991541,341.245,60.2549,105.492,53.7975,21.3033,19.0203,105.492,15.1452,1,0,63.9983,54.479,95.3205,162.182,51.9906,18.6031,1.79655,3.09995,34.4916,25.583,0.104528,0.980709,1,0
950,850,50000,1,30,10,29.3436,0.991133,447.292,72.2821,119.164,64.8629,25.5556,22.9325,119.164,26.3463,1,1,68.7951,55.6696,139.315,200.84,63.6568,25.5081,2.15435,4.71052,38.6328,26.5758,0.104528,0.986053,1,1
950,850,-50000,1,40,10,-5.52308,0.991069,450.58,72.4566,119.441,65.6795,25.6173,23.2212,119.441,30.7358,1,0,67.9718,56.6405,141.253,202.522,63.4617,25.3415,2.25573,4.7183,38.8218,28.3866,0.104528,0.985999,1,0
950,850,60000,1,30,10,33.5252,0.990195,594.143,84.8617,133.088,77.0729,30.0031,27.2494,133.088,41.9082,1,1,73.9322,58.6444,196.907,257.129,79.1236,36.766,2.70026,6.69084,43.3852,29.5201,0.104528,0.985287,1,1
950,850,-60000,1,40,10,-9.85278,0.990337,585.431,85.416,133.858,78.1502,30.1991,27.6303,133.858,46.8489,1,0,72.6685,59.4269,200.598,248.592,78.2103,33.8677,2.88701,6.71851,43.9774,32.0192,0.104528,0.985324,1,1
950,900,2500,1,90,90,1.5258,0.973852,67.1256,20.0449,29.4179,13.3995,7.08695,4.73743,29.4179,0,1,0,53.6521,50.51,8.19989,45.5002,10.4507,1.40639,0.150123,0.128058,10.2267,6.96572,0.0585938,0.941251,1,1
950,900,-2500,1,75,90,-9.10895,0.865376,388.917,38.5585,54.4872,30.4966,13.6325,10.7822,54.4872,0,1,0,58.937,67.5712,35.5946,318.74,21.058,8.09376,0.293272,0.454532,15.5465,7.08651,0.0585938,0.781267,1,0
950,900,5000,1,90,90,3.06022,0.985118,75.532,21.2484,34.8277,14.937,7.51245,5.28103,34.8277,0,1,0,54.0837,50.5386,9.52146,50.4071,11.4475,2.31498,0.194644,0.165175,11.3746,8.3861,0.0585938,0.968425,1,1
950,900,-5000,1,75,90,-10.6127,0.921552,425.632,39.2119,54.4872,31.2185,13.8635,11.0374,54.4872,0,1,0,59.0234,70.1691,37.1438,353.48,21.2606,8.08524,0.344288,0.493101,16.4452,8.64889,0.0585938,0.878686,1,0
950,900,7500,1,90,90,4.62301,0.988606,86.4382,23.1424,40.3375,17.2285,8.18206,6.09119,40.3375,1.47141,1,0,54.5593,50.8331,11.7564,55.8746,12.9538,3.5887,0.269897,0.227318,13.0866,10.355,0.0585938,0.977672,1,1
950,900,-7500,1,75,90,-12.1158,0.94221,460.007,40.2581,54.4872,32.3648,14.2334,11.4427,54.4872,1.44465,1,0,59.3511,72.5251,39.5984,384.516,21.6995,8.15349,0.427753,0.556203,17.818,10.725,0.0585938,0.916669,1,0
950,900,10000,1,90,75,13.5002,0.9904,96.9346,19.261,45.1931,17.6191,6.80979,6.22928,45.1931,9.55596,1,0,53.4622,52.1614,9.70557,64.1226,15.9939,4.93181,0.343157,0.229564,14.4287,12.1543,0.0683594,0.982248,1,1
950,900,-10000,1,90,90,-6.30414,0.963828,375.298,25.7491,46.2646,20.2127,9.10368,7.14626,46.2646,7.72774,1,0,55.5371,71.0443,15.7357,336.598,14.9012,5.17997,0.383832,0.320472,15.317,12.7732,0.0585938,0.936832,1,0
950,900,15000,1,60,50,11.7559,0.992512,113.171,27.439,55.8702,22.2321,9.70114,7.86023,55.8702,2.41645,0,1,55.244,50.7762,17.8029,62.7906,23.4806,5.64248,0.549613,0.491404,18.8659,14.4845,0.0846354,0.986415,1,1
950,900,-15000,1,90,75,-1.50644,0.991831,123.545,26.3393,55.7919,24.3599,9.31235,8.61251,55.7919,15.1622,1,0,54.4955,52.6478,18.3837,76.0644,18.7775,6.77064,0.598549,0.473846,18.6764,16.5755,0.0683594,0.957499,1,0
950,900,20000,1,50,40,13.3411,0.992745,146.163,33.3488,64.1299,27.8266,11.7906,9.83818,64.1299,6.56766,1,1,56.4297,51.2432,27.0157,77.9496,28.9184,7.52655,0.719614,0.805595,21.6856,16.4202,0.0911458,0.988122,1,1
950,900,-20000,1,90,75,-4.61135,0.991596,169.501,34.0663,66.7387,31.6638,12.0442,11.1949,66.7387,26.7171,1,0,55.8809,53.6007,31.0427,99.3843,23.3319,10.159,0.972135,0.820654,23.5611,21.4432,0.0683594,0.967986,1,0
950,900,30000,1,30,20,15.9037,0.992764,218.65,44.3864,78.5066,38.1852,15.693,13.5005,78.5066,12.6081,1,1,59.2099,52.2022,49.4498,109.12,41.0436,11.4188,0.98713,1.65292,26.0385,18.1826,0.104167,0.989091,1,1
950,900,-30000,1,50,30,-2.47049,0.992784,218.066,44.0623,78.6887,39.5962,15.5784,13.9994,78.6887,20.1871,1,0,58.0671,53.473,50.5802,109.378,38.52,12.0308,1.07357,1.6443,26.0966,20.6576,0.0976562,0.982015,1,0
950,900,40000,1,20,10,18.7234,0.992589,298.637,54.9552,91.1188,48.4402,19.4296,17.1262,91.1188,21.3536,1,1,62.2648,53.606,78.0234,141.547,52.1367,16.1143,1.17174,2.79413,28.9901,18.7072,0.110677,0.988833,1,1
950,900,-40000,1,40,10,-0.414755,0.99233,309.184,55.4975,91.7401,50.4766,19.6213,17.8462,91.7401,27.6479,1,1,61.1726,55.5815,81.8424,146.599,52.7752,16.5285,1.35227,2.8126,29.5481,22.7886,0.110677,0.988661,1,0
950,900,50000,1,20,10,22.3566,0.991997,403.401,66.5131,103.928,59.8102,23.5159,21.1461,103.928,34.8744,1,1,66.0875,55.7548,117.535,182.745,63.6886,24.2115,1.48231,4.27914,32.5803,21.089,0.110677,0.988193,1,1
950,900,-50000,1,30,0,-3.04908,0.991899,408.38,66.3317,103.699,60.2657,23.4518,21.3071,103.699,35.7035,1,1,64.4138,57.7765,117.913,183.139,66.3252,23.8081,1.50632,4.27221,31.9592,22.8089,0.117188,0.988237,1,1
950,900,60000,1,30,20,27.6287,0.991148,535.856,80.7468,119.845,73.8034,28.5483,26.0935,119.845,56.2427,1,1,70.4203,59.0156,178.168,230.569,74.4254,31.0392,2.39981,6.21048,39.8818,29.5395,0.104167,0.987256,1,1
950,900,-60000,1,40,10,-8.3877,0.991034,542.801,80.675,119.85,74.5226,28.5229,26.3477,119.85,57.3193,1,1,69.2711,60.6128,179.592,233.612,77.1057,30.4385,2.47496,6.2075,39.6861,31.2707,0.110677,0.987279,1,1
