load,va,vb,p_W,eff,loss_W,tj_max_C,mode,cond,sw,dead,core,cu,cap,gate,misc,aux,damp
1.0,250.0,250.0,11250,0.98411,181.65,72.7,band,114.38,16.17,11.90,0.58,27.62,0.38,0.43,1.37,6.00,2.82
1.0,250.0,300.0,11250,0.98694,148.91,67.1,boost,99.31,9.39,5.56,0.58,24.66,0.44,0.21,1.22,6.00,1.54
1.0,250.0,350.0,11250,0.98667,151.94,67.2,boost,99.07,11.09,5.56,1.68,24.72,0.66,0.21,1.22,6.00,1.72
1.0,250.0,400.0,11250,0.98639,155.24,67.3,boost,99.20,12.86,5.57,2.70,24.79,0.77,0.21,1.22,6.00,1.90
1.0,250.0,450.0,11250,0.98605,159.10,67.5,boost,99.51,14.65,5.58,4.16,24.86,0.82,0.21,1.23,6.00,2.08
1.0,250.0,500.0,11250,0.98573,162.84,67.6,boost,99.90,16.50,5.59,5.39,24.92,0.84,0.21,1.23,6.00,2.25
1.0,250.0,550.0,11250,0.98542,166.42,67.8,boost,100.34,18.40,5.60,6.40,24.97,0.85,0.21,1.23,6.00,2.42
1.0,250.0,600.0,11250,0.98511,169.99,68.0,boost,100.78,20.36,5.60,7.36,25.02,0.84,0.21,1.24,6.00,2.57
1.0,250.0,650.0,11250,0.98480,173.69,68.1,boost,101.23,22.32,5.61,8.46,25.07,0.82,0.21,1.24,6.00,2.72
1.0,250.0,700.0,11250,0.98449,177.27,68.7,boost,101.68,24.34,5.61,9.40,25.11,0.81,0.21,1.24,6.00,2.87
1.0,250.0,750.0,11250,0.98419,180.77,69.9,boost,102.12,26.41,5.62,10.21,25.14,0.79,0.21,1.24,6.00,3.02
1.0,250.0,800.0,11250,0.98389,184.20,71.1,boost,102.56,28.52,5.62,10.93,25.18,0.77,0.21,1.24,6.00,3.17
1.0,250.0,850.0,11250,0.98361,187.52,72.3,boost,102.99,30.63,5.62,11.56,25.21,0.75,0.21,1.24,6.00,3.30
1.0,250.0,900.0,11250,0.98332,190.80,73.5,boost,103.41,32.79,5.63,12.11,25.23,0.73,0.21,1.25,6.00,3.43
1.0,250.0,950.0,11250,0.98304,194.06,74.6,boost,103.83,34.99,5.63,12.61,25.26,0.71,0.21,1.25,6.00,3.56
1.0,250.0,1000.0,11250,0.98276,197.34,75.7,boost,104.28,37.23,5.63,13.06,25.28,0.70,0.21,1.25,6.00,3.69
1.0,300.0,250.0,11250,0.98695,148.78,67.1,buck,99.19,9.38,5.56,0.58,24.66,0.44,0.21,1.22,6.00,1.54
1.0,300.0,300.0,13500,0.98638,186.46,73.1,band,114.72,20.23,11.90,0.58,27.62,0.38,0.43,1.37,6.00,3.23
1.0,300.0,350.0,13500,0.98892,151.31,67.8,boost,99.58,11.37,5.56,0.58,24.66,0.39,0.21,1.22,6.00,1.73
1.0,300.0,400.0,13500,0.98868,154.57,67.3,boost,99.39,13.09,5.56,1.84,24.73,0.61,0.21,1.22,6.00,1.91
1.0,300.0,450.0,13500,0.98842,158.19,67.5,boost,99.54,14.82,5.57,3.18,24.81,0.74,0.21,1.22,6.00,2.08
1.0,300.0,500.0,13500,0.98811,162.42,67.6,boost,99.87,16.61,5.59,4.95,24.89,0.81,0.21,1.23,6.00,2.25
1.0,300.0,550.0,13500,0.98782,166.43,67.8,boost,100.30,18.45,5.60,6.40,24.97,0.85,0.21,1.23,6.00,2.42
1.0,300.0,600.0,13500,0.98752,170.58,68.0,boost,100.77,20.34,5.60,7.93,25.05,0.87,0.21,1.24,6.00,2.57
1.0,300.0,650.0,13500,0.98722,174.77,68.1,boost,101.26,22.23,5.61,9.51,25.11,0.87,0.21,1.24,6.00,2.71
1.0,300.0,700.0,13500,0.98693,178.78,68.3,boost,101.76,24.17,5.62,10.86,25.17,0.87,0.21,1.24,6.00,2.86
1.0,300.0,750.0,13500,0.98665,182.63,68.7,boost,102.26,26.16,5.63,12.04,25.23,0.87,0.21,1.25,6.00,3.00
1.0,300.0,800.0,13500,0.98638,186.37,69.9,boost,102.75,28.18,5.63,13.06,25.28,0.86,0.21,1.25,6.00,3.14
1.0,300.0,850.0,13500,0.98611,190.13,71.1,boost,103.23,30.21,5.64,14.14,25.33,0.84,0.21,1.25,6.00,3.27
1.0,300.0,900.0,13500,0.98584,193.95,72.3,boost,103.71,32.28,5.65,15.26,25.37,0.83,0.21,1.25,6.00,3.39
1.0,300.0,950.0,13500,0.98557,197.69,73.5,boost,104.18,34.38,5.65,16.26,25.41,0.82,0.21,1.26,6.00,3.52
1.0,300.0,1000.0,13500,0.98530,201.35,74.7,boost,104.64,36.53,5.66,17.16,25.45,0.80,0.21,1.26,6.00,3.65
1.0,350.0,250.0,11250,0.98668,151.90,67.2,buck,99.04,11.09,5.56,1.68,24.72,0.66,0.21,1.22,6.00,1.72
1.0,350.0,300.0,13500,0.98892,151.25,67.5,buck,99.54,11.36,5.56,0.58,24.66,0.39,0.21,1.22,6.00,1.73
1.0,350.0,350.0,15750,0.98799,191.51,73.5,band,115.08,24.52,11.90,0.58,27.62,0.38,0.43,1.37,6.00,3.63
1.0,350.0,400.0,15750,0.99033,153.77,68.4,boost,99.82,13.44,5.56,0.58,24.66,0.35,0.21,1.22,6.00,1.92
1.0,350.0,450.0,15750,0.99012,157.17,67.4,boost,99.67,15.12,5.57,1.97,24.74,0.57,0.21,1.22,6.00,2.10
1.0,350.0,500.0,15750,0.98987,161.16,67.6,boost,99.86,16.85,5.58,3.62,24.83,0.71,0.21,1.23,6.00,2.26
1.0,350.0,550.0,15750,0.98959,165.64,67.8,boost,100.23,18.63,5.59,5.59,24.93,0.79,0.21,1.23,6.00,2.43
1.0,350.0,600.0,15750,0.98932,170.00,68.0,boost,100.69,20.46,5.60,7.36,25.02,0.85,0.21,1.24,6.00,2.57
1.0,350.0,650.0,15750,0.98903,174.77,68.1,boost,101.21,22.28,5.61,9.51,25.11,0.88,0.21,1.24,6.00,2.71
1.0,350.0,700.0,15750,0.98875,179.28,68.3,boost,101.75,24.15,5.62,11.35,25.20,0.90,0.21,1.24,6.00,2.85
1.0,350.0,750.0,15750,0.98848,183.58,68.5,boost,102.30,26.05,5.63,12.95,25.28,0.91,0.21,1.25,6.00,2.99
1.0,350.0,800.0,15750,0.98820,188.01,68.8,boost,102.85,28.00,5.64,14.66,25.35,0.91,0.21,1.25,6.00,3.13
1.0,350.0,850.0,15750,0.98793,192.41,70.0,boost,103.40,29.94,5.65,16.38,25.42,0.91,0.21,1.26,6.00,3.25
1.0,350.0,900.0,15750,0.98767,196.64,71.3,boost,103.93,31.92,5.66,17.90,25.48,0.90,0.21,1.26,6.00,3.37
1.0,350.0,950.0,15750,0.98742,200.74,72.5,boost,104.46,33.94,5.67,19.27,25.54,0.90,0.21,1.26,6.00,3.49
1.0,350.0,1000.0,15750,0.98717,204.72,73.6,boost,104.99,36.00,5.67,20.49,25.59,0.89,0.21,1.26,6.00,3.61
1.0,400.0,250.0,11250,0.98639,155.26,67.3,buck,99.21,12.87,5.57,2.70,24.79,0.77,0.21,1.22,6.00,1.90
1.0,400.0,300.0,13500,0.98868,154.60,67.3,buck,99.41,13.10,5.56,1.84,24.73,0.61,0.21,1.22,6.00,1.91
1.0,400.0,350.0,15750,0.99033,153.81,68.5,buck,99.86,13.44,5.56,0.58,24.66,0.35,0.21,1.22,6.00,1.92
1.0,400.0,400.0,18000,0.98919,196.78,74.0,band,115.46,29.00,11.90,0.58,27.62,0.38,0.43,1.37,6.00,4.04
1.0,400.0,450.0,18000,0.99139,156.24,68.9,boost,100.03,15.54,5.56,0.58,24.66,0.32,0.21,1.22,6.00,2.12
1.0,400.0,500.0,18000,0.99120,159.79,67.5,boost,99.94,17.22,5.57,2.07,24.75,0.53,0.21,1.22,6.00,2.28
1.0,400.0,550.0,18000,0.99097,164.08,67.7,boost,100.16,18.95,5.58,3.99,24.85,0.67,0.21,1.23,6.00,2.45
1.0,400.0,600.0,18000,0.99071,168.76,67.9,boost,100.57,20.71,5.59,6.13,24.96,0.77,0.21,1.23,6.00,2.58
1.0,400.0,650.0,18000,0.99044,173.69,68.1,boost,101.07,22.47,5.61,8.46,25.07,0.84,0.21,1.24,6.00,2.72
1.0,400.0,700.0,18000,0.99017,178.77,68.3,boost,101.64,24.27,5.62,10.86,25.17,0.88,0.21,1.24,6.00,2.86
1.0,400.0,750.0,18000,0.98991,183.56,68.5,boost,102.23,26.10,5.63,12.95,25.28,0.91,0.21,1.25,6.00,2.99
1.0,400.0,800.0,18000,0.98963,188.61,68.7,boost,102.84,27.97,5.65,15.26,25.37,0.93,0.21,1.25,6.00,3.12
1.0,400.0,850.0,18000,0.98936,193.55,68.9,boost,103.45,29.83,5.66,17.50,25.46,0.94,0.21,1.26,6.00,3.24
1.0,400.0,900.0,18000,0.98910,198.27,70.2,boost,104.05,31.73,5.67,19.49,25.55,0.95,0.21,1.26,6.00,3.36
1.0,400.0,950.0,18000,0.98886,202.80,71.4,boost,104.65,33.67,5.68,21.27,25.63,0.95,0.21,1.27,6.00,3.47
1.0,400.0,1000.0,18000,0.98862,207.24,72.7,boost,105.24,35.64,5.69,22.95,25.70,0.95,0.21,1.27,6.00,3.59
1.0,450.0,250.0,11250,0.98605,159.14,67.5,buck,99.53,14.66,5.58,4.16,24.86,0.82,0.21,1.23,6.00,2.08
1.0,450.0,300.0,13500,0.98841,158.27,67.5,buck,99.60,14.84,5.57,3.18,24.81,0.74,0.21,1.22,6.00,2.08
1.0,450.0,350.0,15750,0.99011,157.28,67.4,buck,99.77,15.14,5.57,1.97,24.74,0.57,0.21,1.22,6.00,2.10
1.0,450.0,400.0,18000,0.99139,156.40,69.5,buck,100.17,15.56,5.56,0.58,24.66,0.32,0.21,1.22,6.00,2.12
1.0,450.0,450.0,20250,0.99012,202.15,74.9,band,115.85,33.57,11.90,0.58,27.62,0.38,0.43,1.37,6.00,4.45
1.0,450.0,500.0,20250,0.99222,158.78,69.3,boost,100.22,17.72,5.56,0.58,24.66,0.29,0.21,1.22,6.00,2.31
1.0,450.0,550.0,20250,0.99204,162.45,68.0,boost,100.18,19.40,5.57,2.15,24.75,0.50,0.21,1.22,6.00,2.47
1.0,450.0,600.0,20250,0.99182,166.97,67.8,boost,100.44,21.11,5.58,4.29,24.86,0.64,0.21,1.23,6.00,2.61
1.0,450.0,650.0,20250,0.99159,171.79,68.0,boost,100.89,22.80,5.60,6.58,24.98,0.75,0.21,1.23,6.00,2.74
1.0,450.0,700.0,20250,0.99132,177.25,68.3,boost,101.44,24.54,5.61,9.40,25.11,0.83,0.21,1.24,6.00,2.87
1.0,450.0,750.0,20250,0.99106,182.60,68.5,boost,102.06,26.30,5.63,12.04,25.23,0.88,0.21,1.25,6.00,3.00
1.0,450.0,800.0,20250,0.99080,187.97,68.7,boost,102.71,28.09,5.64,14.66,25.35,0.92,0.21,1.25,6.00,3.13
1.0,450.0,850.0,20250,0.99053,193.53,68.9,boost,103.37,29.88,5.66,17.50,25.46,0.95,0.21,1.26,6.00,3.24
1.0,450.0,900.0,20250,0.99028,198.80,69.2,boost,104.04,31.70,5.67,20.02,25.57,0.97,0.21,1.26,6.00,3.35
1.0,450.0,950.0,20250,0.99004,203.82,70.4,boost,104.71,33.55,5.68,22.27,25.67,0.99,0.21,1.27,6.00,3.46
1.0,450.0,1000.0,20250,0.98978,209.13,71.7,boost,105.37,35.44,5.70,24.81,25.77,1.00,0.21,1.27,6.00,3.57
1.0,500.0,250.0,11250,0.98573,162.87,67.6,buck,99.91,16.53,5.59,5.39,24.92,0.84,0.21,1.23,6.00,2.25
1.0,500.0,300.0,13500,0.98811,162.51,67.6,buck,99.94,16.64,5.59,4.95,24.89,0.81,0.21,1.23,6.00,2.25
1.0,500.0,350.0,15750,0.98986,161.31,67.6,buck,99.98,16.88,5.58,3.62,24.83,0.71,0.21,1.23,6.00,2.26
1.0,500.0,400.0,18000,0.99119,160.01,68.6,buck,100.12,17.26,5.57,2.07,24.75,0.53,0.21,1.22,6.00,2.28
1.0,500.0,450.0,20250,0.99221,159.07,70.5,buck,100.47,17.76,5.56,0.58,24.66,0.29,0.21,1.22,6.00,2.31
1.0,500.0,500.0,22500,0.99085,207.76,75.9,band,116.30,38.32,11.90,0.58,27.62,0.38,0.43,1.37,6.00,4.86
1.0,500.0,550.0,22500,0.99288,161.38,69.7,boost,100.40,19.98,5.56,0.58,24.66,0.27,0.21,1.22,6.00,2.50
1.0,500.0,600.0,22500,0.99271,165.12,68.5,boost,100.40,21.64,5.57,2.22,24.76,0.47,0.21,1.22,6.00,2.63
1.0,500.0,650.0,22500,0.99251,169.81,68.0,boost,100.70,23.28,5.58,4.54,24.87,0.62,0.21,1.23,6.00,2.77
1.0,500.0,700.0,22500,0.99229,174.79,68.2,boost,101.19,24.95,5.60,6.97,25.01,0.73,0.21,1.23,6.00,2.89
1.0,500.0,750.0,22500,0.99203,180.70,68.4,boost,101.79,26.65,5.62,10.21,25.14,0.81,0.21,1.24,6.00,3.02
1.0,500.0,800.0,22500,0.99179,186.30,68.6,boost,102.46,28.37,5.63,13.06,25.28,0.88,0.21,1.25,6.00,3.14
1.0,500.0,850.0,22500,0.99152,192.34,68.9,boost,103.16,30.08,5.65,16.38,25.42,0.93,0.21,1.26,6.00,3.25
1.0,500.0,900.0,22500,0.99127,198.21,69.1,boost,103.89,31.82,5.67,19.49,25.55,0.96,0.21,1.26,6.00,3.36
1.0,500.0,950.0,22500,0.99102,203.78,69.5,boost,104.62,33.60,5.68,22.27,25.67,0.99,0.21,1.27,6.00,3.46
1.0,500.0,1000.0,22500,0.99076,209.74,70.7,boost,105.35,35.40,5.70,25.43,25.79,1.02,0.21,1.27,6.00,3.57
1.0,550.0,250.0,11250,0.98542,166.43,67.8,buck,100.30,18.45,5.60,6.40,24.97,0.85,0.21,1.23,6.00,2.42
1.0,550.0,300.0,13500,0.98782,166.52,67.8,buck,100.34,18.50,5.60,6.40,24.97,0.85,0.21,1.23,6.00,2.42
1.0,550.0,350.0,15750,0.98958,165.81,67.8,buck,100.35,18.68,5.59,5.59,24.93,0.79,0.21,1.23,6.00,2.43
1.0,550.0,400.0,18000,0.99095,164.33,68.0,buck,100.36,19.00,5.58,3.99,24.85,0.67,0.21,1.23,6.00,2.45
1.0,550.0,450.0,20250,0.99203,162.78,69.7,buck,100.46,19.45,5.57,2.15,24.75,0.50,0.21,1.22,6.00,2.47
1.0,550.0,500.0,22500,0.99286,161.81,71.5,buck,100.77,20.03,5.56,0.58,24.66,0.27,0.21,1.22,6.00,2.50
1.0,550.0,550.0,24750,0.99144,213.57,76.9,band,116.79,43.24,11.90,0.58,27.62,0.38,0.43,1.37,6.00,5.26
1.0,550.0,600.0,24750,0.99342,164.03,70.1,boost,100.57,22.30,5.56,0.58,24.66,0.25,0.21,1.22,6.00,2.67
1.0,550.0,650.0,24750,0.99327,167.79,69.0,boost,100.61,23.89,5.57,2.28,24.76,0.44,0.21,1.22,6.00,2.80
1.0,550.0,700.0,24750,0.99307,172.65,68.1,boost,100.95,25.51,5.58,4.76,24.89,0.59,0.21,1.23,6.00,2.93
1.0,550.0,750.0,24750,0.99286,177.93,68.3,boost,101.48,27.15,5.60,7.48,25.03,0.71,0.21,1.24,6.00,3.05
1.0,550.0,800.0,24750,0.99262,184.08,68.6,boost,102.12,28.81,5.62,10.93,25.18,0.80,0.21,1.24,6.00,3.17
1.0,550.0,850.0,24750,0.99238,190.00,68.8,boost,102.84,30.45,5.64,14.14,25.33,0.87,0.21,1.25,6.00,3.27
1.0,550.0,900.0,24750,0.99212,196.52,69.0,boost,103.60,32.11,5.66,17.90,25.48,0.93,0.21,1.26,6.00,3.37
1.0,550.0,950.0,24750,0.99188,202.69,69.3,boost,104.39,33.81,5.68,21.27,25.63,0.97,0.21,1.27,6.00,3.47
1.0,550.0,1000.0,24750,0.99162,209.06,69.8,boost,105.18,35.53,5.70,24.81,25.77,1.01,0.21,1.27,6.00,3.57
1.0,600.0,250.0,11250,0.98512,169.96,68.0,buck,100.69,20.43,5.60,7.36,25.02,0.84,0.21,1.24,6.00,2.57
1.0,600.0,300.0,13500,0.98752,170.65,68.0,buck,100.78,20.41,5.60,7.93,25.05,0.87,0.21,1.24,6.00,2.57
1.0,600.0,350.0,15750,0.98931,170.18,68.0,buck,100.79,20.53,5.60,7.36,25.02,0.85,0.21,1.24,6.00,2.57
1.0,600.0,400.0,18000,0.99070,169.03,67.9,buck,100.76,20.78,5.59,6.13,24.96,0.77,0.21,1.23,6.00,2.58
1.0,600.0,450.0,20250,0.99180,167.34,69.2,buck,100.74,21.18,5.58,4.29,24.86,0.64,0.21,1.23,6.00,2.61
1.0,600.0,500.0,22500,0.99269,165.59,70.8,buck,100.80,21.71,5.57,2.22,24.76,0.47,0.21,1.22,6.00,2.63
1.0,600.0,550.0,24750,0.99339,164.61,72.4,buck,101.07,22.38,5.56,0.58,24.66,0.25,0.21,1.22,6.00,2.67
1.0,600.0,600.0,27000,0.99194,219.52,78.0,band,117.30,48.31,11.90,0.58,27.62,0.38,0.43,1.37,6.00,5.63
1.0,600.0,650.0,27000,0.99386,166.69,70.5,boost,100.73,24.65,5.56,0.58,24.67,0.23,0.21,1.22,6.00,2.84
1.0,600.0,700.0,27000,0.99372,170.50,69.5,boost,100.80,26.21,5.57,2.33,24.76,0.42,0.21,1.22,6.00,2.97
1.0,600.0,750.0,27000,0.99354,175.50,68.6,boost,101.18,27.80,5.59,4.95,24.89,0.57,0.21,1.23,6.00,3.09
1.0,600.0,800.0,27000,0.99334,181.06,68.5,boost,101.75,29.40,5.60,7.93,25.05,0.69,0.21,1.24,6.00,3.20
1.0,600.0,850.0,27000,0.99311,187.34,68.7,boost,102.44,30.97,5.62,11.56,25.21,0.78,0.21,1.24,6.00,3.30
1.0,600.0,900.0,27000,0.99287,193.77,68.9,boost,103.20,32.56,5.65,15.26,25.37,0.86,0.21,1.25,6.00,3.39
1.0,600.0,950.0,27000,0.99263,200.56,69.2,boost,104.02,34.18,5.67,19.27,25.54,0.93,0.21,1.26,6.00,3.49
1.0,600.0,1000.0,27000,0.99239,207.08,69.4,boost,104.87,35.82,5.69,22.95,25.70,0.98,0.21,1.27,6.00,3.59
1.0,650.0,250.0,11250,0.98480,173.62,68.1,buck,101.07,22.42,5.61,8.46,25.07,0.82,0.21,1.24,6.00,2.72
1.0,650.0,300.0,13500,0.98722,174.82,68.1,buck,101.21,22.32,5.61,9.51,25.11,0.87,0.21,1.24,6.00,2.71
1.0,650.0,350.0,15750,0.98902,174.93,68.1,buck,101.27,22.37,5.61,9.51,25.11,0.88,0.21,1.24,6.00,2.71
1.0,650.0,400.0,18000,0.99043,173.96,68.1,buck,101.25,22.57,5.61,8.46,25.07,0.84,0.21,1.24,6.00,2.72
1.0,650.0,450.0,20250,0.99157,172.17,68.9,buck,101.17,22.90,5.60,6.58,24.98,0.75,0.21,1.23,6.00,2.74
1.0,650.0,500.0,22500,0.99249,170.31,70.3,buck,101.10,23.38,5.58,4.54,24.87,0.62,0.21,1.23,6.00,2.77
1.0,650.0,550.0,24750,0.99324,168.42,71.8,buck,101.13,24.00,5.57,2.28,24.76,0.44,0.21,1.22,6.00,2.80
1.0,650.0,600.0,27000,0.99384,167.44,73.4,buck,101.37,24.76,5.56,0.58,24.67,0.23,0.21,1.22,6.00,2.84
1.0,650.0,650.0,27500,0.99267,203.11,75.4,band,102.13,51.11,11.06,0.58,24.47,0.33,0.43,1.21,6.00,5.79
1.0,650.0,700.0,27500,0.99451,151.82,67.9,boost,87.89,25.87,5.17,0.58,21.90,0.19,0.21,1.08,6.00,2.91
1.0,650.0,750.0,27500,0.99437,155.62,67.1,boost,88.08,27.31,5.18,2.38,22.00,0.35,0.21,1.08,6.00,3.03
1.0,650.0,800.0,27500,0.99419,160.65,66.4,boost,88.52,28.75,5.20,5.12,22.13,0.49,0.21,1.09,6.00,3.14
1.0,650.0,850.0,27500,0.99399,166.28,65.8,boost,89.14,30.17,5.22,8.33,22.29,0.60,0.21,1.10,6.00,3.23
1.0,650.0,900.0,27500,0.99376,172.59,66.0,boost,89.86,31.59,5.24,12.11,22.46,0.69,0.21,1.10,6.00,3.32
1.0,650.0,950.0,27500,0.99352,179.34,66.2,boost,90.65,33.02,5.26,16.26,22.64,0.77,0.21,1.11,6.00,3.41
1.0,650.0,1000.0,27500,0.99327,186.21,66.5,boost,91.49,34.45,5.28,20.49,22.82,0.84,0.21,1.12,6.00,3.49
1.0,700.0,250.0,11250,0.98450,177.15,68.3,buck,101.43,24.46,5.61,9.40,25.11,0.81,0.21,1.24,6.00,2.87
1.0,700.0,300.0,13500,0.98693,178.78,68.3,buck,101.64,24.29,5.62,10.86,25.17,0.87,0.21,1.24,6.00,2.86
1.0,700.0,350.0,15750,0.98874,179.41,68.3,buck,101.76,24.27,5.62,11.35,25.20,0.90,0.21,1.24,6.00,2.85
1.0,700.0,400.0,18000,0.99015,179.02,68.3,buck,101.77,24.39,5.62,10.86,25.17,0.88,0.21,1.24,6.00,2.86
1.0,700.0,450.0,20250,0.99130,177.63,68.7,buck,101.70,24.66,5.61,9.40,25.11,0.83,0.21,1.24,6.00,2.87
1.0,700.0,500.0,22500,0.99227,175.30,70.1,buck,101.58,25.08,5.60,6.97,25.01,0.73,0.21,1.23,6.00,2.89
1.0,700.0,550.0,24750,0.99305,173.30,71.4,buck,101.46,25.64,5.58,4.76,24.89,0.59,0.21,1.23,6.00,2.93
1.0,700.0,600.0,27000,0.99370,171.29,72.9,buck,101.45,26.35,5.57,2.33,24.76,0.42,0.21,1.22,6.00,2.97
1.0,700.0,650.0,27500,0.99448,152.65,71.4,buck,88.58,26.02,5.17,0.58,21.90,0.19,0.21,1.08,6.00,2.91
1.0,700.0,700.0,27500,0.99329,185.72,72.7,band,86.78,53.31,10.14,0.58,21.20,0.29,0.43,1.04,6.00,5.94
1.0,700.0,750.0,27500,0.99507,136.14,65.2,boost,74.76,26.80,4.74,0.58,18.98,0.16,0.21,0.93,6.00,2.98
1.0,700.0,800.0,27500,0.99494,139.86,64.5,boost,75.02,28.08,4.75,2.42,19.08,0.30,0.21,0.93,6.00,3.07
1.0,700.0,850.0,27500,0.99476,144.80,63.9,boost,75.52,29.32,4.77,5.26,19.22,0.41,0.21,0.94,6.00,3.15
1.0,700.0,900.0,27500,0.99456,150.50,63.5,boost,76.16,30.56,4.79,8.69,19.38,0.52,0.21,0.95,6.00,3.23
1.0,700.0,950.0,27500,0.99433,156.79,63.2,boost,76.91,31.80,4.81,12.61,19.56,0.60,0.21,0.96,6.00,3.32
1.0,700.0,1000.0,27500,0.99408,163.77,63.7,boost,77.73,33.04,4.84,17.16,19.74,0.68,0.21,0.97,6.00,3.40
1.0,750.0,250.0,11250,0.98420,180.58,68.4,buck,101.78,26.56,5.62,10.21,25.14,0.79,0.21,1.24,6.00,3.02
1.0,750.0,300.0,13500,0.98666,182.58,68.5,buck,102.06,26.30,5.63,12.04,25.23,0.87,0.21,1.25,6.00,3.00
1.0,750.0,350.0,15750,0.98847,183.66,68.5,buck,102.24,26.20,5.63,12.95,25.28,0.91,0.21,1.25,6.00,2.99
1.0,750.0,400.0,18000,0.98989,183.79,68.5,buck,102.31,26.25,5.63,12.95,25.28,0.91,0.21,1.25,6.00,2.99
1.0,750.0,450.0,20250,0.99105,182.96,68.7,buck,102.27,26.45,5.63,12.04,25.23,0.88,0.21,1.25,6.00,3.00
1.0,750.0,500.0,22500,0.99201,181.21,69.9,buck,102.15,26.80,5.62,10.21,25.14,0.81,0.21,1.24,6.00,3.02
1.0,750.0,550.0,24750,0.99284,178.59,71.2,buck,101.97,27.31,5.60,7.48,25.03,0.71,0.21,1.24,6.00,3.05
1.0,750.0,600.0,27000,0.99351,176.31,72.6,buck,101.82,27.96,5.59,4.95,24.89,0.57,0.21,1.23,6.00,3.09
1.0,750.0,650.0,27500,0.99434,156.47,71.0,buck,88.76,27.48,5.18,2.38,22.00,0.35,0.21,1.08,6.00,3.03
1.0,750.0,700.0,27500,0.99504,137.00,69.2,buck,75.45,26.96,4.74,0.58,18.98,0.16,0.21,0.93,6.00,2.98
1.0,750.0,750.0,27500,0.99377,172.51,70.7,band,74.76,55.55,9.36,0.58,18.55,0.25,0.43,0.91,6.00,6.11
1.0,750.0,800.0,27500,0.99551,123.94,63.0,boost,64.42,27.74,4.38,0.58,16.61,0.13,0.21,0.81,6.00,3.06
1.0,750.0,850.0,27500,0.99539,127.50,62.4,boost,64.73,28.83,4.39,2.45,16.71,0.25,0.21,0.81,6.00,3.12
1.0,750.0,900.0,27500,0.99521,132.38,62.0,boost,65.26,29.91,4.41,5.39,16.85,0.36,0.21,0.82,6.00,3.18
1.0,750.0,950.0,27500,0.99500,138.12,61.6,boost,65.93,30.98,4.43,9.01,17.02,0.45,0.21,0.83,6.00,3.25
1.0,750.0,1000.0,27500,0.99478,144.38,61.8,boost,66.70,32.04,4.45,13.06,17.20,0.53,0.21,0.84,6.00,3.33
1.0,800.0,250.0,11250,0.98391,183.94,68.5,buck,102.11,28.70,5.62,10.93,25.18,0.77,0.21,1.24,6.00,3.17
1.0,800.0,300.0,13500,0.98639,186.26,68.6,buck,102.46,28.36,5.63,13.06,25.28,0.86,0.21,1.25,6.00,3.14
1.0,800.0,350.0,15750,0.98820,188.05,68.7,buck,102.71,28.18,5.64,14.66,25.35,0.91,0.21,1.25,6.00,3.13
1.0,800.0,400.0,18000,0.98962,188.80,68.7,buck,102.85,28.15,5.65,15.26,25.37,0.93,0.21,1.25,6.00,3.12
1.0,800.0,450.0,20250,0.99079,188.32,68.8,buck,102.87,28.28,5.64,14.66,25.35,0.92,0.21,1.25,6.00,3.13
1.0,800.0,500.0,22500,0.99177,186.79,70.0,buck,102.77,28.56,5.63,13.06,25.28,0.88,0.21,1.25,6.00,3.14
1.0,800.0,550.0,24750,0.99259,184.73,71.2,buck,102.59,29.00,5.62,10.93,25.18,0.80,0.21,1.24,6.00,3.17
1.0,800.0,600.0,27000,0.99331,181.88,72.4,buck,102.36,29.59,5.60,7.93,25.05,0.69,0.21,1.24,6.00,3.20
1.0,800.0,650.0,27500,0.99416,161.52,70.9,buck,89.19,28.95,5.20,5.12,22.13,0.49,0.21,1.09,6.00,3.14
1.0,800.0,700.0,27500,0.99491,140.73,69.0,buck,75.70,28.27,4.75,2.42,19.08,0.30,0.21,0.93,6.00,3.07
1.0,800.0,750.0,27500,0.99548,124.82,67.5,buck,65.10,27.93,4.38,0.58,16.61,0.13,0.21,0.81,6.00,3.06
1.0,800.0,800.0,27500,0.99413,162.34,69.2,band,65.14,57.83,8.68,0.58,16.37,0.22,0.43,0.80,6.00,6.29
1.0,800.0,850.0,27500,0.99586,114.30,61.2,boost,56.12,28.66,4.07,0.58,14.71,0.11,0.21,0.71,6.00,3.12
1.0,800.0,900.0,27500,0.99574,117.75,60.7,boost,56.47,29.60,4.08,2.48,14.81,0.22,0.21,0.72,6.00,3.17
1.0,800.0,950.0,27500,0.99556,122.57,60.3,boost,57.02,30.52,4.10,5.51,14.95,0.31,0.21,0.72,6.00,3.23
1.0,800.0,1000.0,27500,0.99536,128.30,60.3,boost,57.71,31.43,4.12,9.30,15.12,0.40,0.21,0.73,6.00,3.28
1.0,850.0,250.0,11250,0.98363,187.18,68.7,buck,102.43,30.86,5.62,11.56,25.21,0.75,0.21,1.24,6.00,3.30
1.0,850.0,300.0,13500,0.98612,189.95,68.8,buck,102.84,30.43,5.64,14.14,25.33,0.84,0.21,1.25,6.00,3.27
1.0,850.0,350.0,15750,0.98793,192.40,68.9,buck,103.17,30.16,5.65,16.38,25.42,0.91,0.21,1.26,6.00,3.25
1.0,850.0,400.0,18000,0.98935,193.70,68.9,buck,103.38,30.04,5.66,17.50,25.46,0.94,0.21,1.26,6.00,3.24
1.0,850.0,450.0,20250,0.99052,193.84,68.9,buck,103.46,30.09,5.66,17.50,25.46,0.95,0.21,1.26,6.00,3.24
1.0,850.0,500.0,22500,0.99150,192.81,70.0,buck,103.42,30.30,5.65,16.38,25.42,0.93,0.21,1.26,6.00,3.25
1.0,850.0,550.0,24750,0.99236,190.64,71.2,buck,103.26,30.67,5.64,14.14,25.33,0.87,0.21,1.25,6.00,3.27
1.0,850.0,600.0,27000,0.99308,188.15,72.3,buck,103.02,31.20,5.62,11.56,25.21,0.78,0.21,1.24,6.00,3.30
1.0,850.0,650.0,27500,0.99396,167.15,70.8,buck,89.78,30.39,5.22,8.33,22.29,0.60,0.21,1.10,6.00,3.23
1.0,850.0,700.0,27500,0.99473,145.69,68.9,buck,76.18,29.54,4.77,5.26,19.22,0.41,0.21,0.94,6.00,3.15
1.0,850.0,750.0,27500,0.99535,128.39,67.4,buck,65.40,29.05,4.39,2.45,16.71,0.25,0.21,0.81,6.00,3.12
1.0,850.0,800.0,27500,0.99583,115.20,66.2,buck,56.80,28.88,4.07,0.58,14.71,0.11,0.21,0.71,6.00,3.12
1.0,850.0,850.0,27500,0.99442,154.41,68.1,band,57.30,60.05,8.10,0.58,14.61,0.19,0.43,0.71,6.00,6.43
1.0,850.0,900.0,27500,0.99437,155.64,68.2,band,57.37,61.04,8.10,0.58,14.64,0.28,0.43,0.71,6.00,6.48
1.0,850.0,950.0,27500,0.99602,109.92,59.3,boost,49.72,30.38,3.81,2.51,13.23,0.19,0.21,0.64,6.00,3.23
1.0,850.0,1000.0,27500,0.99585,114.66,59.2,boost,50.29,31.15,3.83,5.61,13.37,0.28,0.21,0.64,6.00,3.28
1.0,900.0,250.0,11250,0.98336,190.38,68.8,buck,102.72,33.06,5.63,12.11,25.23,0.73,0.21,1.25,6.00,3.43
1.0,900.0,300.0,13500,0.98585,193.71,68.9,buck,103.20,32.54,5.65,15.26,25.37,0.83,0.21,1.25,6.00,3.39
1.0,900.0,350.0,15750,0.98767,196.57,69.0,buck,103.60,32.18,5.66,17.90,25.48,0.90,0.21,1.26,6.00,3.37
1.0,900.0,400.0,18000,0.98910,198.37,69.1,buck,103.90,31.98,5.67,19.49,25.55,0.95,0.21,1.26,6.00,3.36
1.0,900.0,450.0,20250,0.99027,199.07,69.2,buck,104.06,31.95,5.67,20.02,25.57,0.97,0.21,1.26,6.00,3.35
1.0,900.0,500.0,22500,0.99125,198.65,70.2,buck,104.07,32.08,5.67,19.49,25.55,0.96,0.21,1.26,6.00,3.36
1.0,900.0,550.0,24750,0.99210,197.14,71.3,buck,103.96,32.37,5.66,17.90,25.48,0.93,0.21,1.26,6.00,3.37
1.0,900.0,600.0,27000,0.99285,194.57,72.4,buck,103.74,32.83,5.65,15.26,25.37,0.86,0.21,1.25,6.00,3.39
1.0,900.0,650.0,27500,0.99373,173.46,70.9,buck,90.47,31.85,5.24,12.11,22.46,0.69,0.21,1.10,6.00,3.32
1.0,900.0,700.0,27500,0.99453,151.39,69.0,buck,76.80,30.81,4.79,8.69,19.38,0.52,0.21,0.95,6.00,3.23
1.0,900.0,750.0,27500,0.99518,133.29,67.5,buck,65.91,30.15,4.41,5.39,16.85,0.36,0.21,0.82,6.00,3.18
1.0,900.0,800.0,27500,0.99570,118.66,66.2,buck,57.13,29.84,4.08,2.48,14.81,0.22,0.21,0.72,6.00,3.17
1.0,900.0,850.0,27500,0.99437,155.64,68.1,band,57.35,61.06,8.10,0.58,14.64,0.28,0.43,0.71,6.00,6.48
1.0,900.0,900.0,27500,0.99464,148.25,67.3,band,50.83,62.30,7.59,0.58,13.12,0.17,0.43,0.63,6.00,6.59
1.0,900.0,950.0,27500,0.99460,149.34,67.4,band,50.92,63.15,7.59,0.58,13.15,0.25,0.43,0.63,6.00,6.63
1.0,900.0,1000.0,27500,0.99625,103.56,58.4,boost,44.15,31.18,3.57,2.53,11.89,0.17,0.21,0.57,6.00,3.30
1.0,950.0,250.0,11250,0.98309,193.56,69.0,buck,103.01,35.30,5.63,12.61,25.26,0.71,0.21,1.25,6.00,3.56
1.0,950.0,300.0,13500,0.98559,197.37,69.1,buck,103.55,34.69,5.65,16.26,25.41,0.82,0.21,1.26,6.00,3.52
1.0,950.0,350.0,15750,0.98742,200.60,69.2,buck,104.03,34.24,5.67,19.27,25.54,0.90,0.21,1.26,6.00,3.49
1.0,950.0,400.0,18000,0.98886,202.84,69.3,buck,104.40,33.96,5.68,21.27,25.63,0.95,0.21,1.27,6.00,3.47
1.0,950.0,450.0,20250,0.99002,204.04,69.5,buck,104.64,33.84,5.68,22.27,25.67,0.99,0.21,1.27,6.00,3.46
1.0,950.0,500.0,22500,0.99101,204.19,70.5,buck,104.73,33.89,5.68,22.27,25.67,0.99,0.21,1.27,6.00,3.46
1.0,950.0,550.0,24750,0.99185,203.28,71.5,buck,104.68,34.10,5.68,21.27,25.63,0.97,0.21,1.27,6.00,3.47
1.0,950.0,600.0,27000,0.99260,201.34,72.5,buck,104.50,34.48,5.67,19.27,25.54,0.93,0.21,1.26,6.00,3.49
1.0,950.0,650.0,27500,0.99349,180.19,71.0,buck,91.22,33.31,5.26,16.26,22.64,0.77,0.21,1.11,6.00,3.41
1.0,950.0,700.0,27500,0.99430,157.67,69.1,buck,77.52,32.08,4.81,12.61,19.56,0.60,0.21,0.96,6.00,3.32
1.0,950.0,750.0,27500,0.99497,139.02,67.6,buck,66.56,31.25,4.43,9.01,17.02,0.45,0.21,0.83,6.00,3.25
1.0,950.0,800.0,27500,0.99553,123.48,66.3,buck,57.66,30.79,4.10,5.51,14.95,0.31,0.21,0.72,6.00,3.23
1.0,950.0,850.0,27500,0.99599,110.84,65.3,buck,50.37,30.66,3.81,2.51,13.23,0.19,0.21,0.64,6.00,3.23
1.0,950.0,900.0,27500,0.99460,149.34,67.3,band,50.90,63.18,7.59,0.58,13.15,0.25,0.43,0.63,6.00,6.63
1.0,950.0,950.0,27500,0.99481,143.46,66.7,band,45.43,64.58,7.14,0.58,11.84,0.16,0.43,0.56,6.00,6.74
1.0,950.0,1000.0,27500,0.99478,144.41,66.7,band,45.53,65.29,7.14,0.58,11.88,0.22,0.43,0.57,6.00,6.78
1.0,1000.0,250.0,11250,0.98282,196.71,69.1,buck,103.28,37.59,5.63,13.06,25.28,0.70,0.21,1.25,6.00,3.69
1.0,1000.0,300.0,13500,0.98533,200.95,69.2,buck,103.88,36.88,5.66,17.16,25.45,0.80,0.21,1.26,6.00,3.65
1.0,1000.0,350.0,15750,0.98718,204.51,69.4,buck,104.43,36.34,5.67,20.49,25.59,0.89,0.21,1.26,6.00,3.61
1.0,1000.0,400.0,18000,0.98862,207.21,69.5,buck,104.88,35.97,5.69,22.95,25.70,0.95,0.21,1.27,6.00,3.59
1.0,1000.0,450.0,20250,0.98977,209.30,69.8,buck,105.20,35.77,5.70,24.81,25.77,1.00,0.21,1.27,6.00,3.57
1.0,1000.0,500.0,22500,0.99075,210.10,70.8,buck,105.37,35.73,5.70,25.43,25.79,1.02,0.21,1.27,6.00,3.57
1.0,1000.0,550.0,24750,0.99160,209.60,71.7,buck,105.40,35.86,5.70,24.81,25.77,1.01,0.21,1.27,6.00,3.57
1.0,1000.0,600.0,27000,0.99236,207.82,72.7,buck,105.27,36.16,5.69,22.95,25.70,0.98,0.21,1.27,6.00,3.59
1.0,1000.0,650.0,27500,0.99324,187.04,71.1,buck,92.00,34.78,5.28,20.49,22.82,0.84,0.21,1.12,6.00,3.49
1.0,1000.0,700.0,27500,0.99405,164.64,69.3,buck,78.29,33.35,4.84,17.16,19.74,0.68,0.21,0.97,6.00,3.40
1.0,1000.0,750.0,27500,0.99474,145.28,67.7,buck,67.30,32.34,4.45,13.06,17.20,0.53,0.21,0.84,6.00,3.33
1.0,1000.0,800.0,27500,0.99532,129.21,66.5,buck,58.33,31.72,4.12,9.30,15.12,0.40,0.21,0.73,6.00,3.28
1.0,1000.0,850.0,27500,0.99581,115.58,65.4,buck,50.92,31.45,3.83,5.61,13.37,0.28,0.21,0.64,6.00,3.28
1.0,1000.0,900.0,27500,0.99621,104.49,64.6,buck,44.78,31.48,3.57,2.53,11.89,0.17,0.21,0.57,6.00,3.30
1.0,1000.0,950.0,27500,0.99478,144.41,66.7,band,45.50,65.31,7.14,0.58,11.88,0.22,0.43,0.57,6.00,6.78
1.0,1000.0,1000.0,27500,0.99494,139.78,66.2,band,40.85,66.87,6.74,0.58,10.74,0.14,0.43,0.51,6.00,6.90
0.5,250.0,250.0,5625,0.98973,58.35,52.6,band,25.86,10.48,5.39,0.58,7.25,0.09,0.43,0.34,6.00,1.93
0.5,250.0,300.0,5625,0.99184,46.27,51.2,boost,22.91,6.05,2.53,0.58,6.48,0.12,0.21,0.31,6.00,1.08
0.5,250.0,350.0,5625,0.99139,48.84,50.8,boost,23.11,7.06,2.54,1.68,6.54,0.18,0.21,0.31,6.00,1.22
0.5,250.0,400.0,5625,0.99094,51.41,50.7,boost,23.35,8.11,2.54,2.70,6.61,0.22,0.21,0.31,6.00,1.35
0.5,250.0,450.0,5625,0.99042,54.38,51.0,boost,23.60,9.14,2.55,4.16,6.67,0.24,0.21,0.31,6.00,1.48
0.5,250.0,500.0,5625,0.98995,57.13,51.7,boost,23.84,10.21,2.56,5.39,6.73,0.25,0.21,0.32,6.00,1.61
0.5,250.0,550.0,5625,0.98951,59.65,52.3,boost,24.06,11.31,2.57,6.40,6.79,0.25,0.21,0.32,6.00,1.75
0.5,250.0,600.0,5625,0.98908,62.13,52.9,boost,24.27,12.44,2.57,7.36,6.84,0.26,0.21,0.32,6.00,1.86
0.5,250.0,650.0,5625,0.98863,64.70,53.5,boost,24.46,13.55,2.58,8.46,6.88,0.26,0.21,0.32,6.00,1.98
0.5,250.0,700.0,5625,0.98821,67.12,54.1,boost,24.63,14.69,2.58,9.40,6.92,0.26,0.21,0.33,6.00,2.10
0.5,250.0,750.0,5625,0.98781,69.43,54.7,boost,24.80,15.87,2.58,10.21,6.96,0.26,0.21,0.33,6.00,2.21
0.5,250.0,800.0,5625,0.98742,71.65,55.3,boost,24.95,17.06,2.59,10.93,6.99,0.25,0.21,0.33,6.00,2.33
0.5,250.0,850.0,5625,0.98706,73.74,55.9,boost,25.10,18.25,2.59,11.56,7.02,0.25,0.21,0.33,6.00,2.43
0.5,250.0,900.0,5625,0.98671,75.77,56.5,boost,25.23,19.45,2.60,12.11,7.04,0.25,0.21,0.33,6.00,2.54
0.5,250.0,950.0,5625,0.98636,77.77,57.0,boost,25.36,20.69,2.60,12.61,7.07,0.25,0.21,0.33,6.00,2.64
0.5,250.0,1000.0,5625,0.98603,79.72,57.6,boost,25.49,21.94,2.60,13.06,7.09,0.24,0.21,0.33,6.00,2.75
0.5,300.0,250.0,5625,0.99184,46.28,51.4,buck,22.91,6.05,2.53,0.58,6.48,0.12,0.21,0.31,6.00,1.08
0.5,300.0,300.0,6750,0.99099,61.36,52.9,band,25.90,13.10,5.39,0.58,7.25,0.09,0.43,0.34,6.00,2.27
0.5,300.0,350.0,6750,0.99298,47.71,51.4,boost,22.93,7.32,2.53,0.58,6.48,0.10,0.21,0.31,6.00,1.24
0.5,300.0,400.0,6750,0.99258,50.47,51.1,boost,23.16,8.31,2.54,1.84,6.55,0.17,0.21,0.31,6.00,1.37
0.5,300.0,450.0,6750,0.99216,53.34,50.9,boost,23.45,9.29,2.55,3.18,6.63,0.21,0.21,0.31,6.00,1.50
0.5,300.0,500.0,6750,0.99168,56.65,51.3,boost,23.75,10.29,2.56,4.95,6.71,0.24,0.21,0.32,6.00,1.62
0.5,300.0,550.0,6750,0.99124,59.65,52.0,boost,24.05,11.31,2.57,6.40,6.79,0.26,0.21,0.32,6.00,1.75
0.5,300.0,600.0,6750,0.99079,62.72,52.6,boost,24.33,12.37,2.57,7.93,6.86,0.27,0.21,0.32,6.00,1.86
0.5,300.0,650.0,6750,0.99035,65.79,53.2,boost,24.59,13.40,2.58,9.51,6.93,0.28,0.21,0.33,6.00,1.97
0.5,300.0,700.0,6750,0.98993,68.64,53.8,boost,24.84,14.45,2.59,10.86,6.99,0.29,0.21,0.33,6.00,2.08
0.5,300.0,750.0,6750,0.98955,71.30,54.4,boost,25.07,15.53,2.59,12.04,7.04,0.29,0.21,0.33,6.00,2.19
0.5,300.0,800.0,6750,0.98918,73.81,55.0,boost,25.29,16.63,2.60,13.06,7.09,0.29,0.21,0.33,6.00,2.30
0.5,300.0,850.0,6750,0.98882,76.32,55.6,boost,25.49,17.71,2.61,14.14,7.14,0.29,0.21,0.34,6.00,2.40
0.5,300.0,900.0,6750,0.98845,78.88,56.1,boost,25.69,18.81,2.61,15.26,7.18,0.29,0.21,0.34,6.00,2.49
0.5,300.0,950.0,6750,0.98809,81.33,56.7,boost,25.87,19.93,2.62,16.26,7.22,0.29,0.21,0.34,6.00,2.59
0.5,300.0,1000.0,6750,0.98775,83.69,57.3,boost,26.04,21.08,2.62,17.16,7.25,0.29,0.21,0.34,6.00,2.69
0.5,350.0,250.0,5625,0.99139,48.86,51.3,buck,23.12,7.07,2.54,1.68,6.54,0.18,0.21,0.31,6.00,1.22
0.5,350.0,300.0,6750,0.99298,47.74,51.9,buck,22.96,7.32,2.53,0.58,6.48,0.10,0.21,0.31,6.00,1.24
0.5,350.0,350.0,7875,0.99187,64.52,53.4,band,25.96,15.87,5.39,0.58,7.25,0.09,0.43,0.34,6.00,2.61
0.5,350.0,400.0,7875,0.99379,49.21,51.6,boost,22.96,8.64,2.53,0.58,6.48,0.09,0.21,0.31,6.00,1.40
0.5,350.0,450.0,7875,0.99343,52.05,51.3,boost,23.21,9.57,2.54,1.97,6.56,0.16,0.21,0.31,6.00,1.52
0.5,350.0,500.0,7875,0.99303,55.25,51.1,boost,23.54,10.51,2.55,3.62,6.65,0.21,0.21,0.31,6.00,1.64
0.5,350.0,550.0,7875,0.99259,58.79,51.6,boost,23.89,11.47,2.56,5.59,6.74,0.24,0.21,0.32,6.00,1.76
0.5,350.0,600.0,7875,0.99217,62.13,52.3,boost,24.24,12.45,2.57,7.36,6.84,0.27,0.21,0.32,6.00,1.86
0.5,350.0,650.0,7875,0.99171,65.79,52.9,boost,24.58,13.40,2.58,9.51,6.93,0.28,0.21,0.33,6.00,1.97
0.5,350.0,700.0,7875,0.99130,69.14,53.5,boost,24.90,14.37,2.59,11.35,7.01,0.30,0.21,0.33,6.00,2.07
0.5,350.0,750.0,7875,0.99091,72.24,54.1,boost,25.21,15.36,2.60,12.95,7.08,0.31,0.21,0.33,6.00,2.17
0.5,350.0,800.0,7875,0.99051,75.44,54.7,boost,25.50,16.36,2.61,14.66,7.16,0.32,0.21,0.34,6.00,2.28
0.5,350.0,850.0,7875,0.99012,78.58,55.3,boost,25.77,17.34,2.62,16.38,7.22,0.32,0.21,0.34,6.00,2.37
0.5,350.0,900.0,7875,0.98975,81.53,55.8,boost,26.03,18.34,2.62,17.90,7.28,0.33,0.21,0.34,6.00,2.46
0.5,350.0,950.0,7875,0.98941,84.31,56.4,boost,26.27,19.35,2.63,19.27,7.34,0.33,0.21,0.35,6.00,2.56
0.5,350.0,1000.0,7875,0.98908,86.95,57.0,boost,26.50,20.38,2.64,20.49,7.39,0.33,0.21,0.35,6.00,2.65
0.5,400.0,250.0,5625,0.99094,51.44,51.3,buck,23.36,8.12,2.54,2.70,6.61,0.22,0.21,0.31,6.00,1.35
0.5,400.0,300.0,6750,0.99257,50.51,51.9,buck,23.19,8.33,2.54,1.84,6.55,0.17,0.21,0.31,6.00,1.37
0.5,400.0,350.0,7875,0.99378,49.27,52.4,buck,23.00,8.65,2.53,0.58,6.48,0.09,0.21,0.31,6.00,1.40
0.5,400.0,400.0,9000,0.99252,67.81,54.0,band,26.01,18.77,5.39,0.58,7.25,0.09,0.43,0.34,6.00,2.94
0.5,400.0,450.0,9000,0.99440,50.72,51.8,boost,22.98,9.97,2.53,0.58,6.49,0.09,0.21,0.31,6.00,1.56
0.5,400.0,500.0,9000,0.99407,53.65,51.5,boost,23.26,10.87,2.54,2.07,6.57,0.15,0.21,0.31,6.00,1.67
0.5,400.0,550.0,9000,0.99369,57.11,51.3,boost,23.62,11.77,2.55,3.99,6.67,0.20,0.21,0.31,6.00,1.79
0.5,400.0,600.0,9000,0.99329,60.83,51.9,boost,24.01,12.69,2.56,6.13,6.77,0.24,0.21,0.32,6.00,1.88
0.5,400.0,650.0,9000,0.99286,64.69,52.6,boost,24.42,13.57,2.58,8.46,6.88,0.27,0.21,0.32,6.00,1.98
0.5,400.0,700.0,9000,0.99243,68.63,53.2,boost,24.81,14.46,2.59,10.86,6.99,0.29,0.21,0.33,6.00,2.08
0.5,400.0,750.0,9000,0.99204,72.23,53.8,boost,25.20,15.37,2.60,12.95,7.08,0.31,0.21,0.33,6.00,2.17
0.5,400.0,800.0,9000,0.99162,76.05,54.4,boost,25.56,16.28,2.61,15.26,7.18,0.33,0.21,0.34,6.00,2.27
0.5,400.0,850.0,9000,0.99122,79.72,55.0,boost,25.91,17.16,2.62,17.50,7.27,0.34,0.21,0.34,6.00,2.36
0.5,400.0,900.0,9000,0.99085,83.12,55.6,boost,26.24,18.05,2.63,19.49,7.35,0.35,0.21,0.35,6.00,2.44
0.5,400.0,950.0,9000,0.99050,86.31,56.1,boost,26.56,18.96,2.64,21.27,7.43,0.36,0.21,0.35,6.00,2.53
0.5,400.0,1000.0,9000,0.99017,89.38,56.7,boost,26.86,19.87,2.65,22.95,7.50,0.37,0.21,0.35,6.00,2.62
0.5,450.0,250.0,5625,0.99042,54.41,51.5,buck,23.61,9.16,2.55,4.16,6.67,0.24,0.21,0.31,6.00,1.48
0.5,450.0,300.0,6750,0.99215,53.38,51.9,buck,23.48,9.31,2.55,3.18,6.63,0.21,0.21,0.31,6.00,1.50
0.5,450.0,350.0,7875,0.99343,52.11,52.4,buck,23.26,9.59,2.54,1.97,6.56,0.16,0.21,0.31,6.00,1.52
0.5,450.0,400.0,9000,0.99439,50.80,52.9,buck,23.04,9.99,2.53,0.58,6.49,0.09,0.21,0.31,6.00,1.56
0.5,450.0,450.0,10125,0.99302,71.13,54.5,band,26.07,21.70,5.39,0.58,7.25,0.09,0.43,0.34,6.00,3.28
0.5,450.0,500.0,10125,0.99486,52.28,52.0,boost,23.00,11.35,2.53,0.58,6.49,0.08,0.21,0.31,6.00,1.72
0.5,450.0,550.0,10125,0.99457,55.27,51.7,boost,23.30,12.21,2.54,2.15,6.57,0.14,0.21,0.31,6.00,1.83
0.5,450.0,600.0,10125,0.99421,58.93,51.7,boost,23.69,13.08,2.55,4.29,6.68,0.20,0.21,0.31,6.00,1.92
0.5,450.0,650.0,10125,0.99384,62.75,52.3,boost,24.12,13.90,2.57,6.58,6.80,0.24,0.21,0.32,6.00,2.00
0.5,450.0,700.0,10125,0.99342,67.11,52.9,boost,24.57,14.72,2.58,9.40,6.92,0.27,0.21,0.33,6.00,2.10
0.5,450.0,750.0,10125,0.99301,71.28,53.5,boost,25.03,15.55,2.59,12.04,7.04,0.30,0.21,0.33,6.00,2.19
0.5,450.0,800.0,10125,0.99261,75.43,54.1,boost,25.47,16.38,2.61,14.66,7.16,0.33,0.21,0.34,6.00,2.28
0.5,450.0,850.0,10125,0.99219,79.71,54.7,boost,25.89,17.17,2.62,17.50,7.27,0.35,0.21,0.34,6.00,2.36
0.5,450.0,900.0,10125,0.99181,83.65,55.3,boost,26.30,17.96,2.63,20.02,7.37,0.36,0.21,0.35,6.00,2.44
0.5,450.0,950.0,10125,0.99145,87.31,55.9,boost,26.69,18.76,2.64,22.27,7.47,0.38,0.21,0.35,6.00,2.52
0.5,450.0,1000.0,10125,0.99107,91.22,56.4,boost,27.07,19.56,2.66,24.81,7.57,0.39,0.21,0.36,6.00,2.60
0.5,500.0,250.0,5625,0.98994,57.15,51.7,buck,23.84,10.24,2.56,5.39,6.73,0.25,0.21,0.32,6.00,1.61
0.5,500.0,300.0,6750,0.99167,56.70,52.1,buck,23.77,10.31,2.56,4.95,6.71,0.24,0.21,0.32,6.00,1.62
0.5,500.0,350.0,7875,0.99302,55.32,52.5,buck,23.58,10.54,2.55,3.62,6.65,0.21,0.21,0.31,6.00,1.64
0.5,500.0,400.0,9000,0.99406,53.74,53.0,buck,23.32,10.90,2.54,2.07,6.57,0.15,0.21,0.31,6.00,1.67
0.5,500.0,450.0,10125,0.99485,52.39,53.4,buck,23.08,11.38,2.53,0.58,6.49,0.08,0.21,0.31,6.00,1.72
0.5,500.0,500.0,11250,0.99341,74.57,55.1,band,26.13,24.74,5.39,0.58,7.25,0.09,0.43,0.34,6.00,3.62
0.5,500.0,550.0,11250,0.99523,53.88,52.1,boost,23.02,12.79,2.53,0.58,6.49,0.07,0.21,0.31,6.00,1.88
0.5,500.0,600.0,11250,0.99497,56.90,51.9,boost,23.33,13.60,2.54,2.22,6.58,0.14,0.21,0.31,6.00,1.96
0.5,500.0,650.0,11250,0.99464,60.68,52.1,boost,23.75,14.37,2.55,4.54,6.69,0.19,0.21,0.32,6.00,2.04
0.5,500.0,700.0,11250,0.99429,64.63,52.7,boost,24.22,15.14,2.57,6.97,6.82,0.24,0.21,0.32,6.00,2.13
0.5,500.0,750.0,11250,0.99387,69.41,53.3,boost,24.72,15.90,2.58,10.21,6.96,0.28,0.21,0.33,6.00,2.21
0.5,500.0,800.0,11250,0.99348,73.79,53.9,boost,25.22,16.65,2.60,13.06,7.09,0.31,0.21,0.33,6.00,2.30
0.5,500.0,850.0,11250,0.99306,78.56,54.5,boost,25.72,17.36,2.62,16.38,7.22,0.34,0.21,0.34,6.00,2.37
0.5,500.0,900.0,11250,0.99267,83.11,55.1,boost,26.20,18.07,2.63,19.49,7.35,0.36,0.21,0.35,6.00,2.44
0.5,500.0,950.0,11250,0.99230,87.30,55.6,boost,26.67,18.76,2.64,22.27,7.47,0.39,0.21,0.35,6.00,2.52
0.5,500.0,1000.0,11250,0.99190,91.83,56.2,boost,27.13,19.46,2.66,25.43,7.59,0.40,0.21,0.36,6.00,2.59
0.5,550.0,250.0,5625,0.98950,59.68,52.0,buck,24.05,11.34,2.57,6.40,6.79,0.25,0.21,0.32,6.00,1.75
0.5,550.0,300.0,6750,0.99123,59.70,52.3,buck,24.06,11.35,2.57,6.40,6.79,0.26,0.21,0.32,6.00,1.75
0.5,550.0,350.0,7875,0.99258,58.86,52.7,buck,23.92,11.51,2.56,5.59,6.74,0.24,0.21,0.32,6.00,1.76
0.5,550.0,400.0,9000,0.99368,57.21,53.1,buck,23.67,11.81,2.55,3.99,6.67,0.20,0.21,0.31,6.00,1.79
0.5,550.0,450.0,10125,0.99456,55.39,53.5,buck,23.38,12.25,2.54,2.15,6.57,0.14,0.21,0.31,6.00,1.83
0.5,550.0,500.0,11250,0.99522,54.03,54.0,buck,23.12,12.83,2.53,0.58,6.49,0.07,0.21,0.31,6.00,1.88
0.5,550.0,550.0,12375,0.99373,78.13,55.7,band,26.19,27.90,5.39,0.58,7.25,0.09,0.43,0.34,6.00,3.96
0.5,550.0,600.0,12375,0.99553,55.52,52.3,boost,23.04,14.26,2.53,0.58,6.49,0.07,0.21,0.31,6.00,2.02
0.5,550.0,650.0,12375,0.99529,58.51,52.0,boost,23.36,14.99,2.54,2.28,6.58,0.13,0.21,0.31,6.00,2.10
0.5,550.0,700.0,12375,0.99498,62.42,52.5,boost,23.81,15.71,2.56,4.76,6.70,0.19,0.21,0.32,6.00,2.17
0.5,550.0,750.0,12375,0.99464,66.64,53.1,boost,24.31,16.41,2.57,7.48,6.84,0.24,0.21,0.32,6.00,2.25
0.5,550.0,800.0,12375,0.99425,71.61,53.7,boost,24.85,17.10,2.59,10.93,6.99,0.28,0.21,0.33,6.00,2.33
0.5,550.0,850.0,12375,0.99387,76.29,54.3,boost,25.40,17.74,2.61,14.14,7.14,0.32,0.21,0.34,6.00,2.40
0.5,550.0,900.0,12375,0.99346,81.50,54.9,boost,25.96,18.37,2.62,17.90,7.28,0.35,0.21,0.34,6.00,2.46
0.5,550.0,950.0,12375,0.99308,86.28,55.4,boost,26.50,18.97,2.64,21.27,7.43,0.38,0.21,0.35,6.00,2.53
0.5,550.0,1000.0,12375,0.99268,91.20,56.0,boost,27.03,19.57,2.66,24.81,7.57,0.40,0.21,0.36,6.00,2.60
0.5,600.0,250.0,5625,0.98907,62.15,52.3,buck,24.24,12.48,2.57,7.36,6.84,0.26,0.21,0.32,6.00,1.86
0.5,600.0,300.0,6750,0.99079,62.77,52.6,buck,24.33,12.41,2.57,7.93,6.86,0.27,0.21,0.32,6.00,1.86
0.5,600.0,350.0,7875,0.99216,62.19,52.9,buck,24.27,12.49,2.57,7.36,6.84,0.27,0.21,0.32,6.00,1.86
0.5,600.0,400.0,9000,0.99328,60.92,53.3,buck,24.06,12.74,2.56,6.13,6.77,0.24,0.21,0.32,6.00,1.88
0.5,600.0,450.0,10125,0.99420,59.05,53.7,buck,23.76,13.13,2.55,4.29,6.68,0.20,0.21,0.31,6.00,1.92
0.5,600.0,500.0,11250,0.99495,57.05,54.1,buck,23.43,13.66,2.54,2.22,6.58,0.14,0.21,0.31,6.00,1.96
0.5,600.0,550.0,12375,0.99552,55.70,54.5,buck,23.16,14.32,2.53,0.58,6.49,0.07,0.21,0.31,6.00,2.02
0.5,600.0,600.0,13500,0.99398,81.74,56.4,band,26.25,31.16,5.39,0.58,7.25,0.09,0.43,0.34,6.00,4.25
0.5,600.0,650.0,13500,0.99578,57.15,52.4,boost,23.06,15.74,2.53,0.58,6.49,0.06,0.21,0.31,6.00,2.16
0.5,600.0,700.0,13500,0.99556,60.15,52.3,boost,23.39,16.42,2.54,2.33,6.58,0.13,0.21,0.31,6.00,2.23
0.5,600.0,750.0,13500,0.99527,64.17,52.9,boost,23.86,17.08,2.56,4.95,6.71,0.18,0.21,0.32,6.00,2.30
0.5,600.0,800.0,13500,0.99494,68.62,53.5,boost,24.40,17.72,2.57,7.93,6.86,0.23,0.21,0.32,6.00,2.37
0.5,600.0,850.0,13500,0.99457,73.69,54.1,boost,24.97,18.29,2.59,11.56,7.02,0.28,0.21,0.33,6.00,2.43
0.5,600.0,900.0,13500,0.99419,78.84,54.7,boost,25.57,18.85,2.61,15.26,7.18,0.32,0.21,0.34,6.00,2.49
0.5,600.0,950.0,13500,0.99380,84.27,55.2,boost,26.17,19.38,2.63,19.27,7.34,0.36,0.21,0.35,6.00,2.56
0.5,600.0,1000.0,13500,0.99343,89.34,55.8,boost,26.77,19.89,2.65,22.95,7.50,0.39,0.21,0.35,6.00,2.62
0.5,650.0,250.0,5625,0.98863,64.71,52.6,buck,24.42,13.61,2.58,8.46,6.88,0.26,0.21,0.32,6.00,1.98
0.5,650.0,300.0,6750,0.99034,65.84,52.9,buck,24.58,13.45,2.58,9.51,6.93,0.28,0.21,0.33,6.00,1.97
0.5,650.0,350.0,7875,0.99171,65.86,53.2,buck,24.59,13.46,2.58,9.51,6.93,0.28,0.21,0.33,6.00,1.97
0.5,650.0,400.0,9000,0.99285,64.79,53.5,buck,24.46,13.63,2.58,8.46,6.88,0.27,0.21,0.32,6.00,1.98
0.5,650.0,450.0,10125,0.99383,62.88,53.9,buck,24.19,13.96,2.57,6.58,6.80,0.24,0.21,0.32,6.00,2.00
0.5,650.0,500.0,11250,0.99462,60.84,54.3,buck,23.85,14.44,2.55,4.54,6.69,0.19,0.21,0.32,6.00,2.04
0.5,650.0,550.0,12375,0.99528,58.70,54.6,buck,23.49,15.06,2.54,2.28,6.58,0.13,0.21,0.31,6.00,2.10
0.5,650.0,600.0,13500,0.99577,57.37,55.1,buck,23.21,15.82,2.53,0.58,6.49,0.06,0.21,0.31,6.00,2.16
0.5,650.0,650.0,13750,0.99423,79.76,56.2,band,23.15,33.30,5.03,0.58,6.41,0.08,0.43,0.30,6.00,4.47
0.5,650.0,700.0,13750,0.99605,54.50,51.9,boost,20.34,16.67,2.37,0.58,5.74,0.06,0.21,0.27,6.00,2.26
0.5,650.0,750.0,13750,0.99584,57.42,52.5,boost,20.68,17.22,2.38,2.38,5.84,0.11,0.21,0.27,6.00,2.32
0.5,650.0,800.0,13750,0.99555,61.43,53.0,boost,21.16,17.75,2.39,5.12,5.97,0.17,0.21,0.28,6.00,2.38
0.5,650.0,850.0,13750,0.99523,65.95,53.5,boost,21.72,18.20,2.41,8.33,6.13,0.22,0.21,0.29,6.00,2.43
0.5,650.0,900.0,13750,0.99486,71.05,54.0,boost,22.33,18.62,2.43,12.11,6.29,0.26,0.21,0.30,6.00,2.49
0.5,650.0,950.0,13750,0.99447,76.51,54.6,boost,22.97,19.00,2.45,16.26,6.47,0.31,0.21,0.30,6.00,2.54
0.5,650.0,1000.0,13750,0.99407,82.02,55.1,boost,23.61,19.34,2.47,20.49,6.64,0.35,0.21,0.31,6.00,2.60
0.5,700.0,250.0,5625,0.98821,67.13,52.9,buck,24.58,14.76,2.58,9.40,6.92,0.26,0.21,0.33,6.00,2.10
0.5,700.0,300.0,6750,0.98993,68.67,53.2,buck,24.81,14.52,2.59,10.86,6.99,0.29,0.21,0.33,6.00,2.08
0.5,700.0,350.0,7875,0.99129,69.21,53.5,buck,24.91,14.44,2.59,11.35,7.01,0.30,0.21,0.33,6.00,2.07
0.5,700.0,400.0,9000,0.99242,68.73,53.8,buck,24.84,14.53,2.59,10.86,6.99,0.29,0.21,0.33,6.00,2.08
0.5,700.0,450.0,10125,0.99340,67.24,54.1,buck,24.64,14.79,2.58,9.40,6.92,0.27,0.21,0.33,6.00,2.10
0.5,700.0,500.0,11250,0.99427,64.79,54.5,buck,24.31,15.21,2.57,6.97,6.82,0.24,0.21,0.32,6.00,2.13
0.5,700.0,550.0,12375,0.99497,62.62,54.8,buck,23.92,15.79,2.56,4.76,6.70,0.19,0.21,0.32,6.00,2.17
0.5,700.0,600.0,13500,0.99555,60.38,55.2,buck,23.54,16.50,2.54,2.33,6.58,0.13,0.21,0.31,6.00,2.23
0.5,700.0,650.0,13750,0.99603,54.74,54.9,buck,20.49,16.75,2.37,0.58,5.74,0.06,0.21,0.27,6.00,2.26
0.5,700.0,700.0,13750,0.99441,77.23,55.9,band,19.91,35.14,4.64,0.58,5.52,0.07,0.43,0.26,6.00,4.66
0.5,700.0,750.0,13750,0.99627,51.50,52.1,boost,17.50,17.44,2.18,0.58,4.96,0.05,0.21,0.23,6.00,2.35
0.5,700.0,800.0,13750,0.99607,54.32,52.5,boost,17.85,17.85,2.19,2.42,5.05,0.10,0.21,0.24,6.00,2.40
0.5,700.0,850.0,13750,0.99578,58.24,53.0,boost,18.34,18.18,2.21,5.26,5.19,0.15,0.21,0.24,6.00,2.44
0.5,700.0,900.0,13750,0.99545,62.81,53.5,boost,18.92,18.46,2.23,8.69,5.35,0.20,0.21,0.25,6.00,2.49
0.5,700.0,950.0,13750,0.99509,67.90,53.9,boost,19.56,18.69,2.25,12.61,5.53,0.25,0.21,0.26,6.00,2.53
0.5,700.0,1000.0,13750,0.99468,73.58,54.4,boost,20.23,18.86,2.27,17.16,5.71,0.29,0.21,0.27,6.00,2.58
0.5,750.0,250.0,5625,0.98781,69.43,53.3,buck,24.72,15.95,2.58,10.21,6.96,0.26,0.21,0.33,6.00,2.21
0.5,750.0,300.0,6750,0.98954,71.33,53.5,buck,25.03,15.61,2.59,12.04,7.04,0.29,0.21,0.33,6.00,2.19
0.5,750.0,350.0,7875,0.99090,72.30,53.8,buck,25.20,15.44,2.60,12.95,7.08,0.31,0.21,0.33,6.00,2.17
0.5,750.0,400.0,9000,0.99203,72.33,54.1,buck,25.21,15.44,2.60,12.95,7.08,0.31,0.21,0.33,6.00,2.17
0.5,750.0,450.0,10125,0.99300,71.41,54.4,buck,25.08,15.63,2.59,12.04,7.04,0.30,0.21,0.33,6.00,2.19
0.5,750.0,500.0,11250,0.99385,69.57,54.7,buck,24.80,15.98,2.58,10.21,6.96,0.28,0.21,0.33,6.00,2.21
0.5,750.0,550.0,12375,0.99463,66.84,55.1,buck,24.42,16.50,2.57,7.48,6.84,0.24,0.21,0.32,6.00,2.25
0.5,750.0,600.0,13500,0.99525,64.40,55.4,buck,24.00,17.17,2.56,4.95,6.71,0.18,0.21,0.32,6.00,2.30
0.5,750.0,650.0,13750,0.99582,57.67,55.1,buck,20.83,17.32,2.38,2.38,5.84,0.11,0.21,0.27,6.00,2.32
0.5,750.0,700.0,13750,0.99625,51.75,54.7,buck,17.65,17.54,2.18,0.58,4.96,0.05,0.21,0.23,6.00,2.35
0.5,750.0,750.0,13750,0.99453,75.62,55.8,band,17.32,37.02,4.31,0.58,4.81,0.06,0.43,0.23,6.00,4.86
0.5,750.0,800.0,13750,0.99643,49.27,52.3,boost,15.23,18.22,2.03,0.58,4.32,0.04,0.21,0.20,6.00,2.44
0.5,750.0,850.0,13750,0.99624,51.92,52.7,boost,15.58,18.45,2.04,2.45,4.42,0.09,0.21,0.21,6.00,2.47
0.5,750.0,900.0,13750,0.99596,55.78,53.1,boost,16.08,18.62,2.05,5.39,4.56,0.14,0.21,0.21,6.00,2.50
0.5,750.0,950.0,13750,0.99563,60.39,53.5,boost,16.68,18.73,2.07,9.01,4.73,0.18,0.21,0.22,6.00,2.54
0.5,750.0,1000.0,13750,0.99526,65.43,53.9,boost,17.34,18.75,2.09,13.06,4.92,0.23,0.21,0.23,6.00,2.58
0.5,800.0,250.0,5625,0.98742,71.64,53.7,buck,24.85,17.16,2.59,10.93,6.99,0.25,0.21,0.33,6.00,2.33
0.5,800.0,300.0,6750,0.98918,73.84,53.9,buck,25.22,16.72,2.60,13.06,7.09,0.29,0.21,0.33,6.00,2.30
0.5,800.0,350.0,7875,0.99050,75.50,54.1,buck,25.47,16.45,2.61,14.66,7.16,0.32,0.21,0.34,6.00,2.28
0.5,800.0,400.0,9000,0.99161,76.14,54.4,buck,25.56,16.37,2.61,15.26,7.18,0.33,0.21,0.34,6.00,2.27
0.5,800.0,450.0,10125,0.99259,75.56,54.7,buck,25.50,16.47,2.61,14.66,7.16,0.33,0.21,0.34,6.00,2.28
0.5,800.0,500.0,11250,0.99347,73.95,55.0,buck,25.29,16.75,2.60,13.06,7.09,0.31,0.21,0.33,6.00,2.30
0.5,800.0,550.0,12375,0.99423,71.81,55.3,buck,24.96,17.20,2.59,10.93,6.99,0.28,0.21,0.33,6.00,2.33
0.5,800.0,600.0,13500,0.99493,68.86,55.6,buck,24.53,17.82,2.57,7.93,6.86,0.23,0.21,0.32,6.00,2.37
0.5,800.0,650.0,13750,0.99553,61.69,55.3,buck,21.31,17.85,2.39,5.12,5.97,0.17,0.21,0.28,6.00,2.38
0.5,800.0,700.0,13750,0.99605,54.58,54.9,buck,18.00,17.96,2.19,2.42,5.05,0.10,0.21,0.24,6.00,2.40
0.5,800.0,750.0,13750,0.99641,49.54,54.6,buck,15.38,18.34,2.03,0.58,4.32,0.04,0.21,0.20,6.00,2.44
0.5,800.0,800.0,13750,0.99460,74.70,55.8,band,15.20,38.92,4.01,0.58,4.23,0.06,0.43,0.20,6.00,5.06
0.5,800.0,850.0,13750,0.99655,47.57,52.5,boost,13.37,18.97,1.89,0.58,3.80,0.03,0.21,0.18,6.00,2.51
0.5,800.0,900.0,13750,0.99637,50.09,52.9,boost,13.73,19.06,1.90,2.48,3.91,0.08,0.21,0.18,6.00,2.54
0.5,800.0,950.0,13750,0.99610,53.89,53.2,boost,14.25,19.06,1.92,5.51,4.05,0.13,0.21,0.19,6.00,2.57
0.5,800.0,1000.0,13750,0.99576,58.50,53.6,boost,14.87,18.98,1.94,9.30,4.22,0.17,0.21,0.20,6.00,2.60
0.5,850.0,250.0,5625,0.98706,73.73,54.1,buck,24.98,18.36,2.59,11.56,7.02,0.25,0.21,0.33,6.00,2.43
0.5,850.0,300.0,6750,0.98882,76.34,54.3,buck,25.41,17.82,2.61,14.14,7.14,0.29,0.21,0.34,6.00,2.40
0.5,850.0,350.0,7875,0.99011,78.63,54.5,buck,25.72,17.45,2.62,16.38,7.22,0.32,0.21,0.34,6.00,2.37
0.5,850.0,400.0,9000,0.99121,79.80,54.7,buck,25.90,17.26,2.62,17.50,7.27,0.34,0.21,0.34,6.00,2.36
0.5,850.0,450.0,10125,0.99218,79.83,55.0,buck,25.91,17.27,2.62,17.50,7.27,0.35,0.21,0.34,6.00,2.36
0.5,850.0,500.0,11250,0.99305,78.72,55.3,buck,25.78,17.47,2.62,16.38,7.22,0.34,0.21,0.34,6.00,2.37
0.5,850.0,550.0,12375,0.99386,76.49,55.6,buck,25.50,17.85,2.61,14.14,7.14,0.32,0.21,0.34,6.00,2.40
0.5,850.0,600.0,13500,0.99455,73.93,55.9,buck,25.10,18.41,2.59,11.56,7.02,0.28,0.21,0.33,6.00,2.43
0.5,850.0,650.0,13750,0.99521,66.21,55.5,buck,21.87,18.32,2.41,8.33,6.13,0.22,0.21,0.29,6.00,2.43
0.5,850.0,700.0,13750,0.99576,58.50,55.1,buck,18.49,18.30,2.21,5.26,5.19,0.15,0.21,0.24,6.00,2.44
0.5,850.0,750.0,13750,0.99622,52.19,54.7,buck,15.73,18.57,2.04,2.45,4.42,0.09,0.21,0.21,6.00,2.47
0.5,850.0,800.0,13750,0.99653,47.84,54.5,buck,13.52,19.10,1.89,0.58,3.80,0.03,0.21,0.18,6.00,2.51
0.5,850.0,850.0,13750,0.99463,74.20,55.8,band,13.46,40.76,3.76,0.58,3.75,0.05,0.43,0.18,6.00,5.24
0.5,850.0,900.0,13750,0.99461,74.56,55.9,band,13.58,40.92,3.76,0.58,3.78,0.08,0.43,0.18,6.00,5.26
0.5,850.0,950.0,13750,0.99647,48.71,53.1,boost,12.21,19.67,1.78,2.51,3.48,0.07,0.21,0.16,6.00,2.61
0.5,850.0,1000.0,13750,0.99620,52.43,53.4,boost,12.74,19.51,1.80,5.61,3.63,0.12,0.21,0.17,6.00,2.64
0.5,900.0,250.0,5625,0.98671,75.76,54.5,buck,25.09,19.59,2.60,12.11,7.04,0.25,0.21,0.33,6.00,2.54
0.5,900.0,300.0,6750,0.98845,78.90,54.7,buck,25.57,18.93,2.61,15.26,7.18,0.29,0.21,0.34,6.00,2.49
0.5,900.0,350.0,7875,0.98975,81.57,54.9,buck,25.96,18.46,2.62,17.90,7.28,0.33,0.21,0.34,6.00,2.46
0.5,900.0,400.0,9000,0.99084,83.20,55.1,buck,26.21,18.17,2.63,19.49,7.35,0.35,0.21,0.35,6.00,2.44
0.5,900.0,450.0,10125,0.99179,83.77,55.3,buck,26.31,18.08,2.63,20.02,7.37,0.36,0.21,0.35,6.00,2.44
0.5,900.0,500.0,11250,0.99265,83.27,55.6,buck,26.25,18.18,2.63,19.49,7.35,0.36,0.21,0.35,6.00,2.44
0.5,900.0,550.0,12375,0.99344,81.70,55.9,buck,26.03,18.48,2.62,17.90,7.28,0.35,0.21,0.34,6.00,2.46
0.5,900.0,600.0,13500,0.99418,79.08,56.2,buck,25.69,18.97,2.61,15.26,7.18,0.32,0.21,0.34,6.00,2.49
0.5,900.0,650.0,13750,0.99484,71.31,55.8,buck,22.47,18.74,2.43,12.11,6.29,0.26,0.21,0.30,6.00,2.49
0.5,900.0,700.0,13750,0.99543,63.08,55.3,buck,19.07,18.59,2.23,8.69,5.35,0.20,0.21,0.25,6.00,2.49
0.5,900.0,750.0,13750,0.99594,56.06,55.0,buck,16.23,18.75,2.05,5.39,4.56,0.14,0.21,0.21,6.00,2.50
0.5,900.0,800.0,13750,0.99635,50.38,54.7,buck,13.88,19.19,1.90,2.48,3.91,0.08,0.21,0.18,6.00,2.54
0.5,900.0,850.0,13750,0.99461,74.56,56.0,band,13.57,40.93,3.76,0.58,3.78,0.08,0.43,0.18,6.00,5.26
0.5,900.0,900.0,13750,0.99464,74.13,56.0,band,12.00,42.63,3.54,0.58,3.34,0.04,0.43,0.16,6.00,5.41
0.5,900.0,950.0,13750,0.99462,74.36,56.0,band,12.12,42.66,3.54,0.58,3.38,0.07,0.43,0.16,6.00,5.43
0.5,900.0,1000.0,13750,0.99654,47.68,53.3,boost,10.94,20.29,1.68,2.53,3.12,0.07,0.21,0.15,6.00,2.69
0.5,950.0,250.0,5625,0.98637,77.74,55.0,buck,25.19,20.84,2.60,12.61,7.07,0.25,0.21,0.33,6.00,2.64
0.5,950.0,300.0,6750,0.98809,81.34,55.1,buck,25.73,20.07,2.62,16.26,7.22,0.29,0.21,0.34,6.00,2.59
0.5,950.0,350.0,7875,0.98940,84.34,55.2,buck,26.18,19.48,2.63,19.27,7.34,0.33,0.21,0.35,6.00,2.56
0.5,950.0,400.0,9000,0.99049,86.38,55.4,buck,26.50,19.08,2.64,21.27,7.43,0.36,0.21,0.35,6.00,2.53
0.5,950.0,450.0,10125,0.99144,87.41,55.6,buck,26.68,18.88,2.64,22.27,7.47,0.38,0.21,0.35,6.00,2.52
0.5,950.0,500.0,11250,0.99229,87.45,55.9,buck,26.70,18.89,2.64,22.27,7.47,0.39,0.21,0.35,6.00,2.52
0.5,950.0,550.0,12375,0.99306,86.47,56.1,buck,26.56,19.10,2.64,21.27,7.43,0.38,0.21,0.35,6.00,2.53
0.5,950.0,600.0,13500,0.99378,84.50,56.4,buck,26.28,19.52,2.63,19.27,7.34,0.36,0.21,0.35,6.00,2.56
0.5,950.0,650.0,13750,0.99445,76.77,56.0,buck,23.09,19.13,2.45,16.26,6.47,0.31,0.21,0.30,6.00,2.54
0.5,950.0,700.0,13750,0.99507,68.17,55.5,buck,19.70,18.82,2.25,12.61,5.53,0.25,0.21,0.26,6.00,2.53
0.5,950.0,750.0,13750,0.99561,60.67,55.2,buck,16.83,18.86,2.07,9.01,4.73,0.18,0.21,0.22,6.00,2.54
0.5,950.0,800.0,13750,0.99608,54.18,54.9,buck,14.39,19.20,1.92,5.51,4.05,0.13,0.21,0.19,6.00,2.57
0.5,950.0,850.0,13750,0.99645,49.00,54.7,buck,12.35,19.82,1.78,2.51,3.48,0.07,0.21,0.16,6.00,2.61
0.5,950.0,900.0,13750,0.99462,74.36,56.1,band,12.11,42.66,3.54,0.58,3.38,0.07,0.43,0.16,6.00,5.43
0.5,950.0,950.0,13750,0.99462,74.41,56.2,band,10.77,44.53,3.34,0.58,3.00,0.04,0.43,0.14,6.00,5.59
0.5,950.0,1000.0,13750,0.99461,74.50,56.2,band,10.89,44.42,3.34,0.58,3.03,0.06,0.43,0.14,6.00,5.60
0.5,1000.0,250.0,5625,0.98603,79.69,55.4,buck,25.29,22.11,2.60,13.06,7.09,0.24,0.21,0.33,6.00,2.75
0.5,1000.0,300.0,6750,0.98775,83.68,55.5,buck,25.87,21.23,2.62,17.16,7.25,0.29,0.21,0.34,6.00,2.69
0.5,1000.0,350.0,7875,0.98908,86.98,55.6,buck,26.38,20.53,2.64,20.49,7.39,0.33,0.21,0.35,6.00,2.65
0.5,1000.0,400.0,9000,0.99016,89.43,55.8,buck,26.77,20.01,2.65,22.95,7.50,0.37,0.21,0.35,6.00,2.62
0.5,1000.0,450.0,10125,0.99106,91.32,56.0,buck,27.03,19.69,2.66,24.81,7.57,0.39,0.21,0.36,6.00,2.60
0.5,1000.0,500.0,11250,0.99189,91.97,56.2,buck,27.13,19.59,2.66,25.43,7.59,0.40,0.21,0.36,6.00,2.59
0.5,1000.0,550.0,12375,0.99267,91.38,56.4,buck,27.07,19.70,2.66,24.81,7.57,0.40,0.21,0.36,6.00,2.60
0.5,1000.0,600.0,13500,0.99341,89.57,56.7,buck,26.86,20.03,2.65,22.95,7.50,0.39,0.21,0.35,6.00,2.62
0.5,1000.0,650.0,13750,0.99405,82.28,56.3,buck,23.73,19.48,2.47,20.49,6.64,0.35,0.21,0.31,6.00,2.60
0.5,1000.0,700.0,13750,0.99466,73.85,55.8,buck,20.36,18.99,2.27,17.16,5.71,0.29,0.21,0.27,6.00,2.58
0.5,1000.0,750.0,13750,0.99524,65.71,55.4,buck,17.49,18.89,2.09,13.06,4.92,0.23,0.21,0.23,6.00,2.58
0.5,1000.0,800.0,13750,0.99574,58.78,55.1,buck,15.01,19.12,1.94,9.30,4.22,0.17,0.21,0.20,6.00,2.60
0.5,1000.0,850.0,13750,0.99618,52.72,54.9,buck,12.88,19.66,1.80,5.61,3.63,0.12,0.21,0.17,6.00,2.64
0.5,1000.0,900.0,13750,0.99652,47.98,54.8,buck,11.08,20.45,1.68,2.53,3.12,0.07,0.21,0.15,6.00,2.69
0.5,1000.0,950.0,13750,0.99461,74.50,56.3,band,10.88,44.43,3.34,0.58,3.03,0.06,0.43,0.14,6.00,5.60
0.5,1000.0,1000.0,13750,0.99458,74.97,56.4,band,9.72,46.44,3.16,0.58,2.71,0.04,0.43,0.13,6.00,5.77
0.25,250.0,250.0,2812,0.99053,26.90,47.9,band,6.32,7.53,2.55,0.58,1.81,0.02,0.43,0.09,6.00,1.56
0.25,250.0,300.0,2812,0.99273,20.59,47.2,boost,5.71,4.24,1.20,0.58,1.64,0.03,0.21,0.08,6.00,0.88
0.25,250.0,350.0,2812,0.99201,22.67,47.4,boost,5.92,4.82,1.21,1.68,1.70,0.06,0.21,0.08,6.00,0.98
0.25,250.0,400.0,2812,0.99129,24.71,47.8,boost,6.15,5.40,1.22,2.70,1.77,0.08,0.21,0.08,6.00,1.09
0.25,250.0,450.0,2812,0.99045,27.13,48.2,boost,6.37,5.93,1.23,4.16,1.83,0.09,0.21,0.09,6.00,1.20
0.25,250.0,500.0,2812,0.98969,29.29,48.6,boost,6.58,6.47,1.23,5.39,1.89,0.10,0.21,0.09,6.00,1.32
0.25,250.0,550.0,2812,0.98895,31.43,48.9,boost,6.77,7.23,1.24,6.40,1.94,0.11,0.21,0.09,6.00,1.43
0.25,250.0,600.0,2812,0.98821,33.55,49.3,boost,6.94,8.05,1.24,7.36,1.99,0.11,0.21,0.09,6.00,1.54
0.25,250.0,650.0,2812,0.98743,35.81,49.7,boost,7.10,8.88,1.25,8.46,2.04,0.12,0.21,0.10,6.00,1.65
0.25,250.0,700.0,2812,0.98670,37.91,50.1,boost,7.24,9.74,1.25,9.40,2.07,0.12,0.21,0.10,6.00,1.77
0.25,250.0,750.0,2812,0.98602,39.89,50.4,boost,7.37,10.61,1.26,10.21,2.11,0.12,0.21,0.10,6.00,1.88
0.25,250.0,800.0,2812,0.98537,41.77,50.8,boost,7.49,11.51,1.26,10.93,2.14,0.13,0.21,0.10,6.00,2.00
0.25,250.0,850.0,2812,0.98560,41.10,51.1,boost,7.60,12.05,1.28,11.56,2.17,0.13,0.21,0.10,6.00,0.01
0.25,250.0,900.0,2812,0.98536,41.80,51.1,boost,7.69,12.05,1.29,12.11,2.20,0.13,0.21,0.10,6.00,0.01
0.25,250.0,950.0,2812,0.98512,42.47,51.2,boost,7.77,12.09,1.31,12.61,2.22,0.13,0.21,0.10,6.00,0.01
0.25,250.0,1000.0,2812,0.98490,43.11,51.2,boost,7.85,12.16,1.33,13.06,2.24,0.13,0.21,0.11,6.00,0.01
0.25,300.0,250.0,2812,0.99273,20.60,47.7,buck,5.71,4.25,1.20,0.58,1.64,0.03,0.21,0.08,6.00,0.88
0.25,300.0,300.0,3375,0.99146,29.08,48.3,band,6.32,9.41,2.55,0.58,1.81,0.02,0.43,0.09,6.00,1.86
0.25,300.0,350.0,3375,0.99363,21.62,47.3,boost,5.72,5.13,1.20,0.58,1.65,0.03,0.21,0.08,6.00,1.02
0.25,300.0,400.0,3375,0.99298,23.85,47.7,boost,5.95,5.66,1.21,1.84,1.71,0.06,0.21,0.08,6.00,1.12
0.25,300.0,450.0,3375,0.99231,26.15,48.1,boost,6.23,6.13,1.22,3.18,1.79,0.08,0.21,0.08,6.00,1.22
0.25,300.0,500.0,3375,0.99152,28.86,48.5,boost,6.50,6.58,1.23,4.95,1.87,0.10,0.21,0.09,6.00,1.32
0.25,300.0,550.0,3375,0.99077,31.43,48.8,boost,6.77,7.23,1.24,6.40,1.94,0.11,0.21,0.09,6.00,1.43
0.25,300.0,600.0,3375,0.98997,34.19,49.2,boost,7.02,8.01,1.25,7.93,2.01,0.12,0.21,0.09,6.00,1.54
0.25,300.0,650.0,3375,0.98916,36.99,49.6,boost,7.25,8.80,1.25,9.51,2.08,0.13,0.21,0.10,6.00,1.65
0.25,300.0,700.0,3375,0.98842,39.56,50.0,boost,7.46,9.61,1.26,10.86,2.14,0.14,0.21,0.10,6.00,1.77
0.25,300.0,750.0,3375,0.98848,39.33,50.0,boost,7.65,9.68,1.29,12.04,2.19,0.15,0.21,0.10,6.00,0.01
0.25,300.0,800.0,3375,0.98827,40.05,49.9,boost,7.82,9.11,1.33,13.06,2.24,0.15,0.21,0.11,6.00,0.01
0.25,300.0,850.0,3375,0.98805,40.84,49.8,boost,7.98,8.58,1.37,14.14,2.29,0.16,0.21,0.11,6.00,0.01
0.25,300.0,900.0,3375,0.98779,41.72,49.6,boost,8.12,8.12,1.40,15.26,2.33,0.16,0.21,0.11,6.00,0.01
0.25,300.0,950.0,3375,0.98755,42.54,49.5,boost,8.26,7.72,1.43,16.26,2.37,0.16,0.21,0.11,6.00,0.01
0.25,300.0,1000.0,3375,0.98734,43.28,49.4,boost,8.38,7.36,1.47,17.16,2.40,0.17,0.21,0.11,6.00,0.01
0.25,350.0,250.0,2812,0.99200,22.68,47.9,buck,5.92,4.83,1.21,1.68,1.70,0.06,0.21,0.08,6.00,0.98
0.25,350.0,300.0,3375,0.99363,21.63,48.0,buck,5.72,5.14,1.20,0.58,1.65,0.03,0.21,0.08,6.00,1.02
0.25,350.0,350.0,3938,0.99209,31.37,48.6,band,6.33,11.40,2.55,0.58,1.81,0.02,0.43,0.09,6.00,2.15
0.25,350.0,400.0,3938,0.99427,22.70,47.6,boost,5.72,6.06,1.20,0.58,1.65,0.03,0.21,0.08,6.00,1.16
0.25,350.0,450.0,3938,0.99370,24.97,48.0,boost,5.98,6.49,1.21,1.97,1.72,0.06,0.21,0.08,6.00,1.25
0.25,350.0,500.0,3938,0.99305,27.56,48.4,boost,6.29,6.88,1.22,3.62,1.81,0.08,0.21,0.09,6.00,1.35
0.25,350.0,550.0,3938,0.99231,30.51,48.7,boost,6.62,7.31,1.23,5.59,1.90,0.10,0.21,0.09,6.00,1.44
0.25,350.0,600.0,3938,0.99155,33.55,49.1,boost,6.94,8.05,1.24,7.36,1.99,0.12,0.21,0.09,6.00,1.54
0.25,350.0,650.0,3938,0.99069,36.99,49.5,boost,7.24,8.80,1.25,9.51,2.08,0.14,0.21,0.10,6.00,1.65
0.25,350.0,700.0,3938,0.99032,38.50,49.9,boost,7.53,9.71,1.27,11.35,2.16,0.15,0.21,0.10,6.00,0.01
0.25,350.0,750.0,3938,0.99012,39.30,49.5,boost,7.80,8.50,1.32,12.95,2.24,0.16,0.21,0.11,6.00,0.01
0.25,350.0,800.0,3938,0.98986,40.35,49.2,boost,8.04,7.46,1.38,14.66,2.31,0.17,0.21,0.11,6.00,0.01
0.25,350.0,850.0,3938,0.98958,41.47,48.9,boost,8.26,6.50,1.44,16.38,2.37,0.18,0.21,0.11,6.00,0.01
0.25,350.0,900.0,3938,0.98933,42.47,48.7,boost,8.47,5.64,1.50,17.90,2.43,0.18,0.21,0.11,6.00,0.01
0.25,350.0,950.0,3938,0.98910,43.39,48.5,boost,8.66,4.89,1.55,19.27,2.49,0.19,0.21,0.12,6.00,0.01
0.25,350.0,1000.0,3938,0.98889,44.25,48.3,boost,8.84,4.22,1.61,20.49,2.54,0.20,0.21,0.12,6.00,0.02
0.25,400.0,250.0,2812,0.99129,24.72,48.1,buck,6.15,5.41,1.22,2.70,1.77,0.08,0.21,0.08,6.00,1.09
0.25,400.0,300.0,3375,0.99298,23.87,48.2,buck,5.96,5.67,1.21,1.84,1.71,0.06,0.21,0.08,6.00,1.12
0.25,400.0,350.0,3938,0.99426,22.72,48.4,buck,5.73,6.07,1.20,0.58,1.65,0.03,0.21,0.08,6.00,1.16
0.25,400.0,400.0,4500,0.99255,33.77,49.1,band,6.34,13.50,2.55,0.58,1.81,0.02,0.43,0.09,6.00,2.45
0.25,400.0,450.0,4500,0.99475,23.77,48.0,boost,5.73,6.99,1.20,0.58,1.65,0.03,0.21,0.08,6.00,1.30
0.25,400.0,500.0,4500,0.99423,26.10,48.3,boost,6.00,7.35,1.21,2.07,1.73,0.06,0.21,0.08,6.00,1.38
0.25,400.0,550.0,4500,0.99362,28.91,48.7,boost,6.35,7.67,1.23,3.99,1.83,0.08,0.21,0.09,6.00,1.47
0.25,400.0,600.0,4500,0.99291,32.15,49.0,boost,6.72,8.17,1.24,6.13,1.93,0.11,0.21,0.09,6.00,1.55
0.25,400.0,650.0,4500,0.99211,35.81,49.4,boost,7.09,8.88,1.25,8.46,2.04,0.13,0.21,0.10,6.00,1.65
0.25,400.0,700.0,4500,0.99129,39.56,49.8,boost,7.45,9.61,1.26,10.86,2.14,0.15,0.21,0.10,6.00,1.77
0.25,400.0,750.0,4500,0.99134,39.30,49.5,boost,7.79,8.50,1.32,12.95,2.24,0.17,0.21,0.11,6.00,0.01
0.25,400.0,800.0,4500,0.99107,40.55,49.0,boost,8.11,6.93,1.40,15.26,2.33,0.18,0.21,0.11,6.00,0.01
0.25,400.0,850.0,4500,0.99078,41.86,48.5,boost,8.41,5.51,1.48,17.50,2.41,0.19,0.21,0.11,6.00,0.01
0.25,400.0,900.0,4500,0.99051,43.11,48.2,boost,8.69,4.32,1.56,19.49,2.50,0.20,0.21,0.12,6.00,0.02
0.25,400.0,950.0,4500,0.99026,44.26,47.8,boost,8.95,3.26,1.64,21.27,2.57,0.21,0.21,0.12,6.00,0.02
0.25,400.0,1000.0,4500,0.99000,45.47,47.6,boost,9.19,2.39,1.72,22.95,2.64,0.22,0.21,0.12,6.00,0.02
0.25,450.0,250.0,2812,0.99044,27.14,48.3,buck,6.38,5.94,1.23,4.16,1.83,0.09,0.21,0.09,6.00,1.20
0.25,450.0,300.0,3375,0.99231,26.17,48.4,buck,6.23,6.14,1.22,3.18,1.79,0.08,0.21,0.08,6.00,1.22
0.25,450.0,350.0,3938,0.99369,25.00,48.6,buck,5.99,6.50,1.21,1.97,1.72,0.06,0.21,0.08,6.00,1.25
0.25,450.0,400.0,4500,0.99474,23.80,48.7,buck,5.74,7.00,1.20,0.58,1.65,0.03,0.21,0.08,6.00,1.30
0.25,450.0,450.0,5062,0.99291,36.16,49.5,band,6.34,15.59,2.55,0.58,1.81,0.02,0.43,0.09,6.00,2.75
0.25,450.0,500.0,5062,0.99511,24.87,48.3,boost,5.73,7.95,1.20,0.58,1.65,0.03,0.21,0.08,6.00,1.44
0.25,450.0,550.0,5062,0.99465,27.24,48.7,boost,6.02,8.25,1.21,2.15,1.73,0.06,0.21,0.08,6.00,1.52
0.25,450.0,600.0,5062,0.99407,30.20,49.0,boost,6.40,8.48,1.23,4.29,1.84,0.08,0.21,0.09,6.00,1.59
0.25,450.0,650.0,5062,0.99338,33.71,49.3,boost,6.81,9.05,1.24,6.58,1.96,0.11,0.21,0.09,6.00,1.66
0.25,450.0,700.0,5062,0.99257,37.91,49.7,boost,7.23,9.74,1.25,9.40,2.07,0.14,0.21,0.10,6.00,1.77
0.25,450.0,750.0,5062,0.99229,39.33,49.8,boost,7.64,9.68,1.29,12.04,2.19,0.16,0.21,0.10,6.00,0.01
0.25,450.0,800.0,5062,0.99209,40.36,49.1,boost,8.03,7.46,1.38,14.66,2.31,0.18,0.21,0.11,6.00,0.01
0.25,450.0,850.0,5062,0.99180,41.86,48.4,boost,8.41,5.51,1.48,17.50,2.41,0.20,0.21,0.11,6.00,0.01
0.25,450.0,900.0,5062,0.99151,43.35,47.9,boost,8.76,3.90,1.59,20.02,2.52,0.21,0.21,0.12,6.00,0.02
0.25,450.0,950.0,5062,0.99123,44.81,47.5,boost,9.10,2.54,1.69,22.27,2.62,0.23,0.21,0.12,6.00,0.02
0.25,450.0,1000.0,5062,0.99083,46.85,47.4,boost,9.42,1.52,1.80,24.81,2.71,0.24,0.21,0.13,6.00,0.02
0.25,500.0,250.0,2812,0.98969,29.30,48.6,buck,6.58,6.48,1.23,5.39,1.89,0.10,0.21,0.09,6.00,1.32
0.25,500.0,300.0,3375,0.99152,28.88,48.7,buck,6.51,6.59,1.23,4.95,1.87,0.10,0.21,0.09,6.00,1.32
0.25,500.0,350.0,3938,0.99304,27.59,48.8,buck,6.30,6.90,1.22,3.62,1.81,0.08,0.21,0.09,6.00,1.35
0.25,500.0,400.0,4500,0.99423,26.14,48.9,buck,6.02,7.37,1.21,2.07,1.73,0.06,0.21,0.08,6.00,1.38
0.25,500.0,450.0,5062,0.99510,24.91,49.1,buck,5.75,7.97,1.20,0.58,1.65,0.03,0.21,0.08,6.00,1.44
0.25,500.0,500.0,5625,0.99318,38.65,49.9,band,6.35,17.76,2.55,0.58,1.81,0.02,0.43,0.09,6.00,3.04
0.25,500.0,550.0,5625,0.99540,26.02,48.7,boost,5.74,8.95,1.20,0.58,1.65,0.02,0.21,0.08,6.00,1.58
0.25,500.0,600.0,5625,0.99498,28.38,49.0,boost,6.04,9.18,1.22,2.22,1.74,0.05,0.21,0.08,6.00,1.64
0.25,500.0,650.0,5625,0.99444,31.45,49.3,boost,6.44,9.31,1.23,4.54,1.85,0.09,0.21,0.09,6.00,1.70
0.25,500.0,700.0,5625,0.99378,35.23,49.7,boost,6.89,9.96,1.24,6.97,1.98,0.12,0.21,0.09,6.00,1.76
0.25,500.0,750.0,5625,0.99296,39.89,50.0,boost,7.35,10.61,1.26,10.21,2.11,0.14,0.21,0.10,6.00,1.88
0.25,500.0,800.0,5625,0.99293,40.06,49.6,boost,7.81,9.11,1.33,13.06,2.24,0.17,0.21,0.11,6.00,0.01
0.25,500.0,850.0,5625,0.99268,41.48,48.7,boost,8.26,6.50,1.44,16.38,2.37,0.19,0.21,0.11,6.00,0.01
0.25,500.0,900.0,5625,0.99239,43.12,48.0,boost,8.69,4.32,1.56,19.49,2.50,0.22,0.21,0.12,6.00,0.02
0.25,500.0,950.0,5625,0.99210,44.81,47.4,boost,9.10,2.54,1.69,22.27,2.62,0.24,0.21,0.12,6.00,0.02
0.25,500.0,1000.0,5625,0.99165,47.36,47.4,boost,9.49,1.27,1.82,25.43,2.73,0.25,0.21,0.13,6.00,0.02
0.25,550.0,250.0,2812,0.98895,31.43,48.8,buck,6.77,7.23,1.24,6.40,1.94,0.11,0.21,0.09,6.00,1.43
0.25,550.0,300.0,3375,0.99077,31.43,48.9,buck,6.77,7.23,1.24,6.40,1.94,0.11,0.21,0.09,6.00,1.43
0.25,550.0,350.0,3938,0.99231,30.52,49.0,buck,6.63,7.31,1.23,5.59,1.90,0.10,0.21,0.09,6.00,1.44
0.25,550.0,400.0,4500,0.99361,28.95,49.2,buck,6.36,7.69,1.23,3.99,1.83,0.08,0.21,0.09,6.00,1.47
0.25,550.0,450.0,5062,0.99464,27.28,49.3,buck,6.04,8.27,1.21,2.15,1.73,0.06,0.21,0.08,6.00,1.52
0.25,550.0,500.0,5625,0.99539,26.07,49.5,buck,5.76,8.98,1.20,0.58,1.65,0.02,0.21,0.08,6.00,1.58
0.25,550.0,550.0,6188,0.99338,41.21,50.4,band,6.36,20.03,2.55,0.58,1.81,0.02,0.43,0.09,6.00,3.34
0.25,550.0,600.0,6188,0.99563,27.18,49.1,boost,5.74,9.98,1.20,0.58,1.65,0.02,0.21,0.08,6.00,1.70
0.25,550.0,650.0,6188,0.99526,29.49,49.4,boost,6.06,10.09,1.22,2.28,1.74,0.05,0.21,0.08,6.00,1.75
0.25,550.0,700.0,6188,0.99473,32.80,49.7,boost,6.48,10.27,1.23,4.76,1.86,0.09,0.21,0.09,6.00,1.81
0.25,550.0,750.0,6188,0.99408,36.87,50.0,boost,6.96,10.89,1.25,7.48,2.00,0.12,0.21,0.09,6.00,1.88
0.25,550.0,800.0,6188,0.99330,41.77,50.3,boost,7.47,11.51,1.26,10.93,2.14,0.15,0.21,0.10,6.00,2.00
0.25,550.0,850.0,6188,0.99344,40.85,49.4,boost,7.97,8.58,1.37,14.14,2.29,0.18,0.21,0.11,6.00,0.01
0.25,550.0,900.0,6188,0.99318,42.48,48.4,boost,8.46,5.64,1.50,17.90,2.43,0.21,0.21,0.11,6.00,0.01
0.25,550.0,950.0,6188,0.99289,44.28,47.6,boost,8.95,3.26,1.64,21.27,2.57,0.23,0.21,0.12,6.00,0.02
0.25,550.0,1000.0,6188,0.99248,46.87,47.4,boost,9.42,1.52,1.80,24.81,2.71,0.26,0.21,0.13,6.00,0.02
0.25,600.0,250.0,2812,0.98821,33.54,49.1,buck,6.94,8.05,1.24,7.36,1.99,0.11,0.21,0.09,6.00,1.54
0.25,600.0,300.0,3375,0.98997,34.19,49.2,buck,7.02,8.01,1.25,7.93,2.01,0.12,0.21,0.09,6.00,1.54
0.25,600.0,350.0,3938,0.99155,33.56,49.3,buck,6.94,8.05,1.24,7.36,1.99,0.12,0.21,0.09,6.00,1.54
0.25,600.0,400.0,4500,0.99290,32.16,49.4,buck,6.73,8.17,1.24,6.13,1.93,0.11,0.21,0.09,6.00,1.55
0.25,600.0,450.0,5062,0.99406,30.25,49.5,buck,6.41,8.51,1.23,4.29,1.84,0.08,0.21,0.09,6.00,1.59
0.25,600.0,500.0,5625,0.99497,28.43,49.7,buck,6.06,9.21,1.22,2.22,1.74,0.05,0.21,0.08,6.00,1.64
0.25,600.0,550.0,6188,0.99562,27.24,49.9,buck,5.76,10.02,1.20,0.58,1.65,0.02,0.21,0.08,6.00,1.70
0.25,600.0,600.0,6750,0.99355,43.83,50.8,band,6.37,22.37,2.55,0.58,1.81,0.02,0.43,0.09,6.00,3.60
0.25,600.0,650.0,6750,0.99582,28.33,49.4,boost,5.74,11.01,1.21,0.58,1.65,0.02,0.21,0.08,6.00,1.83
0.25,600.0,700.0,6750,0.99548,30.62,49.7,boost,6.07,11.04,1.22,2.33,1.74,0.05,0.21,0.08,6.00,1.87
0.25,600.0,750.0,6750,0.99497,34.13,50.0,boost,6.51,11.25,1.23,4.95,1.87,0.09,0.21,0.09,6.00,1.92
0.25,600.0,800.0,6750,0.99433,38.48,50.4,boost,7.02,11.84,1.25,7.93,2.01,0.12,0.21,0.09,6.00,1.99
0.25,600.0,850.0,6750,0.99395,41.10,50.5,boost,7.57,12.05,1.28,11.56,2.17,0.16,0.21,0.10,6.00,0.01
0.25,600.0,900.0,6750,0.99385,41.74,49.2,boost,8.11,8.12,1.40,15.26,2.33,0.19,0.21,0.11,6.00,0.01
0.25,600.0,950.0,6750,0.99361,43.41,48.1,boost,8.65,4.89,1.55,19.27,2.49,0.22,0.21,0.12,6.00,0.01
0.25,600.0,1000.0,6750,0.99330,45.50,47.4,boost,9.19,2.39,1.72,22.95,2.64,0.25,0.21,0.12,6.00,0.02
0.25,650.0,250.0,2812,0.98743,35.80,49.4,buck,7.09,8.88,1.25,8.46,2.04,0.12,0.21,0.10,6.00,1.65
0.25,650.0,300.0,3375,0.98916,36.99,49.5,buck,7.24,8.80,1.25,9.51,2.08,0.13,0.21,0.10,6.00,1.65
0.25,650.0,350.0,3938,0.99069,36.99,49.6,buck,7.25,8.80,1.25,9.51,2.08,0.14,0.21,0.10,6.00,1.65
0.25,650.0,400.0,4500,0.99210,35.82,49.7,buck,7.10,8.88,1.25,8.46,2.04,0.13,0.21,0.10,6.00,1.65
0.25,650.0,450.0,5062,0.99338,33.73,49.8,buck,6.82,9.05,1.24,6.58,1.96,0.11,0.21,0.09,6.00,1.66
0.25,650.0,500.0,5625,0.99444,31.48,49.9,buck,6.46,9.31,1.23,4.54,1.85,0.09,0.21,0.09,6.00,1.70
0.25,650.0,550.0,6188,0.99525,29.56,50.1,buck,6.08,10.13,1.22,2.28,1.74,0.05,0.21,0.08,6.00,1.75
0.25,650.0,600.0,6750,0.99581,28.41,50.3,buck,5.77,11.06,1.21,0.58,1.65,0.02,0.21,0.08,6.00,1.83
0.25,650.0,650.0,6875,0.99355,44.64,51.1,band,5.63,24.08,2.39,0.58,1.60,0.02,0.43,0.08,6.00,3.82
0.25,650.0,700.0,6875,0.99591,28.23,49.7,boost,5.09,11.73,1.13,0.58,1.46,0.02,0.21,0.07,6.00,1.93
0.25,650.0,750.0,6875,0.99559,30.42,50.0,boost,5.42,11.61,1.14,2.38,1.56,0.05,0.21,0.07,6.00,1.97
0.25,650.0,800.0,6875,0.99504,34.26,50.3,boost,5.89,12.02,1.16,5.12,1.69,0.08,0.21,0.08,6.00,2.01
0.25,650.0,850.0,6875,0.99438,38.84,50.6,boost,6.42,12.55,1.17,8.33,1.84,0.12,0.21,0.09,6.00,2.10
0.25,650.0,900.0,6875,0.99441,38.67,49.6,boost,6.99,9.82,1.26,12.11,2.01,0.16,0.21,0.09,6.00,0.01
0.25,650.0,950.0,6875,0.99426,39.68,48.2,boost,7.58,5.71,1.43,16.26,2.18,0.19,0.21,0.10,6.00,0.01
0.25,650.0,1000.0,6875,0.99396,41.75,47.2,boost,8.17,2.55,1.61,20.49,2.35,0.23,0.21,0.11,6.00,0.01
0.25,700.0,250.0,2812,0.98670,37.90,49.7,buck,7.23,9.74,1.25,9.40,2.07,0.12,0.21,0.10,6.00,1.77
0.25,700.0,300.0,3375,0.98842,39.55,49.8,buck,7.45,9.61,1.26,10.86,2.14,0.14,0.21,0.10,6.00,1.77
0.25,700.0,350.0,3938,0.99032,38.51,49.9,buck,7.53,9.71,1.27,11.35,2.16,0.15,0.21,0.10,6.00,0.01
0.25,700.0,400.0,4500,0.99128,39.57,50.0,buck,7.46,9.61,1.26,10.86,2.14,0.15,0.21,0.10,6.00,1.77
0.25,700.0,450.0,5062,0.99256,37.93,50.1,buck,7.24,9.74,1.25,9.40,2.07,0.14,0.21,0.10,6.00,1.77
0.25,700.0,500.0,5625,0.99377,35.25,50.2,buck,6.91,9.96,1.24,6.97,1.98,0.12,0.21,0.09,6.00,1.76
0.25,700.0,550.0,6188,0.99472,32.82,50.3,buck,6.50,10.27,1.23,4.76,1.86,0.09,0.21,0.09,6.00,1.81
0.25,700.0,600.0,6750,0.99547,30.70,50.5,buck,6.10,11.08,1.22,2.33,1.74,0.05,0.21,0.08,6.00,1.87
0.25,700.0,650.0,6875,0.99590,28.32,50.5,buck,5.12,11.78,1.13,0.58,1.46,0.02,0.21,0.07,6.00,1.93
0.25,700.0,700.0,6875,0.99346,45.24,51.3,band,4.86,25.66,2.21,0.58,1.38,0.02,0.43,0.07,6.00,4.03
0.25,700.0,750.0,6875,0.99595,27.99,50.0,boost,4.41,12.37,1.05,0.58,1.27,0.02,0.21,0.06,6.00,2.03
0.25,700.0,800.0,6875,0.99562,30.25,50.2,boost,4.75,12.27,1.06,2.42,1.37,0.05,0.21,0.06,6.00,2.06
0.25,700.0,850.0,6875,0.99504,34.26,50.5,boost,5.22,12.74,1.07,5.26,1.50,0.08,0.21,0.07,6.00,2.09
0.25,700.0,900.0,6875,0.99476,36.18,50.5,boost,5.78,12.52,1.11,8.69,1.66,0.12,0.21,0.08,6.00,0.00
0.25,700.0,950.0,6875,0.99481,35.90,48.6,boost,6.38,7.34,1.26,12.61,1.83,0.16,0.21,0.09,6.00,0.01
0.25,700.0,1000.0,6875,0.99458,37.46,47.2,boost,7.01,3.30,1.47,17.16,2.02,0.19,0.21,0.09,6.00,0.01
0.25,750.0,250.0,2812,0.98602,39.87,50.0,buck,7.35,10.62,1.26,10.21,2.11,0.12,0.21,0.10,6.00,1.88
0.25,750.0,300.0,3375,0.98848,39.32,49.8,buck,7.64,9.68,1.29,12.04,2.19,0.15,0.21,0.10,6.00,0.01
0.25,750.0,350.0,3938,0.99012,39.30,49.5,buck,7.79,8.50,1.32,12.95,2.24,0.16,0.21,0.11,6.00,0.01
0.25,750.0,400.0,4500,0.99134,39.30,49.5,buck,7.80,8.50,1.32,12.95,2.24,0.17,0.21,0.11,6.00,0.01
0.25,750.0,450.0,5062,0.99229,39.34,50.0,buck,7.65,9.68,1.29,12.04,2.19,0.16,0.21,0.10,6.00,0.01
0.25,750.0,500.0,5625,0.99296,39.91,50.4,buck,7.37,10.62,1.26,10.21,2.11,0.14,0.21,0.10,6.00,1.88
0.25,750.0,550.0,6188,0.99407,36.90,50.6,buck,6.98,10.89,1.25,7.48,2.00,0.12,0.21,0.09,6.00,1.88
0.25,750.0,600.0,6750,0.99496,34.16,50.7,buck,6.54,11.25,1.23,4.95,1.87,0.09,0.21,0.09,6.00,1.92
0.25,750.0,650.0,6875,0.99558,30.51,50.7,buck,5.46,11.66,1.14,2.38,1.56,0.05,0.21,0.07,6.00,1.97
0.25,750.0,700.0,6875,0.99593,28.08,50.6,buck,4.44,12.43,1.05,0.58,1.27,0.02,0.21,0.06,6.00,2.03
0.25,750.0,750.0,6875,0.99334,46.10,51.5,band,4.24,27.27,2.06,0.58,1.20,0.02,0.43,0.06,6.00,4.24
0.25,750.0,800.0,6875,0.99595,27.95,50.3,boost,3.86,13.01,0.97,0.58,1.11,0.02,0.21,0.05,6.00,2.13
0.25,750.0,850.0,6875,0.99560,30.38,50.5,boost,4.20,13.07,0.99,2.45,1.21,0.05,0.21,0.06,6.00,2.14
0.25,750.0,900.0,6875,0.99501,34.47,50.7,boost,4.69,13.47,1.00,5.39,1.35,0.08,0.21,0.06,6.00,2.20
0.25,750.0,950.0,6875,0.99510,33.83,49.7,boost,5.27,10.54,1.09,9.01,1.52,0.12,0.21,0.07,6.00,0.00
0.25,750.0,1000.0,6875,0.99513,33.64,47.8,boost,5.90,5.24,1.28,13.06,1.70,0.16,0.21,0.08,6.00,0.01
0.25,800.0,250.0,2812,0.98537,41.74,50.3,buck,7.47,11.51,1.26,10.93,2.14,0.13,0.21,0.10,6.00,2.00
0.25,800.0,300.0,3375,0.98828,40.04,49.6,buck,7.81,9.11,1.33,13.06,2.24,0.15,0.21,0.11,6.00,0.01
0.25,800.0,350.0,3938,0.98986,40.35,49.1,buck,8.03,7.46,1.38,14.66,2.31,0.17,0.21,0.11,6.00,0.01
0.25,800.0,400.0,4500,0.99107,40.55,49.0,buck,8.11,6.94,1.40,15.26,2.33,0.18,0.21,0.11,6.00,0.01
0.25,800.0,450.0,5062,0.99209,40.37,49.2,buck,8.04,7.46,1.38,14.66,2.31,0.18,0.21,0.11,6.00,0.01
0.25,800.0,500.0,5625,0.99293,40.07,49.9,buck,7.82,9.11,1.33,13.06,2.24,0.17,0.21,0.11,6.00,0.01
0.25,800.0,550.0,6188,0.99329,41.79,50.8,buck,7.49,11.51,1.26,10.93,2.14,0.15,0.21,0.10,6.00,2.00
0.25,800.0,600.0,6750,0.99433,38.51,51.0,buck,7.05,11.84,1.25,7.93,2.01,0.12,0.21,0.09,6.00,1.99
0.25,800.0,650.0,6875,0.99504,34.30,50.9,buck,5.92,12.02,1.16,5.12,1.69,0.08,0.21,0.08,6.00,2.01
0.25,800.0,700.0,6875,0.99561,30.28,50.8,buck,4.78,12.27,1.06,2.42,1.37,0.05,0.21,0.06,6.00,2.06
0.25,800.0,750.0,6875,0.99594,28.05,50.8,buck,3.89,13.08,0.97,0.58,1.11,0.02,0.21,0.05,6.00,2.13
0.25,800.0,800.0,6875,0.99317,47.27,51.8,band,3.73,29.04,1.93,0.58,1.06,0.01,0.43,0.05,6.00,4.45
0.25,800.0,850.0,6875,0.99594,28.00,50.6,boost,3.40,13.63,0.91,0.58,0.98,0.02,0.21,0.05,6.00,2.22
0.25,800.0,900.0,6875,0.99556,30.66,50.7,boost,3.76,13.88,0.92,2.48,1.08,0.04,0.21,0.05,6.00,2.22
0.25,800.0,950.0,6875,0.99496,34.81,50.9,boost,4.26,14.22,0.94,5.51,1.23,0.08,0.21,0.06,6.00,2.30
0.25,800.0,1000.0,6875,0.99539,31.84,49.0,boost,4.86,8.80,1.08,9.30,1.40,0.12,0.21,0.07,6.00,0.00
0.25,850.0,250.0,2812,0.98561,41.07,50.5,buck,7.57,12.05,1.28,11.56,2.17,0.13,0.21,0.10,6.00,0.01
0.25,850.0,300.0,3375,0.98805,40.83,49.4,buck,7.97,8.58,1.37,14.14,2.29,0.16,0.21,0.11,6.00,0.01
0.25,850.0,350.0,3938,0.98958,41.47,48.7,buck,8.26,6.50,1.44,16.38,2.37,0.18,0.21,0.11,6.00,0.01
0.25,850.0,400.0,4500,0.99078,41.85,48.4,buck,8.41,5.52,1.48,17.50,2.41,0.19,0.21,0.11,6.00,0.01
0.25,850.0,450.0,5062,0.99180,41.86,48.5,buck,8.41,5.52,1.48,17.50,2.41,0.20,0.21,0.11,6.00,0.01
0.25,850.0,500.0,5625,0.99268,41.49,48.9,buck,8.26,6.50,1.44,16.38,2.37,0.19,0.21,0.11,6.00,0.01
0.25,850.0,550.0,6188,0.99344,40.86,49.8,buck,7.98,8.58,1.37,14.14,2.29,0.18,0.21,0.11,6.00,0.01
0.25,850.0,600.0,6750,0.99394,41.13,51.1,buck,7.60,12.05,1.28,11.56,2.17,0.16,0.21,0.10,6.00,0.01
0.25,850.0,650.0,6875,0.99438,38.87,51.1,buck,6.45,12.55,1.17,8.33,1.84,0.12,0.21,0.09,6.00,2.10
0.25,850.0,700.0,6875,0.99504,34.30,51.0,buck,5.26,12.74,1.07,5.26,1.50,0.08,0.21,0.07,6.00,2.09
0.25,850.0,750.0,6875,0.99560,30.41,51.0,buck,4.23,13.07,0.99,2.45,1.21,0.05,0.21,0.06,6.00,2.14
0.25,850.0,800.0,6875,0.99593,28.11,51.1,buck,3.43,13.71,0.91,0.58,0.98,0.02,0.21,0.05,6.00,2.22
0.25,850.0,850.0,6875,0.99297,48.64,52.2,band,3.30,30.89,1.81,0.58,0.94,0.01,0.43,0.04,6.00,4.64
0.25,850.0,900.0,6875,0.99303,48.24,52.2,band,3.42,30.31,1.81,0.58,0.97,0.03,0.43,0.05,6.00,4.65
0.25,850.0,950.0,6875,0.99550,31.07,51.0,boost,3.39,14.72,0.87,2.51,0.98,0.04,0.21,0.05,6.00,2.31
0.25,850.0,1000.0,6875,0.99533,32.27,51.0,boost,3.91,14.39,0.89,5.61,1.12,0.08,0.21,0.05,6.00,0.00
0.25,900.0,250.0,2812,0.98536,41.77,50.5,buck,7.66,12.05,1.29,12.11,2.20,0.13,0.21,0.10,6.00,0.01
0.25,900.0,300.0,3375,0.98779,41.71,49.2,buck,8.11,8.12,1.40,15.26,2.33,0.16,0.21,0.11,6.00,0.01
0.25,900.0,350.0,3938,0.98933,42.46,48.4,buck,8.46,5.64,1.50,17.90,2.43,0.18,0.21,0.11,6.00,0.01
0.25,900.0,400.0,4500,0.99051,43.10,48.0,buck,8.69,4.32,1.56,19.49,2.50,0.20,0.21,0.12,6.00,0.02
0.25,900.0,450.0,5062,0.99151,43.35,47.9,buck,8.76,3.90,1.59,20.02,2.52,0.21,0.21,0.12,6.00,0.02
0.25,900.0,500.0,5625,0.99239,43.12,48.2,buck,8.69,4.32,1.56,19.49,2.50,0.22,0.21,0.12,6.00,0.02
0.25,900.0,550.0,6188,0.99318,42.49,48.7,buck,8.47,5.64,1.50,17.90,2.43,0.21,0.21,0.11,6.00,0.01
0.25,900.0,600.0,6750,0.99385,41.75,49.6,buck,8.12,8.12,1.40,15.26,2.33,0.19,0.21,0.11,6.00,0.01
0.25,900.0,650.0,6875,0.99440,38.69,50.2,buck,7.01,9.82,1.26,12.11,2.01,0.16,0.21,0.09,6.00,0.01
0.25,900.0,700.0,6875,0.99476,36.21,51.0,buck,5.81,12.53,1.11,8.69,1.66,0.12,0.21,0.08,6.00,0.00
0.25,900.0,750.0,6875,0.99501,34.50,51.2,buck,4.73,13.48,1.00,5.39,1.35,0.08,0.21,0.06,6.00,2.20
0.25,900.0,800.0,6875,0.99556,30.70,51.2,buck,3.79,13.89,0.92,2.48,1.08,0.04,0.21,0.05,6.00,2.22
0.25,900.0,850.0,6875,0.99303,48.23,52.2,band,3.42,30.30,1.81,0.58,0.97,0.03,0.43,0.05,6.00,4.65
0.25,900.0,900.0,6875,0.99276,50.14,52.6,band,2.95,32.77,1.70,0.58,0.84,0.01,0.43,0.04,6.00,4.83
0.25,900.0,950.0,6875,0.99281,49.78,52.6,band,3.07,32.23,1.71,0.58,0.87,0.02,0.43,0.04,6.00,4.83
0.25,900.0,1000.0,6875,0.99542,31.65,51.3,boost,3.08,15.63,0.82,2.53,0.89,0.04,0.21,0.04,6.00,2.40
0.25,950.0,250.0,2812,0.98513,42.44,50.5,buck,7.74,12.09,1.31,12.61,2.22,0.13,0.21,0.10,6.00,0.01
0.25,950.0,300.0,3375,0.98756,42.52,49.0,buck,8.24,7.72,1.43,16.26,2.37,0.16,0.21,0.11,6.00,0.01
0.25,950.0,350.0,3938,0.98910,43.39,48.1,buck,8.65,4.89,1.55,19.27,2.49,0.19,0.21,0.12,6.00,0.01
0.25,950.0,400.0,4500,0.99026,44.26,47.6,buck,8.95,3.26,1.64,21.27,2.57,0.21,0.21,0.12,6.00,0.02
0.25,950.0,450.0,5062,0.99123,44.81,47.4,buck,9.10,2.54,1.69,22.27,2.62,0.23,0.21,0.12,6.00,0.02
0.25,950.0,500.0,5625,0.99210,44.82,47.5,buck,9.10,2.54,1.69,22.27,2.62,0.24,0.21,0.12,6.00,0.02
0.25,950.0,550.0,6188,0.99289,44.28,47.8,buck,8.95,3.26,1.64,21.27,2.57,0.23,0.21,0.12,6.00,0.02
0.25,950.0,600.0,6750,0.99361,43.42,48.5,buck,8.66,4.89,1.55,19.27,2.49,0.22,0.21,0.12,6.00,0.01
0.25,950.0,650.0,6875,0.99426,39.69,48.7,buck,7.59,5.72,1.43,16.26,2.18,0.19,0.21,0.10,6.00,0.01
0.25,950.0,700.0,6875,0.99480,35.91,49.1,buck,6.39,7.34,1.26,12.61,1.83,0.16,0.21,0.09,6.00,0.01
0.25,950.0,750.0,6875,0.99510,33.86,50.2,buck,5.29,10.54,1.09,9.01,1.52,0.12,0.21,0.07,6.00,0.00
0.25,950.0,800.0,6875,0.99496,34.84,51.4,buck,4.29,14.23,0.94,5.51,1.23,0.08,0.21,0.06,6.00,2.30
0.25,950.0,850.0,6875,0.99550,31.10,51.5,buck,3.42,14.72,0.87,2.51,0.98,0.04,0.21,0.05,6.00,2.31
0.25,950.0,900.0,6875,0.99283,49.66,52.6,band,3.07,32.12,1.71,0.58,0.87,0.02,0.43,0.04,6.00,4.83
0.25,950.0,950.0,6875,0.99253,51.76,53.0,band,2.65,34.67,1.61,0.58,0.75,0.01,0.43,0.04,6.00,5.01
0.25,950.0,1000.0,6875,0.99257,51.49,53.0,band,2.77,34.24,1.61,0.58,0.78,0.02,0.43,0.04,6.00,5.01
0.25,1000.0,250.0,2812,0.98491,43.08,50.6,buck,7.82,12.17,1.33,13.06,2.24,0.13,0.21,0.11,6.00,0.01
0.25,1000.0,300.0,3375,0.98734,43.26,48.9,buck,8.36,7.36,1.47,17.16,2.40,0.17,0.21,0.11,6.00,0.01
0.25,1000.0,350.0,3938,0.98889,44.24,47.8,buck,8.83,4.22,1.61,20.49,2.54,0.20,0.21,0.12,6.00,0.02
0.25,1000.0,400.0,4500,0.99000,45.47,47.4,buck,9.19,2.39,1.72,22.95,2.64,0.22,0.21,0.12,6.00,0.02
0.25,1000.0,450.0,5062,0.99083,46.85,47.4,buck,9.42,1.52,1.80,24.81,2.71,0.24,0.21,0.13,6.00,0.02
0.25,1000.0,500.0,5625,0.99165,47.36,47.4,buck,9.49,1.27,1.82,25.43,2.73,0.25,0.21,0.13,6.00,0.02
0.25,1000.0,550.0,6188,0.99248,46.87,47.4,buck,9.42,1.52,1.80,24.81,2.71,0.26,0.21,0.13,6.00,0.02
0.25,1000.0,600.0,6750,0.99330,45.50,47.6,buck,9.19,2.39,1.72,22.95,2.64,0.25,0.21,0.12,6.00,0.02
0.25,1000.0,650.0,6875,0.99396,41.75,47.6,buck,8.17,2.55,1.61,20.49,2.35,0.23,0.21,0.11,6.00,0.01
0.25,1000.0,700.0,6875,0.99458,37.47,47.7,buck,7.01,3.30,1.47,17.16,2.02,0.19,0.21,0.09,6.00,0.01
0.25,1000.0,750.0,6875,0.99513,33.65,48.3,buck,5.91,5.24,1.28,13.06,1.70,0.16,0.21,0.08,6.00,0.01
0.25,1000.0,800.0,6875,0.99539,31.86,49.5,buck,4.87,8.80,1.08,9.30,1.40,0.12,0.21,0.07,6.00,0.00
0.25,1000.0,850.0,6875,0.99532,32.30,51.4,buck,3.94,14.39,0.89,5.61,1.12,0.08,0.21,0.05,6.00,0.00
0.25,1000.0,900.0,6875,0.99541,31.68,51.8,buck,3.11,15.63,0.82,2.53,0.89,0.04,0.21,0.04,6.00,2.40
0.25,1000.0,950.0,6875,0.99258,51.36,53.0,band,2.77,34.11,1.61,0.58,0.78,0.02,0.43,0.04,6.00,5.01
0.25,1000.0,1000.0,6875,0.99228,53.46,53.4,band,2.39,36.61,1.53,0.58,0.68,0.01,0.43,0.03,6.00,5.20
0.1,250.0,250.0,1125,0.98585,16.15,46.5,band,1.00,5.48,0.99,0.58,0.29,0.00,0.43,0.01,6.00,1.35
0.1,250.0,300.0,1125,0.98924,12.23,46.4,boost,1.00,2.88,0.47,0.58,0.29,0.01,0.21,0.01,6.00,0.77
0.1,250.0,350.0,1125,0.98789,13.79,46.8,boost,1.21,3.81,0.48,1.68,0.35,0.03,0.21,0.02,6.00,0.00
0.1,250.0,400.0,1125,0.98773,13.98,46.4,boost,1.43,2.55,0.60,2.70,0.41,0.04,0.21,0.02,6.00,0.00
0.1,250.0,450.0,1125,0.98698,14.84,46.0,boost,1.65,1.54,0.72,4.16,0.48,0.05,0.21,0.02,6.00,0.00
0.1,250.0,500.0,1125,0.98625,15.68,45.8,boost,1.85,0.76,0.84,5.39,0.54,0.06,0.21,0.03,6.00,0.00
0.1,250.0,550.0,1125,0.98543,16.64,45.8,boost,2.04,0.36,0.94,6.40,0.59,0.07,0.21,0.03,6.00,0.00
0.1,250.0,600.0,1125,0.98432,17.92,45.8,boost,2.20,0.38,1.01,7.36,0.64,0.07,0.21,0.03,6.00,0.00
0.1,250.0,650.0,1125,0.98317,19.25,45.8,boost,2.35,0.37,1.07,8.46,0.68,0.08,0.21,0.03,6.00,0.00
0.1,250.0,700.0,1125,0.98218,20.41,45.9,boost,2.48,0.36,1.12,9.40,0.72,0.08,0.21,0.03,6.00,0.00
0.1,250.0,750.0,1125,0.98131,21.42,45.9,boost,2.60,0.35,1.16,10.21,0.75,0.09,0.21,0.04,6.00,0.00
0.1,250.0,800.0,1125,0.98055,22.31,45.9,boost,2.71,0.35,1.20,10.93,0.78,0.09,0.21,0.04,6.00,0.00
0.1,250.0,850.0,1125,0.97991,23.06,46.0,boost,2.81,0.30,1.23,11.56,0.81,0.09,0.21,0.04,6.00,0.00
0.1,250.0,900.0,1125,0.97934,23.73,46.0,boost,2.90,0.26,1.26,12.11,0.84,0.10,0.21,0.04,6.00,0.00
0.1,250.0,950.0,1125,0.97883,24.33,46.0,boost,2.98,0.22,1.29,12.61,0.86,0.10,0.21,0.04,6.00,0.00
0.1,250.0,1000.0,1125,0.97837,24.87,46.0,boost,3.06,0.19,1.31,13.06,0.88,0.10,0.21,0.04,6.00,0.00
0.1,300.0,250.0,1125,0.98924,12.23,46.5,buck,1.00,2.88,0.47,0.58,0.29,0.01,0.21,0.01,6.00,0.77
0.1,300.0,300.0,1350,0.98699,17.80,46.8,band,1.00,6.86,0.99,0.58,0.29,0.00,0.43,0.01,6.00,1.62
0.1,300.0,350.0,1350,0.99043,13.04,46.6,boost,1.00,3.55,0.47,0.58,0.29,0.01,0.21,0.01,6.00,0.90
0.1,300.0,400.0,1350,0.98948,14.35,46.9,boost,1.24,4.15,0.50,1.84,0.36,0.03,0.21,0.02,6.00,0.00
0.1,300.0,450.0,1350,0.98943,14.42,46.3,boost,1.51,2.38,0.64,3.18,0.44,0.04,0.21,0.02,6.00,0.00
0.1,300.0,500.0,1350,0.98870,15.43,45.9,boost,1.78,1.09,0.79,4.95,0.51,0.06,0.21,0.02,6.00,0.00
0.1,300.0,550.0,1350,0.98782,16.64,45.8,boost,2.04,0.36,0.94,6.40,0.59,0.07,0.21,0.03,6.00,0.00
0.1,300.0,600.0,1350,0.98638,18.64,45.8,boost,2.28,0.40,1.04,7.93,0.66,0.08,0.21,0.03,6.00,0.00
0.1,300.0,650.0,1350,0.98497,20.59,45.9,boost,2.50,0.39,1.12,9.51,0.72,0.09,0.21,0.03,6.00,0.00
0.1,300.0,700.0,1350,0.98375,22.29,45.9,boost,2.70,0.40,1.19,10.86,0.78,0.10,0.21,0.04,6.00,0.00
0.1,300.0,750.0,1350,0.98269,23.78,46.0,boost,2.89,0.40,1.26,12.04,0.84,0.11,0.21,0.04,6.00,0.00
0.1,300.0,800.0,1350,0.98175,25.10,46.0,boost,3.06,0.41,1.31,13.06,0.88,0.11,0.21,0.04,6.00,0.00
0.1,300.0,850.0,1350,0.98082,26.40,46.1,boost,3.21,0.38,1.36,14.14,0.93,0.12,0.21,0.04,6.00,0.00
0.1,300.0,900.0,1350,0.97987,27.73,46.1,boost,3.36,0.35,1.40,15.26,0.97,0.12,0.21,0.05,6.00,0.00
0.1,300.0,950.0,1350,0.97903,28.92,46.1,boost,3.49,0.33,1.44,16.26,1.01,0.13,0.21,0.05,6.00,0.00
0.1,300.0,1000.0,1350,0.97826,30.00,46.1,boost,3.61,0.30,1.48,17.16,1.04,0.13,0.21,0.05,6.00,0.00
0.1,350.0,250.0,1125,0.98789,13.79,46.9,buck,1.21,3.81,0.48,1.68,0.35,0.03,0.21,0.02,6.00,0.00
0.1,350.0,300.0,1350,0.99043,13.04,46.8,buck,1.01,3.55,0.47,0.58,0.29,0.01,0.21,0.01,6.00,0.90
0.1,350.0,350.0,1575,0.98774,19.54,47.1,band,1.01,8.33,0.99,0.58,0.29,0.00,0.43,0.01,6.00,1.89
0.1,350.0,400.0,1575,0.99126,13.88,46.9,boost,1.01,4.26,0.47,0.58,0.29,0.01,0.21,0.01,6.00,1.03
0.1,350.0,450.0,1575,0.99066,14.85,47.0,boost,1.26,4.48,0.51,1.97,0.37,0.03,0.21,0.02,6.00,0.00
0.1,350.0,500.0,1575,0.99063,14.90,46.3,boost,1.57,2.29,0.67,3.62,0.45,0.05,0.21,0.02,6.00,0.00
0.1,350.0,550.0,1575,0.98998,15.95,45.8,boost,1.89,0.75,0.86,5.59,0.55,0.06,0.21,0.03,6.00,0.00
0.1,350.0,600.0,1575,0.98875,17.92,45.8,boost,2.20,0.38,1.01,7.36,0.64,0.08,0.21,0.03,6.00,0.00
0.1,350.0,650.0,1575,0.98709,20.60,45.9,boost,2.50,0.39,1.12,9.51,0.72,0.09,0.21,0.03,6.00,0.00
0.1,350.0,700.0,1575,0.98565,22.93,45.9,boost,2.78,0.41,1.22,11.35,0.80,0.11,0.21,0.04,6.00,0.00
0.1,350.0,750.0,1575,0.98439,24.98,46.0,boost,3.04,0.43,1.31,12.95,0.88,0.12,0.21,0.04,6.00,0.00
0.1,350.0,800.0,1575,0.98308,27.11,46.0,boost,3.28,0.45,1.38,14.66,0.95,0.13,0.21,0.04,6.00,0.00
0.1,350.0,850.0,1575,0.98181,29.18,46.1,boost,3.51,0.43,1.45,16.38,1.01,0.14,0.21,0.05,6.00,0.00
0.1,350.0,900.0,1575,0.98068,31.03,46.2,boost,3.71,0.42,1.51,17.90,1.07,0.15,0.21,0.05,6.00,0.01
0.1,350.0,950.0,1575,0.97967,32.69,46.2,boost,3.91,0.40,1.56,19.27,1.13,0.15,0.21,0.05,6.00,0.00
0.1,350.0,1000.0,1575,0.97875,34.20,46.2,boost,4.09,0.40,1.61,20.49,1.18,0.16,0.21,0.06,6.00,0.00
0.1,400.0,250.0,1125,0.98773,13.98,46.4,buck,1.43,2.55,0.60,2.70,0.41,0.04,0.21,0.02,6.00,0.00
0.1,400.0,300.0,1350,0.98948,14.35,47.0,buck,1.24,4.15,0.50,1.84,0.36,0.03,0.21,0.02,6.00,0.00
0.1,400.0,350.0,1575,0.99126,13.88,47.0,buck,1.01,4.26,0.47,0.58,0.29,0.01,0.21,0.01,6.00,1.03
0.1,400.0,400.0,1800,0.98827,21.37,47.4,band,1.01,9.89,0.99,0.58,0.29,0.00,0.43,0.01,6.00,2.16
0.1,400.0,450.0,1800,0.99187,14.75,47.2,boost,1.01,5.00,0.47,0.58,0.29,0.01,0.21,0.01,6.00,1.16
0.1,400.0,500.0,1800,0.99153,15.37,47.2,boost,1.29,4.86,0.52,2.07,0.37,0.03,0.21,0.02,6.00,0.00
0.1,400.0,550.0,1800,0.99156,15.31,46.3,boost,1.62,2.24,0.70,3.99,0.47,0.05,0.21,0.02,6.00,0.00
0.1,400.0,600.0,1800,0.99097,16.40,45.8,boost,1.99,0.48,0.91,6.13,0.57,0.07,0.21,0.03,6.00,0.00
0.1,400.0,650.0,1800,0.98941,19.27,45.9,boost,2.35,0.37,1.07,8.46,0.68,0.09,0.21,0.03,6.00,0.00
0.1,400.0,700.0,1800,0.98776,22.30,45.9,boost,2.70,0.40,1.19,10.86,0.78,0.11,0.21,0.04,6.00,0.00
0.1,400.0,750.0,1800,0.98631,24.99,46.0,boost,3.04,0.43,1.31,12.95,0.88,0.12,0.21,0.04,6.00,0.00
0.1,400.0,800.0,1800,0.98476,27.85,46.0,boost,3.36,0.46,1.40,15.26,0.97,0.14,0.21,0.05,6.00,0.01
0.1,400.0,850.0,1800,0.98329,30.58,46.1,boost,3.66,0.46,1.49,17.50,1.06,0.15,0.21,0.05,6.00,0.01
0.1,400.0,900.0,1800,0.98198,33.02,46.2,boost,3.94,0.45,1.57,19.49,1.14,0.16,0.21,0.05,6.00,0.01
0.1,400.0,950.0,1800,0.98080,35.23,46.2,boost,4.20,0.46,1.64,21.27,1.21,0.17,0.21,0.06,6.00,0.01
0.1,400.0,1000.0,1800,0.97969,37.31,46.3,boost,4.45,0.46,1.70,22.95,1.28,0.18,0.21,0.06,6.00,0.01
0.1,450.0,250.0,1125,0.98698,14.84,46.1,buck,1.65,1.54,0.72,4.16,0.48,0.05,0.21,0.02,6.00,0.00
0.1,450.0,300.0,1350,0.98943,14.42,46.4,buck,1.51,2.38,0.64,3.18,0.44,0.04,0.21,0.02,6.00,0.00
0.1,450.0,350.0,1575,0.99066,14.85,47.2,buck,1.27,4.48,0.51,1.97,0.37,0.03,0.21,0.02,6.00,0.00
0.1,450.0,400.0,1800,0.99187,14.76,47.3,buck,1.02,5.00,0.47,0.58,0.29,0.01,0.21,0.01,6.00,1.16
0.1,450.0,450.0,2025,0.98869,23.17,47.7,band,1.01,11.42,0.99,0.58,0.29,0.00,0.43,0.01,6.00,2.43
0.1,450.0,500.0,2025,0.99233,15.66,47.5,boost,1.02,5.77,0.47,0.58,0.29,0.01,0.21,0.01,6.00,1.29
0.1,450.0,550.0,2025,0.99221,15.91,47.3,boost,1.30,5.28,0.53,2.15,0.38,0.03,0.21,0.02,6.00,0.00
0.1,450.0,600.0,2025,0.99232,15.68,46.3,boost,1.67,2.22,0.72,4.29,0.48,0.05,0.21,0.02,6.00,0.00
0.1,450.0,650.0,2025,0.99174,16.86,45.8,boost,2.07,0.32,0.96,6.58,0.60,0.08,0.21,0.03,6.00,0.00
0.1,450.0,700.0,2025,0.99001,20.43,45.9,boost,2.48,0.36,1.12,9.40,0.72,0.10,0.21,0.03,6.00,0.00
0.1,450.0,750.0,2025,0.98838,23.80,46.0,boost,2.89,0.40,1.26,12.04,0.84,0.12,0.21,0.04,6.00,0.00
0.1,450.0,800.0,2025,0.98678,27.12,46.1,boost,3.28,0.45,1.38,14.66,0.95,0.14,0.21,0.04,6.00,0.00
0.1,450.0,850.0,2025,0.98512,30.59,46.1,boost,3.66,0.46,1.49,17.50,1.06,0.16,0.21,0.05,6.00,0.01
0.1,450.0,900.0,2025,0.98363,33.70,46.2,boost,4.02,0.47,1.59,20.02,1.16,0.17,0.21,0.05,6.00,0.01
0.1,450.0,950.0,2025,0.98229,36.51,46.2,boost,4.35,0.48,1.68,22.27,1.26,0.19,0.21,0.06,6.00,0.01
0.1,450.0,1000.0,2025,0.98083,39.58,46.3,boost,4.67,0.50,1.76,24.81,1.35,0.20,0.21,0.06,6.00,0.01
0.1,500.0,250.0,1125,0.98625,15.68,45.8,buck,1.85,0.76,0.84,5.39,0.54,0.06,0.21,0.03,6.00,0.00
0.1,500.0,300.0,1350,0.98870,15.43,46.0,buck,1.78,1.09,0.79,4.95,0.51,0.06,0.21,0.02,6.00,0.00
0.1,500.0,350.0,1575,0.99063,14.90,46.4,buck,1.57,2.29,0.67,3.62,0.45,0.05,0.21,0.02,6.00,0.00
0.1,500.0,400.0,1800,0.99153,15.37,47.3,buck,1.29,4.86,0.52,2.07,0.37,0.03,0.21,0.02,6.00,0.00
0.1,500.0,450.0,2025,0.99232,15.66,47.6,buck,1.02,5.77,0.47,0.58,0.29,0.01,0.21,0.01,6.00,1.29
0.1,500.0,500.0,2250,0.98899,25.04,48.1,band,1.01,13.02,0.99,0.58,0.29,0.00,0.43,0.01,6.00,2.70
0.1,500.0,550.0,2250,0.99268,16.59,47.8,boost,1.02,6.57,0.47,0.58,0.29,0.01,0.21,0.01,6.00,1.42
0.1,500.0,600.0,2250,0.99274,16.45,47.5,boost,1.32,5.72,0.53,2.22,0.38,0.03,0.21,0.02,6.00,0.00
0.1,500.0,650.0,2250,0.99294,16.00,46.3,boost,1.71,2.21,0.74,4.54,0.50,0.06,0.21,0.02,6.00,0.00
0.1,500.0,700.0,2250,0.99234,17.36,45.9,boost,2.15,0.30,0.99,6.97,0.62,0.08,0.21,0.03,6.00,0.00
0.1,500.0,750.0,2250,0.99056,21.44,46.0,boost,2.60,0.35,1.16,10.21,0.75,0.11,0.21,0.04,6.00,0.00
0.1,500.0,800.0,2250,0.98896,25.12,46.1,boost,3.06,0.41,1.31,13.06,0.88,0.13,0.21,0.04,6.00,0.00
0.1,500.0,850.0,2250,0.98719,29.20,46.1,boost,3.51,0.43,1.45,16.38,1.01,0.15,0.21,0.05,6.00,0.00
0.1,500.0,900.0,2250,0.98553,33.04,46.2,boost,3.94,0.45,1.57,19.49,1.14,0.17,0.21,0.05,6.00,0.01
0.1,500.0,950.0,2250,0.98403,36.52,46.3,boost,4.35,0.48,1.68,22.27,1.26,0.19,0.21,0.06,6.00,0.01
0.1,500.0,1000.0,2250,0.98239,40.34,46.3,boost,4.75,0.51,1.78,25.43,1.37,0.21,0.21,0.06,6.00,0.01
0.1,550.0,250.0,1125,0.98543,16.64,45.8,buck,2.04,0.36,0.94,6.40,0.59,0.07,0.21,0.03,6.00,0.00
0.1,550.0,300.0,1350,0.98782,16.64,45.8,buck,2.04,0.36,0.94,6.40,0.59,0.07,0.21,0.03,6.00,0.00
0.1,550.0,350.0,1575,0.98998,15.95,45.9,buck,1.89,0.75,0.86,5.59,0.55,0.06,0.21,0.03,6.00,0.00
0.1,550.0,400.0,1800,0.99156,15.31,46.4,buck,1.63,2.24,0.70,3.99,0.47,0.05,0.21,0.02,6.00,0.00
0.1,550.0,450.0,2025,0.99220,15.91,47.5,buck,1.31,5.28,0.53,2.15,0.38,0.03,0.21,0.02,6.00,0.00
0.1,550.0,500.0,2250,0.99268,16.60,47.9,buck,1.02,6.57,0.47,0.58,0.29,0.01,0.21,0.01,6.00,1.42
0.1,550.0,550.0,2475,0.98922,26.98,48.5,band,1.01,14.69,0.99,0.58,0.29,0.00,0.43,0.01,6.00,2.97
0.1,550.0,600.0,2475,0.99296,17.54,48.1,boost,1.02,7.40,0.47,0.58,0.30,0.01,0.21,0.01,6.00,1.53
0.1,550.0,650.0,2475,0.99319,16.96,47.7,boost,1.33,6.15,0.54,2.28,0.39,0.03,0.21,0.02,6.00,0.00
0.1,550.0,700.0,2475,0.99346,16.29,46.3,boost,1.75,2.21,0.76,4.76,0.51,0.06,0.21,0.02,6.00,0.00
0.1,550.0,750.0,2475,0.99280,17.96,45.9,boost,2.22,0.28,1.02,7.48,0.64,0.09,0.21,0.03,6.00,0.00
0.1,550.0,800.0,2475,0.99106,22.34,46.0,boost,2.71,0.35,1.20,10.93,0.78,0.11,0.21,0.04,6.00,0.00
0.1,550.0,850.0,2475,0.98943,26.43,46.1,boost,3.21,0.38,1.36,14.14,0.93,0.14,0.21,0.04,6.00,0.00
0.1,550.0,900.0,2475,0.98761,31.05,46.2,boost,3.71,0.42,1.51,17.90,1.07,0.17,0.21,0.05,6.00,0.01
0.1,550.0,950.0,2475,0.98596,35.25,46.3,boost,4.20,0.46,1.64,21.27,1.21,0.19,0.21,0.06,6.00,0.01
0.1,550.0,1000.0,2475,0.98426,39.59,46.3,boost,4.67,0.50,1.76,24.81,1.35,0.21,0.21,0.06,6.00,0.01
0.1,600.0,250.0,1125,0.98432,17.92,45.8,buck,2.20,0.38,1.01,7.36,0.64,0.07,0.21,0.03,6.00,0.00
0.1,600.0,300.0,1350,0.98638,18.64,45.8,buck,2.28,0.40,1.04,7.93,0.66,0.08,0.21,0.03,6.00,0.00
0.1,600.0,350.0,1575,0.98875,17.92,45.8,buck,2.20,0.38,1.01,7.36,0.64,0.08,0.21,0.03,6.00,0.00
0.1,600.0,400.0,1800,0.99097,16.40,45.8,buck,1.99,0.48,0.91,6.13,0.57,0.07,0.21,0.03,6.00,0.00
0.1,600.0,450.0,2025,0.99232,15.68,46.4,buck,1.67,2.22,0.72,4.29,0.48,0.05,0.21,0.02,6.00,0.00
0.1,600.0,500.0,2250,0.99274,16.45,47.6,buck,1.32,5.72,0.53,2.22,0.38,0.03,0.21,0.02,6.00,0.00
0.1,600.0,550.0,2475,0.99296,17.55,48.2,buck,1.03,7.40,0.47,0.58,0.30,0.01,0.21,0.01,6.00,1.53
0.1,600.0,600.0,2700,0.98937,29.01,48.8,band,1.01,16.48,0.99,0.58,0.29,0.00,0.43,0.01,6.00,3.21
0.1,600.0,650.0,2700,0.99319,18.52,48.4,boost,1.02,8.26,0.47,0.58,0.30,0.01,0.21,0.01,6.00,1.64
0.1,600.0,700.0,2700,0.99357,17.48,47.8,boost,1.35,6.60,0.55,2.33,0.39,0.03,0.21,0.02,6.00,0.00
0.1,600.0,750.0,2700,0.99390,16.56,46.3,boost,1.78,2.24,0.78,4.95,0.51,0.06,0.21,0.02,6.00,0.00
0.1,600.0,800.0,2700,0.99319,18.50,45.9,boost,2.28,0.26,1.04,7.93,0.66,0.09,0.21,0.03,6.00,0.00
0.1,600.0,850.0,2700,0.99152,23.09,46.0,boost,2.81,0.30,1.23,11.56,0.81,0.12,0.21,0.04,6.00,0.00
0.1,600.0,900.0,2700,0.98982,27.76,46.1,boost,3.36,0.35,1.40,15.26,0.97,0.15,0.21,0.05,6.00,0.00
0.1,600.0,950.0,2700,0.98803,32.72,46.2,boost,3.91,0.40,1.56,19.27,1.13,0.18,0.21,0.05,6.00,0.00
0.1,600.0,1000.0,2700,0.98636,37.33,46.3,boost,4.45,0.46,1.70,22.95,1.28,0.21,0.21,0.06,6.00,0.01
0.1,650.0,250.0,1125,0.98317,19.25,45.9,buck,2.35,0.37,1.07,8.46,0.68,0.08,0.21,0.03,6.00,0.00
0.1,650.0,300.0,1350,0.98497,20.59,45.9,buck,2.50,0.39,1.12,9.51,0.72,0.09,0.21,0.03,6.00,0.00
0.1,650.0,350.0,1575,0.98709,20.60,45.9,buck,2.50,0.39,1.12,9.51,0.72,0.09,0.21,0.03,6.00,0.00
0.1,650.0,400.0,1800,0.98941,19.27,45.8,buck,2.35,0.37,1.07,8.46,0.68,0.09,0.21,0.03,6.00,0.00
0.1,650.0,450.0,2025,0.99174,16.86,45.8,buck,2.07,0.32,0.96,6.58,0.60,0.08,0.21,0.03,6.00,0.00
0.1,650.0,500.0,2250,0.99294,16.00,46.4,buck,1.71,2.21,0.74,4.54,0.50,0.06,0.21,0.02,6.00,0.00
0.1,650.0,550.0,2475,0.99319,16.97,47.8,buck,1.34,6.15,0.54,2.28,0.39,0.03,0.21,0.02,6.00,0.00
0.1,650.0,600.0,2700,0.99319,18.52,48.6,buck,1.03,8.26,0.47,0.58,0.30,0.01,0.21,0.01,6.00,1.64
0.1,650.0,650.0,2750,0.98899,30.62,49.2,band,0.89,18.09,0.93,0.58,0.26,0.00,0.43,0.01,6.00,3.43
0.1,650.0,700.0,2750,0.99302,19.33,48.7,boost,0.92,9.11,0.44,0.58,0.27,0.01,0.21,0.01,6.00,1.76
0.1,650.0,750.0,2750,0.99380,17.17,47.7,boost,1.25,6.36,0.54,2.38,0.36,0.03,0.21,0.02,6.00,0.00
0.1,650.0,800.0,2750,0.99416,16.15,46.1,boost,1.70,1.74,0.79,5.12,0.49,0.06,0.21,0.02,6.00,0.00
0.1,650.0,850.0,2750,0.99321,18.79,45.9,boost,2.23,0.18,1.06,8.33,0.64,0.09,0.21,0.03,6.00,0.00
0.1,650.0,900.0,2750,0.99149,23.61,46.0,boost,2.80,0.24,1.26,12.11,0.81,0.13,0.21,0.04,6.00,0.00
0.1,650.0,950.0,2750,0.98964,28.80,46.2,boost,3.39,0.31,1.44,16.26,0.98,0.16,0.21,0.05,6.00,0.00
0.1,650.0,1000.0,2750,0.98776,34.07,46.3,boost,3.98,0.37,1.61,20.49,1.15,0.19,0.21,0.05,6.00,0.00
0.1,700.0,250.0,1125,0.98218,20.41,45.9,buck,2.48,0.36,1.12,9.40,0.72,0.08,0.21,0.03,6.00,0.00
0.1,700.0,300.0,1350,0.98375,22.29,45.9,buck,2.70,0.40,1.19,10.86,0.78,0.10,0.21,0.04,6.00,0.00
0.1,700.0,350.0,1575,0.98565,22.93,45.9,buck,2.78,0.41,1.22,11.35,0.80,0.11,0.21,0.04,6.00,0.00
0.1,700.0,400.0,1800,0.98776,22.30,45.9,buck,2.70,0.40,1.19,10.86,0.78,0.11,0.21,0.04,6.00,0.00
0.1,700.0,450.0,2025,0.99001,20.43,45.9,buck,2.48,0.36,1.12,9.40,0.72,0.10,0.21,0.03,6.00,0.00
0.1,700.0,500.0,2250,0.99234,17.36,45.8,buck,2.15,0.30,0.99,6.97,0.62,0.08,0.21,0.03,6.00,0.00
0.1,700.0,550.0,2475,0.99346,16.29,46.4,buck,1.75,2.21,0.76,4.76,0.51,0.06,0.21,0.02,6.00,0.00
0.1,700.0,600.0,2700,0.99356,17.49,48.0,buck,1.35,6.60,0.55,2.33,0.39,0.03,0.21,0.02,6.00,0.00
0.1,700.0,650.0,2750,0.99302,19.33,48.9,buck,0.93,9.11,0.44,0.58,0.27,0.01,0.21,0.01,6.00,1.76
0.1,700.0,700.0,2750,0.98815,32.99,49.6,band,0.77,20.50,0.82,0.58,0.22,0.00,0.43,0.01,6.00,3.65
0.1,700.0,750.0,2750,0.99273,20.15,49.1,boost,0.81,10.00,0.41,0.58,0.24,0.01,0.21,0.01,6.00,1.87
0.1,700.0,800.0,2750,0.99395,16.73,47.6,boost,1.15,6.02,0.54,2.42,0.33,0.03,0.21,0.02,6.00,0.00
0.1,700.0,850.0,2750,0.99434,15.65,45.9,boost,1.62,1.18,0.81,5.26,0.47,0.06,0.21,0.02,6.00,0.00
0.1,700.0,900.0,2750,0.99313,19.02,45.9,boost,2.17,0.10,1.08,8.69,0.63,0.10,0.21,0.03,6.00,0.00
0.1,700.0,950.0,2750,0.99133,24.04,46.0,boost,2.77,0.18,1.28,12.61,0.80,0.13,0.21,0.04,6.00,0.00
0.1,700.0,1000.0,2750,0.98931,29.71,46.2,boost,3.40,0.26,1.47,17.16,0.98,0.17,0.21,0.05,6.00,0.00
0.1,750.0,250.0,1125,0.98131,21.42,46.0,buck,2.60,0.35,1.16,10.21,0.75,0.09,0.21,0.04,6.00,0.00
0.1,750.0,300.0,1350,0.98269,23.78,46.0,buck,2.89,0.40,1.26,12.04,0.84,0.11,0.21,0.04,6.00,0.00
0.1,750.0,350.0,1575,0.98439,24.98,46.0,buck,3.04,0.43,1.31,12.95,0.88,0.12,0.21,0.04,6.00,0.00
0.1,750.0,400.0,1800,0.98631,24.99,46.0,buck,3.04,0.43,1.31,12.95,0.88,0.12,0.21,0.04,6.00,0.00
0.1,750.0,450.0,2025,0.98838,23.80,46.0,buck,2.89,0.40,1.26,12.04,0.84,0.12,0.21,0.04,6.00,0.00
0.1,750.0,500.0,2250,0.99056,21.44,45.9,buck,2.60,0.35,1.16,10.21,0.75,0.11,0.21,0.04,6.00,0.00
0.1,750.0,550.0,2475,0.99280,17.96,45.8,buck,2.22,0.28,1.02,7.48,0.64,0.09,0.21,0.03,6.00,0.00
0.1,750.0,600.0,2700,0.99390,16.56,46.5,buck,1.78,2.24,0.78,4.95,0.51,0.06,0.21,0.02,6.00,0.00
0.1,750.0,650.0,2750,0.99380,17.17,47.9,buck,1.26,6.37,0.54,2.38,0.36,0.03,0.21,0.02,6.00,0.00
0.1,750.0,700.0,2750,0.99272,20.16,49.2,buck,0.82,10.00,0.41,0.58,0.24,0.01,0.21,0.01,6.00,1.87
0.1,750.0,750.0,2750,0.98704,36.11,50.0,band,0.67,23.61,0.74,0.58,0.19,0.00,0.43,0.01,6.00,3.87
0.1,750.0,800.0,2750,0.99241,21.03,49.4,boost,0.73,10.90,0.38,0.58,0.21,0.01,0.21,0.01,6.00,1.99
0.1,750.0,850.0,2750,0.99407,16.42,47.5,boost,1.07,5.78,0.54,2.45,0.31,0.03,0.21,0.01,6.00,0.00
0.1,750.0,900.0,2750,0.99447,15.28,45.8,boost,1.55,0.75,0.83,5.39,0.45,0.06,0.21,0.02,6.00,0.00
0.1,750.0,950.0,2750,0.99306,19.22,45.9,boost,2.13,0.03,1.09,9.01,0.62,0.10,0.21,0.03,6.00,0.00
0.1,750.0,1000.0,2750,0.99119,24.44,46.0,boost,2.76,0.12,1.31,13.06,0.80,0.14,0.21,0.04,6.00,0.00
0.1,800.0,250.0,1125,0.98055,22.31,46.0,buck,2.71,0.35,1.20,10.93,0.78,0.09,0.21,0.04,6.00,0.00
0.1,800.0,300.0,1350,0.98175,25.10,46.1,buck,3.06,0.41,1.31,13.06,0.88,0.11,0.21,0.04,6.00,0.00
0.1,800.0,350.0,1575,0.98308,27.11,46.1,buck,3.28,0.45,1.38,14.66,0.95,0.13,0.21,0.04,6.00,0.00
0.1,800.0,400.0,1800,0.98476,27.85,46.0,buck,3.36,0.46,1.40,15.26,0.97,0.14,0.21,0.05,6.00,0.01
0.1,800.0,450.0,2025,0.98678,27.12,46.0,buck,3.28,0.45,1.38,14.66,0.95,0.14,0.21,0.04,6.00,0.00
0.1,800.0,500.0,2250,0.98896,25.12,46.0,buck,3.06,0.41,1.31,13.06,0.88,0.13,0.21,0.04,6.00,0.00
0.1,800.0,550.0,2475,0.99106,22.34,45.9,buck,2.71,0.35,1.20,10.93,0.78,0.11,0.21,0.04,6.00,0.00
0.1,800.0,600.0,2700,0.99319,18.50,45.8,buck,2.28,0.26,1.04,7.93,0.66,0.09,0.21,0.03,6.00,0.00
0.1,800.0,650.0,2750,0.99416,16.15,46.3,buck,1.70,1.74,0.79,5.12,0.49,0.06,0.21,0.02,6.00,0.00
0.1,800.0,700.0,2750,0.99395,16.73,47.7,buck,1.16,6.02,0.54,2.42,0.33,0.03,0.21,0.02,6.00,0.00
0.1,800.0,750.0,2750,0.99241,21.03,49.5,buck,0.73,10.90,0.38,0.58,0.21,0.01,0.21,0.01,6.00,1.99
0.1,800.0,800.0,2750,0.98588,39.40,50.5,band,0.59,26.86,0.66,0.58,0.17,0.00,0.43,0.01,6.00,4.09
0.1,800.0,850.0,2750,0.99207,21.97,49.7,boost,0.66,11.85,0.36,0.58,0.19,0.01,0.21,0.01,6.00,2.09
0.1,800.0,900.0,2750,0.99415,16.17,47.4,boost,1.01,5.59,0.54,2.48,0.29,0.03,0.21,0.01,6.00,0.00
0.1,800.0,950.0,2750,0.99457,15.01,45.8,boost,1.50,0.41,0.85,5.51,0.43,0.07,0.21,0.02,6.00,0.00
0.1,800.0,1000.0,2750,0.99297,19.46,45.9,boost,2.10,0.00,1.11,9.30,0.61,0.10,0.21,0.03,6.00,0.00
0.1,850.0,250.0,1125,0.97991,23.06,46.0,buck,2.81,0.30,1.23,11.56,0.81,0.09,0.21,0.04,6.00,0.00
0.1,850.0,300.0,1350,0.98082,26.40,46.1,buck,3.21,0.38,1.36,14.14,0.93,0.12,0.21,0.04,6.00,0.00
0.1,850.0,350.0,1575,0.98181,29.18,46.1,buck,3.51,0.43,1.45,16.38,1.01,0.14,0.21,0.05,6.00,0.00
0.1,850.0,400.0,1800,0.98329,30.58,46.1,buck,3.66,0.46,1.49,17.50,1.06,0.15,0.21,0.05,6.00,0.01
0.1,850.0,450.0,2025,0.98512,30.59,46.1,buck,3.66,0.46,1.49,17.50,1.06,0.16,0.21,0.05,6.00,0.01
0.1,850.0,500.0,2250,0.98719,29.20,46.1,buck,3.51,0.43,1.45,16.38,1.01,0.15,0.21,0.05,6.00,0.00
0.1,850.0,550.0,2475,0.98944,26.43,46.1,buck,3.21,0.38,1.36,14.14,0.93,0.14,0.21,0.04,6.00,0.00
0.1,850.0,600.0,2700,0.99152,23.09,46.0,buck,2.81,0.30,1.23,11.56,0.81,0.12,0.21,0.04,6.00,0.00
0.1,850.0,650.0,2750,0.99321,18.79,45.8,buck,2.23,0.18,1.06,8.33,0.64,0.09,0.21,0.03,6.00,0.00
0.1,850.0,700.0,2750,0.99434,15.65,46.1,buck,1.62,1.18,0.81,5.26,0.47,0.06,0.21,0.02,6.00,0.00
0.1,850.0,750.0,2750,0.99407,16.42,47.6,buck,1.07,5.78,0.54,2.45,0.31,0.03,0.21,0.01,6.00,0.00
0.1,850.0,800.0,2750,0.99207,21.97,49.8,buck,0.66,11.85,0.36,0.58,0.19,0.01,0.21,0.01,6.00,2.09
0.1,850.0,850.0,2750,0.98459,43.05,51.0,band,0.53,30.47,0.60,0.58,0.15,0.00,0.43,0.01,6.00,4.28
0.1,850.0,900.0,2750,0.98530,41.04,50.9,band,0.64,28.19,0.66,0.58,0.18,0.01,0.43,0.01,6.00,4.33
0.1,850.0,950.0,2750,0.99422,15.97,47.4,boost,0.95,5.43,0.54,2.51,0.28,0.03,0.21,0.01,6.00,0.00
0.1,850.0,1000.0,2750,0.99465,14.80,45.7,boost,1.46,0.13,0.87,5.61,0.42,0.07,0.21,0.02,6.00,0.00
0.1,900.0,250.0,1125,0.97934,23.73,46.1,buck,2.90,0.26,1.26,12.11,0.84,0.10,0.21,0.04,6.00,0.00
0.1,900.0,300.0,1350,0.97987,27.73,46.1,buck,3.36,0.35,1.40,15.26,0.97,0.12,0.21,0.05,6.00,0.00
0.1,900.0,350.0,1575,0.98068,31.03,46.2,buck,3.71,0.42,1.51,17.90,1.07,0.15,0.21,0.05,6.00,0.01
0.1,900.0,400.0,1800,0.98198,33.02,46.2,buck,3.94,0.45,1.57,19.49,1.14,0.16,0.21,0.05,6.00,0.01
0.1,900.0,450.0,2025,0.98363,33.70,46.2,buck,4.02,0.47,1.59,20.02,1.16,0.17,0.21,0.05,6.00,0.01
0.1,900.0,500.0,2250,0.98553,33.04,46.2,buck,3.94,0.45,1.57,19.49,1.14,0.17,0.21,0.05,6.00,0.01
0.1,900.0,550.0,2475,0.98761,31.05,46.2,buck,3.71,0.42,1.51,17.90,1.07,0.17,0.21,0.05,6.00,0.01
0.1,900.0,600.0,2700,0.98982,27.76,46.1,buck,3.36,0.35,1.40,15.26,0.97,0.15,0.21,0.05,6.00,0.00
0.1,900.0,650.0,2750,0.99149,23.61,46.0,buck,2.80,0.24,1.26,12.11,0.81,0.13,0.21,0.04,6.00,0.00
0.1,900.0,700.0,2750,0.99313,19.02,45.8,buck,2.17,0.10,1.08,8.69,0.63,0.10,0.21,0.03,6.00,0.00
0.1,900.0,750.0,2750,0.99447,15.28,45.9,buck,1.55,0.75,0.83,5.39,0.45,0.06,0.21,0.02,6.00,0.00
0.1,900.0,800.0,2750,0.99415,16.17,47.6,buck,1.01,5.59,0.54,2.48,0.29,0.03,0.21,0.01,6.00,0.00
0.1,900.0,850.0,2750,0.98530,41.04,50.9,band,0.64,28.19,0.66,0.58,0.18,0.01,0.43,0.01,6.00,4.33
0.1,900.0,900.0,2750,0.98325,46.86,51.5,band,0.47,34.21,0.55,0.58,0.13,0.00,0.43,0.01,6.00,4.47
0.1,900.0,950.0,2750,0.98426,43.98,51.4,band,0.59,31.05,0.61,0.58,0.17,0.01,0.43,0.01,6.00,4.53
0.1,900.0,1000.0,2750,0.99428,15.82,47.3,boost,0.91,5.31,0.55,2.53,0.26,0.03,0.21,0.01,6.00,0.00
0.1,950.0,250.0,1125,0.97883,24.33,46.1,buck,2.98,0.22,1.29,12.61,0.86,0.10,0.21,0.04,6.00,0.00
0.1,950.0,300.0,1350,0.97903,28.92,46.2,buck,3.49,0.33,1.44,16.26,1.01,0.13,0.21,0.05,6.00,0.00
0.1,950.0,350.0,1575,0.97967,32.69,46.2,buck,3.91,0.40,1.56,19.27,1.13,0.15,0.21,0.05,6.00,0.00
0.1,950.0,400.0,1800,0.98080,35.23,46.3,buck,4.20,0.46,1.64,21.27,1.21,0.17,0.21,0.06,6.00,0.01
0.1,950.0,450.0,2025,0.98229,36.51,46.3,buck,4.35,0.48,1.68,22.27,1.26,0.19,0.21,0.06,6.00,0.01
0.1,950.0,500.0,2250,0.98403,36.52,46.2,buck,4.35,0.48,1.68,22.27,1.26,0.19,0.21,0.06,6.00,0.01
0.1,950.0,550.0,2475,0.98596,35.25,46.2,buck,4.20,0.46,1.64,21.27,1.21,0.19,0.21,0.06,6.00,0.01
0.1,950.0,600.0,2700,0.98803,32.72,46.2,buck,3.91,0.40,1.56,19.27,1.13,0.18,0.21,0.05,6.00,0.00
0.1,950.0,650.0,2750,0.98964,28.80,46.1,buck,3.39,0.31,1.44,16.26,0.98,0.16,0.21,0.05,6.00,0.00
0.1,950.0,700.0,2750,0.99133,24.04,45.9,buck,2.77,0.18,1.28,12.61,0.80,0.13,0.21,0.04,6.00,0.00
0.1,950.0,750.0,2750,0.99306,19.22,45.8,buck,2.13,0.03,1.09,9.01,0.62,0.10,0.21,0.03,6.00,0.00
0.1,950.0,800.0,2750,0.99457,15.01,45.8,buck,1.50,0.41,0.85,5.51,0.43,0.07,0.21,0.02,6.00,0.00
0.1,950.0,850.0,2750,0.99422,15.98,47.5,buck,0.96,5.43,0.54,2.51,0.28,0.03,0.21,0.01,6.00,0.00
0.1,950.0,900.0,2750,0.98426,43.99,51.4,band,0.59,31.05,0.61,0.58,0.17,0.01,0.43,0.01,6.00,4.53
0.1,950.0,950.0,2750,0.98188,50.75,52.0,band,0.42,38.01,0.51,0.58,0.12,0.00,0.43,0.01,6.00,4.67
0.1,950.0,1000.0,2750,0.98320,47.00,51.9,band,0.54,33.97,0.57,0.58,0.15,0.01,0.43,0.01,6.00,4.73
0.1,1000.0,250.0,1125,0.97837,24.87,46.1,buck,3.06,0.19,1.31,13.06,0.88,0.10,0.21,0.04,6.00,0.00
0.1,1000.0,300.0,1350,0.97826,30.00,46.2,buck,3.61,0.30,1.48,17.16,1.04,0.13,0.21,0.05,6.00,0.00
0.1,1000.0,350.0,1575,0.97875,34.20,46.3,buck,4.09,0.40,1.61,20.49,1.18,0.16,0.21,0.06,6.00,0.00
0.1,1000.0,400.0,1800,0.97969,37.31,46.3,buck,4.45,0.46,1.70,22.95,1.28,0.18,0.21,0.06,6.00,0.01
0.1,1000.0,450.0,2025,0.98083,39.58,46.3,buck,4.67,0.50,1.76,24.81,1.35,0.20,0.21,0.06,6.00,0.01
0.1,1000.0,500.0,2250,0.98239,40.34,46.3,buck,4.75,0.51,1.78,25.43,1.37,0.21,0.21,0.06,6.00,0.01
0.1,1000.0,550.0,2475,0.98426,39.59,46.3,buck,4.67,0.50,1.76,24.81,1.35,0.21,0.21,0.06,6.00,0.01
0.1,1000.0,600.0,2700,0.98636,37.33,46.3,buck,4.45,0.46,1.70,22.95,1.28,0.21,0.21,0.06,6.00,0.01
0.1,1000.0,650.0,2750,0.98776,34.07,46.2,buck,3.98,0.37,1.61,20.49,1.15,0.19,0.21,0.05,6.00,0.00
0.1,1000.0,700.0,2750,0.98931,29.71,46.1,buck,3.40,0.26,1.47,17.16,0.98,0.17,0.21,0.05,6.00,0.00
0.1,1000.0,750.0,2750,0.99119,24.44,45.9,buck,2.76,0.12,1.31,13.06,0.80,0.14,0.21,0.04,6.00,0.00
0.1,1000.0,800.0,2750,0.99297,19.46,45.8,buck,2.10,0.00,1.11,9.30,0.61,0.10,0.21,0.03,6.00,0.00
0.1,1000.0,850.0,2750,0.99465,14.80,45.7,buck,1.46,0.13,0.87,5.61,0.42,0.07,0.21,0.02,6.00,0.00
0.1,1000.0,900.0,2750,0.99428,15.82,47.4,buck,0.91,5.31,0.55,2.53,0.26,0.03,0.21,0.01,6.00,0.00
0.1,1000.0,950.0,2750,0.98320,47.00,51.8,band,0.54,33.97,0.57,0.58,0.15,0.01,0.43,0.01,6.00,4.73
0.1,1000.0,1000.0,2750,0.98047,54.79,52.5,band,0.38,41.94,0.47,0.58,0.11,0.00,0.43,0.01,6.00,4.86
