t_s,v_drain_V,i_primary_A,v_out_V,v_fbk_V,v_bulk_V,v_comp_V
0,1000,1e-06,22.7704,0,1000,3.28754
2.0298e-07,999.994,1.23952e-07,22.7601,0,1000,3.28333
4.01708e-07,999.993,1.45108e-06,22.7585,0,1000,3.27941
6.01708e-07,999.996,2.39267e-06,22.7575,0,1000,3.27567
8.01708e-07,1000,2.57693e-06,22.7567,0,1000,3.27213
1.00171e-06,1000.01,1.91732e-06,22.7558,0,1000,3.26878
1.20171e-06,1000.01,7.68292e-07,22.755,0,1000,3.26562
1.40171e-06,1000,-2.55629e-07,22.7541,0,1000,3.26263
1.60171e-06,1000,-6.07563e-07,22.7533,0,1000,3.25982
1.80171e-06,999.995,-1.00165e-07,22.7524,0,1000,3.25717
2.00171e-06,999.993,9.9446e-07,22.7516,0,1000,3.25469
2.20171e-06,999.995,2.09055e-06,22.7507,0,1000,3.25236
2.40171e-06,999.999,2.60232e-06,22.7499,0,1000,3.25019
2.60171e-06,1000,2.25722e-06,22.749,0,1000,3.24816
2.80171e-06,1000.01,1.24089e-06,22.7482,0,1000,3.24627
3.00171e-06,1000.01,9.71109e-08,22.7473,0,1000,3.24451
3.20171e-06,1000,-5.63058e-07,22.7465,0,1000,3.24289
3.40171e-06,999.996,-3.87489e-07,22.7456,0,1000,3.2414
3.60171e-06,999.993,5.29101e-07,22.7448,0,1000,3.24003
3.80171e-06,999.993,1.69603e-06,22.7439,0,1000,3.23878
4.00171e-06,999.997,2.48942e-06,22.7431,0,1000,3.23765
4.20171e-06,1000,2.48596e-06,22.7422,0,1000,3.23662
4.40171e-06,1000.01,1.68874e-06,22.7414,0,1000,3.23571
4.60171e-06,1000.01,5.2468e-07,22.7405,0,1000,3.2349
4.80171e-06,1000,-3.84124e-07,22.7397,0,1000,3.23419
5.00171e-06,999.998,-5.52627e-07,22.7388,0,1000,3.23359
5.20171e-06,999.994,1.08352e-07,22.738,0,1000,3.23307
5.40171e-06,999.993,1.24472e-06,22.7371,0,1000,3.23265
5.60171e-06,999.995,2.24873e-06,22.7363,0,1000,3.23232
5.80171e-06,1000,2.58426e-06,22.7354,0,1000,3.23208
6.00171e-06,1000.01,2.07317e-06,22.7346,0,1000,3.23192
6.20171e-06,1000.01,9.89683e-07,22.7337,0,1000,3.23184
6.40171e-06,1000.01,-8.69174e-08,22.7329,0,1000,3.23184
6.61188e-06,1000,-5.84739e-07,22.732,0,1000,3.23192
6.80088e-06,0.0185799,0.00935274,22.7302,0,999.999,3.23206
7.00775e-06,0.430313,0.211713,22.7302,0,999.996,3.2323
7.20775e-06,0.775074,0.381282,22.7294,0,999.987,3.23259
7.40775e-06,1.11975,0.550801,22.7286,0,999.973,3.23296
7.60775e-06,1.46431,0.720258,22.7277,0,999.953,3.23339
7.80775e-06,1.80875,0.889653,22.7269,0,999.929,3.23388
8.00775e-06,2.15306,1.05898,22.726,0,999.9,3.23443
8.20321e-06,1252.55,0.895474,22.7298,0,999.876,3.23503
8.40123e-06,1248.13,0.210726,22.7572,0,999.877,3.23568
8.60102e-06,1041.56,0.0313434,22.7821,0,999.878,3.2363
8.80684e-06,1082.23,-0.101512,22.7862,0,999.878,3.23686
9.00624e-06,1202.72,-0.0986732,22.7855,0,999.877,3.23731
9.20012e-06,1226.7,0.0609889,22.7854,0,999.877,3.23767
9.40602e-06,1134.84,0.120532,22.7891,0,999.878,3.23795
9.60144e-06,1046.8,0.0117605,22.7939,0,999.879,3.23813
9.80194e-06,1104.86,-0.108197,22.7953,0,999.878,3.23822
1.00033e-05,1211.09,-0.0773724,22.794,0,999.877,3.23823
1.02059e-05,1222.12,0.0539394,22.7941,0,999.877,3.23814
1.04008e-05,1113.05,0.106712,22.7977,0,999.878,3.23798
1.0601e-05,1052.87,-0.00376794,22.8014,0,999.879,3.23772
1.08013e-05,1118.75,-0.105694,22.8019,0,999.878,3.23739
1.10025e-05,1213.91,-0.0589949,22.8003,0,999.878,3.23697
1.12051e-05,1209.58,0.0634942,22.8004,0,999.878,3.23646
1.14031e-05,1108.97,0.0961995,22.8035,0,999.879,3.2359
1.16018e-05,1060.14,-0.0155829,22.8065,0,999.879,3.23525
1.18003e-05,1133.74,-0.101016,22.8062,0,999.879,3.23454
1.20059e-05,1210.76,-0.0497704,22.8045,0,999.878,3.23373
1.22089e-05,1202.1,0.0624063,22.8043,0,999.878,3.23287
1.2401e-05,1097.69,0.0796647,22.8071,0,999.879,3.23199
1.26065e-05,1066.71,-0.0176308,22.8091,0,999.88,3.23099
1.2803e-05,1140.68,-0.093622,22.8082,0,999.879,3.22997
1.30024e-05,1212.08,-0.025344,22.806,0,999.879,3.22889
1.3203e-05,1181.03,0.0757255,22.806,0,999.879,3.22776
1.34062e-05,1099.18,0.0716073,22.808,0,999.88,3.22656
1.36015e-05,1079.16,-0.0400828,22.8093,0,999.88,3.22537
1.38043e-05,1150,-0.0852114,22.8078,0,999.88,3.22409
1.40016e-05,1208.3,-0.00722284,22.8054,0,999.879,3.22281
1.42004e-05,1163.58,0.0779413,22.8053,0,999.88,3.2215
1.44047e-05,1092.49,0.0541137,22.8067,0,999.88,3.22012
1.46085e-05,1083.99,-0.0359392,22.8071,0,999.88,3.21872
1.4804e-05,1159.61,-0.0750557,22.805,0,999.88,3.21735
1.5002e-05,1202.32,0.00537509,22.8025,0,999.88,3.21596
1.52077e-05,1162.09,0.0707325,22.802,0,999.88,3.2145
1.54022e-05,1088.72,0.035335,22.8031,0,999.881,3.21311
1.56086e-05,1094.21,-0.0432874,22.8026,0,999.881,3.21163
1.58072e-05,1162.71,-0.0657423,22.7999,0,999.88,3.21021
1.60031e-05,1195.05,0.0149156,22.7972,0,999.88,3.20881
1.62043e-05,1146.09,0.0678456,22.7966,0,999.881,3.20738
1.64003e-05,1089.14,0.0182837,22.797,0,999.881,3.206
1.66027e-05,1110.32,-0.0530551,22.7955,0,999.881,3.2046
1.6806e-05,1168.67,-0.0525268,22.7925,0,999.881,3.20321
1.70018e-05,1184.78,0.0239372,22.7897,0,999.881,3.20189
1.72015e-05,1129.44,0.0337762,22.789,0,999.881,3.20058
1.74027e-05,1121.53,-0.00323491,22.7878,0,999.881,3.19929
1.7602e-05,1120.85,-0.010317,22.7856,0,999.881,3.19804
1.78113e-05,1042.97,-0.0245008,22.7846,0,999.882,3.19678
1.80113e-05,939.784,-0.0232103,22.7837,0,999.883,3.19561
1.82113e-05,873.439,-0.00741331,22.7829,0,999.883,3.19449
1.84113e-05,885.583,0.0130043,22.7821,0,999.883,3.19341
1.86113e-05,968.467,0.0252563,22.7813,0,999.883,3.19237
1.88113e-05,1069.99,0.0217518,22.7804,0,999.882,3.19137
1.90117e-05,1127.34,0.00489734,22.7796,0,999.882,3.19042
1.92105e-05,1107.17,-0.0143721,22.7787,0,999.882,3.18951
1.94121e-05,1020.94,-0.0253517,22.7778,0,999.883,3.18864
1.96121e-05,921.462,-0.0206164,22.7769,0,999.884,3.18782
1.98121e-05,870.322,-0.00298652,22.7761,0,999.884,3.18704
2.00121e-05,899.616,0.0164902,22.7753,0,999.884,3.18631
2.02121e-05,990.81,0.0256264,22.7745,0,999.883,3.18562
2.04121e-05,1086.69,0.0188066,22.7736,0,999.883,3.18498
2.06183e-05,1128.2,-1.90831e-05,22.7727,0,999.882,3.18437
2.08126e-05,1091.56,-0.0176292,22.7718,0,999.883,3.18383
2.10093e-05,1000.62,-0.0253682,22.771,0,999.884,3.18333
2.12093e-05,907.408,-0.0176911,22.7701,0,999.884,3.18287
2.14093e-05,871.356,0.00105115,22.7693,0,999.885,3.18245
2.16093e-05,915.076,0.0191106,22.7685,0,999.884,3.18208
2.18093e-05,1010.97,0.0252,22.7677,0,999.884,3.18175
2.20195e-05,1102.17,0.014794,22.7668,0,999.883,3.18145
2.22015e-05,0.102951,0.0508041,22.7651,0,999.882,3.18124
2.24073e-05,0.455826,0.224261,22.765,0,999.878,3.18103
2.26073e-05,0.800551,0.393812,22.7642,0,999.869,3.18088
2.28073e-05,1.14518,0.563306,22.7633,0,999.855,3.18078
2.30073e-05,1.48969,0.732739,22.7625,0,999.835,3.18071
2.32073e-05,1.83408,0.902109,22.7616,0,999.811,3.18069
2.34073e-05,2.17834,1.07142,22.7608,0,999.781,3.18071
2.36075e-05,1251.27,0.712538,22.7696,0,999.764,3.18077
2.38017e-05,1246.91,0.0510375,22.7989,0,999.765,3.18084
2.40125e-05,1155.22,0.126963,22.8139,0,999.765,3.18086
2.42006e-05,1041.86,0.0124212,22.8204,0,999.766,3.18078
2.44072e-05,1089.88,-0.105229,22.8224,0,999.766,3.1806
2.46002e-05,1218.41,-0.0761607,22.8208,0,999.765,3.18033
2.48057e-05,1227.37,0.0547548,22.8213,0,999.765,3.17995
2.50034e-05,1119.88,0.115347,22.825,0,999.766,3.17948
2.5201e-05,1048.17,-0.000558464,22.8294,0,999.767,3.17893
2.54045e-05,1107.87,-0.107346,22.8304,0,999.767,3.17826
2.56002e-05,1219.05,-0.0603594,22.8286,0,999.766,3.17753
2.58067e-05,1217.55,0.0596729,22.829,0,999.766,3.17667
2.60014e-05,1106.88,0.101406,22.8324,0,999.767,3.17577
2.62027e-05,1055.02,-0.00977281,22.8358,0,999.768,3.17476
2.64038e-05,1122.37,-0.104491,22.836,0,999.768,3.17367
2.66036e-05,1215.42,-0.0515997,22.8342,0,999.767,3.17251
2.68074e-05,1206.19,0.0654252,22.8342,0,999.767,3.17125
2.70041e-05,1104.05,0.0908262,22.8372,0,999.768,3.16996
2.72037e-05,1062.7,-0.0205688,22.8398,0,999.769,3.16859
2.74052e-05,1132.2,-0.0984997,22.8394,0,999.768,3.16714
2.7606e-05,1212.76,-0.0398453,22.8373,0,999.768,3.16563
2.78026e-05,1186.61,0.0777821,22.8373,0,999.768,3.1641
2.80038e-05,1096.58,0.0758565,22.8397,0,999.769,3.16248
2.8203e-05,1072.48,-0.0343738,22.8414,0,999.769,3.16082
2.84014e-05,1151.37,-0.0905523,22.8401,0,999.769,3.15912
2.86033e-05,1211.75,-0.017254,22.8379,0,999.769,3.15735
2.88032e-05,1173.75,0.0783787,22.8379,0,999.769,3.15556
2.90094e-05,1098.56,0.0680943,22.8396,0,999.77,3.15368
2.92048e-05,1081.68,-0.0410547,22.8406,0,999.77,3.15186
2.9402e-05,1160.81,-0.0799987,22.8386,0,999.77,3.15
2.96011e-05,1206.64,0.00278619,22.8363,0,999.769,3.1481
2.98051e-05,1163.49,0.0755521,22.8361,0,999.77,3.14614
3.00076e-05,1092.82,0.0512607,22.8373,0,999.771,3.14417
3.02046e-05,1092.17,-0.0479391,22.8374,0,999.771,3.14225
3.04041e-05,1164.79,-0.0702763,22.8349,0,999.77,3.1403
3.06011e-05,1199.54,0.0142997,22.8324,0,999.77,3.13836
3.08029e-05,1148.95,0.0725789,22.832,0,999.771,3.13639
3.10052e-05,1089.65,0.0327799,22.8326,0,999.771,3.13441
3.12115e-05,1096.49,-0.0432899,22.8318,0,999.771,3.13241
3.14032e-05,1171.41,-0.0572051,22.8288,0,999.771,3.13056
3.16003e-05,1190.4,0.0250244,22.8262,0,999.771,3.12867
3.18027e-05,1138.5,0.065502,22.8255,0,999.772,3.12676
3.20038e-05,1091.05,0.0169267,22.8254,0,999.772,3.12489
3.22048e-05,1113.4,-0.0516741,22.8238,0,999.772,3.12305
3.24076e-05,1156.98,-0.0263019,22.8206,0,999.772,3.12122
3.26026e-05,1139.9,0.00858808,22.8188,0,999.772,3.11951
3.28e-05,1124.32,-0.0139915,22.8174,0,999.773,3.11781
3.30109e-05,1031.76,-0.0273678,22.8163,0,999.773,3.11605
3.32109e-05,921.442,-0.0236045,22.8155,0,999.774,3.11443
3.34109e-05,859.326,-0.00505947,22.8147,0,999.775,3.11285
3.36109e-05,884.441,0.0166312,22.8139,0,999.775,3.11132
3.38109e-05,980.855,0.0278799,22.8131,0,999.774,3.10984
3.40109e-05,1087.95,0.0217311,22.8122,0,999.774,3.1084
3.42037e-05,1139.04,0.00313223,22.8114,0,999.774,3.10707
3.44041e-05,1108.82,-0.0173345,22.8104,0,999.774,3.10573
3.46143e-05,1006.15,-0.0277613,22.8095,0,999.775,3.10438
3.48143e-05,902.399,-0.0201644,22.8086,0,999.776,3.10314
3.50143e-05,858.816,5.28978e-05,22.8078,0,999.776,3.10196
3.52143e-05,902.77,0.0202103,22.807,0,999.776,3.10083
3.54143e-05,1006.47,0.0276946,22.8062,0,999.775,3.09974
3.56143e-05,1104.86,0.0179307,22.8054,0,999.775,3.09871
3.58145e-05,1137.52,-0.00247327,22.8045,0,999.775,3.09773
3.60012e-05,1092.55,-0.020176,22.8036,0,999.775,3.09686
3.62146e-05,982.72,-0.0271952,22.8027,0,999.776,3.09591
3.64146e-05,888.342,-0.0163835,22.8018,0,999.777,3.09508
3.66146e-05,862.984,0.00467806,22.801,0,999.777,3.0943
3.68146e-05,922.523,0.022781,22.8002,0,999.777,3.09357
3.70146e-05,1029.39,0.0266157,22.7994,0,999.776,3.09289
3.72011e-05,1112.71,0.0151563,22.7986,0,999.776,3.0923
3.74084e-05,1132.26,-0.00614917,22.7977,0,999.776,3.09169
3.76011e-05,-0.00127838,-0.000367991,22.7958,0,999.776,3.09117
3.78046e-05,0.388744,0.191268,22.7958,0,999.773,3.09068
3.80046e-05,0.733445,0.360808,22.7951,0,999.765,3.09024
3.82046e-05,1.07806,0.530296,22.7942,0,999.751,3.08985
3.84046e-05,1.42256,0.699723,22.7934,0,999.733,3.08951
3.86046e-05,1.76693,0.869088,22.7925,0,999.71,3.08922
3.88046e-05,2.11118,1.03839,22.7917,0,999.681,3.08897
3.90051e-05,1251.01,0.6879,22.8002,0,999.665,3.08877
3.9204e-05,1246.47,0.012673,22.8301,0,999.665,3.08859
3.94151e-05,1183.49,0.116667,22.8427,0,999.666,3.08833
3.96067e-05,1053.11,0.058145,22.8489,0,999.667,3.08802
3.98069e-05,1072.69,-0.0880421,22.8516,0,999.667,3.0876
4.00061e-05,1191,-0.105518,22.8506,0,999.666,3.0871
4.02003e-05,1230.91,0.0443105,22.85,0,999.666,3.08652
4.04015e-05,1136.98,0.118161,22.8532,0,999.667,3.08583
4.06049e-05,1053.19,0.0367036,22.8574,0,999.668,3.08505
4.08042e-05,1090.2,-0.0952852,22.859,0,999.668,3.0842
4.10072e-05,1194.33,-0.0927995,22.8577,0,999.667,3.08325
4.12015e-05,1221.32,0.0506061,22.857,0,999.667,3.08227
4.14064e-05,1137.07,0.109898,22.8596,0,999.668,3.08115
4.16058e-05,1056.9,0.0229965,22.8633,0,999.669,3.07999
4.18004e-05,1110.82,-0.099743,22.8639,0,999.669,3.07878
4.20053e-05,1201.85,-0.0740123,22.8623,0,999.668,3.07744
4.22061e-05,1214.92,0.0483483,22.8616,0,999.669,3.07606
4.24049e-05,1123.5,0.0995163,22.8639,0,999.669,3.07463
4.26003e-05,1061.31,-0.00615925,22.8669,0,999.67,3.07317
4.28037e-05,1117.5,-0.0942561,22.8667,0,999.67,3.07159
4.30009e-05,1209.12,-0.0485601,22.8644,0,999.67,3.07
4.32044e-05,1201.24,0.0599116,22.8638,0,999.67,3.06831
4.34039e-05,1111.91,0.0865894,22.8659,0,999.671,3.06661
4.3604e-05,1067.93,-0.0114249,22.8678,0,999.671,3.06487
4.38013e-05,1134.9,-0.0907693,22.8668,0,999.671,3.06311
4.40035e-05,1206.55,-0.0371583,22.8645,0,999.671,3.06126
4.42105e-05,1195.66,0.0557804,22.8636,0,999.671,3.05935
4.44026e-05,1101.97,0.0710003,22.8654,0,999.672,3.05754
4.4607e-05,1075.09,-0.0185529,22.8664,0,999.672,3.05559
4.48022e-05,1145.42,-0.0831818,22.8647,0,999.672,3.05372
4.50007e-05,1205.4,-0.0149537,22.8621,0,999.672,3.05179
4.52051e-05,1176.45,0.0670811,22.8613,0,999.672,3.0498
4.54092e-05,1105.71,0.0653908,22.8622,0,999.673,3.0478
4.56066e-05,1083.65,-0.0291399,22.8626,0,999.673,3.04587
4.58017e-05,1154.77,-0.0740749,22.8603,0,999.673,3.04395
4.60035e-05,1200.11,-0.00743715,22.8575,0,999.673,3.04198
4.62016e-05,1160.24,0.0688203,22.8566,0,999.674,3.04005
4.64059e-05,1097.82,0.0471493,22.8569,0,999.674,3.03807
4.66031e-05,1095.99,-0.0418475,22.8564,0,999.674,3.03618
4.68019e-05,1161.71,-0.0630196,22.8535,0,999.674,3.03429
4.70041e-05,1193.45,0.00367708,22.8506,0,999.674,3.03239
4.72084e-05,1157.21,0.060619,22.8492,0,999.675,3.03051
4.74056e-05,1097.61,0.0325829,22.8491,0,999.675,3.02872
4.76008e-05,1125.64,-0.0251801,22.8472,0,999.675,3.02699
4.78001e-05,1143.22,-0.000877237,22.8446,0,999.675,3.02526
4.80026e-05,1100.01,-0.0199643,22.8434,0,999.676,3.02354
4.82062e-05,993.892,-0.0283137,22.8424,0,999.677,3.02187
4.84062e-05,891.92,-0.0187813,22.8416,0,999.678,3.02027
4.86062e-05,856.64,0.00250025,22.8408,0,999.678,3.01872
4.88062e-05,910.181,0.0221866,22.84,0,999.678,3.01722
4.90062e-05,1018.72,0.0279671,22.8392,0,999.678,3.01577
4.92062e-05,1114.22,0.0163526,22.8383,0,999.677,3.01436
4.94098e-05,1138.18,-0.00510959,22.8374,0,999.677,3.01299
4.96068e-05,1078.87,-0.0229663,22.8365,0,999.678,3.0117
4.9814e-05,966.082,-0.0272085,22.8356,0,999.679,3.0104
5.0014e-05,876.819,-0.0140004,22.8347,0,999.68,3.0092
5.0214e-05,863.746,0.00796124,22.8339,0,999.68,3.00805
5.0414e-05,934.997,0.0249059,22.8331,0,999.68,3.00695
5.0614e-05,1045.64,0.0262621,22.8323,0,999.679,3.00589
5.08026e-05,1123.78,0.0124713,22.8315,0,999.679,3.00495
5.10192e-05,1128.26,-0.0104033,22.8305,0,999.679,3.00392
5.12068e-05,1057.48,-0.0248988,22.8297,0,999.68,3.00307
5.1402e-05,950.757,-0.0258416,22.8288,0,999.681,3.00224
5.1602e-05,871.275,-0.0108452,22.828,0,999.682,3.00144
5.1802e-05,871.475,0.0109266,22.8272,0,999.682,3.00069
5.2002e-05,951.124,0.0258257,22.8264,0,999.681,2.99999
5.2202e-05,1060.05,0.0245761,22.8255,0,999.681,2.99934
5.24104e-05,1131.63,0.00719909,22.8246,0,999.681,2.99871
5.26046e-05,1119.85,-0.0128847,22.8237,0,999.681,2.99817
5.28141e-05,1031.19,-0.0262407,22.8228,0,999.682,2.99764
5.30019e-05,0.0641452,0.0315976,22.8213,0,999.682,2.99722
5.32105e-05,0.409893,0.201673,22.8211,0,999.679,2.99679
5.34105e-05,0.754579,0.371203,22.8203,0,999.67,2.99644
5.36105e-05,1.09916,0.540672,22.8194,0,999.657,2.99613
5.38105e-05,1.44362,0.710079,22.8186,0,999.638,2.99587
5.40105e-05,1.78795,0.879424,22.8177,0,999.614,2.99565
5.42005e-05,73.9641,1.03667,22.8169,0,999.587,2.99549
5.44072e-05,1249.49,0.464549,22.8327,0,999.579,2.99536
5.46155e-05,1124.2,-0.128385,22.8648,0,999.58,2.99522
5.48004e-05,1242.62,-0.00256538,22.8664,0,999.579,2.99504
5.50094e-05,1193.01,0.106922,22.8688,0,999.58,2.99475
5.52031e-05,1064.85,0.0760658,22.8738,0,999.581,2.9944
5.54062e-05,1058.69,-0.061852,22.8768,0,999.582,2.99394
5.56065e-05,1164.35,-0.116257,22.8762,0,999.581,2.9934
5.58038e-05,1235.59,0.00176886,22.8748,0,999.581,2.9928
5.60071e-05,1174.98,0.108269,22.8766,0,999.582,2.99209
5.62081e-05,1070.4,0.0711671,22.8806,0,999.583,2.99131
5.64125e-05,1062.95,-0.054176,22.883,0,999.583,2.99043
5.66017e-05,1183.21,-0.0984034,22.8814,0,999.583,2.98955
5.68023e-05,1227.53,0.0192738,22.8802,0,999.582,2.98855
5.70033e-05,1153.78,0.106533,22.8821,0,999.583,2.98748
5.72062e-05,1067.07,0.0503214,22.8853,0,999.584,2.98633
5.7401e-05,1091.03,-0.0830064,22.8865,0,999.584,2.98516
5.76073e-05,1179.54,-0.0914507,22.885,0,999.584,2.98386
5.78058e-05,1220.19,0.0230514,22.8834,0,999.584,2.98255
5.80011e-05,1136.77,0.0992731,22.8851,0,999.585,2.98122
5.82026e-05,1065.8,0.024879,22.8877,0,999.586,2.97978
5.84056e-05,1097.18,-0.0786783,22.8879,0,999.586,2.97829
5.86022e-05,1193.77,-0.0688191,22.8856,0,999.585,2.9768
5.88035e-05,1208.75,0.0397382,22.8842,0,999.585,2.97524
5.9005e-05,1132.75,0.0908578,22.8854,0,999.586,2.97364
5.92002e-05,1069.44,0.00326352,22.8875,0,999.587,2.97205
5.9405e-05,1111.38,-0.0800059,22.8868,0,999.587,2.97036
5.96061e-05,1192.45,-0.0589176,22.8842,0,999.587,2.96867
5.9803e-05,1196.68,0.0496491,22.8827,0,999.587,2.967
6.00004e-05,1114.91,0.0769906,22.8838,0,999.588,2.9653
6.02039e-05,1075.49,-0.00352354,22.8847,0,999.588,2.96354
6.04025e-05,1127.93,-0.0789227,22.8833,0,999.588,2.96181
6.06027e-05,1196.83,-0.0375006,22.8803,0,999.588,2.96006
6.08027e-05,1184.89,0.0549395,22.8788,0,999.588,2.95831
6.10074e-05,1117.6,0.0701972,22.8791,0,999.589,2.95652
6.12048e-05,1082.33,-0.0137886,22.8795,0,999.59,2.95481
6.1406e-05,1133.47,-0.0723506,22.8775,0,999.59,2.95306
6.16001e-05,1195.85,-0.0185186,22.8742,0,999.59,2.9514
6.18014e-05,1171.16,0.0582698,22.8726,0,999.59,2.94969
6.20061e-05,1109.86,0.0561401,22.8725,0,999.591,2.94797
6.22035e-05,1091.56,-0.0249692,22.872,0,999.591,2.94634
6.24026e-05,1145.83,-0.0627019,22.8693,0,999.591,2.94473
6.26042e-05,1158.85,0.00443275,22.8664,0,999.591,2.94313
6.28007e-05,1129.74,-0.000865778,22.8652,0,999.592,2.9416
6.3003e-05,1099.97,-0.0165557,22.8637,0,999.592,2.94008
6.32047e-05,1007.73,-0.0259075,22.8628,0,999.593,2.9386
6.34047e-05,910.272,-0.019122,22.8619,0,999.594,2.93718
6.36047e-05,868.003,-0.000386319,22.8611,0,999.595,2.93581
6.38047e-05,907.433,0.0185662,22.8603,0,999.595,2.93448
6.40047e-05,1003.65,0.0258845,22.8595,0,999.594,2.9332
6.42047e-05,1096.37,0.0171155,22.8587,0,999.594,2.93196
6.44165e-05,1128.27,-0.00306044,22.8577,0,999.594,2.9307
6.46073e-05,1081.96,-0.0196726,22.8568,0,999.595,2.92962
6.48182e-05,978.758,-0.0253785,22.8559,0,999.596,2.92847
6.50182e-05,892.241,-0.0145744,22.8551,0,999.596,2.92742
6.52182e-05,872.237,0.00533766,22.8542,0,999.597,2.92643
6.54182e-05,931.242,0.0218813,22.8534,0,999.597,2.92549
6.56182e-05,1032.07,0.0247355,22.8526,0,999.596,2.92459
6.58182e-05,1111.76,0.0122775,22.8518,0,999.596,2.92374
6.60178e-05,1122.21,-0.00726264,22.8509,0,999.596,2.92294
6.6214e-05,1060.24,-0.0221694,22.85,0,999.597,2.9222
6.64092e-05,962.561,-0.0242932,22.8491,0,999.598,2.92151
6.66092e-05,885.06,-0.0114885,22.8483,0,999.599,2.92085
6.68092e-05,878.585,0.0084921,22.8475,0,999.599,2.92024
6.70092e-05,947.115,0.0231305,22.8467,0,999.599,2.91968
6.72092e-05,1047.52,0.0233135,22.8458,0,999.598,2.91916
6.74007e-05,1115.63,0.00984577,22.845,0,999.598,2.91871
6.76007e-05,1116.21,-0.009487,22.8441,0,999.598,2.91829
6.7809e-05,1042.29,-0.0233408,22.8431,0,999.599,2.9179
6.80068e-05,944.429,-0.0224714,22.8423,0,999.6,2.91757
6.8217e-05,877.752,-0.0066205,22.8414,0,999.601,2.91728
6.84002e-05,0.146151,0.0718833,22.8401,0,999.6,2.91706
6.86008e-05,0.486465,0.239334,22.8397,0,999.596,2.91687
6.88008e-05,0.8311,0.408837,22.8389,0,999.587,2.91672
6.90008e-05,1.17562,0.578278,22.8381,0,999.572,2.91662
6.92008e-05,1.52003,0.747658,22.8372,0,999.552,2.91657
6.94008e-05,1.8643,0.916975,22.8364,0,999.527,2.91655
6.96014e-05,1251.34,0.763732,22.8399,0,999.506,2.91658
6.98195e-05,1246.4,0.0219401,22.87,0,999.507,2.91665
7.00089e-05,1123.72,0.125831,22.8835,0,999.508,2.91666
7.02005e-05,1042.51,-0.0163567,22.8891,0,999.509,2.9166
7.04025e-05,1121.76,-0.120853,22.8898,0,999.509,2.91645
7.06031e-05,1226.56,-0.0602125,22.8881,0,999.508,2.91622
7.08059e-05,1215.83,0.0764329,22.8886,0,999.509,2.91591
7.10059e-05,1105.24,0.109015,22.8922,0,999.51,2.91552
7.12039e-05,1049.72,-0.0189411,22.8958,0,999.51,2.91506
7.14024e-05,1133.28,-0.114657,22.8956,0,999.51,2.91453
7.16039e-05,1224.54,-0.0461419,22.8938,0,999.51,2.91391
7.18006e-05,1194.19,0.0904358,22.8942,0,999.51,2.91324
7.20031e-05,1092.58,0.0912178,22.8974,0,999.511,2.91247
7.22061e-05,1057.44,-0.0254122,22.8999,0,999.512,2.91164
7.24013e-05,1147.62,-0.106595,22.899,0,999.512,2.91078
7.26032e-05,1222.59,-0.0276121,22.897,0,999.511,2.90982
7.2804e-05,1186.84,0.0866726,22.8972,0,999.512,2.90882
7.30017e-05,1085.01,0.0732959,22.9001,0,999.513,2.90777
7.32032e-05,1069.31,-0.0434947,22.9017,0,999.514,2.90666
7.34066e-05,1148.07,-0.0983255,22.9003,0,999.513,2.90548
7.36056e-05,1217.69,-0.0170807,22.8979,0,999.513,2.90429
7.38013e-05,1168.29,0.0893206,22.8981,0,999.514,2.90307
7.40086e-05,1090.31,0.0685835,22.9,0,999.515,2.90174
7.42089e-05,1075.49,-0.0412509,22.901,0,999.515,2.90043
7.44049e-05,1161.83,-0.0869578,22.8989,0,999.515,2.89911
7.46018e-05,1212.01,0.00744659,22.8964,0,999.515,2.89776
7.48074e-05,1164.71,0.0822006,22.8963,0,999.516,2.89633
7.50088e-05,1086.76,0.0521023,22.8978,0,999.516,2.89491
7.52023e-05,1094.41,-0.060502,22.8978,0,999.517,2.89352
7.54046e-05,1171.03,-0.0737064,22.8952,0,999.517,2.89207
7.56014e-05,1203.4,0.0213079,22.8926,0,999.517,2.89065
7.58003e-05,1140.84,0.0793877,22.8926,0,999.517,2.8892
7.60036e-05,1082.58,0.0272592,22.8933,0,999.518,2.88773
7.62023e-05,1106.04,-0.062608,22.8923,0,999.518,2.8863
7.64065e-05,1173.69,-0.0624082,22.8893,0,999.518,2.88483
7.66033e-05,1194.76,0.0271047,22.8866,0,999.518,2.88343
7.68056e-05,1138.4,0.0711047,22.886,0,999.519,2.88201
7.70004e-05,1085.25,0.00741219,22.8863,0,999.52,2.88066
7.72089e-05,1110.03,-0.0552573,22.8845,0,999.52,2.87923
7.74029e-05,1165.1,-0.0288294,22.8811,0,999.52,2.87794
7.76015e-05,1144.7,0.0116021,22.8793,0,999.52,2.87665
7.78026e-05,1127.7,-0.008077,22.8779,0,999.521,2.87537
7.80177e-05,1057.04,-0.0234869,22.8767,0,999.522,2.87406
7.82177e-05,953.038,-0.0246078,22.8758,0,999.523,2.87287
7.84177e-05,877.333,-0.0103399,22.8749,0,999.524,2.87173
7.86177e-05,877.448,0.0103827,22.8741,0,999.524,2.87063
7.88177e-05,953.207,0.024578,22.8733,0,999.524,2.86958
7.90177e-05,1056.93,0.0234208,22.8725,0,999.523,2.86856
7.92023e-05,1121.46,0.00938581,22.8717,0,999.523,2.86767
7.94027e-05,1118.6,-0.0106437,22.8708,0,999.523,2.86674
7.96086e-05,1040.51,-0.0245364,22.8698,0,999.524,2.86583
7.98086e-05,937.801,-0.0229449,22.869,0,999.525,2.86499
8.00086e-05,872.931,-0.00699721,22.8682,0,999.526,2.86419
8.02086e-05,886.641,0.0133112,22.8673,0,999.526,2.86344
8.04086e-05,970.2,0.0252622,22.8665,0,999.526,2.86274
8.06086e-05,1071.09,0.0214532,22.8657,0,999.526,2.86208
8.08026e-05,1126.2,0.00508896,22.8648,0,999.526,2.86148
8.10026e-05,1106.6,-0.0142304,22.8639,0,999.526,2.86091
8.12121e-05,1017.07,-0.0252906,22.863,0,999.527,2.86036
8.14121e-05,918.887,-0.0200738,22.8621,0,999.528,2.85988
8.16121e-05,870.423,-0.00229378,22.8613,0,999.529,2.85945
8.18121e-05,902.106,0.0168996,22.8605,0,999.529,2.85906
8.20121e-05,993.9,0.0254976,22.8597,0,999.529,2.85871
8.22121e-05,1088.23,0.0182214,22.8588,0,999.528,2.85841
8.24078e-05,1126.93,0.000335047,22.858,0,999.528,2.85816
8.26078e-05,1089.77,-0.0176552,22.8571,0,999.529,2.85795
8.28176e-05,992.579,-0.0251224,22.8561,0,999.53,2.85777
8.30176e-05,902.652,-0.0164113,22.8553,0,999.531,2.85764
8.32176e-05,872.656,0.00256543,22.8545,0,999.531,2.85756
8.34176e-05,921.389,0.0199112,22.8537,0,999.531,2.85752
8.36078e-05,1013.18,0.0249269,22.8529,0,999.531,2.85753
8.38002e-05,0.192508,0.0946964,22.8514,0,999.53,2.85757
8.40041e-05,0.545586,0.26841,22.851,0,999.524,2.85766
8.42041e-05,0.890178,0.437892,22.8502,0,999.514,2.85779
8.44041e-05,1.23466,0.607311,22.8494,0,999.499,2.85796
8.46041e-05,1.57901,0.776668,22.8485,0,999.478,2.85817
8.48041e-05,1.92325,0.945963,22.8477,0,999.453,2.85842
8.50169e-05,1249.57,0.498722,22.8593,0,999.44,2.85873
8.52069e-05,1194.42,-0.113229,22.8882,0,999.441,2.85901
8.54018e-05,1233.27,0.0536415,22.8928,0,999.441,2.85924
8.56009e-05,1126.12,0.123143,22.8968,0,999.442,2.85939
8.58062e-05,1046.73,0.0309309,22.901,0,999.443,2.85947
8.60007e-05,1103.3,-0.1112,22.9021,0,999.443,2.85946
8.62023e-05,1212.51,-0.0807513,22.9004,0,999.443,2.85937
8.64036e-05,1223.82,0.0574088,22.9001,0,999.443,2.8592
8.66023e-05,1119.43,0.112585,22.9032,0,999.444,2.85895
8.68043e-05,1050.58,0.0105625,22.9067,0,999.445,2.85862
8.70076e-05,1101.36,-0.10082,22.9073,0,999.445,2.85822
8.72031e-05,1212.99,-0.0666125,22.905,0,999.444,2.85776
8.74013e-05,1209.45,0.0692653,22.9045,0,999.445,2.85723
8.76009e-05,1107.55,0.0989614,22.9073,0,999.446,2.85663
8.78039e-05,1056.79,-0.00513693,22.9099,0,999.447,2.85596
8.80008e-05,1128.35,-0.103276,22.9094,0,999.447,2.85525
8.82011e-05,1215.48,-0.0453343,22.907,0,999.446,2.85446
8.84099e-05,1207.82,0.0580093,22.9065,0,999.447,2.85359
8.86069e-05,1110.53,0.0917491,22.9086,0,999.448,2.85272
8.88027e-05,1065.02,-0.0219534,22.9107,0,999.449,2.85181
8.90042e-05,1133.95,-0.0960263,22.9096,0,999.448,2.85082
8.92055e-05,1210.83,-0.0380466,22.907,0,999.448,2.8498
8.94037e-05,1186.92,0.0738146,22.9063,0,999.449,2.84876
8.96028e-05,1096.52,0.0725005,22.9081,0,999.45,2.84768
8.98048e-05,1073.25,-0.0294095,22.909,0,999.45,2.84655
9.00023e-05,1149.23,-0.0879487,22.9071,0,999.45,2.84543
9.02063e-05,1208.03,-0.0229999,22.9044,0,999.45,2.84424
9.04081e-05,1179.48,0.0703925,22.9035,0,999.451,2.84305
9.06012e-05,1090.1,0.0541692,22.905,0,999.452,2.8419
9.08008e-05,1087.13,-0.0466474,22.9049,0,999.452,2.8407
9.10053e-05,1154.7,-0.0785665,22.9025,0,999.452,2.83946
9.12029e-05,1203.87,-0.00160649,22.8995,0,999.452,2.83827
9.14028e-05,1159.81,0.0735666,22.8986,0,999.453,2.83706
9.16074e-05,1094.47,0.0488089,22.8991,0,999.454,2.83583
9.18067e-05,1092.29,-0.0424102,22.8985,0,999.454,2.83464
9.20043e-05,1162.8,-0.0666683,22.8955,0,999.454,2.83347
9.22064e-05,1196.27,0.00394395,22.8924,0,999.454,2.8323
9.24002e-05,1143.99,0.0635544,22.8914,0,999.455,2.8312
9.26007e-05,1098.46,0.0226926,22.8911,0,999.455,2.83008
9.28048e-05,1133.68,-0.0192166,22.8887,0,999.456,2.82898
9.30003e-05,1120.59,-0.00826551,22.8867,0,999.456,2.82795
9.32024e-05,1051.59,-0.0233215,22.8856,0,999.457,2.82692
9.34024e-05,949.934,-0.0236978,22.8848,0,999.458,2.82595
9.36024e-05,878.512,-0.00927283,22.8839,0,999.459,2.82501
9.38024e-05,882.143,0.0109375,22.8831,0,999.459,2.82411
9.40024e-05,958.439,0.0242758,22.8823,0,999.459,2.82325
9.42024e-05,1059.42,0.0224603,22.8815,0,999.459,2.82244
9.44031e-05,1122.52,0.00680964,22.8806,0,999.459,2.82166
9.46024e-05,1110.26,-0.0125031,22.8797,0,999.459,2.82092
9.48025e-05,1030.68,-0.0244927,22.8788,0,999.46,2.82023
9.50025e-05,931.189,-0.0214935,22.8779,0,999.461,2.81957
9.52025e-05,873.677,-0.00505233,22.8771,0,999.462,2.81896
9.54025e-05,894.245,0.0145305,22.8763,0,999.462,2.81839
9.56025e-05,979.852,0.0249975,22.8755,0,999.462,2.81787
9.58025e-05,1076.75,0.0198882,22.8746,0,999.462,2.81738
9.60046e-05,1125.18,0.00244022,22.8737,0,999.462,2.81694
9.62046e-05,1096.18,-0.0159571,22.8728,0,999.462,2.81654
9.64194e-05,1000.7,-0.0249711,22.8719,0,999.463,2.81615
9.66194e-05,908.786,-0.017486,22.871,0,999.464,2.81584
9.68194e-05,872.926,0.000934045,22.8702,0,999.465,2.81557
9.70194e-05,915.599,0.0187453,22.8694,0,999.465,2.81534
9.72194e-05,1009.87,0.0248168,22.8686,0,999.465,2.81516
9.74194e-05,1096.74,0.0154726,22.8677,0,999.464,2.81501
9.76182e-05,1123.05,-0.0030079,22.8668,0,999.465,2.81491
9.78039e-05,1080.29,-0.0185888,22.866,0,999.465,2.81485
9.80111e-05,983.896,-0.0244068,22.8651,0,999.466,2.81483
9.82111e-05,899.286,-0.0146683,22.8642,0,999.467,2.81485
9.84111e-05,876.701,0.00424039,22.8634,0,999.468,2.81491
9.86111e-05,930.266,0.02047,22.8626,0,999.468,2.81501
9.88111e-05,1026.23,0.0238932,22.8618,0,999.467,2.81516
9.90002e-05,1101.79,0.0133999,22.8609,0,999.467,2.81533
9.9208e-05,0.180121,0.088644,22.8594,0,999.466,2.81556
9.94072e-05,0.526593,0.259069,22.8591,0,999.461,2.81582
9.96072e-05,0.871167,0.428542,22.8582,0,999.451,2.81612
9.98072e-05,1.21563,0.597954,22.8574,0,999.436,2.81645
0.000100007,1.55997,0.767303,22.8565,0,999.416,2.81683
0.000100201,1.89386,0.931513,22.8557,0,999.392,2.81723
0.000100403,1249.33,0.471112,22.8675,0,999.381,2.81769
0.000100616,1117.58,-0.126494,22.8991,0,999.383,2.81817
0.000100802,1241.62,-0.0164823,22.9002,0,999.382,2.81852
0.000101005,1188.23,0.110097,22.9022,0,999.383,2.81883
0.00010121,1080.99,0.0960946,22.9063,0,999.384,2.81906
0.000101401,1061.62,-0.0677429,22.9093,0,999.385,2.81919
0.000101603,1166.92,-0.115296,22.9083,0,999.384,2.81926
0.000101802,1235.4,-0.00162397,22.9067,0,999.384,2.81924
0.000102003,1172,0.109532,22.9082,0,999.385,2.81915
0.000102206,1070.95,0.0722357,22.9118,0,999.386,2.81898
0.000102408,1064.65,-0.0581853,22.9138,0,999.387,2.81874
0.000102603,1174.39,-0.103333,22.9122,0,999.386,2.81844
0.000102802,1228.16,0.012476,22.9104,0,999.386,2.81807
0.000103008,1169.1,0.101885,22.9115,0,999.387,2.81762
0.000103202,1065.82,0.0475862,22.9148,0,999.388,2.81713
0.000103411,1073.43,-0.0600815,22.9158,0,999.389,2.81655
0.000103603,1181.88,-0.0896361,22.9136,0,999.388,2.81596
0.000103801,1218.68,0.0290261,22.9117,0,999.389,2.81531
0.000104002,1144.87,0.0993073,22.9129,0,999.389,2.81459
0.000104207,1070.61,0.0415929,22.9151,0,999.39,2.81381
0.000104401,1100.34,-0.0813312,22.9152,0,999.391,2.81304
0.000104608,1180.03,-0.0813428,22.9129,0,999.39,2.81217
0.0001048,1207.94,0.0408477,22.9108,0,999.391,2.81134
0.000105005,1137.51,0.0910736,22.9115,0,999.392,2.81041
0.000105206,1071.68,0.021906,22.9131,0,999.393,2.80948
0.000105404,1108.15,-0.077667,22.9124,0,999.393,2.80853
0.000105608,1186.13,-0.0656065,22.9096,0,999.393,2.80754
0.000105805,1200.01,0.0415042,22.9075,0,999.393,2.80657
0.000106002,1122.19,0.0796498,22.9081,0,999.394,2.80559
0.000106205,1075.9,0.00496157,22.9087,0,999.395,2.80456
0.000106403,1122.87,-0.0765148,22.9071,0,999.395,2.80356
0.000106609,1187.6,-0.0520075,22.9041,0,999.395,2.80252
0.000106803,1186.97,0.0500996,22.9019,0,999.395,2.80155
0.000107,1112.26,0.0659934,22.9021,0,999.396,2.80056
0.000107202,1082.91,-0.0122407,22.9019,0,999.397,2.79957
0.000107403,1132.97,-0.070405,22.8996,0,999.397,2.79859
0.000107609,1184.44,-0.0372536,22.8962,0,999.397,2.79762
0.000107802,1146.75,0.0248488,22.8946,0,999.397,2.79672
0.000108,1122.87,0.0132085,22.8937,0,999.398,2.79583
0.000108204,1120.4,-0.0112528,22.8917,0,999.398,2.79495
0.000108417,1035.44,-0.0255984,22.8906,0,999.399,2.79406
0.000108617,930.405,-0.0229552,22.8898,0,999.401,2.79327
0.000108817,867.763,-0.00595555,22.8889,0,999.401,2.79251
0.000109017,886.856,0.0147514,22.8881,0,999.402,2.79179
0.000109217,975.557,0.0261986,22.8873,0,999.402,2.79111
0.000109417,1078.13,0.0213071,22.8865,0,999.401,2.79046
0.000109612,1130.81,0.00388098,22.8856,0,999.401,2.78987
0.000109812,1105.5,-0.0157195,22.8847,0,999.402,2.7893
0.000110007,1018.55,-0.0260211,22.8838,0,999.403,2.78878
0.000110207,917.21,-0.020806,22.883,0,999.404,2.78829
0.000110407,866.549,-0.0025741,22.8821,0,999.405,2.78784
0.000110607,898.378,0.017246,22.8813,0,999.405,2.78743
0.000110807,992.56,0.0262507,22.8805,0,999.405,2.78706
0.000111007,1089.99,0.0189079,22.8797,0,999.404,2.78672
0.000111205,1130.64,0.000348889,22.8788,0,999.404,2.78643
0.000111405,1092.44,-0.0181828,22.8779,0,999.405,2.78618
0.000111602,998.952,-0.0259519,22.877,0,999.406,2.78597
0.000111802,903.964,-0.0179231,22.8762,0,999.407,2.7858
0.000112002,867.987,0.00131826,22.8753,0,999.408,2.78567
0.000112202,913.585,0.0197089,22.8745,0,999.408,2.78558
0.000112402,1011.97,0.0257528,22.8737,0,999.408,2.78552
0.000112602,1101.53,0.0157879,22.8729,0,999.408,2.78551
0.00011281,1126.77,-0.00435129,22.8719,0,999.408,2.78554
0.000113008,1073.11,-0.020846,22.871,0,999.409,2.78561
0.000113216,970.139,-0.0249012,22.8701,0,999.41,2.78572
0.000113416,887.983,-0.0130317,22.8693,0,999.411,2.78586
0.000113616,874.89,0.00698308,22.8684,0,999.411,2.78605
0.000113816,939.01,0.0225996,22.8676,0,999.411,2.78628
0.000114016,1039.95,0.0240824,22.8668,0,999.411,2.78654
0.00011421,1113.35,0.0111673,22.866,0,999.411,2.78683
0.00011442,1117.45,-0.00924719,22.865,0,999.411,2.78719
0.000114605,0.173118,0.085197,22.8638,0,999.41,2.78753
0.000114819,0.540333,0.265829,22.8632,0,999.405,2.78798
0.000115019,0.884881,0.435288,22.8624,0,999.395,2.78843
0.000115219,1.22932,0.604687,22.8616,0,999.38,2.78892
0.000115419,1.57364,0.774025,22.8607,0,999.359,2.78944
0.000115601,1.88791,0.928582,22.8599,0,999.336,2.78995
0.000115804,1249.02,0.431503,22.8729,0,999.327,2.79055
0.000116004,1121.42,-0.127608,22.9027,0,999.329,2.79114
0.000116202,1235.24,-0.0471759,22.9044,0,999.328,2.79165
0.000116412,1219.54,0.0767798,22.9055,0,999.329,2.79211
0.000116601,1083.46,0.0982192,22.9098,0,999.33,2.79245
0.000116805,1048.01,-0.028616,22.913,0,999.331,2.79272
0.000117,1148.95,-0.118754,22.9124,0,999.331,2.79291
0.000117202,1231.89,-0.0311048,22.9106,0,999.331,2.79303
0.000117404,1194.04,0.0952099,22.9113,0,999.331,2.79307
0.000117604,1083.89,0.0879318,22.9148,0,999.333,2.79303
0.000117804,1058.82,-0.0432437,22.9172,0,999.333,2.79292
0.000118002,1156.16,-0.109184,22.916,0,999.333,2.79274
0.0001182,1228.05,-0.00990835,22.9139,0,999.333,2.7925
0.00011841,1191.43,0.087105,22.9144,0,999.334,2.79218
0.000118603,1078.4,0.0701133,22.9176,0,999.335,2.79182
0.000118801,1073.38,-0.059597,22.919,0,999.335,2.79139
0.000119001,1166.21,-0.0976956,22.9172,0,999.335,2.79091
0.000119205,1221.51,-0.0071173,22.9151,0,999.335,2.79036
0.000119406,1172.03,0.0912888,22.9154,0,999.336,2.78977
0.000119602,1075.49,0.0520823,22.9179,0,999.337,2.78915
0.000119807,1077.96,-0.0537626,22.9185,0,999.338,2.78846
0.000120006,1166.06,-0.089039,22.9163,0,999.337,2.78776
0.000120205,1214.88,0.00660036,22.9138,0,999.338,2.78701
0.000120401,1148.39,0.0904457,22.9142,0,999.338,2.78626
0.000120603,1076.15,0.03705,22.9157,0,999.339,2.78544
0.000120807,1090.76,-0.0608641,22.9155,0,999.34,2.7846
0.000121008,1172.32,-0.0766895,22.9128,0,999.34,2.78375
0.000121206,1206.55,0.0188275,22.9102,0,999.34,2.7829
0.000121402,1137.9,0.0825538,22.9103,0,999.341,2.78204
0.000121605,1078.92,0.0239017,22.9111,0,999.342,2.78115
0.000121807,1103.16,-0.0638015,22.9101,0,999.342,2.78025
0.000122003,1183.57,-0.0565822,22.9068,0,999.342,2.77939
0.000122203,1195.48,0.0328367,22.9043,0,999.342,2.77851
0.000122401,1126.71,0.0723237,22.9041,0,999.343,2.77765
0.000122604,1082.86,0.0087649,22.9041,0,999.344,2.77677
0.000122803,1119.62,-0.0652504,22.9022,0,999.344,2.77593
0.000123002,1172.3,-0.0320123,22.8989,0,999.344,2.77511
0.000123201,1147.64,0.0155629,22.8971,0,999.345,2.77432
0.000123401,1128.54,0.00261378,22.8958,0,999.345,2.77354
0.000123607,1086.02,-0.0185916,22.8944,0,999.346,2.77278
0.000123803,992.526,-0.0255074,22.8935,0,999.347,2.77209
0.000124003,901.183,-0.016684,22.8926,0,999.348,2.77141
0.000124203,870.596,0.00256532,22.8918,0,999.349,2.77078
0.000124403,919.92,0.0201828,22.891,0,999.349,2.77017
0.000124603,1018.04,0.0251655,22.8902,0,999.349,2.76961
0.000124803,1103.61,0.0145494,22.8893,0,999.349,2.76908
0.000125,1124.92,-0.00434897,22.8884,0,999.349,2.76859
0.000125208,1067.65,-0.0211896,22.8875,0,999.35,2.76812
0.000125405,970.309,-0.0246395,22.8866,0,999.351,2.76771
0.000125605,889.056,-0.0128787,22.8858,0,999.352,2.76733
0.000125805,876.174,0.00692716,22.8849,0,999.353,2.76699
0.000126005,939.675,0.0223704,22.8841,0,999.353,2.76669
0.000126205,1039.57,0.0238284,22.8833,0,999.352,2.76642
0.000126405,1113.46,0.0106234,22.8824,0,999.352,2.7662
0.000126613,1115.75,-0.00949437,22.8815,0,999.353,2.766
0.000126807,1048.45,-0.0228365,22.8806,0,999.354,2.76586
0.000127007,949.452,-0.0229454,22.8797,0,999.355,2.76575
0.000127207,880.897,-0.00870184,22.8789,0,999.356,2.76568
0.000127407,885.837,0.0109709,22.8781,0,999.356,2.76565
0.000127607,961.067,0.0237525,22.8773,0,999.356,2.76566
0.000127807,1059.29,0.0217082,22.8765,0,999.356,2.76571
0.000128004,1119.12,0.00654368,22.8756,0,999.356,2.76579
0.000128204,1106.72,-0.0122822,22.8747,0,999.356,2.76591
0.000128415,1024.06,-0.023973,22.8737,0,999.357,2.76608
0.000128615,928.452,-0.0202052,22.8729,0,999.358,2.76628
0.000128815,876.474,-0.00378623,22.872,0,999.359,2.76652
0.000129015,900.763,0.0149821,22.8712,0,999.359,2.76679
0.000129215,985.946,0.0243561,22.8704,0,999.359,2.76711
0.000129415,1078.58,0.0185595,22.8696,0,999.359,2.76746
0.000129605,1120.99,0.002404,22.8687,0,999.359,2.76782
0.000129815,1089.74,-0.0161518,22.8678,0,999.36,2.76827
0.000130012,0.181205,0.0891724,22.8666,0,999.359,2.76872
0.000130212,0.524863,0.258221,22.866,0,999.355,2.76921
0.000130412,0.8694,0.427674,22.8652,0,999.345,2.76974
0.000130612,1.21383,0.597067,22.8644,0,999.33,2.77031
0.000130812,1.55813,0.766399,22.8635,0,999.31,2.77091
0.000131,34.1745,0.924978,22.8627,0,999.286,2.77151
0.000131208,1248.71,0.390146,22.877,0,999.278,2.7722
0.000131414,1079.04,-0.102988,22.9069,0,999.279,2.77288
0.000131601,1226,-0.0695864,22.9073,0,999.279,2.77343
0.000131802,1218.17,0.0789685,22.9079,0,999.279,2.77394
0.000132005,1111.85,0.116377,22.9114,0,999.281,2.77437
0.000132201,1046.04,-0.0162614,22.9152,0,999.282,2.7747
0.000132401,1125.37,-0.117237,22.9152,0,999.281,2.77497
0.000132604,1222.04,-0.0604744,22.9134,0,999.281,2.77515
0.000132802,1205.31,0.0836803,22.9134,0,999.282,2.77526
0.000133007,1107.59,0.105438,22.9163,0,999.283,2.77529
0.000133203,1053.7,-0.0225852,22.9194,0,999.284,2.77525
0.0001334,1140.02,-0.110571,22.9186,0,999.284,2.77515
0.000133604,1221.54,-0.042627,22.9165,0,999.284,2.77497
0.000133801,1191.33,0.0871723,22.9165,0,999.284,2.77473
0.000134004,1094.44,0.0875113,22.9191,0,999.286,2.77443
0.000134202,1063.57,-0.0361712,22.9211,0,999.286,2.77407
0.0001344,1151.3,-0.101608,22.9196,0,999.286,2.77366
0.000134607,1217.51,-0.03187,22.9174,0,999.286,2.77318
0.000134802,1178.67,0.0872164,22.9172,0,999.287,2.77268
0.00013501,1097.4,0.0801489,22.919,0,999.288,2.7721
0.000135208,1069.99,-0.0344499,22.9204,0,999.289,2.7715
0.000135405,1153.34,-0.0928098,22.9185,0,999.289,2.77087
0.000135605,1214.36,-0.0108875,22.9158,0,999.289,2.7702
0.000135802,1165.5,0.0854481,22.9156,0,999.289,2.7695
0.000136004,1085.45,0.0556314,22.9171,0,999.291,2.76876
0.00013621,1078.66,-0.0392956,22.9173,0,999.291,2.76799
0.0001364,1170.5,-0.0775605,22.9146,0,999.291,2.76725
0.000136602,1207.63,0.00969249,22.9119,0,999.291,2.76646
0.000136805,1157.22,0.0798653,22.9115,0,999.292,2.76565
0.000137,1081.21,0.0315031,22.9126,0,999.293,2.76486
0.000137204,1096.35,-0.0563406,22.9117,0,999.293,2.76403
0.000137402,1174.11,-0.0654182,22.9086,0,999.293,2.76324
0.000137605,1199.94,0.014554,22.9058,0,999.294,2.76242
0.000137807,1148.31,0.0732345,22.905,0,999.294,2.76161
0.000138001,1084.69,0.0190778,22.9054,0,999.295,2.76085
0.000138203,1108.72,-0.0573598,22.9038,0,999.296,2.76008
0.000138402,1161.72,-0.0300255,22.9004,0,999.296,2.75933
0.000138603,1146.14,0.00950083,22.8985,0,999.296,2.75861
0.000138803,1126.27,-0.0100517,22.8972,0,999.297,2.75791
0.000139013,1054.84,-0.0238268,22.896,0,999.298,2.75722
0.000139213,950.217,-0.0245542,22.8951,0,999.299,2.75659
0.000139413,875.516,-0.00992834,22.8943,0,999.3,2.75599
0.000139613,877.633,0.0108946,22.8934,0,999.301,2.75543
0.000139813,955.132,0.0248695,22.8926,0,999.301,2.75491
0.000140013,1059.25,0.0233111,22.8918,0,999.3,2.75442
0.000140202,1123.62,0.00846717,22.891,0,999.3,2.75398
0.000140412,1114.4,-0.0124814,22.89,0,999.301,2.75354
0.00014061,1034.75,-0.0250169,22.8891,0,999.302,2.75317
0.00014081,932,-0.022474,22.8883,0,999.303,2.75282
0.00014101,870.591,-0.00586857,22.8874,0,999.304,2.75251
0.00014121,889.088,0.0143903,22.8866,0,999.305,2.75224
0.00014141,975.746,0.025617,22.8858,0,999.304,2.75201
0.00014161,1076.12,0.0208687,22.885,0,999.304,2.75182
0.000141811,1128.11,0.00332231,22.8841,0,999.304,2.75166
0.000142011,1101.47,-0.0157584,22.8832,0,999.305,2.75154
0.0001422,1018.08,-0.0253755,22.8823,0,999.306,2.75146
0.0001424,919.192,-0.0203109,22.8815,0,999.307,2.75141
0.0001426,869.695,-0.00253287,22.8806,0,999.308,2.75141
0.0001428,900.663,0.0168083,22.8798,0,999.308,2.75144
0.000143,992.508,0.0256101,22.879,0,999.308,2.75151
0.0001432,1087.61,0.0184639,22.8782,0,999.308,2.75161
0.000143401,1127.31,4.47381e-05,22.8773,0,999.308,2.75175
0.000143601,1088.92,-0.0179427,22.8764,0,999.309,2.75194
0.000143808,992.045,-0.0252367,22.8754,0,999.31,2.75216
0.000144008,901.794,-0.0164449,22.8746,0,999.311,2.75242
0.000144208,871.874,0.00263412,22.8738,0,999.312,2.75271
0.000144408,921.034,0.020039,22.873,0,999.312,2.75304
0.000144608,1018.27,0.0248972,22.8721,0,999.312,2.75341
0.000144802,1100.73,0.0148487,22.8713,0,999.312,2.7538
0.00014501,1122.7,-0.00487309,22.8704,0,999.312,2.75425
0.000145205,1069.32,-0.0205128,22.8695,0,999.313,2.75472
0.000145403,0.150555,0.0741018,22.8682,0,999.313,2.75522
0.000145616,0.516422,0.254069,22.8677,0,999.308,2.7558
0.000145816,0.860945,0.423516,22.8669,0,999.298,2.75639
0.000146016,1.20536,0.592903,22.866,0,999.283,2.757
0.000146216,1.54965,0.762229,22.8652,0,999.263,2.75766
0.0001464,1.86727,0.918436,22.8644,0,999.24,2.75829
0.000146619,1248.47,0.3607,22.8797,0,999.232,2.75907
0.000146818,1078.13,-0.102136,22.9084,0,999.233,2.75977
0.000147,1231.33,-0.0578908,22.9085,0,999.233,2.76035
0.000147206,1219.56,0.0766402,22.9093,0,999.233,2.76092
0.000147403,1098.65,0.109747,22.9131,0,999.235,2.76138
0.0001476,1047.83,-0.0282082,22.9167,0,999.236,2.76177
0.000147802,1132.06,-0.11838,22.9164,0,999.235,2.76208
0.000148002,1227.86,-0.0455813,22.9144,0,999.235,2.76232
0.000148201,1198.77,0.0907013,22.9148,0,999.236,2.76247
0.000148402,1090.81,0.0944533,22.9181,0,999.237,2.76255
0.000148605,1053.97,-0.0244053,22.9207,0,999.238,2.76256
0.000148803,1141.1,-0.110595,22.9199,0,999.238,2.7625
0.000149001,1225.85,-0.0260298,22.9175,0,999.238,2.76237
0.000149204,1190.78,0.0876194,22.9177,0,999.239,2.76218
0.000149407,1094.05,0.0872182,22.9204,0,999.24,2.76192
0.000149605,1064.02,-0.0378258,22.9223,0,999.241,2.76161
0.000149802,1153.48,-0.101254,22.9208,0,999.241,2.76125
0.000150005,1219.86,-0.0210212,22.9184,0,999.241,2.76082
0.0001502,1170.5,0.0920265,22.9185,0,999.241,2.76037
0.000150403,1082.58,0.0640437,22.9207,0,999.243,2.75985
0.000150609,1070.88,-0.0377069,22.9215,0,999.243,2.75928
0.000150803,1162.97,-0.0901781,22.9194,0,999.243,2.7587
0.000151005,1214.81,-0.00379003,22.9169,0,999.243,2.75807
0.000151202,1159.89,0.0876505,22.9168,0,999.244,2.75742
0.000151405,1082.94,0.051627,22.9183,0,999.245,2.75673
0.000151612,1079.67,-0.0418103,22.9184,0,999.246,2.75599
0.000151802,1172.69,-0.0761986,22.9156,0,999.246,2.7553
0.000152006,1207.6,0.0091166,22.913,0,999.246,2.75455
0.000152202,1146.17,0.0821495,22.9128,0,999.247,2.75381
0.000152406,1083.01,0.0363034,22.9135,0,999.248,2.75303
0.0001526,1105.12,-0.0653725,22.9126,0,999.248,2.75229
0.000152808,1170.75,-0.067771,22.9097,0,999.248,2.7515
0.000153006,1199.12,0.0186717,22.9068,0,999.248,2.75075
0.000153206,1142.73,0.0737972,22.9061,0,999.249,2.74999
0.000153404,1084.55,0.0181057,22.9064,0,999.25,2.74927
0.000153606,1109.03,-0.0574005,22.9047,0,999.251,2.74854
0.000153805,1160.72,-0.0239383,22.9013,0,999.251,2.74784
0.000154001,1141.85,0.00901323,22.8996,0,999.251,2.74718
0.000154203,1125.67,-0.0125426,22.8982,0,999.252,2.74652
0.000154414,1041.71,-0.0259659,22.897,0,999.253,2.74587
0.000154614,933.276,-0.0241506,22.8962,0,999.255,2.74529
0.000154814,865.312,-0.00721534,22.8953,0,999.256,2.74474
0.000155014,880.518,0.0142174,22.8945,0,999.256,2.74422
0.000155214,969.207,0.0267203,22.8937,0,999.256,2.74374
0.000155414,1075.6,0.0225439,22.8929,0,999.256,2.74329
0.000155611,1133.47,0.0048695,22.892,0,999.256,2.74289
0.000155809,1111.58,-0.0152382,22.8911,0,999.256,2.74251
0.000156,1026.35,-0.0264582,22.8902,0,999.257,2.74219
0.0001562,920.913,-0.0222654,22.8894,0,999.259,2.74188
0.0001564,863.706,-0.00413465,22.8886,0,999.26,2.74161
0.0001566,890.674,0.0165625,22.8877,0,999.26,2.74138
0.0001568,984.729,0.0268662,22.8869,0,999.26,2.74118
0.000157,1086.79,0.0204185,22.8861,0,999.26,2.74103
0.000157211,1133.98,0.000465135,22.8852,0,999.26,2.7409
0.000157411,1095.24,-0.0185814,22.8842,0,999.261,2.74082
0.000157617,994.707,-0.0266428,22.8833,0,999.262,2.74077
0.000157817,898.459,-0.0178088,22.8825,0,999.263,2.74077
0.000158017,864.57,0.00216801,22.8817,0,999.264,2.7408
0.000158217,914.292,0.0207607,22.8808,0,999.264,2.74087
0.000158417,1016.24,0.0263467,22.88,0,999.264,2.74098
0.000158617,1106.54,0.0155489,22.8792,0,999.263,2.74112
0.000158808,1130.74,-0.00349434,22.8783,0,999.264,2.74129
0.000159005,1079.61,-0.0207307,22.8774,0,999.265,2.74151
0.000159218,972.136,-0.0256875,22.8765,0,999.266,2.74178
0.000159418,886.426,-0.0138852,22.8756,0,999.267,2.74207
0.000159618,870.65,0.00659904,22.8748,0,999.268,2.7424
0.000159818,934.647,0.0229237,22.874,0,999.268,2.74276
0.000160018,1038.08,0.0249052,22.8732,0,999.267,2.74316
0.000160206,1113.41,0.0125197,22.8724,0,999.267,2.74357
0.000160402,1124.7,-0.00699058,22.8715,0,999.268,2.74403
0.000160611,1057.06,-0.0229343,22.8705,0,999.269,2.74456
0.000160805,0.168858,0.0831007,22.8694,0,999.269,2.74508
0.000161005,0.512548,0.252164,22.8688,0,999.264,2.74566
0.000161205,0.857058,0.421604,22.868,0,999.254,2.74627
0.000161405,1.20146,0.590984,22.8671,0,999.24,2.74691
0.000161605,1.54574,0.760303,22.8663,0,999.22,2.74759
0.0001618,155.56,0.909609,22.8655,0,999.195,2.74828
0.000162001,1248.6,0.387815,22.8797,0,999.188,2.74902
0.000162211,1069.43,-0.0924571,22.9098,0,999.19,2.74979
0.000162403,1210.43,-0.0928662,22.9105,0,999.189,2.75042
0.000162603,1229.74,0.0567187,22.9102,0,999.19,2.751
0.000162804,1128.07,0.121217,22.9134,0,999.191,2.7515
0.000163004,1045.95,0.0173877,22.9174,0,999.192,2.75191
0.000163209,1090.35,-0.100368,22.9184,0,999.193,2.75224
0.000163401,1216.92,-0.0703405,22.9159,0,999.192,2.75248
0.000163606,1222.16,0.0563743,22.9155,0,999.193,2.75266
0.000163805,1121.39,0.111092,22.9182,0,999.194,2.75276
0.000164001,1051.77,-0.00702761,22.9216,0,999.195,2.75279
0.000164206,1109.41,-0.103154,22.9216,0,999.195,2.75275
0.000164402,1216.13,-0.0563979,22.919,0,999.195,2.75264
0.000164604,1207.75,0.0679695,22.9185,0,999.196,2.75247
0.000164804,1109.71,0.097861,22.9208,0,999.197,2.75224
0.000165002,1059.39,-0.0180156,22.9232,0,999.198,2.75195
0.000165206,1124.06,-0.100105,22.9224,0,999.198,2.7516
0.000165402,1215.3,-0.0397181,22.9196,0,999.198,2.7512
0.000165609,1202.36,0.062963,22.9189,0,999.198,2.75074
0.000165801,1095.93,0.079374,22.9211,0,999.2,2.75027
0.000166006,1066.33,-0.0207834,22.9224,0,999.2,2.74972
0.000166203,1141.29,-0.0942695,22.9208,0,999.2,2.74916
0.000166401,1212.91,-0.0221713,22.9179,0,999.201,2.74856
0.000166602,1179.17,0.0774608,22.9173,0,999.201,2.74792
0.000166807,1099.13,0.0722543,22.9185,0,999.202,2.74724
0.000167002,1078.72,-0.0402774,22.9192,0,999.203,2.74657
0.000167206,1147.62,-0.0855556,22.917,0,999.203,2.74586
0.0001674,1208.09,-0.00382053,22.9139,0,999.203,2.74516
0.000167609,1175.47,0.0702531,22.9129,0,999.204,2.74439
0.000167804,1091.24,0.0522855,22.9139,0,999.205,2.74367
0.000168002,1090.61,-0.0486306,22.9136,0,999.206,2.74294
0.000168204,1160.37,-0.0736706,22.9107,0,999.206,2.7422
0.000168401,1200.76,0.00724118,22.9076,0,999.206,2.74147
0.000168604,1156.42,0.0710934,22.9066,0,999.207,2.74073
0.000168809,1094.98,0.044515,22.9066,0,999.208,2.74
0.000169001,1102,-0.0503655,22.9056,0,999.208,2.73933
0.000169209,1152.13,-0.0293586,22.9022,0,999.209,2.73863
0.000169401,1142.04,0.00752528,22.9003,0,999.209,2.738
0.0001696,1122.73,-0.013623,22.8989,0,999.21,2.73738
0.000169802,1035.84,-0.0268999,22.8979,0,999.211,2.73678
0.000170002,925.798,-0.0239542,22.897,0,999.212,2.73622
0.000170202,860.869,-0.00600877,22.8962,0,999.213,2.73569
0.000170402,881.858,0.0156777,22.8954,0,999.214,2.7352
0.000170602,975.433,0.0275192,22.8946,0,999.214,2.73474
0.000170802,1082.75,0.0221853,22.8937,0,999.213,2.73431
0.000171005,1137.54,0.00295129,22.8928,0,999.214,2.73391
0.000171214,1104.05,-0.0179972,22.8919,0,999.214,2.73354
0.000171403,1011.95,-0.0274486,22.891,0,999.216,2.73324
0.000171603,907.357,-0.020868,22.8902,0,999.217,2.73296
0.000171803,859.479,-0.00122582,22.8894,0,999.218,2.73271
0.000172003,898.381,0.0191585,22.8886,0,999.218,2.73251
0.000172203,999.459,0.0275269,22.8877,0,999.218,2.73233
0.000172403,1099.27,0.0187464,22.8869,0,999.218,2.7322
0.000172602,1136.4,-0.00118344,22.886,0,999.218,2.7321
0.000172803,1090.74,-0.0201219,22.8851,0,999.219,2.73204
0.000173008,985.851,-0.0270619,22.8842,0,999.22,2.73201
0.000173208,890.814,-0.016824,22.8833,0,999.221,2.73203
0.000173408,862.9,0.00393963,22.8825,0,999.222,2.73208
0.000173608,919.597,0.0222079,22.8817,0,999.222,2.73216
0.000173808,1025.13,0.026566,22.8809,0,999.222,2.73229
0.000174002,1111.43,0.0150136,22.88,0,999.222,2.73245
0.000174203,1131.33,-0.00559965,22.8791,0,999.222,2.73265
0.000174409,1068.15,-0.022835,22.8782,0,999.223,2.73289
0.000174606,964.966,-0.0258805,22.8773,0,999.224,2.73315
0.000174806,880.77,-0.0129896,22.8765,0,999.226,2.73346
0.000175006,870.021,0.00802212,22.8757,0,999.226,2.73381
0.000175206,939.392,0.0239819,22.8749,0,999.226,2.73419
0.000175406,1045.17,0.0249386,22.874,0,999.226,2.7346
0.000175609,1121.81,0.0101262,22.8732,0,999.226,2.73506
0.000175809,1121.58,-0.0101465,22.8723,0,999.227,2.73555
0.000176006,1048.82,-0.0241908,22.8714,0,999.228,2.73606
0.000176212,0.201435,0.0991265,22.8702,0,999.227,2.73664
0.000176412,0.545734,0.268486,22.8696,0,999.222,2.73723
0.000176612,0.89022,0.437914,22.8688,0,999.212,2.73786
0.000176812,1.2346,0.607281,22.8679,0,999.197,2.73852
0.000177012,1.57885,0.776587,22.8671,0,999.176,2.73921
0.0001772,414.424,0.8825,22.8665,0,999.153,2.7399
0.000177415,1247.94,0.292474,22.8845,0,999.147,2.74071
0.000177605,1056.7,-0.0731714,22.9111,0,999.149,2.74141
0.0001778,1187.7,-0.112471,22.9121,0,999.149,2.74206
0.000178,1238.59,0.0231992,22.9112,0,999.149,2.74265
0.000178207,1167.59,0.117848,22.9134,0,999.15,2.74316
0.000178405,1057.79,0.0597729,22.9176,0,999.151,2.74358
0.000178606,1071.58,-0.0805092,22.9195,0,999.152,2.74391
0.000178807,1179.24,-0.10758,22.9181,0,999.152,2.74417
0.000179001,1230.02,0.0317987,22.9164,0,999.152,2.74435
0.000179205,1151.4,0.113059,22.9183,0,999.153,2.74446
0.000179408,1061.66,0.0511962,22.9217,0,999.154,2.74449
0.000179603,1088.99,-0.0888897,22.9228,0,999.155,2.74446
0.000179802,1195.72,-0.0853264,22.9206,0,999.154,2.74436
0.000180004,1221.62,0.0366771,22.9192,0,999.155,2.74419
0.000180204,1137.71,0.105268,22.9209,0,999.156,2.74397
0.000180406,1061.71,0.0296596,22.9235,0,999.157,2.74368
0.000180601,1106.33,-0.092398,22.9236,0,999.157,2.74335
0.000180801,1200.93,-0.0676575,22.921,0,999.157,2.74296
0.000181004,1211.56,0.0448468,22.9196,0,999.158,2.74251
0.000181202,1121.91,0.0941879,22.9211,0,999.159,2.74204
0.000181405,1064.98,0.00940787,22.9229,0,999.16,2.7415
0.000181607,1109.26,-0.085112,22.9222,0,999.16,2.74094
0.000181805,1198.56,-0.058159,22.9193,0,999.16,2.74034
0.000182002,1196.54,0.0583161,22.9177,0,999.161,2.73973
0.000182207,1120.56,0.0852661,22.9186,0,999.162,2.73906
0.000182403,1071.37,-0.00921601,22.9198,0,999.163,2.73839
0.000182605,1126.37,-0.0838218,22.9182,0,999.163,2.73769
0.000182808,1197.39,-0.0455607,22.9152,0,999.163,2.73697
0.000183004,1185.69,0.0602848,22.9135,0,999.164,2.73627
0.000183201,1103.94,0.0664287,22.9142,0,999.165,2.73555
0.000183407,1078.53,-0.0146997,22.9142,0,999.166,2.7348
0.000183602,1141.4,-0.0774491,22.9119,0,999.166,2.73409
0.000183807,1196.39,-0.0286779,22.9086,0,999.166,2.73335
0.000184007,1177.7,0.056846,22.9068,0,999.167,2.73263
0.000184208,1107.9,0.0593222,22.9068,0,999.168,2.73192
0.000184407,1087.69,-0.0221012,22.9062,0,999.169,2.73124
0.000184602,1148.41,-0.0305104,22.903,0,999.169,2.73059
0.000184802,1143.43,0.00568612,22.9009,0,999.169,2.72995
0.000185006,1116.57,-0.0148612,22.8995,0,999.17,2.72933
0.000185219,1015.92,-0.0279233,22.8985,0,999.171,2.72871
0.000185419,908.383,-0.0217691,22.8977,0,999.173,2.72816
0.000185619,856.873,-0.00199976,22.8968,0,999.174,2.72765
0.000185819,893.748,0.0189963,22.896,0,999.174,2.72717
0.000186019,995.672,0.0280746,22.8952,0,999.174,2.72673
0.000186219,1098.64,0.0196568,22.8944,0,999.174,2.72632
0.0001864,1139.07,0.00151921,22.8936,0,999.174,2.72597
0.0001866,1102.67,-0.0185832,22.8926,0,999.175,2.72563
0.000186815,994.501,-0.0277758,22.8917,0,999.176,2.7253
0.000187015,894.144,-0.018573,22.8908,0,999.177,2.72503
0.000187215,858.776,0.00225091,22.89,0,999.178,2.7248
0.000187415,910.583,0.0216369,22.8892,0,999.178,2.7246
0.000187615,1016.84,0.0274626,22.8884,0,999.178,2.72445
0.000187815,1110.95,0.0162031,22.8875,0,999.178,2.72432
0.000188014,1135.54,-0.00443714,22.8866,0,999.178,2.72424
0.000188207,1081.47,-0.0218383,22.8858,0,999.179,2.72419
0.000188415,971.916,-0.0268625,22.8848,0,999.181,2.72418
0.000188615,881.943,-0.0146774,22.884,0,999.182,2.7242
0.000188815,864.639,0.00668674,22.8832,0,999.183,2.72427
0.000189015,930.806,0.0238338,22.8824,0,999.183,2.72437
0.000189215,1038.72,0.0260614,22.8816,0,999.182,2.7245
0.0001894,1117.18,0.0134758,22.8808,0,999.182,2.72466
0.000189603,1129.75,-0.00750368,22.8798,0,999.183,2.72487
0.000189801,1063.57,-0.0235484,22.8789,0,999.184,2.72512
0.000190004,956.046,-0.0255582,22.878,0,999.185,2.7254
0.000190204,875.799,-0.011485,22.8772,0,999.186,2.72572
0.000190404,872.093,0.00976539,22.8764,0,999.187,2.72607
0.000190604,947.162,0.0248719,22.8756,0,999.187,2.72646
0.000190804,1053.72,0.0244249,22.8748,0,999.187,2.72689
0.000191006,1125.6,0.00861331,22.8739,0,999.187,2.72735
0.000191206,1118.86,-0.01171,22.873,0,999.187,2.72785
0.000191414,1035.41,-0.0252981,22.872,0,999.189,2.7284
0.000191609,0.200149,0.0984937,22.8709,0,999.188,2.72895
0.000191809,0.544404,0.267832,22.8703,0,999.183,2.72956
0.000192009,0.888877,0.437254,22.8695,0,999.173,2.73019
0.000192209,1.23324,0.606615,22.8686,0,999.158,2.73086
0.000192409,1.57748,0.775914,22.8678,0,999.138,2.73156
0.0001926,454.119,0.881045,22.8673,0,999.114,2.73227
0.000192816,1247.81,0.278361,22.8858,0,999.108,2.73309
0.000193004,1055.44,-0.0707943,22.9118,0,999.11,2.73379
0.000193209,1161.04,-0.123589,22.9137,0,999.11,2.73448
0.000193403,1239.89,0.00851025,22.912,0,999.11,2.73505
0.000193603,1163.73,0.118915,22.9141,0,999.111,2.73556
0.000193808,1064.43,0.0720267,22.9181,0,999.113,2.73599
0.000194008,1064.73,-0.0696767,22.9203,0,999.113,2.73633
0.000194207,1176.1,-0.108952,22.9188,0,999.113,2.7366
0.000194403,1231.98,0.019946,22.9171,0,999.113,2.73678
0.000194604,1154.33,0.112417,22.9189,0,999.115,2.7369
0.000194806,1062.27,0.0523663,22.9223,0,999.116,2.73694
0.000195,1089.65,-0.0893626,22.9234,0,999.116,2.73691
0.0001952,1194.92,-0.0858994,22.9212,0,999.116,2.73682
0.000195402,1222.04,0.0345849,22.9199,0,999.117,2.73666
0.000195602,1138.53,0.105166,22.9215,0,999.118,2.73644
0.000195806,1063.02,0.0342757,22.9241,0,999.119,2.73616
0.000196002,1100.68,-0.0885034,22.9243,0,999.119,2.73583
0.000196203,1194.43,-0.0753898,22.9219,0,999.119,2.73545
0.000196405,1213.82,0.0380996,22.9203,0,999.12,2.73501
0.000196602,1126.09,0.0951957,22.9217,0,999.121,2.73454
0.000196802,1064.99,0.00764429,22.9236,0,999.122,2.73403
0.000197001,1114.93,-0.0879236,22.9228,0,999.122,2.73347
0.000197203,1198.29,-0.0581583,22.9199,0,999.122,2.73288
0.000197409,1205.72,0.0399439,22.9183,0,999.123,2.73224
0.000197605,1121.41,0.0853358,22.9192,0,999.124,2.73161
0.000197802,1071.33,-0.00627483,22.9204,0,999.125,2.73095
0.000198005,1122.72,-0.0824249,22.9189,0,999.125,2.73025
0.000198202,1200.5,-0.0381109,22.9157,0,999.125,2.72956
0.000198409,1193.47,0.048761,22.9139,0,999.126,2.72882
0.000198601,1106.58,0.068323,22.9147,0,999.127,2.72813
0.000198805,1078.54,-0.0138677,22.9148,0,999.128,2.72739
0.000199,1141.35,-0.0772484,22.9125,0,999.128,2.72669
0.000199205,1196.08,-0.0289957,22.9092,0,999.128,2.72596
0.000199407,1179.22,0.0548725,22.9073,0,999.129,2.72524
0.000199607,1110.32,0.060987,22.9073,0,999.13,2.72454
0.000199802,1089.25,-0.0267598,22.9068,0,999.131,2.72389
0.0002,1148.04,-0.0299355,22.9036,0,999.131,2.72323
0.000200202,1142.96,0.0054727,22.9014,0,999.132,2.72259
0.000200402,1116.39,-0.015394,22.9002,0,999.132,2.72199
0.000200614,1014.65,-0.0281487,22.8991,0,999.134,2.72138
0.000200814,906.656,-0.0217478,22.8983,0,999.135,2.72085
0.000201014,855.75,-0.00174181,22.8975,0,999.136,2.72034
0.000201214,893.906,0.019329,22.8967,0,999.136,2.71987
0.000201414,996.979,0.0282732,22.8958,0,999.136,2.71943
0.000201614,1100.24,0.0195962,22.895,0,999.136,2.71903
0.0002018,1140.13,0.000719945,22.8942,0,999.136,2.71868
0.000202001,1100.37,-0.0193305,22.8932,0,999.137,2.71835
0.000202201,998.383,-0.0279729,22.8923,0,999.139,2.71805
0.000202401,896.079,-0.0192773,22.8915,0,999.14,2.71778
0.000202601,857.516,0.00148209,22.8907,0,999.141,2.71755
0.000202801,906.897,0.0212854,22.8899,0,999.141,2.71736
0.000203001,1013.02,0.0277452,22.8891,0,999.141,2.71721
0.000203201,1109.33,0.0169334,22.8882,0,999.141,2.71709
0.000203415,1135.61,-0.00529695,22.8872,0,999.141,2.71701
0.000203603,1080.45,-0.0222032,22.8864,0,999.142,2.71697
0.000203813,968.409,-0.0269073,22.8854,0,999.143,2.71696
0.000204013,879.352,-0.0142073,22.8846,0,999.145,2.71699
0.000204213,864.565,0.00737726,22.8838,0,999.145,2.71706
0.000204413,933.262,0.0243117,22.883,0,999.145,2.71717
0.000204613,1042.13,0.0260288,22.8822,0,999.145,2.71731
0.000204815,1123.5,0.0113709,22.8813,0,999.145,2.71749
0.000205008,1128.57,-0.0087781,22.8804,0,999.146,2.7177
0.000205201,1060.46,-0.0240616,22.8795,0,999.147,2.71795
0.000205407,950.236,-0.0253437,22.8786,0,999.148,2.71824
0.000205607,872.573,-0.0105038,22.8778,0,999.149,2.71857
0.000205807,873.451,0.010898,22.877,0,999.15,2.71893
0.000206007,952.213,0.0254464,22.8762,0,999.15,2.71932
0.000206207,1059.26,0.0240857,22.8754,0,999.15,2.71975
0.000206418,1129.4,0.00667298,22.8744,0,999.15,2.72025
0.000206601,1119.02,-0.0120078,22.8736,0,999.151,2.72071
0.000206806,1035.86,-0.0254476,22.8727,0,999.152,2.72126
0.000207003,0.202903,0.0998489,22.8716,0,999.151,2.72182
0.000207203,0.547246,0.26923,22.871,0,999.146,2.72243
0.000207403,0.891706,0.438645,22.8701,0,999.136,2.72307
0.000207603,1.23606,0.607999,22.8693,0,999.121,2.72374
0.000207803,1.58028,0.777292,22.8684,0,999.101,2.72445
0.000208003,968.3,0.877389,22.8685,0,999.076,2.72519
0.000208206,1247.35,0.214443,22.8887,0,999.074,2.72597
0.000208401,1038.9,0.00945125,22.9124,0,999.076,2.72669
0.000208603,1104.21,-0.116506,22.915,0,999.077,2.72736
0.000208805,1215.12,-0.082957,22.9134,0,999.076,2.72795
0.000209006,1225.31,0.0618527,22.9131,0,999.077,2.72846
0.000209206,1119.17,0.116831,22.9162,0,999.078,2.72888
0.000209402,1046.77,-0.00686926,22.9199,0,999.08,2.72922
0.000209609,1102.66,-0.10626,22.9203,0,999.08,2.72949
0.0002098,1222.73,-0.0541605,22.9177,0,999.079,2.72968
0.000210004,1211.33,0.0721828,22.9175,0,999.08,2.7298
0.000210202,1102.02,0.100342,22.9204,0,999.082,2.72986
0.000210405,1053.57,-0.00987479,22.923,0,999.083,2.72984
0.000210602,1130.84,-0.107782,22.9224,0,999.083,2.72977
0.000210803,1218.73,-0.0449733,22.9199,0,999.083,2.72962
0.00021101,1206.27,0.066508,22.9194,0,999.083,2.72942
0.000211202,1095.31,0.0861451,22.922,0,999.085,2.72917
0.000211404,1062.37,-0.0258927,22.9238,0,999.086,2.72886
0.000211603,1139.99,-0.100274,22.9224,0,999.086,2.72851
0.000211802,1217.28,-0.0248645,22.9197,0,999.086,2.72811
0.000212011,1195.39,0.0689814,22.9191,0,999.087,2.72765
0.000212207,1096.8,0.0775089,22.921,0,999.088,2.72718
0.000212406,1070.79,-0.0325038,22.9221,0,999.089,2.72666
0.000212604,1151.11,-0.0911774,22.92,0,999.089,2.72612
0.000212805,1211.74,-0.0168671,22.9172,0,999.089,2.72554
0.000213003,1169.08,0.0813599,22.9166,0,999.09,2.72495
0.000213207,1092.22,0.0623022,22.9177,0,999.091,2.72431
0.000213411,1078.18,-0.0340182,22.9179,0,999.092,2.72367
0.0002136,1166.1,-0.0775533,22.9152,0,999.092,2.72305
0.000213803,1205.98,0.00425726,22.9123,0,999.092,2.72239
0.000214007,1161.81,0.0757298,22.9115,0,999.093,2.72171
0.000214202,1084.9,0.0369243,22.9123,0,999.094,2.72107
0.000214413,1087.1,-0.0381562,22.9114,0,999.095,2.72038
0.000214601,1170.21,-0.0652786,22.9082,0,999.095,2.71976
0.000214802,1197.13,0.0148151,22.9052,0,999.095,2.71912
0.000215002,1143.37,0.0612059,22.9043,0,999.096,2.7185
0.000215207,1102.98,0.0259698,22.9038,0,999.097,2.71788
0.000215401,1134.43,-0.0185791,22.9016,0,999.098,2.71731
0.000215603,1118.18,-0.00909663,22.8996,0,999.098,2.71675
0.000215805,1045.91,-0.0237926,22.8986,0,999.1,2.71623
0.000216005,944.185,-0.0232526,22.8977,0,999.101,2.71574
0.000216205,876.072,-0.00818838,22.8968,0,999.102,2.71528
0.000216405,884.318,0.0119819,22.896,0,999.103,2.71485
0.000216605,963.631,0.0246272,22.8952,0,999.103,2.71445
0.000216805,1064.16,0.021906,22.8944,0,999.102,2.71409
0.000217004,1123.53,0.00583819,22.8935,0,999.103,2.71377
0.000217216,1103.92,-0.0143903,22.8925,0,999.103,2.71346
0.000217416,1018.96,-0.0249952,22.8916,0,999.105,2.71321
0.000217616,921.172,-0.0201934,22.8908,0,999.106,2.71299
0.000217816,871.43,-0.0027645,22.89,0,999.107,2.7128
0.000218016,900.949,0.0163724,22.8892,0,999.107,2.71266
0.000218216,991.059,0.0252446,22.8883,0,999.107,2.71255
0.000218416,1085.25,0.0184046,22.8875,0,999.107,2.71247
0.000218612,1125.45,0.000875295,22.8866,0,999.108,2.71243
0.000218809,1091.31,-0.0169813,22.8857,0,999.108,2.71243
0.000219005,1003.28,-0.0249696,22.8848,0,999.11,2.71246
0.000219205,910.457,-0.0179103,22.884,0,999.111,2.71253
0.000219405,872.413,0.00035071,22.8832,0,999.112,2.71263
0.000219605,913.006,0.0183683,22.8824,0,999.112,2.71277
0.000219805,1006.61,0.0248803,22.8815,0,999.112,2.71295
0.000220005,1094.62,0.015931,22.8807,0,999.112,2.71316
0.000220209,1122.77,-0.003018,22.8798,0,999.112,2.71342
0.000220403,1077.1,-0.0190686,22.8789,0,999.113,2.71369
0.000220602,983.487,-0.0244213,22.878,0,999.115,2.71401
0.000220802,898.841,-0.0146698,22.8772,0,999.116,2.71437
0.000221002,876.278,0.00425294,22.8763,0,999.117,2.71476
0.000221202,929.913,0.0204888,22.8755,0,999.117,2.71519
0.000221402,1025.95,0.0239062,22.8747,0,999.117,2.71565
0.000221604,1104.87,0.0123148,22.8739,0,999.117,2.71615
0.000221809,1116.57,-0.00687402,22.8729,0,999.117,2.7167
0.000222003,1058.78,-0.0209883,22.872,0,999.118,2.71724
0.000222205,962.229,-0.0230798,22.8712,0,999.12,2.71785
0.000222407,0.251611,0.123814,22.8701,0,999.119,2.71849
0.000222607,0.596309,0.293361,22.8694,0,999.113,2.71916
0.000222807,0.940744,0.462762,22.8686,0,999.102,2.71986
0.000223007,1.28506,0.632102,22.8677,0,999.086,2.7206
0.000223207,1.62926,0.801381,22.8669,0,999.065,2.72136
0.0002234,1211.12,0.871386,22.8672,0,999.041,2.72214
0.000223603,1247.07,0.176855,22.8892,0,999.041,2.72297
0.000223802,1050.71,0.0601045,22.9111,0,999.043,2.72376
0.000224003,1072.91,-0.0913545,22.9147,0,999.044,2.72447
0.000224207,1181.78,-0.113059,22.9136,0,999.044,2.72512
0.000224403,1235.56,0.029711,22.9122,0,999.044,2.72565
0.000224605,1152.97,0.119186,22.9145,0,999.045,2.72612
0.000224807,1056.73,0.0529634,22.9183,0,999.046,2.72651
0.000225006,1080.24,-0.0881062,22.9198,0,999.047,2.72681
0.000225206,1190.78,-0.0973465,22.918,0,999.047,2.72704
0.000225402,1225.52,0.0413625,22.9166,0,999.047,2.7272
0.000225603,1135.38,0.111328,22.9187,0,999.049,2.72728
0.000225805,1056.76,0.0306543,22.9218,0,999.05,2.7273
0.000226006,1092.09,-0.089153,22.9224,0,999.05,2.72725
0.000226202,1201.74,-0.0754732,22.9199,0,999.05,2.72714
0.000226403,1215.31,0.0490391,22.9186,0,999.051,2.72697
0.000226601,1121.59,0.100371,22.9206,0,999.052,2.72675
0.000226802,1059.86,0.00542958,22.9229,0,999.053,2.72647
0.000227002,1112.65,-0.093569,22.9224,0,999.053,2.72613
0.000227206,1200.13,-0.0653345,22.9198,0,999.053,2.72575
0.0002274,1200.82,0.06148,22.9184,0,999.054,2.72534
0.000227601,1112.53,0.0882344,22.9199,0,999.055,2.72487
0.000227803,1066.3,-0.00550713,22.9213,0,999.056,2.72437
0.000228004,1123.48,-0.0891882,22.9201,0,999.056,2.72384
0.000228207,1200.74,-0.0503357,22.9172,0,999.056,2.72327
0.000228411,1199.76,0.0487554,22.9156,0,999.057,2.72267
0.000228601,1104.36,0.0739824,22.9169,0,999.058,2.7221
0.000228804,1074.07,-0.0179085,22.9174,0,999.059,2.72147
0.000229006,1132.2,-0.082854,22.9155,0,999.06,2.72082
0.000229201,1203.72,-0.0216368,22.9121,0,999.06,2.72019
0.000229402,1175.57,0.0671706,22.9108,0,999.061,2.71954
0.000229606,1105.26,0.0649994,22.9111,0,999.062,2.71887
0.000229807,1081.45,-0.0215935,22.911,0,999.063,2.71821
0.000230006,1141.39,-0.075065,22.9085,0,999.063,2.71757
0.000230206,1196.42,-0.0192962,22.9051,0,999.063,2.71694
0.0002304,1161.59,0.0597849,22.9036,0,999.064,2.71633
0.0002306,1101.54,0.0418951,22.9034,0,999.065,2.71573
0.000230803,1126.41,-0.0185526,22.9014,0,999.065,2.71514
0.000231005,1129.06,-0.00488476,22.8991,0,999.066,2.71459
0.000231214,1063.7,-0.0231019,22.898,0,999.067,2.71404
0.000231414,959.002,-0.0253562,22.8971,0,999.069,2.71354
0.000231614,878.555,-0.0117825,22.8963,0,999.07,2.71308
0.000231814,872.87,0.00915034,22.8955,0,999.07,2.71266
0.000232014,945.424,0.0243258,22.8947,0,999.071,2.71226
0.000232214,1050.53,0.0242962,22.8938,0,999.07,2.7119
0.0002324,1119.97,0.0106352,22.893,0,999.071,2.71159
0.000232618,1118.35,-0.0112314,22.892,0,999.071,2.71128
0.000232814,1043.01,-0.0246288,22.8911,0,999.072,2.71102
0.000233014,939.032,-0.02344,22.8903,0,999.074,2.7108
0.000233214,871.822,-0.00758142,22.8894,0,999.075,2.71061
0.000233414,883.601,0.0130043,22.8886,0,999.075,2.71046
0.000233614,966.852,0.0254231,22.8878,0,999.076,2.71034
0.000233814,1069.23,0.021975,22.887,0,999.075,2.71026
0.000234002,1125.92,0.00618519,22.8862,0,999.076,2.71022
0.000234202,1110.25,-0.0134823,22.8852,0,999.076,2.71021
0.000234411,1022.65,-0.0253595,22.8843,0,999.078,2.71024
0.000234611,922.317,-0.0209977,22.8834,0,999.079,2.7103
0.000234811,869.26,-0.0034892,22.8826,0,999.08,2.7104
0.000235011,896.797,0.0161818,22.8818,0,999.08,2.71054
0.000235211,987.498,0.0257033,22.881,0,999.08,2.71071
0.000235411,1084.43,0.0192097,22.8801,0,999.08,2.71092
0.00023561,1127.7,0.00106588,22.8793,0,999.081,2.71117
0.00023581,1092.87,-0.0173116,22.8783,0,999.082,2.71145
0.000236017,997.661,-0.0254091,22.8774,0,999.083,2.71177
0.000236217,904.949,-0.0174112,22.8766,0,999.084,2.71213
0.000236417,870.438,0.00148205,22.8757,0,999.085,2.71251
0.000236617,915.768,0.0194228,22.8749,0,999.085,2.71294
0.000236817,1012.33,0.0251982,22.8741,0,999.085,2.7134
0.000237011,1097.93,0.0157531,22.8733,0,999.085,2.71388
0.000237205,1124.97,-0.0025756,22.8724,0,999.086,2.71439
0.000237405,1077.81,-0.0194437,22.8715,0,999.087,2.71494
0.000237601,984.282,-0.0247974,22.8706,0,999.088,2.71553
0.000237813,0.278971,0.137274,22.8696,0,999.087,2.71619
0.000238013,0.62359,0.306779,22.8689,0,999.081,2.71686
0.000238213,0.968005,0.47617,22.868,0,999.069,2.71756
0.000238413,1.31231,0.6455,22.8672,0,999.053,2.71829
0.000238613,1.65648,0.814768,22.8663,0,999.032,2.71905
0.000238803,1251.16,0.813946,22.8672,0,999.009,2.7198
0.000239016,1246.4,0.0841746,22.8929,0,999.01,2.72067
0.000239206,1080.97,0.10355,22.9098,0,999.012,2.72141
0.000239406,1048.83,-0.0476394,22.9143,0,999.013,2.7221
0.000239601,1162.36,-0.12085,22.9135,0,999.013,2.72271
0.000239803,1237.77,-0.0137886,22.9119,0,999.013,2.72325
0.000240009,1194.1,0.10027,22.913,0,999.014,2.72371
0.000240202,1068.55,0.0755502,22.9172,0,999.015,2.72407
0.000240401,1066.15,-0.0690472,22.9193,0,999.016,2.72437
0.000240604,1164.39,-0.111508,22.9181,0,999.016,2.7246
0.000240803,1231.55,-0.00150122,22.9161,0,999.016,2.72475
0.000241006,1174.57,0.103456,22.9171,0,999.017,2.72483
0.0002412,1064.56,0.0538096,22.9207,0,999.019,2.72484
0.000241412,1064.13,-0.0490882,22.9219,0,999.02,2.72478
0.000241603,1175.8,-0.0975983,22.9199,0,999.019,2.72467
0.000241801,1223.41,0.0188833,22.9179,0,999.02,2.72449
0.000242001,1149.9,0.102634,22.919,0,999.021,2.72426
0.000242201,1065.81,0.0383441,22.9216,0,999.022,2.72398
0.000242409,1078.97,-0.0628761,22.922,0,999.023,2.72363
0.000242601,1185.7,-0.0811507,22.9194,0,999.023,2.72327
0.000242803,1215.19,0.0262484,22.9174,0,999.023,2.72284
0.000243006,1148.55,0.094514,22.918,0,999.024,2.72237
0.000243203,1069.56,0.0279345,22.92,0,999.026,2.72188
0.00024341,1090.27,-0.0663986,22.9197,0,999.026,2.72133
0.000243601,1190.7,-0.065303,22.9166,0,999.026,2.7208
0.000243804,1205.49,0.0354507,22.9146,0,999.027,2.72021
0.000244006,1136.5,0.0866258,22.9149,0,999.028,2.7196
0.000244202,1072.77,0.00781191,22.9162,0,999.029,2.719
0.0002444,1118.73,-0.0789133,22.9148,0,999.029,2.71838
0.000244605,1189.13,-0.0549599,22.9117,0,999.029,2.71772
0.0002448,1190.49,0.0500315,22.9095,0,999.03,2.71709
0.000245006,1125.48,0.0761036,22.9094,0,999.031,2.71643
0.0002452,1079.31,-0.00850415,22.9099,0,999.032,2.7158
0.000245409,1116.32,-0.0686426,22.9079,0,999.033,2.71514
0.0002456,1192.03,-0.0331324,22.9042,0,999.033,2.71454
0.0002458,1173.79,0.042359,22.9022,0,999.033,2.71394
0.000246001,1118.05,0.0452995,22.9017,0,999.035,2.71334
0.000246202,1123.88,-0.0104432,22.9002,0,999.035,2.71277
0.000246406,1119.53,-0.00996534,22.898,0,999.036,2.71222
0.000246619,1039.95,-0.0245679,22.897,0,999.037,2.71168
0.000246819,937.204,-0.0229398,22.8961,0,999.039,2.71121
0.000247019,872.39,-0.00697605,22.8953,0,999.04,2.71076
0.000247219,886.197,0.0133344,22.8944,0,999.04,2.71035
0.000247419,969.831,0.0252734,22.8936,0,999.04,2.70997
0.000247619,1070.74,0.0214491,22.8928,0,999.04,2.70962
0.000247807,1125.25,0.00570281,22.892,0,999.04,2.70933
0.000248006,1108.24,-0.0136627,22.8911,0,999.041,2.70905
0.000248203,1026.09,-0.0250349,22.8902,0,999.042,2.70881
0.000248403,925.907,-0.0212657,22.8893,0,999.044,2.7086
0.000248603,870.743,-0.00419484,22.8885,0,999.045,2.70842
0.000248803,895.23,0.0154804,22.8877,0,999.045,2.70828
0.000249003,983.858,0.0254453,22.8869,0,999.045,2.70818
0.000249203,1081,0.0195583,22.886,0,999.045,2.70811
0.000249416,1126.97,0.000517981,22.8851,0,999.046,2.70808
0.000249613,1091.41,-0.0173854,22.8842,0,999.047,2.70809
0.000249808,1002.15,-0.0252816,22.8833,0,999.048,2.70813
0.000250008,908.512,-0.0179721,22.8824,0,999.049,2.70821
0.000250208,870.828,0.000578934,22.8816,0,999.05,2.70832
0.000250408,912.729,0.0187433,22.8808,0,999.05,2.70847
0.000250608,1007.76,0.0251665,22.88,0,999.05,2.70866
0.000250808,1096.42,0.0159487,22.8791,0,999.05,2.70888
0.000251003,1124.59,-0.00231294,22.8783,0,999.051,2.70913
0.000251201,1078.82,-0.0191632,22.8774,0,999.052,2.70942
0.00025141,979.992,-0.0246282,22.8764,0,999.053,2.70977
0.00025161,895.656,-0.0143171,22.8756,0,999.055,2.71013
0.00025181,875.358,0.00494457,22.8748,0,999.055,2.71053
0.00025201,931.784,0.0210857,22.874,0,999.056,2.71097
0.00025221,1029.38,0.024036,22.8732,0,999.055,2.71144
0.000252406,1106.21,0.0123987,22.8723,0,999.056,2.71194
0.000252602,1119.02,-0.00615755,22.8714,0,999.056,2.71246
0.000252808,1057.31,-0.0214616,22.8705,0,999.057,2.71305
0.000253004,962.808,-0.0234164,22.8696,0,999.059,2.71365
0.000253209,0.281905,0.138717,22.8686,0,999.057,2.71431
0.000253409,0.626516,0.308218,22.8679,0,999.051,2.71498
0.000253609,0.970921,0.477604,22.8671,0,999.04,2.71569
0.000253809,1.31521,0.646928,22.8662,0,999.024,2.71643
0.000254009,1.65938,0.816191,22.8653,0,999.002,2.71721
0.000254201,1251.08,0.805456,22.8664,0,998.98,2.71798
0.000254418,1246.23,0.0650299,22.8929,0,998.981,2.71888
0.000254606,1088.85,0.109917,22.9087,0,998.982,2.71962
0.000254807,1044.78,-0.0329404,22.9134,0,998.983,2.72033
0.000255005,1143.59,-0.123431,22.9131,0,998.983,2.72095
0.000255202,1236.4,-0.0246025,22.9111,0,998.983,2.72148
0.000255406,1194.06,0.100279,22.9121,0,998.984,2.72195
0.000255609,1087.26,0.09689,22.9157,0,998.986,2.72234
0.000255807,1055.03,-0.044152,22.9185,0,998.987,2.72264
0.000256,1164.05,-0.111604,22.9172,0,998.987,2.72286
0.000256203,1231.02,-0.0122435,22.9153,0,998.987,2.72302
0.000256401,1170.89,0.10519,22.9163,0,998.988,2.72311
0.000256605,1075.29,0.0726157,22.9194,0,998.99,2.72313
0.00025681,1062.64,-0.0452381,22.9211,0,998.99,2.72308
0.000257006,1161.45,-0.103602,22.9195,0,998.99,2.72297
0.000257203,1224.67,0.0039637,22.9172,0,998.99,2.7228
0.000257406,1168.83,0.0972083,22.9178,0,998.992,2.72257
0.000257605,1073.95,0.0572542,22.9204,0,998.993,2.72229
0.000257806,1077.88,-0.0612236,22.9212,0,998.994,2.72196
0.000258006,1171.72,-0.0906398,22.919,0,998.994,2.72159
0.000258206,1217.59,0.0101783,22.9167,0,998.994,2.72117
0.000258403,1148.87,0.0944922,22.9172,0,998.995,2.72072
0.000258608,1075.87,0.046078,22.9189,0,998.996,2.72021
0.000258809,1087.71,-0.0632432,22.919,0,998.997,2.71969
0.000259007,1176.97,-0.0781121,22.9162,0,998.997,2.71914
0.000259207,1209.39,0.0206999,22.9138,0,998.998,2.71856
0.0002594,1132.08,0.0862076,22.9143,0,998.999,2.71798
0.000259604,1074.74,0.021886,22.9152,0,999,2.71735
0.000259806,1104.07,-0.0698761,22.9142,0,999,2.71672
0.000260001,1188.85,-0.055357,22.9109,0,999,2.7161
0.000260207,1199.04,0.0320368,22.9086,0,999.001,2.71544
0.000260403,1125.47,0.0761507,22.9087,0,999.002,2.71481
0.000260606,1079.38,0.00931939,22.9089,0,999.003,2.71416
0.000260804,1118.64,-0.0699133,22.9071,0,999.004,2.71353
0.000261006,1184.75,-0.0468839,22.9037,0,999.004,2.7129
0.000261201,1178.51,0.0390134,22.9013,0,999.005,2.71231
0.000261401,1121.11,0.0439694,22.9008,0,999.006,2.71172
0.000261605,1122.11,-0.00808542,22.8994,0,999.006,2.71114
0.000261805,1122.04,-0.00931569,22.8972,0,999.007,2.7106
0.000262007,1049.66,-0.0240466,22.8962,0,999.008,2.71009
0.000262207,945.821,-0.023988,22.8953,0,999.01,2.70961
0.000262407,874.475,-0.00894549,22.8945,0,999.011,2.70916
0.000262607,880.421,0.0116779,22.8937,0,999.012,2.70875
0.000262807,959.813,0.0249643,22.8929,0,999.012,2.70837
0.000263007,1062.72,0.0226658,22.892,0,999.012,2.70802
0.000263205,1125,0.00667939,22.8912,0,999.012,2.70771
0.00026342,1107.29,-0.0142906,22.8902,0,999.013,2.70741
0.000263603,1030.43,-0.0250225,22.8894,0,999.014,2.70719
0.000263803,928.928,-0.021893,22.8885,0,999.015,2.70698
0.000264003,870.516,-0.00506668,22.8877,0,999.016,2.70681
0.000264203,891.878,0.0149103,22.8869,0,999.017,2.70667
0.000264403,979.467,0.0255318,22.886,0,999.017,2.70656
0.000264603,1078.28,0.0202391,22.8852,0,999.017,2.7065
0.000264819,1127.81,0.000980121,22.8842,0,999.017,2.70646
0.000265019,1092.61,-0.0174021,22.8833,0,999.018,2.70647
0.000265209,1005.69,-0.0254347,22.8825,0,999.019,2.70651
0.000265409,910.379,-0.0185967,22.8816,0,999.021,2.70659
0.000265609,869.817,-0.000124281,22.8808,0,999.022,2.7067
0.000265809,909.456,0.018402,22.88,0,999.022,2.70685
0.000266009,1004.26,0.0253979,22.8792,0,999.022,2.70704
0.000266209,1094.83,0.0166003,22.8783,0,999.022,2.70726
0.000266405,1125.69,-0.00180609,22.8775,0,999.023,2.70752
0.000266607,1080.25,-0.0191598,22.8765,0,999.024,2.70781
0.000266812,982.656,-0.0248829,22.8756,0,999.025,2.70815
0.000267012,896.546,-0.0148828,22.8748,0,999.026,2.70852
0.000267212,873.891,0.00442327,22.874,0,999.027,2.70892
0.000267412,928.863,0.0209348,22.8732,0,999.027,2.70935
0.000267612,1026.81,0.0243468,22.8723,0,999.027,2.70982
0.000267803,1104.07,0.0134392,22.8715,0,999.027,2.71031
0.000268015,1119.04,-0.00677551,22.8706,0,999.028,2.71088
0.000268211,1059.72,-0.0213998,22.8697,0,999.029,2.71144
0.000268401,967.721,-0.0238702,22.8688,0,999.03,2.71202
0.00026861,0.288022,0.141726,22.8678,0,999.029,2.71269
0.00026881,0.632595,0.311208,22.8671,0,999.023,2.71337
0.00026901,0.976988,0.480588,22.8662,0,999.011,2.71407
0.00026921,1.32127,0.649906,22.8654,0,998.995,2.71482
0.00026941,1.66542,0.819163,22.8645,0,998.974,2.71559
0.000269603,1251.05,0.806094,22.8656,0,998.951,2.71637
0.000269818,1246.26,0.0727905,22.8918,0,998.952,2.71725
0.000270008,1088.8,0.109933,22.908,0,998.954,2.718
0.000270201,1051.49,-0.0553091,22.9127,0,998.955,2.71868
0.0002704,1160.3,-0.121355,22.912,0,998.955,2.71931
0.0002706,1237.8,-0.0131096,22.9103,0,998.955,2.71985
0.000270807,1194.08,0.100274,22.9115,0,998.956,2.72033
0.000271,1068.19,0.0751605,22.9157,0,998.958,2.7207
0.000271208,1054.96,-0.0441338,22.9179,0,998.959,2.72101
0.000271402,1164.05,-0.11163,22.9166,0,998.958,2.72123
0.000271605,1231.02,-0.012231,22.9148,0,998.959,2.72139
0.000271802,1170.84,0.105236,22.9158,0,998.96,2.72147
0.000272006,1075.23,0.0726232,22.9188,0,998.961,2.72148
0.000272201,1075.33,-0.070318,22.9204,0,998.962,2.72143
0.000272401,1175.01,-0.0980425,22.9185,0,998.962,2.72132
0.000272605,1224.67,0.00395127,22.9166,0,998.962,2.72114
0.000272808,1168.81,0.0972368,22.9173,0,998.963,2.72091
0.000273007,1073.89,0.0572579,22.9199,0,998.965,2.72062
0.000273208,1077.87,-0.0613063,22.9207,0,998.965,2.72029
0.000273407,1171.77,-0.0906416,22.9185,0,998.965,2.7199
0.000273601,1215.34,0.0255295,22.9161,0,998.966,2.71949
0.000273804,1148.75,0.0945429,22.9168,0,998.967,2.71902
0.000274001,1069.25,0.0271495,22.9188,0,998.968,2.71853
0.00027421,1087.87,-0.0635478,22.9185,0,998.969,2.71797
0.000274408,1177.34,-0.0778772,22.9158,0,998.969,2.71741
0.000274601,1204.78,0.0375374,22.9134,0,998.969,2.71685
0.000274805,1136.84,0.0867264,22.9137,0,998.971,2.71623
0.000275006,1074.61,0.0215763,22.9148,0,998.972,2.7156
0.000275208,1104.18,-0.0700493,22.9138,0,998.972,2.71496
0.000275403,1189.06,-0.0551293,22.9105,0,998.972,2.71432
0.000275609,1199.02,0.0321857,22.9082,0,998.973,2.71365
0.000275804,1125.42,0.0762149,22.9083,0,998.974,2.71301
0.000276001,1078.86,-0.00261951,22.9087,0,998.975,2.71237
0.000276206,1118.26,-0.0698395,22.9068,0,998.976,2.71171
0.000276408,1184.81,-0.0469945,22.9034,0,998.976,2.71107
0.000276602,1180.56,0.0427959,22.901,0,998.977,2.71046
0.0002768,1116.49,0.0495119,22.9006,0,998.978,2.70987
0.000277002,1121.35,-0.0114436,22.8992,0,998.979,2.70928
0.000277202,1129.39,-0.00590154,22.8969,0,998.979,2.70873
0.000277411,1061.13,-0.0235978,22.8958,0,998.98,2.70818
0.000277611,955.347,-0.0253507,22.8949,0,998.982,2.70769
0.000277811,876.031,-0.0112643,22.8941,0,998.983,2.70723
0.000278011,873.001,0.00985672,22.8932,0,998.984,2.7068
0.000278211,948.062,0.0247778,22.8924,0,998.984,2.70641
0.000278411,1053.95,0.0242133,22.8916,0,998.984,2.70605
0.000278603,1123.25,0.00955386,22.8908,0,998.984,2.70573
0.000278806,1119.75,-0.0110789,22.8898,0,998.985,2.70543
0.00027902,1035.59,-0.0253234,22.8889,0,998.986,2.70516
0.00027922,931.348,-0.0228569,22.888,0,998.988,2.70494
0.00027942,868.64,-0.0060845,22.8872,0,998.989,2.70475
0.00027962,886.858,0.0144768,22.8864,0,998.989,2.7046
0.00027982,974.427,0.0259503,22.8856,0,998.989,2.70449
0.00028002,1076.32,0.0212365,22.8847,0,998.989,2.70441
0.000280211,1128.73,0.00439818,22.8839,0,998.99,2.70437
0.000280411,1105.77,-0.0151261,22.883,0,998.991,2.70436
0.000280607,1019.89,-0.0256559,22.8821,0,998.992,2.70439
0.000280807,919.305,-0.0208154,22.8812,0,998.993,2.70446
0.000281007,867.827,-0.00294225,22.8804,0,998.994,2.70456
0.000281207,897.783,0.0167505,22.8796,0,998.995,2.7047
0.000281407,990.217,0.025938,22.8788,0,998.995,2.70487
0.000281607,1087.12,0.0189664,22.8779,0,998.995,2.70508
0.000281813,1128.68,-7.72463e-05,22.877,0,998.995,2.70533
0.000282013,1089.37,-0.0182617,22.8761,0,998.996,2.70561
0.000282218,992.134,-0.0255753,22.8752,0,998.998,2.70594
0.000282418,900.514,-0.0167384,22.8743,0,998.999,2.7063
0.000282618,869.821,0.00257102,22.8735,0,999,2.70669
0.000282818,919.293,0.0202453,22.8727,0,999,2.70711
0.000283018,1017.72,0.025242,22.8719,0,999,2.70757
0.000283203,1098.74,0.0158255,22.8711,0,999,2.70803
0.000283417,1124.34,-0.00457369,22.8702,0,999.001,2.70859
0.000283604,1075.06,-0.0200736,22.8693,0,999.002,2.70912
0.0002838,980.02,-0.0248796,22.8684,0,999.003,2.70971
0.000284004,0.278198,0.136893,22.8674,0,999.002,2.71035
0.000284204,0.622788,0.306385,22.8667,0,998.996,2.71101
0.000284404,0.967175,0.475762,22.8659,0,998.985,2.71171
0.000284604,1.31145,0.645077,22.865,0,998.968,2.71244
0.000284804,1.6556,0.814331,22.8642,0,998.947,2.7132
0.000285002,1250.87,0.781356,22.8655,0,998.925,2.71399
0.000285211,1246.19,0.0674003,22.8915,0,998.926,2.71484
0.00028541,1111.45,0.122409,22.907,0,998.927,2.71561
0.000285603,1043.51,-0.0269435,22.9121,0,998.929,2.71628
0.000285805,1129.12,-0.122463,22.9122,0,998.929,2.7169
0.000286,1234.04,-0.0361932,22.91,0,998.929,2.71742
0.0002862,1195.36,0.0991687,22.9108,0,998.93,2.71787
0.000286404,1087.92,0.0975086,22.9143,0,998.931,2.71825
0.000286603,1052.92,-0.0371982,22.9172,0,998.932,2.71855
0.000286805,1139.85,-0.114945,22.9165,0,998.932,2.71877
0.000287005,1227.28,-0.034475,22.9143,0,998.932,2.71891
0.000287206,1193.31,0.09043,22.9146,0,998.933,2.71899
0.000287402,1080.34,0.0792365,22.9179,0,998.935,2.719
0.000287605,1061.42,-0.041993,22.9197,0,998.936,2.71894
0.000287801,1159.42,-0.104164,22.9182,0,998.936,2.71883
0.000288002,1224.31,-0.0102045,22.9159,0,998.936,2.71865
0.00028821,1186.19,0.0863468,22.9161,0,998.937,2.71841
0.000288401,1075.95,0.0608566,22.9189,0,998.939,2.71814
0.000288602,1075.5,-0.0572971,22.9198,0,998.939,2.7178
0.000288805,1161.25,-0.0950773,22.9179,0,998.94,2.71742
0.000289005,1217.96,-0.00255562,22.9154,0,998.94,2.71699
0.000289208,1169.1,0.0881574,22.9153,0,998.941,2.71653
0.000289407,1081.33,0.0564148,22.9172,0,998.942,2.71603
0.000289608,1080.94,-0.0529224,22.9176,0,998.943,2.7155
0.000289803,1173.22,-0.0805399,22.9149,0,998.943,2.71496
0.000290006,1210.77,0.00960625,22.9124,0,998.944,2.71437
0.000290201,1144.69,0.0865557,22.9125,0,998.945,2.71378
0.000290406,1078.96,0.0361314,22.9135,0,998.946,2.71316
0.000290612,1088.95,-0.0526889,22.9129,0,998.947,2.7125
0.000290807,1174.98,-0.0694221,22.9098,0,998.947,2.71189
0.000291001,1198.92,0.0318575,22.9071,0,998.947,2.71126
0.000291204,1136.31,0.0780328,22.9069,0,998.948,2.71061
0.000291403,1080.22,0.0155771,22.9073,0,998.95,2.70998
0.00029161,1102.74,-0.0582385,22.9058,0,998.95,2.70932
0.000291811,1172.04,-0.0606448,22.9025,0,998.95,2.7087
0.000292001,1181.35,0.0286688,22.8998,0,998.951,2.70812
0.000292201,1126.31,0.0368255,22.8991,0,998.952,2.70754
0.000292402,1122.55,-0.005843,22.8979,0,998.953,2.70698
0.000292607,1116.3,-0.0116235,22.8957,0,998.954,2.70643
0.000292811,1037.37,-0.0246799,22.8947,0,998.955,2.70591
0.000293011,934.984,-0.0226554,22.8938,0,998.956,2.70544
0.000293211,871.877,-0.00647177,22.893,0,998.958,2.705
0.000293411,887.662,0.0137426,22.8922,0,998.958,2.70459
0.000293611,972.301,0.0253307,22.8914,0,998.958,2.70421
0.000293811,1072.62,0.0211236,22.8906,0,998.958,2.70387
0.000294007,1126.25,0.00441031,22.8897,0,998.959,2.70357
0.000294206,1104.36,-0.0146919,22.8888,0,998.959,2.7033
0.000294404,1019.27,-0.0252514,22.8879,0,998.961,2.70306
0.000294604,920.397,-0.0204381,22.887,0,998.962,2.70285
0.000294804,869.954,-0.0028425,22.8862,0,998.963,2.70268
0.000295004,899.604,0.0165099,22.8854,0,998.964,2.70255
0.000295204,990.589,0.0255102,22.8846,0,998.964,2.70245
0.000295404,1085.83,0.0186294,22.8837,0,998.964,2.70239
0.000295616,1126.64,-0.00072893,22.8828,0,998.964,2.70236
0.000295807,1088.82,-0.0178229,22.8819,0,998.965,2.70238
0.000296006,996.381,-0.0252493,22.881,0,998.967,2.70242
0.000296206,904.639,-0.0171263,22.8802,0,998.968,2.70251
0.000296406,871.232,0.00170699,22.8794,0,998.969,2.70262
0.000296606,917.102,0.019447,22.8786,0,998.969,2.70278
0.000296806,1013.31,0.0250088,22.8777,0,998.969,2.70297
0.000297006,1099.63,0.0150384,22.8769,0,998.969,2.7032
0.000297214,1122.57,-0.00467391,22.8759,0,998.97,2.70347
0.000297401,1073.84,-0.019853,22.8751,0,998.971,2.70375
0.000297606,975.187,-0.024429,22.8742,0,998.972,2.7041
0.000297806,893.055,-0.0134967,22.8733,0,998.974,2.70447
0.000298006,876.544,0.00587156,22.8725,0,998.975,2.70487
0.000298206,935.958,0.021539,22.8717,0,998.975,2.70531
0.000298406,1033.87,0.0237359,22.8709,0,998.975,2.70579
0.0002986,1107.77,0.0117223,22.8701,0,998.975,2.70628
0.000298817,1114.47,-0.00874108,22.8691,0,998.976,2.70687
0.000299011,1050.44,-0.0220762,22.8682,0,998.977,2.70743
0.000299201,0.241487,0.120275,22.8671,0,998.978,2.70802
0.000299408,0.315843,0.155411,22.8664,0,998.976,2.70869
0.000299608,0.6603,0.324835,22.8656,0,998.97,2.70937
0.000299808,1.00467,0.4942,22.8648,0,998.958,2.71008
0.0003,1.33524,0.65678,22.864,0,998.942,2.7108
0.000300207,1.69144,0.831958,19.7822,0,998.92,2.71271
0.000300402,1250.28,0.693887,19.3615,0,998.9,2.71765
0.000300605,1205.38,-0.116612,19.1603,0,998.901,2.72591
0.000300803,1219.78,0.0850707,18.9537,0,998.902,2.73682
0.000301009,1100.44,0.149676,18.7406,0,998.903,2.75106
0.0003012,995.94,-0.0111705,18.5474,0,998.905,2.76667
0.000301401,1084.41,-0.142888,18.3414,0,998.905,2.78547
0.000301602,1211.15,-0.0775684,18.1352,0,998.905,2.80647
0.000301804,1202.13,0.0868917,17.9314,0,998.906,2.82982
0.000302004,1068.39,0.130505,17.7371,0,998.907,2.85475
0.000302205,998.091,-0.00969241,17.5435,0,998.909,2.88174
0.000302406,1079.48,-0.132355,17.3481,0,998.909,2.9105
0.000302606,1198.36,-0.0712568,17.1533,0,998.909,2.94066
0.000302809,1189.88,0.0800231,16.9601,0,998.909,2.97273
0.000303005,1058.24,0.116614,16.7791,0,998.911,3.00505
0.0003032,1005.2,-0.0386435,16.6014,0,998.912,3.03834
0.000303405,1091.15,-0.125775,16.4128,0,998.912,3.07452
0.0003036,1196.74,-0.0343342,16.2326,0,998.912,3.11002
0.000303802,1157.34,0.0987689,16.051,0,998.913,3.14776
0.000304006,1046.64,0.100552,15.8732,0,998.915,3.18665
0.000304202,1010.04,-0.044333,15.7033,0,998.916,3.22496
0.000304404,1101.57,-0.11624,15.5271,0,998.916,3.26505
0.000304605,1183.52,-0.0320427,15.3513,0,998.916,3.30581
0.000304807,1146.15,0.0917867,15.1802,0,998.917,3.34707
0.000305,1028.25,0.0740753,15.0204,0,998.919,3.38728
0.000305207,1012.14,-0.0410409,14.8505,0,998.92,3.4306
0.000305402,1111.08,-0.104088,14.689,0,998.92,3.47184
0.000305604,1173.85,-0.0132558,14.5222,0,998.92,3.51508
0.000305802,1119.26,0.0958586,14.3634,0,998.921,3.55762
0.000306004,1026.85,0.0652763,14.2052,0,998.922,3.60129
0.000306211,1014.64,-0.0396972,14.0439,0,998.923,3.64622
0.000306406,1105.73,-0.0949364,13.8908,0,998.923,3.6887
0.000306602,1162.52,0.00398554,13.7375,0,998.924,3.73161
0.000306805,1110.67,0.0882756,13.5829,0,998.925,3.77616
0.000307008,1027.69,0.0603012,13.4325,0,998.926,3.82054
0.000307204,1025.91,-0.0567156,13.2878,0,998.927,3.86345
0.000307403,1110.67,-0.082132,13.1397,0,998.927,3.90696
0.000307606,1151.3,0.00355316,12.9901,0,998.927,3.9513
0.000307801,1088.95,0.085094,12.8503,0,998.929,3.99378
0.000308003,1019.01,0.0378811,12.7083,0,998.93,4.03771
0.000308208,1026.65,-0.0517016,12.564,0,998.931,4.08225
0.000308407,1103.67,-0.0746372,12.4239,0,998.931,4.12515
0.000308604,1139.29,0.0156695,12.2865,0,998.931,4.16739
0.000308805,1083.86,0.0771317,12.1499,0,998.932,4.21038
0.000309007,1020.4,0.0343083,12.0154,0,998.934,4.25331
0.0003092,1041.04,-0.062493,11.8869,0,998.934,4.2941
0.000309404,1106.64,-0.0607803,11.7508,0,998.934,4.33687
0.0003096,1125.81,0.0270766,11.6211,0,998.935,4.37786
0.000309803,1069.56,0.0698567,11.4913,0,998.936,4.41969
0.000310003,1017.96,0.0178734,11.3648,0,998.937,4.46089
0.000310204,1040.46,-0.0558081,11.2378,0,998.938,4.50186
0.000310408,1098.95,-0.054095,11.1091,0,998.938,4.54301
0.000310604,1115.65,0.0239446,10.9863,0,998.939,4.58238
0.000310807,1065.73,0.0614458,10.8634,0,998.94,4.62248
0.000311001,1019.22,0.00609948,10.7475,0,998.941,4.66066
0.000311207,1041.31,-0.0486939,10.6238,0,998.941,4.70091
0.000311407,1090.26,-0.0391738,10.5041,0,998.942,4.73948
0.000311602,1086.97,0.0150488,10.3893,0,998.943,4.77671
0.0003118,1057.6,0.0275085,10.2752,0,998.943,4.8141
0.000312005,1047.8,0.00306003,10.1586,0,998.944,4.85227
0.000312209,1061.23,-0.00581273,10.0426,0,998.945,4.89
0.000312406,1046.19,-0.00676363,9.93213,0,998.946,4.92605
0.000312612,1005.27,-0.0115689,9.81871,0,998.947,4.96315
0.000312812,960.87,-0.00895781,9.70953,0,998.948,4.99885
0.000313012,939.82,-0.000768807,9.60157,0,998.949,5.03413
0.000313212,955.24,0.00788851,9.49483,0,998.949,5.06899
0.000313412,997.442,0.0116212,9.38926,0,998.95,5.10342
0.000313612,1040.13,0.00815762,9.28486,0,998.95,5.13743
0.000313809,1057.24,-0.000143355,9.18287,0,998.951,5.1706
0.000314011,1039.35,-0.0082073,9.07966,0,998.952,5.2041
0.000314211,996.868,-0.0114983,8.97868,0,998.953,5.23683
0.000314401,956.897,-0.00803466,8.88372,0,998.954,5.26755
0.000314602,0.352077,0.172421,8.78385,0,998.954,5.29948
0.000314811,0.38466,0.189258,8.68233,0,998.952,5.33245
0.000315011,0.729068,0.358656,8.58583,0,998.944,5.3634
0.000315211,1.0734,0.528005,8.49036,0,998.931,5.39379
0.000315411,1.41762,0.697294,8.39595,0,998.914,5.42329
0.000315611,1.76171,0.86652,8.30259,0,998.891,5.45101
0.000315811,2.10568,1.03568,8.21027,0,998.863,5.47488
0.000316011,2.44952,1.20478,8.11897,0,998.83,5.49194
0.000316211,2.79322,1.37382,8.02869,0,998.792,5.50129
0.000316405,3.12649,1.53772,7.94207,0,998.75,5.50537
0.000316601,1249.11,0.53603,7.88258,0,998.739,5.5072
0.000316806,863.778,-0.0469553,7.8373,0,998.742,5.50822
0.000317012,1013.8,-0.22858,7.75326,0,998.742,5.50894
0.000317202,1228.82,-0.0520319,7.66943,0,998.741,5.5095
0.000317401,1140.04,0.195954,7.5887,0,998.743,5.51004
0.000317607,948.223,0.183217,7.51108,0,998.745,5.51057
0.000317803,886.729,-0.0860178,7.4378,0,998.747,5.51106
0.000318004,1058.47,-0.216849,7.35657,0,998.746,5.51154
0.000318203,1215.38,-0.0466676,7.27454,0,998.746,5.512
0.000318402,1128.57,0.185287,7.19829,0,998.747,5.51244
0.000318607,945.943,0.165001,7.12523,0,998.75,5.51288
0.000318806,893.737,-0.0751115,7.05434,0,998.751,5.51329
0.000319004,1068.05,-0.200674,6.97866,0,998.75,5.51368
0.000319202,1204.52,-0.0229307,6.90145,0,998.75,5.51406
0.000319408,1130.62,0.165017,6.82671,0,998.752,5.51445
0.000319601,926.957,0.125358,6.76244,0,998.754,5.51479
0.000319805,909.983,-0.0900202,6.69301,0,998.755,5.51515
0.000320004,1074.45,-0.183957,6.62033,0,998.755,5.51548
0.000320203,1191.56,-0.0120556,6.54719,0,998.755,5.51581
0.000320408,1110.82,0.161313,6.47726,0,998.756,5.51613
0.000320603,928.343,0.107848,6.41577,0,998.758,5.51643
0.000320809,916.488,-0.079564,6.34862,0,998.759,5.51674
0.000321005,1079.75,-0.167161,6.28081,0,998.759,5.51702
0.000321203,1178.39,0.00779393,6.21215,0,998.759,5.5173
0.000321406,1085.69,0.158583,6.14685,0,998.76,5.51757
0.000321609,940.903,0.108277,6.08526,0,998.762,5.51784
0.000321805,938.712,-0.101682,6.02529,0,998.763,5.51809
0.000322005,1087.72,-0.148984,5.95954,0,998.763,5.51834
0.000322206,1166.08,0.00829606,5.89381,0,998.763,5.51859
0.0003224,1053.14,0.154399,5.83525,0,998.765,5.51882
0.000322603,930.479,0.0710273,5.777,0,998.767,5.51905
0.000322809,943.186,-0.0918947,5.71652,0,998.767,5.51928
0.000323007,1085.13,-0.136337,5.65476,0,998.767,5.51949
0.000323203,1152.53,0.0292926,5.59388,0,998.768,5.5197
0.000323403,1049.34,0.142649,5.53684,0,998.769,5.51991
0.000323607,936.9,0.0651893,5.48152,0,998.771,5.52011
0.000323812,949.903,-0.0866271,5.42435,0,998.772,5.52031
0.000324004,1096.05,-0.115208,5.36715,0,998.771,5.52049
0.000324206,1141.73,0.0286865,5.3083,0,998.772,5.52068
0.000324402,1032.81,0.132255,5.25584,0,998.774,5.52085
0.000324602,934.764,0.0342732,5.20439,0,998.775,5.52103
0.000324805,973.498,-0.102483,5.14999,0,998.776,5.5212
0.000325007,1091.58,-0.104864,5.09356,0,998.776,5.52137
0.000325202,1125.84,0.0501807,5.03972,0,998.776,5.52153
0.000325405,1031.4,0.122017,4.98798,0,998.778,5.52169
0.000325605,940.97,0.0316322,4.93918,0,998.779,5.52185
0.000325806,981.373,-0.0987251,4.88822,0,998.78,5.522
0.000326011,1083.91,-0.0981164,4.8341,0,998.78,5.52215
0.000326206,1117.4,0.0457741,4.78329,0,998.78,5.52229
0.0003264,1011.32,0.109443,4.73682,0,998.782,5.52242
0.000326603,944.092,0.0126337,4.6897,0,998.783,5.52256
0.000326801,1001.07,-0.102096,4.64158,0,998.784,5.5227
0.000327003,1097.95,-0.0694262,4.59077,0,998.784,5.52283
0.000327209,1109.29,0.0424927,4.5405,0,998.785,5.52296
0.000327404,1011.53,0.100939,4.49641,0,998.786,5.52308
0.0003276,949.033,-0.00419084,4.45331,0,998.788,5.5232
0.000327804,1001.89,-0.094074,4.40614,0,998.788,5.52332
0.000328006,1091.35,-0.0641013,4.35808,0,998.788,5.52344
0.000328202,1091.22,0.0612216,4.31292,0,998.789,5.52355
0.000328401,999.711,0.088147,4.27047,0,998.79,5.52366
0.000328604,954.05,-0.00376248,4.22782,0,998.792,5.52377
0.000328808,1002.62,-0.0866638,4.18314,0,998.792,5.52387
0.000329009,1085.22,-0.0591804,4.1377,0,998.792,5.52398
0.000329205,1085.24,0.0563055,4.09493,0,998.793,5.52408
0.000329404,1000.79,0.0812927,4.0547,0,998.795,5.52418
0.000329601,959.923,-0.0170284,4.01565,0,998.796,5.52427
0.000329802,1018.52,-0.0849104,3.97357,0,998.796,5.52437
0.00033,1.79702,0.886539,3.92452,0,998.795,5.52446
0.000330211,2.56877,1.26348,3.84333,0,998.758,5.52455
0.000330411,2.91268,1.43258,3.79904,0,998.718,5.52464
0.0003306,705.832,1.49658,3.75956,0,998.676,5.52472
0.000330803,1246.49,0.145306,3.75872,0,998.673,5.52481
0.000331013,1023.06,0.266882,3.74142,0,998.675,5.52489
0.000331205,817.525,0.0146764,3.71416,0,998.678,5.52497
0.000331402,972.951,-0.247967,3.67771,0,998.677,5.52505
0.000331603,1192.62,-0.146494,3.63564,0,998.677,5.52513
0.000331802,1181.38,0.158361,3.59767,0,998.678,5.5252
0.000332006,970.88,0.236812,3.5659,0,998.68,5.52528
0.000332203,830.459,-0.01229,3.53729,0,998.682,5.52535
0.000332408,950.402,-0.221267,3.50135,0,998.682,5.52542
0.000332601,1189.94,-0.118959,3.46221,0,998.681,5.52549
0.000332809,1185.3,0.120819,3.42501,0,998.682,5.52556
0.000333003,953.722,0.212418,3.39712,0,998.685,5.52562
0.000333202,843.842,-0.0280903,3.36924,0,998.687,5.52569
0.000333408,964.269,-0.21093,3.33477,0,998.687,5.52575
0.000333605,1175.43,-0.115281,3.29749,0,998.686,5.52581
0.000333806,1160.25,0.135872,3.26324,0,998.687,5.52588
0.000334006,959.057,0.19818,3.23574,0,998.689,5.52594
0.000334205,855.482,-0.023103,3.20917,0,998.691,5.52599
0.000334402,1003.28,-0.20638,3.17726,0,998.691,5.52605
0.000334604,1170,-0.092516,3.14159,0,998.691,5.52611
0.00033481,1150.52,0.124066,3.10888,0,998.692,5.52616
0.000335,931.572,0.16226,3.08503,0,998.694,5.52621
0.000335204,870.119,-0.0431824,3.05832,0,998.695,5.52627
0.000335404,1009.71,-0.1915,3.02738,0,998.695,5.52632
0.000335608,1158.3,-0.0846795,2.99361,0,998.695,5.52637
0.000335801,1107.4,0.153231,2.96473,0,998.696,5.52642
0.000336005,940.109,0.151944,2.93976,0,998.698,5.52647
0.000336201,888.665,-0.0701377,2.91565,0,998.7,5.52651
0.000336402,1031.03,-0.17727,2.88562,0,998.7,5.52656
0.000336604,1156.76,-0.0470882,2.8539,0,998.7,5.52661
0.000336804,1096.97,0.144181,2.82625,0,998.701,5.52665
0.000337009,947.437,0.141876,2.80215,0,998.703,5.5267
0.000337204,898.609,-0.0664405,2.77944,0,998.704,5.52674
0.000337407,1025.63,-0.163895,2.7509,0,998.704,5.52678
0.0003376,1149.84,-0.0166272,2.72155,0,998.704,5.52682
0.000337809,1097.68,0.127,2.69443,0,998.705,5.52686
0.000338011,951.108,0.130334,2.67206,0,998.707,5.5269
0.000338208,905.313,-0.0560379,2.65018,0,998.708,5.52694
0.000338402,1048.15,-0.147807,2.62378,0,998.708,5.52698
0.000338604,1139.09,-0.0179871,2.59559,0,998.709,5.52701
0.000338802,1062.19,0.137297,2.57173,0,998.71,5.52705
0.000339005,933.737,0.0969161,2.55055,0,998.712,5.52709
0.0003392,928.876,-0.0863125,2.52915,0,998.713,5.52712
0.000339405,1046.23,-0.136167,2.50289,0,998.713,5.52716
0.000339601,1129.99,0.00585149,2.47675,0,998.713,5.52719
0.000339804,1055.65,0.127944,2.45378,0,998.714,5.52722
0.000340007,938.498,0.0878543,2.43359,0,998.716,5.52726
0.000340203,936.507,-0.0818334,2.41323,0,998.717,5.52729
0.000340403,1056.82,-0.120507,2.38854,0,998.717,5.52732
0.000340604,1120.77,0.00683509,2.36365,0,998.718,5.52735
0.000340807,1051.87,0.118224,2.34185,0,998.719,5.52738
0.000341001,930.745,0.0570034,2.32417,0,998.721,5.52741
0.000341206,942.196,-0.0755062,2.30328,0,998.721,5.52744
0.000341405,1056.11,-0.109782,2.28001,0,998.721,5.52746
0.000341601,1110.55,0.0233853,2.2569,0,998.722,5.52749
0.000341801,1027.68,0.115003,2.23711,0,998.723,5.52752
0.000342004,937.045,0.0529827,2.21889,0,998.725,5.52754
0.00034221,946.125,-0.0675206,2.19899,0,998.726,5.52757
0.0003424,1067.21,-0.0914696,2.1774,0,998.726,5.52759
0.000342604,1102.56,0.0231396,2.15529,0,998.726,5.52762
0.000342804,1025.92,0.106178,2.13649,0,998.728,5.52764
0.000343008,942.635,0.048768,2.11913,0,998.729,5.52767
0.000343201,969.495,-0.0846076,2.10124,0,998.73,5.52769
0.000343404,1062.71,-0.084466,2.07984,0,998.73,5.52771
0.000343607,1095.42,0.0212723,2.05892,0,998.731,5.52774
0.000343801,1011.82,0.0982884,2.04196,0,998.732,5.52776
0.000344003,941.861,0.0264832,2.02563,0,998.734,5.52778
0.000344204,972.438,-0.0779085,2.00758,0,998.734,5.5278
0.000344407,1058.54,-0.0779991,1.98735,0,998.735,5.52782
0.000344602,1084.35,0.036999,1.9682,0,998.735,5.52784
0.000344804,1011.72,0.0906884,1.95146,0,998.737,5.52786
0.000345006,947.133,0.0245269,1.93592,0,998.738,5.52788
0.000345209,971.967,-0.0687437,1.91866,0,998.739,5.5279
0.000345403,2.13429,1.05242,1.89053,0,998.736,5.52792
0.000345616,2.99477,1.473,1.82713,0,998.692,5.52794
0.00034581,3.32822,1.63695,1.80563,0,998.648,5.52796
0.00034601,1248.14,0.401165,1.81911,0,998.636,5.52798
0.000346207,806.604,0.1096,1.84143,0,998.641,5.52799
0.000346403,900.861,-0.236191,1.82981,0,998.641,5.52801
0.000346605,1153.4,-0.209957,1.80892,0,998.64,5.52803
0.000346801,1206.46,0.120818,1.78996,0,998.64,5.52804
0.000347004,997.792,0.262899,1.77845,0,998.643,5.52806
0.000347205,812.912,0.0660355,1.76997,0,998.645,5.52808
0.000347406,901.377,-0.214301,1.75639,0,998.645,5.52809
0.000347604,1152.43,-0.187246,1.7365,0,998.645,5.52811
0.000347803,1194.69,0.109968,1.71866,0,998.645,5.52812
0.000348007,1003.52,0.24575,1.70753,0,998.647,5.52814
0.000348202,820.969,0.0276812,1.70041,0,998.65,5.52815
0.000348402,935.808,-0.218563,1.68668,0,998.65,5.52816
0.0003486,1160.56,-0.151328,1.66763,0,998.649,5.52818
0.000348802,1176.23,0.116318,1.65121,0,998.65,5.52819
0.000349,963.884,0.22041,1.64197,0,998.652,5.5282
0.000349203,833.932,0.0227343,1.6336,0,998.654,5.52822
0.000349404,940.758,-0.202839,1.6205,0,998.654,5.52823
0.0003496,1156.88,-0.129068,1.60243,0,998.654,5.52824
0.000349805,1163.57,0.109412,1.58703,0,998.655,5.52826
0.000350005,975.892,0.207214,1.57781,0,998.657,5.52827
0.000350205,846.424,0.0166242,1.57021,0,998.659,5.52828
0.000350409,938.791,-0.183687,1.55768,0,998.659,5.52829
0.000350603,1147.66,-0.11641,1.54062,0,998.658,5.5283
0.000350808,1151.9,0.101664,1.5261,0,998.659,5.52831
0.000351004,960.368,0.185073,1.51802,0,998.662,5.52832
0.000351204,858.289,-0.00648064,1.51043,0,998.663,5.52833
0.000351408,959.958,-0.17854,1.49804,0,998.663,5.52835
0.000351601,1146.45,-0.0889187,1.48187,0,998.663,5.52836
0.000351807,1131.65,0.111794,1.46858,0,998.664,5.52837
0.000352004,956.217,0.167279,1.46086,0,998.666,5.52838
0.000352201,872.657,-0.0364767,1.45383,0,998.668,5.52839
0.000352401,998.926,-0.175406,1.44135,0,998.668,5.52839
0.000352604,1136.91,-0.08006,1.42625,0,998.668,5.5284
0.000352808,1119.48,0.107886,1.41378,0,998.669,5.52841
0.000353007,959.834,0.154388,1.40631,0,998.671,5.52842
0.000353203,882.482,-0.0329472,1.39955,0,998.672,5.52843
0.000353404,998.16,-0.162382,1.38776,0,998.672,5.52844
0.000353607,1127.01,-0.0755599,1.37352,0,998.672,5.52845
0.000353812,1114.21,0.0954983,1.36162,0,998.673,5.52846
0.000354003,943.312,0.129523,1.35549,0,998.675,5.52847
0.000354206,892.248,-0.0309052,1.34801,0,998.677,5.52847
0.000354407,1000.24,-0.150137,1.33684,0,998.677,5.52848
0.000354601,1127.52,-0.0402734,1.32333,0,998.677,5.52849
0.000354802,1077.09,0.122355,1.31315,0,998.678,5.5285
0.000355007,950.029,0.120969,1.30617,0,998.68,5.5285
0.000355201,908.155,-0.0563097,1.29959,0,998.681,5.52851
0.000355404,1015.89,-0.139354,1.28843,0,998.681,5.52852
0.000355604,1118.8,-0.035682,1.27579,0,998.681,5.52853
0.000355807,1076.98,0.108452,1.26596,0,998.683,5.52853
0.000356009,953.283,0.110679,1.2595,0,998.684,5.52854
0.000356206,914.321,-0.0470811,1.25303,0,998.686,5.52855
0.000356407,1017.18,-0.128595,1.24255,0,998.686,5.52855
0.000356601,1113.38,-0.0126675,1.23067,0,998.686,5.52856
0.0003568,1049.73,0.115637,1.22211,0,998.687,5.52857
0.000357001,937.018,0.079698,1.21629,0,998.689,5.52857
0.000357209,921.499,-0.0431876,1.20891,0,998.69,5.52858
0.000357403,1033.32,-0.115927,1.19891,0,998.69,5.52858
0.000357604,1105.35,-0.0117714,1.18781,0,998.691,5.52859
0.000357803,1046.84,0.10662,1.17968,0,998.692,5.5286
0.000358004,942.586,0.0736495,1.17407,0,998.694,5.5286
0.0003582,941.774,-0.0696854,1.16753,0,998.694,5.52861
0.000358405,1032.71,-0.10665,1.15757,0,998.695,5.52861
0.000358602,1098.3,0.0044176,1.14718,0,998.695,5.52862
0.000358806,1042.4,0.0991823,1.13944,0,998.696,5.52862
0.000359007,947.591,0.067876,1.13399,0,998.698,5.52863
0.000359203,946.892,-0.0642865,1.12773,0,998.699,5.52863
0.000359402,1043.57,-0.0932257,1.11823,0,998.699,5.52864
0.000359605,1091.41,0.00398795,1.10852,0,998.7,5.52864
0.000359809,1039.93,0.0914856,1.10115,0,998.701,5.52865
0.000360001,942.108,0.0437597,1.09668,0,998.702,5.52865
0.000360206,951.579,-0.0592463,1.08994,0,998.703,5.52866
0.000360405,1040.85,-0.0860606,1.08097,0,998.704,5.52866
0.000360603,1084.26,0.0144986,1.07188,0,998.704,5.52866
0.000360801,2.70807,1.33466,1.05317,0,998.702,5.52867
0.000361001,3.32794,1.63687,0.99746,0,998.655,5.52867
0.0003612,1254.05,1.32859,0.990017,0,998.615,5.52868
0.000361406,1178.85,-0.205632,1.03655,0,998.616,5.52868
0.000361605,1199.3,0.159755,1.03601,0,998.617,5.52869
0.00036181,974.079,0.275179,1.03446,0,998.62,5.52869
0.000362004,790.213,-0.00775901,1.03578,0,998.622,5.52869
0.000362205,944.009,-0.258334,1.02904,0,998.622,5.5287
0.000362402,1194.18,-0.139789,1.01665,0,998.621,5.5287
0.000362609,1192.92,0.134172,1.00814,0,998.622,5.5287
0.000362802,928.555,0.239477,1.00769,0,998.625,5.52871
0.000363005,804.473,-0.010434,1.00734,0,998.627,5.52871
0.000363205,955.517,-0.244158,1.0008,0,998.627,5.52871
0.000363402,1187.21,-0.119244,0.989043,0,998.626,5.52872
0.000363601,1151.6,0.173045,0.98162,0,998.627,5.52872
0.000363804,934.087,0.223455,0.980639,0,998.63,5.52872
0.000364006,818.695,-0.0158737,0.980288,0,998.631,5.52873
0.000364206,962.116,-0.228298,0.973955,0,998.631,5.52873
0.000364405,1172.04,-0.116882,0.963028,0,998.631,5.52873
0.000364607,1151.49,0.147169,0.955748,0,998.632,5.52874
0.000364808,943.899,0.20988,0.954734,0,998.634,5.52874
0.000365001,837.496,-0.0554121,0.9549,0,998.636,5.52874
0.000365206,978.526,-0.21546,0.948243,0,998.636,5.52875
0.000365404,1167.53,-0.0911165,0.937918,0,998.635,5.52875
0.000365607,1132.24,0.148845,0.931442,0,998.637,5.52875
0.000365801,913.758,0.171111,0.931452,0,998.639,5.52875
0.000366005,848.912,-0.0440641,0.930164,0,998.64,5.52876
0.000366206,994.076,-0.201639,0.923739,0,998.64,5.52876
0.000366401,1164.49,-0.053801,0.913901,0,998.64,5.52876
0.000366603,1103.04,0.158952,0.908522,0,998.641,5.52876
0.000366806,925.136,0.161589,0.907854,0,998.644,5.52877
0.000367002,869.33,-0.073609,0.906986,0,998.645,5.52877
0.000367203,1019.78,-0.187033,0.900215,0,998.645,5.52877
0.000367404,1152.71,-0.0496772,0.891394,0,998.645,5.52877
0.000367604,1089.72,0.152253,0.886423,0,998.646,5.52878
0.000367809,931.946,0.149715,0.885524,0,998.648,5.52878
0.000368004,880.645,-0.0701666,0.88463,0,998.65,5.52878
0.0003682,1039.42,-0.169353,0.877858,0,998.649,5.52878
0.000368404,1144.41,-0.0328347,0.869831,0,998.649,5.52878
0.000368608,1085.18,0.139701,0.865204,0,998.651,5.52879
0.000368801,910.054,0.109067,0.865419,0,998.653,5.52879
0.000369007,889.605,-0.0632901,0.863328,0,998.654,5.52879
0.000369202,1040.56,-0.155812,0.856895,0,998.654,5.52879
0.000369404,1135.77,-0.017692,0.849313,0,998.654,5.52879
0.000369601,1051.3,0.146639,0.845663,0,998.656,5.5288
0.000369804,917.308,0.100374,0.845097,0,998.658,5.5288
0.00037001,899.144,-0.0598259,0.84304,0,998.659,5.5288
0.000370206,1034.6,-0.144868,0.837034,0,998.659,5.5288
0.0003704,1126.68,0.0080271,0.829721,0,998.659,5.5288
0.000370606,1052.99,0.133054,0.826234,0,998.66,5.5288
0.000370807,923.497,0.0915945,0.825753,0,998.662,5.52881
0.000371005,918.593,-0.0800078,0.823843,0,998.663,5.52881
0.000371202,1052.05,-0.126386,0.817662,0,998.663,5.52881
0.000371404,1117.73,0.00446629,0.811179,0,998.663,5.52881
0.000371608,1048,0.123672,0.80787,0,998.665,5.52881
0.000371802,917.811,0.0626796,0.807906,0,998.667,5.52881
0.000372007,927.505,-0.077415,0.80541,0,998.668,5.52882
0.000372205,1048.87,-0.116629,0.799574,0,998.668,5.52882
0.000372401,1107.66,0.0236198,0.793434,0,998.668,5.52882
0.000372602,1022.22,0.121435,0.790914,0,998.67,5.52882
0.000372804,923.264,0.0544354,0.790326,0,998.671,5.52882
0.000373011,931.636,-0.0678943,0.787804,0,998.672,5.52882
0.0003732,1061.86,-0.0970346,0.781987,0,998.672,5.52882
0.000373403,1099.63,0.0245619,0.776547,0,998.673,5.52883
0.000373604,1018.47,0.112536,0.77419,0,998.674,5.52883
0.000373807,930.343,0.051587,0.773428,0,998.676,5.52883
0.000374,959.138,-0.0898091,0.771036,0,998.676,5.52883
0.000374203,1057.94,-0.0894441,0.765551,0,998.677,5.52883
0.000374406,1092.65,0.02263,0.760426,0,998.677,5.52883
0.0003746,1004.03,0.104228,0.758551,0,998.679,5.52883
0.000374802,930.006,0.0280119,0.7578,0,998.68,5.52883
0.000375004,962.732,-0.0827669,0.755032,0,998.681,5.52883
0.000375206,1054.05,-0.0826485,0.749865,0,998.681,5.52884
0.000375402,1081.43,0.0393571,0.745075,0,998.682,5.52884
0.000375603,1004.42,0.0962375,0.743199,0,998.683,5.52884
0.000375805,936.031,0.0259552,0.742406,0,998.685,5.52884
0.000376007,964.95,-0.0753255,0.739762,0,998.686,5.52884
0.000376203,2.94026,1.44887,0.718033,0,998.681,5.52884
0.000376419,3.62931,1.78508,0.66307,0,998.626,5.52884
0.000376607,1252.12,1.02701,0.671468,0,998.6,5.52884
0.000376816,944.138,-0.282361,0.726371,0,998.603,5.52884
0.000377001,1235.37,-0.0411712,0.720588,0,998.602,5.52884
0.000377201,1104.66,0.254139,0.718995,0,998.603,5.52885
0.000377408,876.184,0.221456,0.722412,0,998.606,5.52885
0.000377603,812.343,-0.12062,0.725293,0,998.608,5.52885
0.000377803,1042.12,-0.266644,0.719646,0,998.607,5.52885
0.000378004,1219.03,-0.0439742,0.711521,0,998.606,5.52885
0.000378204,1109.62,0.230454,0.709371,0,998.608,5.52885
0.0003784,850.045,0.166517,0.713962,0,998.611,5.52885
0.000378603,829.258,-0.122288,0.715357,0,998.612,5.52885
0.000378803,1048.59,-0.247081,0.709808,0,998.612,5.52885
0.000379003,1206.82,-0.0262068,0.702206,0,998.611,5.52885
0.000379209,1116.05,0.205295,0.700079,0,998.613,5.52885
0.000379409,885.458,0.185625,0.703621,0,998.616,5.52885
0.000379606,839.41,-0.108971,0.705767,0,998.617,5.52886
0.000379802,1062.18,-0.225049,0.700164,0,998.616,5.52886
0.000380002,1193.99,-0.00439557,0.693228,0,998.616,5.52886
0.000380203,1072,0.213571,0.692055,0,998.618,5.52886
0.000380401,859.828,0.125337,0.695943,0,998.62,5.52886
0.00038061,849.741,-0.09652,0.696528,0,998.622,5.52886
0.000380804,1061.23,-0.207569,0.691207,0,998.621,5.52886
0.000381005,1180.46,-0.00683644,0.684809,0,998.621,5.52886
0.000381201,1049.03,0.204787,0.684017,0,998.623,5.52886
0.000381406,876.039,0.124768,0.686953,0,998.625,5.52886
0.000381612,863.061,-0.0924403,0.687647,0,998.626,5.52886
0.000381802,1078.16,-0.181702,0.682131,0,998.626,5.52886
0.000382005,1167.24,0.0103133,0.676544,0,998.626,5.52886
0.000382201,1030.61,0.192771,0.676221,0,998.628,5.52886
0.000382402,871.746,0.0867049,0.679185,0,998.63,5.52886
0.00038261,886.049,-0.109847,0.679122,0,998.631,5.52886
0.000382807,1066.85,-0.171174,0.674093,0,998.63,5.52887
0.000383003,1152.67,0.0358011,0.668557,0,998.631,5.52887
0.000383204,1026.67,0.178555,0.668403,0,998.632,5.52887
0.000383407,883.754,0.0839399,0.670943,0,998.634,5.52887
0.000383605,913.655,-0.127628,0.670812,0,998.635,5.52887
0.000383802,1084.47,-0.144131,0.665616,0,998.635,5.52887
0.000384001,1138.35,0.0520486,0.660944,0,998.635,5.52887
0.000384205,1022.05,0.166114,0.660883,0,998.637,5.52887
0.0003844,881.801,0.0441735,0.663748,0,998.639,5.52887
0.000384601,937.196,-0.13484,0.662762,0,998.64,5.52887
0.000384805,1078.19,-0.133913,0.658063,0,998.64,5.52887
0.000385008,1131.64,0.0336425,0.65371,0,998.64,5.52887
0.000385203,1004.68,0.154123,0.653944,0,998.642,5.52887
0.000385403,891.246,0.0399242,0.656148,0,998.644,5.52887
0.000385606,937.237,-0.119777,0.655217,0,998.644,5.52887
0.000385808,1075.06,-0.121946,0.650696,0,998.644,5.52887
0.000386004,1116.87,0.0533206,0.646621,0,998.645,5.52887
0.000386206,1003.75,0.142329,0.64686,0,998.647,5.52887
0.000386401,897.1,0.0175791,0.649102,0,998.648,5.52887
0.000386608,945.583,-0.113296,0.647853,0,998.649,5.52887
0.000386801,1090.09,-0.0909457,0.643048,0,998.649,5.52887
0.000387007,1108.09,0.0508912,0.639822,0,998.65,5.52887
0.000387201,983.906,0.127954,0.640524,0,998.651,5.52887
0.000387403,905.444,0.0147501,0.642018,0,998.653,5.52888
0.000387601,972.789,-0.119419,0.640491,0,998.653,5.52888
0.000387804,1083.93,-0.0838992,0.636283,0,998.653,5.52888
0.000388,1088.36,0.0739646,0.63332,0,998.654,5.52888
0.000388204,985.87,0.118207,0.633834,0,998.656,5.52888
0.0003884,912.74,-0.00488123,0.635393,0,998.657,5.52888
0.000388604,975.326,-0.110206,0.633692,0,998.658,5.52888
0.000388807,1077.91,-0.0778122,0.629752,0,998.658,5.52888
0.000389003,1082.4,0.0680435,0.62695,0,998.659,5.52888
0.000389201,974.595,0.103998,0.627747,0,998.661,5.52888
0.000389403,920.082,-0.00562738,0.628763,0,998.662,5.52888
0.000389607,979.41,-0.102513,0.627098,0,998.663,5.52888
0.0003898,1084.95,-0.0499319,0.622993,0,998.663,5.52888
0.000390006,1076.66,0.0629749,0.620781,0,998.664,5.52888
0.000390204,977.202,0.0960587,0.62146,0,998.665,5.52888
0.000390406,926.831,-0.00516124,0.622341,0,998.667,5.52888
0.0003906,1000.39,-0.100052,0.620437,0,998.667,5.52888
0.000390804,1079.04,-0.0462236,0.616903,0,998.667,5.52888
0.00039101,1071.54,0.0579662,0.6148,0,998.668,5.52888
0.000391208,979.629,0.0887337,0.615371,0,998.67,5.52888
0.000391406,933.697,-0.013073,0.61622,0,998.671,5.52888
0.000391602,3.90196,1.91866,0.58083,0,998.66,5.52888
0.000391804,3.86446,1.90073,0.538001,0,998.605,5.52888
0.000392006,1250.35,0.752435,0.560407,0,998.587,5.52888
0.000392206,819.867,-0.173725,0.612123,0,998.591,5.52888
0.000392406,1090.31,-0.267558,0.610044,0,998.59,5.52888
0.000392602,1228.68,0.0525311,0.603551,0,998.59,5.52888
0.000392804,1048.22,0.2723,0.605072,0,998.592,5.52888
0.000393002,809.144,0.113825,0.611589,0,998.595,5.52888
0.000393203,858.14,-0.193763,0.613112,0,998.596,5.52888
0.000393406,1095.17,-0.243307,0.60788,0,998.595,5.52888
0.000393602,1213.36,0.0570939,0.601844,0,998.595,5.52888
0.000393802,1028.22,0.257432,0.603641,0,998.597,5.52888
0.000394001,816.978,0.0907162,0.609606,0,998.6,5.52888
0.000394211,846.564,-0.150338,0.610883,0,998.601,5.52888
0.000394403,1112.75,-0.212075,0.605132,0,998.6,5.52888
0.000394605,1201.51,0.0434231,0.600184,0,998.6,5.52888
0.000394808,1045.21,0.236919,0.601385,0,998.602,5.52888
0.000395003,829.896,0.0842118,0.607306,0,998.604,5.52888
0.000395203,890.491,-0.182649,0.608157,0,998.605,5.52888
0.000395404,1107.31,-0.196039,0.603007,0,998.604,5.52888
0.000395605,1185.75,0.054514,0.598341,0,998.605,5.52889
0.000395804,1015.97,0.224078,0.600077,0,998.607,5.52889
0.000396002,838.462,0.0631062,0.605219,0,998.609,5.52889
0.000396209,889.953,-0.159816,0.605823,0,998.61,5.52889
0.00039641,1091.1,-0.188288,0.601167,0,998.609,5.52889
0.000396602,1165.45,0.0795837,0.596438,0,998.61,5.52889
0.000396804,1000.17,0.207622,0.598468,0,998.612,5.52889
0.000397004,849.573,0.0520231,0.602942,0,998.614,5.52889
0.000397204,922.252,-0.170437,0.603074,0,998.614,5.52889
0.000397409,1097.94,-0.164436,0.598634,0,998.614,5.52889
0.000397606,1153.63,0.0737877,0.594605,0,998.615,5.52889
0.000397806,998.648,0.191838,0.596496,0,998.617,5.52889
0.000398002,857.495,0.0208612,0.600916,0,998.619,5.52889
0.000398209,926.148,-0.155407,0.600663,0,998.619,5.52889
0.000398402,1119.87,-0.12052,0.595551,0,998.619,5.52889
0.000398608,1141,0.0733018,0.592713,0,998.619,5.52889
0.000398804,978.279,0.173665,0.594955,0,998.621,5.52889
0.000399002,868.047,0.00739394,0.598625,0,998.623,5.52889
0.000399202,959.601,-0.161399,0.597794,0,998.624,5.52889
0.000399402,1116.38,-0.104706,0.593275,0,998.623,5.52889
0.00039961,1131.77,0.0664622,0.590781,0,998.624,5.52889
0.000399805,976.851,0.159858,0.592913,0,998.626,5.52889
0.000400001,878.541,-0.00734565,0.596325,0,998.628,5.52889
0.000400205,965.653,-0.150365,0.595329,0,998.628,5.52889
0.000400408,1103.73,-0.103359,0.591314,0,998.628,5.52889
0.000400603,1105.08,0.0975105,0.588869,0,998.629,5.52889
0.000400803,963.686,0.141552,0.591164,0,998.631,5.52889
0.000401004,888.459,-0.00764279,0.593865,0,998.633,5.52889
0.0004012,991.413,-0.145967,0.59248,0,998.633,5.52889
0.000401401,1112.95,-0.065021,0.588501,0,998.633,5.52889
0.000401608,1101.91,0.0831354,0.586822,0,998.634,5.52889
0.000401806,965.86,0.130174,0.58897,0,998.636,5.52889
0.000402002,899.395,-0.0257877,0.591549,0,998.637,5.52889
0.000402202,995.455,-0.135337,0.590021,0,998.637,5.52889
0.000402405,1103.4,-0.0638551,0.586431,0,998.637,5.52889
0.000402611,1093.5,0.0790734,0.584779,0,998.639,5.52889
0.000402801,950.84,0.108307,0.587262,0,998.64,5.52889
0.000403004,907.958,-0.0254613,0.589073,0,998.642,5.52889
0.000403205,996.63,-0.125048,0.587608,0,998.642,5.52889
0.000403408,1096.23,-0.0588598,0.584255,0,998.642,5.52889
0.000403601,1065.34,0.0995958,0.582947,0,998.643,5.52889
0.000403804,955.148,0.0999925,0.584951,0,998.645,5.52889
0.000404001,920.026,-0.0424459,0.586686,0,998.646,5.52889
0.000404202,1012.94,-0.116272,0.584868,0,998.647,5.52889
0.000404402,1097.44,-0.0297592,0.581655,0,998.647,5.52889
0.000404603,1058.1,0.0944887,0.580853,0,998.648,5.52889
0.000404807,958.455,0.0917221,0.582645,0,998.65,5.52889
0.000405003,927.567,-0.041736,0.584196,0,998.651,5.52889
0.000405205,1012.75,-0.107388,0.582465,0,998.651,5.52889
0.000405405,1090.64,-0.027526,0.579463,0,998.652,5.52889
0.000405606,1054.41,0.0871907,0.578682,0,998.653,5.52889
0.00040581,962.329,0.0847645,0.580298,0,998.654,5.52889
0.000406006,933.69,-0.0383762,0.581693,0,998.655,5.52889
0.000406201,1026.49,-0.0968385,0.579734,0,998.656,5.52889
0.000406402,1086.68,-0.00994757,0.577056,0,998.656,5.52889
0.000406609,1051,0.0804424,0.576484,0,998.657,5.52889
0.000406805,955.066,0.0674452,0.578305,0,998.659,5.52889
0.000407001,3.99147,1.96219,0.540053,0,998.646,5.52889
0.000407204,4.06057,1.99719,0.498529,0,998.589,5.52889
0.000407405,1249.57,0.631772,0.529146,0,998.577,5.52889
0.000407601,788.358,-0.10083,0.577984,0,998.581,5.52889
0.000407806,999.97,-0.285506,0.578279,0,998.58,5.52889
0.000408001,1228.89,-0.0533616,0.571205,0,998.58,5.52889
0.000408202,1121.25,0.238919,0.570998,0,998.582,5.52889
0.000408405,876.244,0.218141,0.576922,0,998.584,5.52889
0.000408605,805.136,-0.0932068,0.581782,0,998.586,5.52889
0.0004088,1041.36,-0.26348,0.578369,0,998.585,5.52889
0.000409003,1214.12,-0.0554401,0.572614,0,998.585,5.52889
0.000409205,1122.72,0.216588,0.572187,0,998.586,5.52889
0.000409401,863.746,0.18143,0.578517,0,998.589,5.52889
0.000409603,825.159,-0.107426,0.582391,0,998.59,5.52889
0.000409807,1015.02,-0.248658,0.579696,0,998.59,5.52889
0.000410001,1203.54,-0.0300624,0.573441,0,998.59,5.52889
0.000410208,1119.63,0.198302,0.573238,0,998.591,5.52889
0.00041041,897.239,0.19376,0.578414,0,998.594,5.52889
0.000410604,839.133,-0.103444,0.582764,0,998.595,5.52889
0.000410801,1053.48,-0.224846,0.579281,0,998.595,5.52889
0.000411001,1191.04,-0.0128269,0.574204,0,998.595,5.52889
0.0004112,1071.11,0.21097,0.574814,0,998.596,5.52889
0.0004114,866.39,0.133136,0.580272,0,998.599,5.52889
0.000411602,862.653,-0.120661,0.582947,0,998.6,5.52889
0.000411801,1058.46,-0.205876,0.579488,0,998.599,5.52889
0.000412003,1178.07,-0.00718317,0.574913,0,998.599,5.52889
0.0004122,1055.14,0.20013,0.575715,0,998.601,5.52889
0.000412404,878.516,0.125768,0.580475,0,998.604,5.52889
0.000412609,864.569,-0.0923654,0.582995,0,998.605,5.52889
0.000412805,1053.38,-0.190759,0.579787,0,998.604,5.52889
0.000413001,1164.8,0.0167357,0.575277,0,998.604,5.52889
0.000413206,1058.45,0.182206,0.576086,0,998.606,5.52889
0.000413409,893.192,0.123389,0.580406,0,998.608,5.52889
0.000413607,886.365,-0.107552,0.582859,0,998.609,5.52889
0.000413804,1065.74,-0.169362,0.579469,0,998.609,5.52889
0.000414,1150.75,0.0353091,0.575552,0,998.609,5.52889
0.000414201,1026.14,0.17663,0.576976,0,998.611,5.52889
0.000414408,893.44,0.100484,0.580704,0,998.613,5.52889
0.000414601,917.34,-0.129849,0.582433,0,998.614,5.52889
0.000414807,1058.45,-0.158645,0.579545,0,998.614,5.52889
0.000415002,1139.98,0.0360533,0.575777,0,998.614,5.52889
0.000415204,1027.08,0.163451,0.577045,0,998.616,5.52889
0.000415405,892.169,0.0733847,0.58093,0,998.618,5.52889
0.0004156,932.114,-0.128471,0.581992,0,998.618,5.52889
0.000415802,1079.57,-0.130516,0.578668,0,998.618,5.52889
0.000416006,1130.58,0.0298357,0.575896,0,998.619,5.52889
0.000416206,1023.92,0.151352,0.577053,0,998.621,5.52889
0.000416401,892.869,0.042279,0.581012,0,998.623,5.52889
0.000416602,941.054,-0.121541,0.581488,0,998.623,5.52889
0.000416805,1073.66,-0.121013,0.578444,0,998.623,5.52889
0.000417001,1114.89,0.0546998,0.575718,0,998.624,5.52889
0.000417202,1001.39,0.140723,0.57735,0,998.625,5.52889
0.000417404,901.331,0.0376054,0.580528,0,998.627,5.52889
0.000417604,947.828,-0.113697,0.580892,0,998.628,5.52889
0.000417809,1066.85,-0.113313,0.578128,0,998.628,5.52889
0.000418003,1105.94,0.0531785,0.575518,0,998.629,5.52889
0.000418205,1001.71,0.13,0.577006,0,998.63,5.52889
0.000418401,906.273,0.0143964,0.580183,0,998.632,5.52889
0.000418607,952.454,-0.105036,0.580212,0,998.632,5.52889
0.000418801,1083.7,-0.0820732,0.576933,0,998.632,5.52889
0.000419007,1098.6,0.0489604,0.575187,0,998.633,5.52889
0.000419201,985.461,0.116903,0.576943,0,998.635,5.52889
0.000419404,914.086,0.0134106,0.579433,0,998.636,5.52889
0.000419601,976.921,-0.109791,0.57911,0,998.637,5.52889
0.000419804,1077.9,-0.0759448,0.576374,0,998.637,5.52889
0.00042,1081.39,0.0676591,0.574745,0,998.638,5.52889
0.000420205,988.975,0.108492,0.576273,0,998.64,5.52889
0.0004204,920.81,-0.00556641,0.578779,0,998.641,5.52889
0.000420604,979.56,-0.101526,0.578253,0,998.642,5.52889
0.000420807,1072.65,-0.070108,0.575696,0,998.642,5.52889
0.000421004,1075.93,0.0623473,0.574161,0,998.643,5.52889
0.000421202,977.409,0.0951602,0.575889,0,998.644,5.52889
0.000421403,927.506,-0.00510462,0.577825,0,998.646,5.52889
0.000421607,981.71,-0.0937543,0.577308,0,998.646,5.52889
0.000421801,1078.3,-0.0458121,0.574497,0,998.646,5.52889
0.000422007,1070.91,0.0574008,0.573462,0,998.647,5.52889
0.000422205,981.346,0.0887469,0.574983,0,998.649,5.52889
0.000422401,3.84107,1.88901,0.528172,0,998.632,5.52889
0.0004226,570.266,2.0053,0.492891,0,998.573,5.52889
0.000422809,1248.26,0.429518,0.534323,0,998.569,5.52889
0.000423004,783.811,0.080827,0.575195,0,998.573,5.52889
0.000423208,871.631,-0.227341,0.578802,0,998.573,5.52889
0.000423403,1162.96,-0.203995,0.572594,0,998.572,5.52889
0.0004236,1201.85,0.134864,0.568816,0,998.573,5.52889
0.000423804,986.07,0.271299,0.572782,0,998.576,5.52889
0.000424002,794.384,0.0386966,0.579783,0,998.578,5.52889
0.000424202,913.365,-0.238099,0.580264,0,998.578,5.52889
0.000424407,1141.16,-0.203982,0.575236,0,998.577,5.52889
0.000424606,1199.81,0.0990108,0.571312,0,998.578,5.52889
0.0004248,961.235,0.248087,0.57559,0,998.581,5.52889
0.000425001,807.457,0.0250821,0.581604,0,998.583,5.52889
0.000425201,934.009,-0.230195,0.581649,0,998.583,5.52889
0.000425406,1141.12,-0.180927,0.576882,0,998.582,5.52889
0.000425606,1184,0.101275,0.573472,0,998.583,5.52889
0.000425803,966.978,0.231901,0.577401,0,998.585,5.52889
0.000426004,821.335,0.0234545,0.583039,0,998.587,5.52889
0.000426202,943.354,-0.216238,0.582981,0,998.588,5.52889
0.000426401,1155.55,-0.135479,0.577727,0,998.587,5.52889
0.000426605,1163.63,0.113383,0.575392,0,998.588,5.52889
0.000426805,965.909,0.214212,0.579134,0,998.59,5.52889
0.000427004,834.127,0.00941337,0.584378,0,998.592,5.52889
0.000427207,938.503,-0.195533,0.584333,0,998.592,5.52889
0.000427406,1139.33,-0.13449,0.579483,0,998.592,5.52889
0.000427603,1140.67,0.126892,0.577123,0,998.593,5.52889
0.000427801,943.886,0.18794,0.581187,0,998.595,5.52889
0.000428003,847.242,-0.0119643,0.585554,0,998.597,5.52889
0.000428207,954.633,-0.186399,0.585098,0,998.597,5.52889
0.000428401,1147.2,-0.0913313,0.580047,0,998.597,5.52889
0.000428605,1128.19,0.121513,0.578591,0,998.598,5.52889
0.000428806,952.349,0.175586,0.582211,0,998.6,5.52889
0.000429,862.485,-0.0392307,0.586525,0,998.602,5.52889
0.000429203,988.153,-0.18153,0.585299,0,998.602,5.52889
0.000429403,1138.44,-0.0804505,0.581103,0,998.602,5.52889
0.000429611,1123.76,0.10482,0.579783,0,998.603,5.52889
0.000429803,939.32,0.152061,0.583616,0,998.605,5.52889
0.000430006,871.666,-0.0246888,0.587025,0,998.606,5.52889
0.000430204,993.756,-0.168929,0.585855,0,998.606,5.52889
0.000430407,1127.64,-0.0777836,0.582089,0,998.606,5.52889
0.000430611,1111.35,0.10376,0.5808,0,998.608,5.52889
0.000430803,938.024,0.136147,0.584493,0,998.61,5.52889
0.000431006,883.467,-0.0334941,0.587501,0,998.611,5.52889
0.000431201,1012.81,-0.15705,0.585926,0,998.611,5.52889
0.000431401,1128.65,-0.0400885,0.582271,0,998.611,5.52889
0.000431604,1081.11,0.122749,0.581833,0,998.612,5.52889
0.000431806,942.071,0.124753,0.585024,0,998.614,5.52889
0.000432003,898.412,-0.0535905,0.587835,0,998.616,5.52889
0.000432204,1014.61,-0.145046,0.586206,0,998.616,5.52889
0.000432405,1118.92,-0.0398491,0.582893,0,998.616,5.52889
0.000432606,1073.86,0.115036,0.582443,0,998.617,5.52889
0.000432809,947.08,0.115206,0.585341,0,998.619,5.52889
0.000433005,907.664,-0.0522483,0.587918,0,998.62,5.52889
0.000433206,1015.39,-0.133947,0.586349,0,998.621,5.52889
0.000433402,1114.1,-0.015088,0.582994,0,998.621,5.52889
0.000433608,1066.29,0.108557,0.582881,0,998.622,5.52889
0.000433802,931.384,0.0843815,0.586168,0,998.624,5.52889
0.000434008,915.413,-0.0484344,0.587848,0,998.625,5.52889
0.000434203,1032.24,-0.120583,0.58595,0,998.625,5.52889
0.000434405,1106.09,-0.0140113,0.583243,0,998.626,5.52889
0.000434602,1041.16,0.113278,0.583448,0,998.627,5.52889
0.000434805,937.377,0.0780996,0.586114,0,998.629,5.52889
0.000435001,934.29,-0.0704351,0.587631,0,998.63,5.52889
0.000435206,1030.36,-0.111429,0.585861,0,998.63,5.52889
0.000435402,1099.24,0.00451212,0.583146,0,998.63,5.52889
0.000435606,1040.91,0.103607,0.583451,0,998.632,5.52889
0.000435807,941.933,0.0709039,0.585956,0,998.633,5.52889
0.000436003,941.269,-0.0671918,0.587289,0,998.634,5.52889
0.000436202,1042.29,-0.0974075,0.585274,0,998.634,5.52889
0.000436405,1092.35,0.00420984,0.583094,0,998.635,5.52889
0.000436609,1038.56,0.095663,0.583344,0,998.636,5.52889
0.000436801,936.384,0.0457437,0.586066,0,998.638,5.52889
0.000437006,946.354,-0.0619818,0.586832,0,998.639,5.52889
0.000437205,1039.71,-0.0899948,0.584942,0,998.639,5.52889
0.000437402,1084.58,0.0189151,0.582783,0,998.64,5.52889
0.000437601,1017.12,0.0943126,0.583473,0,998.641,5.52889
0.000437801,3.96808,1.95146,0.536162,0,998.623,5.52889
0.000438,802.887,2.02912,0.500012,0,998.563,5.52889
0.000438203,1248.59,0.481723,0.541383,0,998.561,5.52889
0.000438405,783.921,0.0804095,0.584459,0,998.565,5.52889
0.000438606,882.791,-0.237054,0.587991,0,998.565,5.52889
0.000438803,1165.47,-0.201206,0.581943,0,998.564,5.52889
0.000439001,1201.47,0.136073,0.578327,0,998.565,5.52889
0.000439205,986.219,0.271272,0.582375,0,998.567,5.52889
0.000439402,794.395,0.0376595,0.589468,0,998.57,5.52889
0.000439602,915.565,-0.239367,0.58998,0,998.57,5.52889
0.000439803,1159.43,-0.183543,0.584444,0,998.569,5.52889
0.000440005,1194.66,0.113949,0.581185,0,998.57,5.52889
0.000440202,965.333,0.249332,0.58547,0,998.572,5.52889
0.000440402,807.453,0.0252895,0.591659,0,998.575,5.52889
0.000440601,935.373,-0.231011,0.591757,0,998.575,5.52889
0.000440807,1142.44,-0.179784,0.587046,0,998.574,5.52889
0.000441006,1182.51,0.106027,0.583735,0,998.575,5.52889
0.000441201,956.705,0.228939,0.588003,0,998.577,5.52889
0.000441403,820.754,0.0161024,0.59354,0,998.579,5.52889
0.000441609,916.447,-0.200561,0.593928,0,998.58,5.52889
0.000441806,1144.64,-0.152768,0.588706,0,998.579,5.52889
0.000442009,1170.03,0.0994204,0.586014,0,998.58,5.52889
0.0004422,945.563,0.206685,0.590347,0,998.582,5.52889
0.0004424,834.147,-0.0145377,0.595362,0,998.584,5.52889
0.0004426,969.192,-0.208923,0.594588,0,998.584,5.52889
0.000442804,1148.08,-0.120703,0.590032,0,998.584,5.52889
0.00044301,1155.49,0.0987196,0.588026,0,998.585,5.52889
0.000443206,960.515,0.195607,0.591757,0,998.587,5.52889
0.000443404,847.429,-0.0148499,0.596652,0,998.589,5.52889
0.000443605,966.676,-0.191296,0.596009,0,998.589,5.52889
0.000443802,1148.49,-0.0886185,0.591186,0,998.589,5.52889
0.000444006,1127.9,0.122197,0.589847,0,998.59,5.52889
0.000444206,952.204,0.175492,0.593532,0,998.592,5.52889
0.000444403,861.855,-0.034495,0.597867,0,998.594,5.52889
0.000444603,991.926,-0.182193,0.596651,0,998.594,5.52889
0.000444806,1136.79,-0.0847694,0.592672,0,998.594,5.52889
0.000445011,1122.37,0.107472,0.591334,0,998.595,5.52889
0.000445205,941.615,0.153583,0.595151,0,998.597,5.52889
0.000445406,871.906,-0.0273033,0.5987,0,998.598,5.52889
0.000445606,988.749,-0.168253,0.597671,0,998.599,5.52889
0.000445807,1129.17,-0.0748454,0.593788,0,998.598,5.52889
0.000446002,1087,0.133229,0.592866,0,998.6,5.52889
0.000446204,936.57,0.13512,0.596402,0,998.602,5.52889
0.000446401,889.4,-0.058349,0.599526,0,998.603,5.52889
0.000446602,1015.38,-0.157155,0.597837,0,998.603,5.52889
0.000446803,1128.27,-0.042985,0.594327,0,998.603,5.52889
0.000447004,1079.24,0.124812,0.593924,0,998.605,5.52889
0.000447207,941.944,0.124762,0.597145,0,998.607,5.52889
0.000447403,899.4,-0.0568567,0.60001,0,998.608,5.52889
0.000447604,1016.15,-0.145157,0.598386,0,998.608,5.52889
0.000447806,1119.45,-0.03885,0.595132,0,998.608,5.52889
0.000448006,1071.03,0.117816,0.594786,0,998.609,5.52889
0.000448211,948.673,0.116624,0.597646,0,998.611,5.52889
0.000448406,908.269,-0.0541865,0.600321,0,998.613,5.52889
0.000448602,1031.08,-0.131577,0.598415,0,998.613,5.52889
0.000448802,1114.54,-0.0133918,0.595453,0,998.613,5.52889
0.000449009,1065.88,0.10923,0.595415,0,998.614,5.52889
0.000449203,931.224,0.0842563,0.598745,0,998.616,5.52889
0.000449409,915.917,-0.0500485,0.600469,0,998.617,5.52889
0.000449605,1029.28,-0.121604,0.598683,0,998.617,5.52889
0.000449805,1106.51,-0.0124709,0.595917,0,998.618,5.52889
0.000450002,1040.85,0.113674,0.59619,0,998.619,5.52889
0.000450206,937.221,0.0779696,0.598898,0,998.621,5.52889
0.000450401,935.503,-0.0724947,0.600442,0,998.622,5.52889
0.0004506,1045.21,-0.105617,0.598328,0,998.622,5.52889
0.000450803,1099.51,0.00464907,0.596035,0,998.622,5.52889
0.000451007,1041.06,0.103786,0.59638,0,998.624,5.52889
0.000451208,941.957,0.071016,0.598927,0,998.626,5.52889
0.000451404,941.293,-0.0673019,0.600298,0,998.626,5.52889
0.000451603,1042.47,-0.0975667,0.598317,0,998.627,5.52889
0.000451806,1092.62,0.00421835,0.59617,0,998.627,5.52889
0.000452,1019.54,0.101977,0.596828,0,998.629,5.52889
0.000452202,936.397,0.0458208,0.599217,0,998.63,5.52889
0.000452407,946.383,-0.0620873,0.60002,0,998.631,5.52889
0.000452606,1039.9,-0.0901482,0.59816,0,998.631,5.52889
0.000452803,1084.84,0.0189495,0.596032,0,998.632,5.52889
0.000453004,1019.96,0.094096,0.596699,0,998.633,5.52889
0.000453203,4.14627,2.03972,0.538832,0,998.609,5.52889
0.0004534,1257.5,1.88318,0.512586,0,998.552,5.52889
0.000453601,1247.55,0.322837,0.560466,0,998.553,5.52889
0.000453806,860.63,0.22434,0.594956,0,998.557,5.52889
0.000454006,801.737,-0.118815,0.601669,0,998.559,5.52889
0.000454206,1037.95,-0.277683,0.598581,0,998.558,5.52889
0.000454401,1229.23,-0.0200971,0.592251,0,998.558,5.52889
0.00045461,1131.37,0.225608,0.592599,0,998.559,5.52889
0.00045481,877.793,0.213568,0.598926,0,998.562,5.52889
0.000455006,818.246,-0.118909,0.604019,0,998.564,5.52889
0.000455206,1041.29,-0.25898,0.600898,0,998.563,5.52889
0.000455404,1214.35,-0.0281237,0.595192,0,998.563,5.52889
0.000455601,1078.77,0.239381,0.596083,0,998.565,5.52889
0.000455803,854.804,0.162356,0.602324,0,998.567,5.52889
0.000456002,845.573,-0.141732,0.605964,0,998.568,5.52889
0.000456201,1071.6,-0.231836,0.602224,0,998.568,5.52889
0.000456403,1201.66,-0.00937723,0.597522,0,998.568,5.52889
0.000456603,1072.56,0.223872,0.598552,0,998.57,5.52889
0.000456805,862.897,0.147581,0.60441,0,998.572,5.52889
0.000457001,866.168,-0.147281,0.607621,0,998.573,5.52889
0.000457203,1069.78,-0.214509,0.604108,0,998.573,5.52889
0.0004574,1187.62,0.0210081,0.599494,0,998.573,5.52889
0.000457601,1049.76,0.214797,0.601057,0,998.575,5.52889
0.000457801,857.331,0.108133,0.60677,0,998.577,5.52889
0.000458012,856.601,-0.0992101,0.609184,0,998.578,5.52889
0.000458201,1084.71,-0.188805,0.605268,0,998.577,5.52889
0.000458404,1174.75,0.0157444,0.601546,0,998.578,5.52889
0.000458609,1065.28,0.191824,0.6026,0,998.579,5.52889
0.000458802,864.212,0.0896051,0.608404,0,998.582,5.52889
0.000459008,883.338,-0.121328,0.610352,0,998.583,5.52889
0.0004592,1091.96,-0.165488,0.606383,0,998.582,5.52889
0.000459402,1159.23,0.0412597,0.603103,0,998.583,5.52889
0.000459604,1029.75,0.187166,0.60485,0,998.585,5.52889
0.000459805,875.564,0.0839155,0.609579,0,998.587,5.52889
0.00046,921.887,-0.147613,0.61106,0,998.587,5.52889
0.000460202,1090.38,-0.149291,0.607538,0,998.587,5.52889
0.000460406,1148.49,0.0346628,0.604648,0,998.588,5.52889
0.000460601,1005.53,0.174737,0.606701,0,998.59,5.52889
0.000460804,879.436,0.0609999,0.61086,0,998.591,5.52889
0.000461001,932.611,-0.140701,0.611855,0,998.592,5.52889
0.000461206,1081.24,-0.140958,0.608724,0,998.592,5.52889
0.000461408,1137.82,0.0353363,0.6059,0,998.592,5.52889
0.000461603,1004.45,0.161866,0.607829,0,998.594,5.52889
0.000461803,885.379,0.041919,0.611848,0,998.596,5.52889
0.000462006,933.844,-0.125962,0.61258,0,998.597,5.52889
0.000462208,1078.54,-0.128061,0.609511,0,998.597,5.52889
0.000462404,1122.36,0.0562334,0.606853,0,998.597,5.52889
0.000462606,1003.54,0.149555,0.608746,0,998.599,5.52889
0.000462801,891.511,0.018381,0.612675,0,998.601,5.52889
0.000463008,942.621,-0.119198,0.613013,0,998.602,5.52889
0.000463201,1094.51,-0.0953984,0.609483,0,998.601,5.52889
0.000463407,1113.27,0.0536242,0.607705,0,998.602,5.52889
0.000463601,982.706,0.1345,0.609942,0,998.604,5.52889
0.000463803,900.275,0.0154195,0.613056,0,998.606,5.52889
0.000464001,972.641,-0.126292,0.612916,0,998.606,5.52889
0.000464204,1088.76,-0.0871402,0.610006,0,998.606,5.52889
0.000464409,1104.51,0.0521358,0.608354,0,998.607,5.52889
0.000464604,984.329,0.124178,0.610411,0,998.609,5.52889
0.0004648,907.958,-0.00543285,0.613456,0,998.61,5.52889
0.000465004,975.404,-0.116697,0.613094,0,998.611,5.52889
0.000465207,1082.66,-0.0805882,0.610378,0,998.611,5.52889
0.000465402,1084.33,0.0751274,0.608846,0,998.612,5.52889
0.000465601,971.492,0.108644,0.611083,0,998.614,5.52889
0.000465803,915.643,-0.00491414,0.613479,0,998.615,5.52889
0.000466007,977.835,-0.107766,0.613119,0,998.616,5.52889
0.000466201,1089.16,-0.0526741,0.610091,0,998.616,5.52889
0.000466406,1080.46,0.0663749,0.609122,0,998.617,5.52889
0.000466604,975.782,0.101122,0.611133,0,998.618,5.52889
0.000466806,922.774,-0.00545566,0.613365,0,998.62,5.52889
0.000467,1000.27,-0.105363,0.612602,0,998.62,5.52889
0.000467204,1083.1,-0.048608,0.610167,0,998.621,5.52889
0.000467409,1075.12,0.061175,0.609242,0,998.622,5.52889
0.000467608,978.357,0.0934538,0.61107,0,998.623,5.52889
0.000467803,930.968,-0.0207796,0.613223,0,998.624,5.52889
0.000468003,1000.87,-0.0973382,0.61237,0,998.625,5.52889
0.000468207,1077.42,-0.045021,0.610091,0,998.625,5.52889
0.000468411,1068.85,0.0586325,0.609211,0,998.626,5.52889
0.000468604,4.24629,2.0889,0.550199,0,998.601,5.52889
0.000468802,1257.29,1.85054,0.525128,0,998.546,5.52889
0.000469005,1247.23,0.275035,0.575261,0,998.547,5.52889
0.000469208,881.87,0.243479,0.607307,0,998.551,5.52889
0.000469404,798.929,-0.110748,0.614553,0,998.553,5.52889
0.000469602,1042.2,-0.277097,0.611358,0,998.552,5.52889
0.000469802,1227.02,-0.0454927,0.605428,0,998.552,5.52889
0.000470006,1128.12,0.228735,0.605489,0,998.553,5.52889
0.000470201,851.051,0.18412,0.612632,0,998.556,5.52889
0.000470407,809.76,-0.0954907,0.616808,0,998.558,5.52889
0.000470605,1026.46,-0.261564,0.614068,0,998.557,5.52889
0.000470803,1213.19,-0.0428798,0.60816,0,998.557,5.52889
0.000471007,1120.27,0.21418,0.608192,0,998.558,5.52889
0.000471209,886.986,0.200616,0.614008,0,998.561,5.52889
0.000471406,826.941,-0.101388,0.618747,0,998.562,5.52889
0.000471604,1043.68,-0.241192,0.615687,0,998.562,5.52889
0.000471805,1199.99,-0.0378515,0.610569,0,998.562,5.52889
0.000472006,1098.09,0.210534,0.610824,0,998.563,5.52889
0.0004722,859.018,0.142154,0.617237,0,998.566,5.52889
0.000472407,841.713,-0.100206,0.620399,0,998.567,5.52889
0.000472605,1044.85,-0.223433,0.617428,0,998.567,5.52889
0.000472803,1188.59,-0.0119309,0.612455,0,998.567,5.52889
0.000473004,1074.37,0.205724,0.613237,0,998.568,5.52889
0.000473204,872.331,0.136066,0.618791,0,998.571,5.52889
0.000473407,858.841,-0.105074,0.621797,0,998.572,5.52889
0.000473603,1063.59,-0.200193,0.618458,0,998.571,5.52889
0.000473803,1175.69,0.00797208,0.614184,0,998.572,5.52889
0.000474006,1065.79,0.192385,0.615149,0,998.573,5.52889
0.000474208,884.479,0.129078,0.62013,0,998.576,5.52889
0.000474404,884.937,-0.124822,0.622891,0,998.577,5.52889
0.000474604,1067.35,-0.181699,0.619634,0,998.576,5.52889
0.000474805,1163.14,0.0109278,0.615837,0,998.577,5.52889
0.000475001,1029.64,0.187882,0.617347,0,998.579,5.52889
0.000475202,875.193,0.0841902,0.622074,0,998.581,5.52889
0.000475409,889.442,-0.107372,0.623881,0,998.582,5.52889
0.000475607,1065.42,-0.166799,0.620745,0,998.581,5.52889
0.000475803,1149.09,0.0348252,0.617084,0,998.582,5.52889
0.000476005,1031.67,0.173092,0.618576,0,998.583,5.52889
0.0004762,879.163,0.0614915,0.623288,0,998.585,5.52889
0.00047641,901.52,-0.105124,0.624627,0,998.586,5.52889
0.000476602,1081.57,-0.141504,0.621123,0,998.586,5.52889
0.000476804,1138.4,0.0354685,0.618275,0,998.587,5.52889
0.000477006,1027.32,0.160909,0.619708,0,998.588,5.52889
0.000477208,894.433,0.0722678,0.623718,0,998.59,5.52889
0.000477403,933.692,-0.126438,0.624941,0,998.591,5.52889
0.000477604,1078.92,-0.128529,0.621848,0,998.591,5.52889
0.000477801,1122.88,0.0564651,0.619168,0,998.591,5.52889
0.000478002,1003.62,0.15011,0.621056,0,998.593,5.52889
0.000478204,895.104,0.0416674,0.624675,0,998.595,5.52889
0.000478405,942.498,-0.119656,0.625314,0,998.596,5.52889
0.000478608,1073.12,-0.119196,0.622486,0,998.596,5.52889
0.000478804,1113.76,0.0538353,0.619961,0,998.596,5.52889
0.000479005,1001.98,0.138607,0.621731,0,998.598,5.52889
0.000479206,903.415,0.0370649,0.625023,0,998.6,5.52889
0.000479407,949.171,-0.111969,0.62554,0,998.6,5.52889
0.0004796,1089.18,-0.0874645,0.622224,0,998.6,5.52889
0.000479806,1104.98,0.0523477,0.620555,0,998.601,5.52889
0.000480001,984.341,0.12465,0.622608,0,998.603,5.52889
0.000480203,908.26,0.0142072,0.625448,0,998.605,5.52889
0.0004804,975.39,-0.117147,0.625279,0,998.605,5.52889
0.000480604,1083.06,-0.0808915,0.622541,0,998.605,5.52889
0.000480809,1097.77,0.0482085,0.620967,0,998.606,5.52889
0.000481004,986.286,0.115201,0.622835,0,998.608,5.52889
0.0004812,915.392,-0.00493938,0.625621,0,998.609,5.52889
0.000481404,977.829,-0.108187,0.625248,0,998.61,5.52889
0.000481607,1077.35,-0.0748751,0.62269,0,998.61,5.52889
0.000481803,1080.84,0.0666428,0.621214,0,998.611,5.52889
0.000482001,975.761,0.101517,0.623222,0,998.613,5.52889
0.000482203,922.546,-0.00547782,0.625453,0,998.614,5.52889
0.000482407,980.439,-0.100072,0.625065,0,998.615,5.52889
0.0004826,1083.5,-0.0487942,0.622221,0,998.615,5.52889
0.000482806,1075.49,0.0614241,0.621282,0,998.616,5.52889
0.000483004,978.343,0.0938229,0.623107,0,998.617,5.52889
0.000483206,929.13,-0.00502384,0.625138,0,998.619,5.52889
0.0004834,1000.95,-0.0977255,0.624392,0,998.619,5.52889
0.000483603,1077.8,-0.045195,0.622093,0,998.62,5.52889
0.000483808,1069.19,0.0588763,0.6212,0,998.621,5.52889
0.000484003,4.32562,2.12791,0.560658,0,998.594,5.52889
0.000484202,1257.29,1.85111,0.536053,0,998.54,5.52889
0.000484406,1247.2,0.270325,0.587108,0,998.541,5.52889
0.000484604,862.341,0.22549,0.619502,0,998.545,5.52889
0.000484802,805.489,-0.127506,0.626229,0,998.546,5.52889
0.000485003,1039.6,-0.277239,0.623075,0,998.545,5.52889
0.000485205,1224.42,-0.0614359,0.617295,0,998.545,5.52889
0.000485406,1126.26,0.229781,0.617151,0,998.547,5.52889
0.000485608,877.631,0.21295,0.623389,0,998.549,5.52889
0.000485804,815.811,-0.111478,0.62843,0,998.551,5.52889
0.000486007,1023.23,-0.261118,0.625733,0,998.55,5.52889
0.000486206,1211.14,-0.0533302,0.619898,0,998.55,5.52889
0.000486404,1104.95,0.224546,0.62,0,998.552,5.52889
0.000486606,872.478,0.184416,0.626044,0,998.554,5.52889
0.000486801,841.1,-0.132525,0.630273,0,998.556,5.52889
0.000487006,1035.79,-0.241978,0.627412,0,998.555,5.52889
0.000487203,1200.73,-0.0255019,0.621952,0,998.555,5.52889
0.000487405,1092.91,0.212927,0.622429,0,998.557,5.52889
0.000487601,860.557,0.143005,0.628698,0,998.56,5.52889
0.000487808,841.767,-0.0980093,0.631868,0,998.561,5.52889
0.000488001,1064.97,-0.216113,0.628376,0,998.56,5.52889
0.000488201,1188.14,0.00243836,0.623789,0,998.56,5.52889
0.000488405,1073.59,0.20498,0.62472,0,998.562,5.52889
0.000488605,874.073,0.136829,0.630192,0,998.564,5.52889
0.000488809,858.146,-0.100957,0.633209,0,998.565,5.52889
0.000489005,1059.33,-0.200751,0.629985,0,998.565,5.52889
0.000489201,1173.87,0.0239352,0.625478,0,998.565,5.52889
0.000489402,1045.44,0.198707,0.62694,0,998.567,5.52889
0.000489607,880.08,0.119916,0.631708,0,998.569,5.52889
0.0004898,898.483,-0.141398,0.634126,0,998.57,5.52889
0.000490004,1072.52,-0.177598,0.630846,0,998.57,5.52889
0.000490205,1161.81,0.0173297,0.627163,0,998.57,5.52889
0.000490407,1047.72,0.182052,0.628354,0,998.572,5.52889
0.000490602,873.733,0.0770265,0.633514,0,998.574,5.52889
0.00049081,893.315,-0.111377,0.635161,0,998.575,5.52889
0.000491,1089.58,-0.149216,0.631339,0,998.575,5.52889
0.000491204,1147.95,0.0357314,0.628409,0,998.575,5.52889
0.000491407,1034.89,0.171018,0.629823,0,998.577,5.52889
0.000491601,879.147,0.0577777,0.634611,0,998.579,5.52889
0.000491801,927.626,-0.135355,0.635607,0,998.58,5.52889
0.000492003,1084.23,-0.138099,0.632296,0,998.579,5.52889
0.000492207,1138.19,0.0316805,0.629574,0,998.58,5.52889
0.0004924,1003.21,0.161304,0.631486,0,998.582,5.52889
0.000492602,886.648,0.0446417,0.635395,0,998.584,5.52889
0.000492803,937.836,-0.128785,0.636097,0,998.584,5.52889
0.000493006,1078.07,-0.128038,0.633079,0,998.584,5.52889
0.000493202,1121.6,0.0580372,0.630388,0,998.585,5.52889
0.000493403,1001.47,0.148962,0.632312,0,998.587,5.52889
0.000493605,895.574,0.0397251,0.635871,0,998.589,5.52889
0.000493805,944.9,-0.120445,0.636445,0,998.589,5.52889
0.00049401,1070.94,-0.119897,0.63371,0,998.589,5.52889
0.000494204,1112.18,0.0564357,0.631129,0,998.59,5.52889
0.0004944,986.235,0.134989,0.633266,0,998.592,5.52889
0.000494601,900.698,0.0142409,0.636444,0,998.593,5.52889
0.000494801,968.331,-0.123649,0.636353,0,998.594,5.52889
0.000495001,1090.03,-0.0850388,0.633301,0,998.594,5.52889
0.000495207,1104.29,0.0524516,0.63168,0,998.595,5.52889
0.000495403,987.891,0.124725,0.633629,0,998.597,5.52889
0.000495604,908.942,0.0131747,0.636535,0,998.598,5.52889
0.000495804,971.265,-0.114174,0.636425,0,998.599,5.52889
0.000496004,1083.84,-0.0786821,0.633575,0,998.599,5.52889
0.00049621,1097.12,0.0483425,0.632045,0,998.6,5.52889
0.0004964,974.603,0.109743,0.634205,0,998.602,5.52889
0.000496601,916.138,-0.00578902,0.636659,0,998.603,5.52889
0.000496805,978.409,-0.107597,0.636266,0,998.603,5.52889
0.000497008,1077.09,-0.0742481,0.633717,0,998.604,5.52889
0.000497204,1080.46,0.0662212,0.632246,0,998.605,5.52889
0.000497403,976.082,0.100848,0.634232,0,998.606,5.52889
0.000497604,923.216,-0.00543891,0.636438,0,998.608,5.52889
0.000497808,980.722,-0.0994104,0.636044,0,998.608,5.52889
0.000498002,1083.11,-0.0484834,0.63321,0,998.608,5.52889
0.000498208,1075.16,0.0610045,0.632268,0,998.609,5.52889
0.000498406,978.648,0.0932086,0.634071,0,998.611,5.52889
0.000498601,931.38,-0.0207228,0.6362,0,998.612,5.52889
0.000498801,1001.1,-0.0970843,0.635331,0,998.613,5.52889
0.000499005,1077.45,-0.044909,0.633038,0,998.613,5.52889
0.000499211,1071.1,0.0548955,0.632126,0,998.614,5.52889
0.000499403,4.44525,2.18649,0.563508,0,998.581,5.52889
0.0004996,1256.39,1.71005,0.548822,0,998.533,5.52889
0.000499804,1246.33,0.141451,0.602914,0,998.534,5.52889
0.000500013,1013.67,0.288804,0.62669,0,998.537,5.52889
0.000500204,782.135,0.0214973,0.635957,0,998.54,5.52889
0.000500404,926.406,-0.259573,0.636065,0,998.54,5.52889
0.000500605,1176.95,-0.179989,0.630157,0,998.539,5.52889
0.000500807,1199.16,0.132721,0.627052,0,998.54,5.52889
0.000501005,958.566,0.26083,0.631675,0,998.542,5.52889
0.000501203,796.353,0.00786968,0.638249,0,998.545,5.52889
0.000501405,932.704,-0.243621,0.638126,0,998.545,5.52889
0.000501604,1173.46,-0.157163,0.632303,0,998.544,5.52889
0.000501802,1171.6,0.153924,0.629697,0,998.545,5.52889
0.000502001,933.194,0.23236,0.634697,0,998.548,5.52889
0.000502203,810.39,-0.00488736,0.640188,0,998.549,5.52889
0.0005024,967.974,-0.238809,0.639352,0,998.549,5.52889
0.000502603,1171,-0.131565,0.634121,0,998.549,5.52889
0.000502804,1160.24,0.144167,0.632018,0,998.55,5.52889
0.000503002,935.705,0.215113,0.636725,0,998.553,5.52889
0.000503204,824.329,-0.0119465,0.641806,0,998.554,5.52889
0.000503403,971.209,-0.22217,0.640926,0,998.554,5.52889
0.000503601,1169.05,-0.102064,0.635625,0,998.554,5.52889
0.000503805,1145.11,0.140932,0.634096,0,998.555,5.52889
0.000504001,926.522,0.19106,0.63882,0,998.558,5.52889
0.000504203,839.864,-0.0350552,0.643287,0,998.559,5.52889
0.000504408,963.884,-0.202851,0.642462,0,998.559,5.52889
0.000504604,1157.96,-0.0929448,0.637295,0,998.559,5.52889
0.000504809,1135.88,0.129383,0.63588,0,998.56,5.52889
0.000505008,945.573,0.184559,0.639876,0,998.562,5.52889
0.000505204,853.889,-0.0414533,0.644401,0,998.564,5.52889
0.000505406,987.018,-0.192758,0.643157,0,998.564,5.52889
0.000505607,1147.07,-0.0854203,0.63874,0,998.564,5.52889
0.000505801,1097.92,0.153271,0.637716,0,998.565,5.52889
0.000506004,926.349,0.15461,0.641776,0,998.567,5.52889
0.000506201,872.633,-0.0674301,0.645368,0,998.569,5.52889
0.000506402,1017.07,-0.179973,0.643444,0,998.569,5.52889
0.000506603,1146.09,-0.0488426,0.639443,0,998.569,5.52889
0.000506806,1095.21,0.138076,0.638935,0,998.57,5.52889
0.000507001,917.075,0.128567,0.643199,0,998.572,5.52889
0.000507202,884.075,-0.0670181,0.64603,0,998.574,5.52889
0.000507405,1013.39,-0.166957,0.644279,0,998.574,5.52889
0.000507605,1136.75,-0.0425917,0.640431,0,998.574,5.52889
0.000507807,1086.03,0.130683,0.640012,0,998.575,5.52889
0.00050801,938.357,0.132611,0.643445,0,998.577,5.52889
0.000508206,892.029,-0.0571933,0.646475,0,998.578,5.52889
0.0005084,1037.59,-0.150481,0.644248,0,998.578,5.52889
0.000508602,1130.41,-0.0182838,0.640972,0,998.579,5.52889
0.00050881,1078.4,0.12246,0.640865,0,998.58,5.52889
0.000509003,921.454,0.098818,0.644714,0,998.582,5.52889
0.000509209,901.829,-0.0557471,0.646767,0,998.583,5.52889
0.000509403,1036.37,-0.138817,0.64465,0,998.583,5.52889
0.000509605,1121.36,-0.0159483,0.641605,0,998.584,5.52889
0.000509802,1046.31,0.130573,0.641918,0,998.585,5.52889
0.000510005,926.897,0.0896474,0.645062,0,998.587,5.52889
0.000510201,925.023,-0.0835294,0.646861,0,998.588,5.52889
0.000510401,1047.93,-0.123015,0.644543,0,998.588,5.52889
0.000510602,1113.44,0.00701974,0.641829,0,998.589,5.52889
0.000510805,1043.17,0.12082,0.642325,0,998.59,5.52889
0.000511008,933.085,0.0827523,0.645197,0,998.592,5.52889
0.000511204,931.417,-0.0771844,0.646828,0,998.593,5.52889
0.000511404,1044.92,-0.113719,0.644658,0,998.593,5.52889
0.000511605,1105.56,0.00639292,0.642119,0,998.593,5.52889
0.000511808,1040.72,0.111601,0.642544,0,998.595,5.52889
0.000512002,926.43,0.0539394,0.64567,0,998.597,5.52889
0.000512207,937.218,-0.0711394,0.646648,0,998.598,5.52889
0.000512406,1044.97,-0.103715,0.644536,0,998.598,5.52889
0.000512602,1096.65,0.0219842,0.642114,0,998.598,5.52889
0.000512803,1020.53,0.10841,0.642945,0,998.6,5.52889
0.000513005,932.23,0.0486654,0.645478,0,998.601,5.52889
0.00051321,942.907,-0.0660756,0.646326,0,998.602,5.52889
0.000513401,1056.28,-0.0864038,0.64394,0,998.602,5.52889
0.000513605,1090.03,0.0202287,0.642077,0,998.603,5.52889
0.000513806,1019.79,0.100155,0.642811,0,998.605,5.52889
0.000514008,938.107,0.0450175,0.645122,0,998.606,5.52889
0.0005142,965.785,-0.081535,0.645681,0,998.607,5.52889
0.000514404,1052.66,-0.0798745,0.64364,0,998.607,5.52889
0.000514607,1083.76,0.019789,0.641878,0,998.608,5.52889
0.000514804,4.50493,2.21584,0.572559,0,998.575,5.52889
0.000515002,1256.22,1.68376,0.558615,0,998.528,5.52889
0.000515208,1246.04,0.0992831,0.614063,0,998.529,5.52889
0.00051541,1010.13,0.288812,0.636171,0,998.532,5.52889
0.000515601,781.81,0.0133079,0.64543,0,998.535,5.52889
0.000515803,920.811,-0.256763,0.645528,0,998.535,5.52889
0.000516003,1175.64,-0.18217,0.639548,0,998.534,5.52889
0.000516207,1203.82,0.121753,0.636372,0,998.535,5.52889
0.000516406,972.855,0.264338,0.640616,0,998.537,5.52889
0.000516605,797.809,0.028539,0.647286,0,998.54,5.52889
0.000516802,939.563,-0.246453,0.64724,0,998.54,5.52889
0.000517003,1171.78,-0.159356,0.641583,0,998.539,5.52889
0.000517204,1180.77,0.136611,0.638862,0,998.54,5.52889
0.000517403,952.208,0.239909,0.643378,0,998.543,5.52889
0.000517601,811.112,-0.0121173,0.649391,0,998.545,5.52889
0.000517801,956.673,-0.234558,0.648695,0,998.545,5.52889
0.000518007,1154.78,-0.157169,0.643855,0,998.544,5.52889
0.000518202,1157.21,0.147676,0.641133,0,998.545,5.52889
0.000518401,934.451,0.213416,0.64583,0,998.548,5.52889
0.000518603,825.139,-0.0120602,0.650827,0,998.55,5.52889
0.000518802,970.247,-0.220962,0.649953,0,998.549,5.52889
0.000519001,1166,-0.107473,0.644744,0,998.549,5.52889
0.000519204,1144.51,0.140645,0.643086,0,998.55,5.52889
0.0005194,927.738,0.19087,0.647747,0,998.553,5.52889
0.000519602,840.094,-0.0306914,0.652171,0,998.554,5.52889
0.000519809,956.636,-0.199156,0.651501,0,998.555,5.52889
0.000520002,1158.21,-0.0907898,0.646157,0,998.554,5.52889
0.000520207,1134.78,0.129992,0.644767,0,998.555,5.52889
0.000520407,945.881,0.18387,0.648725,0,998.558,5.52889
0.000520603,854.468,-0.0408333,0.653211,0,998.559,5.52889
0.000520805,986.311,-0.191873,0.651974,0,998.559,5.52889
0.000521006,1146.59,-0.0851963,0.647537,0,998.559,5.52889
0.000521201,1097.81,0.152569,0.646495,0,998.56,5.52889
0.000521403,926.745,0.154046,0.650523,0,998.563,5.52889
0.000521607,865.671,-0.0346976,0.653941,0,998.564,5.52889
0.000521801,1017.1,-0.179305,0.652149,0,998.564,5.52889
0.000522002,1145.65,-0.0486731,0.648145,0,998.564,5.52889
0.000522205,1094.97,0.137559,0.64762,0,998.565,5.52889
0.000522408,941.281,0.149171,0.651117,0,998.567,5.52889
0.000522601,884.571,-0.0666427,0.654653,0,998.569,5.52889
0.000522804,1013.37,-0.166341,0.652893,0,998.569,5.52889
0.000523004,1136.35,-0.042446,0.64904,0,998.569,5.52889
0.000523206,1085.85,0.13017,0.648604,0,998.57,5.52889
0.000523409,938.697,0.132125,0.652008,0,998.572,5.52889
0.000523605,892.53,-0.056967,0.65501,0,998.574,5.52889
0.000523806,1015.68,-0.153667,0.653306,0,998.574,5.52889
0.000524001,1130.03,-0.018227,0.649493,0,998.574,5.52889
0.000524209,1078.23,0.122002,0.64937,0,998.575,5.52889
0.000524402,921.856,0.0984636,0.653188,0,998.577,5.52889
0.000524608,902.292,-0.0555315,0.655216,0,998.579,5.52889
0.000524802,1036.34,-0.138309,0.653091,0,998.579,5.52889
0.000525004,1121.02,-0.0158955,0.650041,0,998.579,5.52889
0.000525201,1046.25,0.130093,0.650337,0,998.58,5.52889
0.000525404,927.275,0.0893267,0.653453,0,998.582,5.52889
0.00052561,910.957,-0.0529584,0.655258,0,998.583,5.52889
0.000525806,1031.03,-0.128709,0.653343,0,998.583,5.52889
0.000526001,1113.13,0.00698833,0.650185,0,998.584,5.52889
0.000526204,1043.13,0.120378,0.650662,0,998.585,5.52889
0.000526407,933.438,0.0824581,0.653508,0,998.587,5.52889
0.000526603,931.766,-0.0768952,0.655119,0,998.588,5.52889
0.000526802,1047.86,-0.111818,0.652859,0,998.588,5.52889
0.000527004,1105.32,0.00499499,0.650409,0,998.589,5.52889
0.000527207,1041.1,0.111004,0.650796,0,998.59,5.52889
0.000527401,926.909,0.0539978,0.653899,0,998.592,5.52889
0.000527607,936.37,-0.0689596,0.654871,0,998.593,5.52889
0.000527805,1044.13,-0.103752,0.652766,0,998.593,5.52889
0.000528,1096.13,0.0236529,0.650306,0,998.594,5.52889
0.000528201,1018.01,0.108405,0.651184,0,998.595,5.52889
0.000528404,933.115,0.0497644,0.653615,0,998.597,5.52889
0.00052861,941.81,-0.0635469,0.654479,0,998.598,5.52889
0.0005288,1056.03,-0.0862257,0.652083,0,998.598,5.52889
0.000529003,1089.56,0.021781,0.650198,0,998.598,5.52889
0.000529204,1017.44,0.100159,0.650976,0,998.6,5.52889
0.000529407,938.963,0.0461099,0.653189,0,998.601,5.52889
0.000529601,964.283,-0.0797457,0.65378,0,998.602,5.52889
0.000529803,1052.41,-0.0797376,0.651714,0,998.603,5.52889
0.000530006,1083.57,0.0197232,0.64994,0,998.603,5.52889
0.000530201,4.55023,2.23814,0.58059,0,998.57,5.52889
0.000530401,1256.21,1.68341,0.566228,0,998.524,5.52889
0.00053061,1245.85,0.0742663,0.622916,0,998.525,5.52889
0.00053081,1009.77,0.288721,0.643997,0,998.528,5.52889
0.000531,781.944,0.0133476,0.653227,0,998.53,5.52889
0.000531202,920.406,-0.256432,0.653316,0,998.53,5.52889
0.000531403,1174.63,-0.183574,0.647348,0,998.529,5.52889
0.000531606,1204.45,0.120139,0.644118,0,998.53,5.52889
0.000531806,976.165,0.264899,0.648263,0,998.533,5.52889
0.000532004,797.567,0.0250723,0.655032,0,998.535,5.52889
0.000532201,939.653,-0.246514,0.654928,0,998.535,5.52889
0.000532402,1172.35,-0.158638,0.649234,0,998.535,5.52889
0.000532602,1177.29,0.14357,0.646524,0,998.535,5.52889
0.000532805,966.839,0.244751,0.650643,0,998.538,5.52889
0.000533001,810.778,-0.00280514,0.656928,0,998.54,5.52889
0.000533208,923.134,-0.218857,0.656905,0,998.54,5.52889
0.000533401,1169.95,-0.133238,0.650851,0,998.54,5.52889
0.000533602,1161.31,0.142092,0.648664,0,998.541,5.52889
0.0005338,936.554,0.21516,0.653316,0,998.543,5.52889
0.000534002,824.697,-0.0118299,0.658368,0,998.545,5.52889
0.0005342,971.939,-0.222046,0.657442,0,998.545,5.52889
0.000534407,1149.58,-0.139473,0.652941,0,998.545,5.52889
0.000534602,1142.86,0.14409,0.650572,0,998.546,5.52889
0.000534802,936.947,0.196997,0.654952,0,998.548,5.52889
0.000535004,838.713,-0.019498,0.659547,0,998.55,5.52889
0.000535204,970.291,-0.204409,0.658679,0,998.55,5.52889
0.000535408,1144.45,-0.120337,0.654188,0,998.55,5.52889
0.000535601,1120.03,0.150073,0.652301,0,998.551,5.52889
0.000535804,938.391,0.179858,0.656319,0,998.553,5.52889
0.000536002,854.787,-0.0431798,0.660601,0,998.555,5.52889
0.000536204,988.385,-0.192384,0.659291,0,998.555,5.52889
0.000536405,1146.82,-0.0850488,0.654875,0,998.555,5.52889
0.000536612,1130.91,0.111586,0.653495,0,998.556,5.52889
0.000536802,926.73,0.154136,0.657837,0,998.558,5.52889
0.000537006,865.638,-0.0347451,0.661242,0,998.56,5.52889
0.000537207,992.979,-0.178409,0.659972,0,998.56,5.52889
0.000537401,1145.81,-0.0486981,0.655413,0,998.56,5.52889
0.000537604,1095.09,0.137662,0.654874,0,998.561,5.52889
0.000537808,941.27,0.149263,0.658359,0,998.563,5.52889
0.000538,884.545,-0.0667024,0.661884,0,998.564,5.52889
0.000538203,1013.46,-0.166463,0.660108,0,998.565,5.52889
0.000538403,1136.5,-0.0424724,0.656238,0,998.565,5.52889
0.000538606,1085.95,0.130282,0.655789,0,998.566,5.52889
0.000538808,938.706,0.132225,0.65918,0,998.568,5.52889
0.000539005,892.505,-0.0570158,0.662171,0,998.569,5.52889
0.000539206,1015.75,-0.153785,0.660453,0,998.569,5.52889
0.000539401,1130.19,-0.0182346,0.656624,0,998.57,5.52889
0.000539608,1078.34,0.122098,0.656487,0,998.571,5.52889
0.000539801,921.847,0.0985381,0.660296,0,998.573,5.52889
0.000540007,902.271,-0.0555813,0.662312,0,998.574,5.52889
0.000540201,1036.43,-0.138419,0.660173,0,998.574,5.52889
0.000540403,1121.17,-0.0159063,0.657107,0,998.575,5.52889
0.0005406,1046.33,0.130199,0.657391,0,998.576,5.52889
0.000540804,927.268,0.0893958,0.660497,0,998.578,5.52889
0.00054101,910.938,-0.0530019,0.66229,0,998.579,5.52889
0.000541206,1031.11,-0.128814,0.660362,0,998.579,5.52889
0.000541406,1112.86,-0.0131429,0.657398,0,998.579,5.52889
0.000541603,1043.21,0.120479,0.657655,0,998.581,5.52889
0.000541807,933.434,0.0825239,0.660491,0,998.583,5.52889
0.000542002,931.762,-0.076961,0.662091,0,998.584,5.52889
0.000542201,1047.95,-0.111913,0.659818,0,998.584,5.52889
0.000542404,1105.46,0.00500059,0.657354,0,998.584,5.52889
0.000542607,1041.19,0.1111,0.65773,0,998.586,5.52889
0.000542801,926.897,0.0540409,0.660825,0,998.588,5.52889
0.000543006,936.371,-0.0690249,0.661785,0,998.589,5.52889
0.000543204,1044.22,-0.103841,0.659668,0,998.589,5.52889
0.000543406,1098.14,0.0060517,0.657324,0,998.589,5.52889
0.0005436,1018.07,0.1085,0.658062,0,998.591,5.52889
0.000543804,933.107,0.0498052,0.660484,0,998.592,5.52889
0.000544009,941.813,-0.0636085,0.661337,0,998.593,5.52889
0.000544208,1041.5,-0.095995,0.65935,0,998.594,5.52889
0.000544403,1089.69,0.0218028,0.657031,0,998.594,5.52889
0.000544603,1017.5,0.100249,0.657799,0,998.596,5.52889
0.000544807,938.958,0.0461491,0.660003,0,998.597,5.52889
0.000545,964.305,-0.0798211,0.660585,0,998.598,5.52889
0.000545203,1052.51,-0.0798087,0.658507,0,998.598,5.52889
0.000545406,1083.7,0.019744,0.65672,0,998.599,5.52889
0.000545604,4.59314,2.25923,0.585559,0,998.565,5.52889
0.000545801,1256.26,1.69289,0.572374,0,998.519,5.52889
0.00054601,1245.91,0.0821043,0.629193,0,998.52,5.52889
0.00054621,1004.69,0.288649,0.65069,0,998.523,5.52889
0.000546401,781.899,0.00979152,0.659845,0,998.526,5.52889
0.000546603,926.725,-0.259411,0.659773,0,998.526,5.52889
0.000546804,1174.84,-0.182944,0.653897,0,998.525,5.52889
0.000547008,1204.63,0.119163,0.650673,0,998.526,5.52889
0.000547204,959.361,0.260429,0.655215,0,998.528,5.52889
0.000547405,797.935,0.0244049,0.661557,0,998.531,5.52889
0.000547603,939.969,-0.246149,0.661433,0,998.531,5.52889
0.000547804,1169.99,-0.161685,0.655824,0,998.53,5.52889
0.000548007,1184.68,0.127842,0.653011,0,998.531,5.52889
0.000548204,952.56,0.239633,0.657492,0,998.534,5.52889
0.000548401,811.515,-0.0123957,0.663476,0,998.536,5.52889
0.000548602,958.928,-0.234959,0.662711,0,998.535,5.52889
0.000548807,1157.82,-0.15242,0.657772,0,998.535,5.52889
0.000549009,1172.36,0.119771,0.655082,0,998.536,5.52889
0.000549202,935.303,0.213462,0.659792,0,998.539,5.52889
0.000549404,825.502,-0.0119614,0.664772,0,998.54,5.52889
0.000549602,970.724,-0.220756,0.663868,0,998.54,5.52889
0.000549802,1166.76,-0.105402,0.658607,0,998.54,5.52889
0.000550005,1143.77,0.141479,0.656968,0,998.541,5.52889
0.000550201,926.902,0.189934,0.661623,0,998.544,5.52889
0.000550402,840.948,-0.035109,0.666017,0,998.545,5.52889
0.000550608,963.855,-0.201661,0.665157,0,998.545,5.52889
0.000550804,1156.93,-0.0936158,0.659986,0,998.545,5.52889
0.000551009,1136.3,0.127368,0.658504,0,998.546,5.52889
0.000551208,946.671,0.183929,0.662427,0,998.549,5.52889
0.000551404,854.746,-0.0405016,0.666897,0,998.55,5.52889
0.000551606,986.104,-0.191551,0.665646,0,998.55,5.52889
0.000551807,1146.5,-0.0851484,0.661185,0,998.55,5.52889
0.000552001,1097.9,0.15229,0.660119,0,998.551,5.52889
0.000552204,926.977,0.153854,0.664118,0,998.554,5.52889
0.0005524,873.495,-0.0670528,0.667652,0,998.555,5.52889
0.000552601,1017.21,-0.179077,0.665696,0,998.555,5.52889
0.000552803,1145.59,-0.0486126,0.661673,0,998.555,5.52889
0.000553006,1094.99,0.137377,0.661126,0,998.556,5.52889
0.0005532,917.67,0.127874,0.66533,0,998.559,5.52889
0.000553402,884.888,-0.0667024,0.668105,0,998.56,5.52889
0.000553605,1013.56,-0.166134,0.666322,0,998.56,5.52889
0.000553804,1136.31,-0.0423854,0.662453,0,998.56,5.52889
0.000554007,1085.86,0.130027,0.661996,0,998.561,5.52889
0.000554209,938.898,0.131966,0.665373,0,998.564,5.52889
0.000554406,892.785,-0.056897,0.66835,0,998.565,5.52889
0.000554607,1015.79,-0.153484,0.666626,0,998.565,5.52889
0.000554802,1130,-0.0182062,0.662797,0,998.565,5.52889
0.000555009,1078.26,0.121856,0.662651,0,998.566,5.52889
0.000555203,922.074,0.0983511,0.666445,0,998.569,5.52889
0.000555408,902.53,-0.0554656,0.668449,0,998.57,5.52889
0.000555603,1036.42,-0.13815,0.666306,0,998.57,5.52889
0.000555805,1121,-0.0158788,0.663238,0,998.57,5.52889
0.000556002,1046.32,0.129944,0.663514,0,998.572,5.52889
0.000556205,927.482,0.0892272,0.666605,0,998.573,5.52889
0.0005564,925.602,-0.0831185,0.668361,0,998.574,5.52889
0.000556601,1047.92,-0.122435,0.666017,0,998.574,5.52889
0.000556801,1113.13,0.00698006,0.663281,0,998.575,5.52889
0.000557005,1043.2,0.120246,0.663738,0,998.576,5.52889
0.000557208,933.635,0.0823695,0.66656,0,998.578,5.52889
0.000557404,931.96,-0.0768088,0.66815,0,998.579,5.52889
0.000557602,1047.92,-0.111699,0.665874,0,998.579,5.52889
0.000557805,1105.33,0.00498827,0.663406,0,998.58,5.52889
0.000558008,1041.18,0.110886,0.663774,0,998.581,5.52889
0.000558202,927.108,0.0539431,0.666855,0,998.583,5.52889
0.000558408,936.557,-0.0688857,0.667807,0,998.584,5.52889
0.000558606,1044.2,-0.103645,0.665686,0,998.584,5.52889
0.000558801,1096.15,0.0236284,0.663209,0,998.585,5.52889
0.000559001,1018.11,0.108294,0.664069,0,998.586,5.52889
0.000559205,933.304,0.0497151,0.666478,0,998.588,5.52889
0.000559411,941.988,-0.0634814,0.667322,0,998.589,5.52889
0.000559601,1056.1,-0.0861404,0.664911,0,998.589,5.52889
0.000559804,1089.59,0.0217592,0.66301,0,998.59,5.52889
0.000560005,1017.54,0.100061,0.663769,0,998.591,5.52889
0.000560208,939.143,0.0460659,0.665962,0,998.593,5.52889
0.000560401,964.436,-0.0796677,0.666536,0,998.594,5.52889
0.000560604,1052.48,-0.079662,0.664455,0,998.594,5.52889
0.000560807,1083.61,0.0197042,0.662664,0,998.595,5.52889
0.000561001,4.62456,2.27473,0.592639,0,998.562,5.52889
0.000561204,1256.27,1.69539,0.577871,0,998.514,5.52889
0.000561413,1245.92,0.0845936,0.634872,0,998.515,5.52889
0.000561601,934.07,0.273553,0.657966,0,998.519,5.52889
0.000561805,782.074,0.0112175,0.665605,0,998.521,5.52889
0.000562006,926.823,-0.259599,0.665544,0,998.521,5.52889
0.000562202,1194.09,-0.151774,0.658906,0,998.52,5.52889
0.000562408,1196.99,0.138007,0.656412,0,998.521,5.52889
0.0005626,924.631,0.246829,0.661865,0,998.524,5.52889
0.000562803,796.517,-0.00605052,0.667624,0,998.526,5.52889
0.000563005,942.44,-0.248031,0.667134,0,998.526,5.52889
0.000563206,1174.54,-0.155779,0.661393,0,998.525,5.52889
0.000563404,1169.71,0.157425,0.658775,0,998.526,5.52889
0.000563602,931.694,0.23149,0.663752,0,998.529,5.52889
0.000563805,810.705,-0.00926863,0.669178,0,998.531,5.52889
0.000564001,973.795,-0.240254,0.668134,0,998.53,5.52889
0.000564202,1179.37,-0.114694,0.662602,0,998.53,5.52889
0.000564401,1144.95,0.166793,0.660919,0,998.531,5.52889
0.000564602,927.427,0.210364,0.665686,0,998.534,5.52889
0.000564806,824.597,-0.0117492,0.670474,0,998.536,5.52889
0.000565004,973.878,-0.222757,0.669494,0,998.536,5.52889
0.000565202,1172.58,-0.0935972,0.664028,0,998.535,5.52889
0.000565407,1144.41,0.142288,0.662613,0,998.536,5.52889
0.000565603,925.175,0.189971,0.667323,0,998.539,5.52889
0.000565804,840.851,-0.0404351,0.671726,0,998.54,5.52889
0.000566001,1002,-0.21053,0.67003,0,998.54,5.52889
0.000566205,1160.69,-0.0865548,0.665474,0,998.54,5.52889
0.000566411,1135.73,0.129941,0.664131,0,998.541,5.52889
0.000566602,917.142,0.164903,0.6689,0,998.544,5.52889
0.000566806,854.245,-0.0420659,0.672552,0,998.545,5.52889
0.000567001,1015.43,-0.194722,0.670636,0,998.545,5.52889
0.000567201,1158.18,-0.0494661,0.666179,0,998.545,5.52889
0.000567404,1098.13,0.15329,0.665716,0,998.547,5.52889
0.000567606,926.589,0.154607,0.669726,0,998.549,5.52889
0.000567803,872.88,-0.0674545,0.673271,0,998.55,5.52889
0.000568004,1017.32,-0.179975,0.671298,0,998.55,5.52889
0.000568205,1146.33,-0.0488295,0.66725,0,998.55,5.52889
0.000568406,1090.73,0.142542,0.666755,0,998.552,5.52889
0.000568603,916.453,0.12768,0.67094,0,998.554,5.52889
0.000568804,884.412,-0.0674476,0.673698,0,998.555,5.52889
0.000569007,1013.89,-0.167003,0.671893,0,998.555,5.52889
0.0005692,1140.89,-0.0163794,0.667655,0,998.555,5.52889
0.000569409,1086.23,0.13078,0.66754,0,998.557,5.52889
0.000569601,911.921,0.103417,0.671807,0,998.559,5.52889
0.000569809,892.222,-0.0572221,0.673915,0,998.56,5.52889
0.000570002,1037.84,-0.15054,0.671644,0,998.56,5.52889
0.000570204,1130.69,-0.0182879,0.668321,0,998.56,5.52889
0.000570402,1052.51,0.139968,0.668584,0,998.562,5.52889
0.000570605,921.649,0.0988617,0.671979,0,998.564,5.52889
0.000570801,916.868,-0.0881072,0.673971,0,998.565,5.52889
0.000571005,1036.62,-0.138884,0.671829,0,998.565,5.52889
0.000571201,1122.3,0.00596659,0.668507,0,998.565,5.52889
0.000571404,1046.55,0.130641,0.669012,0,998.567,5.52889
0.000571607,927.085,0.0896936,0.672115,0,998.569,5.52889
0.000571803,925.209,-0.0835751,0.673874,0,998.57,5.52889
0.000572003,1048.18,-0.123084,0.671514,0,998.57,5.52889
0.000572204,1113.73,0.00702569,0.668758,0,998.57,5.52889
0.000572407,1043.42,0.120893,0.669212,0,998.572,5.52889
0.000572601,919.73,0.0582558,0.672591,0,998.574,5.52889
0.000572806,931.599,-0.0772332,0.673639,0,998.574,5.52889
0.000573006,1045.18,-0.113792,0.671428,0,998.575,5.52889
0.000573201,1103.84,0.025492,0.668707,0,998.575,5.52889
0.000573401,1018.88,0.117819,0.669671,0,998.577,5.52889
0.000573604,926.602,0.0539754,0.672325,0,998.578,5.52889
0.000573809,937.397,-0.0711905,0.673264,0,998.579,5.52889
0.000574,1060.36,-0.0936061,0.670675,0,998.579,5.52889
0.000574204,1096.94,0.0220012,0.668652,0,998.58,5.52889
0.000574405,1020.76,0.108492,0.669446,0,998.582,5.52889
0.000574607,932.4,0.048704,0.671944,0,998.583,5.52889
0.000574812,943.082,-0.0661273,0.672755,0,998.584,5.52889
0.000575003,1056.54,-0.0864738,0.670331,0,998.584,5.52889
0.000575207,1090.33,0.0202461,0.66843,0,998.585,5.52889
0.000575401,1006.11,0.101034,0.669437,0,998.587,5.52889
0.000575602,932.406,0.0262489,0.671726,0,998.588,5.52889
0.000575803,965.974,-0.0816058,0.67193,0,998.589,5.52889
0.000576001,1061.98,-0.0710737,0.669564,0,998.589,5.52889
0.000576201,1078.85,0.0395891,0.66798,0,998.59,5.52889
0.000576404,4.66863,2.29635,0.592824,0,998.552,5.52889
0.000576606,1255.44,1.56417,0.58642,0,998.51,5.52889
0.0005768,1245.85,0.0747534,0.640513,0,998.512,5.52889
0.000577009,1061.72,0.280837,0.660658,0,998.514,5.52889
0.000577207,806.819,0.128273,0.669163,0,998.517,5.52889
0.000577401,880.301,-0.228056,0.671489,0,998.517,5.52889
0.000577602,1138.97,-0.223621,0.666071,0,998.516,5.52889
0.000577804,1219.13,0.0712184,0.661752,0,998.517,5.52889
0.000578006,1030.09,0.266855,0.664493,0,998.519,5.52889
0.000578204,809.473,0.0902723,0.671552,0,998.522,5.52889
0.000578401,895.226,-0.219356,0.673049,0,998.522,5.52889
0.000578608,1108.46,-0.226534,0.668719,0,998.522,5.52889
0.000578805,1204.93,0.0701875,0.663956,0,998.522,5.52889
0.000579002,1000.49,0.250331,0.667128,0,998.524,5.52889
0.000579203,818.776,0.0694833,0.67331,0,998.527,5.52889
0.000579407,884.457,-0.187759,0.6747,0,998.527,5.52889
0.000579603,1130.88,-0.187363,0.669477,0,998.527,5.52889
0.000579804,1187.91,0.0809425,0.665843,0,998.527,5.52889
0.000580001,986.203,0.231756,0.669188,0,998.53,5.52889
0.000580205,831.284,0.0614627,0.674621,0,998.532,5.52889
0.0005804,929.764,-0.203995,0.675296,0,998.532,5.52889
0.000580607,1117.38,-0.178712,0.671112,0,998.532,5.52889
0.000580803,1168.5,0.0952346,0.667504,0,998.532,5.52889
0.000581002,980.676,0.213734,0.670808,0,998.535,5.52889
0.000581204,840.372,0.0352982,0.675942,0,998.537,5.52889
0.000581405,926.901,-0.183454,0.676387,0,998.537,5.52889
0.000581601,1136.86,-0.133309,0.671394,0,998.537,5.52889
0.000581807,1157.7,0.0859476,0.668974,0,998.537,5.52889
0.000582002,970.619,0.194757,0.672307,0,998.54,5.52889
0.000582204,851.609,0.0200234,0.676884,0,998.542,5.52889
0.000582404,952.126,-0.180927,0.676793,0,998.542,5.52889
0.000582604,1127.42,-0.12321,0.672465,0,998.542,5.52889
0.000582802,1131.48,0.111744,0.67022,0,998.543,5.52889
0.000583006,976.282,0.180918,0.673189,0,998.545,5.52889
0.000583202,862.816,-0.00627818,0.677718,0,998.547,5.52889
0.000583406,959.403,-0.168761,0.677299,0,998.547,5.52889
0.000583609,1116.03,-0.117563,0.673413,0,998.547,5.52889
0.000583805,1121.56,0.104799,0.671219,0,998.548,5.52889
0.000584004,961.317,0.161309,0.674381,0,998.55,5.52889
0.000584204,873.566,-0.00855234,0.678126,0,998.551,5.52889
0.00058441,959.097,-0.154527,0.677753,0,998.552,5.52889
0.000584601,1127.65,-0.0734392,0.673259,0,998.552,5.52889
0.000584808,1114.72,0.0948,0.671982,0,998.553,5.52889
0.000585006,961.051,0.147315,0.674996,0,998.555,5.52889
0.000585202,885.919,-0.0294845,0.678489,0,998.556,5.52889
0.000585402,994.989,-0.153302,0.67733,0,998.557,5.52889
0.000585605,1117.1,-0.0717945,0.673842,0,998.557,5.52889
0.00058581,1105.44,0.0899764,0.672563,0,998.558,5.52889
0.000586001,943.887,0.122505,0.675912,0,998.56,5.52889
0.000586204,895.556,-0.0291011,0.678523,0,998.561,5.52889
0.000586405,997.644,-0.141937,0.677377,0,998.561,5.52889
0.000586608,1109.5,-0.0651717,0.674132,0,998.562,5.52889
0.000586812,1095.92,0.0868654,0.672956,0,998.563,5.52889
0.000587005,950.491,0.114554,0.675959,0,998.565,5.52889
0.000587207,904.372,-0.0280062,0.678397,0,998.566,5.52889
0.000587403,1012.61,-0.131888,0.676991,0,998.566,5.52889
0.000587602,1110.26,-0.0338394,0.673822,0,998.567,5.52889
0.000587803,1065.58,0.107257,0.673422,0,998.568,5.52889
0.000588008,954.858,0.105788,0.675899,0,998.57,5.52889
0.000588203,918.247,-0.049138,0.678216,0,998.571,5.52889
0.000588406,1012.26,-0.121895,0.67679,0,998.571,5.52889
0.000588605,1102.62,-0.0313594,0.673828,0,998.572,5.52889
0.000588806,1061.46,0.0990254,0.673423,0,998.573,5.52889
0.000589011,959.146,0.0978767,0.675677,0,998.575,5.52889
0.000589206,925.132,-0.0452825,0.677791,0,998.576,5.52889
0.0005894,1031.11,-0.109579,0.675987,0,998.576,5.52889
0.000589603,1098.08,-0.0127567,0.673457,0,998.576,5.52889
0.000589801,1041.22,0.101969,0.673532,0,998.578,5.52889
0.000590002,943.806,0.0697989,0.675953,0,998.58,5.52889
0.000590209,931.611,-0.0420637,0.677237,0,998.581,5.52889
0.000590403,1029.47,-0.101265,0.675537,0,998.581,5.52889
0.000590606,1091.36,-0.0118657,0.673168,0,998.581,5.52889
0.000590804,1038.95,0.0941689,0.673201,0,998.583,5.52889
0.000591005,948.826,0.0645459,0.675406,0,998.584,5.52889
0.000591201,948.11,-0.0610096,0.676547,0,998.585,5.52889
0.000591404,1031.68,-0.0923537,0.674862,0,998.586,5.52889
0.000591601,1085.5,0.00717972,0.672551,0,998.586,5.52889
0.0005918,4.70506,2.31429,0.594028,0,998.544,5.52889
0.000592005,1254.77,1.45938,0.593643,0,998.507,5.52889
0.000592201,1243.04,-0.0395583,0.649511,0,998.508,5.52889
0.000592403,1102.98,0.262837,0.664302,0,998.51,5.52889
0.000592602,834.569,0.180329,0.672319,0,998.513,5.52889
0.000592808,805.934,-0.116011,0.676344,0,998.514,5.52889
0.000593002,1065.38,-0.266484,0.672416,0,998.514,5.52889
0.0005932,1226.57,-0.00199018,0.666552,0,998.513,5.52889
0.000593401,1080.27,0.253045,0.667734,0,998.516,5.52889
0.000593608,863.995,0.192579,0.673564,0,998.518,5.52889
0.000593809,818.512,-0.107546,0.677895,0,998.519,5.52889
0.000594006,1047.44,-0.25326,0.674553,0,998.519,5.52889
0.000594205,1211.98,-0.0221293,0.668898,0,998.519,5.52889
0.000594403,1078.47,0.235231,0.669706,0,998.521,5.52889
0.000594606,860.81,0.16357,0.675616,0,998.523,5.52889
0.000594805,844.823,-0.131634,0.679186,0,998.524,5.52889
0.000595004,1065.51,-0.23016,0.675513,0,998.524,5.52889
0.000595202,1198.97,0.0105934,0.670413,0,998.524,5.52889
0.000595401,1054.65,0.226567,0.671823,0,998.526,5.52889
0.000595607,867.832,0.147493,0.677068,0,998.528,5.52889
0.000595806,859.575,-0.128383,0.680226,0,998.529,5.52889
0.000596005,1066.56,-0.211879,0.676664,0,998.529,5.52889
0.000596204,1185.56,0.0117015,0.672016,0,998.529,5.52889
0.000596408,1068.3,0.20394,0.673006,0,998.531,5.52889
0.000596608,873.363,0.129583,0.678334,0,998.533,5.52889
0.000596801,892.553,-0.151561,0.680877,0,998.534,5.52889
0.000597003,1082.33,-0.186162,0.677174,0,998.534,5.52889
0.000597201,1169.09,0.0427976,0.673155,0,998.534,5.52889
0.000597402,1027.63,0.199236,0.674992,0,998.536,5.52889
0.000597605,868.379,0.0899266,0.679819,0,998.538,5.52889
0.000597812,882.349,-0.112289,0.681674,0,998.539,5.52889
0.000598001,1095.88,-0.15852,0.677497,0,998.539,5.52889
0.000598205,1157.6,0.0369096,0.674336,0,998.539,5.52889
0.000598406,1027.74,0.184058,0.675959,0,998.541,5.52889
0.0005986,868.68,0.050949,0.680969,0,998.543,5.52889
0.000598801,928.138,-0.148468,0.681732,0,998.544,5.52889
0.000599004,1088.88,-0.146997,0.678238,0,998.544,5.52889
0.0005992,1138.73,0.0668866,0.675119,0,998.544,5.52889
0.000599402,1005.35,0.171908,0.677194,0,998.546,5.52889
0.000599602,878.322,0.0446388,0.681393,0,998.548,5.52889
0.000599805,929.721,-0.133753,0.682091,0,998.549,5.52889
0.000600007,1083.52,-0.135992,0.678749,0,998.549,5.52889
0.000600203,1129.93,0.0599919,0.675848,0,998.549,5.52889
0.000600404,1003.71,0.158881,0.677784,0,998.551,5.52889
0.000600606,888.89,0.0439981,0.681551,0,998.553,5.52889
0.000600807,939.254,-0.126815,0.68216,0,998.554,5.52889
0.00060101,1077.42,-0.126135,0.679104,0,998.554,5.52889
0.000601206,1120.33,0.0571321,0.676372,0,998.554,5.52889
0.000601407,1001.99,0.146741,0.678186,0,998.556,5.52889
0.000601602,894.034,0.0162859,0.681916,0,998.558,5.52889
0.000601809,946.228,-0.118637,0.682096,0,998.559,5.52889
0.000602003,1094.44,-0.0925189,0.678527,0,998.559,5.52889
0.000602208,1111.05,0.0555706,0.676702,0,998.559,5.52889
0.000602404,987.001,0.132999,0.678729,0,998.561,5.52889
0.000602605,902.693,0.0140452,0.681783,0,998.563,5.52889
0.000602805,969.268,-0.121796,0.681617,0,998.563,5.52889
0.000603005,1089.21,-0.0838094,0.678533,0,998.564,5.52889
0.0006032,1089.12,0.0807606,0.676891,0,998.565,5.52889
0.000603401,972.576,0.116958,0.679122,0,998.566,5.52889
0.000603602,910.348,-0.00623002,0.681691,0,998.568,5.52889
0.000603808,972.159,-0.112479,0.681309,0,998.568,5.52889
0.000604008,1083.12,-0.0775538,0.678426,0,998.569,5.52889
0.000604204,1083.19,0.0744826,0.676874,0,998.569,5.52889
0.000604404,975.518,0.108157,0.6789,0,998.571,5.52889
0.000604605,917.876,-0.00569089,0.681246,0,998.573,5.52889
0.000604809,979.225,-0.106029,0.680786,0,998.573,5.52889
0.000605003,1088.43,-0.0516338,0.677724,0,998.573,5.52889
0.000605209,1079.83,0.0652241,0.676681,0,998.574,5.52889
0.000605407,976.952,0.0993962,0.678568,0,998.576,5.52889
0.000605602,926.578,-0.0221414,0.680801,0,998.577,5.52889
0.000605802,1000.99,-0.103565,0.679836,0,998.578,5.52889
0.000606006,1082.42,-0.0478086,0.677352,0,998.578,5.52889
0.000606212,1074.61,0.060091,0.676352,0,998.579,5.52889
0.000606402,965.494,0.0827617,0.67847,0,998.581,5.52889
0.000606605,932.87,-0.0204175,0.680094,0,998.582,5.52889
0.000606804,1004.27,-0.0960331,0.679114,0,998.583,5.52889
0.000607002,1081.53,-0.0309573,0.676609,0,998.583,5.52889
0.000607201,4.75304,2.33789,0.593788,0,998.535,5.52889
0.000607405,1254.15,1.36137,0.600067,0,998.503,5.52889
0.0006076,1225.11,-0.120487,0.656507,0,998.505,5.52889
0.000607807,1179.91,0.191932,0.666987,0,998.506,5.52889
0.000608002,888.887,0.239525,0.674061,0,998.509,5.52889
0.000608203,791.65,-0.064667,0.679677,0,998.511,5.52889
0.000608402,995.049,-0.274723,0.677598,0,998.51,5.52889
0.000608603,1211.49,-0.100355,0.671396,0,998.51,5.52889
0.000608811,1176.23,0.168394,0.669938,0,998.511,5.52889
0.000609002,892.285,0.220327,0.67616,0,998.514,5.52889
0.000609205,805.335,-0.0585167,0.681209,0,998.516,5.52889
0.0006094,1015.3,-0.257451,0.678809,0,998.515,5.52889
0.000609604,1198.27,-0.0947947,0.673429,0,998.515,5.52889
0.000609801,1123.22,0.206279,0.672477,0,998.516,5.52889
0.000610004,898.633,0.204495,0.677858,0,998.519,5.52889
0.000610202,824.927,-0.0802148,0.682611,0,998.521,5.52889
0.000610405,1002.61,-0.240018,0.680508,0,998.52,5.52889
0.000610603,1191.48,-0.0668358,0.674833,0,998.52,5.52889
0.000610809,1137.33,0.170233,0.674005,0,998.522,5.52889
0.000611005,902.348,0.186946,0.67938,0,998.524,5.52889
0.000611202,842,-0.0881108,0.68369,0,998.526,5.52889
0.000611401,1030.87,-0.221626,0.681024,0,998.525,5.52889
0.000611603,1181.35,-0.0482091,0.676166,0,998.525,5.52889
0.000611809,1119.75,0.167245,0.675671,0,998.527,5.52889
0.000612009,914.613,0.177228,0.6804,0,998.529,5.52889
0.000612202,859.043,-0.0946736,0.684523,0,998.531,5.52889
0.000612404,1029.39,-0.205287,0.682003,0,998.53,5.52889
0.000612601,1172.09,-0.0176238,0.67713,0,998.53,5.52889
0.000612805,1086.58,0.176031,0.677341,0,998.532,5.52889
0.000613001,887.766,0.126212,0.682465,0,998.534,5.52889
0.000613209,865.517,-0.0739405,0.685107,0,998.536,5.52889
0.000613403,1045.19,-0.186026,0.682342,0,998.535,5.52889
0.000613605,1159.45,-0.0217878,0.678303,0,998.535,5.52889
0.000613802,1058.87,0.174946,0.678773,0,998.537,5.52889
0.000614005,898.864,0.119509,0.683046,0,998.539,5.52889
0.000614201,897.063,-0.112413,0.685492,0,998.54,5.52889
0.000614401,1061.96,-0.164485,0.68243,0,998.54,5.52889
0.000614604,1149.19,-0.000177188,0.678959,0,998.541,5.52889
0.000614806,1059.92,0.160187,0.679496,0,998.542,5.52889
0.000615008,908.829,0.113632,0.683441,0,998.544,5.52889
0.000615204,903.516,-0.101623,0.685765,0,998.545,5.52889
0.000615402,1061.21,-0.151111,0.682798,0,998.545,5.52889
0.000615604,1139.04,0.00706388,0.679562,0,998.546,5.52889
0.000615808,1051.88,0.15011,0.680184,0,998.547,5.52889
0.000616001,897.965,0.0722029,0.68446,0,998.549,5.52889
0.000616206,912.959,-0.0962384,0.685835,0,998.55,5.52889
0.000616406,1054.27,-0.141217,0.683156,0,998.55,5.52889
0.000616601,1126.69,0.0320271,0.679857,0,998.551,5.52889
0.000616803,1026.39,0.145582,0.681027,0,998.552,5.52889
0.000617004,905.881,0.0654731,0.684542,0,998.554,5.52889
0.000617212,916.191,-0.0820796,0.685782,0,998.555,5.52889
0.000617401,1072.7,-0.116427,0.682621,0,998.555,5.52889
0.000617605,1118.38,0.0262361,0.680192,0,998.556,5.52889
0.000617806,1023.46,0.134863,0.681256,0,998.557,5.52889
0.000618,906.504,0.0379346,0.684824,0,998.559,5.52889
0.000618201,949.058,-0.108055,0.685293,0,998.56,5.52889
0.000618404,1068.1,-0.107465,0.682595,0,998.56,5.52889
0.000618601,1104.94,0.0469218,0.680219,0,998.561,5.52889
0.000618802,1005.24,0.125586,0.681653,0,998.562,5.52889
0.000619003,914.379,0.0352899,0.684538,0,998.564,5.52889
0.000619204,953.417,-0.099662,0.684946,0,998.565,5.52889
0.000619407,1063.59,-0.0993923,0.68242,0,998.565,5.52889
0.000619604,1097.84,0.0429974,0.680191,0,998.566,5.52889
0.000619805,1005.7,0.116072,0.681479,0,998.567,5.52889
0.000620006,921.006,0.0301015,0.684155,0,998.569,5.52889
0.000620206,959.712,-0.0938622,0.684433,0,998.57,5.52889
0.00062041,1059.57,-0.0917854,0.682091,0,998.57,5.52889
0.000620607,1090.65,0.0413584,0.679996,0,998.571,5.52889
0.000620801,990.669,0.10479,0.68153,0,998.572,5.52889
0.000621002,925.178,0.0110723,0.683823,0,998.574,5.52889
0.00062121,963.435,-0.0866921,0.683822,0,998.575,5.52889
0.000621403,1071.43,-0.0677731,0.681109,0,998.575,5.52889
0.00062161,1084.56,0.0380721,0.679655,0,998.576,5.52889
0.000621804,992.177,0.0968607,0.681037,0,998.577,5.52889
0.000622005,931.588,0.0102717,0.683124,0,998.579,5.52889
0.000622206,976.904,-0.0872142,0.68294,0,998.579,5.52889
0.000622401,1072.46,-0.0538286,0.680337,0,998.58,5.52889
0.000622608,4.82284,2.37217,0.591866,0,998.522,5.52889
0.000622808,1253.21,1.2149,0.607993,0,998.499,5.52889
0.000623009,1130.49,-0.253631,0.667016,0,998.501,5.52889
0.000623205,1218.96,0.114142,0.670234,0,998.501,5.52889
0.000623407,1001.09,0.28169,0.67442,0,998.504,5.52889
0.0006236,786.998,0.0260853,0.682154,0,998.506,5.52889
0.000623805,900.773,-0.238883,0.682631,0,998.506,5.52889
0.000624006,1151.45,-0.205379,0.677075,0,998.506,5.52889
0.000624207,1206.53,0.103291,0.673159,0,998.506,5.52889
0.000624401,959.184,0.255758,0.677588,0,998.509,5.52889
0.000624602,801.771,0.0266835,0.683727,0,998.511,5.52889
0.000624805,914.992,-0.227832,0.684053,0,998.511,5.52889
0.000625005,1152.2,-0.180197,0.678602,0,998.511,5.52889
0.000625205,1187.29,0.113827,0.675233,0,998.511,5.52889
0.000625404,968.411,0.240469,0.679229,0,998.514,5.52889
0.000625603,815.194,0.0167321,0.685167,0,998.516,5.52889
0.000625806,924.124,-0.214138,0.685305,0,998.516,5.52889
0.000626002,1159.04,-0.14467,0.679631,0,998.516,5.52889
0.000626206,1171.37,0.114565,0.677076,0,998.517,5.52889
0.000626406,968.412,0.222773,0.680846,0,998.519,5.52889
0.000626604,828.593,0.00456794,0.68638,0,998.521,5.52889
0.000626801,965.225,-0.215221,0.685732,0,998.521,5.52889
0.000627003,1154.53,-0.123672,0.680821,0,998.521,5.52889
0.000627204,1149.03,0.127425,0.678701,0,998.522,5.52889
0.000627402,945.873,0.196759,0.682806,0,998.524,5.52889
0.000627603,842.093,-0.013048,0.687408,0,998.526,5.52889
0.000627805,963.549,-0.197623,0.686712,0,998.526,5.52889
0.000628007,1141.39,-0.1189,0.68214,0,998.526,5.52889
0.000628201,1121.34,0.143083,0.68019,0,998.527,5.52889
0.000628403,941.519,0.177106,0.684076,0,998.529,5.52889
0.000628606,854.894,-0.0153499,0.688081,0,998.531,5.52889
0.000628802,992.363,-0.189066,0.686871,0,998.531,5.52889
0.000629005,1142.51,-0.087639,0.682653,0,998.531,5.52889
0.00062921,1127.32,0.111683,0.681179,0,998.532,5.52889
0.000629401,928.34,0.150778,0.685395,0,998.535,5.52889
0.000629604,869.12,-0.0363926,0.688693,0,998.536,5.52889
0.000629805,995.168,-0.175059,0.687357,0,998.536,5.52889
0.000630007,1133.13,-0.0798614,0.683433,0,998.536,5.52889
0.000630202,1092.46,0.136535,0.682319,0,998.537,5.52889
0.000630403,934.804,0.140293,0.68592,0,998.54,5.52889
0.000630607,878.958,-0.0311531,0.688949,0,998.541,5.52889
0.000630801,1016.46,-0.16305,0.687247,0,998.541,5.52889
0.000631002,1133.55,-0.0445269,0.683522,0,998.541,5.52889
0.000631203,1082.59,0.129579,0.683023,0,998.542,5.52889
0.000631406,940.157,0.129434,0.686284,0,998.544,5.52889
0.000631602,896.074,-0.059116,0.689178,0,998.546,5.52889
0.000631804,1017.22,-0.150654,0.687412,0,998.546,5.52889
0.000632005,1124.42,-0.040278,0.683954,0,998.546,5.52889
0.000632205,1074.1,0.122352,0.683518,0,998.547,5.52889
0.00063241,947.082,0.121005,0.686408,0,998.549,5.52889
0.000632605,905.223,-0.0563053,0.689108,0,998.551,5.52889
0.000632801,1032.79,-0.136585,0.687052,0,998.551,5.52889
0.000633001,1119.35,-0.0138545,0.683902,0,998.551,5.52889
0.000633201,1050.54,0.125357,0.684078,0,998.553,5.52889
0.000633402,928.281,0.0864501,0.687196,0,998.554,5.52889
0.0006336,923.444,-0.0751521,0.688881,0,998.556,5.52889
0.000633803,1032.99,-0.125733,0.686903,0,998.556,5.52889
0.000634005,1111.07,-0.0126789,0.684007,0,998.556,5.52889
0.000634204,1047.37,0.115901,0.684141,0,998.558,5.52889
0.000634405,934.458,0.0799145,0.68699,0,998.559,5.52889
0.000634601,933.713,-0.0757669,0.688494,0,998.56,5.52889
0.000634801,1044.58,-0.11113,0.686306,0,998.561,5.52889
0.000635002,1103.76,0.00625524,0.683762,0,998.561,5.52889
0.000635205,1040.39,0.109101,0.684111,0,998.563,5.52889
0.000635408,940.904,0.074912,0.68661,0,998.564,5.52889
0.000635605,938.022,-0.0676683,0.688004,0,998.565,5.52889
0.000635803,1043.74,-0.101817,0.685891,0,998.566,5.52889
0.000636005,1096.63,0.00591638,0.683555,0,998.566,5.52889
0.000636208,1038.1,0.100807,0.683845,0,998.568,5.52889
0.000636402,934.835,0.0488653,0.686579,0,998.569,5.52889
0.000636608,943.319,-0.0623072,0.687378,0,998.57,5.52889
0.000636806,1041.07,-0.0941328,0.685394,0,998.57,5.52889
0.000637001,1088.35,0.021359,0.683084,0,998.571,5.52889
0.000637202,1017.59,0.0982939,0.6838,0,998.573,5.52889
0.000637405,940.564,0.0452825,0.685924,0,998.574,5.52889
0.000637605,956.098,-0.0686813,0.68657,0,998.575,5.52889
0.0006378,0.158022,0.0802254,0.684149,0,998.575,5.52889
0.000638012,4.86524,2.393,0.59308,0,998.513,5.52889
0.000638204,1252.98,1.17878,0.612461,0,998.495,5.52889
0.000638413,1057.58,-0.288406,0.67387,0,998.497,5.52889
0.000638602,1230.63,0.0705965,0.673717,0,998.497,5.52889
0.000638809,1059.92,0.274554,0.676453,0,998.499,5.52889
0.000639005,807.452,0.119049,0.684063,0,998.502,5.52889
0.000639201,877.003,-0.219764,0.686231,0,998.502,5.52889
0.000639403,1123.59,-0.231368,0.681213,0,998.502,5.52889
0.000639604,1217.44,0.0633518,0.676553,0,998.502,5.52889
0.000639805,1033.02,0.262255,0.679125,0,998.504,5.52889
0.000640007,821.447,0.114165,0.685679,0,998.507,5.52889
0.000640202,886.717,-0.20666,0.68771,0,998.508,5.52889
0.00064041,1096.13,-0.229689,0.683592,0,998.507,5.52889
0.0006406,1196.06,0.0910337,0.678478,0,998.507,5.52889
0.0006408,997.76,0.246053,0.681734,0,998.51,5.52889
0.000641003,824.252,0.0769748,0.68759,0,998.512,5.52889
0.000641211,869.591,-0.164572,0.689256,0,998.513,5.52889
0.000641401,1132.52,-0.180466,0.683788,0,998.512,5.52889
0.000641606,1188.23,0.0667422,0.680367,0,998.513,5.52889
0.000641803,998.667,0.229037,0.6833,0,998.515,5.52889
0.000642004,834.933,0.0625424,0.688861,0,998.517,5.52889
0.000642209,894.522,-0.170719,0.690074,0,998.518,5.52889
0.000642404,1122.44,-0.169135,0.685178,0,998.517,5.52889
0.000642607,1174.77,0.0657209,0.681909,0,998.518,5.52889
0.000642801,979.176,0.209692,0.685104,0,998.52,5.52889
0.000643002,842.635,0.0291748,0.690148,0,998.522,5.52889
0.000643205,927.426,-0.179645,0.690508,0,998.523,5.52889
0.000643401,1132.84,-0.133905,0.685635,0,998.522,5.52889
0.000643607,1156.85,0.0801031,0.683169,0,998.523,5.52889
0.000643802,974.5,0.192342,0.686337,0,998.525,5.52889
0.000644004,854.729,0.0230295,0.690852,0,998.527,5.52889
0.000644202,956.202,-0.179321,0.690727,0,998.527,5.52889
0.000644404,1122.84,-0.12497,0.686602,0,998.527,5.52889
0.0006446,1128.07,0.112332,0.684282,0,998.528,5.52889
0.000644805,974.682,0.177195,0.687227,0,998.53,5.52889
0.000645001,865.47,-0.00820788,0.691619,0,998.532,5.52889
0.000645204,962.079,-0.166692,0.691135,0,998.532,5.52889
0.000645407,1115.29,-0.114377,0.68729,0,998.532,5.52889
0.000645604,1122.49,0.0989823,0.685124,0,998.533,5.52889
0.000645801,958.215,0.156708,0.68834,0,998.535,5.52889
0.000646004,875.91,-0.00536735,0.691865,0,998.537,5.52889
0.000646207,963.602,-0.153672,0.69144,0,998.537,5.52889
0.000646401,1124.1,-0.0761641,0.687141,0,998.537,5.52889
0.000646606,1111.5,0.0958742,0.685795,0,998.538,5.52889
0.000646804,960.442,0.144026,0.688771,0,998.54,5.52889
0.000647,888.438,-0.031072,0.692155,0,998.542,5.52889
0.0006472,997.054,-0.150965,0.690945,0,998.542,5.52889
0.000647403,1115.99,-0.0692078,0.687503,0,998.542,5.52889
0.000647608,1101.41,0.0925437,0.686266,0,998.543,5.52889
0.0006478,946.708,0.121737,0.689474,0,998.546,5.52889
0.000648003,897.793,-0.0298456,0.692076,0,998.547,5.52889
0.000648205,993.142,-0.138731,0.69102,0,998.547,5.52889
0.000648406,1108.84,-0.0618833,0.687666,0,998.547,5.52889
0.000648601,1074.75,0.109255,0.686743,0,998.549,5.52889
0.000648803,950.227,0.111526,0.689505,0,998.55,5.52889
0.000649007,905.772,-0.0243206,0.691819,0,998.552,5.52889
0.000649201,1014.7,-0.129595,0.690391,0,998.552,5.52889
0.000649401,1108.72,-0.0330774,0.687297,0,998.552,5.52889
0.000649604,1069.74,0.101065,0.686816,0,998.554,5.52889
0.000649806,954.746,0.103092,0.689335,0,998.555,5.52889
0.000650003,918.389,-0.0435692,0.691544,0,998.557,5.52889
0.000650204,1014.17,-0.119783,0.690093,0,998.557,5.52889
0.000650404,1101.21,-0.0306387,0.687199,0,998.557,5.52889
0.000650607,1065.46,0.0931571,0.686717,0,998.559,5.52889
0.000650809,958.998,0.0953495,0.689013,0,998.56,5.52889
0.000651005,926.746,-0.0447704,0.691038,0,998.562,5.52889
0.000651206,1015.28,-0.110621,0.689618,0,998.562,5.52889
0.000651402,1096.7,-0.0125487,0.686736,0,998.562,5.52889
0.000651609,1059.6,0.0875913,0.686487,0,998.564,5.52889
0.000651801,945.028,0.0686385,0.689149,0,998.565,5.52889
0.000652008,933.024,-0.0413424,0.690392,0,998.566,5.52889
0.000652202,1029.24,-0.0995702,0.6887,0,998.567,5.52889
0.000652405,1090.1,-0.011688,0.68635,0,998.567,5.52889
0.000652603,1038.6,0.0925773,0.686362,0,998.569,5.52889
0.000652804,949.96,0.0634757,0.68851,0,998.57,5.52889
0.000653009,939.997,-0.0414794,0.689632,0,998.571,5.52889
0.000653202,0.898366,0.444429,0.685492,0,998.571,5.52889
0.000653403,4.88417,2.40232,0.595632,0,998.509,5.52889
0.000653602,1252.69,1.13423,0.616858,0,998.49,5.52889
0.000653802,1079.14,-0.281648,0.675792,0,998.493,5.52889
0.000654001,1236.74,0.0260904,0.676968,0,998.492,5.52889
0.000654209,1105.37,0.254835,0.678545,0,998.494,5.52889
0.000654407,836.305,0.175014,0.685787,0,998.497,5.52889
0.000654611,813.722,-0.125255,0.68965,0,998.499,5.52889
0.000654804,1084.45,-0.254385,0.685232,0,998.498,5.52889
0.000655,1221.39,0.0346035,0.679652,0,998.498,5.52889
0.000655209,1090.42,0.243422,0.680937,0,998.5,5.52889
0.000655409,850.225,0.168066,0.687418,0,998.502,5.52889
0.00065561,831.884,-0.129662,0.691101,0,998.504,5.52889
0.000655804,1088.36,-0.233564,0.686702,0,998.503,5.52889
0.000656001,1206.6,0.0410516,0.681638,0,998.503,5.52889
0.000656208,1074.31,0.232472,0.683064,0,998.505,5.52889
0.000656405,844.041,0.128285,0.689549,0,998.508,5.52889
0.000656601,875.47,-0.171665,0.692083,0,998.508,5.52889
0.000656803,1095.56,-0.210572,0.687819,0,998.508,5.52889
0.000657001,1192.08,0.046676,0.683371,0,998.508,5.52889
0.000657201,1026.38,0.228134,0.685583,0,998.51,5.52889
0.000657405,848.969,0.10491,0.691028,0,998.513,5.52889
0.000657601,893.685,-0.169404,0.692967,0,998.513,5.52889
0.000657806,1087.87,-0.196597,0.689123,0,998.513,5.52889
0.000658007,1181.18,0.0277229,0.685031,0,998.513,5.52889
0.000658207,1041.17,0.209008,0.686619,0,998.515,5.52889
0.000658401,850.113,0.0667558,0.692501,0,998.518,5.52889
0.000658611,884.424,-0.134981,0.693926,0,998.519,5.52889
0.000658802,1105.38,-0.164739,0.689447,0,998.518,5.52889
0.000659006,1165.96,0.0442475,0.686203,0,998.519,5.52889
0.000659201,1000.98,0.196647,0.688585,0,998.521,5.52889
0.000659403,859.831,0.0530564,0.693325,0,998.523,5.52889
0.000659603,923.386,-0.15779,0.694134,0,998.523,5.52889
0.000659807,1093.95,-0.156025,0.690442,0,998.523,5.52889
0.000660003,1146.57,0.0714182,0.687149,0,998.524,5.52889
0.000660204,999.988,0.181769,0.689493,0,998.526,5.52889
0.000660406,870.881,0.0480826,0.693825,0,998.528,5.52889
0.000660606,931.453,-0.147251,0.694507,0,998.528,5.52889
0.000660805,1100.46,-0.13249,0.690677,0,998.528,5.52889
0.000661002,1131.85,0.0793831,0.687979,0,998.529,5.52889
0.000661207,1001.13,0.168531,0.690136,0,998.531,5.52889
0.000661402,876.968,0.018768,0.694474,0,998.533,5.52889
0.000661609,936.977,-0.136312,0.694736,0,998.533,5.52889
0.000661802,1107.24,-0.106096,0.690686,0,998.533,5.52889
0.000662008,1126.1,0.0641159,0.688647,0,998.534,5.52889
0.000662204,983.376,0.152674,0.691038,0,998.536,5.52889
0.000662405,886.875,0.0160324,0.694592,0,998.538,5.52889
0.000662604,963.848,-0.140164,0.694447,0,998.538,5.52889
0.000662805,1101.27,-0.0960963,0.690962,0,998.538,5.52889
0.000663003,1105.41,0.0855163,0.689106,0,998.539,5.52889
0.0006632,965.763,0.133686,0.691789,0,998.541,5.52889
0.000663403,895.594,-0.00438929,0.694733,0,998.543,5.52889
0.000663606,970.014,-0.130915,0.694319,0,998.543,5.52889
0.000663809,1092.04,-0.092097,0.691198,0,998.543,5.52889
0.000664005,1096.86,0.0813384,0.689374,0,998.544,5.52889
0.000664203,967.833,0.122922,0.691851,0,998.546,5.52889
0.000664405,904.267,-0.0055177,0.694519,0,998.548,5.52889
0.000664609,973.192,-0.121087,0.694087,0,998.548,5.52889
0.000664803,1099.81,-0.060414,0.690616,0,998.548,5.52889
0.000665008,1090.35,0.075035,0.689456,0,998.549,5.52889
0.000665206,971.093,0.113658,0.691711,0,998.551,5.52889
0.000665402,914.076,-0.024092,0.694295,0,998.553,5.52889
0.000665603,998.201,-0.118779,0.693286,0,998.553,5.52889
0.000665806,1092.84,-0.0561867,0.690482,0,998.553,5.52889
0.000666011,1084.4,0.0690923,0.689368,0,998.554,5.52889
0.000666202,958.942,0.0950571,0.69186,0,998.556,5.52889
0.000666405,921.529,-0.0235486,0.693785,0,998.557,5.52889
0.000666605,1000.6,-0.110006,0.692779,0,998.558,5.52889
0.0006668,1093.83,-0.0297257,0.689807,0,998.558,5.52889
0.000667002,1059.55,0.0874429,0.689328,0,998.559,5.52889
0.000667205,962.818,0.0878748,0.691393,0,998.561,5.52889
0.0006674,933.174,-0.0412727,0.693224,0,998.562,5.52889
0.000667602,1014.83,-0.102065,0.691879,0,998.563,5.52889
0.000667803,1087.43,-0.0275554,0.689397,0,998.563,5.52889
0.000668005,1055.9,0.0806876,0.688917,0,998.564,5.52889
0.000668208,966.421,0.0812506,0.690791,0,998.566,5.52889
0.000668407,936.308,-0.0293875,0.692423,0,998.567,5.52889
0.000668611,2.4583,1.21179,0.678341,0,998.564,5.52889
0.000668803,4.92733,2.42353,0.596194,0,998.499,5.52889
0.000669009,1251.71,0.980381,0.625064,0,998.486,5.52889
0.000669211,950.425,-0.283933,0.683682,0,998.489,5.52889
0.0006694,1232,-0.0631809,0.68082,0,998.488,5.52889
0.00066961,1165.83,0.202359,0.680489,0,998.489,5.52889
0.000669803,874.938,0.221076,0.687249,0,998.492,5.52889
0.000670008,795.753,-0.0640357,0.69223,0,998.494,5.52889
0.000670205,1009.98,-0.270381,0.689848,0,998.494,5.52889
0.000670403,1215.92,-0.0687076,0.68359,0,998.493,5.52889
0.00067061,1152.42,0.193443,0.68282,0,998.495,5.52889
0.000670807,893.581,0.215589,0.688764,0,998.498,5.52889
0.000671006,813.828,-0.0784431,0.69378,0,998.499,5.52889
0.000671204,1022.81,-0.252295,0.691143,0,998.499,5.52889
0.000671405,1201.78,-0.0673415,0.685612,0,998.498,5.52889
0.000671605,1116.23,0.20674,0.685154,0,998.5,5.52889
0.000671801,872.735,0.172364,0.691254,0,998.503,5.52889
0.000672001,839.634,-0.111171,0.695074,0,998.504,5.52889
0.000672203,1035.49,-0.233519,0.692179,0,998.504,5.52889
0.000672401,1194.41,-0.0267653,0.686828,0,998.504,5.52889
0.000672607,1108.92,0.192346,0.686871,0,998.505,5.52889
0.000672801,873.869,0.149245,0.692815,0,998.508,5.52889
0.000673001,857.401,-0.115872,0.696035,0,998.509,5.52889
0.000673206,1032.35,-0.217126,0.693356,0,998.509,5.52889
0.0006734,1182.35,-0.00683729,0.688122,0,998.509,5.52889
0.000673605,1083,0.191724,0.688629,0,998.511,5.52889
0.0006738,873.12,0.121753,0.694227,0,998.513,5.52889
0.000674006,865.197,-0.0998056,0.696788,0,998.514,5.52889
0.000674202,1060.15,-0.192726,0.693522,0,998.514,5.52889
0.000674402,1169.59,0.00139375,0.689322,0,998.514,5.52889
0.000674604,1061.82,0.185548,0.690112,0,998.516,5.52889
0.000674807,892.547,0.127122,0.69465,0,998.518,5.52889
0.000675003,890.068,-0.118762,0.697276,0,998.519,5.52889
0.000675203,1065.18,-0.174454,0.694048,0,998.519,5.52889
0.000675404,1157.48,0.010523,0.690284,0,998.519,5.52889
0.000675609,1063.22,0.169106,0.69098,0,998.521,5.52889
0.000675801,881.325,0.0807766,0.696046,0,998.523,5.52889
0.000676008,894.828,-0.102725,0.697668,0,998.524,5.52889
0.000676206,1061.38,-0.161193,0.694617,0,998.524,5.52889
0.0006764,1144.41,0.0340916,0.690919,0,998.524,5.52889
0.000676609,1054.55,0.15922,0.691807,0,998.526,5.52889
0.000676803,891.241,0.0765181,0.696364,0,998.528,5.52889
0.000677008,907.22,-0.102162,0.697843,0,998.529,5.52889
0.000677201,1079.76,-0.135498,0.694369,0,998.529,5.52889
0.000677403,1133.88,0.0340609,0.691541,0,998.529,5.52889
0.000677605,1027.28,0.154484,0.69281,0,998.531,5.52889
0.000677806,899.638,0.0694145,0.696556,0,998.533,5.52889
0.000678001,937.187,-0.121284,0.697631,0,998.534,5.52889
0.000678203,1076.71,-0.123459,0.694557,0,998.534,5.52889
0.000678407,1125.06,0.0280496,0.692003,0,998.535,5.52889
0.000678601,1004.52,0.144154,0.69359,0,998.536,5.52889
0.000678802,900.268,0.0400905,0.696963,0,998.538,5.52889
0.000679003,945.642,-0.114812,0.697477,0,998.539,5.52889
0.000679206,1071.14,-0.114528,0.69466,0,998.539,5.52889
0.000679402,1110.28,0.0515994,0.692135,0,998.54,5.52889
0.000679603,1002.93,0.133131,0.693733,0,998.541,5.52889
0.000679805,908.224,0.0356658,0.696794,0,998.543,5.52889
0.000680006,950.691,-0.106294,0.697214,0,998.544,5.52889
0.000680209,1066.55,-0.105809,0.694578,0,998.544,5.52889
0.000680405,1102.72,0.0475711,0.692215,0,998.545,5.52889
0.000680606,1003.55,0.123057,0.693656,0,998.546,5.52889
0.000680802,912.869,0.0139315,0.696713,0,998.548,5.52889
0.000681009,954.97,-0.0980716,0.696814,0,998.549,5.52889
0.000681203,1079.91,-0.0788997,0.693761,0,998.549,5.52889
0.000681409,1095.74,0.0437657,0.692126,0,998.55,5.52889
0.000681603,989.571,0.111196,0.693776,0,998.551,5.52889
0.000681804,920.1,0.0117226,0.696232,0,998.553,5.52889
0.000682002,979.93,-0.104084,0.695947,0,998.554,5.52889
0.000682205,1075.37,-0.07185,0.693395,0,998.554,5.52889
0.000682402,1078.69,0.0639817,0.691888,0,998.555,5.52889
0.000682606,991.15,0.102782,0.693369,0,998.556,5.52889
0.000682801,926.523,-0.0052443,0.695776,0,998.558,5.52889
0.000683005,982.125,-0.0961648,0.69531,0,998.558,5.52889
0.000683208,1070.32,-0.066497,0.692919,0,998.559,5.52889
0.000683405,1073.57,0.0589412,0.69149,0,998.56,5.52889
0.000683603,980.167,0.0901984,0.693153,0,998.561,5.52889
0.000683801,933.426,-0.0134274,0.695089,0,998.563,5.52889
0.000684015,3.5777,1.76243,0.669981,0,998.555,5.52889
0.000684201,123.972,2.43746,0.597374,0,998.49,5.52889
0.0006844,1251.2,0.901204,0.630677,0,998.483,5.52889
0.000684614,846.659,-0.209509,0.689489,0,998.487,5.52889
0.000684804,1170.48,-0.203216,0.686404,0,998.486,5.52889
0.000685001,1202.24,0.14496,0.682887,0,998.487,5.52889
0.000685204,978.743,0.274664,0.687053,0,998.489,5.52889
0.000685401,790.226,0.0209538,0.69414,0,998.492,5.52889
0.000685601,930.125,-0.251629,0.69406,0,998.492,5.52889
0.000685806,1156.86,-0.193894,0.68877,0,998.491,5.52889
0.000686005,1196.98,0.120221,0.685103,0,998.492,5.52889
0.000686202,958.836,0.251664,0.689501,0,998.495,5.52889
0.000686405,805.631,0.0337071,0.695403,0,998.497,5.52889
0.00068661,901.515,-0.213812,0.696016,0,998.497,5.52889
0.000686806,1152.12,-0.175121,0.690313,0,998.496,5.52889
0.000687001,1168.79,0.144767,0.687066,0,998.497,5.52889
0.000687203,960.995,0.234296,0.691148,0,998.5,5.52889
0.000687405,818.866,0.022866,0.696686,0,998.502,5.52889
0.0006876,958.329,-0.226496,0.696279,0,998.502,5.52889
0.000687801,1165.31,-0.127001,0.690905,0,998.501,5.52889
0.000688003,1157.69,0.13444,0.688747,0,998.503,5.52889
0.000688204,956.076,0.214719,0.692729,0,998.505,5.52889
0.000688403,831.812,-0.0104532,0.697952,0,998.507,5.52889
0.000688602,965.941,-0.211517,0.697148,0,998.507,5.52889
0.000688805,1150.7,-0.124138,0.692349,0,998.507,5.52889
0.000689011,1157.17,0.104678,0.690152,0,998.508,5.52889
0.000689201,935.959,0.187123,0.694496,0,998.51,5.52889
0.000689405,845.431,-0.0160277,0.698707,0,998.512,5.52889
0.000689606,968.63,-0.195419,0.697891,0,998.512,5.52889
0.000689801,1155.37,-0.0813268,0.692732,0,998.512,5.52889
0.000690008,1133.08,0.121045,0.691404,0,998.513,5.52889
0.000690207,948.688,0.176993,0.695145,0,998.515,5.52889
0.000690403,860.585,-0.0388235,0.699379,0,998.517,5.52889
0.000690603,994.443,-0.185839,0.697962,0,998.517,5.52889
0.000690806,1140.71,-0.0847371,0.693806,0,998.517,5.52889
0.000691011,1122.21,0.114536,0.692378,0,998.518,5.52889
0.000691203,931.623,0.149407,0.696421,0,998.521,5.52889
0.000691401,876.559,-0.0576076,0.69979,0,998.522,5.52889
0.000691601,1014.6,-0.172798,0.697926,0,998.522,5.52889
0.000691801,1141.1,-0.0479188,0.693937,0,998.522,5.52889
0.000692002,1087.22,0.137534,0.693403,0,998.523,5.52889
0.000692205,935.915,0.137407,0.696873,0,998.526,5.52889
0.000692401,889.185,-0.0629385,0.699953,0,998.527,5.52889
0.000692602,1017.8,-0.159967,0.698084,0,998.527,5.52889
0.000692804,1131.6,-0.0426908,0.694419,0,998.527,5.52889
0.000693004,1078.05,0.130018,0.693967,0,998.529,5.52889
0.000693209,943.157,0.12839,0.697047,0,998.531,5.52889
0.000693404,898.856,-0.0598591,0.699918,0,998.532,5.52889
0.000693607,1013.45,-0.148057,0.698241,0,998.532,5.52889
0.0006938,1126.22,-0.0146432,0.694405,0,998.532,5.52889
0.000694009,1078.2,0.115517,0.694213,0,998.534,5.52889
0.0006942,923.276,0.0917532,0.697925,0,998.536,5.52889
0.000694408,905.645,-0.0503331,0.699712,0,998.537,5.52889
0.000694602,1034.65,-0.1335,0.697628,0,998.537,5.52889
0.000694804,1117.13,-0.016588,0.694603,0,998.537,5.52889
0.000695002,1048.09,0.123951,0.694749,0,998.539,5.52889
0.000695205,932.113,0.0879902,0.697673,0,998.541,5.52889
0.0006954,927.332,-0.0776334,0.699374,0,998.542,5.52889
0.000695605,1032.91,-0.123351,0.697413,0,998.542,5.52889
0.000695801,1109.74,0.00423791,0.694381,0,998.542,5.52889
0.000696005,1045.28,0.11452,0.694689,0,998.544,5.52889
0.000696208,938.176,0.0815688,0.697354,0,998.546,5.52889
0.000696404,933.396,-0.0714493,0.698901,0,998.547,5.52889
0.000696602,1045.97,-0.108135,0.696666,0,998.547,5.52889
0.000696804,1102.18,0.00359806,0.694222,0,998.547,5.52889
0.000697008,1042.77,0.10575,0.694467,0,998.549,5.52889
0.0006972,929.687,0.0505459,0.697461,0,998.551,5.52889
0.000697406,940.796,-0.068668,0.698288,0,998.552,5.52889
0.000697605,1044,-0.0995317,0.696177,0,998.552,5.52889
0.000697801,1093.58,0.0210641,0.693771,0,998.552,5.52889
0.000698002,1020.57,0.10405,0.694483,0,998.554,5.52889
0.000698204,935.767,0.0467429,0.696832,0,998.556,5.52889
0.000698409,945.969,-0.0633774,0.697562,0,998.557,5.52889
0.0006986,1054.81,-0.0829629,0.695192,0,998.557,5.52889
0.000698804,1087.24,0.0193646,0.69332,0,998.557,5.52889
0.000699005,1019.87,0.0961389,0.693941,0,998.559,5.52889
0.000699205,940.27,0.0404474,0.696132,0,998.561,5.52889
0.000699407,3.76426,1.8542,0.669706,0,998.552,5.52889
0.0006996,403.808,2.41341,0.597973,0,998.484,5.52889
0.000699806,1250.64,0.81381,0.635599,0,998.479,5.52889
0.000700009,842.837,-0.204643,0.691287,0,998.483,5.52889
0.000700206,1136.49,-0.237725,0.689263,0,998.482,5.52889
0.000700402,1217.1,0.107478,0.684644,0,998.483,5.52889
0.0007006,983.516,0.275355,0.688661,0,998.485,5.52889
0.000700803,796.996,0.0697858,0.695247,0,998.488,5.52889
0.000701007,874.038,-0.210799,0.696665,0,998.488,5.52889
0.000701201,1156.25,-0.194527,0.690526,0,998.487,5.52889
0.000701405,1208.75,0.0849203,0.686934,0,998.488,5.52889
0.000701603,995.178,0.258683,0.690374,0,998.49,5.52889
0.000701805,812.065,0.0711531,0.696651,0,998.493,5.52889
0.000702005,899.708,-0.212246,0.697797,0,998.493,5.52889
0.000702201,1151.91,-0.175266,0.692079,0,998.492,5.52889
0.000702403,1188.6,0.101678,0.688817,0,998.493,5.52889
0.000702603,986.628,0.240173,0.692291,0,998.496,5.52889
0.000702804,821.183,0.0434763,0.69821,0,998.498,5.52889
0.000703007,907.097,-0.197606,0.698934,0,998.498,5.52889
0.000703203,1143.96,-0.160875,0.693513,0,998.498,5.52889
0.000703405,1175.23,0.097591,0.690508,0,998.498,5.52889
0.000703601,967.684,0.21906,0.694219,0,998.501,5.52889
0.000703806,834.386,0.0405141,0.699197,0,998.503,5.52889
0.000704006,926.231,-0.192478,0.699658,0,998.503,5.52889
0.000704208,1126.05,-0.159559,0.695066,0,998.503,5.52889
0.000704404,1155.52,0.109319,0.691949,0,998.504,5.52889
0.000704606,979.226,0.205325,0.695168,0,998.506,5.52889
0.000704802,844.464,-0.000847859,0.700397,0,998.508,5.52889
0.000705003,958.21,-0.192251,0.699914,0,998.508,5.52889
0.000705206,1132.26,-0.128616,0.695552,0,998.508,5.52889
0.000705402,1134.22,0.120545,0.693209,0,998.509,5.52889
0.000705601,948.361,0.177686,0.696975,0,998.511,5.52889
0.000705803,856.955,-0.00871211,0.701002,0,998.513,5.52889
0.000706007,959.366,-0.176638,0.700501,0,998.513,5.52889
0.0007062,1141.27,-0.0851038,0.695637,0,998.513,5.52889
0.000706405,1122.69,0.115024,0.694206,0,998.514,5.52889
0.000706605,956.477,0.166106,0.697551,0,998.516,5.52889
0.000706803,869.176,-0.0210195,0.701451,0,998.518,5.52889
0.000707002,990.391,-0.172016,0.700319,0,998.518,5.52889
0.000707201,1134.87,-0.0709419,0.696165,0,998.518,5.52889
0.000707408,1115.8,0.104505,0.69495,0,998.519,5.52889
0.000707606,957.184,0.152355,0.698117,0,998.522,5.52889
0.000707803,881.356,-0.0331913,0.701706,0,998.523,5.52889
0.000708003,996.472,-0.159937,0.700435,0,998.523,5.52889
0.000708206,1122.41,-0.0731967,0.696803,0,998.523,5.52889
0.000708411,1106.83,0.0981922,0.695511,0,998.524,5.52889
0.000708603,942.908,0.128865,0.698928,0,998.527,5.52889
0.000708806,891.218,-0.0316594,0.701696,0,998.528,5.52889
0.000709001,1013.49,-0.148617,0.700131,0,998.528,5.52889
0.000709201,1123.23,-0.0379913,0.696592,0,998.528,5.52889
0.000709404,1078.46,0.115971,0.696094,0,998.53,5.52889
0.000709606,946.701,0.118113,0.699035,0,998.532,5.52889
0.000709803,905.27,-0.0505375,0.701619,0,998.533,5.52889
0.000710003,1015.2,-0.137306,0.700001,0,998.533,5.52889
0.000710205,1114.01,-0.0379205,0.696785,0,998.533,5.52889
0.000710406,1071.54,0.108783,0.696274,0,998.535,5.52889
0.000710609,951.493,0.109173,0.698937,0,998.537,5.52889
0.000710805,913.993,-0.0493013,0.701302,0,998.538,5.52889
0.000711006,1014.92,-0.126906,0.699763,0,998.538,5.52889
0.000711202,1109.42,-0.0152674,0.696494,0,998.539,5.52889
0.000711409,1066.96,0.100464,0.696255,0,998.54,5.52889
0.000711602,937.904,0.0818606,0.699277,0,998.542,5.52889
0.000711808,921.178,-0.0453448,0.700837,0,998.543,5.52889
0.000712003,1031.15,-0.11447,0.698984,0,998.543,5.52889
0.000712205,1101.85,-0.0144378,0.696332,0,998.544,5.52889
0.000712402,1042.91,0.106159,0.696389,0,998.545,5.52889
0.000712604,941.231,0.0727229,0.698911,0,998.547,5.52889
0.00071281,928.535,-0.0438589,0.700246,0,998.548,5.52889
0.000713005,1030.51,-0.105511,0.698471,0,998.548,5.52889
0.000713201,1095.51,0.00434667,0.695826,0,998.549,5.52889
0.000713406,1040.29,0.0981607,0.696033,0,998.55,5.52889
0.000713607,946.442,0.0672359,0.698327,0,998.552,5.52889
0.000713803,945.742,-0.0636242,0.699513,0,998.553,5.52889
0.000714002,1041.52,-0.0923461,0.697523,0,998.553,5.52889
0.000714204,1089.01,0.00392686,0.695376,0,998.554,5.52889
0.000714409,1038.11,0.0906521,0.695528,0,998.555,5.52889
0.000714605,945.246,0.0523173,0.697851,0,998.557,5.52889
0.000714802,4.27333,2.10461,0.665274,0,998.546,5.52889
0.000715001,1099.24,2.31572,0.599196,0,998.476,5.52889
0.00071521,1249.78,0.679604,0.642606,0,998.476,5.52889
0.000715401,821.829,-0.173237,0.693694,0,998.48,5.52889
0.000715608,1057.23,-0.278429,0.693421,0,998.479,5.52889
0.000715802,1233.2,0.0150523,0.687113,0,998.479,5.52889
0.000716002,1070.09,0.266329,0.688733,0,998.481,5.52889
0.000716207,840.568,0.173958,0.695176,0,998.484,5.52889
0.000716409,820.864,-0.131706,0.698997,0,998.485,5.52889
0.0007166,1099.83,-0.241356,0.694172,0,998.484,5.52889
0.000716803,1219.16,0.0142306,0.689303,0,998.484,5.52889
0.000717007,1082.85,0.242162,0.690485,0,998.486,5.52889
0.000717206,844.708,0.151672,0.69704,0,998.489,5.52889
0.000717406,848.01,-0.151539,0.700265,0,998.49,5.52889
0.000717605,1078.64,-0.233338,0.696212,0,998.489,5.52889
0.0007178,1202.89,0.042361,0.690976,0,998.489,5.52889
0.000718009,1079.56,0.225338,0.69226,0,998.491,5.52889
0.000718201,838.156,0.105772,0.699114,0,998.494,5.52889
0.000718405,867.62,-0.154426,0.701287,0,998.495,5.52889
0.000718605,1085.23,-0.211617,0.697234,0,998.494,5.52889
0.000718805,1191.05,0.0266323,0.692743,0,998.495,5.52889
0.000719001,1027.06,0.223748,0.694733,0,998.497,5.52889
0.000719208,860.868,0.121282,0.699704,0,998.499,5.52889
0.000719404,886.172,-0.154864,0.702071,0,998.5,5.52889
0.000719605,1089.55,-0.19072,0.698078,0,998.5,5.52889
0.0007198,1171.99,0.0616384,0.693928,0,998.5,5.52889
0.000720003,1022.96,0.207627,0.696044,0,998.502,5.52889
0.000720206,861.166,0.0885878,0.701029,0,998.504,5.52889
0.000720411,887.067,-0.131887,0.702798,0,998.505,5.52889
0.000720603,1101.3,-0.163008,0.698463,0,998.505,5.52889
0.000720808,1163.19,0.0401634,0.695226,0,998.505,5.52889
0.000721001,999.299,0.192267,0.697563,0,998.507,5.52889
0.000721203,862.874,0.0507588,0.702156,0,998.509,5.52889
0.000721403,927.066,-0.155855,0.702887,0,998.51,5.52889
0.000721608,1089.99,-0.154443,0.699349,0,998.51,5.52889
0.000721802,1142.46,0.0735288,0.696034,0,998.51,5.52889
0.000722005,1004.34,0.178058,0.698225,0,998.512,5.52889
0.000722202,870.626,0.0284693,0.702794,0,998.514,5.52889
0.000722402,945.311,-0.153102,0.703004,0,998.515,5.52889
0.0007226,1111.1,-0.114937,0.698994,0,998.515,5.52889
0.000722806,1134.18,0.0642202,0.69679,0,998.516,5.52889
0.000723007,1001.11,0.164923,0.698864,0,998.518,5.52889
0.000723202,879.834,0.0181107,0.703089,0,998.519,5.52889
0.000723409,938.661,-0.133473,0.703324,0,998.52,5.52889
0.000723602,1105.24,-0.103833,0.699343,0,998.52,5.52889
0.000723808,1123.7,0.0627168,0.69733,0,998.521,5.52889
0.000724004,984.052,0.14944,0.699651,0,998.523,5.52889
0.000724205,889.557,0.0157036,0.703113,0,998.525,5.52889
0.000724404,964.823,-0.137147,0.702954,0,998.525,5.52889
0.000724605,1099.37,-0.0940757,0.699526,0,998.525,5.52889
0.000724803,1103.51,0.0835782,0.697691,0,998.526,5.52889
0.000725,966.78,0.130851,0.7003,0,998.528,5.52889
0.000725203,898.088,-0.00425474,0.703163,0,998.529,5.52889
0.000725406,970.869,-0.128103,0.702741,0,998.53,5.52889
0.000725609,1090.28,-0.0902409,0.69967,0,998.53,5.52889
0.000725805,1095.12,0.0795295,0.697865,0,998.531,5.52889
0.000726003,968.826,0.120326,0.700271,0,998.533,5.52889
0.000726205,906.576,-0.0053591,0.702866,0,998.534,5.52889
0.000726409,973.981,-0.118486,0.702426,0,998.535,5.52889
0.000726603,1097.93,-0.0591972,0.699012,0,998.535,5.52889
0.000726808,1088.74,0.0733758,0.697857,0,998.536,5.52889
0.000727006,972.01,0.111257,0.700046,0,998.538,5.52889
0.000727202,916.169,-0.0235357,0.702559,0,998.539,5.52889
0.000727403,998.461,-0.116245,0.701555,0,998.54,5.52889
0.000727606,1091.09,-0.0551016,0.698794,0,998.54,5.52889
0.000727812,1082.92,0.0675463,0.697684,0,998.541,5.52889
0.000728002,960.101,0.093049,0.700106,0,998.543,5.52889
0.000728205,923.466,-0.0230361,0.701973,0,998.544,5.52889
0.000728405,1000.85,-0.107666,0.700971,0,998.545,5.52889
0.000728601,1092.1,-0.0291176,0.698045,0,998.545,5.52889
0.000728802,1058.59,0.0855502,0.697558,0,998.546,5.52889
0.000729005,963.892,0.0860198,0.699561,0,998.548,5.52889
0.0007292,934.857,-0.040377,0.701337,0,998.549,5.52889
0.000729402,1014.77,-0.0998976,0.700004,0,998.55,5.52889
0.000729604,1085.84,-0.0269933,0.697557,0,998.55,5.52889
0.000729805,1055.02,0.0789394,0.697069,0,998.551,5.52889
0.000730006,964.691,0.0772314,0.698971,0,998.553,5.52889
0.000730201,4.61521,2.27277,0.662726,0,998.541,5.52889
0.0007304,1259.95,2.27799,0.600828,0,998.471,5.52889
0.000730604,1249.8,0.683197,0.644228,0,998.472,5.52889
0.000730807,790.862,-0.100421,0.696029,0,998.477,5.52889
0.000731,1064.87,-0.276238,0.694983,0,998.476,5.52889
0.000731201,1232.8,-0.0230009,0.689269,0,998.475,5.52889
0.000731406,1120.63,0.239516,0.689634,0,998.477,5.52889
0.0007316,839.267,0.171946,0.696978,0,998.48,5.52889
0.000731801,825.912,-0.142415,0.700737,0,998.482,5.52889
0.000732006,1036.88,-0.263881,0.697577,0,998.481,5.52889
0.000732203,1218.7,-0.0224961,0.691432,0,998.481,5.52889
0.000732401,1082.22,0.24219,0.692242,0,998.483,5.52889
0.0007326,843.932,0.149924,0.698816,0,998.486,5.52889
0.00073281,823.271,-0.0968404,0.702034,0,998.487,5.52889
0.000733006,1047.94,-0.243639,0.698749,0,998.486,5.52889
0.0007332,1205.52,0.00727702,0.693005,0,998.486,5.52889
0.000733404,1079.59,0.225077,0.693994,0,998.488,5.52889
0.000733605,863.486,0.153133,0.699824,0,998.491,5.52889
0.00073381,839.133,-0.0990939,0.703121,0,998.492,5.52889
0.000734006,1056.2,-0.223846,0.699739,0,998.491,5.52889
0.000734205,1191.91,-0.00979879,0.694813,0,998.491,5.52889
0.000734405,1068.83,0.212063,0.695641,0,998.493,5.52889
0.000734603,861.286,0.12165,0.701409,0,998.496,5.52889
0.000734812,853.302,-0.0975069,0.703971,0,998.497,5.52889
0.000735006,1061.68,-0.20471,0.700563,0,998.496,5.52889
0.000735201,1177.56,0.0283525,0.695847,0,998.497,5.52889
0.000735402,1042.21,0.20419,0.697359,0,998.499,5.52889
0.000735607,875.882,0.119117,0.702112,0,998.501,5.52889
0.000735812,871.701,-0.105336,0.704591,0,998.502,5.52889
0.000736006,1069.81,-0.184137,0.701089,0,998.502,5.52889
0.000736201,1162.92,0.0420148,0.696913,0,998.502,5.52889
0.000736403,1031.23,0.190754,0.698565,0,998.504,5.52889
0.000736605,873.813,0.0856987,0.703269,0,998.506,5.52889
0.000736812,888.119,-0.108929,0.705,0,998.507,5.52889
0.000737001,1092.8,-0.152203,0.700955,0,998.506,5.52889
0.000737205,1152.01,0.0354321,0.697888,0,998.507,5.52889
0.000737406,1027.29,0.176828,0.699413,0,998.509,5.52889
0.000737608,884.262,0.0800694,0.703672,0,998.511,5.52889
0.0007378,932.586,-0.143709,0.704882,0,998.512,5.52889
0.000738004,1084.54,-0.143049,0.701554,0,998.512,5.52889
0.000738207,1141.23,0.0362224,0.698588,0,998.512,5.52889
0.000738402,1004.95,0.165213,0.700453,0,998.514,5.52889
0.000738602,883.592,0.0427722,0.70444,0,998.516,5.52889
0.000738805,933.153,-0.128674,0.705074,0,998.517,5.52889
0.000739007,1080.81,-0.130716,0.701831,0,998.517,5.52889
0.000739204,1125.48,0.0575166,0.69901,0,998.517,5.52889
0.000739405,1004.18,0.1527,0.700836,0,998.519,5.52889
0.000739606,893.794,0.0423586,0.704423,0,998.521,5.52889
0.000739807,942.062,-0.121779,0.704977,0,998.522,5.52889
0.00074,1097.14,-0.0973686,0.70127,0,998.522,5.52889
0.000740206,1116.24,0.0548152,0.699347,0,998.523,5.52889
0.0007404,982.906,0.137366,0.701532,0,998.525,5.52889
0.000740603,898.722,0.0157155,0.704608,0,998.526,5.52889
0.00074081,948.814,-0.11397,0.704749,0,998.527,5.52889
0.000741003,1091.28,-0.0889829,0.701288,0,998.527,5.52889
0.000741209,1107.33,0.0533237,0.699498,0,998.528,5.52889
0.000741403,984.553,0.126863,0.701502,0,998.53,5.52889
0.000741606,907.124,0.0144351,0.704304,0,998.531,5.52889
0.000741803,975.469,-0.11925,0.704045,0,998.532,5.52889
0.000742006,1085.06,-0.08232,0.701171,0,998.532,5.52889
0.000742201,1086.7,0.076846,0.699511,0,998.533,5.52889
0.000742406,986.525,0.117275,0.7013,0,998.535,5.52889
0.000742603,914.36,-0.00505265,0.704053,0,998.536,5.52889
0.000742806,977.952,-0.110164,0.703588,0,998.537,5.52889
0.000743009,1079.27,-0.0762088,0.700899,0,998.537,5.52889
0.000743206,1082.79,0.0679019,0.699316,0,998.538,5.52889
0.000743404,975.804,0.10337,0.70128,0,998.54,5.52889
0.000743605,921.618,-0.00558556,0.703469,0,998.541,5.52889
0.000743809,980.585,-0.10192,0.702992,0,998.542,5.52889
0.000744003,1085.54,-0.0496699,0.700017,0,998.542,5.52889
0.000744209,1077.35,0.0626044,0.698979,0,998.543,5.52889
0.000744407,978.422,0.0955587,0.70076,0,998.545,5.52889
0.000744602,929.97,-0.0212607,0.702875,0,998.546,5.52889
0.000744803,1001.47,-0.0995506,0.701914,0,998.547,5.52889
0.000745006,1079.75,-0.0460153,0.699494,0,998.547,5.52889
0.000745212,1072.33,0.0576688,0.698497,0,998.548,5.52889
0.000745404,970.629,0.0821563,0.700402,0,998.55,5.52889
0.0007456,5.1501,2.53324,0.653359,0,998.533,5.52889
0.000745802,1258.9,2.11651,0.603672,0,998.47,5.52889
0.000746002,1249,0.560017,0.650586,0,998.471,5.52889
0.000746206,777.413,0.0236403,0.697386,0,998.475,5.52889
0.000746406,931.756,-0.266473,0.699507,0,998.475,5.52889
0.000746605,1190.44,-0.166141,0.693218,0,998.474,5.52889
0.0007468,1173.2,0.186443,0.690498,0,998.475,5.52889
0.000747001,919.384,0.248312,0.695957,0,998.478,5.52889
0.000747205,793.495,-0.00168155,0.701591,0,998.48,5.52889
0.000747402,963.677,-0.259563,0.700658,0,998.48,5.52889
0.0007476,1196.25,-0.120697,0.694387,0,998.479,5.52889
0.000747804,1169.41,0.164681,0.692504,0,998.481,5.52889
0.000748004,932.755,0.236262,0.69743,0,998.483,5.52889
0.000748205,807.863,-0.0135105,0.702982,0,998.485,5.52889
0.0007484,981.702,-0.245869,0.701664,0,998.485,5.52889
0.000748601,1186.37,-0.10687,0.695971,0,998.485,5.52889
0.000748807,1162.73,0.14766,0.694273,0,998.486,5.52889
0.000749004,930.715,0.216519,0.699068,0,998.489,5.52889
0.000749206,821.956,-0.0183656,0.704065,0,998.491,5.52889
0.000749408,959.804,-0.222638,0.703235,0,998.491,5.52889
0.000749601,1177.48,-0.0900775,0.69726,0,998.49,5.52889
0.000749809,1151.4,0.138298,0.695829,0,998.491,5.52889
0.000750004,927.227,0.195683,0.70051,0,998.494,5.52889
0.000750205,837.572,-0.0382591,0.705023,0,998.496,5.52889
0.000750401,1004.21,-0.214568,0.703221,0,998.495,5.52889
0.000750602,1168.2,-0.0751009,0.698346,0,998.495,5.52889
0.000750805,1121.46,0.154711,0.697316,0,998.497,5.52889
0.000751003,917.898,0.169796,0.701908,0,998.499,5.52889
0.000751207,851.745,-0.0435737,0.705651,0,998.501,5.52889
0.000751401,1019.13,-0.198187,0.703574,0,998.5,5.52889
0.000751603,1160.39,-0.0538963,0.699119,0,998.5,5.52889
0.000751802,1094.03,0.16136,0.698631,0,998.502,5.52889
0.000752007,926.79,0.158698,0.702543,0,998.504,5.52889
0.000752202,872.438,-0.0744438,0.70617,0,998.506,5.52889
0.000752405,1014.98,-0.183466,0.704165,0,998.506,5.52889
0.000752605,1149.86,-0.0466303,0.699887,0,998.506,5.52889
0.000752808,1093.51,0.144193,0.699375,0,998.507,5.52889
0.000753003,912.682,0.126941,0.703691,0,998.509,5.52889
0.000753208,878.969,-0.0574928,0.706343,0,998.511,5.52889
0.000753407,1018.23,-0.169971,0.704404,0,998.511,5.52889
0.000753602,1143.42,-0.0188378,0.700164,0,998.511,5.52889
0.000753808,1082.27,0.138221,0.700056,0,998.512,5.52889
0.000754002,911.203,0.106625,0.704256,0,998.515,5.52889
0.000754208,891.977,-0.0636709,0.706408,0,998.516,5.52889
0.000754404,1036.16,-0.154059,0.704104,0,998.516,5.52889
0.000754604,1133.55,-0.0154884,0.700578,0,998.516,5.52889
0.000754803,1055.44,0.141708,0.700813,0,998.518,5.52889
0.000755005,917.87,0.0974606,0.704351,0,998.52,5.52889
0.000755203,912.825,-0.0854405,0.706273,0,998.521,5.52889
0.000755406,1036.36,-0.141841,0.704064,0,998.521,5.52889
0.000755602,1124.73,0.00500655,0.700626,0,998.521,5.52889
0.000755806,1050.39,0.131798,0.701041,0,998.523,5.52889
0.000756009,927.096,0.0932582,0.70417,0,998.525,5.52889
0.000756205,922.365,-0.0827791,0.705985,0,998.526,5.52889
0.000756403,1052.03,-0.124037,0.703456,0,998.526,5.52889
0.000756605,1116.04,0.00552585,0.700704,0,998.526,5.52889
0.000756808,1044.79,0.123015,0.701108,0,998.528,5.52889
0.000757002,918.356,0.0596283,0.704522,0,998.53,5.52889
0.000757208,929.124,-0.0767431,0.705567,0,998.531,5.52889
0.000757406,1048.88,-0.11462,0.703196,0,998.531,5.52889
0.000757602,1106.18,0.0242919,0.700475,0,998.531,5.52889
0.000757802,1019.85,0.12003,0.701403,0,998.533,5.52889
0.000758005,925.352,0.0552739,0.704081,0,998.535,5.52889
0.000758211,935.082,-0.0706741,0.705017,0,998.536,5.52889
0.000758401,1061.02,-0.0959038,0.702357,0,998.536,5.52889
0.000758605,1098.91,0.0223086,0.700245,0,998.536,5.52889
0.000758806,1021.23,0.110608,0.701022,0,998.538,5.52889
0.000759008,931.142,0.0496448,0.703536,0,998.54,5.52889
0.0007592,961.82,-0.0901096,0.704118,0,998.54,5.52889
0.000759404,1057.72,-0.0881567,0.70183,0,998.541,5.52889
0.000759601,1087.62,0.0396388,0.69978,0,998.541,5.52889
0.000759802,1006.27,0.103013,0.700858,0,998.543,5.52889
0.000760003,931.143,0.0267542,0.703161,0,998.545,5.52889
0.000760204,965.386,-0.0832224,0.703339,0,998.545,5.52889
0.000760407,1054.04,-0.0815061,0.70119,0,998.546,5.52889
0.000760604,1081.77,0.0364848,0.699261,0,998.547,5.52889
0.000760804,1003.82,0.0950387,0.700285,0,998.548,5.52889
0.000761,4.89039,2.40441,0.645658,0,998.528,5.52889
0.000761202,1258.41,2.0394,0.605343,0,998.468,5.52889
0.000761404,1248.39,0.465023,0.655065,0,998.469,5.52889
0.000761602,782.746,0.0656678,0.697803,0,998.473,5.52889
0.000761804,890.237,-0.241117,0.700953,0,998.474,5.52889
0.000762001,1165.87,-0.201267,0.694866,0,998.473,5.52889
0.000762206,1216.17,0.0976556,0.691152,0,998.473,5.52889
0.000762404,991.823,0.27135,0.694855,0,998.476,5.52889
0.000762602,796.587,0.0445809,0.701799,0,998.479,5.52889
0.000762801,914.673,-0.237769,0.702271,0,998.479,5.52889
0.000763004,1151.99,-0.192989,0.696836,0,998.478,5.52889
0.000763203,1195.34,0.113767,0.69314,0,998.479,5.52889
0.000763401,967.576,0.249282,0.697235,0,998.482,5.52889
0.000763601,808.805,0.0264273,0.703276,0,998.484,5.52889
0.0007638,934.294,-0.229605,0.703273,0,998.484,5.52889
0.000764006,1142.78,-0.180031,0.69839,0,998.483,5.52889
0.000764205,1183.89,0.104161,0.69492,0,998.484,5.52889
0.000764401,960.447,0.229565,0.698964,0,998.487,5.52889
0.000764602,822.033,0.0178007,0.704394,0,998.489,5.52889
0.000764807,918.683,-0.201193,0.70463,0,998.489,5.52889
0.000765008,1134.47,-0.166286,0.699673,0,998.489,5.52889
0.000765208,1172.08,0.0958527,0.696455,0,998.489,5.52889
0.000765401,953.048,0.209265,0.700468,0,998.492,5.52889
0.0007656,835.044,-0.0081815,0.705449,0,998.494,5.52889
0.000765809,930.853,-0.190488,0.705299,0,998.494,5.52889
0.000766003,1147.74,-0.122646,0.699939,0,998.494,5.52889
0.000766202,1139.97,0.129733,0.697799,0,998.495,5.52889
0.0007664,943.768,0.187335,0.701807,0,998.497,5.52889
0.000766603,848.304,-0.0127137,0.706071,0,998.499,5.52889
0.000766806,957.564,-0.187301,0.705496,0,998.499,5.52889
0.000767,1148.78,-0.0902051,0.70038,0,998.499,5.52889
0.000767205,1129.03,0.121963,0.698869,0,998.5,5.52889
0.000767405,953.306,0.175636,0.702415,0,998.502,5.52889
0.000767606,860.353,-0.00964647,0.706436,0,998.504,5.52889
0.000767802,989.217,-0.181653,0.70535,0,998.504,5.52889
0.000768003,1139.59,-0.0804909,0.701075,0,998.504,5.52889
0.00076821,1124.88,0.104944,0.699675,0,998.505,5.52889
0.000768402,937.231,0.150025,0.703529,0,998.508,5.52889
0.000768605,872.7,-0.0263353,0.706788,0,998.509,5.52889
0.000768803,995.519,-0.169265,0.705514,0,998.509,5.52889
0.000769006,1129.02,-0.0774967,0.701674,0,998.509,5.52889
0.00076921,1112.46,0.104051,0.700315,0,998.51,5.52889
0.000769403,938.908,0.136321,0.703942,0,998.513,5.52889
0.000769606,884.304,-0.0335531,0.706878,0,998.514,5.52889
0.000769801,1013.87,-0.157324,0.705227,0,998.514,5.52889
0.000770001,1129.91,-0.0401607,0.701491,0,998.514,5.52889
0.000770203,1082.29,0.12299,0.700978,0,998.516,5.52889
0.000770406,942.987,0.125005,0.704099,0,998.518,5.52889
0.000770602,899.227,-0.0537023,0.706844,0,998.519,5.52889
0.000770803,1015.66,-0.145359,0.705138,0,998.519,5.52889
0.000771005,1120.21,-0.0399359,0.701743,0,998.52,5.52889
0.000771206,1075.05,0.115302,0.701218,0,998.521,5.52889
0.000771409,947.975,0.115482,0.704049,0,998.523,5.52889
0.000771605,908.455,-0.0523819,0.70656,0,998.524,5.52889
0.000771806,1016.45,-0.134291,0.704915,0,998.524,5.52889
0.000772001,1115.41,-0.0151271,0.701479,0,998.525,5.52889
0.000772208,1067.48,0.108858,0.701292,0,998.526,5.52889
0.000772401,932.205,0.0846157,0.704517,0,998.528,5.52889
0.000772608,916.182,-0.048579,0.706128,0,998.529,5.52889
0.000772802,1033.35,-0.120941,0.704154,0,998.529,5.52889
0.000773004,1107.42,-0.0140525,0.701367,0,998.53,5.52889
0.000773201,1042.29,0.113635,0.701502,0,998.531,5.52889
0.000773405,938.183,0.0783475,0.704103,0,998.533,5.52889
0.000773601,935.084,-0.0706754,0.705555,0,998.534,5.52889
0.000773805,1031.47,-0.111805,0.703707,0,998.534,5.52889
0.000774001,1100.58,0.00452985,0.700913,0,998.535,5.52889
0.000774205,1042.05,0.103975,0.701146,0,998.536,5.52889
0.000774407,942.726,0.0711621,0.703589,0,998.538,5.52889
0.000774603,942.051,-0.0674414,0.704857,0,998.539,5.52889
0.000774802,1043.44,-0.097777,0.702765,0,998.539,5.52889
0.000775004,1093.71,0.00422803,0.700506,0,998.54,5.52889
0.000775209,1039.71,0.0960424,0.700685,0,998.541,5.52889
0.000775401,937.124,0.045929,0.703351,0,998.543,5.52889
0.000775606,947.127,-0.0622388,0.704049,0,998.544,5.52889
0.000775805,1040.87,-0.0903731,0.702081,0,998.544,5.52889
0.000776001,1085.93,0.0189992,0.699845,0,998.545,5.52889
0.0007762,1016.32,0.0949483,0.700509,0,998.546,5.52889
0.0007764,4.71409,2.31852,0.640233,0,998.523,5.52889
0.000776602,1257.93,1.96458,0.606984,0,998.466,5.52889
0.000776805,1247.91,0.390944,0.658501,0,998.467,5.52889
0.000777001,800.315,0.12675,0.697596,0,998.471,5.52889
0.000777203,853.101,-0.205275,0.701955,0,998.472,5.52889
0.000777401,1126.89,-0.238638,0.696626,0,998.471,5.52889
0.0007776,1222.46,0.0724754,0.691758,0,998.471,5.52889
0.000777808,1063.5,0.263709,0.693839,0,998.474,5.52889
0.000778006,821.554,0.131878,0.7009,0,998.477,5.52889
0.000778203,868.416,-0.198712,0.703433,0,998.477,5.52889
0.000778401,1126.1,-0.218346,0.698175,0,998.476,5.52889
0.0007786,1207.02,0.0764431,0.693746,0,998.477,5.52889
0.000778806,1043.66,0.251002,0.696028,0,998.479,5.52889
0.000779007,830.401,0.115337,0.702436,0,998.482,5.52889
0.000779202,888.438,-0.196551,0.704483,0,998.482,5.52889
0.000779406,1105.91,-0.213246,0.700055,0,998.482,5.52889
0.000779602,1194.34,0.0700748,0.695521,0,998.482,5.52889
0.000779804,1019.06,0.23719,0.698084,0,998.484,5.52889
0.000780006,837.461,0.0940424,0.70381,0,998.487,5.52889
0.00078021,876.882,-0.160891,0.705676,0,998.488,5.52889
0.000780407,1103.25,-0.195412,0.701168,0,998.487,5.52889
0.000780606,1182.43,0.0609455,0.697067,0,998.487,5.52889
0.000780803,1002.38,0.220599,0.699756,0,998.49,5.52889
0.000781002,840.037,0.0520411,0.705251,0,998.492,5.52889
0.00078121,893.389,-0.157728,0.70632,0,998.493,5.52889
0.000781402,1124.99,-0.154883,0.701273,0,998.492,5.52889
0.000781605,1164.91,0.075463,0.698275,0,998.493,5.52889
0.000781806,1004.27,0.204433,0.700788,0,998.495,5.52889
0.000782,848.904,0.02287,0.706207,0,998.497,5.52889
0.000782206,924.34,-0.167458,0.706545,0,998.498,5.52889
0.0007824,1128.68,-0.127604,0.701703,0,998.497,5.52889
0.000782606,1150.53,0.0785356,0.699313,0,998.498,5.52889
0.000782802,977.205,0.184931,0.702285,0,998.5,5.52889
0.000783003,860.807,0.0192969,0.706638,0,998.502,5.52889
0.000783202,954.966,-0.170381,0.706505,0,998.503,5.52889
0.000783403,1120.98,-0.116269,0.702346,0,998.502,5.52889
0.000783601,1125.02,0.105098,0.700164,0,998.503,5.52889
0.000783805,979.717,0.17112,0.702868,0,998.505,5.52889
0.000784002,870.932,0.00181214,0.707046,0,998.507,5.52889
0.000784203,963.771,-0.16036,0.706634,0,998.508,5.52889
0.000784406,1111.23,-0.110287,0.702895,0,998.508,5.52889
0.000784601,1112.6,0.104202,0.700804,0,998.509,5.52889
0.000784801,961.672,0.15102,0.703782,0,998.511,5.52889
0.000785003,881.49,-0.00818925,0.707185,0,998.512,5.52889
0.000785208,962.233,-0.145823,0.706767,0,998.513,5.52889
0.000785409,1105.04,-0.0998884,0.703136,0,998.513,5.52889
0.000785607,1109.18,0.0891584,0.701199,0,998.514,5.52889
0.000785804,964.064,0.139011,0.703982,0,998.516,5.52889
0.000786,893.121,-0.0276901,0.707218,0,998.517,5.52889
0.000786201,995.889,-0.144615,0.706067,0,998.518,5.52889
0.000786404,1111.19,-0.0679092,0.702714,0,998.518,5.52889
0.000786609,1100.35,0.0847237,0.701441,0,998.519,5.52889
0.000786807,966.198,0.127819,0.704011,0,998.521,5.52889
0.000787003,902.213,-0.0273546,0.706945,0,998.522,5.52889
0.000787203,998.458,-0.133905,0.705806,0,998.523,5.52889
0.000787406,1104.04,-0.0616,0.702683,0,998.523,5.52889
0.000787611,1091.38,0.0817832,0.701509,0,998.524,5.52889
0.000787802,951.751,0.106211,0.704356,0,998.526,5.52889
0.000788006,910.376,-0.0253852,0.706519,0,998.527,5.52889
0.000788206,999.328,-0.123771,0.705432,0,998.528,5.52889
0.000788401,1104.46,-0.0334288,0.702113,0,998.528,5.52889
0.000788602,1063.35,0.100617,0.701644,0,998.529,5.52889
0.000788805,956.221,0.0982285,0.703991,0,998.531,5.52889
0.000789002,923.101,-0.0447769,0.706055,0,998.532,5.52889
0.000789203,1015.41,-0.114882,0.704585,0,998.533,5.52889
0.000789405,1097.27,-0.0310114,0.701822,0,998.533,5.52889
0.000789606,1061.6,0.090993,0.70132,0,998.534,5.52889
0.000789809,960.998,0.0913881,0.703465,0,998.536,5.52889
0.000790004,930.195,-0.0429663,0.705366,0,998.537,5.52889
0.000790206,1015.14,-0.106168,0.703965,0,998.538,5.52889
0.000790401,1093.31,-0.0120909,0.701162,0,998.538,5.52889
0.000790609,1057.78,0.0839987,0.700881,0,998.539,5.52889
0.000790801,947.754,0.0658982,0.703399,0,998.541,5.52889
0.000791007,936.205,-0.0396429,0.704553,0,998.542,5.52889
0.000791202,1028.54,-0.0955677,0.702893,0,998.543,5.52889
0.000791404,1086.97,-0.0112662,0.7006,0,998.543,5.52889
0.0007916,1033.95,0.0905118,0.700639,0,998.544,5.52889
0.000791801,4.73264,2.32816,0.635589,0,998.517,5.52889
0.000792001,1257.6,1.91292,0.608321,0,998.464,5.52889
0.000792211,1247.26,0.2912,0.662974,0,998.465,5.52889
0.000792403,829.274,0.182761,0.697145,0,998.469,5.52889
0.000792603,825.542,-0.165902,0.702697,0,998.47,5.52889
0.000792803,1081.9,-0.264592,0.698403,0,998.469,5.52889
0.000793003,1229.93,0.00454004,0.692772,0,998.469,5.52889
0.000793201,1065.66,0.262906,0.694301,0,998.471,5.52889
0.000793409,851.327,0.182202,0.700262,0,998.474,5.52889
0.000793608,825.142,-0.132028,0.704277,0,998.475,5.52889
0.000793803,1082.97,-0.245317,0.699939,0,998.474,5.52889
0.000794002,1215.34,0.0216867,0.694629,0,998.474,5.52889
0.000794208,1087.17,0.235354,0.69574,0,998.476,5.52889
0.000794409,857.664,0.164776,0.701881,0,998.479,5.52889
0.000794608,842.687,-0.134193,0.705443,0,998.48,5.52889
0.000794807,1069.46,-0.232705,0.701612,0,998.48,5.52889
0.000795003,1201.56,0.0225706,0.696376,0,998.48,5.52889
0.000795208,1071.77,0.22433,0.697584,0,998.482,5.52889
0.000795401,841.582,0.104609,0.704163,0,998.484,5.52889
0.000795607,863.034,-0.140602,0.706343,0,998.485,5.52889
0.000795802,1094.01,-0.201681,0.701995,0,998.485,5.52889
0.000796004,1187.08,0.0319928,0.697811,0,998.485,5.52889
0.000796203,1033.28,0.218463,0.699653,0,998.487,5.52889
0.000796403,851.782,0.0921075,0.705167,0,998.489,5.52889
0.000796603,893.109,-0.15697,0.706888,0,998.49,5.52889
0.000796805,1088.72,-0.186298,0.702981,0,998.49,5.52889
0.000797007,1174.2,0.0287551,0.69911,0,998.49,5.52889
0.000797201,1012.52,0.204062,0.701188,0,998.492,5.52889
0.000797405,860.761,0.0771837,0.706,0,998.495,5.52889
0.000797606,904.157,-0.147715,0.707394,0,998.495,5.52889
0.000797806,1092.79,-0.165212,0.70348,0,998.495,5.52889
0.000798007,1159.81,0.0417264,0.700064,0,998.496,5.52889
0.000798202,1003.67,0.188694,0.702255,0,998.498,5.52889
0.000798404,866.524,0.0526921,0.706786,0,998.5,5.52889
0.000798604,926.685,-0.151011,0.707555,0,998.5,5.52889
0.000798807,1090.47,-0.14971,0.703974,0,998.5,5.52889
0.000799003,1141.11,0.0683355,0.700777,0,998.501,5.52889
0.000799205,1004.11,0.174642,0.702901,0,998.503,5.52889
0.000799403,874.378,0.0368759,0.707243,0,998.505,5.52889
0.00079961,924.19,-0.132226,0.707866,0,998.505,5.52889
0.00079981,1084.1,-0.139463,0.704417,0,998.505,5.52889
0.000800005,1130.52,0.0669847,0.701393,0,998.506,5.52889
0.000800201,982.157,0.15848,0.703878,0,998.508,5.52889
0.000800402,882.223,0.0166106,0.707556,0,998.51,5.52889
0.000800601,962.321,-0.145648,0.707396,0,998.51,5.52889
0.000800802,1104.92,-0.0997605,0.703773,0,998.51,5.52889
0.00080101,1123.28,0.0563042,0.701844,0,998.511,5.52889
0.000801204,983.153,0.146227,0.704124,0,998.513,5.52889
0.000801406,892.174,0.0184028,0.707429,0,998.515,5.52889
0.000801603,968.673,-0.136024,0.707238,0,998.515,5.52889
0.000801806,1095.41,-0.095519,0.70399,0,998.515,5.52889
0.000802002,1100.24,0.0846113,0.702095,0,998.516,5.52889
0.000802206,983.465,0.134688,0.704209,0,998.518,5.52889
0.000802402,900.276,-0.00579652,0.707431,0,998.52,5.52889
0.000802606,973.379,-0.126484,0.706951,0,998.52,5.52889
0.000802809,1089.68,-0.087278,0.703918,0,998.521,5.52889
0.000803004,1091.29,0.0816722,0.702176,0,998.522,5.52889
0.000803203,969.077,0.117753,0.704517,0,998.523,5.52889
0.000803405,908.573,-0.00544376,0.707029,0,998.525,5.52889
0.000803609,976.133,-0.116908,0.706551,0,998.525,5.52889
0.000803803,1096.77,-0.056948,0.703188,0,998.526,5.52889
0.000804007,1085.26,0.075278,0.702071,0,998.527,5.52889
0.000804206,972.206,0.108858,0.704202,0,998.529,5.52889
0.000804402,918.012,-0.0233077,0.706634,0,998.53,5.52889
0.000804603,1000,-0.114229,0.705602,0,998.53,5.52889
0.000804806,1090.12,-0.0527869,0.702877,0,998.531,5.52889
0.000805012,1081.4,0.0665222,0.701794,0,998.532,5.52889
0.000805202,961.065,0.0912716,0.704152,0,998.534,5.52889
0.000805405,925.134,-0.0225892,0.705964,0,998.535,5.52889
0.000805605,1001.03,-0.105614,0.704964,0,998.535,5.52889
0.000805801,1090.56,-0.0285841,0.702076,0,998.536,5.52889
0.000806002,1057.72,0.0838896,0.701579,0,998.537,5.52889
0.000806205,964.803,0.0843915,0.703525,0,998.539,5.52889
0.0008064,936.304,-0.0395918,0.70525,0,998.54,5.52889
0.000806602,1014.69,-0.0979964,0.703924,0,998.54,5.52889
0.000806804,1084.42,-0.0265004,0.701506,0,998.541,5.52889
0.000807003,1050.41,0.080652,0.701064,0,998.542,5.52889
0.000807204,4.8124,2.36735,0.631661,0,998.511,5.52889
0.000807402,1257.32,1.86856,0.609795,0,998.46,5.52889
0.000807612,1246.94,0.244171,0.665559,0,998.462,5.52889
0.000807809,872.659,0.233577,0.696634,0,998.465,5.52889
0.000808005,807.148,-0.128543,0.703466,0,998.467,5.52889
0.000808205,1042.54,-0.276459,0.70013,0,998.466,5.52889
0.000808402,1229.6,-0.0197099,0.693746,0,998.466,5.52889
0.000808609,1126.02,0.230029,0.694015,0,998.468,5.52889
0.000808806,858.536,0.191454,0.700747,0,998.471,5.52889
0.000809004,824.698,-0.131232,0.70502,0,998.472,5.52889
0.000809205,1050.39,-0.256712,0.70154,0,998.471,5.52889
0.000809403,1215.8,-0.0142097,0.695735,0,998.471,5.52889
0.000809602,1080.05,0.238962,0.696623,0,998.473,5.52889
0.000809804,855.722,0.162132,0.702716,0,998.476,5.52889
0.000810002,848.305,-0.144749,0.706192,0,998.477,5.52889
0.000810201,1074.75,-0.230666,0.702251,0,998.476,5.52889
0.000810402,1202.54,-0.00168972,0.697384,0,998.476,5.52889
0.000810601,1062.66,0.228047,0.698542,0,998.479,5.52889
0.000810805,861.699,0.144144,0.704132,0,998.481,5.52889
0.000811011,842.814,-0.0996424,0.707206,0,998.482,5.52889
0.000811203,1071.55,-0.213885,0.703435,0,998.482,5.52889
0.000811401,1188.24,0.0217442,0.698703,0,998.482,5.52889
0.0008116,1043.77,0.216526,0.70026,0,998.484,5.52889
0.0008118,855.438,0.101772,0.70582,0,998.486,5.52889
0.000812012,858.695,-0.101925,0.707962,0,998.487,5.52889
0.000812202,1084.54,-0.189252,0.703943,0,998.487,5.52889
0.000812406,1175.61,0.0127697,0.700082,0,998.487,5.52889
0.000812609,1062.67,0.193288,0.701027,0,998.489,5.52889
0.000812802,864.328,0.0877056,0.706673,0,998.491,5.52889
0.000813008,886.864,-0.125537,0.708427,0,998.492,5.52889
0.0008132,1095.14,-0.163607,0.704276,0,998.492,5.52889
0.000813403,1159.97,0.0415915,0.700932,0,998.492,5.52889
0.000813605,1030.12,0.187237,0.702556,0,998.494,5.52889
0.000813806,876.371,0.0838858,0.707144,0,998.497,5.52889
0.000814001,922.768,-0.147689,0.708496,0,998.497,5.52889
0.000814203,1091.23,-0.149293,0.704844,0,998.497,5.52889
0.000814407,1149.33,0.0346926,0.701822,0,998.498,5.52889
0.000814603,1012.19,0.174999,0.703617,0,998.5,5.52889
0.000814806,882.969,0.0697682,0.707635,0,998.502,5.52889
0.00081501,911.559,-0.117811,0.708919,0,998.502,5.52889
0.000815206,1083.56,-0.139799,0.705347,0,998.502,5.52889
0.0008154,1130.5,0.0668481,0.702314,0,998.503,5.52889
0.000815604,1005.07,0.161909,0.704255,0,998.505,5.52889
0.000815804,886.144,0.0419219,0.708149,0,998.507,5.52889
0.000816007,934.65,-0.126042,0.708756,0,998.507,5.52889
0.000816208,1079.39,-0.128121,0.705565,0,998.507,5.52889
0.000816405,1123.23,0.0562726,0.702787,0,998.508,5.52889
0.000816606,1004.34,0.149645,0.704561,0,998.51,5.52889
0.000816801,892.242,0.0183944,0.708377,0,998.512,5.52889
0.000817009,943.381,-0.119286,0.708593,0,998.512,5.52889
0.000817202,1095.38,-0.095471,0.704948,0,998.512,5.52889
0.000817408,1114.15,0.0536684,0.703048,0,998.513,5.52889
0.000817602,983.487,0.134619,0.705175,0,998.515,5.52889
0.000817804,900.976,0.0154337,0.708176,0,998.517,5.52889
0.000818001,973.404,-0.126419,0.707923,0,998.517,5.52889
0.000818205,1089.64,-0.0872346,0.704895,0,998.517,5.52889
0.00081841,1105.42,0.0521984,0.703127,0,998.518,5.52889
0.000818605,985.1,0.124325,0.705076,0,998.52,5.52889
0.000818801,908.632,-0.00544042,0.708016,0,998.522,5.52889
0.000819004,976.157,-0.116848,0.707542,0,998.522,5.52889
0.000819208,1083.56,-0.0806985,0.704712,0,998.523,5.52889
0.000819403,1085.23,0.0752387,0.703071,0,998.524,5.52889
0.000819602,972.233,0.108804,0.705204,0,998.525,5.52889
0.000819804,916.296,-0.0049227,0.707495,0,998.527,5.52889
0.000820008,978.579,-0.107939,0.707026,0,998.527,5.52889
0.000820201,1090.09,-0.0527615,0.70389,0,998.528,5.52889
0.000820407,1081.38,0.0664885,0.702811,0,998.529,5.52889
0.000820605,976.519,0.101302,0.704722,0,998.53,5.52889
0.000820801,925.185,-0.0225775,0.706986,0,998.532,5.52889
0.000821001,1001.04,-0.105562,0.705989,0,998.532,5.52889
0.000821204,1084.03,-0.0487028,0.703444,0,998.533,5.52889
0.00082141,1076.04,0.0612974,0.702413,0,998.534,5.52889
0.000821601,964.834,0.0843501,0.70456,0,998.536,5.52889
0.000821804,931.591,-0.020823,0.706203,0,998.537,5.52889
0.000822004,1001.64,-0.0975512,0.705249,0,998.537,5.52889
0.000822208,1078.36,-0.0451215,0.702863,0,998.538,5.52889
0.000822401,1055.44,0.0763648,0.702038,0,998.539,5.52889
0.000822601,4.85747,2.38938,0.629444,0,998.505,5.52889
0.000822802,1256.62,1.75805,0.613392,0,998.458,5.52889
0.000823003,1246.72,0.211136,0.667917,0,998.459,5.52889
0.000823206,926.644,0.269697,0.696319,0,998.463,5.52889
0.000823404,784.088,-0.0344867,0.704108,0,998.465,5.52889
0.000823604,968.65,-0.274348,0.702793,0,998.464,5.52889
0.000823802,1209.36,-0.117607,0.696205,0,998.464,5.52889
0.000824008,1178,0.172206,0.694428,0,998.465,5.52889
0.000824202,902.832,0.232696,0.700358,0,998.468,5.52889
0.000824401,803.693,-0.0652729,0.705845,0,998.47,5.52889
0.000824606,970.667,-0.256665,0.704333,0,998.47,5.52889
0.0008248,1203.48,-0.089095,0.697754,0,998.469,5.52889
0.000825,1134.94,0.200641,0.696756,0,998.471,5.52889
0.000825202,899.999,0.210175,0.70224,0,998.473,5.52889
0.000825405,814.242,-0.0433827,0.706947,0,998.475,5.52889
0.0008256,1009.61,-0.244057,0.704823,0,998.475,5.52889
0.000825802,1191.09,-0.0816419,0.699409,0,998.474,5.52889
0.000826012,1157.22,0.149204,0.698171,0,998.476,5.52889
0.000826203,905.672,0.194244,0.70362,0,998.479,5.52889
0.000826407,828.691,-0.0462745,0.707953,0,998.48,5.52889
0.000826604,1004.1,-0.226741,0.706033,0,998.48,5.52889
0.000826804,1179.61,-0.070956,0.70077,0,998.48,5.52889
0.000827004,1112.66,0.17896,0.700032,0,998.481,5.52889
0.000827204,906.603,0.174598,0.704906,0,998.484,5.52889
0.000827407,844.489,-0.0565265,0.708768,0,998.485,5.52889
0.000827601,1030.72,-0.20866,0.706277,0,998.485,5.52889
0.000827804,1170.99,-0.0487018,0.701722,0,998.485,5.52889
0.000828005,1097.5,0.171949,0.701377,0,998.487,5.52889
0.000828209,917.49,0.164273,0.705657,0,998.489,5.52889
0.000828405,864.737,-0.0797175,0.709387,0,998.49,5.52889
0.000828601,1043.17,-0.189972,0.706618,0,998.49,5.52889
0.000828801,1162.51,-0.0188134,0.70238,0,998.49,5.52889
0.000829,1065.12,0.175486,0.702788,0,998.492,5.52889
0.000829202,896.161,0.120172,0.707243,0,998.494,5.52889
0.00082941,873.528,-0.0672656,0.70971,0,998.495,5.52889
0.000829603,1043.09,-0.175049,0.707073,0,998.495,5.52889
0.000829806,1150.76,-0.0207725,0.703226,0,998.495,5.52889
0.000830003,1059.82,0.162957,0.703552,0,998.497,5.52889
0.000830209,917.296,0.127699,0.70718,0,998.499,5.52889
0.0008304,903.261,-0.105467,0.709858,0,998.5,5.52889
0.0008306,1058.89,-0.155313,0.706927,0,998.5,5.52889
0.000830801,1141.31,0.00918129,0.703509,0,998.501,5.52889
0.000831006,1057.94,0.15015,0.704052,0,998.502,5.52889
0.000831207,912.452,0.103162,0.707822,0,998.504,5.52889
0.000831405,907.288,-0.0907512,0.709882,0,998.505,5.52889
0.000831602,1057.61,-0.142404,0.707051,0,998.505,5.52889
0.000831805,1131.5,0.00545241,0.703954,0,998.506,5.52889
0.000832009,1052.69,0.139624,0.704424,0,998.508,5.52889
0.000832202,905.906,0.0702741,0.708407,0,998.51,5.52889
0.000832407,917.365,-0.0878884,0.709709,0,998.511,5.52889
0.000832605,1054.6,-0.131325,0.707057,0,998.511,5.52889
0.000832802,1120.19,0.0280354,0.704001,0,998.511,5.52889
0.000833001,1021.05,0.137568,0.705136,0,998.513,5.52889
0.000833205,912.919,0.0630106,0.70827,0,998.515,5.52889
0.00083341,925.677,-0.0833761,0.709394,0,998.516,5.52889
0.000833602,1066.88,-0.111218,0.706467,0,998.516,5.52889
0.000833804,1111.58,0.0276349,0.704051,0,998.516,5.52889
0.000834004,1019.8,0.127213,0.705086,0,998.518,5.52889
0.000834208,920.209,0.0581311,0.707944,0,998.52,5.52889
0.0008344,954.624,-0.103075,0.708701,0,998.52,5.52889
0.000834605,1062.48,-0.10286,0.706212,0,998.521,5.52889
0.000834807,1103.91,0.0254339,0.703944,0,998.521,5.52889
0.000835001,1003.61,0.117925,0.705213,0,998.523,5.52889
0.000835203,919.894,0.031569,0.707855,0,998.525,5.52889
0.000835404,958.657,-0.0951424,0.708144,0,998.525,5.52889
0.000835607,1060.53,-0.093414,0.705745,0,998.526,5.52889
0.000835803,1092.22,0.0420706,0.7036,0,998.527,5.52889
0.000836005,1006.02,0.109104,0.704771,0,998.528,5.52889
0.000836206,926.507,0.0283099,0.707237,0,998.53,5.52889
0.000836406,962.837,-0.0881915,0.707453,0,998.531,5.52889
0.0008366,1072.68,-0.0689158,0.70468,0,998.531,5.52889
0.000836807,1086.01,0.0387594,0.703189,0,998.532,5.52889
0.000837001,992.041,0.0985221,0.704584,0,998.533,5.52889
0.000837202,930.423,0.0104397,0.706694,0,998.535,5.52889
0.00083741,966.327,-0.0814489,0.706646,0,998.536,5.52889
0.000837603,1067.85,-0.0637858,0.704052,0,998.536,5.52889
0.000837808,1079,0.039512,0.702629,0,998.537,5.52889
0.000838004,4.87929,2.39998,0.626438,0,998.499,5.52889
0.000838204,1256.26,1.70307,0.615467,0,998.455,5.52889
0.000838408,1246.24,0.139497,0.671584,0,998.457,5.52889
0.000838607,959.616,0.282024,0.696332,0,998.46,5.52889
0.000838804,782.134,-0.00491699,0.704634,0,998.462,5.52889
0.000839006,932.438,-0.262219,0.704261,0,998.462,5.52889
0.000839201,1199.86,-0.140797,0.697424,0,998.461,5.52889
0.000839408,1194.81,0.143092,0.695111,0,998.462,5.52889
0.000839602,924.073,0.246289,0.700528,0,998.465,5.52889
0.000839805,796.912,-0.00690833,0.706211,0,998.467,5.52889
0.000840006,943.821,-0.248381,0.705636,0,998.467,5.52889
0.000840201,1193.39,-0.118755,0.699062,0,998.466,5.52889
0.000840405,1167.86,0.160677,0.697201,0,998.468,5.52889
0.000840604,933.216,0.231933,0.702076,0,998.47,5.52889
0.000840806,811.129,-0.00961626,0.707478,0,998.472,5.52889
0.000841002,975.512,-0.240443,0.706348,0,998.472,5.52889
0.000841203,1179.99,-0.113657,0.700775,0,998.472,5.52889
0.000841402,1142.85,0.169637,0.699081,0,998.473,5.52889
0.000841603,925.959,0.20917,0.703819,0,998.476,5.52889
0.000841801,829.735,-0.0537879,0.708799,0,998.477,5.52889
0.000842003,988.854,-0.225669,0.707166,0,998.477,5.52889
0.000842203,1172.8,-0.0935865,0.701953,0,998.477,5.52889
0.000842408,1143.55,0.143879,0.700493,0,998.478,5.52889
0.000842608,936.548,0.196712,0.70483,0,998.481,5.52889
0.000842802,844.62,-0.0580659,0.709586,0,998.483,5.52889
0.000843002,1006.49,-0.21041,0.707651,0,998.482,5.52889
0.000843203,1166.7,-0.0681539,0.702825,0,998.482,5.52889
0.000843402,1106.01,0.165235,0.702065,0,998.484,5.52889
0.000843605,921.315,0.168032,0.706349,0,998.486,5.52889
0.000843801,862.673,-0.0747629,0.710202,0,998.488,5.52889
0.000844002,1017.76,-0.194584,0.708056,0,998.488,5.52889
0.000844204,1157.44,-0.0537383,0.703663,0,998.488,5.52889
0.000844405,1096.66,0.154818,0.703109,0,998.489,5.52889
0.000844608,926.623,0.154325,0.707055,0,998.491,5.52889
0.000844804,874.412,-0.0712429,0.710553,0,998.493,5.52889
0.000845005,1018.95,-0.179859,0.708492,0,998.493,5.52889
0.0008452,1151.23,-0.0197254,0.704033,0,998.493,5.52889
0.000845408,1091.46,0.142169,0.70388,0,998.494,5.52889
0.000845603,913.36,0.123846,0.708137,0,998.497,5.52889
0.000845807,883.419,-0.0636368,0.710728,0,998.498,5.52889
0.000846001,1040.73,-0.162805,0.708246,0,998.498,5.52889
0.000846203,1140.92,-0.0194599,0.704639,0,998.498,5.52889
0.000846401,1056.13,0.151549,0.704916,0,998.5,5.52889
0.000846604,914.565,0.106788,0.708579,0,998.502,5.52889
0.000846809,893.532,-0.0606072,0.710736,0,998.503,5.52889
0.000847004,1039.18,-0.150294,0.708386,0,998.503,5.52889
0.000847206,1131.14,-0.0171494,0.70503,0,998.503,5.52889
0.000847403,1049.75,0.141456,0.705317,0,998.505,5.52889
0.000847606,920.469,0.0969343,0.708666,0,998.507,5.52889
0.000847802,918.643,-0.0906278,0.710556,0,998.508,5.52889
0.000848002,1051.81,-0.133161,0.707988,0,998.508,5.52889
0.000848202,1122.58,0.00771449,0.704998,0,998.508,5.52889
0.000848408,1051.6,0.128423,0.705391,0,998.51,5.52889
0.000848609,926.459,0.0885117,0.708568,0,998.512,5.52889
0.000848807,921.589,-0.0770919,0.710278,0,998.513,5.52889
0.000849004,1050.58,-0.122133,0.707796,0,998.513,5.52889
0.000849206,1114.07,0.00725227,0.705052,0,998.514,5.52889
0.000849401,1024.52,0.126829,0.705842,0,998.515,5.52889
0.000849603,919.46,0.0571137,0.708831,0,998.517,5.52889
0.00084981,928.124,-0.070993,0.709836,0,998.518,5.52889
0.000850007,1047.38,-0.112944,0.707511,0,998.518,5.52889
0.000850202,1104.14,0.0257821,0.704799,0,998.519,5.52889
0.000850405,1023.66,0.117179,0.705631,0,998.52,5.52889
0.000850606,926.339,0.0528693,0.708363,0,998.522,5.52889
0.000850811,937.88,-0.0716554,0.70924,0,998.523,5.52889
0.000851002,1060.76,-0.0936215,0.70661,0,998.523,5.52889
0.000851206,1097.29,0.0220363,0.704548,0,998.524,5.52889
0.0008514,1006.01,0.109418,0.705638,0,998.526,5.52889
0.000851601,926.273,0.0283899,0.708113,0,998.527,5.52889
0.000851802,962.711,-0.0884476,0.70833,0,998.528,5.52889
0.000852005,1056.86,-0.0865519,0.706077,0,998.528,5.52889
0.000852202,1086.24,0.0388767,0.704057,0,998.529,5.52889
0.000852403,1006.38,0.101129,0.705107,0,998.531,5.52889
0.000852604,932.612,0.0262739,0.707361,0,998.532,5.52889
0.000852805,966.21,-0.0816859,0.707529,0,998.533,5.52889
0.000853005,1058.98,-0.0747396,0.705233,0,998.533,5.52889
0.000853205,1080.82,0.0350089,0.703509,0,998.534,5.52889
0.000853402,4.89053,2.40549,0.623985,0,998.493,5.52889
0.000853601,1255.78,1.62736,0.618351,0,998.453,5.52889
0.000853803,1245.82,0.0800757,0.674872,0,998.454,5.52889
0.000854004,1013.98,0.288058,0.696086,0,998.457,5.52889
0.000854201,788.011,0.0614881,0.704731,0,998.46,5.52889
0.000854405,878.126,-0.225463,0.705987,0,998.46,5.52889
0.000854604,1143.81,-0.219007,0.700343,0,998.459,5.52889
0.0008548,1204.52,0.119895,0.695977,0,998.46,5.52889
0.000855006,1010.3,0.267552,0.699263,0,998.462,5.52889
0.000855204,804.876,0.0689577,0.706155,0,998.465,5.52889
0.000855404,896.32,-0.219061,0.707274,0,998.465,5.52889
0.000855603,1145.83,-0.193429,0.701745,0,998.464,5.52889
0.000855804,1196.41,0.0991598,0.698023,0,998.465,5.52889
0.000856005,995.947,0.249274,0.701362,0,998.468,5.52889
0.0008562,812.833,0.0280102,0.707922,0,998.47,5.52889
0.000856401,927.645,-0.220831,0.708083,0,998.47,5.52889
0.000856608,1127.13,-0.190349,0.703589,0,998.47,5.52889
0.000856804,1179.44,0.104785,0.69975,0,998.47,5.52889
0.000857007,996.134,0.232185,0.702878,0,998.473,5.52889
0.000857202,826.113,0.0220191,0.708988,0,998.475,5.52889
0.000857402,938.999,-0.208495,0.708964,0,998.475,5.52889
0.000857607,1129.9,-0.165539,0.704486,0,998.475,5.52889
0.000857801,1155.25,0.124102,0.701264,0,998.476,5.52889
0.000858002,966.6,0.209615,0.704872,0,998.478,5.52889
0.000858203,838.77,0.0115044,0.709879,0,998.48,5.52889
0.000858408,929.969,-0.184807,0.709962,0,998.481,5.52889
0.000858602,1143.9,-0.121802,0.704712,0,998.48,5.52889
0.000858808,1153.63,0.0958798,0.70252,0,998.481,5.52889
0.000859006,970.611,0.194084,0.705829,0,998.483,5.52889
0.000859202,851.691,-0.010726,0.710656,0,998.485,5.52889
0.000859407,952.522,-0.1804,0.710218,0,998.486,5.52889
0.000859608,1127.37,-0.122822,0.705862,0,998.485,5.52889
0.000859806,1131.36,0.111494,0.703588,0,998.486,5.52889
0.000860004,953.228,0.171265,0.707122,0,998.489,5.52889
0.000860206,863.48,-0.00625697,0.710991,0,998.49,5.52889
0.0008604,993.394,-0.178425,0.709878,0,998.491,5.52889
0.000860603,1135.13,-0.0829314,0.70585,0,998.491,5.52889
0.000860809,1121.52,0.104503,0.7044,0,998.492,5.52889
0.000861001,940.793,0.148727,0.708103,0,998.494,5.52889
0.000861202,876.966,-0.0353833,0.711417,0,998.496,5.52889
0.000861404,990.541,-0.164768,0.710214,0,998.496,5.52889
0.000861605,1127.59,-0.0732461,0.706292,0,998.496,5.52889
0.000861812,1114.71,0.0945455,0.704982,0,998.497,5.52889
0.000862001,939.059,0.132292,0.708598,0,998.499,5.52889
0.000862206,886.49,-0.0294022,0.711404,0,998.501,5.52889
0.000862406,995.273,-0.15291,0.710213,0,998.501,5.52889
0.000862601,1126.73,-0.0421417,0.70619,0,998.501,5.52889
0.000862802,1078.78,0.122176,0.705668,0,998.502,5.52889
0.000863005,944.308,0.122201,0.708696,0,998.504,5.52889
0.000863201,902.588,-0.0556208,0.711383,0,998.506,5.52889
0.000863402,1016.93,-0.142171,0.70967,0,998.506,5.52889
0.000863603,1118.12,-0.0380827,0.706359,0,998.506,5.52889
0.000863804,1070.75,0.115375,0.705897,0,998.507,5.52889
0.000864009,950.891,0.114282,0.708575,0,998.509,5.52889
0.000864203,911.245,-0.0530462,0.71108,0,998.511,5.52889
0.000864406,1012.85,-0.131575,0.70954,0,998.511,5.52889
0.000864606,1110.27,-0.033763,0.706345,0,998.511,5.52889
0.000864807,1065.71,0.107003,0.705913,0,998.513,5.52889
0.000865,933.75,0.0826018,0.709062,0,998.515,5.52889
0.000865206,918.707,-0.0490199,0.710632,0,998.516,5.52889
0.000865403,1029.77,-0.119192,0.708768,0,998.516,5.52889
0.000865603,1105.51,-0.0122527,0.70594,0,998.516,5.52889
0.0008658,1041.18,0.11141,0.706093,0,998.518,5.52889
0.000866004,939.597,0.076465,0.708631,0,998.52,5.52889
0.00086621,925.567,-0.0451777,0.71005,0,998.521,5.52889
0.000866404,1031.31,-0.109339,0.708219,0,998.521,5.52889
0.0008666,1098.67,0.00453116,0.705485,0,998.522,5.52889
0.000866805,1041.41,0.101747,0.705708,0,998.523,5.52889
0.000867006,944.198,0.0696518,0.708092,0,998.525,5.52889
0.000867202,943.514,-0.0659755,0.709328,0,998.526,5.52889
0.000867401,1042.75,-0.0956904,0.707275,0,998.526,5.52889
0.000867603,1091.95,0.00411162,0.705057,0,998.527,5.52889
0.000867808,1039.14,0.0939726,0.705225,0,998.528,5.52889
0.000868009,949.199,0.0644154,0.707395,0,998.53,5.52889
0.000868205,948.48,-0.0608829,0.708505,0,998.531,5.52889
0.000868402,1043.6,-0.0865345,0.70648,0,998.531,5.52889
0.000868605,1085.6,0.00716111,0.704458,0,998.532,5.52889
0.000868807,4.90523,2.41274,0.622085,0,998.487,5.52889
0.000869009,1255.18,1.53281,0.621818,0,998.451,5.52889
0.000869204,1245.57,0.0460725,0.67704,0,998.452,5.52889
0.00086941,1067.95,0.277972,0.695906,0,998.454,5.52889
0.000869601,794.811,0.0902852,0.705081,0,998.457,5.52889
0.0008698,881.225,-0.22782,0.706714,0,998.457,5.52889
0.000870002,1137.31,-0.224526,0.701321,0,998.457,5.52889
0.0008702,1212.9,0.0947541,0.696815,0,998.457,5.52889
0.000870406,1033.88,0.265732,0.699535,0,998.46,5.52889
0.000870607,817.37,0.111186,0.706247,0,998.462,5.52889
0.00087081,856.034,-0.176673,0.70855,0,998.463,5.52889
0.000871003,1129.57,-0.209608,0.703054,0,998.462,5.52889
0.000871204,1203.17,0.0761508,0.698878,0,998.463,5.52889
0.000871401,999.492,0.249516,0.702059,0,998.465,5.52889
0.000871603,819.491,0.0687864,0.708159,0,998.467,5.52889
0.000871807,883.52,-0.185547,0.709516,0,998.468,5.52889
0.000872004,1127.37,-0.190132,0.70436,0,998.467,5.52889
0.000872206,1190.57,0.0694133,0.700633,0,998.468,5.52889
0.000872404,1001.17,0.232462,0.703543,0,998.47,5.52889
0.000872605,832.537,0.0633093,0.709226,0,998.473,5.52889
0.000872807,902.252,-0.18233,0.710318,0,998.473,5.52889
0.000873003,1130.6,-0.164749,0.705242,0,998.473,5.52889
0.000873204,1171.59,0.0864853,0.702052,0,998.473,5.52889
0.000873405,996.6,0.215646,0.704927,0,998.476,5.52889
0.000873605,842.568,0.0455846,0.710245,0,998.478,5.52889
0.000873804,932.539,-0.186486,0.710702,0,998.478,5.52889
0.000874008,1116.81,-0.157916,0.706468,0,998.478,5.52889
0.000874203,1152.07,0.0994473,0.7033,0,998.479,5.52889
0.0008744,963.98,0.191876,0.70678,0,998.481,5.52889
0.000874603,851.872,0.0134143,0.7112,0,998.483,5.52889
0.000874809,931.72,-0.167764,0.711345,0,998.483,5.52889
0.000875004,1128.84,-0.120458,0.706588,0,998.483,5.52889
0.000875208,1144.05,0.0854817,0.704344,0,998.484,5.52889
0.000875404,968.823,0.177852,0.707493,0,998.486,5.52889
0.000875601,863.908,-0.014001,0.71184,0,998.488,5.52889
0.000875801,974.512,-0.173947,0.711043,0,998.488,5.52889
0.000876007,1119.73,-0.111492,0.707266,0,998.488,5.52889
0.000876205,1121.95,0.10375,0.705181,0,998.489,5.52889
0.000876403,960.335,0.160222,0.708338,0,998.491,5.52889
0.000876605,874.126,-0.00494251,0.711968,0,998.493,5.52889
0.000876808,962.997,-0.155839,0.71153,0,998.494,5.52889
0.000877002,1125.86,-0.0773082,0.707156,0,998.493,5.52889
0.000877207,1113.1,0.0972783,0.705775,0,998.494,5.52889
0.000877405,959.869,0.146099,0.708782,0,998.497,5.52889
0.000877601,886.836,-0.0315473,0.712201,0,998.498,5.52889
0.000877801,997.03,-0.153149,0.710961,0,998.498,5.52889
0.000878004,1117.68,-0.0701857,0.707456,0,998.499,5.52889
0.000878209,1102.86,0.0939192,0.706189,0,998.5,5.52889
0.000878401,945.91,0.123477,0.709433,0,998.502,5.52889
0.000878604,896.315,-0.0302882,0.712059,0,998.503,5.52889
0.000878806,993.091,-0.140755,0.710975,0,998.504,5.52889
0.000879007,1110.43,-0.0627645,0.70756,0,998.504,5.52889
0.000879202,1075.79,0.110897,0.706613,0,998.505,5.52889
0.000879404,949.489,0.113138,0.709403,0,998.507,5.52889
0.000879601,909.719,-0.0482058,0.711851,0,998.508,5.52889
0.000879802,1014.95,-0.131486,0.710277,0,998.509,5.52889
0.000880002,1110.31,-0.0335472,0.707127,0,998.509,5.52889
0.000880205,1070.71,0.102592,0.706629,0,998.51,5.52889
0.000880407,954.076,0.104592,0.709173,0,998.512,5.52889
0.000880604,917.215,-0.0442751,0.711403,0,998.513,5.52889
0.000880805,1014.41,-0.121539,0.709919,0,998.514,5.52889
0.000881005,1102.7,-0.0310756,0.706972,0,998.514,5.52889
0.000881208,1066.37,0.0945734,0.706473,0,998.515,5.52889
0.00088141,958.38,0.0967383,0.708791,0,998.517,5.52889
0.000881605,925.674,-0.045443,0.710836,0,998.518,5.52889
0.0008818,1031.34,-0.109318,0.709004,0,998.519,5.52889
0.000882003,1098.13,-0.0127161,0.706449,0,998.519,5.52889
0.000882201,1041.41,0.101737,0.706493,0,998.521,5.52889
0.000882402,944.211,0.0696447,0.708878,0,998.522,5.52889
0.000882609,932.038,-0.0419662,0.710128,0,998.523,5.52889
0.000882803,1029.68,-0.101042,0.708402,0,998.524,5.52889
0.000883006,1091.44,-0.0118435,0.706007,0,998.524,5.52889
0.000883204,1039.14,0.0939622,0.70601,0,998.526,5.52889
0.000883405,949.212,0.0644092,0.70818,0,998.527,5.52889
0.000883601,948.492,-0.0608753,0.70929,0,998.528,5.52889
0.000883804,1031.88,-0.0921628,0.707579,0,998.529,5.52889
0.000884001,1085.6,0.00698485,0.705245,0,998.529,5.52889
0.000884202,4.90933,2.41475,0.623008,0,998.485,5.52889
0.000884405,1255.24,1.54285,0.622256,0,998.448,5.52889
0.000884604,1245.35,0.0202837,0.678868,0,998.449,5.52889
0.000884814,1106.97,0.260262,0.696073,0,998.451,5.52889
0.000885002,801.993,0.113969,0.705466,0,998.454,5.52889
0.000885208,837.77,-0.178353,0.707988,0,998.455,5.52889
0.000885405,1104.37,-0.248876,0.703085,0,998.454,5.52889
0.000885601,1220.34,0.0649493,0.697718,0,998.455,5.52889
0.000885803,1033.69,0.266031,0.700308,0,998.457,5.52889
0.000886001,812.355,0.0976195,0.707262,0,998.46,5.52889
0.000886201,879.901,-0.204765,0.709057,0,998.46,5.52889
0.000886404,1110.27,-0.225075,0.704423,0,998.46,5.52889
0.000886601,1203.88,0.0746924,0.699652,0,998.46,5.52889
0.000886805,1033.5,0.248409,0.702092,0,998.462,5.52889
0.000887008,835.13,0.117042,0.708124,0,998.465,5.52889
0.000887204,883.417,-0.185946,0.7103,0,998.465,5.52889
0.0008874,1127.8,-0.190215,0.70513,0,998.465,5.52889
0.000887603,1190.73,0.0700776,0.701402,0,998.465,5.52889
0.0008878,999.994,0.23278,0.704346,0,998.468,5.52889
0.000888001,831.838,0.0615973,0.71004,0,998.47,5.52889
0.000888208,885.628,-0.165382,0.711311,0,998.471,5.52889
0.000888407,1105.72,-0.188461,0.706827,0,998.47,5.52889
0.000888601,1171.05,0.0882583,0.702831,0,998.471,5.52889
0.000888801,990.945,0.215092,0.705843,0,998.473,5.52889
0.000889003,843.265,0.0494038,0.710979,0,998.475,5.52889
0.000889201,929.825,-0.184733,0.711532,0,998.476,5.52889
0.000889405,1115.44,-0.159411,0.707302,0,998.475,5.52889
0.000889601,1154.28,0.0944024,0.704089,0,998.476,5.52889
0.000889807,1001.01,0.199728,0.706668,0,998.478,5.52889
0.000890001,852.432,0.0212683,0.711901,0,998.48,5.52889
0.000890201,950.612,-0.179437,0.711823,0,998.481,5.52889
0.000890401,1127.28,-0.123001,0.707439,0,998.48,5.52889
0.000890609,1149.5,0.0705101,0.705162,0,998.481,5.52889
0.000890803,976.658,0.18044,0.708085,0,998.484,5.52889
0.000891005,864.518,0.0221888,0.712267,0,998.485,5.52889
0.000891203,959.787,-0.168308,0.712112,0,998.486,5.52889
0.000891406,1116.01,-0.117267,0.708201,0,998.486,5.52889
0.000891606,1131.16,0.0863244,0.705941,0,998.487,5.52889
0.000891803,970.785,0.164729,0.708855,0,998.489,5.52889
0.000892001,874.245,-0.00905175,0.7128,0,998.491,5.52889
0.000892206,960.819,-0.15473,0.712364,0,998.491,5.52889
0.000892407,1110.57,-0.105401,0.708576,0,998.491,5.52889
0.000892605,1114.55,0.0947489,0.706565,0,998.492,5.52889
0.000892802,961.448,0.146876,0.709536,0,998.494,5.52889
0.000893005,884.412,-0.00502772,0.712794,0,998.496,5.52889
0.000893208,966.476,-0.144015,0.712355,0,998.496,5.52889
0.000893402,1117.05,-0.0715946,0.708283,0,998.496,5.52889
0.000893607,1105.43,0.0897086,0.706973,0,998.497,5.52889
0.000893805,963.716,0.135067,0.70972,0,998.499,5.52889
0.000894001,896.142,-0.0290131,0.712851,0,998.501,5.52889
0.000894201,997.937,-0.141537,0.711675,0,998.501,5.52889
0.000894405,1109.48,-0.0649955,0.708405,0,998.501,5.52889
0.000894609,1095.95,0.0866182,0.707199,0,998.502,5.52889
0.000894801,950.923,0.114244,0.710161,0,998.504,5.52889
0.000895004,904.923,-0.0279257,0.712561,0,998.506,5.52889
0.000895206,994.114,-0.130031,0.711532,0,998.506,5.52889
0.000895407,1102.77,-0.0581256,0.708341,0,998.506,5.52889
0.000895612,1089.14,0.0805401,0.707232,0,998.508,5.52889
0.000895805,955.272,0.105511,0.709941,0,998.51,5.52889
0.000896007,912.866,-0.0258011,0.712121,0,998.511,5.52889
0.000896201,1016.01,-0.121422,0.710687,0,998.511,5.52889
0.000896403,1102.34,-0.032587,0.7078,0,998.512,5.52889
0.000896603,1062.12,0.0983246,0.707338,0,998.513,5.52889
0.000896807,957.5,0.0959707,0.709625,0,998.515,5.52889
0.000897003,925.122,-0.0436958,0.711637,0,998.516,5.52889
0.000897205,1014.24,-0.112301,0.710219,0,998.516,5.52889
0.000897405,1095.65,-0.0287541,0.707467,0,998.517,5.52889
0.000897606,1057.7,0.0912588,0.707033,0,998.518,5.52889
0.00089781,961.406,0.0886517,0.709107,0,998.52,5.52889
0.000898006,931.5,-0.0402541,0.710931,0,998.521,5.52889
0.000898201,1028.63,-0.101319,0.709236,0,998.521,5.52889
0.000898402,1091.56,-0.0103716,0.706798,0,998.522,5.52889
0.000898609,1054.18,0.0842533,0.706571,0,998.523,5.52889
0.000898803,949.998,0.0654764,0.708961,0,998.525,5.52889
0.000899009,937.382,-0.0370325,0.710105,0,998.526,5.52889
0.000899205,1024.37,-0.0944436,0.708576,0,998.526,5.52889
0.000899402,1085.83,-0.00387364,0.706153,0,998.527,5.52889
0.000899607,4.94324,2.43144,0.619883,0,998.477,5.52889
0.000899809,1254.49,1.42457,0.626649,0,998.445,5.52889
0.000900001,1243.24,-0.0365831,0.68201,0,998.447,5.52889
0.000900208,1130.3,0.244037,0.69656,0,998.448,5.52889
0.000900401,832.531,0.176339,0.704985,0,998.452,5.52889
0.000900607,807.332,-0.118378,0.708887,0,998.453,5.52889
0.000900801,1069.17,-0.264945,0.704836,0,998.452,5.52889
0.000901002,1226.2,-0.0124132,0.699157,0,998.452,5.52889
0.000901201,1081.26,0.252214,0.70018,0,998.454,5.52889
0.000901408,865.577,0.193474,0.705948,0,998.457,5.52889
0.000901609,819.112,-0.107398,0.710279,0,998.458,5.52889
0.000901806,1048.55,-0.252604,0.70689,0,998.457,5.52889
0.000902005,1211.96,-0.0207835,0.701223,0,998.457,5.52889
0.000902203,1077.2,0.235455,0.702041,0,998.459,5.52889
0.000902406,860.537,0.162202,0.707915,0,998.462,5.52889
0.00090261,833.661,-0.104822,0.711429,0,998.463,5.52889
0.000902804,1064.83,-0.229737,0.707746,0,998.463,5.52889
0.000903003,1198.7,0.00840736,0.702634,0,998.463,5.52889
0.000903202,1057.58,0.224956,0.703937,0,998.465,5.52889
0.000903408,868.247,0.14668,0.7092,0,998.467,5.52889
0.000903606,860.915,-0.12919,0.712309,0,998.468,5.52889
0.000903806,1066.85,-0.211167,0.708727,0,998.468,5.52889
0.000904004,1185.25,0.0125824,0.704062,0,998.468,5.52889
0.000904208,1066.37,0.204246,0.705065,0,998.47,5.52889
0.000904408,872.535,0.126842,0.710369,0,998.472,5.52889
0.000904603,889.584,-0.146676,0.712861,0,998.473,5.52889
0.000904805,1078.81,-0.187613,0.709204,0,998.473,5.52889
0.000905001,1168.31,0.0461783,0.705047,0,998.473,5.52889
0.000905202,1025.06,0.199084,0.706931,0,998.476,5.52889
0.000905405,868.321,0.0880461,0.711691,0,998.478,5.52889
0.000905612,884.428,-0.114619,0.713474,0,998.479,5.52889
0.000905801,1096.05,-0.157969,0.709286,0,998.478,5.52889
0.000906005,1157.43,0.03695,0.70611,0,998.479,5.52889
0.000906206,1027.92,0.183582,0.707704,0,998.481,5.52889
0.000906401,869.283,0.0508107,0.712674,0,998.483,5.52889
0.000906601,928.585,-0.148084,0.713409,0,998.484,5.52889
0.000906805,1088.92,-0.146624,0.709897,0,998.483,5.52889
0.000907001,1138.64,0.0667086,0.70676,0,998.484,5.52889
0.000907202,1005.38,0.171479,0.708809,0,998.486,5.52889
0.000907402,878.872,0.0444856,0.712967,0,998.488,5.52889
0.000907605,930.236,-0.133506,0.713635,0,998.489,5.52889
0.000907807,1083.59,-0.13566,0.710277,0,998.489,5.52889
0.000908004,1129.88,0.0598538,0.707358,0,998.489,5.52889
0.000908205,1003.97,0.158504,0.709263,0,998.491,5.52889
0.000908406,889.414,0.043899,0.712995,0,998.493,5.52889
0.000908607,939.652,-0.126515,0.713577,0,998.494,5.52889
0.0009088,1100.59,-0.100978,0.709737,0,998.494,5.52889
0.000909006,1120.31,0.0569952,0.707752,0,998.495,5.52889
0.0009092,981.9,0.142589,0.71003,0,998.497,5.52889
0.000909403,894.534,0.0162523,0.713234,0,998.498,5.52889
0.00090961,946.603,-0.118368,0.713388,0,998.499,5.52889
0.000909803,1094.48,-0.0923171,0.709803,0,998.499,5.52889
0.000910009,1111.07,0.0554456,0.707956,0,998.5,5.52889
0.000910205,987.293,0.132709,0.709955,0,998.502,5.52889
0.000910406,903.164,0.0140179,0.712978,0,998.503,5.52889
0.000910605,969.583,-0.121529,0.712788,0,998.504,5.52889
0.000910806,1089.28,-0.0836333,0.709686,0,998.504,5.52889
0.000911001,1089.18,0.0805865,0.708023,0,998.505,5.52889
0.000911201,972.894,0.116714,0.710225,0,998.507,5.52889
0.000911403,910.792,-0.00621415,0.712765,0,998.508,5.52889
0.000911608,972.465,-0.112242,0.712359,0,998.509,5.52889
0.000911809,1083.2,-0.077398,0.709458,0,998.509,5.52889
0.000912004,1083.28,0.0743286,0.707885,0,998.51,5.52889
0.000912205,975.826,0.107941,0.709884,0,998.512,5.52889
0.000912406,918.294,-0.00567645,0.712201,0,998.514,5.52889
0.000912609,979.517,-0.105818,0.711718,0,998.514,5.52889
0.000912803,1088.51,-0.0515369,0.708639,0,998.514,5.52889
0.000913009,1079.93,0.0650922,0.707574,0,998.515,5.52889
0.000913207,977.253,0.0992066,0.709434,0,998.517,5.52889
0.000913402,926.971,-0.0220972,0.71164,0,998.519,5.52889
0.000913603,1001.24,-0.10337,0.710653,0,998.519,5.52889
0.000913806,1082.51,-0.0477239,0.708151,0,998.519,5.52889
0.000914012,1074.73,0.059975,0.707129,0,998.521,5.52889
0.000914202,965.812,0.0826123,0.709221,0,998.522,5.52889
0.000914406,933.243,-0.0203785,0.710819,0,998.524,5.52889
0.000914604,1004.52,-0.0958608,0.709818,0,998.524,5.52889
0.000914801,1083.04,-0.0253235,0.70721,0,998.524,5.52889
0.000915004,4.94856,2.43405,0.620565,0,998.474,5.52889
0.000915202,1254.67,1.45393,0.626488,0,998.443,5.52889
0.000915401,1240.01,-0.0618082,0.683839,0,998.444,5.52889
0.000915601,1113.19,0.256376,0.697546,0,998.446,5.52889
0.000915801,843.865,0.192481,0.705349,0,998.449,5.52889
0.000916004,806.527,-0.116377,0.709653,0,998.451,5.52889
0.000916205,1033.69,-0.273415,0.706492,0,998.45,5.52889
0.000916403,1223.99,-0.0417369,0.700271,0,998.45,5.52889
0.000916608,1129.85,0.221625,0.700168,0,998.451,5.52889
0.000916807,871.248,0.199839,0.706524,0,998.454,5.52889
0.000917008,815.197,-0.0958124,0.711017,0,998.456,5.52889
0.000917203,1047.46,-0.252958,0.707679,0,998.455,5.52889
0.000917402,1211.9,-0.0229909,0.702007,0,998.455,5.52889
0.0009176,1079.58,0.23448,0.702757,0,998.457,5.52889
0.000917803,861.794,0.164126,0.708626,0,998.46,5.52889
0.000918002,844.125,-0.129188,0.712185,0,998.461,5.52889
0.000918201,1064.45,-0.230325,0.708515,0,998.46,5.52889
0.000918406,1197.12,-0.0344385,0.703856,0,998.46,5.52889
0.000918609,1100.98,0.203386,0.703938,0,998.462,5.52889
0.000918804,868.785,0.148077,0.709927,0,998.465,5.52889
0.000919004,856.743,-0.122008,0.713085,0,998.466,5.52889
0.000919203,1064.13,-0.212641,0.709553,0,998.466,5.52889
0.000919404,1185.71,-0.00296647,0.704957,0,998.466,5.52889
0.000919605,1067.91,0.203974,0.705781,0,998.468,5.52889
0.000919805,873.27,0.128668,0.711083,0,998.47,5.52889
0.00092001,861.81,-0.100298,0.713782,0,998.471,5.52889
0.000920206,1059.14,-0.197351,0.710492,0,998.471,5.52889
0.000920402,1171.76,0.023321,0.705943,0,998.471,5.52889
0.000920603,1044.19,0.195726,0.707282,0,998.473,5.52889
0.000920807,880.184,0.11331,0.711924,0,998.475,5.52889
0.000921009,881.815,-0.11082,0.714238,0,998.476,5.52889
0.000921206,1069.07,-0.176522,0.710822,0,998.476,5.52889
0.000921402,1157.85,0.0367213,0.706843,0,998.476,5.52889
0.000921602,1028.02,0.18403,0.708436,0,998.478,5.52889
0.000921805,880.684,0.0864639,0.712811,0,998.481,5.52889
0.00092201,895.852,-0.110086,0.714511,0,998.482,5.52889
0.000922201,1089.12,-0.146989,0.710633,0,998.481,5.52889
0.000922401,1144.06,0.048983,0.70755,0,998.482,5.52889
0.000922601,1015.17,0.171928,0.709321,0,998.484,5.52889
0.000922807,888.353,0.0759899,0.713182,0,998.486,5.52889
0.000923002,931.022,-0.134645,0.714362,0,998.486,5.52889
0.000923204,1083.83,-0.135856,0.711006,0,998.486,5.52889
0.0009234,1130.08,0.0600968,0.708082,0,998.487,5.52889
0.000923601,1003.95,0.158819,0.709991,0,998.489,5.52889
0.000923803,889.176,0.0439757,0.71373,0,998.491,5.52889
0.000924004,939.523,-0.126772,0.714312,0,998.492,5.52889
0.000924207,1077.63,-0.126094,0.71123,0,998.492,5.52889
0.000924403,1120.54,0.0571131,0.708474,0,998.492,5.52889
0.000924604,1002.23,0.146697,0.710261,0,998.494,5.52889
0.000924806,897.939,0.0391465,0.713658,0,998.496,5.52889
0.000925006,946.484,-0.118605,0.714118,0,998.497,5.52889
0.000925211,1070.61,-0.11811,0.711318,0,998.497,5.52889
0.000925405,1111.27,0.0555589,0.708674,0,998.498,5.52889
0.000925601,987.248,0.132972,0.710676,0,998.499,5.52889
0.000925802,902.955,0.0140438,0.713704,0,998.501,5.52889
0.000926002,969.514,-0.121775,0.713513,0,998.502,5.52889
0.000926202,1089.44,-0.0837973,0.710404,0,998.502,5.52889
0.000926408,1103.51,0.051648,0.708702,0,998.503,5.52889
0.000926605,988.868,0.122888,0.710523,0,998.505,5.52889
0.000926805,911.05,0.012992,0.713286,0,998.506,5.52889
0.000927005,972.401,-0.11247,0.71308,0,998.507,5.52889
0.000927205,1083.35,-0.0775498,0.710172,0,998.507,5.52889
0.000927401,1083.43,0.0744805,0.708596,0,998.508,5.52889
0.000927601,975.759,0.108155,0.710598,0,998.51,5.52889
0.000927802,918.115,-0.00568971,0.712919,0,998.511,5.52889
0.000928006,979.462,-0.106031,0.712435,0,998.512,5.52889
0.000928209,1076.72,-0.0731959,0.709826,0,998.512,5.52889
0.000928406,1080.08,0.0652274,0.708282,0,998.513,5.52889
0.000928604,977.19,0.0994041,0.710145,0,998.515,5.52889
0.000928805,925.068,-0.00535236,0.712225,0,998.516,5.52889
0.000929009,981.734,-0.0979846,0.711742,0,998.517,5.52889
0.000929203,1082.66,-0.0478164,0.708858,0,998.517,5.52889
0.000929409,1074.86,0.0601002,0.707833,0,998.518,5.52889
0.000929607,979.71,0.0918951,0.70952,0,998.52,5.52889
0.000929802,933.094,-0.0204207,0.71153,0,998.521,5.52889
0.000930006,994.785,-0.0944358,0.710725,0,998.522,5.52889
0.0009302,1081.14,-0.0335569,0.708038,0,998.522,5.52889
0.000930401,4.96797,2.44359,0.619653,0,998.469,5.52889
0.000930608,1253.6,1.28496,0.632715,0,998.443,5.52889
0.000930801,1203.33,-0.168954,0.689365,0,998.444,5.52889
0.000931008,1204.68,0.149032,0.697461,0,998.445,5.52889
0.000931206,944.304,0.269853,0.703038,0,998.448,5.52889
0.000931403,786.791,-0.0187574,0.709794,0,998.45,5.52889
0.000931603,952.647,-0.265264,0.708871,0,998.45,5.52889
0.000931801,1199.77,-0.131077,0.702336,0,998.449,5.52889
0.000932004,1176.29,0.167898,0.700259,0,998.451,5.52889
0.000932204,934.542,0.246355,0.705249,0,998.453,5.52889
0.000932404,801.024,-0.0151501,0.711123,0,998.456,5.52889
0.000932602,973.685,-0.252941,0.709902,0,998.455,5.52889
0.000932805,1180.25,-0.137883,0.704427,0,998.455,5.52889
0.000933006,1166.82,0.154728,0.702129,0,998.456,5.52889
0.000933204,931.62,0.226169,0.706986,0,998.459,5.52889
0.000933402,817.057,-0.0384545,0.712416,0,998.461,5.52889
0.000933606,962.746,-0.232401,0.711326,0,998.461,5.52889
0.000933803,1178.27,-0.108027,0.705499,0,998.46,5.52889
0.000934002,1138.02,0.169231,0.70391,0,998.462,5.52889
0.000934207,935.874,0.209894,0.708284,0,998.464,5.52889
0.000934403,831.887,-0.0450415,0.713334,0,998.466,5.52889
0.000934607,975.067,-0.218495,0.712051,0,998.466,5.52889
0.000934805,1168.99,-0.0938256,0.706661,0,998.466,5.52889
0.000935006,1131.53,0.154041,0.705255,0,998.467,5.52889
0.000935206,926.623,0.185957,0.709727,0,998.469,5.52889
0.000935407,843.999,-0.0365099,0.713939,0,998.471,5.52889
0.000935604,999.84,-0.206242,0.712285,0,998.471,5.52889
0.000935805,1161.06,-0.0764294,0.707538,0,998.471,5.52889
0.000936008,1119.8,0.146112,0.706425,0,998.472,5.52889
0.000936204,917.412,0.160076,0.71097,0,998.475,5.52889
0.000936401,866.673,-0.0767974,0.714566,0,998.476,5.52889
0.000936604,1014.57,-0.190948,0.712504,0,998.476,5.52889
0.000936804,1155.58,-0.0485566,0.708044,0,998.476,5.52889
0.000937006,1096.9,0.150127,0.707519,0,998.478,5.52889
0.000937209,928.554,0.151615,0.711385,0,998.48,5.52889
0.000937406,875.828,-0.0660261,0.714797,0,998.481,5.52889
0.000937607,1017.43,-0.176472,0.712798,0,998.481,5.52889
0.000937801,1148.53,-0.0200656,0.708383,0,998.481,5.52889
0.00093801,1094.4,0.135626,0.708142,0,998.483,5.52889
0.0009382,906.581,0.110059,0.712668,0,998.485,5.52889
0.000938408,885.29,-0.0602773,0.714877,0,998.486,5.52889
0.000938602,1039.91,-0.159657,0.712437,0,998.486,5.52889
0.000938804,1138.34,-0.0192811,0.70888,0,998.487,5.52889
0.000939002,1055.31,0.148522,0.70913,0,998.488,5.52889
0.000939205,916.518,0.104741,0.712701,0,998.49,5.52889
0.0009394,911.686,-0.0937108,0.714781,0,998.491,5.52889
0.000939605,1038.61,-0.147327,0.712477,0,998.492,5.52889
0.000939801,1129.45,0.00641852,0.708924,0,998.492,5.52889
0.000940004,1049.02,0.138646,0.709432,0,998.493,5.52889
0.000940207,922.287,0.0950535,0.712696,0,998.495,5.52889
0.000940402,920.451,-0.0888048,0.714532,0,998.496,5.52889
0.000940603,1050.97,-0.130543,0.711997,0,998.497,5.52889
0.000940803,1120.38,0.00753995,0.709048,0,998.497,5.52889
0.000941009,1050.86,0.125847,0.709413,0,998.499,5.52889
0.0009412,914.017,0.06057,0.713087,0,998.501,5.52889
0.000941408,923.301,-0.0754628,0.71417,0,998.502,5.52889
0.000941605,1049.77,-0.119734,0.71172,0,998.502,5.52889
0.0009418,1109.85,0.0274115,0.708863,0,998.502,5.52889
0.000942002,1024.32,0.124307,0.709768,0,998.504,5.52889
0.000942204,921.279,0.0559999,0.71268,0,998.506,5.52889
0.000942411,929.716,-0.0695001,0.713648,0,998.507,5.52889
0.0009426,1063.49,-0.0996077,0.710867,0,998.507,5.52889
0.000942803,1102.3,0.0252497,0.708676,0,998.507,5.52889
0.000943006,1023.47,0.114847,0.709473,0,998.509,5.52889
0.000943207,928.025,0.0518469,0.712134,0,998.511,5.52889
0.000943412,939.31,-0.0702104,0.712976,0,998.512,5.52889
0.000943603,1059.76,-0.0917768,0.710383,0,998.512,5.52889
0.000943807,1095.58,0.021573,0.708344,0,998.513,5.52889
0.000944001,1006.13,0.107253,0.709394,0,998.514,5.52889
0.000944202,927.951,0.0278374,0.711803,0,998.516,5.52889
0.000944403,963.647,-0.0866819,0.712,0,998.517,5.52889
0.000944606,1055.94,-0.0848477,0.709773,0,998.517,5.52889
0.000944803,1084.76,0.0380691,0.707777,0,998.518,5.52889
0.000945004,1006.5,0.0991288,0.708788,0,998.519,5.52889
0.000945205,934.165,0.0257637,0.710981,0,998.521,5.52889
0.000945404,969.877,-0.0823199,0.71109,0,998.522,5.52889
0.000945601,1064.22,-0.0663978,0.708659,0,998.522,5.52889
0.000945809,4.9951,2.4569,0.616546,0,998.463,5.52889
0.000946007,1253.47,1.26545,0.633244,0,998.44,5.52889
0.000946204,1178.95,-0.205924,0.691249,0,998.442,5.52889
0.000946404,1203.46,0.151577,0.697408,0,998.443,5.52889
0.000946605,956.975,0.274007,0.702676,0,998.446,5.52889
0.000946806,787.236,0.0251934,0.70933,0,998.448,5.52889
0.000947,951.722,-0.264991,0.708865,0,998.448,5.52889
0.000947204,1182.09,-0.165009,0.703067,0,998.447,5.52889
0.000947402,1178.03,0.165182,0.700239,0,998.448,5.52889
0.000947603,941.198,0.249295,0.705073,0,998.451,5.52889
0.000947804,800.784,0.000576835,0.710987,0,998.453,5.52889
0.000948009,919.76,-0.230905,0.710926,0,998.453,5.52889
0.000948203,1177.07,-0.143731,0.704584,0,998.453,5.52889
0.000948404,1170.51,0.148582,0.702142,0,998.454,5.52889
0.000948602,933.101,0.226921,0.706988,0,998.456,5.52889
0.000948806,814.699,0.00249234,0.712124,0,998.458,5.52889
0.000949004,959.289,-0.231227,0.71145,0,998.458,5.52889
0.000949202,1174.9,-0.115679,0.705718,0,998.458,5.52889
0.000949405,1156,0.144251,0.703829,0,998.459,5.52889
0.000949604,939.887,0.211938,0.708255,0,998.462,5.52889
0.000949803,829.999,-0.0300879,0.71332,0,998.464,5.52889
0.000950006,965.64,-0.215689,0.712331,0,998.464,5.52889
0.000950208,1155.33,-0.123231,0.707369,0,998.463,5.52889
0.000950409,1147.68,0.130688,0.705236,0,998.464,5.52889
0.000950606,940.59,0.194369,0.709451,0,998.467,5.52889
0.000950801,846.682,-0.0513884,0.714147,0,998.469,5.52889
0.000951,1004.9,-0.20627,0.712302,0,998.469,5.52889
0.000951203,1160.22,-0.078026,0.70771,0,998.469,5.52889
0.000951407,1123.33,0.14128,0.706539,0,998.47,5.52889
0.000951602,920.294,0.162158,0.711037,0,998.472,5.52889
0.000951807,857.404,-0.0383537,0.714559,0,998.474,5.52889
0.000952,1018.33,-0.190485,0.712579,0,998.474,5.52889
0.000952202,1154.68,-0.0514094,0.708264,0,998.474,5.52889
0.000952402,1091.13,0.15479,0.707779,0,998.475,5.52889
0.000952607,930.232,0.152606,0.711522,0,998.478,5.52889
0.000952801,877.849,-0.0714652,0.714995,0,998.479,5.52889
0.000953005,1014.71,-0.176292,0.713054,0,998.479,5.52889
0.000953205,1143.93,-0.0475761,0.708962,0,998.479,5.52889
0.00095341,1100.97,0.128601,0.708272,0,998.48,5.52889
0.000953609,935.94,0.14162,0.711918,0,998.483,5.52889
0.000953804,886.451,-0.0636709,0.715104,0,998.484,5.52889
0.000954006,1016.95,-0.163524,0.713218,0,998.484,5.52889
0.000954201,1138.28,-0.019021,0.70911,0,998.484,5.52889
0.000954409,1082.95,0.130017,0.708929,0,998.486,5.52889
0.000954602,916.563,0.104643,0.712944,0,998.488,5.52889
0.000954808,895.916,-0.0593103,0.715044,0,998.489,5.52889
0.000955002,1038.59,-0.147228,0.71273,0,998.489,5.52889
0.000955204,1128.69,-0.0168291,0.70943,0,998.49,5.52889
0.000955401,1048.99,0.138552,0.709698,0,998.491,5.52889
0.000955604,922.349,0.0949915,0.712965,0,998.493,5.52889
0.00095581,905.081,-0.0564849,0.714833,0,998.494,5.52889
0.000956006,1033.05,-0.137014,0.712743,0,998.494,5.52889
0.0009562,1120.31,0.00753355,0.709335,0,998.495,5.52889
0.000956406,1050.84,0.125761,0.709705,0,998.496,5.52889
0.000956607,928.204,0.0867235,0.712806,0,998.498,5.52889
0.000956805,923.359,-0.0754081,0.714469,0,998.499,5.52889
0.000957002,1049.74,-0.119655,0.712025,0,998.499,5.52889
0.000957204,1111.97,0.00708231,0.709324,0,998.5,5.52889
0.000957409,1047.67,0.116283,0.709634,0,998.502,5.52889
0.000957601,921.341,0.055963,0.712999,0,998.503,5.52889
0.000957809,929.77,-0.0694497,0.713971,0,998.504,5.52889
0.000958005,1046.61,-0.110652,0.711681,0,998.505,5.52889
0.0009582,1102.24,0.0252315,0.709011,0,998.505,5.52889
0.000958403,1023.47,0.11477,0.709812,0,998.507,5.52889
0.000958604,928.082,0.0518129,0.712476,0,998.509,5.52889
0.000958809,939.36,-0.070163,0.713322,0,998.51,5.52889
0.000959,1059.73,-0.0917157,0.710734,0,998.51,5.52889
0.000959204,1095.53,0.0215576,0.708701,0,998.51,5.52889
0.000959405,1020.88,0.106358,0.709428,0,998.512,5.52889
0.000959607,934.224,0.0477625,0.711826,0,998.514,5.52889
0.000959812,944.674,-0.0648073,0.71257,0,998.515,5.52889
0.000960003,1055.92,-0.0847913,0.710146,0,998.515,5.52889
0.000960207,1089.06,0.0198232,0.708231,0,998.516,5.52889
0.000960401,1006.5,0.0990628,0.709169,0,998.517,5.52889
0.000960602,934.218,0.0257467,0.711364,0,998.519,5.52889
0.000960801,969.901,-0.0822611,0.711477,0,998.519,5.52889
0.000961,1060.7,-0.0705008,0.709168,0,998.52,5.52889
0.000961205,4.99646,2.45757,0.617191,0,998.461,5.52889
0.000961409,1252.96,1.18394,0.636477,0,998.44,5.52889
0.000961602,1147.69,-0.239428,0.693671,0,998.442,5.52889
0.0009618,1215.69,0.123262,0.697812,0,998.443,5.52889
0.000962002,991.706,0.280539,0.702196,0,998.445,5.52889
0.000962204,794.064,0.0710433,0.709075,0,998.448,5.52889
0.000962403,896.524,-0.235148,0.710149,0,998.448,5.52889
0.000962602,1157.91,-0.198034,0.704262,0,998.447,5.52889
0.000962801,1200.26,0.120723,0.700486,0,998.448,5.52889
0.000963006,1006.12,0.263135,0.70379,0,998.451,5.52889
0.0009632,802.781,0.0347181,0.710892,0,998.453,5.52889
0.0009634,921.24,-0.231663,0.711166,0,998.453,5.52889
0.000963601,1155.58,-0.176284,0.705655,0,998.453,5.52889
0.000963804,1190.85,0.105031,0.702364,0,998.453,5.52889
0.000964006,997.54,0.245367,0.705612,0,998.456,5.52889
0.000964205,818.696,0.0477654,0.71182,0,998.458,5.52889
0.000964408,901.924,-0.19794,0.712633,0,998.459,5.52889
0.000964603,1147.08,-0.162527,0.707021,0,998.458,5.52889
0.000964805,1177.37,0.101091,0.703971,0,998.459,5.52889
0.000965002,969.032,0.223269,0.707677,0,998.461,5.52889
0.0009652,828.535,0.00637522,0.71317,0,998.463,5.52889
0.000965407,923.396,-0.194624,0.713238,0,998.464,5.52889
0.000965601,1150.66,-0.131244,0.707704,0,998.463,5.52889
0.000965803,1155.79,0.115767,0.705341,0,998.464,5.52889
0.000966004,970.055,0.206587,0.708806,0,998.467,5.52889
0.000966206,842.407,0.0189294,0.713682,0,998.469,5.52889
0.000966401,964.674,-0.198324,0.713242,0,998.469,5.52889
0.000966607,1132.78,-0.133053,0.708983,0,998.469,5.52889
0.000966803,1136.81,0.121826,0.706521,0,998.47,5.52889
0.000967002,951.346,0.182631,0.710228,0,998.472,5.52889
0.000967205,854.407,-0.00477951,0.714372,0,998.474,5.52889
0.000967408,956.333,-0.178527,0.713923,0,998.474,5.52889
0.000967601,1142.83,-0.0882037,0.708954,0,998.474,5.52889
0.000967806,1127.81,0.111861,0.707428,0,998.475,5.52889
0.000968004,952.487,0.167275,0.710919,0,998.477,5.52889
0.000968201,868.987,-0.0364712,0.71488,0,998.479,5.52889
0.000968401,995.32,-0.175456,0.713502,0,998.479,5.52889
0.000968609,1123.94,-0.100028,0.709946,0,998.479,5.52889
0.000968803,1105.65,0.123175,0.708223,0,998.48,5.52889
0.000969006,955.174,0.154288,0.711358,0,998.482,5.52889
0.000969203,879.349,-0.0341952,0.714961,0,998.484,5.52889
0.000969403,996.452,-0.162644,0.713648,0,998.484,5.52889
0.000969607,1124.42,-0.0743507,0.709941,0,998.484,5.52889
0.000969811,1108.51,0.0998995,0.708614,0,998.486,5.52889
0.000970003,941.823,0.131004,0.712074,0,998.488,5.52889
0.000970206,889.302,-0.0322059,0.714873,0,998.489,5.52889
0.000970401,1013.67,-0.151123,0.713267,0,998.489,5.52889
0.000970601,1125.23,-0.0386174,0.709654,0,998.49,5.52889
0.000970804,1079.64,0.117988,0.709135,0,998.491,5.52889
0.000971006,945.703,0.120098,0.712111,0,998.493,5.52889
0.000971203,903.6,-0.0514472,0.714725,0,998.494,5.52889
0.000971404,1015.41,-0.139627,0.713065,0,998.494,5.52889
0.000971605,1115.88,-0.0384935,0.709781,0,998.495,5.52889
0.000971806,1072.62,0.110666,0.70925,0,998.496,5.52889
0.000972009,950.542,0.110986,0.711945,0,998.498,5.52889
0.000972205,912.467,-0.0501919,0.714336,0,998.499,5.52889
0.000972407,1015.12,-0.129057,0.712758,0,998.5,5.52889
0.000972602,1111.2,-0.0154892,0.709422,0,998.5,5.52889
0.000972809,1067.97,0.102201,0.709167,0,998.501,5.52889
0.000973003,936.712,0.0831821,0.71223,0,998.503,5.52889
0.000973208,919.769,-0.0461662,0.713802,0,998.504,5.52889
0.000973403,1031.62,-0.116411,0.711906,0,998.505,5.52889
0.000973605,1103.5,-0.0146143,0.709197,0,998.505,5.52889
0.000973803,1043.51,0.107987,0.709246,0,998.507,5.52889
0.000974004,940.137,0.0739507,0.711799,0,998.508,5.52889
0.0009742,939.465,-0.0701305,0.713128,0,998.509,5.52889
0.000974406,1030.95,-0.107308,0.711329,0,998.51,5.52889
0.000974602,1097.05,0.00444077,0.708629,0,998.51,5.52889
0.000974806,1040.87,0.0998507,0.708828,0,998.512,5.52889
0.000975007,945.434,0.068373,0.711151,0,998.513,5.52889
0.000975203,944.743,-0.0647331,0.712347,0,998.514,5.52889
0.000975402,1042.15,-0.093922,0.710314,0,998.515,5.52889
0.000975605,1090.45,0.00401391,0.708119,0,998.515,5.52889
0.000975809,1038.64,0.0922179,0.708265,0,998.517,5.52889
0.000976001,940.049,0.0441423,0.710803,0,998.519,5.52889
0.000976211,944.086,-0.0499209,0.711473,0,998.52,5.52889
0.0009764,0.844184,0.417775,0.707245,0,998.519,5.52889
0.000976607,5.02309,2.47064,0.614201,0,998.454,5.52889
0.000976803,1252.56,1.12248,0.638363,0,998.439,5.52889
0.000977006,1054.92,-0.288809,0.69812,0,998.442,5.52889
0.000977202,1237,0.0191642,0.698236,0,998.441,5.52889
0.000977403,1070,0.271167,0.700318,0,998.444,5.52889
0.000977607,836.806,0.175378,0.706883,0,998.446,5.52889
0.000977811,813.245,-0.123449,0.710712,0,998.448,5.52889
0.000978004,1083.2,-0.25474,0.706293,0,998.447,5.52889
0.000978201,1221.42,0.0335823,0.70065,0,998.447,5.52889
0.000978409,1093.52,0.241573,0.701833,0,998.449,5.52889
0.0009786,825.361,0.121976,0.70932,0,998.452,5.52889
0.000978808,837.218,-0.139819,0.711945,0,998.453,5.52889
0.000979003,1090.98,-0.232061,0.707455,0,998.452,5.52889
0.0009792,1206.32,0.0431021,0.702413,0,998.452,5.52889
0.000979408,1074.16,0.232403,0.703817,0,998.454,5.52889
0.000979605,845.283,0.13009,0.710214,0,998.457,5.52889
0.000979802,873.919,-0.169312,0.712768,0,998.458,5.52889
0.000980003,1093.83,-0.211499,0.708502,0,998.457,5.52889
0.000980202,1192.81,0.0416204,0.704003,0,998.458,5.52889
0.000980402,1030.69,0.227372,0.706055,0,998.46,5.52889
0.000980608,856.15,0.119556,0.711249,0,998.462,5.52889
0.000980803,888.346,-0.163002,0.713511,0,998.463,5.52889
0.000981003,1097.27,-0.190086,0.709294,0,998.463,5.52889
0.000981202,1177.54,0.0519106,0.705283,0,998.463,5.52889
0.000981402,1017.43,0.212244,0.707492,0,998.465,5.52889
0.000981606,857.453,0.0882136,0.712472,0,998.468,5.52889
0.000981807,894.895,-0.148109,0.714123,0,998.468,5.52889
0.000982002,1107.44,-0.162412,0.70965,0,998.468,5.52889
0.000982207,1166.32,0.0403801,0.706471,0,998.468,5.52889
0.000982402,1004.27,0.196291,0.708719,0,998.471,5.52889
0.000982604,861.241,0.0565556,0.713429,0,998.473,5.52889
0.000982804,922.811,-0.156582,0.71427,0,998.473,5.52889
0.000983007,1093.52,-0.155916,0.710551,0,998.473,5.52889
0.000983203,1146.41,0.0711051,0.707225,0,998.474,5.52889
0.000983404,1000.16,0.181313,0.709529,0,998.476,5.52889
0.000983606,871.367,0.047977,0.713817,0,998.478,5.52889
0.000983806,931.776,-0.146878,0.714465,0,998.479,5.52889
0.000984011,1085.53,-0.14569,0.711082,0,998.478,5.52889
0.000984207,1137.81,0.0618423,0.707925,0,998.479,5.52889
0.0009844,979.955,0.164417,0.710523,0,998.481,5.52889
0.000984602,877.562,0.0205827,0.714286,0,998.483,5.52889
0.00098481,935.449,-0.13449,0.714563,0,998.484,5.52889
0.000985003,1106.3,-0.107096,0.710497,0,998.483,5.52889
0.000985209,1127.1,0.0606785,0.708407,0,998.484,5.52889
0.000985403,980.106,0.151416,0.710842,0,998.486,5.52889
0.000985605,887.361,0.0171567,0.714259,0,998.488,5.52889
0.000985802,969.033,-0.142307,0.71401,0,998.489,5.52889
0.000986006,1099.79,-0.0979606,0.710642,0,998.489,5.52889
0.0009862,1101.25,0.0921941,0.708733,0,998.49,5.52889
0.000986401,967.382,0.134109,0.711319,0,998.492,5.52889
0.000986602,896.014,-0.00720236,0.714292,0,998.493,5.52889
0.000986807,967.289,-0.129189,0.713874,0,998.494,5.52889
0.000987008,1094.27,-0.0887439,0.710597,0,998.494,5.52889
0.000987206,1098.38,0.078473,0.708822,0,998.495,5.52889
0.000987403,969.373,0.123375,0.711238,0,998.497,5.52889
0.000987606,904.563,-0.00379564,0.713893,0,998.498,5.52889
0.00098781,972.992,-0.120668,0.713456,0,998.499,5.52889
0.000988002,1101.24,-0.0568304,0.709891,0,998.499,5.52889
0.000988209,1091.63,0.0726411,0.708764,0,998.5,5.52889
0.000988407,972.451,0.114045,0.710964,0,998.502,5.52889
0.000988603,914.103,-0.0221467,0.713535,0,998.503,5.52889
0.000988803,997.938,-0.118494,0.712523,0,998.504,5.52889
0.000989005,1094.29,-0.0526167,0.709621,0,998.504,5.52889
0.000989213,1085.65,0.0667741,0.708542,0,998.505,5.52889
0.000989402,959.331,0.0950221,0.711006,0,998.507,5.52889
0.000989605,921.813,-0.0234879,0.712906,0,998.509,5.52889
0.000989805,1000.74,-0.109809,0.711876,0,998.509,5.52889
0.00099,1093.81,-0.0296769,0.708884,0,998.509,5.52889
0.000990202,1059.59,0.0872855,0.70838,0,998.511,5.52889
0.000990405,963.03,0.0877219,0.710415,0,998.512,5.52889
0.0009906,933.435,-0.0411993,0.712218,0,998.514,5.52889
0.000990802,1014.95,-0.101888,0.710851,0,998.514,5.52889
0.000991004,1087.43,-0.0275098,0.708347,0,998.514,5.52889
0.000991205,1055.96,0.0805466,0.707843,0,998.516,5.52889
0.000991408,966.624,0.0811134,0.709689,0,998.517,5.52889
0.000991601,940.379,-0.0413375,0.711331,0,998.519,5.52889
0.000991802,1.42169,0.701868,0.704756,0,998.518,5.52889
0.000992009,5.03718,2.47756,0.612955,0,998.45,5.52889
0.000992208,1252.19,1.06388,0.640288,0,998.437,5.52889
0.000992402,1059.43,-0.287703,0.697796,0,998.44,5.52889
0.000992601,1237.47,0.00247492,0.698294,0,998.439,5.52889
0.000992811,1126.88,0.24012,0.699262,0,998.441,5.52889
0.000993004,836.006,0.174094,0.706817,0,998.444,5.52889
0.000993208,813.741,-0.124481,0.710625,0,998.446,5.52889
0.0009934,1086.39,-0.253216,0.706128,0,998.445,5.52889
0.000993601,1222.92,0.00826417,0.700803,0,998.445,5.52889
0.000993803,1079.69,0.24833,0.702014,0,998.447,5.52889
0.000994006,849.221,0.165924,0.708317,0,998.45,5.52889
0.000994205,837.62,-0.140489,0.711901,0,998.451,5.52889
0.000994406,1059.99,-0.245091,0.708256,0,998.45,5.52889
0.000994602,1209.02,0.0110456,0.70265,0,998.45,5.52889
0.000994805,1073.88,0.232449,0.703807,0,998.452,5.52889
0.000995002,844.308,0.128068,0.710248,0,998.455,5.52889
0.000995211,839.474,-0.110334,0.712975,0,998.456,5.52889
0.000995406,1065.64,-0.225318,0.709289,0,998.455,5.52889
0.000995605,1195.57,0.0100164,0.704276,0,998.456,5.52889
0.000995807,1070.16,0.216034,0.705315,0,998.458,5.52889
0.000996002,849.748,0.105921,0.711557,0,998.46,5.52889
0.000996211,857.471,-0.115676,0.713789,0,998.461,5.52889
0.000996403,1087.46,-0.196685,0.709631,0,998.461,5.52889
0.000996604,1181.25,0.0265768,0.705511,0,998.461,5.52889
0.000996806,1046.79,0.207347,0.706952,0,998.463,5.52889
0.000997002,856.856,0.0865236,0.712574,0,998.465,5.52889
0.000997204,896.419,-0.149884,0.714186,0,998.466,5.52889
0.000997406,1083.25,-0.180971,0.710469,0,998.466,5.52889
0.000997602,1164.28,0.0516096,0.706499,0,998.466,5.52889
0.000997804,1023.75,0.195577,0.708393,0,998.468,5.52889
0.000998008,871.823,0.0886132,0.71299,0,998.471,5.52889
0.0009982,925.399,-0.158718,0.714349,0,998.471,5.52889
0.000998405,1091.59,-0.157411,0.710733,0,998.471,5.52889
0.000998607,1154.16,0.0398997,0.70749,0,998.472,5.52889
0.000998802,1004.25,0.181478,0.709573,0,998.474,5.52889
0.000999003,871.18,0.0469332,0.713975,0,998.476,5.52889
0.000999206,926.031,-0.141731,0.714694,0,998.476,5.52889
0.000999408,1084.5,-0.146476,0.71127,0,998.476,5.52889
0.000999602,1135.82,0.0680803,0.708071,0,998.477,5.52889
0.000999804,1000.68,0.168134,0.710193,0,998.479,5.52889
0.00100001,881.442,0.0444793,0.714141,0,998.481,5.52889
0.00100021,937.417,-0.136162,0.714717,0,998.482,5.52889
0.00100041,1079.76,-0.135204,0.711561,0,998.482,5.52889
0.00100061,1125.99,0.0639973,0.708593,0,998.482,5.52889
0.0010008,983.559,0.152364,0.710956,0,998.484,5.52889
0.001001,887.257,0.0160011,0.714478,0,998.486,5.52889
0.0010012,964.069,-0.13988,0.714309,0,998.487,5.52889
0.0010014,1101.22,-0.0959067,0.710808,0,998.487,5.52889
0.00100161,1118.94,0.0539331,0.708935,0,998.488,5.52889
0.0010018,984.281,0.140525,0.711106,0,998.49,5.52889
0.00100201,896.826,0.0177626,0.714263,0,998.491,5.52889
0.0010022,970.221,-0.130657,0.714063,0,998.492,5.52889
0.00100241,1092,-0.0919275,0.710925,0,998.492,5.52889
0.0010026,1096.83,0.0811734,0.709082,0,998.493,5.52889
0.0010028,968.05,0.122688,0.711531,0,998.495,5.52889
0.001003,904.602,-0.00550343,0.714171,0,998.496,5.52889
0.00100321,973.39,-0.120855,0.713717,0,998.497,5.52889
0.0010034,1099.77,-0.060305,0.710231,0,998.497,5.52889
0.00100361,1090.34,0.0748879,0.709049,0,998.498,5.52889
0.0010038,971.301,0.113447,0.711278,0,998.5,5.52889
0.00100401,912.569,-0.00495963,0.713686,0,998.501,5.52889
0.0010042,998.35,-0.118559,0.712807,0,998.502,5.52889
0.0010044,1092.81,-0.056093,0.709986,0,998.502,5.52889
0.00100461,1084.4,0.0689589,0.708851,0,998.503,5.52889
0.00100481,975.209,0.105369,0.710852,0,998.505,5.52889
0.001005,921.82,-0.0235045,0.713218,0,998.506,5.52889
0.0010052,1000.75,-0.109809,0.712193,0,998.507,5.52889
0.00100541,1087.07,-0.0506023,0.709558,0,998.507,5.52889
0.00100561,1078.68,0.0638627,0.708499,0,998.508,5.52889
0.0010058,963.034,0.0877214,0.710745,0,998.51,5.52889
0.00100601,928.482,-0.0216828,0.712467,0,998.512,5.52889
0.00100621,1001.38,-0.10148,0.711486,0,998.512,5.52889
0.0010064,1087.43,-0.0275096,0.708691,0,998.512,5.52889
0.0010066,1055.96,0.0805456,0.708191,0,998.514,5.52889
0.00100681,966.627,0.0811132,0.710041,0,998.515,5.52889
0.001007,936.561,-0.0293301,0.71165,0,998.517,5.52889
0.00100721,2.38134,1.17394,0.698203,0,998.513,5.52889
0.0010074,5.04661,2.4822,0.612892,0,998.447,5.52889
0.0010076,1251.67,0.983063,0.643604,0,998.437,5.52889
0.0010078,962.989,-0.28746,0.701934,0,998.44,5.52889
0.001008,1219.31,-0.112814,0.7003,0,998.439,5.52889
0.00100821,1179.8,0.183643,0.698965,0,998.441,5.52889
0.0010084,909.225,0.24734,0.704793,0,998.444,5.52889
0.0010086,796.12,-0.0650911,0.710743,0,998.446,5.52889
0.00100881,972.437,-0.26615,0.709127,0,998.446,5.52889
0.001009,1208.19,-0.0985434,0.702495,0,998.445,5.52889
0.0010092,1140.04,0.206848,0.701344,0,998.446,5.52889
0.0010094,897.032,0.218186,0.707001,0,998.449,5.52889
0.0010096,809.385,-0.0568857,0.71197,0,998.451,5.52889
0.0010098,989.568,-0.251102,0.710141,0,998.451,5.52889
0.00101001,1190.44,-0.105239,0.704467,0,998.45,5.52889
0.00101021,1161.56,0.155772,0.702823,0,998.452,5.52889
0.00101041,910.29,0.207714,0.708211,0,998.454,5.52889
0.00101061,822.766,-0.051796,0.712973,0,998.456,5.52889
0.00101081,993.991,-0.234319,0.71118,0,998.456,5.52889
0.001011,1183.61,-0.0816451,0.70564,0,998.456,5.52889
0.0010112,1112.35,0.189287,0.704798,0,998.457,5.52889
0.00101141,914.505,0.19111,0.709441,0,998.46,5.52889
0.00101161,838.398,-0.0600942,0.713819,0,998.461,5.52889
0.0010118,1013.41,-0.218412,0.711654,0,998.461,5.52889
0.001012,1177.65,-0.0497749,0.706479,0,998.461,5.52889
0.0010122,1088.86,0.187835,0.706318,0,998.463,5.52889
0.00101241,906.126,0.163939,0.710828,0,998.465,5.52889
0.0010126,863.997,-0.0962895,0.714488,0,998.466,5.52889
0.0010128,1028.09,-0.200977,0.711999,0,998.466,5.52889
0.001013,1168.53,-0.0203612,0.707198,0,998.466,5.52889
0.00101321,1100.17,0.160376,0.707102,0,998.468,5.52889
0.0010134,894.415,0.128879,0.712153,0,998.47,5.52889
0.00101361,869.354,-0.0739191,0.714831,0,998.472,5.52889
0.0010138,1045.45,-0.18177,0.712057,0,998.471,5.52889
0.001014,1156.54,-0.0203942,0.70807,0,998.472,5.52889
0.0010142,1057.75,0.1713,0.708503,0,998.473,5.52889
0.0010144,901.389,0.116825,0.712635,0,998.476,5.52889
0.0010146,899.711,-0.110004,0.714983,0,998.477,5.52889
0.00101481,1039.17,-0.169185,0.712517,0,998.477,5.52889
0.001015,1146.72,0.00536805,0.70844,0,998.477,5.52889
0.0010152,1058.05,0.157112,0.709002,0,998.479,5.52889
0.00101541,911.071,0.110828,0.712807,0,998.481,5.52889
0.0010156,906.084,-0.0993716,0.715029,0,998.482,5.52889
0.0010158,1060.28,-0.147757,0.712086,0,998.482,5.52889
0.001016,1136.39,0.00687723,0.708878,0,998.482,5.52889
0.00101621,1051.19,0.146767,0.709442,0,998.484,5.52889
0.0010164,900.67,0.0706522,0.713582,0,998.486,5.52889
0.00101661,915.287,-0.0940723,0.714884,0,998.487,5.52889
0.00101681,1053.46,-0.138109,0.712223,0,998.487,5.52889
0.001017,1124.32,0.0312878,0.708955,0,998.487,5.52889
0.0010172,1026.31,0.142347,0.710056,0,998.489,5.52889
0.0010174,908.391,0.0640433,0.713452,0,998.491,5.52889
0.00101761,918.405,-0.0801617,0.714622,0,998.492,5.52889
0.0010178,1071.49,-0.113879,0.711493,0,998.492,5.52889
0.001018,1116.21,0.0255486,0.709075,0,998.493,5.52889
0.00101821,1023.42,0.131878,0.710072,0,998.494,5.52889
0.00101841,917.657,0.0628774,0.713073,0,998.496,5.52889
0.0010186,950.519,-0.105603,0.713942,0,998.497,5.52889
0.0010188,1066.99,-0.105119,0.711263,0,998.497,5.52889
0.001019,1103.08,0.0457959,0.708899,0,998.498,5.52889
0.0010192,1005.57,0.122824,0.710259,0,998.5,5.52889
0.0010194,916.701,0.0346001,0.71304,0,998.501,5.52889
0.0010196,954.784,-0.0974067,0.713402,0,998.502,5.52889
0.00101981,1062.58,-0.0972301,0.710891,0,998.502,5.52889
0.00102,1096.14,0.0419396,0.708671,0,998.503,5.52889
0.0010202,1006.03,0.113527,0.70989,0,998.505,5.52889
0.00102041,923.156,0.0294528,0.712468,0,998.507,5.52889
0.00102061,960.99,-0.0917889,0.712701,0,998.507,5.52889
0.00102081,1058.67,-0.0897846,0.710371,0,998.508,5.52889
0.00102101,1089.1,0.0404099,0.708284,0,998.508,5.52889
0.0010212,991.308,0.102504,0.709746,0,998.51,5.52889
0.0010214,927.228,0.0108424,0.71195,0,998.512,5.52889
0.00102161,964.626,-0.0847813,0.71191,0,998.512,5.52889
0.0010218,1070.26,-0.0663214,0.70922,0,998.513,5.52889
0.00102201,1083.14,0.0371989,0.707757,0,998.514,5.52889
0.0010222,992.781,0.0947545,0.709072,0,998.515,5.52889
0.0010224,933.298,0.00780866,0.711103,0,998.517,5.52889
0.00102261,3.12944,1.54193,0.691172,0,998.511,5.52889
0.0010228,5.05348,2.48557,0.611951,0,998.444,5.52889
0.00102301,1251.31,0.925779,0.645439,0,998.435,5.52889
0.00102321,919.5,-0.270296,0.703165,0,998.439,5.52889
0.0010234,1210.59,-0.136237,0.700535,0,998.437,5.52889
0.0010236,1165.94,0.202672,0.698876,0,998.439,5.52889
0.0010238,913.438,0.250144,0.704476,0,998.442,5.52889
0.00102401,790.42,-0.0214417,0.710267,0,998.444,5.52889
0.0010242,981.386,-0.268132,0.708768,0,998.443,5.52889
0.0010244,1195.71,-0.131715,0.70295,0,998.443,5.52889
0.00102461,1175.53,0.162492,0.700839,0,998.444,5.52889
0.00102481,929.055,0.239241,0.705943,0,998.447,5.52889
0.001025,806.82,-0.0425527,0.711755,0,998.449,5.52889
0.0010252,991.72,-0.251907,0.709976,0,998.449,5.52889
0.0010254,1192.09,-0.101976,0.704281,0,998.448,5.52889
0.00102561,1168.79,0.144702,0.702666,0,998.45,5.52889
0.00102581,927.483,0.219307,0.707621,0,998.452,5.52889
0.00102601,819.528,-0.0300132,0.71275,0,998.454,5.52889
0.00102621,983.217,-0.233166,0.711336,0,998.454,5.52889
0.0010264,1184.58,-0.0797444,0.705531,0,998.454,5.52889
0.00102661,1152.18,0.144048,0.704299,0,998.455,5.52889
0.0010268,908.358,0.186826,0.709569,0,998.458,5.52889
0.001027,840.163,-0.0691908,0.713826,0,998.459,5.52889
0.0010272,1004.24,-0.218954,0.711835,0,998.459,5.52889
0.0010274,1171.91,-0.0752349,0.706843,0,998.459,5.52889
0.0010276,1109.25,0.172728,0.705998,0,998.461,5.52889
0.0010278,912.78,0.170902,0.710606,0,998.463,5.52889
0.00102801,848.498,-0.0457375,0.714348,0,998.465,5.52889
0.0010282,1022.39,-0.202337,0.712152,0,998.464,5.52889
0.0010284,1164.52,-0.0516953,0.707622,0,998.464,5.52889
0.00102861,1098.97,0.162354,0.707137,0,998.466,5.52889
0.00102881,922.611,0.160244,0.711254,0,998.468,5.52889
0.001029,868.811,-0.0742047,0.71489,0,998.47,5.52889
0.00102921,1019.37,-0.187324,0.712752,0,998.47,5.52889
0.0010294,1157.1,-0.0204669,0.708117,0,998.47,5.52889
0.00102961,1089.46,0.152572,0.708045,0,998.471,5.52889
0.0010298,900.962,0.117268,0.712715,0,998.474,5.52889
0.00103,890.585,-0.0951998,0.715126,0,998.475,5.52889
0.0010302,1034,-0.171261,0.712744,0,998.475,5.52889
0.0010304,1146.91,-0.0131712,0.708717,0,998.475,5.52889
0.0010306,1057.91,0.157799,0.709103,0,998.477,5.52889
0.0010308,910.588,0.111011,0.712927,0,998.479,5.52889
0.00103101,888.84,-0.0632222,0.71518,0,998.48,5.52889
0.0010312,1040.42,-0.156433,0.712744,0,998.48,5.52889
0.0010314,1136.82,0.0069091,0.709001,0,998.48,5.52889
0.0010316,1051.33,0.147275,0.709574,0,998.482,5.52889
0.00103181,916.775,0.100825,0.713072,0,998.484,5.52889
0.001032,914.966,-0.0944015,0.715048,0,998.485,5.52889
0.0010322,1053.61,-0.138582,0.712384,0,998.485,5.52889
0.0010324,1127.21,0.00807851,0.709285,0,998.485,5.52889
0.00103261,1053.17,0.133764,0.709709,0,998.487,5.52889
0.0010328,908.042,0.0642621,0.713638,0,998.489,5.52889
0.00103301,918.101,-0.0804551,0.714818,0,998.49,5.52889
0.0010332,1052.34,-0.127111,0.712244,0,998.49,5.52889
0.0010334,1116.57,0.0256551,0.709264,0,998.491,5.52889
0.0010336,1023.46,0.132336,0.710271,0,998.492,5.52889
0.0010338,917.33,0.0630738,0.713289,0,998.494,5.52889
0.00103401,927.115,-0.077957,0.714407,0,998.495,5.52889
0.0010342,1067.2,-0.105479,0.711484,0,998.495,5.52889
0.0010344,1108.5,0.0238131,0.709219,0,998.496,5.52889
0.0010346,1022.51,0.122308,0.710116,0,998.498,5.52889
0.00103481,924.462,0.0585802,0.712867,0,998.499,5.52889
0.001035,954.608,-0.0977555,0.713654,0,998.5,5.52889
0.0010352,1062.77,-0.0975634,0.711141,0,998.5,5.52889
0.0010354,1096.44,0.0421041,0.708919,0,998.501,5.52889
0.0010356,1006.01,0.11392,0.710149,0,998.503,5.52889
0.0010358,922.858,0.0295535,0.712741,0,998.505,5.52889
0.001036,960.825,-0.0921095,0.712981,0,998.505,5.52889
0.00103621,1058.84,-0.0900949,0.710648,0,998.506,5.52889
0.0010364,1089.37,0.040557,0.70856,0,998.506,5.52889
0.0010366,1006.22,0.105287,0.709668,0,998.508,5.52889
0.0010368,929.453,0.0273361,0.712027,0,998.51,5.52889
0.00103701,964.474,-0.085078,0.712215,0,998.51,5.52889
0.00103721,1055.09,-0.0832991,0.710024,0,998.511,5.52889
0.00103741,1083.39,0.0373349,0.708059,0,998.512,5.52889
0.0010376,992.721,0.095083,0.709383,0,998.513,5.52889
0.0010378,934.013,0.0172282,0.711309,0,998.515,5.52889
0.00103801,3.71736,1.83113,0.684943,0,998.507,5.52889
0.0010382,677.655,2.40653,0.611288,0,998.438,5.52889
0.0010384,1250.8,0.846804,0.648723,0,998.435,5.52889
0.00103861,852.012,-0.215468,0.705449,0,998.439,5.52889
0.00103881,1128.41,-0.243539,0.703865,0,998.438,5.52889
0.001039,1218.2,0.103006,0.698987,0,998.438,5.52889
0.00103921,1027.66,0.275788,0.701971,0,998.441,5.52889
0.0010394,796.859,0.0669663,0.709536,0,998.444,5.52889
0.00103961,875.528,-0.211663,0.710866,0,998.444,5.52889
0.0010398,1151,-0.200022,0.704898,0,998.443,5.52889
0.00104,1199.84,0.112001,0.701028,0,998.444,5.52889
0.0010402,996.667,0.258393,0.704479,0,998.446,5.52889
0.00104041,813.628,0.0757933,0.710676,0,998.449,5.52889
0.0010406,901.32,-0.21304,0.711843,0,998.449,5.52889
0.0010408,1151.6,-0.175262,0.706132,0,998.449,5.52889
0.001041,1188.56,0.101162,0.702839,0,998.449,5.52889
0.00104121,997.857,0.240982,0.706021,0,998.452,5.52889
0.0010414,823.555,0.0546687,0.712007,0,998.454,5.52889
0.0010416,922.33,-0.208065,0.712621,0,998.454,5.52889
0.00104181,1123.46,-0.18312,0.708102,0,998.454,5.52889
0.001042,1174.17,0.0991099,0.70439,0,998.455,5.52889
0.0010422,967.477,0.218312,0.708077,0,998.457,5.52889
0.00104241,835.242,0.0420558,0.712981,0,998.459,5.52889
0.00104261,923.054,-0.189452,0.71349,0,998.46,5.52889
0.0010428,1142.66,-0.136982,0.708227,0,998.459,5.52889
0.00104301,1162.77,0.090801,0.705707,0,998.46,5.52889
0.0010432,966.696,0.201061,0.709198,0,998.463,5.52889
0.00104341,845.877,0.0184972,0.713861,0,998.465,5.52889
0.0010436,959.387,-0.191785,0.71354,0,998.465,5.52889
0.00104381,1132.25,-0.127407,0.70917,0,998.465,5.52889
0.001044,1133.96,0.119689,0.706828,0,998.466,5.52889
0.0010442,948.955,0.177038,0.710548,0,998.468,5.52889
0.0010444,857.703,-0.00875459,0.714539,0,998.47,5.52889
0.00104461,959.683,-0.175878,0.714014,0,998.47,5.52889
0.0010448,1140.78,-0.0847307,0.709149,0,998.47,5.52889
0.001045,1122.29,0.114511,0.707699,0,998.471,5.52889
0.0010452,956.802,0.165392,0.711005,0,998.473,5.52889
0.0010454,870.845,-0.028225,0.714913,0,998.475,5.52889
0.0010456,990.392,-0.171062,0.713715,0,998.475,5.52889
0.0010458,1129.98,-0.081629,0.709763,0,998.475,5.52889
0.00104601,1117.36,0.100994,0.708307,0,998.476,5.52889
0.00104621,957.875,0.151972,0.711439,0,998.478,5.52889
0.0010464,881.904,-0.0328767,0.715001,0,998.48,5.52889
0.0010466,996.554,-0.159311,0.713714,0,998.48,5.52889
0.00104681,1122.05,-0.0729433,0.710073,0,998.48,5.52889
0.00104701,1106.55,0.0977937,0.708763,0,998.482,5.52889
0.0010472,943.258,0.128379,0.712144,0,998.484,5.52889
0.00104741,891.752,-0.031535,0.714879,0,998.485,5.52889
0.0010476,1013.54,-0.148046,0.713299,0,998.485,5.52889
0.0010478,1122.87,-0.0378506,0.709751,0,998.486,5.52889
0.001048,1078.3,0.115509,0.709233,0,998.487,5.52889
0.00104821,947.023,0.117663,0.712141,0,998.489,5.52889
0.0010484,905.743,-0.0503299,0.714694,0,998.49,5.52889
0.0010486,1015.25,-0.136782,0.713061,0,998.49,5.52889
0.0010488,1113.69,-0.0377953,0.709836,0,998.491,5.52889
0.00104901,1071.39,0.108359,0.709305,0,998.492,5.52889
0.00104921,951.804,0.108767,0.711935,0,998.494,5.52889
0.0010494,914.428,-0.0490989,0.714271,0,998.495,5.52889
0.00104961,1014.97,-0.126425,0.712718,0,998.496,5.52889
0.0010498,1109.12,-0.0152295,0.709441,0,998.496,5.52889
0.00105001,1066.83,0.100075,0.709181,0,998.497,5.52889
0.0010502,938.267,0.0815717,0.712172,0,998.499,5.52889
0.00105041,921.584,-0.0451596,0.713706,0,998.5,5.52889
0.0010506,1031.14,-0.114042,0.71184,0,998.501,5.52889
0.0010508,1101.58,-0.0144021,0.709179,0,998.501,5.52889
0.001051,1042.87,0.105756,0.709216,0,998.503,5.52889
0.0010512,941.565,0.0724521,0.711708,0,998.504,5.52889
0.00105141,928.914,-0.0436925,0.713018,0,998.506,5.52889
0.0010516,1030.51,-0.105118,0.711231,0,998.506,5.52889
0.0010518,1095.26,0.00432565,0.708577,0,998.506,5.52889
0.00105201,1040.26,0.0977926,0.708763,0,998.508,5.52889
0.00105221,946.754,0.0669882,0.71103,0,998.51,5.52889
0.0010524,946.052,-0.0633847,0.712193,0,998.511,5.52889
0.0010526,1041.48,-0.0920047,0.710192,0,998.511,5.52889
0.0010528,1088.79,0.00390771,0.708034,0,998.512,5.52889
0.00105301,1038.09,0.0903148,0.708166,0,998.513,5.52889
0.00105321,949.902,0.0595043,0.71029,0,998.515,5.52889
0.0010534,3.84311,1.89299,0.683336,0,998.506,5.52889
0.0010536,816.018,2.38751,0.610472,0,998.435,5.52889
0.0010538,1250.52,0.802999,0.650124,0,998.433,5.52889
0.001054,859.007,-0.223323,0.705044,0,998.437,5.52889
0.0010542,1128.38,-0.243566,0.703661,0,998.436,5.52889
0.0010544,1224.51,0.0796814,0.698885,0,998.436,5.52889
0.0010546,1018.29,0.276567,0.701987,0,998.439,5.52889
0.00105481,812.462,0.11974,0.708509,0,998.442,5.52889
0.00105501,861.501,-0.196534,0.710874,0,998.442,5.52889
0.0010552,1141.67,-0.209517,0.705052,0,998.441,5.52889
0.0010554,1209.38,0.0804046,0.700989,0,998.442,5.52889
0.0010556,999.099,0.258216,0.704295,0,998.445,5.52889
0.0010558,810.613,0.0605583,0.710768,0,998.447,5.52889
0.00105601,873.343,-0.185665,0.712098,0,998.448,5.52889
0.00105621,1117.19,-0.209063,0.707151,0,998.447,5.52889
0.0010564,1187.65,0.102321,0.702756,0,998.447,5.52889
0.0010566,987.244,0.239329,0.70619,0,998.45,5.52889
0.0010568,824.383,0.0565529,0.711898,0,998.452,5.52889
0.001057,919.801,-0.205751,0.712592,0,998.453,5.52889
0.00105721,1114.06,-0.190838,0.708339,0,998.452,5.52889
0.0010574,1174,0.0984409,0.704356,0,998.453,5.52889
0.00105761,1001.37,0.22371,0.707236,0,998.455,5.52889
0.0010578,836.725,0.0481559,0.712862,0,998.457,5.52889
0.001058,931.959,-0.194625,0.713322,0,998.458,5.52889
0.0010582,1129.21,-0.154173,0.708694,0,998.457,5.52889
0.00105841,1163.59,0.0874813,0.705721,0,998.458,5.52889
0.0010586,972.739,0.202396,0.709058,0,998.461,5.52889
0.0010588,846.331,0.0199176,0.713853,0,998.463,5.52889
0.001059,957.418,-0.190513,0.713596,0,998.463,5.52889
0.0010592,1130.45,-0.129407,0.709264,0,998.463,5.52889
0.0010594,1136.38,0.114938,0.706862,0,998.464,5.52889
0.00105961,976.158,0.187429,0.709889,0,998.466,5.52889
0.0010598,857.95,-0.00602152,0.714564,0,998.468,5.52889
0.00106,957.903,-0.17465,0.714107,0,998.468,5.52889
0.00106021,1120.03,-0.121656,0.710058,0,998.468,5.52889
0.0010604,1125.16,0.109291,0.707767,0,998.469,5.52889
0.0010606,953.803,0.163484,0.711179,0,998.471,5.52889
0.0010608,869.899,-0.0178513,0.714929,0,998.473,5.52889
0.001061,983.371,-0.169264,0.713958,0,998.473,5.52889
0.0010612,1129.58,-0.0821671,0.709888,0,998.473,5.52889
0.00106141,1117.34,0.100713,0.708428,0,998.474,5.52889
0.0010616,957.963,0.151816,0.711563,0,998.476,5.52889
0.0010618,882.046,-0.0328221,0.715129,0,998.478,5.52889
0.001062,996.568,-0.159131,0.713851,0,998.478,5.52889
0.0010622,1121.92,-0.0728649,0.710221,0,998.478,5.52889
0.00106241,1106.45,0.0976751,0.708919,0,998.48,5.52889
0.0010626,943.341,0.128238,0.712303,0,998.482,5.52889
0.0010628,891.887,-0.0314996,0.715042,0,998.483,5.52889
0.00106301,992.563,-0.146279,0.713925,0,998.484,5.52889
0.00106321,1114.39,-0.0651704,0.710391,0,998.484,5.52889
0.0010634,1078.23,0.115368,0.709422,0,998.485,5.52889
0.0010636,947.095,0.117529,0.712333,0,998.487,5.52889
0.00106381,900.311,-0.0258522,0.714773,0,998.488,5.52889
0.001064,1015.24,-0.136626,0.713264,0,998.489,5.52889
0.0010642,1113.58,-0.0377617,0.71005,0,998.489,5.52889
0.0010644,1071.33,0.108233,0.709525,0,998.49,5.52889
0.00106461,951.877,0.108647,0.712159,0,998.492,5.52889
0.0010648,914.536,-0.0490355,0.714498,0,998.493,5.52889
0.001065,1014.96,-0.126281,0.712952,0,998.494,5.52889
0.00106521,1105.76,-0.0348045,0.709949,0,998.494,5.52889
0.00106541,1066.77,0.0999575,0.709431,0,998.495,5.52889
0.00106561,956.179,0.100371,0.711835,0,998.497,5.52889
0.00106581,920.911,-0.042613,0.713954,0,998.499,5.52889
0.00106601,1014.19,-0.116737,0.712508,0,998.499,5.52889
0.0010662,1101.75,-0.0115817,0.709417,0,998.499,5.52889
0.00106641,1059.55,0.0948944,0.709219,0,998.501,5.52889
0.0010666,942.418,0.0734649,0.711959,0,998.503,5.52889
0.00106681,928.442,-0.0419291,0.713297,0,998.504,5.52889
0.001067,1029.43,-0.105301,0.711548,0,998.504,5.52889
0.0010672,1094.79,-0.0107473,0.709029,0,998.504,5.52889
0.0010674,1037.76,0.0988451,0.709111,0,998.506,5.52889
0.0010676,947.602,0.0680041,0.711307,0,998.508,5.52889
0.0010678,944.738,-0.0610407,0.71251,0,998.509,5.52889
0.00106801,1027.84,-0.0973466,0.710862,0,998.509,5.52889
0.0010682,1088.67,0.00527905,0.708345,0,998.51,5.52889
0.0010684,1035.73,0.0913079,0.708537,0,998.511,5.52889
0.0010686,944.722,0.0503127,0.710831,0,998.513,5.52889
0.0010688,4.44225,2.1877,0.676057,0,998.501,5.52889
0.001069,1259.86,2.27416,0.611137,0,998.432,5.52889
0.0010692,1249.77,0.684786,0.654986,0,998.433,5.52889
0.0010694,795.402,-0.11453,0.706777,0,998.438,5.52889
0.0010696,1053.02,-0.279316,0.706076,0,998.437,5.52889
0.0010698,1232.35,-0.0292784,0.700102,0,998.437,5.52889
0.00107001,1121.17,0.239126,0.700356,0,998.438,5.52889
0.00107021,881.21,0.220857,0.706278,0,998.441,5.52889
0.0010704,828.997,-0.148311,0.711399,0,998.443,5.52889
0.0010706,1042.64,-0.2629,0.708083,0,998.442,5.52889
0.0010708,1219.05,-0.0181285,0.701999,0,998.442,5.52889
0.00107101,1121.73,0.217761,0.702198,0,998.444,5.52889
0.00107121,865.478,0.181395,0.708599,0,998.447,5.52889
0.00107141,824.582,-0.101306,0.712586,0,998.448,5.52889
0.0010716,1051.55,-0.24306,0.709174,0,998.448,5.52889
0.00107181,1204.38,-0.030328,0.703898,0,998.447,5.52889
0.001072,1077.34,0.226492,0.704491,0,998.449,5.52889
0.0010722,860.525,0.149091,0.710364,0,998.452,5.52889
0.00107241,840.969,-0.104499,0.713542,0,998.453,5.52889
0.0010726,1056.44,-0.224045,0.710121,0,998.453,5.52889
0.0010728,1192.17,-0.00980031,0.705168,0,998.453,5.52889
0.001073,1068.97,0.21228,0.705971,0,998.455,5.52889
0.0010732,861.492,0.122361,0.711709,0,998.457,5.52889
0.00107341,852.59,-0.0960869,0.71426,0,998.459,5.52889
0.00107361,1060.79,-0.205303,0.710852,0,998.458,5.52889
0.0010738,1178.21,0.0237074,0.706119,0,998.458,5.52889
0.00107401,1067.73,0.195227,0.707095,0,998.46,5.52889
0.0010742,861.575,0.0895483,0.71291,0,998.463,5.52889
0.0010744,886.463,-0.130964,0.714677,0,998.464,5.52889
0.0010746,1073.19,-0.182465,0.711143,0,998.463,5.52889
0.0010748,1163.4,0.0394568,0.707053,0,998.464,5.52889
0.001075,1024.78,0.191784,0.708801,0,998.466,5.52889
0.0010752,874.366,0.0869249,0.713324,0,998.468,5.52889
0.00107541,892.959,-0.116918,0.715026,0,998.469,5.52889
0.0010756,1090.07,-0.154483,0.711076,0,998.468,5.52889
0.0010758,1151.49,0.0391256,0.707877,0,998.469,5.52889
0.00107601,1029.23,0.17652,0.709365,0,998.471,5.52889
0.0010762,876.455,0.0569494,0.714043,0,998.473,5.52889
0.0010764,928.817,-0.140388,0.714884,0,998.474,5.52889
0.0010766,1085.56,-0.142202,0.711452,0,998.474,5.52889
0.00107681,1141.66,0.0337022,0.708512,0,998.474,5.52889
0.001077,1001.16,0.164967,0.710428,0,998.476,5.52889
0.0010772,883.921,0.0438419,0.71429,0,998.478,5.52889
0.0010774,938.707,-0.133512,0.714844,0,998.479,5.52889
0.00107761,1078.37,-0.132683,0.711732,0,998.479,5.52889
0.0010778,1123.8,0.0627343,0.708804,0,998.48,5.52889
0.001078,1005.65,0.152721,0.71059,0,998.482,5.52889
0.0010782,893.216,0.03958,0.714231,0,998.483,5.52889
0.00107841,938.74,-0.118676,0.714769,0,998.484,5.52889
0.00107861,1075.39,-0.120897,0.711721,0,998.484,5.52889
0.00107881,1116.9,0.0528216,0.709062,0,998.485,5.52889
0.001079,984.782,0.137858,0.711177,0,998.487,5.52889
0.0010792,898.976,0.0174631,0.714258,0,998.489,5.52889
0.0010794,970.917,-0.128145,0.714049,0,998.489,5.52889
0.0010796,1090.37,-0.0902722,0.710957,0,998.489,5.52889
0.00107981,1108.3,0.0504582,0.709121,0,998.49,5.52889
0.00108,985.097,0.126981,0.711088,0,998.492,5.52889
0.00108021,907.213,0.0146611,0.713881,0,998.494,5.52889
0.0010804,974.03,-0.118529,0.713634,0,998.494,5.52889
0.00108061,1084.36,-0.0833236,0.710742,0,998.494,5.52889
0.0010808,1088.83,0.0734041,0.709025,0,998.495,5.52889
0.00108101,987.064,0.117396,0.710797,0,998.497,5.52889
0.0010812,914.417,-0.00483028,0.713544,0,998.499,5.52889
0.00108141,976.562,-0.109468,0.713089,0,998.499,5.52889
0.00108161,1078.48,-0.0773475,0.710387,0,998.5,5.52889
0.00108181,1083.01,0.0675744,0.708757,0,998.501,5.52889
0.001082,975.875,0.103365,0.710705,0,998.502,5.52889
0.0010822,921.678,-0.00558368,0.712877,0,998.504,5.52889
0.00108241,980.637,-0.101907,0.712383,0,998.504,5.52889
0.0010826,1085.58,-0.0496644,0.709393,0,998.505,5.52889
0.00108281,1077.39,0.0625969,0.708339,0,998.506,5.52889
0.00108301,978.474,0.0955477,0.710104,0,998.508,5.52889
0.0010832,930.027,-0.0212588,0.712203,0,998.509,5.52889
0.0010834,1001.52,-0.0995403,0.711227,0,998.509,5.52889
0.00108361,1079.79,-0.046011,0.70879,0,998.51,5.52889
0.00108381,1072.38,0.0576634,0.707778,0,998.511,5.52889
0.00108401,978.152,0.0869045,0.70945,0,998.513,5.52889
0.0010842,4.96098,2.44268,0.668808,0,998.499,5.52889
0.0010844,1259.31,2.18754,0.611482,0,998.433,5.52889
0.00108461,1249.17,0.591902,0.658342,0,998.434,5.52889
0.0010848,783.022,-0.067474,0.706651,0,998.438,5.52889
0.001085,990.034,-0.282888,0.707309,0,998.438,5.52889
0.0010852,1216.6,-0.107634,0.700994,0,998.437,5.52889
0.00108541,1173.52,0.185812,0.699446,0,998.439,5.52889
0.0010856,881.909,0.221406,0.705978,0,998.442,5.52889
0.0010858,806.229,-0.0910389,0.711075,0,998.443,5.52889
0.001086,1007.53,-0.265835,0.708619,0,998.443,5.52889
0.0010862,1209.68,-0.0799277,0.702544,0,998.443,5.52889
0.0010864,1125.34,0.214712,0.701847,0,998.444,5.52889
0.00108661,901.539,0.216463,0.707154,0,998.447,5.52889
0.00108681,812.478,-0.0546063,0.712096,0,998.449,5.52889
0.001087,1019.31,-0.248063,0.709637,0,998.448,5.52889
0.0010872,1198.32,-0.0672724,0.704086,0,998.448,5.52889
0.0010874,1118.44,0.199848,0.703512,0,998.45,5.52889
0.0010876,893.62,0.188954,0.708911,0,998.452,5.52889
0.00108781,827.795,-0.0604687,0.713075,0,998.454,5.52889
0.001088,1031.89,-0.229702,0.71039,0,998.453,5.52889
0.0010882,1188.7,-0.0448839,0.705252,0,998.453,5.52889
0.00108841,1116.33,0.180909,0.704874,0,998.455,5.52889
0.00108861,902.997,0.176565,0.709904,0,998.458,5.52889
0.00108881,844.496,-0.071098,0.713838,0,998.459,5.52889
0.001089,1032.13,-0.212904,0.71121,0,998.459,5.52889
0.0010892,1175.75,-0.0424334,0.706467,0,998.459,5.52889
0.0010894,1092.47,0.180841,0.70631,0,998.46,5.52889
0.00108961,908.657,0.161488,0.710783,0,998.463,5.52889
0.00108981,864.642,-0.0893919,0.714379,0,998.464,5.52889
0.00109,1048.22,-0.192724,0.711421,0,998.464,5.52889
0.0010902,1165.42,-0.0221014,0.707229,0,998.464,5.52889
0.0010904,1060.47,0.181881,0.707705,0,998.466,5.52889
0.0010906,894.685,0.123934,0.712109,0,998.468,5.52889
0.00109081,872.561,-0.0744086,0.714664,0,998.469,5.52889
0.00109101,1040.97,-0.179467,0.712022,0,998.469,5.52889
0.0010912,1154.54,0.0102927,0.707682,0,998.469,5.52889
0.00109141,1062.29,0.16557,0.708316,0,998.471,5.52889
0.0010916,891.095,0.0943405,0.712929,0,998.473,5.52889
0.0010918,904.898,-0.112879,0.714726,0,998.474,5.52889
0.001092,1063.2,-0.156957,0.711673,0,998.474,5.52889
0.0010922,1144.16,0.00733692,0.708283,0,998.475,5.52889
0.00109241,1053.64,0.155858,0.708905,0,998.476,5.52889
0.0010926,893.866,0.074882,0.713322,0,998.479,5.52889
0.00109281,909.497,-0.0999701,0.714725,0,998.48,5.52889
0.00109301,1056.24,-0.146586,0.711919,0,998.48,5.52889
0.0010932,1131.35,0.033306,0.708472,0,998.48,5.52889
0.0010934,1027.09,0.151181,0.709669,0,998.482,5.52889
0.0010936,902.092,0.0679534,0.713294,0,998.484,5.52889
0.00109381,912.904,-0.0854052,0.714557,0,998.485,5.52889
0.001094,1075.36,-0.120854,0.711255,0,998.485,5.52889
0.0010942,1122.72,0.0273907,0.708711,0,998.485,5.52889
0.0010944,1024.11,0.140056,0.709798,0,998.487,5.52889
0.00109461,911.814,0.0664759,0.71301,0,998.489,5.52889
0.0010948,947.045,-0.112317,0.713947,0,998.49,5.52889
0.001095,1069.88,-0.112133,0.711148,0,998.49,5.52889
0.00109521,1114.05,0.0263586,0.708741,0,998.491,5.52889
0.0010954,1003.21,0.130304,0.710158,0,998.492,5.52889
0.0010956,910.491,0.0349473,0.713114,0,998.494,5.52889
0.0010958,951.988,-0.103985,0.713486,0,998.495,5.52889
0.00109601,1065.42,-0.103583,0.710865,0,998.495,5.52889
0.0010962,1100.86,0.0465104,0.708514,0,998.496,5.52889
0.0010964,1003.81,0.120446,0.709884,0,998.498,5.52889
0.00109661,918.044,0.0324203,0.712583,0,998.499,5.52889
0.00109681,956.176,-0.0959427,0.712897,0,998.5,5.52889
0.00109701,1061.04,-0.0958724,0.710443,0,998.5,5.52889
0.00109721,1094.04,0.0427774,0.708232,0,998.501,5.52889
0.0010974,990.118,0.108844,0.709809,0,998.503,5.52889
0.0010976,922.099,0.0114844,0.712174,0,998.504,5.52889
0.00109781,961.873,-0.0900803,0.712157,0,998.505,5.52889
0.001098,1074.05,-0.0703543,0.709323,0,998.505,5.52889
0.00109821,1087.63,0.0396259,0.707798,0,998.506,5.52889
0.0010984,991.661,0.100611,0.709221,0,998.508,5.52889
0.0010986,928.75,0.0106509,0.711374,0,998.509,5.52889
0.0010988,982.786,-0.0941215,0.711049,0,998.51,5.52889
0.00109901,1069.12,-0.0651163,0.708671,0,998.51,5.52889
0.0010992,1072.35,0.0576416,0.707236,0,998.511,5.52889
0.0010994,990.243,0.0921779,0.708576,0,998.513,5.52889
0.0010996,5.1769,2.54582,0.659484,0,998.495,5.52889
0.0010998,1259.11,2.1559,0.610924,0,998.431,5.52889
0.00110001,1248.79,0.53208,0.660139,0,998.432,5.52889
0.0011002,779.776,-0.0487626,0.706125,0,998.437,5.52889
0.0011004,987.017,-0.282714,0.706873,0,998.436,5.52889
0.0011006,1207.37,-0.132756,0.70097,0,998.436,5.52889
0.0011008,1173.13,0.186706,0.698969,0,998.437,5.52889
0.001101,911.547,0.243865,0.70464,0,998.44,5.52889
0.0011012,796.276,-0.0443957,0.710399,0,998.442,5.52889
0.00110141,964.609,-0.259993,0.709096,0,998.442,5.52889
0.0011016,1197.75,-0.117533,0.70277,0,998.441,5.52889
0.00110181,1175.5,0.155168,0.700907,0,998.442,5.52889
0.00110201,926.184,0.232722,0.706048,0,998.445,5.52889
0.0011022,812.561,-0.0552564,0.711711,0,998.447,5.52889
0.0011024,983.459,-0.24605,0.710053,0,998.447,5.52889
0.00110261,1186.35,-0.106737,0.704392,0,998.446,5.52889
0.00110281,1162.63,0.147692,0.70269,0,998.448,5.52889
0.001103,897.49,0.192519,0.708448,0,998.451,5.52889
0.0011032,827.083,-0.057057,0.712727,0,998.452,5.52889
0.0011034,999.611,-0.23086,0.710813,0,998.452,5.52889
0.00110361,1177.24,-0.090595,0.705664,0,998.452,5.52889
0.0011038,1111.77,0.185031,0.704637,0,998.453,5.52889
0.001104,898.441,0.172216,0.70976,0,998.456,5.52889
0.0011042,842.633,-0.0636718,0.713532,0,998.457,5.52889
0.0011044,1022.9,-0.213929,0.711164,0,998.457,5.52889
0.0011046,1174.02,-0.0514982,0.706343,0,998.457,5.52889
0.0011048,1099.47,0.175478,0.705963,0,998.459,5.52889
0.00110501,918.657,0.170277,0.710241,0,998.461,5.52889
0.0011052,861.673,-0.0812715,0.714143,0,998.463,5.52889
0.00110541,1018.51,-0.19814,0.711932,0,998.462,5.52889
0.0011056,1165.26,-0.0239414,0.707048,0,998.462,5.52889
0.00110581,1094.39,0.161002,0.70696,0,998.464,5.52889
0.001106,894.796,0.124137,0.711921,0,998.466,5.52889
0.00110621,872.526,-0.074383,0.71449,0,998.468,5.52889
0.0011064,1040.95,-0.179501,0.711858,0,998.468,5.52889
0.0011066,1154.06,-0.0178221,0.707817,0,998.468,5.52889
0.0011068,1062.3,0.165592,0.708169,0,998.469,5.52889
0.001107,896.303,0.104081,0.712581,0,998.472,5.52889
0.00110721,888.874,-0.0849739,0.714685,0,998.473,5.52889
0.0011074,1046.53,-0.164125,0.712,0,998.473,5.52889
0.0011076,1144.09,0.00792487,0.708169,0,998.473,5.52889
0.0011078,1053.46,0.155871,0.708808,0,998.475,5.52889
0.00110801,911.265,0.10645,0.712532,0,998.477,5.52889
0.0011082,909.554,-0.0999582,0.714639,0,998.478,5.52889
0.0011084,1056.23,-0.146523,0.711843,0,998.478,5.52889
0.0011086,1133.95,0.00861306,0.708591,0,998.478,5.52889
0.00110881,1055.44,0.141593,0.709068,0,998.48,5.52889
0.00110901,917.986,0.0973824,0.712598,0,998.482,5.52889
0.00110921,912.942,-0.085368,0.714514,0,998.483,5.52889
0.0011094,1054.86,-0.134412,0.711814,0,998.483,5.52889
0.0011096,1122.68,0.0273765,0.708686,0,998.484,5.52889
0.0011098,1024.11,0.14,0.70978,0,998.485,5.52889
0.00111,911.854,0.0664507,0.712999,0,998.487,5.52889
0.00111021,922.473,-0.0827116,0.7142,0,998.488,5.52889
0.00111041,1052.03,-0.123941,0.711668,0,998.488,5.52889
0.0011106,1114.01,0.0263466,0.708754,0,998.489,5.52889
0.0011108,1020.56,0.129785,0.709791,0,998.491,5.52889
0.00111101,918.468,0.0595848,0.712718,0,998.492,5.52889
0.00111121,929.225,-0.0766824,0.713757,0,998.493,5.52889
0.0011114,1065.39,-0.103543,0.710907,0,998.493,5.52889
0.00111161,1106.15,0.0242721,0.708659,0,998.494,5.52889
0.0011118,1003.81,0.120398,0.70994,0,998.496,5.52889
0.001112,918.082,0.0324086,0.712645,0,998.498,5.52889
0.0011122,956.197,-0.0959024,0.712966,0,998.498,5.52889
0.00111241,1061.02,-0.0958351,0.710519,0,998.499,5.52889
0.0011126,1094.01,0.0427589,0.708315,0,998.499,5.52889
0.0011128,1005.95,0.111376,0.709514,0,998.501,5.52889
0.001113,924.787,0.0288916,0.712035,0,998.503,5.52889
0.00111321,961.894,-0.0900446,0.712259,0,998.503,5.52889
0.00111341,1057.73,-0.0880947,0.709967,0,998.504,5.52889
0.00111361,1087.61,0.0396093,0.707914,0,998.505,5.52889
0.0011138,991.669,0.100571,0.709343,0,998.506,5.52889
0.001114,928.784,0.0106465,0.7115,0,998.508,5.52889
0.00111421,965.457,-0.0831643,0.711456,0,998.509,5.52889
0.0011144,1069.1,-0.0650909,0.708811,0,998.509,5.52889
0.00111461,1081.76,0.0364585,0.70737,0,998.51,5.52889
0.0011148,994.223,0.0933528,0.708625,0,998.511,5.52889
0.001115,4.87516,2.3971,0.65117,0,998.49,5.52889
0.0011152,1258.3,2.0286,0.613008,0,998.431,5.52889
0.0011154,1248.43,0.477088,0.662468,0,998.432,5.52889
0.0011156,785.815,0.0793057,0.705554,0,998.437,5.52889
0.0011158,899.026,-0.247505,0.708687,0,998.437,5.52889
0.00111601,1130.52,-0.23592,0.703883,0,998.437,5.52889
0.0011162,1217.9,0.0912411,0.699029,0,998.437,5.52889
0.0011164,991.038,0.271118,0.702716,0,998.44,5.52889
0.00111661,803.543,0.0798347,0.709135,0,998.442,5.52889
0.00111681,870.835,-0.201148,0.710726,0,998.443,5.52889
0.00111701,1131.79,-0.213396,0.705309,0,998.442,5.52889
0.0011172,1194.55,0.115617,0.700937,0,998.442,5.52889
0.0011174,996.954,0.2541,0.704325,0,998.445,5.52889
0.00111761,814.517,0.0639969,0.710565,0,998.447,5.52889
0.00111781,895.105,-0.202582,0.711663,0,998.448,5.52889
0.00111801,1136.48,-0.186747,0.706357,0,998.447,5.52889
0.0011182,1182.39,0.107232,0.702669,0,998.448,5.52889
0.0011184,985.644,0.235269,0.706086,0,998.45,5.52889
0.0011186,822.212,0.0150105,0.712143,0,998.453,5.52889
0.00111881,919.289,-0.201154,0.712332,0,998.453,5.52889
0.00111901,1135.71,-0.16437,0.707332,0,998.453,5.52889
0.00111921,1170.99,0.0980003,0.704155,0,998.453,5.52889
0.0011194,974.813,0.216125,0.707605,0,998.456,5.52889
0.0011196,836.176,0.0219961,0.712809,0,998.458,5.52889
0.00111981,928.754,-0.188632,0.712996,0,998.458,5.52889
0.00112,1147.66,-0.122216,0.707595,0,998.458,5.52889
0.0011202,1139.12,0.130545,0.705459,0,998.459,5.52889
0.00112041,969.446,0.197814,0.708772,0,998.461,5.52889
0.0011206,848.618,-0.0127098,0.713693,0,998.463,5.52889
0.0011208,957.644,-0.18696,0.713111,0,998.463,5.52889
0.00112101,1127.68,-0.128181,0.708848,0,998.463,5.52889
0.0011212,1128.88,0.121729,0.706477,0,998.464,5.52889
0.0011214,953.437,0.175337,0.710007,0,998.467,5.52889
0.0011216,860.643,-0.00962887,0.714013,0,998.468,5.52889
0.0011218,989.282,-0.181345,0.71292,0,998.468,5.52889
0.001122,1139.4,-0.0803573,0.708644,0,998.468,5.52889
0.00112221,1124.73,0.104758,0.707237,0,998.469,5.52889
0.0011224,937.383,0.149768,0.711076,0,998.472,5.52889
0.0011226,872.951,-0.0260668,0.714318,0,998.473,5.52889
0.0011228,995.469,-0.168952,0.713042,0,998.474,5.52889
0.001123,1128.82,-0.0774188,0.709199,0,998.474,5.52889
0.00112321,1112.33,0.103848,0.707832,0,998.475,5.52889
0.0011234,939.077,0.136091,0.711445,0,998.477,5.52889
0.0011236,884.558,-0.0334922,0.714367,0,998.479,5.52889
0.00112381,991.673,-0.155395,0.713194,0,998.479,5.52889
0.00112401,1120.88,-0.0691305,0.709461,0,998.479,5.52889
0.0011242,1082.2,0.122771,0.708453,0,998.48,5.52889
0.0011244,943.139,0.12479,0.71156,0,998.482,5.52889
0.0011246,899.45,-0.0536039,0.714292,0,998.484,5.52889
0.0011248,1015.69,-0.14511,0.712581,0,998.484,5.52889
0.001125,1120.05,-0.0398706,0.709184,0,998.484,5.52889
0.0011252,1074.98,0.115101,0.708651,0,998.485,5.52889
0.00112541,948.117,0.115287,0.711469,0,998.487,5.52889
0.0011256,908.661,-0.0522887,0.713969,0,998.489,5.52889
0.0011258,1016.47,-0.134063,0.712318,0,998.489,5.52889
0.00112601,1111.94,-0.035994,0.70916,0,998.489,5.52889
0.00112621,1067.42,0.10867,0.708685,0,998.491,5.52889
0.00112641,951.963,0.105891,0.711244,0,998.493,5.52889
0.00112661,916.374,-0.0484935,0.713497,0,998.494,5.52889
0.0011268,1033.34,-0.120739,0.711519,0,998.494,5.52889
0.001127,1107.29,-0.0140318,0.708729,0,998.495,5.52889
0.00112721,1063.23,0.100305,0.70851,0,998.496,5.52889
0.0011274,938.339,0.07822,0.711445,0,998.498,5.52889
0.00112761,923.392,-0.0446337,0.712893,0,998.499,5.52889
0.0011278,1031.46,-0.11162,0.711034,0,998.499,5.52889
0.00112801,1099.9,-0.0130961,0.70842,0,998.5,5.52889
0.0011282,1042.04,0.103802,0.708462,0,998.501,5.52889
0.00112841,942.871,0.0710461,0.710893,0,998.503,5.52889
0.0011286,942.195,-0.067328,0.712152,0,998.504,5.52889
0.0011288,1043.42,-0.0976169,0.710056,0,998.504,5.52889
0.001129,1093.6,0.00421908,0.707793,0,998.505,5.52889
0.00112921,1039.7,0.095884,0.707964,0,998.506,5.52889
0.00112941,947.971,0.0657028,0.710177,0,998.508,5.52889
0.0011296,947.261,-0.0621351,0.711308,0,998.509,5.52889
0.0011298,1040.85,-0.090227,0.709336,0,998.509,5.52889
0.00113001,1087.26,0.00380917,0.707209,0,998.51,5.52889
0.00113021,1033.91,0.0902404,0.707396,0,998.512,5.52889
0.0011304,4.74905,2.3359,0.645476,0,998.487,5.52889
0.0011306,1257.83,1.95446,0.61395,0,998.432,5.52889
0.00113081,1247.5,0.333798,0.667831,0,998.433,5.52889
0.00113101,821.891,0.170879,0.703926,0,998.437,5.52889
0.00113121,834.261,-0.180042,0.709171,0,998.438,5.52889
0.00113141,1083.3,-0.264183,0.704888,0,998.437,5.52889
0.0011316,1226.37,0.0511931,0.698885,0,998.437,5.52889
0.0011318,1029.46,0.270955,0.70151,0,998.44,5.52889
0.00113201,830.065,0.148676,0.707525,0,998.442,5.52889
0.0011322,858.331,-0.186511,0.710505,0,998.443,5.52889
0.00113241,1094.46,-0.239423,0.706054,0,998.442,5.52889
0.0011326,1211.94,0.0505485,0.700832,0,998.443,5.52889
0.0011328,1036.2,0.252114,0.703107,0,998.445,5.52889
0.001133,829.866,0.11326,0.709379,0,998.448,5.52889
0.00113321,847.799,-0.143231,0.711783,0,998.449,5.52889
0.0011334,1105.39,-0.213266,0.706954,0,998.448,5.52889
0.0011336,1194.35,0.0690708,0.702406,0,998.448,5.52889
0.0011338,1021.88,0.236657,0.70489,0,998.45,5.52889
0.00113401,838.966,0.0973064,0.710596,0,998.453,5.52889
0.00113421,876.393,-0.159765,0.712515,0,998.454,5.52889
0.00113441,1099.62,-0.19766,0.7081,0,998.453,5.52889
0.0011346,1182.85,0.0579194,0.703903,0,998.454,5.52889
0.0011348,1010.14,0.220387,0.70639,0,998.456,5.52889
0.001135,842.28,0.0608556,0.711908,0,998.458,5.52889
0.00113521,891.67,-0.155293,0.713116,0,998.459,5.52889
0.0011354,1120.39,-0.159586,0.708194,0,998.458,5.52889
0.00113561,1167.54,0.0652887,0.705076,0,998.459,5.52889
0.0011358,984.709,0.201796,0.707997,0,998.461,5.52889
0.001136,851.673,0.0409573,0.712707,0,998.463,5.52889
0.00113621,910.387,-0.1544,0.713457,0,998.464,5.52889
0.00113641,1096.18,-0.162671,0.709502,0,998.464,5.52889
0.0011366,1150.31,0.0783976,0.706023,0,998.464,5.52889
0.0011368,977.256,0.184606,0.708981,0,998.467,5.52889
0.001137,861.091,0.0192623,0.713315,0,998.469,5.52889
0.0011372,955.087,-0.17009,0.713172,0,998.469,5.52889
0.0011374,1120.82,-0.116073,0.70901,0,998.469,5.52889
0.00113761,1141.78,0.0664967,0.706822,0,998.47,5.52889
0.0011378,967.176,0.166832,0.709831,0,998.472,5.52889
0.001138,871.388,0.0108947,0.713578,0,998.474,5.52889
0.00113821,944.026,-0.148864,0.713586,0,998.474,5.52889
0.0011384,1112.99,-0.107221,0.709435,0,998.474,5.52889
0.0011386,1116.19,0.0977402,0.707387,0,998.475,5.52889
0.00113881,980.873,0.157976,0.709875,0,998.477,5.52889
0.001139,881.73,-0.00521496,0.713732,0,998.479,5.52889
0.00113921,965.612,-0.147115,0.713275,0,998.479,5.52889
0.00113941,1102.49,-0.103011,0.709785,0,998.479,5.52889
0.0011396,1107.41,0.0916849,0.707766,0,998.48,5.52889
0.0011398,962.704,0.137936,0.710566,0,998.482,5.52889
0.00114001,891.446,-0.00639393,0.713579,0,998.484,5.52889
0.00114021,970.565,-0.136756,0.71308,0,998.484,5.52889
0.0011404,1111.6,-0.0663451,0.709204,0,998.484,5.52889
0.00114061,1097.74,0.0885171,0.707967,0,998.486,5.52889
0.00114081,969.097,0.128928,0.71043,0,998.488,5.52889
0.001141,902.674,-0.0285437,0.713433,0,998.489,5.52889
0.0011412,993.842,-0.132821,0.712376,0,998.489,5.52889
0.0011414,1104.75,-0.0593257,0.709113,0,998.49,5.52889
0.00114161,1090.78,0.0823082,0.707977,0,998.491,5.52889
0.0011418,954.052,0.107731,0.71074,0,998.493,5.52889
0.001142,910.784,-0.0263683,0.712962,0,998.494,5.52889
0.0011422,1012.6,-0.124171,0.711573,0,998.494,5.52889
0.00114241,1097.53,-0.0549512,0.708903,0,998.495,5.52889
0.0011426,1062.65,0.100906,0.708073,0,998.496,5.52889
0.00114281,958.415,0.0996844,0.710334,0,998.498,5.52889
0.001143,923.805,-0.0461635,0.712453,0,998.499,5.52889
0.0011432,1015.62,-0.114625,0.710968,0,998.5,5.52889
0.0011434,1097.14,-0.0308269,0.708205,0,998.5,5.52889
0.0011436,1061.49,0.0908197,0.707698,0,998.501,5.52889
0.00114381,961.129,0.0911923,0.709829,0,998.503,5.52889
0.001144,930.391,-0.0428726,0.711718,0,998.504,5.52889
0.0011442,1015.16,-0.105942,0.710312,0,998.505,5.52889
0.0011444,1093.16,-0.0120679,0.707506,0,998.505,5.52889
0.00114461,1057.7,0.0838164,0.707217,0,998.507,5.52889
0.00114481,964.864,0.0843211,0.709152,0,998.508,5.52889
0.00114501,936.387,-0.0395567,0.710865,0,998.509,5.52889
0.0011452,1028.53,-0.0953659,0.709201,0,998.51,5.52889
0.0011454,1086.83,-0.011245,0.706904,0,998.51,5.52889
0.0011456,1038.42,0.0883183,0.706852,0,998.512,5.52889
0.0011458,4.84441,2.3831,0.636654,0,998.48,5.52889
0.001146,1256.95,1.81558,0.616409,0,998.432,5.52889
0.00114621,1246.92,0.245379,0.670945,0,998.433,5.52889
0.00114641,889.748,0.247816,0.701596,0,998.437,5.52889
0.0011466,797.341,-0.102194,0.708822,0,998.438,5.52889
0.00114681,1010.14,-0.279596,0.706257,0,998.438,5.52889
0.001147,1225.41,-0.0584968,0.699572,0,998.437,5.52889
0.00114721,1158.8,0.198589,0.698908,0,998.439,5.52889
0.00114741,888.584,0.222209,0.705071,0,998.442,5.52889
0.0011476,810.347,-0.0933597,0.710241,0,998.444,5.52889
0.0011478,1026.35,-0.261092,0.70737,0,998.443,5.52889
0.001148,1212.96,-0.0466054,0.701345,0,998.443,5.52889
0.00114821,1121.9,0.212827,0.701146,0,998.445,5.52889
0.00114841,894.851,0.2063,0.706593,0,998.447,5.52889
0.0011486,826.056,-0.0952132,0.711364,0,998.449,5.52889
0.0011488,1034.07,-0.24251,0.708419,0,998.448,5.52889
0.001149,1200.67,-0.0332574,0.70285,0,998.448,5.52889
0.00114921,1110.02,0.201546,0.702834,0,998.45,5.52889
0.00114941,900.84,0.19019,0.707879,0,998.453,5.52889
0.00114961,841.601,-0.0960531,0.712239,0,998.454,5.52889
0.0011498,1047.67,-0.222209,0.709079,0,998.454,5.52889
0.00115,1188.8,-0.0115165,0.704024,0,998.454,5.52889
0.0011502,1074.35,0.205391,0.704668,0,998.455,5.52889
0.0011504,872.986,0.134939,0.710066,0,998.458,5.52889
0.00115061,859.082,-0.102673,0.712897,0,998.459,5.52889
0.0011508,1058.3,-0.201868,0.70958,0,998.459,5.52889
0.001151,1175.72,-0.0100931,0.705206,0,998.459,5.52889
0.00115121,1084.79,0.181509,0.705528,0,998.461,5.52889
0.00115141,883.938,0.125801,0.710724,0,998.463,5.52889
0.0011516,887.827,-0.126784,0.713257,0,998.464,5.52889
0.0011518,1068.75,-0.180466,0.709861,0,998.464,5.52889
0.001152,1163.2,0.0110212,0.705966,0,998.464,5.52889
0.00115221,1065.1,0.175712,0.706671,0,998.466,5.52889
0.0011524,876.467,0.0838267,0.711906,0,998.469,5.52889
0.00115261,890.658,-0.106938,0.713566,0,998.469,5.52889
0.00115281,1065.9,-0.166124,0.71031,0,998.469,5.52889
0.001153,1149.25,0.034672,0.706533,0,998.47,5.52889
0.0011532,1027.83,0.173276,0.707977,0,998.472,5.52889
0.00115341,895.006,0.0962363,0.711782,0,998.474,5.52889
0.00115361,903.211,-0.105674,0.713644,0,998.475,5.52889
0.0011538,1082.41,-0.140692,0.710021,0,998.474,5.52889
0.001154,1138.64,0.0353858,0.707064,0,998.475,5.52889
0.0011542,1027.91,0.160354,0.708364,0,998.477,5.52889
0.00115441,895.542,0.0720175,0.712232,0,998.479,5.52889
0.0011546,934.651,-0.126,0.713328,0,998.48,5.52889
0.0011548,1079.39,-0.128102,0.71012,0,998.48,5.52889
0.00115501,1129.5,0.029224,0.707451,0,998.48,5.52889
0.0011552,1004.36,0.149621,0.709084,0,998.482,5.52889
0.0011554,896.18,0.0415426,0.712568,0,998.484,5.52889
0.0011556,943.403,-0.119269,0.713084,0,998.485,5.52889
0.00115581,1073.62,-0.11883,0.710142,0,998.485,5.52889
0.001156,1114.15,0.0536603,0.707508,0,998.486,5.52889
0.0011562,1002.71,0.138191,0.709152,0,998.487,5.52889
0.0011564,904.433,0.0369615,0.712315,0,998.489,5.52889
0.00115661,950.039,-0.111636,0.712714,0,998.49,5.52889
0.00115681,1066.95,-0.111339,0.71004,0,998.49,5.52889
0.001157,1105.41,0.0521917,0.707511,0,998.491,5.52889
0.00115721,1003.02,0.127722,0.709009,0,998.493,5.52889
0.0011574,909.233,0.0141747,0.712164,0,998.494,5.52889
0.00115761,954.57,-0.103191,0.71223,0,998.495,5.52889
0.0011578,1083.56,-0.0806883,0.709039,0,998.495,5.52889
0.00115801,1098.24,0.0480774,0.707354,0,998.496,5.52889
0.0011582,987.044,0.114914,0.709109,0,998.498,5.52889
0.0011584,916.864,0.0132108,0.711586,0,998.499,5.52889
0.0011586,978.592,-0.107925,0.711297,0,998.5,5.52889
0.00115881,1077.88,-0.0747066,0.708635,0,998.5,5.52889
0.001159,1081.38,0.0664801,0.707056,0,998.501,5.52889
0.00115921,990.493,0.1067,0.708583,0,998.503,5.52889
0.0011594,923.428,-0.00546331,0.711071,0,998.505,5.52889
0.00115961,981.189,-0.0998564,0.710577,0,998.505,5.52889
0.00115981,1072.76,-0.0689923,0.708084,0,998.506,5.52889
0.00116,1076.05,0.0612902,0.706593,0,998.507,5.52889
0.0011602,979.098,0.0936378,0.708311,0,998.508,5.52889
0.0011604,929.974,-0.00501185,0.710234,0,998.51,5.52889
0.00116061,983.29,-0.0922585,0.709743,0,998.51,5.52889
0.0011608,1078.36,-0.0451173,0.706993,0,998.511,5.52889
0.001161,1067.98,0.0615122,0.706012,0,998.512,5.52889
0.0011612,4.88082,2.40085,0.632882,0,998.478,5.52889
0.0011614,1256.71,1.77677,0.61676,0,998.43,5.52889
0.00116161,1246.7,0.212445,0.671866,0,998.431,5.52889
0.00116181,926.853,0.269742,0.700318,0,998.435,5.52889
0.001162,791.789,-0.0804628,0.708366,0,998.437,5.52889
0.0011622,1006.42,-0.279155,0.705974,0,998.436,5.52889
0.0011624,1218.88,-0.0875337,0.699668,0,998.436,5.52889
0.0011626,1128.09,0.228254,0.698962,0,998.437,5.52889
0.00116281,901.011,0.231356,0.704386,0,998.44,5.52889
0.00116301,802.592,-0.0593016,0.709781,0,998.442,5.52889
0.0011632,1023.72,-0.260684,0.707131,0,998.441,5.52889
0.00116341,1203.19,-0.0892022,0.701719,0,998.441,5.52889
0.00116361,1135.75,0.199456,0.700702,0,998.443,5.52889
0.00116381,900.533,0.210238,0.706174,0,998.446,5.52889
0.001164,823.509,-0.0852634,0.711083,0,998.447,5.52889
0.00116421,1009.47,-0.243763,0.708759,0,998.447,5.52889
0.0011644,1199.24,-0.0422852,0.702756,0,998.446,5.52889
0.0011646,1114.64,0.197443,0.702566,0,998.448,5.52889
0.00116481,895.763,0.185279,0.707846,0,998.451,5.52889
0.001165,842.53,-0.0980281,0.712056,0,998.452,5.52889
0.0011652,1038.71,-0.223887,0.709129,0,998.452,5.52889
0.0011654,1187.85,-0.0220004,0.703993,0,998.452,5.52889
0.00116561,1103.21,0.186626,0.704065,0,998.454,5.52889
0.00116581,908.827,0.176214,0.708734,0,998.456,5.52889
0.001166,859.664,-0.102836,0.712763,0,998.457,5.52889
0.00116621,1032.52,-0.208119,0.710113,0,998.457,5.52889
0.0011664,1175.11,-0.0132848,0.705151,0,998.457,5.52889
0.00116661,1090.25,0.177137,0.705359,0,998.459,5.52889
0.0011668,884.555,0.125904,0.710631,0,998.462,5.52889
0.00116701,865.07,-0.07987,0.713244,0,998.463,5.52889
0.00116721,1043.31,-0.189627,0.710469,0,998.462,5.52889
0.0011674,1162.8,0.0109605,0.705928,0,998.463,5.52889
0.00116761,1065.02,0.175221,0.706641,0,998.464,5.52889
0.00116781,896.348,0.119984,0.711084,0,998.467,5.52889
0.00116801,890.96,-0.106638,0.71354,0,998.468,5.52889
0.0011682,1065.75,-0.16569,0.710302,0,998.468,5.52889
0.0011684,1151.45,0.00685613,0.706764,0,998.468,5.52889
0.0011686,1040.4,0.170181,0.707739,0,998.47,5.52889
0.00116881,900.171,0.10455,0.711608,0,998.472,5.52889
0.001169,911.745,-0.117235,0.713598,0,998.473,5.52889
0.00116921,1059.67,-0.154581,0.710713,0,998.473,5.52889
0.0011694,1138.23,0.035378,0.707124,0,998.473,5.52889
0.0011696,1027.72,0.159887,0.708434,0,998.475,5.52889
0.0011698,895.893,0.0717864,0.712296,0,998.477,5.52889
0.00117001,907.51,-0.0905863,0.713667,0,998.478,5.52889
0.0011702,1079.17,-0.127709,0.710208,0,998.478,5.52889
0.0011704,1129.13,0.0291284,0.707556,0,998.479,5.52889
0.0011706,1024.81,0.148091,0.708745,0,998.48,5.52889
0.00117081,906.124,0.070139,0.712178,0,998.482,5.52889
0.001171,943.603,-0.118895,0.713197,0,998.483,5.52889
0.0011712,1073.42,-0.118467,0.710273,0,998.483,5.52889
0.00117141,1119.98,0.0279772,0.707767,0,998.484,5.52889
0.0011716,1002.74,0.137766,0.709303,0,998.486,5.52889
0.0011718,904.761,0.0368518,0.712464,0,998.488,5.52889
0.001172,950.219,-0.111287,0.71287,0,998.488,5.52889
0.00117221,1066.77,-0.111002,0.710212,0,998.488,5.52889
0.0011724,1105.12,0.0520244,0.707698,0,998.489,5.52889
0.0011726,1003.04,0.12733,0.709199,0,998.491,5.52889
0.00117281,912.697,0.0339822,0.712084,0,998.493,5.52889
0.00117301,954.737,-0.102869,0.712425,0,998.493,5.52889
0.00117321,1064.65,-0.100826,0.709868,0,998.494,5.52889
0.00117341,1098.74,0.0455959,0.707584,0,998.494,5.52889
0.00117361,1003.92,0.117713,0.708923,0,998.496,5.52889
0.0011738,917.173,0.0133721,0.711809,0,998.498,5.52889
0.001174,977.27,-0.106925,0.711555,0,998.498,5.52889
0.0011742,1078.99,-0.0726043,0.708835,0,998.499,5.52889
0.00117441,1091.17,0.0446734,0.707298,0,998.5,5.52889
0.0011746,988.826,0.10588,0.708889,0,998.501,5.52889
0.00117481,924.183,0.0122508,0.711143,0,998.503,5.52889
0.001175,979.612,-0.0987627,0.710875,0,998.504,5.52889
0.0011752,1073.7,-0.0671682,0.708325,0,998.504,5.52889
0.0011754,1073.78,0.0644747,0.7069,0,998.505,5.52889
0.00117561,990.465,0.0978703,0.708303,0,998.507,5.52889
0.0011758,930.197,-0.00402449,0.710518,0,998.508,5.52889
0.00117601,981.737,-0.091197,0.710073,0,998.509,5.52889
0.0011762,1076.05,-0.0496168,0.707399,0,998.509,5.52889
0.0011764,1070.24,0.0576595,0.706316,0,998.51,5.52889
0.0011766,4.90079,2.41056,0.630179,0,998.473,5.52889
0.0011768,1256.21,1.69804,0.619094,0,998.429,5.52889
0.001177,1246.38,0.163826,0.674156,0,998.43,5.52889
0.00117721,1013.52,0.288044,0.698797,0,998.433,5.52889
0.0011774,782.822,0.0144738,0.707985,0,998.436,5.52889
0.00117761,925.697,-0.258457,0.707917,0,998.436,5.52889
0.0011778,1195.87,-0.14822,0.701123,0,998.435,5.52889
0.001178,1179.44,0.16984,0.698713,0,998.436,5.52889
0.0011782,937.809,0.252364,0.703682,0,998.439,5.52889
0.0011784,798.044,-0.0220154,0.70984,0,998.441,5.52889
0.0011786,955.997,-0.252271,0.7089,0,998.441,5.52889
0.00117881,1174.33,-0.155282,0.70336,0,998.44,5.52889
0.001179,1169.54,0.156899,0.700688,0,998.441,5.52889
0.0011792,933.295,0.231314,0.705559,0,998.444,5.52889
0.0011794,811.558,-0.0067788,0.710912,0,998.446,5.52889
0.0011796,969.817,-0.238423,0.709922,0,998.446,5.52889
0.0011798,1174.1,-0.125235,0.704483,0,998.446,5.52889
0.00118,1156.11,0.150532,0.702425,0,998.447,5.52889
0.0011802,937.894,0.215175,0.706939,0,998.45,5.52889
0.00118041,825.381,-0.0101887,0.711912,0,998.451,5.52889
0.00118061,966.55,-0.219932,0.711043,0,998.451,5.52889
0.00118081,1161.17,-0.118977,0.705894,0,998.451,5.52889
0.00118101,1145.57,0.140083,0.7039,0,998.452,5.52889
0.0011812,927.231,0.190498,0.708505,0,998.455,5.52889
0.0011814,840.923,-0.0354526,0.712851,0,998.457,5.52889
0.0011816,1000.93,-0.209878,0.711166,0,998.457,5.52889
0.00118181,1158.39,-0.0920042,0.70664,0,998.456,5.52889
0.00118201,1135.6,0.129813,0.705136,0,998.458,5.52889
0.0011822,917.733,0.164564,0.709837,0,998.46,5.52889
0.00118241,854.876,-0.0417317,0.713424,0,998.462,5.52889
0.0011826,1015.43,-0.194268,0.711466,0,998.462,5.52889
0.0011828,1158.13,-0.0493294,0.706959,0,998.462,5.52889
0.001183,1098.2,0.152947,0.706442,0,998.463,5.52889
0.00118321,927.078,0.15425,0.710387,0,998.466,5.52889
0.0011834,873.479,-0.067271,0.713872,0,998.467,5.52889
0.0011836,1017.58,-0.179567,0.71185,0,998.467,5.52889
0.0011838,1146.31,-0.0487386,0.707757,0,998.467,5.52889
0.00118401,1090.86,0.142209,0.70721,0,998.469,5.52889
0.0011842,917.258,0.127738,0.711324,0,998.471,5.52889
0.0011844,884.935,-0.067171,0.714034,0,998.472,5.52889
0.00118461,1014.08,-0.166644,0.712183,0,998.472,5.52889
0.00118481,1137.05,-0.0424988,0.708249,0,998.472,5.52889
0.00118501,1086.39,0.130477,0.707733,0,998.474,5.52889
0.00118521,939.01,0.132382,0.711063,0,998.476,5.52889
0.00118541,892.754,-0.0570919,0.713995,0,998.477,5.52889
0.0011856,1038.07,-0.150231,0.711681,0,998.477,5.52889
0.0011858,1130.73,-0.0182572,0.708314,0,998.478,5.52889
0.001186,1052.72,0.139683,0.708527,0,998.479,5.52889
0.0011862,922.119,0.0986704,0.711866,0,998.481,5.52889
0.00118641,902.514,-0.0556593,0.713821,0,998.482,5.52889
0.0011866,1036.85,-0.138614,0.711619,0,998.483,5.52889
0.0011868,1122.37,0.00595138,0.708257,0,998.483,5.52889
0.001187,1046.78,0.13039,0.708712,0,998.485,5.52889
0.00118721,927.533,0.0895287,0.711761,0,998.486,5.52889
0.0011874,925.651,-0.0834132,0.713471,0,998.487,5.52889
0.0011876,1048.4,-0.122859,0.711068,0,998.488,5.52889
0.0011878,1113.83,0.00700963,0.70827,0,998.488,5.52889
0.00118801,1043.65,0.120674,0.708677,0,998.49,5.52889
0.0011882,920.18,0.0581567,0.712005,0,998.492,5.52889
0.00118841,932.02,-0.077092,0.713004,0,998.493,5.52889
0.00118861,1045.4,-0.113597,0.710752,0,998.493,5.52889
0.00118881,1105.97,0.00638493,0.708131,0,998.493,5.52889
0.001189,1019.16,0.117619,0.708909,0,998.495,5.52889
0.0011892,927.029,0.0538895,0.711513,0,998.497,5.52889
0.00118941,937.798,-0.0710681,0.712406,0,998.498,5.52889
0.00118961,1045.45,-0.103623,0.710215,0,998.498,5.52889
0.0011898,1097.09,0.0219628,0.707714,0,998.499,5.52889
0.00119,1021.04,0.108321,0.708464,0,998.5,5.52889
0.00119021,932.806,0.0486299,0.710914,0,998.502,5.52889
0.00119041,943.467,-0.0660233,0.71168,0,998.503,5.52889
0.0011906,1056.75,-0.0863442,0.709219,0,998.503,5.52889
0.00119081,1090.49,0.0202125,0.707277,0,998.504,5.52889
0.001191,1006.4,0.100886,0.708241,0,998.505,5.52889
0.0011912,932.802,0.0262116,0.710485,0,998.507,5.52889
0.0011914,966.317,-0.0814882,0.710648,0,998.508,5.52889
0.0011916,1058.79,-0.0745946,0.708354,0,998.508,5.52889
0.0011918,1079.04,0.0395311,0.706621,0,998.509,5.52889
0.001192,4.90638,2.41328,0.62862,0,998.47,5.52889
0.00119221,1255.78,1.63035,0.621212,0,998.428,5.52889
0.0011924,1246.2,0.138007,0.675532,0,998.429,5.52889
0.00119261,1000.35,0.287955,0.699383,0,998.432,5.52889
0.0011928,785.539,0.0461328,0.707958,0,998.434,5.52889
0.001193,930.6,-0.260939,0.708166,0,998.434,5.52889
0.0011932,1176.49,-0.180743,0.702234,0,998.434,5.52889
0.00119341,1201.89,0.126511,0.698986,0,998.434,5.52889
0.0011936,960.658,0.26074,0.703441,0,998.437,5.52889
0.0011938,797.316,0.00802947,0.709918,0,998.44,5.52889
0.001194,936.963,-0.244879,0.709612,0,998.44,5.52889
0.0011942,1171.54,-0.160229,0.703829,0,998.439,5.52889
0.0011944,1180.82,0.137175,0.700992,0,998.44,5.52889
0.00119461,967.372,0.244611,0.705037,0,998.443,5.52889
0.0011948,811.327,-0.00483317,0.711265,0,998.445,5.52889
0.00119501,927.866,-0.221291,0.711073,0,998.445,5.52889
0.00119521,1156.88,-0.155497,0.70555,0,998.444,5.52889
0.00119541,1177.8,0.109609,0.702722,0,998.445,5.52889
0.00119561,962.59,0.225657,0.706667,0,998.448,5.52889
0.0011958,825.373,-0.014669,0.712336,0,998.45,5.52889
0.00119601,943.32,-0.211005,0.711865,0,998.45,5.52889
0.0011962,1156.92,-0.127755,0.706465,0,998.45,5.52889
0.0011964,1151.61,0.131053,0.704244,0,998.451,5.52889
0.0011966,935.769,0.196241,0.708652,0,998.453,5.52889
0.0011968,839.122,-0.0210491,0.713147,0,998.455,5.52889
0.001197,967.071,-0.203367,0.712265,0,998.455,5.52889
0.0011972,1160.83,-0.0860861,0.706926,0,998.455,5.52889
0.00119741,1135.19,0.130664,0.70554,0,998.456,5.52889
0.00119761,945.47,0.183819,0.709438,0,998.459,5.52889
0.0011978,854.884,-0.0424349,0.713839,0,998.46,5.52889
0.001198,989.337,-0.192738,0.712452,0,998.461,5.52889
0.0011982,1147.37,-0.0852485,0.707975,0,998.46,5.52889
0.00119841,1131.55,0.111604,0.706521,0,998.462,5.52889
0.0011986,927.024,0.154359,0.710806,0,998.464,5.52889
0.00119881,865.832,-0.0348042,0.714148,0,998.466,5.52889
0.00119901,993.379,-0.178674,0.71281,0,998.466,5.52889
0.0011992,1146.41,-0.0487562,0.708181,0,998.466,5.52889
0.00119941,1103.92,0.129396,0.707472,0,998.467,5.52889
0.0011996,925.436,0.136465,0.711486,0,998.469,5.52889
0.00119981,877.077,-0.0369513,0.714348,0,998.471,5.52889
0.0012,1014.95,-0.16666,0.712599,0,998.471,5.52889
0.0012002,1137.1,-0.0424243,0.708684,0,998.471,5.52889
0.00120041,1086.25,0.130666,0.708174,0,998.472,5.52889
0.00120061,938.984,0.132406,0.711505,0,998.475,5.52889
0.0012008,892.734,-0.0571264,0.71444,0,998.476,5.52889
0.00120101,1016.16,-0.154019,0.712656,0,998.476,5.52889
0.0012012,1130.77,-0.0182571,0.708762,0,998.476,5.52889
0.00120141,1078.84,0.122293,0.708561,0,998.478,5.52889
0.0012016,922.1,0.0986949,0.712318,0,998.48,5.52889
0.00120181,902.491,-0.0556772,0.714276,0,998.481,5.52889
0.001202,1036.86,-0.138651,0.712076,0,998.481,5.52889
0.0012022,1121.75,-0.0159321,0.708945,0,998.482,5.52889
0.00120241,1070.8,0.115487,0.708777,0,998.483,5.52889
0.0012026,927.514,0.089551,0.712223,0,998.485,5.52889
0.00120281,911.154,-0.0530983,0.71396,0,998.486,5.52889
0.00120301,1031.55,-0.129048,0.711972,0,998.486,5.52889
0.00120321,1113.45,-0.0131645,0.708944,0,998.487,5.52889
0.0012034,1043.66,0.120708,0.709146,0,998.488,5.52889
0.00120361,933.678,0.0826794,0.71193,0,998.49,5.52889
0.0012038,932.003,-0.0771134,0.713478,0,998.491,5.52889
0.001204,1045.41,-0.113627,0.711227,0,998.491,5.52889
0.0012042,1106,0.00638831,0.708607,0,998.492,5.52889
0.00120441,1041.21,0.111519,0.708948,0,998.494,5.52889
0.0012046,927.01,0.0539029,0.711993,0,998.495,5.52889
0.00120481,937.783,-0.0710881,0.712888,0,998.496,5.52889
0.001205,1045.46,-0.103652,0.710698,0,998.497,5.52889
0.0012052,1097.11,0.0219695,0.708199,0,998.497,5.52889
0.0012054,1021.04,0.108351,0.70895,0,998.499,5.52889
0.0012056,932.789,0.0486441,0.711402,0,998.501,5.52889
0.00120581,943.452,-0.066041,0.71217,0,998.502,5.52889
0.00120601,1042.79,-0.0957847,0.710112,0,998.502,5.52889
0.0012062,1090.52,0.0202187,0.70777,0,998.502,5.52889
0.0012064,1020.31,0.10012,0.708426,0,998.504,5.52889
0.00120661,938.646,0.0450064,0.710659,0,998.506,5.52889
0.00120681,948.423,-0.0609441,0.711334,0,998.507,5.52889
0.00120701,1047.37,-0.0842735,0.7092,0,998.507,5.52889
0.0012072,1083.53,0.023954,0.707168,0,998.508,5.52889
0.00120741,4.9222,2.42108,0.624742,0,998.463,5.52889
0.0012076,1255.21,1.54065,0.624389,0,998.428,5.52889
0.0012078,1245.31,0.0180626,0.680938,0,998.429,5.52889
0.00120801,1113.02,0.256458,0.697945,0,998.432,5.52889
0.00120821,822.296,0.159138,0.706522,0,998.435,5.52889
0.0012084,837.186,-0.177495,0.70991,0,998.436,5.52889
0.0012086,1104.14,-0.249018,0.704991,0,998.435,5.52889
0.0012088,1224.05,0.0412514,0.699754,0,998.435,5.52889
0.00120901,1082.98,0.251558,0.701221,0,998.437,5.52889
0.00120921,836.038,0.151825,0.70806,0,998.44,5.52889
0.00120941,836.738,-0.146812,0.711298,0,998.441,5.52889
0.0012096,1111.03,-0.22455,0.70621,0,998.44,5.52889
0.0012098,1209.39,0.0461867,0.701607,0,998.44,5.52889
0.00121,1033.23,0.248471,0.703874,0,998.443,5.52889
0.0012102,834.825,0.116406,0.709896,0,998.445,5.52889
0.0012104,884.34,-0.186956,0.712031,0,998.446,5.52889
0.0012106,1094.92,-0.215648,0.707857,0,998.446,5.52889
0.0012108,1195.87,0.044242,0.703255,0,998.446,5.52889
0.001211,1019.29,0.232876,0.705611,0,998.448,5.52889
0.00121121,844.505,0.102452,0.711041,0,998.451,5.52889
0.0012114,895.976,-0.176713,0.712849,0,998.451,5.52889
0.00121161,1093.56,-0.197434,0.708838,0,998.451,5.52889
0.0012118,1175.56,0.0744527,0.704499,0,998.451,5.52889
0.00121201,1026.18,0.215592,0.70667,0,998.453,5.52889
0.00121221,852.057,0.083492,0.712053,0,998.456,5.52889
0.00121241,889.98,-0.147765,0.713655,0,998.457,5.52889
0.0012126,1109.3,-0.165698,0.709074,0,998.456,5.52889
0.0012128,1159.43,0.0811568,0.705661,0,998.457,5.52889
0.001213,1001.09,0.200074,0.708203,0,998.459,5.52889
0.0012132,856.978,0.0524505,0.713024,0,998.461,5.52889
0.00121341,916.515,-0.155602,0.713871,0,998.462,5.52889
0.00121361,1096,-0.158388,0.709997,0,998.461,5.52889
0.00121381,1149.74,0.0706004,0.70664,0,998.462,5.52889
0.00121401,1002.72,0.185127,0.708929,0,998.464,5.52889
0.0012142,864.257,0.0222132,0.71373,0,998.466,5.52889
0.00121441,928.43,-0.148335,0.714066,0,998.467,5.52889
0.0012146,1116.18,-0.117462,0.70963,0,998.467,5.52889
0.00121481,1138.84,0.0668328,0.70738,0,998.467,5.52889
0.001215,982.437,0.168496,0.709963,0,998.47,5.52889
0.0012152,874.55,0.017718,0.713924,0,998.471,5.52889
0.0012154,959.465,-0.154436,0.713771,0,998.472,5.52889
0.0012156,1110.71,-0.105738,0.709943,0,998.472,5.52889
0.0012158,1114.89,0.0947349,0.707912,0,998.473,5.52889
0.00121601,981.5,0.155046,0.710349,0,998.475,5.52889
0.0012162,884.127,-0.00503263,0.71413,0,998.477,5.52889
0.0012164,966.374,-0.14433,0.713678,0,998.477,5.52889
0.00121661,1100.72,-0.101141,0.710249,0,998.477,5.52889
0.0012168,1105.62,0.0899105,0.70826,0,998.478,5.52889
0.001217,963.603,0.135361,0.711002,0,998.48,5.52889
0.0012172,893.665,-0.00624267,0.713953,0,998.482,5.52889
0.00121741,971.284,-0.134186,0.713458,0,998.482,5.52889
0.0012176,1109.69,-0.0651339,0.70965,0,998.482,5.52889
0.00121781,1096.12,0.0868123,0.70843,0,998.483,5.52889
0.00121801,969.901,0.12653,0.71084,0,998.485,5.52889
0.0012182,904.682,-0.0279892,0.713782,0,998.487,5.52889
0.0012184,994.077,-0.130317,0.71274,0,998.487,5.52889
0.0012186,1102.96,-0.058249,0.709532,0,998.488,5.52889
0.00121881,1089.3,0.0807208,0.70841,0,998.489,5.52889
0.001219,955.137,0.105739,0.711114,0,998.491,5.52889
0.0012192,912.643,-0.0258599,0.713289,0,998.492,5.52889
0.00121941,995.106,-0.12042,0.712295,0,998.492,5.52889
0.00121961,1095.87,-0.0539527,0.709295,0,998.493,5.52889
0.00121981,1083.39,0.0744526,0.708222,0,998.494,5.52889
0.00122,959.417,0.0978407,0.710685,0,998.496,5.52889
0.00122021,919.993,-0.0238223,0.712665,0,998.497,5.52889
0.0012204,1015.5,-0.112473,0.711296,0,998.497,5.52889
0.0012206,1095.5,-0.0302693,0.708578,0,998.498,5.52889
0.0012208,1060.55,0.0890835,0.708073,0,998.499,5.52889
0.00122101,962.056,0.0894884,0.710158,0,998.501,5.52889
0.0012212,931.879,-0.0420517,0.712005,0,998.502,5.52889
0.0012214,1015.05,-0.103952,0.710618,0,998.503,5.52889
0.00122161,1088.99,-0.0280453,0.708073,0,998.503,5.52889
0.00122181,1056.84,0.0822118,0.707568,0,998.504,5.52889
0.00122201,965.721,0.0827461,0.709459,0,998.506,5.52889
0.0012222,937.762,-0.038797,0.711134,0,998.507,5.52889
0.0012224,1017.71,-0.0957982,0.709747,0,998.508,5.52889
0.0012226,1085.1,-0.0140095,0.707269,0,998.508,5.52889
0.0012228,4.92882,2.42435,0.622745,0,998.461,5.52889
0.00122301,1254.51,1.43094,0.62743,0,998.427,5.52889
0.0012232,1244.83,-0.0115381,0.681941,0,998.428,5.52889
0.00122341,1119.83,0.251895,0.697652,0,998.43,5.52889
0.0012236,832.78,0.176784,0.705928,0,998.433,5.52889
0.0012238,838.901,-0.179977,0.709711,0,998.434,5.52889
0.00122401,1067.74,-0.2655,0.705808,0,998.434,5.52889
0.0012242,1226.21,0.0130057,0.699825,0,998.434,5.52889
0.0012244,1057.74,0.26068,0.701535,0,998.436,5.52889
0.00122461,847.305,0.169476,0.707493,0,998.438,5.52889
0.0012248,847.521,-0.164415,0.711088,0,998.44,5.52889
0.00122501,1070.53,-0.245542,0.707211,0,998.439,5.52889
0.0012252,1210.64,0.0328392,0.701595,0,998.439,5.52889
0.00122541,1078.15,0.234714,0.702902,0,998.441,5.52889
0.0012256,835.648,0.117472,0.709765,0,998.444,5.52889
0.00122581,841.93,-0.12392,0.712284,0,998.445,5.52889
0.001226,1087.82,-0.21926,0.707969,0,998.444,5.52889
0.0012262,1196.88,0.0341413,0.703258,0,998.444,5.52889
0.00122641,1069.4,0.22054,0.704551,0,998.446,5.52889
0.0012266,844.361,0.101499,0.710994,0,998.449,5.52889
0.00122681,858.754,-0.125435,0.713139,0,998.45,5.52889
0.001227,1093.99,-0.196866,0.708779,0,998.449,5.52889
0.0012272,1182.78,0.0394171,0.704651,0,998.45,5.52889
0.0012274,1028.5,0.215013,0.706596,0,998.452,5.52889
0.0012276,853.794,0.087657,0.711954,0,998.454,5.52889
0.00122781,890.238,-0.147731,0.713637,0,998.455,5.52889
0.00122801,1079.75,-0.187233,0.709952,0,998.455,5.52889
0.00122821,1169.13,0.0417288,0.705839,0,998.455,5.52889
0.00122841,1029.22,0.19858,0.707602,0,998.457,5.52889
0.0012286,857.359,0.0532224,0.713025,0,998.46,5.52889
0.0012288,914.242,-0.153114,0.713923,0,998.46,5.52889
0.00122901,1095.5,-0.158517,0.710042,0,998.46,5.52889
0.0012292,1149.75,0.0699189,0.706686,0,998.461,5.52889
0.0012294,1002.78,0.184897,0.708976,0,998.463,5.52889
0.0012296,869.222,0.0508962,0.713393,0,998.465,5.52889
0.00122981,928.491,-0.148111,0.714122,0,998.466,5.52889
0.00123001,1088.93,-0.146697,0.710602,0,998.465,5.52889
0.00123021,1143.78,0.0488425,0.707521,0,998.466,5.52889
0.0012304,992.341,0.170376,0.709803,0,998.468,5.52889
0.00123061,878.724,0.0438695,0.713662,0,998.47,5.52889
0.00123081,932.118,-0.135238,0.71429,0,998.471,5.52889
0.00123101,1083.74,-0.13551,0.710945,0,998.471,5.52889
0.00123121,1129.79,0.0600735,0.708025,0,998.471,5.52889
0.0012314,981.533,0.154775,0.710463,0,998.473,5.52889
0.0012316,885.281,0.0193476,0.713983,0,998.475,5.52889
0.0012318,966.448,-0.144081,0.713798,0,998.476,5.52889
0.001232,1100.57,-0.100971,0.710381,0,998.476,5.52889
0.00123221,1120.29,0.0569897,0.708391,0,998.477,5.52889
0.0012324,981.89,0.142578,0.710663,0,998.479,5.52889
0.0012326,893.867,-0.00622862,0.714096,0,998.48,5.52889
0.0012328,971.351,-0.133954,0.713608,0,998.481,5.52889
0.00123301,1094.46,-0.0923098,0.710419,0,998.481,5.52889
0.0012332,1095.98,0.0866579,0.7086,0,998.482,5.52889
0.0012334,969.976,0.126314,0.711011,0,998.484,5.52889
0.0012336,902.671,-0.00673458,0.713793,0,998.486,5.52889
0.00123381,969.572,-0.121518,0.713382,0,998.486,5.52889
0.00123401,1089.26,-0.0836278,0.710275,0,998.486,5.52889
0.0012342,1089.17,0.0805771,0.708607,0,998.487,5.52889
0.00123441,972.885,0.116705,0.710803,0,998.489,5.52889
0.00123461,910.785,-0.00621405,0.713338,0,998.491,5.52889
0.0012348,999.849,-0.121012,0.712403,0,998.491,5.52889
0.001235,1094.99,-0.0556312,0.709544,0,998.491,5.52889
0.00123521,1083.65,0.0737087,0.708441,0,998.493,5.52889
0.00123541,973.036,0.106539,0.710514,0,998.494,5.52889
0.0012356,919.991,-0.022781,0.712882,0,998.496,5.52889
0.0012358,998.924,-0.111594,0.711888,0,998.496,5.52889
0.00123601,1089.32,-0.0495585,0.709141,0,998.497,5.52889
0.00123621,1077.74,0.0686388,0.708124,0,998.498,5.52889
0.0012364,961.375,0.088693,0.710428,0,998.5,5.52889
0.00123661,926.786,-0.0209685,0.712158,0,998.501,5.52889
0.0012368,1013.78,-0.103843,0.710901,0,998.501,5.52889
0.001237,1089.17,-0.0266477,0.708316,0,998.502,5.52889
0.0012372,1054.19,0.0842928,0.707873,0,998.503,5.52889
0.00123741,965.101,0.0820172,0.70975,0,998.505,5.52889
0.0012376,937.339,-0.0370504,0.711399,0,998.506,5.52889
0.0012378,1011.07,-0.0961394,0.710175,0,998.506,5.52889
0.001238,1082.67,-0.0272694,0.707732,0,998.507,5.52889
0.0012382,4.95231,2.4359,0.620698,0,998.456,5.52889
0.00123841,1253.88,1.33089,0.631004,0,998.428,5.52889
0.0012386,1216.31,-0.142709,0.687888,0,998.429,5.52889
0.00123881,1181.34,0.189206,0.697307,0,998.43,5.52889
0.001239,896.231,0.244159,0.704125,0,998.433,5.52889
0.0012392,792.224,-0.0641597,0.709882,0,998.435,5.52889
0.0012394,993.918,-0.274051,0.707791,0,998.435,5.52889
0.0012396,1208.39,-0.108815,0.701679,0,998.434,5.52889
0.00123981,1176.97,0.16621,0.70002,0,998.436,5.52889
0.00124,906.022,0.229482,0.705799,0,998.439,5.52889
0.0012402,805.305,-0.053028,0.711142,0,998.441,5.52889
0.0012404,1003.41,-0.256472,0.709009,0,998.44,5.52889
0.0012406,1203.51,-0.0740213,0.702993,0,998.44,5.52889
0.00124081,1163.67,0.159041,0.701893,0,998.441,5.52889
0.001241,902.508,0.206628,0.707554,0,998.444,5.52889
0.00124121,819.718,-0.0532002,0.712226,0,998.446,5.52889
0.0012414,1001.87,-0.238953,0.710228,0,998.446,5.52889
0.0012416,1190.02,-0.0701993,0.70457,0,998.445,5.52889
0.00124181,1142.3,0.162965,0.703591,0,998.447,5.52889
0.00124201,906.635,0.189247,0.708845,0,998.449,5.52889
0.0012422,838.82,-0.0741832,0.713166,0,998.451,5.52889
0.00124241,1005.45,-0.22212,0.711101,0,998.451,5.52889
0.0012426,1182.31,-0.0393011,0.705508,0,998.451,5.52889
0.0012428,1105.21,0.179922,0.70528,0,998.452,5.52889
0.00124301,905.126,0.167635,0.710073,0,998.455,5.52889
0.0012432,862.001,-0.0994536,0.713831,0,998.456,5.52889
0.0012434,1032.33,-0.204004,0.71121,0,998.456,5.52889
0.00124361,1168.24,-0.0446481,0.706735,0,998.456,5.52889
0.00124381,1089.67,0.17295,0.706507,0,998.458,5.52889
0.001244,888.624,0.125817,0.711616,0,998.46,5.52889
0.00124421,866.246,-0.0732635,0.714208,0,998.461,5.52889
0.0012444,1045.27,-0.185186,0.711417,0,998.461,5.52889
0.0012446,1158.99,-0.0216625,0.707358,0,998.461,5.52889
0.0012448,1058.84,0.174179,0.707788,0,998.463,5.52889
0.001245,899.548,0.118982,0.712003,0,998.465,5.52889
0.0012452,897.75,-0.111914,0.714401,0,998.466,5.52889
0.0012454,1061.92,-0.16377,0.711314,0,998.466,5.52889
0.0012456,1148.78,-0.00019031,0.70782,0,998.467,5.52889
0.00124581,1059.9,0.159491,0.708317,0,998.468,5.52889
0.00124601,909.466,0.11315,0.712208,0,998.471,5.52889
0.0012462,904.158,-0.10117,0.714485,0,998.472,5.52889
0.0012464,1061.18,-0.150465,0.711495,0,998.472,5.52889
0.0012466,1138.68,0.00702721,0.708236,0,998.472,5.52889
0.00124681,1051.9,0.149469,0.708818,0,998.474,5.52889
0.001247,898.637,0.0719055,0.713041,0,998.476,5.52889
0.00124721,913.556,-0.0958238,0.714374,0,998.477,5.52889
0.00124741,1054.27,-0.140626,0.711671,0,998.477,5.52889
0.0012476,1126.4,0.031888,0.708351,0,998.477,5.52889
0.0012478,1026.53,0.14497,0.70948,0,998.479,5.52889
0.001248,906.509,0.0652048,0.712946,0,998.481,5.52889
0.00124821,916.76,-0.0817189,0.714144,0,998.482,5.52889
0.0012484,1072.62,-0.115949,0.710964,0,998.482,5.52889
0.0012486,1118.13,0.0261091,0.70851,0,998.483,5.52889
0.00124881,1023.61,0.134307,0.709535,0,998.484,5.52889
0.00124901,915.9,0.0639233,0.712599,0,998.486,5.52889
0.0012492,949.482,-0.107602,0.713489,0,998.487,5.52889
0.0012494,1068.05,-0.107032,0.710769,0,998.487,5.52889
0.0012496,1104.75,0.0467173,0.708369,0,998.488,5.52889
0.0012498,1005.45,0.12508,0.709763,0,998.49,5.52889
0.00125,914.957,0.0351639,0.712604,0,998.491,5.52889
0.0012502,953.82,-0.0992521,0.712978,0,998.492,5.52889
0.00125041,1063.56,-0.0989997,0.710429,0,998.492,5.52889
0.0012506,1097.68,0.042807,0.708176,0,998.493,5.52889
0.0012508,1005.91,0.115613,0.709427,0,998.495,5.52889
0.00125101,921.546,0.0299862,0.71206,0,998.496,5.52889
0.00125121,960.093,-0.0934899,0.712305,0,998.497,5.52889
0.00125141,1059.56,-0.091429,0.70994,0,998.498,5.52889
0.00125161,1090.53,0.0411896,0.707823,0,998.498,5.52889
0.0012518,990.936,0.104385,0.709319,0,998.5,5.52889
0.001252,925.693,0.0110324,0.711572,0,998.502,5.52889
0.00125221,963.797,-0.0863549,0.71154,0,998.502,5.52889
0.0012524,1071.38,-0.0675195,0.708808,0,998.503,5.52889
0.00125261,1084.46,0.0379194,0.707327,0,998.504,5.52889
0.0012528,992.436,0.0964938,0.708675,0,998.505,5.52889
0.001253,932.072,0.0102355,0.710723,0,998.507,5.52889
0.00125321,977.205,-0.0868798,0.710509,0,998.507,5.52889
0.0012534,1072.37,-0.0537007,0.707889,0,998.508,5.52889
0.00125361,4.98589,2.45237,0.61662,0,998.449,5.52889
0.0012538,1253.67,1.29897,0.63167,0,998.426,5.52889
0.001254,1189.29,-0.191721,0.690015,0,998.428,5.52889
0.00125421,1213.38,0.129542,0.696973,0,998.429,5.52889
0.0012544,957.238,0.274301,0.702207,0,998.431,5.52889
0.0012546,787.009,0.0245556,0.708879,0,998.434,5.52889
0.0012548,946.75,-0.263378,0.708498,0,998.434,5.52889
0.001255,1184.42,-0.161623,0.702514,0,998.433,5.52889
0.00125521,1200.23,0.121784,0.699708,0,998.434,5.52889
0.00125541,959.746,0.256369,0.704125,0,998.437,5.52889
0.0012556,800.754,-0.0155431,0.710672,0,998.439,5.52889
0.00125581,926.968,-0.235474,0.710335,0,998.439,5.52889
0.001256,1180.45,-0.13806,0.703976,0,998.438,5.52889
0.0012562,1167.01,0.154915,0.701682,0,998.44,5.52889
0.0012564,931.537,0.226478,0.70655,0,998.442,5.52889
0.0012566,814.391,-0.000673378,0.711683,0,998.444,5.52889
0.0012568,962.538,-0.232657,0.710911,0,998.444,5.52889
0.00125701,1157.32,-0.148711,0.705969,0,998.444,5.52889
0.00125721,1169.28,0.120911,0.703283,0,998.445,5.52889
0.0012574,936.608,0.210609,0.707858,0,998.448,5.52889
0.00125761,828.193,-0.00846325,0.712667,0,998.449,5.52889
0.0012578,974.574,-0.218663,0.711672,0,998.449,5.52889
0.001258,1168.69,-0.0951913,0.706296,0,998.449,5.52889
0.0012582,1133.77,0.151564,0.704851,0,998.45,5.52889
0.0012584,931.717,0.189579,0.709205,0,998.453,5.52889
0.00125861,841.914,-0.016884,0.713429,0,998.455,5.52889
0.00125881,971.342,-0.200881,0.712515,0,998.455,5.52889
0.001259,1161.01,-0.0763623,0.707182,0,998.454,5.52889
0.0012592,1119.16,0.146757,0.706083,0,998.456,5.52889
0.00125941,942.819,0.178392,0.709882,0,998.458,5.52889
0.00125961,857.377,-0.039518,0.714073,0,998.46,5.52889
0.00125981,994.024,-0.189885,0.712624,0,998.46,5.52889
0.00126,1155.03,-0.0506102,0.707749,0,998.46,5.52889
0.0012602,1090.82,0.155295,0.707281,0,998.461,5.52889
0.00126041,929.935,0.152644,0.711027,0,998.464,5.52889
0.0012606,877.683,-0.0715847,0.714497,0,998.465,5.52889
0.0012608,1014.72,-0.176503,0.712552,0,998.465,5.52889
0.00126101,1141.91,-0.0558831,0.708586,0,998.465,5.52889
0.0012612,1090.74,0.139138,0.707892,0,998.467,5.52889
0.00126141,934.481,0.140662,0.711453,0,998.469,5.52889
0.0012616,886.519,-0.0643629,0.714602,0,998.47,5.52889
0.0012618,1018.07,-0.163609,0.712685,0,998.47,5.52889
0.00126201,1134.46,-0.0436388,0.708931,0,998.471,5.52889
0.00126221,1079.65,0.133016,0.708463,0,998.472,5.52889
0.00126241,941.67,0.131279,0.711609,0,998.474,5.52889
0.00126261,896.413,-0.0612496,0.71454,0,998.475,5.52889
0.0012628,1035.13,-0.148314,0.712305,0,998.475,5.52889
0.001263,1128.96,-0.0149517,0.708891,0,998.476,5.52889
0.0012632,1053.91,0.136332,0.709094,0,998.477,5.52889
0.0012634,921.368,0.0938375,0.712482,0,998.479,5.52889
0.0012636,916.396,-0.0820661,0.714315,0,998.48,5.52889
0.0012638,1035.34,-0.136547,0.712169,0,998.481,5.52889
0.001264,1120.47,0.00468729,0.70884,0,998.481,5.52889
0.0012642,1049,0.126821,0.709217,0,998.483,5.52889
0.00126441,930.327,0.089894,0.712206,0,998.485,5.52889
0.0012646,925.585,-0.0795232,0.713939,0,998.486,5.52889
0.0012648,1050.05,-0.119623,0.711496,0,998.486,5.52889
0.001265,1112.12,0.00439703,0.708823,0,998.486,5.52889
0.00126521,1046.13,0.117177,0.709136,0,998.488,5.52889
0.0012654,922.787,0.0595991,0.712406,0,998.49,5.52889
0.00126561,931.779,-0.0731933,0.713438,0,998.491,5.52889
0.0012658,1046.91,-0.110611,0.711148,0,998.491,5.52889
0.001266,1102.79,0.0221703,0.708502,0,998.492,5.52889
0.0012662,1021.89,0.115166,0.709316,0,998.493,5.52889
0.0012664,927.915,0.051696,0.711953,0,998.495,5.52889
0.00126661,939.303,-0.0702792,0.712795,0,998.496,5.52889
0.00126681,1044.88,-0.101827,0.710633,0,998.496,5.52889
0.001267,1095.59,0.0215816,0.708169,0,998.497,5.52889
0.0012672,1020.87,0.106461,0.708896,0,998.498,5.52889
0.00126741,934.132,0.0478079,0.711296,0,998.5,5.52889
0.00126761,944.593,-0.0648708,0.71204,0,998.501,5.52889
0.0012678,1055.94,-0.0848724,0.709613,0,998.501,5.52889
0.00126801,1089.11,0.0198436,0.707696,0,998.502,5.52889
0.0012682,1006.48,0.0991581,0.708634,0,998.504,5.52889
0.0012684,934.126,0.025771,0.710831,0,998.505,5.52889
0.00126861,959.586,-0.0730943,0.711078,0,998.506,5.52889
0.0012688,0.333512,0.166557,0.708191,0,998.506,5.52889
0.00126901,5.0129,2.46563,0.61485,0,998.443,5.52889
0.0012692,1252.96,1.18598,0.63589,0,998.427,5.52889
0.0012694,1114.22,-0.26431,0.695018,0,998.429,5.52889
0.0012696,1231.94,0.0627238,0.697595,0,998.429,5.52889
0.0012698,1053.53,0.276014,0.700352,0,998.431,5.52889
0.00127,807.482,0.11724,0.707808,0,998.434,5.52889
0.0012702,855.451,-0.195501,0.710169,0,998.435,5.52889
0.0012704,1123.96,-0.23021,0.704833,0,998.434,5.52889
0.0012706,1217.03,0.0627302,0.700165,0,998.434,5.52889
0.0012708,1029.86,0.261938,0.70275,0,998.437,5.52889
0.001271,821.766,0.112912,0.709192,0,998.439,5.52889
0.0012712,884.797,-0.203796,0.711193,0,998.44,5.52889
0.00127141,1097.32,-0.228287,0.706974,0,998.44,5.52889
0.0012716,1200.03,0.0746085,0.701937,0,998.44,5.52889
0.0012718,1028.4,0.244569,0.70441,0,998.442,5.52889
0.001272,825.019,0.0769308,0.710873,0,998.445,5.52889
0.00127221,876.047,-0.171582,0.712435,0,998.445,5.52889
0.00127241,1095.27,-0.210313,0.708149,0,998.445,5.52889
0.0012726,1183.95,0.0814255,0.703493,0,998.445,5.52889
0.0012728,998.066,0.228236,0.706458,0,998.448,5.52889
0.001273,835.719,0.0626321,0.71194,0,998.45,5.52889
0.00127321,893.576,-0.168593,0.713131,0,998.451,5.52889
0.0012734,1118.44,-0.172334,0.708319,0,998.45,5.52889
0.00127361,1175.02,0.0627784,0.704911,0,998.451,5.52889
0.00127381,1014.43,0.212175,0.707237,0,998.453,5.52889
0.001274,845.657,0.0443875,0.712836,0,998.455,5.52889
0.0012742,932.033,-0.181658,0.713288,0,998.456,5.52889
0.00127441,1112.47,-0.157302,0.709157,0,998.455,5.52889
0.0012746,1151.02,0.0937192,0.705954,0,998.456,5.52889
0.0012748,992.782,0.195134,0.708655,0,998.458,5.52889
0.001275,855.053,0.0160106,0.713628,0,998.46,5.52889
0.00127521,930.747,-0.162769,0.713818,0,998.461,5.52889
0.00127541,1101.3,-0.148754,0.709969,0,998.461,5.52889
0.00127561,1141.6,0.0836588,0.706871,0,998.462,5.52889
0.0012758,970.197,0.174697,0.709923,0,998.464,5.52889
0.001276,867.107,0.0187034,0.713857,0,998.466,5.52889
0.0012762,956.843,-0.163005,0.713718,0,998.466,5.52889
0.00127641,1106.28,-0.124772,0.710063,0,998.466,5.52889
0.0012766,1121.02,0.100362,0.707576,0,998.467,5.52889
0.00127681,979.706,0.164139,0.710185,0,998.469,5.52889
0.001277,876.719,-0.00550424,0.714212,0,998.471,5.52889
0.00127721,963.997,-0.152923,0.713754,0,998.471,5.52889
0.00127741,1106.19,-0.106934,0.710147,0,998.471,5.52889
0.0012776,1111.15,0.0953915,0.708071,0,998.472,5.52889
0.0012778,960.828,0.143319,0.711,0,998.474,5.52889
0.001278,886.808,-0.00670947,0.71415,0,998.476,5.52889
0.00127821,969.065,-0.14213,0.713651,0,998.477,5.52889
0.0012784,1115.61,-0.0688781,0.709641,0,998.476,5.52889
0.00127861,1101.11,0.0920799,0.708378,0,998.478,5.52889
0.00127881,967.42,0.133943,0.710959,0,998.48,5.52889
0.001279,898.476,-0.0296968,0.714097,0,998.481,5.52889
0.0012792,993.346,-0.138055,0.713016,0,998.482,5.52889
0.0012794,1108.49,-0.0615905,0.709646,0,998.482,5.52889
0.00127961,1098.26,0.0783744,0.70846,0,998.483,5.52889
0.0012798,950.658,0.110994,0.711414,0,998.485,5.52889
0.00128001,906.406,-0.0241792,0.713686,0,998.486,5.52889
0.00128021,997.186,-0.128078,0.712621,0,998.487,5.52889
0.00128041,1101.11,-0.0567598,0.709523,0,998.487,5.52889
0.0012806,1069.61,0.100565,0.708618,0,998.488,5.52889
0.0012808,955.151,0.102605,0.711094,0,998.49,5.52889
0.001281,918.952,-0.0433355,0.713264,0,998.491,5.52889
0.0012812,1014.27,-0.119216,0.711792,0,998.492,5.52889
0.0012814,1100.91,-0.0304983,0.708882,0,998.492,5.52889
0.00128161,1065.35,0.0927013,0.708372,0,998.493,5.52889
0.00128181,959.38,0.094906,0.710628,0,998.495,5.52889
0.001282,927.271,-0.0445551,0.712616,0,998.497,5.52889
0.0012822,1015.39,-0.110103,0.711174,0,998.497,5.52889
0.00128241,1093.69,-0.0296415,0.708505,0,998.497,5.52889
0.00128261,1059.52,0.0871748,0.708,0,998.499,5.52889
0.00128281,963.074,0.0876145,0.710032,0,998.5,5.52889
0.00128301,933.514,-0.0411461,0.711831,0,998.502,5.52889
0.0012832,1029.28,-0.09911,0.710121,0,998.502,5.52889
0.0012834,1089.86,-0.0116395,0.707754,0,998.503,5.52889
0.0012836,1038.61,0.0921467,0.707739,0,998.504,5.52889
0.0012838,950.372,0.0631871,0.70985,0,998.506,5.52889
0.001284,944.118,-0.0498814,0.710945,0,998.507,5.52889
0.0012842,1.66182,0.819992,0.702729,0,998.505,5.52889
0.0012844,5.02623,2.47218,0.613212,0,998.44,5.52889
0.0012846,1252.12,1.05484,0.640276,0,998.427,5.52889
0.00128481,957.869,-0.286073,0.701381,0,998.43,5.52889
0.001285,1235.03,-0.0424651,0.698436,0,998.429,5.52889
0.00128521,1166.9,0.201055,0.698342,0,998.431,5.52889
0.00128541,880.007,0.225444,0.704913,0,998.434,5.52889
0.0012856,813.383,-0.123663,0.710178,0,998.435,5.52889
0.0012858,1049.88,-0.26577,0.706623,0,998.435,5.52889
0.00128601,1216.35,-0.0665402,0.701239,0,998.435,5.52889
0.00128621,1135.2,0.211391,0.700661,0,998.436,5.52889
0.00128641,892.077,0.214104,0.706403,0,998.439,5.52889
0.00128661,815.706,-0.0848054,0.711347,0,998.441,5.52889
0.00128681,1024.25,-0.252109,0.708614,0,998.44,5.52889
0.001287,1208.06,-0.0263565,0.702515,0,998.44,5.52889
0.00128721,1116.19,0.206735,0.702574,0,998.442,5.52889
0.0012874,873.031,0.172474,0.708623,0,998.445,5.52889
0.0012876,839.573,-0.110593,0.712405,0,998.446,5.52889
0.00128781,1035.73,-0.23342,0.709465,0,998.446,5.52889
0.001288,1194.5,-0.0262951,0.704073,0,998.446,5.52889
0.0012882,1068.57,0.216709,0.704739,0,998.447,5.52889
0.0012884,873.134,0.147983,0.710014,0,998.45,5.52889
0.00128861,850.511,-0.0997578,0.713164,0,998.451,5.52889
0.0012888,1068.44,-0.206366,0.709521,0,998.451,5.52889
0.00128901,1181.94,-0.0165708,0.70528,0,998.451,5.52889
0.0012892,1053.9,0.205125,0.706156,0,998.453,5.52889
0.00128941,878.59,0.130392,0.710995,0,998.455,5.52889
0.00128961,861.993,-0.0918313,0.713716,0,998.456,5.52889
0.0012898,1077.65,-0.184271,0.709938,0,998.456,5.52889
0.00129,1169.25,0.0130478,0.706072,0,998.456,5.52889
0.00129021,1062.78,0.184894,0.706917,0,998.458,5.52889
0.0012904,872.125,0.0895623,0.712254,0,998.461,5.52889
0.00129061,889.345,-0.117067,0.714023,0,998.462,5.52889
0.00129081,1064.21,-0.174709,0.710783,0,998.461,5.52889
0.001291,1154.24,0.0397448,0.70674,0,998.462,5.52889
0.0012912,1029.75,0.179921,0.708259,0,998.464,5.52889
0.0012914,881.583,0.0806968,0.712645,0,998.466,5.52889
0.00129161,895.037,-0.10256,0.714229,0,998.467,5.52889
0.0012918,1082.54,-0.147938,0.710542,0,998.466,5.52889
0.001292,1144.34,0.0340302,0.70742,0,998.467,5.52889
0.0012922,1023.31,0.167765,0.708885,0,998.469,5.52889
0.00129241,891.474,0.0764347,0.71279,0,998.471,5.52889
0.00129261,907.429,-0.102041,0.714233,0,998.472,5.52889
0.0012928,1079.77,-0.135344,0.710731,0,998.472,5.52889
0.00129301,1133.83,0.0340201,0.707873,0,998.472,5.52889
0.0012932,1005.49,0.155808,0.709582,0,998.474,5.52889
0.0012934,890.836,0.0403705,0.713303,0,998.476,5.52889
0.0012936,937.354,-0.121144,0.713859,0,998.477,5.52889
0.00129381,1076.73,-0.123323,0.710756,0,998.477,5.52889
0.001294,1119.01,0.0539825,0.708052,0,998.478,5.52889
0.0012942,1004.61,0.143995,0.709727,0,998.48,5.52889
0.00129441,900.478,0.0400493,0.713065,0,998.481,5.52889
0.00129461,945.798,-0.114685,0.713548,0,998.482,5.52889
0.00129481,1071.16,-0.114407,0.710702,0,998.482,5.52889
0.00129501,1110.26,0.0515407,0.70815,0,998.483,5.52889
0.00129521,1003.03,0.13299,0.709716,0,998.485,5.52889
0.0012954,905.112,0.0149168,0.713024,0,998.487,5.52889
0.00129561,950.839,-0.10618,0.713133,0,998.487,5.52889
0.0012958,1085.9,-0.0849569,0.709834,0,998.487,5.52889
0.00129601,1102.71,0.0475194,0.708081,0,998.488,5.52889
0.0012962,986.554,0.119769,0.709909,0,998.49,5.52889
0.0012964,913.056,0.0139196,0.712518,0,998.492,5.52889
0.0012966,975.921,-0.111714,0.712262,0,998.492,5.52889
0.00129681,1079.92,-0.0788263,0.709512,0,998.493,5.52889
0.001297,1084.44,0.0690198,0.70786,0,998.494,5.52889
0.00129721,989.681,0.111087,0.709471,0,998.495,5.52889
0.0012974,919.873,-0.00570618,0.71208,0,998.497,5.52889
0.00129761,980.045,-0.103983,0.711585,0,998.497,5.52889
0.00129781,1075.39,-0.0717828,0.709008,0,998.498,5.52889
0.001298,1078.71,0.0639182,0.707476,0,998.499,5.52889
0.0012982,977.81,0.0974817,0.709285,0,998.5,5.52889
0.0012984,926.687,-0.0052382,0.711306,0,998.502,5.52889
0.00129861,982.236,-0.0960755,0.710815,0,998.503,5.52889
0.0012988,1081.21,-0.0469161,0.70797,0,998.503,5.52889
0.00129901,1073.6,0.0588851,0.706946,0,998.504,5.52889
0.00129921,980.281,0.0901176,0.708582,0,998.506,5.52889
0.0012994,933.58,-0.0134124,0.710491,0,998.507,5.52889
0.0012996,2.40679,1.18645,0.696921,0,998.504,5.52889
0.0012998,5.04811,2.48293,0.611211,0,998.434,5.52889
0.00130001,1251.29,0.924213,0.6447,0,998.425,5.52889
0.0013002,950.198,-0.283619,0.701346,0,998.429,5.52889
0.0013004,1210.19,-0.136396,0.699746,0,998.428,5.52889
0.0013006,1165.76,0.20239,0.698082,0,998.429,5.52889
0.0013008,914.864,0.25062,0.703639,0,998.432,5.52889
0.001301,796.162,-0.0648513,0.709753,0,998.434,5.52889
0.0013012,972.877,-0.266122,0.708141,0,998.434,5.52889
0.0013014,1208.45,-0.0973281,0.701511,0,998.433,5.52889
0.00130161,1179.68,0.154983,0.700021,0,998.434,5.52889
0.00130181,928.15,0.238416,0.705171,0,998.437,5.52889
0.001302,807.066,-0.0425223,0.710949,0,998.439,5.52889
0.0013022,991.201,-0.25152,0.709184,0,998.439,5.52889
0.0013024,1191.41,-0.10304,0.703508,0,998.439,5.52889
0.00130261,1161.14,0.156668,0.701919,0,998.44,5.52889
0.0013028,907.16,0.205621,0.707405,0,998.443,5.52889
0.001303,824.036,-0.0595538,0.712134,0,998.445,5.52889
0.0013032,1003.99,-0.235369,0.710088,0,998.444,5.52889
0.0013034,1188.73,-0.062948,0.704468,0,998.444,5.52889
0.00130361,1149.18,0.148106,0.703528,0,998.445,5.52889
0.0013038,910.465,0.188201,0.708711,0,998.448,5.52889
0.00130401,836.66,-0.052176,0.712943,0,998.45,5.52889
0.00130421,1002.08,-0.218254,0.71108,0,998.45,5.52889
0.0013044,1178.77,-0.0429736,0.705565,0,998.449,5.52889
0.00130461,1124.7,0.156051,0.705021,0,998.451,5.52889
0.00130481,913.799,0.170739,0.709789,0,998.453,5.52889
0.001305,860.486,-0.0871222,0.713684,0,998.455,5.52889
0.00130521,1019.74,-0.201676,0.71141,0,998.455,5.52889
0.0013054,1168.26,-0.0224541,0.706449,0,998.455,5.52889
0.00130561,1102.54,0.158135,0.706303,0,998.456,5.52889
0.0013058,896.526,0.131619,0.711319,0,998.459,5.52889
0.00130601,869.145,-0.0731451,0.714077,0,998.46,5.52889
0.0013062,1045.27,-0.181748,0.711318,0,998.46,5.52889
0.0013064,1156.46,-0.020456,0.707337,0,998.46,5.52889
0.0013066,1057.73,0.171229,0.707776,0,998.462,5.52889
0.0013068,901.42,0.116791,0.711916,0,998.464,5.52889
0.00130701,880.523,-0.0700128,0.714312,0,998.465,5.52889
0.00130721,1039.14,-0.169125,0.711813,0,998.465,5.52889
0.0013074,1146.66,0.00562177,0.707742,0,998.465,5.52889
0.0013076,1057.96,0.157092,0.708316,0,998.467,5.52889
0.00130781,911.059,0.11076,0.712126,0,998.469,5.52889
0.001308,906.107,-0.0993534,0.714354,0,998.47,5.52889
0.0013082,1060.25,-0.147713,0.711419,0,998.47,5.52889
0.0013084,1136.34,0.00687562,0.70822,0,998.471,5.52889
0.00130861,1051.16,0.146723,0.708791,0,998.472,5.52889
0.0013088,900.688,0.0706309,0.712936,0,998.475,5.52889
0.001309,915.3,-0.0940436,0.714246,0,998.476,5.52889
0.00130921,1053.43,-0.138068,0.711592,0,998.476,5.52889
0.00130941,1126.76,0.00804387,0.708505,0,998.476,5.52889
0.0013096,1026.29,0.142304,0.709439,0,998.478,5.52889
0.0013098,908.407,0.0640248,0.712841,0,998.48,5.52889
0.00131001,918.417,-0.0801372,0.714017,0,998.481,5.52889
0.00131021,1052.16,-0.126638,0.711454,0,998.481,5.52889
0.0013104,1116.16,0.0255411,0.708485,0,998.481,5.52889
0.0013106,1023.4,0.131839,0.709488,0,998.483,5.52889
0.00131081,917.67,0.0628597,0.712495,0,998.485,5.52889
0.00131101,927.397,-0.0776475,0.713609,0,998.486,5.52889
0.0013112,1066.96,-0.105088,0.710697,0,998.486,5.52889
0.00131141,1108.12,0.0237067,0.70844,0,998.487,5.52889
0.0013116,1005.56,0.122787,0.709706,0,998.488,5.52889
0.0013118,916.715,0.0345907,0.712492,0,998.49,5.52889
0.001312,954.786,-0.0973778,0.712859,0,998.491,5.52889
0.00131221,1062.55,-0.0972013,0.710355,0,998.491,5.52889
0.0013124,1096.1,0.041927,0.708142,0,998.492,5.52889
0.0013126,1006.01,0.113493,0.709366,0,998.494,5.52889
0.0013128,923.168,0.0294445,0.711949,0,998.495,5.52889
0.001313,960.989,-0.0917612,0.712188,0,998.496,5.52889
0.00131321,1058.64,-0.0897584,0.709864,0,998.496,5.52889
0.00131341,1089.06,0.0403974,0.707783,0,998.497,5.52889
0.00131361,1006.22,0.104892,0.708886,0,998.499,5.52889
0.0013138,927.238,0.0108396,0.711458,0,998.5,5.52889
0.00131401,964.625,-0.0847558,0.711424,0,998.501,5.52889
0.0013142,1070.23,-0.0663023,0.708739,0,998.501,5.52889
0.00131441,1083.1,0.0371873,0.707283,0,998.502,5.52889
0.0013146,992.773,0.0947268,0.708602,0,998.504,5.52889
0.0013148,933.307,0.00780659,0.710637,0,998.505,5.52889
0.00131501,3.12772,1.54108,0.69073,0,998.5,5.52889
0.0013152,5.05569,2.48666,0.611351,0,998.433,5.52889
0.00131541,1250.91,0.865268,0.647245,0,998.424,5.52889
0.00131562,864.321,-0.228872,0.704369,0,998.428,5.52889
0.0013158,1208.2,-0.140973,0.700201,0,998.426,5.52889
0.001316,1180.95,0.1819,0.698312,0,998.428,5.52889
0.0013162,909.189,0.247313,0.704164,0,998.431,5.52889
0.0013164,790.468,-0.0193715,0.709816,0,998.433,5.52889
0.0013166,971.802,-0.265997,0.708539,0,998.432,5.52889
0.0013168,1194.42,-0.134102,0.702582,0,998.432,5.52889
0.00131701,1184.93,0.145545,0.700379,0,998.433,5.52889
0.0013172,927.694,0.238256,0.705568,0,998.436,5.52889
0.0013174,806.816,-0.0411897,0.711331,0,998.438,5.52889
0.0013176,989.556,-0.251412,0.709612,0,998.438,5.52889
0.0013178,1190.83,-0.104878,0.703936,0,998.437,5.52889
0.00131801,1161.58,0.156185,0.702313,0,998.439,5.52889
0.0013182,908.657,0.206869,0.707762,0,998.441,5.52889
0.0013184,823.329,-0.0563508,0.712525,0,998.443,5.52889
0.0013186,1000.95,-0.23527,0.710565,0,998.443,5.52889
0.0013188,1184.65,-0.0788498,0.705134,0,998.443,5.52889
0.00131901,1151.99,0.143979,0.703922,0,998.444,5.52889
0.0013192,909.155,0.187233,0.709168,0,998.447,5.52889
0.0013194,839.632,-0.0664061,0.713435,0,998.448,5.52889
0.0013196,1001.18,-0.218539,0.711527,0,998.448,5.52889
0.00131981,1167.75,-0.0871965,0.706688,0,998.448,5.52889
0.00132001,1125.67,0.155393,0.705437,0,998.45,5.52889
0.0013202,902.601,0.160726,0.710568,0,998.452,5.52889
0.00132041,850.39,-0.0534208,0.71402,0,998.454,5.52889
0.00132061,1002.91,-0.20219,0.712235,0,998.454,5.52889
0.0013208,1165.34,-0.0454749,0.707188,0,998.453,5.52889
0.001321,1095.55,0.164523,0.706841,0,998.455,5.52889
0.00132121,922.552,0.15951,0.710916,0,998.457,5.52889
0.0013214,869.342,-0.0743426,0.714535,0,998.459,5.52889
0.00132161,1014.06,-0.186994,0.712528,0,998.459,5.52889
0.00132181,1152.54,-0.0476208,0.708153,0,998.459,5.52889
0.00132201,1095.29,0.146819,0.707636,0,998.46,5.52889
0.0013222,900.453,0.115738,0.712409,0,998.463,5.52889
0.0013224,889.165,-0.0913957,0.71479,0,998.464,5.52889
0.0013226,1042.88,-0.168355,0.712188,0,998.464,5.52889
0.00132281,1144.37,-0.0328279,0.708645,0,998.464,5.52889
0.00132301,1084.81,0.140129,0.708353,0,998.466,5.52889
0.0013232,909.547,0.109181,0.712649,0,998.468,5.52889
0.00132341,889.136,-0.0634465,0.714859,0,998.469,5.52889
0.0013236,1040.4,-0.156158,0.712428,0,998.469,5.52889
0.00132381,1135.89,-0.0177416,0.708955,0,998.47,5.52889
0.001324,1051.25,0.147031,0.709269,0,998.471,5.52889
0.00132421,916.918,0.100658,0.712764,0,998.473,5.52889
0.0013244,915.111,-0.0942427,0.71474,0,998.474,5.52889
0.0013246,1053.52,-0.138352,0.712083,0,998.474,5.52889
0.0013248,1127,0.008062,0.708991,0,998.475,5.52889
0.00132501,1053.1,0.133536,0.709417,0,998.476,5.52889
0.00132521,923.169,0.0919529,0.712732,0,998.478,5.52889
0.00132541,918.237,-0.0803117,0.714522,0,998.479,5.52889
0.0013256,1052.25,-0.1269,0.711955,0,998.48,5.52889
0.0013258,1116.39,0.0256019,0.708982,0,998.48,5.52889
0.001326,1023.43,0.132113,0.70999,0,998.482,5.52889
0.0013262,917.478,0.062979,0.713005,0,998.484,5.52889
0.00132641,927.235,-0.0778163,0.714123,0,998.485,5.52889
0.00132661,1049.21,-0.117213,0.711724,0,998.485,5.52889
0.0013268,1108.32,0.0237636,0.708948,0,998.485,5.52889
0.001327,1022.48,0.122102,0.709845,0,998.487,5.52889
0.00132721,924.598,0.0584922,0.712594,0,998.489,5.52889
0.00132741,933.309,-0.0716215,0.713601,0,998.49,5.52889
0.0013276,1062.67,-0.0974016,0.710875,0,998.49,5.52889
0.00132781,1100.92,0.0216317,0.708752,0,998.491,5.52889
0.001328,1006.01,0.113729,0.709888,0,998.492,5.52889
0.0013282,922.991,0.0295043,0.712479,0,998.494,5.52889
0.0013284,960.894,-0.0919538,0.71272,0,998.495,5.52889
0.00132861,1058.75,-0.0899438,0.710393,0,998.495,5.52889
0.0013288,1089.23,0.0404855,0.70831,0,998.496,5.52889
0.001329,1006.21,0.10511,0.709417,0,998.497,5.52889
0.0013292,929.576,0.0272905,0.711775,0,998.499,5.52889
0.0013294,964.537,-0.084934,0.711964,0,998.5,5.52889
0.00132961,1055,-0.0831594,0.709779,0,998.5,5.52889
0.0013298,1083.26,0.0372688,0.707818,0,998.501,5.52889
0.00133001,1006.57,0.0971475,0.708804,0,998.503,5.52889
0.00133021,935.205,0.0231818,0.710981,0,998.504,5.52889
0.00133041,3.08961,1.52234,0.691662,0,998.499,5.52889
0.0013306,347.191,2.46078,0.611535,0,998.43,5.52889
0.00133082,1250.39,0.78412,0.650857,0,998.425,5.52889
0.00133101,844.742,-0.206653,0.705407,0,998.429,5.52889
0.0013312,1184.78,-0.182838,0.701695,0,998.427,5.52889
0.0013314,1200.99,0.146026,0.698715,0,998.428,5.52889
0.00133161,979.539,0.273889,0.702829,0,998.431,5.52889
0.0013318,790.923,0.0209752,0.709885,0,998.433,5.52889
0.001332,917.644,-0.244,0.710005,0,998.434,5.52889
0.0013322,1171.14,-0.174307,0.70396,0,998.433,5.52889
0.00133241,1198.33,0.114831,0.700815,0,998.434,5.52889
0.0013326,962.364,0.25171,0.705086,0,998.436,5.52889
0.0013328,805.122,0.0151606,0.711233,0,998.439,5.52889
0.001333,933.82,-0.233397,0.711092,0,998.439,5.52889
0.0013332,1172.98,-0.142641,0.705105,0,998.438,5.52889
0.00133341,1184.34,0.111403,0.70262,0,998.439,5.52889
0.00133361,969.038,0.235962,0.706499,0,998.442,5.52889
0.0013338,818.686,-0.0113616,0.712543,0,998.444,5.52889
0.001334,948.572,-0.222,0.711956,0,998.444,5.52889
0.0013342,1166.16,-0.124642,0.70634,0,998.443,5.52889
0.0013344,1155.57,0.137393,0.704221,0,998.445,5.52889
0.0013346,949.474,0.211535,0.70834,0,998.447,5.52889
0.0013348,832.456,-0.0149123,0.713391,0,998.449,5.52889
0.001335,971.773,-0.212814,0.712418,0,998.449,5.52889
0.0013352,1155.73,-0.114183,0.707503,0,998.449,5.52889
0.0013354,1141.23,0.133746,0.705565,0,998.45,5.52889
0.0013356,941.677,0.190141,0.709664,0,998.453,5.52889
0.00133581,845.417,-0.0114471,0.713966,0,998.454,5.52889
0.00133601,958.008,-0.191185,0.713371,0,998.455,5.52889
0.0013362,1152.13,-0.0897038,0.70815,0,998.454,5.52889
0.00133641,1135.23,0.117527,0.70663,0,998.455,5.52889
0.00133661,949.167,0.177136,0.710352,0,998.458,5.52889
0.0013368,860.688,-0.0386785,0.714574,0,998.46,5.52889
0.001337,994.498,-0.185785,0.713139,0,998.46,5.52889
0.00133721,1140.75,-0.0847479,0.708963,0,998.46,5.52889
0.00133741,1122.27,0.114493,0.707514,0,998.461,5.52889
0.0013376,931.733,0.149376,0.711537,0,998.463,5.52889
0.0013378,874.238,-0.0480394,0.714847,0,998.465,5.52889
0.001338,1010.82,-0.173008,0.713092,0,998.465,5.52889
0.00133821,1134.64,-0.0699461,0.709361,0,998.465,5.52889
0.0013384,1082.26,0.141674,0.708514,0,998.466,5.52889
0.00133861,937.127,0.138211,0.711859,0,998.468,5.52889
0.0013388,890.012,-0.0648933,0.714955,0,998.47,5.52889
0.001339,1014.07,-0.160045,0.713151,0,998.47,5.52889
0.0013392,1132.02,-0.0408325,0.709355,0,998.47,5.52889
0.00133941,1083.49,0.1252,0.708837,0,998.472,5.52889
0.00133961,941.846,0.127161,0.712014,0,998.474,5.52889
0.00133981,897.358,-0.0546957,0.714809,0,998.475,5.52889
0.00134001,1015.83,-0.147881,0.713075,0,998.475,5.52889
0.0013402,1125.94,-0.0176346,0.709313,0,998.475,5.52889
0.00134041,1076.18,0.117338,0.709094,0,998.477,5.52889
0.0013406,925.665,0.0948436,0.712677,0,998.479,5.52889
0.00134081,906.739,-0.0533412,0.714534,0,998.48,5.52889
0.001341,1035.74,-0.133126,0.7124,0,998.48,5.52889
0.0013412,1117.28,-0.0153603,0.70937,0,998.481,5.52889
0.0013414,1045.4,0.125179,0.709562,0,998.482,5.52889
0.0013416,930.858,0.0860524,0.712468,0,998.484,5.52889
0.0013418,927.79,-0.0781444,0.714099,0,998.485,5.52889
0.00134201,1033.8,-0.123047,0.712103,0,998.486,5.52889
0.0013422,1109.75,0.00514919,0.709068,0,998.486,5.52889
0.0013424,1042.85,0.115636,0.709412,0,998.488,5.52889
0.00134261,936.94,0.0796807,0.712062,0,998.489,5.52889
0.0013428,933.847,-0.0719693,0.713542,0,998.49,5.52889
0.001343,1046.52,-0.107825,0.71128,0,998.491,5.52889
0.0013432,1102.2,0.00463813,0.708824,0,998.491,5.52889
0.00134341,1042.62,0.105809,0.709066,0,998.493,5.52889
0.0013436,929.796,0.0505036,0.712039,0,998.495,5.52889
0.00134381,940.911,-0.0686419,0.712848,0,998.496,5.52889
0.001344,1044.07,-0.0994872,0.710723,0,998.496,5.52889
0.0013442,1093.63,0.0210542,0.708302,0,998.496,5.52889
0.0013444,1020.65,0.104005,0.708998,0,998.498,5.52889
0.0013446,935.879,0.0467236,0.711329,0,998.5,5.52889
0.00134481,946.075,-0.0633507,0.712043,0,998.501,5.52889
0.001345,1054.87,-0.0829295,0.709659,0,998.501,5.52889
0.0013452,1087.29,0.019356,0.707772,0,998.502,5.52889
0.00134541,1019.95,0.0961013,0.708377,0,998.503,5.52889
0.0013456,937.591,0.032153,0.710699,0,998.505,5.52889
0.0013458,3.87996,1.91111,0.682633,0,998.496,5.52889
0.001346,1139.37,2.34032,0.610751,0,998.425,5.52889
0.0013462,1250.16,0.746879,0.652142,0,998.425,5.52889
0.00134641,811.297,-0.153049,0.706024,0,998.43,5.52889
0.00134661,1064.62,-0.276229,0.705297,0,998.429,5.52889
0.0013468,1231.44,0.0385004,0.69895,0,998.429,5.52889
0.00134701,1079.51,0.262547,0.70056,0,998.431,5.52889
0.00134721,838.565,0.170621,0.707216,0,998.434,5.52889
0.00134741,829.794,-0.149693,0.710897,0,998.435,5.52889
0.0013476,1112.01,-0.233873,0.705716,0,998.434,5.52889
0.0013478,1215.49,0.0518268,0.700867,0,998.434,5.52889
0.00134801,1079.16,0.24383,0.702376,0,998.436,5.52889
0.0013482,832.033,0.127792,0.709344,0,998.439,5.52889
0.00134841,854.597,-0.161835,0.711974,0,998.44,5.52889
0.00134861,1084.72,-0.230458,0.707771,0,998.44,5.52889
0.0013488,1203.8,0.0347682,0.702726,0,998.44,5.52889
0.001349,1032,0.239743,0.704835,0,998.442,5.52889
0.0013492,836.217,0.0999149,0.710843,0,998.445,5.52889
0.0013494,878.25,-0.16804,0.712777,0,998.445,5.52889
0.00134961,1089.62,-0.208841,0.708672,0,998.445,5.52889
0.0013498,1185.14,0.0625632,0.70405,0,998.445,5.52889
0.00135,1027.61,0.223319,0.706229,0,998.447,5.52889
0.0013502,842.955,0.0763068,0.712011,0,998.45,5.52889
0.00135041,884.627,-0.152327,0.713524,0,998.451,5.52889
0.00135061,1087.6,-0.191547,0.709543,0,998.45,5.52889
0.0013508,1172.38,0.058894,0.70533,0,998.451,5.52889
0.001351,1010.67,0.208062,0.707667,0,998.453,5.52889
0.0013512,849.567,0.0468096,0.713017,0,998.455,5.52889
0.0013514,930.395,-0.175787,0.713545,0,998.456,5.52889
0.00135161,1099.23,-0.164329,0.70979,0,998.455,5.52889
0.0013518,1154.54,0.0745948,0.706315,0,998.456,5.52889
0.001352,999.561,0.191907,0.708772,0,998.458,5.52889
0.00135221,863.237,0.0507794,0.71333,0,998.46,5.52889
0.00135241,927.234,-0.15552,0.714035,0,998.461,5.52889
0.00135261,1089.87,-0.154163,0.710476,0,998.461,5.52889
0.00135281,1142.26,0.0733812,0.70714,0,998.461,5.52889
0.001353,979.374,0.173841,0.709897,0,998.464,5.52889
0.0013532,870.942,0.0284138,0.713834,0,998.466,5.52889
0.0013534,958.185,-0.160153,0.713804,0,998.466,5.52889
0.0013536,1111.22,-0.114365,0.70998,0,998.466,5.52889
0.00135381,1133.97,0.064172,0.707762,0,998.467,5.52889
0.001354,978.311,0.160303,0.710361,0,998.469,5.52889
0.00135421,880.128,0.0180735,0.714,0,998.471,5.52889
0.0013544,966.667,-0.150698,0.713755,0,998.471,5.52889
0.00135461,1105.11,-0.103641,0.71021,0,998.471,5.52889
0.0013548,1106.5,0.0977637,0.708212,0,998.472,5.52889
0.001355,964.739,0.141939,0.710974,0,998.474,5.52889
0.0013552,889.292,-0.00765933,0.714141,0,998.476,5.52889
0.00135541,964.949,-0.136891,0.713717,0,998.476,5.52889
0.00135561,1099.26,-0.093904,0.710271,0,998.476,5.52889
0.00135581,1103.39,0.0834171,0.708416,0,998.477,5.52889
0.001356,966.909,0.130612,0.710996,0,998.48,5.52889
0.00135621,898.341,-0.00424343,0.713831,0,998.481,5.52889
0.00135641,970.984,-0.127868,0.713386,0,998.482,5.52889
0.0013566,1104.95,-0.0640799,0.709711,0,998.482,5.52889
0.00135681,1095.02,0.0793788,0.708474,0,998.483,5.52889
0.00135701,968.95,0.12011,0.710853,0,998.485,5.52889
0.0013572,908.748,-0.0255706,0.713577,0,998.486,5.52889
0.0013574,997.787,-0.125576,0.712502,0,998.487,5.52889
0.00135761,1097.82,-0.0590996,0.70953,0,998.487,5.52889
0.00135781,1088.65,0.0732383,0.708354,0,998.488,5.52889
0.001358,956.334,0.10061,0.710978,0,998.49,5.52889
0.00135821,916.382,-0.0234905,0.713005,0,998.491,5.52889
0.00135841,998.524,-0.116039,0.711982,0,998.492,5.52889
0.0013586,1098.49,-0.0324883,0.708817,0,998.492,5.52889
0.0013588,1062.68,0.0922854,0.708289,0,998.493,5.52889
0.001359,960.236,0.0928868,0.710472,0,998.495,5.52889
0.0013592,928.924,-0.0436777,0.712405,0,998.496,5.52889
0.0013594,1015.26,-0.107901,0.710981,0,998.497,5.52889
0.0013596,1092,-0.0290691,0.708354,0,998.497,5.52889
0.00135981,1058.56,0.0853987,0.707847,0,998.499,5.52889
0.00136001,964.02,0.0858725,0.709826,0,998.5,5.52889
0.0013602,935.032,-0.0403053,0.71158,0,998.501,5.52889
0.00136041,1014.81,-0.0997262,0.710229,0,998.502,5.52889
0.0013606,1088.26,-0.0114308,0.707562,0,998.502,5.52889
0.00136081,1055,0.0788015,0.70726,0,998.504,5.52889
0.00136101,964.814,0.0771007,0.70914,0,998.505,5.52889
0.0013612,4.45561,2.19427,0.67501,0,998.494,5.52889
0.0013614,1259.84,2.27295,0.610346,0,998.425,5.52889
0.00136161,1249.35,0.620412,0.656537,0,998.426,5.52889
0.00136181,790.403,-0.0984065,0.705897,0,998.431,5.52889
0.001362,1065.85,-0.275877,0.704787,0,998.43,5.52889
0.0013622,1232.72,-0.0241192,0.699077,0,998.429,5.52889
0.00136241,1130.97,0.23143,0.699245,0,998.431,5.52889
0.0013626,838.611,0.170744,0.706732,0,998.434,5.52889
0.0013628,829.88,-0.149913,0.710414,0,998.436,5.52889
0.001363,1045.15,-0.262351,0.707035,0,998.435,5.52889
0.0013632,1219.4,-0.0102256,0.70092,0,998.435,5.52889
0.0013634,1078.88,0.243984,0.701895,0,998.437,5.52889
0.0013636,860.903,0.175622,0.707755,0,998.44,5.52889
0.00136381,825.472,-0.103764,0.711582,0,998.441,5.52889
0.001364,1053.84,-0.24239,0.708103,0,998.44,5.52889
0.0013642,1205.75,-0.00155745,0.702559,0,998.44,5.52889
0.0013644,1075.41,0.226987,0.703507,0,998.442,5.52889
0.0013646,858.462,0.145329,0.709419,0,998.445,5.52889
0.00136481,843.611,-0.110288,0.712506,0,998.446,5.52889
0.001365,1060.9,-0.222267,0.708965,0,998.446,5.52889
0.00136521,1191.86,-0.00972622,0.704132,0,998.446,5.52889
0.0013654,1068.81,0.211973,0.704931,0,998.448,5.52889
0.0013656,861.343,0.121503,0.710669,0,998.45,5.52889
0.00136581,853.496,-0.0976813,0.713199,0,998.452,5.52889
0.00136601,1061.82,-0.20457,0.709761,0,998.451,5.52889
0.0013662,1177.46,0.0289216,0.705019,0,998.451,5.52889
0.0013664,1039.38,0.204797,0.706563,0,998.453,5.52889
0.00136661,870.688,0.109487,0.71144,0,998.456,5.52889
0.00136681,885.562,-0.129546,0.713605,0,998.457,5.52889
0.00136701,1072.53,-0.182731,0.710078,0,998.456,5.52889
0.0013672,1163.41,0.0389402,0.705971,0,998.457,5.52889
0.0013674,1024.81,0.191719,0.70771,0,998.459,5.52889
0.0013676,874.431,0.0870001,0.712227,0,998.461,5.52889
0.00136781,892.957,-0.116853,0.713926,0,998.462,5.52889
0.001368,1090.02,-0.154445,0.709973,0,998.461,5.52889
0.0013682,1151.43,0.0391148,0.706771,0,998.462,5.52889
0.00136841,1029.2,0.176467,0.708255,0,998.464,5.52889
0.0013686,879.667,0.0678159,0.71275,0,998.466,5.52889
0.0013688,932.568,-0.143755,0.713714,0,998.467,5.52889
0.001369,1092.55,-0.136011,0.71011,0,998.467,5.52889
0.00136921,1141.05,0.036701,0.707369,0,998.467,5.52889
0.0013694,1004.46,0.165032,0.709223,0,998.469,5.52889
0.0013696,883.739,0.0426888,0.713171,0,998.471,5.52889
0.00136981,933.338,-0.128622,0.713779,0,998.472,5.52889
0.00137001,1080.78,-0.130584,0.710516,0,998.472,5.52889
0.0013702,1125.4,0.0574671,0.707675,0,998.473,5.52889
0.0013704,1004.22,0.152554,0.709476,0,998.475,5.52889
0.00137061,893.937,0.0423194,0.713036,0,998.477,5.52889
0.00137081,942.155,-0.12166,0.713567,0,998.477,5.52889
0.001371,1097.08,-0.0972786,0.709842,0,998.477,5.52889
0.00137121,1116.17,0.0547609,0.707898,0,998.478,5.52889
0.0013714,982.963,0.137237,0.710059,0,998.48,5.52889
0.0013716,898.858,0.0157024,0.713111,0,998.482,5.52889
0.00137181,948.9,-0.113862,0.713229,0,998.482,5.52889
0.001372,1091.23,-0.0889019,0.70975,0,998.482,5.52889
0.00137221,1107.27,0.0532716,0.70794,0,998.483,5.52889
0.0013724,984.608,0.126746,0.709921,0,998.485,5.52889
0.00137261,907.249,0.0144233,0.7127,0,998.487,5.52889
0.0013728,975.53,-0.11914,0.712421,0,998.487,5.52889
0.00137301,1085.02,-0.0822464,0.709528,0,998.488,5.52889
0.0013732,1086.67,0.0767731,0.707849,0,998.489,5.52889
0.0013734,971.494,0.110924,0.710018,0,998.49,5.52889
0.0013736,914.476,-0.00504671,0.712347,0,998.492,5.52889
0.00137381,978.008,-0.110064,0.711862,0,998.493,5.52889
0.00137401,1079.24,-0.0761425,0.709155,0,998.493,5.52889
0.00137421,1082.75,0.0678389,0.707555,0,998.494,5.52889
0.0013744,975.864,0.103279,0.709498,0,998.496,5.52889
0.00137461,921.725,-0.00558016,0.711665,0,998.497,5.52889
0.00137481,980.639,-0.10183,0.711169,0,998.498,5.52889
0.001375,1085.5,-0.049628,0.708179,0,998.498,5.52889
0.00137521,1077.32,0.0625476,0.707123,0,998.499,5.52889
0.00137541,978.479,0.0954762,0.708883,0,998.501,5.52889
0.0013756,930.068,-0.0212418,0.710979,0,998.502,5.52889
0.0013758,1001.51,-0.0994651,0.710001,0,998.503,5.52889
0.00137601,1079.72,-0.0459774,0.707564,0,998.503,5.52889
0.00137621,1072.31,0.0576175,0.706549,0,998.504,5.52889
0.0013764,970.693,0.0820885,0.708435,0,998.506,5.52889
0.0013766,5.19264,2.55446,0.661523,0,998.49,5.52889
0.0013768,1259.31,2.18957,0.609974,0,998.424,5.52889
0.00137701,1249.15,0.590372,0.657186,0,998.425,5.52889
0.0013772,782.655,-0.0655797,0.705466,0,998.429,5.52889
0.0013774,986.972,-0.282523,0.706204,0,998.429,5.52889
0.0013776,1217.02,-0.106515,0.699815,0,998.428,5.52889
0.00137781,1173.18,0.186361,0.698305,0,998.43,5.52889
0.001378,881.458,0.221107,0.704861,0,998.433,5.52889
0.00137821,796.403,-0.0437642,0.709726,0,998.435,5.52889
0.0013784,1006.13,-0.26587,0.707548,0,998.434,5.52889
0.0013786,1207.66,-0.0874144,0.701577,0,998.434,5.52889
0.00137881,1169.55,0.164382,0.700287,0,998.435,5.52889
0.001379,901.631,0.216627,0.706088,0,998.438,5.52889
0.00137921,812.213,-0.0535041,0.711042,0,998.44,5.52889
0.0013794,1017.23,-0.248235,0.70865,0,998.439,5.52889
0.0013796,1198.01,-0.0688591,0.703086,0,998.439,5.52889
0.0013798,1120.06,0.198533,0.702478,0,998.441,5.52889
0.00138,897.894,0.192946,0.707779,0,998.443,5.52889
0.00138021,826.532,-0.0543698,0.712059,0,998.445,5.52889
0.0013804,1024.18,-0.230607,0.7096,0,998.445,5.52889
0.0013806,1188.38,-0.0470744,0.704319,0,998.445,5.52889
0.0013808,1107.91,0.188376,0.704038,0,998.446,5.52889
0.001381,889.804,0.163276,0.709388,0,998.449,5.52889
0.0013812,852.472,-0.0958429,0.712972,0,998.45,5.52889
0.0013814,1033.35,-0.212745,0.710266,0,998.45,5.52889
0.0013816,1175.35,-0.0446911,0.705596,0,998.45,5.52889
0.0013818,1081.81,0.18793,0.705586,0,998.452,5.52889
0.00138201,912.059,0.164666,0.709796,0,998.454,5.52889
0.0013822,864.983,-0.0903479,0.713511,0,998.455,5.52889
0.0013824,1049.05,-0.192495,0.71054,0,998.455,5.52889
0.0013826,1165.49,-0.0214515,0.706373,0,998.455,5.52889
0.0013828,1060.39,0.181933,0.706869,0,998.457,5.52889
0.001383,894.587,0.123844,0.711286,0,998.459,5.52889
0.00138321,872.54,-0.0744383,0.713849,0,998.461,5.52889
0.00138341,1040.97,-0.179482,0.711216,0,998.46,5.52889
0.0013836,1154.54,0.010293,0.706886,0,998.461,5.52889
0.00138381,1062.28,0.165586,0.70753,0,998.462,5.52889
0.001384,891.069,0.0943477,0.712154,0,998.465,5.52889
0.0013842,904.713,-0.112645,0.713962,0,998.466,5.52889
0.0013844,1063.08,-0.157021,0.71092,0,998.466,5.52889
0.0013846,1144.15,0.00729479,0.707538,0,998.466,5.52889
0.00138481,1053.64,0.15586,0.708169,0,998.468,5.52889
0.00138501,911.271,0.106587,0.711896,0,998.47,5.52889
0.0013852,909.478,-0.0999739,0.714007,0,998.471,5.52889
0.0013854,1056.23,-0.146594,0.711211,0,998.471,5.52889
0.00138561,1133.99,0.00861621,0.707957,0,998.471,5.52889
0.0013858,1027.08,0.151188,0.708979,0,998.473,5.52889
0.001386,902.073,0.0679562,0.712613,0,998.475,5.52889
0.00138621,912.886,-0.0854081,0.713886,0,998.476,5.52889
0.00138641,1054.87,-0.134472,0.711185,0,998.476,5.52889
0.0013866,1122.72,0.0273899,0.708057,0,998.477,5.52889
0.0013868,1024.1,0.140063,0.709152,0,998.478,5.52889
0.00138701,911.797,0.0664794,0.712373,0,998.48,5.52889
0.00138721,922.422,-0.0827502,0.713576,0,998.481,5.52889
0.0013874,1069.87,-0.112139,0.710527,0,998.481,5.52889
0.00138761,1114.04,0.0263593,0.708128,0,998.482,5.52889
0.00138781,1020.55,0.129843,0.709167,0,998.484,5.52889
0.001388,910.475,0.0349496,0.712518,0,998.485,5.52889
0.0013882,951.972,-0.103989,0.712898,0,998.486,5.52889
0.00138841,1065.41,-0.103588,0.710285,0,998.486,5.52889
0.0013886,1100.85,0.0465121,0.707941,0,998.487,5.52889
0.0013888,1003.8,0.120452,0.709319,0,998.489,5.52889
0.001389,918.028,0.0324222,0.712026,0,998.491,5.52889
0.00138921,956.161,-0.095946,0.712348,0,998.491,5.52889
0.00138941,1061.03,-0.0958769,0.709901,0,998.492,5.52889
0.00138961,1094.03,0.0427791,0.707697,0,998.492,5.52889
0.00138981,1005.94,0.111426,0.708897,0,998.494,5.52889
0.00139,922.084,0.0114845,0.711654,0,998.496,5.52889
0.00139021,961.861,-0.0900849,0.711644,0,998.497,5.52889
0.0013904,1074.05,-0.0703573,0.708817,0,998.497,5.52889
0.00139061,1087.63,0.0396277,0.707299,0,998.498,5.52889
0.0013908,991.648,0.100616,0.708729,0,998.499,5.52889
0.001391,928.735,0.010651,0.710888,0,998.501,5.52889
0.0013912,982.775,-0.0941259,0.71057,0,998.501,5.52889
0.0013914,1069.11,-0.0651191,0.708199,0,998.502,5.52889
0.0013916,1072.34,0.0576446,0.70677,0,998.503,5.52889
0.0013918,990.231,0.092182,0.708117,0,998.505,5.52889
0.001392,5.13744,2.52607,0.657435,0,998.486,5.52889
0.0013922,1259.1,2.15612,0.610477,0,998.422,5.52889
0.00139241,1248.77,0.531142,0.659732,0,998.424,5.52889
0.0013926,776.973,-0.0118115,0.705611,0,998.428,5.52889
0.00139281,943.052,-0.271156,0.707344,0,998.428,5.52889
0.001393,1208,-0.13078,0.70051,0,998.427,5.52889
0.00139321,1181.18,0.174491,0.698491,0,998.428,5.52889
0.0013934,918.897,0.247812,0.704024,0,998.431,5.52889
0.0013936,796.804,-0.0462182,0.709995,0,998.433,5.52889
0.0013938,967.602,-0.260425,0.708628,0,998.433,5.52889
0.001394,1200.26,-0.110335,0.702241,0,998.433,5.52889
0.00139421,1170.47,0.16284,0.700549,0,998.434,5.52889
0.00139441,931.017,0.235213,0.705528,0,998.437,5.52889
0.0013946,812.581,-0.0552278,0.711326,0,998.439,5.52889
0.0013948,984.834,-0.246241,0.709644,0,998.438,5.52889
0.00139501,1182.83,-0.115097,0.704182,0,998.438,5.52889
0.00139521,1160.5,0.150542,0.702341,0,998.439,5.52889
0.00139541,927.081,0.213924,0.707219,0,998.442,5.52889
0.0013956,828.017,-0.0603934,0.712379,0,998.444,5.52889
0.0013958,1000.65,-0.230626,0.710433,0,998.444,5.52889
0.001396,1179.03,-0.0844825,0.705212,0,998.443,5.52889
0.00139621,1148.3,0.142581,0.703898,0,998.445,5.52889
0.00139641,919.447,0.189937,0.708781,0,998.448,5.52889
0.00139661,840.233,-0.0524834,0.713142,0,998.449,5.52889
0.0013968,1005.27,-0.214228,0.711233,0,998.449,5.52889
0.00139701,1167.78,-0.0754425,0.706398,0,998.449,5.52889
0.00139721,1122.92,0.152527,0.705343,0,998.45,5.52889
0.0013974,907.316,0.15981,0.710277,0,998.453,5.52889
0.00139761,853.507,-0.0511217,0.71372,0,998.454,5.52889
0.0013978,1026.15,-0.197127,0.711439,0,998.454,5.52889
0.00139801,1161.35,-0.0480853,0.707072,0,998.454,5.52889
0.0013982,1085.12,0.167669,0.706799,0,998.456,5.52889
0.0013984,894.885,0.123676,0.711626,0,998.458,5.52889
0.00139861,872.817,-0.0742665,0.714189,0,998.46,5.52889
0.0013988,1040.9,-0.179121,0.711565,0,998.459,5.52889
0.001399,1153.74,-0.0177816,0.707538,0,998.46,5.52889
0.0013992,1062.18,0.165248,0.707894,0,998.461,5.52889
0.0013994,896.535,0.10387,0.7123,0,998.464,5.52889
0.0013996,889.126,-0.0848152,0.714404,0,998.465,5.52889
0.0013998,1046.52,-0.163759,0.711727,0,998.465,5.52889
0.00140001,1143.14,-0.0179948,0.708181,0,998.465,5.52889
0.0014002,1053.32,0.155565,0.708552,0,998.467,5.52889
0.00140041,911.448,0.10621,0.712271,0,998.469,5.52889
0.0014006,909.756,-0.0997529,0.714377,0,998.47,5.52889
0.0014008,1056.13,-0.146219,0.711591,0,998.47,5.52889
0.001401,1133.68,0.00859575,0.708348,0,998.47,5.52889
0.00140121,1055.34,0.141298,0.708828,0,998.472,5.52889
0.00140141,918.17,0.0971829,0.712355,0,998.474,5.52889
0.00140161,913.131,-0.0851843,0.71427,0,998.475,5.52889
0.0014018,1054.75,-0.134134,0.711579,0,998.475,5.52889
0.001402,1122.44,0.0273183,0.708461,0,998.476,5.52889
0.0014022,1024.07,0.139709,0.709556,0,998.477,5.52889
0.0014024,912.051,0.0663174,0.712771,0,998.479,5.52889
0.00140261,922.644,-0.0825374,0.713974,0,998.48,5.52889
0.00140281,1051.94,-0.123686,0.71145,0,998.48,5.52889
0.001403,1113.78,0.0262893,0.708545,0,998.481,5.52889
0.0014032,1020.53,0.129516,0.709583,0,998.483,5.52889
0.00140341,918.65,0.0594646,0.712506,0,998.484,5.52889
0.00140361,929.382,-0.0765207,0.713547,0,998.485,5.52889
0.0014038,1065.27,-0.103332,0.710705,0,998.485,5.52889
0.00140401,1105.94,0.024219,0.708465,0,998.486,5.52889
0.00140421,1019.86,0.119692,0.709387,0,998.488,5.52889
0.0014044,918.264,0.0323441,0.712448,0,998.49,5.52889
0.0014046,956.297,-0.0957018,0.712771,0,998.49,5.52889
0.00140481,1060.9,-0.0956401,0.710332,0,998.491,5.52889
0.001405,1093.83,0.0426656,0.708135,0,998.491,5.52889
0.0014052,1005.95,0.111146,0.709334,0,998.493,5.52889
0.0014054,924.955,0.0288337,0.711852,0,998.495,5.52889
0.00140561,961.982,-0.0898559,0.712078,0,998.495,5.52889
0.00140581,1057.62,-0.0879143,0.709794,0,998.496,5.52889
0.00140601,1087.44,0.0395224,0.707748,0,998.497,5.52889
0.00140621,1006.32,0.102728,0.708819,0,998.498,5.52889
0.0014064,928.944,0.0106265,0.711331,0,998.5,5.52889
0.00140661,965.537,-0.08299,0.711289,0,998.501,5.52889
0.0014068,1068.96,-0.0649593,0.708652,0,998.501,5.52889
0.00140701,1081.6,0.0363791,0.707216,0,998.502,5.52889
0.0014072,994.254,0.0931619,0.70847,0,998.503,5.52889
0.0014074,4.87842,2.39869,0.65108,0,998.482,5.52889
0.0014076,1258.58,2.07491,0.611829,0,998.421,5.52889
0.0014078,1248.55,0.497007,0.661519,0,998.422,5.52889
0.00140801,782.849,0.0655756,0.705559,0,998.427,5.52889
0.0014082,933.195,-0.266976,0.707982,0,998.427,5.52889
0.00140841,1166.15,-0.200846,0.70263,0,998.426,5.52889
0.0014086,1203.51,0.132576,0.698869,0,998.427,5.52889
0.0014088,952.491,0.262821,0.703598,0,998.43,5.52889
0.00140901,796.543,0.0436087,0.709606,0,998.432,5.52889
0.00140921,915.517,-0.238193,0.71006,0,998.432,5.52889
0.0014094,1179.88,-0.153852,0.703618,0,998.431,5.52889
0.00140961,1193.9,0.117374,0.700954,0,998.432,5.52889
0.0014098,963.719,0.248203,0.705156,0,998.435,5.52889
0.00141001,808.793,0.0255692,0.711117,0,998.437,5.52889
0.0014102,935.674,-0.230258,0.711087,0,998.437,5.52889
0.0014104,1166.96,-0.146642,0.70535,0,998.437,5.52889
0.0014106,1163.03,0.147074,0.70281,0,998.438,5.52889
0.00141081,961.453,0.229838,0.706797,0,998.44,5.52889
0.001411,821.915,-0.0152636,0.712579,0,998.443,5.52889
0.0014112,950.755,-0.218966,0.711948,0,998.443,5.52889
0.0014114,1161.35,-0.127033,0.706545,0,998.442,5.52889
0.0014116,1149.21,0.141753,0.704392,0,998.443,5.52889
0.0014118,947.73,0.206973,0.708496,0,998.446,5.52889
0.001412,835.189,-0.0118992,0.713375,0,998.448,5.52889
0.0014122,967.389,-0.207831,0.712543,0,998.448,5.52889
0.00141241,1148.2,-0.121865,0.707825,0,998.448,5.52889
0.00141261,1137.43,0.133698,0.705726,0,998.449,5.52889
0.00141281,946.766,0.188814,0.70964,0,998.451,5.52889
0.001413,851.812,-0.043441,0.71421,0,998.453,5.52889
0.0014132,992.336,-0.197145,0.712732,0,998.453,5.52889
0.00141341,1148.01,-0.0919919,0.708345,0,998.453,5.52889
0.00141361,1129.31,0.121502,0.706802,0,998.454,5.52889
0.0014138,926.868,0.158664,0.711109,0,998.457,5.52889
0.001414,863.519,-0.0392335,0.714596,0,998.458,5.52889
0.00141421,989.232,-0.181609,0.713298,0,998.458,5.52889
0.00141441,1139.59,-0.0804775,0.709028,0,998.458,5.52889
0.0014146,1093.53,0.144147,0.707947,0,998.46,5.52889
0.00141481,937.279,0.149993,0.711489,0,998.462,5.52889
0.001415,879.063,-0.0575857,0.714915,0,998.463,5.52889
0.0014152,1018.26,-0.169935,0.712978,0,998.463,5.52889
0.0014154,1139.25,-0.0453527,0.709097,0,998.464,5.52889
0.0014156,1082.3,0.138193,0.708632,0,998.465,5.52889
0.00141581,938.96,0.136297,0.711922,0,998.467,5.52889
0.001416,892.036,-0.0636584,0.714984,0,998.469,5.52889
0.00141621,1013.9,-0.157294,0.713214,0,998.469,5.52889
0.00141641,1129.92,-0.0401538,0.709483,0,998.469,5.52889
0.00141661,1082.31,0.122964,0.708973,0,998.47,5.52889
0.00141681,943.033,0.124982,0.712097,0,998.472,5.52889
0.00141701,899.279,-0.0536912,0.714844,0,998.474,5.52889
0.0014172,1036.39,-0.141819,0.712643,0,998.474,5.52889
0.0014174,1123.94,-0.0173759,0.709445,0,998.474,5.52889
0.0014176,1050.43,0.131778,0.709621,0,998.476,5.52889
0.0014178,927.146,0.0932453,0.712749,0,998.478,5.52889
0.00141801,908.504,-0.0523724,0.714576,0,998.479,5.52889
0.0014182,1035.28,-0.130836,0.712479,0,998.479,5.52889
0.00141841,1115.43,-0.0151256,0.709501,0,998.479,5.52889
0.0014186,1044.83,0.122999,0.709689,0,998.481,5.52889
0.00141881,932.25,0.0846051,0.712543,0,998.483,5.52889
0.001419,929.17,-0.0767328,0.714147,0,998.484,5.52889
0.0014192,1048.92,-0.114607,0.711776,0,998.484,5.52889
0.0014194,1108.03,0.00503525,0.709201,0,998.485,5.52889
0.00141961,1042.33,0.113621,0.709538,0,998.486,5.52889
0.00141981,938.226,0.0783395,0.712141,0,998.488,5.52889
0.00142001,935.125,-0.0706665,0.713595,0,998.489,5.52889
0.0014202,1045.86,-0.105973,0.711372,0,998.489,5.52889
0.00142041,1100.61,0.00452888,0.708957,0,998.49,5.52889
0.0014206,1021.27,0.110599,0.709599,0,998.492,5.52889
0.0014208,931.185,0.0496413,0.712113,0,998.493,5.52889
0.00142101,942.091,-0.0674359,0.712907,0,998.494,5.52889
0.00142121,1043.48,-0.0977694,0.710817,0,998.495,5.52889
0.0014214,1092.19,0.0206667,0.708436,0,998.495,5.52889
0.0014216,1020.49,0.102203,0.709117,0,998.497,5.52889
0.00142181,937.163,0.0459261,0.711407,0,998.498,5.52889
0.00142201,947.165,-0.0622352,0.712106,0,998.499,5.52889
0.0014222,1054.08,-0.0815032,0.709762,0,998.5,5.52889
0.00142241,1085.96,0.018998,0.707905,0,998.5,5.52889
0.0014226,1016.35,0.0949442,0.708571,0,998.502,5.52889
0.0014228,4.82013,2.3703,0.649804,0,998.479,5.52889
0.001423,1258.16,2.00697,0.613751,0,998.422,5.52889
0.0014232,1248.3,0.458877,0.663646,0,998.423,5.52889
0.00142341,804.911,0.137361,0.705293,0,998.427,5.52889
0.0014236,865.944,-0.21938,0.709642,0,998.428,5.52889
0.0014238,1130.63,-0.235821,0.704352,0,998.427,5.52889
0.001424,1217.89,0.0912377,0.699505,0,998.428,5.52889
0.00142421,1026.39,0.271234,0.702412,0,998.43,5.52889
0.0014244,803.462,0.0795159,0.709624,0,998.433,5.52889
0.00142461,871.129,-0.201463,0.711211,0,998.433,5.52889
0.0014248,1132.07,-0.213146,0.705792,0,998.433,5.52889
0.001425,1205.89,0.0806698,0.701528,0,998.433,5.52889
0.0014252,996.874,0.254094,0.704826,0,998.436,5.52889
0.0014254,814.501,0.0639364,0.71107,0,998.438,5.52889
0.0014256,895.177,-0.202648,0.712169,0,998.439,5.52889
0.0014258,1136.59,-0.186625,0.706864,0,998.438,5.52889
0.001426,1182.07,0.10803,0.703183,0,998.439,5.52889
0.0014262,984.905,0.235161,0.706621,0,998.441,5.52889
0.0014264,826.669,0.0524828,0.712204,0,998.443,5.52889
0.0014266,919.96,-0.201636,0.712847,0,998.444,5.52889
0.0014268,1137.26,-0.162539,0.707808,0,998.443,5.52889
0.001427,1170.7,0.0987728,0.704686,0,998.444,5.52889
0.0014272,973.357,0.215783,0.708176,0,998.447,5.52889
0.0014274,835.852,0.0182686,0.713392,0,998.449,5.52889
0.0014276,932.383,-0.191055,0.71348,0,998.449,5.52889
0.00142781,1124.33,-0.155186,0.708999,0,998.449,5.52889
0.001428,1148.71,0.114347,0.705953,0,998.45,5.52889
0.0014282,973.24,0.199158,0.709226,0,998.452,5.52889
0.0014284,848.893,0.0194428,0.71393,0,998.454,5.52889
0.0014286,956.477,-0.186714,0.713692,0,998.454,5.52889
0.00142881,1127.32,-0.129071,0.709426,0,998.454,5.52889
0.001429,1129.11,0.121774,0.707035,0,998.455,5.52889
0.0014292,953.473,0.175625,0.710571,0,998.457,5.52889
0.0014294,860.441,-0.00963285,0.714587,0,998.459,5.52889
0.00142961,955.063,-0.170084,0.714153,0,998.459,5.52889
0.00142981,1120.82,-0.116079,0.709995,0,998.459,5.52889
0.00143001,1124.87,0.104906,0.707811,0,998.46,5.52889
0.00143021,967.178,0.166837,0.710825,0,998.463,5.52889
0.0014304,871.676,-0.0162021,0.714835,0,998.464,5.52889
0.0014306,974.37,-0.164219,0.714057,0,998.465,5.52889
0.0014308,1130.29,-0.0741817,0.709724,0,998.464,5.52889
0.00143101,1116.22,0.0977037,0.708398,0,998.466,5.52889
0.00143121,960.345,0.149974,0.711428,0,998.468,5.52889
0.0014314,883.919,-0.0301205,0.714946,0,998.469,5.52889
0.0014316,995.038,-0.156127,0.713726,0,998.47,5.52889
0.00143181,1119.36,-0.0730472,0.710136,0,998.47,5.52889
0.00143201,1107.42,0.0916882,0.708797,0,998.471,5.52889
0.0014322,942.907,0.124744,0.712174,0,998.473,5.52889
0.0014324,893.709,-0.0296734,0.714795,0,998.475,5.52889
0.00143261,997.692,-0.144563,0.713591,0,998.475,5.52889
0.0014328,1120.4,-0.0388555,0.709781,0,998.475,5.52889
0.001433,1071.98,0.117832,0.709309,0,998.476,5.52889
0.00143321,949.609,0.11665,0.712042,0,998.478,5.52889
0.00143341,902.672,-0.028545,0.71449,0,998.48,5.52889
0.0014336,1012.97,-0.134341,0.713023,0,998.48,5.52889
0.0014338,1112.39,-0.0344437,0.709761,0,998.48,5.52889
0.001434,1066.85,0.109285,0.70932,0,998.482,5.52889
0.00143421,954.052,0.107736,0.71181,0,998.484,5.52889
0.0014344,916.797,-0.0500777,0.714136,0,998.485,5.52889
0.00143461,1012.6,-0.124177,0.71265,0,998.485,5.52889
0.00143481,1104.62,-0.0319236,0.7096,0,998.486,5.52889
0.00143501,1062.65,0.10091,0.709156,0,998.487,5.52889
0.0014352,938.094,0.0780426,0.712094,0,998.489,5.52889
0.00143541,923.803,-0.0461659,0.713542,0,998.49,5.52889
0.0014356,1031.77,-0.111641,0.711672,0,998.49,5.52889
0.0014358,1100,-0.0129744,0.709064,0,998.491,5.52889
0.001436,1042.04,0.103911,0.70911,0,998.492,5.52889
0.0014362,942.806,0.0711095,0.711545,0,998.494,5.52889
0.00143641,930.389,-0.0428751,0.712823,0,998.495,5.52889
0.0014366,1030.11,-0.103183,0.711061,0,998.495,5.52889
0.0014368,1093.68,0.00422414,0.708448,0,998.496,5.52889
0.001437,1039.72,0.0959736,0.708621,0,998.497,5.52889
0.00143721,947.912,0.0657634,0.710838,0,998.499,5.52889
0.0014374,947.202,-0.0621936,0.711972,0,998.5,5.52889
0.0014376,1040.88,-0.0903107,0.71,0,998.5,5.52889
0.0014378,1087.33,0.00381382,0.707873,0,998.501,5.52889
0.00143801,1038.43,0.0883235,0.707978,0,998.503,5.52889
0.0014382,4.80583,2.36419,0.640542,0,998.474,5.52889
0.0014384,1257.68,1.93232,0.614749,0,998.421,5.52889
0.00143861,1247.15,0.28181,0.670568,0,998.422,5.52889
0.0014388,815.479,0.159582,0.704795,0,998.426,5.52889
0.001439,826.97,-0.168509,0.709914,0,998.427,5.52889
0.0014392,1087.84,-0.262207,0.705467,0,998.426,5.52889
0.0014394,1228.91,0.028726,0.699771,0,998.426,5.52889
0.00143961,1082.72,0.256245,0.701207,0,998.428,5.52889
0.00143981,839.51,0.164663,0.707909,0,998.431,5.52889
0.00144,854.138,-0.180835,0.711306,0,998.432,5.52889
0.00144021,1078.81,-0.247088,0.707262,0,998.432,5.52889
0.0014404,1215.52,0.0179216,0.701871,0,998.432,5.52889
0.0014406,1052.04,0.248787,0.703593,0,998.434,5.52889
0.0014408,830.618,0.115459,0.71016,0,998.437,5.52889
0.00144101,845.327,-0.139053,0.712631,0,998.438,5.52889
0.0014412,1105,-0.213729,0.707813,0,998.437,5.52889
0.0014414,1200.5,0.0343554,0.703475,0,998.437,5.52889
0.00144161,1070.89,0.224607,0.704793,0,998.439,5.52889
0.0014418,840.534,0.1017,0.711404,0,998.442,5.52889
0.00144201,868.038,-0.148252,0.713491,0,998.443,5.52889
0.0014422,1102.65,-0.195718,0.708923,0,998.442,5.52889
0.00144241,1188.03,0.0235388,0.705056,0,998.443,5.52889
0.0014426,1034.94,0.218346,0.706796,0,998.445,5.52889
0.0014428,852.165,0.0934495,0.712322,0,998.447,5.52889
0.001443,892.685,-0.156691,0.714068,0,998.448,5.52889
0.00144321,1088.01,-0.186974,0.710174,0,998.448,5.52889
0.0014434,1169.08,0.059451,0.706085,0,998.448,5.52889
0.0014436,1011.65,0.204258,0.708371,0,998.45,5.52889
0.00144381,859.623,0.0741526,0.713217,0,998.453,5.52889
0.00144401,910.956,-0.155144,0.714473,0,998.453,5.52889
0.00144421,1096.85,-0.16229,0.710516,0,998.453,5.52889
0.0014444,1153.01,0.0704825,0.707084,0,998.454,5.52889
0.0014446,1002.79,0.188853,0.709425,0,998.456,5.52889
0.0014448,866.225,0.0520305,0.713947,0,998.458,5.52889
0.00144501,926.836,-0.151355,0.714701,0,998.458,5.52889
0.00144521,1090.64,-0.149823,0.711114,0,998.458,5.52889
0.0014454,1141.27,0.0684333,0.707912,0,998.459,5.52889
0.00144561,1004.05,0.174827,0.710038,0,998.461,5.52889
0.0014458,874.327,0.0368327,0.714378,0,998.463,5.52889
0.001446,956.582,-0.156621,0.714509,0,998.463,5.52889
0.0014462,1112.56,-0.108222,0.710594,0,998.463,5.52889
0.00144641,1132.65,0.0607631,0.708532,0,998.464,5.52889
0.0014466,980.942,0.158233,0.71103,0,998.466,5.52889
0.0014468,882.504,0.0197795,0.714639,0,998.468,5.52889
0.001447,965.536,-0.14732,0.714457,0,998.469,5.52889
0.0014472,1102.63,-0.103168,0.710972,0,998.469,5.52889
0.0014474,1107.55,0.0918189,0.708959,0,998.47,5.52889
0.0014476,981.244,0.145754,0.71128,0,998.472,5.52889
0.0014478,891.278,-0.00640509,0.714798,0,998.473,5.52889
0.001448,970.514,-0.136955,0.714308,0,998.474,5.52889
0.00144821,1096.37,-0.0943402,0.711056,0,998.474,5.52889
0.0014484,1097.87,0.0886489,0.709206,0,998.475,5.52889
0.0014486,969.039,0.129115,0.711681,0,998.477,5.52889
0.0014488,900.276,-0.00690438,0.714533,0,998.479,5.52889
0.00144901,968.752,-0.124277,0.714121,0,998.479,5.52889
0.0014492,1104.9,-0.05941,0.710388,0,998.479,5.52889
0.00144941,1090.91,0.0824314,0.709259,0,998.48,5.52889
0.00144961,972.016,0.119296,0.711515,0,998.482,5.52889
0.0014498,910.644,-0.026408,0.714267,0,998.484,5.52889
0.00145,994.867,-0.122916,0.713266,0,998.484,5.52889
0.0014502,1097.66,-0.0550297,0.710219,0,998.484,5.52889
0.00145041,1084.88,0.076033,0.709139,0,998.486,5.52889
0.0014506,958.342,0.0998291,0.711668,0,998.488,5.52889
0.0014508,918.146,-0.0243354,0.713702,0,998.489,5.52889
0.001451,1000.35,-0.114345,0.712654,0,998.489,5.52889
0.00145121,1090.27,-0.0526533,0.709927,0,998.49,5.52889
0.0014514,1061.57,0.0909561,0.709058,0,998.491,5.52889
0.0014516,961.061,0.0913261,0.7112,0,998.493,5.52889
0.00145181,925.109,-0.022603,0.713011,0,998.494,5.52889
0.001452,1015.17,-0.106098,0.711698,0,998.494,5.52889
0.0014522,1090.63,-0.0286014,0.709114,0,998.495,5.52889
0.0014524,1057.78,0.083943,0.708613,0,998.496,5.52889
0.00145261,964.802,0.0844453,0.710558,0,998.498,5.52889
0.0014528,936.284,-0.0396168,0.712281,0,998.499,5.52889
0.001453,1014.72,-0.0980595,0.710952,0,998.5,5.52889
0.00145321,1084.49,-0.026517,0.708528,0,998.5,5.52889
0.00145341,1055.51,0.0764582,0.708009,0,998.501,5.52889
0.0014536,4.87751,2.39932,0.636407,0,998.469,5.52889
0.0014538,1256.93,1.8131,0.617747,0,998.421,5.52889
0.00145401,1246.85,0.235456,0.672744,0,998.422,5.52889
0.0014542,885.78,0.244329,0.703118,0,998.426,5.52889
0.0014544,794.685,-0.0917794,0.710202,0,998.428,5.52889
0.0014546,1008.8,-0.2792,0.707709,0,998.427,5.52889
0.0014548,1218.88,-0.0873508,0.701449,0,998.427,5.52889
0.001455,1124.12,0.23136,0.700796,0,998.428,5.52889
0.00145521,892.4,0.224827,0.70641,0,998.431,5.52889
0.0014554,807.218,-0.0808633,0.711649,0,998.433,5.52889
0.0014556,1025.97,-0.260759,0.708839,0,998.432,5.52889
0.00145581,1204.63,-0.0849602,0.703395,0,998.432,5.52889
0.001456,1122.31,0.212067,0.702623,0,998.434,5.52889
0.00145621,895.428,0.206361,0.708065,0,998.437,5.52889
0.0014564,826.181,-0.0946574,0.712848,0,998.438,5.52889
0.0014566,1032.63,-0.242372,0.70995,0,998.438,5.52889
0.0014568,1199.87,-0.037491,0.704417,0,998.438,5.52889
0.001457,1099.09,0.209121,0.704515,0,998.439,5.52889
0.00145721,894.906,0.184388,0.709586,0,998.442,5.52889
0.0014574,843.192,-0.0996404,0.713764,0,998.443,5.52889
0.0014576,1043.76,-0.222791,0.710706,0,998.443,5.52889
0.00145781,1184.39,-0.0490365,0.70604,0,998.443,5.52889
0.001458,1078.81,0.202705,0.70614,0,998.445,5.52889
0.00145821,909.285,0.17691,0.710402,0,998.447,5.52889
0.0014584,859.293,-0.102481,0.714448,0,998.449,5.52889
0.00145861,1031.37,-0.208535,0.711819,0,998.448,5.52889
0.0014588,1175.5,-0.00970394,0.706777,0,998.448,5.52889
0.00145901,1084.16,0.181583,0.707116,0,998.45,5.52889
0.0014592,883.503,0.124661,0.712327,0,998.453,5.52889
0.00145941,867.349,-0.0866611,0.714914,0,998.454,5.52889
0.00145961,1044.65,-0.189468,0.712088,0,998.454,5.52889
0.0014598,1162.95,0.0110738,0.707569,0,998.454,5.52889
0.00146001,1064.9,0.175481,0.708282,0,998.456,5.52889
0.00146021,899.592,0.124762,0.712601,0,998.458,5.52889
0.0014604,893.774,-0.111697,0.715157,0,998.459,5.52889
0.0014606,1066.36,-0.165555,0.711914,0,998.459,5.52889
0.0014608,1151.57,0.00790405,0.708372,0,998.459,5.52889
0.001461,1035.56,0.171379,0.709453,0,998.461,5.52889
0.0014612,894.177,0.0944019,0.713454,0,998.463,5.52889
0.00146141,898.554,-0.0975239,0.715309,0,998.464,5.52889
0.0014616,1061.57,-0.154025,0.712268,0,998.464,5.52889
0.0014618,1139.09,0.0317655,0.70874,0,998.464,5.52889
0.001462,1025.92,0.160547,0.710062,0,998.466,5.52889
0.0014622,897.318,0.0758205,0.713815,0,998.468,5.52889
0.00146241,910.003,-0.0954133,0.715245,0,998.469,5.52889
0.0014626,1078.85,-0.128353,0.711804,0,998.469,5.52889
0.0014628,1129.2,0.0304693,0.70912,0,998.47,5.52889
0.001463,1021.85,0.148855,0.710377,0,998.472,5.52889
0.00146321,904.913,0.0680056,0.713795,0,998.474,5.52889
0.00146341,918.893,-0.090379,0.715035,0,998.475,5.52889
0.0014636,1071.72,-0.120218,0.71189,0,998.474,5.52889
0.00146381,1119.91,0.0300284,0.709306,0,998.475,5.52889
0.001464,1006.3,0.138239,0.710771,0,998.477,5.52889
0.0014642,904.298,0.0358822,0.714033,0,998.479,5.52889
0.00146441,945.161,-0.107103,0.714487,0,998.48,5.52889
0.00146461,1069.03,-0.109522,0.711688,0,998.48,5.52889
0.0014648,1105.17,0.0526143,0.709229,0,998.48,5.52889
0.00146501,1006.5,0.12778,0.710651,0,998.482,5.52889
0.00146521,912.291,0.033181,0.713631,0,998.484,5.52889
0.00146541,949.872,-0.0988225,0.714019,0,998.485,5.52889
0.00146561,1064.44,-0.101324,0.7114,0,998.485,5.52889
0.0014658,1098.01,0.0485037,0.709091,0,998.486,5.52889
0.001466,990.215,0.11567,0.710769,0,998.488,5.52889
0.0014662,916.87,0.0122791,0.713339,0,998.489,5.52889
0.00146641,959.016,-0.0954624,0.713355,0,998.49,5.52889
0.0014666,1077.93,-0.0744972,0.710382,0,998.49,5.52889
0.00146681,1092.24,0.0421057,0.7088,0,998.491,5.52889
0.001467,990.518,0.106602,0.710341,0,998.493,5.52889
0.00146721,923.904,0.0112565,0.712653,0,998.494,5.52889
0.0014674,981.222,-0.099765,0.71234,0,998.495,5.52889
0.00146761,1072.71,-0.0689308,0.709852,0,998.495,5.52889
0.0014678,1075.99,0.0612319,0.708365,0,998.496,5.52889
0.001468,979.135,0.0935532,0.710084,0,998.498,5.52889
0.0014682,930.054,-0.00500662,0.712009,0,998.499,5.52889
0.00146841,983.322,-0.0921745,0.711522,0,998.5,5.52889
0.0014686,1075.36,-0.0514037,0.708903,0,998.5,5.52889
0.00146881,1071.92,0.0551341,0.70777,0,998.501,5.52889
0.001469,4.91155,2.41584,0.630547,0,998.463,5.52889
0.0014692,1256.16,1.69154,0.620727,0,998.421,5.52889
0.0014694,1246.16,0.132955,0.676842,0,998.422,5.52889
0.00146961,974.002,0.285154,0.701,0,998.425,5.52889
0.0014698,783.898,0.0311574,0.709208,0,998.428,5.52889
0.00147,929.617,-0.260437,0.709243,0,998.428,5.52889
0.0014702,1174.96,-0.18296,0.703336,0,998.427,5.52889
0.00147041,1204.84,0.119086,0.700027,0,998.428,5.52889
0.0014706,956.462,0.259242,0.704569,0,998.431,5.52889
0.0014708,797.618,0.0102136,0.710897,0,998.433,5.52889
0.00147101,921.863,-0.236633,0.710868,0,998.433,5.52889
0.00147121,1169.05,-0.163676,0.704903,0,998.433,5.52889
0.0014714,1170.79,0.154471,0.702014,0,998.434,5.52889
0.0014716,934.422,0.231608,0.706852,0,998.437,5.52889
0.0014718,811.722,-0.00170776,0.712172,0,998.439,5.52889
0.001472,962.703,-0.236086,0.711363,0,998.438,5.52889
0.00147221,1161.97,-0.146606,0.706267,0,998.438,5.52889
0.00147241,1170.74,0.124025,0.703646,0,998.439,5.52889
0.0014726,929.185,0.209984,0.708459,0,998.442,5.52889
0.0014728,825.763,-0.0112319,0.713181,0,998.444,5.52889
0.001473,970.163,-0.220555,0.712227,0,998.444,5.52889
0.0014732,1164.96,-0.110306,0.706973,0,998.443,5.52889
0.00147341,1146.98,0.137157,0.705141,0,998.445,5.52889
0.0014736,929.984,0.191762,0.709667,0,998.447,5.52889
0.00147381,840.054,-0.0236311,0.713984,0,998.449,5.52889
0.00147401,975.913,-0.205117,0.712904,0,998.449,5.52889
0.00147421,1155.02,-0.0990084,0.707998,0,998.449,5.52889
0.00147441,1140.38,0.121354,0.706316,0,998.45,5.52889
0.0014746,921.911,0.167481,0.710912,0,998.453,5.52889
0.00147481,854.609,-0.0377294,0.714579,0,998.454,5.52889
0.00147501,991.408,-0.192518,0.713172,0,998.454,5.52889
0.0014752,1156.88,-0.053238,0.708199,0,998.454,5.52889
0.0014754,1096.22,0.15421,0.707639,0,998.456,5.52889
0.0014756,926.992,0.153664,0.711553,0,998.458,5.52889
0.0014758,874.995,-0.0709146,0.715024,0,998.459,5.52889
0.001476,1018.92,-0.179084,0.712959,0,998.459,5.52889
0.0014762,1146.25,-0.0476188,0.708884,0,998.459,5.52889
0.00147641,1098.7,0.134098,0.708244,0,998.461,5.52889
0.0014766,915.672,0.125597,0.712503,0,998.463,5.52889
0.0014768,883.25,-0.0612034,0.71513,0,998.465,5.52889
0.001477,1016.75,-0.166284,0.713229,0,998.465,5.52889
0.00147721,1136.17,-0.0454033,0.7094,0,998.465,5.52889
0.00147741,1084.17,0.132184,0.708862,0,998.466,5.52889
0.00147761,938.918,0.131992,0.712158,0,998.468,5.52889
0.00147781,893.992,-0.0603472,0.715082,0,998.47,5.52889
0.001478,1039.06,-0.149699,0.712729,0,998.47,5.52889
0.0014782,1130.66,-0.0170884,0.709375,0,998.47,5.52889
0.00147841,1075.52,0.124823,0.709225,0,998.472,5.52889
0.0014786,920.835,0.0965593,0.712973,0,998.474,5.52889
0.00147881,903.304,-0.0574538,0.714872,0,998.475,5.52889
0.001479,1033.46,-0.139309,0.712747,0,998.475,5.52889
0.0014792,1121.71,-0.0141119,0.709508,0,998.475,5.52889
0.0014794,1051.45,0.127906,0.709664,0,998.477,5.52889
0.00147961,926.796,0.0881647,0.712818,0,998.479,5.52889
0.0014798,921.93,-0.0767638,0.71451,0,998.48,5.52889
0.00148,1050.42,-0.121654,0.712026,0,998.48,5.52889
0.0014802,1113.66,0.00721772,0.709282,0,998.481,5.52889
0.00148041,1048.23,0.118268,0.709601,0,998.482,5.52889
0.00148061,933.093,0.0815094,0.712481,0,998.484,5.52889
0.00148081,928.442,-0.0706936,0.714013,0,998.485,5.52889
0.001481,1047.23,-0.112501,0.711687,0,998.485,5.52889
0.00148121,1105.82,0.00659513,0.709115,0,998.486,5.52889
0.0014814,1023.62,0.116713,0.709793,0,998.488,5.52889
0.0014816,926.675,0.0526647,0.712504,0,998.489,5.52889
0.00148181,938.166,-0.0713683,0.713366,0,998.49,5.52889
0.00148201,1045.44,-0.103443,0.711174,0,998.491,5.52889
0.0014822,1096.95,0.0219436,0.708673,0,998.491,5.52889
0.0014824,1021.02,0.108154,0.709416,0,998.493,5.52889
0.00148261,932.924,0.0485557,0.711857,0,998.494,5.52889
0.00148281,943.568,-0.0659205,0.712616,0,998.495,5.52889
0.001483,1056.68,-0.0862123,0.710154,0,998.496,5.52889
0.00148321,1090.37,0.0201793,0.708211,0,998.496,5.52889
0.00148341,1020.29,0.0999375,0.708859,0,998.498,5.52889
0.0014836,932.92,0.0261719,0.711403,0,998.5,5.52889
0.0014838,966.382,-0.0813621,0.711561,0,998.5,5.52889
0.001484,1058.79,-0.0744484,0.709264,0,998.501,5.52889
0.0014842,1080.56,0.0348392,0.707538,0,998.502,5.52889
0.0014844,4.91711,2.41857,0.626096,0,998.458,5.52889
0.00148461,1255.26,1.54939,0.624462,0,998.421,5.52889
0.00148481,1245.29,0.0174732,0.681356,0,998.422,5.52889
0.00148501,1047.42,0.284185,0.699362,0,998.425,5.52889
0.00148521,812.365,0.140431,0.707322,0,998.428,5.52889
0.00148541,840.571,-0.182935,0.710292,0,998.428,5.52889
0.00148561,1108.36,-0.246739,0.70528,0,998.428,5.52889
0.0014858,1218.44,0.0750963,0.699951,0,998.428,5.52889
0.001486,1029.77,0.266813,0.702664,0,998.43,5.52889
0.0014862,806.022,0.0761626,0.709871,0,998.433,5.52889
0.00148641,850.225,-0.169535,0.711633,0,998.434,5.52889
0.00148661,1115.37,-0.221747,0.706505,0,998.433,5.52889
0.0014868,1203.1,0.0787035,0.701847,0,998.433,5.52889
0.001487,999.492,0.250103,0.705033,0,998.436,5.52889
0.0014872,818.856,0.0681358,0.711146,0,998.438,5.52889
0.00148741,886.295,-0.189178,0.712441,0,998.439,5.52889
0.0014876,1132.11,-0.186195,0.707153,0,998.438,5.52889
0.0014878,1187.47,0.0829549,0.703493,0,998.439,5.52889
0.00148801,1015.51,0.233255,0.706131,0,998.441,5.52889
0.0014882,830.952,0.0583309,0.712211,0,998.444,5.52889
0.00148841,902.765,-0.183442,0.713206,0,998.444,5.52889
0.0014886,1131.19,-0.164754,0.708106,0,998.443,5.52889
0.0014888,1171.24,0.0887807,0.704902,0,998.444,5.52889
0.001489,989.317,0.215324,0.707944,0,998.447,5.52889
0.0014892,842.006,0.0447607,0.713106,0,998.449,5.52889
0.0014894,936.324,-0.189436,0.713473,0,998.449,5.52889
0.0014896,1130.89,-0.142198,0.708808,0,998.449,5.52889
0.00148981,1161.4,0.0761979,0.706127,0,998.45,5.52889
0.00149,976.249,0.196435,0.709255,0,998.452,5.52889
0.0014902,852.13,0.0243016,0.71387,0,998.454,5.52889
0.0014904,954.775,-0.182316,0.713738,0,998.454,5.52889
0.0014906,1124.12,-0.128521,0.709533,0,998.454,5.52889
0.00149081,1149.43,0.072585,0.707099,0,998.455,5.52889
0.001491,974.195,0.180448,0.710084,0,998.457,5.52889
0.0014912,862.961,-0.00837949,0.714532,0,998.459,5.52889
0.0014914,961.359,-0.169763,0.714012,0,998.46,5.52889
0.00149161,1117.24,-0.116517,0.710075,0,998.46,5.52889
0.00149181,1127.9,0.0939665,0.707838,0,998.46,5.52889
0.001492,959.889,0.160877,0.711024,0,998.463,5.52889
0.0014922,873.485,-0.00524268,0.714657,0,998.464,5.52889
0.00149241,962.848,-0.156609,0.714203,0,998.465,5.52889
0.0014926,1126.43,-0.0776111,0.709798,0,998.465,5.52889
0.00149281,1113.56,0.0977604,0.708402,0,998.466,5.52889
0.001493,959.623,0.146784,0.711412,0,998.468,5.52889
0.00149321,883.822,-0.00691089,0.714649,0,998.47,5.52889
0.00149341,968.1,-0.145588,0.714148,0,998.47,5.52889
0.0014936,1118.19,-0.0705087,0.710051,0,998.47,5.52889
0.00149381,1103.29,0.0943708,0.708768,0,998.471,5.52889
0.00149401,966.341,0.13717,0.711424,0,998.473,5.52889
0.0014942,895.772,-0.0304347,0.714647,0,998.475,5.52889
0.0014944,993.018,-0.141422,0.713548,0,998.475,5.52889
0.00149461,1110.9,-0.0630558,0.710108,0,998.475,5.52889
0.0014948,1076.08,0.111435,0.709148,0,998.477,5.52889
0.001495,949.191,0.113667,0.711941,0,998.479,5.52889
0.00149521,903.907,-0.0248837,0.714279,0,998.48,5.52889
0.0014954,1014.98,-0.132106,0.712803,0,998.48,5.52889
0.0014956,1110.78,-0.0337024,0.709629,0,998.481,5.52889
0.0014958,1070.98,0.103091,0.70912,0,998.482,5.52889
0.00149601,953.8,0.105083,0.711667,0,998.484,5.52889
0.0014962,916.776,-0.0445056,0.713901,0,998.485,5.52889
0.0014964,1014.43,-0.122113,0.712401,0,998.485,5.52889
0.0014966,1103.13,-0.0312193,0.709432,0,998.486,5.52889
0.00149681,1066.62,0.0950345,0.708923,0,998.487,5.52889
0.00149701,958.123,0.0971914,0.711244,0,998.489,5.52889
0.0014972,925.269,-0.0456635,0.713291,0,998.49,5.52889
0.0014974,1028.34,-0.110672,0.711519,0,998.49,5.52889
0.0014976,1098.67,-0.0114383,0.708853,0,998.491,5.52889
0.00149781,1058,0.0916514,0.708635,0,998.492,5.52889
0.001498,944.691,0.071103,0.711264,0,998.494,5.52889
0.00149821,931.1,-0.040459,0.712538,0,998.495,5.52889
0.0014984,1028.72,-0.10182,0.710828,0,998.496,5.52889
0.0014986,1091.95,-0.0104187,0.708371,0,998.496,5.52889
0.0014988,1036.85,0.095547,0.708429,0,998.498,5.52889
0.001499,949.683,0.0657939,0.71053,0,998.499,5.52889
0.0014992,946.823,-0.0589174,0.711674,0,998.5,5.52889
0.0014994,1036.74,-0.0906913,0.709816,0,998.501,5.52889
0.0014996,1086.22,0.00332274,0.707619,0,998.501,5.52889
0.0014998,4.93261,2.42621,0.623312,0,998.454,5.52889
0.0015,1254.78,1.47448,0.626663,0,998.421,5.52889
