t_s,v_drain_V,i_primary_A,v_out_V,v_fbk_V,v_bulk_V,v_comp_V
0.00595379,1.55779,0.766148,22.7543,0.000531858,192.28,3.15196
0.00595381,1.56437,0.769384,22.7542,0.000531858,192.279,3.15202
0.00595383,1.57095,0.77262,22.7541,0.000531858,192.277,3.15209
0.00595385,1.57753,0.775856,22.754,0.000531858,192.275,3.15216
0.00595387,1.58411,0.779092,22.7539,0.000531858,192.273,3.15223
0.00595389,1.59069,0.782327,22.7538,0.000531858,192.271,3.1523
0.00595391,1.59727,0.785563,22.7538,0.000531858,192.27,3.15237
0.00595393,1.60385,0.788798,22.7537,0.000531858,192.268,3.15244
0.00595395,1.61042,0.792033,22.7536,0.000531858,192.266,3.15251
0.00595397,1.617,0.795268,22.7535,0.000531858,192.264,3.15258
0.00595399,1.62358,0.798503,22.7534,0.000531858,192.262,3.15265
0.00595401,1.63016,0.801738,22.7533,0.000531858,192.26,3.15272
0.00595403,1.63673,0.804972,22.7532,0.000531858,192.258,3.15279
0.00595405,1.64331,0.808207,22.7532,0.000531858,192.256,3.15286
0.00595407,1.64989,0.811441,22.7531,0.000531858,192.254,3.15293
0.00595409,1.65646,0.814675,22.753,0.000531858,192.253,3.153
0.00595411,1.66304,0.817909,22.7529,0.000531858,192.251,3.15308
0.00595413,1.66962,0.821143,22.7528,0.000531858,192.249,3.15315
0.00595415,1.67619,0.824377,22.7527,0.000531858,192.247,3.15322
0.00595417,1.68277,0.827611,22.7526,0.000531858,192.245,3.1533
0.00595419,1.68934,0.830844,22.7526,0.000531858,192.243,3.15337
0.00595421,1.69591,0.834077,22.7525,0.000531858,192.241,3.15344
0.00595423,1.70249,0.83731,22.7524,0.000531858,192.239,3.15352
0.00595425,1.70906,0.840543,22.7523,0.000531858,192.237,3.15359
0.00595427,1.71564,0.843776,22.7522,0.000531858,192.235,3.15367
0.00595429,1.72221,0.847009,22.7521,0.000531858,192.233,3.15375
0.00595431,1.72878,0.850242,22.752,0.000531858,192.231,3.15382
0.00595433,1.73535,0.853474,22.752,0.000531858,192.229,3.1539
0.00595435,1.74193,0.856706,22.7519,0.000531858,192.227,3.15397
0.00595437,1.7485,0.859938,22.7518,0.000531858,192.225,3.15405
0.00595439,1.75507,0.86317,22.7517,0.000531858,192.223,3.15413
0.00595441,1.76164,0.866402,22.7516,0.000531858,192.22,3.15421
0.00595443,1.76821,0.869634,22.7515,0.000531858,192.218,3.15428
0.00595445,1.77478,0.872865,22.7515,0.000531858,192.216,3.15436
0.00595447,1.78135,0.876097,22.7514,0.000531858,192.214,3.15444
0.00595449,1.78792,0.879328,22.7513,0.000531858,192.212,3.15452
0.00595451,1.79449,0.882559,22.7512,0.000531858,192.21,3.1546
0.00595453,1.80106,0.88579,22.7511,0.000531858,192.208,3.15468
0.00595455,1.80763,0.889021,22.751,0.000531858,192.206,3.15476
0.00595457,1.8142,0.892251,22.7509,0.000531858,192.204,3.15484
0.00595459,1.82077,0.895482,22.7509,0.000531858,192.201,3.15492
0.00595461,1.82734,0.898712,22.7508,0.000531858,192.199,3.155
0.00595463,1.83391,0.901943,22.7507,0.000531858,192.197,3.15508
0.00595465,1.84047,0.905173,22.7506,0.000531858,192.195,3.15516
0.00595467,1.84704,0.908402,22.7505,0.000531858,192.193,3.15524
0.00595469,1.85361,0.911632,22.7504,0.000531858,192.19,3.15532
0.00595471,1.86018,0.914862,22.7503,0.000531858,192.188,3.15541
0.00595473,1.86674,0.918091,22.7503,0.000531858,192.186,3.15549
0.00595475,1.87331,0.921321,22.7502,0.000531858,192.184,3.15557
0.00595477,1.87987,0.92455,22.7501,0.000531858,192.181,3.15566
0.00595479,1.88644,0.927779,22.75,0.000531858,192.179,3.15574
0.0059548,1.89104,0.930039,22.7499,0.000531858,192.178,3.1558
0.00595481,1.89125,0.930142,22.7499,0.000531858,192.178,3.1558
0.00595481,1.89167,0.930349,22.7499,0.000531858,192.177,3.15581
0.00595481,1.89235,0.930684,22.7499,0.000531858,192.177,3.15581
0.00595481,1.89312,0.931065,22.7499,0.000531858,192.177,3.15582
0.00595481,1.89386,0.931429,22.7499,0.000531858,192.177,3.15583
0.00595481,1.89416,0.931577,22.7499,0.000531858,192.177,3.15584
0.00595481,1.89451,0.931745,22.7499,0.000531858,192.176,3.15584
0.00595482,1.89464,0.931812,22.7499,0.000531858,192.176,3.15584
0.00595482,1.89488,0.931927,22.7499,0.000531858,192.176,3.15585
0.00595482,1.89494,0.93196,22.7499,0.000531858,192.176,3.15585
0.00595482,1.89506,0.932016,22.7499,0.000531858,192.176,3.15585
0.00595482,1.89509,0.932031,22.7499,0.000531858,192.176,3.15585
0.00595482,1.89514,0.932059,22.7499,0.000531858,192.176,3.15585
0.00595482,1.89515,0.932063,22.7499,0.000531858,192.176,3.15585
0.00595482,1.89517,0.932071,22.7499,0.000531858,192.176,3.15585
0.00595482,1.89517,0.932073,22.7499,0.000531858,192.176,3.15585
0.00595482,1.89518,0.932076,22.7499,0.000531858,192.176,3.15585
0.00595482,1.89519,0.932083,22.7499,0.000531858,192.176,3.15585
0.00595482,1.8952,0.932084,22.7499,0.000531858,192.176,3.15585
0.00595482,1.92178,0.932085,22.7499,0.000531858,192.176,3.15585
0.00595482,1.95257,0.932086,22.7499,0.000531858,192.176,3.15585
0.00595482,2.00372,0.932087,22.7499,0.000531858,192.176,3.15585
0.00595482,2.08001,0.932087,22.7499,0.000531858,192.176,3.15585
0.00595482,2.22674,0.932089,22.7499,0.000531858,192.176,3.15585
0.00595482,2.39817,0.93209,22.7499,0.000531858,192.176,3.15585
0.00595482,2.62601,0.932092,22.7499,0.000531858,192.176,3.15585
0.00595482,2.92986,0.932094,22.7499,0.000531858,192.176,3.15585
0.00595482,3.42659,0.932097,22.7499,0.000531858,192.176,3.15585
0.00595482,4.41879,0.932102,22.7499,0.000531858,192.176,3.15585
0.00595482,6.40265,0.932107,22.7499,0.000531858,192.176,3.15585
0.00595482,10.3703,0.932098,22.7499,0.000531858,192.176,3.15585
0.00595482,18.3047,0.932001,22.7499,0.000531858,192.176,3.15585
0.00595482,34.1656,0.931504,22.7499,0.000531858,192.176,3.15586
0.00595482,65.8292,0.929373,22.7499,0.000531858,192.176,3.15586
0.00595482,128.751,0.921538,22.7499,0.000531858,192.175,3.15588
0.00595482,143.485,0.919075,22.7499,0.000531858,192.175,3.15588
0.00595483,152.959,0.917388,22.7499,0.000531858,192.175,3.15588
0.00595483,168.905,0.91441,22.7499,0.000531858,192.175,3.15589
0.00595483,181.451,0.911967,22.7499,0.000531858,192.175,3.15589
0.00595483,191.51,0.909955,22.7499,0.000531858,192.175,3.15589
0.00595483,200.813,0.908062,22.7499,0.000531858,192.175,3.1559
0.00595483,210.371,0.906092,22.7499,0.000531858,192.175,3.1559
0.00595483,220.699,0.903944,22.7499,0.000531858,192.175,3.1559
0.00595483,230.71,0.901849,22.7499,0.000531858,192.175,3.1559
0.00595483,241.119,0.899666,22.7499,0.000531858,192.175,3.1559
0.00595483,251.166,0.897561,22.7499,0.000531858,192.175,3.15591
0.00595483,261.399,0.895424,22.7499,0.000531858,192.175,3.15591
0.00595483,271.38,0.893353,22.75,0.000531858,192.175,3.15591
0.00595483,281.476,0.891276,22.75,0.000531858,192.175,3.15591
0.00595483,291.414,0.889254,22.75,0.000531858,192.174,3.15592
0.00595483,301.423,0.887242,22.75,0.000531858,192.174,3.15592
0.00595483,311.327,0.885279,22.75,0.000531858,192.174,3.15592
0.00595483,321.265,0.883339,22.75,0.000531858,192.174,3.15592
0.00595483,331.125,0.881443,22.75,0.000531858,192.174,3.15593
0.00595484,340.992,0.879576,22.75,0.000531858,192.174,3.15593
0.00595484,350.797,0.87775,22.75,0.000531858,192.174,3.15593
0.00595484,360.591,0.875952,22.7501,0.000531858,192.174,3.15593
0.00595484,370.329,0.874187,22.7501,0.000531858,192.174,3.15593
0.00595484,380.042,0.872444,22.7501,0.000531858,192.174,3.15594
0.00595484,389.695,0.870723,22.7501,0.000531858,192.174,3.15594
0.00595484,399.302,0.869012,22.7501,0.000531858,192.174,3.15594
0.00595484,408.826,0.867305,22.7501,0.000531858,192.174,3.15594
0.00595484,415.431,0.866104,22.7501,0.000531858,192.174,3.15595
0.00595484,419.342,0.865382,22.7501,0.000531858,192.174,3.15595
0.00595484,422.156,0.864855,22.7502,0.000531858,192.174,3.15595
0.00595484,424.152,0.864476,22.7502,0.000531858,192.174,3.15595
0.00595484,426.021,0.864114,22.7502,0.000531858,192.174,3.15595
0.00595484,426.455,0.864029,22.7502,0.000531858,192.174,3.15595
0.00595484,426.897,0.863942,22.7502,0.000531858,192.174,3.15595
0.00595484,427.316,0.863858,22.7502,0.000531858,192.174,3.15595
0.00595484,427.797,0.863762,22.7502,0.000531858,192.174,3.15595
0.00595484,428.304,0.863659,22.7502,0.000531858,192.174,3.15595
0.00595484,428.866,0.863545,22.7502,0.000531858,192.174,3.15595
0.00595484,429.704,0.863375,22.7502,0.000531858,192.174,3.15595
0.00595484,431.247,0.86306,22.7502,0.000531858,192.174,3.15595
0.00595484,433.341,0.86263,22.7502,0.000531858,192.174,3.15595
0.00595484,434.277,0.862436,22.7502,0.000531858,192.174,3.15595
0.00595484,435.168,0.862251,22.7502,0.000531858,192.174,3.15595
0.00595484,436.281,0.862019,22.7502,0.000531858,192.174,3.15595
0.00595484,437.062,0.861855,22.7502,0.000531858,192.174,3.15595
0.00595484,437.784,0.861702,22.7502,0.000531858,192.174,3.15595
0.00595484,438.86,0.861473,22.7502,0.000531858,192.174,3.15595
0.00595484,439.833,0.861259,22.7502,0.000531858,192.174,3.15595
0.00595484,440.863,0.860991,22.7502,0.000531858,192.174,3.15595
0.00595484,441.471,0.8608,22.7502,0.000531858,192.174,3.15595
0.00595484,442.052,0.860581,22.7502,0.000531858,192.174,3.15595
0.00595484,442.624,0.86031,22.7502,0.000531858,192.174,3.15595
0.00595484,443.208,0.859942,22.7502,0.000531858,192.174,3.15595
0.00595484,443.612,0.859585,22.7502,0.000531858,192.174,3.15595
0.00595484,444.048,0.859,22.7502,0.000531858,192.174,3.15595
0.00595484,444.396,0.858117,22.7502,0.000531858,192.174,3.15596
0.00595484,444.632,0.856346,22.7502,0.000531858,192.174,3.15596
0.00595484,444.645,0.854207,22.7502,0.000531858,192.174,3.15596
0.00595484,444.6,0.852092,22.7503,0.000531858,192.174,3.15596
0.00595484,444.564,0.849983,22.7503,0.000531858,192.174,3.15597
0.00595484,444.543,0.847987,22.7503,0.000531858,192.174,3.15597
0.00595485,444.529,0.846002,22.7503,0.000531858,192.174,3.15597
0.00595485,444.515,0.843929,22.7504,0.000531858,192.174,3.15597
0.00595485,444.501,0.841607,22.7504,0.000531858,192.174,3.15598
0.00595485,444.485,0.83905,22.7504,0.000531858,192.174,3.15598
0.00595485,444.466,0.836135,22.7504,0.000531858,192.174,3.15598
0.00595485,444.446,0.832868,22.7505,0.000531858,192.174,3.15599
0.00595485,444.421,0.829093,22.7505,0.000531858,192.174,3.15599
0.00595485,444.394,0.824736,22.7506,0.000531858,192.174,3.156
0.00595485,444.36,0.819527,22.7507,0.000531858,192.174,3.156
0.00595485,444.32,0.813198,22.7507,0.000531858,192.174,3.15601
0.00595486,444.269,0.805127,22.7509,0.000531858,192.174,3.15602
0.00595486,444.2,0.79436,22.751,0.000531858,192.174,3.15603
0.00595486,444.138,0.784665,22.7512,0.000531858,192.174,3.15604
0.00595487,444.08,0.775623,22.7514,0.000531858,192.174,3.15605
0.00595487,444.026,0.767136,22.7515,0.000531858,192.174,3.15606
0.00595487,443.974,0.759028,22.7517,0.000531858,192.174,3.15607
0.00595487,443.926,0.751387,22.7518,0.000531858,192.174,3.15608
0.00595487,443.881,0.744458,22.752,0.000531858,192.175,3.15609
0.00595488,443.844,0.738583,22.7521,0.000531858,192.175,3.1561
0.00595488,443.826,0.735805,22.7522,0.000531858,192.175,3.1561
0.00595488,443.799,0.731615,22.7523,0.000531858,192.175,3.15611
0.00595488,443.77,0.726969,22.7524,0.000531858,192.175,3.15611
0.00595488,443.741,0.722555,22.7525,0.000531858,192.175,3.15612
0.00595488,443.725,0.719932,22.7525,0.000531858,192.175,3.15612
0.00595488,443.71,0.717644,22.7526,0.000531858,192.175,3.15612
0.00595488,443.691,0.714588,22.7527,0.000531858,192.175,3.15613
0.00595488,443.667,0.710852,22.7527,0.000531858,192.175,3.15613
0.00595488,443.638,0.706357,22.7529,0.000531858,192.175,3.15614
0.00595489,443.594,0.699531,22.753,0.000531858,192.175,3.15615
0.00595489,443.515,0.687167,22.7533,0.000531858,192.175,3.15616
0.00595489,443.43,0.673855,22.7537,0.000531858,192.175,3.15618
0.0059549,443.323,0.657097,22.7542,0.000531858,192.175,3.1562
0.0059549,443.209,0.639278,22.7547,0.000531858,192.175,3.15622
0.00595491,443.069,0.617533,22.7553,0.000531858,192.175,3.15625
0.00595492,442.912,0.593032,22.7561,0.000531858,192.176,3.15628
0.00595493,442.714,0.562164,22.7571,0.000531858,192.176,3.15631
0.00595494,442.473,0.524553,22.7584,0.000531858,192.176,3.15636
0.00595495,442.144,0.473559,22.7603,0.000531858,192.177,3.15642
0.00595497,441.7,0.404825,22.763,0.000531858,192.177,3.15651
0.00595499,441.257,0.336452,22.7658,0.000531858,192.178,3.1566
0.00595501,440.812,0.268436,22.7687,0.000531858,192.178,3.15668
0.00595503,440.365,0.200777,22.7717,0.000531858,192.179,3.15677
0.00595505,439.911,0.133475,22.7748,0.000531858,192.179,3.15685
0.00595507,439.44,0.0665368,22.7779,0.000531858,192.18,3.15694
0.00595508,439.212,0.0371085,22.7793,0.000531858,192.18,3.15697
0.00595508,439.121,0.0266914,22.7798,0.000531858,192.18,3.15699
0.00595509,438.896,0.00589395,22.7808,0.000531858,192.18,3.15701
0.00595509,438.807,0.000550684,22.7811,0.000531858,192.18,3.15702
0.00595509,438.636,-0.00551425,22.7814,0.000531858,192.18,3.15703
0.0059551,438.217,-0.0127907,22.7817,0.000531858,192.18,3.15704
0.0059551,437.538,-0.0198656,22.7821,0.000531858,192.181,3.15705
0.0059551,436.502,-0.0273198,22.7824,0.000531858,192.181,3.15706
0.0059551,435.32,-0.0337962,22.7828,0.000531858,192.181,3.15706
0.0059551,433.755,-0.0406916,22.7831,0.000531858,192.181,3.15707
0.00595511,431.545,-0.048616,22.7835,0.000531858,192.181,3.15708
0.00595511,428.08,-0.05859,22.784,0.000531858,192.181,3.1571
0.00595511,422.698,-0.0707473,22.7847,0.000531858,192.181,3.15711
0.00595512,414.028,-0.0855794,22.7856,0.000531858,192.181,3.15714
0.00595513,400.216,-0.102462,22.7868,0.000531858,192.182,3.15717
0.00595514,378.227,-0.119484,22.7883,0.000531858,192.182,3.15721
0.00595515,345.455,-0.13059,22.7901,0.000531858,192.183,3.15726
0.00595517,302.096,-0.124614,22.7922,0.000531858,192.183,3.15733
0.00595519,263.159,-0.0954123,22.7938,0.000531858,192.184,3.15741
0.0059552,244.365,-0.065482,22.7945,0.000531858,192.185,3.15746
0.00595521,235.766,-0.0415289,22.7948,0.000531858,192.185,3.15749
0.00595521,231.78,-0.0214781,22.7949,0.000531858,192.185,3.15751
0.00595522,230.385,-0.00197986,22.795,0.000531858,192.185,3.15754
0.00595522,231.649,0.0199783,22.795,0.000531858,192.185,3.15756
0.00595523,235.465,0.0397792,22.7949,0.000531858,192.186,3.15759
0.00595524,245.435,0.0668391,22.7947,0.000531858,192.186,3.15763
0.00595525,260.451,0.090728,22.7944,0.000531858,192.186,3.15766
0.00595526,285.484,0.113795,22.7938,0.000531858,192.186,3.15771
0.00595527,316.36,0.126807,22.7933,0.000531858,192.186,3.15776
0.00595529,356.938,0.125146,22.7926,0.000531858,192.186,3.15782
0.00595531,394.624,0.102964,22.7921,0.000531858,192.187,3.15789
0.00595532,413.892,0.0790313,22.792,0.000531858,192.187,3.15793
0.00595532,421.856,0.0640319,22.792,0.000531858,192.187,3.15795
0.00595533,426.529,0.0523922,22.7921,0.000531858,192.187,3.15796
0.00595533,429.69,0.0422508,22.7921,0.000531858,192.187,3.15798
0.00595534,431.841,0.0333256,22.7922,0.000531858,192.187,3.15799
0.00595534,433.24,0.0257271,22.7923,0.000531858,192.187,3.158
0.00595534,434.344,0.017374,22.7923,0.000531858,192.187,3.15801
0.00595534,434.875,0.011253,22.7924,0.000531858,192.187,3.15801
0.00595534,435.167,0.00542554,22.7925,0.000531858,192.187,3.15802
0.00595535,435.254,-0.000582267,22.7925,0.000531858,192.187,3.15803
0.00595535,435.12,-0.00668906,22.7926,0.000531858,192.187,3.15804
0.00595535,434.644,-0.0142181,22.7927,0.000531858,192.187,3.15804
0.00595535,433.72,-0.0224712,22.7929,0.000531858,192.187,3.15805
0.00595536,432.267,-0.0311947,22.793,0.000531858,192.188,3.15806
0.00595536,430.145,-0.0405072,22.7932,0.000531858,192.188,3.15808
0.00595536,427.016,-0.0509201,22.7934,0.000531858,192.188,3.15809
0.00595537,422.361,-0.0627849,22.7936,0.000531858,192.188,3.1581
0.00595537,415.283,-0.0764642,22.794,0.000531858,192.188,3.15812
0.00595538,404.415,-0.0918868,22.7944,0.000531858,192.188,3.15815
0.00595539,387.662,-0.108119,22.7951,0.000531858,192.189,3.15818
0.0059554,362.475,-0.121992,22.7959,0.000531858,192.189,3.15822
0.00595541,327.177,-0.12643,22.7969,0.000531858,192.19,3.15827
0.00595542,295.107,-0.1166,22.7977,0.000531858,192.19,3.15831
0.00595544,269.768,-0.0971632,22.7983,0.000531858,192.191,3.15836
0.00595545,251.3,-0.0718047,22.7986,0.000531858,192.191,3.1584
0.00595546,239.466,-0.0430016,22.7987,0.000531858,192.192,3.15843
0.00595547,234.782,-0.0203875,22.7987,0.000531858,192.192,3.15846
0.00595547,233.485,-0.000521305,22.7986,0.000531858,192.192,3.15848
0.00595548,234.96,0.021159,22.7984,0.000531858,192.192,3.1585
0.00595549,238.901,0.0403536,22.7982,0.000531858,192.192,3.15852
0.00595549,249.082,0.0668022,22.7978,0.000531858,192.193,3.15856
0.0059555,263.983,0.0896197,22.7973,0.000531858,192.193,3.15859
0.00595551,284.902,0.108996,22.7967,0.000531858,192.193,3.15862
0.00595553,309.868,0.121219,22.7961,0.000531858,192.193,3.15866
0.00595554,338.563,0.124628,22.7954,0.000531858,192.193,3.1587
0.00595555,368.148,0.117042,22.7949,0.000531858,192.193,3.15874
0.00595556,396.382,0.096787,22.7944,0.000531858,192.193,3.15878
0.00595557,413.848,0.0734768,22.7943,0.000531858,192.193,3.15882
0.00595558,421.766,0.0571997,22.7943,0.000531858,192.194,3.15884
0.00595558,425.566,0.0466576,22.7943,0.000531858,192.194,3.15885
0.00595559,428.587,0.0356436,22.7943,0.000531858,192.194,3.15886
0.00595559,430.496,0.02608,22.7944,0.000531858,192.194,3.15887
0.00595559,431.705,0.0172874,22.7945,0.000531858,192.194,3.15888
0.0059556,432.463,0.00751988,22.7945,0.000531858,192.194,3.15889
0.0059556,432.617,-0.00264844,22.7946,0.000531858,192.194,3.1589
0.0059556,432.12,-0.0128796,22.7948,0.000531858,192.194,3.15891
0.00595561,430.945,-0.0231925,22.7949,0.000531858,192.194,3.15892
0.00595561,428.991,-0.0338253,22.7951,0.000531858,192.194,3.15893
0.00595561,425.776,-0.0459247,22.7953,0.000531858,192.194,3.15895
0.00595562,421.458,-0.0578354,22.7955,0.000531858,192.195,3.15896
0.00595562,414.748,-0.0716641,22.7958,0.000531858,192.195,3.15898
0.00595563,405.016,-0.0863913,22.7962,0.000531858,192.195,3.159
0.00595564,389.959,-0.102245,22.7968,0.000531858,192.195,3.15902
0.00595565,367.876,-0.116301,22.7975,0.000531858,192.196,3.15905
0.00595566,347.82,-0.122394,22.7981,0.000531858,192.196,3.15908
0.00595566,330.842,-0.123408,22.7986,0.000531858,192.196,3.1591
0.00595567,314.48,-0.120923,22.799,0.000531858,192.197,3.15912
0.00595568,298.298,-0.114915,22.7994,0.000531858,192.197,3.15914
0.00595568,279.412,-0.10259,22.7998,0.000531858,192.197,3.15917
0.00595569,260.759,-0.0823925,22.8001,0.000531858,192.198,3.1592
0.00595571,244.473,-0.0513175,22.8003,0.000531858,192.198,3.15923
0.00595572,237.704,-0.0255369,22.8003,0.000531858,192.199,3.15926
0.00595572,235.684,-0.00516686,22.8002,0.000531858,192.199,3.15928
0.00595573,236.276,0.0140431,22.8,0.000531858,192.199,3.1593
0.00595573,239.435,0.033659,22.7998,0.000531858,192.199,3.15932
0.00595574,246.937,0.0569127,22.7995,0.000531858,192.199,3.15934
0.00595575,260.204,0.0808624,22.799,0.000531858,192.199,3.15937
0.00595576,275.394,0.0982196,22.7986,0.000531858,192.199,3.15939
0.00595577,289.509,0.109073,22.7982,0.000531858,192.2,3.15941
0.00595577,304.146,0.116534,22.7978,0.000531858,192.2,3.15943
0.00595578,320.141,0.121081,22.7974,0.000531858,192.2,3.15945
0.00595579,339.636,0.122071,22.797,0.000531858,192.2,3.15947
0.0059558,362.253,0.117014,22.7965,0.000531858,192.2,3.15949
0.00595581,386.033,0.103355,22.7961,0.000531858,192.2,3.15952
0.00595582,408.228,0.078991,22.7959,0.000531858,192.2,3.15956
0.00595583,418.1,0.061165,22.7958,0.000531858,192.2,3.15958
0.00595583,423.565,0.0471022,22.7958,0.000531858,192.2,3.15959
0.00595584,426.476,0.0369546,22.7959,0.000531858,192.2,3.1596
0.00595584,428.653,0.0266058,22.7959,0.000531858,192.201,3.15961
0.00595584,430.026,0.0168373,22.796,0.000531858,192.201,3.15962
0.00595585,430.816,0.00599856,22.7961,0.000531858,192.201,3.15963
0.00595585,430.841,-0.00529295,22.7962,0.000531858,192.201,3.15964
0.00595586,429.948,-0.0175161,22.7963,0.000531858,192.201,3.15965
0.00595586,428.126,-0.0294355,22.7965,0.000531858,192.201,3.15966
0.00595586,425.197,-0.0416961,22.7967,0.000531858,192.201,3.15967
0.00595587,420.848,-0.0545487,22.797,0.000531858,192.201,3.15968
0.00595587,414.704,-0.0678972,22.7973,0.000531858,192.201,3.1597
0.00595588,405.44,-0.082663,22.7976,0.000531858,192.202,3.15971
0.00595589,391.723,-0.0980213,22.7982,0.000531858,192.202,3.15973
0.0059559,371.199,-0.112392,22.7988,0.000531858,192.202,3.15976
0.0059559,354.781,-0.118706,22.7993,0.000531858,192.203,3.15978
0.00595591,338.587,-0.121262,22.7998,0.000531858,192.203,3.15979
0.00595592,321.862,-0.120336,22.8002,0.000531858,192.203,3.15981
0.00595593,301.491,-0.114161,22.8007,0.000531858,192.204,3.15983
0.00595594,280.249,-0.100738,22.8011,0.000531858,192.204,3.15986
0.00595595,259.367,-0.0770787,22.8015,0.000531858,192.205,3.15989
0.00595596,245.84,-0.0498306,22.8016,0.000531858,192.205,3.15991
0.00595597,239.696,-0.0268067,22.8016,0.000531858,192.205,3.15993
0.00595597,237.505,-0.00752674,22.8015,0.000531858,192.205,3.15995
0.00595598,237.763,0.0112102,22.8014,0.000531858,192.206,3.15996
0.00595598,240.51,0.0304664,22.8012,0.000531858,192.206,3.15998
0.00595599,247.186,0.0528059,22.8009,0.000531858,192.206,3.16
0.005956,259.561,0.0766385,22.8004,0.000531858,192.206,3.16002
0.00595601,279.012,0.0987976,22.7998,0.000531858,192.206,3.16005
0.00595602,295.422,0.110129,22.7994,0.000531858,192.206,3.16007
0.00595603,310.483,0.11649,22.799,0.000531858,192.206,3.16008
0.00595603,327.261,0.119788,22.7986,0.000531858,192.206,3.1601
0.00595604,343.796,0.119418,22.7982,0.000531858,192.206,3.16011
0.00595605,366.081,0.113091,22.7978,0.000531858,192.207,3.16013
0.00595606,387.191,0.0997558,22.7975,0.000531858,192.207,3.16016
0.00595607,408.77,0.0746568,22.7972,0.000531858,192.207,3.16018
0.00595608,417.835,0.0572197,22.7972,0.000531858,192.207,3.1602
0.00595609,422.943,0.0431009,22.7972,0.000531858,192.207,3.16021
0.00595609,425.656,0.0326927,22.7972,0.000531858,192.207,3.16022
0.00595609,427.618,0.0219473,22.7973,0.000531858,192.207,3.16023
0.0059561,428.861,0.0100991,22.7974,0.000531858,192.207,3.16024
0.0059561,429.171,-0.00248321,22.7975,0.000531858,192.207,3.16025
0.00595611,428.475,-0.0148203,22.7977,0.000531858,192.208,3.16025
0.00595611,426.593,-0.0280589,22.7978,0.000531858,192.208,3.16026
0.00595611,423.624,-0.0406876,22.798,0.000531858,192.208,3.16027
0.00595612,418.822,-0.0546982,22.7983,0.000531858,192.208,3.16028
0.00595612,412.48,-0.0680751,22.7986,0.000531858,192.208,3.1603
0.00595613,402.649,-0.083147,22.799,0.000531858,192.208,3.16031
0.00595614,388.571,-0.0981227,22.7995,0.000531858,192.209,3.16033
0.00595615,372.069,-0.109553,22.8001,0.000531858,192.209,3.16034
0.00595615,356.87,-0.115876,22.8005,0.000531858,192.209,3.16036
0.00595616,339.997,-0.119004,22.801,0.000531858,192.21,3.16037
0.00595617,324.138,-0.118502,22.8014,0.000531858,192.21,3.16039
0.00595618,302.206,-0.112196,22.8019,0.000531858,192.21,3.1604
0.00595619,281.654,-0.099326,22.8023,0.000531858,192.211,3.16042
0.0059562,260.117,-0.0748274,22.8027,0.000531858,192.211,3.16045
0.00595621,246.971,-0.047701,22.8028,0.000531858,192.212,3.16047
0.00595622,241.177,-0.0251784,22.8028,0.000531858,192.212,3.16049
0.00595622,239.18,-0.00630227,22.8027,0.000531858,192.212,3.1605
0.00595623,239.57,0.0120959,22.8026,0.000531858,192.212,3.16051
0.00595624,242.393,0.0309058,22.8024,0.000531858,192.212,3.16052
0.00595624,249.256,0.0531535,22.8021,0.000531858,192.213,3.16054
0.00595625,261.653,0.0763879,22.8016,0.000531858,192.213,3.16055
0.00595627,281.241,0.0980695,22.801,0.000531858,192.213,3.16058
0.00595627,297.727,0.10899,22.8005,0.000531858,192.213,3.16059
0.00595628,312.642,0.114898,22.8002,0.000531858,192.213,3.1606
0.00595629,329.226,0.117745,22.7998,0.000531858,192.213,3.16061
0.00595629,345.28,0.117006,22.7994,0.000531858,192.213,3.16063
0.0059563,367.103,0.110283,22.799,0.000531858,192.213,3.16064
0.00595631,387.546,0.0967842,22.7987,0.000531858,192.213,3.16066
0.00595633,408.459,0.0715582,22.7984,0.000531858,192.214,3.16068
0.00595633,416.867,0.0548341,22.7984,0.000531858,192.214,3.1607
0.00595634,421.422,0.0419841,22.7984,0.000531858,192.214,3.1607
0.00595634,424.372,0.0303086,22.7984,0.000531858,192.214,3.16071
0.00595635,426.256,0.0190568,22.7985,0.000531858,192.214,3.16072
0.00595635,427.267,0.00768966,22.7986,0.000531858,192.214,3.16072
0.00595635,427.374,-0.00508628,22.7987,0.000531858,192.214,3.16073
0.00595636,426.815,-0.0139029,22.7988,0.000531858,192.214,3.16074
0.00595636,426.655,-0.0154559,22.7989,0.000531858,192.214,3.16074
0.00595636,426.295,-0.0185545,22.7989,0.000531858,192.214,3.16074
0.00595636,425.389,-0.0247089,22.799,0.000531858,192.214,3.16074
0.00595636,423.576,-0.0337142,22.7991,0.000531858,192.215,3.16075
0.00595637,419.698,-0.0471495,22.7994,0.000531858,192.215,3.16076
0.00595637,413.9,-0.061231,22.7996,0.000531858,192.215,3.16076
0.00595638,405.477,-0.075918,22.8,0.000531858,192.215,3.16078
0.00595639,393.138,-0.0910636,22.8005,0.000531858,192.215,3.16079
0.0059564,375.143,-0.105367,22.8011,0.000531858,192.216,3.1608
0.0059564,359.886,-0.112605,22.8015,0.000531858,192.216,3.16081
0.00595641,344.542,-0.116321,22.802,0.000531858,192.216,3.16082
0.00595642,328.515,-0.116767,22.8024,0.000531858,192.217,3.16083
0.00595643,308.675,-0.112495,22.8029,0.000531858,192.217,3.16085
0.00595643,287.727,-0.101447,22.8033,0.000531858,192.217,3.16086
0.00595645,266.57,-0.0807225,22.8037,0.000531858,192.218,3.16088
0.00595646,250.967,-0.0532019,22.8039,0.000531858,192.218,3.1609
0.00595647,243.799,-0.0295943,22.8039,0.000531858,192.219,3.16091
0.00595647,241.167,-0.0106836,22.8038,0.000531858,192.219,3.16092
0.00595648,240.983,0.00726824,22.8037,0.000531858,192.219,3.16093
0.00595649,243.206,0.0260802,22.8035,0.000531858,192.219,3.16094
0.00595649,248.619,0.0463996,22.8032,0.000531858,192.219,3.16095
0.0059565,259.69,0.0698915,22.8028,0.000531858,192.219,3.16096
0.00595651,276.76,0.0913838,22.8022,0.000531858,192.22,3.16098
0.00595652,292.871,0.103892,22.8017,0.000531858,192.22,3.16099
0.00595653,307.254,0.110892,22.8014,0.000531858,192.22,3.161
0.00595653,321.841,0.114754,22.801,0.000531858,192.22,3.16101
0.00595654,337.151,0.115639,22.8007,0.000531858,192.22,3.16101
0.00595655,356.276,0.11225,22.8003,0.000531858,192.22,3.16103
0.00595656,376.85,0.102402,22.7999,0.000531858,192.22,3.16104
0.00595657,397.882,0.0832745,22.7996,0.000531858,192.22,3.16105
0.00595658,405.238,0.0731884,22.7995,0.000531858,192.22,3.16106
0.00595658,411.357,0.0625385,22.7995,0.000531858,192.22,3.16106
0.00595659,417.322,0.0488111,22.7994,0.000531858,192.22,3.16107
0.00595659,419.976,0.0407887,22.7995,0.000531858,192.221,3.16107
0.00595659,420.597,0.0385557,22.7995,0.000531858,192.221,3.16108
0.00595659,421.751,0.0340543,22.7995,0.000531858,192.221,3.16108
0.00595659,423.632,0.0249076,22.7995,0.000531858,192.221,3.16108
0.0059566,425.163,0.0131655,22.7996,0.000531858,192.221,3.16109
0.0059566,425.739,-0.00161636,22.7997,0.000531858,192.221,3.16109
0.00595661,424.858,-0.0161598,22.7999,0.000531858,192.221,3.1611
0.00595661,421.791,-0.0337593,22.8002,0.000531858,192.221,3.16111
0.00595662,417.335,-0.048535,22.8004,0.000531858,192.221,3.16111
0.00595663,410.523,-0.0638906,22.8007,0.000531858,192.222,3.16112
0.00595663,401.581,-0.0781848,22.8011,0.000531858,192.222,3.16113
0.00595664,387.96,-0.0933034,22.8016,0.000531858,192.222,3.16114
0.00595665,371.563,-0.105066,22.8021,0.000531858,192.223,3.16115
0.00595666,356.768,-0.111423,22.8026,0.000531858,192.223,3.16115
0.00595666,340.375,-0.114626,22.803,0.000531858,192.223,3.16116
0.00595667,325.063,-0.114273,22.8034,0.000531858,192.223,3.16117
0.00595668,303.776,-0.10832,22.8039,0.000531858,192.224,3.16118
0.00595669,283.921,-0.09605,22.8043,0.000531858,192.224,3.16119
0.0059567,263.015,-0.0724978,22.8047,0.000531858,192.225,3.1612
0.00595671,250.197,-0.0462614,22.8048,0.000531858,192.225,3.16121
0.00595672,244.548,-0.0244743,22.8047,0.000531858,192.225,3.16122
0.00595673,242.595,-0.00626979,22.8047,0.000531858,192.226,3.16123
0.00595673,242.946,0.0114482,22.8045,0.000531858,192.226,3.16123
0.00595674,245.641,0.0295839,22.8043,0.000531858,192.226,3.16124
0.00595675,252.189,0.0509532,22.804,0.000531858,192.226,3.16125
0.00595676,264.082,0.073371,22.8036,0.000531858,192.226,3.16126
0.00595677,282.855,0.0942776,22.803,0.000531858,192.226,3.16127
0.00595678,298.826,0.104925,22.8025,0.000531858,192.226,3.16128
0.00595678,313.212,0.11066,22.8021,0.000531858,192.226,3.16128
0.00595679,329.237,0.113439,22.8017,0.000531858,192.227,3.16129
0.0059568,344.46,0.112785,22.8014,0.000531858,192.227,3.16129
0.0059568,365.505,0.106408,22.801,0.000531858,192.227,3.1613
0.00595681,385.066,0.0936508,22.8006,0.000531858,192.227,3.16131
0.00595683,405.341,0.0695095,22.8004,0.000531858,192.227,3.16132
0.00595683,414.06,0.0521746,22.8004,0.000531858,192.227,3.16133
0.00595684,418.649,0.0388609,22.8004,0.000531858,192.227,3.16133
0.00595684,421.605,0.0262967,22.8004,0.000531858,192.227,3.16133
0.00595685,423.383,0.0135785,22.8005,0.000531858,192.227,3.16134
0.00595685,424,-0.00223138,22.8006,0.000531858,192.228,3.16134
0.00595686,422.98,-0.0172484,22.8008,0.000531858,192.228,3.16135
0.00595687,419.173,-0.0368521,22.8011,0.000531858,192.228,3.16135
0.00595687,413.059,-0.0543556,22.8014,0.000531858,192.228,3.16136
0.00595688,405.584,-0.068804,22.8018,0.000531858,192.228,3.16136
0.00595689,394.448,-0.0839315,22.8022,0.000531858,192.229,3.16137
0.0059569,379.078,-0.0978602,22.8027,0.000531858,192.229,3.16137
0.0059569,365.163,-0.105933,22.8031,0.000531858,192.229,3.16138
0.00595691,351.01,-0.110774,22.8035,0.000531858,192.23,3.16138
0.00595692,335.591,-0.112698,22.8039,0.000531858,192.23,3.16138
0.00595692,318.69,-0.110997,22.8044,0.000531858,192.23,3.16139
0.00595693,298.058,-0.1032,22.8048,0.000531858,192.231,3.1614
0.00595694,277.859,-0.087926,22.8052,0.000531858,192.231,3.1614
0.00595696,258.99,-0.0620529,22.8055,0.000531858,192.232,3.16141
0.00595697,249.412,-0.0380612,22.8055,0.000531858,192.232,3.16142
0.00595697,245.396,-0.0187978,22.8055,0.000531858,192.232,3.16142
0.00595698,244.16,-0.00144072,22.8054,0.000531858,192.232,3.16142
0.00595699,245.112,0.0161149,22.8052,0.000531858,192.232,3.16143
0.00595699,248.327,0.0335359,22.805,0.000531858,192.233,3.16143
0.005957,256.295,0.0559939,22.8046,0.000531858,192.233,3.16143
0.00595701,269.114,0.0771806,22.8042,0.000531858,192.233,3.16144
0.00595702,285.41,0.0938472,22.8037,0.000531858,192.233,3.16144
0.00595703,299.601,0.103054,22.8033,0.000531858,192.233,3.16145
0.00595703,313.32,0.108541,22.8029,0.000531858,192.233,3.16145
0.00595704,328.569,0.111296,22.8025,0.000531858,192.233,3.16145
0.00595705,343.5,0.11081,22.8022,0.000531858,192.233,3.16146
0.00595706,364.003,0.104856,22.8018,0.000531858,192.233,3.16146
0.00595707,383.319,0.0925843,22.8014,0.000531858,192.234,3.16146
0.00595708,403.294,0.0693577,22.8012,0.000531858,192.234,3.16147
0.00595709,412.289,0.05186,22.8011,0.000531858,192.234,3.16147
0.00595709,417.143,0.0378539,22.8011,0.000531858,192.234,3.16147
0.0059571,420.126,0.0249278,22.8012,0.000531858,192.234,3.16147
0.0059571,421.854,0.0116911,22.8013,0.000531858,192.234,3.16148
0.00595711,422.261,-0.00445509,22.8014,0.000531858,192.234,3.16148
0.00595711,420.835,-0.0204816,22.8016,0.000531858,192.235,3.16148
0.00595712,416.356,-0.040363,22.8019,0.000531858,192.235,3.16148
0.00595713,409.818,-0.0571831,22.8022,0.000531858,192.235,3.16148
0.00595713,401.336,-0.0720098,22.8026,0.000531858,192.235,3.16149
0.00595714,389.135,-0.0867733,22.803,0.000531858,192.236,3.16149
0.00595715,371.969,-0.100098,22.8036,0.000531858,192.236,3.16149
0.00595716,357.463,-0.106757,22.804,0.000531858,192.236,3.16149
0.00595716,341.337,-0.110246,22.8044,0.000531858,192.236,3.16149
0.00595717,326.474,-0.110153,22.8048,0.000531858,192.237,3.1615
0.00595718,306.349,-0.104927,22.8053,0.000531858,192.237,3.1615
0.00595719,287.119,-0.0935826,22.8057,0.000531858,192.238,3.1615
0.0059572,266.95,-0.0718104,22.806,0.000531858,192.238,3.1615
0.00595721,253.876,-0.0462334,22.8061,0.000531858,192.238,3.1615
0.00595722,248.052,-0.0248104,22.8061,0.000531858,192.239,3.1615
0.00595723,246.002,-0.00716984,22.806,0.000531858,192.239,3.16151
0.00595723,246.196,0.00985861,22.8059,0.000531858,192.239,3.16151
0.00595724,248.653,0.0274064,22.8057,0.000531858,192.239,3.16151
0.00595725,254.612,0.0476032,22.8054,0.000531858,192.239,3.16151
0.00595726,265.784,0.0693623,22.8049,0.000531858,192.24,3.16151
0.00595727,283.305,0.0895627,22.8043,0.000531858,192.24,3.16151
0.00595728,298.677,0.100267,22.8039,0.000531858,192.24,3.16151
0.00595728,312.475,0.106094,22.8035,0.000531858,192.24,3.16151
0.00595729,327.943,0.1091,22.8031,0.000531858,192.24,3.16151
0.0059573,342.095,0.108827,22.8028,0.000531858,192.24,3.16151
0.00595731,362.367,0.103285,22.8024,0.000531858,192.24,3.16151
0.00595732,381.013,0.091885,22.8021,0.000531858,192.24,3.16151
0.00595733,400.965,0.0695128,22.8018,0.000531858,192.24,3.16151
0.00595734,410.479,0.0514929,22.8017,0.000531858,192.241,3.16151
0.00595734,415.448,0.0373267,22.8017,0.000531858,192.241,3.16151
0.00595735,418.499,0.0240722,22.8018,0.000531858,192.241,3.16151
0.00595735,420.22,0.0102945,22.8019,0.000531858,192.241,3.16151
0.00595736,420.453,-0.00629004,22.802,0.000531858,192.241,3.16151
0.00595737,418.609,-0.0233165,22.8022,0.000531858,192.241,3.16151
0.00595737,413.574,-0.0431347,22.8025,0.000531858,192.241,3.16151
0.00595738,406.435,-0.0598267,22.8029,0.000531858,192.242,3.16151
0.00595739,397.049,-0.0747151,22.8033,0.000531858,192.242,3.1615
0.00595739,383.654,-0.0891458,22.8037,0.000531858,192.242,3.1615
0.0059574,368.561,-0.0996265,22.8042,0.000531858,192.243,3.1615
0.00595741,354.697,-0.105404,22.8046,0.000531858,192.243,3.1615
0.00595742,339.345,-0.108257,22.805,0.000531858,192.243,3.1615
0.00595742,324.749,-0.107783,22.8054,0.000531858,192.243,3.1615
0.00595743,304.617,-0.10192,22.8058,0.000531858,192.244,3.1615
0.00595744,285.813,-0.0899947,22.8062,0.000531858,192.244,3.16149
0.00595746,266.216,-0.0673769,22.8065,0.000531858,192.245,3.16149
0.00595747,254.526,-0.0428804,22.8066,0.000531858,192.245,3.16149
0.00595747,249.378,-0.0225859,22.8065,0.000531858,192.245,3.16149
0.00595748,247.605,-0.00546913,22.8064,0.000531858,192.246,3.16149
0.00595749,247.993,0.01127,22.8063,0.000531858,192.246,3.16148
0.00595749,250.591,0.0283516,22.8061,0.000531858,192.246,3.16148
0.0059575,256.914,0.0486785,22.8058,0.000531858,192.246,3.16148
0.00595751,268.248,0.0697648,22.8053,0.000531858,192.246,3.16148
0.00595752,286.191,0.0894655,22.8047,0.000531858,192.246,3.16147
0.00595753,301.264,0.0993325,22.8043,0.000531858,192.246,3.16147
0.00595754,314.881,0.104626,22.8039,0.000531858,192.247,3.16147
0.00595754,330.006,0.10711,22.8036,0.000531858,192.247,3.16146
0.00595755,344.601,0.106327,22.8032,0.000531858,192.247,3.16146
0.00595756,364.448,0.100046,22.8028,0.000531858,192.247,3.16146
0.00595757,382.994,0.0876037,22.8025,0.000531858,192.247,3.16145
0.00595758,401.943,0.0644273,22.8022,0.000531858,192.247,3.16145
0.00595759,410.374,0.0469463,22.8022,0.000531858,192.247,3.16145
0.0059576,414.811,0.032932,22.8022,0.000531858,192.247,3.16144
0.0059576,417.504,0.0193046,22.8023,0.000531858,192.248,3.16144
0.00595761,418.798,0.00457005,22.8024,0.000531858,192.248,3.16144
0.00595761,418.307,-0.0123311,22.8025,0.000531858,192.248,3.16143
0.00595762,415.677,-0.0291269,22.8028,0.000531858,192.248,3.16143
0.00595763,410.856,-0.045431,22.803,0.000531858,192.248,3.16143
0.00595763,402.755,-0.0626907,22.8034,0.000531858,192.248,3.16142
0.00595764,392.918,-0.0768537,22.8038,0.000531858,192.249,3.16142
0.00595765,377.808,-0.0912946,22.8043,0.000531858,192.249,3.16142
0.00595766,364.413,-0.0994019,22.8047,0.000531858,192.249,3.16141
0.00595766,351.03,-0.104222,22.805,0.000531858,192.25,3.16141
0.00595767,336.335,-0.106277,22.8054,0.000531858,192.25,3.1614
0.00595768,320.859,-0.104988,22.8058,0.000531858,192.25,3.1614
0.00595769,301.279,-0.0980247,22.8062,0.000531858,192.251,3.1614
0.0059577,282.395,-0.0843456,22.8066,0.000531858,192.251,3.16139
0.00595771,264.199,-0.0604615,22.8068,0.000531858,192.252,3.16138
0.00595772,254.71,-0.0378918,22.8069,0.000531858,192.252,3.16138
0.00595773,250.57,-0.019411,22.8068,0.000531858,192.252,3.16137
0.00595773,249.191,-0.00297446,22.8067,0.000531858,192.252,3.16137
0.00595774,249.877,0.0135256,22.8065,0.000531858,192.252,3.16136
0.00595774,252.712,0.0300752,22.8063,0.000531858,192.253,3.16136
0.00595775,259.698,0.0508054,22.806,0.000531858,192.253,3.16135
0.00595776,271.396,0.0710654,22.8056,0.000531858,192.253,3.16135
0.00595777,287.11,0.0877356,22.805,0.000531858,192.253,3.16134
0.00595778,300.867,0.0968881,22.8046,0.000531858,192.253,3.16133
0.00595779,313.899,0.102218,22.8043,0.000531858,192.253,3.16133
0.00595779,328.429,0.104933,22.8039,0.000531858,192.253,3.16132
0.0059578,342.287,0.104572,22.8036,0.000531858,192.253,3.16132
0.00595781,361.696,0.099095,22.8032,0.000531858,192.253,3.16131
0.00595782,379.795,0.0878053,22.8028,0.000531858,192.254,3.1613
0.00595783,398.806,0.0660773,22.8026,0.000531858,192.254,3.16129
0.00595784,407.936,0.0483773,22.8025,0.000531858,192.254,3.16129
0.00595785,412.789,0.0339336,22.8025,0.000531858,192.254,3.16128
0.00595785,415.706,0.0199663,22.8026,0.000531858,192.254,3.16128
0.00595786,417.116,0.0048368,22.8027,0.000531858,192.254,3.16127
0.00595786,416.605,-0.0125177,22.8028,0.000531858,192.255,3.16127
0.00595787,413.966,-0.0289897,22.8031,0.000531858,192.255,3.16126
0.00595788,408.858,-0.045793,22.8033,0.000531858,192.255,3.16126
0.00595789,400.404,-0.0631288,22.8037,0.000531858,192.255,3.16125
0.00595789,390.049,-0.077326,22.8041,0.000531858,192.255,3.16124
0.0059579,374.373,-0.0913385,22.8046,0.000531858,192.256,3.16123
0.00595791,361.115,-0.0986591,22.805,0.000531858,192.256,3.16123
0.00595792,347.806,-0.102836,22.8053,0.000531858,192.256,3.16122
0.00595792,333.466,-0.104225,22.8057,0.000531858,192.257,3.16122
0.00595793,317.267,-0.102062,22.8061,0.000531858,192.257,3.16121
0.00595794,298.246,-0.0940723,22.8065,0.000531858,192.257,3.1612
0.00595795,279.49,-0.0787432,22.8068,0.000531858,192.258,3.16119
0.00595796,262.673,-0.0537387,22.807,0.000531858,192.258,3.16118
0.00595797,254.644,-0.0314325,22.807,0.000531858,192.259,3.16117
0.00595798,251.564,-0.0142503,22.8069,0.000531858,192.259,3.16116
0.00595799,250.812,0.00165389,22.8068,0.000531858,192.259,3.16115
0.00595799,252.205,0.0187858,22.8066,0.000531858,192.259,3.16115
0.005958,255.772,0.0351004,22.8064,0.000531858,192.259,3.16114
0.00595801,264.47,0.0566875,22.806,0.000531858,192.259,3.16113
0.00595802,277.449,0.075717,22.8055,0.000531858,192.26,3.16112
0.00595803,291.72,0.0888823,22.8051,0.000531858,192.26,3.16111
0.00595803,304.29,0.0963705,22.8047,0.000531858,192.26,3.1611
0.00595804,316.947,0.100947,22.8044,0.000531858,192.26,3.1611
0.00595805,330.785,0.102998,22.804,0.000531858,192.26,3.16109
0.00595805,345.56,0.101964,22.8037,0.000531858,192.26,3.16108
0.00595806,364.328,0.0956131,22.8033,0.000531858,192.26,3.16107
0.00595807,382.59,0.0827827,22.8029,0.000531858,192.26,3.16106
0.00595809,400.299,0.0601001,22.8027,0.000531858,192.261,3.16104
0.00595809,408.224,0.0427524,22.8027,0.000531858,192.261,3.16104
0.0059581,412.416,0.0282769,22.8027,0.000531858,192.261,3.16103
0.00595811,414.8,0.0137128,22.8028,0.000531858,192.261,3.16102
0.00595811,415.489,-0.00240366,22.8029,0.000531858,192.261,3.16101
0.00595812,414.144,-0.0187388,22.8031,0.000531858,192.261,3.16101
0.00595812,410.357,-0.0359763,22.8033,0.000531858,192.262,3.161
0.00595813,404.244,-0.0521051,22.8036,0.000531858,192.262,3.16099
0.00595814,394.634,-0.068552,22.804,0.000531858,192.262,3.16098
0.00595815,382.371,-0.0824447,22.8044,0.000531858,192.262,3.16097
0.00595816,367.986,-0.0929877,22.8048,0.000531858,192.263,3.16096
0.00595816,354.998,-0.0987733,22.8052,0.000531858,192.263,3.16095
0.00595817,340.484,-0.101838,22.8056,0.000531858,192.263,3.16094
0.00595818,326.892,-0.101739,22.8059,0.000531858,192.263,3.16093
0.00595819,308.22,-0.096875,22.8063,0.000531858,192.264,3.16092
0.0059582,290.48,-0.0863771,22.8066,0.000531858,192.264,3.16091
0.00595821,271.805,-0.0661427,22.8069,0.000531858,192.265,3.16089
0.00595822,259.793,-0.0425284,22.807,0.000531858,192.265,3.16088
0.00595823,254.453,-0.0227783,22.807,0.000531858,192.265,3.16087
0.00595823,252.579,-0.00649816,22.8069,0.000531858,192.266,3.16086
0.00595824,252.774,0.00922922,22.8067,0.000531858,192.266,3.16085
0.00595825,255.057,0.0254236,22.8065,0.000531858,192.266,3.16084
0.00595825,260.594,0.0441139,22.8062,0.000531858,192.266,3.16083
0.00595826,270.938,0.064188,22.8058,0.000531858,192.266,3.16082
0.00595827,287.173,0.0828341,22.8052,0.000531858,192.266,3.1608
0.00595828,301.369,0.0926711,22.8048,0.000531858,192.266,3.16079
0.00595829,314.138,0.0980246,22.8045,0.000531858,192.267,3.16078
0.0059583,328.438,0.100759,22.8041,0.000531858,192.267,3.16077
0.0059583,341.527,0.100462,22.8038,0.000531858,192.267,3.16076
0.00595831,360.289,0.0952518,22.8034,0.000531858,192.267,3.16075
0.00595832,377.506,0.084624,22.803,0.000531858,192.267,3.16074
0.00595833,395.917,0.0637992,22.8028,0.000531858,192.267,3.16072
0.00595834,405.092,0.0460124,22.8027,0.000531858,192.267,3.16071
0.00595835,409.982,0.0310236,22.8027,0.000531858,192.267,3.1607
0.00595836,412.786,0.0162418,22.8027,0.000531858,192.268,3.16069
0.00595836,413.811,0.000437739,22.8029,0.000531858,192.268,3.16068
0.00595837,412.802,-0.0159154,22.803,0.000531858,192.268,3.16067
0.00595837,409.704,-0.0318569,22.8032,0.000531858,192.268,3.16066
0.00595838,403.79,-0.0487813,22.8035,0.000531858,192.268,3.16065
0.00595839,394.397,-0.065654,22.8039,0.000531858,192.269,3.16063
0.0059584,382.471,-0.0796842,22.8043,0.000531858,192.269,3.16062
0.00595841,368.052,-0.0906051,22.8047,0.000531858,192.269,3.16061
0.00595841,355.288,-0.09648,22.8051,0.000531858,192.27,3.1606
0.00595842,340.821,-0.099686,22.8055,0.000531858,192.27,3.16059
0.00595843,327.509,-0.099695,22.8058,0.000531858,192.27,3.16058
0.00595844,309.309,-0.0951224,22.8062,0.000531858,192.271,3.16056
0.00595845,291.932,-0.0850585,22.8065,0.000531858,192.271,3.16055
0.00595846,273.597,-0.0655766,22.8068,0.000531858,192.271,3.16053
0.00595847,261.522,-0.0422944,22.8068,0.000531858,192.272,3.16051
0.00595848,256.138,-0.0227632,22.8068,0.000531858,192.272,3.16049
0.00595849,254.241,-0.00677209,22.8067,0.000531858,192.272,3.16048
0.00595849,254.38,0.0086193,22.8066,0.000531858,192.272,3.16047
0.0059585,256.566,0.0245106,22.8064,0.000531858,192.273,3.16046
0.00595851,261.865,0.0426739,22.8061,0.000531858,192.273,3.16045
0.00595851,271.894,0.0623958,22.8057,0.000531858,192.273,3.16043
0.00595853,287.593,0.0806777,22.8051,0.000531858,192.273,3.16042
0.00595853,301.487,0.0904732,22.8047,0.000531858,192.273,3.1604
0.00595854,313.973,0.0958281,22.8043,0.000531858,192.273,3.16039
0.00595855,327.992,0.0986274,22.804,0.000531858,192.273,3.16038
0.00595855,340.828,0.0984371,22.8036,0.000531858,192.273,3.16037
0.00595856,359.065,0.0935469,22.8032,0.000531858,192.274,3.16035
0.00595857,375.975,0.0833343,22.8029,0.000531858,192.274,3.16033
0.00595859,394.04,0.063306,22.8026,0.000531858,192.274,3.16031
0.00595859,403.377,0.0455282,22.8025,0.000531858,192.274,3.1603
0.0059586,408.396,0.0302359,22.8025,0.000531858,192.274,3.16029
0.00595861,411.214,0.0150367,22.8026,0.000531858,192.274,3.16027
0.00595861,412.108,-0.000518636,22.8027,0.000531858,192.274,3.16026
0.00595862,410.991,-0.0165646,22.8029,0.000531858,192.275,3.16025
0.00595863,407.795,-0.032254,22.8031,0.000531858,192.275,3.16024
0.00595863,401.491,-0.0495234,22.8034,0.000531858,192.275,3.16023
0.00595864,391.698,-0.0662366,22.8037,0.000531858,192.275,3.16021
0.00595865,379.113,-0.0801181,22.8042,0.000531858,192.276,3.16019
0.00595866,365.689,-0.0896135,22.8046,0.000531858,192.276,3.16018
0.00595867,353.317,-0.0949415,22.8049,0.000531858,192.276,3.16017
0.00595867,339.491,-0.0977038,22.8052,0.000531858,192.277,3.16015
0.00595868,326.529,-0.0974852,22.8056,0.000531858,192.277,3.16014
0.00595869,308.437,-0.0925671,22.8059,0.000531858,192.277,3.16012
0.0059587,291.497,-0.0822748,22.8062,0.000531858,192.278,3.16011
0.00595871,273.604,-0.0624158,22.8065,0.000531858,192.278,3.16008
0.00595872,262.456,-0.0399298,22.8065,0.000531858,192.278,3.16006
0.00595873,257.529,-0.0212159,22.8065,0.000531858,192.279,3.16005
0.00595874,255.817,-0.00566499,22.8064,0.000531858,192.279,3.16003
0.00595874,256.075,0.00942695,22.8062,0.000531858,192.279,3.16002
0.00595875,258.332,0.024908,22.806,0.000531858,192.279,3.16001
0.00595876,263.811,0.0430131,22.8057,0.000531858,192.279,3.15999
0.00595877,273.864,0.0621691,22.8053,0.000531858,192.28,3.15998
0.00595878,289.7,0.0800078,22.8048,0.000531858,192.28,3.15995
0.00595879,303.315,0.0892133,22.8044,0.000531858,192.28,3.15994
0.00595879,315.598,0.0941957,22.804,0.000531858,192.28,3.15993
0.0059588,329.302,0.0966458,22.8036,0.000531858,192.28,3.15991
0.00595881,342.125,0.0961711,22.8033,0.000531858,192.28,3.1599
0.00595882,360.102,0.0908564,22.8029,0.000531858,192.28,3.15988
0.00595883,376.714,0.0801929,22.8026,0.000531858,192.28,3.15986
0.00595884,394.141,0.0597543,22.8023,0.000531858,192.281,3.15983
0.00595885,402.89,0.0419623,22.8022,0.000531858,192.281,3.15982
0.00595885,407.525,0.0264459,22.8023,0.000531858,192.281,3.1598
0.00595886,409.959,0.0106009,22.8023,0.000531858,192.281,3.15979
0.00595887,410.313,-0.00471099,22.8024,0.000531858,192.281,3.15977
0.00595887,408.656,-0.0204649,22.8026,0.000531858,192.281,3.15976
0.00595888,404.427,-0.0373244,22.8028,0.000531858,192.282,3.15975
0.00595889,396.951,-0.0545127,22.8032,0.000531858,192.282,3.15973
0.0059589,386.044,-0.0703412,22.8035,0.000531858,192.282,3.15971
0.00595891,371.668,-0.0834863,22.804,0.000531858,192.283,3.15969
0.00595891,359.499,-0.0903927,22.8043,0.000531858,192.283,3.15968
0.00595892,347.388,-0.0943681,22.8047,0.000531858,192.283,3.15966
0.00595893,334.233,-0.0958342,22.805,0.000531858,192.283,3.15965
0.00595894,319.692,-0.0941522,22.8053,0.000531858,192.284,3.15963
0.00595894,302.155,-0.0871958,22.8056,0.000531858,192.284,3.15961
0.00595896,284.97,-0.0737369,22.8059,0.000531858,192.284,3.15959
0.00595897,269.163,-0.0512651,22.8061,0.000531858,192.285,3.15956
0.00595898,261.358,-0.03079,22.8061,0.000531858,192.285,3.15954
0.00595898,258.212,-0.0146567,22.806,0.000531858,192.285,3.15953
0.00595899,257.328,4.03781e-05,22.8059,0.000531858,192.286,3.15951
0.005959,258.432,0.015964,22.8057,0.000531858,192.286,3.1595
0.005959,261.398,0.0304929,22.8055,0.000531858,192.286,3.15949
0.00595901,269.044,0.05047,22.8051,0.000531858,192.286,3.15946
0.00595902,280.374,0.0678949,22.8047,0.000531858,192.286,3.15944
0.00595903,293.661,0.0807506,22.8042,0.000531858,192.286,3.15942
0.00595904,305.22,0.0879699,22.8039,0.000531858,192.286,3.15941
0.00595904,316.818,0.092441,22.8035,0.000531858,192.287,3.1594
0.00595905,329.628,0.0946093,22.8032,0.000531858,192.287,3.15938
0.00595906,342.65,0.0940175,22.8029,0.000531858,192.287,3.15936
0.00595907,360.009,0.0886868,22.8025,0.000531858,192.287,3.15934
0.00595908,376.592,0.0777659,22.8021,0.000531858,192.287,3.15932
0.00595909,393.342,0.0576169,22.8019,0.000531858,192.287,3.15929
0.0059591,401.815,0.0398852,22.8018,0.000531858,192.287,3.15927
0.00595911,406.293,0.0241072,22.8018,0.000531858,192.288,3.15926
0.00595911,408.434,0.00857303,22.8019,0.000531858,192.288,3.15924
0.00595912,408.559,-0.00631245,22.802,0.000531858,192.288,3.15923
0.00595913,406.718,-0.0216714,22.8022,0.000531858,192.288,3.15921
0.00595913,402.138,-0.0386504,22.8024,0.000531858,192.288,3.15919
0.00595914,393.06,-0.0576229,22.8028,0.000531858,192.289,3.15917
0.00595915,381.926,-0.0720797,22.8031,0.000531858,192.289,3.15915
0.00595916,367.83,-0.0836793,22.8036,0.000531858,192.289,3.15913
0.00595917,355.844,-0.0896988,22.8039,0.000531858,192.29,3.15912
0.00595917,343.76,-0.0929677,22.8042,0.000531858,192.29,3.1591
0.00595918,330.988,-0.0936958,22.8045,0.000531858,192.29,3.15908
0.00595919,315.585,-0.0909206,22.8048,0.000531858,192.29,3.15906
0.0059592,298.679,-0.0827856,22.8051,0.000531858,192.291,3.15904
0.00595921,281.676,-0.0673308,22.8054,0.000531858,192.291,3.15902
0.00595922,267.469,-0.0435662,22.8055,0.000531858,192.292,3.15898
0.00595923,261.315,-0.0235404,22.8054,0.000531858,192.292,3.15896
0.00595924,259.215,-0.00809133,22.8053,0.000531858,192.292,3.15895
0.00595925,259.128,0.00629325,22.8052,0.000531858,192.292,3.15893
0.00595925,260.974,0.0213697,22.805,0.000531858,192.292,3.15892
0.00595926,265.406,0.0376914,22.8047,0.000531858,192.293,3.1589
0.00595927,274.381,0.0564605,22.8043,0.000531858,192.293,3.15888
0.00595928,288.206,0.0736169,22.8038,0.000531858,192.293,3.15885
0.00595929,301.13,0.083479,22.8034,0.000531858,192.293,3.15883
0.00595929,312.724,0.0889891,22.8031,0.000531858,192.293,3.15881
0.0059593,324.512,0.0919697,22.8027,0.000531858,192.293,3.1588
0.00595931,336.817,0.0925242,22.8024,0.000531858,192.293,3.15878
0.00595932,352.321,0.0895354,22.802,0.000531858,192.293,3.15876
0.00595932,368.775,0.0813213,22.8017,0.000531858,192.294,3.15874
0.00595934,385.614,0.0654814,22.8014,0.000531858,192.294,3.15871
0.00595935,397.276,0.0462686,22.8012,0.000531858,192.294,3.15868
0.00595936,403.212,0.0295944,22.8012,0.000531858,192.294,3.15866
0.00595936,406.274,0.0132842,22.8013,0.000531858,192.294,3.15865
0.00595937,407.005,-0.00143102,22.8014,0.000531858,192.294,3.15863
0.00595938,405.763,-0.0169023,22.8015,0.000531858,192.295,3.15861
0.00595938,402.514,-0.0317696,22.8017,0.000531858,192.295,3.1586
0.00595939,394.763,-0.0509617,22.802,0.000531858,192.295,3.15857
0.0059594,384.156,-0.0667297,22.8024,0.000531858,192.295,3.15855
0.00595941,369.616,-0.0800702,22.8028,0.000531858,192.296,3.15852
0.00595942,357.783,-0.0866729,22.8031,0.000531858,192.296,3.15851
0.00595942,346.125,-0.0903795,22.8034,0.000531858,192.296,3.15849
0.00595943,333.5,-0.0916559,22.8037,0.000531858,192.297,3.15847
0.00595944,319.449,-0.0898626,22.804,0.000531858,192.297,3.15845
0.00595945,302.683,-0.0829594,22.8044,0.000531858,192.297,3.15843
0.00595946,286.243,-0.0697246,22.8046,0.000531858,192.298,3.1584
0.00595947,271.313,-0.0478823,22.8047,0.000531858,192.298,3.15837
0.00595948,264.107,-0.0282586,22.8047,0.000531858,192.298,3.15834
0.00595949,261.297,-0.0130298,22.8046,0.000531858,192.299,3.15833
0.00595949,260.574,0.000977622,22.8045,0.000531858,192.299,3.15831
0.0059595,261.742,0.016096,22.8043,0.000531858,192.299,3.15829
0.00595951,264.767,0.0302594,22.8041,0.000531858,192.299,3.15828
0.00595952,272.302,0.0492951,22.8037,0.000531858,192.299,3.15825
0.00595953,283.499,0.0659865,22.8033,0.000531858,192.3,3.15823
0.00595954,296.094,0.0778017,22.8028,0.000531858,192.3,3.1582
0.00595954,307.165,0.0845044,22.8025,0.000531858,192.3,3.15819
0.00595955,318.309,0.0886162,22.8022,0.000531858,192.3,3.15817
0.00595956,330.529,0.0904987,22.8018,0.000531858,192.3,3.15815
0.00595956,343.348,0.0896861,22.8015,0.000531858,192.3,3.15813
0.00595957,359.894,0.0842265,22.8011,0.000531858,192.3,3.15811
0.00595958,375.884,0.0731849,22.8008,0.000531858,192.3,3.15808
0.00595959,391.602,0.0533986,22.8005,0.000531858,192.301,3.15805
0.0059596,399.599,0.0355955,22.8005,0.000531858,192.301,3.15802
0.00595961,403.718,0.0191729,22.8005,0.000531858,192.301,3.158
0.00595962,405.224,0.00476615,22.8006,0.000531858,192.301,3.15799
0.00595962,404.917,-0.00942232,22.8007,0.000531858,192.301,3.15797
0.00595963,402.752,-0.023843,22.8008,0.000531858,192.301,3.15795
0.00595964,397.461,-0.0409753,22.8011,0.000531858,192.302,3.15793
0.00595965,387.986,-0.0586453,22.8014,0.000531858,192.302,3.1579
0.00595966,375.477,-0.0729378,22.8018,0.000531858,192.302,3.15788
0.00595967,363.118,-0.0817937,22.8022,0.000531858,192.303,3.15786
0.00595967,351.824,-0.0867364,22.8025,0.000531858,192.303,3.15784
0.00595968,339.11,-0.089352,22.8028,0.000531858,192.303,3.15782
0.00595969,327.306,-0.0892196,22.803,0.000531858,192.303,3.1578
0.0059597,310.814,-0.0848539,22.8033,0.000531858,192.304,3.15778
0.00595971,295.326,-0.0755965,22.8036,0.000531858,192.304,3.15775
0.00595972,278.908,-0.0576436,22.8038,0.000531858,192.305,3.15772
0.00595973,268.503,-0.0369659,22.8038,0.000531858,192.305,3.15769
0.00595974,263.895,-0.0197184,22.8038,0.000531858,192.305,3.15766
0.00595974,262.287,-0.00546512,22.8037,0.000531858,192.305,3.15765
0.00595975,262.487,0.00832766,22.8035,0.000531858,192.306,3.15763
0.00595976,264.515,0.0225054,22.8033,0.000531858,192.306,3.15761
0.00595976,269.436,0.0389638,22.803,0.000531858,192.306,3.15759
0.00595977,278.555,0.0565233,22.8026,0.000531858,192.306,3.15756
0.00595978,292.893,0.0728506,22.8021,0.000531858,192.306,3.15753
0.00595979,305.342,0.0813819,22.8017,0.000531858,192.306,3.15751
0.0059598,316.581,0.0860183,22.8013,0.000531858,192.306,3.15749
0.00595981,329.14,0.0883347,22.801,0.000531858,192.307,3.15747
0.00595981,340.724,0.0879798,22.8007,0.000531858,192.307,3.15746
0.00595982,357.191,0.0832434,22.8003,0.000531858,192.307,3.15743
0.00595983,372.322,0.0736989,22.8,0.000531858,192.307,3.1574
0.00595984,388.381,0.0551739,22.7997,0.000531858,192.307,3.15737
0.00595985,397.106,0.0373558,22.7996,0.000531858,192.307,3.15734
0.00595986,401.693,0.0206685,22.7996,0.000531858,192.308,3.15732
0.00595987,403.423,0.00650178,22.7996,0.000531858,192.308,3.1573
0.00595987,403.357,-0.00728153,22.7997,0.000531858,192.308,3.15728
0.00595988,401.474,-0.0214825,22.7999,0.000531858,192.308,3.15726
0.00595989,396.873,-0.0376018,22.8001,0.000531858,192.308,3.15724
0.0059599,388.084,-0.0551555,22.8004,0.000531858,192.309,3.15721
0.00595991,375.674,-0.0701174,22.8008,0.000531858,192.309,3.15719
0.00595992,363.111,-0.0794686,22.8012,0.000531858,192.309,3.15716
0.00595992,351.964,-0.0845076,22.8015,0.000531858,192.31,3.15714
0.00595993,339.366,-0.0872228,22.8018,0.000531858,192.31,3.15712
0.00595994,327.814,-0.0871806,22.802,0.000531858,192.31,3.1571
0.00595995,311.824,-0.0830922,22.8023,0.000531858,192.31,3.15708
0.00595996,296.678,-0.0742309,22.8026,0.000531858,192.311,3.15705
0.00595997,280.62,-0.0570127,22.8028,0.000531858,192.311,3.15701
0.00595998,270.188,-0.0366963,22.8028,0.000531858,192.312,3.15698
0.00595999,265.549,-0.019689,22.8027,0.000531858,192.312,3.15696
0.00595999,263.92,-0.00572876,22.8026,0.000531858,192.312,3.15694
0.00596,264.065,0.00772996,22.8025,0.000531858,192.312,3.15692
0.00596001,265.998,0.0216048,22.8023,0.000531858,192.312,3.1569
0.00596002,270.685,0.0375438,22.802,0.000531858,192.313,3.15688
0.00596002,279.493,0.0547506,22.8016,0.000531858,192.313,3.15685
0.00596004,293.302,0.0707159,22.8011,0.000531858,192.313,3.15682
0.00596004,305.453,0.0792017,22.8007,0.000531858,192.313,3.1568
0.00596005,316.411,0.0838359,22.8003,0.000531858,192.313,3.15678
0.00596006,328.69,0.0862125,22.8,0.000531858,192.313,3.15676
0.00596006,339.943,0.085971,22.7997,0.000531858,192.313,3.15674
0.00596007,355.945,0.0815489,22.7993,0.000531858,192.313,3.15671
0.00596008,370.722,0.0724603,22.799,0.000531858,192.314,3.15668
0.0059601,386.482,0.0547008,22.7987,0.000531858,192.314,3.15665
0.00596011,395.353,0.0369672,22.7986,0.000531858,192.314,3.15662
0.00596011,400.046,0.0200165,22.7986,0.000531858,192.314,3.15659
0.00596012,401.717,0.0061069,22.7986,0.000531858,192.314,3.15657
0.00596013,401.622,-0.007355,22.7987,0.000531858,192.315,3.15656
0.00596013,399.746,-0.0212301,22.7988,0.000531858,192.315,3.15654
0.00596014,395.199,-0.0369838,22.799,0.000531858,192.315,3.15651
0.00596015,386.551,-0.0541014,22.7994,0.000531858,192.315,3.15649
0.00596016,373.75,-0.0692284,22.7997,0.000531858,192.316,3.15646
0.00596017,361.662,-0.077952,22.8001,0.000531858,192.316,3.15643
0.00596018,350.791,-0.0827027,22.8003,0.000531858,192.316,3.15641
0.00596018,338.523,-0.0851919,22.8006,0.000531858,192.316,3.15639
0.00596019,327.293,-0.0850231,22.8009,0.000531858,192.317,3.15637
0.0059602,311.498,-0.0807692,22.8012,0.000531858,192.317,3.15634
0.00596021,296.782,-0.0718822,22.8014,0.000531858,192.317,3.15631
0.00596022,281.131,-0.0546127,22.8016,0.000531858,192.318,3.15628
0.00596023,271.333,-0.034948,22.8016,0.000531858,192.318,3.15625
0.00596024,267.005,-0.0185793,22.8015,0.000531858,192.318,3.15622
0.00596025,265.502,-0.00501505,22.8014,0.000531858,192.319,3.1562
0.00596025,265.716,0.00813262,22.8012,0.000531858,192.319,3.15618
0.00596026,267.672,0.0216267,22.801,0.000531858,192.319,3.15616
0.00596027,272.418,0.0373713,22.8008,0.000531858,192.319,3.15614
0.00596028,281.152,0.0540712,22.8004,0.000531858,192.319,3.15611
0.00596029,294.904,0.0696131,22.7998,0.000531858,192.32,3.15608
0.0059603,306.769,0.0776647,22.7994,0.000531858,192.32,3.15606
0.0059603,317.5,0.0820311,22.7991,0.000531858,192.32,3.15604
0.00596031,329.473,0.084175,22.7988,0.000531858,192.32,3.15601
0.00596032,340.608,0.0837641,22.7985,0.000531858,192.32,3.15599
0.00596033,356.293,0.0791302,22.7981,0.000531858,192.32,3.15597
0.00596034,370.746,0.0698599,22.7978,0.000531858,192.32,3.15594
0.00596035,385.967,0.0520318,22.7975,0.000531858,192.32,3.1559
0.00596036,394.685,0.0335144,22.7974,0.000531858,192.321,3.15587
0.00596037,398.775,0.0170959,22.7974,0.000531858,192.321,3.15584
0.00596037,400.081,0.00361868,22.7974,0.000531858,192.321,3.15582
0.00596038,399.695,-0.00951727,22.7975,0.000531858,192.321,3.1558
0.00596039,397.591,-0.0228596,22.7976,0.000531858,192.321,3.15578
0.00596039,392.494,-0.0388784,22.7979,0.000531858,192.322,3.15576
0.0059604,383.521,-0.0552135,22.7982,0.000531858,192.322,3.15573
0.00596041,369.887,-0.0699199,22.7986,0.000531858,192.322,3.1557
0.00596042,358.481,-0.0773036,22.7989,0.000531858,192.323,3.15567
0.00596043,347.876,-0.0813723,22.7991,0.000531858,192.323,3.15565
0.00596044,336.056,-0.083231,22.7994,0.000531858,192.323,3.15563
0.00596044,324.528,-0.0825009,22.7996,0.000531858,192.323,3.15561
0.00596045,309.001,-0.0773899,22.7999,0.000531858,192.324,3.15558
0.00596046,294.482,-0.0674181,22.8001,0.000531858,192.324,3.15555
0.00596048,279.792,-0.0491309,22.8002,0.000531858,192.325,3.15551
0.00596049,271.762,-0.0309851,22.8002,0.000531858,192.325,3.15548
0.00596049,268.244,-0.0160632,22.8001,0.000531858,192.325,3.15546
0.0059605,267.053,-0.00309487,22.8,0.000531858,192.325,3.15544
0.00596051,267.49,0.00978332,22.7999,0.000531858,192.325,3.15542
0.00596051,269.613,0.0227917,22.7997,0.000531858,192.326,3.1554
0.00596052,274.815,0.0387529,22.7993,0.000531858,192.326,3.15538
0.00596053,283.77,0.054733,22.7989,0.000531858,192.326,3.15535
0.00596054,296.233,0.0682559,22.7985,0.000531858,192.326,3.15532
0.00596055,307.186,0.0756443,22.7981,0.000531858,192.326,3.15529
0.00596055,317.478,0.0798903,22.7978,0.000531858,192.326,3.15527
0.00596056,328.963,0.0820437,22.7974,0.000531858,192.326,3.15525
0.00596057,339.714,0.0817643,22.7971,0.000531858,192.327,3.15523
0.00596058,354.958,0.0774663,22.7968,0.000531858,192.327,3.1552
0.00596059,369.057,0.0686821,22.7964,0.000531858,192.327,3.15517
0.0059606,384.009,0.0516291,22.7961,0.000531858,192.327,3.15513
0.00596061,392.906,0.0331723,22.796,0.000531858,192.327,3.1551
0.00596062,396.979,0.0171911,22.796,0.000531858,192.327,3.15508
0.00596062,398.321,0.00405865,22.7961,0.000531858,192.328,3.15506
0.00596063,398.015,-0.00870411,22.7961,0.000531858,192.328,3.15504
0.00596064,396.036,-0.0217221,22.7963,0.000531858,192.328,3.15502
0.00596065,391.24,-0.0371753,22.7965,0.000531858,192.328,3.15499
0.00596066,382.638,-0.0531801,22.7968,0.000531858,192.329,3.15496
0.00596067,369.029,-0.0680498,22.7972,0.000531858,192.329,3.15493
0.00596067,357.701,-0.0753904,22.7975,0.000531858,192.329,3.1549
0.00596068,347.291,-0.0793557,22.7977,0.000531858,192.33,3.15488
0.00596069,335.697,-0.0811348,22.7979,0.000531858,192.33,3.15486
0.0059607,324.419,-0.0803661,22.7982,0.000531858,192.33,3.15484
0.0059607,309.264,-0.075287,22.7984,0.000531858,192.33,3.15481
0.00596071,295.119,-0.065455,22.7986,0.000531858,192.331,3.15478
0.00596073,280.852,-0.0474889,22.7987,0.000531858,192.331,3.15474
0.00596074,273.159,-0.0298966,22.7987,0.000531858,192.332,3.15471
0.00596074,269.795,-0.0154504,22.7986,0.000531858,192.332,3.15469
0.00596075,268.66,-0.00283793,22.7985,0.000531858,192.332,3.15467
0.00596076,269.11,0.00971661,22.7983,0.000531858,192.332,3.15465
0.00596076,271.198,0.0223763,22.7981,0.000531858,192.332,3.15463
0.00596077,276.325,0.0379854,22.7978,0.000531858,192.332,3.1546
0.00596078,285.091,0.0535232,22.7974,0.000531858,192.333,3.15457
0.00596079,297.196,0.0665872,22.797,0.000531858,192.333,3.15454
0.0059608,307.828,0.0737322,22.7966,0.000531858,192.333,3.15452
0.00596081,317.852,0.0778517,22.7963,0.000531858,192.333,3.1545
0.00596081,329.033,0.0799322,22.796,0.000531858,192.333,3.15448
0.00596082,339.528,0.0796434,22.7957,0.000531858,192.333,3.15446
0.00596083,354.375,0.07543,22.7953,0.000531858,192.333,3.15443
0.00596084,368.121,0.0668333,22.795,0.000531858,192.333,3.1544
0.00596085,382.671,0.0501831,22.7947,0.000531858,192.334,3.15436
0.00596086,391.317,0.0321809,22.7945,0.000531858,192.334,3.15433
0.00596087,395.209,0.0169348,22.7945,0.000531858,192.334,3.1543
0.00596088,396.539,0.00422476,22.7946,0.000531858,192.334,3.15428
0.00596088,396.277,-0.00817381,22.7946,0.000531858,192.334,3.15426
0.00596089,394.393,-0.0208374,22.7948,0.000531858,192.335,3.15424
0.0059609,389.804,-0.0358241,22.7949,0.000531858,192.335,3.15422
0.00596091,381.508,-0.0514417,22.7952,0.000531858,192.335,3.15419
0.00596092,368.382,-0.0659665,22.7956,0.000531858,192.336,3.15415
0.00596093,357.331,-0.0732392,22.7959,0.000531858,192.336,3.15413
0.00596093,347.195,-0.0771792,22.7961,0.000531858,192.336,3.15411
0.00596094,335.882,-0.078991,22.7964,0.000531858,192.336,3.15408
0.00596095,325.03,-0.0783342,22.7966,0.000531858,192.337,3.15406
0.00596096,310.25,-0.0735227,22.7968,0.000531858,192.337,3.15403
0.00596097,296.524,-0.0641661,22.797,0.000531858,192.337,3.154
0.00596098,282.514,-0.0468553,22.7971,0.000531858,192.338,3.15396
0.00596099,274.808,-0.0295556,22.7971,0.000531858,192.338,3.15393
0.005961,271.435,-0.0153317,22.797,0.000531858,192.338,3.15391
0.005961,270.293,-0.00301612,22.7969,0.000531858,192.339,3.15389
0.00596101,270.697,0.00919359,22.7967,0.000531858,192.339,3.15387
0.00596102,272.699,0.0215359,22.7965,0.000531858,192.339,3.15385
0.00596102,277.603,0.0366408,22.7962,0.000531858,192.339,3.15382
0.00596103,286.07,0.0518054,22.7958,0.000531858,192.339,3.1538
0.00596104,297.908,0.0646806,22.7953,0.000531858,192.339,3.15376
0.00596105,308.32,0.0717096,22.795,0.000531858,192.34,3.15374
0.00596106,318.095,0.0757391,22.7947,0.000531858,192.34,3.15372
0.00596106,329.002,0.0777748,22.7943,0.000531858,192.34,3.1537
0.00596107,339.19,0.077499,22.794,0.000531858,192.34,3.15368
0.00596108,353.641,0.0734089,22.7937,0.000531858,192.34,3.15365
0.00596109,367,0.0650706,22.7933,0.000531858,192.34,3.15362
0.0059611,381.176,0.048887,22.793,0.000531858,192.34,3.15358
0.00596111,389.617,0.0313527,22.7929,0.000531858,192.341,3.15355
0.00596112,393.388,0.0166691,22.7929,0.000531858,192.341,3.15352
0.00596113,394.707,0.00434484,22.7929,0.000531858,192.341,3.1535
0.00596113,394.483,-0.00769436,22.793,0.000531858,192.341,3.15348
0.00596114,392.684,-0.0200083,22.7931,0.000531858,192.341,3.15346
0.00596115,388.292,-0.0345196,22.7933,0.000531858,192.341,3.15344
0.00596116,380.288,-0.0497374,22.7935,0.000531858,192.342,3.15341
0.00596117,367.633,-0.0638921,22.7939,0.000531858,192.342,3.15337
0.00596118,356.873,-0.0710673,22.7941,0.000531858,192.342,3.15335
0.00596118,347.017,-0.0749647,22.7944,0.000531858,192.343,3.15333
0.00596119,335.998,-0.0767931,22.7946,0.000531858,192.343,3.15331
0.0059612,325.558,-0.07623,22.7948,0.000531858,192.343,3.15329
0.00596121,311.168,-0.0716646,22.795,0.000531858,192.344,3.15326
0.00596122,297.864,-0.0627498,22.7952,0.000531858,192.344,3.15323
0.00596123,284.144,-0.046073,22.7953,0.000531858,192.344,3.15319
0.00596124,276.466,-0.0291112,22.7953,0.000531858,192.345,3.15316
0.00596125,273.104,-0.0151498,22.7952,0.000531858,192.345,3.15313
0.00596125,271.961,-0.00314885,22.7951,0.000531858,192.345,3.15311
0.00596126,272.326,0.00870733,22.7949,0.000531858,192.345,3.15309
0.00596127,274.244,0.0207174,22.7947,0.000531858,192.345,3.15307
0.00596128,278.935,0.0353183,22.7944,0.000531858,192.346,3.15305
0.00596128,287.105,0.0500866,22.794,0.000531858,192.346,3.15302
0.00596129,298.656,0.0627346,22.7935,0.000531858,192.346,3.15299
0.0059613,308.829,0.0696272,22.7932,0.000531858,192.346,3.15297
0.00596131,318.341,0.0735558,22.7929,0.000531858,192.346,3.15295
0.00596132,328.959,0.0755385,22.7925,0.000531858,192.346,3.15292
0.00596132,338.861,0.0752672,22.7923,0.000531858,192.346,3.1529
0.00596133,352.875,0.0712984,22.7919,0.000531858,192.347,3.15287
0.00596134,365.853,0.0632028,22.7916,0.000531858,192.347,3.15284
0.00596135,379.618,0.0475057,22.7913,0.000531858,192.347,3.15281
0.00596137,387.828,0.0304825,22.7911,0.000531858,192.347,3.15277
0.00596137,391.501,0.0162194,22.7911,0.000531858,192.347,3.15275
0.00596138,392.787,0.00425547,22.7911,0.000531858,192.348,3.15273
0.00596139,392.575,-0.00742813,22.7912,0.000531858,192.348,3.15271
0.00596139,390.832,-0.0193809,22.7913,0.000531858,192.348,3.15269
0.0059614,386.579,-0.0334493,22.7915,0.000531858,192.348,3.15267
0.00596141,378.818,-0.0482203,22.7917,0.000531858,192.348,3.15264
0.00596142,366.551,-0.0619555,22.792,0.000531858,192.349,3.1526
0.00596143,356.103,-0.0689318,22.7923,0.000531858,192.349,3.15258
0.00596144,346.532,-0.0727211,22.7925,0.000531858,192.349,3.15256
0.00596144,335.833,-0.0744988,22.7927,0.000531858,192.35,3.15254
0.00596145,325.717,-0.0739557,22.7929,0.000531858,192.35,3.15252
0.00596146,311.752,-0.06953,22.7931,0.000531858,192.35,3.15249
0.00596147,298.854,-0.0608946,22.7933,0.000531858,192.351,3.15246
0.00596148,285.535,-0.0447199,22.7934,0.000531858,192.351,3.15242
0.00596149,278.078,-0.0282638,22.7933,0.000531858,192.351,3.15239
0.0059615,274.812,-0.0147178,22.7932,0.000531858,192.352,3.15237
0.00596151,273.701,-0.00308393,22.7931,0.000531858,192.352,3.15235
0.00596151,274.05,0.00840518,22.7929,0.000531858,192.352,3.15233
0.00596152,275.904,0.0200451,22.7927,0.000531858,192.352,3.15231
0.00596153,280.435,0.0341801,22.7925,0.000531858,192.352,3.15228
0.00596154,288.337,0.0484877,22.7921,0.000531858,192.352,3.15225
0.00596155,299.537,0.0607606,22.7916,0.000531858,192.353,3.15222
0.00596155,309.406,0.0674417,22.7912,0.000531858,192.353,3.1522
0.00596156,318.623,0.0712361,22.7909,0.000531858,192.353,3.15218
0.00596157,328.909,0.0731396,22.7906,0.000531858,192.353,3.15216
0.00596157,338.498,0.0728583,22.7903,0.000531858,192.353,3.15214
0.00596158,352.041,0.069,22.79,0.000531858,192.353,3.15211
0.00596159,364.605,0.0611469,22.7897,0.000531858,192.353,3.15208
0.00596161,377.923,0.0459506,22.7894,0.000531858,192.354,3.15205
0.00596162,385.862,0.0294963,22.7892,0.000531858,192.354,3.15201
0.00596162,389.42,0.0157013,22.7892,0.000531858,192.354,3.15199
0.00596163,390.667,0.00413111,22.7892,0.000531858,192.354,3.15197
0.00596164,390.463,-0.00716726,22.7893,0.000531858,192.354,3.15195
0.00596164,388.778,-0.0187252,22.7894,0.000531858,192.354,3.15193
0.00596165,384.667,-0.0323189,22.7895,0.000531858,192.355,3.15191
0.00596166,377.163,-0.046595,22.7897,0.000531858,192.355,3.15188
0.00596167,365.305,-0.0598638,22.79,0.000531858,192.355,3.15185
0.00596168,355.2,-0.066605,22.7903,0.000531858,192.356,3.15182
0.00596169,345.941,-0.0702633,22.7905,0.000531858,192.356,3.1518
0.00596169,335.595,-0.0719723,22.7907,0.000531858,192.356,3.15178
0.0059617,325.824,-0.0714377,22.7909,0.000531858,192.356,3.15176
0.00596171,312.329,-0.0671458,22.7911,0.000531858,192.357,3.15173
0.00596172,299.875,-0.0587895,22.7912,0.000531858,192.357,3.15171
0.00596173,287.013,-0.043142,22.7913,0.000531858,192.358,3.15167
0.00596174,279.833,-0.02727,22.7912,0.000531858,192.358,3.15164
0.00596175,276.685,-0.0142071,22.7911,0.000531858,192.358,3.15162
0.00596176,275.613,-0.00298918,22.791,0.000531858,192.358,3.1516
0.00596176,275.947,0.00808824,22.7908,0.000531858,192.358,3.15158
0.00596177,277.73,0.0193094,22.7906,0.000531858,192.359,3.15156
0.00596178,282.087,0.0329225,22.7904,0.000531858,192.359,3.15154
0.00596179,289.682,0.0466931,22.79,0.000531858,192.359,3.15151
0.0059618,301.751,0.0595501,22.7895,0.000531858,192.359,3.15148
0.00596181,311.671,0.0657491,22.7891,0.000531858,192.359,3.15145
0.00596181,320.682,0.0689811,22.7888,0.000531858,192.359,3.15143
0.00596182,330.604,0.0702752,22.7885,0.000531858,192.36,3.15141
0.00596182,335.522,0.0700875,22.7884,0.000531858,192.36,3.1514
0.00596183,340.401,0.0693639,22.7882,0.000531858,192.36,3.15139
0.00596183,345.946,0.0678798,22.7881,0.000531858,192.36,3.15138
0.00596183,349.978,0.0663372,22.788,0.000531858,192.36,3.15137
0.00596184,355.431,0.0635763,22.7878,0.000531858,192.36,3.15136
0.00596184,360.308,0.0603694,22.7877,0.000531858,192.36,3.15135
0.00596185,367.492,0.0540927,22.7875,0.000531858,192.36,3.15133
0.00596186,374.436,0.0456071,22.7874,0.000531858,192.36,3.15131
0.00596187,381.88,0.031711,22.7872,0.000531858,192.36,3.15128
0.00596187,386.054,0.0180452,22.7872,0.000531858,192.361,3.15126
0.00596188,387.684,0.00662989,22.7872,0.000531858,192.361,3.15124
0.00596189,387.817,-0.00430383,22.7872,0.000531858,192.361,3.15122
0.00596189,386.469,-0.0157379,22.7873,0.000531858,192.361,3.1512
0.0059619,383.202,-0.0279457,22.7874,0.000531858,192.361,3.15118
0.00596191,376.531,-0.0419919,22.7876,0.000531858,192.362,3.15115
0.00596192,366.305,-0.0547031,22.7879,0.000531858,192.362,3.15112
0.00596193,356.739,-0.0619846,22.7881,0.000531858,192.362,3.1511
0.00596194,348.038,-0.0660746,22.7883,0.000531858,192.362,3.15108
0.00596194,339.167,-0.0682393,22.7884,0.000531858,192.363,3.15106
0.00596195,329.91,-0.0685446,22.7886,0.000531858,192.363,3.15104
0.00596196,318.311,-0.0661343,22.7888,0.000531858,192.363,3.15102
0.00596197,306.046,-0.0597884,22.7889,0.000531858,192.364,3.15099
0.00596198,293.573,-0.0477627,22.789,0.000531858,192.364,3.15096
0.00596199,283.574,-0.0298573,22.789,0.000531858,192.364,3.15092
0.005962,279.508,-0.015301,22.7889,0.000531858,192.365,3.1509
0.00596201,278.239,-0.00408132,22.7888,0.000531858,192.365,3.15088
0.00596201,278.4,0.0063862,22.7886,0.000531858,192.365,3.15086
0.00596202,279.951,0.0171888,22.7884,0.000531858,192.365,3.15084
0.00596203,283.626,0.0295015,22.7881,0.000531858,192.365,3.15082
0.00596203,286.901,0.0366902,22.788,0.000531858,192.365,3.15081
0.00596203,288.141,0.0389548,22.7879,0.000531858,192.365,3.1508
0.00596204,290.377,0.0425812,22.7878,0.000531858,192.366,3.15079
0.00596204,291.501,0.0442199,22.7877,0.000531858,192.366,3.15079
0.00596204,292.323,0.0453477,22.7877,0.000531858,192.366,3.15079
0.00596204,293.056,0.0463077,22.7877,0.000531858,192.366,3.15079
0.00596204,293.78,0.0472127,22.7876,0.000531858,192.366,3.15078
0.00596204,294.648,0.0482423,22.7876,0.000531858,192.366,3.15078
0.00596204,295.464,0.0491553,22.7876,0.000531858,192.366,3.15078
0.00596204,296.389,0.050122,22.7875,0.000531858,192.366,3.15078
0.00596204,297.289,0.0509899,22.7875,0.000531858,192.366,3.15077
0.00596205,297.827,0.0514747,22.7875,0.000531858,192.366,3.15077
0.00596205,298.296,0.0518746,22.7874,0.000531858,192.366,3.15077
0.00596205,298.813,0.0522912,22.7874,0.000531858,192.366,3.15077
0.00596205,299.313,0.0526689,22.7874,0.000531858,192.366,3.15077
0.00596205,300.121,0.0532275,22.7874,0.000531858,192.366,3.15077
0.00596205,301.429,0.0539873,22.7873,0.000531858,192.366,3.15076
0.00596205,302.627,0.0545217,22.7873,0.000531858,192.366,3.15076
0.00596205,304.516,0.0550358,22.7872,0.000531858,192.366,3.15076
0.00596205,306.905,0.0550947,22.7871,0.000531858,192.366,3.15075
0.00596206,309.143,0.0545496,22.787,0.000531858,192.366,3.15074
0.00596206,311.694,0.0532384,22.7869,0.000531858,192.366,3.15074
0.00596206,314.559,0.0509558,22.7868,0.000531858,192.366,3.15073
0.00596206,317.135,0.0482612,22.7868,0.000531858,192.366,3.15072
0.00596207,319.185,0.0457609,22.7867,0.000531858,192.366,3.15072
0.00596207,320.859,0.0435511,22.7866,0.000531858,192.366,3.15071
0.00596207,322.329,0.0415445,22.7866,0.000531858,192.366,3.15071
0.00596207,323.659,0.0397247,22.7865,0.000531858,192.366,3.1507
0.00596207,324.87,0.0381058,22.7865,0.000531858,192.366,3.1507
0.00596207,325.953,0.0367212,22.7865,0.000531858,192.366,3.15069
0.00596207,326.931,0.0355473,22.7864,0.000531858,192.366,3.15069
0.00596208,327.978,0.0343946,22.7864,0.000531858,192.366,3.15069
0.00596208,328.967,0.0334232,22.7864,0.000531858,192.366,3.15068
0.00596208,330.481,0.0321893,22.7863,0.000531858,192.366,3.15068
0.00596208,332.06,0.0312407,22.7863,0.000531858,192.366,3.15067
0.00596208,333.658,0.0306108,22.7862,0.000531858,192.366,3.15066
0.00596209,334.147,0.0304813,22.7862,0.000531858,192.366,3.15066
0.00596209,334.423,0.0304194,22.7862,0.000531858,192.366,3.15066
0.00596209,334.619,0.0303797,22.7862,0.000531858,192.366,3.15066
0.00596209,334.777,0.0303498,22.7862,0.000531858,192.366,3.15066
0.00596209,334.932,0.0303217,22.7862,0.000531858,192.366,3.15066
0.00596209,335.146,0.0302839,22.7862,0.000531858,192.367,3.15066
0.00596209,335.379,0.0302421,22.7861,0.000531858,192.367,3.15065
0.00596209,335.53,0.030214,22.7861,0.000531858,192.367,3.15065
0.00596209,335.75,0.0301709,22.7861,0.000531858,192.367,3.15065
0.00596209,335.976,0.0301241,22.7861,0.000531858,192.367,3.15065
0.00596209,336.396,0.0300302,22.7861,0.000531858,192.367,3.15065
0.00596209,337.231,0.0298156,22.7861,0.000531858,192.367,3.15065
0.00596209,338.21,0.0295166,22.7861,0.000531858,192.367,3.15064
0.00596209,339.674,0.0289689,22.786,0.000531858,192.367,3.15063
0.0059621,341.301,0.028212,22.786,0.000531858,192.367,3.15063
0.0059621,342.766,0.0273857,22.7859,0.000531858,192.367,3.15062
0.0059621,343.925,0.0266266,22.7859,0.000531858,192.367,3.15061
0.0059621,344.836,0.0259594,22.7859,0.000531858,192.367,3.15061
0.00596211,345.588,0.0253573,22.7858,0.000531858,192.367,3.1506
0.00596211,346.33,0.0247139,22.7858,0.000531858,192.367,3.1506
0.00596211,347.061,0.0240294,22.7858,0.000531858,192.367,3.1506
0.00596211,348.018,0.0230496,22.7858,0.000531858,192.367,3.15059
0.00596211,349.1,0.0218104,22.7857,0.000531858,192.367,3.15058
0.00596212,350.363,0.0201581,22.7857,0.000531858,192.367,3.15058
0.00596212,351.671,0.018147,22.7857,0.000531858,192.367,3.15057
0.00596212,353.03,0.0156148,22.7856,0.000531858,192.367,3.15056
0.00596213,354.312,0.0125684,22.7856,0.000531858,192.367,3.15054
0.00596213,355.452,0.00879747,22.7855,0.000531858,192.368,3.15053
0.00596214,356.258,0.00424702,22.7855,0.000531858,192.368,3.15051
0.00596215,356.49,-0.000683485,22.7855,0.000531858,192.368,3.15049
0.00596215,356.059,-0.00568367,22.7855,0.000531858,192.368,3.15048
0.00596216,354.887,-0.0107754,22.7855,0.000531858,192.368,3.15046
0.00596217,352.263,-0.0169706,22.7856,0.000531858,192.369,3.15043
0.00596218,348.25,-0.0225505,22.7856,0.000531858,192.369,3.1504
0.00596219,343.444,-0.0265647,22.7857,0.000531858,192.369,3.15038
0.0059622,339.28,-0.0286014,22.7857,0.000531858,192.369,3.15036
0.0059622,335.249,-0.0295863,22.7858,0.000531858,192.37,3.15034
0.00596221,330.891,-0.0296719,22.7858,0.000531858,192.37,3.15032
0.00596222,326.803,-0.0288358,22.7859,0.000531858,192.37,3.1503
0.00596223,321.532,-0.0263025,22.7859,0.000531858,192.37,3.15027
0.00596224,316.654,-0.0220372,22.7859,0.000531858,192.371,3.15025
0.00596225,311.982,-0.0147935,22.7858,0.000531858,192.371,3.15021
0.00596226,309.802,-0.00842264,22.7857,0.000531858,192.371,3.15019
0.00596227,309.003,-0.00359718,22.7856,0.000531858,192.371,3.15017
0.00596227,308.842,0.00082905,22.7855,0.000531858,192.372,3.15015
0.00596228,309.266,0.00554854,22.7854,0.000531858,192.372,3.15014
0.00596228,310.31,0.0101308,22.7853,0.000531858,192.372,3.15012
0.00596229,310.999,0.0121629,22.7852,0.000531858,192.372,3.15011
0.00596229,311.569,0.013566,22.7852,0.000531858,192.372,3.15011
0.00596229,312.031,0.0145732,22.7852,0.000531858,192.372,3.1501
0.00596229,312.444,0.0153935,22.7851,0.000531858,192.372,3.1501
0.00596229,312.838,0.0161127,22.7851,0.000531858,192.372,3.15009
0.0059623,313.236,0.0167843,22.7851,0.000531858,192.372,3.15009
0.0059623,313.652,0.0174273,22.7851,0.000531858,192.372,3.15009
0.0059623,314.04,0.0179754,22.785,0.000531858,192.372,3.15009
0.0059623,314.507,0.0185694,22.785,0.000531858,192.372,3.15008
0.0059623,314.868,0.0189779,22.785,0.000531858,192.372,3.15008
0.0059623,315.102,0.0192202,22.785,0.000531858,192.372,3.15008
0.0059623,315.309,0.0194184,22.785,0.000531858,192.372,3.15008
0.0059623,315.546,0.0196267,22.7849,0.000531858,192.372,3.15007
0.0059623,315.781,0.0198148,22.7849,0.000531858,192.372,3.15007
0.0059623,316.258,0.0201348,22.7849,0.000531858,192.372,3.15007
0.0059623,316.811,0.0204008,22.7849,0.000531858,192.372,3.15007
0.00596231,317.649,0.0205812,22.7848,0.000531858,192.372,3.15006
0.00596231,318.639,0.020439,22.7848,0.000531858,192.372,3.15005
0.00596231,319.546,0.0199611,22.7847,0.000531858,192.372,3.15005
0.00596231,320.565,0.0190158,22.7847,0.000531858,192.373,3.15004
0.00596232,321.67,0.017494,22.7846,0.000531858,192.373,3.15003
0.00596232,322.636,0.0157337,22.7846,0.000531858,192.373,3.15003
0.00596232,323.618,0.0135461,22.7845,0.000531858,192.373,3.15002
0.00596233,324.492,0.011304,22.7845,0.000531858,192.373,3.15001
0.00596233,325.355,0.00895231,22.7844,0.000531858,192.373,3.15
0.00596233,326.001,0.00727791,22.7843,0.000531858,192.373,3.14999
0.00596234,326.495,0.00622735,22.7843,0.000531858,192.373,3.14998
0.00596234,326.877,0.00568414,22.7843,0.000531858,192.373,3.14997
0.00596234,327.183,0.00547044,22.7842,0.000531858,192.373,3.14996
0.00596235,327.43,0.00544566,22.7842,0.000531858,192.373,3.14996
0.00596235,327.659,0.00552412,22.7842,0.000531858,192.373,3.14995
0.00596235,327.796,0.00560809,22.7842,0.000531858,192.373,3.14995
0.00596235,327.883,0.0056732,22.7842,0.000531858,192.373,3.14995
0.00596235,327.968,0.00574161,22.7842,0.000531858,192.373,3.14995
0.00596235,328.08,0.00583427,22.7842,0.000531858,192.373,3.14994
0.00596235,328.188,0.00592335,22.7841,0.000531858,192.374,3.14994
0.00596235,328.304,0.00601669,22.7841,0.000531858,192.374,3.14994
0.00596235,328.413,0.00610042,22.7841,0.000531858,192.374,3.14994
0.00596236,328.565,0.00621054,22.7841,0.000531858,192.374,3.14993
0.00596236,328.722,0.00631531,22.7841,0.000531858,192.374,3.14993
0.00596236,329.044,0.00650199,22.7841,0.000531858,192.374,3.14992
0.00596236,329.344,0.00664415,22.784,0.000531858,192.374,3.14992
0.00596236,329.579,0.00673501,22.784,0.000531858,192.374,3.14991
0.00596237,329.781,0.0067986,22.784,0.000531858,192.374,3.14991
0.00596237,329.992,0.00685129,22.784,0.000531858,192.374,3.1499
0.00596237,330.193,0.00688819,22.784,0.000531858,192.374,3.1499
0.00596237,330.499,0.00691892,22.784,0.000531858,192.374,3.1499
0.00596237,330.818,0.00691725,22.7839,0.000531858,192.374,3.14989
0.00596238,331.234,0.00686068,22.7839,0.000531858,192.374,3.14988
0.00596238,331.649,0.00673749,22.7839,0.000531858,192.374,3.14987
0.00596238,332.126,0.00650265,22.7838,0.000531858,192.374,3.14986
0.00596239,332.544,0.00620175,22.7838,0.000531858,192.374,3.14986
0.00596239,332.777,0.00598918,22.7838,0.000531858,192.374,3.14985
0.00596239,332.963,0.00579359,22.7838,0.000531858,192.374,3.14985
0.00596239,333.161,0.00555638,22.7837,0.000531858,192.374,3.14984
0.00596239,333.369,0.00527197,22.7837,0.000531858,192.374,3.14984
0.00596239,333.56,0.00497453,22.7837,0.000531858,192.375,3.14983
0.0059624,333.705,0.00472213,22.7837,0.000531858,192.375,3.14983
0.0059624,333.838,0.00446954,22.7837,0.000531858,192.375,3.14983
0.0059624,333.966,0.0042028,22.7837,0.000531858,192.375,3.14982
0.0059624,334.118,0.00385344,22.7836,0.000531858,192.375,3.14982
0.0059624,334.274,0.00345148,22.7836,0.000531858,192.375,3.14981
0.0059624,334.438,0.00296833,22.7836,0.000531858,192.375,3.14981
0.00596241,334.592,0.00243895,22.7836,0.000531858,192.375,3.1498
0.00596241,334.701,0.00199839,22.7836,0.000531858,192.375,3.14979
0.00596241,334.782,0.00160937,22.7835,0.000531858,192.375,3.14979
0.00596241,334.847,0.0012303,22.7835,0.000531858,192.375,3.14978
0.00596242,334.89,0.000921054,22.7835,0.000531858,192.375,3.14978
0.00596242,334.918,0.000659822,22.7835,0.000531858,192.375,3.14977
0.00596242,334.938,0.00039251,22.7835,0.000531858,192.375,3.14977
0.00596242,334.948,0.000119008,22.7835,0.000531858,192.375,3.14976
0.00596242,334.947,-0.000169548,22.7834,0.000531858,192.375,3.14976
0.00596243,334.93,-0.000505517,22.7834,0.000531858,192.375,3.14975
0.00596243,334.889,-0.000873745,22.7834,0.000531858,192.375,3.14974
0.00596243,334.831,-0.00120843,22.7834,0.000531858,192.376,3.14973
0.00596244,334.725,-0.00164842,22.7834,0.000531858,192.376,3.14973
0.00596244,334.531,-0.00221904,22.7833,0.000531858,192.376,3.14971
0.00596245,334.241,-0.00282819,22.7833,0.000531858,192.376,3.1497
0.00596245,333.801,-0.003495,22.7832,0.000531858,192.376,3.14968
0.00596246,333.158,-0.00418271,22.7832,0.000531858,192.376,3.14966
0.00596247,332.634,-0.00459721,22.7831,0.000531858,192.376,3.14965
0.00596247,332.205,-0.00487226,22.7831,0.000531858,192.377,3.14963
0.00596248,331.855,-0.00506748,22.7831,0.000531858,192.377,3.14963
0.00596248,331.55,-0.00522343,22.7831,0.000531858,192.377,3.14962
0.00596248,331.265,-0.0053641,22.7831,0.000531858,192.377,3.14961
0.00596248,330.968,-0.00551089,22.783,0.000531858,192.377,3.1496
0.00596249,330.624,-0.00568951,22.783,0.000531858,192.377,3.1496
0.00596249,330.234,-0.00591159,22.783,0.000531858,192.377,3.14959
0.00596249,329.874,-0.0061401,22.783,0.000531858,192.377,3.14958
0.0059625,329.567,-0.00635514,22.783,0.000531858,192.377,3.14958
0.0059625,329.245,-0.00659874,22.783,0.000531858,192.377,3.14957
0.0059625,328.904,-0.00687513,22.7829,0.000531858,192.377,3.14956
0.0059625,328.41,-0.00730047,22.7829,0.000531858,192.377,3.14955
0.00596251,327.771,-0.00787179,22.7829,0.000531858,192.378,3.14954
0.00596251,326.9,-0.00863942,22.7829,0.000531858,192.378,3.14953
0.00596252,325.898,-0.00945786,22.7828,0.000531858,192.378,3.14952
0.00596253,324.516,-0.0104188,22.7828,0.000531858,192.378,3.1495
0.00596253,323.027,-0.0112372,22.7828,0.000531858,192.378,3.14948
0.00596254,321.538,-0.0118672,22.7827,0.000531858,192.378,3.14947
0.00596255,319.812,-0.0124378,22.7827,0.000531858,192.379,3.14945
0.00596255,317.736,-0.013022,22.7826,0.000531858,192.379,3.14943
0.00596256,315.346,-0.0136959,22.7826,0.000531858,192.379,3.14941
0.00596257,312.766,-0.0145005,22.7825,0.000531858,192.379,3.14939
0.00596258,309.467,-0.0156022,22.7825,0.000531858,192.38,3.14936
0.00596259,305.599,-0.0168353,22.7824,0.000531858,192.38,3.14933
0.0059626,301.96,-0.0178391,22.7824,0.000531858,192.38,3.14931
0.00596261,298.12,-0.0187216,22.7823,0.000531858,192.381,3.14928
0.00596263,293.692,-0.0195863,22.7823,0.000531858,192.381,3.14926
0.00596264,288.804,-0.0204584,22.7822,0.000531858,192.381,3.14923
0.00596265,281.701,-0.0216684,22.7821,0.000531858,192.382,3.14919
0.00596267,274.564,-0.0227904,22.7821,0.000531858,192.382,3.14915
0.00596269,266.016,-0.0239522,22.782,0.000531858,192.383,3.14911
0.00596271,256.701,-0.0249999,22.7819,0.000531858,192.383,3.14906
0.00596273,246.309,-0.0259588,22.7818,0.000531858,192.384,3.14902
0.00596275,235.553,-0.0267613,22.7817,0.000531858,192.384,3.14897
0.00596277,224.499,-0.0273967,22.7816,0.000531858,192.385,3.14892
0.00596279,213.22,-0.0278495,22.7815,0.000531858,192.386,3.14888
0.00596281,201.792,-0.0281137,22.7814,0.000531858,192.386,3.14883
0.00596283,190.289,-0.0281905,22.7814,0.000531858,192.387,3.14879
0.00596285,178.79,-0.0280814,22.7813,0.000531858,192.388,3.14874
0.00596287,167.37,-0.0277872,22.7812,0.000531858,192.388,3.1487
0.00596289,156.104,-0.0273091,22.7811,0.000531858,192.389,3.14865
0.00596291,145.069,-0.0266503,22.781,0.000531858,192.389,3.14861
0.00596293,134.337,-0.0258153,22.7809,0.000531858,192.39,3.14857
0.00596295,123.979,-0.0248097,22.7808,0.000531858,192.391,3.14852
0.00596297,114.064,-0.0236401,22.7808,0.000531858,192.391,3.14848
0.00596299,104.659,-0.0223143,22.7807,0.000531858,192.392,3.14844
0.00596301,95.8248,-0.0208409,22.7806,0.000531858,192.392,3.1484
0.00596303,87.6214,-0.0192297,22.7805,0.000531858,192.393,3.14835
0.00596305,80.103,-0.0174913,22.7804,0.000531858,192.393,3.14831
0.00596307,73.3195,-0.0156373,22.7803,0.000531858,192.394,3.14827
0.00596309,67.3161,-0.01368,22.7803,0.000531858,192.395,3.14823
0.00596311,62.1326,-0.0116323,22.7802,0.000531858,192.395,3.14819
0.00596313,57.8036,-0.00950775,22.7801,0.000531858,192.396,3.14815
0.00596315,54.3577,-0.00732048,22.78,0.000531858,192.396,3.14811
0.00596317,51.8178,-0.00508498,22.7799,0.000531858,192.397,3.14807
0.00596319,50.2007,-0.00281608,22.7799,0.000531858,192.397,3.14803
0.00596321,49.517,-0.000528832,22.7798,0.000531858,192.398,3.14799
0.00596323,49.7713,0.00176162,22.7797,0.000531858,192.398,3.14795
0.00596325,50.9616,0.00404014,22.7796,0.000531858,192.399,3.14792
0.00596327,53.08,0.00629156,22.7795,0.000531858,192.399,3.14788
0.00596329,56.1122,0.00850095,22.7795,0.000531858,192.4,3.14784
0.00596331,60.0377,0.0106537,22.7794,0.000531858,192.4,3.1478
0.00596333,64.8305,0.0127356,22.7793,0.000531858,192.401,3.14777
0.00596335,70.4583,0.0147328,22.7792,0.000531858,192.401,3.14773
0.00596337,76.8835,0.0166321,22.7791,0.000531858,192.402,3.14769
0.00596339,84.0634,0.018421,22.7791,0.000531858,192.402,3.14766
0.00596341,91.9498,0.0200877,22.779,0.000531858,192.403,3.14762
0.00596343,100.49,0.0216212,22.7789,0.000531858,192.403,3.14759
0.00596345,109.628,0.0230114,22.7788,0.000531858,192.404,3.14755
0.00596347,119.302,0.0242492,22.7787,0.000531858,192.404,3.14752
0.00596349,129.447,0.0253264,22.7787,0.000531858,192.405,3.14748
0.00596351,139.997,0.0262361,22.7786,0.000531858,192.405,3.14745
0.00596353,150.881,0.0269723,22.7785,0.000531858,192.405,3.14741
0.00596355,162.027,0.0275303,22.7784,0.000531858,192.406,3.14738
0.00596357,173.361,0.0279065,22.7783,0.000531858,192.406,3.14735
0.00596359,184.808,0.0280986,22.7783,0.000531858,192.407,3.14732
0.00596361,196.291,0.0281055,22.7782,0.000531858,192.407,3.14728
0.00596363,207.736,0.0279273,22.7781,0.000531858,192.408,3.14725
0.00596365,219.066,0.0275654,22.778,0.000531858,192.408,3.14722
0.00596367,230.207,0.0270223,22.7779,0.000531858,192.409,3.14719
0.00596369,241.086,0.026302,22.7778,0.000531858,192.409,3.14716
0.00596371,251.631,0.0254094,22.7778,0.000531858,192.409,3.14713
0.00596373,261.774,0.0243506,22.7777,0.000531858,192.41,3.1471
0.00596375,271.448,0.0231329,22.7776,0.000531858,192.41,3.14707
0.00596377,280.59,0.0217647,22.7775,0.000531858,192.411,3.14704
0.00596379,289.143,0.0202553,22.7774,0.000531858,192.411,3.14701
0.00596381,297.05,0.0186152,22.7773,0.000531858,192.412,3.14698
0.00596383,304.261,0.0168555,22.7772,0.000531858,192.412,3.14695
0.00596385,310.732,0.014988,22.7772,0.000531858,192.413,3.14692
0.00596387,316.422,0.0130257,22.7771,0.000531858,192.413,3.1469
0.00596387,317.479,0.0126168,22.7771,0.000531858,192.413,3.14689
0.00596387,318.324,0.0122778,22.777,0.000531858,192.413,3.14688
0.00596388,319.165,0.0119284,22.777,0.000531858,192.413,3.14688
0.00596388,320.181,0.0114884,22.777,0.000531858,192.413,3.14687
0.00596388,320.672,0.0112683,22.777,0.000531858,192.414,3.14687
0.00596389,321.538,0.0108668,22.777,0.000531858,192.414,3.14687
0.00596389,322.334,0.010481,22.777,0.000531858,192.414,3.14686
0.0059639,323.84,0.00970251,22.7769,0.000531858,192.414,3.14685
0.00596391,325.481,0.00876632,22.7769,0.000531858,192.414,3.14684
0.00596393,328.26,0.00687913,22.7768,0.000531858,192.415,3.14682
0.00596394,329.837,0.00552109,22.7768,0.000531858,192.415,3.1468
0.00596395,330.926,0.00434434,22.7767,0.000531858,192.415,3.14678
0.00596396,331.795,0.00310334,22.7767,0.000531858,192.415,3.14677
0.00596397,332.341,0.00196053,22.7766,0.000531858,192.416,3.14676
0.00596398,332.591,0.00109396,22.7766,0.000531858,192.416,3.14675
0.00596399,332.701,0.000215622,22.7765,0.000531858,192.416,3.14674
0.005964,332.655,-0.000721953,22.7765,0.000531858,192.416,3.14672
0.00596401,332.064,-0.00258707,22.7764,0.000531858,192.417,3.1467
0.00596402,331.432,-0.00364229,22.7764,0.000531858,192.417,3.14669
0.00596403,330.809,-0.00444697,22.7763,0.000531858,192.417,3.14668
0.00596404,330.138,-0.00517817,22.7763,0.000531858,192.417,3.14667
0.00596405,329.267,-0.00600068,22.7763,0.000531858,192.418,3.14666
0.00596405,328.351,-0.00676007,22.7762,0.000531858,192.418,3.14665
0.00596406,326.689,-0.00795132,22.7762,0.000531858,192.418,3.14664
0.00596407,326.194,-0.00827101,22.7762,0.000531858,192.418,3.14664
0.00596407,326.012,-0.00838483,22.7762,0.000531858,192.418,3.14663
0.00596407,325.641,-0.00861197,22.7761,0.000531858,192.418,3.14663
0.00596407,325.09,-0.00893737,22.7761,0.000531858,192.418,3.14663
0.00596408,323.928,-0.00958191,22.7761,0.000531858,192.419,3.14662
0.00596409,321.366,-0.0108459,22.776,0.000531858,192.419,3.14661
0.00596411,316.553,-0.0128347,22.776,0.000531858,192.419,3.14658
0.00596413,310.945,-0.0147516,22.7759,0.000531858,192.42,3.14656
0.00596415,304.575,-0.0165803,22.7758,0.000531858,192.421,3.14654
0.00596417,297.481,-0.0182991,22.7757,0.000531858,192.421,3.14651
0.00596418,293.617,-0.0191247,22.7756,0.000531858,192.421,3.1465
0.00596419,290.749,-0.0196951,22.7756,0.000531858,192.422,3.14649
0.0059642,287.377,-0.020325,22.7756,0.000531858,192.422,3.14648
0.00596421,283.07,-0.0210726,22.7755,0.000531858,192.422,3.14647
0.00596422,278.138,-0.0218593,22.7755,0.000531858,192.423,3.14646
0.00596423,271.9,-0.0227601,22.7754,0.000531858,192.423,3.14645
0.00596425,265.713,-0.0235601,22.7753,0.000531858,192.423,3.14643
0.00596426,257.565,-0.0244869,22.7753,0.000531858,192.424,3.14642
0.00596428,249.259,-0.0252983,22.7752,0.000531858,192.424,3.1464
0.00596428,246.424,-0.0255467,22.7752,0.000531858,192.424,3.14639
0.00596429,244.208,-0.0257312,22.7752,0.000531858,192.425,3.14639
0.00596429,241.235,-0.0259656,22.7751,0.000531858,192.425,3.14638
0.0059643,239.64,-0.0260852,22.7751,0.000531858,192.425,3.14638
0.0059643,239.038,-0.0261289,22.7751,0.000531858,192.425,3.14638
0.0059643,237.834,-0.026215,22.7751,0.000531858,192.425,3.14638
0.0059643,236.094,-0.0263353,22.7751,0.000531858,192.425,3.14637
0.00596431,233.187,-0.0265255,22.7751,0.000531858,192.425,3.14637
0.00596431,233.181,-0.0265258,22.7751,0.000531858,192.425,3.14637
0.00596431,233.169,-0.0265266,22.7751,0.000531858,192.425,3.14637
0.00596431,233.159,-0.0265272,22.7751,0.000531858,192.425,3.14637
0.00596431,233.15,-0.0265278,22.7751,0.000531858,192.425,3.14637
0.00596431,233.131,-0.0265289,22.7751,0.000531858,192.425,3.14637
0.00596431,233.094,-0.0265313,22.7751,0.000531858,192.425,3.14637
0.00596431,233.033,-0.0265351,22.7751,0.000531858,192.425,3.14637
0.00596431,232.959,-0.0265398,22.7751,0.000531858,192.425,3.14637
0.00596431,232.854,-0.0265464,22.7751,0.000531858,192.425,3.14637
0.00596431,232.725,-0.0265544,22.7751,0.000531858,192.425,3.14637
0.00596431,232.558,-0.0265648,22.7751,0.000531858,192.425,3.14637
0.00596431,232.353,-0.0265775,22.7751,0.000531858,192.425,3.14637
0.00596431,232.095,-0.0265933,22.7751,0.000531858,192.425,3.14637
0.00596431,231.779,-0.0266127,22.7751,0.000531858,192.425,3.14637
0.00596431,231.383,-0.0266366,22.775,0.000531858,192.425,3.14636
0.00596431,230.889,-0.0266662,22.775,0.000531858,192.425,3.14636
0.00596431,230.259,-0.0267033,22.775,0.000531858,192.425,3.14636
0.00596432,229.442,-0.0267504,22.775,0.000531858,192.425,3.14636
0.00596432,228.341,-0.0268122,22.775,0.000531858,192.425,3.14636
0.00596432,227.912,-0.0268358,22.775,0.000531858,192.425,3.14636
0.00596432,227.285,-0.0268698,22.775,0.000531858,192.426,3.14636
0.00596432,227.086,-0.0268804,22.775,0.000531858,192.426,3.14636
0.00596432,226.734,-0.0268991,22.775,0.000531858,192.426,3.14636
0.00596432,226.637,-0.0269042,22.775,0.000531858,192.426,3.14636
0.00596432,226.467,-0.0269131,22.775,0.000531858,192.426,3.14636
0.00596432,226.42,-0.0269155,22.775,0.000531858,192.426,3.14636
0.00596432,226.338,-0.0269198,22.775,0.000531858,192.426,3.14636
0.00596432,226.329,-0.0269203,22.775,0.000531858,192.426,3.14636
0.00596432,226.312,-0.0269212,22.775,0.000531858,192.426,3.14636
0.00596432,226.278,-0.026923,22.775,0.000531858,192.426,3.14636
0.00596432,226.274,-0.0269232,22.775,0.000531858,192.426,3.14636
0.00596432,226.266,-0.0269236,22.775,0.000531858,192.426,3.14636
0.00596432,223.323,-0.0269234,22.775,0.000531858,192.426,3.14636
0.00596432,219.204,-0.0269229,22.775,0.000531858,192.426,3.14636
0.00596432,213.008,-0.0269218,22.775,0.000531858,192.426,3.14636
0.00596432,208.848,-0.0269208,22.775,0.000531858,192.426,3.14636
0.00596432,204.717,-0.0269197,22.775,0.000531858,192.426,3.14636
0.00596432,200.096,-0.0269181,22.775,0.000531858,192.426,3.14636
0.00596432,195.384,-0.0269162,22.775,0.000531858,192.426,3.14636
0.00596432,188.171,-0.0269127,22.775,0.000531858,192.426,3.14636
0.00596432,178.599,-0.0269068,22.775,0.000531858,192.426,3.14636
0.00596432,164.536,-0.0268952,22.775,0.000531858,192.426,3.14636
0.00596432,147.255,-0.0268751,22.775,0.000531858,192.426,3.14636
0.00596432,127.709,-0.0268427,22.775,0.000531858,192.426,3.14636
0.00596432,105.243,-0.0267886,22.775,0.000531858,192.426,3.14636
0.00596432,81.3086,-0.0267019,22.775,0.000531858,192.426,3.14636
0.00596432,59.6893,-0.0265816,22.775,0.000531858,192.426,3.14636
0.00596432,44.1915,-0.0264514,22.775,0.000531858,192.426,3.14636
0.00596432,32.5914,-0.0263095,22.775,0.000531858,192.426,3.14636
0.00596432,24.4013,-0.0261673,22.775,0.000531858,192.426,3.14636
0.00596432,18.2571,-0.0260195,22.775,0.000531858,192.426,3.14636
0.00596432,13.7572,-0.0258715,22.775,0.000531858,192.426,3.14636
0.00596432,10.3316,-0.0257189,22.775,0.000531858,192.426,3.14636
0.00596432,7.77735,-0.0255657,22.775,0.000531858,192.426,3.14636
0.00596432,5.83526,-0.0254093,22.775,0.000531858,192.426,3.14635
0.00596432,4.38237,-0.0252527,22.775,0.000531858,192.426,3.14635
0.00596432,3.28322,-0.0250944,22.775,0.000531858,192.426,3.14635
0.00596432,2.46028,-0.0249363,22.775,0.000531858,192.426,3.14635
0.00596432,1.83957,-0.0247774,22.775,0.000531858,192.426,3.14635
0.00596432,1.37428,-0.0246189,22.775,0.000531858,192.426,3.14635
0.00596432,1.02379,-0.0244603,22.775,0.000531858,192.426,3.14635
0.00596432,0.760795,-0.0243023,22.775,0.000531858,192.426,3.14635
0.00596432,0.562853,-0.0241447,22.775,0.000531858,192.426,3.14635
0.00596432,0.414256,-0.0239881,22.775,0.000531858,192.426,3.14635
0.00596432,0.302511,-0.0238324,22.775,0.000531858,192.426,3.14635
0.00596432,0.218638,-0.0236785,22.775,0.000531858,192.426,3.14635
0.00596432,0.155643,-0.0235265,22.775,0.000531858,192.426,3.14635
0.00596432,0.108418,-0.0233774,22.775,0.000531858,192.426,3.14635
0.00596432,0.0730422,-0.023232,22.775,0.000531858,192.426,3.14635
0.00596432,0.0466282,-0.0230915,22.775,0.000531858,192.426,3.14635
0.00596432,0.0269947,-0.0229579,22.775,0.000531858,192.426,3.14635
0.00596432,0.0139924,-0.0228472,22.775,0.000531858,192.426,3.14635
0.00596432,0.00545525,-0.0227599,22.775,0.000531858,192.426,3.14635
0.00596432,-0.00124337,-0.02268,22.775,0.000531858,192.426,3.14635
0.00596432,-0.00719443,-0.0225979,22.775,0.000531858,192.426,3.14635
0.00596432,-0.0123665,-0.0225153,22.775,0.000531858,192.426,3.14635
0.00596432,-0.017967,-0.0224095,22.775,0.000531858,192.426,3.14635
0.00596432,-0.0235447,-0.0222797,22.775,0.000531858,192.426,3.14635
0.00596432,-0.0287557,-0.022123,22.775,0.000531858,192.426,3.14635
0.00596432,-0.0331835,-0.0219417,22.775,0.000531858,192.426,3.14635
0.00596432,-0.0367028,-0.0217334,22.775,0.000531858,192.426,3.14635
0.00596432,-0.039265,-0.0214969,22.775,0.000531858,192.426,3.14635
0.00596432,-0.0409466,-0.0212263,22.775,0.000531858,192.426,3.14635
0.00596432,-0.0418422,-0.0209155,22.775,0.000531858,192.426,3.14635
0.00596432,-0.0420714,-0.0205526,22.775,0.000531858,192.426,3.14635
0.00596432,-0.0417403,-0.0201223,22.775,0.000531858,192.426,3.14635
0.00596432,-0.0409248,-0.019596,22.775,0.000531858,192.426,3.14635
0.00596432,-0.0396481,-0.0189296,22.775,0.000531858,192.426,3.14635
0.00596432,-0.0378315,-0.01804,22.775,0.000531858,192.426,3.14635
0.00596432,-0.0351902,-0.0167569,22.775,0.000531858,192.426,3.14635
0.00596432,-0.0308421,-0.0146318,22.775,0.000531858,192.426,3.14635
0.00596432,-0.0223421,-0.0104663,22.775,0.000531858,192.426,3.14635
0.00596432,-0.0137894,-0.00627973,22.775,0.000531858,192.426,3.14635
0.00596433,-0.00167913,-0.000363913,22.775,0.000531858,192.426,3.14635
0.00596433,0.010198,0.00542512,22.7749,0.000531858,192.426,3.14635
0.00596433,0.0220702,0.0111939,22.7749,0.000531858,192.426,3.14635
0.00596433,0.0342852,0.017095,22.7749,0.000531858,192.426,3.14635
0.00596433,0.0428523,0.0211752,22.7748,0.000531858,192.426,3.14635
0.00596433,0.0450037,0.0221051,22.7748,0.000531858,192.426,3.14634
0.00596434,0.0413206,0.0201844,22.7747,0.000531858,192.426,3.14634
0.00596434,0.0345866,0.0168004,22.7747,0.000531858,192.426,3.14634
0.00596434,0.026398,0.0127249,22.7746,0.000531858,192.426,3.14634
0.00596434,0.017663,0.00839862,22.7746,0.000531858,192.426,3.14634
0.00596434,0.00925243,0.00424554,22.7746,0.000531858,192.426,3.14634
0.00596434,0.0013896,0.000371159,22.7746,0.000531858,192.426,3.14634
0.00596434,-0.00722283,-0.0038652,22.7745,0.000531858,192.426,3.14633
0.00596434,-0.0155131,-0.00793666,22.7745,0.000531858,192.426,3.14633
0.00596435,-0.0272358,-0.013684,22.7745,0.000531858,192.426,3.14633
0.00596435,-0.039298,-0.0195854,22.7745,0.000531858,192.426,3.14633
0.00596435,-0.0529524,-0.0262478,22.7745,0.000531858,192.426,3.14633
0.00596435,-0.0645991,-0.0319054,22.7745,0.000531858,192.426,3.14632
0.00596436,-0.0725624,-0.0357231,22.7746,0.000531858,192.427,3.14632
0.00596436,-0.0714756,-0.0351239,22.7746,0.000531858,192.427,3.14632
0.00596437,-0.0662449,-0.0325147,22.7746,0.000531858,192.427,3.14631
0.00596437,-0.0592544,-0.0290595,22.7746,0.000531858,192.427,3.14631
0.00596437,-0.0514221,-0.0252049,22.7746,0.000531858,192.427,3.14631
0.00596438,-0.0432236,-0.0211833,22.7746,0.000531858,192.427,3.1463
0.00596438,-0.0366193,-0.017954,22.7746,0.000531858,192.427,3.1463
0.00596438,-0.0312569,-0.0153422,22.7746,0.000531858,192.427,3.1463
0.00596439,-0.0280138,-0.0137742,22.7746,0.000531858,192.427,3.14629
0.00596439,-0.0274263,-0.0134988,22.7746,0.000531858,192.427,3.14629
0.00596439,-0.0277198,-0.013652,22.7746,0.000531858,192.428,3.14629
0.0059644,-0.0286024,-0.0140902,22.7746,0.000531858,192.428,3.14628
0.0059644,-0.0298149,-0.014685,22.7745,0.000531858,192.428,3.14628
0.00596441,-0.0306292,-0.0150793,22.7745,0.000531858,192.428,3.14628
0.00596441,-0.0306866,-0.0150973,22.7745,0.000531858,192.428,3.14627
0.00596442,-0.0293061,-0.0144075,22.7745,0.000531858,192.428,3.14627
0.00596442,-0.0272685,-0.0133995,22.7745,0.000531858,192.428,3.14626
0.00596443,-0.0248214,-0.0121934,22.7745,0.000531858,192.428,3.14626
0.00596443,-0.0220052,-0.0108087,22.7745,0.000531858,192.429,3.14625
0.00596444,-0.019072,-0.00936873,22.7745,0.000531858,192.429,3.14625
0.00596445,-0.0164252,-0.00807016,22.7744,0.000531858,192.429,3.14624
0.00596445,-0.0136743,-0.00671927,22.7744,0.000531858,192.429,3.14623
0.00596446,-0.0117373,-0.0057664,22.7744,0.000531858,192.429,3.14623
0.00596447,-0.00960898,-0.00471823,22.7744,0.000531858,192.43,3.14622
0.00596448,-0.00707393,-0.00346957,22.7743,0.000531858,192.43,3.14621
0.00596449,-0.00361499,-0.00176676,22.7743,0.000531858,192.43,3.1462
0.00596449,-0.00110548,-0.000532028,22.7743,0.000531858,192.43,3.1462
0.0059645,0.00139067,0.000695748,22.7742,0.000531858,192.43,3.14619
0.00596451,0.00383719,0.00189899,22.7742,0.000531858,192.431,3.14619
0.00596452,0.00772782,0.00381266,22.7742,0.000531858,192.431,3.14618
0.00596454,0.0142989,0.0070453,22.7741,0.000531858,192.431,3.14616
0.00596456,0.0206761,0.0101826,22.774,0.000531858,192.432,3.14615
0.00596458,0.0273282,0.013455,22.7739,0.000531858,192.432,3.14613
0.0059646,0.0339775,0.0167257,22.7739,0.000531858,192.433,3.14611
0.00596462,0.0406145,0.0199903,22.7738,0.000531858,192.433,3.1461
0.00596464,0.0472476,0.023253,22.7737,0.000531858,192.434,3.14609
0.00596466,0.053883,0.0265168,22.7736,0.000531858,192.434,3.14607
0.00596468,0.0605203,0.0297814,22.7735,0.000531858,192.435,3.14606
0.0059647,0.0671574,0.0330459,22.7734,0.000531858,192.435,3.14605
0.00596472,0.0737939,0.03631,22.7734,0.000531858,192.436,3.14603
0.00596474,0.08043,0.0395739,22.7733,0.000531858,192.436,3.14602
0.00596476,0.087066,0.0428378,22.7732,0.000531858,192.436,3.14601
0.00596478,0.093702,0.0461016,22.7731,0.000531858,192.437,3.146
0.0059648,0.100338,0.0493652,22.773,0.000531858,192.437,3.14598
0.00596482,0.106973,0.0526288,22.7729,0.000531858,192.437,3.14597
0.00596484,0.113609,0.0558923,22.7729,0.000531858,192.438,3.14596
0.00596486,0.120244,0.0591556,22.7728,0.000531858,192.438,3.14595
0.00596488,0.126879,0.0624189,22.7727,0.000531858,192.439,3.14594
0.0059649,0.133514,0.065682,22.7726,0.000531858,192.439,3.14593
0.00596492,0.140149,0.068945,22.7725,0.000531858,192.439,3.14592
0.00596494,0.146783,0.072208,22.7724,0.000531858,192.439,3.14591
0.00596496,0.153417,0.0754708,22.7723,0.000531858,192.44,3.14591
0.00596498,0.160052,0.0787335,22.7723,0.000531858,192.44,3.1459
0.005965,0.166685,0.0819961,22.7722,0.000531858,192.44,3.14589
0.00596502,0.173319,0.0852586,22.7721,0.000531858,192.441,3.14588
0.00596504,0.179952,0.088521,22.772,0.000531858,192.441,3.14588
0.00596506,0.186586,0.0917833,22.7719,0.000531858,192.441,3.14587
0.00596508,0.193219,0.0950454,22.7718,0.000531858,192.441,3.14586
0.0059651,0.199852,0.0983075,22.7717,0.000531858,192.442,3.14586
0.00596512,0.206484,0.101569,22.7717,0.000531858,192.442,3.14585
0.00596514,0.213116,0.104831,22.7716,0.000531858,192.442,3.14585
0.00596516,0.219749,0.108093,22.7715,0.000531858,192.442,3.14584
0.00596518,0.226381,0.111355,22.7714,0.000531858,192.442,3.14584
0.0059652,0.233012,0.114616,22.7713,0.000531858,192.443,3.14583
0.00596522,0.239644,0.117878,22.7712,0.000531858,192.443,3.14583
0.00596524,0.246275,0.121139,22.7712,0.000531858,192.443,3.14582
0.00596526,0.252906,0.1244,22.7711,0.000531858,192.443,3.14582
0.00596528,0.259537,0.127661,22.771,0.000531858,192.443,3.14582
0.0059653,0.266168,0.130922,22.7709,0.000531858,192.443,3.14582
0.00596532,0.272798,0.134183,22.7708,0.000531858,192.443,3.14581
0.00596534,0.279428,0.137444,22.7707,0.000531858,192.443,3.14581
0.00596536,0.286058,0.140704,22.7706,0.000531858,192.444,3.14581
0.00596538,0.292688,0.143965,22.7706,0.000531858,192.444,3.14581
0.0059654,0.299317,0.147225,22.7705,0.000531858,192.444,3.14581
0.00596542,0.305946,0.150486,22.7704,0.000531858,192.444,3.14581
0.00596544,0.312576,0.153746,22.7703,0.000531858,192.444,3.14581
0.00596546,0.319204,0.157006,22.7702,0.000531858,192.444,3.14581
0.00596548,0.325833,0.160266,22.7701,0.000531858,192.444,3.14581
0.0059655,0.332461,0.163526,22.77,0.000531858,192.444,3.14581
0.00596552,0.339089,0.166785,22.77,0.000531858,192.444,3.14581
0.00596554,0.345717,0.170045,22.7699,0.000531858,192.444,3.14581
0.00596556,0.352345,0.173305,22.7698,0.000531858,192.444,3.14582
0.00596558,0.358972,0.176564,22.7697,0.000531858,192.444,3.14582
0.0059656,0.3656,0.179823,22.7696,0.000531858,192.444,3.14582
0.00596562,0.372227,0.183082,22.7695,0.000531858,192.444,3.14583
0.00596564,0.378853,0.186341,22.7694,0.000531858,192.444,3.14583
0.00596566,0.38548,0.1896,22.7694,0.000531858,192.444,3.14583
0.00596568,0.392106,0.192859,22.7693,0.000531858,192.444,3.14584
0.0059657,0.398732,0.196118,22.7692,0.000531858,192.444,3.14584
0.00596572,0.405358,0.199377,22.7691,0.000531858,192.444,3.14585
0.00596574,0.411984,0.202635,22.769,0.000531858,192.444,3.14585
0.00596576,0.418609,0.205894,22.7689,0.000531858,192.444,3.14586
0.00596578,0.425234,0.209152,22.7689,0.000531858,192.443,3.14587
0.0059658,0.431859,0.21241,22.7688,0.000531858,192.443,3.14587
0.00596582,0.438484,0.215668,22.7687,0.000531858,192.443,3.14588
0.00596584,0.445108,0.218926,22.7686,0.000531858,192.443,3.14589
0.00596586,0.451732,0.222184,22.7685,0.000531858,192.443,3.14589
0.00596588,0.458356,0.225441,22.7684,0.000531858,192.443,3.1459
0.0059659,0.46498,0.228699,22.7683,0.000531858,192.443,3.14591
0.00596592,0.471604,0.231956,22.7683,0.000531858,192.442,3.14592
0.00596594,0.478227,0.235214,22.7682,0.000531858,192.442,3.14593
0.00596596,0.48485,0.238471,22.7681,0.000531858,192.442,3.14594
0.00596598,0.491473,0.241728,22.768,0.000531858,192.442,3.14595
0.005966,0.498095,0.244985,22.7679,0.000531858,192.442,3.14596
0.00596602,0.504718,0.248242,22.7678,0.000531858,192.441,3.14597
0.00596604,0.51134,0.251499,22.7677,0.000531858,192.441,3.14598
0.00596606,0.517962,0.254756,22.7677,0.000531858,192.441,3.14599
0.00596608,0.524583,0.258012,22.7676,0.000531858,192.441,3.146
0.0059661,0.531205,0.261268,22.7675,0.000531858,192.44,3.14602
0.00596612,0.537826,0.264525,22.7674,0.000531858,192.44,3.14603
0.00596614,0.544447,0.267781,22.7673,0.000531858,192.44,3.14604
0.00596616,0.551067,0.271037,22.7672,0.000531858,192.439,3.14605
0.00596618,0.557688,0.274293,22.7672,0.000531858,192.439,3.14607
0.0059662,0.564308,0.277549,22.7671,0.000531858,192.439,3.14608
0.00596622,0.570928,0.280805,22.767,0.000531858,192.439,3.1461
0.00596624,0.577548,0.28406,22.7669,0.000531858,192.438,3.14611
0.00596626,0.584167,0.287316,22.7668,0.000531858,192.438,3.14613
0.00596628,0.590786,0.290571,22.7667,0.000531858,192.438,3.14614
0.0059663,0.597405,0.293826,22.7666,0.000531858,192.437,3.14616
0.00596632,0.604024,0.297081,22.7666,0.000531858,192.437,3.14617
0.00596634,0.610643,0.300336,22.7665,0.000531858,192.436,3.14619
0.00596636,0.617261,0.303591,22.7664,0.000531858,192.436,3.14621
0.00596638,0.623879,0.306846,22.7663,0.000531858,192.436,3.14622
0.0059664,0.630497,0.310101,22.7662,0.000531858,192.435,3.14624
0.00596642,0.637114,0.313355,22.7661,0.000531858,192.435,3.14626
0.00596644,0.643732,0.31661,22.766,0.000531858,192.434,3.14628
0.00596646,0.650349,0.319864,22.766,0.000531858,192.434,3.14629
0.00596648,0.656965,0.323118,22.7659,0.000531858,192.433,3.14631
0.0059665,0.663582,0.326372,22.7658,0.000531858,192.433,3.14633
0.00596652,0.670198,0.329626,22.7657,0.000531858,192.432,3.14635
0.00596654,0.676814,0.33288,22.7656,0.000531858,192.432,3.14637
0.00596656,0.68343,0.336134,22.7655,0.000531858,192.432,3.14639
0.00596658,0.690046,0.339387,22.7654,0.000531858,192.431,3.14641
0.0059666,0.696661,0.342641,22.7654,0.000531858,192.431,3.14643
0.00596662,0.703276,0.345894,22.7653,0.000531858,192.43,3.14646
0.00596664,0.709891,0.349147,22.7652,0.000531858,192.429,3.14648
0.00596666,0.716506,0.3524,22.7651,0.000531858,192.429,3.1465
0.00596668,0.72312,0.355653,22.765,0.000531858,192.428,3.14652
0.0059667,0.729734,0.358906,22.7649,0.000531858,192.428,3.14655
0.00596672,0.736348,0.362159,22.7649,0.000531858,192.427,3.14657
0.00596674,0.742962,0.365411,22.7648,0.000531858,192.427,3.14659
0.00596676,0.749575,0.368664,22.7647,0.000531858,192.426,3.14662
0.00596678,0.756188,0.371916,22.7646,0.000531858,192.425,3.14664
0.0059668,0.762801,0.375168,22.7645,0.000531858,192.425,3.14667
0.00596682,0.769414,0.378421,22.7644,0.000531858,192.424,3.14669
0.00596684,0.776026,0.381673,22.7643,0.000531858,192.424,3.14672
0.00596686,0.782638,0.384924,22.7643,0.000531858,192.423,3.14674
0.00596688,0.78925,0.388176,22.7642,0.000531858,192.422,3.14677
0.0059669,0.795861,0.391428,22.7641,0.000531858,192.422,3.14679
0.00596692,0.802473,0.394679,22.764,0.000531858,192.421,3.14682
0.00596694,0.809084,0.397931,22.7639,0.000531858,192.42,3.14685
0.00596696,0.815695,0.401182,22.7638,0.000531858,192.42,3.14688
0.00596698,0.822305,0.404433,22.7637,0.000531858,192.419,3.1469
0.005967,0.828916,0.407684,22.7637,0.000531858,192.418,3.14693
0.00596702,0.835526,0.410935,22.7636,0.000531858,192.418,3.14696
0.00596704,0.842136,0.414186,22.7635,0.000531858,192.417,3.14699
0.00596706,0.848745,0.417436,22.7634,0.000531858,192.416,3.14702
0.00596708,0.855355,0.420687,22.7633,0.000531858,192.415,3.14705
0.0059671,0.861964,0.423937,22.7632,0.000531858,192.415,3.14708
0.00596712,0.868573,0.427187,22.7632,0.000531858,192.414,3.14711
0.00596714,0.875181,0.430437,22.7631,0.000531858,192.413,3.14714
0.00596716,0.881789,0.433687,22.763,0.000531858,192.412,3.14717
0.00596718,0.888398,0.436937,22.7629,0.000531858,192.411,3.1472
0.0059672,0.895005,0.440187,22.7628,0.000531858,192.411,3.14724
0.00596722,0.901613,0.443437,22.7627,0.000531858,192.41,3.14727
0.00596724,0.90822,0.446686,22.7626,0.000531858,192.409,3.1473
0.00596726,0.914827,0.449936,22.7626,0.000531858,192.408,3.14733
0.00596728,0.921434,0.453185,22.7625,0.000531858,192.407,3.14737
0.0059673,0.928041,0.456434,22.7624,0.000531858,192.407,3.1474
0.00596732,0.934647,0.459683,22.7623,0.000531858,192.406,3.14743
0.00596734,0.941253,0.462932,22.7622,0.000531858,192.405,3.14747
0.00596736,0.947859,0.466181,22.7621,0.000531858,192.404,3.1475
0.00596738,0.954464,0.469429,22.762,0.000531858,192.403,3.14754
0.0059674,0.961069,0.472678,22.762,0.000531858,192.402,3.14757
0.00596742,0.967674,0.475926,22.7619,0.000531858,192.401,3.14761
0.00596744,0.974279,0.479174,22.7618,0.000531858,192.4,3.14765
0.00596746,0.980884,0.482422,22.7617,0.000531858,192.399,3.14768
0.00596748,0.987488,0.48567,22.7616,0.000531858,192.398,3.14772
0.0059675,0.994092,0.488918,22.7615,0.000531858,192.397,3.14776
0.00596752,1.0007,0.492166,22.7615,0.000531858,192.396,3.14779
0.00596754,1.0073,0.495413,22.7614,0.000531858,192.396,3.14783
0.00596756,1.0139,0.498661,22.7613,0.000531858,192.395,3.14787
0.00596758,1.0205,0.501908,22.7612,0.000531858,192.394,3.14791
0.0059676,1.02711,0.505155,22.7611,0.000531858,192.393,3.14795
0.00596762,1.03371,0.508403,22.761,0.000531858,192.392,3.14799
0.00596764,1.04031,0.511649,22.7609,0.000531858,192.391,3.14803
0.00596766,1.04691,0.514896,22.7609,0.000531858,192.39,3.14807
0.00596768,1.05352,0.518143,22.7608,0.000531858,192.388,3.14811
0.0059677,1.06012,0.52139,22.7607,0.000531858,192.387,3.14815
0.00596772,1.06672,0.524636,22.7606,0.000531858,192.386,3.14819
0.00596774,1.07332,0.527882,22.7605,0.000531858,192.385,3.14823
0.00596776,1.07992,0.531128,22.7604,0.000531858,192.384,3.14827
0.00596778,1.08652,0.534374,22.7603,0.000531858,192.383,3.14832
0.0059678,1.09312,0.53762,22.7603,0.000531858,192.382,3.14836
0.00596782,1.09972,0.540866,22.7602,0.000531858,192.381,3.1484
0.00596784,1.10632,0.544112,22.7601,0.000531858,192.38,3.14844
0.00596786,1.11292,0.547357,22.76,0.000531858,192.379,3.14849
0.00596788,1.11952,0.550603,22.7599,0.000531858,192.378,3.14853
0.0059679,1.12612,0.553848,22.7598,0.000531858,192.376,3.14858
0.00596792,1.13271,0.557093,22.7597,0.000531858,192.375,3.14862
0.00596794,1.13931,0.560338,22.7597,0.000531858,192.374,3.14867
0.00596796,1.14591,0.563583,22.7596,0.000531858,192.373,3.14871
0.00596798,1.15251,0.566828,22.7595,0.000531858,192.372,3.14876
0.005968,1.1591,0.570072,22.7594,0.000531858,192.371,3.1488
0.00596802,1.1657,0.573317,22.7593,0.000531858,192.369,3.14885
0.00596804,1.1723,0.576561,22.7592,0.000531858,192.368,3.1489
0.00596806,1.1789,0.579805,22.7592,0.000531858,192.367,3.14894
0.00596808,1.18549,0.583049,22.7591,0.000531858,192.366,3.14899
0.0059681,1.19209,0.586293,22.759,0.000531858,192.364,3.14904
0.00596812,1.19868,0.589537,22.7589,0.000531858,192.363,3.14909
0.00596814,1.20528,0.592781,22.7588,0.000531858,192.362,3.14914
0.00596816,1.21187,0.596024,22.7587,0.000531858,192.361,3.14918
0.00596818,1.21847,0.599268,22.7586,0.000531858,192.359,3.14923
0.0059682,1.22506,0.602511,22.7586,0.000531858,192.358,3.14928
0.00596822,1.23166,0.605754,22.7585,0.000531858,192.357,3.14933
0.00596824,1.23825,0.608997,22.7584,0.000531858,192.355,3.14938
0.00596826,1.24485,0.61224,22.7583,0.000531858,192.354,3.14943
0.00596828,1.25144,0.615483,22.7582,0.000531858,192.353,3.14949
0.0059683,1.25803,0.618725,22.7581,0.000531858,192.352,3.14954
0.00596832,1.26463,0.621968,22.758,0.000531858,192.35,3.14959
0.00596834,1.27122,0.62521,22.758,0.000531858,192.349,3.14964
0.00596836,1.27781,0.628452,22.7579,0.000531858,192.347,3.14969
0.00596838,1.2844,0.631694,22.7578,0.000531858,192.346,3.14975
0.0059684,1.29099,0.634936,22.7577,0.000531858,192.345,3.1498
0.00596842,1.29759,0.638178,22.7576,0.000531858,192.343,3.14985
0.00596844,1.30418,0.641419,22.7575,0.000531858,192.342,3.14991
0.00596846,1.31077,0.644661,22.7575,0.000531858,192.34,3.14996
0.00596848,1.31736,0.647902,22.7574,0.000531858,192.339,3.15001
0.0059685,1.32395,0.651144,22.7573,0.000531858,192.338,3.15007
0.00596852,1.33054,0.654385,22.7572,0.000531858,192.336,3.15012
0.00596854,1.33713,0.657626,22.7571,0.000531858,192.335,3.15018
0.00596856,1.34372,0.660867,22.757,0.000531858,192.333,3.15024
0.00596858,1.35031,0.664107,22.7569,0.000531858,192.332,3.15029
0.0059686,1.3569,0.667348,22.7569,0.000531858,192.33,3.15035
0.00596862,1.36349,0.670588,22.7568,0.000531858,192.329,3.1504
0.00596864,1.37008,0.673828,22.7567,0.000531858,192.327,3.15046
0.00596866,1.37666,0.677069,22.7566,0.000531858,192.326,3.15052
0.00596868,1.38325,0.680309,22.7565,0.000531858,192.324,3.15058
0.0059687,1.38984,0.683548,22.7564,0.000531858,192.323,3.15064
0.00596872,1.39643,0.686788,22.7563,0.000531858,192.321,3.15069
0.00596874,1.40301,0.690028,22.7563,0.000531858,192.32,3.15075
0.00596876,1.4096,0.693267,22.7562,0.000531858,192.318,3.15081
0.00596878,1.41619,0.696507,22.7561,0.000531858,192.316,3.15087
0.0059688,1.42277,0.699746,22.756,0.000531858,192.315,3.15093
0.00596882,1.42936,0.702985,22.7559,0.000531858,192.313,3.15099
0.00596884,1.43595,0.706224,22.7558,0.000531858,192.312,3.15105
0.00596886,1.44253,0.709462,22.7558,0.000531858,192.31,3.15111
0.00596888,1.44912,0.712701,22.7557,0.000531858,192.308,3.15117
0.0059689,1.4557,0.71594,22.7556,0.000531858,192.307,3.15124
0.00596892,1.46229,0.719178,22.7555,0.000531858,192.305,3.1513
0.00596894,1.46887,0.722416,22.7554,0.000531858,192.304,3.15136
0.00596896,1.47545,0.725654,22.7553,0.000531858,192.302,3.15142
0.00596898,1.48204,0.728892,22.7552,0.000531858,192.3,3.15149
0.005969,1.48862,0.73213,22.7552,0.000531858,192.299,3.15155
0.00596902,1.4952,0.735367,22.7551,0.000531858,192.297,3.15161
0.00596904,1.50179,0.738605,22.755,0.000531858,192.295,3.15168
0.00596906,1.50837,0.741842,22.7549,0.000531858,192.293,3.15174
0.00596908,1.51495,0.74508,22.7548,0.000531858,192.292,3.15181
0.0059691,1.52153,0.748317,22.7547,0.000531858,192.29,3.15187
0.00596912,1.52812,0.751554,22.7546,0.000531858,192.288,3.15194
0.00596914,1.5347,0.75479,22.7546,0.000531858,192.287,3.152
0.00596916,1.54128,0.758027,22.7545,0.000531858,192.285,3.15207
0.00596918,1.54786,0.761264,22.7544,0.000531858,192.283,3.15213
0.0059692,1.55444,0.7645,22.7543,0.000531858,192.281,3.1522
0.00596922,1.56102,0.767736,22.7542,0.000531858,192.28,3.15227
0.00596924,1.5676,0.770972,22.7541,0.000531858,192.278,3.15234
0.00596926,1.57418,0.774208,22.754,0.000531858,192.276,3.1524
0.00596928,1.58076,0.777444,22.754,0.000531858,192.274,3.15247
0.0059693,1.58734,0.78068,22.7539,0.000531858,192.272,3.15254
0.00596932,1.59392,0.783915,22.7538,0.000531858,192.27,3.15261
0.00596934,1.6005,0.787151,22.7537,0.000531858,192.269,3.15268
0.00596936,1.60708,0.790386,22.7536,0.000531858,192.267,3.15275
0.00596938,1.61365,0.793621,22.7535,0.000531858,192.265,3.15282
0.0059694,1.62023,0.796856,22.7535,0.000531858,192.263,3.15289
0.00596942,1.62681,0.800091,22.7534,0.000531858,192.261,3.15296
0.00596944,1.63339,0.803325,22.7533,0.000531858,192.259,3.15303
0.00596946,1.63996,0.80656,22.7532,0.000531858,192.257,3.1531
0.00596948,1.64654,0.809794,22.7531,0.000531858,192.255,3.15317
0.0059695,1.65311,0.813028,22.753,0.000531858,192.254,3.15324
0.00596952,1.65969,0.816263,22.7529,0.000531858,192.252,3.15331
0.00596954,1.66627,0.819496,22.7529,0.000531858,192.25,3.15339
0.00596956,1.67284,0.82273,22.7528,0.000531858,192.248,3.15346
0.00596958,1.67942,0.825964,22.7527,0.000531858,192.246,3.15353
0.0059696,1.68599,0.829197,22.7526,0.000531858,192.244,3.15361
0.00596962,1.69257,0.832431,22.7525,0.000531858,192.242,3.15368
0.00596964,1.69914,0.835664,22.7524,0.000531858,192.24,3.15375
0.00596966,1.70571,0.838897,22.7523,0.000531858,192.238,3.15383
0.00596968,1.71229,0.84213,22.7523,0.000531858,192.236,3.1539
0.0059697,1.71886,0.845363,22.7522,0.000531858,192.234,3.15398
0.00596972,1.72543,0.848595,22.7521,0.000531858,192.232,3.15405
0.00596974,1.73201,0.851828,22.752,0.000531858,192.23,3.15413
0.00596976,1.73858,0.85506,22.7519,0.000531858,192.228,3.1542
0.00596978,1.74515,0.858292,22.7518,0.000531858,192.226,3.15428
0.0059698,1.75172,0.861524,22.7518,0.000531858,192.224,3.15436
0.00596982,1.75829,0.864756,22.7517,0.000531858,192.222,3.15443
0.00596984,1.76487,0.867988,22.7516,0.000531858,192.219,3.15451
0.00596986,1.77144,0.87122,22.7515,0.000531858,192.217,3.15459
0.00596988,1.77801,0.874451,22.7514,0.000531858,192.215,3.15467
0.0059699,1.78458,0.877683,22.7513,0.000531858,192.213,3.15474
0.00596992,1.79115,0.880914,22.7512,0.000531858,192.211,3.15482
0.00596994,1.79772,0.884145,22.7512,0.000531858,192.209,3.1549
0.00596996,1.80429,0.887376,22.7511,0.000531858,192.207,3.15498
0.00596998,1.81086,0.890606,22.751,0.000531858,192.205,3.15506
0.00597,1.81743,0.893837,22.7509,0.000531858,192.202,3.15514
0.00597002,1.82399,0.897067,22.7508,0.000531858,192.2,3.15522
0.00597004,1.83056,0.900298,22.7507,0.000531858,192.198,3.1553
0.00597006,1.83713,0.903528,22.7506,0.000531858,192.196,3.15538
0.00597008,1.8437,0.906758,22.7506,0.000531858,192.194,3.15546
0.0059701,1.85026,0.909988,22.7505,0.000531858,192.192,3.15554
0.00597012,1.85683,0.913217,22.7504,0.000531858,192.189,3.15563
0.00597014,1.8634,0.916447,22.7503,0.000531858,192.187,3.15571
0.00597016,1.86997,0.919676,22.7502,0.000531858,192.185,3.15579
0.00597018,1.87653,0.922905,22.7501,0.000531858,192.183,3.15587
0.0059702,1.8831,0.926134,22.7501,0.000531858,192.18,3.15596
0.00597021,1.88769,0.928395,22.75,0.000531858,192.179,3.15602
0.00597021,1.8879,0.928498,22.75,0.000531858,192.179,3.15602
0.00597022,1.88832,0.928705,22.75,0.000531858,192.179,3.15602
0.00597022,1.889,0.92904,22.75,0.000531858,192.178,3.15603
0.00597022,1.88978,0.929421,22.75,0.000531858,192.178,3.15604
0.00597022,1.89052,0.929784,22.75,0.000531858,192.178,3.15605
0.00597022,1.89082,0.929933,22.75,0.000531858,192.178,3.15606
0.00597022,1.89116,0.930101,22.7499,0.000531858,192.178,3.15606
0.00597022,1.8913,0.930168,22.7499,0.000531858,192.178,3.15606
0.00597023,1.89153,0.930283,22.7499,0.000531858,192.177,3.15606
0.00597023,1.8916,0.930315,22.7499,0.000531858,192.177,3.15607
0.00597023,1.89171,0.930371,22.7499,0.000531858,192.177,3.15607
0.00597023,1.89174,0.930387,22.7499,0.000531858,192.177,3.15607
0.00597023,1.8918,0.930415,22.7499,0.000531858,192.177,3.15607
0.00597023,1.89181,0.930419,22.7499,0.000531858,192.177,3.15607
0.00597023,1.89183,0.930427,22.7499,0.000531858,192.177,3.15607
0.00597023,1.89183,0.930429,22.7499,0.000531858,192.177,3.15607
0.00597023,1.89184,0.930432,22.7499,0.000531858,192.177,3.15607
0.00597023,1.89185,0.930439,22.7499,0.000531858,192.177,3.15607
0.00597023,1.89185,0.93044,22.7499,0.000531858,192.177,3.15607
0.00597023,1.91839,0.930441,22.7499,0.000531858,192.177,3.15607
0.00597023,1.94913,0.930442,22.7499,0.000531858,192.177,3.15607
0.00597023,2.00019,0.930442,22.7499,0.000531858,192.177,3.15607
0.00597023,2.07634,0.930443,22.7499,0.000531858,192.177,3.15607
0.00597023,2.22281,0.930445,22.7499,0.000531858,192.177,3.15607
0.00597023,2.39394,0.930446,22.7499,0.000531858,192.177,3.15607
0.00597023,2.62138,0.930448,22.7499,0.000531858,192.177,3.15607
0.00597023,2.92469,0.93045,22.7499,0.000531858,192.177,3.15607
0.00597023,3.42055,0.930453,22.7499,0.000531858,192.177,3.15607
0.00597023,4.41101,0.930458,22.7499,0.000531858,192.177,3.15607
0.00597023,6.39137,0.930463,22.7499,0.000531858,192.177,3.15607
0.00597023,10.3521,0.930454,22.7499,0.000531858,192.177,3.15607
0.00597023,18.2725,0.930357,22.7499,0.000531858,192.177,3.15607
0.00597023,34.1054,0.929861,22.7499,0.000531858,192.177,3.15608
0.00597023,65.7134,0.927735,22.7499,0.000531858,192.177,3.15608
0.00597023,128.525,0.919915,22.7499,0.000531858,192.177,3.1561
0.00597023,143.235,0.917455,22.7499,0.000531858,192.177,3.1561
0.00597023,152.693,0.915771,22.7499,0.000531858,192.176,3.1561
0.00597024,168.612,0.912799,22.7499,0.000531858,192.176,3.15611
0.00597024,181.136,0.91036,22.7499,0.000531858,192.176,3.15611
0.00597024,191.178,0.908352,22.7499,0.000531858,192.176,3.15611
0.00597024,200.464,0.906463,22.7499,0.000531858,192.176,3.15611
0.00597024,210.005,0.904497,22.75,0.000531858,192.176,3.15611
0.00597024,220.315,0.902352,22.75,0.000531858,192.176,3.15612
0.00597024,230.309,0.900262,22.75,0.000531858,192.176,3.15612
0.00597024,240.7,0.898083,22.75,0.000531858,192.176,3.15612
0.00597024,250.729,0.895981,22.75,0.000531858,192.176,3.15612
0.00597024,260.945,0.893848,22.75,0.000531858,192.176,3.15613
0.00597024,270.908,0.891782,22.75,0.000531858,192.176,3.15613
0.00597024,280.986,0.889709,22.75,0.000531858,192.176,3.15613
0.00597024,290.908,0.887691,22.75,0.000531858,192.176,3.15613
0.00597024,300.9,0.885683,22.75,0.000531858,192.176,3.15614
0.00597024,310.787,0.883725,22.75,0.000531858,192.176,3.15614
0.00597024,320.708,0.881788,22.7501,0.000531858,192.175,3.15614
0.00597024,330.551,0.879897,22.7501,0.000531858,192.175,3.15614
0.00597024,340.402,0.878035,22.7501,0.000531858,192.175,3.15614
0.00597025,350.19,0.876213,22.7501,0.000531858,192.175,3.15615
0.00597025,359.969,0.874419,22.7501,0.000531858,192.175,3.15615
0.00597025,369.691,0.872659,22.7501,0.000531858,192.175,3.15615
0.00597025,379.388,0.870921,22.7501,0.000531858,192.175,3.15615
0.00597025,389.028,0.869205,22.7501,0.000531858,192.175,3.15616
0.00597025,398.621,0.8675,22.7502,0.000531858,192.175,3.15616
0.00597025,408.134,0.865798,22.7502,0.000531858,192.175,3.15616
0.00597025,415.267,0.864504,22.7502,0.000531858,192.175,3.15616
0.00597025,419.303,0.863761,22.7502,0.000531858,192.175,3.15616
0.00597025,422.179,0.863223,22.7502,0.000531858,192.175,3.15616
0.00597025,424.181,0.862842,22.7502,0.000531858,192.175,3.15616
0.00597025,426.104,0.862471,22.7502,0.000531858,192.175,3.15617
0.00597025,426.575,0.862378,22.7502,0.000531858,192.175,3.15617
0.00597025,427.019,0.862291,22.7502,0.000531858,192.175,3.15617
0.00597025,427.45,0.862205,22.7502,0.000531858,192.175,3.15617
0.00597025,427.942,0.862106,22.7502,0.000531858,192.175,3.15617
0.00597025,428.449,0.862003,22.7502,0.000531858,192.175,3.15617
0.00597025,429.018,0.861888,22.7502,0.000531858,192.175,3.15617
0.00597025,429.817,0.861726,22.7502,0.000531858,192.175,3.15617
0.00597025,431.3,0.861423,22.7502,0.000531858,192.175,3.15617
0.00597025,432.972,0.86108,22.7502,0.000531858,192.175,3.15617
0.00597025,433.85,0.860899,22.7502,0.000531858,192.175,3.15617
0.00597025,434.735,0.860715,22.7502,0.000531858,192.175,3.15617
0.00597025,435.805,0.860492,22.7502,0.000531858,192.175,3.15617
0.00597025,436.591,0.860327,22.7502,0.000531858,192.175,3.15617
0.00597025,437.311,0.860175,22.7502,0.000531858,192.175,3.15617
0.00597025,438.262,0.859973,22.7502,0.000531858,192.175,3.15617
0.00597025,439.266,0.859759,22.7502,0.000531858,192.175,3.15617
0.00597025,440.156,0.859553,22.7502,0.000531858,192.175,3.15617
0.00597025,440.942,0.859341,22.7502,0.000531858,192.175,3.15617
0.00597025,441.65,0.859109,22.7502,0.000531858,192.175,3.15617
0.00597025,442.324,0.858833,22.7502,0.000531858,192.175,3.15617
0.00597025,442.911,0.858517,22.7502,0.000531858,192.175,3.15617
0.00597025,443.443,0.85812,22.7502,0.000531858,192.175,3.15617
0.00597025,443.85,0.857673,22.7502,0.000531858,192.175,3.15617
0.00597025,444.273,0.856876,22.7503,0.000531858,192.175,3.15617
0.00597025,444.596,0.855288,22.7503,0.000531858,192.175,3.15617
0.00597025,444.648,0.853367,22.7503,0.000531858,192.175,3.15618
0.00597025,444.605,0.851127,22.7503,0.000531858,192.175,3.15618
0.00597025,444.565,0.849095,22.7503,0.000531858,192.175,3.15618
0.00597025,444.539,0.847,22.7503,0.000531858,192.175,3.15618
0.00597025,444.524,0.84506,22.7504,0.000531858,192.175,3.15619
0.00597026,444.511,0.843004,22.7504,0.000531858,192.175,3.15619
0.00597026,444.497,0.840765,22.7504,0.000531858,192.175,3.15619
0.00597026,444.481,0.838264,22.7504,0.000531858,192.175,3.15619
0.00597026,444.463,0.835456,22.7505,0.000531858,192.175,3.1562
0.00597026,444.443,0.832279,22.7505,0.000531858,192.175,3.1562
0.00597026,444.42,0.828655,22.7506,0.000531858,192.175,3.15621
0.00597026,444.393,0.824458,22.7506,0.000531858,192.175,3.15621
0.00597026,444.361,0.819503,22.7507,0.000531858,192.175,3.15622
0.00597026,444.323,0.813498,22.7508,0.000531858,192.175,3.15622
0.00597027,444.275,0.80596,22.7509,0.000531858,192.175,3.15623
0.00597027,444.212,0.796023,22.751,0.000531858,192.175,3.15624
0.00597027,444.147,0.785859,22.7512,0.000531858,192.175,3.15626
0.00597027,444.083,0.775906,22.7514,0.000531858,192.175,3.15627
0.00597028,444.023,0.766451,22.7515,0.000531858,192.175,3.15628
0.00597028,443.966,0.757505,22.7517,0.000531858,192.176,3.15629
0.00597028,443.912,0.749086,22.7519,0.000531858,192.176,3.1563
0.00597028,443.867,0.742084,22.752,0.000531858,192.176,3.15631
0.00597029,443.832,0.736487,22.7522,0.000531858,192.176,3.15632
0.00597029,443.814,0.733687,22.7522,0.000531858,192.176,3.15632
0.00597029,443.787,0.729525,22.7523,0.000531858,192.176,3.15632
0.00597029,443.758,0.724959,22.7524,0.000531858,192.176,3.15633
0.00597029,443.732,0.720922,22.7525,0.000531858,192.176,3.15633
0.00597029,443.716,0.718468,22.7526,0.000531858,192.176,3.15634
0.00597029,443.701,0.716114,22.7526,0.000531858,192.176,3.15634
0.00597029,443.682,0.713119,22.7527,0.000531858,192.176,3.15634
0.00597029,443.657,0.709192,22.7528,0.000531858,192.176,3.15635
0.00597029,443.628,0.704594,22.7529,0.000531858,192.176,3.15635
0.0059703,443.581,0.697335,22.7531,0.000531858,192.176,3.15636
0.0059703,443.497,0.684159,22.7534,0.000531858,192.176,3.15638
0.0059703,443.413,0.670973,22.7538,0.000531858,192.176,3.15639
0.00597031,443.301,0.653578,22.7543,0.000531858,192.176,3.15642
0.00597031,443.188,0.635828,22.7548,0.000531858,192.176,3.15644
0.00597032,443.044,0.613357,22.7554,0.000531858,192.177,3.15647
0.00597033,442.885,0.588667,22.7562,0.000531858,192.177,3.1565
0.00597034,442.68,0.556691,22.7573,0.000531858,192.177,3.15653
0.00597035,442.434,0.518298,22.7586,0.000531858,192.177,3.15658
0.00597036,442.09,0.465,22.7606,0.000531858,192.178,3.15665
0.00597038,441.646,0.396309,22.7633,0.000531858,192.178,3.15673
0.0059704,441.202,0.327979,22.7661,0.000531858,192.179,3.15682
0.00597042,440.758,0.260006,22.769,0.000531858,192.179,3.1569
0.00597044,440.31,0.192389,22.7721,0.000531858,192.18,3.15699
0.00597046,439.855,0.12513,22.7751,0.000531858,192.18,3.15707
0.00597048,439.38,0.0582372,22.7783,0.000531858,192.181,3.15716
0.00597049,439.26,0.0430422,22.779,0.000531858,192.181,3.15717
0.0059705,438.983,0.0127202,22.7805,0.000531858,192.181,3.15721
0.0059705,438.901,0.00609501,22.7808,0.000531858,192.181,3.15722
0.0059705,438.785,-0.000560675,22.7811,0.000531858,192.182,3.15723
0.0059705,438.611,-0.00616551,22.7814,0.000531858,192.182,3.15724
0.0059705,438.225,-0.0127894,22.7817,0.000531858,192.182,3.15725
0.00597051,437.652,-0.0189502,22.782,0.000531858,192.182,3.15725
0.00597051,436.703,-0.0261188,22.7823,0.000531858,192.182,3.15726
0.00597051,435.607,-0.0324124,22.7827,0.000531858,192.182,3.15727
0.00597051,434.143,-0.0391594,22.783,0.000531858,192.182,3.15728
0.00597052,432.172,-0.046571,22.7834,0.000531858,192.182,3.15729
0.00597052,428.997,-0.0562002,22.7839,0.000531858,192.182,3.1573
0.00597052,424.189,-0.0677063,22.7845,0.000531858,192.182,3.15732
0.00597053,416.338,-0.0820695,22.7854,0.000531858,192.182,3.15734
0.00597053,403.981,-0.0984853,22.7864,0.000531858,192.183,3.15737
0.00597054,384.024,-0.115909,22.7879,0.000531858,192.183,3.15741
0.00597056,353.952,-0.129088,22.7896,0.000531858,192.184,3.15746
0.00597057,312.43,-0.128193,22.7917,0.000531858,192.184,3.15752
0.00597059,269.806,-0.102689,22.7935,0.000531858,192.185,3.1576
0.0059706,246.885,-0.0706956,22.7943,0.000531858,192.186,3.15765
0.00597061,236.761,-0.0450545,22.7947,0.000531858,192.186,3.15769
0.00597062,232.235,-0.0245817,22.7949,0.000531858,192.186,3.15772
0.00597063,230.464,-0.00512405,22.795,0.000531858,192.186,3.15774
0.00597063,231.105,0.0149357,22.795,0.000531858,192.187,3.15776
0.00597064,234.336,0.0351062,22.7949,0.000531858,192.187,3.15779
0.00597065,242.451,0.0602673,22.7947,0.000531858,192.187,3.15782
0.00597066,256.343,0.0852509,22.7944,0.000531858,192.187,3.15786
0.00597067,278.716,0.108915,22.7939,0.000531858,192.187,3.1579
0.00597068,308.429,0.124724,22.7934,0.000531858,192.187,3.15795
0.0059707,346.6,0.127498,22.7927,0.000531858,192.187,3.15801
0.00597071,386.51,0.109877,22.7922,0.000531858,192.188,3.15807
0.00597073,409.05,0.086366,22.792,0.000531858,192.188,3.15812
0.00597073,418.408,0.0711946,22.792,0.000531858,192.188,3.15814
0.00597074,424.762,0.0572997,22.792,0.000531858,192.188,3.15816
0.00597074,428.485,0.0466143,22.7921,0.000531858,192.188,3.15817
0.00597074,431.148,0.0367102,22.7921,0.000531858,192.188,3.15819
0.00597075,432.756,0.0289033,22.7922,0.000531858,192.188,3.1582
0.00597075,433.829,0.0220809,22.7922,0.000531858,192.188,3.1582
0.00597075,434.634,0.0149295,22.7923,0.000531858,192.188,3.15821
0.00597075,435.024,0.00967648,22.7924,0.000531858,192.188,3.15822
0.00597075,435.233,0.00488503,22.7924,0.000531858,192.188,3.15822
0.00597075,435.304,0.000436151,22.7925,0.000531858,192.188,3.15823
0.00597076,435.254,-0.00407146,22.7925,0.000531858,192.188,3.15823
0.00597076,434.93,-0.0111549,22.7926,0.000531858,192.188,3.15824
0.00597076,434.254,-0.0186305,22.7927,0.000531858,192.189,3.15825
0.00597076,433.129,-0.0267094,22.7929,0.000531858,192.189,3.15826
0.00597077,431.468,-0.0352716,22.793,0.000531858,192.189,3.15827
0.00597077,429.019,-0.044782,22.7932,0.000531858,192.189,3.15828
0.00597077,425.389,-0.0555996,22.7934,0.000531858,192.189,3.1583
0.00597078,419.912,-0.0681105,22.7937,0.000531858,192.189,3.15831
0.00597078,411.532,-0.0824989,22.7941,0.000531858,192.189,3.15833
0.00597079,398.58,-0.0984689,22.7946,0.000531858,192.19,3.15836
0.0059708,378.697,-0.114352,22.7953,0.000531858,192.19,3.15839
0.00597081,349.37,-0.125573,22.7963,0.000531858,192.19,3.15844
0.00597083,315.324,-0.124489,22.7972,0.000531858,192.191,3.15849
0.00597084,285.659,-0.110926,22.7979,0.000531858,192.192,3.15853
0.00597085,262.691,-0.0891701,22.7984,0.000531858,192.192,3.15857
0.00597086,246.26,-0.0618853,22.7986,0.000531858,192.193,3.15861
0.00597087,237.25,-0.0347658,22.7987,0.000531858,192.193,3.15864
0.00597088,233.994,-0.0139829,22.7986,0.000531858,192.193,3.15866
0.00597088,233.499,0.0055317,22.7985,0.000531858,192.193,3.15869
0.00597089,235.655,0.026233,22.7983,0.000531858,192.193,3.15871
0.0059709,240.908,0.0473481,22.7981,0.000531858,192.194,3.15873
0.00597091,252.404,0.0731292,22.7976,0.000531858,192.194,3.15876
0.00597092,268.719,0.0951431,22.7971,0.000531858,192.194,3.1588
0.00597093,290.927,0.112991,22.7965,0.000531858,192.194,3.15883
0.00597094,316.901,0.123156,22.7959,0.000531858,192.194,3.15887
0.00597095,346.199,0.123904,22.7952,0.000531858,192.194,3.15891
0.00597096,375.7,0.113222,22.7947,0.000531858,192.194,3.15895
0.00597097,402.987,0.0895245,22.7943,0.000531858,192.194,3.15899
0.00597098,417.067,0.0677225,22.7942,0.000531858,192.195,3.15902
0.00597099,423.547,0.0528259,22.7942,0.000531858,192.195,3.15904
0.00597099,426.755,0.0430022,22.7942,0.000531858,192.195,3.15905
0.005971,429.273,0.0329307,22.7943,0.000531858,192.195,3.15906
0.005971,430.926,0.0238621,22.7943,0.000531858,192.195,3.15907
0.005971,432.094,0.0141021,22.7944,0.000531858,192.195,3.15908
0.00597101,432.63,0.00516642,22.7945,0.000531858,192.195,3.15909
0.00597101,432.66,-0.00408975,22.7946,0.000531858,192.195,3.1591
0.00597101,432.059,-0.0144645,22.7947,0.000531858,192.195,3.15911
0.00597101,430.91,-0.0239393,22.7949,0.000531858,192.195,3.15912
0.00597102,428.958,-0.0343341,22.795,0.000531858,192.195,3.15913
0.00597102,425.872,-0.0458889,22.7952,0.000531858,192.196,3.15914
0.00597103,421.589,-0.0577411,22.7955,0.000531858,192.196,3.15916
0.00597103,415.021,-0.0713582,22.7958,0.000531858,192.196,3.15917
0.00597104,405.362,-0.0860954,22.7962,0.000531858,192.196,3.15919
0.00597105,390.494,-0.101917,22.7967,0.000531858,192.196,3.15922
0.00597106,368.511,-0.11613,22.7974,0.000531858,192.197,3.15925
0.00597106,348.384,-0.122408,22.798,0.000531858,192.197,3.15927
0.00597107,331.386,-0.123542,22.7985,0.000531858,192.198,3.15929
0.00597108,315.017,-0.121173,22.7989,0.000531858,192.198,3.15931
0.00597108,298.777,-0.115267,22.7993,0.000531858,192.198,3.15933
0.00597109,280.018,-0.103224,22.7997,0.000531858,192.199,3.15936
0.0059711,261.244,-0.0832288,22.8,0.000531858,192.199,3.15939
0.00597112,244.843,-0.0525836,22.8002,0.000531858,192.199,3.15943
0.00597112,237.827,-0.0267952,22.8002,0.000531858,192.2,3.15945
0.00597113,235.637,-0.00642363,22.8001,0.000531858,192.2,3.15947
0.00597114,236.069,0.012773,22.8,0.000531858,192.2,3.15949
0.00597114,239.074,0.0324877,22.7998,0.000531858,192.2,3.15951
0.00597115,246.213,0.0554223,22.7995,0.000531858,192.2,3.15953
0.00597116,259.189,0.0795866,22.799,0.000531858,192.2,3.15956
0.00597117,274.651,0.0976722,22.7985,0.000531858,192.201,3.15958
0.00597118,288.816,0.108761,22.7981,0.000531858,192.201,3.1596
0.00597118,303.435,0.116368,22.7977,0.000531858,192.201,3.15962
0.00597119,319.489,0.121077,22.7974,0.000531858,192.201,3.15964
0.0059712,338.709,0.122247,22.7969,0.000531858,192.201,3.15966
0.00597121,361.387,0.117454,22.7965,0.000531858,192.201,3.15969
0.00597122,385.074,0.104237,22.7961,0.000531858,192.201,3.15972
0.00597123,407.503,0.0802288,22.7958,0.000531858,192.201,3.15975
0.00597124,417.894,0.0618275,22.7957,0.000531858,192.201,3.15977
0.00597124,423.471,0.0476569,22.7958,0.000531858,192.201,3.15978
0.00597125,426.477,0.0372918,22.7958,0.000531858,192.202,3.15979
0.00597125,428.649,0.0270939,22.7958,0.000531858,192.202,3.1598
0.00597125,430.025,0.017566,22.7959,0.000531858,192.202,3.15981
0.00597126,430.85,0.00706612,22.796,0.000531858,192.202,3.15982
0.00597126,430.959,-0.0039116,22.7961,0.000531858,192.202,3.15983
0.00597126,430.255,-0.0153605,22.7962,0.000531858,192.202,3.15984
0.00597127,428.828,-0.0260241,22.7964,0.000531858,192.202,3.15985
0.00597127,426.462,-0.0373004,22.7966,0.000531858,192.202,3.15986
0.00597128,422.637,-0.0500092,22.7968,0.000531858,192.202,3.15987
0.00597128,417.447,-0.0626313,22.7971,0.000531858,192.203,3.15988
0.00597129,409.418,-0.0770729,22.7974,0.000531858,192.203,3.1599
0.00597129,397.758,-0.0921379,22.7979,0.000531858,192.203,3.15992
0.0059713,379.941,-0.107403,22.7985,0.000531858,192.203,3.15994
0.00597131,363.883,-0.115824,22.799,0.000531858,192.204,3.15996
0.00597132,348.245,-0.120281,22.7994,0.000531858,192.204,3.15997
0.00597132,331.28,-0.12143,22.7999,0.000531858,192.204,3.15999
0.00597133,313.943,-0.118756,22.8003,0.000531858,192.205,3.16001
0.00597134,291.88,-0.109242,22.8008,0.000531858,192.205,3.16003
0.00597135,271.096,-0.0922188,22.8012,0.000531858,192.205,3.16006
0.00597136,251.364,-0.0632255,22.8015,0.000531858,192.206,3.16009
0.00597137,241.838,-0.0371141,22.8016,0.000531858,192.206,3.16011
0.00597138,238.155,-0.0168718,22.8015,0.000531858,192.206,3.16013
0.00597138,237.247,0.00173296,22.8014,0.000531858,192.207,3.16015
0.00597139,238.858,0.0217911,22.8012,0.000531858,192.207,3.16016
0.0059714,242.983,0.0407495,22.801,0.000531858,192.207,3.16018
0.00597141,253.108,0.0659661,22.8006,0.000531858,192.207,3.1602
0.00597142,268.177,0.0881355,22.8001,0.000531858,192.207,3.16022
0.00597142,284.201,0.103096,22.7996,0.000531858,192.207,3.16024
0.00597143,298.64,0.111927,22.7992,0.000531858,192.207,3.16026
0.00597144,313.299,0.117458,22.7989,0.000531858,192.208,3.16027
0.00597144,329.28,0.120085,22.7985,0.000531858,192.208,3.16029
0.00597145,347.207,0.119053,22.7981,0.000531858,192.208,3.1603
0.00597146,369.094,0.111841,22.7977,0.000531858,192.208,3.16032
0.00597147,390.9,0.0966625,22.7973,0.000531858,192.208,3.16035
0.00597148,411.473,0.0703559,22.7971,0.000531858,192.208,3.16038
0.00597149,420.238,0.0514576,22.7971,0.000531858,192.208,3.16039
0.0059715,424.331,0.0385315,22.7971,0.000531858,192.208,3.1604
0.0059715,426.607,0.0285102,22.7972,0.000531858,192.208,3.16041
0.0059715,428.232,0.0179351,22.7973,0.000531858,192.208,3.16042
0.00597151,429.158,0.0060996,22.7974,0.000531858,192.209,3.16043
0.00597151,429.151,-0.00622762,22.7975,0.000531858,192.209,3.16043
0.00597152,428.026,-0.019561,22.7976,0.000531858,192.209,3.16044
0.00597152,425.993,-0.0314901,22.7978,0.000531858,192.209,3.16045
0.00597152,422.674,-0.04419,22.798,0.000531858,192.209,3.16046
0.00597153,417.642,-0.0577427,22.7983,0.000531858,192.209,3.16047
0.00597153,410.591,-0.0715789,22.7986,0.000531858,192.209,3.16048
0.00597154,399.924,-0.086692,22.799,0.000531858,192.21,3.1605
0.00597155,384.351,-0.101706,22.7996,0.000531858,192.21,3.16052
0.00597156,369.203,-0.111144,22.8001,0.000531858,192.21,3.16053
0.00597156,354.229,-0.11674,22.8005,0.000531858,192.211,3.16054
0.00597157,337.693,-0.119252,22.801,0.000531858,192.211,3.16056
0.00597158,321.072,-0.118142,22.8014,0.000531858,192.211,3.16057
0.00597159,299.089,-0.110852,22.8019,0.000531858,192.212,3.16059
0.0059716,278.234,-0.0965073,22.8023,0.000531858,192.212,3.16061
0.00597161,257.355,-0.0705358,22.8027,0.000531858,192.212,3.16064
0.00597162,245.807,-0.0445395,22.8028,0.000531858,192.213,3.16066
0.00597163,240.735,-0.0231171,22.8027,0.000531858,192.213,3.16067
0.00597163,239.014,-0.00449786,22.8026,0.000531858,192.213,3.16068
0.00597164,239.636,0.0139827,22.8025,0.000531858,192.213,3.16069
0.00597165,242.68,0.032661,22.8023,0.000531858,192.214,3.16071
0.00597165,250.139,0.0555526,22.802,0.000531858,192.214,3.16072
0.00597166,262.994,0.0785032,22.8015,0.000531858,192.214,3.16074
0.00597167,280.784,0.0978474,22.8009,0.000531858,192.214,3.16076
0.00597168,296.38,0.108438,22.8005,0.000531858,192.214,3.16077
0.00597169,311.005,0.114564,22.8001,0.000531858,192.214,3.16078
0.00597169,327.346,0.117761,22.7997,0.000531858,192.214,3.1608
0.0059717,342.838,0.117495,22.7994,0.000531858,192.214,3.16081
0.00597171,364.654,0.111558,22.799,0.000531858,192.214,3.16082
0.00597172,384.973,0.0991414,22.7986,0.000531858,192.215,3.16084
0.00597173,406.43,0.0750466,22.7984,0.000531858,192.215,3.16086
0.00597174,416.16,0.0568132,22.7983,0.000531858,192.215,3.16088
0.00597175,421.46,0.0422512,22.7983,0.000531858,192.215,3.16089
0.00597175,424.324,0.0310771,22.7984,0.000531858,192.215,3.16089
0.00597175,426.275,0.0197656,22.7984,0.000531858,192.215,3.1609
0.00597176,427.407,0.00711628,22.7985,0.000531858,192.215,3.16091
0.00597176,427.444,-0.00618158,22.7987,0.000531858,192.215,3.16091
0.00597177,426.821,-0.0150004,22.7988,0.000531858,192.215,3.16092
0.00597177,426.68,-0.0162956,22.7988,0.000531858,192.215,3.16092
0.00597177,426.37,-0.0188808,22.7988,0.000531858,192.215,3.16092
0.00597177,425.622,-0.0240214,22.7989,0.000531858,192.216,3.16092
0.00597177,424.175,-0.0316102,22.799,0.000531858,192.216,3.16093
0.00597178,420.113,-0.046309,22.7993,0.000531858,192.216,3.16094
0.00597178,414.783,-0.0596596,22.7995,0.000531858,192.216,3.16095
0.00597179,406.368,-0.0748071,22.7999,0.000531858,192.216,3.16096
0.0059718,394.676,-0.0896583,22.8003,0.000531858,192.216,3.16097
0.0059718,377.034,-0.104354,22.8009,0.000531858,192.217,3.16098
0.00597181,361.96,-0.111995,22.8014,0.000531858,192.217,3.16099
0.00597182,346.779,-0.116134,22.8018,0.000531858,192.217,3.161
0.00597182,330.698,-0.117058,22.8022,0.000531858,192.218,3.16101
0.00597183,311.527,-0.113607,22.8027,0.000531858,192.218,3.16103
0.00597184,290.37,-0.103442,22.8032,0.000531858,192.218,3.16104
0.00597185,269.192,-0.0842342,22.8036,0.000531858,192.219,3.16106
0.00597187,251.403,-0.0545746,22.8038,0.000531858,192.219,3.16108
0.00597188,243.678,-0.0295424,22.8038,0.000531858,192.22,3.16109
0.00597188,241.034,-0.0102277,22.8037,0.000531858,192.22,3.1611
0.00597189,240.912,0.00775251,22.8036,0.000531858,192.22,3.16111
0.0059719,243.208,0.0266114,22.8034,0.000531858,192.22,3.16112
0.0059719,248.722,0.0469803,22.8031,0.000531858,192.22,3.16113
0.00597191,259.923,0.070464,22.8027,0.000531858,192.221,3.16114
0.00597192,277.165,0.0919188,22.8021,0.000531858,192.221,3.16116
0.00597193,293.303,0.104282,22.8017,0.000531858,192.221,3.16117
0.00597194,307.723,0.111183,22.8013,0.000531858,192.221,3.16118
0.00597194,322.361,0.11495,22.8009,0.000531858,192.221,3.16118
0.00597195,337.672,0.115727,22.8006,0.000531858,192.221,3.16119
0.00597196,356.994,0.112137,22.8002,0.000531858,192.221,3.1612
0.00597197,377.545,0.102066,22.7998,0.000531858,192.221,3.16122
0.00597198,398.608,0.0825383,22.7995,0.000531858,192.221,3.16123
0.00597198,405.879,0.0723652,22.7994,0.000531858,192.221,3.16124
0.00597199,412,0.0614621,22.7994,0.000531858,192.222,3.16124
0.00597199,417.874,0.0475449,22.7994,0.000531858,192.222,3.16125
0.005972,420.451,0.039474,22.7994,0.000531858,192.222,3.16125
0.005972,421.039,0.0372773,22.7994,0.000531858,192.222,3.16125
0.005972,422.129,0.0328511,22.7994,0.000531858,192.222,3.16126
0.005972,423.899,0.0238661,22.7995,0.000531858,192.222,3.16126
0.00597201,425.338,0.0121762,22.7995,0.000531858,192.222,3.16127
0.00597201,425.813,-0.00269068,22.7997,0.000531858,192.222,3.16127
0.00597202,424.782,-0.0175967,22.7998,0.000531858,192.222,3.16128
0.00597202,421.699,-0.0345174,22.8001,0.000531858,192.222,3.16128
0.00597203,417.166,-0.0492565,22.8003,0.000531858,192.223,3.16129
0.00597204,410.287,-0.0645343,22.8007,0.000531858,192.223,3.1613
0.00597204,401.134,-0.0789492,22.801,0.000531858,192.223,3.16131
0.00597205,387.27,-0.0940553,22.8015,0.000531858,192.223,3.16131
0.00597206,371.13,-0.105424,22.8021,0.000531858,192.224,3.16132
0.00597206,356.376,-0.111659,22.8025,0.000531858,192.224,3.16133
0.00597207,340.036,-0.114765,22.8029,0.000531858,192.224,3.16134
0.00597208,324.676,-0.114336,22.8033,0.000531858,192.225,3.16135
0.00597209,303.31,-0.108233,22.8038,0.000531858,192.225,3.16136
0.0059721,283.432,-0.0957839,22.8042,0.000531858,192.225,3.16137
0.00597211,262.557,-0.0719729,22.8046,0.000531858,192.226,3.16138
0.00597212,249.949,-0.0458381,22.8047,0.000531858,192.226,3.16139
0.00597213,244.402,-0.0241738,22.8047,0.000531858,192.226,3.1614
0.00597213,242.491,-0.00598765,22.8046,0.000531858,192.227,3.16141
0.00597214,242.878,0.0117559,22.8044,0.000531858,192.227,3.16141
0.00597215,245.611,0.029886,22.8042,0.000531858,192.227,3.16142
0.00597216,252.256,0.0513731,22.8039,0.000531858,192.227,3.16142
0.00597217,264.23,0.073766,22.8035,0.000531858,192.227,3.16143
0.00597218,283.164,0.0946716,22.8029,0.000531858,192.227,3.16144
0.00597218,299.148,0.105212,22.8024,0.000531858,192.228,3.16145
0.00597219,313.563,0.110875,22.802,0.000531858,192.228,3.16146
0.0059722,329.593,0.113571,22.8016,0.000531858,192.228,3.16146
0.0059722,344.975,0.112818,22.8013,0.000531858,192.228,3.16147
0.00597221,366.024,0.106281,22.8009,0.000531858,192.228,3.16148
0.00597222,385.658,0.0932703,22.8005,0.000531858,192.228,3.16148
0.00597224,405.831,0.0688845,22.8003,0.000531858,192.228,3.16149
0.00597224,414.389,0.0516023,22.8003,0.000531858,192.228,3.1615
0.00597225,418.906,0.0382827,22.8003,0.000531858,192.228,3.1615
0.00597225,421.812,0.0256654,22.8003,0.000531858,192.228,3.16151
0.00597226,423.538,0.0128445,22.8004,0.000531858,192.229,3.16151
0.00597226,424.074,-0.00298597,22.8006,0.000531858,192.229,3.16152
0.00597227,422.944,-0.0182469,22.8007,0.000531858,192.229,3.16152
0.00597228,418.907,-0.0381482,22.801,0.000531858,192.229,3.16153
0.00597228,412.81,-0.055148,22.8014,0.000531858,192.229,3.16153
0.00597229,405.039,-0.0698633,22.8017,0.000531858,192.23,3.16153
0.0059723,393.754,-0.0848487,22.8021,0.000531858,192.23,3.16154
0.00597231,377.881,-0.0988249,22.8026,0.000531858,192.23,3.16155
0.00597231,363.766,-0.106663,22.8031,0.000531858,192.23,3.16155
0.00597232,349.455,-0.111227,22.8035,0.000531858,192.231,3.16155
0.00597233,334.019,-0.112812,22.8039,0.000531858,192.231,3.16156
0.00597233,316.535,-0.110596,22.8043,0.000531858,192.231,3.16156
0.00597234,295.973,-0.102134,22.8048,0.000531858,192.232,3.16157
0.00597235,275.64,-0.0857689,22.8051,0.000531858,192.232,3.16158
0.00597237,257.325,-0.0589749,22.8054,0.000531858,192.233,3.16158
0.00597238,248.457,-0.0348697,22.8054,0.000531858,192.233,3.16159
0.00597238,244.985,-0.0161286,22.8054,0.000531858,192.233,3.16159
0.00597239,244.083,0.00112221,22.8053,0.000531858,192.233,3.1616
0.0059724,245.512,0.0197459,22.8051,0.000531858,192.234,3.1616
0.0059724,249.222,0.037164,22.8049,0.000531858,192.234,3.1616
0.00597241,258.488,0.0606205,22.8045,0.000531858,192.234,3.16161
0.00597242,272.252,0.0811794,22.804,0.000531858,192.234,3.16161
0.00597243,287.777,0.0957765,22.8035,0.000531858,192.234,3.16162
0.00597244,301.355,0.104028,22.8031,0.000531858,192.234,3.16162
0.00597244,314.999,0.109107,22.8028,0.000531858,192.234,3.16162
0.00597245,329.988,0.11148,22.8024,0.000531858,192.234,3.16162
0.00597246,345.692,0.110571,22.802,0.000531858,192.234,3.16163
0.00597247,366.043,0.104,22.8016,0.000531858,192.235,3.16163
0.00597248,385.714,0.0906107,22.8013,0.000531858,192.235,3.16164
0.00597249,405.121,0.0665065,22.8011,0.000531858,192.235,3.16164
0.0059725,413.367,0.0493828,22.801,0.000531858,192.235,3.16164
0.0059725,417.801,0.0357481,22.801,0.000531858,192.235,3.16164
0.00597251,420.567,0.0228018,22.8011,0.000531858,192.235,3.16165
0.00597251,422.102,0.00935619,22.8012,0.000531858,192.235,3.16165
0.00597252,422.246,-0.0067268,22.8013,0.000531858,192.235,3.16165
0.00597252,420.431,-0.0235033,22.8015,0.000531858,192.236,3.16165
0.00597253,416.383,-0.0405314,22.8018,0.000531858,192.236,3.16165
0.00597254,410.345,-0.056249,22.8021,0.000531858,192.236,3.16166
0.00597254,401.887,-0.0713421,22.8025,0.000531858,192.236,3.16166
0.00597255,390.015,-0.0860133,22.8029,0.000531858,192.237,3.16166
0.00597256,372.884,-0.0996623,22.8035,0.000531858,192.237,3.16166
0.00597257,358.424,-0.106528,22.8039,0.000531858,192.237,3.16166
0.00597257,343.89,-0.11005,22.8043,0.000531858,192.238,3.16166
0.00597258,328.725,-0.110473,22.8047,0.000531858,192.238,3.16167
0.00597259,309.899,-0.106412,22.8051,0.000531858,192.238,3.16167
0.0059726,290.076,-0.0959353,22.8055,0.000531858,192.239,3.16167
0.00597261,270.035,-0.0762571,22.8059,0.000531858,192.239,3.16167
0.00597262,255.322,-0.0502371,22.806,0.000531858,192.239,3.16167
0.00597263,248.566,-0.0279307,22.806,0.000531858,192.24,3.16167
0.00597264,246.086,-0.010049,22.8059,0.000531858,192.24,3.16168
0.00597264,245.92,0.00693412,22.8058,0.000531858,192.24,3.16168
0.00597265,248.029,0.0247239,22.8056,0.000531858,192.24,3.16168
0.00597266,253.165,0.0439669,22.8053,0.000531858,192.24,3.16168
0.00597267,263.65,0.0661804,22.8049,0.000531858,192.241,3.16168
0.00597268,279.823,0.086511,22.8044,0.000531858,192.241,3.16168
0.00597268,295.08,0.0983302,22.8039,0.000531858,192.241,3.16168
0.00597269,308.707,0.104939,22.8035,0.000531858,192.241,3.16168
0.0059727,322.53,0.108572,22.8032,0.000531858,192.241,3.16168
0.0059727,337.03,0.10938,22.8028,0.000531858,192.241,3.16168
0.00597271,355.131,0.106129,22.8024,0.000531858,192.241,3.16168
0.00597272,374.596,0.0967531,22.8021,0.000531858,192.241,3.16168
0.00597273,394.482,0.0785805,22.8018,0.000531858,192.241,3.16168
0.00597274,407.105,0.0590587,22.8016,0.000531858,192.242,3.16168
0.00597275,413.61,0.0435702,22.8016,0.000531858,192.242,3.16168
0.00597275,417.422,0.0300222,22.8017,0.000531858,192.242,3.16168
0.00597276,419.735,0.0164815,22.8017,0.000531858,192.242,3.16168
0.00597276,420.699,0.00174307,22.8018,0.000531858,192.242,3.16168
0.00597277,419.909,-0.0148406,22.802,0.000531858,192.242,3.16168
0.00597278,416.916,-0.0320443,22.8023,0.000531858,192.242,3.16168
0.00597278,412.166,-0.047368,22.8025,0.000531858,192.243,3.16167
0.00597279,404.083,-0.0643403,22.8029,0.000531858,192.243,3.16167
0.0059728,394.257,-0.0784504,22.8033,0.000531858,192.243,3.16167
0.00597281,378.958,-0.0931231,22.8038,0.000531858,192.244,3.16167
0.00597281,365.206,-0.101486,22.8042,0.000531858,192.244,3.16167
0.00597282,351.513,-0.106439,22.8046,0.000531858,192.244,3.16167
0.00597283,336.479,-0.108558,22.805,0.000531858,192.244,3.16167
0.00597283,320.688,-0.107257,22.8053,0.000531858,192.245,3.16167
0.00597284,300.682,-0.100167,22.8058,0.000531858,192.245,3.16166
0.00597285,281.401,-0.0862336,22.8061,0.000531858,192.245,3.16166
0.00597287,262.794,-0.0618701,22.8064,0.000531858,192.246,3.16166
0.00597288,253.075,-0.0388222,22.8065,0.000531858,192.246,3.16166
0.00597288,248.825,-0.0199279,22.8064,0.000531858,192.247,3.16165
0.00597289,247.403,-0.00313427,22.8063,0.000531858,192.247,3.16165
0.0059729,248.092,0.0137177,22.8061,0.000531858,192.247,3.16165
0.0059729,250.976,0.0306304,22.8059,0.000531858,192.247,3.16165
0.00597291,258.082,0.0517796,22.8056,0.000531858,192.247,3.16165
0.00597292,270.01,0.0724918,22.8051,0.000531858,192.247,3.16164
0.00597293,286.083,0.0895783,22.8046,0.000531858,192.247,3.16164
0.00597294,300.158,0.0989558,22.8042,0.000531858,192.248,3.16164
0.00597294,313.47,0.104408,22.8039,0.000531858,192.248,3.16163
0.00597295,328.317,0.10719,22.8035,0.000531858,192.248,3.16163
0.00597296,342.458,0.10683,22.8032,0.000531858,192.248,3.16163
0.00597297,362.285,0.101252,22.8027,0.000531858,192.248,3.16163
0.00597298,380.766,0.0897447,22.8024,0.000531858,192.248,3.16162
0.00597299,400.195,0.0675761,22.8021,0.000531858,192.248,3.16162
0.005973,409.422,0.0497786,22.8021,0.000531858,192.248,3.16161
0.005973,414.301,0.0354885,22.8021,0.000531858,192.248,3.16161
0.00597301,417.283,0.0218019,22.8021,0.000531858,192.249,3.16161
0.00597301,418.843,0.00723577,22.8022,0.000531858,192.249,3.1616
0.00597302,418.673,-0.0098206,22.8024,0.000531858,192.249,3.1616
0.00597303,416.369,-0.0266527,22.8026,0.000531858,192.249,3.1616
0.00597303,411.562,-0.0439707,22.8029,0.000531858,192.249,3.1616
0.00597304,403.585,-0.0615693,22.8032,0.000531858,192.25,3.16159
0.00597305,393.92,-0.0758999,22.8036,0.000531858,192.25,3.16159
0.00597306,379.187,-0.0904668,22.8041,0.000531858,192.25,3.16158
0.00597306,365.326,-0.0991667,22.8045,0.000531858,192.25,3.16158
0.00597307,351.842,-0.104208,22.8049,0.000531858,192.251,3.16158
0.00597308,337.005,-0.106444,22.8053,0.000531858,192.251,3.16157
0.00597308,321.778,-0.105356,22.8057,0.000531858,192.251,3.16157
0.00597309,302.114,-0.0986612,22.8061,0.000531858,192.252,3.16156
0.0059731,283.299,-0.0854373,22.8064,0.000531858,192.252,3.16156
0.00597312,264.821,-0.0619014,22.8067,0.000531858,192.253,3.16155
0.00597313,254.9,-0.0390417,22.8067,0.000531858,192.253,3.16154
0.00597313,250.536,-0.0202243,22.8067,0.000531858,192.253,3.16154
0.00597314,249.054,-0.00368596,22.8066,0.000531858,192.253,3.16153
0.00597315,249.65,0.0128172,22.8064,0.000531858,192.254,3.16153
0.00597315,252.404,0.0294518,22.8062,0.000531858,192.254,3.16152
0.00597316,259.17,0.0499978,22.8059,0.000531858,192.254,3.16152
0.00597317,270.717,0.0704158,22.8055,0.000531858,192.254,3.16151
0.00597318,286.614,0.0875514,22.8049,0.000531858,192.254,3.1615
0.00597319,300.562,0.0969298,22.8045,0.000531858,192.254,3.1615
0.0059732,313.653,0.102334,22.8042,0.000531858,192.254,3.16149
0.0059732,328.268,0.105104,22.8038,0.000531858,192.254,3.16149
0.00597321,342.056,0.104785,22.8035,0.000531858,192.254,3.16148
0.00597322,361.527,0.0993631,22.8031,0.000531858,192.255,3.16148
0.00597323,379.606,0.0881787,22.8027,0.000531858,192.255,3.16147
0.00597324,398.721,0.0665006,22.8024,0.000531858,192.255,3.16146
0.00597325,407.97,0.0486936,22.8024,0.000531858,192.255,3.16145
0.00597325,412.888,0.0341381,22.8024,0.000531858,192.255,3.16145
0.00597326,415.839,0.0200714,22.8024,0.000531858,192.255,3.16144
0.00597327,417.263,0.00482642,22.8025,0.000531858,192.255,3.16144
0.00597327,416.739,-0.0126536,22.8027,0.000531858,192.256,3.16143
0.00597328,414.079,-0.0291529,22.8029,0.000531858,192.256,3.16143
0.00597329,408.914,-0.0460639,22.8032,0.000531858,192.256,3.16142
0.00597329,400.377,-0.0634713,22.8036,0.000531858,192.256,3.16141
0.0059733,389.91,-0.0777253,22.804,0.000531858,192.257,3.16141
0.00597331,374.088,-0.0917373,22.8045,0.000531858,192.257,3.1614
0.00597332,360.759,-0.0989973,22.8049,0.000531858,192.257,3.16139
0.00597332,347.391,-0.1031,22.8052,0.000531858,192.258,3.16139
0.00597333,333.027,-0.104396,22.8056,0.000531858,192.258,3.16138
0.00597334,316.652,-0.102082,22.806,0.000531858,192.258,3.16137
0.00597335,297.625,-0.0938972,22.8064,0.000531858,192.259,3.16136
0.00597336,278.814,-0.0782431,22.8067,0.000531858,192.259,3.16135
0.00597337,262.131,-0.0529508,22.8069,0.000531858,192.259,3.16134
0.00597338,254.287,-0.0305972,22.8069,0.000531858,192.26,3.16133
0.00597339,251.33,-0.0133996,22.8068,0.000531858,192.26,3.16132
0.00597339,250.686,0.00253251,22.8067,0.000531858,192.26,3.16132
0.0059734,252.19,0.0196342,22.8065,0.000531858,192.26,3.16131
0.00597341,255.976,0.0362962,22.8063,0.000531858,192.26,3.1613
0.00597342,264.903,0.05781,22.8059,0.000531858,192.261,3.16129
0.00597343,278.295,0.0769091,22.8054,0.000531858,192.261,3.16128
0.00597344,292.476,0.0896265,22.8049,0.000531858,192.261,3.16127
0.00597344,305.076,0.0969183,22.8046,0.000531858,192.261,3.16127
0.00597345,317.796,0.101333,22.8042,0.000531858,192.261,3.16126
0.00597346,331.612,0.103198,22.8039,0.000531858,192.261,3.16125
0.00597346,346.775,0.101901,22.8035,0.000531858,192.261,3.16125
0.00597347,365.51,0.0951866,22.8031,0.000531858,192.261,3.16123
0.00597348,383.921,0.0817281,22.8028,0.000531858,192.261,3.16122
0.0059735,401.346,0.0585098,22.8026,0.000531858,192.262,3.16121
0.0059735,408.908,0.0412197,22.8025,0.000531858,192.262,3.1612
0.00597351,412.895,0.0267063,22.8026,0.000531858,192.262,3.16119
0.00597351,415.11,0.0119189,22.8026,0.000531858,192.262,3.16119
0.00597352,415.573,-0.00425552,22.8028,0.000531858,192.262,3.16118
0.00597353,413.992,-0.0205937,22.8029,0.000531858,192.262,3.16117
0.00597353,409.702,-0.0385526,22.8032,0.000531858,192.263,3.16116
0.00597354,403.121,-0.0547365,22.8035,0.000531858,192.263,3.16115
0.00597355,393.053,-0.0709234,22.8039,0.000531858,192.263,3.16114
0.00597356,380.025,-0.0847139,22.8043,0.000531858,192.263,3.16113
0.00597357,366.342,-0.0940702,22.8047,0.000531858,192.264,3.16112
0.00597357,353.454,-0.0994278,22.8051,0.000531858,192.264,3.16111
0.00597358,339.118,-0.102119,22.8055,0.000531858,192.264,3.16111
0.00597359,325.433,-0.101725,22.8058,0.000531858,192.265,3.1611
0.0059736,306.449,-0.0962848,22.8062,0.000531858,192.265,3.16109
0.00597361,288.713,-0.0851463,22.8065,0.000531858,192.265,3.16107
0.00597362,270.167,-0.0639262,22.8068,0.000531858,192.266,3.16106
0.00597363,259.006,-0.0407311,22.8069,0.000531858,192.266,3.16104
0.00597364,254.087,-0.0214971,22.8068,0.000531858,192.266,3.16103
0.00597364,252.389,-0.00532912,22.8067,0.000531858,192.267,3.16102
0.00597365,252.733,0.0104557,22.8066,0.000531858,192.267,3.16102
0.00597366,255.162,0.0265819,22.8064,0.000531858,192.267,3.16101
0.00597366,261.072,0.0456989,22.8061,0.000531858,192.267,3.161
0.00597367,271.72,0.0656169,22.8056,0.000531858,192.267,3.16098
0.00597368,288.559,0.0842131,22.8051,0.000531858,192.267,3.16097
0.00597369,302.78,0.0935905,22.8046,0.000531858,192.268,3.16096
0.0059737,315.632,0.0986333,22.8043,0.000531858,192.268,3.16095
0.00597371,329.92,0.101021,22.8039,0.000531858,192.268,3.16094
0.00597371,343.609,0.100332,22.8036,0.000531858,192.268,3.16093
0.00597372,362.351,0.0944762,22.8032,0.000531858,192.268,3.16091
0.00597373,379.818,0.0828573,22.8029,0.000531858,192.268,3.1609
0.00597374,397.77,0.06108,22.8026,0.000531858,192.268,3.16088
0.00597375,406.264,0.0433563,22.8025,0.000531858,192.268,3.16087
0.00597376,410.748,0.0283975,22.8026,0.000531858,192.269,3.16086
0.00597377,413.246,0.0133649,22.8026,0.000531858,192.269,3.16085
0.00597377,413.909,-0.0025058,22.8027,0.000531858,192.269,3.16084
0.00597378,412.542,-0.0187045,22.8029,0.000531858,192.269,3.16083
0.00597379,408.779,-0.0355958,22.8031,0.000531858,192.269,3.16082
0.00597379,402.316,-0.0522729,22.8034,0.000531858,192.27,3.16081
0.0059738,392.348,-0.0687299,22.8038,0.000531858,192.27,3.1608
0.00597381,379.51,-0.0825569,22.8043,0.000531858,192.27,3.16078
0.00597382,365.975,-0.0919418,22.8047,0.000531858,192.27,3.16077
0.00597382,353.342,-0.0972716,22.805,0.000531858,192.271,3.16076
0.00597383,339.26,-0.0999862,22.8054,0.000531858,192.271,3.16075
0.00597384,326.009,-0.0996806,22.8057,0.000531858,192.271,3.16074
0.00597385,307.391,-0.0944797,22.8061,0.000531858,192.272,3.16072
0.00597386,290.091,-0.0837865,22.8064,0.000531858,192.272,3.16071
0.00597387,271.815,-0.0631794,22.8066,0.000531858,192.273,3.16069
0.00597388,260.654,-0.0402914,22.8067,0.000531858,192.273,3.16067
0.00597389,255.74,-0.0212993,22.8067,0.000531858,192.273,3.16066
0.00597389,254.044,-0.00542871,22.8066,0.000531858,192.273,3.16065
0.0059739,254.354,0.0100212,22.8064,0.000531858,192.273,3.16064
0.00597391,256.707,0.0258307,22.8062,0.000531858,192.274,3.16063
0.00597391,262.426,0.044475,22.8059,0.000531858,192.274,3.16061
0.00597392,272.801,0.0640151,22.8055,0.000531858,192.274,3.1606
0.00597394,289.182,0.0822399,22.8049,0.000531858,192.274,3.16058
0.00597394,303.111,0.0915105,22.8045,0.000531858,192.274,3.16056
0.00597395,315.691,0.0965081,22.8041,0.000531858,192.274,3.16055
0.00597396,329.694,0.0989085,22.8038,0.000531858,192.274,3.16054
0.00597396,342.995,0.0983035,22.8035,0.000531858,192.275,3.16053
0.00597397,361.364,0.0926776,22.803,0.000531858,192.275,3.16051
0.00597398,378.429,0.0814716,22.8027,0.000531858,192.275,3.1605
0.005974,396.103,0.0602957,22.8025,0.000531858,192.275,3.16047
0.005974,404.699,0.0424998,22.8024,0.000531858,192.275,3.16046
0.00597401,409.239,0.027226,22.8024,0.000531858,192.275,3.16045
0.00597402,411.687,0.0117305,22.8025,0.000531858,192.275,3.16043
0.00597402,412.164,-0.00387991,22.8026,0.000531858,192.276,3.16042
0.00597403,410.616,-0.0198698,22.8028,0.000531858,192.276,3.16041
0.00597404,406.547,-0.0368667,22.803,0.000531858,192.276,3.1604
0.00597405,399.505,-0.0538393,22.8033,0.000531858,192.276,3.16038
0.00597405,388.98,-0.0699801,22.8037,0.000531858,192.277,3.16037
0.00597406,375.238,-0.0834891,22.8041,0.000531858,192.277,3.16035
0.00597407,362.997,-0.0911768,22.8045,0.000531858,192.277,3.16034
0.00597408,350.813,-0.0958266,22.8048,0.000531858,192.277,3.16033
0.00597408,337.315,-0.0980007,22.8052,0.000531858,192.278,3.16032
0.00597409,323.573,-0.0972075,22.8055,0.000531858,192.278,3.1603
0.0059741,305.463,-0.0913607,22.8058,0.000531858,192.278,3.16028
0.00597411,288.189,-0.0796427,22.8061,0.000531858,192.279,3.16027
0.00597412,270.935,-0.0584006,22.8064,0.000531858,192.279,3.16024
0.00597413,261.322,-0.0369908,22.8064,0.000531858,192.28,3.16022
0.00597414,257.081,-0.0193136,22.8063,0.000531858,192.28,3.16021
0.00597415,255.626,-0.00399981,22.8062,0.000531858,192.28,3.1602
0.00597415,256.097,0.0111734,22.8061,0.000531858,192.28,3.16018
0.00597416,258.559,0.0265394,22.8059,0.000531858,192.28,3.16017
0.00597417,264.587,0.0452552,22.8056,0.000531858,192.28,3.16016
0.00597418,275.068,0.0641593,22.8051,0.000531858,192.281,3.16014
0.00597419,289.839,0.0803206,22.8046,0.000531858,192.281,3.16012
0.00597419,302.826,0.0891371,22.8042,0.000531858,192.281,3.1601
0.0059742,314.932,0.0941721,22.8039,0.000531858,192.281,3.16009
0.00597421,328.46,0.0967579,22.8035,0.000531858,192.281,3.16008
0.00597421,341.085,0.0964842,22.8032,0.000531858,192.281,3.16006
0.00597422,359.049,0.0915153,22.8028,0.000531858,192.281,3.16004
0.00597423,375.654,0.0812858,22.8025,0.000531858,192.281,3.16002
0.00597425,393.316,0.061338,22.8022,0.000531858,192.282,3.16
0.00597426,402.454,0.0434897,22.8021,0.000531858,192.282,3.15998
0.00597426,407.344,0.0278755,22.8021,0.000531858,192.282,3.15997
0.00597427,409.966,0.0120707,22.8022,0.000531858,192.282,3.15995
0.00597428,410.504,-0.00326658,22.8023,0.000531858,192.282,3.15994
0.00597428,409.027,-0.0191025,22.8024,0.000531858,192.282,3.15993
0.00597429,405.176,-0.0354852,22.8027,0.000531858,192.283,3.15991
0.0059743,397.971,-0.0529276,22.803,0.000531858,192.283,3.15989
0.00597431,387.316,-0.0690738,22.8034,0.000531858,192.283,3.15988
0.00597432,373.345,-0.0824735,22.8038,0.000531858,192.284,3.15986
0.00597432,361.347,-0.0897365,22.8041,0.000531858,192.284,3.15984
0.00597433,349.381,-0.0940776,22.8045,0.000531858,192.284,3.15983
0.00597434,336.188,-0.0959779,22.8048,0.000531858,192.284,3.15981
0.00597434,322.36,-0.0949087,22.8051,0.000531858,192.285,3.1598
0.00597435,304.675,-0.0887616,22.8054,0.000531858,192.285,3.15978
0.00597436,287.647,-0.0766192,22.8057,0.000531858,192.285,3.15976
0.00597437,271.099,-0.0552311,22.8059,0.000531858,192.286,3.15973
0.00597438,262.36,-0.0348017,22.8059,0.000531858,192.286,3.15971
0.00597439,258.512,-0.0179935,22.8059,0.000531858,192.286,3.15969
0.0059744,257.207,-0.00312511,22.8058,0.000531858,192.287,3.15968
0.0059744,257.77,0.011758,22.8056,0.000531858,192.287,3.15967
0.00597441,260.275,0.0267328,22.8054,0.000531858,192.287,3.15965
0.00597442,266.439,0.0453195,22.8051,0.000531858,192.287,3.15963
0.00597443,276.892,0.063685,22.8046,0.000531858,192.287,3.15961
0.00597444,291.172,0.0790024,22.8041,0.000531858,192.287,3.15959
0.00597445,303.696,0.0873944,22.8038,0.000531858,192.288,3.15957
0.00597445,315.51,0.0922518,22.8034,0.000531858,192.288,3.15956
0.00597446,328.69,0.0947257,22.8031,0.000531858,192.288,3.15954
0.00597447,341.153,0.0944089,22.8027,0.000531858,192.288,3.15953
0.00597448,358.71,0.0894687,22.8023,0.000531858,192.288,3.15951
0.00597449,375.022,0.0793124,22.802,0.000531858,192.288,3.15949
0.0059745,392.237,0.0596772,22.8017,0.000531858,192.288,3.15946
0.00597451,401.237,0.0418355,22.8016,0.000531858,192.288,3.15944
0.00597451,406.043,0.0259539,22.8017,0.000531858,192.289,3.15942
0.00597452,408.469,0.00997623,22.8017,0.000531858,192.289,3.15941
0.00597453,408.764,-0.0050144,22.8018,0.000531858,192.289,3.15939
0.00597453,407.066,-0.020559,22.802,0.000531858,192.289,3.15938
0.00597454,402.82,-0.0371377,22.8022,0.000531858,192.289,3.15936
0.00597455,394.021,-0.0563307,22.8026,0.000531858,192.29,3.15934
0.00597456,383.085,-0.0710777,22.803,0.000531858,192.29,3.15932
0.00597457,367.288,-0.0842116,22.8034,0.000531858,192.29,3.15929
0.00597458,354.786,-0.090264,22.8038,0.000531858,192.291,3.15928
0.00597458,342.468,-0.0933292,22.8041,0.000531858,192.291,3.15926
0.00597459,329.533,-0.0937666,22.8044,0.000531858,192.291,3.15925
0.0059746,313.826,-0.0905034,22.8047,0.000531858,192.292,3.15923
0.00597461,296.923,-0.0817651,22.805,0.000531858,192.292,3.1592
0.00597462,279.975,-0.0654342,22.8052,0.000531858,192.292,3.15918
0.00597463,266.231,-0.0408392,22.8053,0.000531858,192.293,3.15915
0.00597464,260.665,-0.0208417,22.8053,0.000531858,192.293,3.15912
0.00597465,258.94,-0.00536638,22.8052,0.000531858,192.293,3.15911
0.00597466,259.199,0.00909868,22.805,0.000531858,192.293,3.15909
0.00597466,261.391,0.0240216,22.8048,0.000531858,192.294,3.15908
0.00597467,266.599,0.0411966,22.8045,0.000531858,192.294,3.15906
0.00597468,276.255,0.0596008,22.8041,0.000531858,192.294,3.15904
0.00597469,291.359,0.0766288,22.8036,0.000531858,192.294,3.15901
0.0059747,304.386,0.0854603,22.8031,0.000531858,192.294,3.15899
0.0059747,316.16,0.090254,22.8028,0.000531858,192.294,3.15897
0.00597471,329.3,0.0926195,22.8024,0.000531858,192.294,3.15896
0.00597472,341.557,0.0921828,22.8021,0.000531858,192.294,3.15894
0.00597473,358.797,0.0871161,22.8017,0.000531858,192.295,3.15892
0.00597474,374.707,0.0769413,22.8014,0.000531858,192.295,3.15889
0.00597475,391.444,0.0573836,22.8011,0.000531858,192.295,3.15886
0.00597476,400.176,0.0394957,22.8011,0.000531858,192.295,3.15884
0.00597477,404.784,0.0233102,22.8011,0.000531858,192.295,3.15882
0.00597477,406.825,0.00832744,22.8011,0.000531858,192.295,3.1588
0.00597478,406.943,-0.0061556,22.8012,0.000531858,192.296,3.15879
0.00597479,405.151,-0.0211446,22.8014,0.000531858,192.296,3.15877
0.00597479,400.701,-0.0376953,22.8016,0.000531858,192.296,3.15875
0.0059748,391.837,-0.0562841,22.802,0.000531858,192.296,3.15873
0.00597481,380.314,-0.0711221,22.8023,0.000531858,192.297,3.15871
0.00597482,366.561,-0.0822228,22.8027,0.000531858,192.297,3.15868
0.00597483,354.808,-0.0879962,22.8031,0.000531858,192.297,3.15867
0.00597483,342.964,-0.0910866,22.8034,0.000531858,192.298,3.15865
0.00597484,330.497,-0.0916877,22.8036,0.000531858,192.298,3.15863
0.00597485,315.247,-0.088783,22.804,0.000531858,192.298,3.15861
0.00597486,298.75,-0.08062,22.8043,0.000531858,192.299,3.15859
0.00597487,282.088,-0.0651277,22.8045,0.000531858,192.299,3.15856
0.00597488,268.388,-0.0416002,22.8046,0.000531858,192.299,3.15853
0.00597489,262.592,-0.0220317,22.8045,0.000531858,192.3,3.1585
0.0059749,260.677,-0.00691497,22.8044,0.000531858,192.3,3.15848
0.00597491,260.719,0.0071838,22.8043,0.000531858,192.3,3.15847
0.00597491,262.65,0.0218711,22.8041,0.000531858,192.3,3.15845
0.00597492,267.265,0.0381606,22.8038,0.000531858,192.3,3.15843
0.00597493,276.292,0.0563861,22.8034,0.000531858,192.301,3.15841
0.00597494,290.283,0.0731354,22.8029,0.000531858,192.301,3.15838
0.00597495,302.983,0.0824096,22.8025,0.000531858,192.301,3.15836
0.00597495,314.401,0.0875355,22.8021,0.000531858,192.301,3.15834
0.00597496,327.286,0.090333,22.8018,0.000531858,192.301,3.15832
0.00597497,339.104,0.0903464,22.8014,0.000531858,192.301,3.15831
0.00597498,355.554,0.0862516,22.8011,0.000531858,192.301,3.15828
0.00597499,371.159,0.0772444,22.8007,0.000531858,192.301,3.15826
0.005975,387.775,0.0595612,22.8004,0.000531858,192.302,3.15822
0.00597501,397.411,0.0416508,22.8003,0.000531858,192.302,3.1582
0.00597502,402.598,0.0251426,22.8003,0.000531858,192.302,3.15818
0.00597502,404.953,0.01003,22.8004,0.000531858,192.302,3.15816
0.00597503,405.302,-0.00414271,22.8004,0.000531858,192.302,3.15814
0.00597504,403.761,-0.0190047,22.8006,0.000531858,192.302,3.15812
0.00597504,399.915,-0.0344915,22.8008,0.000531858,192.303,3.1581
0.00597505,391.678,-0.0529373,22.8011,0.000531858,192.303,3.15808
0.00597506,380.153,-0.0684801,22.8015,0.000531858,192.303,3.15805
0.00597507,364.733,-0.0809408,22.8019,0.000531858,192.304,3.15803
0.00597508,352.645,-0.0865289,22.8023,0.000531858,192.304,3.15801
0.00597509,340.817,-0.0892271,22.8025,0.000531858,192.304,3.15799
0.00597509,328.501,-0.0893988,22.8028,0.000531858,192.305,3.15797
0.0059751,313.202,-0.0858628,22.8031,0.000531858,192.305,3.15795
0.00597511,297.17,-0.0770763,22.8034,0.000531858,192.305,3.15792
0.00597512,281.015,-0.0607228,22.8036,0.000531858,192.306,3.15789
0.00597514,269.552,-0.0398753,22.8037,0.000531858,192.306,3.15786
0.00597514,264.292,-0.0220634,22.8036,0.000531858,192.306,3.15783
0.00597515,262.363,-0.00765256,22.8035,0.000531858,192.306,3.15782
0.00597516,262.288,0.00610457,22.8034,0.000531858,192.307,3.1578
0.00597516,264.051,0.0204566,22.8032,0.000531858,192.307,3.15778
0.00597517,268.344,0.0362077,22.8029,0.000531858,192.307,3.15776
0.00597518,276.939,0.054106,22.8025,0.000531858,192.307,3.15774
0.00597519,290.253,0.0705484,22.802,0.000531858,192.307,3.15771
0.0059752,302.635,0.079929,22.8016,0.000531858,192.307,3.15768
0.00597521,313.747,0.0851568,22.8012,0.000531858,192.308,3.15767
0.00597521,325.048,0.0879604,22.8009,0.000531858,192.308,3.15765
0.00597522,336.82,0.088433,22.8006,0.000531858,192.308,3.15763
0.00597523,351.721,0.0854718,22.8002,0.000531858,192.308,3.15761
0.00597524,367.439,0.0775012,22.7999,0.000531858,192.308,3.15758
0.00597525,383.537,0.0621623,22.7996,0.000531858,192.308,3.15755
0.00597526,394.806,0.0432102,22.7994,0.000531858,192.308,3.15752
0.00597527,400.595,0.0260444,22.7994,0.000531858,192.309,3.15749
0.00597528,403.142,0.0109011,22.7994,0.000531858,192.309,3.15747
0.00597528,403.619,-0.00292711,22.7995,0.000531858,192.309,3.15745
0.00597529,402.24,-0.0175718,22.7997,0.000531858,192.309,3.15744
0.0059753,398.789,-0.0322168,22.7998,0.000531858,192.309,3.15742
0.0059753,391.006,-0.0504056,22.8002,0.000531858,192.31,3.15739
0.00597531,379.308,-0.0665619,22.8005,0.000531858,192.31,3.15736
0.00597533,364.3,-0.0788339,22.801,0.000531858,192.31,3.15733
0.00597533,352.512,-0.0843744,22.8013,0.000531858,192.311,3.15731
0.00597534,341.017,-0.0870822,22.8015,0.000531858,192.311,3.15729
0.00597535,328.998,-0.0873419,22.8018,0.000531858,192.311,3.15727
0.00597535,314.196,-0.0840607,22.8021,0.000531858,192.311,3.15725
0.00597536,298.504,-0.0756627,22.8024,0.000531858,192.312,3.15722
0.00597538,282.717,-0.0600022,22.8026,0.000531858,192.312,3.15719
0.00597539,271.239,-0.039542,22.8026,0.000531858,192.313,3.15715
0.0059754,265.954,-0.0219965,22.8025,0.000531858,192.313,3.15713
0.0059754,264.007,-0.00788695,22.8024,0.000531858,192.313,3.15711
0.00597541,263.882,0.00553627,22.8023,0.000531858,192.313,3.15709
0.00597542,265.553,0.0195848,22.8021,0.000531858,192.313,3.15708
0.00597542,269.626,0.0348149,22.8018,0.000531858,192.314,3.15705
0.00597543,277.917,0.0523532,22.8015,0.000531858,192.314,3.15703
0.00597544,290.718,0.0684135,22.801,0.000531858,192.314,3.157
0.00597545,302.779,0.077729,22.8005,0.000531858,192.314,3.15697
0.00597546,313.604,0.0829481,22.8002,0.000531858,192.314,3.15695
0.00597546,324.606,0.0857939,22.7999,0.000531858,192.314,3.15693
0.00597547,336.122,0.0863721,22.7996,0.000531858,192.314,3.15692
0.00597548,350.48,0.083692,22.7992,0.000531858,192.314,3.15689
0.00597549,365.878,0.0761332,22.7989,0.000531858,192.315,3.15686
0.0059755,381.587,0.0615624,22.7986,0.000531858,192.315,3.15683
0.00597551,393.078,0.0426532,22.7984,0.000531858,192.315,3.1568
0.00597552,398.99,0.0252138,22.7984,0.000531858,192.315,3.15677
0.00597553,401.431,0.0105723,22.7984,0.000531858,192.315,3.15675
0.00597553,401.89,-0.0028661,22.7985,0.000531858,192.316,3.15673
0.00597554,400.545,-0.0171367,22.7986,0.000531858,192.316,3.15671
0.00597555,397.192,-0.0313795,22.7988,0.000531858,192.316,3.15669
0.00597556,389.602,-0.0491454,22.7991,0.000531858,192.316,3.15667
0.00597557,378.118,-0.065003,22.7994,0.000531858,192.317,3.15664
0.00597558,365.005,-0.0760117,22.7998,0.000531858,192.317,3.15661
0.00597558,353.982,-0.081635,22.8001,0.000531858,192.317,3.15659
0.00597559,343.029,-0.084671,22.8003,0.000531858,192.317,3.15657
0.0059756,331.388,-0.085415,22.8006,0.000531858,192.318,3.15655
0.0059756,317.534,-0.083042,22.8009,0.000531858,192.318,3.15652
0.00597561,302.089,-0.075799,22.8011,0.000531858,192.318,3.1565
0.00597563,286.614,-0.0620219,22.8013,0.000531858,192.319,3.15646
0.00597564,273.488,-0.040578,22.8014,0.000531858,192.319,3.15643
0.00597565,267.686,-0.0223003,22.8013,0.000531858,192.32,3.1564
0.00597565,265.654,-0.0082227,22.8012,0.000531858,192.32,3.15638
0.00597566,265.468,0.00486398,22.8011,0.000531858,192.32,3.15636
0.00597567,267.043,0.0186584,22.8009,0.000531858,192.32,3.15634
0.00597567,270.848,0.0332449,22.8006,0.000531858,192.32,3.15632
0.00597568,278.814,0.0504606,22.8003,0.000531858,192.32,3.15629
0.00597569,291.011,0.0661028,22.7998,0.000531858,192.321,3.15626
0.0059757,302.724,0.0753985,22.7994,0.000531858,192.321,3.15624
0.00597571,313.246,0.08065,22.799,0.000531858,192.321,3.15622
0.00597572,323.933,0.0835796,22.7987,0.000531858,192.321,3.1562
0.00597572,335.196,0.0843107,22.7984,0.000531858,192.321,3.15618
0.00597573,348.932,0.081988,22.7981,0.000531858,192.321,3.15615
0.00597574,364.025,0.0749332,22.7977,0.000531858,192.321,3.15612
0.00597575,379.332,0.0612885,22.7974,0.000531858,192.321,3.15609
0.00597576,391.192,0.042408,22.7972,0.000531858,192.322,3.15605
0.00597577,397.3,0.0246844,22.7972,0.000531858,192.322,3.15603
0.00597578,399.688,0.0104623,22.7972,0.000531858,192.322,3.15601
0.00597578,400.154,-0.0026016,22.7973,0.000531858,192.322,3.15599
0.00597579,398.867,-0.0165258,22.7974,0.000531858,192.322,3.15597
0.0059758,395.662,-0.030294,22.7975,0.000531858,192.323,3.15595
0.00597581,388.308,-0.0476631,22.7978,0.000531858,192.323,3.15592
0.00597582,377.223,-0.0631116,22.7982,0.000531858,192.323,3.15589
0.00597583,364.766,-0.0737467,22.7985,0.000531858,192.324,3.15586
0.00597583,354.125,-0.0793432,22.7988,0.000531858,192.324,3.15584
0.00597584,343.508,-0.0824475,22.799,0.000531858,192.324,3.15582
0.00597585,332.159,-0.0833403,22.7993,0.000531858,192.324,3.1558
0.00597586,318.886,-0.0812984,22.7995,0.000531858,192.325,3.15577
0.00597587,303.773,-0.0745543,22.7998,0.000531858,192.325,3.15575
0.00597588,288.694,-0.0616434,22.8,0.000531858,192.325,3.15571
0.00597589,275.598,-0.0411558,22.8,0.000531858,192.326,3.15567
0.0059759,269.59,-0.0233154,22.8,0.000531858,192.326,3.15564
0.00597591,267.388,-0.00959226,22.7999,0.000531858,192.326,3.15562
0.00597591,267.01,0.00313726,22.7997,0.000531858,192.326,3.15561
0.00597592,268.348,0.0166988,22.7996,0.000531858,192.327,3.15559
0.00597592,271.643,0.0303817,22.7993,0.000531858,192.327,3.15556
0.00597593,279.025,0.0473862,22.7989,0.000531858,192.327,3.15554
0.00597594,290.197,0.0626384,22.7985,0.000531858,192.327,3.15551
0.00597595,301.464,0.0722684,22.7981,0.000531858,192.327,3.15548
0.00597596,311.603,0.0778181,22.7978,0.000531858,192.327,3.15546
0.00597597,321.885,0.0810861,22.7974,0.000531858,192.328,3.15544
0.00597597,332.916,0.0822593,22.7971,0.000531858,192.328,3.15542
0.00597598,345.535,0.0807485,22.7968,0.000531858,192.328,3.1554
0.00597599,360.409,0.0747615,22.7964,0.000531858,192.328,3.15537
0.005976,375.215,0.0630005,22.7961,0.000531858,192.328,3.15533
0.00597601,388.61,0.0435758,22.7959,0.000531858,192.328,3.1553
0.00597602,395.335,0.0252328,22.7958,0.000531858,192.328,3.15526
0.00597603,397.862,0.0110496,22.7958,0.000531858,192.329,3.15524
0.00597604,398.42,-0.00168844,22.7959,0.000531858,192.329,3.15522
0.00597604,397.26,-0.0153761,22.796,0.000531858,192.329,3.1552
0.00597605,394.357,-0.0284106,22.7961,0.000531858,192.329,3.15518
0.00597606,387.383,-0.0454761,22.7964,0.000531858,192.33,3.15515
0.00597607,376.987,-0.0604683,22.7967,0.000531858,192.33,3.15512
0.00597608,365.127,-0.0710473,22.7971,0.000531858,192.33,3.1551
0.00597608,354.88,-0.0767683,22.7973,0.000531858,192.33,3.15508
0.00597609,344.632,-0.0800675,22.7976,0.000531858,192.331,3.15506
0.0059761,333.548,-0.0812494,22.7978,0.000531858,192.331,3.15503
0.00597611,321.112,-0.0797457,22.798,0.000531858,192.331,3.15501
0.00597612,306.282,-0.0737619,22.7983,0.000531858,192.332,3.15498
0.00597613,291.668,-0.0621686,22.7985,0.000531858,192.332,3.15495
0.00597614,278.364,-0.0429937,22.7985,0.000531858,192.332,3.15491
0.00597615,271.856,-0.0256307,22.7985,0.000531858,192.333,3.15488
0.00597616,269.269,-0.0120415,22.7984,0.000531858,192.333,3.15486
0.00597616,268.567,0.000386591,22.7983,0.000531858,192.333,3.15484
0.00597617,269.543,0.0138272,22.7981,0.000531858,192.333,3.15482
0.00597617,272.111,0.0261892,22.7979,0.000531858,192.333,3.1548
0.00597618,278.668,0.0431025,22.7975,0.000531858,192.334,3.15477
0.00597619,288.369,0.0578424,22.7971,0.000531858,192.334,3.15474
0.0059762,299.573,0.0685535,22.7967,0.000531858,192.334,3.15472
0.00597621,309.395,0.0746062,22.7963,0.000531858,192.334,3.15469
0.00597622,319.274,0.0783329,22.796,0.000531858,192.334,3.15467
0.00597622,330.146,0.0800785,22.7957,0.000531858,192.334,3.15465
0.00597623,341.304,0.079456,22.7954,0.000531858,192.334,3.15463
0.00597624,355.998,0.0747543,22.795,0.000531858,192.334,3.1546
0.00597625,370.076,0.0652373,22.7947,0.000531858,192.335,3.15457
0.00597626,384.145,0.0479005,22.7944,0.000531858,192.335,3.15453
0.00597627,392.029,0.0302349,22.7943,0.000531858,192.335,3.1545
0.00597628,395.491,0.0155651,22.7943,0.000531858,192.335,3.15448
0.00597629,396.641,0.00297809,22.7944,0.000531858,192.335,3.15446
0.00597629,396.221,-0.00946907,22.7944,0.000531858,192.336,3.15444
0.0059763,394.185,-0.0220449,22.7946,0.000531858,192.336,3.15442
0.00597631,389.197,-0.0374499,22.7948,0.000531858,192.336,3.15439
0.00597632,380.589,-0.0528711,22.795,0.000531858,192.336,3.15436
0.00597633,368.448,-0.0660029,22.7954,0.000531858,192.337,3.15433
0.00597633,357.935,-0.0730168,22.7956,0.000531858,192.337,3.15431
0.00597634,347.97,-0.0770476,22.7959,0.000531858,192.337,3.15429
0.00597635,336.814,-0.0790292,22.7961,0.000531858,192.337,3.15427
0.00597635,326.21,-0.0786123,22.7963,0.000531858,192.338,3.15425
0.00597636,311.442,-0.0741938,22.7966,0.000531858,192.338,3.15422
0.00597637,297.747,-0.0653545,22.7968,0.000531858,192.338,3.15419
0.00597639,283.468,-0.0485928,22.7969,0.000531858,192.339,3.15415
0.0059764,275.15,-0.0308517,22.7969,0.000531858,192.339,3.15412
0.0059764,271.494,-0.0161901,22.7968,0.000531858,192.339,3.15409
0.00597641,270.24,-0.00375672,22.7966,0.000531858,192.34,3.15407
0.00597642,270.55,0.0084415,22.7965,0.000531858,192.34,3.15405
0.00597642,272.466,0.0208585,22.7963,0.000531858,192.34,3.15403
0.00597643,277.136,0.0357332,22.796,0.000531858,192.34,3.15401
0.00597644,285.432,0.0510404,22.7956,0.000531858,192.34,3.15398
0.00597645,298.594,0.0653525,22.7951,0.000531858,192.34,3.15394
0.00597646,309.574,0.0724402,22.7947,0.000531858,192.341,3.15392
0.00597647,319.571,0.076236,22.7944,0.000531858,192.341,3.1539
0.00597647,330.636,0.0779401,22.7941,0.000531858,192.341,3.15388
0.00597648,341.37,0.0772341,22.7938,0.000531858,192.341,3.15386
0.00597649,355.838,0.0724384,22.7934,0.000531858,192.341,3.15383
0.0059765,369.363,0.0630931,22.7931,0.000531858,192.341,3.1538
0.00597651,383.065,0.0458755,22.7928,0.000531858,192.341,3.15376
0.00597652,390.504,0.0288201,22.7927,0.000531858,192.342,3.15373
0.00597653,393.739,0.0148022,22.7927,0.000531858,192.342,3.1537
0.00597654,394.813,0.00262777,22.7927,0.000531858,192.342,3.15368
0.00597654,394.371,-0.00947689,22.7928,0.000531858,192.342,3.15366
0.00597655,392.362,-0.0216717,22.7929,0.000531858,192.342,3.15364
0.00597656,387.424,-0.0367424,22.7931,0.000531858,192.343,3.15362
0.00597657,378.992,-0.0516854,22.7934,0.000531858,192.343,3.15359
0.00597658,367.259,-0.0642774,22.7937,0.000531858,192.343,3.15356
0.00597659,357.099,-0.0710248,22.7939,0.000531858,192.344,3.15354
0.00597659,347.417,-0.0749254,22.7941,0.000531858,192.344,3.15352
0.0059766,336.586,-0.0768361,22.7944,0.000531858,192.344,3.15349
0.00597661,326.252,-0.0764166,22.7946,0.000531858,192.344,3.15347
0.00597662,311.901,-0.0720999,22.7948,0.000531858,192.345,3.15344
0.00597663,298.574,-0.0634687,22.795,0.000531858,192.345,3.15341
0.00597664,284.711,-0.047144,22.7951,0.000531858,192.345,3.15338
0.00597665,276.664,-0.0299336,22.7951,0.000531858,192.346,3.15334
0.00597666,273.125,-0.0157105,22.795,0.000531858,192.346,3.15332
0.00597666,271.909,-0.00363601,22.7948,0.000531858,192.346,3.1533
0.00597667,272.213,0.00821641,22.7947,0.000531858,192.346,3.15328
0.00597668,274.075,0.0202778,22.7945,0.000531858,192.347,3.15326
0.00597668,278.615,0.0347335,22.7942,0.000531858,192.347,3.15324
0.00597669,286.675,0.0495976,22.7938,0.000531858,192.347,3.15321
0.0059767,299.463,0.0634936,22.7933,0.000531858,192.347,3.15317
0.00597671,310.132,0.0703709,22.7929,0.000531858,192.347,3.15315
0.00597672,319.848,0.0740491,22.7926,0.000531858,192.347,3.15313
0.00597673,330.599,0.0756907,22.7923,0.000531858,192.347,3.15311
0.00597673,341.017,0.0749915,22.792,0.000531858,192.348,3.15309
0.00597674,355.067,0.0703152,22.7916,0.000531858,192.348,3.15306
0.00597675,368.195,0.0612255,22.7913,0.000531858,192.348,3.15303
0.00597677,381.499,0.0444839,22.791,0.000531858,192.348,3.15299
0.00597678,388.633,0.0281771,22.7909,0.000531858,192.348,3.15296
0.00597678,391.794,0.0146611,22.7909,0.000531858,192.348,3.15293
0.00597679,392.875,0.00287262,22.7909,0.000531858,192.349,3.15292
0.0059768,392.487,-0.00886657,22.791,0.000531858,192.349,3.1529
0.0059768,390.576,-0.0207176,22.7911,0.000531858,192.349,3.15288
0.00597681,385.876,-0.0352615,22.7913,0.000531858,192.349,3.15285
0.00597682,377.768,-0.0498075,22.7915,0.000531858,192.35,3.15282
0.00597683,366.329,-0.0622024,22.7918,0.000531858,192.35,3.15279
0.00597684,356.396,-0.0688412,22.7921,0.000531858,192.35,3.15277
0.00597684,346.978,-0.0726552,22.7923,0.000531858,192.35,3.15275
0.00597685,336.438,-0.0745276,22.7925,0.000531858,192.351,3.15273
0.00597686,326.455,-0.0741352,22.7927,0.000531858,192.351,3.15271
0.00597687,312.518,-0.0699666,22.7929,0.000531858,192.351,3.15268
0.00597688,299.617,-0.0616424,22.7931,0.000531858,192.352,3.15265
0.00597689,286.141,-0.045831,22.7931,0.000531858,192.352,3.15261
0.0059769,278.295,-0.0291075,22.7931,0.000531858,192.352,3.15258
0.00597691,274.845,-0.0152867,22.793,0.000531858,192.353,3.15256
0.00597691,273.66,-0.00357794,22.7929,0.000531858,192.353,3.15254
0.00597692,273.946,0.00790468,22.7927,0.000531858,192.353,3.15252
0.00597693,275.742,0.0195943,22.7925,0.000531858,192.353,3.1525
0.00597694,280.12,0.0335773,22.7922,0.000531858,192.353,3.15248
0.00597694,287.908,0.0479789,22.7919,0.000531858,192.353,3.15245
0.00597696,300.254,0.06143,22.7913,0.000531858,192.354,3.15241
0.00597696,310.593,0.0681095,22.791,0.000531858,192.354,3.15239
0.00597697,319.999,0.0716747,22.7907,0.000531858,192.354,3.15237
0.00597698,330.409,0.0732645,22.7903,0.000531858,192.354,3.15235
0.00597698,340.432,0.0725961,22.7901,0.000531858,192.354,3.15233
0.00597699,354.031,0.0680894,22.7897,0.000531858,192.354,3.1523
0.005977,366.71,0.0593502,22.7894,0.000531858,192.354,3.15227
0.00597702,379.627,0.0431886,22.7891,0.000531858,192.355,3.15223
0.00597703,386.574,0.0274145,22.789,0.000531858,192.355,3.1522
0.00597703,389.667,0.0143121,22.789,0.000531858,192.355,3.15218
0.00597704,390.73,0.00290775,22.789,0.000531858,192.355,3.15216
0.00597705,390.371,-0.00843687,22.789,0.000531858,192.355,3.15214
0.00597705,388.538,-0.0199011,22.7891,0.000531858,192.356,3.15212
0.00597706,384.032,-0.0339151,22.7893,0.000531858,192.356,3.1521
0.00597707,376.223,-0.0479884,22.7895,0.000531858,192.356,3.15207
0.00597708,365.153,-0.0600225,22.7898,0.000531858,192.357,3.15204
0.00597709,355.523,-0.0664709,22.79,0.000531858,192.357,3.15202
0.0059771,346.411,-0.0701646,22.7902,0.000531858,192.357,3.152
0.0059771,336.212,-0.0719755,22.7904,0.000531858,192.357,3.15198
0.00597711,326.592,-0.0715967,22.7906,0.000531858,192.358,3.15196
0.00597712,313.124,-0.0675694,22.7908,0.000531858,192.358,3.15193
0.00597713,300.68,-0.0595437,22.791,0.000531858,192.358,3.1519
0.00597714,287.655,-0.0442723,22.791,0.000531858,192.359,3.15187
0.00597715,280.075,-0.0281249,22.791,0.000531858,192.359,3.15184
0.00597716,276.739,-0.0147817,22.7909,0.000531858,192.359,3.15181
0.00597717,275.592,-0.00349081,22.7908,0.000531858,192.359,3.15179
0.00597717,275.862,0.00757527,22.7906,0.000531858,192.36,3.15178
0.00597718,277.586,0.0188423,22.7904,0.000531858,192.36,3.15176
0.00597719,281.784,0.0322938,22.7901,0.000531858,192.36,3.15173
0.0059772,289.259,0.0461531,22.7898,0.000531858,192.36,3.15171
0.00597721,301.082,0.0590556,22.7893,0.000531858,192.36,3.15167
0.00597722,311.01,0.0654547,22.7889,0.000531858,192.36,3.15165
0.00597722,319.966,0.068802,22.7886,0.000531858,192.361,3.15163
0.00597723,329.891,0.0702068,22.7883,0.000531858,192.361,3.15161
0.00597723,333.422,0.0701556,22.7882,0.000531858,192.361,3.1516
0.00597723,336.073,0.0699295,22.7881,0.000531858,192.361,3.1516
0.00597724,338.932,0.0695056,22.788,0.000531858,192.361,3.15159
0.00597724,342.403,0.0687418,22.7879,0.000531858,192.361,3.15159
0.00597724,345.463,0.0678403,22.7878,0.000531858,192.361,3.15158
0.00597724,347.995,0.0669287,22.7878,0.000531858,192.361,3.15157
0.00597724,351.274,0.0655153,22.7877,0.000531858,192.361,3.15157
0.00597725,354.307,0.0639583,22.7876,0.000531858,192.361,3.15156
0.00597725,359.532,0.0606497,22.7875,0.000531858,192.361,3.15155
0.00597726,364.671,0.0564981,22.7874,0.000531858,192.361,3.15154
0.00597726,370.391,0.0505519,22.7872,0.000531858,192.361,3.15152
0.00597727,378.152,0.0391137,22.7871,0.000531858,192.361,3.1515
0.00597728,384.332,0.0240356,22.7869,0.000531858,192.362,3.15147
0.00597729,387.04,0.0109962,22.7869,0.000531858,192.362,3.15145
0.00597729,387.724,-0.000268044,22.7869,0.000531858,192.362,3.15143
0.0059773,386.818,-0.0123875,22.787,0.000531858,192.362,3.15141
0.00597731,384.517,-0.0231247,22.7871,0.000531858,192.362,3.15139
0.00597732,378.687,-0.0377605,22.7873,0.000531858,192.363,3.15136
0.00597733,370.224,-0.0502509,22.7875,0.000531858,192.363,3.15133
0.00597733,360.701,-0.059077,22.7877,0.000531858,192.363,3.15131
0.00597734,352.216,-0.0641066,22.7879,0.000531858,192.363,3.15129
0.00597735,343.648,-0.0671324,22.7881,0.000531858,192.364,3.15127
0.00597735,334.269,-0.0684009,22.7883,0.000531858,192.364,3.15125
0.00597736,324.342,-0.0675412,22.7884,0.000531858,192.364,3.15123
0.00597737,311.762,-0.0630296,22.7886,0.000531858,192.365,3.1512
0.00597738,299.619,-0.0541894,22.7887,0.000531858,192.365,3.15118
0.00597739,287.926,-0.0387735,22.7888,0.000531858,192.365,3.15114
0.0059774,281.848,-0.0242508,22.7887,0.000531858,192.366,3.15111
0.00597741,279.207,-0.0124064,22.7886,0.000531858,192.366,3.15109
0.00597742,278.33,-0.00192109,22.7885,0.000531858,192.366,3.15108
0.00597742,278.76,0.00857982,22.7883,0.000531858,192.366,3.15106
0.00597743,280.546,0.0191024,22.7881,0.000531858,192.366,3.15104
0.00597744,284.928,0.0322022,22.7878,0.000531858,192.366,3.15102
0.00597744,286.798,0.0361253,22.7877,0.000531858,192.367,3.15101
0.00597744,288.762,0.0396773,22.7876,0.000531858,192.367,3.151
0.00597745,289.642,0.0411186,22.7876,0.000531858,192.367,3.151
0.00597745,290.912,0.0430573,22.7875,0.000531858,192.367,3.151
0.00597745,291.801,0.0443239,22.7875,0.000531858,192.367,3.15099
0.00597745,292.54,0.0453243,22.7875,0.000531858,192.367,3.15099
0.00597745,293.278,0.0462759,22.7874,0.000531858,192.367,3.15099
0.00597745,294.068,0.0472426,22.7874,0.000531858,192.367,3.15099
0.00597745,294.831,0.0481234,22.7874,0.000531858,192.367,3.15098
0.00597745,295.707,0.0490696,22.7873,0.000531858,192.367,3.15098
0.00597745,296.578,0.0499372,22.7873,0.000531858,192.367,3.15098
0.00597745,297.097,0.0504195,22.7873,0.000531858,192.367,3.15098
0.00597745,297.561,0.0508276,22.7872,0.000531858,192.367,3.15098
0.00597745,298.051,0.0512343,22.7872,0.000531858,192.367,3.15097
0.00597745,298.656,0.0517019,22.7872,0.000531858,192.367,3.15097
0.00597746,299.557,0.0523249,22.7872,0.000531858,192.367,3.15097
0.00597746,300.741,0.0530059,22.7871,0.000531858,192.367,3.15097
0.00597746,302.042,0.0535661,22.7871,0.000531858,192.367,3.15096
0.00597746,304.211,0.0540435,22.787,0.000531858,192.367,3.15096
0.00597746,306.429,0.0539323,22.7869,0.000531858,192.367,3.15095
0.00597746,309.003,0.0530492,22.7868,0.000531858,192.367,3.15095
0.00597747,311.644,0.0513362,22.7867,0.000531858,192.367,3.15094
0.00597747,314.362,0.0487974,22.7866,0.000531858,192.367,3.15093
0.00597747,316.961,0.0457509,22.7865,0.000531858,192.367,3.15092
0.00597747,318.792,0.0433172,22.7865,0.000531858,192.367,3.15092
0.00597748,320.21,0.0413248,22.7864,0.000531858,192.367,3.15091
0.00597748,321.384,0.0396445,22.7864,0.000531858,192.367,3.15091
0.00597748,322.373,0.0382345,22.7863,0.000531858,192.367,3.15091
0.00597748,323.305,0.0369338,22.7863,0.000531858,192.367,3.1509
0.00597748,324.225,0.0356985,22.7863,0.000531858,192.367,3.1509
0.00597748,325.147,0.0345278,22.7862,0.000531858,192.367,3.1509
0.00597748,326.48,0.0329967,22.7862,0.000531858,192.367,3.15089
0.00597749,328.066,0.0314843,22.7861,0.000531858,192.367,3.15088
0.00597749,329.348,0.0305394,22.7861,0.000531858,192.367,3.15088
0.00597749,330.676,0.0298319,22.786,0.000531858,192.367,3.15087
0.00597749,331.898,0.029409,22.786,0.000531858,192.368,3.15087
0.00597749,332.545,0.0292658,22.786,0.000531858,192.368,3.15086
0.00597749,332.836,0.0292176,22.786,0.000531858,192.368,3.15086
0.00597749,333.074,0.0291847,22.786,0.000531858,192.368,3.15086
0.00597749,333.232,0.0291656,22.786,0.000531858,192.368,3.15086
0.0059775,333.384,0.0291488,22.786,0.000531858,192.368,3.15086
0.0059775,333.612,0.0291249,22.786,0.000531858,192.368,3.15086
0.0059775,333.823,0.0291025,22.7859,0.000531858,192.368,3.15086
0.0059775,333.985,0.0290845,22.7859,0.000531858,192.368,3.15086
0.0059775,334.188,0.02906,22.7859,0.000531858,192.368,3.15086
0.0059775,334.415,0.0290301,22.7859,0.000531858,192.368,3.15086
0.0059775,334.76,0.0289794,22.7859,0.000531858,192.368,3.15085
0.0059775,335.436,0.0288617,22.7859,0.000531858,192.368,3.15085
0.0059775,336.52,0.028621,22.7859,0.000531858,192.368,3.15085
0.0059775,338.139,0.028139,22.7858,0.000531858,192.368,3.15084
0.00597751,339.68,0.0275368,22.7858,0.000531858,192.368,3.15083
0.00597751,340.993,0.0269066,22.7857,0.000531858,192.368,3.15082
0.00597751,342.091,0.0262912,22.7857,0.000531858,192.368,3.15082
0.00597751,343.012,0.0257079,22.7857,0.000531858,192.368,3.15081
0.00597751,343.767,0.0251811,22.7856,0.000531858,192.368,3.15081
0.00597752,344.508,0.0246184,22.7856,0.000531858,192.368,3.15081
0.00597752,345.245,0.0240115,22.7856,0.000531858,192.368,3.1508
0.00597752,346.144,0.0232005,22.7856,0.000531858,192.368,3.1508
0.00597752,347.227,0.0221107,22.7855,0.000531858,192.368,3.15079
0.00597752,348.456,0.0206997,22.7855,0.000531858,192.368,3.15078
0.00597753,349.794,0.0189072,22.7855,0.000531858,192.368,3.15077
0.00597753,351.177,0.0166839,22.7854,0.000531858,192.368,3.15076
0.00597754,352.549,0.0139316,22.7854,0.000531858,192.368,3.15075
0.00597754,353.814,0.0105493,22.7853,0.000531858,192.369,3.15074
0.00597755,354.839,0.00637715,22.7853,0.000531858,192.369,3.15072
0.00597755,355.386,0.00125057,22.7853,0.000531858,192.369,3.1507
0.00597756,355.18,-0.00399331,22.7853,0.000531858,192.369,3.15068
0.00597757,354.32,-0.00869063,22.7853,0.000531858,192.369,3.15066
0.00597758,352.184,-0.0146093,22.7853,0.000531858,192.37,3.15064
0.00597759,348.85,-0.0199926,22.7854,0.000531858,192.37,3.15061
0.0059776,344.019,-0.0246422,22.7854,0.000531858,192.37,3.15058
0.00597761,339.682,-0.0270392,22.7855,0.000531858,192.37,3.15056
0.00597761,335.75,-0.0281563,22.7855,0.000531858,192.371,3.15054
0.00597762,331.397,-0.028371,22.7856,0.000531858,192.371,3.15052
0.00597763,327.467,-0.0276638,22.7856,0.000531858,192.371,3.1505
0.00597764,322.583,-0.0254797,22.7856,0.000531858,192.371,3.15048
0.00597765,317.883,-0.0216246,22.7856,0.000531858,192.372,3.15045
0.00597766,313.368,-0.0151207,22.7855,0.000531858,192.372,3.15042
0.00597767,311.081,-0.00912593,22.7854,0.000531858,192.372,3.15039
0.00597767,310.146,-0.00437584,22.7854,0.000531858,192.372,3.15038
0.00597768,309.876,-0.00013349,22.7853,0.000531858,192.373,3.15036
0.00597769,310.176,0.00450446,22.7852,0.000531858,192.373,3.15034
0.00597769,310.99,0.00861652,22.7851,0.000531858,192.373,3.15033
0.0059777,311.591,0.0106084,22.785,0.000531858,192.373,3.15032
0.0059777,312.108,0.0120172,22.7849,0.000531858,192.373,3.15031
0.0059777,312.527,0.0130178,22.7849,0.000531858,192.373,3.15031
0.0059777,312.908,0.0138392,22.7849,0.000531858,192.373,3.1503
0.0059777,313.268,0.0145531,22.7849,0.000531858,192.373,3.1503
0.0059777,313.632,0.0152154,22.7848,0.000531858,192.373,3.1503
0.00597771,314.018,0.0158583,22.7848,0.000531858,192.373,3.15029
0.00597771,314.374,0.0163994,22.7848,0.000531858,192.373,3.15029
0.00597771,314.808,0.0169924,22.7848,0.000531858,192.373,3.15029
0.00597771,315.161,0.017419,22.7847,0.000531858,192.373,3.15029
0.00597771,315.385,0.0176646,22.7847,0.000531858,192.373,3.15028
0.00597771,315.58,0.0178627,22.7847,0.000531858,192.373,3.15028
0.00597771,315.804,0.018071,22.7847,0.000531858,192.373,3.15028
0.00597771,316.027,0.0182586,22.7847,0.000531858,192.373,3.15028
0.00597771,316.48,0.0185755,22.7847,0.000531858,192.373,3.15028
0.00597771,316.988,0.018828,22.7846,0.000531858,192.373,3.15027
0.00597772,317.798,0.018996,22.7846,0.000531858,192.373,3.15027
0.00597772,318.677,0.0188434,22.7845,0.000531858,192.374,3.15026
0.00597772,319.557,0.0183307,22.7845,0.000531858,192.374,3.15026
0.00597772,320.515,0.0173466,22.7844,0.000531858,192.374,3.15025
0.00597773,321.52,0.0158234,22.7844,0.000531858,192.374,3.15024
0.00597773,322.407,0.0140392,22.7843,0.000531858,192.374,3.15023
0.00597773,323.281,0.0118787,22.7843,0.000531858,192.374,3.15022
0.00597774,324.059,0.00964157,22.7842,0.000531858,192.374,3.15021
0.00597774,324.746,0.00750513,22.7842,0.000531858,192.374,3.1502
0.00597774,325.203,0.00609922,22.7841,0.000531858,192.374,3.1502
0.00597775,325.546,0.00516745,22.7841,0.000531858,192.374,3.15019
0.00597775,325.838,0.00456691,22.7841,0.000531858,192.374,3.15018
0.00597775,326.128,0.00423887,22.784,0.000531858,192.374,3.15017
0.00597776,326.368,0.00419442,22.784,0.000531858,192.374,3.15017
0.00597776,326.567,0.00429564,22.784,0.000531858,192.375,3.15016
0.00597776,326.74,0.00445793,22.784,0.000531858,192.375,3.15015
0.00597776,326.852,0.00458902,22.7839,0.000531858,192.375,3.15015
0.00597776,326.941,0.00470033,22.7839,0.000531858,192.375,3.15015
0.00597776,327.062,0.00485613,22.7839,0.000531858,192.375,3.15015
0.00597776,327.178,0.00500236,22.7839,0.000531858,192.375,3.15014
0.00597777,327.289,0.00513688,22.7839,0.000531858,192.375,3.15014
0.00597777,327.391,0.00525446,22.7839,0.000531858,192.375,3.15014
0.00597777,327.532,0.0054078,22.7839,0.000531858,192.375,3.15013
0.00597777,327.672,0.00554662,22.7839,0.000531858,192.375,3.15013
0.00597777,327.923,0.00576835,22.7838,0.000531858,192.375,3.15013
0.00597777,328.172,0.00595392,22.7838,0.000531858,192.375,3.15012
0.00597777,328.384,0.00608604,22.7838,0.000531858,192.375,3.15012
0.00597778,328.569,0.00618209,22.7838,0.000531858,192.375,3.15011
0.00597778,328.763,0.00626321,22.7838,0.000531858,192.375,3.15011
0.00597778,328.947,0.00632122,22.7837,0.000531858,192.375,3.1501
0.00597778,329.21,0.00637,22.7837,0.000531858,192.375,3.1501
0.00597778,329.503,0.00637268,22.7837,0.000531858,192.375,3.15009
0.00597779,329.785,0.0063184,22.7837,0.000531858,192.375,3.15009
0.00597779,330.057,0.00620703,22.7836,0.000531858,192.375,3.15008
0.00597779,330.354,0.00600954,22.7836,0.000531858,192.375,3.15008
0.00597779,330.586,0.00579283,22.7836,0.000531858,192.375,3.15007
0.00597779,330.785,0.0055576,22.7836,0.000531858,192.375,3.15007
0.0059778,330.983,0.00527263,22.7836,0.000531858,192.375,3.15006
0.0059778,331.197,0.0048967,22.7835,0.000531858,192.376,3.15006
0.0059778,331.457,0.00432697,22.7835,0.000531858,192.376,3.15005
0.0059778,331.699,0.00365215,22.7835,0.000531858,192.376,3.15004
0.00597781,331.923,0.0028396,22.7835,0.000531858,192.376,3.15003
0.00597781,332.103,0.00195705,22.7834,0.000531858,192.376,3.15002
0.00597781,332.215,0.00115482,22.7834,0.000531858,192.376,3.15001
0.00597782,332.265,0.000561976,22.7834,0.000531858,192.376,3.15001
0.00597782,332.282,0.000124285,22.7834,0.000531858,192.376,3.15
0.00597782,332.279,-0.000265689,22.7833,0.000531858,192.376,3.15
0.00597782,332.259,-0.000618937,22.7833,0.000531858,192.376,3.14999
0.00597783,332.222,-0.000922797,22.7833,0.000531858,192.376,3.14998
0.00597783,332.181,-0.00114109,22.7833,0.000531858,192.376,3.14998
0.00597783,332.129,-0.00133778,22.7833,0.000531858,192.376,3.14997
0.00597783,332.074,-0.00148752,22.7833,0.000531858,192.376,3.14997
0.00597783,332.006,-0.0016274,22.7832,0.000531858,192.376,3.14996
0.00597784,331.927,-0.00175197,22.7832,0.000531858,192.377,3.14996
0.00597784,331.861,-0.00183546,22.7832,0.000531858,192.377,3.14995
0.00597784,331.79,-0.00191363,22.7832,0.000531858,192.377,3.14995
0.00597784,331.715,-0.00198667,22.7832,0.000531858,192.377,3.14994
0.00597784,331.621,-0.00207259,22.7832,0.000531858,192.377,3.14994
0.00597785,331.512,-0.00216704,22.7832,0.000531858,192.377,3.14993
0.00597785,331.368,-0.00229183,22.7831,0.000531858,192.377,3.14992
0.00597785,331.161,-0.00248162,22.7831,0.000531858,192.377,3.14991
0.00597786,330.956,-0.00269217,22.7831,0.000531858,192.377,3.1499
0.00597786,330.74,-0.00294441,22.783,0.000531858,192.377,3.14989
0.00597787,330.555,-0.00318435,22.783,0.000531858,192.377,3.14989
0.00597787,330.372,-0.00344144,22.783,0.000531858,192.377,3.14988
0.00597787,330.203,-0.0036898,22.783,0.000531858,192.377,3.14987
0.00597787,330.022,-0.00396547,22.783,0.000531858,192.377,3.14987
0.00597787,329.823,-0.00427277,22.783,0.000531858,192.378,3.14986
0.00597788,329.53,-0.00472496,22.7829,0.000531858,192.378,3.14985
0.00597788,329.101,-0.00535608,22.7829,0.000531858,192.378,3.14984
0.00597789,328.565,-0.00607821,22.7829,0.000531858,192.378,3.14983
0.00597789,327.834,-0.00692307,22.7828,0.000531858,192.378,3.14982
0.0059779,327.128,-0.00760037,22.7828,0.000531858,192.378,3.14981
0.0059779,326.384,-0.0081828,22.7828,0.000531858,192.378,3.14979
0.00597791,325.547,-0.00870733,22.7828,0.000531858,192.378,3.14978
0.00597791,324.603,-0.00917421,22.7827,0.000531858,192.379,3.14977
0.00597792,323.526,-0.00960335,22.7827,0.000531858,192.379,3.14976
0.00597792,322.102,-0.0101016,22.7827,0.000531858,192.379,3.14974
0.00597793,320.55,-0.0106532,22.7826,0.000531858,192.379,3.14972
0.00597794,318.909,-0.011303,22.7826,0.000531858,192.379,3.1497
0.00597795,316.87,-0.0121941,22.7825,0.000531858,192.38,3.14968
0.00597796,314.619,-0.0131945,22.7825,0.000531858,192.38,3.14966
0.00597797,311.501,-0.014442,22.7824,0.000531858,192.38,3.14963
0.00597798,307.6,-0.0156941,22.7824,0.000531858,192.38,3.1496
0.00597799,304.08,-0.016597,22.7823,0.000531858,192.381,3.14958
0.005978,300.986,-0.0172919,22.7823,0.000531858,192.381,3.14955
0.00597801,297.572,-0.0180264,22.7822,0.000531858,192.381,3.14953
0.00597802,293.754,-0.018844,22.7822,0.000531858,192.382,3.14951
0.00597803,288.158,-0.0199996,22.7821,0.000531858,192.382,3.14947
0.00597805,282.47,-0.0210566,22.782,0.000531858,192.382,3.14944
0.00597806,276.153,-0.0220697,22.782,0.000531858,192.383,3.14941
0.00597808,268.048,-0.023178,22.7819,0.000531858,192.383,3.14937
0.0059781,258.664,-0.0242805,22.7818,0.000531858,192.384,3.14932
0.00597812,248.554,-0.0252896,22.7817,0.000531858,192.385,3.14927
0.00597814,238.061,-0.0261418,22.7816,0.000531858,192.385,3.14923
0.00597816,227.254,-0.0268163,22.7815,0.000531858,192.386,3.14918
0.00597818,216.205,-0.0273091,22.7814,0.000531858,192.386,3.14914
0.0059782,204.988,-0.0276214,22.7813,0.000531858,192.387,3.14909
0.00597822,193.677,-0.0277524,22.7813,0.000531858,192.388,3.14905
0.00597824,182.346,-0.0277,22.7812,0.000531858,192.388,3.149
0.00597826,171.07,-0.0274638,22.7811,0.000531858,192.389,3.14896
0.00597828,159.926,-0.0270457,22.781,0.000531858,192.389,3.14891
0.0059783,148.986,-0.026449,22.7809,0.000531858,192.39,3.14887
0.00597832,138.324,-0.0256777,22.7808,0.000531858,192.391,3.14883
0.00597834,128.01,-0.0247367,22.7807,0.000531858,192.391,3.14878
0.00597836,118.113,-0.0236322,22.7807,0.000531858,192.392,3.14874
0.00597838,108.698,-0.0223714,22.7806,0.000531858,192.392,3.1487
0.0059784,99.8275,-0.0209628,22.7805,0.000531858,192.393,3.14866
0.00597842,91.5615,-0.0194156,22.7804,0.000531858,192.393,3.14862
0.00597844,83.9545,-0.0177401,22.7803,0.000531858,192.394,3.14857
0.00597846,77.0569,-0.0159473,22.7802,0.000531858,192.395,3.14853
0.00597848,70.9147,-0.014049,22.7802,0.000531858,192.395,3.14849
0.0059785,65.5687,-0.012058,22.7801,0.000531858,192.396,3.14845
0.00597852,61.0543,-0.00998731,22.78,0.000531858,192.396,3.14841
0.00597854,57.4017,-0.00785073,22.7799,0.000531858,192.397,3.14837
0.00597856,54.6349,-0.0056624,22.7798,0.000531858,192.397,3.14833
0.00597858,52.7723,-0.00343683,22.7798,0.000531858,192.398,3.14829
0.0059786,51.8263,-0.00118881,22.7797,0.000531858,192.398,3.14826
0.00597862,51.8029,0.0010668,22.7796,0.000531858,192.399,3.14822
0.00597864,52.7023,0.00331508,22.7795,0.000531858,192.4,3.14818
0.00597866,54.5184,0.00554108,22.7794,0.000531858,192.4,3.14814
0.00597868,57.2388,0.00773004,22.7794,0.000531858,192.401,3.1481
0.0059787,60.8453,0.00986747,22.7793,0.000531858,192.401,3.14807
0.00597872,65.3138,0.0119392,22.7792,0.000531858,192.402,3.14803
0.00597874,70.6144,0.0139316,22.7791,0.000531858,192.402,3.14799
0.00597876,76.7117,0.0158315,22.779,0.000531858,192.402,3.14796
0.00597878,83.5648,0.0176262,22.779,0.000531858,192.403,3.14792
0.0059788,91.1282,0.019304,22.7789,0.000531858,192.403,3.14789
0.00597882,99.3513,0.0208537,22.7788,0.000531858,192.404,3.14785
0.00597884,108.179,0.0222653,22.7787,0.000531858,192.404,3.14782
0.00597886,117.553,0.0235293,22.7786,0.000531858,192.405,3.14778
0.00597888,127.411,0.0246376,22.7786,0.000531858,192.405,3.14775
0.0059789,137.687,0.0255829,22.7785,0.000531858,192.406,3.14771
0.00597892,148.313,0.0263591,22.7784,0.000531858,192.406,3.14768
0.00597894,159.218,0.026961,22.7783,0.000531858,192.407,3.14765
0.00597896,170.329,0.027385,22.7782,0.000531858,192.407,3.14762
0.00597898,181.574,0.0276283,22.7782,0.000531858,192.407,3.14758
0.005979,192.878,0.0276894,22.7781,0.000531858,192.408,3.14755
0.00597902,204.166,0.0275683,22.778,0.000531858,192.408,3.14752
0.00597904,215.363,0.0272657,22.7779,0.000531858,192.409,3.14749
0.00597906,226.396,0.0267841,22.7778,0.000531858,192.409,3.14746
0.00597908,237.192,0.0261267,22.7777,0.000531858,192.41,3.14743
0.0059791,247.681,0.0252982,22.7777,0.000531858,192.41,3.1474
0.00597912,257.793,0.0243043,22.7776,0.000531858,192.411,3.14737
0.00597914,267.464,0.0231519,22.7775,0.000531858,192.411,3.14734
0.00597916,276.629,0.0218489,22.7774,0.000531858,192.411,3.14731
0.00597918,285.231,0.0204043,22.7773,0.000531858,192.412,3.14728
0.0059792,293.214,0.0188281,22.7772,0.000531858,192.412,3.14725
0.00597922,300.527,0.0171312,22.7771,0.000531858,192.413,3.14722
0.00597924,307.125,0.0153255,22.7771,0.000531858,192.413,3.14719
0.00597926,312.966,0.0134232,22.777,0.000531858,192.414,3.14716
0.00597927,314.74,0.0127695,22.7769,0.000531858,192.414,3.14716
0.00597927,315.77,0.0123698,22.7769,0.000531858,192.414,3.14715
0.00597927,316.476,0.0120865,22.7769,0.000531858,192.414,3.14715
0.00597928,317.101,0.0118286,22.7769,0.000531858,192.414,3.14714
0.00597928,317.996,0.0114472,22.7769,0.000531858,192.414,3.14714
0.00597928,319.037,0.0109826,22.7769,0.000531858,192.414,3.14713
0.00597929,319.532,0.0107532,22.7768,0.000531858,192.414,3.14713
0.00597929,320.268,0.0104005,22.7768,0.000531858,192.414,3.14712
0.00597929,321.026,0.0100221,22.7768,0.000531858,192.415,3.14712
0.0059793,322.455,0.00925886,22.7768,0.000531858,192.415,3.14711
0.00597931,324.004,0.00834466,22.7767,0.000531858,192.415,3.1471
0.00597932,326.355,0.00671019,22.7767,0.000531858,192.415,3.14708
0.00597934,328.079,0.00518823,22.7766,0.000531858,192.416,3.14706
0.00597935,329.06,0.00407584,22.7766,0.000531858,192.416,3.14704
0.00597936,329.68,0.00317821,22.7765,0.000531858,192.416,3.14703
0.00597936,330.107,0.00237291,22.7765,0.000531858,192.416,3.14702
0.00597937,330.412,0.00156397,22.7765,0.000531858,192.417,3.14701
0.00597938,330.586,0.000789247,22.7764,0.000531858,192.417,3.14701
0.00597939,330.639,-0.000270824,22.7764,0.000531858,192.417,3.14699
0.0059794,330.443,-0.00145395,22.7763,0.000531858,192.417,3.14698
0.00597941,329.913,-0.00275924,22.7763,0.000531858,192.418,3.14696
0.00597942,329.289,-0.00375495,22.7762,0.000531858,192.418,3.14695
0.00597943,328.483,-0.00473967,22.7762,0.000531858,192.418,3.14694
0.00597944,327.223,-0.00596095,22.7761,0.000531858,192.418,3.14693
0.00597946,325.493,-0.00730665,22.7761,0.000531858,192.419,3.14691
0.00597947,322.673,-0.00906208,22.776,0.000531858,192.419,3.14689
0.00597948,322.111,-0.00936968,22.776,0.000531858,192.419,3.14689
0.00597948,321.937,-0.00946178,22.776,0.000531858,192.419,3.14689
0.00597948,321.587,-0.00964573,22.776,0.000531858,192.419,3.14688
0.00597948,320.887,-0.0100017,22.7759,0.000531858,192.42,3.14688
0.00597949,319.414,-0.0107077,22.7759,0.000531858,192.42,3.14687
0.0059795,316.17,-0.0120921,22.7758,0.000531858,192.42,3.14685
0.00597952,310.864,-0.0140018,22.7758,0.000531858,192.421,3.14683
0.00597954,304.8,-0.0158228,22.7757,0.000531858,192.421,3.14681
0.00597956,298.013,-0.0175436,22.7756,0.000531858,192.422,3.14679
0.00597957,293.895,-0.0184623,22.7755,0.000531858,192.422,3.14677
0.00597958,291.019,-0.0190568,22.7755,0.000531858,192.422,3.14677
0.00597959,287.747,-0.0196912,22.7755,0.000531858,192.423,3.14676
0.0059796,283.401,-0.020472,22.7754,0.000531858,192.423,3.14675
0.00597961,278.895,-0.0212157,22.7754,0.000531858,192.423,3.14673
0.00597963,272.528,-0.0221671,22.7753,0.000531858,192.424,3.14672
0.00597964,266.352,-0.0229916,22.7752,0.000531858,192.424,3.1467
0.00597966,258.394,-0.0239272,22.7752,0.000531858,192.424,3.14669
0.00597967,250.167,-0.0247595,22.7751,0.000531858,192.425,3.14667
0.00597969,239.886,-0.0256243,22.775,0.000531858,192.426,3.14665
0.0059797,237.11,-0.0258265,22.775,0.000531858,192.426,3.14664
0.00597971,232.456,-0.0261366,22.7749,0.000531858,192.426,3.14664
0.00597971,230.85,-0.0262354,22.7749,0.000531858,192.426,3.14663
0.00597971,230.314,-0.0262672,22.7749,0.000531858,192.426,3.14663
0.00597971,229.239,-0.0263298,22.7749,0.000531858,192.426,3.14663
0.00597972,227.083,-0.0264499,22.7749,0.000531858,192.426,3.14663
0.00597972,224.369,-0.0265907,22.7749,0.000531858,192.426,3.14662
0.00597972,224.364,-0.026591,22.7749,0.000531858,192.426,3.14662
0.00597972,224.353,-0.0265916,22.7749,0.000531858,192.426,3.14662
0.00597972,224.344,-0.026592,22.7749,0.000531858,192.426,3.14662
0.00597972,224.335,-0.0265925,22.7749,0.000531858,192.426,3.14662
0.00597972,224.318,-0.0265933,22.7749,0.000531858,192.426,3.14662
0.00597972,224.283,-0.026595,22.7749,0.000531858,192.426,3.14662
0.00597972,224.224,-0.026598,22.7749,0.000531858,192.426,3.14662
0.00597972,224.153,-0.0266015,22.7749,0.000531858,192.426,3.14662
0.00597972,224.05,-0.0266065,22.7749,0.000531858,192.426,3.14662
0.00597972,223.926,-0.0266126,22.7749,0.000531858,192.426,3.14662
0.00597972,223.763,-0.0266206,22.7749,0.000531858,192.426,3.14662
0.00597972,223.564,-0.0266303,22.7749,0.000531858,192.426,3.14662
0.00597972,223.312,-0.0266425,22.7749,0.000531858,192.426,3.14662
0.00597972,223.004,-0.0266572,22.7749,0.000531858,192.427,3.14662
0.00597973,222.618,-0.0266755,22.7748,0.000531858,192.427,3.14662
0.00597973,222.139,-0.0266978,22.7748,0.000531858,192.427,3.14662
0.00597973,221.528,-0.0267258,22.7748,0.000531858,192.427,3.14662
0.00597973,220.739,-0.026761,22.7748,0.000531858,192.427,3.14662
0.00597973,219.682,-0.0268068,22.7748,0.000531858,192.427,3.14661
0.00597973,219.071,-0.0268324,22.7748,0.000531858,192.427,3.14661
0.00597973,218.73,-0.0268465,22.7748,0.000531858,192.427,3.14661
0.00597973,218.238,-0.0268664,22.7748,0.000531858,192.427,3.14661
0.00597973,218.08,-0.0268727,22.7748,0.000531858,192.427,3.14661
0.00597973,217.802,-0.0268838,22.7748,0.000531858,192.427,3.14661
0.00597973,217.725,-0.0268868,22.7748,0.000531858,192.427,3.14661
0.00597973,217.591,-0.0268921,22.7748,0.000531858,192.427,3.14661
0.00597973,217.553,-0.0268936,22.7748,0.000531858,192.427,3.14661
0.00597973,217.488,-0.0268961,22.7748,0.000531858,192.427,3.14661
0.00597973,217.481,-0.0268964,22.7748,0.000531858,192.427,3.14661
0.00597973,217.468,-0.0268969,22.7748,0.000531858,192.427,3.14661
0.00597973,217.465,-0.026897,22.7748,0.000531858,192.427,3.14661
0.00597973,217.46,-0.0268972,22.7748,0.000531858,192.427,3.14661
0.00597973,217.45,-0.0268976,22.7748,0.000531858,192.427,3.14661
0.00597973,217.447,-0.0268977,22.7748,0.000531858,192.427,3.14661
0.00597973,217.442,-0.0268979,22.7748,0.000531858,192.427,3.14661
0.00597973,216.097,-0.0268979,22.7748,0.000531858,192.427,3.14661
0.00597973,213.749,-0.0268977,22.7748,0.000531858,192.427,3.14661
0.00597973,209.832,-0.0268972,22.7748,0.000531858,192.427,3.14661
0.00597973,205.227,-0.0268965,22.7748,0.000531858,192.427,3.14661
0.00597973,200.441,-0.0268954,22.7748,0.000531858,192.427,3.14661
0.00597973,195.811,-0.026894,22.7748,0.000531858,192.427,3.14661
0.00597973,190.351,-0.0268921,22.7748,0.000531858,192.427,3.14661
0.00597973,185.394,-0.02689,22.7748,0.000531858,192.427,3.14661
0.00597973,177.7,-0.0268859,22.7748,0.000531858,192.427,3.14661
0.00597973,167.642,-0.0268791,22.7748,0.000531858,192.427,3.14661
0.00597973,152.216,-0.0268647,22.7748,0.000531858,192.427,3.14661
0.00597973,134.772,-0.0268415,22.7748,0.000531858,192.427,3.14661
0.00597973,113.845,-0.0268013,22.7748,0.000531858,192.427,3.14661
0.00597973,91.4452,-0.0267374,22.7748,0.000531858,192.427,3.14661
0.00597973,68.3727,-0.0266367,22.7748,0.000531858,192.427,3.14661
0.00597973,50.3071,-0.0265158,22.7748,0.000531858,192.427,3.14661
0.00597973,37.1553,-0.026385,22.7748,0.000531858,192.427,3.14661
0.00597973,27.5966,-0.0262483,22.7748,0.000531858,192.427,3.14661
0.00597973,20.669,-0.0261094,22.7748,0.000531858,192.427,3.14661
0.00597973,15.5178,-0.0259671,22.7748,0.000531858,192.427,3.14661
0.00597973,11.6791,-0.0258229,22.7748,0.000531858,192.427,3.14661
0.00597973,8.77945,-0.0256758,22.7748,0.000531858,192.427,3.14661
0.00597973,6.5995,-0.0255271,22.7748,0.000531858,192.427,3.14661
0.00597973,4.95286,-0.0253765,22.7748,0.000531858,192.427,3.14661
0.00597973,3.71549,-0.0252252,22.7748,0.000531858,192.427,3.14661
0.00597973,2.78343,-0.025073,22.7748,0.000531858,192.427,3.14661
0.00597973,2.08353,-0.0249206,22.7748,0.000531858,192.427,3.14661
0.00597973,1.55695,-0.024768,22.7748,0.000531858,192.427,3.14661
0.00597973,1.16145,-0.0246155,22.7748,0.000531858,192.427,3.14661
0.00597973,0.863993,-0.0244633,22.7748,0.000531858,192.427,3.14661
0.00597973,0.640516,-0.0243116,22.7748,0.000531858,192.427,3.14661
0.00597973,0.472493,-0.0241605,22.7748,0.000531858,192.427,3.14661
0.00597974,0.346269,-0.0240104,22.7748,0.000531858,192.427,3.14661
0.00597974,0.251424,-0.0238616,22.7748,0.000531858,192.427,3.14661
0.00597974,0.180219,-0.0237146,22.7748,0.000531858,192.427,3.14661
0.00597974,0.126783,-0.02357,22.7748,0.000531858,192.427,3.14661
0.00597974,0.0867412,-0.0234285,22.7748,0.000531858,192.427,3.14661
0.00597974,0.0567927,-0.0232913,22.7748,0.000531858,192.427,3.14661
0.00597974,0.0344821,-0.0231599,22.7748,0.000531858,192.427,3.14661
0.00597974,0.0179824,-0.0230364,22.7748,0.000531858,192.427,3.14661
0.00597974,0.0076213,-0.0229407,22.7748,0.000531858,192.427,3.14661
0.00597974,0.000466201,-0.0228625,22.7748,0.000531858,192.427,3.14661
0.00597974,-0.0059211,-0.0227815,22.7748,0.000531858,192.427,3.14661
0.00597974,-0.0112057,-0.0227037,22.7748,0.000531858,192.427,3.14661
0.00597974,-0.0165563,-0.0226116,22.7748,0.000531858,192.427,3.14661
0.00597974,-0.0223303,-0.0224907,22.7748,0.000531858,192.427,3.14661
0.00597974,-0.0276231,-0.0223495,22.7748,0.000531858,192.427,3.14661
0.00597974,-0.0323922,-0.0221789,22.7748,0.000531858,192.427,3.14661
0.00597974,-0.0361576,-0.0219875,22.7748,0.000531858,192.427,3.14661
0.00597974,-0.0390321,-0.0217654,22.7748,0.000531858,192.427,3.14661
0.00597974,-0.0409563,-0.0215158,22.7748,0.000531858,192.427,3.14661
0.00597974,-0.0420862,-0.0212259,22.7748,0.000531858,192.427,3.14661
0.00597974,-0.0425083,-0.0208924,22.7748,0.000531858,192.427,3.14661
0.00597974,-0.0423475,-0.0204952,22.7748,0.000531858,192.427,3.14661
0.00597974,-0.041694,-0.0200175,22.7748,0.000531858,192.427,3.14661
0.00597974,-0.0405814,-0.0194137,22.7748,0.000531858,192.427,3.14661
0.00597974,-0.0389841,-0.0186248,22.7748,0.000531858,192.427,3.14661
0.00597974,-0.0366784,-0.0175057,22.7748,0.000531858,192.427,3.14661
0.00597974,-0.0330559,-0.0157385,22.7748,0.000531858,192.427,3.14661
0.00597974,-0.0259582,-0.0122611,22.7748,0.000531858,192.427,3.14661
0.00597974,-0.0173484,-0.00804521,22.7748,0.000531858,192.427,3.14661
0.00597974,-0.00413831,-0.00159112,22.7748,0.000531858,192.427,3.14661
0.00597974,0.00792326,0.00428722,22.7747,0.000531858,192.427,3.1466
0.00597974,0.0193295,0.00982832,22.7747,0.000531858,192.427,3.1466
0.00597974,0.0305374,0.0152419,22.7747,0.000531858,192.427,3.1466
0.00597974,0.0387417,0.01915,22.7746,0.000531858,192.427,3.1466
0.00597975,0.0408652,0.0200736,22.7746,0.000531858,192.427,3.1466
0.00597975,0.0376049,0.0183675,22.7745,0.000531858,192.427,3.1466
0.00597975,0.0314837,0.0152885,22.7745,0.000531858,192.427,3.14659
0.00597975,0.0239581,0.0115408,22.7744,0.000531858,192.427,3.14659
0.00597975,0.015894,0.00754486,22.7744,0.000531858,192.427,3.14659
0.00597975,0.00815011,0.00371944,22.7744,0.000531858,192.427,3.14659
0.00597975,0.000742496,6.79799e-05,22.7744,0.000531858,192.427,3.14659
0.00597976,-0.00710151,-0.00379184,22.7744,0.000531858,192.427,3.14659
0.00597976,-0.0150431,-0.00769354,22.7744,0.000531858,192.427,3.14659
0.00597976,-0.0262089,-0.0131698,22.7743,0.000531858,192.427,3.14659
0.00597976,-0.0378789,-0.0188814,22.7743,0.000531858,192.427,3.14658
0.00597976,-0.0510818,-0.0253263,22.7743,0.000531858,192.428,3.14658
0.00597977,-0.0625634,-0.0309077,22.7743,0.000531858,192.428,3.14658
0.00597977,-0.07087,-0.0349021,22.7744,0.000531858,192.428,3.14658
0.00597977,-0.0708136,-0.0348076,22.7744,0.000531858,192.428,3.14657
0.00597978,-0.0662927,-0.0325455,22.7744,0.000531858,192.428,3.14657
0.00597978,-0.0597676,-0.0293168,22.7744,0.000531858,192.428,3.14657
0.00597978,-0.0522462,-0.0256128,22.7744,0.000531858,192.428,3.14656
0.00597979,-0.0440915,-0.0216107,22.7744,0.000531858,192.428,3.14656
0.00597979,-0.0374965,-0.0183843,22.7744,0.000531858,192.428,3.14656
0.0059798,-0.0319899,-0.0157002,22.7744,0.000531858,192.429,3.14655
0.0059798,-0.0285562,-0.0140372,22.7744,0.000531858,192.429,3.14655
0.0059798,-0.0277068,-0.0136339,22.7744,0.000531858,192.429,3.14655
0.00597981,-0.0278292,-0.0137035,22.7744,0.000531858,192.429,3.14654
0.00597981,-0.0285676,-0.0140713,22.7744,0.000531858,192.429,3.14654
0.00597981,-0.0297026,-0.0146286,22.7744,0.000531858,192.429,3.14654
0.00597982,-0.0304642,-0.0149977,22.7743,0.000531858,192.429,3.14653
0.00597982,-0.0305312,-0.0150208,22.7743,0.000531858,192.429,3.14653
0.00597983,-0.029268,-0.0143892,22.7743,0.000531858,192.429,3.14652
0.00597983,-0.0271864,-0.0133592,22.7743,0.000531858,192.43,3.14652
0.00597984,-0.024731,-0.0121489,22.7743,0.000531858,192.43,3.14651
0.00597985,-0.0219198,-0.0107666,22.7743,0.000531858,192.43,3.14651
0.00597985,-0.0189632,-0.00931503,22.7743,0.000531858,192.43,3.1465
0.00597986,-0.0163183,-0.00801727,22.7742,0.000531858,192.43,3.1465
0.00597987,-0.0134724,-0.00661961,22.7742,0.000531858,192.431,3.14649
0.00597987,-0.011478,-0.00563845,22.7742,0.000531858,192.431,3.14648
0.00597988,-0.00928427,-0.00455811,22.7742,0.000531858,192.431,3.14648
0.00597989,-0.00668966,-0.00328021,22.7741,0.000531858,192.431,3.14647
0.0059799,-0.0031151,-0.00152062,22.7741,0.000531858,192.431,3.14646
0.00597991,-0.000534105,-0.000250777,22.7741,0.000531858,192.432,3.14646
0.00597992,0.00207919,0.00103459,22.774,0.000531858,192.432,3.14645
0.00597992,0.00463787,0.00229301,22.774,0.000531858,192.432,3.14644
0.00597994,0.00931606,0.00459413,22.774,0.000531858,192.432,3.14643
0.00597996,0.0158946,0.00783048,22.7739,0.000531858,192.433,3.14642
0.00597998,0.0225222,0.0110909,22.7738,0.000531858,192.433,3.1464
0.00598,0.0291752,0.0143636,22.7737,0.000531858,192.434,3.14639
0.00598002,0.0358215,0.0176328,22.7736,0.000531858,192.434,3.14637
0.00598004,0.0424571,0.0208968,22.7736,0.000531858,192.435,3.14636
0.00598006,0.0490907,0.0241597,22.7735,0.000531858,192.435,3.14635
0.00598008,0.0557267,0.0274237,22.7734,0.000531858,192.436,3.14633
0.0059801,0.0623641,0.0306883,22.7733,0.000531858,192.436,3.14632
0.00598012,0.0690011,0.0339528,22.7732,0.000531858,192.437,3.14631
0.00598014,0.0756375,0.0372168,22.7731,0.000531858,192.437,3.14629
0.00598016,0.0822737,0.0404807,22.7731,0.000531858,192.437,3.14628
0.00598018,0.0889097,0.0437446,22.773,0.000531858,192.438,3.14627
0.0059802,0.0955457,0.0470084,22.7729,0.000531858,192.438,3.14626
0.00598022,0.102182,0.0502721,22.7728,0.000531858,192.438,3.14625
0.00598024,0.108817,0.0535356,22.7727,0.000531858,192.439,3.14624
0.00598026,0.115453,0.0567991,22.7726,0.000531858,192.439,3.14623
0.00598028,0.122088,0.0600624,22.7725,0.000531858,192.44,3.14622
0.0059803,0.128723,0.0633257,22.7725,0.000531858,192.44,3.14621
0.00598032,0.135358,0.0665888,22.7724,0.000531858,192.44,3.1462
0.00598034,0.141992,0.0698518,22.7723,0.000531858,192.44,3.14619
0.00598036,0.148627,0.0731147,22.7722,0.000531858,192.441,3.14618
0.00598038,0.155261,0.0763775,22.7721,0.000531858,192.441,3.14618
0.0059804,0.161895,0.0796402,22.772,0.000531858,192.441,3.14617
0.00598042,0.168529,0.0829028,22.772,0.000531858,192.442,3.14616
0.00598044,0.175163,0.0861653,22.7719,0.000531858,192.442,3.14616
0.00598046,0.181796,0.0894277,22.7718,0.000531858,192.442,3.14615
0.00598048,0.188429,0.09269,22.7717,0.000531858,192.442,3.14614
0.0059805,0.195062,0.0959521,22.7716,0.000531858,192.443,3.14614
0.00598052,0.201695,0.0992142,22.7715,0.000531858,192.443,3.14613
0.00598054,0.208328,0.102476,22.7714,0.000531858,192.443,3.14613
0.00598056,0.21496,0.105738,22.7714,0.000531858,192.443,3.14612
0.00598058,0.221592,0.109,22.7713,0.000531858,192.443,3.14612
0.0059806,0.228224,0.112261,22.7712,0.000531858,192.444,3.14611
0.00598062,0.234856,0.115523,22.7711,0.000531858,192.444,3.14611
0.00598064,0.241487,0.118784,22.771,0.000531858,192.444,3.14611
0.00598066,0.248118,0.122045,22.7709,0.000531858,192.444,3.1461
0.00598068,0.25475,0.125307,22.7708,0.000531858,192.444,3.1461
0.0059807,0.26138,0.128568,22.7708,0.000531858,192.444,3.1461
0.00598072,0.268011,0.131829,22.7707,0.000531858,192.445,3.1461
0.00598074,0.274641,0.13509,22.7706,0.000531858,192.445,3.1461
0.00598076,0.281271,0.13835,22.7705,0.000531858,192.445,3.1461
0.00598078,0.287901,0.141611,22.7704,0.000531858,192.445,3.14609
0.0059808,0.294531,0.144871,22.7703,0.000531858,192.445,3.14609
0.00598082,0.301161,0.148132,22.7703,0.000531858,192.445,3.14609
0.00598084,0.30779,0.151392,22.7702,0.000531858,192.445,3.14609
0.00598086,0.314419,0.154652,22.7701,0.000531858,192.445,3.1461
0.00598088,0.321048,0.157912,22.77,0.000531858,192.445,3.1461
0.0059809,0.327676,0.161172,22.7699,0.000531858,192.445,3.1461
0.00598092,0.334304,0.164432,22.7698,0.000531858,192.445,3.1461
0.00598094,0.340933,0.167692,22.7697,0.000531858,192.445,3.1461
0.00598096,0.34756,0.170952,22.7697,0.000531858,192.445,3.1461
0.00598098,0.354188,0.174211,22.7696,0.000531858,192.445,3.14611
0.005981,0.360816,0.17747,22.7695,0.000531858,192.445,3.14611
0.00598102,0.367443,0.18073,22.7694,0.000531858,192.445,3.14611
0.00598104,0.37407,0.183989,22.7693,0.000531858,192.445,3.14612
0.00598106,0.380696,0.187248,22.7692,0.000531858,192.445,3.14612
0.00598108,0.387323,0.190507,22.7691,0.000531858,192.445,3.14613
0.0059811,0.393949,0.193766,22.7691,0.000531858,192.445,3.14613
0.00598112,0.400575,0.197024,22.769,0.000531858,192.445,3.14614
0.00598114,0.407201,0.200283,22.7689,0.000531858,192.445,3.14614
0.00598116,0.413827,0.203541,22.7688,0.000531858,192.445,3.14615
0.00598118,0.420452,0.2068,22.7687,0.000531858,192.445,3.14616
0.0059812,0.427077,0.210058,22.7686,0.000531858,192.445,3.14616
0.00598122,0.433702,0.213316,22.7685,0.000531858,192.444,3.14617
0.00598124,0.440327,0.216574,22.7685,0.000531858,192.444,3.14618
0.00598126,0.446951,0.219832,22.7684,0.000531858,192.444,3.14619
0.00598128,0.453575,0.22309,22.7683,0.000531858,192.444,3.1462
0.0059813,0.460199,0.226348,22.7682,0.000531858,192.444,3.1462
0.00598132,0.466823,0.229605,22.7681,0.000531858,192.444,3.14621
0.00598134,0.473446,0.232863,22.768,0.000531858,192.444,3.14622
0.00598136,0.48007,0.23612,22.768,0.000531858,192.443,3.14623
0.00598138,0.486693,0.239377,22.7679,0.000531858,192.443,3.14624
0.0059814,0.493316,0.242634,22.7678,0.000531858,192.443,3.14625
0.00598142,0.499938,0.245891,22.7677,0.000531858,192.443,3.14626
0.00598144,0.50656,0.249148,22.7676,0.000531858,192.443,3.14628
0.00598146,0.513182,0.252405,22.7675,0.000531858,192.442,3.14629
0.00598148,0.519804,0.255662,22.7674,0.000531858,192.442,3.1463
0.0059815,0.526426,0.258918,22.7674,0.000531858,192.442,3.14631
0.00598152,0.533047,0.262175,22.7673,0.000531858,192.441,3.14632
0.00598154,0.539668,0.265431,22.7672,0.000531858,192.441,3.14634
0.00598156,0.546289,0.268687,22.7671,0.000531858,192.441,3.14635
0.00598158,0.55291,0.271943,22.767,0.000531858,192.441,3.14636
0.0059816,0.55953,0.275199,22.7669,0.000531858,192.44,3.14638
0.00598162,0.56615,0.278455,22.7668,0.000531858,192.44,3.14639
0.00598164,0.57277,0.281711,22.7668,0.000531858,192.44,3.14641
0.00598166,0.57939,0.284966,22.7667,0.000531858,192.439,3.14642
0.00598168,0.586009,0.288222,22.7666,0.000531858,192.439,3.14644
0.0059817,0.592629,0.291477,22.7665,0.000531858,192.439,3.14645
0.00598172,0.599248,0.294732,22.7664,0.000531858,192.438,3.14647
0.00598174,0.605866,0.297987,22.7663,0.000531858,192.438,3.14649
0.00598176,0.612485,0.301242,22.7663,0.000531858,192.438,3.1465
0.00598178,0.619103,0.304497,22.7662,0.000531858,192.437,3.14652
0.0059818,0.625721,0.307752,22.7661,0.000531858,192.437,3.14654
0.00598182,0.632339,0.311007,22.766,0.000531858,192.436,3.14656
0.00598184,0.638956,0.314261,22.7659,0.000531858,192.436,3.14658
0.00598186,0.645574,0.317516,22.7658,0.000531858,192.435,3.1466
0.00598188,0.652191,0.32077,22.7657,0.000531858,192.435,3.14661
0.0059819,0.658807,0.324024,22.7657,0.000531858,192.435,3.14663
0.00598192,0.665424,0.327278,22.7656,0.000531858,192.434,3.14665
0.00598194,0.67204,0.330532,22.7655,0.000531858,192.434,3.14667
0.00598196,0.678656,0.333786,22.7654,0.000531858,192.433,3.1467
0.00598198,0.685272,0.337039,22.7653,0.000531858,192.433,3.14672
0.005982,0.691888,0.340293,22.7652,0.000531858,192.432,3.14674
0.00598202,0.698503,0.343546,22.7651,0.000531858,192.432,3.14676
0.00598204,0.705118,0.3468,22.7651,0.000531858,192.431,3.14678
0.00598206,0.711733,0.350053,22.765,0.000531858,192.431,3.1468
0.00598208,0.718347,0.353306,22.7649,0.000531858,192.43,3.14683
0.0059821,0.724962,0.356559,22.7648,0.000531858,192.429,3.14685
0.00598212,0.731576,0.359812,22.7647,0.000531858,192.429,3.14687
0.00598214,0.73819,0.363065,22.7646,0.000531858,192.428,3.1469
0.00598216,0.744803,0.366317,22.7645,0.000531858,192.428,3.14692
0.00598218,0.751417,0.36957,22.7645,0.000531858,192.427,3.14695
0.0059822,0.75803,0.372822,22.7644,0.000531858,192.427,3.14697
0.00598222,0.764643,0.376074,22.7643,0.000531858,192.426,3.147
0.00598224,0.771255,0.379326,22.7642,0.000531858,192.425,3.14702
0.00598226,0.777867,0.382578,22.7641,0.000531858,192.425,3.14705
0.00598228,0.78448,0.38583,22.764,0.000531858,192.424,3.14708
0.0059823,0.791091,0.389082,22.764,0.000531858,192.423,3.1471
0.00598232,0.797703,0.392333,22.7639,0.000531858,192.423,3.14713
0.00598234,0.804314,0.395585,22.7638,0.000531858,192.422,3.14716
0.00598236,0.810925,0.398836,22.7637,0.000531858,192.421,3.14718
0.00598238,0.817536,0.402087,22.7636,0.000531858,192.421,3.14721
0.0059824,0.824147,0.405339,22.7635,0.000531858,192.42,3.14724
0.00598242,0.830757,0.40859,22.7634,0.000531858,192.419,3.14727
0.00598244,0.837367,0.41184,22.7634,0.000531858,192.419,3.1473
0.00598246,0.843977,0.415091,22.7633,0.000531858,192.418,3.14733
0.00598248,0.850587,0.418342,22.7632,0.000531858,192.417,3.14736
0.0059825,0.857196,0.421592,22.7631,0.000531858,192.416,3.14739
0.00598252,0.863805,0.424843,22.763,0.000531858,192.416,3.14742
0.00598254,0.870414,0.428093,22.7629,0.000531858,192.415,3.14745
0.00598256,0.877022,0.431343,22.7628,0.000531858,192.414,3.14748
0.00598258,0.883631,0.434593,22.7628,0.000531858,192.413,3.14752
0.0059826,0.890239,0.437843,22.7627,0.000531858,192.412,3.14755
0.00598262,0.896846,0.441093,22.7626,0.000531858,192.412,3.14758
0.00598264,0.903454,0.444342,22.7625,0.000531858,192.411,3.14761
0.00598266,0.910061,0.447592,22.7624,0.000531858,192.41,3.14765
0.00598268,0.916668,0.450841,22.7623,0.000531858,192.409,3.14768
0.0059827,0.923275,0.45409,22.7623,0.000531858,192.408,3.14771
0.00598272,0.929882,0.457339,22.7622,0.000531858,192.408,3.14775
0.00598274,0.936488,0.460588,22.7621,0.000531858,192.407,3.14778
0.00598276,0.943094,0.463837,22.762,0.000531858,192.406,3.14782
0.00598278,0.9497,0.467086,22.7619,0.000531858,192.405,3.14785
0.0059828,0.956305,0.470335,22.7618,0.000531858,192.404,3.14789
0.00598282,0.96291,0.473583,22.7617,0.000531858,192.403,3.14793
0.00598284,0.969515,0.476831,22.7617,0.000531858,192.402,3.14796
0.00598286,0.97612,0.48008,22.7616,0.000531858,192.401,3.148
0.00598288,0.982724,0.483328,22.7615,0.000531858,192.4,3.14804
0.0059829,0.989328,0.486576,22.7614,0.000531858,192.399,3.14807
0.00598292,0.995932,0.489823,22.7613,0.000531858,192.398,3.14811
0.00598294,1.00254,0.493071,22.7612,0.000531858,192.397,3.14815
0.00598296,1.00914,0.496319,22.7611,0.000531858,192.396,3.14819
0.00598298,1.01574,0.499566,22.7611,0.000531858,192.396,3.14823
0.005983,1.02235,0.502813,22.761,0.000531858,192.395,3.14827
0.00598302,1.02895,0.506061,22.7609,0.000531858,192.394,3.14831
0.00598304,1.03555,0.509308,22.7608,0.000531858,192.393,3.14835
0.00598306,1.04215,0.512555,22.7607,0.000531858,192.391,3.14839
0.00598308,1.04875,0.515801,22.7606,0.000531858,192.39,3.14843
0.0059831,1.05536,0.519048,22.7605,0.000531858,192.389,3.14847
0.00598312,1.06196,0.522295,22.7605,0.000531858,192.388,3.14851
0.00598314,1.06856,0.525541,22.7604,0.000531858,192.387,3.14855
0.00598316,1.07516,0.528787,22.7603,0.000531858,192.386,3.14859
0.00598318,1.08176,0.532034,22.7602,0.000531858,192.385,3.14864
0.0059832,1.08836,0.53528,22.7601,0.000531858,192.384,3.14868
0.00598322,1.09496,0.538525,22.76,0.000531858,192.383,3.14872
0.00598324,1.10156,0.541771,22.76,0.000531858,192.382,3.14877
0.00598326,1.10816,0.545017,22.7599,0.000531858,192.381,3.14881
0.00598328,1.11476,0.548262,22.7598,0.000531858,192.38,3.14885
0.0059833,1.12136,0.551508,22.7597,0.000531858,192.378,3.1489
0.00598332,1.12796,0.554753,22.7596,0.000531858,192.377,3.14894
0.00598334,1.13455,0.557998,22.7595,0.000531858,192.376,3.14899
0.00598336,1.14115,0.561243,22.7594,0.000531858,192.375,3.14903
0.00598338,1.14775,0.564488,22.7594,0.000531858,192.374,3.14908
0.0059834,1.15435,0.567733,22.7593,0.000531858,192.373,3.14913
0.00598342,1.16094,0.570977,22.7592,0.000531858,192.371,3.14917
0.00598344,1.16754,0.574222,22.7591,0.000531858,192.37,3.14922
0.00598346,1.17414,0.577466,22.759,0.000531858,192.369,3.14927
0.00598348,1.18073,0.58071,22.7589,0.000531858,192.368,3.14932
0.0059835,1.18733,0.583954,22.7588,0.000531858,192.367,3.14936
0.00598352,1.19393,0.587198,22.7588,0.000531858,192.365,3.14941
0.00598354,1.20052,0.590442,22.7587,0.000531858,192.364,3.14946
0.00598356,1.20712,0.593685,22.7586,0.000531858,192.363,3.14951
0.00598358,1.21371,0.596929,22.7585,0.000531858,192.362,3.14956
0.0059836,1.22031,0.600172,22.7584,0.000531858,192.36,3.14961
0.00598362,1.2269,0.603416,22.7583,0.000531858,192.359,3.14966
0.00598364,1.2335,0.606659,22.7583,0.000531858,192.358,3.14971
0.00598366,1.24009,0.609902,22.7582,0.000531858,192.356,3.14976
0.00598368,1.24668,0.613144,22.7581,0.000531858,192.355,3.14981
0.0059837,1.25328,0.616387,22.758,0.000531858,192.354,3.14986
0.00598372,1.25987,0.61963,22.7579,0.000531858,192.352,3.14992
0.00598374,1.26646,0.622872,22.7578,0.000531858,192.351,3.14997
0.00598376,1.27306,0.626115,22.7577,0.000531858,192.35,3.15002
0.00598378,1.27965,0.629357,22.7577,0.000531858,192.348,3.15007
0.0059838,1.28624,0.632599,22.7576,0.000531858,192.347,3.15013
0.00598382,1.29283,0.635841,22.7575,0.000531858,192.346,3.15018
0.00598384,1.29943,0.639082,22.7574,0.000531858,192.344,3.15023
0.00598386,1.30602,0.642324,22.7573,0.000531858,192.343,3.15029
0.00598388,1.31261,0.645565,22.7572,0.000531858,192.341,3.15034
0.0059839,1.3192,0.648807,22.7571,0.000531858,192.34,3.1504
0.00598392,1.32579,0.652048,22.7571,0.000531858,192.338,3.15045
0.00598394,1.33238,0.655289,22.757,0.000531858,192.337,3.15051
0.00598396,1.33897,0.65853,22.7569,0.000531858,192.336,3.15057
0.00598398,1.34556,0.661771,22.7568,0.000531858,192.334,3.15062
0.005984,1.35215,0.665012,22.7567,0.000531858,192.333,3.15068
0.00598402,1.35874,0.668252,22.7566,0.000531858,192.331,3.15074
0.00598404,1.36533,0.671493,22.7566,0.000531858,192.33,3.15079
0.00598406,1.37191,0.674733,22.7565,0.000531858,192.328,3.15085
0.00598408,1.3785,0.677973,22.7564,0.000531858,192.327,3.15091
0.0059841,1.38509,0.681213,22.7563,0.000531858,192.325,3.15097
0.00598412,1.39168,0.684453,22.7562,0.000531858,192.324,3.15103
0.00598414,1.39827,0.687692,22.7561,0.000531858,192.322,3.15109
0.00598416,1.40485,0.690932,22.756,0.000531858,192.32,3.15114
0.00598418,1.41144,0.694171,22.756,0.000531858,192.319,3.1512
0.0059842,1.41803,0.697411,22.7559,0.000531858,192.317,3.15126
0.00598422,1.42461,0.70065,22.7558,0.000531858,192.316,3.15133
0.00598424,1.4312,0.703889,22.7557,0.000531858,192.314,3.15139
0.00598426,1.43778,0.707128,22.7556,0.000531858,192.313,3.15145
0.00598428,1.44437,0.710367,22.7555,0.000531858,192.311,3.15151
0.0059843,1.45095,0.713605,22.7554,0.000531858,192.309,3.15157
0.00598432,1.45754,0.716844,22.7554,0.000531858,192.308,3.15163
0.00598434,1.46412,0.720082,22.7553,0.000531858,192.306,3.1517
0.00598436,1.47071,0.72332,22.7552,0.000531858,192.304,3.15176
0.00598438,1.47729,0.726558,22.7551,0.000531858,192.303,3.15182
0.0059844,1.48388,0.729796,22.755,0.000531858,192.301,3.15189
0.00598442,1.49046,0.733034,22.7549,0.000531858,192.299,3.15195
0.00598444,1.49704,0.736271,22.7548,0.000531858,192.298,3.15201
0.00598446,1.50363,0.739509,22.7548,0.000531858,192.296,3.15208
0.00598448,1.51021,0.742746,22.7547,0.000531858,192.294,3.15214
0.0059845,1.51679,0.745984,22.7546,0.000531858,192.293,3.15221
0.00598452,1.52337,0.749221,22.7545,0.000531858,192.291,3.15227
0.00598454,1.52995,0.752457,22.7544,0.000531858,192.289,3.15234
0.00598456,1.53654,0.755694,22.7543,0.000531858,192.287,3.15241
0.00598458,1.54312,0.758931,22.7543,0.000531858,192.286,3.15247
0.0059846,1.5497,0.762167,22.7542,0.000531858,192.284,3.15254
0.00598462,1.55628,0.765404,22.7541,0.000531858,192.282,3.15261
0.00598464,1.56286,0.76864,22.754,0.000531858,192.28,3.15267
0.00598466,1.56944,0.771876,22.7539,0.000531858,192.278,3.15274
0.00598468,1.57602,0.775112,22.7538,0.000531858,192.277,3.15281
0.0059847,1.5826,0.778348,22.7537,0.000531858,192.275,3.15288
0.00598472,1.58918,0.781583,22.7537,0.000531858,192.273,3.15295
0.00598474,1.59576,0.784819,22.7536,0.000531858,192.271,3.15302
0.00598476,1.60233,0.788054,22.7535,0.000531858,192.269,3.15309
0.00598478,1.60891,0.791289,22.7534,0.000531858,192.267,3.15316
0.0059848,1.61549,0.794525,22.7533,0.000531858,192.266,3.15323
0.00598482,1.62207,0.797759,22.7532,0.000531858,192.264,3.1533
0.00598484,1.62865,0.800994,22.7531,0.000531858,192.262,3.15337
0.00598486,1.63522,0.804229,22.7531,0.000531858,192.26,3.15344
0.00598488,1.6418,0.807463,22.753,0.000531858,192.258,3.15351
0.0059849,1.64838,0.810698,22.7529,0.000531858,192.256,3.15358
0.00598492,1.65495,0.813932,22.7528,0.000531858,192.254,3.15366
0.00598494,1.66153,0.817166,22.7527,0.000531858,192.252,3.15373
0.00598496,1.6681,0.8204,22.7526,0.000531858,192.25,3.1538
0.00598498,1.67468,0.823634,22.7526,0.000531858,192.248,3.15387
0.005985,1.68125,0.826867,22.7525,0.000531858,192.246,3.15395
0.00598502,1.68783,0.830101,22.7524,0.000531858,192.244,3.15402
0.00598504,1.6944,0.833334,22.7523,0.000531858,192.242,3.1541
0.00598506,1.70098,0.836567,22.7522,0.000531858,192.241,3.15417
0.00598508,1.70755,0.8398,22.7521,0.000531858,192.239,3.15425
0.0059851,1.71412,0.843033,22.752,0.000531858,192.237,3.15432
0.00598512,1.7207,0.846266,22.752,0.000531858,192.234,3.1544
0.00598514,1.72727,0.849499,22.7519,0.000531858,192.232,3.15447
0.00598516,1.73384,0.852731,22.7518,0.000531858,192.23,3.15455
0.00598518,1.74042,0.855964,22.7517,0.000531858,192.228,3.15463
0.0059852,1.74699,0.859196,22.7516,0.000531858,192.226,3.1547
0.00598522,1.75356,0.862428,22.7515,0.000531858,192.224,3.15478
0.00598524,1.76013,0.86566,22.7514,0.000531858,192.222,3.15486
0.00598526,1.7667,0.868891,22.7514,0.000531858,192.22,3.15493
0.00598528,1.77327,0.872123,22.7513,0.000531858,192.218,3.15501
0.0059853,1.77984,0.875354,22.7512,0.000531858,192.216,3.15509
0.00598532,1.78641,0.878586,22.7511,0.000531858,192.214,3.15517
0.00598534,1.79298,0.881817,22.751,0.000531858,192.212,3.15525
0.00598536,1.79955,0.885048,22.7509,0.000531858,192.21,3.15533
0.00598538,1.80612,0.888279,22.7509,0.000531858,192.207,3.15541
0.0059854,1.81269,0.891509,22.7508,0.000531858,192.205,3.15549
0.00598542,1.81926,0.89474,22.7507,0.000531858,192.203,3.15557
0.00598544,1.82583,0.89797,22.7506,0.000531858,192.201,3.15565
0.00598546,1.8324,0.901201,22.7505,0.000531858,192.199,3.15573
0.00598548,1.83897,0.904431,22.7504,0.000531858,192.197,3.15581
0.0059855,1.84553,0.907661,22.7503,0.000531858,192.194,3.15589
0.00598552,1.8521,0.91089,22.7503,0.000531858,192.192,3.15598
0.00598554,1.85867,0.91412,22.7502,0.000531858,192.19,3.15606
0.00598556,1.86523,0.91735,22.7501,0.000531858,192.188,3.15614
0.00598558,1.8718,0.920579,22.75,0.000531858,192.185,3.15622
0.0059856,1.87837,0.923808,22.7499,0.000531858,192.183,3.15631
0.00598562,1.88493,0.927037,22.7498,0.000531858,192.181,3.15639
0.00598563,1.88953,0.929298,22.7498,0.000531858,192.179,3.15645
0.00598563,1.88974,0.929401,22.7498,0.000531858,192.179,3.15645
0.00598563,1.89016,0.929608,22.7498,0.000531858,192.179,3.15646
0.00598564,1.89084,0.929943,22.7498,0.000531858,192.179,3.15647
0.00598564,1.89161,0.930323,22.7497,0.000531858,192.179,3.15648
0.00598564,1.89235,0.930687,22.7497,0.000531858,192.178,3.15649
0.00598564,1.89266,0.930836,22.7497,0.000531858,192.178,3.15649
0.00598564,1.893,0.931004,22.7497,0.000531858,192.178,3.15649
0.00598564,1.89313,0.931071,22.7497,0.000531858,192.178,3.1565
0.00598564,1.89337,0.931186,22.7497,0.000531858,192.178,3.1565
0.00598564,1.89343,0.931218,22.7497,0.000531858,192.178,3.1565
0.00598564,1.89355,0.931274,22.7497,0.000531858,192.178,3.1565
0.00598564,1.89358,0.93129,22.7497,0.000531858,192.178,3.1565
0.00598564,1.89364,0.931317,22.7497,0.000531858,192.178,3.1565
0.00598564,1.89364,0.931322,22.7497,0.000531858,192.178,3.1565
0.00598564,1.89366,0.93133,22.7497,0.000531858,192.178,3.1565
0.00598564,1.89366,0.931332,22.7497,0.000531858,192.178,3.1565
0.00598564,1.89367,0.931335,22.7497,0.000531858,192.178,3.1565
0.00598564,1.89368,0.931342,22.7497,0.000531858,192.178,3.1565
0.00598564,1.89369,0.931343,22.7497,0.000531858,192.178,3.1565
0.00598564,1.92025,0.931344,22.7497,0.000531858,192.178,3.1565
0.00598564,1.95102,0.931345,22.7497,0.000531858,192.178,3.1565
0.00598564,2.00213,0.931345,22.7497,0.000531858,192.178,3.1565
0.00598564,2.07836,0.931346,22.7497,0.000531858,192.178,3.1565
0.00598564,2.22497,0.931347,22.7497,0.000531858,192.178,3.1565
0.00598564,2.39626,0.931349,22.7497,0.000531858,192.178,3.1565
0.00598564,2.62392,0.93135,22.7497,0.000531858,192.178,3.1565
0.00598564,2.92753,0.931352,22.7497,0.000531858,192.178,3.1565
0.00598564,3.42388,0.931356,22.7497,0.000531858,192.178,3.1565
0.00598564,4.4153,0.931361,22.7497,0.000531858,192.178,3.1565
0.00598564,6.39761,0.931366,22.7497,0.000531858,192.178,3.1565
0.00598565,10.3622,0.931356,22.7497,0.000531858,192.178,3.15651
0.00598565,18.2903,0.93126,22.7497,0.000531858,192.178,3.15651
0.00598565,34.1388,0.930763,22.7497,0.000531858,192.178,3.15651
0.00598565,65.7777,0.928634,22.7497,0.000531858,192.178,3.15652
0.00598565,128.651,0.920806,22.7497,0.000531858,192.177,3.15653
0.00598565,143.373,0.918344,22.7497,0.000531858,192.177,3.15653
0.00598565,152.841,0.916659,22.7497,0.000531858,192.177,3.15654
0.00598565,168.775,0.913683,22.7497,0.000531858,192.177,3.15654
0.00598565,181.31,0.911242,22.7497,0.000531858,192.177,3.15654
0.00598565,191.362,0.909232,22.7497,0.000531858,192.177,3.15655
0.00598566,200.657,0.907341,22.7497,0.000531858,192.177,3.15655
0.00598566,210.208,0.905373,22.7497,0.000531858,192.177,3.15655
0.00598566,220.528,0.903226,22.7497,0.000531858,192.177,3.15655
0.00598566,230.531,0.901133,22.7497,0.000531858,192.177,3.15655
0.00598566,240.933,0.898952,22.7498,0.000531858,192.177,3.15656
0.00598566,250.971,0.896848,22.7498,0.000531858,192.176,3.15656
0.00598566,261.197,0.894713,22.7498,0.000531858,192.176,3.15656
0.00598566,271.17,0.892644,22.7498,0.000531858,192.176,3.15656
0.00598566,281.258,0.890569,22.7498,0.000531858,192.176,3.15657
0.00598566,291.189,0.888549,22.7498,0.000531858,192.176,3.15657
0.00598566,301.191,0.886539,22.7498,0.000531858,192.176,3.15657
0.00598566,311.087,0.884578,22.7498,0.000531858,192.176,3.15657
0.00598566,321.018,0.882639,22.7498,0.000531858,192.176,3.15658
0.00598566,330.871,0.880746,22.7498,0.000531858,192.176,3.15658
0.00598566,340.731,0.878881,22.7499,0.000531858,192.176,3.15658
0.00598566,350.529,0.877056,22.7499,0.000531858,192.176,3.15658
0.00598566,360.317,0.87526,22.7499,0.000531858,192.176,3.15658
0.00598566,370.048,0.873497,22.7499,0.000531858,192.176,3.15659
0.00598567,379.755,0.871757,22.7499,0.000531858,192.176,3.15659
0.00598567,389.403,0.870038,22.7499,0.000531858,192.176,3.15659
0.00598567,399.006,0.868329,22.7499,0.000531858,192.176,3.15659
0.00598567,408.528,0.866624,22.75,0.000531858,192.176,3.1566
0.00598567,415.618,0.865336,22.75,0.000531858,192.176,3.1566
0.00598567,419.647,0.864593,22.75,0.000531858,192.175,3.1566
0.00598567,422.52,0.864055,22.75,0.000531858,192.175,3.1566
0.00598567,424.522,0.863674,22.75,0.000531858,192.175,3.1566
0.00598567,426.441,0.863303,22.75,0.000531858,192.175,3.1566
0.00598567,426.911,0.86321,22.75,0.000531858,192.175,3.1566
0.00598567,427.357,0.863122,22.75,0.000531858,192.175,3.1566
0.00598567,427.787,0.863036,22.75,0.000531858,192.175,3.1566
0.00598567,428.278,0.862937,22.75,0.000531858,192.175,3.1566
0.00598567,428.787,0.862834,22.75,0.000531858,192.175,3.1566
0.00598567,429.356,0.862719,22.75,0.000531858,192.175,3.1566
0.00598567,430.168,0.862554,22.75,0.000531858,192.175,3.1566
0.00598567,431.651,0.86225,22.75,0.000531858,192.175,3.1566
0.00598567,433.176,0.861937,22.75,0.000531858,192.175,3.1566
0.00598567,434.029,0.861761,22.75,0.000531858,192.175,3.1566
0.00598567,434.944,0.861571,22.75,0.000531858,192.175,3.1566
0.00598567,435.988,0.861353,22.75,0.000531858,192.175,3.1566
0.00598567,436.778,0.861187,22.75,0.000531858,192.175,3.1566
0.00598567,437.496,0.861036,22.75,0.000531858,192.175,3.1566
0.00598567,438.445,0.860834,22.75,0.000531858,192.175,3.1566
0.00598567,439.448,0.860619,22.75,0.000531858,192.175,3.1566
0.00598567,440.307,0.860416,22.75,0.000531858,192.175,3.1566
0.00598567,440.998,0.860226,22.75,0.000531858,192.175,3.1566
0.00598567,441.565,0.860042,22.75,0.000531858,192.175,3.1566
0.00598567,442.28,0.859756,22.75,0.000531858,192.175,3.15661
0.00598567,442.943,0.859402,22.75,0.000531858,192.175,3.15661
0.00598567,443.399,0.859065,22.75,0.000531858,192.175,3.15661
0.00598567,443.841,0.858593,22.75,0.000531858,192.175,3.15661
0.00598567,444.172,0.858025,22.75,0.000531858,192.175,3.15661
0.00598567,444.496,0.856885,22.75,0.000531858,192.175,3.15661
0.00598567,444.625,0.855298,22.7501,0.000531858,192.175,3.15661
0.00598567,444.622,0.853357,22.7501,0.000531858,192.175,3.15661
0.00598567,444.585,0.85115,22.7501,0.000531858,192.175,3.15662
0.00598567,444.557,0.849127,22.7501,0.000531858,192.175,3.15662
0.00598567,444.538,0.847044,22.7501,0.000531858,192.175,3.15662
0.00598567,444.525,0.845104,22.7502,0.000531858,192.175,3.15662
0.00598567,444.511,0.842935,22.7502,0.000531858,192.175,3.15663
0.00598567,444.497,0.840641,22.7502,0.000531858,192.175,3.15663
0.00598567,444.48,0.83799,22.7502,0.000531858,192.176,3.15663
0.00598568,444.461,0.835086,22.7503,0.000531858,192.176,3.15663
0.00598568,444.44,0.831715,22.7503,0.000531858,192.176,3.15664
0.00598568,444.416,0.827922,22.7504,0.000531858,192.176,3.15664
0.00598568,444.387,0.823427,22.7504,0.000531858,192.176,3.15665
0.00598568,444.353,0.818143,22.7505,0.000531858,192.176,3.15665
0.00598568,444.312,0.811586,22.7506,0.000531858,192.176,3.15666
0.00598568,444.259,0.803296,22.7507,0.000531858,192.176,3.15667
0.00598569,444.198,0.793866,22.7509,0.000531858,192.176,3.15668
0.00598569,444.132,0.7834,22.751,0.000531858,192.176,3.1567
0.00598569,444.071,0.773874,22.7512,0.000531858,192.176,3.15671
0.0059857,444.01,0.764316,22.7514,0.000531858,192.176,3.15672
0.0059857,443.955,0.755659,22.7516,0.000531858,192.176,3.15673
0.0059857,443.907,0.748143,22.7517,0.000531858,192.176,3.15674
0.0059857,443.865,0.741684,22.7518,0.000531858,192.176,3.15675
0.0059857,443.836,0.737021,22.752,0.000531858,192.176,3.15675
0.0059857,443.818,0.734264,22.752,0.000531858,192.176,3.15676
0.00598571,443.794,0.730444,22.7521,0.000531858,192.176,3.15676
0.00598571,443.767,0.726283,22.7522,0.000531858,192.176,3.15677
0.00598571,443.744,0.72264,22.7523,0.000531858,192.176,3.15677
0.00598571,443.727,0.719957,22.7523,0.000531858,192.176,3.15677
0.00598571,443.702,0.716045,22.7524,0.000531858,192.176,3.15678
0.00598571,443.677,0.712143,22.7525,0.000531858,192.176,3.15678
0.00598571,443.638,0.706094,22.7527,0.000531858,192.177,3.15679
0.00598571,443.592,0.698974,22.7528,0.000531858,192.177,3.1568
0.00598572,443.513,0.686562,22.7532,0.000531858,192.177,3.15681
0.00598572,443.429,0.673355,22.7535,0.000531858,192.177,3.15683
0.00598573,443.322,0.656698,22.754,0.000531858,192.177,3.15685
0.00598573,443.208,0.638963,22.7545,0.000531858,192.177,3.15687
0.00598574,443.069,0.617267,22.7551,0.000531858,192.177,3.1569
0.00598574,442.913,0.592819,22.7559,0.000531858,192.177,3.15693
0.00598575,442.715,0.562003,22.7569,0.000531858,192.178,3.15697
0.00598576,442.474,0.524488,22.7582,0.000531858,192.178,3.15701
0.00598578,442.147,0.473649,22.7601,0.000531858,192.178,3.15708
0.0059858,441.703,0.404913,22.7628,0.000531858,192.179,3.15716
0.00598582,441.259,0.336538,22.7656,0.000531858,192.179,3.15725
0.00598584,440.814,0.26852,22.7685,0.000531858,192.18,3.15733
0.00598586,440.367,0.200859,22.7715,0.000531858,192.18,3.15742
0.00598588,439.913,0.133555,22.7746,0.000531858,192.181,3.1575
0.0059859,439.442,0.0666151,22.7777,0.000531858,192.182,3.15759
0.00598591,439.213,0.0370292,22.7791,0.000531858,192.182,3.15763
0.00598591,439.122,0.0265734,22.7796,0.000531858,192.182,3.15764
0.00598592,438.894,0.00569871,22.7806,0.000531858,192.182,3.15766
0.00598592,438.804,0.000334601,22.7809,0.000531858,192.182,3.15767
0.00598592,438.627,-0.00577119,22.7812,0.000531858,192.182,3.15768
0.00598592,438.202,-0.0130131,22.7815,0.000531858,192.182,3.15769
0.00598593,437.496,-0.0202357,22.7819,0.000531858,192.182,3.1577
0.00598593,436.446,-0.0276705,22.7822,0.000531858,192.182,3.15771
0.00598593,435.238,-0.0342007,22.7826,0.000531858,192.182,3.15772
0.00598593,433.657,-0.0410892,22.7829,0.000531858,192.182,3.15773
0.00598593,431.374,-0.0491713,22.7833,0.000531858,192.183,3.15774
0.00598594,427.838,-0.0592158,22.7839,0.000531858,192.183,3.15775
0.00598594,422.286,-0.071567,22.7846,0.000531858,192.183,3.15777
0.00598595,413.399,-0.0865037,22.7855,0.000531858,192.183,3.15779
0.00598596,399.17,-0.103508,22.7866,0.000531858,192.183,3.15782
0.00598597,376.645,-0.12037,22.7881,0.000531858,192.184,3.15786
0.00598598,343.148,-0.130852,22.79,0.000531858,192.184,3.15792
0.005986,299.413,-0.123452,22.7921,0.000531858,192.185,3.15799
0.00598601,261.433,-0.0933151,22.7936,0.000531858,192.186,3.15806
0.00598603,243.652,-0.0639057,22.7943,0.000531858,192.186,3.15811
0.00598603,235.466,-0.0403916,22.7946,0.000531858,192.187,3.15814
0.00598604,231.645,-0.0204481,22.7947,0.000531858,192.187,3.15817
0.00598605,230.375,-0.000935776,22.7948,0.000531858,192.187,3.15819
0.00598605,231.703,0.0204218,22.7948,0.000531858,192.187,3.15822
0.00598606,235.6,0.0403078,22.7947,0.000531858,192.187,3.15824
0.00598607,245.634,0.0672556,22.7945,0.000531858,192.188,3.15828
0.00598608,260.824,0.0912006,22.7941,0.000531858,192.188,3.15832
0.00598609,285.965,0.114115,22.7936,0.000531858,192.188,3.15836
0.0059861,317.039,0.126953,22.793,0.000531858,192.188,3.15841
0.00598612,357.7,0.124921,22.7924,0.000531858,192.188,3.15848
0.00598614,395.205,0.102416,22.7919,0.000531858,192.188,3.15854
0.00598615,414.068,0.0787537,22.7918,0.000531858,192.188,3.15858
0.00598615,421.905,0.0639361,22.7918,0.000531858,192.188,3.1586
0.00598616,426.584,0.0522505,22.7919,0.000531858,192.189,3.15862
0.00598616,429.732,0.0421139,22.7919,0.000531858,192.189,3.15863
0.00598616,431.869,0.0332146,22.792,0.000531858,192.189,3.15864
0.00598617,433.26,0.0256314,22.792,0.000531858,192.189,3.15865
0.00598617,434.355,0.0173082,22.7921,0.000531858,192.189,3.15866
0.00598617,434.883,0.0112016,22.7922,0.000531858,192.189,3.15867
0.00598617,435.173,0.00538869,22.7923,0.000531858,192.189,3.15867
0.00598617,435.258,-0.000604171,22.7923,0.000531858,192.189,3.15868
0.00598618,435.124,-0.00669529,22.7924,0.000531858,192.189,3.15869
0.00598618,434.651,-0.0141865,22.7925,0.000531858,192.189,3.1587
0.00598618,433.732,-0.0224189,22.7926,0.000531858,192.189,3.15871
0.00598618,432.285,-0.0311255,22.7928,0.000531858,192.189,3.15872
0.00598619,430.171,-0.0404268,22.7929,0.000531858,192.189,3.15873
0.00598619,427.053,-0.0508264,22.7932,0.000531858,192.189,3.15874
0.00598619,422.414,-0.0626767,22.7934,0.000531858,192.19,3.15876
0.0059862,415.363,-0.0763396,22.7938,0.000531858,192.19,3.15877
0.00598621,404.535,-0.0917498,22.7942,0.000531858,192.19,3.1588
0.00598621,387.844,-0.107986,22.7949,0.000531858,192.19,3.15883
0.00598622,362.739,-0.121904,22.7957,0.000531858,192.191,3.15887
0.00598624,327.524,-0.126469,22.7967,0.000531858,192.191,3.15892
0.00598625,295.43,-0.11678,22.7975,0.000531858,192.192,3.15897
0.00598626,270.015,-0.0974314,22.7981,0.000531858,192.193,3.15901
0.00598627,251.463,-0.072114,22.7984,0.000531858,192.193,3.15905
0.00598629,239.536,-0.0432666,22.7985,0.000531858,192.193,3.15908
0.00598629,234.803,-0.0205938,22.7985,0.000531858,192.194,3.15911
0.0059863,233.478,-0.000715139,22.7984,0.000531858,192.194,3.15913
0.00598631,234.945,0.021092,22.7982,0.000531858,192.194,3.15916
0.00598631,238.874,0.0402778,22.798,0.000531858,192.194,3.15918
0.00598632,249.05,0.0667531,22.7976,0.000531858,192.194,3.15921
0.00598633,263.957,0.0895992,22.7971,0.000531858,192.194,3.15924
0.00598634,284.873,0.108984,22.7965,0.000531858,192.195,3.15928
0.00598635,309.851,0.121221,22.7959,0.000531858,192.195,3.15931
0.00598636,338.544,0.124635,22.7952,0.000531858,192.195,3.15935
0.00598638,368.139,0.117052,22.7946,0.000531858,192.195,3.15939
0.00598639,396.374,0.0968022,22.7942,0.000531858,192.195,3.15944
0.0059864,413.846,0.0734897,22.7941,0.000531858,192.195,3.15947
0.00598641,421.766,0.0572112,22.794,0.000531858,192.195,3.15949
0.00598641,425.567,0.0466687,22.7941,0.000531858,192.195,3.1595
0.00598641,428.589,0.0356519,22.7941,0.000531858,192.195,3.15951
0.00598642,430.498,0.0260899,22.7942,0.000531858,192.196,3.15952
0.00598642,431.708,0.0172995,22.7942,0.000531858,192.196,3.15953
0.00598642,432.466,0.0075354,22.7943,0.000531858,192.196,3.15954
0.00598643,432.621,-0.00262986,22.7944,0.000531858,192.196,3.15955
0.00598643,432.126,-0.0128524,22.7945,0.000531858,192.196,3.15957
0.00598643,430.951,-0.0231817,22.7947,0.000531858,192.196,3.15958
0.00598644,428.996,-0.0338187,22.7949,0.000531858,192.196,3.15959
0.00598644,425.783,-0.0459166,22.7951,0.000531858,192.196,3.1596
0.00598644,421.467,-0.0578255,22.7953,0.000531858,192.196,3.15961
0.00598645,414.761,-0.071651,22.7956,0.000531858,192.197,3.15963
0.00598646,405.033,-0.0863771,22.796,0.000531858,192.197,3.15965
0.00598646,389.983,-0.102231,22.7966,0.000531858,192.197,3.15967
0.00598647,367.909,-0.116292,22.7973,0.000531858,192.197,3.15971
0.00598648,347.848,-0.122395,22.7979,0.000531858,192.198,3.15973
0.00598649,330.869,-0.123415,22.7983,0.000531858,192.198,3.15975
0.0059865,314.506,-0.120936,22.7988,0.000531858,192.198,3.15977
0.0059865,298.321,-0.114933,22.7991,0.000531858,192.199,3.15979
0.00598651,279.446,-0.102626,22.7995,0.000531858,192.199,3.15982
0.00598652,260.786,-0.0824399,22.7999,0.000531858,192.2,3.15985
0.00598653,244.495,-0.0513934,22.8001,0.000531858,192.2,3.15989
0.00598654,237.711,-0.0256131,22.8001,0.000531858,192.2,3.15991
0.00598655,235.681,-0.00524329,22.8,0.000531858,192.2,3.15993
0.00598656,236.263,0.0139658,22.7998,0.000531858,192.201,3.15995
0.00598656,239.413,0.0335876,22.7996,0.000531858,192.201,3.15997
0.00598657,246.893,0.0568222,22.7993,0.000531858,192.201,3.15999
0.00598658,260.142,0.080785,22.7988,0.000531858,192.201,3.16002
0.00598659,275.346,0.0981841,22.7983,0.000531858,192.201,3.16004
0.00598659,289.464,0.109052,22.7979,0.000531858,192.201,3.16006
0.0059866,304.099,0.116522,22.7976,0.000531858,192.201,3.16008
0.00598661,320.098,0.121079,22.7972,0.000531858,192.201,3.1601
0.00598662,339.578,0.122081,22.7967,0.000531858,192.201,3.16012
0.00598663,362.198,0.11704,22.7963,0.000531858,192.202,3.16015
0.00598664,385.975,0.103408,22.7959,0.000531858,192.202,3.16018
0.00598665,408.183,0.079066,22.7956,0.000531858,192.202,3.16021
0.00598666,418.089,0.0611993,22.7956,0.000531858,192.202,3.16023
0.00598666,423.562,0.0471244,22.7956,0.000531858,192.202,3.16025
0.00598666,426.475,0.0369757,22.7956,0.000531858,192.202,3.16026
0.00598667,428.653,0.0266266,22.7957,0.000531858,192.202,3.16027
0.00598667,430.028,0.0168591,22.7958,0.000531858,192.202,3.16027
0.00598667,430.819,0.00602333,22.7958,0.000531858,192.202,3.16028
0.00598668,430.846,-0.00526637,22.796,0.000531858,192.202,3.16029
0.00598668,429.957,-0.0174781,22.7961,0.000531858,192.203,3.1603
0.00598669,428.136,-0.0294012,22.7963,0.000531858,192.203,3.16031
0.00598669,425.212,-0.0416585,22.7965,0.000531858,192.203,3.16033
0.0059867,420.868,-0.054511,22.7967,0.000531858,192.203,3.16034
0.0059867,414.732,-0.0678541,22.797,0.000531858,192.203,3.16035
0.00598671,405.479,-0.0826174,22.7974,0.000531858,192.203,3.16037
0.00598671,391.781,-0.0979749,22.7979,0.000531858,192.204,3.16039
0.00598672,371.281,-0.112356,22.7986,0.000531858,192.204,3.16041
0.00598673,354.871,-0.118688,22.7991,0.000531858,192.204,3.16043
0.00598674,338.685,-0.121263,22.7995,0.000531858,192.205,3.16045
0.00598674,321.957,-0.120357,22.8,0.000531858,192.205,3.16047
0.00598675,301.612,-0.114222,22.8005,0.000531858,192.205,3.16049
0.00598676,280.359,-0.100838,22.8009,0.000531858,192.206,3.16051
0.00598677,259.471,-0.0772473,22.8013,0.000531858,192.206,3.16054
0.00598679,245.885,-0.0499714,22.8014,0.000531858,192.207,3.16057
0.00598679,239.709,-0.0269101,22.8014,0.000531858,192.207,3.16059
0.0059868,237.504,-0.00761995,22.8013,0.000531858,192.207,3.1606
0.00598681,237.75,0.0111154,22.8012,0.000531858,192.207,3.16062
0.00598681,240.486,0.0303798,22.801,0.000531858,192.207,3.16063
0.00598682,247.134,0.0526895,22.8007,0.000531858,192.208,3.16065
0.00598683,259.487,0.0765379,22.8002,0.000531858,192.208,3.16068
0.00598684,278.894,0.098704,22.7996,0.000531858,192.208,3.1607
0.00598685,295.306,0.110073,22.7992,0.000531858,192.208,3.16072
0.00598685,310.363,0.116459,22.7988,0.000531858,192.208,3.16073
0.00598686,327.144,0.119784,22.7984,0.000531858,192.208,3.16075
0.00598687,343.636,0.119445,22.798,0.000531858,192.208,3.16077
0.00598688,365.927,0.113166,22.7976,0.000531858,192.208,3.16079
0.00598689,387.021,0.0999052,22.7972,0.000531858,192.208,3.16081
0.0059869,408.639,0.0748743,22.797,0.000531858,192.209,3.16084
0.00598691,417.779,0.0573634,22.7969,0.000531858,192.209,3.16085
0.00598691,422.911,0.0432206,22.797,0.000531858,192.209,3.16087
0.00598692,425.635,0.0328042,22.797,0.000531858,192.209,3.16087
0.00598692,427.607,0.0220535,22.7971,0.000531858,192.209,3.16088
0.00598692,428.859,0.0102024,22.7972,0.000531858,192.209,3.16089
0.00598693,429.177,-0.00238881,22.7973,0.000531858,192.209,3.1609
0.00598693,428.49,-0.0147078,22.7974,0.000531858,192.209,3.16091
0.00598694,426.596,-0.0280641,22.7976,0.000531858,192.209,3.16092
0.00598694,423.616,-0.0407302,22.7978,0.000531858,192.21,3.16093
0.00598695,418.805,-0.054751,22.7981,0.000531858,192.21,3.16094
0.00598695,412.454,-0.0681319,22.7984,0.000531858,192.21,3.16095
0.00598696,402.612,-0.0832033,22.7988,0.000531858,192.21,3.16096
0.00598697,388.515,-0.0981786,22.7993,0.000531858,192.21,3.16098
0.00598697,372.031,-0.10958,22.7998,0.000531858,192.211,3.161
0.00598698,356.835,-0.115893,22.8003,0.000531858,192.211,3.16101
0.00598699,339.965,-0.119012,22.8008,0.000531858,192.211,3.16103
0.00598699,324.107,-0.118504,22.8012,0.000531858,192.212,3.16104
0.005987,302.165,-0.112185,22.8017,0.000531858,192.212,3.16106
0.00598701,281.616,-0.0993021,22.8021,0.000531858,192.213,3.16108
0.00598703,260.08,-0.0747799,22.8025,0.000531858,192.213,3.1611
0.00598704,246.951,-0.0476606,22.8026,0.000531858,192.213,3.16112
0.00598704,241.166,-0.0251484,22.8026,0.000531858,192.214,3.16114
0.00598705,239.173,-0.00627432,22.8025,0.000531858,192.214,3.16115
0.00598706,239.567,0.0121255,22.8024,0.000531858,192.214,3.16116
0.00598706,242.394,0.0309341,22.8022,0.000531858,192.214,3.16118
0.00598707,249.266,0.0531921,22.8018,0.000531858,192.214,3.16119
0.00598708,261.67,0.0764231,22.8014,0.000531858,192.214,3.16121
0.00598709,281.273,0.0981037,22.8008,0.000531858,192.215,3.16123
0.0059871,297.76,0.109013,22.8003,0.000531858,192.215,3.16125
0.00598711,312.676,0.114914,22.7999,0.000531858,192.215,3.16126
0.00598711,329.26,0.117753,22.7995,0.000531858,192.215,3.16127
0.00598712,345.328,0.117005,22.7992,0.000531858,192.215,3.16128
0.00598713,367.151,0.110266,22.7988,0.000531858,192.215,3.1613
0.00598714,387.6,0.0967435,22.7984,0.000531858,192.215,3.16132
0.00598715,408.503,0.0714951,22.7982,0.000531858,192.215,3.16134
0.00598716,416.892,0.0547851,22.7982,0.000531858,192.215,3.16135
0.00598716,421.401,0.0420689,22.7982,0.000531858,192.216,3.16136
0.00598717,424.358,0.0303968,22.7982,0.000531858,192.216,3.16137
0.00598717,426.25,0.0191426,22.7983,0.000531858,192.216,3.16137
0.00598718,427.324,0.00661021,22.7984,0.000531858,192.216,3.16138
0.00598718,427.322,-0.00656353,22.7985,0.000531858,192.216,3.16139
0.00598718,426.677,-0.0153698,22.7986,0.000531858,192.216,3.16139
0.00598718,426.532,-0.0166681,22.7986,0.000531858,192.216,3.16139
0.00598719,426.215,-0.0192593,22.7987,0.000531858,192.216,3.1614
0.00598719,425.451,-0.0244112,22.7987,0.000531858,192.216,3.1614
0.00598719,423.978,-0.0320108,22.7989,0.000531858,192.216,3.1614
0.0059872,419.859,-0.0467228,22.7991,0.000531858,192.216,3.16141
0.0059872,414.52,-0.0599643,22.7994,0.000531858,192.217,3.16142
0.00598721,406.032,-0.0751134,22.7997,0.000531858,192.217,3.16143
0.00598721,394.278,-0.0899096,22.8002,0.000531858,192.217,3.16144
0.00598722,376.483,-0.104561,22.8008,0.000531858,192.217,3.16146
0.00598723,361.356,-0.11209,22.8013,0.000531858,192.218,3.16147
0.00598724,346.132,-0.116109,22.8017,0.000531858,192.218,3.16148
0.00598724,330.068,-0.116895,22.8021,0.000531858,192.218,3.16149
0.00598725,310.721,-0.113216,22.8026,0.000531858,192.219,3.1615
0.00598726,289.633,-0.102801,22.803,0.000531858,192.219,3.16152
0.00598727,268.475,-0.0831762,22.8034,0.000531858,192.22,3.16153
0.00598729,250.954,-0.0532037,22.8036,0.000531858,192.22,3.16155
0.00598729,243.523,-0.0282336,22.8036,0.000531858,192.22,3.16157
0.0059873,241.059,-0.00894269,22.8036,0.000531858,192.221,3.16158
0.00598731,241.098,0.00904325,22.8034,0.000531858,192.221,3.16159
0.00598731,243.55,0.0277932,22.8032,0.000531858,192.221,3.1616
0.00598732,249.409,0.0485409,22.8029,0.000531858,192.221,3.16161
0.00598733,260.907,0.0718158,22.8025,0.000531858,192.221,3.16162
0.00598734,278.714,0.0931969,22.8019,0.000531858,192.221,3.16163
0.00598735,294.899,0.105068,22.8015,0.000531858,192.221,3.16165
0.00598736,309.385,0.111624,22.8011,0.000531858,192.221,3.16165
0.00598736,324.13,0.115062,22.8007,0.000531858,192.222,3.16166
0.00598737,339.374,0.115479,22.8004,0.000531858,192.222,3.16167
0.00598738,359.239,0.111229,22.8,0.000531858,192.222,3.16168
0.00598739,379.612,0.100471,22.7996,0.000531858,192.222,3.1617
0.0059874,400.653,0.0797131,22.7993,0.000531858,192.222,3.16171
0.0059874,407.357,0.0697301,22.7992,0.000531858,192.222,3.16172
0.00598741,414.644,0.0554463,22.7992,0.000531858,192.222,3.16172
0.00598741,417.703,0.0476603,22.7992,0.000531858,192.222,3.16173
0.00598741,418.264,0.0460221,22.7992,0.000531858,192.222,3.16173
0.00598741,419.335,0.0427208,22.7992,0.000531858,192.222,3.16173
0.00598742,421.24,0.0360099,22.7992,0.000531858,192.222,3.16173
0.00598742,423.637,0.0248003,22.7993,0.000531858,192.222,3.16174
0.00598743,425.337,0.0109202,22.7994,0.000531858,192.223,3.16174
0.00598743,425.694,-0.00366849,22.7995,0.000531858,192.223,3.16175
0.00598744,424.641,-0.0179438,22.7997,0.000531858,192.223,3.16176
0.00598744,421.814,-0.0336267,22.7999,0.000531858,192.223,3.16176
0.00598745,417.5,-0.0480584,22.8002,0.000531858,192.223,3.16177
0.00598745,410.937,-0.0630831,22.8005,0.000531858,192.223,3.16178
0.00598746,401.945,-0.0776749,22.8009,0.000531858,192.224,3.16178
0.00598747,389.093,-0.0922561,22.8013,0.000531858,192.224,3.16179
0.00598748,372.779,-0.104374,22.8019,0.000531858,192.224,3.1618
0.00598748,358.084,-0.110994,22.8023,0.000531858,192.224,3.16181
0.00598749,341.715,-0.114503,22.8027,0.000531858,192.225,3.16182
0.0059875,326.364,-0.114425,22.8031,0.000531858,192.225,3.16183
0.00598751,305.44,-0.109028,22.8036,0.000531858,192.225,3.16184
0.00598751,285.458,-0.0972776,22.804,0.000531858,192.226,3.16185
0.00598753,264.472,-0.0746772,22.8044,0.000531858,192.226,3.16186
0.00598754,250.853,-0.0480805,22.8045,0.000531858,192.227,3.16187
0.00598755,244.788,-0.0258046,22.8045,0.000531858,192.227,3.16188
0.00598755,242.654,-0.00747547,22.8044,0.000531858,192.227,3.16189
0.00598756,242.852,0.0102115,22.8043,0.000531858,192.227,3.16189
0.00598757,245.401,0.0284415,22.8041,0.000531858,192.228,3.1619
0.00598757,251.583,0.0494108,22.8038,0.000531858,192.228,3.16191
0.00598758,263.181,0.0720183,22.8033,0.000531858,192.228,3.16191
0.00598759,281.369,0.0930042,22.8028,0.000531858,192.228,3.16193
0.0059876,297.334,0.104134,22.8023,0.000531858,192.228,3.16193
0.00598761,311.655,0.110193,22.8019,0.000531858,192.228,3.16194
0.00598762,327.714,0.113329,22.8015,0.000531858,192.228,3.16194
0.00598762,342.404,0.11306,22.8012,0.000531858,192.228,3.16195
0.00598763,363.454,0.107332,22.8008,0.000531858,192.228,3.16196
0.00598764,382.821,0.0955261,22.8004,0.000531858,192.229,3.16197
0.00598765,403.552,0.0723392,22.8002,0.000531858,192.229,3.16198
0.00598766,413.034,0.0546206,22.8001,0.000531858,192.229,3.16198
0.00598767,417.992,0.0410888,22.8001,0.000531858,192.229,3.16199
0.00598767,421.18,0.02849,22.8002,0.000531858,192.229,3.16199
0.00598768,423.153,0.0158516,22.8003,0.000531858,192.229,3.16199
0.00598768,424.001,0.00234776,22.8004,0.000531858,192.229,3.162
0.00598769,423.429,-0.0130256,22.8005,0.000531858,192.229,3.162
0.00598769,420.638,-0.0309351,22.8008,0.000531858,192.23,3.16201
0.0059877,416.524,-0.0454586,22.801,0.000531858,192.23,3.16201
0.0059877,409.331,-0.0621829,22.8014,0.000531858,192.23,3.16202
0.00598771,400.797,-0.0760178,22.8017,0.000531858,192.23,3.16202
0.00598772,387.106,-0.0913827,22.8022,0.000531858,192.231,3.16203
0.00598773,368.787,-0.104182,22.8028,0.000531858,192.231,3.16203
0.00598774,353.566,-0.110124,22.8032,0.000531858,192.231,3.16204
0.00598774,337.08,-0.112645,22.8037,0.000531858,192.232,3.16204
0.00598775,320.962,-0.111441,22.8041,0.000531858,192.232,3.16205
0.00598776,300.092,-0.104253,22.8045,0.000531858,192.232,3.16205
0.00598777,280.326,-0.0902772,22.8049,0.000531858,192.233,3.16206
0.00598778,260.774,-0.0652689,22.8052,0.000531858,192.233,3.16207
0.00598779,250.332,-0.0410719,22.8053,0.000531858,192.234,3.16207
0.0059878,245.757,-0.0211897,22.8052,0.000531858,192.234,3.16208
0.00598781,244.215,-0.00369599,22.8051,0.000531858,192.234,3.16208
0.00598781,244.873,0.0137741,22.805,0.000531858,192.234,3.16208
0.00598782,247.813,0.0313628,22.8048,0.000531858,192.234,3.16209
0.00598783,255.038,0.053163,22.8044,0.000531858,192.234,3.16209
0.00598784,267.309,0.0747365,22.804,0.000531858,192.235,3.1621
0.00598785,284.088,0.0927451,22.8035,0.000531858,192.235,3.1621
0.00598785,298.801,0.10261,22.803,0.000531858,192.235,3.16211
0.00598786,312.628,0.108306,22.8027,0.000531858,192.235,3.16211
0.00598787,328.064,0.111228,22.8023,0.000531858,192.235,3.16211
0.00598787,342.674,0.110888,22.802,0.000531858,192.235,3.16211
0.00598788,363.261,0.105153,22.8015,0.000531858,192.235,3.16212
0.00598789,382.405,0.0933068,22.8012,0.000531858,192.235,3.16212
0.00598791,402.607,0.0703875,22.8009,0.000531858,192.235,3.16213
0.00598791,412.247,0.0518895,22.8009,0.000531858,192.236,3.16213
0.00598792,417.155,0.0377105,22.8009,0.000531858,192.236,3.16213
0.00598792,420.125,0.0247721,22.8009,0.000531858,192.236,3.16213
0.00598793,421.841,0.0115117,22.801,0.000531858,192.236,3.16214
0.00598793,422.227,-0.00464402,22.8012,0.000531858,192.236,3.16214
0.00598794,420.767,-0.0207451,22.8014,0.000531858,192.236,3.16214
0.00598795,416.235,-0.0406576,22.8017,0.000531858,192.236,3.16214
0.00598795,409.684,-0.0573938,22.802,0.000531858,192.237,3.16214
0.00598796,401.131,-0.0722556,22.8024,0.000531858,192.237,3.16215
0.00598797,388.874,-0.0869865,22.8028,0.000531858,192.237,3.16215
0.00598798,371.583,-0.100285,22.8034,0.000531858,192.238,3.16215
0.00598798,357.03,-0.106864,22.8038,0.000531858,192.238,3.16215
0.00598799,340.932,-0.110248,22.8042,0.000531858,192.238,3.16215
0.005988,326.066,-0.11007,22.8046,0.000531858,192.238,3.16216
0.00598801,305.863,-0.104686,22.8051,0.000531858,192.239,3.16216
0.00598802,286.663,-0.0931797,22.8054,0.000531858,192.239,3.16216
0.00598803,266.535,-0.0711434,22.8058,0.000531858,192.24,3.16216
0.00598804,253.709,-0.0456919,22.8059,0.000531858,192.24,3.16216
0.00598805,248.01,-0.024424,22.8058,0.000531858,192.24,3.16217
0.00598806,246.013,-0.00682668,22.8058,0.000531858,192.241,3.16217
0.00598806,246.249,0.010205,22.8056,0.000531858,192.241,3.16217
0.00598807,248.747,0.0277204,22.8054,0.000531858,192.241,3.16217
0.00598808,254.807,0.0480257,22.8051,0.000531858,192.241,3.16217
0.00598809,266.059,0.0697242,22.8047,0.000531858,192.241,3.16217
0.0059881,283.74,0.0898976,22.8041,0.000531858,192.241,3.16217
0.0059881,299.111,0.100462,22.8036,0.000531858,192.242,3.16217
0.00598811,312.924,0.106195,22.8033,0.000531858,192.242,3.16217
0.00598812,328.379,0.109099,22.8029,0.000531858,192.242,3.16217
0.00598812,342.626,0.108725,22.8026,0.000531858,192.242,3.16217
0.00598813,362.928,0.102999,22.8021,0.000531858,192.242,3.16217
0.00598814,381.595,0.0913657,22.8018,0.000531858,192.242,3.16217
0.00598816,401.443,0.0687131,22.8015,0.000531858,192.242,3.16217
0.00598816,410.752,0.0507562,22.8015,0.000531858,192.242,3.16217
0.00598817,415.601,0.0366726,22.8015,0.000531858,192.242,3.16217
0.00598818,418.583,0.0234152,22.8016,0.000531858,192.243,3.16217
0.00598818,420.241,0.00957396,22.8016,0.000531858,192.243,3.16217
0.00598819,420.389,-0.00698555,22.8018,0.000531858,192.243,3.16217
0.00598819,418.441,-0.0240962,22.802,0.000531858,192.243,3.16217
0.0059882,413.961,-0.0418826,22.8023,0.000531858,192.243,3.16217
0.00598821,406.535,-0.0595682,22.8026,0.000531858,192.243,3.16217
0.00598821,397.66,-0.0738436,22.803,0.000531858,192.244,3.16217
0.00598822,384.047,-0.088759,22.8035,0.000531858,192.244,3.16216
0.00598823,368.542,-0.0995981,22.8039,0.000531858,192.244,3.16216
0.00598824,354.547,-0.105411,22.8043,0.000531858,192.245,3.16216
0.00598824,339.079,-0.108238,22.8048,0.000531858,192.245,3.16216
0.00598825,324.418,-0.107698,22.8051,0.000531858,192.245,3.16216
0.00598826,304.269,-0.10172,22.8056,0.000531858,192.246,3.16216
0.00598827,285.473,-0.0896616,22.8059,0.000531858,192.246,3.16216
0.00598828,265.944,-0.0668833,22.8062,0.000531858,192.246,3.16215
0.00598829,254.43,-0.042503,22.8063,0.000531858,192.247,3.16215
0.0059883,249.366,-0.0223299,22.8063,0.000531858,192.247,3.16215
0.00598831,247.627,-0.00524754,22.8062,0.000531858,192.247,3.16215
0.00598831,248.043,0.0114926,22.806,0.000531858,192.247,3.16215
0.00598832,250.666,0.0285503,22.8058,0.000531858,192.248,3.16214
0.00598833,257.057,0.0489437,22.8055,0.000531858,192.248,3.16214
0.00598834,268.441,0.069986,22.8051,0.000531858,192.248,3.16214
0.00598835,286.486,0.0896616,22.8045,0.000531858,192.248,3.16213
0.00598836,301.549,0.0994344,22.804,0.000531858,192.248,3.16213
0.00598836,315.173,0.104667,22.8037,0.000531858,192.248,3.16213
0.00598837,330.284,0.107085,22.8033,0.000531858,192.248,3.16213
0.00598838,344.981,0.106225,22.803,0.000531858,192.248,3.16212
0.00598839,364.808,0.0998284,22.8026,0.000531858,192.249,3.16212
0.0059884,383.384,0.0872061,22.8022,0.000531858,192.249,3.16212
0.00598841,402.232,0.0638708,22.802,0.000531858,192.249,3.16211
0.00598842,410.53,0.0464418,22.8019,0.000531858,192.249,3.16211
0.00598842,414.899,0.0324455,22.802,0.000531858,192.249,3.16211
0.00598843,417.544,0.0187895,22.802,0.000531858,192.249,3.1621
0.00598843,418.784,0.00396418,22.8021,0.000531858,192.249,3.1621
0.00598844,418.215,-0.0129615,22.8023,0.000531858,192.25,3.1621
0.00598845,415.503,-0.029748,22.8025,0.000531858,192.25,3.16209
0.00598845,410.644,-0.0458987,22.8028,0.000531858,192.25,3.16209
0.00598846,402.475,-0.063104,22.8032,0.000531858,192.25,3.16209
0.00598847,392.537,-0.0772524,22.8035,0.000531858,192.25,3.16208
0.00598848,377.269,-0.0916471,22.804,0.000531858,192.251,3.16208
0.00598848,363.952,-0.0995753,22.8044,0.000531858,192.251,3.16208
0.00598849,350.57,-0.104295,22.8048,0.000531858,192.251,3.16207
0.0059885,335.909,-0.106249,22.8052,0.000531858,192.252,3.16207
0.0059885,320.273,-0.104828,22.8056,0.000531858,192.252,3.16206
0.00598851,300.727,-0.0976894,22.806,0.000531858,192.252,3.16206
0.00598852,281.8,-0.08372,22.8063,0.000531858,192.253,3.16205
0.00598854,263.765,-0.059599,22.8066,0.000531858,192.253,3.16204
0.00598855,254.476,-0.0369973,22.8066,0.000531858,192.254,3.16204
0.00598855,250.494,-0.0186525,22.8065,0.000531858,192.254,3.16203
0.00598856,249.21,-0.00224991,22.8064,0.000531858,192.254,3.16203
0.00598857,249.991,0.0142679,22.8063,0.000531858,192.254,3.16203
0.00598857,252.913,0.0307581,22.8061,0.000531858,192.254,3.16202
0.00598858,260.129,0.0516829,22.8057,0.000531858,192.254,3.16202
0.00598859,271.998,0.071812,22.8053,0.000531858,192.255,3.16201
0.0059886,287.551,0.0880464,22.8048,0.000531858,192.255,3.162
0.00598861,301.137,0.0969848,22.8044,0.000531858,192.255,3.162
0.00598861,314.129,0.102245,22.804,0.000531858,192.255,3.16199
0.00598862,328.593,0.104905,22.8037,0.000531858,192.255,3.16199
0.00598863,342.547,0.104498,22.8033,0.000531858,192.255,3.16198
0.00598864,361.92,0.0989527,22.8029,0.000531858,192.255,3.16198
0.00598865,380.066,0.0875321,22.8026,0.000531858,192.255,3.16197
0.00598866,398.996,0.0657151,22.8023,0.000531858,192.256,3.16196
0.00598867,408.037,0.0480416,22.8023,0.000531858,192.256,3.16195
0.00598867,412.842,0.0336078,22.8023,0.000531858,192.256,3.16195
0.00598868,415.725,0.0196181,22.8023,0.000531858,192.256,3.16194
0.00598868,417.098,0.00442215,22.8024,0.000531858,192.256,3.16194
0.00598869,416.53,-0.0129507,22.8026,0.000531858,192.256,3.16193
0.0059887,413.834,-0.0294139,22.8028,0.000531858,192.256,3.16193
0.0059887,408.7,-0.0461062,22.8031,0.000531858,192.257,3.16192
0.00598871,400.195,-0.063406,22.8034,0.000531858,192.257,3.16191
0.00598872,389.77,-0.0775873,22.8038,0.000531858,192.257,3.16191
0.00598873,373.983,-0.0915596,22.8043,0.000531858,192.258,3.1619
0.00598874,360.679,-0.0988001,22.8047,0.000531858,192.258,3.16189
0.00598874,347.335,-0.10289,22.8051,0.000531858,192.258,3.16189
0.00598875,332.999,-0.104177,22.8055,0.000531858,192.258,3.16188
0.00598876,316.648,-0.101857,22.8058,0.000531858,192.259,3.16187
0.00598877,297.662,-0.0936764,22.8062,0.000531858,192.259,3.16186
0.00598878,278.89,-0.0780342,22.8065,0.000531858,192.26,3.16185
0.00598879,262.254,-0.0527775,22.8067,0.000531858,192.26,3.16184
0.0059888,254.44,-0.0304703,22.8067,0.000531858,192.26,3.16183
0.00598881,251.499,-0.0133082,22.8067,0.000531858,192.261,3.16183
0.00598881,250.863,0.0025911,22.8065,0.000531858,192.261,3.16182
0.00598882,252.373,0.019653,22.8064,0.000531858,192.261,3.16181
0.00598883,256.167,0.0363031,22.8061,0.000531858,192.261,3.16181
0.00598884,265.09,0.0577638,22.8057,0.000531858,192.261,3.1618
0.00598885,278.483,0.0768251,22.8052,0.000531858,192.261,3.16179
0.00598885,292.625,0.0894816,22.8048,0.000531858,192.261,3.16178
0.00598886,305.199,0.0967431,22.8044,0.000531858,192.262,3.16177
0.00598887,317.896,0.101136,22.8041,0.000531858,192.262,3.16176
0.00598887,331.68,0.102983,22.8037,0.000531858,192.262,3.16176
0.00598888,346.838,0.101669,22.8034,0.000531858,192.262,3.16175
0.00598889,365.528,0.0949432,22.803,0.000531858,192.262,3.16174
0.0059889,383.907,0.0814681,22.8027,0.000531858,192.262,3.16172
0.00598891,401.272,0.0582623,22.8024,0.000531858,192.262,3.16171
0.00598892,408.773,0.0410647,22.8024,0.000531858,192.262,3.1617
0.00598893,412.73,0.0266411,22.8024,0.000531858,192.263,3.16169
0.00598893,414.933,0.0119481,22.8025,0.000531858,192.263,3.16169
0.00598894,415.403,-0.00418747,22.8026,0.000531858,192.263,3.16168
0.00598895,413.835,-0.0204788,22.8028,0.000531858,192.263,3.16167
0.00598895,409.57,-0.0383859,22.8031,0.000531858,192.263,3.16166
0.00598896,403.039,-0.0544956,22.8034,0.000531858,192.263,3.16166
0.00598897,393.05,-0.0706178,22.8038,0.000531858,192.264,3.16165
0.00598898,380.12,-0.0843752,22.8042,0.000531858,192.264,3.16164
0.00598898,366.402,-0.0938067,22.8046,0.000531858,192.264,3.16163
0.00598899,353.527,-0.0991868,22.805,0.000531858,192.265,3.16162
0.005989,339.203,-0.1019,22.8053,0.000531858,192.265,3.16161
0.005989,325.588,-0.101532,22.8057,0.000531858,192.265,3.1616
0.00598901,306.638,-0.0961429,22.8061,0.000531858,192.266,3.16159
0.00598902,288.959,-0.0850941,22.8064,0.000531858,192.266,3.16158
0.00598904,270.418,-0.0639751,22.8067,0.000531858,192.266,3.16156
0.00598905,259.208,-0.0407745,22.8067,0.000531858,192.267,3.16155
0.00598906,254.269,-0.0215314,22.8067,0.000531858,192.267,3.16154
0.00598906,252.563,-0.00538515,22.8066,0.000531858,192.267,3.16153
0.00598907,252.898,0.0103644,22.8064,0.000531858,192.267,3.16152
0.00598907,255.314,0.0264628,22.8062,0.000531858,192.268,3.16151
0.00598908,261.19,0.0455157,22.8059,0.000531858,192.268,3.1615
0.00598909,271.799,0.0654036,22.8055,0.000531858,192.268,3.16149
0.0059891,288.569,0.083966,22.8049,0.000531858,192.268,3.16147
0.00598911,302.761,0.0933519,22.8045,0.000531858,192.268,3.16146
0.00598912,315.583,0.0984029,22.8042,0.000531858,192.268,3.16145
0.00598912,329.843,0.100806,22.8038,0.000531858,192.268,3.16144
0.00598913,343.47,0.100142,22.8035,0.000531858,192.268,3.16143
0.00598914,362.176,0.0943352,22.8031,0.000531858,192.269,3.16142
0.00598915,379.594,0.0827981,22.8027,0.000531858,192.269,3.1614
0.00598916,397.537,0.0611188,22.8025,0.000531858,192.269,3.16139
0.00598917,406.039,0.0434621,22.8024,0.000531858,192.269,3.16137
0.00598918,410.53,0.0285825,22.8024,0.000531858,192.269,3.16136
0.00598918,413.045,0.013661,22.8025,0.000531858,192.269,3.16135
0.00598919,413.748,-0.00216814,22.8026,0.000531858,192.27,3.16135
0.0059892,412.427,-0.0183272,22.8028,0.000531858,192.27,3.16134
0.0059892,408.76,-0.0350602,22.803,0.000531858,192.27,3.16133
0.00598921,402.415,-0.0516638,22.8033,0.000531858,192.27,3.16131
0.00598922,392.577,-0.0681185,22.8037,0.000531858,192.27,3.1613
0.00598923,379.937,-0.0819342,22.8041,0.000531858,192.271,3.16129
0.00598924,366.272,-0.0915555,22.8045,0.000531858,192.271,3.16128
0.00598924,353.636,-0.0969678,22.8049,0.000531858,192.271,3.16127
0.00598925,339.538,-0.0997567,22.8052,0.000531858,192.272,3.16126
0.00598926,326.294,-0.0995087,22.8056,0.000531858,192.272,3.16124
0.00598927,307.796,-0.0944375,22.8059,0.000531858,192.272,3.16123
0.00598928,290.505,-0.0838757,22.8063,0.000531858,192.273,3.16121
0.00598929,272.253,-0.0635191,22.8065,0.000531858,192.273,3.1612
0.0059893,260.945,-0.0406005,22.8066,0.000531858,192.273,3.16118
0.00598931,255.953,-0.0215419,22.8065,0.000531858,192.274,3.16116
0.00598931,254.222,-0.00567674,22.8064,0.000531858,192.274,3.16115
0.00598932,254.499,0.00973469,22.8063,0.000531858,192.274,3.16114
0.00598933,256.816,0.0255322,22.8061,0.000531858,192.274,3.16113
0.00598933,262.443,0.0440531,22.8058,0.000531858,192.274,3.16112
0.00598934,272.733,0.0635943,22.8054,0.000531858,192.275,3.1611
0.00598935,288.955,0.0818005,22.8048,0.000531858,192.275,3.16109
0.00598936,302.856,0.0911562,22.8044,0.000531858,192.275,3.16107
0.00598937,315.397,0.0962132,22.804,0.000531858,192.275,3.16106
0.00598938,329.38,0.098685,22.8037,0.000531858,192.275,3.16105
0.00598938,342.524,0.0981682,22.8033,0.000531858,192.275,3.16104
0.00598939,360.869,0.092692,22.8029,0.000531858,192.275,3.16102
0.0059894,377.85,0.0817242,22.8026,0.000531858,192.275,3.161
0.00598941,395.596,0.0607897,22.8023,0.000531858,192.276,3.16098
0.00598942,404.314,0.0430449,22.8023,0.000531858,192.276,3.16097
0.00598943,408.931,0.0278378,22.8023,0.000531858,192.276,3.16095
0.00598944,411.451,0.0124901,22.8024,0.000531858,192.276,3.16094
0.00598944,412.026,-0.0030773,22.8025,0.000531858,192.276,3.16093
0.00598945,410.585,-0.0190415,22.8026,0.000531858,192.276,3.16092
0.00598946,406.735,-0.035722,22.8029,0.000531858,192.277,3.16091
0.00598946,399.912,-0.052675,22.8032,0.000531858,192.277,3.16089
0.00598947,389.615,-0.0689037,22.8036,0.000531858,192.277,3.16088
0.00598948,376.227,-0.0824779,22.804,0.000531858,192.277,3.16086
0.00598949,363.676,-0.0906225,22.8044,0.000531858,192.278,3.16085
0.00598949,351.456,-0.0954451,22.8047,0.000531858,192.278,3.16084
0.0059895,337.887,-0.0977701,22.805,0.000531858,192.278,3.16082
0.00598951,324.424,-0.0971447,22.8053,0.000531858,192.279,3.16081
0.00598952,306.309,-0.0915533,22.8057,0.000531858,192.279,3.16079
0.00598953,289.176,-0.0802706,22.806,0.000531858,192.279,3.16078
0.00598954,271.745,-0.0594135,22.8062,0.000531858,192.28,3.16075
0.00598955,261.736,-0.037722,22.8063,0.000531858,192.28,3.16073
0.00598956,257.322,-0.0197829,22.8062,0.000531858,192.28,3.16072
0.00598957,255.802,-0.00442787,22.8061,0.000531858,192.281,3.16071
0.00598957,256.217,0.0106977,22.806,0.000531858,192.281,3.16069
0.00598958,258.621,0.0260691,22.8058,0.000531858,192.281,3.16068
0.00598959,264.493,0.0445947,22.8054,0.000531858,192.281,3.16067
0.0059896,274.844,0.0635356,22.805,0.000531858,192.281,3.16065
0.00598961,291.293,0.0812721,22.8045,0.000531858,192.281,3.16063
0.00598961,304.884,0.0899623,22.804,0.000531858,192.282,3.16061
0.00598962,317.231,0.0946058,22.8037,0.000531858,192.282,3.1606
0.00598963,330.882,0.0966838,22.8033,0.000531858,192.282,3.16058
0.00598964,344.318,0.0957737,22.803,0.000531858,192.282,3.16057
0.00598964,362.21,0.0897908,22.8026,0.000531858,192.282,3.16055
0.00598965,379.037,0.0780805,22.8023,0.000531858,192.282,3.16053
0.00598967,395.915,0.0566965,22.802,0.000531858,192.282,3.1605
0.00598968,403.921,0.0389975,22.802,0.000531858,192.282,3.16049
0.00598968,408.09,0.0235449,22.802,0.000531858,192.283,3.16047
0.00598969,410.122,0.00780946,22.8021,0.000531858,192.283,3.16046
0.0059897,410.13,-0.00743913,22.8022,0.000531858,192.283,3.16045
0.0059897,408.137,-0.0230344,22.8024,0.000531858,192.283,3.16043
0.00598971,403.169,-0.0407534,22.8026,0.000531858,192.283,3.16042
0.00598972,395.088,-0.0576692,22.803,0.000531858,192.284,3.1604
0.00598973,383.602,-0.0729875,22.8034,0.000531858,192.284,3.16038
0.00598974,368.301,-0.0856617,22.8038,0.000531858,192.284,3.16036
0.00598974,355.734,-0.091851,22.8042,0.000531858,192.285,3.16035
0.00598975,343.274,-0.0950701,22.8045,0.000531858,192.285,3.16033
0.00598976,330.142,-0.0956471,22.8048,0.000531858,192.285,3.16032
0.00598977,314.247,-0.0925356,22.8051,0.000531858,192.285,3.1603
0.00598978,296.999,-0.0838883,22.8055,0.000531858,192.286,3.16028
0.00598979,279.679,-0.0676154,22.8057,0.000531858,192.286,3.16026
0.0059898,265.447,-0.0428907,22.8058,0.000531858,192.287,3.16023
0.00598981,259.506,-0.0224664,22.8058,0.000531858,192.287,3.16021
0.00598982,257.58,-0.0066848,22.8057,0.000531858,192.287,3.16019
0.00598982,257.69,0.0080399,22.8055,0.000531858,192.287,3.16018
0.00598983,259.774,0.0233358,22.8053,0.000531858,192.288,3.16017
0.00598984,264.74,0.0404948,22.805,0.000531858,192.288,3.16015
0.00598985,274.292,0.0594402,22.8046,0.000531858,192.288,3.16013
0.00598986,289.138,0.07689,22.8041,0.000531858,192.288,3.16011
0.00598986,302.407,0.086365,22.8037,0.000531858,192.288,3.16009
0.00598987,314.343,0.0915711,22.8033,0.000531858,192.288,3.16007
0.00598988,327.768,0.0943375,22.803,0.000531858,192.288,3.16006
0.00598988,340.073,0.0942264,22.8027,0.000531858,192.288,3.16004
0.00598989,357.42,0.0896961,22.8023,0.000531858,192.289,3.16002
0.0059899,373.642,0.0800562,22.8019,0.000531858,192.289,3.16
0.00598992,390.95,0.0611494,22.8016,0.000531858,192.289,3.15997
0.00598993,400.323,0.0434392,22.8015,0.000531858,192.289,3.15995
0.00598993,405.402,0.0276118,22.8015,0.000531858,192.289,3.15994
0.00598994,408.085,0.0115133,22.8016,0.000531858,192.289,3.15992
0.00598995,408.574,-0.00350826,22.8017,0.000531858,192.29,3.15991
0.00598995,407.063,-0.0191109,22.8019,0.000531858,192.29,3.15989
0.00598996,403.213,-0.0351439,22.8021,0.000531858,192.29,3.15987
0.00598997,394.803,-0.0544616,22.8024,0.000531858,192.29,3.15985
0.00598998,384.2,-0.0694298,22.8028,0.000531858,192.291,3.15983
0.00598999,368.97,-0.0827941,22.8033,0.000531858,192.291,3.15981
0.00598999,356.726,-0.0892137,22.8036,0.000531858,192.291,3.15979
0.00599,344.644,-0.0926771,22.8039,0.000531858,192.291,3.15978
0.00599001,331.739,-0.0935897,22.8042,0.000531858,192.292,3.15976
0.00599002,316.768,-0.0911372,22.8045,0.000531858,192.292,3.15974
0.00599003,299.754,-0.0833288,22.8048,0.000531858,192.292,3.15972
0.00599004,282.879,-0.0685652,22.8051,0.000531858,192.293,3.15969
0.00599005,268.313,-0.0452393,22.8052,0.000531858,192.293,3.15966
0.00599006,261.778,-0.0251789,22.8052,0.000531858,192.294,3.15964
0.00599007,259.446,-0.00974171,22.8051,0.000531858,192.294,3.15963
0.00599007,259.151,0.00458908,22.8049,0.000531858,192.294,3.15961
0.00599008,260.788,0.0197659,22.8048,0.000531858,192.294,3.1596
0.00599009,264.766,0.0355096,22.8045,0.000531858,192.294,3.15958
0.0059901,273.326,0.0544876,22.8041,0.000531858,192.294,3.15956
0.00599011,286.368,0.0716439,22.8036,0.000531858,192.295,3.15953
0.00599011,299.142,0.0820988,22.8032,0.000531858,192.295,3.15951
0.00599012,310.596,0.0880477,22.8029,0.000531858,192.295,3.1595
0.00599013,322.211,0.0914545,22.8025,0.000531858,192.295,3.15948
0.00599013,334.552,0.0924896,22.8022,0.000531858,192.295,3.15946
0.00599014,349.254,0.0903376,22.8018,0.000531858,192.295,3.15944
0.00599015,365.865,0.0830693,22.8015,0.000531858,192.295,3.15942
0.00599016,382.61,0.0688905,22.8012,0.000531858,192.295,3.15939
0.00599017,395.66,0.0494121,22.801,0.000531858,192.296,3.15937
0.00599018,402.308,0.0324464,22.8009,0.000531858,192.296,3.15935
0.00599019,405.794,0.0162773,22.801,0.000531858,192.296,3.15933
0.0059902,406.907,0.0015957,22.8011,0.000531858,192.296,3.15931
0.0059902,405.974,-0.0146483,22.8012,0.000531858,192.296,3.15929
0.00599021,403.188,-0.0289641,22.8014,0.000531858,192.297,3.15928
0.00599022,395.995,-0.0483195,22.8017,0.000531858,192.297,3.15925
0.00599023,385.597,-0.064799,22.8021,0.000531858,192.297,3.15923
0.00599024,371.796,-0.07834,22.8025,0.000531858,192.298,3.15921
0.00599024,360.272,-0.0854066,22.8028,0.000531858,192.298,3.15919
0.00599025,348.876,-0.0896085,22.8031,0.000531858,192.298,3.15917
0.00599026,336.265,-0.0914911,22.8034,0.000531858,192.298,3.15916
0.00599026,323.258,-0.0905691,22.8037,0.000531858,192.299,3.15914
0.00599027,306.36,-0.0848381,22.804,0.000531858,192.299,3.15911
0.00599028,290.192,-0.0735033,22.8043,0.000531858,192.299,3.15909
0.0059903,274.283,-0.053281,22.8044,0.000531858,192.3,3.15906
0.00599031,265.735,-0.0336203,22.8044,0.000531858,192.3,3.15903
0.00599031,261.972,-0.0174324,22.8044,0.000531858,192.3,3.15901
0.00599032,260.692,-0.00322013,22.8043,0.000531858,192.301,3.159
0.00599033,261.197,0.0109557,22.8041,0.000531858,192.301,3.15898
0.00599033,263.555,0.025249,22.8039,0.000531858,192.301,3.15896
0.00599034,269.347,0.0428819,22.8036,0.000531858,192.301,3.15894
0.00599035,279.249,0.0604291,22.8032,0.000531858,192.301,3.15892
0.00599036,292.914,0.0751818,22.8027,0.000531858,192.301,3.15889
0.00599037,304.91,0.0832532,22.8023,0.000531858,192.301,3.15887
0.00599037,316.196,0.087907,22.802,0.000531858,192.302,3.15885
0.00599038,328.79,0.0902772,22.8016,0.000531858,192.302,3.15884
0.00599039,340.64,0.0899809,22.8013,0.000531858,192.302,3.15882
0.0059904,357.391,0.0852764,22.8009,0.000531858,192.302,3.15879
0.00599041,372.92,0.0756194,22.8006,0.000531858,192.302,3.15877
0.00599042,389.352,0.0569023,22.8003,0.000531858,192.302,3.15874
0.00599043,398.233,0.0391359,22.8002,0.000531858,192.302,3.15871
0.00599044,402.955,0.02276,22.8002,0.000531858,192.303,3.15869
0.00599044,404.941,0.00826311,22.8003,0.000531858,192.303,3.15867
0.00599045,405.077,-0.00580335,22.8004,0.000531858,192.303,3.15866
0.00599046,403.356,-0.0204104,22.8005,0.000531858,192.303,3.15864
0.00599046,399.089,-0.0364342,22.8007,0.000531858,192.303,3.15862
0.00599047,390.501,-0.0545986,22.8011,0.000531858,192.304,3.15859
0.00599048,378.755,-0.0696869,22.8014,0.000531858,192.304,3.15857
0.00599049,365.349,-0.0803692,22.8018,0.000531858,192.304,3.15854
0.0059905,353.866,-0.0859218,22.8021,0.000531858,192.305,3.15853
0.00599051,342.307,-0.0888586,22.8024,0.000531858,192.305,3.15851
0.00599051,330.175,-0.0893667,22.8027,0.000531858,192.305,3.15849
0.00599052,315.194,-0.0864024,22.803,0.000531858,192.305,3.15847
0.00599053,299.146,-0.0783045,22.8033,0.000531858,192.306,3.15844
0.00599054,282.896,-0.0629485,22.8035,0.000531858,192.306,3.15841
0.00599055,269.683,-0.039826,22.8036,0.000531858,192.307,3.15837
0.00599056,264.19,-0.0207767,22.8035,0.000531858,192.307,3.15835
0.00599057,262.421,-0.00604472,22.8034,0.000531858,192.307,3.15833
0.00599058,262.549,0.00771258,22.8032,0.000531858,192.307,3.15831
0.00599058,264.519,0.0219844,22.803,0.000531858,192.307,3.1583
0.00599059,269.213,0.0380728,22.8028,0.000531858,192.308,3.15828
0.0059906,278.181,0.055738,22.8024,0.000531858,192.308,3.15825
0.00599061,292.137,0.0720238,22.8018,0.000531858,192.308,3.15822
0.00599062,304.537,0.0807973,22.8014,0.000531858,192.308,3.1582
0.00599063,315.715,0.0856104,22.8011,0.000531858,192.308,3.15818
0.00599063,328.266,0.0881292,22.8007,0.000531858,192.308,3.15816
0.00599064,339.774,0.0879619,22.8004,0.000531858,192.308,3.15814
0.00599065,356.042,0.0836036,22.8,0.000531858,192.309,3.15812
0.00599066,371.182,0.0744673,22.7997,0.000531858,192.309,3.15809
0.00599067,387.326,0.0565884,22.7994,0.000531858,192.309,3.15805
0.00599068,396.406,0.0388929,22.7993,0.000531858,192.309,3.15803
0.00599069,401.273,0.0222428,22.7993,0.000531858,192.309,3.158
0.0059907,403.214,0.00809102,22.7994,0.000531858,192.309,3.15799
0.0059907,403.349,-0.00562075,22.7995,0.000531858,192.31,3.15797
0.00599071,401.672,-0.0198932,22.7996,0.000531858,192.31,3.15795
0.00599072,397.533,-0.0354719,22.7998,0.000531858,192.31,3.15793
0.00599073,389.157,-0.0532312,22.8001,0.000531858,192.31,3.1579
0.00599074,377.063,-0.0686156,22.8005,0.000531858,192.311,3.15787
0.00599074,364.043,-0.0787748,22.8009,0.000531858,192.311,3.15785
0.00599075,352.819,-0.0840753,22.8012,0.000531858,192.311,3.15783
0.00599076,341.518,-0.0868344,22.8014,0.000531858,192.311,3.15781
0.00599076,329.711,-0.0872211,22.8017,0.000531858,192.312,3.15779
0.00599077,314.915,-0.0841345,22.802,0.000531858,192.312,3.15777
0.00599078,299.301,-0.0760317,22.8022,0.000531858,192.312,3.15774
0.00599079,283.423,-0.0606739,22.8024,0.000531858,192.313,3.15771
0.00599081,270.732,-0.0378395,22.8025,0.000531858,192.313,3.15767
0.00599082,265.594,-0.0192902,22.8024,0.000531858,192.314,3.15764
0.00599082,264.003,-0.00491714,22.8023,0.000531858,192.314,3.15763
0.00599083,264.253,0.00853273,22.8022,0.000531858,192.314,3.15761
0.00599084,266.298,0.0223989,22.802,0.000531858,192.314,3.15759
0.00599084,271.161,0.0383919,22.8017,0.000531858,192.314,3.15757
0.00599085,280.152,0.0554902,22.8013,0.000531858,192.314,3.15754
0.00599086,294.227,0.0713166,22.8007,0.000531858,192.315,3.15751
0.00599087,306.342,0.0794999,22.8003,0.000531858,192.315,3.15748
0.00599088,317.311,0.0839403,22.8,0.000531858,192.315,3.15747
0.00599089,329.543,0.0861111,22.7997,0.000531858,192.315,3.15744
0.00599089,340.977,0.0856688,22.7994,0.000531858,192.315,3.15743
0.0059909,357.011,0.0808949,22.799,0.000531858,192.315,3.1574
0.00599091,371.816,0.0713512,22.7986,0.000531858,192.315,3.15737
0.00599092,387.349,0.0530688,22.7984,0.000531858,192.316,3.15733
0.00599093,395.838,0.0352312,22.7983,0.000531858,192.316,3.1573
0.00599094,400.183,0.0184956,22.7983,0.000531858,192.316,3.15728
0.00599095,401.653,0.00467337,22.7983,0.000531858,192.316,3.15726
0.00599096,401.378,-0.00879479,22.7984,0.000531858,192.316,3.15724
0.00599096,399.331,-0.0225459,22.7986,0.000531858,192.316,3.15722
0.00599097,394.377,-0.0386998,22.7988,0.000531858,192.317,3.1572
0.00599098,385.4,-0.055566,22.7991,0.000531858,192.317,3.15717
0.00599099,372.277,-0.0703221,22.7995,0.000531858,192.317,3.15714
0.005991,360.655,-0.0783218,22.7998,0.000531858,192.318,3.15712
0.005991,349.889,-0.0828147,22.8001,0.000531858,192.318,3.1571
0.00599101,337.783,-0.0850876,22.8004,0.000531858,192.318,3.15708
0.00599102,326.596,-0.0847728,22.8006,0.000531858,192.318,3.15706
0.00599103,310.649,-0.0802259,22.8009,0.000531858,192.319,3.15703
0.00599104,296.008,-0.0710605,22.8011,0.000531858,192.319,3.157
0.00599105,280.442,-0.0533047,22.8013,0.000531858,192.32,3.15697
0.00599106,271.101,-0.0338925,22.8013,0.000531858,192.32,3.15693
0.00599107,267.005,-0.0178319,22.8012,0.000531858,192.32,3.15691
0.00599107,265.601,-0.00436442,22.8011,0.000531858,192.32,3.15689
0.00599108,265.896,0.00877494,22.8009,0.000531858,192.321,3.15687
0.00599109,267.925,0.0221919,22.8007,0.000531858,192.321,3.15685
0.0059911,272.86,0.0381178,22.8004,0.000531858,192.321,3.15683
0.0059911,281.733,0.054683,22.8,0.000531858,192.321,3.1568
0.00599112,295.771,0.0701483,22.7995,0.000531858,192.321,3.15677
0.00599112,307.61,0.077926,22.7991,0.000531858,192.321,3.15674
0.00599113,318.354,0.082111,22.7988,0.000531858,192.321,3.15672
0.00599114,330.283,0.0840612,22.7985,0.000531858,192.322,3.1567
0.00599114,341.716,0.0834333,22.7981,0.000531858,192.322,3.15668
0.00599115,357.335,0.0784646,22.7978,0.000531858,192.322,3.15665
0.00599116,371.88,0.0686777,22.7974,0.000531858,192.322,3.15662
0.00599118,386.798,0.0503932,22.7972,0.000531858,192.322,3.15659
0.00599119,395.114,0.0317923,22.7971,0.000531858,192.322,3.15656
0.0059912,398.86,0.0156846,22.7971,0.000531858,192.323,3.15653
0.0059912,399.984,0.00229091,22.7971,0.000531858,192.323,3.15651
0.00599121,399.43,-0.0108558,22.7972,0.000531858,192.323,3.15649
0.00599121,397.17,-0.0240737,22.7974,0.000531858,192.323,3.15647
0.00599122,391.673,-0.0404378,22.7976,0.000531858,192.323,3.15645
0.00599123,382.401,-0.0565193,22.7979,0.000531858,192.324,3.15642
0.00599124,368.447,-0.0708602,22.7983,0.000531858,192.324,3.15639
0.00599125,357.197,-0.077751,22.7986,0.000531858,192.324,3.15636
0.00599126,346.589,-0.0815373,22.7989,0.000531858,192.325,3.15634
0.00599126,334.871,-0.0831056,22.7991,0.000531858,192.325,3.15632
0.00599127,322.9,-0.0820274,22.7994,0.000531858,192.325,3.1563
0.00599128,307.484,-0.0764309,22.7996,0.000531858,192.326,3.15627
0.00599129,292.837,-0.0656723,22.7998,0.000531858,192.326,3.15624
0.0059913,278.606,-0.0467409,22.7999,0.000531858,192.326,3.1562
0.00599131,271.293,-0.0290047,22.7999,0.000531858,192.327,3.15617
0.00599132,268.163,-0.0146192,22.7998,0.000531858,192.327,3.15615
0.00599133,267.155,-0.00179685,22.7997,0.000531858,192.327,3.15613
0.00599133,267.759,0.0111026,22.7995,0.000531858,192.327,3.15611
0.00599134,270.033,0.023984,22.7993,0.000531858,192.327,3.15609
0.00599135,275.65,0.0403099,22.799,0.000531858,192.328,3.15607
0.00599136,284.901,0.0560347,22.7986,0.000531858,192.328,3.15604
0.00599137,297.058,0.0687403,22.7982,0.000531858,192.328,3.15601
0.00599138,307.686,0.0757321,22.7978,0.000531858,192.328,3.15599
0.00599138,317.893,0.0798498,22.7975,0.000531858,192.328,3.15597
0.00599139,329.247,0.0819053,22.7971,0.000531858,192.328,3.15595
0.0059914,340.152,0.0815463,22.7968,0.000531858,192.328,3.15593
0.00599141,355.317,0.0771365,22.7965,0.000531858,192.328,3.1559
0.00599141,369.482,0.0681362,22.7961,0.000531858,192.329,3.15587
0.00599143,384.276,0.0509513,22.7959,0.000531858,192.329,3.15583
0.00599144,392.944,0.0326626,22.7957,0.000531858,192.329,3.1558
0.00599145,396.902,0.0168771,22.7957,0.000531858,192.329,3.15577
0.00599145,398.204,0.00380821,22.7958,0.000531858,192.329,3.15575
0.00599146,397.868,-0.00893738,22.7959,0.000531858,192.33,3.15573
0.00599147,395.864,-0.0219093,22.796,0.000531858,192.33,3.15571
0.00599147,390.999,-0.0374163,22.7962,0.000531858,192.33,3.15569
0.00599148,382.354,-0.0533483,22.7965,0.000531858,192.33,3.15566
0.00599149,368.651,-0.0681686,22.7969,0.000531858,192.331,3.15562
0.0059915,357.35,-0.0753949,22.7972,0.000531858,192.331,3.1556
0.00599151,346.949,-0.0792861,22.7974,0.000531858,192.331,3.15558
0.00599152,335.387,-0.0809896,22.7977,0.000531858,192.331,3.15556
0.00599152,324.016,-0.0801348,22.7979,0.000531858,192.332,3.15554
0.00599153,308.907,-0.0749372,22.7981,0.000531858,192.332,3.15551
0.00599154,294.752,-0.0649227,22.7983,0.000531858,192.332,3.15548
0.00599156,280.619,-0.0468144,22.7984,0.000531858,192.333,3.15544
0.00599157,273.142,-0.0294176,22.7984,0.000531858,192.333,3.15541
0.00599157,269.875,-0.0151496,22.7983,0.000531858,192.333,3.15538
0.00599158,268.777,-0.00259836,22.7982,0.000531858,192.334,3.15536
0.00599159,269.256,0.00994124,22.798,0.000531858,192.334,3.15535
0.00599159,271.369,0.0225566,22.7978,0.000531858,192.334,3.15533
0.0059916,276.564,0.0382143,22.7975,0.000531858,192.334,3.1553
0.00599161,285.371,0.0536805,22.7971,0.000531858,192.334,3.15527
0.00599162,297.399,0.0665715,22.7967,0.000531858,192.334,3.15524
0.00599163,307.955,0.0736323,22.7963,0.000531858,192.335,3.15522
0.00599163,317.948,0.0777223,22.796,0.000531858,192.335,3.1552
0.00599164,329.087,0.0797821,22.7957,0.000531858,192.335,3.15518
0.00599165,339.593,0.0794798,22.7954,0.000531858,192.335,3.15515
0.00599166,354.403,0.0752532,22.795,0.000531858,192.335,3.15513
0.00599167,368.139,0.0666318,22.7947,0.000531858,192.335,3.1551
0.00599168,382.638,0.0499845,22.7944,0.000531858,192.335,3.15506
0.00599169,391.227,0.0320501,22.7943,0.000531858,192.336,3.15502
0.0059917,395.092,0.0168796,22.7942,0.000531858,192.336,3.155
0.0059917,396.416,0.00420528,22.7943,0.000531858,192.336,3.15498
0.00599171,396.153,-0.00816883,22.7944,0.000531858,192.336,3.15496
0.00599172,394.272,-0.0208048,22.7945,0.000531858,192.336,3.15494
0.00599172,389.688,-0.0357696,22.7947,0.000531858,192.337,3.15492
0.00599173,381.405,-0.051354,22.7949,0.000531858,192.337,3.15489
0.00599175,368.297,-0.0658514,22.7953,0.000531858,192.337,3.15485
0.00599175,357.267,-0.0731056,22.7956,0.000531858,192.338,3.15483
0.00599176,347.149,-0.0770348,22.7958,0.000531858,192.338,3.15481
0.00599177,335.858,-0.0788393,22.7961,0.000531858,192.338,3.15478
0.00599177,325.02,-0.078179,22.7963,0.000531858,192.338,3.15476
0.00599178,310.27,-0.0733694,22.7965,0.000531858,192.339,3.15473
0.00599179,296.568,-0.0640198,22.7967,0.000531858,192.339,3.1547
0.00599181,282.591,-0.046732,22.7968,0.000531858,192.34,3.15466
0.00599182,274.911,-0.0294749,22.7968,0.000531858,192.34,3.15463
0.00599182,271.55,-0.0152869,22.7967,0.000531858,192.34,3.15461
0.00599183,270.412,-0.00299735,22.7966,0.000531858,192.34,3.15459
0.00599184,270.817,0.00918911,22.7964,0.000531858,192.34,3.15457
0.00599184,272.817,0.0215063,22.7962,0.000531858,192.341,3.15455
0.00599185,277.715,0.0365862,22.7959,0.000531858,192.341,3.15453
0.00599186,286.169,0.0517189,22.7955,0.000531858,192.341,3.1545
0.00599187,297.981,0.0645609,22.795,0.000531858,192.341,3.15447
0.00599188,308.37,0.0715723,22.7947,0.000531858,192.341,3.15444
0.00599189,318.125,0.0755927,22.7944,0.000531858,192.341,3.15442
0.00599189,329.011,0.0776234,22.794,0.000531858,192.341,3.1544
0.0059919,339.18,0.0773471,22.7937,0.000531858,192.342,3.15438
0.00599191,353.603,0.0732632,22.7934,0.000531858,192.342,3.15435
0.00599192,366.936,0.064939,22.793,0.000531858,192.342,3.15432
0.00599193,381.084,0.0487842,22.7928,0.000531858,192.342,3.15428
0.00599194,389.505,0.0312857,22.7926,0.000531858,192.342,3.15425
0.00599195,393.269,0.0166327,22.7926,0.000531858,192.342,3.15422
0.00599196,394.584,0.00433311,22.7926,0.000531858,192.343,3.15421
0.00599196,394.36,-0.00768245,22.7927,0.000531858,192.343,3.15419
0.00599197,392.564,-0.0199718,22.7928,0.000531858,192.343,3.15417
0.00599198,388.18,-0.0344556,22.793,0.000531858,192.343,3.15414
0.00599199,380.191,-0.0496428,22.7932,0.000531858,192.344,3.15411
0.005992,367.559,-0.0637693,22.7936,0.000531858,192.344,3.15408
0.00599201,356.82,-0.0709293,22.7939,0.000531858,192.344,3.15405
0.00599201,346.983,-0.0748182,22.7941,0.000531858,192.344,3.15403
0.00599202,335.985,-0.0766419,22.7943,0.000531858,192.345,3.15401
0.00599203,325.563,-0.0760785,22.7945,0.000531858,192.345,3.15399
0.00599204,311.201,-0.0715196,22.7947,0.000531858,192.345,3.15396
0.00599205,297.924,-0.0626189,22.7949,0.000531858,192.346,3.15393
0.00599206,284.232,-0.0459714,22.795,0.000531858,192.346,3.15389
0.00599207,276.573,-0.0290462,22.795,0.000531858,192.346,3.15386
0.00599208,273.219,-0.0151151,22.7949,0.000531858,192.347,3.15384
0.00599208,272.08,-0.00313874,22.7947,0.000531858,192.347,3.15382
0.00599209,272.444,0.00869396,22.7946,0.000531858,192.347,3.1538
0.00599209,274.359,0.0206798,22.7944,0.000531858,192.347,3.15378
0.0059921,279.042,0.0352528,22.7941,0.000531858,192.347,3.15375
0.00599211,287.196,0.0499908,22.7937,0.000531858,192.348,3.15373
0.00599212,298.724,0.0626111,22.7932,0.000531858,192.348,3.15369
0.00599213,308.875,0.0694887,22.7929,0.000531858,192.348,3.15367
0.00599214,318.368,0.0734091,22.7926,0.000531858,192.348,3.15365
0.00599214,328.966,0.0753871,22.7922,0.000531858,192.348,3.15363
0.00599215,338.848,0.0751157,22.792,0.000531858,192.348,3.15361
0.00599216,352.834,0.0711538,22.7916,0.000531858,192.348,3.15358
0.00599217,365.786,0.063073,22.7913,0.000531858,192.348,3.15355
0.00599218,379.523,0.047406,22.791,0.000531858,192.349,3.15351
0.00599219,387.715,0.0304182,22.7908,0.000531858,192.349,3.15348
0.0059922,391.38,0.0161849,22.7908,0.000531858,192.349,3.15346
0.00599221,392.663,0.00424546,22.7908,0.000531858,192.349,3.15344
0.00599221,392.451,-0.00741443,22.7909,0.000531858,192.349,3.15342
0.00599222,390.712,-0.0193427,22.791,0.000531858,192.35,3.1534
0.00599223,386.467,-0.033383,22.7912,0.000531858,192.35,3.15337
0.00599224,378.721,-0.0481236,22.7914,0.000531858,192.35,3.15335
0.00599225,366.479,-0.0618306,22.7917,0.000531858,192.351,3.15331
0.00599226,356.052,-0.0687922,22.792,0.000531858,192.351,3.15329
0.00599226,346.499,-0.0725735,22.7922,0.000531858,192.351,3.15327
0.00599227,335.821,-0.0743468,22.7924,0.000531858,192.351,3.15325
0.00599228,325.725,-0.0738039,22.7926,0.000531858,192.352,3.15322
0.00599229,311.788,-0.0693857,22.7928,0.000531858,192.352,3.1532
0.0059923,298.917,-0.0607658,22.793,0.000531858,192.352,3.15317
0.00599231,285.626,-0.0446219,22.7931,0.000531858,192.353,3.15313
0.00599232,278.187,-0.0282013,22.793,0.000531858,192.353,3.1531
0.00599233,274.928,-0.0146849,22.7929,0.000531858,192.353,3.15307
0.00599233,273.82,-0.00307554,22.7928,0.000531858,192.353,3.15306
0.00599234,274.168,0.0083898,22.7926,0.000531858,192.354,3.15304
0.00599235,276.018,0.0200054,22.7924,0.000531858,192.354,3.15302
0.00599235,280.541,0.0341115,22.7921,0.000531858,192.354,3.15299
0.00599236,288.427,0.0483887,22.7918,0.000531858,192.354,3.15296
0.00599237,299.603,0.0606347,22.7913,0.000531858,192.354,3.15293
0.00599238,309.451,0.067301,22.7909,0.000531858,192.354,3.15291
0.00599239,318.648,0.0710869,22.7906,0.000531858,192.355,3.15289
0.0059924,328.914,0.0729854,22.7903,0.000531858,192.355,3.15287
0.0059924,338.482,0.0727037,22.79,0.000531858,192.355,3.15285
0.00599241,351.996,0.0688525,22.7897,0.000531858,192.355,3.15282
0.00599242,364.533,0.0610148,22.7894,0.000531858,192.355,3.15279
0.00599243,377.822,0.0458497,22.7891,0.000531858,192.355,3.15276
0.00599244,385.744,0.0294315,22.7889,0.000531858,192.356,3.15272
0.00599245,389.294,0.0156666,22.7889,0.000531858,192.356,3.1527
0.00599246,390.538,0.00412149,22.7889,0.000531858,192.356,3.15268
0.00599247,390.335,-0.00715256,22.789,0.000531858,192.356,3.15266
0.00599247,388.653,-0.0186855,22.789,0.000531858,192.356,3.15264
0.00599248,384.551,-0.0322499,22.7892,0.000531858,192.356,3.15262
0.00599249,377.062,-0.0464948,22.7894,0.000531858,192.357,3.15259
0.0059925,365.23,-0.0597344,22.7897,0.000531858,192.357,3.15256
0.00599251,355.146,-0.0664604,22.79,0.000531858,192.357,3.15254
0.00599252,345.907,-0.0701104,22.7902,0.000531858,192.358,3.15252
0.00599252,335.583,-0.071815,22.7904,0.000531858,192.358,3.1525
0.00599253,325.832,-0.0712806,22.7905,0.000531858,192.358,3.15248
0.00599254,312.367,-0.0669966,22.7908,0.000531858,192.359,3.15245
0.00599255,299.94,-0.0586568,22.7909,0.000531858,192.359,3.15242
0.00599256,287.107,-0.0430414,22.791,0.000531858,192.359,3.15238
0.00599257,279.945,-0.0272061,22.7909,0.000531858,192.36,3.15235
0.00599258,276.805,-0.0141736,22.7908,0.000531858,192.36,3.15233
0.00599259,275.736,-0.00298124,22.7907,0.000531858,192.36,3.15231
0.00599259,276.069,0.00807124,22.7905,0.000531858,192.36,3.15229
0.0059926,277.848,0.0192669,22.7903,0.000531858,192.36,3.15227
0.00599261,282.195,0.0328492,22.79,0.000531858,192.36,3.15225
0.00599262,289.773,0.0465874,22.7897,0.000531858,192.361,3.15222
0.00599263,301.813,0.0594122,22.7892,0.000531858,192.361,3.15219
0.00599263,311.707,0.0655927,22.7888,0.000531858,192.361,3.15217
0.00599264,320.689,0.0688092,22.7885,0.000531858,192.361,3.15215
0.00599265,330.579,0.0700865,22.7882,0.000531858,192.361,3.15213
0.00599265,334.84,0.0699465,22.7881,0.000531858,192.361,3.15212
0.00599265,338.715,0.0694628,22.788,0.000531858,192.361,3.15211
0.00599266,343.691,0.0683408,22.7878,0.000531858,192.361,3.1521
0.00599266,347.436,0.0671147,22.7877,0.000531858,192.361,3.15209
0.00599266,351.383,0.0654485,22.7876,0.000531858,192.361,3.15208
0.00599267,355.589,0.0632159,22.7875,0.000531858,192.362,3.15207
0.00599267,361.939,0.0588279,22.7873,0.000531858,192.362,3.15206
0.00599268,368.323,0.0528935,22.7872,0.000531858,192.362,3.15204
0.00599269,375.474,0.0436531,22.787,0.000531858,192.362,3.15202
0.00599269,382.128,0.0305234,22.7869,0.000531858,192.362,3.152
0.0059927,385.981,0.0174102,22.7869,0.000531858,192.362,3.15197
0.00599271,387.519,0.00616522,22.7869,0.000531858,192.362,3.15195
0.00599272,387.596,-0.00475162,22.7869,0.000531858,192.363,3.15194
0.00599272,386.198,-0.016103,22.787,0.000531858,192.363,3.15192
0.00599273,382.802,-0.0284596,22.7871,0.000531858,192.363,3.1519
0.00599274,376.041,-0.0423798,22.7873,0.000531858,192.363,3.15187
0.00599275,365.618,-0.0550409,22.7876,0.000531858,192.364,3.15184
0.00599276,356.052,-0.0621172,22.7878,0.000531858,192.364,3.15182
0.00599276,347.347,-0.0660595,22.788,0.000531858,192.364,3.1518
0.00599277,338.457,-0.0680868,22.7881,0.000531858,192.364,3.15178
0.00599278,329.252,-0.0682481,22.7883,0.000531858,192.365,3.15176
0.00599279,317.482,-0.0655844,22.7885,0.000531858,192.365,3.15173
0.0059928,305.323,-0.0589909,22.7886,0.000531858,192.365,3.15171
0.00599281,292.9,-0.0465281,22.7887,0.000531858,192.366,3.15167
0.00599282,284.069,-0.0305857,22.7887,0.000531858,192.366,3.15164
0.00599283,280.014,-0.0169726,22.7886,0.000531858,192.366,3.15162
0.00599283,278.525,-0.00604117,22.7885,0.000531858,192.367,3.1516
0.00599284,278.437,0.00435651,22.7883,0.000531858,192.367,3.15158
0.00599285,279.729,0.0152111,22.7881,0.000531858,192.367,3.15156
0.00599285,282.871,0.0269775,22.7879,0.000531858,192.367,3.15154
0.00599286,286.51,0.0355413,22.7877,0.000531858,192.367,3.15153
0.00599286,287.762,0.0379153,22.7876,0.000531858,192.367,3.15152
0.00599286,290.071,0.0417791,22.7875,0.000531858,192.367,3.15151
0.00599287,291.17,0.043425,22.7874,0.000531858,192.367,3.15151
0.00599287,292.002,0.0445966,22.7874,0.000531858,192.367,3.15151
0.00599287,292.718,0.0455582,22.7874,0.000531858,192.367,3.15151
0.00599287,293.422,0.046461,22.7873,0.000531858,192.367,3.1515
0.00599287,294.256,0.0474787,22.7873,0.000531858,192.367,3.1515
0.00599287,295.065,0.0484099,22.7873,0.000531858,192.367,3.1515
0.00599287,295.978,0.0493921,22.7872,0.000531858,192.367,3.1515
0.00599287,296.84,0.0502509,22.7872,0.000531858,192.367,3.15149
0.00599287,297.379,0.0507517,22.7872,0.000531858,192.367,3.15149
0.00599287,297.841,0.0511604,22.7872,0.000531858,192.367,3.15149
0.00599287,298.295,0.0515405,22.7871,0.000531858,192.367,3.15149
0.00599287,298.762,0.0519102,22.7871,0.000531858,192.367,3.15149
0.00599287,299.462,0.0524232,22.7871,0.000531858,192.367,3.15149
0.00599288,300.507,0.0530921,22.7871,0.000531858,192.367,3.15148
0.00599288,301.62,0.053674,22.787,0.000531858,192.367,3.15148
0.00599288,303.09,0.0542267,22.787,0.000531858,192.367,3.15148
0.00599288,305.105,0.0545696,22.7869,0.000531858,192.367,3.15147
0.00599288,307.277,0.0543954,22.7868,0.000531858,192.368,3.15147
0.00599288,309.992,0.0533943,22.7867,0.000531858,192.368,3.15146
0.00599289,312.838,0.0514575,22.7866,0.000531858,192.368,3.15145
0.00599289,315.475,0.0489292,22.7865,0.000531858,192.368,3.15145
0.00599289,317.833,0.0461685,22.7864,0.000531858,192.368,3.15144
0.00599289,319.617,0.0438351,22.7864,0.000531858,192.368,3.15143
0.0059929,321.099,0.041795,22.7863,0.000531858,192.368,3.15143
0.0059929,322.396,0.0399809,22.7863,0.000531858,192.368,3.15143
0.0059929,323.544,0.0383907,22.7862,0.000531858,192.368,3.15142
0.0059929,324.513,0.0370851,22.7862,0.000531858,192.368,3.15142
0.0059929,325.423,0.0359115,22.7862,0.000531858,192.368,3.15141
0.0059929,326.319,0.0348241,22.7861,0.000531858,192.368,3.15141
0.0059929,327.193,0.0338433,22.7861,0.000531858,192.368,3.15141
0.00599291,328.389,0.0326562,22.7861,0.000531858,192.368,3.1514
0.00599291,329.809,0.0315069,22.786,0.000531858,192.368,3.1514
0.00599291,331.17,0.0306849,22.786,0.000531858,192.368,3.15139
0.00599291,332.618,0.0300951,22.7859,0.000531858,192.368,3.15138
0.00599291,333.373,0.0298948,22.7859,0.000531858,192.368,3.15138
0.00599291,333.683,0.0298317,22.7859,0.000531858,192.368,3.15138
0.00599291,333.906,0.0297923,22.7859,0.000531858,192.368,3.15138
0.00599291,334.067,0.0297663,22.7859,0.000531858,192.368,3.15138
0.00599291,334.217,0.0297436,22.7859,0.000531858,192.368,3.15138
0.00599291,334.444,0.0297106,22.7859,0.000531858,192.368,3.15138
0.00599292,334.658,0.0296791,22.7859,0.000531858,192.368,3.15137
0.00599292,334.818,0.0296546,22.7858,0.000531858,192.368,3.15137
0.00599292,335.024,0.0296213,22.7858,0.000531858,192.368,3.15137
0.00599292,335.251,0.0295821,22.7858,0.000531858,192.368,3.15137
0.00599292,335.606,0.0295152,22.7858,0.000531858,192.368,3.15137
0.00599292,336.304,0.0293643,22.7858,0.000531858,192.368,3.15137
0.00599292,337.357,0.0290869,22.7858,0.000531858,192.368,3.15136
0.00599292,339.053,0.0285099,22.7857,0.000531858,192.368,3.15135
0.00599293,340.578,0.0278455,22.7857,0.000531858,192.368,3.15135
0.00599293,341.886,0.0271587,22.7856,0.000531858,192.368,3.15134
0.00599293,342.985,0.0264913,22.7856,0.000531858,192.369,3.15133
0.00599293,343.914,0.0258586,22.7856,0.000531858,192.369,3.15133
0.00599293,344.676,0.0252883,22.7855,0.000531858,192.369,3.15133
0.00599293,345.423,0.0246814,22.7855,0.000531858,192.369,3.15132
0.00599294,346.163,0.0240294,22.7855,0.000531858,192.369,3.15132
0.00599294,347.07,0.0231576,22.7855,0.000531858,192.369,3.15131
0.00599294,348.152,0.0219963,22.7854,0.000531858,192.369,3.15131
0.00599294,349.379,0.0204958,22.7854,0.000531858,192.369,3.1513
0.00599295,350.703,0.0186033,22.7854,0.000531858,192.369,3.15129
0.00599295,352.064,0.0162627,22.7853,0.000531858,192.369,3.15128
0.00599295,353.396,0.0133829,22.7853,0.000531858,192.369,3.15127
0.00599296,354.602,0.00985659,22.7853,0.000531858,192.369,3.15125
0.00599297,355.537,0.00553268,22.7852,0.000531858,192.369,3.15124
0.00599297,355.952,0.000245636,22.7852,0.000531858,192.37,3.15122
0.00599298,355.651,-0.00466162,22.7852,0.000531858,192.37,3.1512
0.00599299,354.675,-0.00951945,22.7852,0.000531858,192.37,3.15118
0.005993,352.367,-0.0155421,22.7852,0.000531858,192.37,3.15115
0.00599301,348.768,-0.021049,22.7853,0.000531858,192.37,3.15113
0.00599302,343.913,-0.0254941,22.7854,0.000531858,192.371,3.1511
0.00599302,339.611,-0.0277762,22.7854,0.000531858,192.371,3.15108
0.00599303,335.62,-0.0288571,22.7855,0.000531858,192.371,3.15106
0.00599304,331.265,-0.0290338,22.7855,0.000531858,192.371,3.15104
0.00599305,327.249,-0.028287,22.7855,0.000531858,192.372,3.15102
0.00599305,322.2,-0.0259858,22.7856,0.000531858,192.372,3.151
0.00599306,317.393,-0.0219724,22.7855,0.000531858,192.372,3.15097
0.00599308,312.78,-0.0151871,22.7855,0.000531858,192.373,3.15094
0.00599309,310.499,-0.00901792,22.7854,0.000531858,192.373,3.15091
0.00599309,309.595,-0.00420107,22.7853,0.000531858,192.373,3.15089
0.0059931,309.353,0.000138947,22.7852,0.000531858,192.373,3.15088
0.00599311,309.688,0.00481959,22.7851,0.000531858,192.373,3.15086
0.00599311,310.556,0.00905868,22.785,0.000531858,192.374,3.15084
0.00599312,311.235,0.0112357,22.7849,0.000531858,192.374,3.15083
0.00599312,311.759,0.0126157,22.7849,0.000531858,192.374,3.15083
0.00599312,312.237,0.0137185,22.7849,0.000531858,192.374,3.15082
0.00599312,312.63,0.014537,22.7848,0.000531858,192.374,3.15082
0.00599312,313.003,0.0152517,22.7848,0.000531858,192.374,3.15082
0.00599312,313.377,0.0159138,22.7848,0.000531858,192.374,3.15081
0.00599312,313.792,0.0165866,22.7847,0.000531858,192.374,3.15081
0.00599313,314.161,0.0171336,22.7847,0.000531858,192.374,3.15081
0.00599313,314.622,0.0177462,22.7847,0.000531858,192.374,3.15081
0.00599313,315.093,0.0182926,22.7847,0.000531858,192.374,3.1508
0.00599313,315.342,0.0185499,22.7847,0.000531858,192.374,3.1508
0.00599313,315.558,0.0187538,22.7846,0.000531858,192.374,3.1508
0.00599313,315.804,0.0189654,22.7846,0.000531858,192.374,3.1508
0.00599313,316.05,0.0191543,22.7846,0.000531858,192.374,3.1508
0.00599313,316.548,0.0194651,22.7846,0.000531858,192.374,3.15079
0.00599313,317.088,0.0196902,22.7846,0.000531858,192.374,3.15079
0.00599314,317.903,0.0198028,22.7845,0.000531858,192.374,3.15078
0.00599314,318.785,0.0196085,22.7845,0.000531858,192.374,3.15078
0.00599314,319.74,0.019017,22.7844,0.000531858,192.374,3.15077
0.00599314,320.751,0.0179443,22.7844,0.000531858,192.374,3.15076
0.00599315,321.778,0.0163721,22.7843,0.000531858,192.374,3.15076
0.00599315,322.712,0.0145116,22.7842,0.000531858,192.374,3.15075
0.00599315,323.616,0.0123272,22.7842,0.000531858,192.374,3.15074
0.00599316,324.446,0.0100397,22.7841,0.000531858,192.375,3.15073
0.00599316,325.172,0.00792796,22.7841,0.000531858,192.375,3.15072
0.00599316,325.651,0.00659602,22.784,0.000531858,192.375,3.15071
0.00599317,326.095,0.00557275,22.784,0.000531858,192.375,3.1507
0.00599317,326.453,0.00503173,22.784,0.000531858,192.375,3.15069
0.00599317,326.736,0.00484171,22.7839,0.000531858,192.375,3.15069
0.00599317,326.963,0.00484554,22.7839,0.000531858,192.375,3.15068
0.00599318,327.173,0.00495237,22.7839,0.000531858,192.375,3.15068
0.00599318,327.312,0.0050649,22.7839,0.000531858,192.375,3.15067
0.00599318,327.402,0.0051499,22.7839,0.000531858,192.375,3.15067
0.00599318,327.49,0.00523925,22.7839,0.000531858,192.375,3.15067
0.00599318,327.602,0.00535466,22.7839,0.000531858,192.375,3.15066
0.00599318,327.706,0.00546144,22.7838,0.000531858,192.375,3.15066
0.00599318,327.826,0.00557917,22.7838,0.000531858,192.375,3.15066
0.00599318,327.937,0.00568416,22.7838,0.000531858,192.375,3.15066
0.00599318,328.077,0.00580727,22.7838,0.000531858,192.375,3.15065
0.00599319,328.259,0.00595525,22.7838,0.000531858,192.375,3.15065
0.00599319,328.529,0.00614675,22.7838,0.000531858,192.375,3.15064
0.00599319,328.789,0.00630186,22.7837,0.000531858,192.375,3.15064
0.00599319,329.003,0.00640931,22.7837,0.000531858,192.375,3.15063
0.00599319,329.196,0.00649048,22.7837,0.000531858,192.376,3.15063
0.0059932,329.398,0.00655952,22.7837,0.000531858,192.376,3.15063
0.0059932,329.592,0.00661064,22.7837,0.000531858,192.376,3.15062
0.0059932,329.886,0.00665767,22.7836,0.000531858,192.376,3.15062
0.0059932,330.192,0.00666614,22.7836,0.000531858,192.376,3.15061
0.0059932,330.591,0.00660871,22.7836,0.000531858,192.376,3.1506
0.00599321,330.996,0.00646022,22.7836,0.000531858,192.376,3.1506
0.00599321,331.276,0.0062971,22.7835,0.000531858,192.376,3.15059
0.00599321,331.558,0.00607491,22.7835,0.000531858,192.376,3.15058
0.00599321,331.793,0.00583893,22.7835,0.000531858,192.376,3.15058
0.00599322,332.003,0.00558444,22.7835,0.000531858,192.376,3.15058
0.00599322,332.207,0.00529091,22.7835,0.000531858,192.376,3.15057
0.00599322,332.382,0.00499914,22.7834,0.000531858,192.376,3.15057
0.00599322,332.553,0.00467232,22.7834,0.000531858,192.376,3.15056
0.00599322,332.714,0.00432148,22.7834,0.000531858,192.376,3.15056
0.00599322,332.888,0.00388356,22.7834,0.000531858,192.376,3.15055
0.00599323,333.103,0.00324462,22.7834,0.000531858,192.376,3.15054
0.00599323,333.3,0.00251182,22.7833,0.000531858,192.376,3.15054
0.00599323,333.431,0.00189549,22.7833,0.000531858,192.377,3.15053
0.00599324,333.532,0.00126751,22.7833,0.000531858,192.377,3.15052
0.00599324,333.594,0.000719502,22.7833,0.000531858,192.377,3.15051
0.00599324,333.618,0.00034744,22.7832,0.000531858,192.377,3.15051
0.00599324,333.626,5.60169e-05,22.7832,0.000531858,192.377,3.1505
0.00599325,333.623,-0.000227419,22.7832,0.000531858,192.377,3.1505
0.00599325,333.61,-0.000465288,22.7832,0.000531858,192.377,3.15049
0.00599325,333.588,-0.000679649,22.7832,0.000531858,192.377,3.15049
0.00599325,333.563,-0.000844029,22.7832,0.000531858,192.377,3.15048
0.00599325,333.537,-0.000975614,22.7832,0.000531858,192.377,3.15048
0.00599325,333.506,-0.00110739,22.7831,0.000531858,192.377,3.15048
0.00599326,333.47,-0.00123853,22.7831,0.000531858,192.377,3.15047
0.00599326,333.416,-0.00140651,22.7831,0.000531858,192.377,3.15047
0.00599326,333.349,-0.00158437,22.7831,0.000531858,192.377,3.15046
0.00599326,333.263,-0.00178273,22.7831,0.000531858,192.377,3.15045
0.00599327,333.139,-0.00202925,22.7831,0.000531858,192.377,3.15045
0.00599327,332.945,-0.00235393,22.783,0.000531858,192.378,3.15044
0.00599327,332.729,-0.0026598,22.783,0.000531858,192.378,3.15042
0.00599328,332.409,-0.00304668,22.783,0.000531858,192.378,3.15041
0.00599328,332.11,-0.00336441,22.7829,0.000531858,192.378,3.1504
0.00599329,331.855,-0.00361764,22.7829,0.000531858,192.378,3.15039
0.00599329,331.593,-0.00387134,22.7829,0.000531858,192.378,3.15038
0.0059933,331.284,-0.00417141,22.7829,0.000531858,192.378,3.15037
0.0059933,330.97,-0.00448427,22.7828,0.000531858,192.378,3.15036
0.0059933,330.649,-0.00481379,22.7828,0.000531858,192.378,3.15035
0.00599331,330.364,-0.00511386,22.7828,0.000531858,192.378,3.15035
0.00599331,330.074,-0.00542286,22.7828,0.000531858,192.379,3.15034
0.00599331,329.757,-0.00576218,22.7828,0.000531858,192.379,3.15033
0.00599331,329.358,-0.00618555,22.7827,0.000531858,192.379,3.15033
0.00599332,328.716,-0.00684046,22.7827,0.000531858,192.379,3.15031
0.00599332,327.91,-0.00759239,22.7827,0.000531858,192.379,3.1503
0.00599333,326.781,-0.00849801,22.7826,0.000531858,192.379,3.15028
0.00599334,325.561,-0.00929885,22.7826,0.000531858,192.379,3.15027
0.00599334,324.308,-0.00996547,22.7826,0.000531858,192.38,3.15025
0.00599335,322.843,-0.0106052,22.7825,0.000531858,192.38,3.15023
0.00599336,321.063,-0.0112761,22.7825,0.000531858,192.38,3.15021
0.00599337,318.839,-0.0120733,22.7824,0.000531858,192.38,3.15019
0.00599338,316.332,-0.0129936,22.7824,0.000531858,192.38,3.15017
0.00599339,313.238,-0.0141419,22.7823,0.000531858,192.381,3.15014
0.0059934,309.466,-0.0154437,22.7822,0.000531858,192.381,3.15011
0.00599342,305.24,-0.0166906,22.7822,0.000531858,192.382,3.15008
0.00599343,301.924,-0.0175218,22.7821,0.000531858,192.382,3.15005
0.00599343,298.459,-0.0182909,22.7821,0.000531858,192.382,3.15003
0.00599345,294.355,-0.0191308,22.782,0.000531858,192.382,3.15001
0.00599346,289.644,-0.020047,22.782,0.000531858,192.383,3.14998
0.00599347,283.826,-0.0211102,22.7819,0.000531858,192.383,3.14994
0.00599349,277.521,-0.02215,22.7818,0.000531858,192.384,3.14991
0.0059935,269.786,-0.0232546,22.7818,0.000531858,192.384,3.14987
0.00599352,260.929,-0.0243272,22.7817,0.000531858,192.385,3.14983
0.00599354,250.797,-0.0253593,22.7816,0.000531858,192.385,3.14978
0.00599356,240.271,-0.02624,22.7815,0.000531858,192.386,3.14974
0.00599358,229.417,-0.0269524,22.7814,0.000531858,192.386,3.14969
0.0059936,218.305,-0.027484,22.7813,0.000531858,192.387,3.14964
0.00599362,207.01,-0.0278311,22.7812,0.000531858,192.388,3.1496
0.00599364,195.608,-0.0279936,22.7811,0.000531858,192.388,3.14955
0.00599366,184.172,-0.0279715,22.7811,0.000531858,192.389,3.14951
0.00599368,172.781,-0.0277644,22.781,0.000531858,192.389,3.14947
0.0059937,161.508,-0.0273735,22.7809,0.000531858,192.39,3.14942
0.00599372,150.43,-0.0268016,22.7808,0.000531858,192.391,3.14938
0.00599374,139.619,-0.0260525,22.7807,0.000531858,192.391,3.14933
0.00599376,129.148,-0.0251314,22.7806,0.000531858,192.392,3.14929
0.00599378,119.086,-0.0240441,22.7805,0.000531858,192.392,3.14925
0.0059938,109.5,-0.0227979,22.7805,0.000531858,192.393,3.14921
0.00599382,100.453,-0.0214009,22.7804,0.000531858,192.394,3.14916
0.00599384,92.0057,-0.0198625,22.7803,0.000531858,192.394,3.14912
0.00599386,84.2146,-0.0181928,22.7802,0.000531858,192.395,3.14908
0.00599388,77.1311,-0.0164027,22.7801,0.000531858,192.395,3.14904
0.0059939,70.8024,-0.0145043,22.78,0.000531858,192.396,3.149
0.00599392,65.2705,-0.01251,22.78,0.000531858,192.396,3.14896
0.00599394,60.5723,-0.0104331,22.7799,0.000531858,192.397,3.14892
0.00599396,56.7388,-0.00828729,22.7798,0.000531858,192.398,3.14888
0.00599398,53.7957,-0.00608687,22.7797,0.000531858,192.398,3.14884
0.005994,51.7622,-0.00384639,22.7796,0.000531858,192.399,3.1488
0.00599402,50.652,-0.00158071,22.7796,0.000531858,192.399,3.14876
0.00599404,50.4722,0.000695108,22.7795,0.000531858,192.4,3.14872
0.00599406,51.224,0.00296605,22.7794,0.000531858,192.4,3.14869
0.00599408,52.9022,0.00521704,22.7793,0.000531858,192.401,3.14865
0.0059941,55.4954,0.00743313,22.7792,0.000531858,192.401,3.14861
0.00599412,58.9864,0.00959966,22.7792,0.000531858,192.402,3.14857
0.00599414,63.3516,0.0117023,22.7791,0.000531858,192.402,3.14854
0.00599416,68.5619,0.0137271,22.779,0.000531858,192.403,3.1485
0.00599418,74.5825,0.0156607,22.7789,0.000531858,192.403,3.14846
0.0059942,81.3731,0.0174903,22.7788,0.000531858,192.404,3.14843
0.00599422,88.8883,0.0192038,22.7788,0.000531858,192.404,3.14839
0.00599424,97.0781,0.02079,22.7787,0.000531858,192.405,3.14836
0.00599426,105.888,0.0222383,22.7786,0.000531858,192.405,3.14832
0.00599428,115.259,0.0235393,22.7785,0.000531858,192.405,3.14829
0.0059943,125.129,0.0246845,22.7784,0.000531858,192.406,3.14825
0.00599432,135.432,0.0256663,22.7784,0.000531858,192.406,3.14822
0.00599434,146.099,0.0264783,22.7783,0.000531858,192.407,3.14819
0.00599436,157.06,0.0271154,22.7782,0.000531858,192.407,3.14815
0.00599438,168.243,0.0275734,22.7781,0.000531858,192.408,3.14812
0.0059944,179.572,0.0278494,22.778,0.000531858,192.408,3.14809
0.00599442,190.973,0.0279418,22.778,0.000531858,192.409,3.14806
0.00599444,202.37,0.0278501,22.7779,0.000531858,192.409,3.14802
0.00599446,213.689,0.0275752,22.7778,0.000531858,192.409,3.14799
0.00599448,224.854,0.027119,22.7777,0.000531858,192.41,3.14796
0.0059945,235.792,0.0264848,22.7776,0.000531858,192.41,3.14793
0.00599452,246.431,0.025677,22.7775,0.000531858,192.411,3.1479
0.00599454,256.702,0.0247012,22.7775,0.000531858,192.411,3.14787
0.00599456,266.538,0.0235641,22.7774,0.000531858,192.412,3.14784
0.00599458,275.874,0.0222736,22.7773,0.000531858,192.412,3.14781
0.0059946,284.651,0.0208385,22.7772,0.000531858,192.413,3.14778
0.00599462,292.812,0.0192687,22.7771,0.000531858,192.413,3.14775
0.00599464,300.305,0.017575,22.777,0.000531858,192.413,3.14772
0.00599466,307.083,0.0157692,22.7769,0.000531858,192.414,3.1477
0.00599468,313.103,0.0138632,22.7769,0.000531858,192.414,3.14767
0.00599469,315.066,0.0131597,22.7768,0.000531858,192.415,3.14766
0.00599469,316.113,0.0127639,22.7768,0.000531858,192.415,3.14765
0.00599469,316.866,0.0124698,22.7768,0.000531858,192.415,3.14765
0.0059947,317.505,0.012213,22.7768,0.000531858,192.415,3.14765
0.0059947,318.223,0.0119165,22.7768,0.000531858,192.415,3.14764
0.0059947,319.104,0.0115393,22.7768,0.000531858,192.415,3.14764
0.00599471,319.91,0.011181,22.7767,0.000531858,192.415,3.14763
0.00599471,320.601,0.0108617,22.7767,0.000531858,192.415,3.14763
0.00599471,321.478,0.0104393,22.7767,0.000531858,192.415,3.14762
0.00599472,322.315,0.0100165,22.7767,0.000531858,192.415,3.14762
0.00599473,323.885,0.00916383,22.7767,0.000531858,192.416,3.14761
0.00599473,325.433,0.00822833,22.7766,0.000531858,192.416,3.14759
0.00599475,328.027,0.00634682,22.7765,0.000531858,192.416,3.14757
0.00599476,329.365,0.00510941,22.7765,0.000531858,192.416,3.14756
0.00599477,330.263,0.00407415,22.7764,0.000531858,192.417,3.14754
0.00599478,330.907,0.00312988,22.7764,0.000531858,192.417,3.14753
0.00599479,331.393,0.0021613,22.7764,0.000531858,192.417,3.14752
0.0059948,331.742,0.00100038,22.7763,0.000531858,192.417,3.14751
0.00599481,331.834,-0.000192882,22.7763,0.000531858,192.418,3.14749
0.00599483,331.587,-0.00161549,22.7762,0.000531858,192.418,3.14748
0.00599484,330.992,-0.00296913,22.7761,0.000531858,192.418,3.14746
0.00599485,330.38,-0.00389704,22.7761,0.000531858,192.419,3.14745
0.00599486,329.696,-0.00472591,22.7761,0.000531858,192.419,3.14744
0.00599486,328.863,-0.00557291,22.776,0.000531858,192.419,3.14743
0.00599487,327.828,-0.00647392,22.776,0.000531858,192.419,3.14742
0.00599488,327.423,-0.00679339,22.776,0.000531858,192.419,3.14742
0.00599488,327.251,-0.00692346,22.776,0.000531858,192.419,3.14741
0.00599488,326.899,-0.00718338,22.776,0.000531858,192.419,3.14741
0.00599488,326.444,-0.00750635,22.7759,0.000531858,192.42,3.14741
0.00599489,325.475,-0.00814913,22.7759,0.000531858,192.42,3.1474
0.0059949,323.302,-0.00941676,22.7759,0.000531858,192.42,3.14739
0.00599492,319.063,-0.011442,22.7758,0.000531858,192.421,3.14736
0.00599494,314.015,-0.0133969,22.7757,0.000531858,192.421,3.14734
0.00599496,308.187,-0.0152735,22.7756,0.000531858,192.422,3.14732
0.00599498,301.614,-0.0170537,22.7755,0.000531858,192.422,3.14729
0.005995,296.033,-0.0183559,22.7754,0.000531858,192.423,3.14728
0.00599501,292.571,-0.0190859,22.7754,0.000531858,192.423,3.14727
0.00599501,289.71,-0.0196503,22.7753,0.000531858,192.423,3.14726
0.00599502,286.143,-0.0203101,22.7753,0.000531858,192.423,3.14725
0.00599503,281.917,-0.0210356,22.7753,0.000531858,192.424,3.14724
0.00599504,276.152,-0.0219386,22.7752,0.000531858,192.424,3.14722
0.00599506,269.51,-0.0228694,22.7751,0.000531858,192.425,3.14721
0.00599507,262.931,-0.0236886,22.7751,0.000531858,192.425,3.14719
0.00599509,254.217,-0.0246335,22.775,0.000531858,192.426,3.14718
0.0059951,251.585,-0.0248901,22.775,0.000531858,192.426,3.14717
0.0059951,248.043,-0.0252153,22.7749,0.000531858,192.426,3.14716
0.00599511,246.494,-0.0253506,22.7749,0.000531858,192.426,3.14716
0.00599511,246.122,-0.0253823,22.7749,0.000531858,192.426,3.14716
0.00599511,245.376,-0.0254454,22.7749,0.000531858,192.426,3.14716
0.00599511,243.878,-0.0255691,22.7749,0.000531858,192.426,3.14715
0.00599512,240.863,-0.0258068,22.7749,0.000531858,192.426,3.14715
0.00599512,240.216,-0.0258557,22.7749,0.000531858,192.426,3.14715
0.00599512,240.213,-0.0258559,22.7749,0.000531858,192.426,3.14715
0.00599512,240.208,-0.0258563,22.7749,0.000531858,192.426,3.14715
0.00599512,240.204,-0.0258566,22.7749,0.000531858,192.426,3.14715
0.00599512,240.2,-0.0258569,22.7749,0.000531858,192.426,3.14715
0.00599512,240.193,-0.0258575,22.7749,0.000531858,192.426,3.14715
0.00599512,240.177,-0.0258587,22.7749,0.000531858,192.426,3.14715
0.00599512,240.145,-0.0258611,22.7749,0.000531858,192.426,3.14715
0.00599512,240.099,-0.0258645,22.7749,0.000531858,192.426,3.14715
0.00599512,240.034,-0.0258694,22.7749,0.000531858,192.426,3.14715
0.00599512,239.947,-0.0258759,22.7749,0.000531858,192.426,3.14715
0.00599512,239.835,-0.0258842,22.7749,0.000531858,192.426,3.14715
0.00599512,239.692,-0.0258949,22.7749,0.000531858,192.426,3.14715
0.00599512,239.512,-0.0259082,22.7749,0.000531858,192.426,3.14715
0.00599512,239.289,-0.0259247,22.7749,0.000531858,192.426,3.14715
0.00599512,239.012,-0.025945,22.7749,0.000531858,192.426,3.14715
0.00599512,238.668,-0.0259701,22.7749,0.000531858,192.426,3.14715
0.00599512,238.239,-0.0260011,22.7749,0.000531858,192.426,3.14714
0.00599512,237.698,-0.0260397,22.7748,0.000531858,192.426,3.14714
0.00599512,237.004,-0.0260885,22.7748,0.000531858,192.427,3.14714
0.00599513,236.088,-0.0261517,22.7748,0.000531858,192.427,3.14714
0.00599513,235.018,-0.0262238,22.7748,0.000531858,192.427,3.14714
0.00599513,234.726,-0.0262432,22.7748,0.000531858,192.427,3.14714
0.00599513,234.139,-0.0262816,22.7748,0.000531858,192.427,3.14714
0.00599513,234.003,-0.0262904,22.7748,0.000531858,192.427,3.14714
0.00599513,233.765,-0.0263058,22.7748,0.000531858,192.427,3.14714
0.00599513,233.699,-0.0263101,22.7748,0.000531858,192.427,3.14714
0.00599513,233.583,-0.0263175,22.7748,0.000531858,192.427,3.14714
0.00599513,233.571,-0.0263183,22.7748,0.000531858,192.427,3.14714
0.00599513,233.547,-0.0263198,22.7748,0.000531858,192.427,3.14714
0.00599513,233.498,-0.0263229,22.7748,0.000531858,192.427,3.14714
0.00599513,233.493,-0.0263233,22.7748,0.000531858,192.427,3.14714
0.00599513,233.483,-0.0263239,22.7748,0.000531858,192.427,3.14714
0.00599513,233.462,-0.0263252,22.7748,0.000531858,192.427,3.14714
0.00599513,228.182,-0.0263246,22.7748,0.000531858,192.427,3.14714
0.00599513,221.468,-0.0263235,22.7748,0.000531858,192.427,3.14714
0.00599513,215.108,-0.0263219,22.7748,0.000531858,192.427,3.14714
0.00599513,210.088,-0.0263204,22.7748,0.000531858,192.427,3.14714
0.00599513,204.456,-0.0263184,22.7748,0.000531858,192.427,3.14714
0.00599513,198.762,-0.0263159,22.7748,0.000531858,192.427,3.14714
0.00599513,189.888,-0.0263112,22.7748,0.000531858,192.427,3.14714
0.00599513,179.001,-0.0263036,22.7748,0.000531858,192.427,3.14714
0.00599513,162.592,-0.026288,22.7748,0.000531858,192.427,3.14714
0.00599513,145.336,-0.0262651,22.7748,0.000531858,192.427,3.14714
0.00599513,123.552,-0.0262241,22.7748,0.000531858,192.427,3.14714
0.00599513,100.605,-0.0261608,22.7748,0.000531858,192.427,3.14714
0.00599513,75.1782,-0.0260541,22.7748,0.000531858,192.427,3.14714
0.00599513,55.4055,-0.0259264,22.7748,0.000531858,192.427,3.14714
0.00599513,40.8202,-0.0257859,22.7748,0.000531858,192.427,3.14714
0.00599513,30.3198,-0.02564,22.7748,0.000531858,192.427,3.14714
0.00599513,22.68,-0.0254908,22.7748,0.000531858,192.427,3.14714
0.00599513,17.0351,-0.0253389,22.7748,0.000531858,192.427,3.14714
0.00599513,12.8165,-0.0251842,22.7748,0.000531858,192.427,3.14714
0.00599513,9.63979,-0.0250269,22.7748,0.000531858,192.427,3.14714
0.00599513,7.24579,-0.0248674,22.7748,0.000531858,192.427,3.14714
0.00599513,5.44057,-0.0247062,22.7748,0.000531858,192.427,3.14714
0.00599513,4.08187,-0.0245439,22.7748,0.000531858,192.427,3.14714
0.00599513,3.05955,-0.0243807,22.7748,0.000531858,192.427,3.14714
0.00599513,2.29113,-0.0242172,22.7748,0.000531858,192.427,3.14714
0.00599513,1.71345,-0.0240535,22.7748,0.000531858,192.427,3.14714
0.00599513,1.2793,-0.0238899,22.7748,0.000531858,192.427,3.14714
0.00599513,0.95294,-0.0237265,22.7748,0.000531858,192.427,3.14713
0.00599513,0.707648,-0.0235635,22.7748,0.000531858,192.427,3.14713
0.00599513,0.523274,-0.0234011,22.7748,0.000531858,192.427,3.14713
0.00599513,0.384727,-0.0232396,22.7748,0.000531858,192.427,3.14713
0.00599513,0.280632,-0.0230794,22.7748,0.000531858,192.427,3.14713
0.00599513,0.202459,-0.0229209,22.7748,0.000531858,192.427,3.14713
0.00599513,0.143784,-0.0227645,22.7748,0.000531858,192.427,3.14713
0.00599513,0.099791,-0.0226112,22.7748,0.000531858,192.427,3.14713
0.00599513,0.0668582,-0.0224618,22.7748,0.000531858,192.427,3.14713
0.00599513,0.0422775,-0.0223179,22.7748,0.000531858,192.427,3.14713
0.00599513,0.02403,-0.0221812,22.7748,0.000531858,192.427,3.14713
0.00599513,0.0120601,-0.0220693,22.7748,0.000531858,192.427,3.14713
0.00599513,0.00431269,-0.0219827,22.7748,0.000531858,192.427,3.14713
0.00599513,-0.00199492,-0.0219009,22.7748,0.000531858,192.427,3.14713
0.00599513,-0.00758908,-0.021817,22.7748,0.000531858,192.427,3.14713
0.00599513,-0.0125054,-0.0217315,22.7748,0.000531858,192.427,3.14713
0.00599513,-0.0180264,-0.0216176,22.7748,0.000531858,192.427,3.14713
0.00599513,-0.0233132,-0.0214824,22.7748,0.000531858,192.427,3.14713
0.00599513,-0.0283147,-0.0213161,22.7748,0.000531858,192.427,3.14713
0.00599513,-0.0324404,-0.0211277,22.7748,0.000531858,192.427,3.14713
0.00599513,-0.0357304,-0.0209084,22.7748,0.000531858,192.427,3.14713
0.00599513,-0.0380614,-0.0206623,22.7748,0.000531858,192.427,3.14713
0.00599513,-0.0395663,-0.020378,22.7748,0.000531858,192.427,3.14713
0.00599513,-0.0403099,-0.0200537,22.7748,0.000531858,192.427,3.14713
0.00599513,-0.0404193,-0.0196722,22.7748,0.000531858,192.427,3.14713
0.00599513,-0.0399898,-0.0192213,22.7748,0.000531858,192.427,3.14713
0.00599513,-0.0390825,-0.0186651,22.7748,0.000531858,192.427,3.14713
0.00599513,-0.0377147,-0.0179614,22.7748,0.000531858,192.427,3.14713
0.00599513,-0.035774,-0.017013,22.7748,0.000531858,192.427,3.14713
0.00599513,-0.0329449,-0.015637,22.7748,0.000531858,192.427,3.14713
0.00599513,-0.0281879,-0.0133103,22.7748,0.000531858,192.427,3.14713
0.00599513,-0.0188969,-0.00875687,22.7748,0.000531858,192.427,3.14713
0.00599513,-0.0103351,-0.00456634,22.7748,0.000531858,192.427,3.14713
0.00599513,0.00185367,0.00138762,22.7748,0.000531858,192.427,3.14713
0.00599514,0.0140343,0.00732457,22.7747,0.000531858,192.427,3.14713
0.00599514,0.0265464,0.0134038,22.7747,0.000531858,192.427,3.14713
0.00599514,0.0396257,0.0197193,22.7747,0.000531858,192.427,3.14713
0.00599514,0.0476593,0.02354,22.7746,0.000531858,192.427,3.14713
0.00599514,0.0495057,0.0242961,22.7745,0.000531858,192.427,3.14712
0.00599514,0.044123,0.0215317,22.7745,0.000531858,192.427,3.14712
0.00599515,0.0357436,0.0173387,22.7744,0.000531858,192.427,3.14712
0.00599515,0.0264526,0.0127256,22.7744,0.000531858,192.427,3.14712
0.00599515,0.0170525,0.0080772,22.7744,0.000531858,192.427,3.14712
0.00599515,0.00832718,0.00377377,22.7744,0.000531858,192.427,3.14712
0.00599515,-4.58127e-06,-0.000327697,22.7743,0.000531858,192.427,3.14711
0.00599515,-0.00865317,-0.00457829,22.7743,0.000531858,192.427,3.14711
0.00599515,-0.0174302,-0.00888555,22.7743,0.000531858,192.427,3.14711
0.00599516,-0.0298116,-0.0149511,22.7743,0.000531858,192.427,3.14711
0.00599516,-0.0423334,-0.0210721,22.7743,0.000531858,192.427,3.14711
0.00599516,-0.0561357,-0.0277986,22.7743,0.000531858,192.427,3.14711
0.00599516,-0.067219,-0.0331699,22.7743,0.000531858,192.428,3.1471
0.00599517,-0.0724905,-0.0356705,22.7744,0.000531858,192.428,3.1471
0.00599517,-0.0703113,-0.0345425,22.7744,0.000531858,192.428,3.1471
0.00599517,-0.0647739,-0.0317863,22.7744,0.000531858,192.428,3.14709
0.00599518,-0.057589,-0.0282373,22.7744,0.000531858,192.428,3.14709
0.00599518,-0.0495746,-0.0242946,22.7744,0.000531858,192.428,3.14709
0.00599518,-0.0414434,-0.0203073,22.7744,0.000531858,192.428,3.14708
0.00599519,-0.0348312,-0.0170752,22.7744,0.000531858,192.428,3.14708
0.00599519,-0.0295973,-0.014527,22.7744,0.000531858,192.428,3.14708
0.0059952,-0.0264436,-0.0130037,22.7744,0.000531858,192.429,3.14707
0.0059952,-0.0259723,-0.0127848,22.7744,0.000531858,192.429,3.14707
0.0059952,-0.0263281,-0.0129686,22.7744,0.000531858,192.429,3.14707
0.00599521,-0.0272618,-0.0134319,22.7744,0.000531858,192.429,3.14706
0.00599521,-0.0285174,-0.0140479,22.7743,0.000531858,192.429,3.14706
0.00599521,-0.0294028,-0.0144773,22.7743,0.000531858,192.429,3.14706
0.00599522,-0.0295702,-0.0145495,22.7743,0.000531858,192.429,3.14705
0.00599522,-0.0283514,-0.013939,22.7743,0.000531858,192.429,3.14705
0.00599523,-0.0263858,-0.0129659,22.7743,0.000531858,192.429,3.14704
0.00599523,-0.0240179,-0.0117984,22.7743,0.000531858,192.43,3.14704
0.00599524,-0.021284,-0.0104538,22.7743,0.000531858,192.43,3.14703
0.00599525,-0.0183287,-0.00900276,22.7743,0.000531858,192.43,3.14703
0.00599525,-0.0157601,-0.00774267,22.7742,0.000531858,192.43,3.14702
0.00599526,-0.0126595,-0.00622043,22.7742,0.000531858,192.43,3.14701
0.00599527,-0.0108034,-0.00530747,22.7742,0.000531858,192.431,3.14701
0.00599528,-0.00888405,-0.00436228,22.7742,0.000531858,192.431,3.147
0.00599528,-0.00648891,-0.00318241,22.7741,0.000531858,192.431,3.14699
0.00599529,-0.00359966,-0.00175977,22.7741,0.000531858,192.431,3.14699
0.0059953,-0.0012282,-0.000592728,22.7741,0.000531858,192.431,3.14698
0.00599531,0.00104416,0.000525105,22.7741,0.000531858,192.431,3.14698
0.00599531,0.00331314,0.00164105,22.774,0.000531858,192.432,3.14697
0.00599532,0.00633972,0.00312961,22.774,0.000531858,192.432,3.14696
0.00599534,0.0122817,0.0060526,22.7739,0.000531858,192.432,3.14695
0.00599536,0.01818,0.00895441,22.7739,0.000531858,192.433,3.14693
0.00599538,0.0248202,0.012221,22.7738,0.000531858,192.433,3.14692
0.0059954,0.0314746,0.0154944,22.7737,0.000531858,192.434,3.1469
0.00599542,0.0381171,0.0187617,22.7736,0.000531858,192.434,3.14689
0.00599544,0.0447506,0.0220247,22.7735,0.000531858,192.435,3.14687
0.00599546,0.0513845,0.0252877,22.7735,0.000531858,192.435,3.14686
0.00599548,0.0580212,0.0285521,22.7734,0.000531858,192.436,3.14685
0.0059955,0.0646586,0.0318167,22.7733,0.000531858,192.436,3.14683
0.00599552,0.0712954,0.0350811,22.7732,0.000531858,192.436,3.14682
0.00599554,0.0779316,0.038345,22.7731,0.000531858,192.437,3.14681
0.00599556,0.0845676,0.0416089,22.773,0.000531858,192.437,3.1468
0.00599558,0.0912037,0.0448727,22.773,0.000531858,192.438,3.14678
0.0059956,0.0978396,0.0481365,22.7729,0.000531858,192.438,3.14677
0.00599562,0.104475,0.0514001,22.7728,0.000531858,192.438,3.14676
0.00599564,0.111111,0.0546636,22.7727,0.000531858,192.439,3.14675
0.00599566,0.117746,0.0579271,22.7726,0.000531858,192.439,3.14674
0.00599568,0.124381,0.0611904,22.7725,0.000531858,192.439,3.14673
0.0059957,0.131016,0.0644536,22.7724,0.000531858,192.44,3.14672
0.00599572,0.137651,0.0677166,22.7724,0.000531858,192.44,3.14671
0.00599574,0.144286,0.0709796,22.7723,0.000531858,192.44,3.1467
0.00599576,0.15092,0.0742425,22.7722,0.000531858,192.441,3.14669
0.00599578,0.157554,0.0775053,22.7721,0.000531858,192.441,3.14668
0.0059958,0.164188,0.0807679,22.772,0.000531858,192.441,3.14668
0.00599582,0.170822,0.0840305,22.7719,0.000531858,192.441,3.14667
0.00599584,0.177455,0.0872929,22.7719,0.000531858,192.442,3.14666
0.00599586,0.184089,0.0905553,22.7718,0.000531858,192.442,3.14665
0.00599588,0.190722,0.0938175,22.7717,0.000531858,192.442,3.14665
0.0059959,0.197355,0.0970796,22.7716,0.000531858,192.442,3.14664
0.00599592,0.203988,0.100342,22.7715,0.000531858,192.443,3.14663
0.00599594,0.21062,0.103604,22.7714,0.000531858,192.443,3.14663
0.00599596,0.217252,0.106865,22.7713,0.000531858,192.443,3.14662
0.00599598,0.223884,0.110127,22.7713,0.000531858,192.443,3.14662
0.005996,0.230516,0.113389,22.7712,0.000531858,192.443,3.14662
0.00599602,0.237148,0.11665,22.7711,0.000531858,192.444,3.14661
0.00599604,0.243779,0.119911,22.771,0.000531858,192.444,3.14661
0.00599606,0.25041,0.123173,22.7709,0.000531858,192.444,3.1466
0.00599608,0.257041,0.126434,22.7708,0.000531858,192.444,3.1466
0.0059961,0.263672,0.129695,22.7707,0.000531858,192.444,3.1466
0.00599612,0.270303,0.132956,22.7707,0.000531858,192.444,3.1466
0.00599614,0.276933,0.136217,22.7706,0.000531858,192.444,3.14659
0.00599616,0.283563,0.139477,22.7705,0.000531858,192.445,3.14659
0.00599618,0.290193,0.142738,22.7704,0.000531858,192.445,3.14659
0.0059962,0.296822,0.145998,22.7703,0.000531858,192.445,3.14659
0.00599622,0.303452,0.149259,22.7702,0.000531858,192.445,3.14659
0.00599624,0.310081,0.152519,22.7702,0.000531858,192.445,3.14659
0.00599626,0.31671,0.155779,22.7701,0.000531858,192.445,3.14659
0.00599628,0.323339,0.159039,22.77,0.000531858,192.445,3.14659
0.0059963,0.329967,0.162299,22.7699,0.000531858,192.445,3.14659
0.00599632,0.336595,0.165559,22.7698,0.000531858,192.445,3.14659
0.00599634,0.343223,0.168818,22.7697,0.000531858,192.445,3.1466
0.00599636,0.349851,0.172078,22.7696,0.000531858,192.445,3.1466
0.00599638,0.356479,0.175337,22.7696,0.000531858,192.445,3.1466
0.0059964,0.363106,0.178597,22.7695,0.000531858,192.445,3.1466
0.00599642,0.369733,0.181856,22.7694,0.000531858,192.445,3.14661
0.00599644,0.37636,0.185115,22.7693,0.000531858,192.445,3.14661
0.00599646,0.382987,0.188374,22.7692,0.000531858,192.445,3.14661
0.00599648,0.389613,0.191633,22.7691,0.000531858,192.445,3.14662
0.0059965,0.396239,0.194892,22.769,0.000531858,192.445,3.14662
0.00599652,0.402865,0.198151,22.769,0.000531858,192.445,3.14663
0.00599654,0.409491,0.201409,22.7689,0.000531858,192.445,3.14663
0.00599656,0.416116,0.204668,22.7688,0.000531858,192.445,3.14664
0.00599658,0.422742,0.207926,22.7687,0.000531858,192.444,3.14664
0.0059966,0.429367,0.211184,22.7686,0.000531858,192.444,3.14665
0.00599662,0.435991,0.214442,22.7685,0.000531858,192.444,3.14666
0.00599664,0.442616,0.2177,22.7684,0.000531858,192.444,3.14666
0.00599666,0.44924,0.220958,22.7684,0.000531858,192.444,3.14667
0.00599668,0.455864,0.224216,22.7683,0.000531858,192.444,3.14668
0.0059967,0.462488,0.227473,22.7682,0.000531858,192.444,3.14669
0.00599672,0.469112,0.230731,22.7681,0.000531858,192.443,3.1467
0.00599674,0.475735,0.233988,22.768,0.000531858,192.443,3.14671
0.00599676,0.482359,0.237246,22.7679,0.000531858,192.443,3.14671
0.00599678,0.488981,0.240503,22.7679,0.000531858,192.443,3.14672
0.0059968,0.495604,0.24376,22.7678,0.000531858,192.443,3.14673
0.00599682,0.502227,0.247017,22.7677,0.000531858,192.442,3.14674
0.00599684,0.508849,0.250274,22.7676,0.000531858,192.442,3.14676
0.00599686,0.515471,0.25353,22.7675,0.000531858,192.442,3.14677
0.00599688,0.522093,0.256787,22.7674,0.000531858,192.442,3.14678
0.0059969,0.528714,0.260044,22.7673,0.000531858,192.441,3.14679
0.00599692,0.535335,0.2633,22.7673,0.000531858,192.441,3.1468
0.00599694,0.541956,0.266556,22.7672,0.000531858,192.441,3.14681
0.00599696,0.548577,0.269812,22.7671,0.000531858,192.441,3.14683
0.00599698,0.555198,0.273068,22.767,0.000531858,192.44,3.14684
0.005997,0.561818,0.276324,22.7669,0.000531858,192.44,3.14685
0.00599702,0.568438,0.27958,22.7668,0.000531858,192.44,3.14687
0.00599704,0.575058,0.282836,22.7667,0.000531858,192.439,3.14688
0.00599706,0.581678,0.286091,22.7667,0.000531858,192.439,3.1469
0.00599708,0.588297,0.289347,22.7666,0.000531858,192.439,3.14691
0.0059971,0.594916,0.292602,22.7665,0.000531858,192.438,3.14693
0.00599712,0.601535,0.295857,22.7664,0.000531858,192.438,3.14694
0.00599714,0.608153,0.299112,22.7663,0.000531858,192.438,3.14696
0.00599716,0.614772,0.302367,22.7662,0.000531858,192.437,3.14698
0.00599718,0.62139,0.305622,22.7662,0.000531858,192.437,3.14699
0.0059972,0.628008,0.308877,22.7661,0.000531858,192.436,3.14701
0.00599722,0.634626,0.312131,22.766,0.000531858,192.436,3.14703
0.00599724,0.641243,0.315386,22.7659,0.000531858,192.435,3.14705
0.00599726,0.64786,0.31864,22.7658,0.000531858,192.435,3.14707
0.00599728,0.654477,0.321894,22.7657,0.000531858,192.435,3.14708
0.0059973,0.661094,0.325148,22.7656,0.000531858,192.434,3.1471
0.00599732,0.66771,0.328402,22.7656,0.000531858,192.434,3.14712
0.00599734,0.674326,0.331656,22.7655,0.000531858,192.433,3.14714
0.00599736,0.680942,0.33491,22.7654,0.000531858,192.433,3.14716
0.00599738,0.687558,0.338164,22.7653,0.000531858,192.432,3.14718
0.0059974,0.694174,0.341417,22.7652,0.000531858,192.432,3.1472
0.00599742,0.700789,0.344671,22.7651,0.000531858,192.431,3.14723
0.00599744,0.707404,0.347924,22.765,0.000531858,192.431,3.14725
0.00599746,0.714019,0.351177,22.765,0.000531858,192.43,3.14727
0.00599748,0.720633,0.35443,22.7649,0.000531858,192.43,3.14729
0.0059975,0.727247,0.357683,22.7648,0.000531858,192.429,3.14731
0.00599752,0.733861,0.360936,22.7647,0.000531858,192.428,3.14734
0.00599754,0.740475,0.364188,22.7646,0.000531858,192.428,3.14736
0.00599756,0.747088,0.367441,22.7645,0.000531858,192.427,3.14738
0.00599758,0.753702,0.370693,22.7644,0.000531858,192.427,3.14741
0.0059976,0.760315,0.373946,22.7644,0.000531858,192.426,3.14743
0.00599762,0.766927,0.377198,22.7643,0.000531858,192.426,3.14746
0.00599764,0.77354,0.38045,22.7642,0.000531858,192.425,3.14748
0.00599766,0.780152,0.383702,22.7641,0.000531858,192.424,3.14751
0.00599768,0.786764,0.386954,22.764,0.000531858,192.424,3.14753
0.0059977,0.793376,0.390205,22.7639,0.000531858,192.423,3.14756
0.00599772,0.799987,0.393457,22.7639,0.000531858,192.422,3.14759
0.00599774,0.806599,0.396708,22.7638,0.000531858,192.422,3.14761
0.00599776,0.81321,0.39996,22.7637,0.000531858,192.421,3.14764
0.00599778,0.81982,0.403211,22.7636,0.000531858,192.42,3.14767
0.0059978,0.826431,0.406462,22.7635,0.000531858,192.42,3.1477
0.00599782,0.833041,0.409713,22.7634,0.000531858,192.419,3.14773
0.00599784,0.839651,0.412964,22.7633,0.000531858,192.418,3.14776
0.00599786,0.846261,0.416214,22.7633,0.000531858,192.417,3.14778
0.00599788,0.85287,0.419465,22.7632,0.000531858,192.417,3.14781
0.0059979,0.859479,0.422715,22.7631,0.000531858,192.416,3.14784
0.00599792,0.866088,0.425966,22.763,0.000531858,192.415,3.14787
0.00599794,0.872697,0.429216,22.7629,0.000531858,192.414,3.1479
0.00599796,0.879306,0.432466,22.7628,0.000531858,192.414,3.14794
0.00599798,0.885914,0.435716,22.7627,0.000531858,192.413,3.14797
0.005998,0.892522,0.438966,22.7627,0.000531858,192.412,3.148
0.00599802,0.899129,0.442215,22.7626,0.000531858,192.411,3.14803
0.00599804,0.905737,0.445465,22.7625,0.000531858,192.41,3.14806
0.00599806,0.912344,0.448714,22.7624,0.000531858,192.41,3.1481
0.00599808,0.918951,0.451964,22.7623,0.000531858,192.409,3.14813
0.0059981,0.925558,0.455213,22.7622,0.000531858,192.408,3.14816
0.00599812,0.932164,0.458462,22.7622,0.000531858,192.407,3.1482
0.00599814,0.93877,0.461711,22.7621,0.000531858,192.406,3.14823
0.00599816,0.945376,0.46496,22.762,0.000531858,192.405,3.14826
0.00599818,0.951982,0.468208,22.7619,0.000531858,192.404,3.1483
0.0059982,0.958587,0.471457,22.7618,0.000531858,192.403,3.14834
0.00599822,0.965192,0.474705,22.7617,0.000531858,192.403,3.14837
0.00599824,0.971797,0.477954,22.7616,0.000531858,192.402,3.14841
0.00599826,0.978402,0.481202,22.7616,0.000531858,192.401,3.14844
0.00599828,0.985006,0.48445,22.7615,0.000531858,192.4,3.14848
0.0059983,0.99161,0.487698,22.7614,0.000531858,192.399,3.14852
0.00599832,0.998214,0.490945,22.7613,0.000531858,192.398,3.14855
0.00599834,1.00482,0.494193,22.7612,0.000531858,192.397,3.14859
0.00599836,1.01142,0.497441,22.7611,0.000531858,192.396,3.14863
0.00599838,1.01802,0.500688,22.761,0.000531858,192.395,3.14867
0.0059984,1.02463,0.503935,22.761,0.000531858,192.394,3.14871
0.00599842,1.03123,0.507182,22.7609,0.000531858,192.393,3.14875
0.00599844,1.03783,0.510429,22.7608,0.000531858,192.392,3.14879
0.00599846,1.04443,0.513676,22.7607,0.000531858,192.391,3.14883
0.00599848,1.05104,0.516923,22.7606,0.000531858,192.39,3.14887
0.0059985,1.05764,0.52017,22.7605,0.000531858,192.389,3.14891
0.00599852,1.06424,0.523416,22.7604,0.000531858,192.388,3.14895
0.00599854,1.07084,0.526663,22.7604,0.000531858,192.387,3.14899
0.00599856,1.07744,0.529909,22.7603,0.000531858,192.386,3.14903
0.00599858,1.08404,0.533155,22.7602,0.000531858,192.385,3.14907
0.0059986,1.09064,0.536401,22.7601,0.000531858,192.383,3.14911
0.00599862,1.09724,0.539647,22.76,0.000531858,192.382,3.14916
0.00599864,1.10384,0.542892,22.7599,0.000531858,192.381,3.1492
0.00599866,1.11044,0.546138,22.7599,0.000531858,192.38,3.14924
0.00599868,1.11704,0.549383,22.7598,0.000531858,192.379,3.14929
0.0059987,1.12364,0.552629,22.7597,0.000531858,192.378,3.14933
0.00599872,1.13024,0.555874,22.7596,0.000531858,192.377,3.14938
0.00599874,1.13683,0.559119,22.7595,0.000531858,192.376,3.14942
0.00599876,1.14343,0.562364,22.7594,0.000531858,192.374,3.14947
0.00599878,1.15003,0.565609,22.7593,0.000531858,192.373,3.14951
0.0059988,1.15663,0.568853,22.7593,0.000531858,192.372,3.14956
0.00599882,1.16322,0.572098,22.7592,0.000531858,192.371,3.1496
0.00599884,1.16982,0.575342,22.7591,0.000531858,192.37,3.14965
0.00599886,1.17642,0.578587,22.759,0.000531858,192.368,3.1497
0.00599888,1.18301,0.581831,22.7589,0.000531858,192.367,3.14974
0.0059989,1.18961,0.585075,22.7588,0.000531858,192.366,3.14979
0.00599892,1.19621,0.588319,22.7587,0.000531858,192.365,3.14984
0.00599894,1.2028,0.591562,22.7587,0.000531858,192.363,3.14989
0.00599896,1.2094,0.594806,22.7586,0.000531858,192.362,3.14994
0.00599898,1.21599,0.598049,22.7585,0.000531858,192.361,3.14999
0.005999,1.22259,0.601293,22.7584,0.000531858,192.36,3.15004
0.00599902,1.22918,0.604536,22.7583,0.000531858,192.358,3.15009
0.00599904,1.23577,0.607779,22.7582,0.000531858,192.357,3.15014
0.00599906,1.24237,0.611022,22.7582,0.000531858,192.356,3.15019
0.00599908,1.24896,0.614265,22.7581,0.000531858,192.354,3.15024
0.0059991,1.25556,0.617507,22.758,0.000531858,192.353,3.15029
0.00599912,1.26215,0.62075,22.7579,0.000531858,192.352,3.15034
0.00599914,1.26874,0.623992,22.7578,0.000531858,192.35,3.15039
0.00599916,1.27533,0.627234,22.7577,0.000531858,192.349,3.15044
0.00599918,1.28193,0.630477,22.7576,0.000531858,192.348,3.1505
0.0059992,1.28852,0.633719,22.7576,0.000531858,192.346,3.15055
0.00599922,1.29511,0.63696,22.7575,0.000531858,192.345,3.1506
0.00599924,1.3017,0.640202,22.7574,0.000531858,192.343,3.15065
0.00599926,1.30829,0.643444,22.7573,0.000531858,192.342,3.15071
0.00599928,1.31488,0.646685,22.7572,0.000531858,192.341,3.15076
0.0059993,1.32147,0.649926,22.7571,0.000531858,192.339,3.15082
0.00599932,1.32807,0.653168,22.757,0.000531858,192.338,3.15087
0.00599934,1.33466,0.656409,22.757,0.000531858,192.336,3.15093
0.00599936,1.34125,0.65965,22.7569,0.000531858,192.335,3.15098
0.00599938,1.34783,0.66289,22.7568,0.000531858,192.333,3.15104
0.0059994,1.35442,0.666131,22.7567,0.000531858,192.332,3.1511
0.00599942,1.36101,0.669371,22.7566,0.000531858,192.33,3.15115
0.00599944,1.3676,0.672612,22.7565,0.000531858,192.329,3.15121
0.00599946,1.37419,0.675852,22.7565,0.000531858,192.327,3.15127
0.00599948,1.38078,0.679092,22.7564,0.000531858,192.326,3.15132
0.0059995,1.38737,0.682332,22.7563,0.000531858,192.324,3.15138
0.00599952,1.39395,0.685572,22.7562,0.000531858,192.323,3.15144
0.00599954,1.40054,0.688811,22.7561,0.000531858,192.321,3.1515
0.00599956,1.40713,0.692051,22.756,0.000531858,192.32,3.15156
0.00599958,1.41371,0.69529,22.7559,0.000531858,192.318,3.15162
0.0059996,1.4203,0.69853,22.7559,0.000531858,192.317,3.15168
0.00599962,1.42689,0.701769,22.7558,0.000531858,192.315,3.15174
0.00599964,1.43347,0.705008,22.7557,0.000531858,192.313,3.1518
0.00599966,1.44006,0.708247,22.7556,0.000531858,192.312,3.15186
0.00599968,1.44664,0.711485,22.7555,0.000531858,192.31,3.15192
0.0059997,1.45323,0.714724,22.7554,0.000531858,192.308,3.15198
0.00599972,1.45981,0.717962,22.7553,0.000531858,192.307,3.15204
0.00599974,1.4664,0.7212,22.7553,0.000531858,192.305,3.1521
0.00599976,1.47298,0.724439,22.7552,0.000531858,192.304,3.15217
0.00599978,1.47957,0.727677,22.7551,0.000531858,192.302,3.15223
0.0059998,1.48615,0.730914,22.755,0.000531858,192.3,3.15229
0.00599982,1.49273,0.734152,22.7549,0.000531858,192.299,3.15236
0.00599984,1.49932,0.73739,22.7548,0.000531858,192.297,3.15242
0.00599986,1.5059,0.740627,22.7548,0.000531858,192.295,3.15248
0.00599988,1.51248,0.743864,22.7547,0.000531858,192.293,3.15255
0.0059999,1.51906,0.747102,22.7546,0.000531858,192.292,3.15261
0.00599992,1.52565,0.750339,22.7545,0.000531858,192.29,3.15268
0.00599994,1.53223,0.753575,22.7544,0.000531858,192.288,3.15274
0.00599996,1.53881,0.756812,22.7543,0.000531858,192.286,3.15281
0.00599998,1.54539,0.760049,22.7542,0.000531858,192.285,3.15288
0.00599999,1.54913,0.76189,22.7542,0.000531858,192.284,3.15291
0.006,1.55288,0.763732,22.7541,0.000531858,192.283,3.15295
