t_s,v_drain_V,i_primary_A,v_out_V,v_fbk_V,v_bulk_V,v_comp_V
0.00595378,1105.16,0.0917865,22.8462,0.000531858,998.432,2.73294
0.00595378,1117.87,0.0977028,22.8459,0.000531858,998.432,2.73293
0.00595379,1130.79,0.100862,22.8455,0.000531858,998.432,2.73292
0.0059538,1144.23,0.101367,22.8452,0.000531858,998.432,2.73291
0.00595381,1161.4,0.0979046,22.8448,0.000531858,998.432,2.7329
0.00595382,1179.37,0.0887202,22.8444,0.000531858,998.432,2.73288
0.00595383,1197.82,0.0710087,22.8441,0.000531858,998.432,2.73286
0.00595384,1209.12,0.0525903,22.844,0.000531858,998.432,2.73285
0.00595384,1215.11,0.0372557,22.844,0.000531858,998.432,2.73284
0.00595385,1218.64,0.0228294,22.844,0.000531858,998.432,2.73283
0.00595386,1220.46,0.00747788,22.8441,0.000531858,998.432,2.73282
0.00595386,1220.37,-0.00871786,22.8443,0.000531858,998.432,2.73281
0.00595387,1218.2,-0.0249308,22.8445,0.000531858,998.432,2.7328
0.00595388,1212.66,-0.0440812,22.8448,0.000531858,998.432,2.73278
0.00595388,1204.08,-0.0615286,22.8451,0.000531858,998.432,2.73277
0.00595389,1193.19,-0.0760268,22.8455,0.000531858,998.432,2.73276
0.0059539,1177.52,-0.0893494,22.846,0.000531858,998.432,2.73274
0.00595391,1164.49,-0.0960383,22.8464,0.000531858,998.432,2.73273
0.00595392,1151.49,-0.0996577,22.8467,0.000531858,998.432,2.73272
0.00595392,1137.67,-0.100527,22.847,0.000531858,998.433,2.73271
0.00595393,1121.33,-0.0976919,22.8474,0.000531858,998.433,2.73269
0.00595394,1103.12,-0.0890954,22.8478,0.000531858,998.433,2.73268
0.00595395,1084.94,-0.0728244,22.8481,0.000531858,998.433,2.73266
0.00595396,1069.53,-0.0475046,22.8482,0.000531858,998.433,2.73263
0.00595397,1062.75,-0.0259881,22.8482,0.000531858,998.433,2.73262
0.00595398,1060.39,-0.00940527,22.8481,0.000531858,998.433,2.73261
0.00595399,1060.21,0.00601532,22.8479,0.000531858,998.433,2.73259
0.00595399,1062.1,0.0222476,22.8478,0.000531858,998.434,2.73258
0.005954,1066.66,0.0395246,22.8475,0.000531858,998.434,2.73257
0.00595401,1076.12,0.0597697,22.8471,0.000531858,998.433,2.73255
0.00595402,1090.63,0.0781973,22.8466,0.000531858,998.433,2.73253
0.00595403,1104.44,0.0890458,22.8461,0.000531858,998.433,2.73252
0.00595403,1116.81,0.0951467,22.8458,0.000531858,998.433,2.73251
0.00595404,1129.37,0.0985344,22.8454,0.000531858,998.433,2.73249
0.00595405,1142.57,0.0993518,22.8451,0.000531858,998.433,2.73248
0.00595406,1158.87,0.0965407,22.8447,0.000531858,998.433,2.73247
0.00595407,1176.6,0.0881699,22.8444,0.000531858,998.433,2.73245
0.00595408,1194.65,0.0719381,22.8441,0.000531858,998.433,2.73243
0.00595409,1206.83,0.0531795,22.8439,0.000531858,998.433,2.73241
0.00595409,1213.24,0.0373563,22.8439,0.000531858,998.433,2.73239
0.0059541,1216.94,0.0225579,22.8439,0.000531858,998.433,2.73238
0.00595411,1218.79,0.00676603,22.844,0.000531858,998.433,2.73237
0.00595411,1218.63,-0.00911878,22.8441,0.000531858,998.433,2.73236
0.00595412,1216.39,-0.0251145,22.8443,0.000531858,998.433,2.73234
0.00595413,1210.8,-0.0439265,22.8446,0.000531858,998.433,2.73233
0.00595414,1201.75,-0.061754,22.845,0.000531858,998.433,2.73231
0.00595414,1190.54,-0.0760177,22.8454,0.000531858,998.433,2.7323
0.00595415,1174.25,-0.0889868,22.8459,0.000531858,998.434,2.73228
0.00595416,1161.14,-0.0950361,22.8462,0.000531858,998.434,2.73226
0.00595417,1148.12,-0.09801,22.8466,0.000531858,998.434,2.73225
0.00595418,1134.6,-0.0981959,22.8469,0.000531858,998.434,2.73224
0.00595418,1117.69,-0.094271,22.8473,0.000531858,998.434,2.73222
0.00595419,1100.1,-0.0845961,22.8476,0.000531858,998.434,2.7322
0.00595421,1082.34,-0.0665485,22.8478,0.000531858,998.435,2.73217
0.00595422,1069.79,-0.043636,22.8479,0.000531858,998.435,2.73215
0.00595423,1064.05,-0.0240896,22.8479,0.000531858,998.435,2.73213
0.00595423,1061.95,-0.00826061,22.8478,0.000531858,998.435,2.73212
0.00595424,1061.88,0.00685909,22.8477,0.000531858,998.435,2.73211
0.00595424,1063.84,0.0226195,22.8475,0.000531858,998.435,2.73209
0.00595425,1068.6,0.0399786,22.8472,0.000531858,998.435,2.73208
0.00595426,1078.08,0.0596272,22.8468,0.000531858,998.435,2.73206
0.00595427,1092.79,0.0776946,22.8463,0.000531858,998.435,2.73204
0.00595428,1106.4,0.0879478,22.8458,0.000531858,998.435,2.73202
0.00595429,1118.6,0.0936475,22.8455,0.000531858,998.435,2.732
0.00595429,1130.99,0.0966959,22.8451,0.000531858,998.435,2.73199
0.0059543,1143.9,0.0971943,22.8448,0.000531858,998.435,2.73198
0.00595431,1160.33,0.0939012,22.8444,0.000531858,998.434,2.73196
0.00595432,1177.57,0.0851162,22.8441,0.000531858,998.434,2.73194
0.00595433,1195.26,0.0681833,22.8438,0.000531858,998.434,2.73191
0.00595434,1206.42,0.0499065,22.8436,0.000531858,998.434,2.73189
0.00595435,1212.41,0.0341323,22.8436,0.000531858,998.434,2.73188
0.00595435,1215.81,0.0189431,22.8437,0.000531858,998.434,2.73186
0.00595436,1217.21,0.00364959,22.8437,0.000531858,998.434,2.73185
0.00595437,1216.68,-0.0118722,22.8439,0.000531858,998.434,2.73183
0.00595437,1214.12,-0.0273823,22.8441,0.000531858,998.434,2.73182
0.00595438,1207.8,-0.0465286,22.8444,0.000531858,998.435,2.7318
0.00595439,1198.43,-0.0634205,22.8447,0.000531858,998.435,2.73178
0.0059544,1186.1,-0.077662,22.8451,0.000531858,998.435,2.73176
0.00595441,1172.37,-0.0877505,22.8456,0.000531858,998.435,2.73174
0.00595441,1160.09,-0.0932189,22.8459,0.000531858,998.435,2.73173
0.00595442,1146.33,-0.0961144,22.8462,0.000531858,998.435,2.73171
0.00595443,1133.54,-0.0960117,22.8465,0.000531858,998.435,2.7317
0.00595444,1115.9,-0.0914035,22.8469,0.000531858,998.436,2.73168
0.00595445,1099.18,-0.0814998,22.8472,0.000531858,998.436,2.73165
0.00595446,1081.55,-0.0623674,22.8474,0.000531858,998.436,2.73163
0.00595447,1070.23,-0.0400801,22.8475,0.000531858,998.436,2.7316
0.00595448,1065.2,-0.0214498,22.8474,0.000531858,998.436,2.73158
0.00595448,1063.44,-0.00609057,22.8473,0.000531858,998.436,2.73157
0.00595449,1063.63,0.0087498,22.8472,0.000531858,998.436,2.73155
0.0059545,1065.78,0.0240264,22.847,0.000531858,998.436,2.73154
0.0059545,1071.02,0.0416736,22.8467,0.000531858,998.436,2.73152
0.00595451,1080.79,0.0606071,22.8463,0.000531858,998.436,2.7315
0.00595453,1096.12,0.0781962,22.8457,0.000531858,998.436,2.73147
0.00595453,1109.52,0.087461,22.8453,0.000531858,998.436,2.73145
0.00595454,1121.58,0.0925043,22.845,0.000531858,998.436,2.73144
0.00595455,1135.08,0.0950675,22.8446,0.000531858,998.436,2.73142
0.00595455,1147.45,0.0947659,22.8443,0.000531858,998.436,2.7314
0.00595456,1165.17,0.0898083,22.8439,0.000531858,998.436,2.73138
0.00595457,1181.42,0.0797309,22.8436,0.000531858,998.436,2.73136
0.00595459,1198.78,0.0600074,22.8433,0.000531858,998.436,2.73133
0.00595459,1207.78,0.0422652,22.8432,0.000531858,998.436,2.7313
0.0059546,1212.57,0.0266279,22.8432,0.000531858,998.436,2.73129
0.00595461,1215.08,0.0106717,22.8433,0.000531858,998.436,2.73127
0.00595461,1215.46,-0.00442525,22.8434,0.000531858,998.436,2.73126
0.00595462,1213.84,-0.0200261,22.8435,0.000531858,998.436,2.73124
0.00595463,1209.73,-0.0365047,22.8438,0.000531858,998.436,2.73122
0.00595464,1202.18,-0.0538648,22.8441,0.000531858,998.436,2.7312
0.00595465,1191.23,-0.0696032,22.8445,0.000531858,998.436,2.73118
0.00595466,1176.77,-0.0826039,22.8449,0.000531858,998.436,2.73116
0.00595466,1164.68,-0.0892741,22.8452,0.000531858,998.436,2.73114
0.00595467,1152.69,-0.0930332,22.8456,0.000531858,998.436,2.73112
0.00595468,1139.74,-0.0942929,22.8459,0.000531858,998.437,2.7311
0.00595468,1125.15,-0.0923632,22.8462,0.000531858,998.437,2.73109
0.00595469,1107.94,-0.0851711,22.8465,0.000531858,998.437,2.73106
0.0059547,1090.99,-0.0713632,22.8468,0.000531858,998.437,2.73103
0.00595472,1075.74,-0.0487801,22.8469,0.000531858,998.437,2.731
0.00595473,1068.44,-0.0285975,22.8469,0.000531858,998.437,2.73098
0.00595473,1065.62,-0.0130224,22.8468,0.000531858,998.437,2.73096
0.00595474,1064.93,0.00136906,22.8467,0.000531858,998.437,2.73094
0.00595475,1066.17,0.0168789,22.8465,0.000531858,998.438,2.73093
0.00595475,1069.37,0.0315864,22.8463,0.000531858,998.438,2.73091
0.00595476,1077.2,0.051125,22.8459,0.000531858,998.438,2.73089
0.00595477,1088.88,0.0683247,22.8454,0.000531858,998.437,2.73086
0.00595478,1101.8,0.0802946,22.845,0.000531858,998.437,2.73084
0.00595479,1113.19,0.0871053,22.8447,0.000531858,998.437,2.73082
0.00595479,1124.66,0.0912683,22.8443,0.000531858,998.437,2.73081
0.0059548,1137.21,0.093134,22.844,0.000531858,998.437,2.73079
0.00595481,1150.54,0.0922054,22.8437,0.000531858,998.437,2.73077
0.00595482,1167.54,0.0864611,22.8433,0.000531858,998.437,2.73075
0.00595483,1184.04,0.0748771,22.8429,0.000531858,998.437,2.73072
0.00595484,1200.09,0.0543437,22.8427,0.000531858,998.437,2.73069
0.00595485,1207.95,0.0366829,22.8426,0.000531858,998.437,2.73066
0.00595486,1212.02,0.0207895,22.8427,0.000531858,998.437,2.73064
0.00595486,1213.7,0.0060955,22.8427,0.000531858,998.437,2.73063
0.00595487,1213.54,-0.00847145,22.8428,0.000531858,998.437,2.73061
0.00595487,1211.47,-0.0233416,22.843,0.000531858,998.437,2.73059
0.00595488,1206.36,-0.0407135,22.8433,0.000531858,998.437,2.73057
0.00595489,1196.91,-0.0590544,22.8436,0.000531858,998.437,2.73055
0.0059549,1185.17,-0.0732166,22.844,0.000531858,998.437,2.73052
0.00595491,1171.96,-0.0833197,22.8444,0.000531858,998.438,2.7305
0.00595492,1160.28,-0.088792,22.8447,0.000531858,998.438,2.73048
0.00595492,1148.32,-0.0916833,22.845,0.000531858,998.438,2.73046
0.00595493,1135.89,-0.0920635,22.8453,0.000531858,998.438,2.73045
0.00595494,1120.15,-0.0887299,22.8456,0.000531858,998.438,2.73042
0.00595495,1103.69,-0.0801132,22.8459,0.000531858,998.438,2.7304
0.00595496,1086.91,-0.0637478,22.8461,0.000531858,998.439,2.73036
0.00595497,1073.6,-0.0395725,22.8462,0.000531858,998.439,2.73033
0.00595498,1068.26,-0.020022,22.8461,0.000531858,998.439,2.7303
0.00595499,1066.63,-0.00485349,22.846,0.000531858,998.439,2.73029
0.00595499,1066.93,0.00935521,22.8459,0.000531858,998.439,2.73027
0.005955,1069.14,0.0239735,22.8457,0.000531858,998.439,2.73025
0.00595501,1074.37,0.0409602,22.8454,0.000531858,998.439,2.73023
0.00595502,1083.95,0.0589652,22.8449,0.000531858,998.439,2.7302
0.00595503,1098.97,0.0756524,22.8444,0.000531858,998.439,2.73017
0.00595504,1111.76,0.0841614,22.844,0.000531858,998.439,2.73015
0.00595504,1123.34,0.0887609,22.8437,0.000531858,998.439,2.73013
0.00595505,1136.23,0.0909636,22.8433,0.000531858,998.439,2.73011
0.00595506,1148.47,0.0903974,22.843,0.000531858,998.439,2.73009
0.00595507,1165.37,0.0852025,22.8426,0.000531858,998.439,2.73007
0.00595508,1181.07,0.074873,22.8423,0.000531858,998.438,2.73004
0.00595509,1197.33,0.0553541,22.842,0.000531858,998.438,2.73
0.0059551,1205.73,0.0375801,22.8419,0.000531858,998.438,2.72998
0.00595511,1210.12,0.0213597,22.8419,0.000531858,998.438,2.72996
0.00595511,1211.91,0.00690165,22.842,0.000531858,998.438,2.72994
0.00595512,1211.87,-0.0072857,22.8421,0.000531858,998.438,2.72992
0.00595513,1209.96,-0.0218814,22.8422,0.000531858,998.439,2.7299
0.00595513,1205.27,-0.038494,22.8425,0.000531858,998.439,2.72988
0.00595514,1196.28,-0.05657,22.8428,0.000531858,998.439,2.72985
0.00595515,1184.42,-0.0711831,22.8432,0.000531858,998.439,2.72983
0.00595516,1171.3,-0.0813138,22.8436,0.000531858,998.439,2.7298
0.00595517,1159.82,-0.0867147,22.8439,0.000531858,998.439,2.72978
0.00595517,1148.16,-0.0895527,22.8442,0.000531858,998.439,2.72976
0.00595518,1135.99,-0.0899398,22.8444,0.000531858,998.439,2.72974
0.00595519,1120.67,-0.0867217,22.8447,0.000531858,998.44,2.72972
0.0059552,1104.59,-0.0783374,22.845,0.000531858,998.44,2.72969
0.00595521,1088.2,-0.0624279,22.8452,0.000531858,998.44,2.72966
0.00595522,1075.16,-0.0388503,22.8453,0.000531858,998.44,2.72962
0.00595523,1069.89,-0.019737,22.8452,0.000531858,998.44,2.72959
0.00595524,1068.28,-0.00491703,22.8451,0.000531858,998.44,2.72957
0.00595525,1068.55,0.00895801,22.845,0.000531858,998.44,2.72956
0.00595525,1070.68,0.0232488,22.8448,0.000531858,998.44,2.72954
0.00595526,1075.74,0.0397895,22.8445,0.000531858,998.44,2.72951
0.00595527,1085.05,0.0574022,22.8441,0.000531858,998.44,2.72949
0.00595528,1099.64,0.073715,22.8435,0.000531858,998.44,2.72945
0.00595529,1112.14,0.0820949,22.8431,0.000531858,998.44,2.72943
0.0059553,1123.45,0.0866339,22.8428,0.000531858,998.44,2.72941
0.0059553,1136.05,0.0888328,22.8424,0.000531858,998.44,2.72939
0.00595531,1147.92,0.0883328,22.8421,0.000531858,998.44,2.72937
0.00595532,1164.44,0.0833407,22.8417,0.000531858,998.44,2.72934
0.00595533,1179.74,0.0733837,22.8414,0.000531858,998.44,2.72931
0.00595534,1195.7,0.0544328,22.8411,0.000531858,998.44,2.72928
0.00595535,1204.15,0.0366493,22.8411,0.000531858,998.44,2.72925
0.00595536,1208.56,0.020116,22.8411,0.000531858,998.44,2.72922
0.00595537,1210.21,0.00590871,22.8411,0.000531858,998.44,2.7292
0.00595537,1210.07,-0.00797087,22.8412,0.000531858,998.44,2.72919
0.00595538,1208.09,-0.022206,22.8414,0.000531858,998.44,2.72917
0.00595539,1203.28,-0.0386247,22.8416,0.000531858,998.44,2.72914
0.0059554,1194.29,-0.0561723,22.8419,0.000531858,998.44,2.72911
0.00595541,1181.91,-0.0708352,22.8423,0.000531858,998.44,2.72908
0.00595541,1169.44,-0.0800141,22.8427,0.000531858,998.44,2.72906
0.00595542,1158.27,-0.085016,22.8429,0.000531858,998.44,2.72904
0.00595543,1145.67,-0.0876983,22.8432,0.000531858,998.441,2.72902
0.00595543,1134.06,-0.087632,22.8435,0.000531858,998.441,2.729
0.00595544,1117.95,-0.083475,22.8438,0.000531858,998.441,2.72897
0.00595545,1102.73,-0.0745163,22.8441,0.000531858,998.441,2.72894
0.00595547,1086.6,-0.0571231,22.8442,0.000531858,998.441,2.7289
0.00595548,1076.18,-0.0367328,22.8443,0.000531858,998.441,2.72887
0.00595548,1071.55,-0.0196794,22.8442,0.000531858,998.441,2.72885
0.00595549,1069.93,-0.00565591,22.8441,0.000531858,998.441,2.72883
0.0059555,1070.09,0.00787734,22.8439,0.000531858,998.442,2.72881
0.0059555,1072.05,0.0218183,22.8438,0.000531858,998.442,2.72879
0.00595551,1076.79,0.0378777,22.8435,0.000531858,998.442,2.72876
0.00595552,1085.67,0.0551605,22.8431,0.000531858,998.442,2.72873
0.00595553,1099.6,0.0712055,22.8425,0.000531858,998.441,2.7287
0.00595554,1111.82,0.0796954,22.8421,0.000531858,998.441,2.72868
0.00595555,1122.84,0.0843261,22.8418,0.000531858,998.441,2.72866
0.00595555,1135.18,0.0866851,22.8415,0.000531858,998.441,2.72863
0.00595556,1146.49,0.0864172,22.8412,0.000531858,998.441,2.72861
0.00595557,1162.61,0.081918,22.8408,0.000531858,998.441,2.72858
0.00595558,1177.45,0.0727319,22.8404,0.000531858,998.441,2.72855
0.00595559,1193.29,0.0547843,22.8401,0.000531858,998.441,2.72852
0.0059556,1202.1,0.0370857,22.84,0.000531858,998.441,2.72849
0.00595561,1206.76,0.0202971,22.84,0.000531858,998.441,2.72846
0.00595562,1208.46,0.00634158,22.8401,0.000531858,998.441,2.72844
0.00595562,1208.39,-0.00718706,22.8402,0.000531858,998.441,2.72842
0.00595563,1206.53,-0.0211385,22.8403,0.000531858,998.441,2.7284
0.00595564,1202.01,-0.0369369,22.8405,0.000531858,998.441,2.72838
0.00595565,1193.37,-0.0541701,22.8408,0.000531858,998.441,2.72835
0.00595566,1180.79,-0.0692123,22.8412,0.000531858,998.442,2.72831
0.00595567,1168.53,-0.0781936,22.8416,0.000531858,998.442,2.72829
0.00595567,1157.59,-0.0830528,22.8418,0.000531858,998.442,2.72827
0.00595568,1145.23,-0.0856318,22.8421,0.000531858,998.442,2.72824
0.00595569,1133.91,-0.0855197,22.8424,0.000531858,998.442,2.72822
0.0059557,1118.12,-0.0813631,22.8427,0.000531858,998.442,2.72819
0.0059557,1103.29,-0.0725364,22.8429,0.000531858,998.442,2.72816
0.00595572,1087.55,-0.0553858,22.8431,0.000531858,998.443,2.72813
0.00595573,1077.52,-0.0355379,22.8431,0.000531858,998.443,2.72809
0.00595574,1073.08,-0.0189736,22.843,0.000531858,998.443,2.72807
0.00595574,1071.53,-0.00530755,22.8429,0.000531858,998.443,2.72805
0.00595575,1071.71,0.007906,22.8428,0.000531858,998.443,2.72803
0.00595576,1073.64,0.0214953,22.8426,0.000531858,998.443,2.72801
0.00595576,1078.34,0.0372391,22.8423,0.000531858,998.443,2.72798
0.00595577,1087.05,0.0540728,22.8419,0.000531858,998.443,2.72795
0.00595578,1100.75,0.0697179,22.8414,0.000531858,998.443,2.72792
0.00595579,1112.68,0.077919,22.841,0.000531858,998.443,2.72789
0.0059558,1123.45,0.0823812,22.8406,0.000531858,998.443,2.72787
0.00595581,1135.5,0.0846166,22.8403,0.000531858,998.443,2.72785
0.00595581,1146.56,0.0842922,22.84,0.000531858,998.443,2.72783
0.00595582,1162.34,0.0797782,22.8396,0.000531858,998.443,2.7278
0.00595583,1176.82,0.0706789,22.8393,0.000531858,998.443,2.72777
0.00595584,1192.24,0.0529613,22.839,0.000531858,998.442,2.72773
0.00595585,1201.12,0.0345176,22.8389,0.000531858,998.442,2.72769
0.00595586,1205.41,0.0178272,22.8389,0.000531858,998.442,2.72767
0.00595587,1206.81,0.00421924,22.8389,0.000531858,998.443,2.72764
0.00595588,1206.5,-0.00898969,22.839,0.000531858,998.443,2.72762
0.00595588,1204.45,-0.022462,22.8391,0.000531858,998.443,2.7276
0.00595589,1199.49,-0.0384014,22.8394,0.000531858,998.443,2.72758
0.0059559,1190.6,-0.0549241,22.8397,0.000531858,998.443,2.72755
0.00595591,1177.27,-0.06966,22.8401,0.000531858,998.443,2.72751
0.00595592,1165.83,-0.0773173,22.8404,0.000531858,998.443,2.72749
0.00595592,1155.21,-0.0815869,22.8406,0.000531858,998.443,2.72747
0.00595593,1143.32,-0.0836568,22.8409,0.000531858,998.443,2.72744
0.00595594,1132.06,-0.0831615,22.8411,0.000531858,998.443,2.72742
0.00595595,1116.4,-0.0783898,22.8414,0.000531858,998.444,2.72739
0.00595596,1101.92,-0.0689301,22.8416,0.000531858,998.444,2.72736
0.00595597,1086.85,-0.0510539,22.8418,0.000531858,998.444,2.72732
0.00595598,1078.18,-0.032348,22.8418,0.000531858,998.444,2.72729
0.00595599,1074.38,-0.0169142,22.8417,0.000531858,998.444,2.72726
0.005956,1073.08,-0.00376756,22.8416,0.000531858,998.444,2.72724
0.005956,1073.43,0.00915942,22.8414,0.000531858,998.444,2.72722
0.00595601,1075.49,0.0222969,22.8412,0.000531858,998.444,2.7272
0.00595602,1080.51,0.0381243,22.8409,0.000531858,998.444,2.72717
0.00595603,1089.35,0.054309,22.8405,0.000531858,998.444,2.72714
0.00595604,1103.4,0.0694588,22.84,0.000531858,998.444,2.72711
0.00595604,1115.02,0.0768813,22.8396,0.000531858,998.444,2.72708
0.00595605,1125.61,0.0808507,22.8392,0.000531858,998.444,2.72706
0.00595606,1137.31,0.0826062,22.8389,0.000531858,998.444,2.72704
0.00595607,1148.8,0.0817966,22.8386,0.000531858,998.444,2.72701
0.00595608,1164.11,0.0766256,22.8382,0.000531858,998.444,2.72698
0.00595609,1178.49,0.0665575,22.8379,0.000531858,998.444,2.72695
0.0059561,1192.91,0.0481842,22.8376,0.000531858,998.444,2.72691
0.00595611,1200.83,0.0295981,22.8375,0.000531858,998.444,2.72687
0.00595612,1204.17,0.0141531,22.8376,0.000531858,998.444,2.72685
0.00595612,1205.12,0.00108128,22.8376,0.000531858,998.444,2.72683
0.00595613,1204.42,-0.0118484,22.8377,0.000531858,998.444,2.72681
0.00595614,1202.07,-0.024721,22.8378,0.000531858,998.444,2.72679
0.00595614,1196.3,-0.0411138,22.8381,0.000531858,998.444,2.72676
0.00595615,1186.93,-0.056698,22.8384,0.000531858,998.444,2.72673
0.00595616,1174.39,-0.0693856,22.8387,0.000531858,998.444,2.7267
0.00595617,1163.88,-0.0759722,22.839,0.000531858,998.444,2.72667
0.00595618,1153.66,-0.0798258,22.8392,0.000531858,998.445,2.72665
0.00595618,1142.3,-0.0815857,22.8395,0.000531858,998.445,2.72663
0.00595619,1130.87,-0.0808458,22.8397,0.000531858,998.445,2.7266
0.0059562,1115.74,-0.0758339,22.84,0.000531858,998.445,2.72657
0.00595621,1101.4,-0.0659414,22.8402,0.000531858,998.445,2.72654
0.00595622,1087.08,-0.0480293,22.8403,0.000531858,998.445,2.7265
0.00595623,1079.28,-0.0303385,22.8403,0.000531858,998.445,2.72647
0.00595624,1075.84,-0.0157672,22.8402,0.000531858,998.445,2.72644
0.00595625,1074.67,-0.00306978,22.8401,0.000531858,998.445,2.72642
0.00595625,1075.09,0.00955198,22.8399,0.000531858,998.446,2.7264
0.00595626,1077.17,0.0223017,22.8397,0.000531858,998.446,2.72638
0.00595627,1082.26,0.0379388,22.8394,0.000531858,998.446,2.72635
0.00595628,1091.02,0.0536024,22.839,0.000531858,998.446,2.72632
0.00595629,1103.24,0.0668715,22.8385,0.000531858,998.445,2.72629
0.0059563,1113.98,0.0741202,22.8382,0.000531858,998.445,2.72627
0.0059563,1124.07,0.0782836,22.8378,0.000531858,998.445,2.72624
0.00595631,1135.34,0.0803929,22.8375,0.000531858,998.445,2.72622
0.00595632,1145.86,0.080117,22.8372,0.000531858,998.445,2.7262
0.00595632,1160.8,0.0759015,22.8368,0.000531858,998.445,2.72617
0.00595633,1174.61,0.0672942,22.8365,0.000531858,998.445,2.72614
0.00595635,1189.27,0.0505782,22.8362,0.000531858,998.445,2.7261
0.00595636,1198.01,0.0324404,22.8361,0.000531858,998.445,2.72606
0.00595637,1201.96,0.0169646,22.8361,0.000531858,998.445,2.72603
0.00595637,1203.28,0.00414469,22.8361,0.000531858,998.445,2.72601
0.00595638,1203.01,-0.0083378,22.8362,0.000531858,998.445,2.72599
0.00595639,1201.1,-0.0210814,22.8363,0.000531858,998.445,2.72597
0.00595639,1196.45,-0.0361784,22.8365,0.000531858,998.445,2.72594
0.0059564,1188.07,-0.0518762,22.8368,0.000531858,998.445,2.72591
0.00595641,1174.82,-0.0664693,22.8372,0.000531858,998.446,2.72588
0.00595642,1163.71,-0.0737381,22.8374,0.000531858,998.446,2.72585
0.00595643,1153.52,-0.0776713,22.8377,0.000531858,998.446,2.72583
0.00595644,1142.14,-0.079463,22.8379,0.000531858,998.446,2.7258
0.00595644,1131.18,-0.0787669,22.8381,0.000531858,998.446,2.72578
0.00595645,1116.32,-0.0738749,22.8384,0.000531858,998.446,2.72575
0.00595646,1102.5,-0.0643808,22.8386,0.000531858,998.446,2.72572
0.00595648,1088.45,-0.0468971,22.8387,0.000531858,998.447,2.72568
0.00595649,1080.78,-0.0295602,22.8386,0.000531858,998.447,2.72564
0.00595649,1077.42,-0.0153126,22.8386,0.000531858,998.447,2.72562
0.0059565,1076.29,-0.00293831,22.8384,0.000531858,998.447,2.7256
0.00595651,1076.71,0.00934818,22.8383,0.000531858,998.447,2.72558
0.00595651,1078.73,0.0217565,22.8381,0.000531858,998.447,2.72556
0.00595652,1083.7,0.0369847,22.8378,0.000531858,998.447,2.72553
0.00595653,1092.24,0.0522238,22.8374,0.000531858,998.447,2.7255
0.00595654,1104.13,0.0651145,22.8369,0.000531858,998.447,2.72547
0.00595655,1114.58,0.0721567,22.8365,0.000531858,998.447,2.72544
0.00595655,1124.4,0.0762026,22.8362,0.000531858,998.447,2.72542
0.00595656,1135.36,0.0782459,22.8359,0.000531858,998.447,2.7254
0.00595657,1145.61,0.077967,22.8356,0.000531858,998.447,2.72537
0.00595658,1160.16,0.0738476,22.8352,0.000531858,998.447,2.72534
0.00595659,1173.6,0.0654535,22.8349,0.000531858,998.447,2.72531
0.00595659,1177.43,0.0620213,22.8348,0.000531858,998.447,2.7253
0.00595659,1178.97,0.0604409,22.8348,0.000531858,998.447,2.7253
0.00595659,1181.93,0.0571391,22.8347,0.000531858,998.447,2.72529
0.0059566,1185.29,0.0528675,22.8347,0.000531858,998.447,2.72528
0.0059566,1191.16,0.0434656,22.8346,0.000531858,998.447,2.72526
0.00595661,1197.57,0.027848,22.8345,0.000531858,998.447,2.72523
0.00595662,1200.74,0.0132313,22.8345,0.000531858,998.447,2.7252
0.00595663,1201.62,0.000387511,22.8345,0.000531858,998.447,2.72518
0.00595663,1200.67,-0.0135177,22.8346,0.000531858,998.447,2.72516
0.00595664,1198.11,-0.0257527,22.8347,0.000531858,998.447,2.72514
0.00595665,1191.65,-0.0422652,22.835,0.000531858,998.447,2.72511
0.00595666,1182.19,-0.0564658,22.8353,0.000531858,998.447,2.72508
0.00595667,1171.34,-0.0666655,22.8355,0.000531858,998.447,2.72505
0.00595667,1161.75,-0.072427,22.8358,0.000531858,998.447,2.72502
0.00595668,1152.11,-0.0759077,22.836,0.000531858,998.447,2.725
0.00595669,1141.52,-0.0774241,22.8362,0.000531858,998.447,2.72498
0.00595669,1130.33,-0.0765512,22.8364,0.000531858,998.447,2.72496
0.0059567,1116.09,-0.0715841,22.8367,0.000531858,998.448,2.72493
0.00595671,1102.33,-0.0617514,22.8368,0.000531858,998.448,2.72489
0.00595673,1089,-0.0444807,22.8369,0.000531858,998.448,2.72485
0.00595674,1081.98,-0.0280572,22.8369,0.000531858,998.448,2.72482
0.00595674,1078.89,-0.014535,22.8368,0.000531858,998.448,2.7248
0.00595675,1077.83,-0.00257015,22.8367,0.000531858,998.448,2.72478
0.00595676,1078.28,0.00940903,22.8365,0.000531858,998.448,2.72476
0.00595676,1080.28,0.021462,22.8363,0.000531858,998.448,2.72474
0.00595677,1085.22,0.0364023,22.836,0.000531858,998.448,2.72471
0.00595678,1093.61,0.0511792,22.8356,0.000531858,998.448,2.72468
0.00595679,1105.11,0.0635324,22.8351,0.000531858,998.448,2.72464
0.0059568,1115.21,0.0702946,22.8348,0.000531858,998.448,2.72462
0.0059568,1124.76,0.0742005,22.8345,0.000531858,998.448,2.7246
0.00595681,1130.95,0.0756331,22.8343,0.000531858,998.448,2.72459
0.00595681,1139,0.0762987,22.834,0.000531858,998.448,2.72457
0.00595682,1143.63,0.0760812,22.8339,0.000531858,998.448,2.72456
0.00595682,1144.78,0.075945,22.8339,0.000531858,998.448,2.72456
0.00595682,1147.08,0.0756071,22.8338,0.000531858,998.448,2.72455
0.00595682,1151.64,0.0746194,22.8337,0.000531858,998.448,2.72454
0.00595683,1159.76,0.0717245,22.8335,0.000531858,998.448,2.72452
0.00595684,1174.5,0.0620283,22.8331,0.000531858,998.448,2.72449
0.00595685,1186.92,0.0471248,22.8329,0.000531858,998.448,2.72445
0.00595686,1194.45,0.0314646,22.8327,0.000531858,998.448,2.72442
0.00595687,1198.16,0.0177543,22.8327,0.000531858,998.448,2.7244
0.00595687,1199.64,0.00581874,22.8327,0.000531858,998.448,2.72437
0.00595688,1199.61,-0.00597046,22.8328,0.000531858,998.448,2.72435
0.00595689,1198.04,-0.0181301,22.8329,0.000531858,998.448,2.72433
0.00595689,1194.15,-0.0319526,22.833,0.000531858,998.448,2.72431
0.0059569,1186.67,-0.0470744,22.8333,0.000531858,998.448,2.72428
0.00595691,1174.94,-0.0610632,22.8336,0.000531858,998.448,2.72424
0.00595692,1164.41,-0.0686673,22.8339,0.000531858,998.448,2.72422
0.00595693,1154.83,-0.0728757,22.8341,0.000531858,998.449,2.72419
0.00595694,1145.07,-0.0749853,22.8343,0.000531858,998.449,2.72417
0.00595694,1134.99,-0.0750574,22.8345,0.000531858,998.449,2.72415
0.00595695,1121.82,-0.0719076,22.8347,0.000531858,998.449,2.72412
0.00595696,1108.5,-0.0644429,22.8349,0.000531858,998.449,2.72409
0.00595697,1094.81,-0.0502976,22.835,0.000531858,998.449,2.72405
0.00595698,1085.43,-0.0328258,22.835,0.000531858,998.449,2.72402
0.00595699,1081.17,-0.0180015,22.8349,0.000531858,998.449,2.72399
0.005957,1079.62,-0.0059607,22.8348,0.000531858,998.449,2.72397
0.00595701,1079.61,0.00557019,22.8346,0.000531858,998.449,2.72395
0.00595701,1081.14,0.0175487,22.8344,0.000531858,998.45,2.72393
0.00595702,1084.86,0.030883,22.8342,0.000531858,998.45,2.72391
0.00595703,1092.15,0.0457863,22.8338,0.000531858,998.45,2.72388
0.00595704,1103.48,0.0595129,22.8333,0.000531858,998.449,2.72384
0.00595705,1113.87,0.0671872,22.8329,0.000531858,998.449,2.72381
0.00595705,1123.23,0.0714286,22.8326,0.000531858,998.449,2.72379
0.00595706,1132.76,0.0736279,22.8323,0.000531858,998.449,2.72377
0.00595707,1142.63,0.0738441,22.832,0.000531858,998.449,2.72375
0.00595708,1155.24,0.0710699,22.8317,0.000531858,998.449,2.72372
0.00595709,1168.34,0.0640781,22.8313,0.000531858,998.449,2.72369
0.0059571,1181.76,0.0507528,22.831,0.000531858,998.449,2.72366
0.00595711,1191.35,0.0336106,22.8309,0.000531858,998.449,2.72362
0.00595712,1195.83,0.0187736,22.8308,0.000531858,998.449,2.72359
0.00595713,1197.48,0.00685472,22.8308,0.000531858,998.449,2.72357
0.00595713,1197.61,-0.00449939,22.8309,0.000531858,998.449,2.72355
0.00595714,1196.23,-0.0163827,22.8309,0.000531858,998.449,2.72353
0.00595715,1192.86,-0.0292115,22.8311,0.000531858,998.449,2.72351
0.00595715,1185.93,-0.0440507,22.8313,0.000531858,998.45,2.72348
0.00595717,1175.23,-0.0575931,22.8316,0.000531858,998.45,2.72344
0.00595717,1165.12,-0.0654515,22.8318,0.000531858,998.45,2.72342
0.00595718,1155.93,-0.0698888,22.832,0.000531858,998.45,2.7234
0.00595719,1146.58,-0.0722847,22.8322,0.000531858,998.45,2.72338
0.00595719,1136.77,-0.0727268,22.8324,0.000531858,998.45,2.72335
0.0059572,1124.6,-0.0703684,22.8326,0.000531858,998.45,2.72333
0.00595721,1111.55,-0.0638569,22.8328,0.000531858,998.45,2.7233
0.00595722,1098.3,-0.0514473,22.8329,0.000531858,998.451,2.72326
0.00595724,1087.5,-0.0327379,22.8329,0.000531858,998.451,2.72322
0.00595725,1082.96,-0.0172471,22.8328,0.000531858,998.451,2.72319
0.00595725,1081.47,-0.00530192,22.8327,0.000531858,998.451,2.72317
0.00595726,1081.52,0.00583568,22.8325,0.000531858,998.451,2.72315
0.00595726,1083.06,0.0174166,22.8323,0.000531858,998.451,2.72313
0.00595727,1086.74,0.0303084,22.8321,0.000531858,998.451,2.72311
0.00595728,1093.87,0.0446379,22.8317,0.000531858,998.451,2.72308
0.00595729,1104.93,0.0577828,22.8312,0.000531858,998.451,2.72305
0.0059573,1114.95,0.0650051,22.8309,0.000531858,998.451,2.72302
0.00595731,1123.95,0.0689469,22.8305,0.000531858,998.451,2.723
0.00595731,1134.09,0.0710145,22.8302,0.000531858,998.451,2.72298
0.00595732,1143.38,0.0708853,22.8299,0.000531858,998.451,2.72296
0.00595733,1153.71,0.0684717,22.8297,0.000531858,998.451,2.72293
0.00595734,1163.36,0.0638375,22.8294,0.000531858,998.451,2.72291
0.00595734,1172.88,0.0564546,22.8292,0.000531858,998.451,2.72289
0.00595735,1180.63,0.0474993,22.829,0.000531858,998.451,2.72287
0.00595736,1189.06,0.0320955,22.8288,0.000531858,998.451,2.72283
0.00595737,1193.38,0.0176681,22.8288,0.000531858,998.451,2.72281
0.00595738,1194.95,0.00597299,22.8288,0.000531858,998.451,2.72278
0.00595738,1194.99,-0.00510088,22.8288,0.000531858,998.451,2.72277
0.00595739,1193.53,-0.0166343,22.8289,0.000531858,998.451,2.72274
0.0059574,1190.05,-0.0292004,22.829,0.000531858,998.451,2.72272
0.00595741,1183.12,-0.0433582,22.8292,0.000531858,998.451,2.72269
0.00595742,1172.45,-0.0562351,22.8295,0.000531858,998.451,2.72266
0.00595743,1162.71,-0.0633883,22.8297,0.000531858,998.451,2.72263
0.00595743,1153.84,-0.0673712,22.8299,0.000531858,998.451,2.72261
0.00595744,1143.78,-0.0695134,22.8301,0.000531858,998.451,2.72259
0.00595745,1134.57,-0.0694541,22.8303,0.000531858,998.451,2.72257
0.00595746,1121.84,-0.0661641,22.8305,0.000531858,998.452,2.72254
0.00595747,1109.78,-0.0590653,22.8306,0.000531858,998.452,2.72251
0.00595748,1097,-0.0453115,22.8307,0.000531858,998.452,2.72248
0.00595749,1088.76,-0.0292176,22.8307,0.000531858,998.452,2.72244
0.0059575,1085.07,-0.015738,22.8306,0.000531858,998.452,2.72242
0.0059575,1083.77,-0.00469334,22.8304,0.000531858,998.452,2.7224
0.00595751,1083.86,0.00594294,22.8303,0.000531858,998.452,2.72238
0.00595752,1085.36,0.0169094,22.8301,0.000531858,998.452,2.72236
0.00595752,1088.99,0.0294109,22.8298,0.000531858,998.452,2.72234
0.00595753,1094.45,0.0407139,22.8295,0.000531858,998.452,2.72232
0.00595753,1096.11,0.0433547,22.8295,0.000531858,998.452,2.72231
0.00595754,1098.85,0.0471827,22.8293,0.000531858,998.452,2.7223
0.00595754,1100,0.0486166,22.8293,0.000531858,998.452,2.7223
0.00595754,1101.08,0.0498879,22.8292,0.000531858,998.452,2.72229
0.00595754,1101.94,0.0508405,22.8292,0.000531858,998.452,2.72229
0.00595754,1102.8,0.0517613,22.8292,0.000531858,998.452,2.72229
0.00595754,1103.77,0.0527245,22.8291,0.000531858,998.452,2.72229
0.00595754,1104.68,0.053588,22.8291,0.000531858,998.452,2.72228
0.00595754,1105.73,0.054504,22.829,0.000531858,998.452,2.72228
0.00595754,1106.73,0.0553111,22.829,0.000531858,998.452,2.72228
0.00595754,1107.32,0.0557479,22.829,0.000531858,998.452,2.72228
0.00595754,1107.82,0.056104,22.829,0.000531858,998.452,2.72228
0.00595755,1108.32,0.0564366,22.8289,0.000531858,998.452,2.72227
0.00595755,1108.84,0.0567558,22.8289,0.000531858,998.452,2.72227
0.00595755,1109.64,0.0572143,22.8289,0.000531858,998.452,2.72227
0.00595755,1110.94,0.057842,22.8288,0.000531858,998.452,2.72227
0.00595755,1112.22,0.0583171,22.8288,0.000531858,998.452,2.72226
0.00595755,1114.12,0.058741,22.8287,0.000531858,998.452,2.72226
0.00595755,1116.66,0.0587761,22.8286,0.000531858,998.452,2.72225
0.00595755,1118.95,0.0582818,22.8286,0.000531858,998.452,2.72225
0.00595756,1121.63,0.0570897,22.8285,0.000531858,998.452,2.72224
0.00595756,1124.69,0.0549729,22.8284,0.000531858,998.452,2.72223
0.00595756,1127.42,0.0524862,22.8283,0.000531858,998.452,2.72223
0.00595756,1130.43,0.0492565,22.8282,0.000531858,998.452,2.72222
0.00595757,1133,0.0462532,22.8281,0.000531858,998.452,2.72221
0.00595757,1135.22,0.0436193,22.828,0.000531858,998.452,2.7222
0.00595757,1137.27,0.0412834,22.828,0.000531858,998.452,2.72219
0.00595757,1139.23,0.0392399,22.8279,0.000531858,998.452,2.72219
0.00595758,1141.54,0.0372112,22.8278,0.000531858,998.452,2.72218
0.00595758,1143.71,0.0357333,22.8278,0.000531858,998.452,2.72217
0.00595758,1145.09,0.035017,22.8277,0.000531858,998.452,2.72216
0.00595758,1145.54,0.0348177,22.8277,0.000531858,998.452,2.72216
0.00595758,1145.81,0.0347086,22.8277,0.000531858,998.452,2.72216
0.00595758,1146,0.0346315,22.8277,0.000531858,998.452,2.72216
0.00595758,1146.16,0.0345692,22.8277,0.000531858,998.452,2.72216
0.00595758,1146.37,0.0344901,22.8277,0.000531858,998.452,2.72216
0.00595758,1146.57,0.0344114,22.8277,0.000531858,998.452,2.72216
0.00595758,1146.87,0.0342971,22.8277,0.000531858,998.452,2.72216
0.00595759,1147.06,0.0342207,22.8277,0.000531858,998.452,2.72216
0.00595759,1147.29,0.034127,22.8277,0.000531858,998.452,2.72215
0.00595759,1147.58,0.0340019,22.8276,0.000531858,998.452,2.72215
0.00595759,1148.09,0.0337768,22.8276,0.000531858,998.452,2.72215
0.00595759,1148.94,0.0333706,22.8276,0.000531858,998.452,2.72215
0.00595759,1150,0.0328157,22.8276,0.000531858,998.452,2.72214
0.00595759,1151.85,0.0316849,22.8275,0.000531858,998.452,2.72213
0.00595759,1153.51,0.030494,22.8275,0.000531858,998.452,2.72213
0.0059576,1154.9,0.0293406,22.8274,0.000531858,998.452,2.72212
0.0059576,1156.04,0.0282894,22.8274,0.000531858,998.452,2.72211
0.0059576,1156.96,0.0273562,22.8274,0.000531858,998.452,2.72211
0.0059576,1157.77,0.0264763,22.8274,0.000531858,998.452,2.7221
0.0059576,1158.56,0.025531,22.8273,0.000531858,998.452,2.7221
0.00595761,1159.34,0.0245476,22.8273,0.000531858,998.452,2.7221
0.00595761,1160.41,0.0230464,22.8273,0.000531858,998.452,2.72209
0.00595761,1161.51,0.0213042,22.8273,0.000531858,998.452,2.72208
0.00595761,1162.81,0.0189267,22.8272,0.000531858,998.452,2.72207
0.00595762,1164.04,0.0162034,22.8272,0.000531858,998.452,2.72206
0.00595762,1165.27,0.0127444,22.8272,0.000531858,998.452,2.72205
0.00595763,1166.28,0.00876274,22.8271,0.000531858,998.452,2.72204
0.00595763,1166.99,0.00384263,22.8271,0.000531858,998.452,2.72202
0.00595764,1167.11,-0.00186609,22.8271,0.000531858,998.452,2.722
0.00595764,1166.49,-0.0076291,22.8271,0.000531858,998.452,2.72198
0.00595765,1164.82,-0.0140309,22.8272,0.000531858,998.452,2.72196
0.00595766,1161.48,-0.0211847,22.8272,0.000531858,998.452,2.72193
0.00595767,1156.26,-0.0277774,22.8273,0.000531858,998.452,2.7219
0.00595768,1150.92,-0.0318253,22.8274,0.000531858,998.453,2.72187
0.00595769,1146.25,-0.0339217,22.8275,0.000531858,998.453,2.72185
0.00595769,1141.58,-0.0349374,22.8275,0.000531858,998.453,2.72183
0.0059577,1136.61,-0.0349362,22.8276,0.000531858,998.453,2.72181
0.00595771,1131.56,-0.0337884,22.8276,0.000531858,998.453,2.72179
0.00595772,1125.24,-0.0305137,22.8277,0.000531858,998.453,2.72176
0.00595773,1119.4,-0.0250261,22.8277,0.000531858,998.453,2.72173
0.00595774,1114.07,-0.0159853,22.8276,0.000531858,998.453,2.7217
0.00595775,1111.82,-0.00844489,22.8275,0.000531858,998.453,2.72167
0.00595776,1111.08,-0.00271956,22.8274,0.000531858,998.453,2.72165
0.00595776,1111.08,0.00255749,22.8273,0.000531858,998.453,2.72163
0.00595777,1111.78,0.00805757,22.8272,0.000531858,998.453,2.72162
0.00595778,1113.42,0.0140188,22.827,0.000531858,998.453,2.72159
0.00595778,1114.44,0.0165251,22.827,0.000531858,998.453,2.72159
0.00595778,1115.2,0.0181087,22.8269,0.000531858,998.453,2.72158
0.00595779,1115.85,0.0193127,22.8269,0.000531858,998.453,2.72157
0.00595779,1116.37,0.020209,22.8268,0.000531858,998.453,2.72157
0.00595779,1116.86,0.0209745,22.8268,0.000531858,998.453,2.72157
0.00595779,1117.36,0.0217118,22.8268,0.000531858,998.453,2.72156
0.00595779,1117.9,0.0224454,22.8268,0.000531858,998.453,2.72156
0.00595779,1118.38,0.0230455,22.8267,0.000531858,998.453,2.72156
0.00595779,1118.97,0.0237202,22.8267,0.000531858,998.453,2.72155
0.00595779,1119.53,0.0242783,22.8267,0.000531858,998.453,2.72155
0.00595779,1119.82,0.0245457,22.8267,0.000531858,998.453,2.72155
0.00595779,1120.08,0.0247619,22.8266,0.000531858,998.453,2.72155
0.0059578,1120.35,0.0249723,22.8266,0.000531858,998.453,2.72155
0.0059578,1120.62,0.0251658,22.8266,0.000531858,998.453,2.72154
0.0059578,1121.09,0.0254646,22.8266,0.000531858,998.453,2.72154
0.0059578,1121.86,0.0258249,22.8265,0.000531858,998.453,2.72154
0.0059578,1122.63,0.0260309,22.8265,0.000531858,998.453,2.72153
0.0059578,1123.64,0.0260567,22.8265,0.000531858,998.453,2.72153
0.0059578,1124.78,0.0257473,22.8264,0.000531858,998.453,2.72152
0.00595781,1126.15,0.0248912,22.8263,0.000531858,998.453,2.72151
0.00595781,1127.53,0.0234933,22.8263,0.000531858,998.453,2.72151
0.00595781,1128.84,0.0216978,22.8262,0.000531858,998.453,2.7215
0.00595781,1130.12,0.0195274,22.8262,0.000531858,998.453,2.72149
0.00595782,1131.34,0.0171573,22.8261,0.000531858,998.453,2.72148
0.00595782,1132.59,0.0146016,22.826,0.000531858,998.453,2.72147
0.00595783,1133.68,0.0124556,22.826,0.000531858,998.453,2.72146
0.00595783,1134.52,0.011064,22.8259,0.000531858,998.453,2.72145
0.00595783,1135.19,0.0102479,22.8259,0.000531858,998.453,2.72144
0.00595784,1135.73,0.00982495,22.8259,0.000531858,998.453,2.72143
0.00595784,1136.16,0.00964626,22.8258,0.000531858,998.453,2.72143
0.00595784,1136.47,0.00960165,22.8258,0.000531858,998.454,2.72142
0.00595784,1136.6,0.00960122,22.8258,0.000531858,998.454,2.72142
0.00595784,1136.7,0.00960753,22.8258,0.000531858,998.454,2.72142
0.00595784,1136.8,0.00961654,22.8258,0.000531858,998.454,2.72142
0.00595784,1136.92,0.00963192,22.8258,0.000531858,998.454,2.72142
0.00595784,1137.05,0.00964745,22.8258,0.000531858,998.454,2.72141
0.00595784,1137.17,0.00966283,22.8258,0.000531858,998.454,2.72141
0.00595784,1137.3,0.0096758,22.8258,0.000531858,998.454,2.72141
0.00595784,1137.44,0.00968834,22.8258,0.000531858,998.454,2.72141
0.00595784,1137.61,0.00969856,22.8257,0.000531858,998.454,2.72141
0.00595785,1137.94,0.00970591,22.8257,0.000531858,998.454,2.7214
0.00595785,1138.39,0.00968767,22.8257,0.000531858,998.454,2.72139
0.00595785,1138.83,0.00963736,22.8257,0.000531858,998.454,2.72139
0.00595785,1139.21,0.00956946,22.8256,0.000531858,998.454,2.72138
0.00595785,1139.5,0.00949926,22.8256,0.000531858,998.454,2.72138
0.00595786,1139.78,0.00941852,22.8256,0.000531858,998.454,2.72137
0.00595786,1140.06,0.00932203,22.8256,0.000531858,998.454,2.72137
0.00595786,1140.39,0.00919208,22.8256,0.000531858,998.454,2.72137
0.00595786,1140.82,0.00899416,22.8255,0.000531858,998.454,2.72136
0.00595786,1141.29,0.00872706,22.8255,0.000531858,998.454,2.72135
0.00595787,1141.85,0.00835249,22.8255,0.000531858,998.454,2.72134
0.00595787,1142.44,0.00786887,22.8254,0.000531858,998.454,2.72133
0.00595788,1143.08,0.00722569,22.8254,0.000531858,998.454,2.72132
0.00595788,1143.73,0.00640642,22.8254,0.000531858,998.454,2.72131
0.00595789,1144.39,0.00533179,22.8253,0.000531858,998.454,2.72129
0.00595789,1145.01,0.00394597,22.8252,0.000531858,998.454,2.72127
0.0059579,1145.5,0.00209911,22.8252,0.000531858,998.454,2.72125
0.00595791,1145.68,0.000534322,22.8251,0.000531858,998.454,2.72123
0.00595791,1145.64,-0.00100199,22.8251,0.000531858,998.454,2.72122
0.00595792,1145.4,-0.00255572,22.825,0.000531858,998.454,2.7212
0.00595793,1144.82,-0.00434182,22.825,0.000531858,998.454,2.72117
0.00595794,1143.79,-0.00618384,22.8249,0.000531858,998.454,2.72115
0.00595795,1142.18,-0.00785407,22.8249,0.000531858,998.454,2.72112
0.00595796,1140.56,-0.00878191,22.8248,0.000531858,998.454,2.72109
0.00595797,1139.06,-0.00917183,22.8248,0.000531858,998.454,2.72107
0.00595798,1137.57,-0.00918369,22.8248,0.000531858,998.454,2.72104
0.00595798,1136.07,-0.00882173,22.8247,0.000531858,998.454,2.72102
0.00595799,1134.66,-0.00811136,22.8247,0.000531858,998.454,2.721
0.005958,1133.32,-0.00702092,22.8246,0.000531858,998.454,2.72098
0.005958,1132.8,-0.00645393,22.8246,0.000531858,998.454,2.72097
0.00595801,1132.47,-0.00605052,22.8246,0.000531858,998.454,2.72096
0.00595801,1132.2,-0.00569528,22.8245,0.000531858,998.454,2.72095
0.00595801,1131.96,-0.00535089,22.8245,0.000531858,998.454,2.72095
0.00595801,1131.75,-0.00504104,22.8245,0.000531858,998.454,2.72094
0.00595802,1131.57,-0.00477668,22.8245,0.000531858,998.454,2.72094
0.00595802,1131.42,-0.00455028,22.8245,0.000531858,998.454,2.72093
0.00595802,1131.24,-0.00431431,22.8245,0.000531858,998.454,2.72093
0.00595802,1131.12,-0.00417284,22.8244,0.000531858,998.455,2.72092
0.00595802,1131.01,-0.00406373,22.8244,0.000531858,998.455,2.72092
0.00595802,1130.89,-0.00398105,22.8244,0.000531858,998.455,2.72092
0.00595803,1130.74,-0.00393714,22.8244,0.000531858,998.455,2.72091
0.00595803,1130.54,-0.00400006,22.8244,0.000531858,998.455,2.7209
0.00595803,1130.33,-0.0042159,22.8244,0.000531858,998.455,2.7209
0.00595803,1130.06,-0.00467209,22.8243,0.000531858,998.455,2.72089
0.00595804,1129.66,-0.00552377,22.8243,0.000531858,998.455,2.72088
0.00595804,1129.24,-0.0064929,22.8243,0.000531858,998.455,2.72087
0.00595804,1128.65,-0.00776934,22.8242,0.000531858,998.455,2.72086
0.00595805,1127.95,-0.00904537,22.8242,0.000531858,998.455,2.72085
0.00595805,1126.94,-0.0104623,22.8242,0.000531858,998.455,2.72084
0.00595806,1125.79,-0.0115299,22.8242,0.000531858,998.455,2.72082
0.00595806,1124.67,-0.0121349,22.8241,0.000531858,998.455,2.72081
0.00595807,1123.5,-0.0124163,22.8241,0.000531858,998.455,2.7208
0.00595807,1122.36,-0.0124411,22.8241,0.000531858,998.455,2.72078
0.00595808,1121.1,-0.0123103,22.8241,0.000531858,998.455,2.72077
0.00595808,1119.81,-0.0121518,22.824,0.000531858,998.455,2.72076
0.00595809,1118.29,-0.012131,22.824,0.000531858,998.455,2.72074
0.0059581,1116.75,-0.0124253,22.8239,0.000531858,998.455,2.72073
0.0059581,1115.26,-0.0130161,22.8239,0.000531858,998.455,2.72071
0.00595811,1113.41,-0.0139936,22.8239,0.000531858,998.455,2.72069
0.00595811,1111.37,-0.0151213,22.8238,0.000531858,998.455,2.72068
0.00595812,1108.9,-0.0162716,22.8238,0.000531858,998.455,2.72066
0.00595813,1105.75,-0.0172722,22.8237,0.000531858,998.455,2.72063
0.00595814,1102.78,-0.0178302,22.8237,0.000531858,998.455,2.72061
0.00595815,1100.66,-0.0180913,22.8237,0.000531858,998.455,2.72059
0.00595815,1098.6,-0.0183154,22.8236,0.000531858,998.455,2.72058
0.00595816,1096.55,-0.018574,22.8236,0.000531858,998.455,2.72057
0.00595816,1093.94,-0.019001,22.8236,0.000531858,998.456,2.72055
0.00595817,1089.78,-0.0198558,22.8235,0.000531858,998.456,2.72052
0.00595819,1084.73,-0.0209236,22.8235,0.000531858,998.456,2.72049
0.0059582,1079.47,-0.0218606,22.8234,0.000531858,998.456,2.72046
0.00595821,1072.07,-0.0228514,22.8233,0.000531858,998.456,2.72042
0.00595823,1062.55,-0.0238656,22.8232,0.000531858,998.456,2.72037
0.00595825,1052.62,-0.0248089,22.8231,0.000531858,998.456,2.72032
0.00595827,1042.32,-0.0256521,22.823,0.000531858,998.456,2.72027
0.00595829,1031.71,-0.0263179,22.823,0.000531858,998.457,2.72022
0.00595831,1020.87,-0.0267834,22.8229,0.000531858,998.457,2.72017
0.00595833,1009.88,-0.0270651,22.8228,0.000531858,998.457,2.72012
0.00595835,998.796,-0.0271749,22.8227,0.000531858,998.457,2.72007
0.00595837,987.702,-0.0271097,22.8226,0.000531858,998.457,2.72002
0.00595839,976.67,-0.0268647,22.8225,0.000531858,998.458,2.71998
0.00595841,965.771,-0.0264403,22.8224,0.000531858,998.458,2.71993
0.00595843,955.08,-0.0258408,22.8223,0.000531858,998.458,2.71988
0.00595845,944.666,-0.0250712,22.8223,0.000531858,998.458,2.71983
0.00595847,934.598,-0.0241363,22.8222,0.000531858,998.458,2.71979
0.00595849,924.944,-0.0230418,22.8221,0.000531858,998.459,2.71974
0.00595851,915.768,-0.021795,22.822,0.000531858,998.459,2.7197
0.00595853,907.13,-0.0204041,22.8219,0.000531858,998.459,2.71965
0.00595855,899.088,-0.0188784,22.8218,0.000531858,998.459,2.71961
0.00595857,891.696,-0.0172279,22.8217,0.000531858,998.459,2.71956
0.00595859,885.002,-0.0154636,22.8217,0.000531858,998.459,2.71952
0.00595861,879.052,-0.0135971,22.8216,0.000531858,998.459,2.71947
0.00595863,873.883,-0.0116407,22.8215,0.000531858,998.46,2.71943
0.00595865,869.532,-0.00960755,22.8214,0.000531858,998.46,2.71938
0.00595867,866.027,-0.00751098,22.8213,0.000531858,998.46,2.71934
0.00595869,863.39,-0.00536493,22.8213,0.000531858,998.46,2.7193
0.00595871,861.64,-0.00318361,22.8212,0.000531858,998.46,2.71926
0.00595873,860.788,-0.000981507,22.8211,0.000531858,998.46,2.71921
0.00595875,860.84,0.00122681,22.821,0.000531858,998.46,2.71917
0.00595877,861.794,0.00342674,22.8209,0.000531858,998.46,2.71913
0.00595879,863.646,0.00560366,22.8209,0.000531858,998.461,2.71909
0.00595881,866.381,0.00774314,22.8208,0.000531858,998.461,2.71905
0.00595883,869.982,0.00983102,22.8207,0.000531858,998.461,2.71901
0.00595885,874.425,0.0118535,22.8206,0.000531858,998.461,2.71897
0.00595887,879.68,0.0137972,22.8205,0.000531858,998.461,2.71893
0.00595889,885.712,0.0156492,22.8205,0.000531858,998.461,2.71889
0.00595891,892.48,0.0173974,22.8204,0.000531858,998.461,2.71885
0.00595893,899.94,0.0190302,22.8203,0.000531858,998.461,2.71881
0.00595895,908.041,0.0205368,22.8202,0.000531858,998.461,2.71877
0.00595897,916.73,0.0219073,22.8201,0.000531858,998.461,2.71873
0.00595899,925.949,0.0231328,22.8201,0.000531858,998.461,2.71869
0.00595901,935.636,0.0242051,22.82,0.000531858,998.461,2.71866
0.00595903,945.727,0.0251174,22.8199,0.000531858,998.461,2.71862
0.00595905,956.156,0.0258636,22.8198,0.000531858,998.461,2.71858
0.00595907,966.852,0.026439,22.8197,0.000531858,998.461,2.71855
0.00595909,977.744,0.0268399,22.8197,0.000531858,998.461,2.71851
0.00595911,988.762,0.0270638,22.8196,0.000531858,998.461,2.71847
0.00595913,999.831,0.0271094,22.8195,0.000531858,998.461,2.71844
0.00595915,1010.88,0.0269766,22.8194,0.000531858,998.461,2.7184
0.00595917,1021.83,0.0266664,22.8193,0.000531858,998.461,2.71837
0.00595919,1032.62,0.0261812,22.8192,0.000531858,998.461,2.71833
0.00595921,1043.17,0.0255244,22.8192,0.000531858,998.461,2.7183
0.00595923,1053.41,0.0247005,22.8191,0.000531858,998.461,2.71827
0.00595925,1063.28,0.0237154,22.819,0.000531858,998.462,2.71823
0.00595927,1072.72,0.0225759,22.8189,0.000531858,998.462,2.7182
0.00595929,1081.65,0.0212899,22.8188,0.000531858,998.462,2.71817
0.00595931,1090.03,0.0198663,22.8187,0.000531858,998.462,2.71813
0.00595933,1097.8,0.0183151,22.8186,0.000531858,998.462,2.7181
0.00595935,1104.91,0.0166471,22.8186,0.000531858,998.462,2.71807
0.00595937,1111.32,0.0148741,22.8185,0.000531858,998.462,2.71804
0.00595939,1116.98,0.0130084,22.8184,0.000531858,998.462,2.71801
0.00595941,1121.87,0.011063,22.8183,0.000531858,998.462,2.71798
0.00595942,1122.8,0.0106426,22.8183,0.000531858,998.462,2.71797
0.00595942,1123.64,0.010249,22.8183,0.000531858,998.462,2.71797
0.00595943,1124.79,0.0096725,22.8182,0.000531858,998.462,2.71796
0.00595943,1125.35,0.00937831,22.8182,0.000531858,998.462,2.71795
0.00595944,1126.19,0.0089176,22.8182,0.000531858,998.462,2.71795
0.00595944,1126.92,0.00849168,22.8182,0.000531858,998.462,2.71794
0.00595945,1128.28,0.00763362,22.8181,0.000531858,998.462,2.71793
0.00595946,1129.76,0.00656333,22.8181,0.000531858,998.462,2.71791
0.00595948,1131.84,0.00464301,22.818,0.000531858,998.462,2.71788
0.00595949,1133.1,0.00292932,22.8179,0.000531858,998.462,2.71786
0.00595951,1133.77,0.00130604,22.8179,0.000531858,998.462,2.71784
0.00595953,1133.91,-0.000449562,22.8178,0.000531858,998.462,2.71781
0.00595954,1133.48,-0.00216305,22.8177,0.000531858,998.463,2.71779
0.00595956,1132.17,-0.00423977,22.8176,0.000531858,998.463,2.71776
0.00595958,1130.03,-0.0063021,22.8175,0.000531858,998.463,2.71774
0.0059596,1127.06,-0.00833807,22.8174,0.000531858,998.463,2.71771
0.00595962,1123.26,-0.0103303,22.8173,0.000531858,998.463,2.71768
0.00595964,1118.67,-0.0122605,22.8173,0.000531858,998.463,2.71765
0.00595966,1113.31,-0.014113,22.8172,0.000531858,998.463,2.71763
0.00595968,1107.21,-0.0158749,22.8171,0.000531858,998.463,2.7176
0.0059597,1101.83,-0.0172123,22.817,0.000531858,998.464,2.71758
0.00595971,1098.45,-0.0179687,22.817,0.000531858,998.464,2.71757
0.00595971,1095.64,-0.0185546,22.8169,0.000531858,998.464,2.71756
0.00595972,1092.12,-0.0192431,22.8169,0.000531858,998.464,2.71755
0.00595973,1087.99,-0.019991,22.8168,0.000531858,998.464,2.71754
0.00595975,1082.12,-0.0209549,22.8168,0.000531858,998.464,2.71752
0.00595977,1074.58,-0.0220478,22.8167,0.000531858,998.464,2.7175
0.00595978,1067.31,-0.0229687,22.8166,0.000531858,998.464,2.71748
0.0059598,1059.62,-0.0238158,22.8165,0.000531858,998.464,2.71746
0.00595982,1049.71,-0.0247349,22.8165,0.000531858,998.465,2.71743
0.00595984,1039.46,-0.0254986,22.8164,0.000531858,998.465,2.71741
0.00595986,1028.93,-0.0260978,22.8163,0.000531858,998.465,2.71739
0.00595988,1018.19,-0.0265254,22.8162,0.000531858,998.465,2.71737
0.0059599,1007.3,-0.026777,22.8161,0.000531858,998.465,2.71734
0.00595992,996.343,-0.0268504,22.816,0.000531858,998.466,2.71732
0.00595994,985.391,-0.0267456,22.8159,0.000531858,998.466,2.7173
0.00595996,974.514,-0.0264634,22.8158,0.000531858,998.466,2.71728
0.00595998,963.786,-0.0260062,22.8158,0.000531858,998.466,2.71726
0.00596,953.277,-0.0253769,22.8157,0.000531858,998.466,2.71724
0.00596002,943.058,-0.02458,22.8156,0.000531858,998.466,2.71722
0.00596004,933.197,-0.0236205,22.8155,0.000531858,998.467,2.7172
0.00596006,923.758,-0.022505,22.8154,0.000531858,998.467,2.71718
0.00596008,914.805,-0.0212408,22.8153,0.000531858,998.467,2.71716
0.0059601,906.397,-0.0198361,22.8152,0.000531858,998.467,2.71714
0.00596012,898.589,-0.0183004,22.8152,0.000531858,998.467,2.71712
0.00596014,891.435,-0.0166436,22.8151,0.000531858,998.467,2.71711
0.00596016,884.981,-0.0148769,22.815,0.000531858,998.468,2.71709
0.00596018,879.27,-0.0130119,22.8149,0.000531858,998.468,2.71707
0.0059602,874.341,-0.0110609,22.8148,0.000531858,998.468,2.71706
0.00596022,870.225,-0.00903694,22.8148,0.000531858,998.468,2.71704
0.00596024,866.951,-0.00695334,22.8147,0.000531858,998.468,2.71702
0.00596026,864.539,-0.00482395,22.8146,0.000531858,998.468,2.71701
0.00596028,863.007,-0.00266288,22.8145,0.000531858,998.468,2.71699
0.0059603,862.363,-0.000484478,22.8144,0.000531858,998.468,2.71698
0.00596032,862.613,0.00169686,22.8144,0.000531858,998.469,2.71696
0.00596034,863.754,0.0038667,22.8143,0.000531858,998.469,2.71695
0.00596036,865.779,0.00601062,22.8142,0.000531858,998.469,2.71693
0.00596038,868.673,0.00811441,22.8141,0.000531858,998.469,2.71692
0.0059604,872.419,0.0101641,22.814,0.000531858,998.469,2.71691
0.00596042,876.99,0.0121463,22.814,0.000531858,998.469,2.7169
0.00596044,882.356,0.0140477,22.8139,0.000531858,998.469,2.71688
0.00596046,888.481,0.0158559,22.8138,0.000531858,998.469,2.71687
0.00596048,895.324,0.0175588,22.8137,0.000531858,998.469,2.71686
0.0059605,902.84,0.0191452,22.8136,0.000531858,998.469,2.71685
0.00596052,910.978,0.0206048,22.8136,0.000531858,998.469,2.71684
0.00596054,919.685,0.0219279,22.8135,0.000531858,998.469,2.71683
0.00596056,928.902,0.0231057,22.8134,0.000531858,998.469,2.71682
0.00596058,938.568,0.0241307,22.8133,0.000531858,998.469,2.71681
0.0059606,948.618,0.0249961,22.8132,0.000531858,998.469,2.7168
0.00596062,958.987,0.0256963,22.8131,0.000531858,998.469,2.71679
0.00596064,969.605,0.0262268,22.8131,0.000531858,998.469,2.71678
0.00596066,980.401,0.0265843,22.813,0.000531858,998.47,2.71677
0.00596068,991.305,0.0267664,22.8129,0.000531858,998.47,2.71676
0.0059607,1002.24,0.0267723,22.8128,0.000531858,998.47,2.71676
0.00596072,1013.14,0.026602,22.8127,0.000531858,998.47,2.71675
0.00596074,1023.94,0.0262568,22.8127,0.000531858,998.47,2.71674
0.00596076,1034.55,0.0257393,22.8126,0.000531858,998.47,2.71673
0.00596078,1044.91,0.0250531,22.8125,0.000531858,998.47,2.71673
0.0059608,1054.96,0.0242029,22.8124,0.000531858,998.47,2.71672
0.00596082,1064.62,0.0231948,22.8123,0.000531858,998.47,2.71672
0.00596084,1073.84,0.0220356,22.8122,0.000531858,998.47,2.71671
0.00596086,1082.55,0.0207333,22.8121,0.000531858,998.47,2.71671
0.00596088,1090.7,0.0192968,22.8121,0.000531858,998.47,2.7167
0.0059609,1098.23,0.017736,22.812,0.000531858,998.47,2.7167
0.00596092,1105.1,0.0160616,22.8119,0.000531858,998.47,2.7167
0.00596094,1111.27,0.0142843,22.8118,0.000531858,998.47,2.71669
0.00596094,1112.55,0.0138747,22.8118,0.000531858,998.47,2.71669
0.00596094,1113.43,0.0135829,22.8118,0.000531858,998.47,2.71669
0.00596095,1114.1,0.0133561,22.8118,0.000531858,998.47,2.71669
0.00596095,1115.08,0.0130128,22.8117,0.000531858,998.47,2.71669
0.00596095,1115.92,0.0127079,22.8117,0.000531858,998.47,2.71669
0.00596096,1116.56,0.0124681,22.8117,0.000531858,998.47,2.71669
0.00596096,1117.21,0.0122186,22.8117,0.000531858,998.47,2.71669
0.00596096,1118.01,0.0119023,22.8117,0.000531858,998.47,2.71669
0.00596097,1119.55,0.0112627,22.8117,0.000531858,998.47,2.71669
0.00596098,1120.98,0.0106265,22.8116,0.000531858,998.47,2.71669
0.00596099,1123.27,0.00950385,22.8116,0.000531858,998.47,2.71669
0.00596101,1126.72,0.00747398,22.8115,0.000531858,998.47,2.71668
0.00596103,1129.34,0.00541959,22.8114,0.000531858,998.47,2.71668
0.00596105,1131.12,0.00334969,22.8113,0.000531858,998.47,2.71668
0.00596107,1132.06,0.00127515,22.8112,0.000531858,998.471,2.71668
0.00596109,1132.16,-0.000794715,22.8111,0.000531858,998.471,2.71668
0.00596111,1131.41,-0.00285487,22.811,0.000531858,998.471,2.71668
0.00596113,1129.84,-0.00490241,22.8109,0.000531858,998.471,2.71668
0.00596115,1127.43,-0.00693078,22.8109,0.000531858,998.471,2.71668
0.00596117,1124.21,-0.00892645,22.8108,0.000531858,998.471,2.71668
0.00596119,1120.19,-0.0108717,22.8107,0.000531858,998.471,2.71668
0.00596121,1115.38,-0.0127496,22.8106,0.000531858,998.471,2.71668
0.00596123,1109.83,-0.0145463,22.8105,0.000531858,998.472,2.71669
0.00596125,1103.57,-0.0162495,22.8104,0.000531858,998.472,2.71669
0.00596127,1096.63,-0.0178477,22.8103,0.000531858,998.472,2.71669
0.00596128,1091.63,-0.0188533,22.8102,0.000531858,998.472,2.71669
0.00596129,1088.56,-0.0194208,22.8102,0.000531858,998.472,2.7167
0.0059613,1085.28,-0.0199875,22.8102,0.000531858,998.472,2.7167
0.00596131,1081.37,-0.0206183,22.8101,0.000531858,998.472,2.7167
0.00596132,1077.05,-0.0212604,22.8101,0.000531858,998.472,2.7167
0.00596133,1070.25,-0.0221719,22.81,0.000531858,998.472,2.7167
0.00596134,1063.89,-0.0229253,22.8099,0.000531858,998.473,2.71671
0.00596136,1056.32,-0.0237113,22.8099,0.000531858,998.473,2.71671
0.00596138,1048.22,-0.0244301,22.8098,0.000531858,998.473,2.71671
0.0059614,1038.54,-0.0251366,22.8097,0.000531858,998.473,2.71672
0.00596142,1028.16,-0.0257204,22.8096,0.000531858,998.473,2.71672
0.00596144,1017.57,-0.0261379,22.8095,0.000531858,998.473,2.71673
0.00596146,1006.84,-0.0263829,22.8095,0.000531858,998.474,2.71674
0.00596148,996.047,-0.0264523,22.8094,0.000531858,998.474,2.71674
0.0059615,985.257,-0.0263453,22.8093,0.000531858,998.474,2.71675
0.00596152,974.544,-0.0260632,22.8092,0.000531858,998.474,2.71676
0.00596154,963.979,-0.0256081,22.8091,0.000531858,998.474,2.71677
0.00596156,953.633,-0.0249835,22.809,0.000531858,998.474,2.71677
0.00596158,943.573,-0.0241936,22.8089,0.000531858,998.475,2.71678
0.0059616,933.868,-0.0232437,22.8089,0.000531858,998.475,2.71679
0.00596162,924.581,-0.0221401,22.8088,0.000531858,998.475,2.7168
0.00596164,915.775,-0.0208902,22.8087,0.000531858,998.475,2.71681
0.00596166,907.507,-0.0195022,22.8086,0.000531858,998.475,2.71682
0.00596168,899.833,-0.0179853,22.8085,0.000531858,998.475,2.71683
0.0059617,892.803,-0.0163495,22.8084,0.000531858,998.476,2.71684
0.00596172,886.465,-0.0146057,22.8084,0.000531858,998.476,2.71685
0.00596174,880.86,-0.0127654,22.8083,0.000531858,998.476,2.71686
0.00596176,876.027,-0.0108407,22.8082,0.000531858,998.476,2.71688
0.00596178,871.996,-0.0088445,22.8081,0.000531858,998.476,2.71689
0.0059618,868.794,-0.00678994,22.808,0.000531858,998.476,2.7169
0.00596182,866.444,-0.00469067,22.8079,0.000531858,998.476,2.71691
0.00596184,864.959,-0.00256059,22.8079,0.000531858,998.477,2.71693
0.00596186,864.351,-0.000413858,22.8078,0.000531858,998.477,2.71694
0.00596188,864.623,0.00173535,22.8077,0.000531858,998.477,2.71695
0.0059619,865.773,0.00387281,22.8076,0.000531858,998.477,2.71697
0.00596192,867.794,0.00598432,22.8075,0.000531858,998.477,2.71698
0.00596194,870.671,0.00805588,22.8075,0.000531858,998.477,2.717
0.00596196,874.386,0.0100738,22.8074,0.000531858,998.477,2.71701
0.00596198,878.913,0.0120247,22.8073,0.000531858,998.477,2.71703
0.005962,884.223,0.0138957,22.8072,0.000531858,998.477,2.71705
0.00596202,890.279,0.0156745,22.8071,0.000531858,998.477,2.71706
0.00596204,897.042,0.0173492,22.8071,0.000531858,998.477,2.71708
0.00596206,904.467,0.0189089,22.807,0.000531858,998.477,2.7171
0.00596208,912.503,0.0203433,22.8069,0.000531858,998.477,2.71711
0.0059621,921.098,0.0216429,22.8068,0.000531858,998.477,2.71713
0.00596212,930.193,0.0227993,22.8067,0.000531858,998.478,2.71715
0.00596214,939.73,0.0238047,22.8067,0.000531858,998.478,2.71717
0.00596216,949.643,0.0246528,22.8066,0.000531858,998.478,2.71719
0.00596218,959.868,0.025338,22.8065,0.000531858,998.478,2.71721
0.0059622,970.336,0.0258558,22.8064,0.000531858,998.478,2.71723
0.00596222,980.979,0.0262031,22.8063,0.000531858,998.478,2.71725
0.00596224,991.725,0.0263775,22.8063,0.000531858,998.478,2.71727
0.00596226,1002.5,0.0263783,22.8062,0.000531858,998.478,2.71729
0.00596228,1013.24,0.0262055,22.8061,0.000531858,998.478,2.71731
0.0059623,1023.87,0.0258604,22.806,0.000531858,998.478,2.71733
0.00596232,1034.33,0.0253455,22.8059,0.000531858,998.478,2.71736
0.00596234,1044.53,0.0246646,22.8058,0.000531858,998.478,2.71738
0.00596236,1054.42,0.0238222,22.8058,0.000531858,998.478,2.7174
0.00596238,1063.93,0.0228242,22.8057,0.000531858,998.478,2.71742
0.0059624,1072.99,0.0216774,22.8056,0.000531858,998.478,2.71745
0.00596242,1081.56,0.0203896,22.8055,0.000531858,998.478,2.71747
0.00596244,1089.57,0.0189695,22.8054,0.000531858,998.478,2.7175
0.00596246,1096.98,0.0174266,22.8053,0.000531858,998.478,2.71752
0.00596248,1103.73,0.0157705,22.8052,0.000531858,998.478,2.71755
0.00596248,1105.17,0.0153805,22.8052,0.000531858,998.478,2.71755
0.00596248,1106.14,0.0151072,22.8052,0.000531858,998.478,2.71755
0.00596249,1106.84,0.0149059,22.8052,0.000531858,998.478,2.71756
0.00596249,1107.77,0.0146316,22.8052,0.000531858,998.478,2.71756
0.00596249,1109.03,0.0142477,22.8052,0.000531858,998.478,2.71757
0.0059625,1109.68,0.0140431,22.8052,0.000531858,998.478,2.71757
0.0059625,1110.71,0.0137123,22.8051,0.000531858,998.478,2.71757
0.0059625,1111.7,0.0133809,22.8051,0.000531858,998.478,2.71758
0.00596251,1113.6,0.0127089,22.8051,0.000531858,998.478,2.71759
0.00596252,1115.95,0.0118125,22.805,0.000531858,998.478,2.7176
0.00596254,1119.68,0.0102013,22.805,0.000531858,998.478,2.71762
0.00596256,1123.42,0.00822562,22.8049,0.000531858,998.478,2.71765
0.00596258,1126.36,0.00621431,22.8048,0.000531858,998.478,2.71768
0.0059626,1128.47,0.00417813,22.8047,0.000531858,998.479,2.7177
0.00596262,1129.75,0.00213086,22.8046,0.000531858,998.479,2.71773
0.00596264,1130.19,8.42574e-05,22.8045,0.000531858,998.479,2.71776
0.00596266,1129.81,-0.00195464,22.8044,0.000531858,998.479,2.71779
0.00596268,1128.61,-0.00398169,22.8043,0.000531858,998.479,2.71782
0.0059627,1126.58,-0.00599098,22.8042,0.000531858,998.479,2.71784
0.00596272,1123.74,-0.00797094,22.8042,0.000531858,998.479,2.71787
0.00596274,1120.11,-0.00990722,22.8041,0.000531858,998.479,2.7179
0.00596276,1115.7,-0.0117843,22.804,0.000531858,998.48,2.71793
0.00596278,1110.54,-0.0135874,22.8039,0.000531858,998.48,2.71796
0.0059628,1104.66,-0.0153036,22.8038,0.000531858,998.48,2.71799
0.00596282,1098.11,-0.0169207,22.8037,0.000531858,998.48,2.71803
0.00596284,1090.91,-0.0184275,22.8036,0.000531858,998.48,2.71806
0.00596285,1085.16,-0.019474,22.8035,0.000531858,998.48,2.71808
0.00596286,1081.61,-0.0200583,22.8035,0.000531858,998.48,2.71809
0.00596287,1078.69,-0.02051,22.8035,0.000531858,998.48,2.71811
0.00596288,1075.06,-0.0210371,22.8034,0.000531858,998.48,2.71812
0.00596289,1070.78,-0.0216103,22.8034,0.000531858,998.481,2.71814
0.0059629,1064.93,-0.022323,22.8033,0.000531858,998.481,2.71816
0.00596291,1058.32,-0.0230354,22.8033,0.000531858,998.481,2.71818
0.00596293,1052.02,-0.0236336,22.8032,0.000531858,998.481,2.7182
0.00596294,1043.55,-0.0243214,22.8031,0.000531858,998.481,2.71823
0.00596296,1035.35,-0.0248703,22.8031,0.000531858,998.481,2.71826
0.00596298,1025.08,-0.0254014,22.803,0.000531858,998.481,2.71829
0.005963,1014.63,-0.0257699,22.8029,0.000531858,998.482,2.71833
0.00596302,1004.06,-0.0259693,22.8028,0.000531858,998.482,2.71836
0.00596304,993.444,-0.025996,22.8027,0.000531858,998.482,2.7184
0.00596306,982.848,-0.0258491,22.8026,0.000531858,998.482,2.71843
0.00596308,972.345,-0.0255301,22.8025,0.000531858,998.482,2.71847
0.0059631,962.004,-0.0250414,22.8024,0.000531858,998.482,2.71851
0.00596312,951.895,-0.0243867,22.8024,0.000531858,998.483,2.71854
0.00596314,942.085,-0.0235706,22.8023,0.000531858,998.483,2.71858
0.00596316,932.639,-0.0225985,22.8022,0.000531858,998.483,2.71862
0.00596318,923.62,-0.0214771,22.8021,0.000531858,998.483,2.71865
0.0059632,915.087,-0.0202136,22.802,0.000531858,998.483,2.71869
0.00596322,907.098,-0.0188165,22.8019,0.000531858,998.483,2.71873
0.00596324,899.706,-0.0172951,22.8019,0.000531858,998.484,2.71877
0.00596326,892.959,-0.0156593,22.8018,0.000531858,998.484,2.71881
0.00596328,886.903,-0.0139201,22.8017,0.000531858,998.484,2.71885
0.0059633,881.577,-0.0120889,22.8016,0.000531858,998.484,2.71889
0.00596332,877.017,-0.0101778,22.8015,0.000531858,998.484,2.71893
0.00596334,873.254,-0.0081996,22.8014,0.000531858,998.484,2.71897
0.00596336,870.313,-0.00616732,22.8014,0.000531858,998.484,2.71901
0.00596338,868.212,-0.00409444,22.8013,0.000531858,998.485,2.71905
0.0059634,866.966,-0.00199471,22.8012,0.000531858,998.485,2.71909
0.00596342,866.582,0.000117944,22.8011,0.000531858,998.485,2.71914
0.00596344,867.065,0.00222954,22.801,0.000531858,998.485,2.71918
0.00596346,868.409,0.00432613,22.801,0.000531858,998.485,2.71922
0.00596348,870.606,0.00639378,22.8009,0.000531858,998.485,2.71926
0.0059635,873.641,0.00841877,22.8008,0.000531858,998.485,2.71931
0.00596352,877.494,0.0103877,22.8007,0.000531858,998.485,2.71935
0.00596354,882.139,0.0122876,22.8006,0.000531858,998.485,2.7194
0.00596356,887.546,0.0141059,22.8006,0.000531858,998.485,2.71944
0.00596358,893.677,0.0158306,22.8005,0.000531858,998.485,2.71949
0.0059636,900.492,0.0174502,22.8004,0.000531858,998.485,2.71953
0.00596362,907.946,0.0189541,22.8003,0.000531858,998.486,2.71958
0.00596364,915.989,0.0203325,22.8002,0.000531858,998.486,2.71962
0.00596366,924.567,0.0215762,22.8002,0.000531858,998.486,2.71967
0.00596368,933.623,0.0226771,22.8001,0.000531858,998.486,2.71971
0.0059637,943.098,0.023628,22.8,0.000531858,998.486,2.71976
0.00596372,952.927,0.0244227,22.7999,0.000531858,998.486,2.71981
0.00596374,963.046,0.025056,22.7998,0.000531858,998.486,2.71986
0.00596376,973.389,0.0255239,22.7998,0.000531858,998.486,2.71991
0.00596378,983.885,0.0258235,22.7997,0.000531858,998.486,2.71995
0.0059638,994.466,0.0259529,22.7996,0.000531858,998.486,2.72
0.00596382,1005.06,0.0259114,22.7995,0.000531858,998.486,2.72005
0.00596384,1015.6,0.0256994,22.7994,0.000531858,998.486,2.7201
0.00596386,1026.02,0.0253186,22.7993,0.000531858,998.486,2.72015
0.00596388,1036.24,0.0247716,22.7993,0.000531858,998.486,2.7202
0.0059639,1046.2,0.0240623,22.7992,0.000531858,998.486,2.72025
0.00596392,1055.84,0.0231956,22.7991,0.000531858,998.486,2.7203
0.00596394,1065.09,0.0221773,22.799,0.000531858,998.486,2.72035
0.00596396,1073.89,0.0210144,22.7989,0.000531858,998.486,2.72041
0.00596398,1082.18,0.0197146,22.7988,0.000531858,998.486,2.72046
0.005964,1089.92,0.0182865,22.7987,0.000531858,998.486,2.72051
0.00596402,1097.05,0.016739,22.7987,0.000531858,998.486,2.72056
0.00596402,1098.77,0.0163252,22.7986,0.000531858,998.486,2.72058
0.00596403,1099.93,0.0160349,22.7986,0.000531858,998.486,2.72058
0.00596403,1100.68,0.0158432,22.7986,0.000531858,998.486,2.72059
0.00596403,1101.45,0.0156437,22.7986,0.000531858,998.486,2.7206
0.00596404,1102.44,0.0153779,22.7986,0.000531858,998.486,2.72061
0.00596404,1103.34,0.0151315,22.7986,0.000531858,998.486,2.72061
0.00596404,1104.05,0.0149304,22.7986,0.000531858,998.486,2.72062
0.00596404,1104.88,0.0146932,22.7986,0.000531858,998.486,2.72063
0.00596405,1105.81,0.0144171,22.7985,0.000531858,998.486,2.72064
0.00596405,1107.62,0.0138568,22.7985,0.000531858,998.486,2.72065
0.00596406,1109.58,0.0132103,22.7985,0.000531858,998.486,2.72067
0.00596407,1112.68,0.0121016,22.7984,0.000531858,998.486,2.7207
0.00596409,1117.22,0.0102146,22.7983,0.000531858,998.486,2.72076
0.00596411,1120.98,0.00828,22.7983,0.000531858,998.487,2.72081
0.00596413,1123.94,0.00630545,22.7982,0.000531858,998.487,2.72087
0.00596415,1126.1,0.00430291,22.7981,0.000531858,998.487,2.72092
0.00596417,1127.43,0.0022873,22.798,0.000531858,998.487,2.72098
0.00596419,1127.95,0.000270659,22.7979,0.000531858,998.487,2.72103
0.00596421,1127.65,-0.00173961,22.7978,0.000531858,998.487,2.72109
0.00596423,1126.54,-0.0037382,22.7977,0.000531858,998.487,2.72114
0.00596425,1124.62,-0.00571801,22.7976,0.000531858,998.487,2.7212
0.00596427,1121.9,-0.00766767,22.7975,0.000531858,998.487,2.72126
0.00596429,1118.39,-0.00957452,22.7974,0.000531858,998.487,2.72131
0.0059643,1117.8,-0.00985679,22.7974,0.000531858,998.487,2.72132
0.0059643,1117.62,-0.00994138,22.7974,0.000531858,998.487,2.72133
0.0059643,1117.25,-0.0101103,22.7974,0.000531858,998.488,2.72133
0.0059643,1116.52,-0.0104364,22.7974,0.000531858,998.488,2.72134
0.00596431,1114.98,-0.0110825,22.7974,0.000531858,998.488,2.72136
0.00596432,1111.65,-0.0123457,22.7973,0.000531858,998.488,2.7214
0.00596434,1106.27,-0.0140798,22.7972,0.000531858,998.488,2.72146
0.00596436,1100.21,-0.0157231,22.7971,0.000531858,998.488,2.72152
0.00596438,1093.49,-0.0172669,22.797,0.000531858,998.488,2.72158
0.0059644,1086.17,-0.0186988,22.7969,0.000531858,998.488,2.72164
0.00596442,1080.03,-0.0197361,22.7969,0.000531858,998.488,2.72168
0.00596443,1076.4,-0.0202912,22.7968,0.000531858,998.488,2.72171
0.00596443,1073.46,-0.0207095,22.7968,0.000531858,998.489,2.72173
0.00596444,1069.87,-0.0211904,22.7967,0.000531858,998.489,2.72176
0.00596445,1065.58,-0.0217203,22.7967,0.000531858,998.489,2.72179
0.00596447,1059.95,-0.0223503,22.7966,0.000531858,998.489,2.72182
0.00596448,1053.82,-0.0229608,22.7966,0.000531858,998.489,2.72186
0.00596449,1047.64,-0.0235018,22.7965,0.000531858,998.489,2.7219
0.00596451,1039.74,-0.024093,22.7965,0.000531858,998.489,2.72195
0.00596451,1036.94,-0.0242772,22.7964,0.000531858,998.489,2.72197
0.00596452,1034.85,-0.0244062,22.7964,0.000531858,998.489,2.72198
0.00596452,1032.01,-0.0245698,22.7964,0.000531858,998.489,2.722
0.00596453,1030.5,-0.0246515,22.7964,0.000531858,998.489,2.72201
0.00596453,1029.93,-0.0246813,22.7964,0.000531858,998.489,2.72201
0.00596453,1028.78,-0.0247396,22.7964,0.000531858,998.489,2.72202
0.00596453,1027.14,-0.0248193,22.7963,0.000531858,998.489,2.72203
0.00596454,1024.41,-0.0249429,22.7963,0.000531858,998.489,2.72205
0.00596454,1024.41,-0.0249431,22.7963,0.000531858,998.489,2.72205
0.00596454,1024.4,-0.0249436,22.7963,0.000531858,998.489,2.72205
0.00596454,1024.39,-0.024944,22.7963,0.000531858,998.489,2.72205
0.00596454,1024.38,-0.0249444,22.7963,0.000531858,998.489,2.72205
0.00596454,1024.36,-0.0249451,22.7963,0.000531858,998.489,2.72205
0.00596454,1024.33,-0.0249466,22.7963,0.000531858,998.489,2.72205
0.00596454,1024.27,-0.0249491,22.7963,0.000531858,998.489,2.72205
0.00596454,1024.2,-0.0249521,22.7963,0.000531858,998.489,2.72205
0.00596454,1024.1,-0.0249563,22.7963,0.000531858,998.489,2.72205
0.00596454,1023.98,-0.0249614,22.7963,0.000531858,998.489,2.72205
0.00596454,1023.82,-0.0249681,22.7963,0.000531858,998.489,2.72205
0.00596454,1023.63,-0.0249762,22.7963,0.000531858,998.489,2.72205
0.00596454,1023.39,-0.0249863,22.7963,0.000531858,998.489,2.72205
0.00596454,1023.09,-0.0249985,22.7963,0.000531858,998.489,2.72206
0.00596454,1022.72,-0.0250137,22.7963,0.000531858,998.489,2.72206
0.00596454,1022.25,-0.0250322,22.7963,0.000531858,998.489,2.72206
0.00596454,1021.66,-0.0250554,22.7963,0.000531858,998.489,2.72206
0.00596455,1020.9,-0.0250845,22.7963,0.000531858,998.489,2.72207
0.00596455,1019.87,-0.0251224,22.7963,0.000531858,998.49,2.72207
0.00596455,1019.46,-0.0251369,22.7963,0.000531858,998.49,2.72208
0.00596455,1018.88,-0.0251569,22.7963,0.000531858,998.49,2.72208
0.00596455,1018.69,-0.0251633,22.7963,0.000531858,998.49,2.72208
0.00596455,1018.36,-0.0251746,22.7963,0.000531858,998.49,2.72208
0.00596455,1018.27,-0.0251776,22.7963,0.000531858,998.49,2.72208
0.00596455,1018.11,-0.0251829,22.7963,0.000531858,998.49,2.72209
0.00596455,1018.06,-0.0251844,22.7963,0.000531858,998.49,2.72209
0.00596455,1017.99,-0.0251869,22.7963,0.000531858,998.49,2.72209
0.00596455,1017.98,-0.0251872,22.7963,0.000531858,998.49,2.72209
0.00596455,1017.96,-0.0251878,22.7963,0.000531858,998.49,2.72209
0.00596455,1017.93,-0.0251888,22.7963,0.000531858,998.49,2.72209
0.00596455,1017.93,-0.0251889,22.7963,0.000531858,998.49,2.72209
0.00596455,1017.92,-0.0251892,22.7963,0.000531858,998.49,2.72209
0.00596455,1013.52,-0.025189,22.7963,0.000531858,998.49,2.72209
0.00596455,1008.52,-0.0251887,22.7963,0.000531858,998.49,2.72209
0.00596455,998.099,-0.0251877,22.7963,0.000531858,998.49,2.72209
0.00596455,987.881,-0.0251866,22.7963,0.000531858,998.49,2.72209
0.00596455,975.853,-0.0251848,22.7963,0.000531858,998.49,2.72209
0.00596455,961.397,-0.0251822,22.7963,0.000531858,998.49,2.72209
0.00596455,941.317,-0.0251777,22.7963,0.000531858,998.49,2.72209
0.00596455,915.174,-0.02517,22.7963,0.000531858,998.49,2.72209
0.00596455,879.744,-0.0251565,22.7963,0.000531858,998.49,2.72209
0.00596455,834.141,-0.0251331,22.7963,0.000531858,998.49,2.72209
0.00596455,773.745,-0.0250905,22.7963,0.000531858,998.49,2.72209
0.00596455,705.37,-0.0250235,22.7963,0.000531858,998.49,2.72209
0.00596455,623.957,-0.0249118,22.7963,0.000531858,998.49,2.72209
0.00596455,530.64,-0.0247289,22.7963,0.000531858,998.49,2.72209
0.00596455,419.883,-0.0244059,22.7963,0.000531858,998.489,2.72209
0.00596455,317.278,-0.0239483,22.7963,0.000531858,998.489,2.72209
0.00596455,230.924,-0.0233599,22.7963,0.000531858,998.489,2.72209
0.00596455,171.944,-0.022762,22.7963,0.000531858,998.489,2.72209
0.00596455,126.98,-0.0221085,22.7963,0.000531858,998.489,2.72209
0.00596455,95.6026,-0.0214686,22.7963,0.000531858,998.489,2.72209
0.00596455,71.5683,-0.020795,22.7963,0.000531858,998.489,2.72209
0.00596455,54.0593,-0.0201269,22.7963,0.000531858,998.489,2.72209
0.00596455,40.5846,-0.0194331,22.7963,0.000531858,998.489,2.72209
0.00596455,30.5998,-0.0187414,22.7963,0.000531858,998.489,2.72209
0.00596455,22.9695,-0.018033,22.7963,0.000531858,998.489,2.72209
0.00596455,17.2886,-0.0173269,22.7963,0.000531858,998.489,2.72209
0.00596455,12.978,-0.0166113,22.7963,0.000531858,998.489,2.72209
0.00596455,9.75996,-0.0158982,22.7963,0.000531858,998.489,2.72209
0.00596455,7.32759,-0.0151798,22.7963,0.000531858,998.489,2.72209
0.00596455,5.50737,-0.0144635,22.7963,0.000531858,998.489,2.72209
0.00596455,4.13431,-0.0137444,22.7963,0.000531858,998.489,2.72209
0.00596455,3.10509,-0.013027,22.7963,0.000531858,998.489,2.72209
0.00596455,2.32975,-0.0123083,22.7963,0.000531858,998.489,2.72209
0.00596455,1.74805,-0.0115912,22.7963,0.000531858,998.489,2.72209
0.00596455,1.31031,-0.0108738,22.7963,0.000531858,998.489,2.72209
0.00596455,0.9818,-0.0101581,22.7963,0.000531858,998.489,2.72209
0.00596455,0.734838,-0.00944311,22.7963,0.000531858,998.489,2.72209
0.00596455,0.549544,-0.00873014,22.7963,0.000531858,998.489,2.72209
0.00596455,0.410411,-0.00801871,22.7963,0.000531858,998.489,2.72209
0.00596455,0.306111,-0.00730991,22.7963,0.000531858,998.489,2.72209
0.00596455,0.227927,-0.00660364,22.7963,0.000531858,998.489,2.72209
0.00596455,0.169423,-0.00590089,22.7963,0.000531858,998.489,2.72209
0.00596455,0.125688,-0.0052019,22.7963,0.000531858,998.489,2.72209
0.00596455,0.0930721,-0.00450764,22.7963,0.000531858,998.489,2.72209
0.00596455,0.0688037,-0.0038186,22.7963,0.000531858,998.489,2.72209
0.00596455,0.0508138,-0.00313574,22.7963,0.000531858,998.489,2.72209
0.00596455,0.0375374,-0.00245962,22.7963,0.000531858,998.489,2.72209
0.00596455,0.0278019,-0.00179094,22.7963,0.000531858,998.489,2.72209
0.00596455,0.0207227,-0.0011299,22.7963,0.000531858,998.489,2.72209
0.00596455,0.0156366,-0.000476314,22.7963,0.000531858,998.489,2.72209
0.00596455,0.0120451,0.000171045,22.7963,0.000531858,998.489,2.72209
0.00596455,0.00957697,0.000814674,22.7963,0.000531858,998.489,2.72209
0.00596455,0.00796401,0.00145615,22.7963,0.000531858,998.489,2.72209
0.00596455,0.0070002,0.00210302,22.7963,0.000531858,998.489,2.72209
0.00596455,0.00654648,0.00276347,22.7963,0.000531858,998.489,2.72209
0.00596455,0.00651147,0.00345217,22.7963,0.000531858,998.489,2.72209
0.00596455,0.00684824,0.00418631,22.7963,0.000531858,998.489,2.72209
0.00596455,0.00756148,0.0050041,22.7963,0.000531858,998.489,2.72209
0.00596455,0.00869169,0.00593856,22.7963,0.000531858,998.489,2.72209
0.00596455,0.0103171,0.0070367,22.7963,0.000531858,998.489,2.72209
0.00596455,0.012547,0.00835635,22.7963,0.000531858,998.489,2.72209
0.00596455,0.0155522,0.00998718,22.7963,0.000531858,998.489,2.72209
0.00596455,0.0195934,0.0120651,22.7963,0.000531858,998.489,2.72209
0.00596455,0.0251291,0.0148273,22.7963,0.000531858,998.489,2.72209
0.00596455,0.0330294,0.0187167,22.7962,0.000531858,998.489,2.72209
0.00596455,0.0452227,0.0246965,22.7962,0.000531858,998.489,2.72209
0.00596455,0.0667599,0.0352549,22.7962,0.000531858,998.489,2.72209
0.00596455,0.0894425,0.0463675,22.7962,0.000531858,998.489,2.72209
0.00596455,0.118919,0.060788,22.7962,0.000531858,998.489,2.7221
0.00596455,0.144715,0.0733879,22.7962,0.000531858,998.489,2.7221
0.00596455,0.17615,0.0887224,22.7961,0.000531858,998.489,2.7221
0.00596456,0.206818,0.10366,22.7961,0.000531858,998.489,2.7221
0.00596456,0.253342,0.126254,22.796,0.000531858,998.489,2.7221
0.00596456,0.292501,0.145176,22.7959,0.000531858,998.489,2.72211
0.00596456,0.33114,0.163693,22.7958,0.000531858,998.489,2.72211
0.00596456,0.353894,0.17437,22.7956,0.000531858,998.489,2.72212
0.00596456,0.357074,0.175376,22.7954,0.000531858,998.489,2.72212
0.00596456,0.332291,0.162693,22.7952,0.000531858,998.489,2.72213
0.00596457,0.289446,0.141331,22.795,0.000531858,998.489,2.72213
0.00596457,0.237738,0.115762,22.7949,0.000531858,998.489,2.72214
0.00596457,0.178053,0.086381,22.7948,0.000531858,998.489,2.72215
0.00596457,0.124086,0.0598983,22.7947,0.000531858,998.489,2.72215
0.00596457,0.072169,0.0344853,22.7947,0.000531858,998.489,2.72216
0.00596458,0.030243,0.0140114,22.7947,0.000531858,998.489,2.72217
0.00596458,-0.0038011,-0.00257233,22.7947,0.000531858,998.489,2.72217
0.00596458,-0.0290791,-0.0148489,22.7947,0.000531858,998.489,2.72218
0.00596458,-0.0525208,-0.026177,22.7948,0.000531858,998.489,2.72218
0.00596458,-0.0625248,-0.0309594,22.7948,0.000531858,998.489,2.72219
0.00596459,-0.0667157,-0.0328957,22.7949,0.000531858,998.489,2.7222
0.00596459,-0.0654846,-0.0321822,22.7949,0.000531858,998.489,2.7222
0.00596459,-0.0592079,-0.0290054,22.795,0.000531858,998.489,2.72221
0.00596459,-0.0489787,-0.0239092,22.795,0.000531858,998.489,2.72221
0.00596459,-0.0366112,-0.0177865,22.7951,0.000531858,998.489,2.72222
0.0059646,-0.0239336,-0.0115322,22.7951,0.000531858,998.489,2.72223
0.0059646,-0.0124091,-0.00585962,22.7952,0.000531858,998.489,2.72223
0.0059646,-0.00270607,-0.00109107,22.7952,0.000531858,998.489,2.72224
0.0059646,0.00803623,0.00418131,22.7952,0.000531858,998.489,2.72224
0.0059646,0.0175028,0.00882192,22.7952,0.000531858,998.489,2.72224
0.0059646,0.0306991,0.0152824,22.7952,0.000531858,998.489,2.72225
0.00596461,0.0441648,0.0218643,22.7953,0.000531858,998.489,2.72226
0.00596461,0.0600567,0.0296171,22.7953,0.000531858,998.489,2.72227
0.00596461,0.0681807,0.0335718,22.7953,0.000531858,998.489,2.72228
0.00596462,0.0734106,0.0361145,22.7953,0.000531858,998.489,2.72229
0.00596462,0.0768914,0.0378091,22.7953,0.000531858,998.489,2.72231
0.00596463,0.0798577,0.0392644,22.7953,0.000531858,998.489,2.72232
0.00596463,0.0827926,0.0407166,22.7953,0.000531858,998.489,2.72233
0.00596463,0.08798,0.0432862,22.7953,0.000531858,998.489,2.72235
0.00596464,0.0966394,0.047566,22.7953,0.000531858,998.489,2.72237
0.00596465,0.111194,0.0547412,22.7954,0.000531858,998.489,2.7224
0.00596466,0.128597,0.0633052,22.7954,0.000531858,998.489,2.72242
0.00596467,0.146949,0.0723288,22.7954,0.000531858,998.489,2.72246
0.00596468,0.169031,0.083186,22.7954,0.000531858,998.489,2.7225
0.0059647,0.202846,0.0998204,22.7954,0.000531858,998.489,2.72256
0.00596472,0.236841,0.116547,22.7954,0.000531858,998.489,2.72263
0.00596474,0.271303,0.133501,22.7953,0.000531858,998.489,2.72269
0.00596476,0.305868,0.150503,22.7953,0.000531858,998.488,2.72276
0.00596478,0.340341,0.16746,22.7952,0.000531858,998.488,2.72282
0.0059648,0.374753,0.184387,22.7951,0.000531858,998.487,2.72289
0.00596482,0.409166,0.201314,22.7951,0.000531858,998.487,2.72295
0.00596484,0.443595,0.218249,22.795,0.000531858,998.486,2.72302
0.00596486,0.478029,0.235186,22.7949,0.000531858,998.486,2.72309
0.00596488,0.51246,0.252121,22.7949,0.000531858,998.485,2.72316
0.0059649,0.546888,0.269054,22.7948,0.000531858,998.485,2.72322
0.00596492,0.581315,0.285987,22.7947,0.000531858,998.484,2.72329
0.00596494,0.615742,0.302919,22.7946,0.000531858,998.483,2.72336
0.00596496,0.650168,0.319851,22.7945,0.000531858,998.482,2.72343
0.00596498,0.684593,0.336782,22.7944,0.000531858,998.481,2.7235
0.005965,0.719017,0.353713,22.7944,0.000531858,998.48,2.72357
0.00596502,0.753439,0.370643,22.7943,0.000531858,998.479,2.72364
0.00596504,0.787861,0.387572,22.7942,0.000531858,998.478,2.72371
0.00596506,0.822282,0.404501,22.7941,0.000531858,998.477,2.72378
0.00596508,0.856702,0.421429,22.794,0.000531858,998.476,2.72385
0.0059651,0.89112,0.438357,22.7939,0.000531858,998.475,2.72392
0.00596512,0.925537,0.455283,22.7939,0.000531858,998.474,2.72399
0.00596514,0.959954,0.47221,22.7938,0.000531858,998.472,2.72407
0.00596516,0.994369,0.489136,22.7937,0.000531858,998.471,2.72414
0.00596518,1.02878,0.506061,22.7936,0.000531858,998.47,2.72421
0.0059652,1.0632,0.522985,22.7935,0.000531858,998.468,2.72428
0.00596522,1.09761,0.539909,22.7934,0.000531858,998.467,2.72436
0.00596524,1.13202,0.556832,22.7933,0.000531858,998.465,2.72443
0.00596526,1.16643,0.573755,22.7933,0.000531858,998.463,2.7245
0.00596528,1.20083,0.590677,22.7932,0.000531858,998.462,2.72458
0.0059653,1.23524,0.607599,22.7931,0.000531858,998.46,2.72465
0.00596532,1.26965,0.62452,22.793,0.000531858,998.458,2.72473
0.00596534,1.30405,0.64144,22.7929,0.000531858,998.457,2.7248
0.00596536,1.33845,0.658359,22.7928,0.000531858,998.455,2.72488
0.00596538,1.37286,0.675278,22.7927,0.000531858,998.453,2.72496
0.0059654,1.40726,0.692197,22.7927,0.000531858,998.451,2.72503
0.00596542,1.44166,0.709115,22.7926,0.000531858,998.449,2.72511
0.00596544,1.47605,0.726032,22.7925,0.000531858,998.447,2.72519
0.00596546,1.51045,0.742948,22.7924,0.000531858,998.445,2.72526
0.00596548,1.54485,0.759864,22.7923,0.000531858,998.443,2.72534
0.0059655,1.57924,0.77678,22.7922,0.000531858,998.44,2.72542
0.00596552,1.61363,0.793694,22.7922,0.000531858,998.438,2.7255
0.00596554,1.64803,0.810608,22.7921,0.000531858,998.436,2.72558
0.00596556,1.68242,0.827522,22.792,0.000531858,998.433,2.72565
0.00596558,1.71681,0.844435,22.7919,0.000531858,998.431,2.72573
0.0059656,1.75119,0.861347,22.7918,0.000531858,998.428,2.72581
0.00596562,1.78558,0.878258,22.7917,0.000531858,998.426,2.72589
0.00596563,1.80965,0.890096,22.7917,0.000531858,998.424,2.72595
0.00596564,1.81075,0.890637,22.7917,0.000531858,998.424,2.72595
0.00596564,1.81295,0.891719,22.7917,0.000531858,998.424,2.72596
0.00596564,1.81652,0.893476,22.7916,0.000531858,998.424,2.72597
0.00596564,1.82057,0.895468,22.7916,0.000531858,998.423,2.72597
0.00596564,1.82445,0.897374,22.7916,0.000531858,998.423,2.72598
0.00596564,1.82603,0.898153,22.7916,0.000531858,998.423,2.72599
0.00596565,1.82782,0.899034,22.7916,0.000531858,998.423,2.72599
0.00596565,1.82854,0.899384,22.7916,0.000531858,998.423,2.72599
0.00596565,1.82976,0.899984,22.7916,0.000531858,998.423,2.726
0.00596565,1.8301,0.900155,22.7916,0.000531858,998.423,2.726
0.00596565,1.8307,0.900448,22.7916,0.000531858,998.423,2.726
0.00596565,1.83087,0.900531,22.7916,0.000531858,998.423,2.726
0.00596565,1.83116,0.900675,22.7916,0.000531858,998.423,2.726
0.00596565,1.8312,0.900697,22.7916,0.000531858,998.423,2.726
0.00596565,1.83129,0.900741,22.7916,0.000531858,998.423,2.726
0.00596565,1.83131,0.900749,22.7916,0.000531858,998.423,2.726
0.00596565,1.83135,0.900767,22.7916,0.000531858,998.423,2.726
0.00596565,1.83142,0.900802,22.7916,0.000531858,998.423,2.726
0.00596565,1.83143,0.900809,22.7916,0.000531858,998.423,2.726
0.00596565,1.85716,0.900814,22.7916,0.000531858,998.423,2.726
0.00596565,1.88699,0.900817,22.7916,0.000531858,998.423,2.726
0.00596565,1.93656,0.90082,22.7916,0.000531858,998.423,2.726
0.00596565,2.01056,0.900825,22.7916,0.000531858,998.423,2.726
0.00596565,2.15294,0.900832,22.7916,0.000531858,998.423,2.726
0.00596565,2.31931,0.900839,22.7916,0.000531858,998.423,2.726
0.00596565,2.54065,0.900849,22.7916,0.000531858,998.423,2.726
0.00596565,2.83605,0.900862,22.7916,0.000531858,998.423,2.726
0.00596565,3.32019,0.900883,22.7916,0.000531858,998.423,2.726
0.00596565,4.28727,0.900924,22.7916,0.000531858,998.423,2.726
0.00596565,6.22105,0.901001,22.7916,0.000531858,998.423,2.726
0.00596565,10.0892,0.901135,22.7916,0.000531858,998.422,2.726
0.00596565,17.8267,0.901327,22.7916,0.000531858,998.422,2.726
0.00596565,33.3033,0.901418,22.7916,0.000531858,998.422,2.72601
0.00596565,64.2379,0.90053,22.7916,0.000531858,998.422,2.72601
0.00596565,125.884,0.89562,22.7916,0.000531858,998.422,2.72603
0.00596565,143.082,0.893622,22.7916,0.000531858,998.422,2.72603
0.00596566,152.611,0.892427,22.7916,0.000531858,998.421,2.72603
0.00596566,167.578,0.890472,22.7916,0.000531858,998.421,2.72604
0.00596566,179.798,0.888829,22.7916,0.000531858,998.421,2.72604
0.00596566,189.615,0.88749,22.7916,0.000531858,998.421,2.72604
0.00596566,198.771,0.886235,22.7916,0.000531858,998.421,2.72604
0.00596566,208.192,0.884947,22.7916,0.000531858,998.421,2.72605
0.00596566,218.415,0.883559,22.7916,0.000531858,998.421,2.72605
0.00596566,228.29,0.882237,22.7916,0.000531858,998.421,2.72605
0.00596566,238.582,0.880886,22.7916,0.000531858,998.421,2.72605
0.00596566,248.5,0.879615,22.7916,0.000531858,998.421,2.72605
0.00596566,258.63,0.878356,22.7917,0.000531858,998.421,2.72606
0.00596566,268.511,0.877171,22.7917,0.000531858,998.421,2.72606
0.00596566,278.532,0.876017,22.7917,0.000531858,998.421,2.72606
0.00596566,288.405,0.874931,22.7917,0.000531858,998.421,2.72606
0.00596566,298.371,0.87389,22.7917,0.000531858,998.42,2.72607
0.00596566,308.245,0.872917,22.7917,0.000531858,998.42,2.72607
0.00596566,318.176,0.871999,22.7917,0.000531858,998.42,2.72607
0.00596567,328.046,0.871148,22.7917,0.000531858,998.42,2.72607
0.00596567,337.947,0.870358,22.7917,0.000531858,998.42,2.72607
0.00596567,347.807,0.869636,22.7917,0.000531858,998.42,2.72608
0.00596567,357.684,0.868978,22.7917,0.000531858,998.42,2.72608
0.00596567,367.533,0.868386,22.7918,0.000531858,998.42,2.72608
0.00596567,377.392,0.867859,22.7918,0.000531858,998.42,2.72608
0.00596567,387.232,0.867397,22.7918,0.000531858,998.42,2.72609
0.00596567,397.076,0.866997,22.7918,0.000531858,998.42,2.72609
0.00596567,406.908,0.86666,22.7918,0.000531858,998.42,2.72609
0.00596567,416.742,0.866383,22.7918,0.000531858,998.42,2.72609
0.00596567,426.568,0.866165,22.7918,0.000531858,998.42,2.72609
0.00596567,436.396,0.866003,22.7918,0.000531858,998.42,2.7261
0.00596567,446.218,0.865895,22.7919,0.000531858,998.419,2.7261
0.00596567,456.042,0.86584,22.7919,0.000531858,998.419,2.7261
0.00596567,465.862,0.865834,22.7919,0.000531858,998.419,2.7261
0.00596567,475.684,0.865875,22.7919,0.000531858,998.419,2.72611
0.00596567,485.505,0.86596,22.7919,0.000531858,998.419,2.72611
0.00596567,495.328,0.866086,22.7919,0.000531858,998.419,2.72611
0.00596567,505.151,0.866251,22.7919,0.000531858,998.419,2.72611
0.00596568,514.976,0.866452,22.7919,0.000531858,998.419,2.72611
0.00596568,525.675,0.866707,22.7919,0.000531858,998.419,2.72612
0.00596568,537.418,0.867028,22.792,0.000531858,998.419,2.72612
0.00596568,550.615,0.867432,22.792,0.000531858,998.419,2.72612
0.00596568,565.393,0.867931,22.792,0.000531858,998.419,2.72613
0.00596568,582.212,0.868547,22.792,0.000531858,998.418,2.72613
0.00596568,601.454,0.869299,22.792,0.000531858,998.418,2.72613
0.00596568,623.97,0.870216,22.7921,0.000531858,998.418,2.72614
0.00596568,650.78,0.871325,22.7921,0.000531858,998.418,2.72615
0.00596568,683.794,0.872656,22.7921,0.000531858,998.418,2.72615
0.00596569,725.954,0.874205,22.7922,0.000531858,998.417,2.72616
0.00596569,783.085,0.875875,22.7922,0.000531858,998.417,2.72617
0.0059657,867.238,0.877185,22.7923,0.000531858,998.416,2.72619
0.0059657,966.723,0.876807,22.7923,0.000531858,998.416,2.72622
0.0059657,1041.45,0.875061,22.7924,0.000531858,998.415,2.72623
0.00596571,1087.91,0.873253,22.7924,0.000531858,998.415,2.72624
0.00596571,1118.04,0.871721,22.7924,0.000531858,998.415,2.72625
0.00596571,1142.79,0.870196,22.7925,0.000531858,998.415,2.72626
0.00596571,1162.17,0.868791,22.7925,0.000531858,998.414,2.72626
0.00596571,1183.58,0.866946,22.7925,0.000531858,998.414,2.72627
0.00596571,1189.13,0.86641,22.7925,0.000531858,998.414,2.72627
0.00596571,1191.99,0.866122,22.7925,0.000531858,998.414,2.72627
0.00596571,1193.62,0.865955,22.7925,0.000531858,998.414,2.72627
0.00596571,1194.97,0.865814,22.7925,0.000531858,998.414,2.72627
0.00596571,1196.01,0.865703,22.7925,0.000531858,998.414,2.72627
0.00596571,1197.47,0.865547,22.7925,0.000531858,998.414,2.72627
0.00596571,1198.86,0.865394,22.7925,0.000531858,998.414,2.72627
0.00596571,1200.18,0.865247,22.7925,0.000531858,998.414,2.72627
0.00596571,1201.27,0.865124,22.7925,0.000531858,998.414,2.72627
0.00596571,1202.7,0.864959,22.7925,0.000531858,998.414,2.72627
0.00596571,1204.21,0.864779,22.7925,0.000531858,998.414,2.72627
0.00596571,1206.3,0.864526,22.7925,0.000531858,998.414,2.72627
0.00596571,1209.32,0.864144,22.7925,0.000531858,998.414,2.72627
0.00596571,1210.68,0.863966,22.7925,0.000531858,998.414,2.72627
0.00596571,1212.67,0.863699,22.7925,0.000531858,998.414,2.72627
0.00596571,1214.91,0.863389,22.7925,0.000531858,998.414,2.72627
0.00596571,1219.36,0.862743,22.7925,0.000531858,998.414,2.72627
0.00596572,1224.38,0.861963,22.7925,0.000531858,998.414,2.72628
0.00596572,1227.5,0.861448,22.7925,0.000531858,998.414,2.72628
0.00596572,1229.88,0.86104,22.7925,0.000531858,998.414,2.72628
0.00596572,1232.04,0.860654,22.7925,0.000531858,998.414,2.72628
0.00596572,1232.52,0.860566,22.7925,0.000531858,998.414,2.72628
0.00596572,1232.91,0.860494,22.7925,0.000531858,998.414,2.72628
0.00596572,1233.46,0.86039,22.7925,0.000531858,998.414,2.72628
0.00596572,1233.77,0.860333,22.7925,0.000531858,998.414,2.72628
0.00596572,1234.18,0.860254,22.7925,0.000531858,998.414,2.72628
0.00596572,1234.66,0.860161,22.7925,0.000531858,998.414,2.72628
0.00596572,1235.39,0.860019,22.7925,0.000531858,998.414,2.72628
0.00596572,1236.86,0.85973,22.7925,0.000531858,998.414,2.72628
0.00596572,1238.86,0.85933,22.7925,0.000531858,998.414,2.72628
0.00596572,1242.85,0.858506,22.7925,0.000531858,998.414,2.72628
0.00596572,1245.85,0.857864,22.7925,0.000531858,998.414,2.72628
0.00596572,1247.37,0.857443,22.7925,0.000531858,998.414,2.72628
0.00596572,1248.15,0.857163,22.7925,0.000531858,998.414,2.72628
0.00596572,1248.84,0.856841,22.7925,0.000531858,998.414,2.72628
0.00596572,1249.66,0.856287,22.7925,0.000531858,998.414,2.72628
0.00596572,1250.22,0.855644,22.7925,0.000531858,998.414,2.72628
0.00596572,1250.65,0.854628,22.7926,0.000531858,998.414,2.72629
0.00596572,1250.83,0.853362,22.7926,0.000531858,998.414,2.72629
0.00596572,1250.87,0.850962,22.7926,0.000531858,998.414,2.72629
0.00596572,1250.81,0.847923,22.7926,0.000531858,998.414,2.72629
0.00596572,1250.74,0.841852,22.7926,0.000531858,998.414,2.7263
0.00596572,1250.68,0.831864,22.7927,0.000531858,998.414,2.72631
0.00596573,1250.61,0.821173,22.7928,0.000531858,998.414,2.72632
0.00596573,1250.54,0.810636,22.7929,0.000531858,998.414,2.72634
0.00596573,1250.48,0.800539,22.793,0.000531858,998.414,2.72635
0.00596574,1250.42,0.790928,22.7932,0.000531858,998.414,2.72636
0.00596574,1250.36,0.781653,22.7933,0.000531858,998.414,2.72637
0.00596574,1250.3,0.772714,22.7934,0.000531858,998.414,2.72638
0.00596574,1250.25,0.764092,22.7936,0.000531858,998.414,2.72639
0.00596575,1250.19,0.755918,22.7937,0.000531858,998.414,2.7264
0.00596575,1250.15,0.749292,22.7938,0.000531858,998.414,2.72641
0.00596575,1250.12,0.74413,22.7939,0.000531858,998.414,2.72641
0.00596575,1250.09,0.739087,22.794,0.000531858,998.414,2.72642
0.00596575,1250.05,0.733951,22.7941,0.000531858,998.414,2.72642
0.00596575,1250.01,0.727408,22.7943,0.000531858,998.414,2.72643
0.00596575,1249.99,0.724317,22.7943,0.000531858,998.414,2.72644
0.00596576,1249.96,0.718935,22.7944,0.000531858,998.414,2.72644
0.00596576,1249.92,0.713815,22.7945,0.000531858,998.414,2.72645
0.00596576,1249.89,0.709072,22.7946,0.000531858,998.414,2.72645
0.00596576,1249.88,0.706259,22.7947,0.000531858,998.414,2.72646
0.00596576,1249.86,0.704084,22.7947,0.000531858,998.414,2.72646
0.00596576,1249.84,0.70093,22.7948,0.000531858,998.414,2.72646
0.00596576,1249.82,0.697448,22.7949,0.000531858,998.414,2.72647
0.00596576,1249.79,0.693062,22.795,0.000531858,998.414,2.72647
0.00596577,1249.75,0.687108,22.7951,0.000531858,998.414,2.72648
0.00596577,1249.69,0.67691,22.7954,0.000531858,998.414,2.72649
0.00596577,1249.57,0.658655,22.7958,0.000531858,998.414,2.72651
0.00596578,1249.45,0.639455,22.7964,0.000531858,998.414,2.72654
0.00596579,1249.29,0.614611,22.7971,0.000531858,998.414,2.72657
0.00596579,1249.12,0.587885,22.7979,0.000531858,998.414,2.7266
0.0059658,1248.89,0.553161,22.799,0.000531858,998.414,2.72664
0.00596582,1248.63,0.511577,22.8004,0.000531858,998.414,2.72669
0.00596583,1248.25,0.452529,22.8025,0.000531858,998.414,2.72676
0.00596585,1247.8,0.384054,22.8052,0.000531858,998.415,2.72684
0.00596587,1247.36,0.315937,22.808,0.000531858,998.415,2.72692
0.00596589,1246.91,0.248176,22.8109,0.000531858,998.415,2.72701
0.00596591,1246.47,0.180772,22.8138,0.000531858,998.415,2.72709
0.00596593,1246.01,0.113725,22.8169,0.000531858,998.415,2.72717
0.00596595,1245.53,0.0470456,22.82,0.000531858,998.415,2.72725
0.00596596,1245.42,0.0334007,22.8207,0.000531858,998.415,2.72727
0.00596597,1245.13,0.00617127,22.822,0.000531858,998.415,2.7273
0.00596597,1245.04,0.000721028,22.8222,0.000531858,998.415,2.72731
0.00596597,1244.86,-0.0056342,22.8226,0.000531858,998.415,2.72732
0.00596597,1244.41,-0.0132647,22.8229,0.000531858,998.415,2.72733
0.00596597,1243.59,-0.0213369,22.8233,0.000531858,998.415,2.72734
0.00596598,1242.48,-0.0287875,22.8237,0.000531858,998.415,2.72735
0.00596598,1241.19,-0.0354736,22.824,0.000531858,998.415,2.72735
0.00596598,1239.53,-0.0424011,22.8244,0.000531858,998.415,2.72736
0.00596598,1237.01,-0.0509484,22.8248,0.000531858,998.415,2.72737
0.00596599,1233.21,-0.0612562,22.8254,0.000531858,998.415,2.72739
0.00596599,1227.09,-0.0741855,22.8261,0.000531858,998.415,2.72741
0.005966,1217.43,-0.0894562,22.827,0.000531858,998.416,2.72743
0.005966,1201.8,-0.106734,22.8283,0.000531858,998.416,2.72746
0.00596602,1177.46,-0.122893,22.8298,0.000531858,998.416,2.7275
0.00596603,1141.68,-0.13095,22.8317,0.000531858,998.416,2.72756
0.00596605,1096.98,-0.118488,22.8338,0.000531858,998.417,2.72763
0.00596606,1065.65,-0.0900198,22.835,0.000531858,998.417,2.72769
0.00596607,1050.63,-0.0645935,22.8356,0.000531858,998.417,2.72773
0.00596608,1042.73,-0.0428166,22.8359,0.000531858,998.417,2.72776
0.00596609,1038.61,-0.0232515,22.836,0.000531858,998.417,2.72778
0.00596609,1036.99,-0.00368914,22.8361,0.000531858,998.417,2.72781
0.0059661,1037.85,0.0167298,22.8361,0.000531858,998.417,2.72783
0.00596611,1041.36,0.0370525,22.836,0.000531858,998.417,2.72786
0.00596611,1050.12,0.0627822,22.8358,0.000531858,998.417,2.72789
0.00596612,1064.57,0.0875037,22.8355,0.000531858,998.417,2.72792
0.00596614,1087.88,0.110824,22.835,0.000531858,998.417,2.72797
0.00596615,1118.17,0.125561,22.8344,0.000531858,998.417,2.72802
0.00596616,1157.16,0.126609,22.8338,0.000531858,998.417,2.72807
0.00596618,1197.71,0.105862,22.8332,0.000531858,998.417,2.72814
0.00596619,1219.15,0.0807224,22.8331,0.000531858,998.417,2.72818
0.0059662,1227.74,0.0649948,22.8331,0.000531858,998.417,2.7282
0.0059662,1232.49,0.0534141,22.8331,0.000531858,998.417,2.72822
0.00596621,1235.77,0.0431785,22.8332,0.000531858,998.417,2.72823
0.00596621,1238,0.0341703,22.8333,0.000531858,998.417,2.72824
0.00596621,1239.44,0.0265665,22.8333,0.000531858,998.417,2.72825
0.00596622,1240.6,0.018091,22.8334,0.000531858,998.417,2.72826
0.00596622,1241.15,0.0121187,22.8335,0.000531858,998.417,2.72827
0.00596622,1241.47,0.00653402,22.8335,0.000531858,998.417,2.72827
0.00596622,1241.59,0.000737815,22.8336,0.000531858,998.417,2.72828
0.00596622,1241.53,-0.00474311,22.8337,0.000531858,998.417,2.72829
0.00596622,1241.16,-0.0120127,22.8338,0.000531858,998.417,2.72829
0.00596623,1240.39,-0.0198739,22.8339,0.000531858,998.417,2.7283
0.00596623,1239.13,-0.0283611,22.834,0.000531858,998.417,2.72831
0.00596623,1237.3,-0.0372145,22.8342,0.000531858,998.417,2.72832
0.00596624,1234.58,-0.0471486,22.8344,0.000531858,998.417,2.72833
0.00596624,1230.57,-0.0583557,22.8346,0.000531858,998.417,2.72835
0.00596624,1224.48,-0.0713593,22.8349,0.000531858,998.417,2.72837
0.00596625,1215.18,-0.0861597,22.8353,0.000531858,998.417,2.72839
0.00596626,1200.79,-0.102318,22.8359,0.000531858,998.417,2.72841
0.00596627,1178.88,-0.117575,22.8366,0.000531858,998.417,2.72845
0.00596628,1147.14,-0.126443,22.8376,0.000531858,998.418,2.72849
0.00596629,1117.81,-0.123182,22.8384,0.000531858,998.418,2.72853
0.0059663,1094.28,-0.112182,22.8389,0.000531858,998.418,2.72857
0.00596631,1076.75,-0.0977045,22.8393,0.000531858,998.418,2.7286
0.00596632,1063.63,-0.0815602,22.8395,0.000531858,998.418,2.72862
0.00596633,1052.91,-0.0624183,22.8397,0.000531858,998.419,2.72865
0.00596633,1045.17,-0.0410418,22.8397,0.000531858,998.419,2.72867
0.00596634,1040.3,-0.0138254,22.8397,0.000531858,998.419,2.7287
0.00596635,1039.9,0.00767671,22.8396,0.000531858,998.419,2.72872
0.00596636,1042.6,0.0296732,22.8394,0.000531858,998.419,2.72875
0.00596636,1048.86,0.0520584,22.8391,0.000531858,998.419,2.72877
0.00596637,1057.24,0.0705454,22.8388,0.000531858,998.419,2.72879
0.00596638,1068.33,0.0874314,22.8384,0.000531858,998.419,2.72882
0.00596638,1081.4,0.101495,22.838,0.000531858,998.419,2.72884
0.00596639,1100.77,0.115166,22.8375,0.000531858,998.419,2.72887
0.0059664,1122.81,0.123348,22.8369,0.000531858,998.418,2.7289
0.00596641,1149.98,0.124649,22.8363,0.000531858,998.418,2.72893
0.00596642,1177.38,0.116273,22.8358,0.000531858,998.418,2.72897
0.00596644,1204.62,0.0956759,22.8354,0.000531858,998.418,2.72901
0.00596645,1221.74,0.0719608,22.8353,0.000531858,998.418,2.72904
0.00596645,1229.32,0.0557464,22.8353,0.000531858,998.418,2.72906
0.00596646,1233.27,0.0441691,22.8353,0.000531858,998.418,2.72907
0.00596646,1235.61,0.0352336,22.8353,0.000531858,998.418,2.72908
0.00596646,1237.41,0.0260776,22.8354,0.000531858,998.418,2.72909
0.00596647,1238.56,0.0177801,22.8354,0.000531858,998.418,2.7291
0.00596647,1239.3,0.00878097,22.8355,0.000531858,998.418,2.72911
0.00596647,1239.54,-0.000667773,22.8356,0.000531858,998.418,2.72912
0.00596648,1239.24,-0.00979973,22.8357,0.000531858,998.418,2.72913
0.00596648,1238.08,-0.0216238,22.8359,0.000531858,998.418,2.72914
0.00596648,1236.18,-0.0325918,22.836,0.000531858,998.418,2.72915
0.00596649,1233.22,-0.0442794,22.8362,0.000531858,998.418,2.72916
0.00596649,1229.24,-0.0558368,22.8365,0.000531858,998.418,2.72917
0.0059665,1223.17,-0.0690892,22.8368,0.000531858,998.418,2.72919
0.0059665,1214.24,-0.0835387,22.8371,0.000531858,998.418,2.7292
0.00596651,1200.44,-0.0993534,22.8377,0.000531858,998.418,2.72923
0.00596652,1179.9,-0.114206,22.8383,0.000531858,998.419,2.72926
0.00596653,1160.96,-0.121579,22.8389,0.000531858,998.419,2.72928
0.00596653,1144.24,-0.124031,22.8394,0.000531858,998.419,2.7293
0.00596654,1126.03,-0.122676,22.8398,0.000531858,998.419,2.72932
0.00596655,1109.91,-0.117874,22.8402,0.000531858,998.419,2.72934
0.00596656,1088.67,-0.105547,22.8407,0.000531858,998.42,2.72937
0.00596657,1069.66,-0.086516,22.841,0.000531858,998.42,2.7294
0.00596658,1051.68,-0.0546302,22.8413,0.000531858,998.42,2.72943
0.00596659,1044.13,-0.0280147,22.8413,0.000531858,998.42,2.72946
0.0059666,1041.78,-0.00738493,22.8412,0.000531858,998.42,2.72948
0.0059666,1042.09,0.0118336,22.8411,0.000531858,998.42,2.7295
0.00596661,1044.99,0.0316889,22.8408,0.000531858,998.42,2.72951
0.00596662,1051.85,0.0543589,22.8405,0.000531858,998.42,2.72954
0.00596663,1064.63,0.0787674,22.8401,0.000531858,998.42,2.72956
0.00596663,1081.47,0.0985529,22.8395,0.000531858,998.42,2.72959
0.00596664,1096.06,0.109741,22.8391,0.000531858,998.42,2.72961
0.00596665,1110.76,0.117165,22.8387,0.000531858,998.42,2.72962
0.00596665,1127.15,0.121719,22.8383,0.000531858,998.42,2.72964
0.00596666,1144.98,0.122683,22.8379,0.000531858,998.42,2.72966
0.00596667,1167.78,0.117922,22.8375,0.000531858,998.42,2.72969
0.00596668,1190.55,0.105484,22.8371,0.000531858,998.42,2.72971
0.00596669,1213.35,0.0817617,22.8368,0.000531858,998.419,2.72975
0.0059667,1224.62,0.0621047,22.8368,0.000531858,998.419,2.72977
0.00596671,1230.33,0.0475729,22.8368,0.000531858,998.419,2.72978
0.00596671,1233.22,0.0375646,22.8368,0.000531858,998.419,2.72979
0.00596671,1235.39,0.0274442,22.8369,0.000531858,998.419,2.7298
0.00596672,1236.77,0.0180531,22.8369,0.000531858,998.419,2.72981
0.00596672,1237.61,0.00776127,22.837,0.000531858,998.419,2.72981
0.00596672,1237.77,-0.00303195,22.8371,0.000531858,998.419,2.72982
0.00596673,1237.18,-0.0140417,22.8372,0.000531858,998.419,2.72983
0.00596673,1235.85,-0.0247241,22.8374,0.000531858,998.419,2.72984
0.00596674,1233.65,-0.035782,22.8376,0.000531858,998.419,2.72985
0.00596674,1230.02,-0.0484189,22.8378,0.000531858,998.42,2.72986
0.00596674,1225.16,-0.0607674,22.838,0.000531858,998.42,2.72987
0.00596675,1217.6,-0.0750402,22.8384,0.000531858,998.42,2.72989
0.00596676,1206.67,-0.0899701,22.8388,0.000531858,998.42,2.7299
0.00596676,1189.86,-0.105491,22.8394,0.000531858,998.42,2.72993
0.00596677,1173.95,-0.114758,22.8399,0.000531858,998.42,2.72994
0.00596678,1158.46,-0.119963,22.8403,0.000531858,998.42,2.72996
0.00596679,1141.43,-0.121935,22.8408,0.000531858,998.42,2.72998
0.00596679,1124.72,-0.120241,22.8412,0.000531858,998.421,2.72999
0.0059668,1102.36,-0.112028,22.8418,0.000531858,998.421,2.73002
0.00596681,1081.49,-0.0967676,22.8422,0.000531858,998.421,2.73004
0.00596682,1060.6,-0.0693891,22.8425,0.000531858,998.421,2.73007
0.00596683,1049.64,-0.0433,22.8426,0.000531858,998.421,2.73009
0.00596684,1044.9,-0.0219734,22.8426,0.000531858,998.421,2.73011
0.00596685,1043.35,-0.00307714,22.8425,0.000531858,998.421,2.73012
0.00596685,1044.19,0.0158701,22.8423,0.000531858,998.422,2.73014
0.00596686,1047.48,0.0348472,22.8421,0.000531858,998.422,2.73015
0.00596687,1055.61,0.0587125,22.8417,0.000531858,998.421,2.73017
0.00596688,1069.12,0.0819097,22.8413,0.000531858,998.421,2.73019
0.00596689,1086.65,0.10048,22.8407,0.000531858,998.421,2.73022
0.0059669,1101.88,0.110762,22.8403,0.000531858,998.421,2.73023
0.0059669,1116.65,0.117003,22.8399,0.000531858,998.421,2.73025
0.00596691,1133.1,0.120322,22.8395,0.000531858,998.421,2.73026
0.00596692,1149.42,0.120113,22.8392,0.000531858,998.421,2.73027
0.00596692,1171.66,0.114098,22.8387,0.000531858,998.421,2.7303
0.00596693,1192.8,0.101163,22.8384,0.000531858,998.421,2.73032
0.00596695,1214.62,0.0765303,22.8381,0.000531858,998.421,2.73034
0.00596695,1224.25,0.0585347,22.8381,0.000531858,998.421,2.73036
0.00596696,1229.56,0.0441673,22.8381,0.000531858,998.421,2.73037
0.00596696,1232.29,0.0339893,22.8381,0.000531858,998.421,2.73038
0.00596697,1234.3,0.0234952,22.8382,0.000531858,998.421,2.73038
0.00596697,1235.52,0.0133477,22.8383,0.000531858,998.421,2.73039
0.00596697,1236.1,0.000592408,22.8384,0.000531858,998.421,2.7304
0.00596698,1235.7,-0.0110814,22.8385,0.000531858,998.421,2.73041
0.00596698,1233.79,-0.0265303,22.8387,0.000531858,998.421,2.73042
0.00596699,1230.96,-0.0392471,22.8389,0.000531858,998.421,2.73043
0.00596699,1226.28,-0.0534659,22.8392,0.000531858,998.421,2.73044
0.005967,1220.43,-0.0663392,22.8395,0.000531858,998.421,2.73045
0.005967,1211.14,-0.0812884,22.8398,0.000531858,998.421,2.73046
0.00596701,1197.99,-0.096183,22.8403,0.000531858,998.421,2.73048
0.00596702,1180.68,-0.109004,22.8409,0.000531858,998.421,2.73049
0.00596703,1165.3,-0.115866,22.8414,0.000531858,998.422,2.73051
0.00596703,1147.99,-0.119472,22.8418,0.000531858,998.422,2.73052
0.00596704,1131.99,-0.119275,22.8423,0.000531858,998.422,2.73053
0.00596705,1110.21,-0.113498,22.8428,0.000531858,998.422,2.73055
0.00596706,1089.45,-0.101122,22.8432,0.000531858,998.422,2.73057
0.00596707,1067.67,-0.0774328,22.8436,0.000531858,998.423,2.73059
0.00596708,1053.64,-0.049771,22.8437,0.000531858,998.423,2.73061
0.00596709,1047.4,-0.0266277,22.8437,0.000531858,998.423,2.73063
0.0059671,1045.21,-0.00752975,22.8436,0.000531858,998.423,2.73064
0.0059671,1045.45,0.010927,22.8435,0.000531858,998.423,2.73065
0.00596711,1048.14,0.0299236,22.8433,0.000531858,998.423,2.73066
0.00596712,1054.67,0.0518836,22.843,0.000531858,998.423,2.73068
0.00596713,1066.84,0.0754226,22.8425,0.000531858,998.423,2.73069
0.00596714,1085.94,0.0972936,22.8419,0.000531858,998.423,2.73071
0.00596715,1102.54,0.108763,22.8415,0.000531858,998.423,2.73073
0.00596715,1117.47,0.115016,22.8411,0.000531858,998.423,2.73074
0.00596716,1134.18,0.118223,22.8407,0.000531858,998.423,2.73075
0.00596717,1149.66,0.117878,22.8403,0.000531858,998.422,2.73076
0.00596718,1171.65,0.111766,22.8399,0.000531858,998.422,2.73078
0.00596719,1191.93,0.0992264,22.8395,0.000531858,998.422,2.73079
0.0059672,1213.46,0.0748118,22.8393,0.000531858,998.422,2.73081
0.00596721,1222.67,0.0575475,22.8392,0.000531858,998.422,2.73083
0.00596721,1227.42,0.0449871,22.8392,0.000531858,998.422,2.73083
0.00596721,1230.62,0.0333678,22.8393,0.000531858,998.422,2.73084
0.00596722,1232.71,0.0223257,22.8393,0.000531858,998.422,2.73085
0.00596722,1233.92,0.0114925,22.8394,0.000531858,998.422,2.73085
0.00596723,1234.35,-0.0018826,22.8395,0.000531858,998.422,2.73086
0.00596723,1233.63,-0.0148227,22.8397,0.000531858,998.422,2.73087
0.00596724,1231.49,-0.0292301,22.8399,0.000531858,998.422,2.73087
0.00596724,1228.25,-0.042248,22.8401,0.000531858,998.422,2.73088
0.00596725,1223.02,-0.0566035,22.8404,0.000531858,998.422,2.73089
0.00596725,1216.2,-0.0701021,22.8407,0.000531858,998.422,2.7309
0.00596726,1205.6,-0.085241,22.8411,0.000531858,998.423,2.73091
0.00596727,1190.52,-0.0999113,22.8416,0.000531858,998.423,2.73092
0.00596727,1175.78,-0.109247,22.8421,0.000531858,998.423,2.73093
0.00596728,1161.09,-0.114897,22.8425,0.000531858,998.423,2.73094
0.00596729,1144.85,-0.117533,22.843,0.000531858,998.423,2.73095
0.00596729,1128.34,-0.116592,22.8434,0.000531858,998.423,2.73096
0.0059673,1106.65,-0.10961,22.8439,0.000531858,998.423,2.73098
0.00596731,1085.94,-0.0955973,22.8443,0.000531858,998.424,2.73099
0.00596733,1065.25,-0.0702107,22.8446,0.000531858,998.424,2.73101
0.00596734,1053.66,-0.0444859,22.8447,0.000531858,998.424,2.73102
0.00596734,1048.54,-0.0232365,22.8447,0.000531858,998.424,2.73103
0.00596735,1046.79,-0.00485077,22.8446,0.000531858,998.424,2.73104
0.00596736,1047.34,0.013353,22.8445,0.000531858,998.424,2.73105
0.00596736,1050.29,0.0317963,22.8443,0.000531858,998.424,2.73106
0.00596737,1057.51,0.0542349,22.8439,0.000531858,998.424,2.73107
0.00596738,1070.08,0.0769288,22.8435,0.000531858,998.424,2.73108
0.00596739,1087.81,0.0963402,22.8429,0.000531858,998.424,2.73109
0.0059674,1103.38,0.106931,22.8425,0.000531858,998.424,2.7311
0.0059674,1117.85,0.112971,22.8421,0.000531858,998.424,2.73111
0.00596741,1134.04,0.116102,22.8417,0.000531858,998.424,2.73112
0.00596742,1149.17,0.115818,22.8413,0.000531858,998.424,2.73113
0.00596743,1170.69,0.109943,22.8409,0.000531858,998.424,2.73114
0.00596744,1190.61,0.0977666,22.8406,0.000531858,998.424,2.73115
0.00596745,1211.79,0.0740064,22.8403,0.000531858,998.424,2.73117
0.00596746,1221.13,0.0566438,22.8402,0.000531858,998.423,2.73118
0.00596746,1225.98,0.0437818,22.8403,0.000531858,998.423,2.73118
0.00596747,1229.18,0.0319057,22.8403,0.000531858,998.423,2.73119
0.00596747,1231.26,0.0203845,22.8404,0.000531858,998.423,2.73119
0.00596747,1232.41,0.00878556,22.8404,0.000531858,998.423,2.7312
0.00596748,1232.58,-0.0051652,22.8406,0.000531858,998.424,2.7312
0.00596748,1231.36,-0.0196345,22.8408,0.000531858,998.424,2.73121
0.00596749,1228.74,-0.0337634,22.841,0.000531858,998.424,2.73121
0.00596749,1224.68,-0.0475194,22.8412,0.000531858,998.424,2.73122
0.0059675,1218.59,-0.0618816,22.8415,0.000531858,998.424,2.73122
0.00596751,1210.2,-0.0760845,22.8418,0.000531858,998.424,2.73123
0.00596751,1197.56,-0.0911287,22.8423,0.000531858,998.424,2.73124
0.00596752,1179.45,-0.104958,22.8429,0.000531858,998.424,2.73125
0.00596753,1164.2,-0.11177,22.8433,0.000531858,998.424,2.73126
0.00596754,1147.37,-0.115222,22.8438,0.000531858,998.424,2.73126
0.00596754,1131.83,-0.114957,22.8442,0.000531858,998.425,2.73127
0.00596755,1110.64,-0.109179,22.8447,0.000531858,998.425,2.73128
0.00596756,1090.6,-0.0970094,22.8451,0.000531858,998.425,2.73129
0.00596757,1069.61,-0.0737398,22.8454,0.000531858,998.425,2.7313
0.00596759,1056.43,-0.0472492,22.8456,0.000531858,998.425,2.73131
0.00596759,1050.58,-0.0251612,22.8455,0.000531858,998.425,2.73132
0.0059676,1048.54,-0.00680797,22.8455,0.000531858,998.426,2.73132
0.00596761,1048.83,0.0109964,22.8453,0.000531858,998.426,2.73133
0.00596761,1051.48,0.0292725,22.8451,0.000531858,998.426,2.73134
0.00596762,1057.91,0.0505972,22.8448,0.000531858,998.426,2.73134
0.00596763,1069.75,0.0732184,22.8444,0.000531858,998.426,2.73135
0.00596764,1088.38,0.0942763,22.8438,0.000531858,998.425,2.73136
0.00596765,1104.44,0.105183,22.8433,0.000531858,998.425,2.73137
0.00596766,1118.88,0.111083,22.8429,0.000531858,998.425,2.73137
0.00596766,1135.01,0.114025,22.8425,0.000531858,998.425,2.73138
0.00596767,1150.06,0.113535,22.8422,0.000531858,998.425,2.73138
0.00596768,1171.25,0.107393,22.8418,0.000531858,998.425,2.73139
0.00596769,1190.82,0.094985,22.8414,0.000531858,998.425,2.7314
0.0059677,1211.41,0.0711028,22.8412,0.000531858,998.425,2.73141
0.00596771,1220.55,0.0533691,22.8411,0.000531858,998.425,2.73141
0.00596771,1225.19,0.0402694,22.8411,0.000531858,998.425,2.73142
0.00596772,1228.17,0.0281465,22.8412,0.000531858,998.425,2.73142
0.00596772,1230.04,0.0161212,22.8412,0.000531858,998.425,2.73142
0.00596773,1230.91,0.00232054,22.8414,0.000531858,998.425,2.73142
0.00596773,1230.44,-0.0118921,22.8415,0.000531858,998.425,2.73143
0.00596774,1227.75,-0.0301336,22.8417,0.000531858,998.425,2.73143
0.00596774,1223.9,-0.0442281,22.842,0.000531858,998.425,2.73144
0.00596775,1217.21,-0.0605009,22.8423,0.000531858,998.425,2.73144
0.00596776,1209.29,-0.0740293,22.8426,0.000531858,998.425,2.73144
0.00596776,1196.51,-0.089366,22.8431,0.000531858,998.425,2.73145
0.00596777,1179.26,-0.102647,22.8437,0.000531858,998.425,2.73145
0.00596778,1164.45,-0.10943,22.8441,0.000531858,998.426,2.73146
0.00596779,1147.97,-0.112988,22.8445,0.000531858,998.426,2.73146
0.00596779,1132.76,-0.112893,22.8449,0.000531858,998.426,2.73147
0.0059678,1112.11,-0.107534,22.8454,0.000531858,998.426,2.73147
0.00596781,1092.42,-0.0959145,22.8458,0.000531858,998.426,2.73148
0.00596783,1071.73,-0.0735877,22.8461,0.000531858,998.427,2.73148
0.00596784,1058.33,-0.0473637,22.8463,0.000531858,998.427,2.73149
0.00596784,1052.37,-0.0254053,22.8462,0.000531858,998.427,2.73149
0.00596785,1050.27,-0.00732535,22.8462,0.000531858,998.427,2.7315
0.00596786,1050.47,0.0101272,22.846,0.000531858,998.427,2.7315
0.00596786,1052.99,0.0281103,22.8458,0.000531858,998.427,2.7315
0.00596787,1059.1,0.0488164,22.8455,0.000531858,998.427,2.73151
0.00596788,1070.56,0.071114,22.8451,0.000531858,998.427,2.73151
0.00596789,1088.53,0.0918159,22.8445,0.000531858,998.427,2.73151
0.0059679,1104.28,0.102777,22.844,0.000531858,998.427,2.73152
0.00596791,1118.42,0.108742,22.8437,0.000531858,998.427,2.73152
0.00596791,1134.26,0.111819,22.8433,0.000531858,998.427,2.73152
0.00596792,1148.76,0.111538,22.8429,0.000531858,998.427,2.73152
0.00596793,1169.54,0.105856,22.8425,0.000531858,998.426,2.73153
0.00596794,1188.64,0.0941775,22.8422,0.000531858,998.426,2.73153
0.00596795,1209.08,0.0712511,22.8419,0.000531858,998.426,2.73153
0.00596796,1218.41,0.0537589,22.8418,0.000531858,998.426,2.73154
0.00596796,1223.3,0.0403759,22.8418,0.000531858,998.426,2.73154
0.00596797,1226.44,0.0278963,22.8419,0.000531858,998.426,2.73154
0.00596797,1228.37,0.0153524,22.8419,0.000531858,998.426,2.73154
0.00596798,1229.19,-0.000503354,22.8421,0.000531858,998.426,2.73154
0.00596798,1228.39,-0.0150719,22.8422,0.000531858,998.426,2.73154
0.00596799,1225.12,-0.0336631,22.8425,0.000531858,998.426,2.73155
0.005968,1220.43,-0.0486033,22.8428,0.000531858,998.426,2.73155
0.005968,1213.09,-0.0643363,22.8431,0.000531858,998.426,2.73155
0.00596801,1203.71,-0.0784012,22.8435,0.000531858,998.427,2.73155
0.00596802,1189.35,-0.0931141,22.8439,0.000531858,998.427,2.73155
0.00596803,1174.41,-0.102935,22.8444,0.000531858,998.427,2.73155
0.00596803,1160.25,-0.108502,22.8448,0.000531858,998.427,2.73155
0.00596804,1144.62,-0.111094,22.8452,0.000531858,998.427,2.73156
0.00596805,1129.1,-0.110243,22.8456,0.000531858,998.427,2.73156
0.00596806,1108.52,-0.103667,22.8461,0.000531858,998.428,2.73156
0.00596807,1089.01,-0.0905332,22.8465,0.000531858,998.428,2.73156
0.00596808,1069.38,-0.0665511,22.8467,0.000531858,998.428,2.73156
0.00596809,1058.34,-0.0421491,22.8468,0.000531858,998.428,2.73156
0.0059681,1053.48,-0.0220045,22.8468,0.000531858,998.428,2.73156
0.0059681,1051.82,-0.00461384,22.8467,0.000531858,998.428,2.73156
0.00596811,1052.34,0.0125887,22.8465,0.000531858,998.428,2.73156
0.00596812,1055.13,0.0300227,22.8463,0.000531858,998.428,2.73156
0.00596812,1061.94,0.0512154,22.846,0.000531858,998.428,2.73156
0.00596813,1073.81,0.0726696,22.8455,0.000531858,998.428,2.73156
0.00596814,1090.58,0.0910491,22.845,0.000531858,998.428,2.73156
0.00596815,1105.32,0.101072,22.8446,0.000531858,998.428,2.73156
0.00596816,1119.02,0.106782,22.8442,0.000531858,998.428,2.73156
0.00596816,1134.33,0.109732,22.8438,0.000531858,998.428,2.73156
0.00596817,1148.62,0.10945,22.8435,0.000531858,998.428,2.73156
0.00596818,1168.97,0.103872,22.8431,0.000531858,998.428,2.73156
0.00596819,1187.79,0.0923452,22.8427,0.000531858,998.428,2.73156
0.0059682,1207.81,0.0698416,22.8424,0.000531858,998.428,2.73156
0.00596821,1217.4,0.051617,22.8424,0.000531858,998.428,2.73156
0.00596822,1222.32,0.0375727,22.8424,0.000531858,998.428,2.73156
0.00596822,1225.29,0.0247589,22.8424,0.000531858,998.428,2.73156
0.00596823,1227.02,0.0116361,22.8425,0.000531858,998.428,2.73156
0.00596823,1227.43,-0.00438189,22.8427,0.000531858,998.428,2.73156
0.00596824,1226.01,-0.020274,22.8428,0.000531858,998.428,2.73155
0.00596825,1221.59,-0.0398557,22.8431,0.000531858,998.428,2.73155
0.00596825,1215.06,-0.0566091,22.8435,0.000531858,998.428,2.73155
0.00596826,1206.66,-0.0712232,22.8438,0.000531858,998.428,2.73155
0.00596827,1194.51,-0.0858328,22.8442,0.000531858,998.428,2.73155
0.00596828,1177.51,-0.0989145,22.8448,0.000531858,998.428,2.73155
0.00596828,1163.16,-0.105414,22.8452,0.000531858,998.428,2.73155
0.00596829,1147.29,-0.108768,22.8456,0.000531858,998.429,2.73154
0.0059683,1132.62,-0.108606,22.846,0.000531858,998.429,2.73154
0.00596831,1112.7,-0.10332,22.8464,0.000531858,998.429,2.73154
0.00596832,1093.76,-0.0919955,22.8468,0.000531858,998.429,2.73154
0.00596833,1073.89,-0.0703004,22.8471,0.000531858,998.429,2.73153
0.00596834,1061.2,-0.0451703,22.8472,0.000531858,998.429,2.73153
0.00596835,1055.56,-0.0241624,22.8472,0.000531858,998.429,2.73153
0.00596835,1053.58,-0.00679486,22.8471,0.000531858,998.43,2.73153
0.00596836,1053.8,0.0100066,22.8469,0.000531858,998.43,2.73152
0.00596837,1056.26,0.0272913,22.8467,0.000531858,998.43,2.73152
0.00596837,1062.22,0.0473036,22.8464,0.000531858,998.43,2.73152
0.00596838,1073.3,0.0687198,22.846,0.000531858,998.43,2.73152
0.00596839,1090.72,0.0886256,22.8454,0.000531858,998.429,2.73151
0.0059684,1105.88,0.0990715,22.845,0.000531858,998.429,2.73151
0.00596841,1119.51,0.104744,22.8446,0.000531858,998.429,2.73151
0.00596842,1134.76,0.107626,22.8442,0.000531858,998.429,2.7315
0.00596842,1148.78,0.107274,22.8439,0.000531858,998.429,2.7315
0.00596843,1168.81,0.101655,22.8435,0.000531858,998.429,2.73149
0.00596844,1187.21,0.0902244,22.8431,0.000531858,998.429,2.73149
0.00596845,1206.82,0.0679177,22.8429,0.000531858,998.429,2.73148
0.00596846,1216.03,0.0502037,22.8428,0.000531858,998.429,2.73148
0.00596847,1220.84,0.0362764,22.8428,0.000531858,998.429,2.73148
0.00596847,1223.8,0.0231466,22.8429,0.000531858,998.429,2.73147
0.00596848,1225.45,0.00942717,22.8429,0.000531858,998.429,2.73147
0.00596848,1225.59,-0.00697554,22.8431,0.000531858,998.429,2.73147
0.00596849,1223.65,-0.0238594,22.8433,0.000531858,998.429,2.73147
0.0059685,1219.2,-0.0414699,22.8436,0.000531858,998.429,2.73146
0.00596851,1211.83,-0.0589515,22.8439,0.000531858,998.429,2.73146
0.00596851,1203,-0.0730709,22.8442,0.000531858,998.429,2.73145
0.00596852,1189.49,-0.0877786,22.8447,0.000531858,998.429,2.73145
0.00596853,1174.28,-0.0983417,22.8452,0.000531858,998.43,2.73144
0.00596854,1160.49,-0.104033,22.8456,0.000531858,998.43,2.73144
0.00596854,1145.25,-0.106784,22.846,0.000531858,998.43,2.73144
0.00596855,1130.73,-0.106215,22.8463,0.000531858,998.43,2.73143
0.00596856,1110.86,-0.10026,22.8468,0.000531858,998.43,2.73143
0.00596857,1092.3,-0.0882723,22.8471,0.000531858,998.43,2.73142
0.00596858,1073.08,-0.0657212,22.8474,0.000531858,998.431,2.73141
0.00596859,1061.82,-0.0417445,22.8475,0.000531858,998.431,2.7314
0.0059686,1056.87,-0.0219127,22.8474,0.000531858,998.431,2.7314
0.00596861,1055.17,-0.00507856,22.8473,0.000531858,998.431,2.73139
0.00596861,1055.59,0.011438,22.8472,0.000531858,998.431,2.73139
0.00596862,1058.19,0.0282558,22.847,0.000531858,998.431,2.73139
0.00596863,1064.52,0.0484067,22.8466,0.000531858,998.431,2.73138
0.00596864,1075.78,0.0691463,22.8462,0.000531858,998.431,2.73137
0.00596865,1093.63,0.0885465,22.8456,0.000531858,998.431,2.73136
0.00596865,1108.48,0.0981449,22.8452,0.000531858,998.431,2.73136
0.00596866,1121.93,0.103281,22.8448,0.000531858,998.431,2.73135
0.00596867,1136.83,0.105635,22.8444,0.000531858,998.431,2.73135
0.00596868,1151.38,0.104749,22.8441,0.000531858,998.431,2.73134
0.00596869,1170.93,0.0983825,22.8437,0.000531858,998.43,2.73133
0.0059687,1189.27,0.085843,22.8434,0.000531858,998.43,2.73133
0.00596871,1207.81,0.0627434,22.8431,0.000531858,998.43,2.73131
0.00596872,1215.94,0.0455622,22.8431,0.000531858,998.43,2.73131
0.00596872,1220.22,0.0317229,22.8431,0.000531858,998.43,2.7313
0.00596873,1222.81,0.0181819,22.8431,0.000531858,998.43,2.7313
0.00596873,1224,0.00342687,22.8432,0.000531858,998.43,2.73129
0.00596874,1223.37,-0.0133502,22.8434,0.000531858,998.43,2.73129
0.00596874,1220.62,-0.0299056,22.8436,0.000531858,998.43,2.73128
0.00596875,1215.76,-0.045779,22.8439,0.000531858,998.43,2.73128
0.00596876,1207.61,-0.0627414,22.8442,0.000531858,998.431,2.73127
0.00596877,1197.66,-0.0767091,22.8446,0.000531858,998.431,2.73126
0.00596878,1182.41,-0.0908552,22.8451,0.000531858,998.431,2.73125
0.00596878,1169.27,-0.0985043,22.8455,0.000531858,998.431,2.73125
0.00596879,1156.03,-0.103029,22.8458,0.000531858,998.431,2.73124
0.0059688,1141.59,-0.104807,22.8462,0.000531858,998.431,2.73123
0.0059688,1125.92,-0.103199,22.8466,0.000531858,998.431,2.73123
0.00596881,1106.69,-0.0958832,22.847,0.000531858,998.432,2.73122
0.00596882,1087.95,-0.0816554,22.8473,0.000531858,998.432,2.73121
0.00596884,1070.41,-0.0574887,22.8475,0.000531858,998.432,2.73119
0.00596885,1061.54,-0.0351431,22.8475,0.000531858,998.432,2.73119
0.00596885,1057.85,-0.0172572,22.8475,0.000531858,998.432,2.73118
0.00596886,1056.73,-0.00112571,22.8474,0.000531858,998.432,2.73117
0.00596887,1057.86,0.016885,22.8472,0.000531858,998.432,2.73116
0.00596887,1061.02,0.03276,22.847,0.000531858,998.432,2.73116
0.00596888,1069.28,0.0546758,22.8466,0.000531858,998.432,2.73115
0.00596889,1081.5,0.0737302,22.8461,0.000531858,998.432,2.73114
0.0059689,1096.1,0.0880473,22.8457,0.000531858,998.432,2.73113
0.00596891,1108.8,0.0960787,22.8453,0.000531858,998.432,2.73112
0.00596891,1121.47,0.101038,22.8449,0.000531858,998.432,2.73111
0.00596892,1135.49,0.103491,22.8446,0.000531858,998.432,2.7311
0.00596893,1149.59,0.102944,22.8442,0.000531858,998.432,2.7311
0.00596894,1168.59,0.0972712,22.8438,0.000531858,998.432,2.73109
0.00596895,1186.66,0.0855784,22.8435,0.000531858,998.432,2.73107
0.00596896,1205.09,0.063784,22.8432,0.000531858,998.432,2.73106
0.00596897,1213.74,0.0464274,22.8432,0.000531858,998.432,2.73105
0.00596897,1218.35,0.032203,22.8432,0.000531858,998.432,2.73104
0.00596898,1221.1,0.0183119,22.8432,0.000531858,998.432,2.73104
0.00596898,1222.33,0.00308718,22.8433,0.000531858,998.432,2.73103
0.00596899,1221.6,-0.0141394,22.8435,0.000531858,998.432,2.73102
0.005969,1218.76,-0.0303654,22.8437,0.000531858,998.432,2.73101
0.005969,1213.59,-0.0465433,22.844,0.000531858,998.432,2.731
0.00596901,1205.02,-0.0635175,22.8443,0.000531858,998.432,2.73099
0.00596902,1194.49,-0.0774699,22.8447,0.000531858,998.432,2.73099
0.00596903,1178.54,-0.0911186,22.8452,0.000531858,998.432,2.73097
0.00596904,1165.25,-0.0980011,22.8456,0.000531858,998.432,2.73096
0.00596904,1151.96,-0.10175,22.8459,0.000531858,998.433,2.73096
0.00596905,1137.81,-0.102682,22.8463,0.000531858,998.433,2.73095
0.00596906,1121.18,-0.0998511,22.8467,0.000531858,998.433,2.73094
0.00596907,1102.56,-0.0911381,22.847,0.000531858,998.433,2.73092
0.00596908,1084,-0.0746487,22.8473,0.000531858,998.433,2.73091
0.00596909,1068.19,-0.0488804,22.8475,0.000531858,998.433,2.73089
0.0059691,1061.19,-0.0268961,22.8475,0.000531858,998.433,2.73088
0.00596911,1058.73,-0.00995807,22.8474,0.000531858,998.434,2.73087
0.00596911,1058.5,0.00578535,22.8472,0.000531858,998.434,2.73086
0.00596912,1060.39,0.0223906,22.8471,0.000531858,998.434,2.73085
0.00596913,1064.95,0.0399205,22.8468,0.000531858,998.434,2.73084
0.00596914,1074.53,0.0606489,22.8464,0.000531858,998.434,2.73083
0.00596915,1089.18,0.0794765,22.8459,0.000531858,998.434,2.73081
0.00596915,1103.27,0.0906858,22.8454,0.000531858,998.433,2.7308
0.00596916,1115.87,0.0970096,22.8451,0.000531858,998.433,2.73079
0.00596917,1128.65,0.100561,22.8447,0.000531858,998.433,2.73078
0.00596917,1142.15,0.101502,22.8444,0.000531858,998.433,2.73077
0.00596918,1158.62,0.0988147,22.844,0.000531858,998.433,2.73076
0.00596919,1176.76,0.0904755,22.8436,0.000531858,998.433,2.73075
0.0059692,1195.18,0.0742618,22.8433,0.000531858,998.433,2.73073
0.00596921,1207.77,0.0553092,22.8432,0.000531858,998.433,2.73072
0.00596922,1214.31,0.0397352,22.8431,0.000531858,998.433,2.73071
0.00596923,1218.12,0.0254838,22.8432,0.000531858,998.433,2.7307
0.00596923,1220.23,0.0106689,22.8432,0.000531858,998.433,2.73069
0.00596924,1220.46,-0.00720369,22.8434,0.000531858,998.433,2.73068
0.00596925,1218.55,-0.0231053,22.8436,0.000531858,998.433,2.73067
0.00596925,1213.3,-0.0423565,22.8438,0.000531858,998.433,2.73066
0.00596926,1204.81,-0.0603165,22.8442,0.000531858,998.433,2.73064
0.00596927,1194.49,-0.0745852,22.8446,0.000531858,998.433,2.73063
0.00596928,1179.23,-0.0882253,22.8451,0.000531858,998.434,2.73062
0.00596929,1166.4,-0.0952844,22.8454,0.000531858,998.434,2.73061
0.00596929,1153.56,-0.099297,22.8458,0.000531858,998.434,2.7306
0.0059693,1139.73,-0.100621,22.8461,0.000531858,998.434,2.73058
0.00596931,1124.08,-0.0985137,22.8465,0.000531858,998.434,2.73057
0.00596932,1105.72,-0.0907779,22.8468,0.000531858,998.434,2.73056
0.00596933,1087.61,-0.0759435,22.8471,0.000531858,998.435,2.73054
0.00596934,1071.4,-0.0517718,22.8473,0.000531858,998.435,2.73052
0.00596935,1063.67,-0.0302347,22.8473,0.000531858,998.435,2.7305
0.00596936,1060.72,-0.0136673,22.8472,0.000531858,998.435,2.73049
0.00596936,1060,0.00168049,22.8471,0.000531858,998.435,2.73048
0.00596937,1061.36,0.0182075,22.8469,0.000531858,998.435,2.73047
0.00596938,1064.82,0.0339859,22.8467,0.000531858,998.435,2.73046
0.00596939,1073.23,0.054812,22.8463,0.000531858,998.435,2.73044
0.00596939,1085.8,0.0731851,22.8458,0.000531858,998.435,2.73043
0.0059694,1099.56,0.085849,22.8454,0.000531858,998.435,2.73041
0.00596941,1111.7,0.0930613,22.845,0.000531858,998.435,2.7304
0.00596942,1123.93,0.0974636,22.8447,0.000531858,998.435,2.73039
0.00596942,1137.29,0.0994205,22.8443,0.000531858,998.435,2.73038
0.00596943,1151.6,0.0983889,22.844,0.000531858,998.435,2.73037
0.00596944,1169.71,0.0922095,22.8436,0.000531858,998.435,2.73035
0.00596945,1187.35,0.079748,22.8432,0.000531858,998.434,2.73033
0.00596946,1204.41,0.0577784,22.843,0.000531858,998.434,2.73031
0.00596947,1212.19,0.0405321,22.8429,0.000531858,998.434,2.73029
0.00596948,1216.28,0.025864,22.843,0.000531858,998.434,2.73028
0.00596948,1218.5,0.0108588,22.843,0.000531858,998.434,2.73027
0.00596949,1218.87,-0.00478903,22.8431,0.000531858,998.434,2.73026
0.0059695,1217.23,-0.020683,22.8433,0.000531858,998.434,2.73025
0.0059695,1212.9,-0.0381482,22.8436,0.000531858,998.435,2.73023
0.00596951,1206.02,-0.0544255,22.8439,0.000531858,998.435,2.73022
0.00596952,1195.68,-0.0702399,22.8442,0.000531858,998.435,2.73021
0.00596953,1182.21,-0.0835842,22.8447,0.000531858,998.435,2.73019
0.00596954,1169.78,-0.091482,22.845,0.000531858,998.435,2.73018
0.00596954,1157.5,-0.0962221,22.8454,0.000531858,998.435,2.73016
0.00596955,1143.9,-0.0984577,22.8457,0.000531858,998.435,2.73015
0.00596956,1130.16,-0.0977114,22.846,0.000531858,998.435,2.73014
0.00596957,1111.96,-0.0919115,22.8464,0.000531858,998.436,2.73012
0.00596958,1094.63,-0.0802607,22.8467,0.000531858,998.436,2.7301
0.00596959,1077.23,-0.0590283,22.8469,0.000531858,998.436,2.73008
0.0059696,1067.45,-0.0374189,22.8469,0.000531858,998.436,2.73006
0.00596961,1063.13,-0.0195665,22.8469,0.000531858,998.436,2.73004
0.00596961,1061.65,-0.00415778,22.8468,0.000531858,998.436,2.73003
0.00596962,1062.1,0.011082,22.8466,0.000531858,998.436,2.73002
0.00596962,1064.56,0.0265324,22.8464,0.000531858,998.436,2.73001
0.00596963,1070.57,0.0452887,22.8461,0.000531858,998.436,2.72999
0.00596964,1081.07,0.0643061,22.8457,0.000531858,998.436,2.72997
0.00596965,1095.94,0.0806317,22.8451,0.000531858,998.436,2.72995
0.00596966,1109.02,0.0895313,22.8447,0.000531858,998.436,2.72994
0.00596967,1121.18,0.0946025,22.8444,0.000531858,998.436,2.72992
0.00596967,1134.78,0.0972112,22.844,0.000531858,998.436,2.72991
0.00596968,1147.45,0.0969458,22.8437,0.000531858,998.436,2.7299
0.00596969,1165.5,0.0919695,22.8433,0.000531858,998.436,2.72988
0.0059697,1182.17,0.0817207,22.843,0.000531858,998.436,2.72986
0.00596971,1199.92,0.0617056,22.8427,0.000531858,998.436,2.72983
0.00596972,1208.98,0.0441305,22.8426,0.000531858,998.436,2.72982
0.00596973,1213.82,0.0289996,22.8426,0.000531858,998.436,2.7298
0.00596973,1216.51,0.0138695,22.8427,0.000531858,998.436,2.72979
0.00596974,1217.27,-0.00147394,22.8428,0.000531858,998.436,2.72978
0.00596975,1216.05,-0.0172801,22.8429,0.000531858,998.436,2.72976
0.00596975,1212.65,-0.0331194,22.8431,0.000531858,998.436,2.72975
0.00596976,1206.18,-0.0501344,22.8434,0.000531858,998.436,2.72973
0.00596977,1196.28,-0.0664618,22.8438,0.000531858,998.436,2.72972
0.00596978,1183.47,-0.0800523,22.8442,0.000531858,998.436,2.7297
0.00596979,1170.64,-0.0887812,22.8446,0.000531858,998.436,2.72968
0.00596979,1158.51,-0.0937987,22.8449,0.000531858,998.437,2.72967
0.0059698,1145,-0.0963177,22.8452,0.000531858,998.437,2.72965
0.00596981,1132.11,-0.0959324,22.8455,0.000531858,998.437,2.72964
0.00596982,1114.19,-0.0907759,22.8459,0.000531858,998.437,2.72962
0.00596983,1097.47,-0.080249,22.8462,0.000531858,998.437,2.7296
0.00596984,1079.98,-0.0601896,22.8464,0.000531858,998.437,2.72957
0.00596985,1069.49,-0.0383341,22.8464,0.000531858,998.437,2.72955
0.00596986,1064.87,-0.0202186,22.8464,0.000531858,998.438,2.72953
0.00596986,1063.28,-0.00497918,22.8463,0.000531858,998.438,2.72952
0.00596987,1063.61,0.00990581,22.8461,0.000531858,998.438,2.7295
0.00596988,1065.9,0.0251071,22.8459,0.000531858,998.438,2.72949
0.00596988,1071.49,0.0431471,22.8456,0.000531858,998.438,2.72947
0.00596989,1081.54,0.0619191,22.8452,0.000531858,998.438,2.72945
0.0059699,1097.44,0.0794481,22.8446,0.000531858,998.438,2.72943
0.00596991,1110.84,0.0882704,22.8442,0.000531858,998.437,2.72941
0.00596992,1122.98,0.093015,22.8439,0.000531858,998.437,2.72939
0.00596993,1136.46,0.0952478,22.8435,0.000531858,998.437,2.72938
0.00596993,1149.39,0.0945718,22.8432,0.000531858,998.437,2.72936
0.00596994,1167.07,0.0890071,22.8428,0.000531858,998.437,2.72934
0.00596995,1183.54,0.0779927,22.8424,0.000531858,998.437,2.72932
0.00596996,1200.45,0.0573885,22.8422,0.000531858,998.437,2.72929
0.00596997,1208.72,0.0398331,22.8421,0.000531858,998.437,2.72927
0.00596998,1213.07,0.0244766,22.8421,0.000531858,998.437,2.72926
0.00596999,1215.27,0.00867397,22.8422,0.000531858,998.437,2.72924
0.00596999,1215.39,-0.00642043,22.8423,0.000531858,998.437,2.72923
0.00597,1213.53,-0.021896,22.8425,0.000531858,998.437,2.72921
0.00597001,1208.88,-0.0390657,22.8427,0.000531858,998.437,2.72919
0.00597002,1201.05,-0.0559333,22.843,0.000531858,998.437,2.72917
0.00597002,1189.84,-0.0712267,22.8434,0.000531858,998.438,2.72915
0.00597003,1174.97,-0.0838755,22.8439,0.000531858,998.438,2.72913
0.00597004,1162.67,-0.090159,22.8442,0.000531858,998.438,2.72912
0.00597005,1150.48,-0.0935206,22.8445,0.000531858,998.438,2.7291
0.00597005,1137.53,-0.0943086,22.8448,0.000531858,998.438,2.72908
0.00597006,1122.2,-0.0916161,22.8451,0.000531858,998.438,2.72906
0.00597007,1105.12,-0.083512,22.8454,0.000531858,998.438,2.72904
0.00597008,1088.07,-0.0681864,22.8457,0.000531858,998.439,2.72902
0.0059701,1073.64,-0.0443738,22.8458,0.000531858,998.439,2.72899
0.00597011,1067.33,-0.0241878,22.8457,0.000531858,998.439,2.72896
0.00597011,1065.14,-0.0086321,22.8456,0.000531858,998.439,2.72895
0.00597012,1064.99,0.00583555,22.8455,0.000531858,998.439,2.72893
0.00597013,1066.79,0.021046,22.8453,0.000531858,998.439,2.72892
0.00597013,1071.12,0.0373118,22.845,0.000531858,998.439,2.7289
0.00597014,1080.03,0.0562717,22.8446,0.000531858,998.439,2.72888
0.00597015,1093.72,0.0735493,22.8441,0.000531858,998.439,2.72885
0.00597016,1106.69,0.0836541,22.8437,0.000531858,998.439,2.72883
0.00597017,1118.32,0.0893291,22.8434,0.000531858,998.439,2.72882
0.00597017,1130.14,0.0924548,22.843,0.000531858,998.439,2.7288
0.00597018,1142.54,0.0931544,22.8427,0.000531858,998.439,2.72878
0.00597019,1157.91,0.0903997,22.8423,0.000531858,998.439,2.72876
0.0059702,1174.52,0.0824098,22.842,0.000531858,998.439,2.72874
0.00597021,1191.46,0.066958,22.8417,0.000531858,998.439,2.72871
0.00597022,1203.5,0.0477293,22.8415,0.000531858,998.438,2.72869
0.00597023,1209.6,0.0313214,22.8415,0.000531858,998.438,2.72867
0.00597024,1212.83,0.0155778,22.8415,0.000531858,998.438,2.72865
0.00597024,1213.84,0.000831331,22.8416,0.000531858,998.439,2.72863
0.00597025,1212.87,-0.0149839,22.8417,0.000531858,998.439,2.72862
0.00597026,1210.01,-0.0294919,22.8419,0.000531858,998.439,2.7286
0.00597026,1202.75,-0.0488927,22.8422,0.000531858,998.439,2.72858
0.00597027,1192.79,-0.064774,22.8426,0.000531858,998.439,2.72856
0.00597028,1179.1,-0.0784719,22.843,0.000531858,998.439,2.72853
0.00597029,1167.41,-0.0858114,22.8433,0.000531858,998.439,2.72851
0.0059703,1155.91,-0.0901778,22.8436,0.000531858,998.439,2.7285
0.0059703,1143.14,-0.0921977,22.8439,0.000531858,998.439,2.72848
0.00597031,1130.23,-0.0914117,22.8442,0.000531858,998.439,2.72846
0.00597032,1113.16,-0.0858384,22.8445,0.000531858,998.44,2.72844
0.00597033,1096.94,-0.074753,22.8448,0.000531858,998.44,2.72841
0.00597034,1080.73,-0.0546555,22.845,0.000531858,998.44,2.72838
0.00597035,1071.78,-0.0345699,22.845,0.000531858,998.44,2.72836
0.00597036,1067.84,-0.0180064,22.8449,0.000531858,998.44,2.72834
0.00597037,1066.49,-0.00362123,22.8448,0.000531858,998.44,2.72832
0.00597037,1066.95,0.0106519,22.8446,0.000531858,998.44,2.7283
0.00597038,1069.28,0.0250898,22.8444,0.000531858,998.44,2.72829
0.00597039,1074.99,0.0427335,22.8441,0.000531858,998.44,2.72827
0.0059704,1084.88,0.0604851,22.8437,0.000531858,998.44,2.72824
0.00597041,1098.74,0.0755926,22.8432,0.000531858,998.44,2.72822
0.00597041,1110.92,0.0838406,22.8428,0.000531858,998.44,2.7282
0.00597042,1122.31,0.0885648,22.8425,0.000531858,998.44,2.72818
0.00597043,1135.03,0.090981,22.8421,0.000531858,998.44,2.72816
0.00597043,1146.92,0.0907056,22.8418,0.000531858,998.44,2.72814
0.00597044,1163.81,0.0860012,22.8414,0.000531858,998.44,2.72812
0.00597045,1179.44,0.0763379,22.8411,0.000531858,998.44,2.72809
0.00597047,1196.03,0.0575281,22.8408,0.000531858,998.44,2.72806
0.00597048,1204.9,0.0399481,22.8407,0.000531858,998.44,2.72804
0.00597048,1209.63,0.023977,22.8407,0.000531858,998.44,2.72802
0.00597049,1211.8,0.00899861,22.8407,0.000531858,998.44,2.728
0.0059705,1212.02,-0.00526775,22.8408,0.000531858,998.44,2.72798
0.0059705,1210.34,-0.0201002,22.841,0.000531858,998.44,2.72797
0.00597051,1206.18,-0.0361027,22.8412,0.000531858,998.44,2.72795
0.00597052,1197.64,-0.0544863,22.8415,0.000531858,998.44,2.72792
0.00597053,1186.39,-0.0692889,22.8419,0.000531858,998.44,2.7279
0.00597054,1172.68,-0.0805615,22.8423,0.000531858,998.44,2.72787
0.00597054,1161.08,-0.0863463,22.8426,0.000531858,998.441,2.72785
0.00597055,1149.46,-0.0894532,22.8429,0.000531858,998.441,2.72784
0.00597056,1137.17,-0.0901146,22.8431,0.000531858,998.441,2.72782
0.00597057,1122.32,-0.0873871,22.8434,0.000531858,998.441,2.7278
0.00597058,1106.07,-0.0794946,22.8437,0.000531858,998.441,2.72777
0.00597059,1089.72,-0.0645243,22.844,0.000531858,998.441,2.72774
0.0059706,1076.12,-0.0415738,22.844,0.000531858,998.441,2.7277
0.00597061,1070.27,-0.0223176,22.844,0.000531858,998.442,2.72768
0.00597062,1068.29,-0.00746024,22.8439,0.000531858,998.442,2.72766
0.00597062,1068.25,0.00637876,22.8437,0.000531858,998.442,2.72764
0.00597063,1070.07,0.020852,22.8435,0.000531858,998.442,2.72763
0.00597064,1074.41,0.0366485,22.8433,0.000531858,998.442,2.72761
0.00597065,1083.12,0.0546486,22.8429,0.000531858,998.442,2.72758
0.00597066,1096.56,0.0711335,22.8423,0.000531858,998.442,2.72755
0.00597066,1109,0.0804963,22.8419,0.000531858,998.442,2.72753
0.00597067,1120.18,0.0857104,22.8416,0.000531858,998.441,2.72751
0.00597068,1131.56,0.0884915,22.8413,0.000531858,998.441,2.72749
0.00597068,1143.39,0.0889251,22.8409,0.000531858,998.441,2.72748
0.00597069,1158.44,0.0858707,22.8406,0.000531858,998.441,2.72745
0.0059707,1174.22,0.0777764,22.8402,0.000531858,998.441,2.72743
0.00597071,1190.41,0.062207,22.8399,0.000531858,998.441,2.72739
0.00597072,1201.5,0.0434696,22.8398,0.000531858,998.441,2.72736
0.00597073,1207.18,0.0267746,22.8397,0.000531858,998.441,2.72734
0.00597074,1209.85,0.0113186,22.8398,0.000531858,998.441,2.72732
0.00597075,1210.37,-0.00265902,22.8399,0.000531858,998.441,2.7273
0.00597075,1209.01,-0.0174455,22.84,0.000531858,998.441,2.72729
0.00597076,1205.6,-0.0321214,22.8402,0.000531858,998.441,2.72727
0.00597077,1197.83,-0.0504423,22.8405,0.000531858,998.441,2.72724
0.00597078,1186.67,-0.0661358,22.8408,0.000531858,998.442,2.72721
0.00597079,1171.91,-0.0786245,22.8413,0.000531858,998.442,2.72718
0.0059708,1160.2,-0.084429,22.8416,0.000531858,998.442,2.72716
0.0059708,1148.74,-0.0874055,22.8418,0.000531858,998.442,2.72715
0.00597081,1136.63,-0.0879508,22.8421,0.000531858,998.442,2.72713
0.00597082,1122.13,-0.0851388,22.8424,0.000531858,998.442,2.7271
0.00597083,1106.23,-0.0772193,22.8427,0.000531858,998.442,2.72708
0.00597084,1090.35,-0.0623714,22.8429,0.000531858,998.443,2.72704
0.00597085,1077.19,-0.0396668,22.8429,0.000531858,998.443,2.72701
0.00597086,1071.68,-0.020863,22.8429,0.000531858,998.443,2.72698
0.00597087,1069.88,-0.00635079,22.8427,0.000531858,998.443,2.72696
0.00597087,1069.95,0.00717808,22.8426,0.000531858,998.443,2.72694
0.00597088,1071.84,0.0212489,22.8424,0.000531858,998.443,2.72693
0.00597089,1076.34,0.0369525,22.8421,0.000531858,998.443,2.7269
0.0059709,1085.07,0.0543908,22.8417,0.000531858,998.443,2.72688
0.00597091,1098.61,0.0704341,22.8412,0.000531858,998.443,2.72685
0.00597092,1110.8,0.0792189,22.8408,0.000531858,998.443,2.72682
0.00597092,1121.78,0.0840605,22.8405,0.000531858,998.443,2.72681
0.00597093,1134.13,0.0866548,22.8401,0.000531858,998.443,2.72678
0.00597094,1145.47,0.0865879,22.8398,0.000531858,998.443,2.72677
0.00597095,1161.34,0.0825032,22.8394,0.000531858,998.443,2.72674
0.00597096,1176.27,0.073707,22.8391,0.000531858,998.443,2.72671
0.00597097,1192.18,0.0564761,22.8388,0.000531858,998.443,2.72668
0.00597098,1201.42,0.0388589,22.8387,0.000531858,998.443,2.72665
0.00597099,1206.36,0.0222811,22.8386,0.000531858,998.443,2.72662
0.00597099,1208.32,0.00832182,22.8387,0.000531858,998.443,2.72661
0.005971,1208.5,-0.00515106,22.8388,0.000531858,998.443,2.72659
0.00597101,1206.9,-0.0192179,22.8389,0.000531858,998.443,2.72657
0.00597101,1202.93,-0.0343992,22.8391,0.000531858,998.443,2.72655
0.00597102,1194.79,-0.0519232,22.8394,0.000531858,998.443,2.72652
0.00597103,1182.8,-0.0673148,22.8398,0.000531858,998.443,2.72649
0.00597104,1169.91,-0.0774239,22.8401,0.000531858,998.443,2.72646
0.00597105,1158.84,-0.0826653,22.8404,0.000531858,998.443,2.72644
0.00597106,1147.73,-0.0853897,22.8407,0.000531858,998.443,2.72643
0.00597106,1136.11,-0.0857806,22.8409,0.000531858,998.443,2.72641
0.00597107,1121.59,-0.0827687,22.8412,0.000531858,998.444,2.72638
0.00597108,1106.23,-0.074821,22.8414,0.000531858,998.444,2.72635
0.00597109,1090.62,-0.0597678,22.8416,0.000531858,998.444,2.72632
0.00597111,1078.11,-0.0373389,22.8417,0.000531858,998.444,2.72628
0.00597111,1073.03,-0.019089,22.8416,0.000531858,998.444,2.72626
0.00597112,1071.45,-0.00495474,22.8415,0.000531858,998.444,2.72624
0.00597113,1071.68,0.00826679,22.8413,0.000531858,998.444,2.72622
0.00597113,1073.68,0.0219077,22.8411,0.000531858,998.444,2.7262
0.00597114,1078.42,0.0375961,22.8408,0.000531858,998.444,2.72618
0.00597115,1087.23,0.0544235,22.8404,0.000531858,998.444,2.72615
0.00597116,1101.01,0.0699908,22.8399,0.000531858,998.444,2.72612
0.00597117,1112.92,0.0780821,22.8395,0.000531858,998.444,2.72609
0.00597118,1123.7,0.0824783,22.8392,0.000531858,998.444,2.72607
0.00597118,1135.73,0.0846439,22.8388,0.000531858,998.444,2.72605
0.00597119,1146.91,0.0842443,22.8385,0.000531858,998.444,2.72603
0.0059712,1162.68,0.0796083,22.8381,0.000531858,998.444,2.726
0.00597121,1177.21,0.0703194,22.8378,0.000531858,998.444,2.72598
0.00597122,1192.53,0.052429,22.8375,0.000531858,998.444,2.72594
0.00597123,1200.98,0.0347903,22.8374,0.000531858,998.444,2.72591
0.00597124,1205.28,0.0183444,22.8374,0.000531858,998.444,2.72588
0.00597125,1206.74,0.00478142,22.8375,0.000531858,998.444,2.72587
0.00597125,1206.5,-0.00843723,22.8375,0.000531858,998.444,2.72585
0.00597126,1204.51,-0.0219529,22.8377,0.000531858,998.444,2.72583
0.00597127,1199.71,-0.0377694,22.8379,0.000531858,998.444,2.7258
0.00597128,1190.94,-0.0543736,22.8382,0.000531858,998.444,2.72578
0.00597129,1177.9,-0.0690924,22.8386,0.000531858,998.444,2.72574
0.0059713,1166.44,-0.0769785,22.8389,0.000531858,998.444,2.72572
0.0059713,1155.84,-0.0813927,22.8391,0.000531858,998.445,2.7257
0.00597131,1143.93,-0.0836181,22.8394,0.000531858,998.445,2.72568
0.00597132,1132.93,-0.083295,22.8396,0.000531858,998.445,2.72566
0.00597133,1117.25,-0.078801,22.8399,0.000531858,998.445,2.72563
0.00597134,1102.87,-0.0697698,22.8401,0.000531858,998.445,2.7256
0.00597135,1087.58,-0.0522835,22.8403,0.000531858,998.445,2.72557
0.00597136,1078.44,-0.0332303,22.8403,0.000531858,998.445,2.72553
0.00597137,1074.43,-0.0174728,22.8402,0.000531858,998.446,2.72551
0.00597137,1073.06,-0.00424826,22.8401,0.000531858,998.446,2.72549
0.00597138,1073.35,0.00866039,22.8399,0.000531858,998.446,2.72547
0.00597139,1075.35,0.0218366,22.8397,0.000531858,998.446,2.72545
0.00597139,1080.21,0.0374934,22.8394,0.000531858,998.446,2.72543
0.0059714,1088.93,0.0537574,22.839,0.000531858,998.446,2.7254
0.00597141,1102.74,0.0689435,22.8385,0.000531858,998.446,2.72537
0.00597142,1114.37,0.0765662,22.8381,0.000531858,998.446,2.72534
0.00597143,1124.92,0.0806648,22.8377,0.000531858,998.445,2.72532
0.00597144,1136.64,0.0825649,22.8374,0.000531858,998.445,2.7253
0.00597144,1147.88,0.0819305,22.8371,0.000531858,998.445,2.72528
0.00597145,1163.22,0.0770234,22.8367,0.000531858,998.445,2.72525
0.00597146,1177.51,0.0673752,22.8364,0.000531858,998.445,2.72522
0.00597148,1192.15,0.0493801,22.8361,0.000531858,998.445,2.72519
0.00597149,1200.33,0.0309794,22.836,0.000531858,998.445,2.72516
0.00597149,1203.95,0.0152482,22.836,0.000531858,998.445,2.72513
0.0059715,1205.03,0.00211685,22.8361,0.000531858,998.445,2.72511
0.00597151,1204.47,-0.0107857,22.8362,0.000531858,998.445,2.72509
0.00597151,1202.24,-0.0237439,22.8363,0.000531858,998.445,2.72507
0.00597152,1196.81,-0.0398472,22.8365,0.000531858,998.445,2.72505
0.00597153,1187.68,-0.0556106,22.8368,0.000531858,998.446,2.72502
0.00597154,1173.73,-0.0698198,22.8372,0.000531858,998.446,2.72499
0.00597155,1162.64,-0.0765061,22.8375,0.000531858,998.446,2.72496
0.00597156,1152.19,-0.0801449,22.8377,0.000531858,998.446,2.72494
0.00597156,1140.67,-0.0815874,22.838,0.000531858,998.446,2.72492
0.00597157,1128.78,-0.0803984,22.8382,0.000531858,998.446,2.7249
0.00597158,1113.67,-0.0747217,22.8385,0.000531858,998.446,2.72487
0.00597159,1099.26,-0.0638828,22.8386,0.000531858,998.447,2.72484
0.0059716,1085.44,-0.0450491,22.8387,0.000531858,998.447,2.7248
0.00597161,1078.45,-0.0275998,22.8387,0.000531858,998.447,2.72477
0.00597162,1075.53,-0.0136115,22.8386,0.000531858,998.447,2.72475
0.00597163,1074.63,-0.00105847,22.8385,0.000531858,998.447,2.72473
0.00597163,1075.32,0.0116227,22.8383,0.000531858,998.447,2.72471
0.00597164,1077.63,0.0242077,22.8381,0.000531858,998.447,2.72469
0.00597165,1083.37,0.0404177,22.8378,0.000531858,998.447,2.72467
0.00597166,1092.62,0.0557205,22.8373,0.000531858,998.447,2.72464
0.00597167,1104.39,0.0677737,22.8369,0.000531858,998.447,2.72461
0.00597167,1114.66,0.0744284,22.8365,0.000531858,998.447,2.72459
0.00597168,1124.64,0.0783985,22.8362,0.000531858,998.447,2.72457
0.00597169,1135.72,0.0803567,22.8359,0.000531858,998.447,2.72455
0.00597169,1146.51,0.0799512,22.8356,0.000531858,998.447,2.72453
0.0059717,1161.36,0.0755478,22.8352,0.000531858,998.447,2.7245
0.00597171,1175.3,0.0665798,22.8349,0.000531858,998.447,2.72447
0.00597173,1189.74,0.0496177,22.8346,0.000531858,998.447,2.72443
0.00597174,1198.12,0.0317453,22.8345,0.000531858,998.447,2.7244
0.00597174,1201.92,0.0164612,22.8345,0.000531858,998.447,2.72438
0.00597175,1203.18,0.00369385,22.8345,0.000531858,998.447,2.72436
0.00597176,1202.85,-0.00879775,22.8346,0.000531858,998.447,2.72434
0.00597176,1200.88,-0.0215007,22.8347,0.000531858,998.447,2.72432
0.00597177,1196.1,-0.0367299,22.8349,0.000531858,998.447,2.72429
0.00597178,1187.62,-0.0523378,22.8352,0.000531858,998.447,2.72427
0.00597179,1174.15,-0.0668701,22.8355,0.000531858,998.447,2.72423
0.0059718,1163.07,-0.0739398,22.8358,0.000531858,998.447,2.72421
0.00597181,1152.86,-0.0777424,22.8361,0.000531858,998.447,2.72419
0.00597181,1141.53,-0.0793958,22.8363,0.000531858,998.447,2.72417
0.00597182,1130.36,-0.0785371,22.8365,0.000531858,998.448,2.72414
0.00597183,1115.55,-0.0734109,22.8368,0.000531858,998.448,2.72412
0.00597184,1101.67,-0.0635521,22.8369,0.000531858,998.448,2.72409
0.00597185,1087.84,-0.0457594,22.837,0.000531858,998.448,2.72405
0.00597186,1080.56,-0.0287453,22.837,0.000531858,998.448,2.72402
0.00597187,1077.37,-0.0147949,22.8369,0.000531858,998.448,2.724
0.00597188,1076.3,-0.00250588,22.8368,0.000531858,998.448,2.72398
0.00597188,1076.78,0.00978068,22.8366,0.000531858,998.448,2.72396
0.00597189,1078.85,0.0221351,22.8364,0.000531858,998.448,2.72394
0.0059719,1083.95,0.0374859,22.8361,0.000531858,998.448,2.72391
0.00597191,1092.59,0.0526259,22.8357,0.000531858,998.448,2.72388
0.00597192,1104.36,0.0652264,22.8352,0.000531858,998.448,2.72386
0.00597193,1114.69,0.072129,22.8349,0.000531858,998.448,2.72383
0.00597193,1124.48,0.0761266,22.8346,0.000531858,998.448,2.72381
0.00597194,1135.39,0.0781335,22.8342,0.000531858,998.448,2.72379
0.00597195,1145.67,0.0778281,22.8339,0.000531858,998.448,2.72377
0.00597195,1160.17,0.0736767,22.8335,0.000531858,998.448,2.72374
0.00597196,1173.62,0.0652251,22.8332,0.000531858,998.448,2.72371
0.00597198,1187.81,0.0489103,22.8329,0.000531858,998.448,2.72368
0.00597199,1196.2,0.0313775,22.8328,0.000531858,998.448,2.72364
0.005972,1199.99,0.0164886,22.8328,0.000531858,998.448,2.72362
0.005972,1200.8,0.010721,22.8328,0.000531858,998.448,2.72361
0.005972,1200.98,0.00858852,22.8328,0.000531858,998.448,2.72361
0.005972,1201.25,0.00431319,22.8328,0.000531858,998.448,2.7236
0.00597201,1201.32,-0.0017148,22.8328,0.000531858,998.448,2.72359
0.00597201,1200.36,-0.0136609,22.8329,0.000531858,998.448,2.72357
0.00597202,1197.66,-0.0263346,22.8331,0.000531858,998.448,2.72355
0.00597203,1191.09,-0.0427485,22.8333,0.000531858,998.448,2.72353
0.00597204,1180.97,-0.0574393,22.8336,0.000531858,998.448,2.7235
0.00597205,1170,-0.0672832,22.8339,0.000531858,998.448,2.72347
0.00597205,1160.35,-0.072759,22.8341,0.000531858,998.449,2.72345
0.00597206,1150.67,-0.0759652,22.8343,0.000531858,998.449,2.72343
0.00597207,1140.16,-0.0771807,22.8345,0.000531858,998.449,2.72341
0.00597207,1128.5,-0.075898,22.8347,0.000531858,998.449,2.72339
0.00597208,1114.4,-0.0704054,22.835,0.000531858,998.449,2.72336
0.00597209,1100.55,-0.0596993,22.8351,0.000531858,998.449,2.72333
0.00597211,1087.75,-0.0417486,22.8352,0.000531858,998.449,2.72329
0.00597212,1081.36,-0.025285,22.8351,0.000531858,998.449,2.72326
0.00597212,1078.74,-0.0122235,22.835,0.000531858,998.45,2.72324
0.00597213,1077.97,-0.000395137,22.8349,0.000531858,998.45,2.72322
0.00597214,1078.82,0.0125613,22.8347,0.000531858,998.45,2.7232
0.00597214,1081.17,0.0242285,22.8345,0.000531858,998.45,2.72318
0.00597215,1087.23,0.040257,22.8341,0.000531858,998.45,2.72315
0.00597216,1096.24,0.054249,22.8337,0.000531858,998.45,2.72313
0.00597217,1106.95,0.0646919,22.8333,0.000531858,998.45,2.7231
0.00597218,1116.28,0.0705375,22.833,0.000531858,998.45,2.72308
0.00597218,1125.63,0.0741451,22.8327,0.000531858,998.45,2.72306
0.00597219,1135.97,0.0758772,22.8324,0.000531858,998.449,2.72304
0.0059722,1146.33,0.075388,22.8321,0.000531858,998.449,2.72302
0.00597221,1160.28,0.071085,22.8317,0.000531858,998.449,2.72299
0.00597222,1173.53,0.0623549,22.8314,0.000531858,998.449,2.72296
0.00597222,1179.42,0.0565158,22.8313,0.000531858,998.449,2.72295
0.00597223,1185.84,0.0480776,22.8311,0.000531858,998.449,2.72293
0.00597223,1188.6,0.0435174,22.8311,0.000531858,998.449,2.72292
0.00597223,1189.63,0.0415516,22.8311,0.000531858,998.449,2.72292
0.00597223,1191.56,0.0375305,22.831,0.000531858,998.449,2.72291
0.00597224,1194.01,0.0314961,22.831,0.000531858,998.449,2.7229
0.00597225,1197.57,0.0187948,22.831,0.000531858,998.449,2.72288
0.00597225,1199.22,0.0066797,22.831,0.000531858,998.449,2.72286
0.00597226,1199.27,-0.00569315,22.831,0.000531858,998.449,2.72284
0.00597227,1197.61,-0.0184779,22.8311,0.000531858,998.449,2.72282
0.00597227,1193.62,-0.0323532,22.8313,0.000531858,998.449,2.7228
0.00597228,1185.89,-0.0475984,22.8315,0.000531858,998.45,2.72277
0.00597229,1174.09,-0.0613149,22.8318,0.000531858,998.45,2.72274
0.0059723,1163.65,-0.0686473,22.8321,0.000531858,998.45,2.72271
0.00597231,1154.1,-0.0726974,22.8323,0.000531858,998.45,2.72269
0.00597232,1143.35,-0.0747624,22.8325,0.000531858,998.45,2.72267
0.00597232,1133.51,-0.0745126,22.8327,0.000531858,998.45,2.72265
0.00597233,1119.54,-0.0705791,22.8329,0.000531858,998.45,2.72263
0.00597234,1106.67,-0.0625889,22.8331,0.000531858,998.45,2.7226
0.00597235,1092.99,-0.0471043,22.8332,0.000531858,998.451,2.72256
0.00597236,1084.69,-0.0300319,22.8332,0.000531858,998.451,2.72253
0.00597237,1081.04,-0.0158771,22.8331,0.000531858,998.451,2.72251
0.00597238,1079.78,-0.00405875,22.8329,0.000531858,998.451,2.72249
0.00597239,1080,0.00744627,22.8328,0.000531858,998.451,2.72247
0.00597239,1081.75,0.0192124,22.8326,0.000531858,998.451,2.72245
0.0059724,1085.99,0.0330763,22.8323,0.000531858,998.451,2.72243
0.00597241,1093.68,0.0475979,22.8319,0.000531858,998.451,2.7224
0.00597242,1105.83,0.0611187,22.8314,0.000531858,998.451,2.72237
0.00597243,1116.2,0.068007,22.831,0.000531858,998.451,2.72235
0.00597243,1125.59,0.0717021,22.8307,0.000531858,998.451,2.72233
0.00597244,1136.04,0.0734298,22.8304,0.000531858,998.451,2.72231
0.00597245,1145.83,0.0729229,22.8301,0.000531858,998.451,2.72229
0.00597246,1159.48,0.0686619,22.8297,0.000531858,998.451,2.72226
0.00597247,1172.1,0.060318,22.8294,0.000531858,998.451,2.72223
0.00597248,1185.26,0.0444954,22.8291,0.000531858,998.451,2.72219
0.00597249,1192.77,0.0280221,22.829,0.000531858,998.451,2.72216
0.0059725,1196.02,0.0144601,22.829,0.000531858,998.451,2.72214
0.00597251,1197.11,0.00292108,22.829,0.000531858,998.451,2.72212
0.00597251,1196.75,-0.00843898,22.8291,0.000531858,998.451,2.7221
0.00597252,1194.91,-0.0199386,22.8292,0.000531858,998.451,2.72209
0.00597253,1190.41,-0.0339299,22.8293,0.000531858,998.451,2.72206
0.00597254,1182.59,-0.0480371,22.8295,0.000531858,998.451,2.72204
0.00597255,1171.49,-0.0601118,22.8298,0.000531858,998.451,2.72201
0.00597255,1161.83,-0.0665722,22.8301,0.000531858,998.451,2.72198
0.00597256,1152.71,-0.0702657,22.8302,0.000531858,998.451,2.72197
0.00597257,1142.49,-0.0720724,22.8305,0.000531858,998.451,2.72195
0.00597257,1132.86,-0.0716861,22.8306,0.000531858,998.452,2.72193
0.00597258,1119.37,-0.0676436,22.8308,0.000531858,998.452,2.7219
0.00597259,1106.92,-0.059599,22.831,0.000531858,998.452,2.72187
0.00597261,1093.88,-0.0442973,22.831,0.000531858,998.452,2.72184
0.00597262,1086.3,-0.0281398,22.831,0.000531858,998.452,2.72181
0.00597262,1082.97,-0.0147903,22.8309,0.000531858,998.452,2.72178
0.00597263,1081.82,-0.00349416,22.8308,0.000531858,998.452,2.72177
0.00597264,1082.09,0.00757637,22.8306,0.000531858,998.452,2.72175
0.00597264,1083.81,0.0188468,22.8304,0.000531858,998.452,2.72173
0.00597265,1088.01,0.0322959,22.8301,0.000531858,998.452,2.72171
0.00597266,1095.47,0.0461402,22.8298,0.000531858,998.452,2.72168
0.00597267,1104.17,0.0562959,22.8294,0.000531858,998.452,2.72166
0.00597267,1107.11,0.0588839,22.8293,0.000531858,998.452,2.72165
0.00597267,1110.78,0.0616456,22.8291,0.000531858,998.452,2.72164
0.00597268,1112.64,0.0628587,22.8291,0.000531858,998.452,2.72164
0.00597268,1114.39,0.0639014,22.829,0.000531858,998.452,2.72164
0.00597268,1115.91,0.064723,22.8289,0.000531858,998.452,2.72163
0.00597268,1117.56,0.0655265,22.8289,0.000531858,998.452,2.72163
0.00597268,1119.14,0.066216,22.8288,0.000531858,998.452,2.72163
0.00597268,1120.55,0.0667527,22.8288,0.000531858,998.452,2.72162
0.00597268,1122.18,0.0672827,22.8287,0.000531858,998.452,2.72162
0.00597268,1123.13,0.0675452,22.8287,0.000531858,998.452,2.72162
0.00597268,1123.86,0.0677235,22.8287,0.000531858,998.452,2.72162
0.00597269,1124.51,0.067864,22.8287,0.000531858,998.452,2.72161
0.00597269,1125.19,0.0679929,22.8286,0.000531858,998.452,2.72161
0.00597269,1125.96,0.0681131,22.8286,0.000531858,998.452,2.72161
0.00597269,1126.93,0.0682309,22.8286,0.000531858,998.452,2.72161
0.00597269,1128.47,0.0683332,22.8285,0.000531858,998.452,2.72161
0.00597269,1130.06,0.0683275,22.8285,0.000531858,998.452,2.7216
0.00597269,1132.46,0.0681009,22.8284,0.000531858,998.452,2.7216
0.00597269,1135.18,0.0675283,22.8283,0.000531858,998.452,2.72159
0.00597269,1137.84,0.0666532,22.8282,0.000531858,998.452,2.72159
0.0059727,1141.11,0.0651811,22.8282,0.000531858,998.452,2.72158
0.0059727,1144,0.0635549,22.8281,0.000531858,998.452,2.72157
0.0059727,1147.31,0.0614023,22.828,0.000531858,998.452,2.72157
0.0059727,1150.44,0.0591612,22.8279,0.000531858,998.452,2.72156
0.00597271,1154.04,0.0564718,22.8278,0.000531858,998.452,2.72155
0.00597271,1157.48,0.053905,22.8277,0.000531858,998.452,2.72154
0.00597271,1159.42,0.0524883,22.8277,0.000531858,998.452,2.72154
0.00597271,1160.17,0.0519419,22.8276,0.000531858,998.452,2.72154
0.00597271,1160.56,0.051665,22.8276,0.000531858,998.452,2.72154
0.00597271,1160.87,0.0514355,22.8276,0.000531858,998.452,2.72153
0.00597271,1161.12,0.0512592,22.8276,0.000531858,998.452,2.72153
0.00597271,1161.44,0.0510306,22.8276,0.000531858,998.452,2.72153
0.00597271,1161.76,0.0507972,22.8276,0.000531858,998.452,2.72153
0.00597272,1162.08,0.0505565,22.8276,0.000531858,998.452,2.72153
0.00597272,1162.36,0.0503473,22.8276,0.000531858,998.452,2.72153
0.00597272,1162.7,0.0500935,22.8276,0.000531858,998.452,2.72153
0.00597272,1163.06,0.0498135,22.8276,0.000531858,998.452,2.72153
0.00597272,1163.74,0.0492691,22.8275,0.000531858,998.452,2.72153
0.00597272,1164.93,0.04828,22.8275,0.000531858,998.452,2.72152
0.00597272,1166.17,0.0471716,22.8275,0.000531858,998.452,2.72152
0.00597272,1168.55,0.0448127,22.8274,0.000531858,998.452,2.72151
0.00597272,1170.63,0.0424843,22.8274,0.000531858,998.452,2.72151
0.00597273,1172.09,0.0406867,22.8273,0.000531858,998.452,2.7215
0.00597273,1173.36,0.0389757,22.8273,0.000531858,998.452,2.7215
0.00597273,1174.6,0.0371604,22.8273,0.000531858,998.452,2.72149
0.00597273,1176.07,0.0348031,22.8273,0.000531858,998.452,2.72149
0.00597273,1177.75,0.0317682,22.8272,0.000531858,998.452,2.72148
0.00597274,1179.58,0.0279335,22.8272,0.000531858,998.452,2.72147
0.00597274,1181.4,0.0232552,22.8271,0.000531858,998.452,2.72146
0.00597274,1183.09,0.0176186,22.8271,0.000531858,998.452,2.72145
0.00597275,1184.44,0.0109157,22.8271,0.000531858,998.452,2.72144
0.00597275,1185.2,0.00296123,22.8271,0.000531858,998.452,2.72142
0.00597276,1184.98,-0.00640766,22.8271,0.000531858,998.452,2.7214
0.00597277,1183.52,-0.0157086,22.8272,0.000531858,998.452,2.72139
0.00597278,1179.82,-0.0272054,22.8273,0.000531858,998.452,2.72136
0.00597279,1173.52,-0.0384683,22.8275,0.000531858,998.452,2.72134
0.0059728,1163.43,-0.0489892,22.8277,0.000531858,998.452,2.72131
0.00597281,1155.14,-0.0539925,22.8279,0.000531858,998.453,2.72128
0.00597281,1147.57,-0.0565541,22.828,0.000531858,998.453,2.72126
0.00597282,1139.25,-0.0574804,22.8282,0.000531858,998.453,2.72124
0.00597283,1131.23,-0.0565832,22.8283,0.000531858,998.453,2.72123
0.00597284,1120.53,-0.0524752,22.8284,0.000531858,998.453,2.7212
0.00597285,1110.67,-0.0449932,22.8285,0.000531858,998.453,2.72117
0.00597286,1100.88,-0.0316412,22.8285,0.000531858,998.453,2.72114
0.00597287,1095.96,-0.0193048,22.8284,0.000531858,998.453,2.72111
0.00597288,1093.92,-0.0094645,22.8283,0.000531858,998.453,2.72109
0.00597288,1093.31,-0.000700114,22.8282,0.000531858,998.453,2.72108
0.00597289,1093.78,0.00812262,22.8281,0.000531858,998.453,2.72106
0.00597289,1095.39,0.0168654,22.8279,0.000531858,998.454,2.72104
0.0059729,1099.33,0.0280503,22.8276,0.000531858,998.454,2.72102
0.00597291,1100.8,0.0310021,22.8276,0.000531858,998.454,2.72101
0.00597291,1102.06,0.0332459,22.8275,0.000531858,998.454,2.72101
0.00597291,1102.82,0.034485,22.8275,0.000531858,998.454,2.721
0.00597291,1103.63,0.0357193,22.8274,0.000531858,998.454,2.721
0.00597291,1104.34,0.0367502,22.8274,0.000531858,998.454,2.721
0.00597291,1105.02,0.037671,22.8273,0.000531858,998.454,2.721
0.00597291,1105.74,0.0385952,22.8273,0.000531858,998.454,2.72099
0.00597291,1106.42,0.0394194,22.8273,0.000531858,998.454,2.72099
0.00597291,1107.21,0.0403094,22.8272,0.000531858,998.454,2.72099
0.00597292,1107.98,0.0411063,22.8272,0.000531858,998.454,2.72099
0.00597292,1108.43,0.0415308,22.8272,0.000531858,998.454,2.72099
0.00597292,1108.81,0.0418796,22.8272,0.000531858,998.454,2.72098
0.00597292,1109.23,0.0422384,22.8272,0.000531858,998.454,2.72098
0.00597292,1109.63,0.0425584,22.8271,0.000531858,998.454,2.72098
0.00597292,1110.33,0.0430645,22.8271,0.000531858,998.454,2.72098
0.00597292,1111.48,0.0437492,22.8271,0.000531858,998.454,2.72098
0.00597292,1112.55,0.0442172,22.827,0.000531858,998.454,2.72097
0.00597292,1114.32,0.0446181,22.827,0.000531858,998.454,2.72097
0.00597292,1116.3,0.044498,22.8269,0.000531858,998.454,2.72096
0.00597293,1118.32,0.0437601,22.8268,0.000531858,998.454,2.72096
0.00597293,1120.46,0.0423189,22.8267,0.000531858,998.454,2.72095
0.00597293,1122.77,0.0400539,22.8266,0.000531858,998.454,2.72094
0.00597293,1124.89,0.0374156,22.8265,0.000531858,998.454,2.72093
0.00597294,1126.65,0.0348907,22.8265,0.000531858,998.454,2.72093
0.00597294,1128.14,0.0326111,22.8264,0.000531858,998.454,2.72092
0.00597294,1129.5,0.0304867,22.8264,0.000531858,998.454,2.72092
0.00597294,1130.92,0.0283435,22.8263,0.000531858,998.454,2.72091
0.00597295,1132.16,0.0266185,22.8263,0.000531858,998.454,2.7209
0.00597295,1133.61,0.0249047,22.8262,0.000531858,998.454,2.7209
0.00597295,1135.11,0.0235592,22.8262,0.000531858,998.454,2.72089
0.00597295,1136.49,0.0227709,22.8261,0.000531858,998.454,2.72088
0.00597296,1137.64,0.022417,22.8261,0.000531858,998.454,2.72087
0.00597296,1138.01,0.0223588,22.8261,0.000531858,998.454,2.72087
0.00597296,1138.21,0.0223374,22.826,0.000531858,998.454,2.72087
0.00597296,1138.42,0.0223206,22.826,0.000531858,998.454,2.72087
0.00597296,1138.61,0.022309,22.826,0.000531858,998.454,2.72087
0.00597296,1138.8,0.0222982,22.826,0.000531858,998.454,2.72087
0.00597296,1138.99,0.0222867,22.826,0.000531858,998.454,2.72087
0.00597296,1139.17,0.0222744,22.826,0.000531858,998.454,2.72087
0.00597296,1139.37,0.0222577,22.826,0.000531858,998.454,2.72086
0.00597296,1139.6,0.0222365,22.826,0.000531858,998.454,2.72086
0.00597296,1139.97,0.0221929,22.826,0.000531858,998.454,2.72086
0.00597296,1140.72,0.0220771,22.826,0.000531858,998.454,2.72086
0.00597297,1141.52,0.0219088,22.8259,0.000531858,998.454,2.72085
0.00597297,1142.59,0.0216093,22.8259,0.000531858,998.454,2.72085
0.00597297,1143.64,0.0212322,22.8258,0.000531858,998.454,2.72084
0.00597297,1144.58,0.0208232,22.8258,0.000531858,998.454,2.72083
0.00597297,1145.36,0.0204243,22.8258,0.000531858,998.454,2.72083
0.00597298,1145.98,0.0200685,22.8258,0.000531858,998.454,2.72082
0.00597298,1146.57,0.0196971,22.8257,0.000531858,998.454,2.72082
0.00597298,1147.16,0.0192885,22.8257,0.000531858,998.454,2.72082
0.00597298,1147.82,0.0187918,22.8257,0.000531858,998.454,2.72081
0.00597298,1148.68,0.0180619,22.8257,0.000531858,998.454,2.72081
0.00597299,1149.63,0.0171532,22.8256,0.000531858,998.454,2.7208
0.00597299,1150.73,0.0159265,22.8256,0.000531858,998.454,2.72079
0.00597299,1151.85,0.014436,22.8256,0.000531858,998.454,2.72078
0.005973,1153.03,0.0125174,22.8255,0.000531858,998.454,2.72077
0.005973,1154.15,0.010184,22.8255,0.000531858,998.454,2.72076
0.00597301,1155.17,0.00722017,22.8254,0.000531858,998.454,2.72074
0.00597301,1155.9,0.0035815,22.8254,0.000531858,998.454,2.72072
0.00597302,1156.14,-5.77591e-06,22.8254,0.000531858,998.454,2.72071
0.00597303,1155.88,-0.00373452,22.8253,0.000531858,998.454,2.72069
0.00597303,1155.14,-0.00724758,22.8253,0.000531858,998.454,2.72067
0.00597304,1153.34,-0.0118153,22.8253,0.000531858,998.454,2.72065
0.00597305,1150.63,-0.0158404,22.8253,0.000531858,998.454,2.72062
0.00597306,1146.95,-0.019103,22.8254,0.000531858,998.454,2.7206
0.00597307,1143.66,-0.0207595,22.8254,0.000531858,998.454,2.72057
0.00597308,1140.59,-0.0214956,22.8254,0.000531858,998.454,2.72056
0.00597309,1137.28,-0.0215144,22.8254,0.000531858,998.454,2.72054
0.00597309,1134.22,-0.0208201,22.8254,0.000531858,998.454,2.72052
0.0059731,1130.59,-0.0189923,22.8254,0.000531858,998.454,2.7205
0.00597311,1127.05,-0.0158339,22.8254,0.000531858,998.454,2.72047
0.00597313,1123.77,-0.0107098,22.8253,0.000531858,998.455,2.72044
0.00597314,1122.21,-0.00618481,22.8252,0.000531858,998.455,2.72041
0.00597314,1121.63,-0.00276433,22.8251,0.000531858,998.455,2.7204
0.00597315,1121.49,0.000309116,22.825,0.000531858,998.455,2.72038
0.00597315,1121.74,0.00360004,22.825,0.000531858,998.455,2.72037
0.00597316,1122,0.00508843,22.8249,0.000531858,998.455,2.72036
0.00597316,1122.18,0.00588611,22.8249,0.000531858,998.455,2.72036
0.00597316,1122.36,0.00658039,22.8249,0.000531858,998.455,2.72035
0.00597316,1122.55,0.00721571,22.8248,0.000531858,998.455,2.72035
0.00597316,1122.76,0.00783852,22.8248,0.000531858,998.455,2.72035
0.00597316,1122.96,0.00836656,22.8248,0.000531858,998.455,2.72034
0.00597317,1123.18,0.00886869,22.8248,0.000531858,998.455,2.72034
0.00597317,1123.42,0.0093607,22.8247,0.000531858,998.455,2.72034
0.00597317,1123.56,0.00960719,22.8247,0.000531858,998.455,2.72033
0.00597317,1123.68,0.00980578,22.8247,0.000531858,998.455,2.72033
0.00597317,1123.81,0.00999242,22.8247,0.000531858,998.455,2.72033
0.00597317,1123.95,0.010181,22.8247,0.000531858,998.455,2.72033
0.00597317,1124.16,0.010418,22.8247,0.000531858,998.455,2.72033
0.00597317,1124.51,0.0106995,22.8247,0.000531858,998.455,2.72032
0.00597317,1124.93,0.0108599,22.8246,0.000531858,998.455,2.72032
0.00597318,1125.41,0.0107872,22.8246,0.000531858,998.455,2.72031
0.00597318,1125.92,0.0104033,22.8245,0.000531858,998.455,2.72031
0.00597318,1126.49,0.00955644,22.8245,0.000531858,998.455,2.7203
0.00597318,1127.04,0.00823595,22.8245,0.000531858,998.455,2.72029
0.00597319,1127.5,0.00662323,22.8244,0.000531858,998.455,2.72028
0.00597319,1127.89,0.00469467,22.8244,0.000531858,998.455,2.72028
0.00597319,1128.13,0.00293163,22.8243,0.000531858,998.455,2.72027
0.0059732,1128.25,0.00161025,22.8243,0.000531858,998.455,2.72026
0.0059732,1128.3,0.000653976,22.8243,0.000531858,998.455,2.72026
0.0059732,1128.31,-0.000151113,22.8243,0.000531858,998.455,2.72025
0.0059732,1128.29,-0.000824975,22.8242,0.000531858,998.455,2.72025
0.00597321,1128.24,-0.00145936,22.8242,0.000531858,998.455,2.72024
0.00597321,1128.13,-0.00196367,22.8242,0.000531858,998.455,2.72023
0.00597321,1128,-0.00215506,22.8242,0.000531858,998.455,2.72022
0.00597321,1127.87,-0.00209137,22.8241,0.000531858,998.455,2.72022
0.00597322,1127.77,-0.00189163,22.8241,0.000531858,998.455,2.72021
0.00597322,1127.7,-0.00164052,22.8241,0.000531858,998.455,2.7202
0.00597322,1127.64,-0.0013705,22.8241,0.000531858,998.455,2.7202
0.00597322,1127.59,-0.00108281,22.8241,0.000531858,998.455,2.7202
0.00597323,1127.55,-0.000759264,22.824,0.000531858,998.455,2.72019
0.00597323,1127.52,-0.000412016,22.824,0.000531858,998.455,2.72018
0.00597323,1127.51,-0.000167105,22.824,0.000531858,998.455,2.72018
0.00597323,1127.51,1.59381e-05,22.824,0.000531858,998.455,2.72018
0.00597323,1127.51,0.000185444,22.824,0.000531858,998.455,2.72017
0.00597323,1127.52,0.000314104,22.824,0.000531858,998.455,2.72017
0.00597324,1127.54,0.000452087,22.8239,0.000531858,998.455,2.72017
0.00597324,1127.55,0.000520612,22.8239,0.000531858,998.455,2.72016
0.00597324,1127.58,0.000499737,22.8239,0.000531858,998.455,2.72015
0.00597324,1127.6,0.000349958,22.8239,0.000531858,998.455,2.72015
0.00597325,1127.61,-7.48435e-05,22.8238,0.000531858,998.455,2.72014
0.00597325,1127.59,-0.00057409,22.8238,0.000531858,998.455,2.72013
0.00597325,1127.53,-0.00126137,22.8238,0.000531858,998.455,2.72013
0.00597325,1127.42,-0.00206356,22.8238,0.000531858,998.455,2.72012
0.00597326,1127.24,-0.00298762,22.8237,0.000531858,998.455,2.72011
0.00597326,1126.99,-0.00397539,22.8237,0.000531858,998.455,2.7201
0.00597327,1126.61,-0.00497718,22.8237,0.000531858,998.455,2.72009
0.00597327,1126.1,-0.00590873,22.8236,0.000531858,998.455,2.72008
0.00597328,1125.51,-0.00656244,22.8236,0.000531858,998.455,2.72007
0.00597328,1124.82,-0.00697319,22.8236,0.000531858,998.455,2.72006
0.00597329,1124.14,-0.00713079,22.8235,0.000531858,998.455,2.72004
0.00597329,1123.37,-0.00715412,22.8235,0.000531858,998.455,2.72003
0.0059733,1122.56,-0.00714586,22.8235,0.000531858,998.455,2.72002
0.0059733,1121.63,-0.00726377,22.8234,0.000531858,998.455,2.72
0.00597331,1120.67,-0.00763376,22.8234,0.000531858,998.456,2.71999
0.00597331,1119.69,-0.00824663,22.8233,0.000531858,998.456,2.71997
0.00597332,1118.5,-0.00916031,22.8233,0.000531858,998.456,2.71996
0.00597333,1117.05,-0.0102683,22.8232,0.000531858,998.456,2.71994
0.00597334,1115.34,-0.0113615,22.8232,0.000531858,998.456,2.71992
0.00597335,1113.18,-0.0123484,22.8232,0.000531858,998.456,2.7199
0.00597335,1110.91,-0.0130286,22.8231,0.000531858,998.456,2.71988
0.00597336,1108.24,-0.0136182,22.8231,0.000531858,998.456,2.71986
0.00597337,1105.66,-0.0141759,22.823,0.000531858,998.456,2.71983
0.00597338,1102.88,-0.0148775,22.8229,0.000531858,998.456,2.71981
0.00597339,1099.6,-0.0158074,22.8229,0.000531858,998.456,2.71979
0.0059734,1096.71,-0.0166252,22.8228,0.000531858,998.456,2.71977
0.00597341,1093.39,-0.0174667,22.8228,0.000531858,998.456,2.71975
0.00597342,1089.41,-0.0183012,22.8227,0.000531858,998.456,2.71972
0.00597344,1083.28,-0.0193538,22.8227,0.000531858,998.456,2.71968
0.00597346,1075.14,-0.0205845,22.8226,0.000531858,998.457,2.71964
0.00597348,1066.5,-0.0217687,22.8225,0.000531858,998.457,2.71959
0.0059735,1057.4,-0.0228375,22.8224,0.000531858,998.457,2.71955
0.00597352,1047.9,-0.0237358,22.8223,0.000531858,998.457,2.7195
0.00597354,1038.07,-0.0244618,22.8222,0.000531858,998.457,2.71946
0.00597356,1027.97,-0.0250293,22.8221,0.000531858,998.458,2.71941
0.00597358,1017.66,-0.025439,22.822,0.000531858,998.458,2.71937
0.0059736,1007.22,-0.0256826,22.8219,0.000531858,998.458,2.71932
0.00597362,996.713,-0.0257547,22.8218,0.000531858,998.458,2.71928
0.00597364,986.207,-0.0256555,22.8218,0.000531858,998.458,2.71924
0.00597366,975.773,-0.0253873,22.8217,0.000531858,998.458,2.7192
0.00597368,965.481,-0.0249522,22.8216,0.000531858,998.459,2.71915
0.0059737,955.398,-0.0243525,22.8215,0.000531858,998.459,2.71911
0.00597372,945.591,-0.023592,22.8214,0.000531858,998.459,2.71907
0.00597374,936.126,-0.0226757,22.8213,0.000531858,998.459,2.71903
0.00597376,927.064,-0.0216097,22.8212,0.000531858,998.459,2.71899
0.00597378,918.467,-0.020401,22.8212,0.000531858,998.459,2.71895
0.0059738,910.39,-0.0190575,22.8211,0.000531858,998.46,2.71891
0.00597382,902.889,-0.0175882,22.821,0.000531858,998.46,2.71887
0.00597384,896.012,-0.0160026,22.8209,0.000531858,998.46,2.71883
0.00597386,889.806,-0.0143114,22.8208,0.000531858,998.46,2.71879
0.00597388,884.311,-0.0125256,22.8207,0.000531858,998.46,2.71875
0.0059739,879.564,-0.0106572,22.8207,0.000531858,998.46,2.71871
0.00597392,875.596,-0.00871843,22.8206,0.000531858,998.461,2.71867
0.00597394,872.435,-0.00672219,22.8205,0.000531858,998.461,2.71863
0.00597396,870.1,-0.00468169,22.8204,0.000531858,998.461,2.71859
0.00597398,868.607,-0.00261046,22.8203,0.000531858,998.461,2.71856
0.005974,867.967,-0.000522239,22.8203,0.000531858,998.461,2.71852
0.00597402,868.183,0.00156917,22.8202,0.000531858,998.461,2.71848
0.00597404,869.253,0.00364994,22.8201,0.000531858,998.461,2.71845
0.00597406,871.171,0.00570625,22.82,0.000531858,998.461,2.71841
0.00597408,873.923,0.00772448,22.8199,0.000531858,998.461,2.71837
0.0059741,877.491,0.00969127,22.8199,0.000531858,998.461,2.71834
0.00597412,881.851,0.0115936,22.8198,0.000531858,998.462,2.7183
0.00597414,886.975,0.013419,22.8197,0.000531858,998.462,2.71827
0.00597416,892.827,0.0151552,22.8196,0.000531858,998.462,2.71823
0.00597418,899.369,0.016791,22.8195,0.000531858,998.462,2.7182
0.0059742,906.557,0.0183154,22.8195,0.000531858,998.462,2.71817
0.00597422,914.344,0.0197185,22.8194,0.000531858,998.462,2.71813
0.00597424,922.677,0.020991,22.8193,0.000531858,998.462,2.7181
0.00597426,931.501,0.0221246,22.8192,0.000531858,998.462,2.71807
0.00597428,940.757,0.0231119,22.8191,0.000531858,998.462,2.71803
0.0059743,950.384,0.0239464,22.819,0.000531858,998.462,2.718
0.00597432,960.318,0.0246228,22.819,0.000531858,998.462,2.71797
0.00597434,970.493,0.0251366,22.8189,0.000531858,998.462,2.71794
0.00597436,980.841,0.0254848,22.8188,0.000531858,998.462,2.71791
0.00597438,991.295,0.025665,22.8187,0.000531858,998.462,2.71788
0.0059744,1001.78,0.0256763,22.8186,0.000531858,998.462,2.71784
0.00597442,1012.24,0.0255189,22.8186,0.000531858,998.462,2.71781
0.00597444,1022.6,0.0251939,22.8185,0.000531858,998.462,2.71778
0.00597446,1032.78,0.0247038,22.8184,0.000531858,998.462,2.71776
0.00597448,1042.73,0.0240521,22.8183,0.000531858,998.462,2.71773
0.0059745,1052.37,0.0232434,22.8182,0.000531858,998.462,2.7177
0.00597452,1061.66,0.0222834,22.8181,0.000531858,998.462,2.71767
0.00597454,1070.51,0.0211788,22.8181,0.000531858,998.462,2.71764
0.00597456,1078.89,0.0199373,22.818,0.000531858,998.462,2.71761
0.00597458,1086.73,0.0185677,22.8179,0.000531858,998.462,2.71759
0.0059746,1093.98,0.0170795,22.8178,0.000531858,998.463,2.71756
0.00597462,1100.61,0.0154834,22.8177,0.000531858,998.463,2.71753
0.00597464,1106.56,0.0137906,22.8176,0.000531858,998.463,2.7175
0.00597466,1111.8,0.012013,22.8175,0.000531858,998.463,2.71748
0.00597468,1116.31,0.0101634,22.8174,0.000531858,998.463,2.71745
0.00597469,1117.71,0.00950204,22.8174,0.000531858,998.463,2.71744
0.00597469,1118.5,0.00910252,22.8174,0.000531858,998.463,2.71744
0.00597469,1119.06,0.00880573,22.8174,0.000531858,998.463,2.71743
0.0059747,1119.6,0.00851454,22.8174,0.000531858,998.463,2.71743
0.0059747,1120.3,0.00811478,22.8173,0.000531858,998.463,2.71743
0.0059747,1120.85,0.00777877,22.8173,0.000531858,998.463,2.71742
0.00597471,1121.47,0.0073858,22.8173,0.000531858,998.463,2.71742
0.00597471,1122.18,0.00690832,22.8173,0.000531858,998.463,2.71741
0.00597472,1122.86,0.00640998,22.8173,0.000531858,998.463,2.7174
0.00597473,1124.04,0.00542735,22.8172,0.000531858,998.463,2.71739
0.00597475,1125.82,0.0034529,22.8171,0.000531858,998.463,2.71737
0.00597477,1126.82,0.00144663,22.817,0.000531858,998.463,2.71734
0.00597479,1127,-0.000555757,22.817,0.000531858,998.463,2.71732
0.00597481,1126.37,-0.00255094,22.8169,0.000531858,998.463,2.7173
0.00597483,1124.93,-0.00453281,22.8168,0.000531858,998.464,2.71727
0.00597485,1122.68,-0.00649114,22.8167,0.000531858,998.464,2.71725
0.00597487,1119.66,-0.00841313,22.8166,0.000531858,998.464,2.71723
0.00597489,1115.85,-0.0102853,22.8165,0.000531858,998.464,2.7172
0.00597491,1111.3,-0.0120942,22.8164,0.000531858,998.464,2.71718
0.00597493,1106.03,-0.0138272,22.8163,0.000531858,998.464,2.71716
0.00597495,1100.07,-0.0154721,22.8162,0.000531858,998.464,2.71714
0.00597496,1096.6,-0.0163154,22.8162,0.000531858,998.464,2.71713
0.00597497,1093.84,-0.0169367,22.8161,0.000531858,998.464,2.71712
0.00597498,1090.31,-0.0176751,22.8161,0.000531858,998.465,2.71711
0.00597499,1086.28,-0.0184509,22.816,0.000531858,998.465,2.7171
0.005975,1079.52,-0.0196162,22.816,0.000531858,998.465,2.71708
0.00597502,1073.38,-0.0205459,22.8159,0.000531858,998.465,2.71707
0.00597503,1066.97,-0.0214061,22.8158,0.000531858,998.465,2.71705
0.00597505,1058.03,-0.0224409,22.8157,0.000531858,998.465,2.71703
0.00597507,1049.25,-0.0232886,22.8157,0.000531858,998.465,2.71702
0.00597509,1039.59,-0.0240466,22.8156,0.000531858,998.466,2.717
0.00597511,1029.65,-0.0246493,22.8155,0.000531858,998.466,2.71698
0.00597513,1019.5,-0.0250901,22.8154,0.000531858,998.466,2.71696
0.00597515,1009.19,-0.0253648,22.8153,0.000531858,998.466,2.71694
0.00597517,998.806,-0.0254712,22.8152,0.000531858,998.466,2.71693
0.00597519,988.409,-0.0254088,22.8151,0.000531858,998.466,2.71691
0.00597521,978.07,-0.0251782,22.815,0.000531858,998.467,2.71689
0.00597523,967.856,-0.0247813,22.815,0.000531858,998.467,2.71688
0.00597525,957.835,-0.0242206,22.8149,0.000531858,998.467,2.71686
0.00597527,948.075,-0.0234999,22.8148,0.000531858,998.467,2.71685
0.00597529,938.639,-0.0226241,22.8147,0.000531858,998.467,2.71683
0.00597531,929.59,-0.0215988,22.8146,0.000531858,998.467,2.71682
0.00597533,920.989,-0.0204309,22.8145,0.000531858,998.468,2.7168
0.00597535,912.893,-0.019128,22.8144,0.000531858,998.468,2.71679
0.00597537,905.355,-0.0176987,22.8144,0.000531858,998.468,2.71677
0.00597539,898.425,-0.0161525,22.8143,0.000531858,998.468,2.71676
0.00597541,892.149,-0.0144997,22.8142,0.000531858,998.468,2.71675
0.00597543,886.57,-0.012751,22.8141,0.000531858,998.468,2.71674
0.00597545,881.724,-0.0109182,22.814,0.000531858,998.469,2.71672
0.00597547,877.642,-0.00901328,22.8139,0.000531858,998.469,2.71671
0.00597549,874.354,-0.00704895,22.8139,0.000531858,998.469,2.7167
0.00597551,871.879,-0.00503819,22.8138,0.000531858,998.469,2.71669
0.00597553,870.235,-0.00299432,22.8137,0.000531858,998.469,2.71668
0.00597555,869.432,-0.000930921,22.8136,0.000531858,998.469,2.71667
0.00597557,869.476,0.00113838,22.8135,0.000531858,998.469,2.71666
0.00597559,870.365,0.0031999,22.8135,0.000531858,998.469,2.71665
0.00597561,872.095,0.00523995,22.8134,0.000531858,998.469,2.71664
0.00597563,874.654,0.00724501,22.8133,0.000531858,998.47,2.71663
0.00597565,878.023,0.00920181,22.8132,0.000531858,998.47,2.71662
0.00597567,882.182,0.0110974,22.8131,0.000531858,998.47,2.71661
0.00597569,887.101,0.0129193,22.8131,0.000531858,998.47,2.71661
0.00597571,892.749,0.0146554,22.813,0.000531858,998.47,2.7166
0.00597573,899.087,0.0162943,22.8129,0.000531858,998.47,2.71659
0.00597575,906.073,0.0178252,22.8128,0.000531858,998.47,2.71658
0.00597577,913.661,0.019238,22.8127,0.000531858,998.47,2.71658
0.00597579,921.8,0.0205233,22.8127,0.000531858,998.47,2.71657
0.00597581,930.436,0.0216728,22.8126,0.000531858,998.47,2.71657
0.00597583,939.511,0.022679,22.8125,0.000531858,998.47,2.71656
0.00597585,948.966,0.0235353,22.8124,0.000531858,998.47,2.71656
0.00597587,958.737,0.0242361,22.8123,0.000531858,998.47,2.71655
0.00597589,968.76,0.0247769,22.8123,0.000531858,998.47,2.71655
0.00597591,978.968,0.0251544,22.8122,0.000531858,998.47,2.71654
0.00597593,989.293,0.025366,22.8121,0.000531858,998.47,2.71654
0.00597595,999.668,0.0254107,22.812,0.000531858,998.47,2.71654
0.00597597,1010.02,0.0252883,22.8119,0.000531858,998.47,2.71653
0.00597599,1020.29,0.0249998,22.8118,0.000531858,998.47,2.71653
0.00597601,1030.41,0.0245474,22.8118,0.000531858,998.47,2.71653
0.00597603,1040.3,0.0239343,22.8117,0.000531858,998.47,2.71653
0.00597605,1049.91,0.0231648,22.8116,0.000531858,998.47,2.71653
0.00597607,1059.16,0.0222443,22.8115,0.000531858,998.471,2.71653
0.00597609,1068.01,0.0211793,22.8114,0.000531858,998.471,2.71652
0.00597611,1076.4,0.019977,22.8113,0.000531858,998.471,2.71652
0.00597613,1084.26,0.0186459,22.8112,0.000531858,998.471,2.71652
0.00597615,1091.56,0.0171951,22.8112,0.000531858,998.471,2.71652
0.00597617,1098.24,0.0156348,22.8111,0.000531858,998.471,2.71653
0.00597619,1104.26,0.0139753,22.811,0.000531858,998.471,2.71653
0.00597621,1109.59,0.0122278,22.8109,0.000531858,998.471,2.71653
0.00597622,1110.59,0.0118595,22.8109,0.000531858,998.471,2.71653
0.00597622,1111.44,0.0115379,22.8109,0.000531858,998.471,2.71653
0.00597622,1112.35,0.011177,22.8108,0.000531858,998.471,2.71653
0.00597623,1113.03,0.0108967,22.8108,0.000531858,998.471,2.71653
0.00597623,1113.79,0.0105757,22.8108,0.000531858,998.471,2.71653
0.00597624,1114.71,0.0101673,22.8108,0.000531858,998.471,2.71653
0.00597624,1115.87,0.00962204,22.8108,0.000531858,998.471,2.71653
0.00597625,1118,0.00851797,22.8107,0.000531858,998.471,2.71653
0.00597627,1120.44,0.00702093,22.8107,0.000531858,998.471,2.71653
0.00597629,1122.9,0.00506326,22.8106,0.000531858,998.471,2.71654
0.00597631,1124.55,0.00308903,22.8105,0.000531858,998.471,2.71654
0.00597633,1125.4,0.0011056,22.8104,0.000531858,998.471,2.71654
0.00597635,1125.45,-0.000877755,22.8103,0.000531858,998.471,2.71655
0.00597637,1124.69,-0.0028518,22.8102,0.000531858,998.472,2.71655
0.00597639,1123.13,-0.00480806,22.8101,0.000531858,998.472,2.71656
0.00597641,1120.79,-0.0067369,22.81,0.000531858,998.472,2.71656
0.00597643,1117.66,-0.00862773,22.8099,0.000531858,998.472,2.71657
0.00597645,1113.78,-0.0104677,22.8098,0.000531858,998.472,2.71657
0.00597647,1109.16,-0.0122431,22.8097,0.000531858,998.472,2.71658
0.00597649,1103.84,-0.0139405,22.8097,0.000531858,998.472,2.71659
0.00597651,1097.83,-0.0155479,22.8096,0.000531858,998.473,2.71659
0.00597653,1091.2,-0.0170549,22.8095,0.000531858,998.473,2.7166
0.00597654,1087.5,-0.0177977,22.8094,0.000531858,998.473,2.7166
0.00597655,1084.71,-0.0183199,22.8094,0.000531858,998.473,2.71661
0.00597655,1081.37,-0.0189038,22.8093,0.000531858,998.473,2.71661
0.00597657,1077.24,-0.0195722,22.8093,0.000531858,998.473,2.71661
0.00597658,1072.13,-0.0203256,22.8092,0.000531858,998.473,2.71662
0.00597659,1066.3,-0.0210983,22.8092,0.000531858,998.473,2.71662
0.00597661,1060.34,-0.0218017,22.8091,0.000531858,998.473,2.71663
0.00597662,1052.63,-0.0225946,22.809,0.000531858,998.473,2.71664
0.00597664,1044.65,-0.0232893,22.809,0.000531858,998.474,2.71665
0.00597666,1035,-0.0239708,22.8089,0.000531858,998.474,2.71666
0.00597668,1025.11,-0.0244999,22.8088,0.000531858,998.474,2.71667
0.0059767,1015.02,-0.0248694,22.8087,0.000531858,998.474,2.71668
0.00597672,1004.82,-0.0250746,22.8086,0.000531858,998.474,2.71669
0.00597674,994.569,-0.025113,22.8085,0.000531858,998.474,2.7167
0.00597676,984.331,-0.0249845,22.8084,0.000531858,998.475,2.71671
0.00597678,974.177,-0.0246901,22.8084,0.000531858,998.475,2.71672
0.0059768,964.174,-0.0242322,22.8083,0.000531858,998.475,2.71673
0.00597682,954.389,-0.0236141,22.8082,0.000531858,998.475,2.71675
0.00597684,944.887,-0.0228398,22.8081,0.000531858,998.475,2.71676
0.00597686,935.731,-0.0219147,22.808,0.000531858,998.476,2.71677
0.00597688,926.981,-0.0208447,22.8079,0.000531858,998.476,2.71679
0.0059769,918.697,-0.0196371,22.8078,0.000531858,998.476,2.7168
0.00597692,910.932,-0.0182997,22.8078,0.000531858,998.476,2.71681
0.00597694,903.739,-0.0168414,22.8077,0.000531858,998.476,2.71683
0.00597696,897.164,-0.0152718,22.8076,0.000531858,998.476,2.71684
0.00597698,891.253,-0.0136014,22.8075,0.000531858,998.476,2.71686
0.005977,886.044,-0.0118411,22.8074,0.000531858,998.477,2.71687
0.00597702,881.571,-0.0100027,22.8074,0.000531858,998.477,2.71689
0.00597704,877.865,-0.00809826,22.8073,0.000531858,998.477,2.71691
0.00597706,874.95,-0.00614045,22.8072,0.000531858,998.477,2.71692
0.00597708,872.845,-0.00414223,22.8071,0.000531858,998.477,2.71694
0.0059771,871.564,-0.00211683,22.807,0.000531858,998.477,2.71696
0.00597712,871.116,-7.7705e-05,22.8069,0.000531858,998.477,2.71698
0.00597714,871.503,0.00196167,22.8069,0.000531858,998.477,2.71699
0.00597716,872.722,0.00398783,22.8068,0.000531858,998.478,2.71701
0.00597718,874.767,0.0059873,22.8067,0.000531858,998.478,2.71703
0.0059772,877.622,0.00794684,22.8066,0.000531858,998.478,2.71705
0.00597722,881.269,0.00985348,22.8065,0.000531858,998.478,2.71707
0.00597724,885.683,0.0116946,22.8065,0.000531858,998.478,2.71709
0.00597726,890.834,0.0134581,22.8064,0.000531858,998.478,2.71711
0.00597728,896.69,0.0151323,22.8063,0.000531858,998.478,2.71713
0.0059773,903.209,0.0167062,22.8062,0.000531858,998.478,2.71715
0.00597732,910.35,0.0181693,22.8061,0.000531858,998.478,2.71718
0.00597734,918.063,0.019512,22.8061,0.000531858,998.478,2.7172
0.00597736,926.299,0.0207256,22.806,0.000531858,998.478,2.71722
0.00597738,935.002,0.0218021,22.8059,0.000531858,998.478,2.71724
0.0059774,944.114,0.0227344,22.8058,0.000531858,998.478,2.71727
0.00597742,953.575,0.0235165,22.8057,0.000531858,998.478,2.71729
0.00597744,963.322,0.0241432,22.8057,0.000531858,998.478,2.71731
0.00597746,973.291,0.0246107,22.8056,0.000531858,998.478,2.71734
0.00597748,983.415,0.024916,22.8055,0.000531858,998.478,2.71736
0.0059775,993.627,0.0250571,22.8054,0.000531858,998.478,2.71739
0.00597752,1003.86,0.0250333,22.8053,0.000531858,998.479,2.71741
0.00597754,1014.05,0.024845,22.8052,0.000531858,998.479,2.71744
0.00597756,1024.12,0.0244936,22.8052,0.000531858,998.479,2.71746
0.00597758,1034.01,0.0239817,22.8051,0.000531858,998.479,2.71749
0.0059776,1043.66,0.0233128,22.805,0.000531858,998.479,2.71752
0.00597762,1053.01,0.0224917,22.8049,0.000531858,998.479,2.71754
0.00597764,1061.98,0.021524,22.8048,0.000531858,998.479,2.71757
0.00597766,1070.53,0.0204165,22.8047,0.000531858,998.479,2.7176
0.00597768,1078.59,0.0191766,22.8047,0.000531858,998.479,2.71763
0.0059777,1086.12,0.0178129,22.8046,0.000531858,998.479,2.71765
0.00597772,1093.07,0.0163345,22.8045,0.000531858,998.479,2.71768
0.00597774,1099.4,0.0147509,22.8044,0.000531858,998.479,2.71771
0.00597775,1101.12,0.0142714,22.8044,0.000531858,998.479,2.71772
0.00597775,1102.24,0.0139433,22.8044,0.000531858,998.479,2.71773
0.00597775,1102.97,0.0137265,22.8043,0.000531858,998.479,2.71773
0.00597775,1103.66,0.0135146,22.8043,0.000531858,998.479,2.71773
0.00597776,1104.6,0.0132184,22.8043,0.000531858,998.479,2.71774
0.00597776,1105.73,0.0128515,22.8043,0.000531858,998.479,2.71775
0.00597776,1106.28,0.012666,22.8043,0.000531858,998.479,2.71775
0.00597777,1107.27,0.0123229,22.8043,0.000531858,998.479,2.71775
0.00597777,1108.15,0.0120049,22.8043,0.000531858,998.479,2.71776
0.00597778,1109.85,0.0113607,22.8042,0.000531858,998.479,2.71777
0.00597779,1111.93,0.0105033,22.8042,0.000531858,998.479,2.71778
0.00597781,1115.4,0.00886378,22.8041,0.000531858,998.479,2.71781
0.00597783,1118.62,0.00696819,22.804,0.000531858,998.479,2.71784
0.00597785,1121.06,0.00504198,22.8039,0.000531858,998.479,2.71787
0.00597787,1122.71,0.00309331,22.8038,0.000531858,998.479,2.7179
0.00597789,1123.57,0.00113444,22.8037,0.000531858,998.48,2.71794
0.00597791,1123.63,-0.000823069,22.8037,0.000531858,998.48,2.71797
0.00597793,1122.9,-0.00277052,22.8036,0.000531858,998.48,2.718
0.00597795,1121.38,-0.00470035,22.8035,0.000531858,998.48,2.71803
0.00597797,1119.09,-0.00660303,22.8034,0.000531858,998.48,2.71807
0.00597799,1116.02,-0.00846759,22.8033,0.000531858,998.48,2.7181
0.00597801,1112.21,-0.0102813,22.8032,0.000531858,998.48,2.71813
0.00597803,1107.67,-0.012031,22.8031,0.000531858,998.48,2.71817
0.00597805,1102.44,-0.0137041,22.803,0.000531858,998.481,2.7182
0.00597807,1096.54,-0.015289,22.8029,0.000531858,998.481,2.71824
0.00597809,1090.01,-0.0167748,22.8028,0.000531858,998.481,2.71827
0.00597811,1082.9,-0.0181516,22.8027,0.000531858,998.481,2.71831
0.00597812,1079.09,-0.018803,22.8027,0.000531858,998.481,2.71833
0.00597812,1076.2,-0.0192649,22.8027,0.000531858,998.481,2.71834
0.00597813,1072.64,-0.0197964,22.8026,0.000531858,998.481,2.71836
0.00597814,1068.46,-0.0203724,22.8026,0.000531858,998.481,2.71837
0.00597816,1062.38,-0.021127,22.8025,0.000531858,998.481,2.7184
0.00597817,1055.79,-0.0218476,22.8024,0.000531858,998.482,2.71843
0.00597819,1049.39,-0.0224583,22.8024,0.000531858,998.482,2.71846
0.0059782,1041.04,-0.0231353,22.8023,0.000531858,998.482,2.71849
0.00597822,1032.76,-0.0236812,22.8022,0.000531858,998.482,2.71852
0.00597824,1022.99,-0.0241733,22.8021,0.000531858,998.482,2.71856
0.00597826,1013.05,-0.02451,22.802,0.000531858,998.482,2.7186
0.00597828,1003,-0.0246855,22.802,0.000531858,998.482,2.71864
0.0059783,992.909,-0.024697,22.8019,0.000531858,998.483,2.71868
0.00597832,982.845,-0.0245439,22.8018,0.000531858,998.483,2.71872
0.00597834,972.875,-0.0242276,22.8017,0.000531858,998.483,2.71876
0.00597836,963.065,-0.0237505,22.8016,0.000531858,998.483,2.7188
0.00597838,953.481,-0.0231161,22.8015,0.000531858,998.483,2.71884
0.0059784,944.185,-0.0223288,22.8014,0.000531858,998.484,2.71888
0.00597842,935.24,-0.0213938,22.8014,0.000531858,998.484,2.71892
0.00597844,926.705,-0.0203175,22.8013,0.000531858,998.484,2.71896
0.00597846,918.637,-0.019107,22.8012,0.000531858,998.484,2.719
0.00597848,911.089,-0.0177702,22.8011,0.000531858,998.484,2.71904
0.0059785,904.111,-0.016316,22.801,0.000531858,998.484,2.71909
0.00597852,897.751,-0.014754,22.8009,0.000531858,998.484,2.71913
0.00597854,892.049,-0.0130945,22.8009,0.000531858,998.485,2.71917
0.00597856,887.045,-0.0113486,22.8008,0.000531858,998.485,2.71922
0.00597858,882.77,-0.0095278,22.8007,0.000531858,998.485,2.71926
0.0059786,879.255,-0.00764411,22.8006,0.000531858,998.485,2.71931
0.00597862,876.521,-0.00571005,22.8005,0.000531858,998.485,2.71935
0.00597864,874.586,-0.00373842,22.8005,0.000531858,998.485,2.7194
0.00597866,873.465,-0.0017423,22.8004,0.000531858,998.485,2.71944
0.00597868,873.163,0.000265084,22.8003,0.000531858,998.486,2.71949
0.0059787,873.684,0.00227048,22.8002,0.000531858,998.486,2.71953
0.00597872,875.023,0.00426058,22.8001,0.000531858,998.486,2.71958
0.00597874,877.171,0.00622219,22.8,0.000531858,998.486,2.71963
0.00597876,880.114,0.00814233,22.8,0.000531858,998.486,2.71967
0.00597878,883.832,0.0100083,22.7999,0.000531858,998.486,2.71972
0.0059788,888.301,0.0118078,22.7998,0.000531858,998.486,2.71977
0.00597882,893.49,0.0135289,22.7997,0.000531858,998.486,2.71982
0.00597884,899.365,0.0151602,22.7996,0.000531858,998.486,2.71987
0.00597886,905.887,0.016691,22.7996,0.000531858,998.486,2.71992
0.00597888,913.012,0.0181112,22.7995,0.000531858,998.486,2.71997
0.0059789,920.693,0.0194115,22.7994,0.000531858,998.486,2.72002
0.00597892,928.879,0.0205833,22.7993,0.000531858,998.486,2.72007
0.00597894,937.515,0.0216189,22.7992,0.000531858,998.486,2.72012
0.00597896,946.543,0.0225116,22.7992,0.000531858,998.486,2.72017
0.00597898,955.905,0.0232556,22.7991,0.000531858,998.486,2.72022
0.005979,965.537,0.023846,22.799,0.000531858,998.486,2.72027
0.00597902,975.377,0.0242791,22.7989,0.000531858,998.487,2.72032
0.00597904,985.358,0.0245522,22.7988,0.000531858,998.487,2.72037
0.00597906,995.415,0.0246637,22.7988,0.000531858,998.487,2.72043
0.00597908,1005.48,0.0246128,22.7987,0.000531858,998.487,2.72048
0.0059791,1015.49,0.0244003,22.7986,0.000531858,998.487,2.72053
0.00597912,1025.38,0.0240276,22.7985,0.000531858,998.487,2.72059
0.00597914,1035.08,0.0234974,22.7984,0.000531858,998.487,2.72064
0.00597916,1044.53,0.0228135,22.7983,0.000531858,998.487,2.72069
0.00597918,1053.66,0.0219805,22.7983,0.000531858,998.487,2.72075
0.0059792,1062.42,0.0210043,22.7982,0.000531858,998.487,2.7208
0.00597922,1070.76,0.0198915,22.7981,0.000531858,998.487,2.72086
0.00597924,1078.61,0.0186495,22.798,0.000531858,998.487,2.72091
0.00597926,1085.93,0.0172867,22.7979,0.000531858,998.487,2.72097
0.00597928,1092.66,0.0158116,22.7978,0.000531858,998.487,2.72103
0.00597929,1094.79,0.0152911,22.7978,0.000531858,998.487,2.72105
0.00597929,1095.98,0.0149879,22.7978,0.000531858,998.487,2.72106
0.00597929,1096.82,0.0147689,22.7978,0.000531858,998.487,2.72106
0.0059793,1097.54,0.0145758,22.7978,0.000531858,998.487,2.72107
0.0059793,1098.35,0.0143522,22.7977,0.000531858,998.487,2.72108
0.0059793,1099.36,0.0140668,22.7977,0.000531858,998.487,2.72109
0.00597931,1100.29,0.0137959,22.7977,0.000531858,998.487,2.7211
0.00597931,1101.1,0.0135536,22.7977,0.000531858,998.487,2.72111
0.00597931,1102.15,0.0132299,22.7977,0.000531858,998.487,2.72112
0.00597932,1103.16,0.0129038,22.7977,0.000531858,998.487,2.72113
0.00597932,1105.12,0.0122422,22.7976,0.000531858,998.487,2.72115
0.00597933,1107.13,0.01151,22.7976,0.000531858,998.487,2.72117
0.00597935,1110.77,0.0100196,22.7975,0.000531858,998.487,2.72122
0.00597937,1114.48,0.00818616,22.7974,0.000531858,998.487,2.72128
0.00597939,1117.42,0.00631223,22.7973,0.000531858,998.487,2.72134
0.00597941,1119.6,0.00440745,22.7973,0.000531858,998.487,2.7214
0.00597943,1121,0.00248424,22.7972,0.000531858,998.488,2.72145
0.00597945,1121.62,0.000555112,22.7971,0.000531858,998.488,2.72151
0.00597947,1121.45,-0.00137015,22.797,0.000531858,998.488,2.72157
0.00597949,1120.5,-0.00328365,22.7969,0.000531858,998.488,2.72163
0.00597951,1118.78,-0.00517651,22.7968,0.000531858,998.488,2.72169
0.00597953,1116.3,-0.00703897,22.7967,0.000531858,998.488,2.72175
0.00597955,1113.06,-0.00885947,22.7966,0.000531858,998.488,2.72182
0.00597957,1109.1,-0.0106254,22.7965,0.000531858,998.488,2.72188
0.00597959,1104.43,-0.0123242,22.7964,0.000531858,998.489,2.72194
0.00597961,1099.09,-0.0139441,22.7963,0.000531858,998.489,2.722
0.00597963,1093.1,-0.015474,22.7963,0.000531858,998.489,2.72206
0.00597965,1086.51,-0.0169035,22.7962,0.000531858,998.489,2.72212
0.00597967,1079.35,-0.0182228,22.7961,0.000531858,998.489,2.72219
0.00597968,1075.13,-0.0189087,22.796,0.000531858,998.489,2.72222
0.00597969,1072.22,-0.0193468,22.796,0.000531858,998.489,2.72225
0.0059797,1068.92,-0.0198108,22.796,0.000531858,998.489,2.72227
0.0059797,1067.7,-0.0199742,22.7959,0.000531858,998.489,2.72228
0.0059797,1067.26,-0.0200323,22.7959,0.000531858,998.489,2.72229
0.0059797,1066.37,-0.0201474,22.7959,0.000531858,998.489,2.72229
0.00597971,1065.1,-0.020309,22.7959,0.000531858,998.489,2.7223
0.00597971,1062.53,-0.0206234,22.7959,0.000531858,998.489,2.72232
0.00597972,1058.05,-0.0211321,22.7958,0.000531858,998.49,2.72236
0.00597973,1053.29,-0.0216232,22.7958,0.000531858,998.49,2.72239
0.00597975,1047.65,-0.0221433,22.7957,0.000531858,998.49,2.72243
0.00597976,1040.71,-0.0226976,22.7957,0.000531858,998.49,2.72248
0.00597978,1032.93,-0.0232143,22.7956,0.000531858,998.49,2.72253
0.0059798,1023.46,-0.0237013,22.7955,0.000531858,998.49,2.7226
0.00597982,1013.71,-0.0240452,22.7954,0.000531858,998.49,2.72266
0.00597984,1003.85,-0.024233,22.7953,0.000531858,998.491,2.72273
0.00597986,993.937,-0.0242605,22.7952,0.000531858,998.491,2.7228
0.00597988,984.048,-0.0241264,22.7952,0.000531858,998.491,2.72286
0.0059799,974.245,-0.0238314,22.7951,0.000531858,998.491,2.72293
0.00597991,966.274,-0.0234689,22.795,0.000531858,998.491,2.72298
0.00597992,963.766,-0.0233313,22.795,0.000531858,998.491,2.723
0.00597993,960.643,-0.0231436,22.7949,0.000531858,998.491,2.72302
0.00597993,959.224,-0.0230523,22.7949,0.000531858,998.491,2.72303
0.00597993,958.897,-0.0230306,22.7949,0.000531858,998.491,2.72304
0.00597993,958.245,-0.0229868,22.7949,0.000531858,998.491,2.72304
0.00597993,956.943,-0.0228972,22.7949,0.000531858,998.491,2.72305
0.00597994,954.53,-0.0227224,22.7949,0.000531858,998.491,2.72307
0.00597994,953.606,-0.0226524,22.7949,0.000531858,998.491,2.72307
0.00597994,953.603,-0.0226522,22.7949,0.000531858,998.491,2.72307
0.00597994,953.597,-0.0226518,22.7949,0.000531858,998.491,2.72307
0.00597994,953.593,-0.0226514,22.7949,0.000531858,998.491,2.72307
0.00597994,953.588,-0.0226511,22.7949,0.000531858,998.491,2.72307
0.00597994,953.58,-0.0226504,22.7949,0.000531858,998.491,2.72308
0.00597994,953.562,-0.022649,22.7949,0.000531858,998.491,2.72308
0.00597994,953.526,-0.0226463,22.7949,0.000531858,998.491,2.72308
0.00597994,953.481,-0.0226428,22.7949,0.000531858,998.491,2.72308
0.00597994,953.414,-0.0226377,22.7949,0.000531858,998.491,2.72308
0.00597994,953.33,-0.0226312,22.7949,0.000531858,998.491,2.72308
0.00597994,953.219,-0.0226226,22.7949,0.000531858,998.491,2.72308
0.00597994,953.081,-0.0226119,22.7949,0.000531858,998.491,2.72308
0.00597994,952.907,-0.0225984,22.7949,0.000531858,998.491,2.72308
0.00597994,952.693,-0.0225816,22.7949,0.000531858,998.491,2.72308
0.00597994,952.426,-0.0225606,22.7949,0.000531858,998.491,2.72308
0.00597994,952.096,-0.0225345,22.7949,0.000531858,998.491,2.72309
0.00597994,951.684,-0.0225015,22.7949,0.000531858,998.491,2.72309
0.00597995,951.163,-0.0224592,22.7949,0.000531858,998.491,2.72309
0.00597995,950.488,-0.0224037,22.7949,0.000531858,998.492,2.7231
0.00597995,949.588,-0.0223283,22.7948,0.000531858,998.492,2.7231
0.00597995,949.146,-0.0222906,22.7948,0.000531858,998.492,2.72311
0.00597995,948.756,-0.022257,22.7948,0.000531858,998.492,2.72311
0.00597995,948.568,-0.0222406,22.7948,0.000531858,998.492,2.72311
0.00597995,948.235,-0.0222116,22.7948,0.000531858,998.492,2.72311
0.00597995,948.143,-0.0222036,22.7948,0.000531858,998.492,2.72312
0.00597995,947.983,-0.0221895,22.7948,0.000531858,998.492,2.72312
0.00597995,947.939,-0.0221856,22.7948,0.000531858,998.492,2.72312
0.00597995,947.862,-0.0221787,22.7948,0.000531858,998.492,2.72312
0.00597995,947.853,-0.022178,22.7948,0.000531858,998.492,2.72312
0.00597995,947.837,-0.0221766,22.7948,0.000531858,998.492,2.72312
0.00597995,947.805,-0.0221737,22.7948,0.000531858,998.492,2.72312
0.00597995,947.801,-0.0221734,22.7948,0.000531858,998.492,2.72312
0.00597995,947.794,-0.0221728,22.7948,0.000531858,998.492,2.72312
0.00597995,947.793,-0.0221727,22.7948,0.000531858,998.492,2.72312
0.00597995,947.791,-0.0221725,22.7948,0.000531858,998.492,2.72312
0.00597995,946.118,-0.0221724,22.7948,0.000531858,998.492,2.72312
0.00597995,942.584,-0.0221722,22.7948,0.000531858,998.492,2.72312
0.00597995,936.161,-0.0221717,22.7948,0.000531858,998.492,2.72312
0.00597995,929.266,-0.022171,22.7948,0.000531858,998.492,2.72312
0.00597995,921.563,-0.0221701,22.7948,0.000531858,998.492,2.72312
0.00597995,912.5,-0.0221689,22.7948,0.000531858,998.492,2.72312
0.00597995,902.599,-0.0221672,22.7948,0.000531858,998.492,2.72312
0.00597995,887.786,-0.0221642,22.7948,0.000531858,998.492,2.72312
0.00597995,868.211,-0.0221592,22.7948,0.000531858,998.492,2.72312
0.00597995,840.618,-0.0221502,22.7948,0.000531858,998.492,2.72312
0.00597995,805.039,-0.0221349,22.7948,0.000531858,998.492,2.72312
0.00597995,757.614,-0.0221074,22.7948,0.000531858,998.492,2.72312
0.00597995,696.18,-0.022058,22.7948,0.000531858,998.492,2.72312
0.00597995,629.235,-0.0219829,22.7948,0.000531858,998.492,2.72312
0.00597995,547.755,-0.0218542,22.7948,0.000531858,998.492,2.72312
0.00597995,456.263,-0.0216452,22.7948,0.000531858,998.492,2.72312
0.00597995,349.325,-0.0212757,22.7948,0.000531858,998.492,2.72312
0.00597995,256.14,-0.0207744,22.7948,0.000531858,998.492,2.72312
0.00597995,189.45,-0.0202299,22.7948,0.000531858,998.492,2.72312
0.00597995,139.749,-0.0196375,22.7948,0.000531858,998.492,2.72312
0.00597995,104.707,-0.0190441,22.7948,0.000531858,998.492,2.72312
0.00597995,78.4032,-0.0184266,22.7948,0.000531858,998.492,2.72312
0.00597995,59.1339,-0.0178076,22.7948,0.000531858,998.492,2.72312
0.00597995,44.4485,-0.0171687,22.7948,0.000531858,998.492,2.72312
0.00597995,33.4974,-0.0165266,22.7948,0.000531858,998.492,2.72312
0.00597995,25.1676,-0.0158709,22.7948,0.000531858,998.492,2.72312
0.00597995,18.9369,-0.0152137,22.7948,0.000531858,998.492,2.72312
0.00597995,14.2228,-0.0145489,22.7948,0.000531858,998.492,2.72312
0.00597995,10.6939,-0.0138844,22.7948,0.000531858,998.492,2.72312
0.00597995,8.03189,-0.0132158,22.7948,0.000531858,998.492,2.72312
0.00597995,6.0366,-0.012548,22.7948,0.000531858,998.492,2.72312
0.00597995,4.53346,-0.0118781,22.7948,0.000531858,998.492,2.72312
0.00597995,3.40555,-0.0112091,22.7948,0.000531858,998.492,2.72312
0.00597995,2.55653,-0.0105392,22.7948,0.000531858,998.492,2.72312
0.00597995,1.91909,-0.00987021,22.7948,0.000531858,998.492,2.72312
0.00597995,1.43961,-0.00920118,22.7948,0.000531858,998.492,2.72312
0.00597995,1.07959,-0.00853332,22.7948,0.000531858,998.492,2.72312
0.00597995,0.808972,-0.00786607,22.7948,0.000531858,998.492,2.72312
0.00597995,0.605836,-0.0072003,22.7948,0.000531858,998.492,2.72312
0.00597995,0.453292,-0.00653576,22.7948,0.000531858,998.492,2.72312
0.00597995,0.338875,-0.00587313,22.7948,0.000531858,998.492,2.72312
0.00597995,0.253075,-0.00521242,22.7948,0.000531858,998.492,2.72312
0.00597995,0.188822,-0.00455422,22.7948,0.000531858,998.492,2.72312
0.00597995,0.14075,-0.0038987,22.7948,0.000531858,998.492,2.72312
0.00597995,0.104855,-0.00324642,22.7948,0.000531858,998.492,2.72312
0.00597995,0.0781069,-0.00259763,22.7948,0.000531858,998.492,2.72312
0.00597995,0.0582379,-0.00195278,22.7948,0.000531858,998.492,2.72312
0.00597995,0.0435365,-0.001312,22.7948,0.000531858,998.492,2.72312
0.00597995,0.0327194,-0.000675355,22.7948,0.000531858,998.492,2.72312
0.00597995,0.02482,-4.23972e-05,22.7948,0.000531858,998.492,2.72312
0.00597995,0.0191138,0.000587865,22.7948,0.000531858,998.492,2.72312
0.00597995,0.0150629,0.00121653,22.7948,0.000531858,998.492,2.72312
0.00597995,0.012261,0.00184631,22.7948,0.000531858,998.492,2.72312
0.00597995,0.0104073,0.00248172,22.7948,0.000531858,998.492,2.72312
0.00597995,0.00928393,0.00312977,22.7948,0.000531858,998.492,2.72312
0.00597995,0.0087391,0.00380057,22.7948,0.000531858,998.492,2.72312
0.00597995,0.00867541,0.00450808,22.7948,0.000531858,998.492,2.72312
0.00597995,0.0090407,0.00527083,22.7948,0.000531858,998.492,2.72312
0.00597995,0.00983469,0.00612517,22.7948,0.000531858,998.492,2.72312
0.00597995,0.0110967,0.0071075,22.7948,0.000531858,998.492,2.72312
0.00597995,0.0129041,0.00826744,22.7948,0.000531858,998.492,2.72312
0.00597995,0.0153758,0.00967254,22.7948,0.000531858,998.492,2.72312
0.00597995,0.0187034,0.0114273,22.7948,0.000531858,998.492,2.72312
0.00597995,0.0232066,0.0137017,22.7948,0.000531858,998.492,2.72312
0.00597995,0.02948,0.0168038,22.7948,0.000531858,998.492,2.72312
0.00597995,0.0387532,0.0213545,22.7948,0.000531858,998.492,2.72312
0.00597996,0.053994,0.0288236,22.7948,0.000531858,998.492,2.72312
0.00597996,0.079922,0.0415226,22.7948,0.000531858,998.492,2.72313
0.00597996,0.107161,0.0548443,22.7948,0.000531858,998.492,2.72313
0.00597996,0.133812,0.0678587,22.7947,0.000531858,998.492,2.72313
0.00597996,0.167345,0.0842115,22.7947,0.000531858,998.492,2.72313
0.00597996,0.201042,0.100613,22.7947,0.000531858,998.491,2.72313
0.00597996,0.257621,0.128035,22.7945,0.000531858,998.491,2.72314
0.00597996,0.295482,0.146247,22.7944,0.000531858,998.491,2.72314
0.00597996,0.320514,0.158129,22.7943,0.000531858,998.491,2.72315
0.00597996,0.331705,0.163197,22.7942,0.000531858,998.491,2.72315
0.00597997,0.324793,0.159335,22.794,0.000531858,998.491,2.72316
0.00597997,0.292031,0.142825,22.7938,0.000531858,998.491,2.72317
0.00597997,0.246823,0.120386,22.7936,0.000531858,998.491,2.72317
0.00597997,0.192468,0.0935757,22.7935,0.000531858,998.491,2.72318
0.00597997,0.140927,0.0682496,22.7934,0.000531858,998.491,2.72319
0.00597998,0.0912008,0.0438825,22.7934,0.000531858,998.491,2.7232
0.00597998,0.0491776,0.0233404,22.7933,0.000531858,998.491,2.7232
0.00597998,0.0139971,0.00618566,22.7933,0.000531858,998.491,2.72321
0.00597998,-0.0117742,-0.00634556,22.7934,0.000531858,998.491,2.72321
0.00597998,-0.0333335,-0.0167874,22.7934,0.000531858,998.491,2.72322
0.00597999,-0.0473425,-0.0235212,22.7935,0.000531858,998.491,2.72323
0.00597999,-0.0532152,-0.0262868,22.7935,0.000531858,998.491,2.72323
0.00597999,-0.0537835,-0.026463,22.7936,0.000531858,998.491,2.72324
0.00597999,-0.0498548,-0.0244436,22.7936,0.000531858,998.491,2.72325
0.00597999,-0.0421492,-0.0205864,22.7937,0.000531858,998.491,2.72325
0.00598,-0.0320447,-0.015571,22.7937,0.000531858,998.491,2.72326
0.00598,-0.0211959,-0.0102093,22.7937,0.000531858,998.491,2.72327
0.00598,-0.0110814,-0.00522332,22.7938,0.000531858,998.491,2.72327
0.00598,-0.0024179,-0.000959993,22.7938,0.000531858,998.491,2.72328
0.00598,0.00748172,0.00390485,22.7938,0.000531858,998.491,2.72328
0.00598,0.0162812,0.00822365,22.7938,0.000531858,998.491,2.72329
0.00598,0.0288907,0.0144044,22.7939,0.000531858,998.491,2.72329
0.00598001,0.0418471,0.0207456,22.7939,0.000531858,998.491,2.7233
0.00598001,0.0572525,0.0282723,22.7939,0.000531858,998.491,2.72331
0.00598002,0.0725015,0.0357078,22.7939,0.000531858,998.491,2.72333
0.00598002,0.0793244,0.0390296,22.7939,0.000531858,998.491,2.72334
0.00598002,0.0834644,0.0410478,22.7939,0.000531858,998.491,2.72336
0.00598003,0.0867011,0.0426365,22.7939,0.000531858,998.491,2.72337
0.00598003,0.0903176,0.0444244,22.7939,0.000531858,998.491,2.72339
0.00598004,0.0959401,0.0472072,22.7939,0.000531858,998.491,2.72341
0.00598004,0.106014,0.0521831,22.794,0.000531858,998.491,2.72343
0.00598005,0.121026,0.0595807,22.794,0.000531858,998.491,2.72346
0.00598006,0.139592,0.068715,22.794,0.000531858,998.491,2.72349
0.00598007,0.158729,0.0781241,22.794,0.000531858,998.491,2.72353
0.00598009,0.183401,0.0902562,22.794,0.000531858,998.491,2.72358
0.00598011,0.217193,0.10688,22.794,0.000531858,998.491,2.72365
0.00598013,0.251308,0.123665,22.7939,0.000531858,998.491,2.72372
0.00598015,0.285811,0.140638,22.7939,0.000531858,998.49,2.72379
0.00598017,0.320357,0.157631,22.7938,0.000531858,998.49,2.72386
0.00598019,0.354812,0.174579,22.7938,0.000531858,998.49,2.72394
0.00598021,0.389223,0.191505,22.7937,0.000531858,998.489,2.72401
0.00598023,0.42364,0.208434,22.7936,0.000531858,998.489,2.72408
0.00598025,0.458071,0.225369,22.7936,0.000531858,998.488,2.72415
0.00598027,0.492504,0.242306,22.7935,0.000531858,998.488,2.72423
0.00598029,0.526935,0.25924,22.7934,0.000531858,998.487,2.7243
0.00598031,0.561362,0.276174,22.7933,0.000531858,998.486,2.72437
0.00598033,0.595789,0.293106,22.7932,0.000531858,998.485,2.72445
0.00598035,0.630216,0.310038,22.7932,0.000531858,998.485,2.72452
0.00598037,0.664641,0.32697,22.7931,0.000531858,998.484,2.7246
0.00598039,0.699066,0.343901,22.793,0.000531858,998.483,2.72467
0.00598041,0.73349,0.360831,22.7929,0.000531858,998.482,2.72475
0.00598043,0.767912,0.377761,22.7928,0.000531858,998.481,2.72482
0.00598045,0.802334,0.39469,22.7927,0.000531858,998.48,2.7249
0.00598047,0.836754,0.411618,22.7927,0.000531858,998.479,2.72498
0.00598049,0.871173,0.428546,22.7926,0.000531858,998.478,2.72505
0.00598051,0.905591,0.445474,22.7925,0.000531858,998.476,2.72513
0.00598053,0.940008,0.462401,22.7924,0.000531858,998.475,2.72521
0.00598055,0.974424,0.479327,22.7923,0.000531858,998.474,2.72529
0.00598057,1.00884,0.496252,22.7922,0.000531858,998.472,2.72536
0.00598059,1.04325,0.513177,22.7921,0.000531858,998.471,2.72544
0.00598061,1.07766,0.530101,22.7921,0.000531858,998.47,2.72552
0.00598063,1.11208,0.547025,22.792,0.000531858,998.468,2.7256
0.00598065,1.14649,0.563948,22.7919,0.000531858,998.466,2.72568
0.00598067,1.18089,0.580871,22.7918,0.000531858,998.465,2.72576
0.00598069,1.2153,0.597792,22.7917,0.000531858,998.463,2.72584
0.00598071,1.24971,0.614714,22.7916,0.000531858,998.461,2.72592
0.00598073,1.28411,0.631634,22.7916,0.000531858,998.46,2.726
0.00598075,1.31852,0.648554,22.7915,0.000531858,998.458,2.72608
0.00598077,1.35292,0.665474,22.7914,0.000531858,998.456,2.72616
0.00598079,1.38732,0.682393,22.7913,0.000531858,998.454,2.72624
0.00598081,1.42172,0.699311,22.7912,0.000531858,998.452,2.72633
0.00598083,1.45612,0.716228,22.7911,0.000531858,998.45,2.72641
0.00598085,1.49052,0.733145,22.791,0.000531858,998.448,2.72649
0.00598087,1.52491,0.750062,22.791,0.000531858,998.446,2.72657
0.00598089,1.55931,0.766977,22.7909,0.000531858,998.444,2.72666
0.00598091,1.5937,0.783892,22.7908,0.000531858,998.441,2.72674
0.00598093,1.6281,0.800807,22.7907,0.000531858,998.439,2.72683
0.00598095,1.66249,0.817721,22.7906,0.000531858,998.437,2.72691
0.00598097,1.69688,0.834634,22.7905,0.000531858,998.434,2.72699
0.00598099,1.73127,0.851546,22.7904,0.000531858,998.432,2.72708
0.00598101,1.76565,0.868458,22.7904,0.000531858,998.429,2.72716
0.00598103,1.80004,0.88537,22.7903,0.000531858,998.427,2.72725
0.00598104,1.82411,0.897207,22.7902,0.000531858,998.425,2.72731
0.00598104,1.82521,0.897748,22.7902,0.000531858,998.425,2.72731
0.00598104,1.82741,0.898831,22.7902,0.000531858,998.425,2.72732
0.00598105,1.83098,0.900587,22.7902,0.000531858,998.425,2.72733
0.00598105,1.83503,0.902579,22.7902,0.000531858,998.424,2.72734
0.00598105,1.83891,0.904485,22.7902,0.000531858,998.424,2.72735
0.00598105,1.84049,0.905264,22.7902,0.000531858,998.424,2.72735
0.00598105,1.84228,0.906145,22.7902,0.000531858,998.424,2.72736
0.00598105,1.843,0.906495,22.7902,0.000531858,998.424,2.72736
0.00598105,1.84422,0.907095,22.7902,0.000531858,998.424,2.72736
0.00598105,1.84456,0.907266,22.7902,0.000531858,998.424,2.72736
0.00598105,1.84516,0.90756,22.7902,0.000531858,998.424,2.72736
0.00598105,1.84533,0.907642,22.7902,0.000531858,998.423,2.72736
0.00598105,1.84562,0.907786,22.7902,0.000531858,998.423,2.72736
0.00598105,1.84566,0.907808,22.7902,0.000531858,998.423,2.72736
0.00598105,1.84575,0.907852,22.7902,0.000531858,998.423,2.72736
0.00598105,1.84577,0.907861,22.7902,0.000531858,998.423,2.72736
0.00598105,1.84581,0.907878,22.7902,0.000531858,998.423,2.72736
0.00598105,1.84588,0.907913,22.7902,0.000531858,998.423,2.72736
0.00598105,1.84589,0.90792,22.7902,0.000531858,998.423,2.72736
0.00598105,1.87182,0.907925,22.7902,0.000531858,998.423,2.72736
0.00598105,1.90188,0.907928,22.7902,0.000531858,998.423,2.72736
0.00598105,1.95184,0.907931,22.7902,0.000531858,998.423,2.72736
0.00598105,2.02643,0.907936,22.7902,0.000531858,998.423,2.72736
0.00598105,2.16994,0.907943,22.7902,0.000531858,998.423,2.72736
0.00598105,2.33762,0.90795,22.7902,0.000531858,998.423,2.72736
0.00598105,2.5607,0.90796,22.7902,0.000531858,998.423,2.72736
0.00598105,2.85844,0.907973,22.7902,0.000531858,998.423,2.72736
0.00598105,3.3464,0.907994,22.7902,0.000531858,998.423,2.72736
0.00598105,4.32111,0.908035,22.7902,0.000531858,998.423,2.72737
0.00598105,6.27015,0.908112,22.7902,0.000531858,998.423,2.72737
0.00598105,10.1688,0.908245,22.7902,0.000531858,998.423,2.72737
0.00598105,17.9673,0.908437,22.7902,0.000531858,998.423,2.72737
0.00598106,33.5659,0.908523,22.7902,0.000531858,998.423,2.72737
0.00598106,64.7441,0.907616,22.7901,0.000531858,998.423,2.72738
0.00598106,126.874,0.902646,22.7901,0.000531858,998.423,2.72739
0.00598106,144.207,0.900625,22.7901,0.000531858,998.422,2.7274
0.00598106,153.811,0.899417,22.7902,0.000531858,998.422,2.7274
0.00598106,168.895,0.897442,22.7902,0.000531858,998.422,2.7274
0.00598106,181.21,0.895781,22.7902,0.000531858,998.422,2.72741
0.00598106,191.104,0.894428,22.7902,0.000531858,998.422,2.72741
0.00598106,200.331,0.89316,22.7902,0.000531858,998.422,2.72741
0.00598107,209.826,0.891858,22.7902,0.000531858,998.422,2.72741
0.00598107,220.129,0.890456,22.7902,0.000531858,998.422,2.72742
0.00598107,230.08,0.88912,22.7902,0.000531858,998.422,2.72742
0.00598107,240.453,0.887753,22.7902,0.000531858,998.422,2.72742
0.00598107,250.448,0.886469,22.7902,0.000531858,998.422,2.72742
0.00598107,260.657,0.885196,22.7902,0.000531858,998.422,2.72742
0.00598107,270.615,0.883998,22.7902,0.000531858,998.422,2.72743
0.00598107,280.713,0.882831,22.7902,0.000531858,998.422,2.72743
0.00598107,290.663,0.881733,22.7902,0.000531858,998.421,2.72743
0.00598107,300.707,0.88068,22.7902,0.000531858,998.421,2.72743
0.00598107,310.658,0.879695,22.7902,0.000531858,998.421,2.72744
0.00598107,320.666,0.878765,22.7903,0.000531858,998.421,2.72744
0.00598107,330.612,0.877904,22.7903,0.000531858,998.421,2.72744
0.00598107,340.59,0.877104,22.7903,0.000531858,998.421,2.72744
0.00598107,350.526,0.876372,22.7903,0.000531858,998.421,2.72745
0.00598107,360.479,0.875704,22.7903,0.000531858,998.421,2.72745
0.00598107,370.404,0.875103,22.7903,0.000531858,998.421,2.72745
0.00598107,380.339,0.874567,22.7903,0.000531858,998.421,2.72745
0.00598107,390.255,0.874097,22.7903,0.000531858,998.421,2.72746
0.00598108,400.175,0.87369,22.7903,0.000531858,998.421,2.72746
0.00598108,410.083,0.873346,22.7904,0.000531858,998.421,2.72746
0.00598108,419.993,0.873062,22.7904,0.000531858,998.421,2.72746
0.00598108,429.894,0.872838,22.7904,0.000531858,998.42,2.72747
0.00598108,439.797,0.87267,22.7904,0.000531858,998.42,2.72747
0.00598108,449.695,0.872557,22.7904,0.000531858,998.42,2.72747
0.00598108,459.594,0.872496,22.7904,0.000531858,998.42,2.72747
0.00598108,469.49,0.872486,22.7904,0.000531858,998.42,2.72747
0.00598108,479.387,0.872522,22.7904,0.000531858,998.42,2.72748
0.00598108,489.283,0.872603,22.7905,0.000531858,998.42,2.72748
0.00598108,499.181,0.872726,22.7905,0.000531858,998.42,2.72748
0.00598108,509.079,0.872887,22.7905,0.000531858,998.42,2.72748
0.00598108,518.979,0.873085,22.7905,0.000531858,998.42,2.72749
0.00598108,529.759,0.873337,22.7905,0.000531858,998.42,2.72749
0.00598108,541.592,0.873654,22.7905,0.000531858,998.42,2.72749
0.00598108,554.89,0.874055,22.7905,0.000531858,998.42,2.7275
0.00598108,569.78,0.87455,22.7905,0.000531858,998.419,2.7275
0.00598109,586.727,0.875163,22.7906,0.000531858,998.419,2.7275
0.00598109,606.114,0.875911,22.7906,0.000531858,998.419,2.72751
0.00598109,628.8,0.876824,22.7906,0.000531858,998.419,2.72751
0.00598109,655.813,0.877928,22.7906,0.000531858,998.419,2.72752
0.00598109,689.075,0.879253,22.7907,0.000531858,998.419,2.72753
0.00598109,731.551,0.880792,22.7907,0.000531858,998.418,2.72754
0.0059811,789.108,0.882445,22.7908,0.000531858,998.418,2.72755
0.0059811,873.882,0.883715,22.7908,0.000531858,998.417,2.72757
0.00598111,970.773,0.883304,22.7909,0.000531858,998.417,2.7276
0.00598111,1043.48,0.881593,22.7909,0.000531858,998.416,2.72761
0.00598111,1089.1,0.879817,22.791,0.000531858,998.416,2.72762
0.00598112,1119,0.878296,22.791,0.000531858,998.416,2.72763
0.00598112,1143.64,0.876777,22.791,0.000531858,998.415,2.72764
0.00598112,1163,0.875371,22.791,0.000531858,998.415,2.72764
0.00598112,1182.37,0.873715,22.791,0.000531858,998.415,2.72765
0.00598112,1188.06,0.873174,22.791,0.000531858,998.415,2.72765
0.00598112,1191.37,0.872846,22.791,0.000531858,998.415,2.72765
0.00598112,1193.17,0.872663,22.791,0.000531858,998.415,2.72765
0.00598112,1194.88,0.872486,22.791,0.000531858,998.415,2.72765
0.00598112,1195.95,0.872374,22.791,0.000531858,998.415,2.72765
0.00598112,1197.18,0.872242,22.791,0.000531858,998.415,2.72765
0.00598112,1198.62,0.872086,22.791,0.000531858,998.415,2.72765
0.00598112,1200.2,0.871912,22.791,0.000531858,998.415,2.72765
0.00598112,1201.46,0.871769,22.791,0.000531858,998.415,2.72765
0.00598112,1202.68,0.871628,22.791,0.000531858,998.415,2.72765
0.00598112,1204.25,0.871444,22.791,0.000531858,998.415,2.72765
0.00598112,1206.33,0.871193,22.7911,0.000531858,998.415,2.72765
0.00598112,1208.86,0.870876,22.7911,0.000531858,998.415,2.72765
0.00598112,1212.43,0.870408,22.7911,0.000531858,998.415,2.72765
0.00598112,1214.4,0.87014,22.7911,0.000531858,998.415,2.72765
0.00598112,1216.86,0.869793,22.7911,0.000531858,998.415,2.72766
0.00598112,1220.13,0.869312,22.7911,0.000531858,998.415,2.72766
0.00598112,1225.1,0.868535,22.7911,0.000531858,998.415,2.72766
0.00598112,1227.78,0.868094,22.7911,0.000531858,998.415,2.72766
0.00598112,1229.93,0.867726,22.7911,0.000531858,998.415,2.72766
0.00598112,1231.88,0.86738,22.7911,0.000531858,998.415,2.72766
0.00598112,1232.36,0.867292,22.7911,0.000531858,998.415,2.72766
0.00598112,1232.82,0.867208,22.7911,0.000531858,998.415,2.72766
0.00598112,1233.25,0.867128,22.7911,0.000531858,998.415,2.72766
0.00598112,1233.74,0.867036,22.7911,0.000531858,998.415,2.72766
0.00598112,1234.26,0.866936,22.7911,0.000531858,998.415,2.72766
0.00598112,1234.83,0.866827,22.7911,0.000531858,998.415,2.72766
0.00598112,1235.77,0.866645,22.7911,0.000531858,998.415,2.72766
0.00598112,1237.22,0.866361,22.7911,0.000531858,998.415,2.72766
0.00598112,1239.65,0.865876,22.7911,0.000531858,998.415,2.72766
0.00598112,1244.51,0.86487,22.7911,0.000531858,998.415,2.72766
0.00598112,1246.78,0.864311,22.7911,0.000531858,998.415,2.72766
0.00598112,1248.47,0.863714,22.7911,0.000531858,998.415,2.72766
0.00598112,1249.49,0.863135,22.7911,0.000531858,998.415,2.72766
0.00598112,1250.2,0.862432,22.7911,0.000531858,998.415,2.72767
0.00598112,1250.58,0.861685,22.7911,0.000531858,998.415,2.72767
0.00598112,1250.87,0.860186,22.7911,0.000531858,998.415,2.72767
0.00598112,1250.91,0.858771,22.7911,0.000531858,998.415,2.72767
0.00598113,1250.87,0.85594,22.7911,0.000531858,998.415,2.72767
0.00598113,1250.81,0.851623,22.7912,0.000531858,998.415,2.72768
0.00598113,1250.75,0.842996,22.7912,0.000531858,998.415,2.72769
0.00598113,1250.69,0.83284,22.7913,0.000531858,998.415,2.7277
0.00598113,1250.62,0.82199,22.7914,0.000531858,998.415,2.72772
0.00598114,1250.55,0.81181,22.7915,0.000531858,998.415,2.72773
0.00598114,1250.49,0.801856,22.7917,0.000531858,998.415,2.72774
0.00598114,1250.43,0.792488,22.7918,0.000531858,998.415,2.72775
0.00598115,1250.37,0.783319,22.7919,0.000531858,998.415,2.72776
0.00598115,1250.31,0.774572,22.7921,0.000531858,998.415,2.72777
0.00598115,1250.26,0.766127,22.7922,0.000531858,998.415,2.72778
0.00598115,1250.21,0.758258,22.7923,0.000531858,998.415,2.72779
0.00598115,1250.17,0.75232,22.7925,0.000531858,998.415,2.7278
0.00598116,1250.14,0.747212,22.7925,0.000531858,998.415,2.72781
0.00598116,1250.11,0.741954,22.7926,0.000531858,998.415,2.72781
0.00598116,1250.07,0.736423,22.7928,0.000531858,998.415,2.72782
0.00598116,1250.05,0.733201,22.7928,0.000531858,998.415,2.72783
0.00598116,1250.02,0.72916,22.7929,0.000531858,998.415,2.72783
0.00598116,1250,0.725554,22.793,0.000531858,998.415,2.72784
0.00598116,1249.98,0.722986,22.793,0.000531858,998.415,2.72784
0.00598116,1249.97,0.720465,22.7931,0.000531858,998.415,2.72784
0.00598116,1249.95,0.717207,22.7932,0.000531858,998.415,2.72785
0.00598117,1249.91,0.711891,22.7933,0.000531858,998.415,2.72785
0.00598117,1249.88,0.706144,22.7934,0.000531858,998.415,2.72786
0.00598117,1249.82,0.697166,22.7936,0.000531858,998.415,2.72787
0.00598117,1249.71,0.680808,22.794,0.000531858,998.415,2.72789
0.00598118,1249.61,0.664834,22.7944,0.000531858,998.415,2.72791
0.00598119,1249.47,0.643253,22.795,0.000531858,998.415,2.72794
0.00598119,1249.33,0.621311,22.7956,0.000531858,998.415,2.72797
0.0059812,1249.15,0.592441,22.7965,0.000531858,998.415,2.728
0.00598121,1248.94,0.559998,22.7975,0.000531858,998.415,2.72804
0.00598122,1248.65,0.515254,22.799,0.000531858,998.415,2.7281
0.00598124,1248.28,0.457986,22.8011,0.000531858,998.415,2.72817
0.00598126,1247.84,0.389485,22.8038,0.000531858,998.415,2.72826
0.00598128,1247.4,0.321342,22.8066,0.000531858,998.416,2.72835
0.0059813,1246.95,0.253555,22.8095,0.000531858,998.416,2.72844
0.00598132,1246.5,0.186124,22.8125,0.000531858,998.416,2.72853
0.00598134,1246.05,0.11905,22.8155,0.000531858,998.416,2.72861
0.00598136,1245.57,0.0523423,22.8187,0.000531858,998.416,2.7287
0.00598136,1245.46,0.0386169,22.8193,0.000531858,998.416,2.72872
0.00598137,1245.2,0.0112233,22.8206,0.000531858,998.416,2.72875
0.00598137,1245.12,0.00499778,22.8209,0.000531858,998.416,2.72876
0.00598138,1245,-0.0014245,22.8212,0.000531858,998.416,2.72877
0.00598138,1244.78,-0.00759896,22.8215,0.000531858,998.416,2.72878
0.00598138,1244.32,-0.0143965,22.8219,0.000531858,998.416,2.72879
0.00598138,1243.54,-0.0217325,22.8222,0.000531858,998.416,2.7288
0.00598138,1242.51,-0.0286881,22.8226,0.000531858,998.416,2.72881
0.00598139,1241.25,-0.0352248,22.8229,0.000531858,998.416,2.72882
0.00598139,1239.69,-0.0418293,22.8232,0.000531858,998.416,2.72882
0.00598139,1237.23,-0.0503094,22.8237,0.000531858,998.416,2.72884
0.00598139,1233.58,-0.0603789,22.8242,0.000531858,998.416,2.72885
0.0059814,1227.62,-0.0732182,22.8249,0.000531858,998.416,2.72887
0.0059814,1218.31,-0.0882677,22.8258,0.000531858,998.417,2.7289
0.00598141,1203.13,-0.105534,22.8271,0.000531858,998.417,2.72893
0.00598142,1179.56,-0.1219,22.8286,0.000531858,998.417,2.72897
0.00598144,1144.49,-0.130905,22.8305,0.000531858,998.417,2.72903
0.00598145,1100.28,-0.120359,22.8325,0.000531858,998.418,2.72911
0.00598147,1067.03,-0.0918212,22.8339,0.000531858,998.418,2.72917
0.00598148,1051.33,-0.066122,22.8345,0.000531858,998.418,2.72922
0.00598149,1043.1,-0.0441407,22.8348,0.000531858,998.418,2.72925
0.00598149,1038.81,-0.0245657,22.8349,0.000531858,998.418,2.72927
0.0059815,1037.02,-0.00504011,22.835,0.000531858,998.418,2.7293
0.00598151,1037.7,0.0152903,22.835,0.000531858,998.418,2.72932
0.00598151,1041.02,0.0356639,22.8349,0.000531858,998.418,2.72935
0.00598152,1049.34,0.0610104,22.8347,0.000531858,998.418,2.72938
0.00598153,1063.43,0.0859531,22.8344,0.000531858,998.418,2.72942
0.00598154,1086.06,0.109471,22.834,0.000531858,998.418,2.72947
0.00598156,1115.97,0.124943,22.8334,0.000531858,998.418,2.72952
0.00598157,1154.35,0.127172,22.8327,0.000531858,998.418,2.72958
0.00598159,1195.65,0.107621,22.8322,0.000531858,998.418,2.72965
0.0059816,1218.78,0.0812914,22.832,0.000531858,998.418,2.7297
0.00598161,1227.88,0.06468,22.832,0.000531858,998.418,2.72973
0.00598161,1232.47,0.0534621,22.8321,0.000531858,998.418,2.72974
0.00598162,1235.81,0.0429931,22.8321,0.000531858,998.418,2.72975
0.00598162,1238.02,0.0340289,22.8322,0.000531858,998.418,2.72977
0.00598162,1239.45,0.0264633,22.8322,0.000531858,998.418,2.72978
0.00598162,1240.61,0.0180226,22.8323,0.000531858,998.418,2.72979
0.00598163,1241.15,0.0120968,22.8324,0.000531858,998.418,2.72979
0.00598163,1241.46,0.00656366,22.8324,0.000531858,998.418,2.7298
0.00598163,1241.59,0.000817516,22.8325,0.000531858,998.418,2.72981
0.00598163,1241.52,-0.00457061,22.8326,0.000531858,998.418,2.72981
0.00598163,1241.19,-0.0115385,22.8327,0.000531858,998.418,2.72982
0.00598163,1240.47,-0.0191594,22.8328,0.000531858,998.418,2.72983
0.00598164,1239.26,-0.0275723,22.8329,0.000531858,998.418,2.72984
0.00598164,1237.51,-0.0362715,22.8331,0.000531858,998.418,2.72985
0.00598164,1234.89,-0.0461123,22.8333,0.000531858,998.418,2.72986
0.00598165,1231.05,-0.0571345,22.8335,0.000531858,998.418,2.72988
0.00598165,1225.21,-0.0699688,22.8338,0.000531858,998.418,2.7299
0.00598166,1216.31,-0.0845748,22.8342,0.000531858,998.418,2.72992
0.00598167,1202.53,-0.100671,22.8348,0.000531858,998.418,2.72995
0.00598167,1181.51,-0.116188,22.8355,0.000531858,998.418,2.72998
0.00598169,1150.79,-0.126088,22.8364,0.000531858,998.419,2.73003
0.0059817,1121.45,-0.124173,22.8372,0.000531858,998.419,2.73007
0.00598171,1097.3,-0.114075,22.8378,0.000531858,998.419,2.73011
0.00598172,1079.01,-0.0999525,22.8382,0.000531858,998.419,2.73014
0.00598173,1065.48,-0.0842177,22.8384,0.000531858,998.419,2.73017
0.00598173,1054.39,-0.0655674,22.8386,0.000531858,998.419,2.7302
0.00598174,1046.18,-0.0445435,22.8387,0.000531858,998.42,2.73022
0.00598175,1040.88,-0.0193981,22.8387,0.000531858,998.42,2.73025
0.00598175,1039.71,0.00150901,22.8386,0.000531858,998.42,2.73028
0.00598176,1041.51,0.0235206,22.8384,0.000531858,998.42,2.7303
0.00598177,1046.09,0.0438247,22.8381,0.000531858,998.42,2.73032
0.00598178,1053.17,0.0625189,22.8378,0.000531858,998.42,2.73035
0.00598178,1063.04,0.0801676,22.8375,0.000531858,998.42,2.73037
0.00598179,1074.7,0.0949335,22.8371,0.000531858,998.42,2.73039
0.0059818,1091.48,0.109525,22.8367,0.000531858,998.42,2.73042
0.00598181,1111.97,0.120219,22.8361,0.000531858,998.419,2.73045
0.00598182,1137.29,0.125232,22.8356,0.000531858,998.419,2.73049
0.00598183,1164.56,0.121519,22.835,0.000531858,998.419,2.73053
0.00598184,1192.53,0.106741,22.8345,0.000531858,998.419,2.73057
0.00598185,1217.03,0.0798465,22.8343,0.000531858,998.419,2.73061
0.00598186,1227.57,0.0600458,22.8342,0.000531858,998.419,2.73064
0.00598186,1232.31,0.0473381,22.8342,0.000531858,998.419,2.73066
0.00598187,1234.93,0.0381259,22.8343,0.000531858,998.419,2.73067
0.00598187,1236.97,0.0286836,22.8343,0.000531858,998.419,2.73068
0.00598187,1238.29,0.0201748,22.8344,0.000531858,998.419,2.73069
0.00598188,1239.18,0.0110278,22.8345,0.000531858,998.419,2.7307
0.00598188,1239.55,0.0013583,22.8345,0.000531858,998.419,2.73071
0.00598188,1239.38,-0.00749617,22.8346,0.000531858,998.419,2.73071
0.00598189,1238.44,-0.0188823,22.8348,0.000531858,998.419,2.73073
0.00598189,1236.91,-0.028993,22.8349,0.000531858,998.419,2.73074
0.00598189,1234.08,-0.0413306,22.8351,0.000531858,998.419,2.73075
0.0059819,1230.64,-0.0521603,22.8353,0.000531858,998.419,2.73076
0.0059819,1225.04,-0.065411,22.8356,0.000531858,998.419,2.73078
0.00598191,1217.24,-0.0791776,22.836,0.000531858,998.419,2.7308
0.00598191,1204.82,-0.0949873,22.8365,0.000531858,998.419,2.73082
0.00598192,1186.62,-0.110254,22.8371,0.000531858,998.42,2.73085
0.00598193,1167.3,-0.119699,22.8377,0.000531858,998.42,2.73088
0.00598194,1150.68,-0.123527,22.8382,0.000531858,998.42,2.7309
0.00598195,1134.31,-0.12383,22.8386,0.000531858,998.42,2.73092
0.00598195,1117.46,-0.120586,22.839,0.000531858,998.42,2.73094
0.00598196,1098.93,-0.112476,22.8394,0.000531858,998.42,2.73097
0.00598197,1078.31,-0.0964018,22.8399,0.000531858,998.421,2.731
0.00598198,1059.46,-0.0711687,22.8402,0.000531858,998.421,2.73103
0.00598199,1048.3,-0.0450742,22.8403,0.000531858,998.421,2.73106
0.005982,1043.27,-0.0231457,22.8402,0.000531858,998.421,2.73108
0.005982,1041.59,-0.00373975,22.8401,0.000531858,998.421,2.7311
0.00598201,1042.37,0.0156211,22.84,0.000531858,998.421,2.73112
0.00598202,1045.69,0.0350773,22.8398,0.000531858,998.421,2.73114
0.00598203,1053.81,0.0592326,22.8394,0.000531858,998.421,2.73117
0.00598204,1067.48,0.0829695,22.8389,0.000531858,998.421,2.7312
0.00598204,1083.45,0.100455,22.8385,0.000531858,998.421,2.73122
0.00598205,1097.89,0.110963,22.8381,0.000531858,998.421,2.73124
0.00598206,1112.66,0.117984,22.8377,0.000531858,998.421,2.73126
0.00598206,1128.9,0.122095,22.8373,0.000531858,998.421,2.73128
0.00598207,1147.61,0.122584,22.8369,0.000531858,998.421,2.7313
0.00598208,1170.29,0.117067,22.8364,0.000531858,998.421,2.73133
0.00598209,1193.45,0.10335,22.836,0.000531858,998.42,2.73136
0.0059821,1215.65,0.0785526,22.8358,0.000531858,998.42,2.73139
0.00598211,1225.19,0.0610777,22.8357,0.000531858,998.42,2.73141
0.00598212,1230.54,0.0472098,22.8357,0.000531858,998.42,2.73143
0.00598212,1233.43,0.0371222,22.8358,0.000531858,998.42,2.73144
0.00598212,1235.54,0.0271185,22.8358,0.000531858,998.42,2.73145
0.00598213,1236.88,0.0178394,22.8359,0.000531858,998.42,2.73146
0.00598213,1237.71,0.00765992,22.836,0.000531858,998.42,2.73147
0.00598213,1237.86,-0.00300218,22.8361,0.000531858,998.42,2.73148
0.00598214,1237.28,-0.0138803,22.8362,0.000531858,998.42,2.73149
0.00598214,1235.98,-0.0244609,22.8364,0.000531858,998.42,2.7315
0.00598214,1233.82,-0.0354275,22.8365,0.000531858,998.42,2.73151
0.00598215,1230.27,-0.0479558,22.8368,0.000531858,998.42,2.73152
0.00598215,1225.51,-0.0602188,22.837,0.000531858,998.421,2.73153
0.00598216,1218.1,-0.074405,22.8373,0.000531858,998.421,2.73155
0.00598216,1207.39,-0.0892917,22.8378,0.000531858,998.421,2.73156
0.00598217,1190.89,-0.104864,22.8383,0.000531858,998.421,2.73159
0.00598218,1174.75,-0.114513,22.8389,0.000531858,998.421,2.73161
0.00598219,1159.23,-0.119897,22.8393,0.000531858,998.421,2.73162
0.00598219,1142.12,-0.122038,22.8398,0.000531858,998.421,2.73164
0.0059822,1125.68,-0.120547,22.8402,0.000531858,998.421,2.73166
0.00598221,1103.25,-0.112616,22.8407,0.000531858,998.422,2.73169
0.00598222,1082.46,-0.097821,22.8412,0.000531858,998.422,2.73171
0.00598223,1061.3,-0.0708193,22.8415,0.000531858,998.422,2.73175
0.00598224,1049.86,-0.0443143,22.8416,0.000531858,998.422,2.73177
0.00598225,1044.91,-0.02261,22.8416,0.000531858,998.422,2.73179
0.00598226,1043.28,-0.00360897,22.8415,0.000531858,998.422,2.73181
0.00598226,1044.05,0.0153324,22.8413,0.000531858,998.422,2.73182
0.00598227,1047.28,0.0343721,22.8411,0.000531858,998.422,2.73184
0.00598228,1055.23,0.0580809,22.8408,0.000531858,998.422,2.73186
0.00598229,1068.63,0.0813949,22.8403,0.000531858,998.422,2.73188
0.0059823,1086.29,0.100311,22.8397,0.000531858,998.422,2.73191
0.0059823,1101.67,0.110761,22.8393,0.000531858,998.422,2.73192
0.00598231,1116.48,0.117057,22.8389,0.000531858,998.422,2.73194
0.00598232,1132.99,0.120417,22.8385,0.000531858,998.422,2.73196
0.00598232,1149.25,0.120239,22.8382,0.000531858,998.422,2.73197
0.00598233,1171.53,0.114267,22.8377,0.000531858,998.422,2.732
0.00598234,1192.65,0.101415,22.8374,0.000531858,998.422,2.73202
0.00598235,1214.54,0.0768273,22.8371,0.000531858,998.422,2.73205
0.00598236,1224.27,0.0587167,22.8371,0.000531858,998.422,2.73207
0.00598237,1229.55,0.0445069,22.8371,0.000531858,998.422,2.73208
0.00598237,1232.41,0.033874,22.8371,0.000531858,998.422,2.73209
0.00598237,1234.4,0.0234346,22.8372,0.000531858,998.422,2.73209
0.00598238,1235.61,0.0133748,22.8373,0.000531858,998.422,2.7321
0.00598238,1236.18,0.000753156,22.8374,0.000531858,998.422,2.73211
0.00598239,1235.8,-0.0108319,22.8375,0.000531858,998.422,2.73212
0.00598239,1233.97,-0.0260257,22.8377,0.000531858,998.422,2.73213
0.0059824,1231.24,-0.0385452,22.8379,0.000531858,998.422,2.73214
0.0059824,1226.66,-0.0527488,22.8382,0.000531858,998.422,2.73215
0.00598241,1220.97,-0.065488,22.8385,0.000531858,998.422,2.73216
0.00598241,1211.9,-0.0804001,22.8388,0.000531858,998.422,2.73218
0.00598242,1199.1,-0.095264,22.8393,0.000531858,998.422,2.7322
0.00598243,1181.45,-0.108684,22.8399,0.000531858,998.422,2.73221
0.00598243,1165.99,-0.115746,22.8404,0.000531858,998.422,2.73223
0.00598244,1150.26,-0.119336,22.8408,0.000531858,998.423,2.73224
0.00598245,1133.92,-0.119585,22.8412,0.000531858,998.423,2.73226
0.00598246,1113.4,-0.114879,22.8417,0.000531858,998.423,2.73228
0.00598247,1092.06,-0.103243,22.8422,0.000531858,998.423,2.7323
0.00598248,1070.43,-0.0814779,22.8426,0.000531858,998.423,2.73232
0.00598249,1054.94,-0.0534399,22.8428,0.000531858,998.424,2.73235
0.0059825,1047.86,-0.0295017,22.8428,0.000531858,998.424,2.73237
0.0059825,1045.28,-0.010184,22.8427,0.000531858,998.424,2.73238
0.00598251,1045.18,0.00823272,22.8426,0.000531858,998.424,2.73239
0.00598252,1047.56,0.0274491,22.8424,0.000531858,998.424,2.7324
0.00598252,1053.32,0.0485472,22.8421,0.000531858,998.424,2.73242
0.00598253,1064.85,0.0725077,22.8416,0.000531858,998.424,2.73244
0.00598254,1082.71,0.0945212,22.8411,0.000531858,998.424,2.73246
0.00598255,1099.24,0.107028,22.8406,0.000531858,998.424,2.73248
0.00598256,1114.02,0.113998,22.8402,0.000531858,998.424,2.73249
0.00598257,1129.04,0.117766,22.8398,0.000531858,998.423,2.7325
0.00598257,1144.69,0.118464,22.8395,0.000531858,998.423,2.73251
0.00598258,1164.72,0.114583,22.8391,0.000531858,998.423,2.73253
0.00598259,1185.71,0.10406,22.8387,0.000531858,998.423,2.73255
0.0059826,1207.32,0.0836326,22.8384,0.000531858,998.423,2.73257
0.00598261,1219.98,0.0635715,22.8383,0.000531858,998.423,2.73259
0.00598262,1225.85,0.0499323,22.8383,0.000531858,998.423,2.7326
0.00598262,1229.57,0.0380646,22.8383,0.000531858,998.423,2.7326
0.00598262,1232.08,0.026838,22.8384,0.000531858,998.423,2.73261
0.00598263,1233.62,0.0160484,22.8384,0.000531858,998.423,2.73262
0.00598263,1234.43,0.00379853,22.8385,0.000531858,998.423,2.73263
0.00598264,1234.21,-0.00885757,22.8387,0.000531858,998.423,2.73263
0.00598264,1232.56,-0.0239641,22.8389,0.000531858,998.423,2.73264
0.00598265,1230.05,-0.0361501,22.8391,0.000531858,998.423,2.73265
0.00598265,1225.98,-0.0494704,22.8393,0.000531858,998.423,2.73266
0.00598266,1220.14,-0.0630777,22.8396,0.000531858,998.423,2.73267
0.00598266,1211.67,-0.0774547,22.8399,0.000531858,998.423,2.73268
0.00598267,1199.09,-0.0925299,22.8404,0.000531858,998.423,2.73269
0.00598268,1180.62,-0.106783,22.841,0.000531858,998.424,2.73271
0.00598269,1165.1,-0.113814,22.8415,0.000531858,998.424,2.73272
0.00598269,1147.95,-0.117429,22.842,0.000531858,998.424,2.73273
0.0059827,1132.09,-0.117242,22.8424,0.000531858,998.424,2.73274
0.00598271,1110.63,-0.111536,22.8429,0.000531858,998.424,2.73276
0.00598272,1090.17,-0.0993008,22.8433,0.000531858,998.425,2.73278
0.00598273,1068.76,-0.075914,22.8437,0.000531858,998.425,2.73279
0.00598274,1055.05,-0.0487885,22.8438,0.000531858,998.425,2.73281
0.00598275,1048.95,-0.0261039,22.8438,0.000531858,998.425,2.73283
0.00598276,1046.81,-0.0073496,22.8437,0.000531858,998.425,2.73284
0.00598276,1047.05,0.0107923,22.8436,0.000531858,998.425,2.73285
0.00598277,1049.7,0.0294577,22.8434,0.000531858,998.425,2.73286
0.00598278,1056.14,0.0510631,22.843,0.000531858,998.425,2.73287
0.00598279,1068.11,0.0741905,22.8426,0.000531858,998.425,2.73288
0.0059828,1086.91,0.0956859,22.842,0.000531858,998.425,2.7329
0.00598281,1103.27,0.106964,22.8415,0.000531858,998.425,2.73291
0.00598281,1117.96,0.113089,22.8412,0.000531858,998.425,2.73292
0.00598282,1134.4,0.116213,22.8408,0.000531858,998.425,2.73293
0.00598283,1149.56,0.115851,22.8404,0.000531858,998.425,2.73294
0.00598284,1171.17,0.109815,22.84,0.000531858,998.425,2.73295
0.00598284,1191.05,0.0975008,22.8396,0.000531858,998.424,2.73297
0.00598286,1212.21,0.0734787,22.8394,0.000531858,998.424,2.73298
0.00598286,1221.4,0.0561958,22.8393,0.000531858,998.424,2.73299
0.00598287,1226.2,0.0432885,22.8393,0.000531858,998.424,2.733
0.00598287,1229.36,0.0314364,22.8394,0.000531858,998.424,2.73301
0.00598288,1231.39,0.0199422,22.8394,0.000531858,998.424,2.73301
0.00598288,1232.56,0.0071734,22.8395,0.000531858,998.424,2.73302
0.00598289,1232.6,-0.00631384,22.8397,0.000531858,998.424,2.73302
0.00598289,1231.27,-0.0207974,22.8399,0.000531858,998.424,2.73303
0.0059829,1228.66,-0.0343657,22.8401,0.000531858,998.425,2.73304
0.0059829,1224.54,-0.0481245,22.8403,0.000531858,998.425,2.73304
0.00598291,1218.44,-0.0623353,22.8406,0.000531858,998.425,2.73305
0.00598291,1209.9,-0.0766441,22.8409,0.000531858,998.425,2.73306
0.00598292,1197.14,-0.0916501,22.8414,0.000531858,998.425,2.73307
0.00598293,1178.74,-0.10545,22.842,0.000531858,998.425,2.73308
0.00598294,1163.38,-0.112115,22.8425,0.000531858,998.425,2.73309
0.00598294,1146.51,-0.11537,22.8429,0.000531858,998.425,2.7331
0.00598295,1130.95,-0.11492,22.8433,0.000531858,998.426,2.73311
0.00598296,1109.54,-0.108775,22.8438,0.000531858,998.426,2.73312
0.00598297,1089.56,-0.0962463,22.8442,0.000531858,998.426,2.73313
0.00598298,1068.63,-0.072353,22.8446,0.000531858,998.426,2.73314
0.00598299,1055.96,-0.0460982,22.8447,0.000531858,998.426,2.73316
0.005983,1050.38,-0.0243222,22.8446,0.000531858,998.426,2.73317
0.00598301,1048.45,-0.0060399,22.8446,0.000531858,998.426,2.73317
0.00598301,1048.84,0.0117969,22.8444,0.000531858,998.426,2.73318
0.00598302,1051.58,0.0300241,22.8442,0.000531858,998.426,2.73319
0.00598303,1058.26,0.0516177,22.8439,0.000531858,998.426,2.7332
0.00598304,1070.29,0.0741304,22.8434,0.000531858,998.426,2.73321
0.00598305,1089.31,0.0951462,22.8428,0.000531858,998.426,2.73322
0.00598306,1105.38,0.105749,22.8424,0.000531858,998.426,2.73323
0.00598306,1119.87,0.111445,22.842,0.000531858,998.426,2.73323
0.00598307,1135.98,0.114161,22.8416,0.000531858,998.426,2.73324
0.00598308,1151.43,0.113412,22.8413,0.000531858,998.426,2.73325
0.00598309,1172.58,0.106854,22.8408,0.000531858,998.426,2.73325
0.0059831,1192.31,0.0937966,22.8405,0.000531858,998.426,2.73326
0.00598311,1212.59,0.0693093,22.8403,0.000531858,998.426,2.73328
0.00598312,1221.01,0.0524292,22.8402,0.000531858,998.426,2.73328
0.00598312,1225.46,0.0395823,22.8402,0.000531858,998.426,2.73329
0.00598313,1228.37,0.0275062,22.8403,0.000531858,998.426,2.73329
0.00598313,1230.17,0.0154998,22.8404,0.000531858,998.426,2.73329
0.00598313,1230.97,0.00279577,22.8405,0.000531858,998.426,2.7333
0.00598314,1230.51,-0.0117716,22.8406,0.000531858,998.426,2.7333
0.00598315,1227.88,-0.0297987,22.8409,0.000531858,998.426,2.73331
0.00598315,1224.11,-0.0438245,22.8411,0.000531858,998.426,2.73331
0.00598316,1217.43,-0.0602042,22.8414,0.000531858,998.426,2.73332
0.00598316,1209.62,-0.0736661,22.8417,0.000531858,998.426,2.73332
0.00598317,1196.93,-0.089058,22.8422,0.000531858,998.426,2.73333
0.00598318,1179.87,-0.102377,22.8428,0.000531858,998.426,2.73334
0.00598319,1165.12,-0.109281,22.8432,0.000531858,998.427,2.73334
0.00598319,1150.24,-0.112808,22.8436,0.000531858,998.427,2.73335
0.0059832,1134.77,-0.113171,22.844,0.000531858,998.427,2.73335
0.00598321,1115.33,-0.108875,22.8445,0.000531858,998.427,2.73336
0.00598322,1095.08,-0.0980242,22.8449,0.000531858,998.427,2.73337
0.00598323,1074.52,-0.0776016,22.8452,0.000531858,998.427,2.73338
0.00598324,1059.65,-0.0509901,22.8454,0.000531858,998.428,2.73338
0.00598325,1052.85,-0.0282389,22.8454,0.000531858,998.428,2.73339
0.00598326,1050.36,-0.00994333,22.8453,0.000531858,998.428,2.73339
0.00598326,1050.23,0.00746611,22.8452,0.000531858,998.428,2.7334
0.00598327,1052.44,0.025665,22.845,0.000531858,998.428,2.7334
0.00598328,1057.8,0.0455076,22.8447,0.000531858,998.428,2.73341
0.00598329,1068.63,0.0682162,22.8443,0.000531858,998.428,2.73341
0.0059833,1085.37,0.0890429,22.8437,0.000531858,998.428,2.73342
0.00598331,1101.02,0.101021,22.8433,0.000531858,998.428,2.73342
0.00598331,1115.01,0.107695,22.8429,0.000531858,998.428,2.73343
0.00598332,1129.19,0.111326,22.8425,0.000531858,998.428,2.73343
0.00598333,1144.03,0.112057,22.8422,0.000531858,998.427,2.73344
0.00598333,1162.74,0.108551,22.8418,0.000531858,998.427,2.73344
0.00598334,1182.63,0.0987605,22.8414,0.000531858,998.427,2.73345
0.00598336,1203.01,0.0798085,22.8411,0.000531858,998.427,2.73345
0.00598336,1215.47,0.0603172,22.841,0.000531858,998.427,2.73346
0.00598337,1221.62,0.0458109,22.841,0.000531858,998.427,2.73346
0.00598338,1225.39,0.0330658,22.841,0.000531858,998.427,2.73346
0.00598338,1227.81,0.0205886,22.8411,0.000531858,998.427,2.73346
0.00598338,1229.09,0.00770052,22.8412,0.000531858,998.427,2.73346
0.00598339,1229.09,-0.00755016,22.8413,0.000531858,998.427,2.73347
0.0059834,1227.25,-0.0239835,22.8415,0.000531858,998.427,2.73347
0.0059834,1223.62,-0.0395313,22.8417,0.000531858,998.427,2.73347
0.00598341,1218.07,-0.0545901,22.842,0.000531858,998.427,2.73347
0.00598341,1210.27,-0.0692795,22.8424,0.000531858,998.427,2.73348
0.00598342,1199.21,-0.0838868,22.8428,0.000531858,998.428,2.73348
0.00598343,1183.14,-0.0978976,22.8433,0.000531858,998.428,2.73348
0.00598344,1169.07,-0.105546,22.8437,0.000531858,998.428,2.73349
0.00598344,1154.86,-0.109917,22.8441,0.000531858,998.428,2.73349
0.00598345,1139.59,-0.111309,22.8445,0.000531858,998.428,2.73349
0.00598346,1122.08,-0.10885,22.8449,0.000531858,998.428,2.73349
0.00598347,1101.83,-0.100157,22.8454,0.000531858,998.429,2.7335
0.00598348,1081.74,-0.0834651,22.8457,0.000531858,998.429,2.7335
0.00598349,1063.96,-0.0565599,22.846,0.000531858,998.429,2.7335
0.0059835,1055.57,-0.0327466,22.846,0.000531858,998.429,2.73351
0.00598351,1052.4,-0.0144163,22.8459,0.000531858,998.429,2.73351
0.00598351,1051.7,0.00257133,22.8458,0.000531858,998.429,2.73351
0.00598352,1053.29,0.0208144,22.8456,0.000531858,998.429,2.73351
0.00598353,1057.29,0.0385368,22.8454,0.000531858,998.429,2.73351
0.00598354,1066.78,0.0614941,22.845,0.000531858,998.429,2.73351
0.00598355,1081.01,0.0818574,22.8445,0.000531858,998.429,2.73352
0.00598355,1096.15,0.0954872,22.844,0.000531858,998.429,2.73352
0.00598356,1109.56,0.103287,22.8436,0.000531858,998.429,2.73352
0.00598357,1123.1,0.108019,22.8433,0.000531858,998.429,2.73352
0.00598357,1137.82,0.110047,22.8429,0.000531858,998.429,2.73352
0.00598358,1153.92,0.108724,22.8425,0.000531858,998.429,2.73352
0.00598359,1173.89,0.101654,22.8421,0.000531858,998.429,2.73352
0.0059836,1193.5,0.087442,22.8418,0.000531858,998.429,2.73352
0.00598361,1212.13,0.0628291,22.8416,0.000531858,998.428,2.73352
0.00598362,1219.56,0.0463816,22.8416,0.000531858,998.428,2.73352
0.00598363,1223.58,0.0332157,22.8416,0.000531858,998.428,2.73352
0.00598363,1226.1,0.0204441,22.8416,0.000531858,998.428,2.73353
0.00598364,1227.43,0.00701543,22.8417,0.000531858,998.429,2.73353
0.00598364,1227.32,-0.00876591,22.8419,0.000531858,998.429,2.73353
0.00598365,1225.14,-0.026017,22.8421,0.000531858,998.429,2.73353
0.00598365,1220.99,-0.0420735,22.8424,0.000531858,998.429,2.73353
0.00598366,1214.7,-0.0575885,22.8427,0.000531858,998.429,2.73353
0.00598367,1206.08,-0.0722567,22.843,0.000531858,998.429,2.73353
0.00598367,1193.71,-0.0867695,22.8435,0.000531858,998.429,2.73353
0.00598368,1176.1,-0.0998578,22.844,0.000531858,998.429,2.73353
0.00598369,1161.51,-0.106073,22.8444,0.000531858,998.429,2.73353
0.0059837,1145.53,-0.109034,22.8449,0.000531858,998.429,2.73352
0.00598371,1130.77,-0.108487,22.8452,0.000531858,998.43,2.73352
0.00598372,1110.45,-0.102454,22.8457,0.000531858,998.43,2.73352
0.00598372,1091.59,-0.0903598,22.846,0.000531858,998.43,2.73352
0.00598374,1071.9,-0.0674223,22.8463,0.000531858,998.43,2.73352
0.00598375,1060.27,-0.0428192,22.8464,0.000531858,998.43,2.73352
0.00598376,1055.17,-0.0224719,22.8464,0.000531858,998.43,2.73352
0.00598376,1053.42,-0.00525797,22.8463,0.000531858,998.43,2.73352
0.00598377,1053.84,0.0116047,22.8461,0.000531858,998.43,2.73352
0.00598377,1056.49,0.0287861,22.8459,0.000531858,998.43,2.73352
0.00598378,1062.93,0.0493331,22.8456,0.000531858,998.43,2.73351
0.00598379,1074.4,0.0705251,22.8452,0.000531858,998.43,2.73351
0.0059838,1092.59,0.0903406,22.8446,0.000531858,998.43,2.73351
0.00598381,1107.76,0.100173,22.8441,0.000531858,998.43,2.73351
0.00598382,1121.48,0.105437,22.8438,0.000531858,998.43,2.73351
0.00598383,1136.7,0.107866,22.8434,0.000531858,998.43,2.7335
0.00598383,1151.52,0.106993,22.843,0.000531858,998.43,2.7335
0.00598384,1171.48,0.100541,22.8426,0.000531858,998.43,2.7335
0.00598385,1190.19,0.0878104,22.8423,0.000531858,998.43,2.7335
0.00598386,1209.16,0.0642971,22.8421,0.000531858,998.43,2.73349
0.00598387,1217.43,0.0469432,22.842,0.000531858,998.43,2.73349
0.00598388,1221.73,0.0333496,22.842,0.000531858,998.43,2.73349
0.00598388,1224.37,0.0202219,22.8421,0.000531858,998.43,2.73349
0.00598389,1225.72,0.00624719,22.8422,0.000531858,998.43,2.73348
0.00598389,1225.49,-0.0100339,22.8423,0.000531858,998.43,2.73348
0.0059839,1223.16,-0.026943,22.8425,0.000531858,998.43,2.73348
0.00598391,1218.71,-0.0432053,22.8428,0.000531858,998.43,2.73348
0.00598391,1211.18,-0.0603847,22.8431,0.000531858,998.43,2.73348
0.00598392,1202.16,-0.0743677,22.8435,0.000531858,998.43,2.73347
0.00598393,1188.16,-0.0890647,22.844,0.000531858,998.43,2.73347
0.00598394,1173.39,-0.0989431,22.8444,0.000531858,998.431,2.73347
0.00598394,1159.65,-0.104399,22.8448,0.000531858,998.431,2.73346
0.00598395,1144.51,-0.10695,22.8452,0.000531858,998.431,2.73346
0.00598396,1129.66,-0.106171,22.8456,0.000531858,998.431,2.73346
0.00598397,1109.81,-0.0998901,22.846,0.000531858,998.431,2.73345
0.00598398,1091.09,-0.0873664,22.8464,0.000531858,998.431,2.73345
0.00598399,1072.12,-0.0643408,22.8466,0.000531858,998.432,2.73344
0.005984,1061.39,-0.0407535,22.8467,0.000531858,998.432,2.73344
0.00598401,1056.67,-0.0212828,22.8466,0.000531858,998.432,2.73343
0.00598401,1055.06,-0.00452287,22.8465,0.000531858,998.432,2.73343
0.00598402,1055.55,0.0120337,22.8464,0.000531858,998.432,2.73342
0.00598403,1058.22,0.0288238,22.8462,0.000531858,998.432,2.73342
0.00598403,1064.75,0.0491943,22.8459,0.000531858,998.432,2.73342
0.00598404,1076.15,0.0698617,22.8454,0.000531858,998.432,2.73341
0.00598405,1092.31,0.0876086,22.8449,0.000531858,998.432,2.73341
0.00598406,1106.53,0.0972821,22.8445,0.000531858,998.432,2.7334
0.00598407,1119.73,0.102788,22.8441,0.000531858,998.432,2.7334
0.00598408,1134.48,0.105631,22.8437,0.000531858,998.432,2.73339
0.00598408,1148.24,0.105357,22.8434,0.000531858,998.431,2.73339
0.00598409,1167.83,0.0999817,22.843,0.000531858,998.431,2.73338
0.0059841,1185.94,0.0888825,22.8426,0.000531858,998.431,2.73338
0.00598411,1205.23,0.0671995,22.8424,0.000531858,998.431,2.73337
0.00598412,1214.47,0.0496188,22.8423,0.000531858,998.431,2.73336
0.00598413,1219.37,0.03551,22.8423,0.000531858,998.431,2.73336
0.00598413,1222.36,0.0220426,22.8424,0.000531858,998.431,2.73335
0.00598414,1223.95,0.00776396,22.8424,0.000531858,998.431,2.73335
0.00598414,1223.87,-0.00904114,22.8426,0.000531858,998.431,2.73334
0.00598415,1221.68,-0.0256313,22.8428,0.000531858,998.431,2.73334
0.00598416,1216.95,-0.0429439,22.8431,0.000531858,998.431,2.73333
0.00598417,1209.14,-0.060341,22.8434,0.000531858,998.431,2.73333
0.00598417,1199.69,-0.0744867,22.8438,0.000531858,998.432,2.73332
0.00598418,1185.3,-0.088857,22.8443,0.000531858,998.432,2.73332
0.00598419,1171.5,-0.0976156,22.8447,0.000531858,998.432,2.73331
0.0059842,1158.18,-0.10265,22.845,0.000531858,998.432,2.73331
0.0059842,1143.52,-0.104905,22.8454,0.000531858,998.432,2.7333
0.00598421,1128.59,-0.103888,22.8458,0.000531858,998.432,2.73329
0.00598422,1109.2,-0.0973676,22.8462,0.000531858,998.433,2.73329
0.00598423,1090.69,-0.0844697,22.8465,0.000531858,998.433,2.73328
0.00598424,1072.41,-0.0613825,22.8468,0.000531858,998.433,2.73327
0.00598425,1062.5,-0.0387454,22.8468,0.000531858,998.433,2.73326
0.00598426,1058.14,-0.0201018,22.8468,0.000531858,998.433,2.73325
0.00598427,1056.66,-0.00377848,22.8467,0.000531858,998.433,2.73325
0.00598427,1057.23,0.0124804,22.8465,0.000531858,998.433,2.73324
0.00598428,1059.92,0.0288869,22.8463,0.000531858,998.433,2.73323
0.00598429,1066.54,0.0490859,22.846,0.000531858,998.433,2.73323
0.0059843,1077.88,0.0692344,22.8455,0.000531858,998.433,2.73322
0.00598431,1093.58,0.0862133,22.845,0.000531858,998.433,2.73321
0.00598431,1107.36,0.0954997,22.8446,0.000531858,998.433,2.7332
0.00598432,1120.27,0.10084,22.8442,0.000531858,998.433,2.7332
0.00598433,1134.69,0.10358,22.8439,0.000531858,998.433,2.73319
0.00598433,1148.26,0.103273,22.8435,0.000531858,998.433,2.73318
0.00598434,1167.45,0.0979397,22.8431,0.000531858,998.433,2.73317
0.00598435,1185.26,0.0869398,22.8428,0.000531858,998.433,2.73316
0.00598436,1204.11,0.0655893,22.8425,0.000531858,998.433,2.73315
0.00598437,1213.23,0.0480519,22.8424,0.000531858,998.433,2.73314
0.00598438,1218.08,0.0337189,22.8425,0.000531858,998.433,2.73313
0.00598438,1220.99,0.0198698,22.8425,0.000531858,998.433,2.73313
0.00598439,1222.41,0.00487141,22.8426,0.000531858,998.433,2.73312
0.0059844,1221.91,-0.0123396,22.8428,0.000531858,998.433,2.73312
0.0059844,1219.3,-0.0286015,22.843,0.000531858,998.433,2.73311
0.00598441,1214.22,-0.0452964,22.8432,0.000531858,998.433,2.7331
0.00598442,1205.83,-0.0624589,22.8436,0.000531858,998.433,2.73309
0.00598443,1195.54,-0.0765057,22.844,0.000531858,998.433,2.73308
0.00598444,1179.99,-0.0903201,22.8445,0.000531858,998.433,2.73307
0.00598444,1166.87,-0.0975014,22.8448,0.000531858,998.433,2.73307
0.00598445,1153.71,-0.101573,22.8452,0.000531858,998.433,2.73306
0.00598446,1139.55,-0.102882,22.8455,0.000531858,998.434,2.73305
0.00598446,1123.46,-0.100651,22.8459,0.000531858,998.434,2.73304
0.00598447,1104.7,-0.0926442,22.8463,0.000531858,998.434,2.73303
0.00598448,1086.18,-0.0773191,22.8466,0.000531858,998.434,2.73302
0.0059845,1069.68,-0.052476,22.8468,0.000531858,998.434,2.733
0.00598451,1061.89,-0.0304498,22.8468,0.000531858,998.434,2.73299
0.00598451,1058.93,-0.0135054,22.8467,0.000531858,998.434,2.73298
0.00598452,1058.26,0.00219211,22.8466,0.000531858,998.434,2.73298
0.00598453,1059.7,0.0190631,22.8464,0.000531858,998.435,2.73297
0.00598453,1063.36,0.0353719,22.8462,0.000531858,998.435,2.73296
0.00598454,1072.08,0.0566096,22.8458,0.000531858,998.435,2.73295
0.00598455,1085.14,0.0754184,22.8453,0.000531858,998.434,2.73293
0.00598456,1099.15,0.0881121,22.8448,0.000531858,998.434,2.73292
0.00598457,1111.57,0.0953714,22.8445,0.000531858,998.434,2.73292
0.00598457,1124.09,0.0997807,22.8441,0.000531858,998.434,2.73291
0.00598458,1137.72,0.101682,22.8438,0.000531858,998.434,2.7329
0.00598459,1152.54,0.100493,22.8434,0.000531858,998.434,2.73289
0.0059846,1171.02,0.0939939,22.843,0.000531858,998.434,2.73288
0.00598461,1189.12,0.0809368,22.8427,0.000531858,998.434,2.73286
0.00598462,1206.4,0.0582221,22.8425,0.000531858,998.434,2.73285
0.00598463,1213.98,0.0411487,22.8424,0.000531858,998.434,2.73283
0.00598463,1217.98,0.0268373,22.8425,0.000531858,998.434,2.73283
0.00598464,1220.22,0.0123097,22.8425,0.000531858,998.434,2.73282
0.00598465,1220.75,-0.00362162,22.8426,0.000531858,998.434,2.73281
0.00598465,1219.26,-0.0197332,22.8428,0.000531858,998.434,2.7328
0.00598466,1215.19,-0.0372196,22.8431,0.000531858,998.434,2.73279
0.00598467,1208.85,-0.0531483,22.8434,0.000531858,998.434,2.73278
0.00598467,1199.05,-0.0692171,22.8437,0.000531858,998.434,2.73277
0.00598468,1186.44,-0.0828412,22.8442,0.000531858,998.434,2.73276
0.00598469,1172.74,-0.0924152,22.8446,0.000531858,998.435,2.73275
0.0059847,1160,-0.0978262,22.8449,0.000531858,998.435,2.73274
0.0059847,1145.81,-0.100591,22.8453,0.000531858,998.435,2.73273
0.00598471,1132.45,-0.100304,22.8456,0.000531858,998.435,2.73272
0.00598472,1113.76,-0.0951174,22.846,0.000531858,998.435,2.7327
0.00598473,1096.34,-0.0843931,22.8463,0.000531858,998.435,2.73269
0.00598474,1077.95,-0.0637474,22.8466,0.000531858,998.436,2.73267
0.00598475,1066.66,-0.0406944,22.8466,0.000531858,998.436,2.73265
0.00598476,1061.68,-0.021547,22.8466,0.000531858,998.436,2.73264
0.00598477,1059.96,-0.00556875,22.8465,0.000531858,998.436,2.73263
0.00598477,1060.26,0.0099734,22.8463,0.000531858,998.436,2.73262
0.00598478,1062.61,0.0258884,22.8461,0.000531858,998.436,2.73261
0.00598479,1068.33,0.0446126,22.8458,0.000531858,998.436,2.7326
0.0059848,1078.75,0.0642894,22.8454,0.000531858,998.436,2.73259
0.00598481,1095.18,0.0826341,22.8448,0.000531858,998.436,2.73257
0.00598482,1109.19,0.0920036,22.8444,0.000531858,998.436,2.73256
0.00598482,1121.84,0.0970599,22.844,0.000531858,998.436,2.73254
0.00598483,1135.93,0.0995071,22.8437,0.000531858,998.436,2.73253
0.00598484,1149.25,0.098936,22.8434,0.000531858,998.436,2.73252
0.00598485,1167.74,0.0933363,22.8429,0.000531858,998.435,2.73251
0.00598486,1184.89,0.0821547,22.8426,0.000531858,998.435,2.73249
0.00598487,1202.71,0.0609402,22.8423,0.000531858,998.435,2.73247
0.00598488,1211.26,0.0434427,22.8423,0.000531858,998.435,2.73246
0.00598488,1215.79,0.0286754,22.8423,0.000531858,998.435,2.73245
0.00598489,1218.34,0.0139041,22.8423,0.000531858,998.435,2.73244
0.0059849,1219.08,-0.00172525,22.8425,0.000531858,998.435,2.73243
0.0059849,1217.83,-0.0177052,22.8426,0.000531858,998.435,2.73241
0.00598491,1214.31,-0.0340552,22.8428,0.000531858,998.435,2.7324
0.00598492,1208.09,-0.050566,22.8431,0.000531858,998.436,2.73239
0.00598493,1198.42,-0.0669145,22.8435,0.000531858,998.436,2.73238
0.00598493,1186.01,-0.0806104,22.8439,0.000531858,998.436,2.73236
0.00598494,1172.42,-0.0902662,22.8443,0.000531858,998.436,2.73235
0.00598495,1159.93,-0.0956659,22.8447,0.000531858,998.436,2.73234
0.00598496,1145.98,-0.0984668,22.845,0.000531858,998.436,2.73232
0.00598496,1132.9,-0.0982548,22.8453,0.000531858,998.436,2.73231
0.00598497,1114.69,-0.0933177,22.8457,0.000531858,998.437,2.7323
0.00598498,1097.6,-0.082955,22.846,0.000531858,998.437,2.73228
0.00598499,1079.58,-0.0629822,22.8462,0.000531858,998.437,2.73226
0.005985,1068.31,-0.040313,22.8463,0.000531858,998.437,2.73224
0.00598501,1063.33,-0.0214368,22.8463,0.000531858,998.437,2.73222
0.00598502,1061.6,-0.00575973,22.8461,0.000531858,998.437,2.73221
0.00598503,1061.85,0.00944954,22.846,0.000531858,998.437,2.7322
0.00598503,1064.12,0.025056,22.8458,0.000531858,998.437,2.73219
0.00598504,1069.63,0.043287,22.8455,0.000531858,998.437,2.73217
0.00598505,1079.75,0.062601,22.8451,0.000531858,998.437,2.73216
0.00598506,1095.68,0.0805831,22.8445,0.000531858,998.437,2.73214
0.00598507,1109.4,0.0898802,22.8441,0.000531858,998.437,2.73212
0.00598507,1121.78,0.0949144,22.8437,0.000531858,998.437,2.73211
0.00598508,1135.59,0.0973993,22.8434,0.000531858,998.437,2.7321
0.00598509,1148.48,0.0969392,22.8431,0.000531858,998.437,2.73208
0.0059851,1166.6,0.0916136,22.8427,0.000531858,998.437,2.73207
0.00598511,1183.33,0.0809128,22.8423,0.000531858,998.437,2.73205
0.00598512,1200.91,0.0603623,22.842,0.000531858,998.437,2.73202
0.00598513,1209.62,0.0427957,22.842,0.000531858,998.437,2.73201
0.00598514,1214.24,0.0277106,22.842,0.000531858,998.437,2.73199
0.00598514,1216.77,0.0124983,22.842,0.000531858,998.437,2.73198
0.00598515,1217.35,-0.00287324,22.8421,0.000531858,998.437,2.73197
0.00598515,1215.95,-0.0186534,22.8423,0.000531858,998.437,2.73196
0.00598516,1212.19,-0.0350501,22.8425,0.000531858,998.437,2.73194
0.00598517,1205.44,-0.0518891,22.8428,0.000531858,998.437,2.73193
0.00598518,1195.26,-0.0679675,22.8432,0.000531858,998.437,2.73191
0.00598519,1182.03,-0.0813984,22.8436,0.000531858,998.437,2.73189
0.00598519,1169.63,-0.089443,22.844,0.000531858,998.437,2.73188
0.0059852,1157.57,-0.0942042,22.8443,0.000531858,998.437,2.73187
0.00598521,1144.17,-0.0964991,22.8446,0.000531858,998.438,2.73185
0.00598521,1130.89,-0.0958813,22.8449,0.000531858,998.438,2.73184
0.00598522,1113.01,-0.0903614,22.8453,0.000531858,998.438,2.73182
0.00598523,1096.1,-0.0792277,22.8456,0.000531858,998.438,2.7318
0.00598525,1078.9,-0.0586405,22.8458,0.000531858,998.438,2.73177
0.00598526,1069.02,-0.03723,22.8458,0.000531858,998.438,2.73175
0.00598526,1064.66,-0.0195242,22.8458,0.000531858,998.438,2.73174
0.00598527,1063.16,-0.00436979,22.8457,0.000531858,998.438,2.73172
0.00598528,1063.57,0.0105578,22.8455,0.000531858,998.439,2.73171
0.00598528,1065.94,0.0257277,22.8453,0.000531858,998.439,2.7317
0.00598529,1071.74,0.0440103,22.845,0.000531858,998.439,2.73168
0.0059853,1081.95,0.0627028,22.8446,0.000531858,998.439,2.73166
0.00598531,1098.18,0.0802062,22.844,0.000531858,998.438,2.73164
0.00598532,1111.6,0.0887817,22.8436,0.000531858,998.438,2.73162
0.00598533,1123.78,0.0933647,22.8432,0.000531858,998.438,2.73161
0.00598533,1137.26,0.0954141,22.8429,0.000531858,998.438,2.73159
0.00598534,1150.52,0.0945138,22.8425,0.000531858,998.438,2.73158
0.00598535,1168.17,0.0886057,22.8422,0.000531858,998.438,2.73156
0.00598536,1184.78,0.0770451,22.8418,0.000531858,998.438,2.73154
0.00598537,1201.43,0.055936,22.8416,0.000531858,998.438,2.73151
0.00598538,1209.35,0.0384199,22.8415,0.000531858,998.438,2.73149
0.00598539,1213.47,0.0230929,22.8415,0.000531858,998.438,2.73148
0.0059854,1215.45,0.00761567,22.8416,0.000531858,998.438,2.73146
0.0059854,1215.45,-0.00740473,22.8417,0.000531858,998.438,2.73145
0.00598541,1213.47,-0.022783,22.8419,0.000531858,998.438,2.73143
0.00598542,1208.56,-0.0402768,22.8421,0.000531858,998.438,2.73142
0.00598542,1200.52,-0.057054,22.8425,0.000531858,998.438,2.7314
0.00598543,1189.12,-0.0721856,22.8428,0.000531858,998.438,2.73138
0.00598544,1173.92,-0.0846833,22.8433,0.000531858,998.439,2.73136
0.00598545,1161.49,-0.0907397,22.8436,0.000531858,998.439,2.73134
0.00598546,1149.16,-0.0938571,22.8439,0.000531858,998.439,2.73133
0.00598546,1136.2,-0.0943562,22.8442,0.000531858,998.439,2.73131
0.00598547,1120.42,-0.091166,22.8446,0.000531858,998.439,2.73129
0.00598548,1103.43,-0.0825002,22.8449,0.000531858,998.439,2.73127
0.00598549,1086.34,-0.0662233,22.8451,0.000531858,998.44,2.73125
0.00598551,1072.43,-0.0416525,22.8452,0.000531858,998.44,2.73122
0.00598552,1066.71,-0.0215246,22.8452,0.000531858,998.44,2.7312
0.00598552,1064.9,-0.00595706,22.845,0.000531858,998.44,2.73118
0.00598553,1065.09,0.00858368,22.8449,0.000531858,998.44,2.73117
0.00598553,1067.22,0.023633,22.8447,0.000531858,998.44,2.73115
0.00598554,1072.3,0.0407513,22.8444,0.000531858,998.44,2.73113
0.00598555,1081.88,0.0593495,22.844,0.000531858,998.44,2.73111
0.00598556,1096.82,0.0765231,22.8435,0.000531858,998.44,2.73109
0.00598557,1109.92,0.0856245,22.843,0.000531858,998.44,2.73107
0.00598558,1121.73,0.090593,22.8427,0.000531858,998.44,2.73105
0.00598558,1134.97,0.0931345,22.8423,0.000531858,998.44,2.73104
0.00598559,1147.09,0.092864,22.842,0.000531858,998.44,2.73102
0.0059856,1164.41,0.0880613,22.8416,0.000531858,998.44,2.731
0.00598561,1180.35,0.0782342,22.8413,0.000531858,998.439,2.73098
0.00598562,1197.36,0.0590046,22.841,0.000531858,998.439,2.73095
0.00598563,1206.32,0.0414066,22.8409,0.000531858,998.439,2.73092
0.00598564,1211.1,0.0257172,22.8409,0.000531858,998.439,2.73091
0.00598565,1213.52,0.00997165,22.841,0.000531858,998.439,2.73089
0.00598565,1213.83,-0.00476441,22.8411,0.000531858,998.439,2.73088
0.00598566,1212.18,-0.020065,22.8412,0.000531858,998.439,2.73086
0.00598567,1208.05,-0.036302,22.8414,0.000531858,998.44,2.73084
0.00598568,1199.44,-0.0551977,22.8418,0.000531858,998.44,2.73082
0.00598568,1188.65,-0.0697965,22.8422,0.000531858,998.44,2.7308
0.00598569,1173.15,-0.0827278,22.8426,0.000531858,998.44,2.73077
0.0059857,1160.87,-0.0887027,22.8429,0.000531858,998.44,2.73076
0.00598571,1148.77,-0.0917391,22.8432,0.000531858,998.44,2.73074
0.00598572,1136.05,-0.0921945,22.8435,0.000531858,998.44,2.73072
0.00598572,1120.65,-0.0890316,22.8438,0.000531858,998.44,2.7307
0.00598573,1104.02,-0.0804887,22.8441,0.000531858,998.441,2.73068
0.00598574,1087.36,-0.0645194,22.8444,0.000531858,998.441,2.73065
0.00598576,1073.8,-0.0404031,22.8444,0.000531858,998.441,2.73062
0.00598577,1068.27,-0.0207314,22.8444,0.000531858,998.441,2.7306
0.00598577,1066.54,-0.00551629,22.8443,0.000531858,998.441,2.73058
0.00598578,1066.77,0.00869842,22.8441,0.000531858,998.441,2.73057
0.00598579,1068.89,0.0233841,22.8439,0.000531858,998.441,2.73055
0.00598579,1073.94,0.0401976,22.8436,0.000531858,998.441,2.73053
0.0059858,1083.37,0.0583248,22.8432,0.000531858,998.441,2.73051
0.00598581,1098.11,0.0750813,22.8427,0.000531858,998.441,2.73048
0.00598582,1110.91,0.0838558,22.8423,0.000531858,998.441,2.73046
0.00598583,1122.48,0.0886315,22.8419,0.000531858,998.441,2.73044
0.00598584,1135.4,0.0910244,22.8416,0.000531858,998.441,2.73043
0.00598584,1147.33,0.0906693,22.8413,0.000531858,998.441,2.73041
0.00598585,1164.29,0.0858098,22.8409,0.000531858,998.441,2.73039
0.00598586,1179.88,0.0759974,22.8405,0.000531858,998.441,2.73036
0.00598587,1196.43,0.0569454,22.8402,0.000531858,998.441,2.73033
0.00598588,1205.16,0.0393235,22.8402,0.000531858,998.441,2.73031
0.00598589,1209.79,0.0233374,22.8402,0.000531858,998.441,2.73029
0.0059859,1211.86,0.00851606,22.8402,0.000531858,998.441,2.73027
0.0059859,1212.02,-0.00572838,22.8403,0.000531858,998.441,2.73025
0.00598591,1210.29,-0.0205008,22.8405,0.000531858,998.441,2.73024
0.00598592,1206.01,-0.0366568,22.8407,0.000531858,998.441,2.73022
0.00598593,1197.37,-0.0549763,22.841,0.000531858,998.441,2.73019
0.00598594,1186.03,-0.0696988,22.8414,0.000531858,998.441,2.73017
0.00598595,1172.43,-0.0807396,22.8418,0.000531858,998.441,2.73015
0.00598595,1160.86,-0.0864513,22.8421,0.000531858,998.441,2.73013
0.00598596,1149.22,-0.0895087,22.8424,0.000531858,998.442,2.73011
0.00598597,1136.95,-0.0901183,22.8426,0.000531858,998.442,2.73009
0.00598597,1122.01,-0.0872986,22.8429,0.000531858,998.442,2.73007
0.00598598,1105.78,-0.0793096,22.8432,0.000531858,998.442,2.73005
0.005986,1089.41,-0.0641562,22.8434,0.000531858,998.442,2.73002
0.00598601,1075.91,-0.0410775,22.8435,0.000531858,998.442,2.72998
0.00598602,1070.17,-0.0218365,22.8435,0.000531858,998.442,2.72996
0.00598602,1068.26,-0.00697911,22.8434,0.000531858,998.442,2.72994
0.00598603,1068.28,0.00687224,22.8432,0.000531858,998.443,2.72993
0.00598604,1070.16,0.0213171,22.843,0.000531858,998.443,2.72991
0.00598604,1074.64,0.0372675,22.8427,0.000531858,998.443,2.72989
0.00598605,1083.46,0.0552031,22.8423,0.000531858,998.443,2.72986
0.00598607,1097.13,0.0716706,22.8418,0.000531858,998.442,2.72984
0.00598607,1109.6,0.0808531,22.8414,0.000531858,998.442,2.72981
0.00598608,1120.81,0.0859396,22.8411,0.000531858,998.442,2.7298
0.00598609,1132.24,0.0885973,22.8407,0.000531858,998.442,2.72978
0.00598609,1144.05,0.0888942,22.8404,0.000531858,998.442,2.72976
0.0059861,1159.32,0.0855838,22.8401,0.000531858,998.442,2.72974
0.00598611,1175.04,0.0772227,22.8397,0.000531858,998.442,2.72971
0.00598612,1191.23,0.0611715,22.8394,0.000531858,998.442,2.72968
0.00598613,1201.94,0.0425137,22.8393,0.000531858,998.442,2.72965
0.00598614,1207.43,0.0258714,22.8392,0.000531858,998.442,2.72963
0.00598615,1209.94,0.0106349,22.8393,0.000531858,998.442,2.72961
0.00598616,1210.38,-0.00331034,22.8394,0.000531858,998.442,2.72959
0.00598616,1208.95,-0.0180172,22.8395,0.000531858,998.442,2.72958
0.00598617,1205.37,-0.0329288,22.8397,0.000531858,998.442,2.72956
0.00598618,1197.45,-0.0511644,22.84,0.000531858,998.442,2.72953
0.00598619,1186.18,-0.0667063,22.8404,0.000531858,998.442,2.72951
0.0059862,1171.23,-0.07908,22.8408,0.000531858,998.443,2.72948
0.00598621,1159.43,-0.0847322,22.8411,0.000531858,998.443,2.72946
0.00598621,1147.89,-0.0875493,22.8414,0.000531858,998.443,2.72944
0.00598622,1135.78,-0.0879083,22.8416,0.000531858,998.443,2.72942
0.00598623,1121.01,-0.0847739,22.8419,0.000531858,998.443,2.7294
0.00598624,1105.19,-0.0765003,22.8422,0.000531858,998.443,2.72937
0.00598625,1089.3,-0.0610521,22.8424,0.000531858,998.444,2.72934
0.00598626,1077.47,-0.0403675,22.8425,0.000531858,998.444,2.72931
0.00598627,1072,-0.0225674,22.8424,0.000531858,998.444,2.72928
0.00598628,1069.98,-0.00833471,22.8423,0.000531858,998.444,2.72927
0.00598628,1069.81,0.0051608,22.8421,0.000531858,998.444,2.72925
0.00598629,1071.44,0.0193286,22.842,0.000531858,998.444,2.72923
0.0059863,1075.42,0.0345053,22.8417,0.000531858,998.444,2.72921
0.00598631,1083.67,0.0522099,22.8413,0.000531858,998.444,2.72918
0.00598632,1096.36,0.068371,22.8408,0.000531858,998.444,2.72916
0.00598632,1108.46,0.077892,22.8404,0.000531858,998.444,2.72913
0.00598633,1119.31,0.083252,22.8401,0.000531858,998.444,2.72911
0.00598634,1130.34,0.0862217,22.8397,0.000531858,998.444,2.7291
0.00598634,1141.93,0.0869237,22.8394,0.000531858,998.444,2.72908
0.00598635,1156.19,0.0844394,22.8391,0.000531858,998.444,2.72905
0.00598636,1171.72,0.0770701,22.8387,0.000531858,998.444,2.72903
0.00598637,1187.51,0.062824,22.8384,0.000531858,998.443,2.729
0.00598638,1199.27,0.0440547,22.8382,0.000531858,998.443,2.72896
0.00598639,1205.33,0.0270065,22.8382,0.000531858,998.443,2.72894
0.0059864,1208.08,0.011796,22.8382,0.000531858,998.443,2.72892
0.00598641,1208.68,-0.0018351,22.8383,0.000531858,998.443,2.7289
0.00598641,1207.45,-0.0163484,22.8384,0.000531858,998.444,2.72888
0.00598642,1204.31,-0.0303463,22.8386,0.000531858,998.444,2.72886
0.00598643,1196.9,-0.0483525,22.8389,0.000531858,998.444,2.72884
0.00598644,1185.78,-0.064275,22.8392,0.000531858,998.444,2.72881
0.00598645,1171.17,-0.0767211,22.8396,0.000531858,998.444,2.72878
0.00598646,1159.68,-0.0824288,22.8399,0.000531858,998.444,2.72876
0.00598646,1148.48,-0.0853365,22.8402,0.000531858,998.444,2.72874
0.00598647,1136.64,-0.0858676,22.8405,0.000531858,998.444,2.72872
0.00598648,1122.5,-0.083126,22.8407,0.000531858,998.445,2.7287
0.00598649,1106.98,-0.0753903,22.841,0.000531858,998.445,2.72867
0.0059865,1091.48,-0.0609086,22.8412,0.000531858,998.445,2.72864
0.00598651,1078.63,-0.0387325,22.8412,0.000531858,998.445,2.7286
0.00598652,1073.24,-0.0203683,22.8412,0.000531858,998.445,2.72858
0.00598653,1071.48,-0.00619937,22.841,0.000531858,998.445,2.72856
0.00598653,1071.56,0.0070074,22.8409,0.000531858,998.445,2.72854
0.00598654,1073.4,0.0207431,22.8407,0.000531858,998.445,2.72852
0.00598655,1077.79,0.0360714,22.8404,0.000531858,998.445,2.7285
0.00598656,1086.31,0.0530935,22.84,0.000531858,998.445,2.72847
0.00598657,1099.53,0.0687528,22.8395,0.000531858,998.445,2.72844
0.00598658,1111.43,0.0773277,22.8391,0.000531858,998.445,2.72842
0.00598658,1122.15,0.0820544,22.8388,0.000531858,998.445,2.7284
0.00598659,1134.22,0.0845841,22.8384,0.000531858,998.445,2.72838
0.0059866,1145.29,0.0845136,22.8381,0.000531858,998.445,2.72836
0.00598661,1160.77,0.0805177,22.8377,0.000531858,998.445,2.72833
0.00598662,1175.36,0.0719192,22.8374,0.000531858,998.445,2.7283
0.00598663,1190.88,0.0550864,22.8371,0.000531858,998.445,2.72827
0.00598664,1200.35,0.0367014,22.837,0.000531858,998.445,2.72824
0.00598665,1205.12,0.0195961,22.837,0.000531858,998.445,2.72821
0.00598665,1206.76,0.00582587,22.837,0.000531858,998.445,2.72819
0.00598666,1206.64,-0.00737532,22.8371,0.000531858,998.445,2.72818
0.00598667,1204.78,-0.0209915,22.8372,0.000531858,998.445,2.72816
0.00598668,1200.29,-0.0364537,22.8374,0.000531858,998.445,2.72813
0.00598668,1191.77,-0.0532425,22.8377,0.000531858,998.445,2.72811
0.0059867,1178.97,-0.0682401,22.8381,0.000531858,998.445,2.72808
0.0059867,1167.18,-0.0766534,22.8384,0.000531858,998.445,2.72805
0.00598671,1156.51,-0.0812552,22.8387,0.000531858,998.445,2.72803
0.00598672,1144.48,-0.0836389,22.839,0.000531858,998.446,2.72801
0.00598672,1133.47,-0.0834255,22.8392,0.000531858,998.446,2.72799
0.00598673,1117.9,-0.0791518,22.8395,0.000531858,998.446,2.72796
0.00598674,1103.48,-0.0703396,22.8397,0.000531858,998.446,2.72794
0.00598676,1088.14,-0.0532212,22.8399,0.000531858,998.446,2.7279
0.00598677,1078.66,-0.033986,22.8399,0.000531858,998.446,2.72787
0.00598677,1074.48,-0.0180074,22.8398,0.000531858,998.446,2.72784
0.00598678,1073.04,-0.00471899,22.8397,0.000531858,998.446,2.72783
0.00598679,1073.28,0.00818754,22.8395,0.000531858,998.447,2.72781
0.00598679,1075.22,0.0214122,22.8393,0.000531858,998.447,2.72779
0.0059868,1079.94,0.0369275,22.839,0.000531858,998.447,2.72777
0.00598681,1088.55,0.0532805,22.8386,0.000531858,998.447,2.72774
0.00598682,1102.14,0.0685146,22.8381,0.000531858,998.446,2.7277
0.00598683,1113.79,0.0763328,22.8377,0.000531858,998.446,2.72768
0.00598684,1124.33,0.0805616,22.8374,0.000531858,998.446,2.72766
0.00598684,1136.07,0.0826019,22.837,0.000531858,998.446,2.72764
0.00598685,1147.1,0.0821272,22.8367,0.000531858,998.446,2.72762
0.00598686,1162.47,0.0774658,22.8363,0.000531858,998.446,2.72759
0.00598687,1176.69,0.0681982,22.836,0.000531858,998.446,2.72756
0.00598688,1191.54,0.0505433,22.8357,0.000531858,998.446,2.72753
0.00598689,1200,0.0322154,22.8356,0.000531858,998.446,2.7275
0.0059869,1203.87,0.0162617,22.8356,0.000531858,998.446,2.72747
0.00598691,1205.09,0.00307498,22.8357,0.000531858,998.446,2.72745
0.00598691,1204.65,-0.00981297,22.8357,0.000531858,998.446,2.72743
0.00598692,1202.53,-0.0228556,22.8359,0.000531858,998.446,2.72742
0.00598693,1197.39,-0.0387036,22.8361,0.000531858,998.446,2.72739
0.00598694,1188.48,-0.0546443,22.8364,0.000531858,998.446,2.72736
0.00598695,1174.77,-0.0691222,22.8368,0.000531858,998.447,2.72733
0.00598696,1163.56,-0.0761631,22.8371,0.000531858,998.447,2.72731
0.00598696,1153.11,-0.08,22.8373,0.000531858,998.447,2.72729
0.00598697,1141.53,-0.081649,22.8376,0.000531858,998.447,2.72727
0.00598698,1129.95,-0.0807166,22.8378,0.000531858,998.447,2.72725
0.00598699,1114.76,-0.0753862,22.8381,0.000531858,998.447,2.72722
0.005987,1100.44,-0.065117,22.8382,0.000531858,998.447,2.72719
0.00598701,1086.29,-0.0467443,22.8383,0.000531858,998.448,2.72715
0.00598702,1078.91,-0.0293452,22.8383,0.000531858,998.448,2.72712
0.00598703,1075.68,-0.0150819,22.8382,0.000531858,998.448,2.7271
0.00598703,1074.6,-0.00245878,22.8381,0.000531858,998.448,2.72708
0.00598704,1075.1,0.0101887,22.8379,0.000531858,998.448,2.72706
0.00598705,1077.25,0.0228915,22.8377,0.000531858,998.448,2.72704
0.00598705,1082.55,0.0387304,22.8374,0.000531858,998.448,2.72702
0.00598706,1091.46,0.0542913,22.837,0.000531858,998.448,2.72699
0.00598707,1103.55,0.0671825,22.8365,0.000531858,998.448,2.72696
0.00598708,1114.15,0.074251,22.8362,0.000531858,998.448,2.72694
0.00598709,1124.21,0.0783584,22.8359,0.000531858,998.448,2.72692
0.0059871,1135.42,0.0804241,22.8355,0.000531858,998.448,2.7269
0.0059871,1146.03,0.0801119,22.8352,0.000531858,998.448,2.72688
0.00598711,1160.95,0.0758417,22.8349,0.000531858,998.448,2.72685
0.00598712,1174.8,0.0671288,22.8345,0.000531858,998.448,2.72682
0.00598713,1189.4,0.0503372,22.8342,0.000531858,998.448,2.72678
0.00598714,1198.03,0.0322819,22.8341,0.000531858,998.448,2.72675
0.00598715,1201.96,0.0167925,22.8341,0.000531858,998.448,2.72673
0.00598716,1203.26,0.00396628,22.8341,0.000531858,998.448,2.72671
0.00598716,1202.96,-0.00853135,22.8342,0.000531858,998.448,2.72669
0.00598717,1201.03,-0.0212725,22.8343,0.000531858,998.448,2.72667
0.00598718,1196.32,-0.0364268,22.8345,0.000531858,998.448,2.72665
0.00598719,1187.9,-0.0521001,22.8348,0.000531858,998.448,2.72662
0.0059872,1174.56,-0.0666736,22.8352,0.000531858,998.448,2.72658
0.00598721,1163.45,-0.073864,22.8355,0.000531858,998.448,2.72656
0.00598722,1153.25,-0.0777458,22.8357,0.000531858,998.448,2.72654
0.00598722,1141.88,-0.079482,22.8359,0.000531858,998.448,2.72652
0.00598723,1130.83,-0.0787201,22.8362,0.000531858,998.448,2.7265
0.00598724,1115.98,-0.0737304,22.8364,0.000531858,998.449,2.72647
0.00598725,1102.13,-0.0640834,22.8366,0.000531858,998.449,2.72644
0.00598726,1088.16,-0.046465,22.8367,0.000531858,998.449,2.7264
0.00598727,1080.64,-0.029249,22.8366,0.000531858,998.449,2.72637
0.00598728,1077.36,-0.0151136,22.8366,0.000531858,998.449,2.72635
0.00598729,1076.25,-0.00276704,22.8364,0.000531858,998.449,2.72633
0.00598729,1076.69,0.00952589,22.8363,0.000531858,998.449,2.72631
0.0059873,1078.73,0.0219192,22.8361,0.000531858,998.449,2.7263
0.00598731,1083.76,0.0372045,22.8358,0.000531858,998.449,2.72627
0.00598732,1092.34,0.052412,22.8354,0.000531858,998.449,2.72624
0.00598733,1104.19,0.0651926,22.8349,0.000531858,998.449,2.72621
0.00598733,1114.59,0.0721826,22.8345,0.000531858,998.449,2.72619
0.00598734,1124.41,0.0762109,22.8342,0.000531858,998.449,2.72617
0.00598735,1135.35,0.0782406,22.8339,0.000531858,998.449,2.72615
0.00598735,1145.62,0.0779511,22.8336,0.000531858,998.449,2.72613
0.00598736,1160.15,0.0738177,22.8332,0.000531858,998.449,2.7261
0.00598737,1173.6,0.0653982,22.8329,0.000531858,998.449,2.72607
0.00598739,1187.84,0.0490914,22.8326,0.000531858,998.449,2.72604
0.0059874,1196.29,0.031496,22.8325,0.000531858,998.449,2.726
0.0059874,1198,0.0260371,22.8325,0.000531858,998.449,2.726
0.0059874,1198.58,0.0237253,22.8325,0.000531858,998.449,2.72599
0.0059874,1199.62,0.0190542,22.8324,0.000531858,998.449,2.72598
0.00598741,1200.59,0.0132032,22.8325,0.000531858,998.449,2.72598
0.00598741,1201.46,0.00134844,22.8325,0.000531858,998.449,2.72596
0.00598742,1200.69,-0.012316,22.8326,0.000531858,998.449,2.72594
0.00598743,1198.2,-0.0249077,22.8327,0.000531858,998.449,2.72592
0.00598743,1191.84,-0.0415991,22.8329,0.000531858,998.449,2.72589
0.00598744,1182.4,-0.0560027,22.8332,0.000531858,998.449,2.72586
0.00598745,1171.46,-0.0664137,22.8335,0.000531858,998.449,2.72583
0.00598746,1161.87,-0.0722291,22.8337,0.000531858,998.449,2.72581
0.00598747,1152.25,-0.0757407,22.834,0.000531858,998.45,2.72579
0.00598747,1141.66,-0.0772964,22.8342,0.000531858,998.45,2.72577
0.00598748,1130.58,-0.0764817,22.8344,0.000531858,998.45,2.72575
0.00598749,1116.34,-0.0715999,22.8346,0.000531858,998.45,2.72572
0.0059875,1102.64,-0.0619198,22.8348,0.000531858,998.45,2.72569
0.00598751,1089.26,-0.0447826,22.8349,0.000531858,998.45,2.72566
0.00598752,1082.12,-0.0282799,22.8348,0.000531858,998.45,2.72563
0.00598753,1078.98,-0.0146834,22.8347,0.000531858,998.45,2.72561
0.00598754,1077.9,-0.00271607,22.8346,0.000531858,998.45,2.72559
0.00598754,1078.33,0.00923548,22.8344,0.000531858,998.45,2.72557
0.00598755,1080.31,0.021279,22.8342,0.000531858,998.451,2.72555
0.00598756,1085.19,0.0361406,22.8339,0.000531858,998.451,2.72553
0.00598757,1093.52,0.0509157,22.8335,0.000531858,998.451,2.7255
0.00598758,1105.03,0.0633409,22.8331,0.000531858,998.45,2.72547
0.00598758,1115.15,0.0701349,22.8327,0.000531858,998.45,2.72545
0.00598759,1124.7,0.0740447,22.8324,0.000531858,998.45,2.72543
0.0059876,1135.34,0.0760079,22.8321,0.000531858,998.45,2.72541
0.0059876,1145.3,0.0757181,22.8318,0.000531858,998.45,2.72539
0.00598761,1159.41,0.0716917,22.8314,0.000531858,998.45,2.72536
0.00598762,1165.28,0.0686288,22.8313,0.000531858,998.45,2.72535
0.00598762,1173.25,0.0628673,22.8311,0.000531858,998.45,2.72533
0.00598763,1176.95,0.0594497,22.831,0.000531858,998.45,2.72532
0.00598763,1177.77,0.0585917,22.831,0.000531858,998.45,2.72532
0.00598763,1179.4,0.0568329,22.8309,0.000531858,998.45,2.72532
0.00598763,1182.5,0.0531171,22.8309,0.000531858,998.45,2.72531
0.00598764,1187.63,0.0455939,22.8308,0.000531858,998.45,2.72529
0.00598765,1195.29,0.028547,22.8307,0.000531858,998.45,2.72526
0.00598766,1198.8,0.0130512,22.8307,0.000531858,998.45,2.72524
0.00598766,1199.69,0.000230183,22.8307,0.000531858,998.45,2.72522
0.00598767,1198.91,-0.0120186,22.8308,0.000531858,998.45,2.7252
0.00598768,1196.51,-0.024169,22.8309,0.000531858,998.45,2.72518
0.00598769,1190.82,-0.0394147,22.8311,0.000531858,998.45,2.72515
0.0059877,1181.77,-0.053669,22.8313,0.000531858,998.451,2.72512
0.0059877,1170.85,-0.0642957,22.8316,0.000531858,998.451,2.7251
0.00598771,1161.43,-0.0700945,22.8319,0.000531858,998.451,2.72508
0.00598772,1152.06,-0.0735757,22.8321,0.000531858,998.451,2.72506
0.00598772,1141.7,-0.0751469,22.8323,0.000531858,998.451,2.72504
0.00598773,1131.07,-0.0744224,22.8325,0.000531858,998.451,2.72502
0.00598774,1117.18,-0.06976,22.8327,0.000531858,998.451,2.72499
0.00598775,1103.91,-0.0605254,22.8328,0.000531858,998.451,2.72496
0.00598776,1090.8,-0.0439737,22.8329,0.000531858,998.452,2.72492
0.00598777,1083.72,-0.0277996,22.8329,0.000531858,998.452,2.7249
0.00598778,1080.59,-0.0144686,22.8328,0.000531858,998.452,2.72487
0.00598779,1079.52,-0.00281557,22.8326,0.000531858,998.452,2.72486
0.00598779,1079.91,0.00878449,22.8325,0.000531858,998.452,2.72484
0.0059878,1081.81,0.0204943,22.8323,0.000531858,998.452,2.72482
0.00598781,1086.48,0.0348611,22.832,0.000531858,998.452,2.7248
0.00598782,1094.52,0.049231,22.8316,0.000531858,998.452,2.72477
0.00598783,1105.74,0.0614064,22.8311,0.000531858,998.452,2.72474
0.00598784,1115.62,0.068049,22.8308,0.000531858,998.452,2.72472
0.00598784,1124.89,0.0718437,22.8305,0.000531858,998.452,2.7247
0.00598785,1135.23,0.0737399,22.8301,0.000531858,998.452,2.72468
0.00598786,1144.89,0.0734441,22.8299,0.000531858,998.452,2.72466
0.00598787,1158.55,0.0695336,22.8295,0.000531858,998.452,2.72463
0.00598787,1171.21,0.0615973,22.8292,0.000531858,998.452,2.7246
0.00598789,1184.63,0.0462445,22.8289,0.000531858,998.452,2.72457
0.0059879,1192.61,0.0296751,22.8287,0.000531858,998.452,2.72454
0.00598791,1196.18,0.0157857,22.8287,0.000531858,998.452,2.72451
0.00598791,1197.43,0.00412674,22.8287,0.000531858,998.452,2.7245
0.00598792,1197.22,-0.00726366,22.8288,0.000531858,998.452,2.72448
0.00598793,1195.52,-0.0189113,22.8289,0.000531858,998.452,2.72446
0.00598793,1191.36,-0.0326257,22.829,0.000531858,998.452,2.72444
0.00598794,1183.79,-0.0470076,22.8292,0.000531858,998.452,2.72441
0.00598795,1171.82,-0.0603749,22.8296,0.000531858,998.452,2.72438
0.00598796,1161.64,-0.0671493,22.8298,0.000531858,998.452,2.72436
0.00598797,1152.31,-0.0708222,22.83,0.000531858,998.452,2.72434
0.00598798,1141.88,-0.072531,22.8302,0.000531858,998.452,2.72432
0.00598798,1132.02,-0.0719782,22.8304,0.000531858,998.452,2.7243
0.00598799,1118.43,-0.0676328,22.8306,0.000531858,998.453,2.72427
0.005988,1105.87,-0.0591823,22.8307,0.000531858,998.453,2.72424
0.00598802,1092.93,-0.0433889,22.8308,0.000531858,998.453,2.72421
0.00598803,1085.72,-0.0274194,22.8308,0.000531858,998.453,2.72418
0.00598803,1082.57,-0.014279,22.8306,0.000531858,998.453,2.72416
0.00598804,1081.49,-0.0029826,22.8305,0.000531858,998.453,2.72414
0.00598805,1081.83,0.00817777,22.8304,0.000531858,998.453,2.72412
0.00598805,1083.63,0.019479,22.8302,0.000531858,998.453,2.7241
0.00598806,1088.03,0.0331998,22.8299,0.000531858,998.453,2.72408
0.00598807,1095.68,0.0470597,22.8295,0.000531858,998.453,2.72405
0.00598808,1107.83,0.059985,22.829,0.000531858,998.453,2.72402
0.00598809,1117.38,0.0659875,22.8286,0.000531858,998.453,2.724
0.00598809,1121.82,0.067874,22.8285,0.000531858,998.453,2.72399
0.00598809,1125.18,0.0689623,22.8284,0.000531858,998.453,2.72399
0.0059881,1128.39,0.0697324,22.8283,0.000531858,998.453,2.72398
0.0059881,1132.8,0.070361,22.8281,0.000531858,998.453,2.72397
0.0059881,1135.41,0.0704971,22.8281,0.000531858,998.453,2.72397
0.0059881,1137.28,0.0704849,22.828,0.000531858,998.453,2.72396
0.0059881,1138.91,0.0703992,22.828,0.000531858,998.453,2.72396
0.0059881,1140.52,0.0702444,22.8279,0.000531858,998.453,2.72396
0.00598811,1142.08,0.0700287,22.8279,0.000531858,998.453,2.72395
0.00598811,1143.73,0.0697314,22.8278,0.000531858,998.453,2.72395
0.00598811,1145.37,0.0693656,22.8278,0.000531858,998.453,2.72395
0.00598811,1147.07,0.0689121,22.8277,0.000531858,998.453,2.72394
0.00598811,1148.85,0.0683624,22.8277,0.000531858,998.453,2.72394
0.00598811,1150.76,0.0676867,22.8276,0.000531858,998.453,2.72394
0.00598811,1152.34,0.0670687,22.8276,0.000531858,998.453,2.72393
0.00598811,1153.68,0.0665021,22.8275,0.000531858,998.453,2.72393
0.00598812,1154.92,0.0659452,22.8275,0.000531858,998.453,2.72393
0.00598812,1156.34,0.0652669,22.8275,0.000531858,998.453,2.72392
0.00598812,1157.69,0.0645918,22.8274,0.000531858,998.453,2.72392
0.00598812,1158.58,0.0641282,22.8274,0.000531858,998.453,2.72392
0.00598812,1159.37,0.0637071,22.8274,0.000531858,998.453,2.72392
0.00598812,1160.08,0.0633139,22.8274,0.000531858,998.453,2.72392
0.00598812,1161.01,0.0627826,22.8274,0.000531858,998.453,2.72391
0.00598812,1161.86,0.0622802,22.8273,0.000531858,998.453,2.72391
0.00598812,1162.68,0.0617737,22.8273,0.000531858,998.453,2.72391
0.00598812,1163.69,0.0611248,22.8273,0.000531858,998.453,2.72391
0.00598812,1164.79,0.0603794,22.8273,0.000531858,998.453,2.72391
0.00598812,1166.35,0.0592525,22.8272,0.000531858,998.453,2.7239
0.00598813,1169.39,0.056819,22.8271,0.000531858,998.453,2.7239
0.00598813,1173.47,0.0529545,22.827,0.000531858,998.453,2.72388
0.00598814,1178.9,0.0464823,22.8269,0.000531858,998.453,2.72387
0.00598814,1183.53,0.0392484,22.8268,0.000531858,998.453,2.72386
0.00598815,1188.18,0.0291367,22.8267,0.000531858,998.453,2.72384
0.00598815,1191.48,0.0178247,22.8267,0.000531858,998.453,2.72382
0.00598816,1193.16,0.00586377,22.8267,0.000531858,998.453,2.7238
0.00598817,1193.18,-0.00529638,22.8267,0.000531858,998.453,2.72378
0.00598818,1191.67,-0.0167414,22.8268,0.000531858,998.453,2.72376
0.00598818,1188.05,-0.0292726,22.8269,0.000531858,998.453,2.72374
0.00598819,1181.11,-0.0429276,22.8271,0.000531858,998.453,2.72371
0.0059882,1170.41,-0.0553381,22.8274,0.000531858,998.453,2.72368
0.00598821,1160.92,-0.0619705,22.8276,0.000531858,998.453,2.72366
0.00598822,1152.27,-0.065606,22.8278,0.000531858,998.454,2.72364
0.00598823,1142.53,-0.0674294,22.828,0.000531858,998.454,2.72362
0.00598823,1133.61,-0.067153,22.8281,0.000531858,998.454,2.72361
0.00598824,1121.08,-0.06355,22.8283,0.000531858,998.454,2.72358
0.00598825,1109.48,-0.0562727,22.8284,0.000531858,998.454,2.72355
0.00598826,1097.2,-0.0422752,22.8285,0.000531858,998.454,2.72352
0.00598827,1089.81,-0.0269801,22.8285,0.000531858,998.454,2.72349
0.00598828,1086.55,-0.0142976,22.8284,0.000531858,998.454,2.72347
0.00598829,1085.41,-0.00370903,22.8282,0.000531858,998.454,2.72345
0.0059883,1085.6,0.00659252,22.8281,0.000531858,998.454,2.72344
0.0059883,1087.15,0.0171251,22.8279,0.000531858,998.454,2.72342
0.00598831,1090.89,0.0294586,22.8276,0.000531858,998.454,2.7234
0.00598831,1092.94,0.034108,22.8275,0.000531858,998.454,2.72339
0.00598831,1094.49,0.0371158,22.8274,0.000531858,998.454,2.72338
0.00598832,1095.68,0.0392058,22.8274,0.000531858,998.454,2.72338
0.00598832,1096.64,0.0407689,22.8273,0.000531858,998.454,2.72338
0.00598832,1097.42,0.0419666,22.8273,0.000531858,998.454,2.72337
0.00598832,1098.11,0.0429729,22.8272,0.000531858,998.454,2.72337
0.00598832,1098.77,0.0438852,22.8272,0.000531858,998.454,2.72337
0.00598832,1099.52,0.0448821,22.8272,0.000531858,998.454,2.72337
0.00598832,1100.29,0.0458582,22.8271,0.000531858,998.454,2.72336
0.00598832,1101.07,0.046773,22.8271,0.000531858,998.454,2.72336
0.00598832,1101.9,0.0476885,22.8271,0.000531858,998.454,2.72336
0.00598832,1102.44,0.0482425,22.8271,0.000531858,998.454,2.72336
0.00598832,1102.89,0.0486853,22.827,0.000531858,998.454,2.72336
0.00598832,1103.3,0.0490692,22.827,0.000531858,998.454,2.72336
0.00598833,1103.73,0.0494515,22.827,0.000531858,998.454,2.72336
0.00598833,1104.32,0.0499312,22.827,0.000531858,998.454,2.72335
0.00598833,1105.14,0.0505467,22.8269,0.000531858,998.454,2.72335
0.00598833,1106.34,0.0512961,22.8269,0.000531858,998.454,2.72335
0.00598833,1107.55,0.051869,22.8268,0.000531858,998.454,2.72335
0.00598833,1109.55,0.0524022,22.8268,0.000531858,998.454,2.72334
0.00598833,1111.81,0.0523689,22.8267,0.000531858,998.454,2.72333
0.00598834,1114.15,0.0516279,22.8266,0.000531858,998.454,2.72333
0.00598834,1116.64,0.0500739,22.8265,0.000531858,998.454,2.72332
0.00598834,1119.33,0.0475864,22.8264,0.000531858,998.454,2.72332
0.00598834,1121.8,0.0446524,22.8263,0.000531858,998.454,2.72331
0.00598834,1123.53,0.0422986,22.8263,0.000531858,998.454,2.7233
0.00598835,1124.86,0.0403726,22.8262,0.000531858,998.454,2.7233
0.00598835,1125.94,0.0387662,22.8262,0.000531858,998.454,2.7233
0.00598835,1126.87,0.0373654,22.8261,0.000531858,998.454,2.72329
0.00598835,1127.9,0.0358509,22.8261,0.000531858,998.454,2.72329
0.00598835,1128.8,0.034561,22.8261,0.000531858,998.454,2.72329
0.00598835,1130.04,0.0328962,22.826,0.000531858,998.454,2.72328
0.00598836,1131.42,0.031248,22.826,0.000531858,998.454,2.72327
0.00598836,1133.51,0.0293098,22.8259,0.000531858,998.454,2.72327
0.00598836,1134.71,0.0285346,22.8259,0.000531858,998.454,2.72326
0.00598836,1135.84,0.0280389,22.8258,0.000531858,998.454,2.72326
0.00598837,1136.99,0.0277456,22.8258,0.000531858,998.454,2.72325
0.00598837,1137.58,0.027669,22.8258,0.000531858,998.454,2.72325
0.00598837,1137.82,0.0276495,22.8258,0.000531858,998.454,2.72325
0.00598837,1138.03,0.027638,22.8257,0.000531858,998.454,2.72325
0.00598837,1138.18,0.0276321,22.8257,0.000531858,998.454,2.72324
0.00598837,1138.37,0.0276261,22.8257,0.000531858,998.454,2.72324
0.00598837,1138.56,0.0276207,22.8257,0.000531858,998.454,2.72324
0.00598837,1138.84,0.0276114,22.8257,0.000531858,998.454,2.72324
0.00598837,1139.01,0.0276039,22.8257,0.000531858,998.454,2.72324
0.00598837,1139.23,0.027592,22.8257,0.000531858,998.454,2.72324
0.00598837,1139.49,0.0275742,22.8257,0.000531858,998.454,2.72324
0.00598837,1140.01,0.0275279,22.8257,0.000531858,998.454,2.72324
0.00598837,1140.86,0.0274188,22.8257,0.000531858,998.454,2.72323
0.00598837,1141.86,0.0272399,22.8256,0.000531858,998.454,2.72323
0.00598838,1143.13,0.0269271,22.8256,0.000531858,998.454,2.72322
0.00598838,1144.45,0.026499,22.8255,0.000531858,998.454,2.72321
0.00598838,1145.68,0.0260013,22.8255,0.000531858,998.454,2.72321
0.00598838,1146.75,0.0254839,22.8255,0.000531858,998.454,2.7232
0.00598838,1147.65,0.0249877,22.8254,0.000531858,998.454,2.7232
0.00598839,1148.4,0.0245309,22.8254,0.000531858,998.454,2.72319
0.00598839,1149.13,0.0240402,22.8254,0.000531858,998.454,2.72319
0.00598839,1149.86,0.0235082,22.8254,0.000531858,998.454,2.72319
0.00598839,1150.78,0.022761,22.8253,0.000531858,998.454,2.72318
0.00598839,1151.86,0.0217846,22.8253,0.000531858,998.454,2.72317
0.0059884,1153.11,0.0204806,22.8253,0.000531858,998.454,2.72317
0.0059884,1154.45,0.0188459,22.8252,0.000531858,998.454,2.72316
0.0059884,1155.86,0.0167699,22.8252,0.000531858,998.455,2.72315
0.00598841,1157.27,0.0142093,22.8251,0.000531858,998.455,2.72314
0.00598841,1158.6,0.0110005,22.8251,0.000531858,998.455,2.72312
0.00598842,1159.71,0.00703418,22.8251,0.000531858,998.455,2.72311
0.00598843,1160.39,0.00207387,22.825,0.000531858,998.455,2.72309
0.00598843,1160.36,-0.00247372,22.825,0.000531858,998.455,2.72307
0.00598844,1159.69,-0.00706187,22.825,0.000531858,998.455,2.72305
0.00598845,1158.11,-0.0121979,22.825,0.000531858,998.455,2.72303
0.00598846,1155.23,-0.0175679,22.8251,0.000531858,998.455,2.72301
0.00598847,1150.76,-0.0224676,22.8251,0.000531858,998.455,2.72298
0.00598848,1146.49,-0.0251606,22.8252,0.000531858,998.455,2.72295
0.00598849,1142.76,-0.0264335,22.8252,0.000531858,998.455,2.72294
0.00598849,1139.05,-0.0268527,22.8252,0.000531858,998.455,2.72292
0.0059885,1135.2,-0.0264403,22.8253,0.000531858,998.455,2.7229
0.00598851,1131.16,-0.0250288,22.8253,0.000531858,998.455,2.72288
0.00598852,1126.46,-0.0218705,22.8253,0.000531858,998.455,2.72285
0.00598853,1122.18,-0.0168419,22.8252,0.000531858,998.455,2.72283
0.00598854,1119.33,-0.0110801,22.8252,0.000531858,998.455,2.7228
0.00598855,1117.98,-0.00612759,22.8251,0.000531858,998.456,2.72278
0.00598855,1117.47,-0.00200414,22.825,0.000531858,998.456,2.72276
0.00598856,1117.47,0.001967,22.8249,0.000531858,998.456,2.72275
0.00598857,1117.99,0.0060666,22.8248,0.000531858,998.456,2.72273
0.00598857,1118.73,0.00908751,22.8247,0.000531858,998.456,2.72272
0.00598857,1119.13,0.0103003,22.8247,0.000531858,998.456,2.72272
0.00598857,1119.53,0.0113564,22.8246,0.000531858,998.456,2.72271
0.00598858,1119.84,0.0121071,22.8246,0.000531858,998.456,2.72271
0.00598858,1120.19,0.0128495,22.8246,0.000531858,998.456,2.7227
0.00598858,1120.53,0.0135204,22.8246,0.000531858,998.456,2.7227
0.00598858,1120.87,0.0141274,22.8245,0.000531858,998.456,2.7227
0.00598858,1121.19,0.0146583,22.8245,0.000531858,998.456,2.7227
0.00598858,1121.57,0.0152013,22.8245,0.000531858,998.456,2.72269
0.00598858,1121.78,0.0154693,22.8245,0.000531858,998.456,2.72269
0.00598858,1121.96,0.0156878,22.8245,0.000531858,998.456,2.72269
0.00598858,1122.13,0.0158781,22.8244,0.000531858,998.456,2.72269
0.00598858,1122.35,0.0161103,22.8244,0.000531858,998.456,2.72269
0.00598858,1122.57,0.0163107,22.8244,0.000531858,998.456,2.72268
0.00598859,1123.02,0.0166417,22.8244,0.000531858,998.456,2.72268
0.00598859,1123.48,0.0168711,22.8244,0.000531858,998.456,2.72268
0.00598859,1124.16,0.0170075,22.8243,0.000531858,998.456,2.72267
0.00598859,1124.9,0.0168635,22.8243,0.000531858,998.456,2.72267
0.00598859,1125.73,0.0163392,22.8242,0.000531858,998.456,2.72266
0.0059886,1126.6,0.0153333,22.8242,0.000531858,998.456,2.72265
0.0059886,1127.48,0.0138312,22.8241,0.000531858,998.456,2.72265
0.0059886,1128.27,0.0120317,22.8241,0.000531858,998.456,2.72264
0.00598861,1129.01,0.00991162,22.824,0.000531858,998.456,2.72263
0.00598861,1129.66,0.00768277,22.824,0.000531858,998.456,2.72262
0.00598861,1130.16,0.00577968,22.8239,0.000531858,998.456,2.72261
0.00598862,1130.54,0.00425881,22.8239,0.000531858,998.456,2.7226
0.00598862,1130.78,0.00336478,22.8239,0.000531858,998.456,2.7226
0.00598862,1130.97,0.00284261,22.8238,0.000531858,998.456,2.72259
0.00598863,1131.15,0.00257189,22.8238,0.000531858,998.456,2.72258
0.00598863,1131.3,0.00258001,22.8238,0.000531858,998.456,2.72257
0.00598863,1131.42,0.00272356,22.8237,0.000531858,998.456,2.72257
0.00598863,1131.57,0.00297368,22.8237,0.000531858,998.456,2.72256
0.00598864,1131.71,0.0032744,22.8237,0.000531858,998.456,2.72256
0.00598864,1131.83,0.00353844,22.8237,0.000531858,998.456,2.72255
0.00598864,1131.98,0.0038409,22.8237,0.000531858,998.456,2.72255
0.00598864,1132.12,0.00410903,22.8236,0.000531858,998.456,2.72254
0.00598864,1132.26,0.00434877,22.8236,0.000531858,998.456,2.72254
0.00598864,1132.43,0.00461185,22.8236,0.000531858,998.456,2.72253
0.00598865,1132.59,0.00482845,22.8236,0.000531858,998.456,2.72253
0.00598865,1132.82,0.00508437,22.8236,0.000531858,998.456,2.72253
0.00598865,1133.1,0.00530395,22.8235,0.000531858,998.456,2.72252
0.00598865,1133.29,0.00539406,22.8235,0.000531858,998.456,2.72251
0.00598865,1133.46,0.0054354,22.8235,0.000531858,998.456,2.72251
0.00598866,1133.67,0.0054288,22.8235,0.000531858,998.456,2.72251
0.00598866,1133.87,0.00535787,22.8234,0.000531858,998.456,2.7225
0.00598866,1134.11,0.00517633,22.8234,0.000531858,998.456,2.7225
0.00598866,1134.33,0.00490761,22.8234,0.000531858,998.456,2.72249
0.00598867,1134.6,0.00443176,22.8234,0.000531858,998.456,2.72248
0.00598867,1134.86,0.00374788,22.8233,0.000531858,998.456,2.72248
0.00598867,1135.08,0.00291566,22.8233,0.000531858,998.456,2.72247
0.00598868,1135.25,0.00191352,22.8233,0.000531858,998.456,2.72246
0.00598868,1135.34,0.00107554,22.8232,0.000531858,998.456,2.72245
0.00598868,1135.37,0.000435904,22.8232,0.000531858,998.456,2.72245
0.00598868,1135.38,-0.000141812,22.8232,0.000531858,998.456,2.72244
0.00598869,1135.36,-0.000693987,22.8232,0.000531858,998.456,2.72244
0.00598869,1135.31,-0.00125947,22.8232,0.000531858,998.456,2.72243
0.00598869,1135.21,-0.00187448,22.8231,0.000531858,998.456,2.72242
0.00598869,1135.08,-0.00231541,22.8231,0.000531858,998.456,2.72241
0.0059887,1134.95,-0.0025899,22.8231,0.000531858,998.456,2.72241
0.0059887,1134.85,-0.00274676,22.8231,0.000531858,998.456,2.7224
0.0059887,1134.75,-0.00285388,22.8231,0.000531858,998.456,2.7224
0.0059887,1134.65,-0.00293464,22.8231,0.000531858,998.456,2.72239
0.0059887,1134.55,-0.00298509,22.8231,0.000531858,998.456,2.72239
0.00598871,1134.39,-0.0030223,22.823,0.000531858,998.456,2.72238
0.00598871,1134.24,-0.00302712,22.823,0.000531858,998.456,2.72238
0.00598871,1134.04,-0.00300665,22.823,0.000531858,998.456,2.72237
0.00598872,1133.8,-0.00297897,22.823,0.000531858,998.456,2.72236
0.00598872,1133.65,-0.00297618,22.823,0.000531858,998.456,2.72235
0.00598872,1133.53,-0.00299146,22.8229,0.000531858,998.456,2.72235
0.00598872,1133.42,-0.0030235,22.8229,0.000531858,998.456,2.72235
0.00598872,1133.3,-0.00307941,22.8229,0.000531858,998.456,2.72234
0.00598873,1133.17,-0.00317092,22.8229,0.000531858,998.456,2.72234
0.00598873,1133,-0.00334493,22.8229,0.000531858,998.456,2.72233
0.00598873,1132.79,-0.00361314,22.8229,0.000531858,998.456,2.72232
0.00598874,1132.51,-0.00404724,22.8228,0.000531858,998.456,2.72231
0.00598874,1132.15,-0.00466098,22.8228,0.000531858,998.456,2.7223
0.00598874,1131.65,-0.00548943,22.8228,0.000531858,998.456,2.72229
0.00598875,1131.07,-0.00638011,22.8227,0.000531858,998.457,2.72228
0.00598875,1130.27,-0.00739471,22.8227,0.000531858,998.457,2.72227
0.00598876,1129.43,-0.00821428,22.8227,0.000531858,998.457,2.72226
0.00598877,1128.56,-0.00885428,22.8226,0.000531858,998.457,2.72224
0.00598877,1127.59,-0.0093568,22.8226,0.000531858,998.457,2.72223
0.00598878,1126.5,-0.00974383,22.8226,0.000531858,998.457,2.72222
0.00598878,1125.25,-0.0100685,22.8225,0.000531858,998.457,2.7222
0.00598879,1123.84,-0.0104182,22.8225,0.000531858,998.457,2.72219
0.0059888,1122.04,-0.0109785,22.8225,0.000531858,998.457,2.72217
0.0059888,1120.25,-0.0116993,22.8224,0.000531858,998.457,2.72215
0.00598881,1118.21,-0.0126361,22.8224,0.000531858,998.457,2.72213
0.00598882,1115.59,-0.0138141,22.8223,0.000531858,998.457,2.72211
0.00598883,1112.63,-0.0149304,22.8223,0.000531858,998.457,2.72208
0.00598884,1109.29,-0.0158947,22.8222,0.000531858,998.457,2.72206
0.00598885,1106.3,-0.0165775,22.8222,0.000531858,998.457,2.72204
0.00598886,1103.11,-0.0172294,22.8221,0.000531858,998.457,2.72202
0.00598887,1099.46,-0.0179756,22.8221,0.000531858,998.457,2.72199
0.00598888,1095.2,-0.0188766,22.822,0.000531858,998.457,2.72197
0.0059889,1090.43,-0.0198562,22.822,0.000531858,998.458,2.72194
0.00598891,1084.83,-0.02088,22.8219,0.000531858,998.458,2.72191
0.00598892,1078.11,-0.0219104,22.8218,0.000531858,998.458,2.72187
0.00598894,1069.28,-0.0230474,22.8217,0.000531858,998.458,2.72183
0.00598896,1059.66,-0.0241092,22.8216,0.000531858,998.458,2.72179
0.00598898,1049.63,-0.0250439,22.8215,0.000531858,998.458,2.72174
0.005989,1039.26,-0.0258166,22.8215,0.000531858,998.459,2.7217
0.00598902,1028.6,-0.0264095,22.8214,0.000531858,998.459,2.72165
0.00598904,1017.73,-0.0268238,22.8213,0.000531858,998.459,2.72161
0.00598906,1006.72,-0.0270625,22.8212,0.000531858,998.459,2.72157
0.00598908,995.653,-0.0271243,22.8211,0.000531858,998.459,2.72152
0.0059891,984.59,-0.0270068,22.821,0.000531858,998.459,2.72148
0.00598912,973.61,-0.0267101,22.8209,0.000531858,998.46,2.72144
0.00598914,962.784,-0.0262367,22.8208,0.000531858,998.46,2.7214
0.00598916,952.185,-0.0255901,22.8208,0.000531858,998.46,2.72136
0.00598918,941.882,-0.0247747,22.8207,0.000531858,998.46,2.72131
0.0059892,931.945,-0.0237957,22.8206,0.000531858,998.46,2.72127
0.00598922,922.438,-0.0226594,22.8205,0.000531858,998.461,2.72123
0.00598924,913.426,-0.0213733,22.8204,0.000531858,998.461,2.72119
0.00598926,904.968,-0.019946,22.8203,0.000531858,998.461,2.72115
0.00598928,897.121,-0.0183868,22.8202,0.000531858,998.461,2.72111
0.0059893,889.936,-0.0167061,22.8202,0.000531858,998.461,2.72107
0.00598932,883.461,-0.0149151,22.8201,0.000531858,998.461,2.72104
0.00598934,877.74,-0.0130255,22.82,0.000531858,998.461,2.721
0.00598936,872.81,-0.0110498,22.8199,0.000531858,998.462,2.72096
0.00598938,868.704,-0.00900127,22.8198,0.000531858,998.462,2.72092
0.0059894,865.449,-0.00689333,22.8198,0.000531858,998.462,2.72088
0.00598942,863.067,-0.00473999,22.8197,0.000531858,998.462,2.72085
0.00598944,861.574,-0.00255554,22.8196,0.000531858,998.462,2.72081
0.00598946,860.979,-0.000354468,22.8195,0.000531858,998.462,2.72077
0.00598948,861.286,0.00184866,22.8194,0.000531858,998.462,2.72074
0.0059895,862.494,0.00403929,22.8194,0.000531858,998.462,2.7207
0.00598952,864.593,0.00620285,22.8193,0.000531858,998.463,2.72066
0.00598954,867.57,0.008325,22.8192,0.000531858,998.463,2.72063
0.00598956,871.406,0.0103917,22.8191,0.000531858,998.463,2.72059
0.00598958,876.073,0.0123893,22.819,0.000531858,998.463,2.72056
0.0059896,881.541,0.0143045,22.819,0.000531858,998.463,2.72052
0.00598962,887.774,0.0161248,22.8189,0.000531858,998.463,2.72049
0.00598964,894.729,0.0178381,22.8188,0.000531858,998.463,2.72046
0.00598966,902.362,0.019433,22.8187,0.000531858,998.463,2.72042
0.00598968,910.619,0.0208992,22.8186,0.000531858,998.463,2.72039
0.0059897,919.447,0.0222269,22.8186,0.000531858,998.463,2.72036
0.00598972,928.787,0.0234074,22.8185,0.000531858,998.463,2.72032
0.00598974,938.576,0.0244331,22.8184,0.000531858,998.463,2.72029
0.00598976,948.75,0.0252972,22.8183,0.000531858,998.463,2.72026
0.00598978,959.241,0.0259941,22.8182,0.000531858,998.463,2.72023
0.0059898,969.979,0.0265193,22.8182,0.000531858,998.463,2.7202
0.00598982,980.894,0.0268696,22.8181,0.000531858,998.463,2.72017
0.00598984,991.912,0.0270427,22.818,0.000531858,998.463,2.72014
0.00598986,1002.96,0.0270377,22.8179,0.000531858,998.463,2.72011
0.00598988,1013.97,0.0268549,22.8178,0.000531858,998.463,2.72008
0.0059899,1024.86,0.0264955,22.8177,0.000531858,998.463,2.72005
0.00598992,1035.57,0.0259623,22.8177,0.000531858,998.463,2.72002
0.00598994,1046.02,0.025259,22.8176,0.000531858,998.463,2.71999
0.00598996,1056.14,0.0243906,22.8175,0.000531858,998.463,2.71996
0.00598998,1065.87,0.0233631,22.8174,0.000531858,998.464,2.71993
0.00599,1075.15,0.0221835,22.8173,0.000531858,998.464,2.71991
0.00599002,1083.92,0.0208602,22.8172,0.000531858,998.464,2.71988
0.00599004,1092.12,0.0194023,22.8171,0.000531858,998.464,2.71985
0.00599006,1099.69,0.01782,22.8171,0.000531858,998.464,2.71983
0.00599008,1106.59,0.0161244,22.817,0.000531858,998.464,2.7198
0.0059901,1112.78,0.0143275,22.8169,0.000531858,998.464,2.71977
0.00599012,1118.22,0.0124417,22.8168,0.000531858,998.464,2.71975
0.00599013,1119.95,0.0117602,22.8168,0.000531858,998.464,2.71974
0.00599013,1120.9,0.0113614,22.8167,0.000531858,998.464,2.71973
0.00599014,1121.57,0.0110715,22.8167,0.000531858,998.464,2.71973
0.00599014,1122.17,0.0108056,22.8167,0.000531858,998.464,2.71973
0.00599014,1123.01,0.0104188,22.8167,0.000531858,998.464,2.71972
0.00599015,1124.05,0.00991174,22.8167,0.000531858,998.464,2.71971
0.00599015,1124.51,0.00968165,22.8167,0.000531858,998.464,2.71971
0.00599016,1125.19,0.00932395,22.8167,0.000531858,998.464,2.71971
0.00599016,1125.9,0.00892993,22.8166,0.000531858,998.464,2.7197
0.00599017,1127.24,0.00813555,22.8166,0.000531858,998.464,2.71969
0.00599018,1128.58,0.00723998,22.8166,0.000531858,998.464,2.71968
0.00599019,1130.69,0.00554468,22.8165,0.000531858,998.464,2.71966
0.00599021,1132.52,0.00345071,22.8164,0.000531858,998.464,2.71964
0.00599023,1133.44,0.00155764,22.8163,0.000531858,998.464,2.71962
0.00599025,1133.67,-0.000217564,22.8162,0.000531858,998.464,2.7196
0.00599026,1133.29,-0.00198223,22.8162,0.000531858,998.464,2.71958
0.00599028,1132.06,-0.00405616,22.8161,0.000531858,998.465,2.71955
0.0059903,1130,-0.0061165,22.816,0.000531858,998.465,2.71953
0.00599032,1127.1,-0.00815152,22.8159,0.000531858,998.465,2.71951
0.00599034,1123.38,-0.0101441,22.8158,0.000531858,998.465,2.71949
0.00599036,1118.86,-0.0120761,22.8157,0.000531858,998.465,2.71947
0.00599038,1113.58,-0.0139318,22.8156,0.000531858,998.465,2.71944
0.0059904,1107.55,-0.0156983,22.8155,0.000531858,998.465,2.71942
0.00599042,1101.74,-0.0171529,22.8154,0.000531858,998.466,2.71941
0.00599043,1098.26,-0.0179324,22.8154,0.000531858,998.466,2.7194
0.00599044,1095.47,-0.0185166,22.8154,0.000531858,998.466,2.71939
0.00599045,1092.02,-0.0191909,22.8153,0.000531858,998.466,2.71938
0.00599046,1087.89,-0.01994,22.8153,0.000531858,998.466,2.71937
0.00599047,1082.35,-0.0208533,22.8152,0.000531858,998.466,2.71936
0.00599049,1076.03,-0.0217862,22.8151,0.000531858,998.466,2.71934
0.0059905,1069.54,-0.0226372,22.8151,0.000531858,998.466,2.71933
0.00599052,1061.19,-0.0235929,22.815,0.000531858,998.466,2.71931
0.00599054,1052.56,-0.0244313,22.8149,0.000531858,998.467,2.7193
0.00599056,1042.42,-0.0252399,22.8148,0.000531858,998.467,2.71928
0.00599058,1031.99,-0.0258871,22.8147,0.000531858,998.467,2.71926
0.0059906,1021.32,-0.0263649,22.8147,0.000531858,998.467,2.71924
0.00599062,1010.49,-0.026668,22.8146,0.000531858,998.467,2.71922
0.00599064,999.571,-0.0267937,22.8145,0.000531858,998.467,2.71921
0.00599066,988.632,-0.0267414,22.8144,0.000531858,998.468,2.71919
0.00599068,977.747,-0.0265118,22.8143,0.000531858,998.468,2.71918
0.0059907,966.989,-0.0261066,22.8142,0.000531858,998.468,2.71916
0.00599072,956.43,-0.0255288,22.8141,0.000531858,998.468,2.71914
0.00599074,946.139,-0.0247822,22.8141,0.000531858,998.468,2.71913
0.00599076,936.185,-0.0238718,22.814,0.000531858,998.469,2.71911
0.00599078,926.635,-0.0228037,22.8139,0.000531858,998.469,2.7191
0.0059908,917.551,-0.0215849,22.8138,0.000531858,998.469,2.71909
0.00599082,908.993,-0.0202233,22.8137,0.000531858,998.469,2.71907
0.00599084,901.02,-0.0187282,22.8136,0.000531858,998.469,2.71906
0.00599086,893.683,-0.0171092,22.8135,0.000531858,998.469,2.71905
0.00599088,887.031,-0.0153772,22.8135,0.000531858,998.469,2.71903
0.0059909,881.109,-0.0135435,22.8134,0.000531858,998.47,2.71902
0.00599092,875.956,-0.0116204,22.8133,0.000531858,998.47,2.71901
0.00599094,871.607,-0.00962057,22.8132,0.000531858,998.47,2.719
0.00599096,868.089,-0.00755726,22.8131,0.000531858,998.47,2.71899
0.00599098,865.427,-0.00544415,22.8131,0.000531858,998.47,2.71898
0.005991,863.638,-0.00329524,22.813,0.000531858,998.47,2.71897
0.00599102,862.734,-0.00112479,22.8129,0.000531858,998.47,2.71896
0.00599104,862.72,0.00105281,22.8128,0.000531858,998.471,2.71895
0.00599106,863.597,0.00322317,22.8127,0.000531858,998.471,2.71894
0.00599108,865.359,0.00537189,22.8127,0.000531858,998.471,2.71893
0.0059911,867.994,0.00748472,22.8126,0.000531858,998.471,2.71892
0.00599112,871.484,0.00954766,22.8125,0.000531858,998.471,2.71891
0.00599114,875.806,0.0115471,22.8124,0.000531858,998.471,2.7189
0.00599116,880.931,0.0134698,22.8123,0.000531858,998.471,2.7189
0.00599118,886.825,0.015303,22.8123,0.000531858,998.471,2.71889
0.0059912,893.448,0.0170346,22.8122,0.000531858,998.471,2.71888
0.00599122,900.756,0.0186533,22.8121,0.000531858,998.471,2.71888
0.00599124,908.7,0.0201483,22.812,0.000531858,998.471,2.71887
0.00599126,917.228,0.0215098,22.8119,0.000531858,998.471,2.71886
0.00599128,926.283,0.0227288,22.8119,0.000531858,998.471,2.71886
0.0059913,935.804,0.0237975,22.8118,0.000531858,998.471,2.71885
0.00599132,945.728,0.0247087,22.8117,0.000531858,998.471,2.71885
0.00599134,955.989,0.0254566,22.8116,0.000531858,998.471,2.71884
0.00599136,966.52,0.0260364,22.8115,0.000531858,998.471,2.71884
0.00599138,977.249,0.0264443,22.8115,0.000531858,998.471,2.71884
0.0059914,988.107,0.0266778,22.8114,0.000531858,998.471,2.71883
0.00599142,999.021,0.0267356,22.8113,0.000531858,998.472,2.71883
0.00599144,1009.92,0.0266174,22.8112,0.000531858,998.472,2.71883
0.00599146,1020.73,0.0263241,22.8111,0.000531858,998.472,2.71883
0.00599148,1031.38,0.0258581,22.811,0.000531858,998.472,2.71882
0.0059915,1041.8,0.0252224,22.811,0.000531858,998.472,2.71882
0.00599152,1051.93,0.0244217,22.8109,0.000531858,998.472,2.71882
0.00599154,1061.69,0.0234615,22.8108,0.000531858,998.472,2.71882
0.00599156,1071.03,0.0223483,22.8107,0.000531858,998.472,2.71882
0.00599158,1079.87,0.0210899,22.8106,0.000531858,998.472,2.71882
0.0059916,1088.18,0.0196948,22.8105,0.000531858,998.472,2.71882
0.00599162,1095.88,0.0181728,22.8104,0.000531858,998.472,2.71882
0.00599164,1102.94,0.016534,22.8104,0.000531858,998.472,2.71882
0.00599166,1109.31,0.0147894,22.8103,0.000531858,998.472,2.71882
0.00599166,1111.08,0.0142474,22.8102,0.000531858,998.472,2.71882
0.00599166,1112.17,0.0138992,22.8102,0.000531858,998.472,2.71882
0.00599167,1112.9,0.0136591,22.8102,0.000531858,998.472,2.71882
0.00599167,1113.57,0.0134318,22.8102,0.000531858,998.472,2.71883
0.00599167,1114.51,0.0131061,22.8102,0.000531858,998.472,2.71883
0.00599168,1115.81,0.0126381,22.8102,0.000531858,998.472,2.71883
0.00599168,1116.41,0.0124137,22.8102,0.000531858,998.472,2.71883
0.00599168,1117.28,0.0120745,22.8101,0.000531858,998.472,2.71883
0.00599169,1118.18,0.011714,22.8101,0.000531858,998.472,2.71883
0.0059917,1119.9,0.0109847,22.8101,0.000531858,998.472,2.71883
0.0059917,1121.64,0.0101786,22.8101,0.000531858,998.472,2.71883
0.00599172,1124.7,0.00856198,22.81,0.000531858,998.472,2.71883
0.00599174,1127.77,0.00652476,22.8099,0.000531858,998.472,2.71883
0.00599176,1130,0.00446598,22.8098,0.000531858,998.472,2.71884
0.00599178,1131.39,0.00239569,22.8097,0.000531858,998.472,2.71884
0.0059918,1131.94,0.000325282,22.8096,0.000531858,998.473,2.71884
0.00599182,1131.66,-0.00173737,22.8095,0.000531858,998.473,2.71885
0.00599184,1130.53,-0.00378875,22.8094,0.000531858,998.473,2.71885
0.00599186,1128.58,-0.00582501,22.8093,0.000531858,998.473,2.71886
0.00599188,1125.8,-0.00783645,22.8093,0.000531858,998.473,2.71886
0.0059919,1122.22,-0.00980714,22.8092,0.000531858,998.473,2.71887
0.00599192,1117.84,-0.0117194,22.8091,0.000531858,998.473,2.71888
0.00599194,1112.7,-0.0135577,22.809,0.000531858,998.473,2.71888
0.00599196,1106.83,-0.0153093,22.8089,0.000531858,998.474,2.71889
0.00599198,1100.27,-0.0169623,22.8088,0.000531858,998.474,2.7189
0.005992,1093.05,-0.0185053,22.8087,0.000531858,998.474,2.7189
0.00599201,1089.21,-0.0192332,22.8087,0.000531858,998.474,2.71891
0.00599202,1086.33,-0.0197409,22.8086,0.000531858,998.474,2.71891
0.00599203,1082.93,-0.0203053,22.8086,0.000531858,998.474,2.71891
0.00599204,1078.65,-0.0209636,22.8085,0.000531858,998.474,2.71892
0.00599205,1073.59,-0.0216752,22.8085,0.000531858,998.474,2.71892
0.00599206,1067.58,-0.0224371,22.8084,0.000531858,998.474,2.71893
0.00599207,1061.56,-0.0231198,22.8084,0.000531858,998.475,2.71894
0.00599209,1053.69,-0.0238989,22.8083,0.000531858,998.475,2.71894
0.00599211,1045.64,-0.0245765,22.8082,0.000531858,998.475,2.71895
0.00599213,1035.47,-0.0252717,22.8081,0.000531858,998.475,2.71896
0.00599215,1025.04,-0.0258065,22.808,0.000531858,998.475,2.71897
0.00599217,1014.43,-0.0261734,22.808,0.000531858,998.475,2.71898
0.00599219,1003.69,-0.0263671,22.8079,0.000531858,998.476,2.71899
0.00599221,992.915,-0.0263851,22.8078,0.000531858,998.476,2.719
0.00599223,982.163,-0.0262273,22.8077,0.000531858,998.476,2.71902
0.00599225,971.508,-0.0258952,22.8076,0.000531858,998.476,2.71903
0.00599227,961.021,-0.0253914,22.8075,0.000531858,998.476,2.71904
0.00599229,950.772,-0.0247196,22.8074,0.000531858,998.476,2.71905
0.00599231,940.829,-0.0238842,22.8074,0.000531858,998.477,2.71907
0.00599233,931.259,-0.022891,22.8073,0.000531858,998.477,2.71908
0.00599235,922.125,-0.0217464,22.8072,0.000531858,998.477,2.71909
0.00599237,913.487,-0.0204581,22.8071,0.000531858,998.477,2.71911
0.00599239,905.403,-0.0190345,22.807,0.000531858,998.477,2.71912
0.00599241,897.927,-0.0174851,22.8069,0.000531858,998.477,2.71914
0.00599243,891.108,-0.0158202,22.8069,0.000531858,998.478,2.71915
0.00599245,884.992,-0.0140507,22.8068,0.000531858,998.478,2.71917
0.00599247,879.619,-0.0121884,22.8067,0.000531858,998.478,2.71918
0.00599249,875.025,-0.0102456,22.8066,0.000531858,998.478,2.7192
0.00599251,871.241,-0.00823516,22.8065,0.000531858,998.478,2.71922
0.00599253,868.291,-0.00617043,22.8064,0.000531858,998.478,2.71923
0.00599255,866.196,-0.0040651,22.8064,0.000531858,998.478,2.71925
0.00599257,864.968,-0.00193311,22.8063,0.000531858,998.479,2.71927
0.00599259,864.617,0.000211387,22.8062,0.000531858,998.479,2.71929
0.00599261,865.144,0.00235421,22.8061,0.000531858,998.479,2.71931
0.00599263,866.545,0.00448118,22.806,0.000531858,998.479,2.71933
0.00599265,868.812,0.00657818,22.806,0.000531858,998.479,2.71935
0.00599267,871.928,0.0086313,22.8059,0.000531858,998.479,2.71936
0.00599269,875.874,0.010627,22.8058,0.000531858,998.479,2.71938
0.00599271,880.623,0.012552,22.8057,0.000531858,998.479,2.71941
0.00599273,886.142,0.0143936,22.8056,0.000531858,998.479,2.71943
0.00599275,892.396,0.0161397,22.8056,0.000531858,998.479,2.71945
0.00599277,899.341,0.0177787,22.8055,0.000531858,998.479,2.71947
0.00599279,906.933,0.0192998,22.8054,0.000531858,998.479,2.71949
0.00599281,915.121,0.0206931,22.8053,0.000531858,998.479,2.71951
0.00599283,923.849,0.0219493,22.8052,0.000531858,998.479,2.71954
0.00599285,933.06,0.0230602,22.8052,0.000531858,998.479,2.71956
0.00599287,942.693,0.0240186,22.8051,0.000531858,998.48,2.71958
0.00599289,952.683,0.0248181,22.805,0.000531858,998.48,2.71961
0.00599291,962.965,0.0254537,22.8049,0.000531858,998.48,2.71963
0.00599293,973.469,0.0259213,22.8048,0.000531858,998.48,2.71965
0.00599295,984.127,0.0262179,22.8048,0.000531858,998.48,2.71968
0.00599297,994.868,0.0263417,22.8047,0.000531858,998.48,2.7197
0.00599299,1005.62,0.026292,22.8046,0.000531858,998.48,2.71973
0.00599301,1016.31,0.0260694,22.8045,0.000531858,998.48,2.71975
0.00599303,1026.88,0.0256755,22.8044,0.000531858,998.48,2.71978
0.00599305,1037.24,0.0251131,22.8043,0.000531858,998.48,2.71981
0.00599307,1047.34,0.0243863,22.8043,0.000531858,998.48,2.71983
0.00599309,1057.1,0.0234999,22.8042,0.000531858,998.48,2.71986
0.00599311,1066.47,0.0224601,22.8041,0.000531858,998.48,2.71989
0.00599313,1075.38,0.021274,22.804,0.000531858,998.48,2.71992
0.00599315,1083.78,0.0199496,22.8039,0.000531858,998.48,2.71994
0.00599317,1091.6,0.0184958,22.8038,0.000531858,998.48,2.71997
0.00599319,1098.81,0.0169221,22.8037,0.000531858,998.48,2.72
0.00599321,1105.35,0.0152381,22.8037,0.000531858,998.48,2.72003
0.00599321,1106.51,0.0149072,22.8036,0.000531858,998.48,2.72004
0.00599321,1107.51,0.014612,22.8036,0.000531858,998.48,2.72004
0.00599322,1108.98,0.0141656,22.8036,0.000531858,998.48,2.72005
0.00599322,1109.78,0.0139113,22.8036,0.000531858,998.48,2.72005
0.00599322,1110.82,0.0135725,22.8036,0.000531858,998.48,2.72006
0.00599323,1111.83,0.0132288,22.8036,0.000531858,998.48,2.72007
0.00599324,1113.78,0.012532,22.8035,0.000531858,998.48,2.72008
0.00599324,1115.99,0.0116792,22.8035,0.000531858,998.48,2.72009
0.00599326,1119.16,0.0103078,22.8034,0.000531858,998.48,2.72011
0.00599328,1122.95,0.00833833,22.8033,0.000531858,998.48,2.72014
0.0059933,1125.93,0.00633342,22.8032,0.000531858,998.48,2.72017
0.00599332,1128.09,0.00430216,22.8032,0.000531858,998.481,2.7202
0.00599334,1129.42,0.00225844,22.8031,0.000531858,998.481,2.72024
0.00599336,1129.92,0.000214797,22.803,0.000531858,998.481,2.72027
0.00599338,1129.6,-0.00182124,22.8029,0.000531858,998.481,2.7203
0.0059934,1128.45,-0.00384555,22.8028,0.000531858,998.481,2.72033
0.00599342,1126.47,-0.00585246,22.8027,0.000531858,998.481,2.72037
0.00599344,1123.69,-0.00783071,22.8026,0.000531858,998.481,2.7204
0.00599346,1120.12,-0.0097662,22.8025,0.000531858,998.481,2.72043
0.00599348,1115.76,-0.0116435,22.8024,0.000531858,998.481,2.72047
0.0059935,1110.66,-0.0134478,22.8023,0.000531858,998.482,2.7205
0.00599352,1104.84,-0.0151662,22.8022,0.000531858,998.482,2.72054
0.00599354,1098.34,-0.0167865,22.8021,0.000531858,998.482,2.72057
0.00599356,1091.2,-0.0182974,22.8021,0.000531858,998.482,2.72061
0.00599357,1085.13,-0.0194084,22.802,0.000531858,998.482,2.72064
0.00599358,1081.52,-0.0200058,22.8019,0.000531858,998.482,2.72065
0.00599359,1078.6,-0.0204572,22.8019,0.000531858,998.482,2.72067
0.0059936,1075.02,-0.0209774,22.8019,0.000531858,998.482,2.72068
0.00599361,1070.74,-0.0215521,22.8018,0.000531858,998.482,2.7207
0.00599362,1065.12,-0.0222394,22.8018,0.000531858,998.483,2.72072
0.00599364,1058.92,-0.0229141,22.8017,0.000531858,998.483,2.72075
0.00599365,1052.66,-0.0235172,22.8017,0.000531858,998.483,2.72077
0.00599366,1044.65,-0.0241823,22.8016,0.000531858,998.483,2.7208
0.00599368,1036.44,-0.0247472,22.8015,0.000531858,998.483,2.72083
0.0059937,1026.22,-0.0252952,22.8014,0.000531858,998.483,2.72087
0.00599372,1015.81,-0.0256819,22.8013,0.000531858,998.483,2.72091
0.00599374,1005.27,-0.0259006,22.8012,0.000531858,998.484,2.72095
0.00599376,994.681,-0.0259472,22.8012,0.000531858,998.484,2.72099
0.00599378,984.102,-0.0258207,22.8011,0.000531858,998.484,2.72103
0.0059938,973.606,-0.0255221,22.801,0.000531858,998.484,2.72107
0.00599382,963.265,-0.0250539,22.8009,0.000531858,998.484,2.72111
0.00599384,953.148,-0.0244195,22.8008,0.000531858,998.485,2.72115
0.00599386,943.32,-0.0236235,22.8007,0.000531858,998.485,2.72119
0.00599388,933.849,-0.0226711,22.8006,0.000531858,998.485,2.72123
0.0059939,924.796,-0.0215689,22.8006,0.000531858,998.485,2.72127
0.00599392,916.222,-0.0203241,22.8005,0.000531858,998.485,2.72132
0.00599394,908.185,-0.0189449,22.8004,0.000531858,998.485,2.72136
0.00599396,900.736,-0.0174405,22.8003,0.000531858,998.486,2.7214
0.00599398,893.927,-0.0158209,22.8002,0.000531858,998.486,2.72144
0.005994,887.801,-0.0140967,22.8001,0.000531858,998.486,2.72149
0.00599402,882.401,-0.0122793,22.8001,0.000531858,998.486,2.72153
0.00599404,877.761,-0.0103809,22.8,0.000531858,998.486,2.72158
0.00599406,873.912,-0.00841392,22.7999,0.000531858,998.486,2.72162
0.00599408,870.881,-0.00639148,22.7998,0.000531858,998.486,2.72167
0.0059941,868.686,-0.00432696,22.7997,0.000531858,998.486,2.72171
0.00599412,867.343,-0.00223405,22.7997,0.000531858,998.487,2.72176
0.00599414,866.861,-0.000126625,22.7996,0.000531858,998.487,2.7218
0.00599416,867.242,0.00198137,22.7995,0.000531858,998.487,2.72185
0.00599418,868.484,0.00407599,22.7994,0.000531858,998.487,2.7219
0.0059942,870.579,0.00614333,22.7993,0.000531858,998.487,2.72194
0.00599422,873.512,0.00816968,22.7993,0.000531858,998.487,2.72199
0.00599424,877.263,0.0101416,22.7992,0.000531858,998.487,2.72204
0.00599426,881.809,0.0120462,22.7991,0.000531858,998.487,2.72209
0.00599428,887.117,0.0138707,22.799,0.000531858,998.487,2.72213
0.0059943,893.154,0.0156031,22.7989,0.000531858,998.487,2.72218
0.00599432,899.878,0.0172321,22.7989,0.000531858,998.487,2.72223
0.00599434,907.245,0.0187468,22.7988,0.000531858,998.487,2.72228
0.00599436,915.205,0.0201372,22.7987,0.000531858,998.487,2.72233
0.00599438,923.706,0.0213943,22.7986,0.000531858,998.488,2.72238
0.0059944,932.691,0.0225098,22.7985,0.000531858,998.488,2.72243
0.00599442,942.1,0.0234764,22.7985,0.000531858,998.488,2.72248
0.00599444,951.871,0.0242877,22.7984,0.000531858,998.488,2.72253
0.00599446,961.939,0.0249387,22.7983,0.000531858,998.488,2.72259
0.00599448,972.237,0.0254249,22.7982,0.000531858,998.488,2.72264
0.0059945,982.697,0.0257435,22.7981,0.000531858,998.488,2.72269
0.00599452,993.249,0.0258924,22.798,0.000531858,998.488,2.72274
0.00599454,1003.82,0.0258707,22.798,0.000531858,998.488,2.7228
0.00599456,1014.35,0.0256789,22.7979,0.000531858,998.488,2.72285
0.00599458,1024.76,0.0253184,22.7978,0.000531858,998.488,2.7229
0.0059946,1034.99,0.0247917,22.7977,0.000531858,998.488,2.72296
0.00599462,1044.97,0.0241025,22.7976,0.000531858,998.488,2.72301
0.00599464,1054.62,0.0232555,22.7975,0.000531858,998.488,2.72307
0.00599466,1063.9,0.0222567,22.7975,0.000531858,998.488,2.72312
0.00599468,1072.74,0.0211126,22.7974,0.000531858,998.488,2.72318
0.0059947,1081.08,0.0198311,22.7973,0.000531858,998.488,2.72323
0.00599472,1088.87,0.0184204,22.7972,0.000531858,998.488,2.72329
0.00599474,1096.05,0.0168896,22.7971,0.000531858,998.488,2.72334
0.00599475,1098.03,0.0164212,22.7971,0.000531858,998.488,2.72336
0.00599475,1099.26,0.0161187,22.7971,0.000531858,998.488,2.72337
0.00599475,1100.07,0.0159134,22.7971,0.000531858,998.488,2.72338
0.00599476,1100.81,0.0157231,22.7971,0.000531858,998.488,2.72338
0.00599476,1101.87,0.0154435,22.797,0.000531858,998.488,2.72339
0.00599476,1103.18,0.0150849,22.797,0.000531858,998.488,2.72341
0.00599476,1103.77,0.014919,22.797,0.000531858,998.488,2.72341
0.00599477,1104.67,0.0146598,22.797,0.000531858,998.488,2.72342
0.00599477,1105.63,0.014374,22.797,0.000531858,998.488,2.72343
0.00599478,1107.5,0.0137939,22.797,0.000531858,998.488,2.72345
0.00599479,1109.51,0.0131299,22.7969,0.000531858,998.488,2.72347
0.0059948,1113.02,0.0118579,22.7969,0.000531858,998.488,2.72351
0.00599482,1117.46,0.00996913,22.7968,0.000531858,998.488,2.72357
0.00599484,1121.12,0.00803338,22.7967,0.000531858,998.488,2.72362
0.00599486,1123.98,0.00605893,22.7966,0.000531858,998.489,2.72368
0.00599488,1126.03,0.0040581,22.7965,0.000531858,998.489,2.72374
0.0059949,1127.27,0.00204559,22.7964,0.000531858,998.489,2.7238
0.00599492,1127.69,3.29697e-05,22.7963,0.000531858,998.489,2.72386
0.00599494,1127.3,-0.00197266,22.7962,0.000531858,998.489,2.72392
0.00599496,1126.09,-0.00396581,22.7961,0.000531858,998.489,2.72398
0.00599498,1124.08,-0.00593892,22.796,0.000531858,998.489,2.72404
0.005995,1121.27,-0.00788021,22.796,0.000531858,998.489,2.7241
0.00599502,1117.68,-0.00977652,22.7959,0.000531858,998.489,2.72416
0.00599504,1113.33,-0.0116138,22.7958,0.000531858,998.49,2.72422
0.00599506,1108.25,-0.0133783,22.7957,0.000531858,998.49,2.72429
0.00599508,1102.46,-0.0150571,22.7956,0.000531858,998.49,2.72435
0.0059951,1096.01,-0.0166386,22.7955,0.000531858,998.49,2.72441
0.0059951,1094.99,-0.0168672,22.7955,0.000531858,998.49,2.72442
0.0059951,1094.68,-0.0169353,22.7955,0.000531858,998.49,2.72442
0.0059951,1094.05,-0.017071,22.7955,0.000531858,998.49,2.72443
0.00599511,1092.83,-0.0173319,22.7955,0.000531858,998.49,2.72444
0.00599512,1090.32,-0.017843,22.7954,0.000531858,998.49,2.72446
0.00599513,1085.09,-0.0188209,22.7954,0.000531858,998.49,2.72451
0.00599514,1080.39,-0.0196111,22.7953,0.000531858,998.49,2.72454
0.00599515,1076.98,-0.0201382,22.7953,0.000531858,998.49,2.72457
0.00599516,1073.83,-0.0205929,22.7952,0.000531858,998.49,2.72459
0.00599517,1070.25,-0.0210771,22.7952,0.000531858,998.491,2.72462
0.00599518,1065.9,-0.0216199,22.7952,0.000531858,998.491,2.72465
0.00599519,1060.83,-0.0221963,22.7951,0.000531858,998.491,2.72469
0.0059952,1055,-0.0227904,22.795,0.000531858,998.491,2.72473
0.00599521,1049.09,-0.0233236,22.795,0.000531858,998.491,2.72477
0.00599523,1041.56,-0.0239094,22.7949,0.000531858,998.491,2.72482
0.00599524,1033.74,-0.0244152,22.7948,0.000531858,998.491,2.72487
0.00599526,1023.79,-0.0249133,22.7948,0.000531858,998.491,2.72494
0.00599528,1013.54,-0.0252609,22.7947,0.000531858,998.492,2.725
0.0059953,1003.18,-0.0254441,22.7946,0.000531858,998.492,2.72507
0.00599531,997.702,-0.025473,22.7945,0.000531858,998.492,2.7251
0.00599532,995.106,-0.0254701,22.7945,0.000531858,998.492,2.72512
0.00599532,993.245,-0.0254615,22.7945,0.000531858,998.492,2.72513
0.00599533,990.699,-0.0254409,22.7945,0.000531858,998.492,2.72515
0.00599533,989.137,-0.0254232,22.7945,0.000531858,998.492,2.72516
0.00599533,988.629,-0.0254164,22.7945,0.000531858,998.492,2.72516
0.00599533,987.612,-0.0254017,22.7945,0.000531858,998.492,2.72517
0.00599534,986.102,-0.0253772,22.7944,0.000531858,998.492,2.72518
0.00599534,983.087,-0.0253175,22.7944,0.000531858,998.492,2.7252
0.00599534,982.904,-0.0253135,22.7944,0.000531858,998.492,2.7252
0.00599534,982.903,-0.0253134,22.7944,0.000531858,998.492,2.7252
0.00599534,982.901,-0.0253134,22.7944,0.000531858,998.492,2.7252
0.00599534,982.899,-0.0253134,22.7944,0.000531858,998.492,2.7252
0.00599534,982.897,-0.0253133,22.7944,0.000531858,998.492,2.7252
0.00599534,982.893,-0.0253132,22.7944,0.000531858,998.492,2.7252
0.00599534,982.885,-0.025313,22.7944,0.000531858,998.492,2.7252
0.00599534,982.869,-0.0253127,22.7944,0.000531858,998.492,2.7252
0.00599534,982.837,-0.025312,22.7944,0.000531858,998.492,2.7252
0.00599534,982.795,-0.025311,22.7944,0.000531858,998.492,2.7252
0.00599534,982.731,-0.0253096,22.7944,0.000531858,998.492,2.7252
0.00599534,982.65,-0.0253077,22.7944,0.000531858,998.492,2.7252
0.00599534,982.541,-0.0253052,22.7944,0.000531858,998.492,2.7252
0.00599534,982.405,-0.0253021,22.7944,0.000531858,998.492,2.7252
0.00599534,982.232,-0.025298,22.7944,0.000531858,998.492,2.7252
0.00599534,982.018,-0.025293,22.7944,0.000531858,998.492,2.7252
0.00599534,981.751,-0.0252865,22.7944,0.000531858,998.492,2.72521
0.00599535,981.422,-0.0252785,22.7944,0.000531858,998.492,2.72521
0.00599535,981.012,-0.0252682,22.7944,0.000531858,998.492,2.72521
0.00599535,980.497,-0.0252549,22.7944,0.000531858,998.492,2.72521
0.00599535,979.838,-0.0252372,22.7944,0.000531858,998.492,2.72522
0.00599535,978.973,-0.025213,22.7944,0.000531858,998.492,2.72522
0.00599535,977.793,-0.025178,22.7944,0.000531858,998.492,2.72523
0.00599535,977.524,-0.0251697,22.7944,0.000531858,998.492,2.72523
0.00599535,976.986,-0.0251528,22.7944,0.000531858,998.492,2.72524
0.00599535,976.86,-0.0251488,22.7944,0.000531858,998.492,2.72524
0.00599535,976.64,-0.0251417,22.7944,0.000531858,998.492,2.72524
0.00599535,976.579,-0.0251397,22.7944,0.000531858,998.492,2.72524
0.00599535,976.472,-0.0251362,22.7944,0.000531858,998.492,2.72524
0.00599535,976.461,-0.0251358,22.7944,0.000531858,998.492,2.72524
0.00599535,976.439,-0.0251351,22.7944,0.000531858,998.492,2.72524
0.00599535,976.394,-0.0251336,22.7944,0.000531858,998.492,2.72524
0.00599535,976.389,-0.0251335,22.7944,0.000531858,998.492,2.72524
0.00599535,976.38,-0.0251332,22.7944,0.000531858,998.492,2.72524
0.00599535,976.361,-0.0251325,22.7944,0.000531858,998.492,2.72524
0.00599535,960.379,-0.0251306,22.7944,0.000531858,998.492,2.72524
0.00599535,943.308,-0.025128,22.7944,0.000531858,998.492,2.72524
0.00599535,923.47,-0.0251242,22.7944,0.000531858,998.492,2.72524
0.00599535,903.406,-0.0251193,22.7944,0.000531858,998.492,2.72524
0.00599535,875.159,-0.0251106,22.7944,0.000531858,998.492,2.72524
0.00599535,845.369,-0.0250989,22.7944,0.000531858,998.492,2.72524
0.00599535,802.697,-0.025077,22.7944,0.000531858,998.492,2.72524
0.00599535,752.115,-0.0250424,22.7944,0.000531858,998.492,2.72524
0.00599535,686.525,-0.0249809,22.7944,0.000531858,998.492,2.72524
0.00599535,615.3,-0.0248886,22.7944,0.000531858,998.492,2.72524
0.00599535,526.541,-0.0247261,22.7944,0.000531858,998.492,2.72524
0.00599535,427.37,-0.02446,22.7944,0.000531858,998.492,2.72524
0.00599535,317.473,-0.0240073,22.7944,0.000531858,998.492,2.72524
0.00599536,234.024,-0.0234743,22.7944,0.000531858,998.492,2.72524
0.00599536,172.236,-0.0228854,22.7944,0.000531858,998.492,2.72524
0.00599536,128.118,-0.0222779,22.7944,0.000531858,998.492,2.72524
0.00599536,95.8481,-0.0216537,22.7944,0.000531858,998.492,2.72524
0.00599536,72.0921,-0.0210202,22.7944,0.000531858,998.492,2.72524
0.00599536,54.2574,-0.0203727,22.7944,0.000531858,998.492,2.72524
0.00599536,40.8597,-0.0197152,22.7944,0.000531858,998.492,2.72524
0.00599536,30.7359,-0.019047,22.7944,0.000531858,998.492,2.72524
0.00599536,23.1163,-0.0183722,22.7944,0.000531858,998.492,2.72524
0.00599536,17.3727,-0.0176915,22.7944,0.000531858,998.492,2.72524
0.00599536,13.0567,-0.0170079,22.7944,0.000531858,998.492,2.72524
0.00599536,9.80952,-0.0163214,22.7944,0.000531858,998.492,2.72524
0.00599536,7.37024,-0.0156339,22.7944,0.000531858,998.492,2.72524
0.00599536,5.53588,-0.0149452,22.7944,0.000531858,998.492,2.72524
0.00599536,4.15755,-0.0142562,22.7944,0.000531858,998.492,2.72524
0.00599536,3.12115,-0.0135669,22.7944,0.000531858,998.492,2.72524
0.00599536,2.34231,-0.012878,22.7944,0.000531858,998.492,2.72524
0.00599536,1.75683,-0.0121893,22.7944,0.000531858,998.492,2.72524
0.00599536,1.31692,-0.0115015,22.7944,0.000531858,998.492,2.72524
0.00599536,0.986353,-0.0108145,22.7944,0.000531858,998.492,2.72524
0.00599536,0.738079,-0.0101289,22.7944,0.000531858,998.492,2.72524
0.00599536,0.551644,-0.00944484,22.7944,0.000531858,998.492,2.72524
0.00599536,0.411728,-0.00876279,22.7944,0.000531858,998.492,2.72524
0.00599536,0.306777,-0.0080831,22.7944,0.000531858,998.492,2.72524
0.00599536,0.228124,-0.00740634,22.7944,0.000531858,998.492,2.72524
0.00599536,0.169239,-0.00673304,22.7944,0.000531858,998.492,2.72524
0.00599536,0.125218,-0.00606394,22.7944,0.000531858,998.492,2.72524
0.00599536,0.0923692,-0.00539982,22.7944,0.000531858,998.492,2.72524
0.00599536,0.0679197,-0.0047416,22.7944,0.000531858,998.492,2.72524
0.00599536,0.0497808,-0.00409029,22.7944,0.000531858,998.492,2.72524
0.00599536,0.0363826,-0.00344701,22.7944,0.000531858,998.492,2.72524
0.00599536,0.0265431,-0.00281288,22.7944,0.000531858,998.492,2.72524
0.00599536,0.0193728,-0.00218896,22.7944,0.000531858,998.492,2.72524
0.00599536,0.0142024,-0.00157608,22.7944,0.000531858,998.492,2.72524
0.00599536,0.010528,-0.000974572,22.7944,0.000531858,998.492,2.72524
0.00599536,0.00797144,-0.000383878,22.7944,0.000531858,998.492,2.72524
0.00599536,0.00625035,0.000197979,22.7944,0.000531858,998.492,2.72524
0.00599536,0.00515749,0.000774599,22.7944,0.000531858,998.492,2.72524
0.00599536,0.00454625,0.00134882,22.7944,0.000531858,998.492,2.72524
0.00599536,0.00430885,0.00193147,22.7944,0.000531858,998.492,2.72524
0.00599536,0.0043813,0.0025339,22.7944,0.000531858,998.492,2.72524
0.00599536,0.00473442,0.0031751,22.7944,0.000531858,998.492,2.72524
0.00599536,0.00539157,0.003897,22.7944,0.000531858,998.492,2.72524
0.00599536,0.00639014,0.00472012,22.7944,0.000531858,998.492,2.72524
0.00599536,0.00781771,0.00569513,22.7944,0.000531858,998.492,2.72524
0.00599536,0.00976402,0.0068635,22.7944,0.000531858,998.492,2.72524
0.00599536,0.0123954,0.00831012,22.7944,0.000531858,998.492,2.72524
0.00599536,0.0159212,0.0101406,22.7943,0.000531858,998.492,2.72524
0.00599536,0.0207347,0.0125564,22.7943,0.000531858,998.492,2.72524
0.00599536,0.0275085,0.0158997,22.7943,0.000531858,998.492,2.72524
0.00599536,0.0377138,0.0209072,22.7943,0.000531858,998.492,2.72525
0.00599536,0.0548899,0.0293265,22.7943,0.000531858,998.492,2.72525
0.00599536,0.0797057,0.0414821,22.7943,0.000531858,998.492,2.72525
0.00599536,0.107644,0.055147,22.7943,0.000531858,998.492,2.72525
0.00599536,0.133952,0.0679954,22.7943,0.000531858,998.492,2.72525
0.00599536,0.168107,0.0846535,22.7942,0.000531858,998.492,2.72525
0.00599536,0.199887,0.100126,22.7942,0.000531858,998.492,2.72526
0.00599536,0.254448,0.126589,22.7941,0.000531858,998.492,2.72526
0.00599536,0.294518,0.145893,22.794,0.000531858,998.492,2.72526
0.00599536,0.324213,0.16003,22.7938,0.000531858,998.492,2.72527
0.00599536,0.338335,0.166495,22.7937,0.000531858,998.492,2.72527
0.00599537,0.332191,0.162972,22.7935,0.000531858,998.492,2.72528
0.00599537,0.299304,0.146381,22.7933,0.000531858,998.492,2.72529
0.00599537,0.252304,0.123045,22.7931,0.000531858,998.492,2.7253
0.00599537,0.196942,0.095733,22.793,0.000531858,998.492,2.7253
0.00599538,0.143322,0.0693811,22.7929,0.000531858,998.492,2.72531
0.00599538,0.0922197,0.0443356,22.7928,0.000531858,998.492,2.72532
0.00599538,0.0483698,0.0228963,22.7928,0.000531858,998.492,2.72532
0.00599538,0.0119217,0.00511855,22.7928,0.000531858,998.492,2.72533
0.00599538,-0.0148872,-0.00792308,22.7928,0.000531858,998.492,2.72533
0.00599538,-0.0380176,-0.0191351,22.7929,0.000531858,998.492,2.72534
0.00599539,-0.0560821,-0.027828,22.7929,0.000531858,998.492,2.72535
0.00599539,-0.0625542,-0.0308711,22.793,0.000531858,998.492,2.72536
0.00599539,-0.0624546,-0.0307103,22.7931,0.000531858,998.492,2.72536
0.00599539,-0.0573531,-0.0281119,22.7931,0.000531858,998.492,2.72537
0.0059954,-0.0483396,-0.0236124,22.7932,0.000531858,998.492,2.72538
0.0059954,-0.0369216,-0.0179536,22.7932,0.000531858,998.492,2.72538
0.0059954,-0.0248032,-0.0119708,22.7933,0.000531858,998.492,2.72539
0.0059954,-0.0134972,-0.00640275,22.7933,0.000531858,998.492,2.72539
0.0059954,-0.00419456,-0.00182888,22.7933,0.000531858,998.492,2.7254
0.0059954,0.00531944,0.00284286,22.7933,0.000531858,998.492,2.7254
0.0059954,0.0145745,0.00738213,22.7934,0.000531858,998.492,2.72541
0.00599541,0.0262314,0.0130923,22.7934,0.000531858,998.492,2.72541
0.00599541,0.0395532,0.0196085,22.7934,0.000531858,998.492,2.72542
0.00599541,0.0544476,0.0268809,22.7934,0.000531858,998.492,2.72544
0.00599542,0.0665562,0.0327815,22.7934,0.000531858,998.492,2.72545
0.00599542,0.0729256,0.0358809,22.7934,0.000531858,998.492,2.72546
0.00599542,0.0768736,0.0378043,22.7934,0.000531858,998.492,2.72548
0.00599543,0.0802088,0.0394406,22.7934,0.000531858,998.492,2.72549
0.00599543,0.0833254,0.0409819,22.7934,0.000531858,998.492,2.72551
0.00599544,0.0888033,0.0436941,22.7934,0.000531858,998.492,2.72552
0.00599545,0.09761,0.0480456,22.7935,0.000531858,998.492,2.72555
0.00599545,0.112556,0.055413,22.7935,0.000531858,998.492,2.72557
0.00599546,0.130389,0.064188,22.7935,0.000531858,998.492,2.72561
0.00599547,0.148976,0.0733267,22.7935,0.000531858,998.492,2.72564
0.00599549,0.17187,0.084584,22.7935,0.000531858,998.492,2.72569
0.00599551,0.205683,0.101217,22.7935,0.000531858,998.492,2.72576
0.00599553,0.239723,0.117965,22.7935,0.000531858,998.491,2.72583
0.00599555,0.274198,0.134926,22.7934,0.000531858,998.491,2.7259
0.00599557,0.308755,0.151925,22.7934,0.000531858,998.491,2.72597
0.00599559,0.343223,0.168878,22.7933,0.000531858,998.49,2.72604
0.00599561,0.377634,0.185805,22.7932,0.000531858,998.49,2.72611
0.00599563,0.412049,0.202733,22.7932,0.000531858,998.49,2.72618
0.00599565,0.446479,0.219668,22.7931,0.000531858,998.489,2.72625
0.00599567,0.480913,0.236605,22.793,0.000531858,998.488,2.72632
0.00599569,0.515344,0.25354,22.7929,0.000531858,998.488,2.7264
0.00599571,0.549772,0.270473,22.7929,0.000531858,998.487,2.72647
0.00599573,0.584199,0.287406,22.7928,0.000531858,998.486,2.72654
0.00599575,0.618626,0.304338,22.7927,0.000531858,998.486,2.72662
0.00599577,0.653052,0.32127,22.7926,0.000531858,998.485,2.72669
0.00599579,0.687477,0.338201,22.7925,0.000531858,998.484,2.72676
0.00599581,0.721901,0.355131,22.7925,0.000531858,998.483,2.72684
0.00599583,0.756324,0.372061,22.7924,0.000531858,998.482,2.72691
0.00599585,0.790746,0.388991,22.7923,0.000531858,998.481,2.72699
0.00599587,0.825166,0.405919,22.7922,0.000531858,998.48,2.72706
0.00599589,0.859586,0.422848,22.7921,0.000531858,998.479,2.72714
0.00599591,0.894005,0.439775,22.792,0.000531858,998.477,2.72722
0.00599593,0.928422,0.456702,22.7919,0.000531858,998.476,2.72729
0.00599595,0.962838,0.473628,22.7919,0.000531858,998.475,2.72737
0.00599597,0.997253,0.490554,22.7918,0.000531858,998.474,2.72745
0.00599599,1.03167,0.507479,22.7917,0.000531858,998.472,2.72752
0.00599601,1.06608,0.524404,22.7916,0.000531858,998.471,2.7276
0.00599603,1.10049,0.541328,22.7915,0.000531858,998.469,2.72768
0.00599605,1.1349,0.558251,22.7914,0.000531858,998.468,2.72776
0.00599607,1.16931,0.575174,22.7914,0.000531858,998.466,2.72784
0.00599609,1.20372,0.592096,22.7913,0.000531858,998.464,2.72792
0.00599611,1.23813,0.609017,22.7912,0.000531858,998.463,2.728
0.00599613,1.27253,0.625938,22.7911,0.000531858,998.461,2.72807
0.00599615,1.30694,0.642858,22.791,0.000531858,998.459,2.72816
0.00599617,1.34134,0.659778,22.7909,0.000531858,998.457,2.72824
0.00599619,1.37574,0.676697,22.7908,0.000531858,998.455,2.72832
0.00599621,1.41014,0.693615,22.7908,0.000531858,998.453,2.7284
0.00599623,1.44454,0.710533,22.7907,0.000531858,998.451,2.72848
0.00599625,1.47894,0.72745,22.7906,0.000531858,998.449,2.72856
0.00599627,1.51334,0.744367,22.7905,0.000531858,998.447,2.72864
0.00599629,1.54773,0.761283,22.7904,0.000531858,998.445,2.72872
0.00599631,1.58213,0.778198,22.7903,0.000531858,998.443,2.72881
0.00599633,1.61652,0.795113,22.7902,0.000531858,998.441,2.72889
0.00599635,1.65091,0.812027,22.7902,0.000531858,998.438,2.72897
0.00599637,1.6853,0.82894,22.7901,0.000531858,998.436,2.72906
0.00599639,1.71969,0.845853,22.79,0.000531858,998.433,2.72914
0.00599641,1.75408,0.862765,22.7899,0.000531858,998.431,2.72923
0.00599643,1.78846,0.879677,22.7898,0.000531858,998.428,2.72931
0.00599644,1.81253,0.891515,22.7898,0.000531858,998.427,2.72937
0.00599644,1.81363,0.892056,22.7898,0.000531858,998.427,2.72937
0.00599644,1.81584,0.893138,22.7898,0.000531858,998.426,2.72938
0.00599644,1.81941,0.894894,22.7897,0.000531858,998.426,2.72939
0.00599645,1.82346,0.896887,22.7897,0.000531858,998.426,2.7294
0.00599645,1.82733,0.898792,22.7897,0.000531858,998.426,2.72941
0.00599645,1.82892,0.899572,22.7897,0.000531858,998.425,2.72941
0.00599645,1.83071,0.900452,22.7897,0.000531858,998.425,2.72941
0.00599645,1.83142,0.900803,22.7897,0.000531858,998.425,2.72942
0.00599645,1.83264,0.901403,22.7897,0.000531858,998.425,2.72942
0.00599645,1.83299,0.901573,22.7897,0.000531858,998.425,2.72942
0.00599645,1.83358,0.901867,22.7897,0.000531858,998.425,2.72942
0.00599645,1.83375,0.90195,22.7897,0.000531858,998.425,2.72942
0.00599645,1.83404,0.902093,22.7897,0.000531858,998.425,2.72942
0.00599645,1.83409,0.902115,22.7897,0.000531858,998.425,2.72942
0.00599645,1.83418,0.902159,22.7897,0.000531858,998.425,2.72942
0.00599645,1.8342,0.902168,22.7897,0.000531858,998.425,2.72942
0.00599645,1.83423,0.902185,22.7897,0.000531858,998.425,2.72942
0.00599645,1.8343,0.90222,22.7897,0.000531858,998.425,2.72942
0.00599645,1.83432,0.902227,22.7897,0.000531858,998.425,2.72942
0.00599645,1.86009,0.902232,22.7897,0.000531858,998.425,2.72942
0.00599645,1.88996,0.902235,22.7897,0.000531858,998.425,2.72942
0.00599645,1.93961,0.902239,22.7897,0.000531858,998.425,2.72942
0.00599645,2.01372,0.902243,22.7897,0.000531858,998.425,2.72942
0.00599645,2.15633,0.90225,22.7897,0.000531858,998.425,2.72942
0.00599645,2.32296,0.902258,22.7897,0.000531858,998.425,2.72942
0.00599645,2.54465,0.902268,22.7897,0.000531858,998.425,2.72942
0.00599645,2.84051,0.902281,22.7897,0.000531858,998.425,2.72942
0.00599645,3.32542,0.902302,22.7897,0.000531858,998.425,2.72942
0.00599645,4.29402,0.902342,22.7897,0.000531858,998.425,2.72942
0.00599645,6.23084,0.902419,22.7897,0.000531858,998.425,2.72942
0.00599645,10.105,0.902553,22.7897,0.000531858,998.425,2.72943
0.00599645,17.8547,0.902746,22.7897,0.000531858,998.425,2.72943
0.00599645,33.3556,0.902835,22.7897,0.000531858,998.425,2.72943
0.00599646,64.3388,0.901943,22.7897,0.000531858,998.425,2.72944
0.00599646,126.081,0.897022,22.7897,0.000531858,998.424,2.72945
0.00599646,143.306,0.895019,22.7897,0.000531858,998.424,2.72946
0.00599646,152.85,0.893821,22.7897,0.000531858,998.424,2.72946
0.00599646,167.84,0.891863,22.7897,0.000531858,998.424,2.72946
0.00599646,180.079,0.890216,22.7897,0.000531858,998.424,2.72946
0.00599646,189.911,0.888874,22.7897,0.000531858,998.424,2.72947
0.00599646,199.082,0.887617,22.7897,0.000531858,998.424,2.72947
0.00599646,208.517,0.886326,22.7897,0.000531858,998.424,2.72947
0.00599646,218.756,0.884935,22.7897,0.000531858,998.423,2.72947
0.00599646,228.646,0.88361,22.7897,0.000531858,998.423,2.72948
0.00599647,238.955,0.882256,22.7897,0.000531858,998.423,2.72948
0.00599647,248.888,0.880982,22.7897,0.000531858,998.423,2.72948
0.00599647,259.034,0.879721,22.7898,0.000531858,998.423,2.72948
0.00599647,268.931,0.878533,22.7898,0.000531858,998.423,2.72949
0.00599647,278.966,0.877376,22.7898,0.000531858,998.423,2.72949
0.00599647,288.855,0.876288,22.7898,0.000531858,998.423,2.72949
0.00599647,298.836,0.875245,22.7898,0.000531858,998.423,2.72949
0.00599647,308.726,0.874269,22.7898,0.000531858,998.423,2.72949
0.00599647,318.672,0.873349,22.7898,0.000531858,998.423,2.7295
0.00599647,328.557,0.872496,22.7898,0.000531858,998.423,2.7295
0.00599647,338.474,0.871704,22.7898,0.000531858,998.423,2.7295
0.00599647,348.349,0.87098,22.7898,0.000531858,998.423,2.7295
0.00599647,358.241,0.87032,22.7898,0.000531858,998.422,2.72951
0.00599647,368.105,0.869726,22.7899,0.000531858,998.422,2.72951
0.00599647,377.979,0.869197,22.7899,0.000531858,998.422,2.72951
0.00599647,387.834,0.868733,22.7899,0.000531858,998.422,2.72951
0.00599647,397.694,0.868332,22.7899,0.000531858,998.422,2.72952
0.00599647,407.54,0.867994,22.7899,0.000531858,998.422,2.72952
0.00599648,417.39,0.867715,22.7899,0.000531858,998.422,2.72952
0.00599648,427.231,0.867496,22.7899,0.000531858,998.422,2.72952
0.00599648,437.074,0.867333,22.7899,0.000531858,998.422,2.72953
0.00599648,446.911,0.867224,22.7899,0.000531858,998.422,2.72953
0.00599648,456.749,0.867168,22.79,0.000531858,998.422,2.72953
0.00599648,466.585,0.867161,22.79,0.000531858,998.422,2.72953
0.00599648,476.422,0.867201,22.79,0.000531858,998.422,2.72953
0.00599648,486.258,0.867285,22.79,0.000531858,998.422,2.72954
0.00599648,496.096,0.867411,22.79,0.000531858,998.422,2.72954
0.00599648,505.933,0.867575,22.79,0.000531858,998.421,2.72954
0.00599648,515.774,0.867775,22.79,0.000531858,998.421,2.72954
0.00599648,526.488,0.86803,22.79,0.000531858,998.421,2.72955
0.00599648,538.249,0.86835,22.7901,0.000531858,998.421,2.72955
0.00599648,551.467,0.868753,22.7901,0.000531858,998.421,2.72955
0.00599648,566.267,0.869251,22.7901,0.000531858,998.421,2.72956
0.00599648,583.112,0.869867,22.7901,0.000531858,998.421,2.72956
0.00599649,602.382,0.870618,22.7901,0.000531858,998.421,2.72956
0.00599649,624.932,0.871534,22.7902,0.000531858,998.421,2.72957
0.00599649,651.783,0.872642,22.7902,0.000531858,998.42,2.72958
0.00599649,684.846,0.873972,22.7902,0.000531858,998.42,2.72958
0.00599649,727.068,0.875519,22.7902,0.000531858,998.42,2.72959
0.0059965,784.284,0.877186,22.7903,0.000531858,998.42,2.72961
0.0059965,868.56,0.878488,22.7904,0.000531858,998.419,2.72963
0.00599651,967.526,0.878104,22.7904,0.000531858,998.418,2.72965
0.00599651,1041.85,0.876365,22.7905,0.000531858,998.418,2.72967
0.00599651,1088.14,0.874563,22.7905,0.000531858,998.417,2.72968
0.00599651,1118.24,0.873033,22.7905,0.000531858,998.417,2.72969
0.00599652,1142.96,0.871509,22.7905,0.000531858,998.417,2.72969
0.00599652,1162.34,0.870103,22.7906,0.000531858,998.417,2.7297
0.00599652,1183.93,0.868239,22.7906,0.000531858,998.417,2.7297
0.00599652,1189.41,0.867709,22.7906,0.000531858,998.417,2.72971
0.00599652,1192.2,0.867428,22.7906,0.000531858,998.417,2.72971
0.00599652,1193.84,0.867259,22.7906,0.000531858,998.417,2.72971
0.00599652,1195.12,0.867125,22.7906,0.000531858,998.417,2.72971
0.00599652,1196.16,0.867015,22.7906,0.000531858,998.417,2.72971
0.00599652,1197.65,0.866854,22.7906,0.000531858,998.417,2.72971
0.00599652,1199.09,0.866697,22.7906,0.000531858,998.417,2.72971
0.00599652,1200.37,0.866554,22.7906,0.000531858,998.417,2.72971
0.00599652,1201.43,0.866433,22.7906,0.000531858,998.417,2.72971
0.00599652,1202.89,0.866264,22.7906,0.000531858,998.417,2.72971
0.00599652,1204.42,0.866083,22.7906,0.000531858,998.417,2.72971
0.00599652,1206.5,0.86583,22.7906,0.000531858,998.417,2.72971
0.00599652,1209.82,0.865408,22.7906,0.000531858,998.417,2.72971
0.00599652,1211.55,0.86518,22.7906,0.000531858,998.417,2.72971
0.00599652,1214.1,0.864832,22.7906,0.000531858,998.417,2.72971
0.00599652,1216.47,0.864496,22.7906,0.000531858,998.417,2.72971
0.00599652,1221.21,0.863792,22.7906,0.000531858,998.416,2.72971
0.00599652,1224.98,0.863196,22.7906,0.000531858,998.416,2.72971
0.00599652,1227.62,0.862758,22.7906,0.000531858,998.416,2.72972
0.00599652,1229.75,0.862393,22.7906,0.000531858,998.416,2.72972
0.00599652,1231.64,0.862056,22.7906,0.000531858,998.416,2.72972
0.00599652,1232.09,0.861974,22.7906,0.000531858,998.416,2.72972
0.00599652,1232.52,0.861895,22.7906,0.000531858,998.416,2.72972
0.00599652,1232.94,0.861816,22.7906,0.000531858,998.416,2.72972
0.00599652,1233.42,0.861725,22.7906,0.000531858,998.416,2.72972
0.00599652,1233.9,0.861633,22.7906,0.000531858,998.416,2.72972
0.00599652,1234.48,0.861523,22.7906,0.000531858,998.416,2.72972
0.00599652,1235.14,0.861395,22.7906,0.000531858,998.416,2.72972
0.00599652,1236.45,0.861138,22.7906,0.000531858,998.416,2.72972
0.00599652,1238.1,0.86081,22.7906,0.000531858,998.416,2.72972
0.00599652,1241.4,0.860138,22.7906,0.000531858,998.416,2.72972
0.00599652,1244.48,0.859491,22.7906,0.000531858,998.416,2.72972
0.00599652,1246.67,0.858964,22.7906,0.000531858,998.416,2.72972
0.00599652,1248.19,0.858455,22.7906,0.000531858,998.416,2.72972
0.00599652,1249.24,0.857922,22.7906,0.000531858,998.416,2.72972
0.00599652,1249.9,0.857381,22.7906,0.000531858,998.416,2.72972
0.00599652,1250.4,0.85666,22.7906,0.000531858,998.416,2.72972
0.00599652,1250.78,0.855384,22.7907,0.000531858,998.416,2.72972
0.00599652,1250.87,0.854035,22.7907,0.000531858,998.416,2.72973
0.00599652,1250.86,0.851338,22.7907,0.000531858,998.416,2.72973
0.00599652,1250.8,0.847931,22.7907,0.000531858,998.416,2.72973
0.00599653,1250.74,0.841122,22.7907,0.000531858,998.416,2.72974
0.00599653,1250.68,0.831728,22.7908,0.000531858,998.416,2.72975
0.00599653,1250.61,0.820577,22.7909,0.000531858,998.416,2.72977
0.00599654,1250.54,0.810438,22.791,0.000531858,998.416,2.72978
0.00599654,1250.48,0.800111,22.7912,0.000531858,998.416,2.72979
0.00599654,1250.42,0.790725,22.7913,0.000531858,998.416,2.7298
0.00599654,1250.36,0.781337,22.7914,0.000531858,998.416,2.72982
0.00599655,1250.3,0.772552,22.7916,0.000531858,998.416,2.72983
0.00599655,1250.25,0.763909,22.7917,0.000531858,998.416,2.72984
0.00599655,1250.2,0.755881,22.7918,0.000531858,998.416,2.72985
0.00599655,1250.16,0.749477,22.7919,0.000531858,998.416,2.72985
0.00599655,1250.12,0.744335,22.792,0.000531858,998.416,2.72986
0.00599656,1250.09,0.739243,22.7921,0.000531858,998.416,2.72987
0.00599656,1250.06,0.734097,22.7922,0.000531858,998.416,2.72987
0.00599656,1250.01,0.727026,22.7924,0.000531858,998.416,2.72988
0.00599656,1249.99,0.72434,22.7924,0.000531858,998.416,2.72989
0.00599656,1249.97,0.720203,22.7925,0.000531858,998.416,2.72989
0.00599656,1249.95,0.717198,22.7926,0.000531858,998.416,2.72989
0.00599656,1249.93,0.714724,22.7926,0.000531858,998.416,2.7299
0.00599656,1249.91,0.711759,22.7927,0.000531858,998.417,2.7299
0.00599656,1249.89,0.708451,22.7928,0.000531858,998.417,2.7299
0.00599657,1249.85,0.701839,22.7929,0.000531858,998.417,2.72991
0.00599657,1249.81,0.695417,22.7931,0.000531858,998.417,2.72992
0.00599657,1249.73,0.683684,22.7933,0.000531858,998.417,2.72994
0.00599658,1249.62,0.666236,22.7938,0.000531858,998.417,2.72996
0.00599658,1249.51,0.648318,22.7943,0.000531858,998.417,2.72998
0.00599659,1249.36,0.62524,22.7949,0.000531858,998.417,2.73001
0.0059966,1249.2,0.600656,22.7956,0.000531858,998.417,2.73004
0.0059966,1249,0.568698,22.7966,0.000531858,998.417,2.73008
0.00599662,1248.76,0.531085,22.7978,0.000531858,998.417,2.73013
0.00599663,1248.42,0.478583,22.7997,0.000531858,998.417,2.73019
0.00599665,1247.97,0.409965,22.8023,0.000531858,998.417,2.73028
0.00599667,1247.53,0.341707,22.805,0.000531858,998.417,2.73037
0.00599669,1247.09,0.273806,22.8079,0.000531858,998.417,2.73045
0.00599671,1246.64,0.206261,22.8109,0.000531858,998.417,2.73054
0.00599673,1246.19,0.139072,22.8139,0.000531858,998.417,2.73063
0.00599675,1245.72,0.0722455,22.817,0.000531858,998.418,2.73071
0.00599676,1245.42,0.0329212,22.8189,0.000531858,998.418,2.73077
0.00599677,1245.31,0.0211513,22.8194,0.000531858,998.418,2.73078
0.00599677,1245.19,0.00968021,22.82,0.000531858,998.418,2.7308
0.00599677,1245.12,0.00464883,22.8202,0.000531858,998.418,2.7308
0.00599677,1245.01,-0.00101095,22.8205,0.000531858,998.418,2.73081
0.00599677,1244.79,-0.00743881,22.8208,0.000531858,998.418,2.73082
0.00599678,1244.37,-0.0139048,22.8211,0.000531858,998.418,2.73083
0.00599678,1243.72,-0.0203296,22.8214,0.000531858,998.418,2.73083
0.00599678,1242.75,-0.0272893,22.8218,0.000531858,998.418,2.73084
0.00599678,1241.59,-0.0336496,22.8221,0.000531858,998.418,2.73085
0.00599678,1240.11,-0.0402276,22.8224,0.000531858,998.418,2.73086
0.00599679,1237.93,-0.0481103,22.8228,0.000531858,998.418,2.73087
0.00599679,1234.58,-0.0578641,22.8233,0.000531858,998.418,2.73089
0.00599679,1229.3,-0.0699597,22.824,0.000531858,998.418,2.7309
0.0059968,1220.88,-0.0845743,22.8249,0.000531858,998.418,2.73093
0.00599681,1207.37,-0.1014,22.826,0.000531858,998.418,2.73096
0.00599682,1185.97,-0.118437,22.8275,0.000531858,998.418,2.731
0.00599683,1153.77,-0.130061,22.8293,0.000531858,998.419,2.73105
0.00599685,1111.01,-0.125307,22.8313,0.000531858,998.419,2.73112
0.00599687,1068.43,-0.0935683,22.8331,0.000531858,998.419,2.73121
0.00599688,1050.82,-0.0648188,22.8338,0.000531858,998.42,2.73125
0.00599689,1042.57,-0.041799,22.8341,0.000531858,998.42,2.73129
0.00599689,1038.59,-0.0221248,22.8342,0.000531858,998.42,2.73131
0.0059969,1037.11,-0.00273024,22.8343,0.000531858,998.42,2.73134
0.00599691,1038.31,0.0194781,22.8343,0.000531858,998.42,2.73136
0.00599691,1042.05,0.0392396,22.8342,0.000531858,998.42,2.73139
0.00599692,1051.91,0.0662542,22.834,0.000531858,998.42,2.73143
0.00599693,1066.78,0.0901032,22.8336,0.000531858,998.42,2.73146
0.00599694,1091.61,0.11321,22.8331,0.000531858,998.42,2.73151
0.00599696,1122.28,0.126367,22.8325,0.000531858,998.42,2.73156
0.00599697,1162.63,0.125042,22.8318,0.000531858,998.419,2.73162
0.00599699,1201.37,0.102288,22.8314,0.000531858,998.419,2.73169
0.005997,1221.05,0.0773032,22.8313,0.000531858,998.419,2.73174
0.00599701,1228.84,0.0621185,22.8313,0.000531858,998.419,2.73176
0.00599701,1233.14,0.0510336,22.8313,0.000531858,998.419,2.73177
0.00599701,1236.15,0.0411242,22.8314,0.000531858,998.419,2.73179
0.00599702,1238.2,0.0323524,22.8315,0.000531858,998.419,2.7318
0.00599702,1239.54,0.0248668,22.8315,0.000531858,998.419,2.73181
0.00599702,1240.58,0.0167134,22.8316,0.000531858,998.419,2.73182
0.00599702,1241.09,0.0105852,22.8317,0.000531858,998.419,2.73182
0.00599703,1241.36,0.00470711,22.8317,0.000531858,998.419,2.73183
0.00599703,1241.42,-0.00133404,22.8318,0.000531858,998.419,2.73184
0.00599703,1241.25,-0.00770809,22.8319,0.000531858,998.419,2.73185
0.00599703,1240.74,-0.0149894,22.832,0.000531858,998.419,2.73185
0.00599703,1239.78,-0.0231866,22.8321,0.000531858,998.419,2.73186
0.00599704,1238.28,-0.0319346,22.8322,0.000531858,998.419,2.73188
0.00599704,1236.08,-0.0413274,22.8324,0.000531858,998.419,2.73189
0.00599704,1232.82,-0.0518851,22.8326,0.000531858,998.419,2.7319
0.00599705,1227.98,-0.0639011,22.8329,0.000531858,998.419,2.73192
0.00599705,1220.6,-0.077746,22.8333,0.000531858,998.419,2.73194
0.00599706,1209.28,-0.0932676,22.8337,0.000531858,998.419,2.73196
0.00599707,1191.84,-0.109405,22.8344,0.000531858,998.42,2.73199
0.00599708,1165.77,-0.122676,22.8352,0.000531858,998.42,2.73203
0.00599709,1135.17,-0.126209,22.8361,0.000531858,998.42,2.73208
0.0059971,1108.24,-0.119496,22.8368,0.000531858,998.42,2.73212
0.00599711,1087.09,-0.106802,22.8373,0.000531858,998.421,2.73215
0.00599712,1071.56,-0.0917599,22.8376,0.000531858,998.421,2.73218
0.00599713,1059.36,-0.0745204,22.8378,0.000531858,998.421,2.73221
0.00599713,1049.72,-0.0544455,22.8379,0.000531858,998.421,2.73223
0.00599714,1043.11,-0.031941,22.8379,0.000531858,998.421,2.73226
0.00599715,1040.28,-0.0119064,22.8379,0.000531858,998.421,2.73228
0.00599715,1040.04,0.00793059,22.8377,0.000531858,998.421,2.73231
0.00599716,1042.51,0.0285867,22.8375,0.000531858,998.421,2.73233
0.00599717,1048.57,0.0509218,22.8373,0.000531858,998.421,2.73236
0.00599718,1056.75,0.06941,22.837,0.000531858,998.421,2.73238
0.00599718,1067.64,0.0863456,22.8366,0.000531858,998.421,2.7324
0.00599719,1080.27,0.100291,22.8362,0.000531858,998.421,2.73243
0.0059972,1099.37,0.114253,22.8357,0.000531858,998.421,2.73246
0.00599721,1120.97,0.122784,22.8352,0.000531858,998.421,2.73249
0.00599722,1148,0.124729,22.8346,0.000531858,998.421,2.73252
0.00599723,1175.26,0.117151,22.834,0.000531858,998.421,2.73256
0.00599724,1202.74,0.0974533,22.8336,0.000531858,998.421,2.73261
0.00599725,1220.8,0.0733816,22.8335,0.000531858,998.42,2.73264
0.00599726,1228.8,0.0567444,22.8334,0.000531858,998.42,2.73266
0.00599726,1232.93,0.044921,22.8335,0.000531858,998.42,2.73268
0.00599727,1235.39,0.0356699,22.8335,0.000531858,998.42,2.73269
0.00599727,1237.25,0.0263989,22.8336,0.000531858,998.42,2.7327
0.00599727,1238.42,0.0179805,22.8336,0.000531858,998.42,2.73271
0.00599728,1239.19,0.00883989,22.8337,0.000531858,998.42,2.73272
0.00599728,1239.43,-0.000755509,22.8338,0.000531858,998.42,2.73273
0.00599728,1239.12,-0.0100388,22.8339,0.000531858,998.42,2.73274
0.00599729,1237.93,-0.0219152,22.8341,0.000531858,998.421,2.73275
0.00599729,1235.99,-0.0329437,22.8342,0.000531858,998.421,2.73276
0.00599729,1232.96,-0.0447454,22.8344,0.000531858,998.421,2.73277
0.0059973,1228.89,-0.0563881,22.8347,0.000531858,998.421,2.73279
0.0059973,1222.68,-0.0697521,22.835,0.000531858,998.421,2.7328
0.00599731,1213.55,-0.0842727,22.8353,0.000531858,998.421,2.73282
0.00599732,1199.45,-0.1001,22.8359,0.000531858,998.421,2.73285
0.00599733,1178.51,-0.114779,22.8366,0.000531858,998.421,2.73288
0.00599733,1159.64,-0.121765,22.8371,0.000531858,998.421,2.7329
0.00599734,1142.91,-0.123935,22.8376,0.000531858,998.421,2.73292
0.00599735,1125.04,-0.122341,22.8381,0.000531858,998.422,2.73295
0.00599735,1108.97,-0.117336,22.8384,0.000531858,998.422,2.73297
0.00599736,1087.62,-0.104571,22.8389,0.000531858,998.422,2.733
0.00599737,1068.74,-0.0851345,22.8392,0.000531858,998.422,2.73303
0.00599738,1052.69,-0.0568796,22.8394,0.000531858,998.422,2.73306
0.00599739,1044.99,-0.03189,22.8395,0.000531858,998.422,2.73309
0.0059974,1042.11,-0.0117347,22.8394,0.000531858,998.423,2.73311
0.00599741,1041.87,0.0073783,22.8393,0.000531858,998.423,2.73313
0.00599741,1044.2,0.0274414,22.8391,0.000531858,998.423,2.73315
0.00599742,1049.88,0.0489034,22.8388,0.000531858,998.423,2.73317
0.00599743,1061.59,0.0738824,22.8384,0.000531858,998.423,2.7332
0.00599744,1079.57,0.0966531,22.8378,0.000531858,998.422,2.73323
0.00599745,1094.97,0.108953,22.8373,0.000531858,998.422,2.73325
0.00599745,1109.85,0.116703,22.837,0.000531858,998.422,2.73327
0.00599746,1126.55,0.121517,22.8365,0.000531858,998.422,2.73329
0.00599747,1143.9,0.122637,22.8362,0.000531858,998.422,2.73331
0.00599748,1166.83,0.118151,22.8357,0.000531858,998.422,2.73334
0.00599749,1189.31,0.106272,22.8353,0.000531858,998.422,2.73337
0.0059975,1212.4,0.0829285,22.835,0.000531858,998.422,2.7334
0.00599751,1223.78,0.0636769,22.8349,0.000531858,998.422,2.73342
0.00599751,1229.72,0.0491142,22.8349,0.000531858,998.422,2.73344
0.00599752,1232.82,0.0387772,22.835,0.000531858,998.422,2.73345
0.00599752,1235.11,0.0285212,22.835,0.000531858,998.422,2.73346
0.00599752,1236.57,0.0189998,22.8351,0.000531858,998.422,2.73347
0.00599753,1237.49,0.00860013,22.8352,0.000531858,998.422,2.73348
0.00599753,1237.7,-0.00234549,22.8353,0.000531858,998.422,2.73349
0.00599753,1237.16,-0.0132881,22.8354,0.000531858,998.422,2.7335
0.00599754,1235.75,-0.024794,22.8356,0.000531858,998.422,2.73351
0.00599754,1233.47,-0.0361675,22.8357,0.000531858,998.422,2.73352
0.00599755,1229.74,-0.0489743,22.836,0.000531858,998.422,2.73353
0.00599755,1224.77,-0.0614075,22.8362,0.000531858,998.422,2.73354
0.00599756,1217.06,-0.0757396,22.8366,0.000531858,998.422,2.73356
0.00599756,1205.9,-0.0907062,22.837,0.000531858,998.422,2.73358
0.00599757,1188.76,-0.10616,22.8376,0.000531858,998.422,2.7336
0.00599758,1172.89,-0.115117,22.8381,0.000531858,998.423,2.73362
0.00599758,1157.36,-0.120102,22.8386,0.000531858,998.423,2.73364
0.00599759,1140.39,-0.121835,22.839,0.000531858,998.423,2.73365
0.0059976,1123.27,-0.119821,22.8395,0.000531858,998.423,2.73367
0.00599761,1101,-0.111175,22.84,0.000531858,998.423,2.7337
0.00599762,1080.01,-0.0952038,22.8404,0.000531858,998.423,2.73372
0.00599763,1059.53,-0.0672385,22.8407,0.000531858,998.424,2.73376
0.00599764,1049.1,-0.0412,22.8408,0.000531858,998.424,2.73378
0.00599765,1044.74,-0.0202617,22.8407,0.000531858,998.424,2.7338
0.00599765,1043.41,-0.0014641,22.8406,0.000531858,998.424,2.73382
0.00599766,1044.45,0.0175256,22.8405,0.000531858,998.424,2.73383
0.00599767,1047.94,0.0363645,22.8403,0.000531858,998.424,2.73385
0.00599768,1056.59,0.0606623,22.8399,0.000531858,998.424,2.73387
0.00599768,1070.48,0.0835589,22.8394,0.000531858,998.424,2.73389
0.00599769,1087.64,0.101176,22.8389,0.000531858,998.424,2.73391
0.0059977,1102.49,0.11098,22.8385,0.000531858,998.424,2.73393
0.00599771,1117.17,0.117063,22.8381,0.000531858,998.424,2.73395
0.00599771,1133.47,0.120257,22.8377,0.000531858,998.424,2.73396
0.00599772,1150,0.119943,22.8373,0.000531858,998.424,2.73398
0.00599773,1172.16,0.113775,22.8369,0.000531858,998.423,2.734
0.00599774,1193.4,0.100544,22.8366,0.000531858,998.423,2.73402
0.00599775,1215.05,0.075712,22.8363,0.000531858,998.423,2.73405
0.00599776,1224.31,0.0581817,22.8363,0.000531858,998.423,2.73407
0.00599777,1229.49,0.0441108,22.8363,0.000531858,998.423,2.73408
0.00599777,1232.23,0.0338796,22.8363,0.000531858,998.423,2.73409
0.00599777,1234.24,0.0233508,22.8364,0.000531858,998.423,2.7341
0.00599778,1235.46,0.0131458,22.8364,0.000531858,998.423,2.73411
0.00599778,1236.02,0.000347906,22.8366,0.000531858,998.423,2.73412
0.00599778,1235.59,-0.0114304,22.8367,0.000531858,998.423,2.73413
0.00599779,1233.58,-0.0272699,22.8369,0.000531858,998.423,2.73414
0.00599779,1230.59,-0.0402826,22.8371,0.000531858,998.423,2.73415
0.0059978,1225.81,-0.054442,22.8374,0.000531858,998.423,2.73416
0.0059978,1219.72,-0.0674926,22.8377,0.000531858,998.423,2.73417
0.00599781,1210.17,-0.0824506,22.8381,0.000531858,998.424,2.73418
0.00599782,1196.54,-0.0973867,22.8386,0.000531858,998.424,2.7342
0.00599783,1179.69,-0.109458,22.8391,0.000531858,998.424,2.73422
0.00599783,1164.39,-0.11606,22.8396,0.000531858,998.424,2.73423
0.00599784,1147.38,-0.119432,22.84,0.000531858,998.424,2.73425
0.00599785,1131.41,-0.119114,22.8405,0.000531858,998.424,2.73426
0.00599786,1109.53,-0.113117,22.841,0.000531858,998.425,2.73428
0.00599787,1088.81,-0.100509,22.8414,0.000531858,998.425,2.7343
0.00599788,1067.1,-0.076439,22.8418,0.000531858,998.425,2.73433
0.00599789,1053.42,-0.0489733,22.8419,0.000531858,998.425,2.73435
0.0059979,1047.36,-0.0260658,22.8419,0.000531858,998.425,2.73437
0.0059979,1045.25,-0.00703789,22.8418,0.000531858,998.425,2.73438
0.00599791,1045.55,0.0114175,22.8417,0.000531858,998.425,2.73439
0.00599792,1048.3,0.030361,22.8415,0.000531858,998.425,2.73441
0.00599792,1054.97,0.0524681,22.8412,0.000531858,998.425,2.73442
0.00599793,1067.25,0.0759124,22.8407,0.000531858,998.425,2.73444
0.00599794,1086.57,0.0977363,22.8401,0.000531858,998.425,2.73446
0.00599795,1103.16,0.109002,22.8396,0.000531858,998.425,2.73448
0.00599796,1118.11,0.11512,22.8393,0.000531858,998.425,2.73449
0.00599797,1134.79,0.11818,22.8389,0.000531858,998.425,2.73451
0.00599797,1150.51,0.117676,22.8385,0.000531858,998.425,2.73452
0.00599798,1172.46,0.111306,22.8381,0.000531858,998.425,2.73454
0.00599799,1192.83,0.0983705,22.8377,0.000531858,998.425,2.73455
0.005998,1214.13,0.073597,22.8375,0.000531858,998.425,2.73458
0.00599801,1222.98,0.0566339,22.8374,0.000531858,998.425,2.73459
0.00599802,1227.61,0.0441519,22.8374,0.000531858,998.425,2.7346
0.00599802,1230.71,0.0325888,22.8375,0.000531858,998.425,2.73461
0.00599802,1232.74,0.0215457,22.8375,0.000531858,998.425,2.73461
0.00599803,1233.91,0.0106512,22.8376,0.000531858,998.425,2.73462
0.00599803,1234.26,-0.00270575,22.8378,0.000531858,998.425,2.73463
0.00599804,1233.45,-0.0158738,22.8379,0.000531858,998.425,2.73464
0.00599804,1231.29,-0.0298522,22.8381,0.000531858,998.425,2.73464
0.00599805,1227.97,-0.0428699,22.8383,0.000531858,998.425,2.73465
0.00599805,1222.7,-0.0571295,22.8386,0.000531858,998.425,2.73466
0.00599806,1215.73,-0.0707366,22.8389,0.000531858,998.425,2.73467
0.00599806,1204.95,-0.0858763,22.8393,0.000531858,998.425,2.73468
0.00599807,1189.57,-0.100532,22.8399,0.000531858,998.425,2.7347
0.00599808,1175.1,-0.109483,22.8403,0.000531858,998.425,2.73471
0.00599809,1160.46,-0.114972,22.8407,0.000531858,998.425,2.73472
0.00599809,1144.31,-0.117469,22.8412,0.000531858,998.426,2.73473
0.0059981,1127.59,-0.116372,22.8416,0.000531858,998.426,2.73474
0.00599811,1105.94,-0.10917,22.8421,0.000531858,998.426,2.73476
0.00599812,1085.16,-0.0947912,22.8425,0.000531858,998.426,2.73478
0.00599813,1064.68,-0.0691069,22.8428,0.000531858,998.426,2.7348
0.00599814,1053.47,-0.0436974,22.8429,0.000531858,998.426,2.73481
0.00599815,1048.53,-0.022737,22.8429,0.000531858,998.427,2.73482
0.00599816,1046.84,-0.00443185,22.8428,0.000531858,998.427,2.73483
0.00599816,1047.45,0.0137745,22.8427,0.000531858,998.427,2.73484
0.00599817,1050.45,0.0321691,22.8424,0.000531858,998.427,2.73485
0.00599818,1057.8,0.0547335,22.8421,0.000531858,998.427,2.73487
0.00599819,1070.46,0.077338,22.8416,0.000531858,998.427,2.73488
0.0059982,1088.08,0.0964689,22.8411,0.000531858,998.427,2.73489
0.0059982,1103.54,0.106926,22.8407,0.000531858,998.426,2.73491
0.00599821,1117.98,0.112925,22.8403,0.000531858,998.426,2.73492
0.00599822,1134.11,0.116025,22.8399,0.000531858,998.426,2.73493
0.00599822,1149.29,0.115718,22.8395,0.000531858,998.426,2.73493
0.00599823,1170.78,0.109812,22.8391,0.000531858,998.426,2.73495
0.00599824,1190.71,0.0975751,22.8388,0.000531858,998.426,2.73496
0.00599825,1211.84,0.0737836,22.8385,0.000531858,998.426,2.73498
0.00599826,1221.13,0.0564491,22.8385,0.000531858,998.426,2.73499
0.00599827,1225.96,0.0435791,22.8385,0.000531858,998.426,2.735
0.00599827,1229.16,0.0316893,22.8385,0.000531858,998.426,2.735
0.00599828,1231.22,0.0201411,22.8386,0.000531858,998.426,2.73501
0.00599828,1232.35,0.00848757,22.8387,0.000531858,998.426,2.73501
0.00599828,1232.49,-0.00549272,22.8388,0.000531858,998.426,2.73502
0.00599829,1231.22,-0.020108,22.839,0.000531858,998.426,2.73502
0.00599829,1228.56,-0.0341969,22.8392,0.000531858,998.426,2.73503
0.0059983,1224.43,-0.0480058,22.8394,0.000531858,998.426,2.73504
0.00599831,1218.26,-0.0623586,22.8397,0.000531858,998.426,2.73505
0.00599831,1209.73,-0.0766139,22.8401,0.000531858,998.426,2.73505
0.00599832,1196.92,-0.0916394,22.8405,0.000531858,998.426,2.73506
0.00599833,1178.54,-0.105377,22.8411,0.000531858,998.427,2.73507
0.00599834,1163.19,-0.112002,22.8416,0.000531858,998.427,2.73508
0.00599834,1146.34,-0.115219,22.842,0.000531858,998.427,2.73509
0.00599835,1130.81,-0.114739,22.8424,0.000531858,998.427,2.7351
0.00599836,1109.39,-0.108541,22.8429,0.000531858,998.427,2.73511
0.00599837,1089.46,-0.0959734,22.8433,0.000531858,998.427,2.73512
0.00599838,1068.56,-0.0720109,22.8437,0.000531858,998.428,2.73514
0.00599839,1056,-0.0458348,22.8438,0.000531858,998.428,2.73515
0.0059984,1050.47,-0.024144,22.8438,0.000531858,998.428,2.73516
0.00599841,1048.57,-0.00590143,22.8437,0.000531858,998.428,2.73517
0.00599841,1048.97,0.0119137,22.8435,0.000531858,998.428,2.73517
0.00599842,1051.73,0.0301047,22.8433,0.000531858,998.428,2.73518
0.00599843,1058.43,0.0517101,22.843,0.000531858,998.428,2.73519
0.00599844,1070.48,0.0741699,22.8425,0.000531858,998.428,2.7352
0.00599845,1089.54,0.0951457,22.8419,0.000531858,998.428,2.73521
0.00599846,1105.58,0.105681,22.8415,0.000531858,998.428,2.73522
0.00599846,1120.05,0.111334,22.8411,0.000531858,998.428,2.73522
0.00599847,1136.14,0.114009,22.8407,0.000531858,998.428,2.73523
0.00599848,1151.63,0.113216,22.8404,0.000531858,998.428,2.73524
0.00599849,1172.75,0.106598,22.8399,0.000531858,998.427,2.73525
0.0059985,1192.47,0.0934509,22.8396,0.000531858,998.427,2.73526
0.00599851,1212.67,0.0688992,22.8394,0.000531858,998.427,2.73527
0.00599851,1221,0.0520593,22.8393,0.000531858,998.427,2.73527
0.00599852,1225.41,0.0392142,22.8393,0.000531858,998.427,2.73528
0.00599852,1228.3,0.0271124,22.8394,0.000531858,998.427,2.73528
0.00599853,1230.08,0.0150499,22.8395,0.000531858,998.427,2.73529
0.00599853,1230.83,0.00221993,22.8396,0.000531858,998.427,2.73529
0.00599854,1230.32,-0.0124303,22.8397,0.000531858,998.427,2.73529
0.00599854,1227.6,-0.0304306,22.84,0.000531858,998.427,2.7353
0.00599855,1223.68,-0.0446385,22.8402,0.000531858,998.427,2.7353
0.00599856,1216.96,-0.0608158,22.8405,0.000531858,998.428,2.73531
0.00599856,1208.93,-0.0744169,22.8409,0.000531858,998.428,2.73531
0.00599857,1196.04,-0.0897106,22.8413,0.000531858,998.428,2.73532
0.00599858,1178.58,-0.102942,22.8419,0.000531858,998.428,2.73533
0.00599859,1163.69,-0.109587,22.8423,0.000531858,998.428,2.73533
0.00599859,1147.22,-0.112968,22.8428,0.000531858,998.428,2.73534
0.0059986,1132.02,-0.112719,22.8432,0.000531858,998.428,2.73534
0.00599861,1111.22,-0.107065,22.8436,0.000531858,998.429,2.73535
0.00599862,1091.59,-0.0951589,22.844,0.000531858,998.429,2.73536
0.00599863,1070.98,-0.0723449,22.8444,0.000531858,998.429,2.73537
0.00599864,1058.04,-0.04635,22.8445,0.000531858,998.429,2.73538
0.00599865,1052.3,-0.0246791,22.8445,0.000531858,998.429,2.73538
0.00599866,1050.3,-0.0066818,22.8444,0.000531858,998.429,2.73539
0.00599866,1050.58,0.0107735,22.8442,0.000531858,998.429,2.73539
0.00599867,1053.18,0.0286925,22.844,0.000531858,998.429,2.73539
0.00599868,1059.48,0.0495962,22.8437,0.000531858,998.429,2.7354
0.00599869,1071.08,0.071776,22.8433,0.000531858,998.429,2.7354
0.0059987,1089.35,0.0924219,22.8427,0.000531858,998.429,2.73541
0.00599871,1105.1,0.10312,22.8422,0.000531858,998.429,2.73542
0.00599871,1119.26,0.108907,22.8418,0.000531858,998.429,2.73542
0.00599872,1135.07,0.111792,22.8415,0.000531858,998.429,2.73542
0.00599873,1149.82,0.111311,22.8411,0.000531858,998.429,2.73543
0.00599874,1170.6,0.105288,22.8407,0.000531858,998.429,2.73543
0.00599875,1189.78,0.0931238,22.8404,0.000531858,998.429,2.73544
0.00599876,1209.98,0.0697011,22.8401,0.000531858,998.429,2.73544
0.00599877,1218.9,0.0524042,22.84,0.000531858,998.429,2.73545
0.00599877,1223.59,0.0391347,22.8401,0.000531858,998.429,2.73545
0.00599878,1226.6,0.0266686,22.8401,0.000531858,998.429,2.73545
0.00599878,1228.43,0.0140702,22.8402,0.000531858,998.429,2.73545
0.00599879,1229.11,-0.00167142,22.8403,0.000531858,998.429,2.73546
0.00599879,1228.16,-0.0164659,22.8405,0.000531858,998.429,2.73546
0.0059988,1224.55,-0.0355635,22.8407,0.000531858,998.429,2.73546
0.0059988,1219.4,-0.0510007,22.841,0.000531858,998.429,2.73546
0.00599881,1211.84,-0.0663302,22.8414,0.000531858,998.429,2.73547
0.00599882,1201.8,-0.0806114,22.8417,0.000531858,998.429,2.73547
0.00599883,1186.82,-0.0949972,22.8422,0.000531858,998.429,2.73547
0.00599883,1172.86,-0.103608,22.8427,0.000531858,998.429,2.73547
0.00599884,1158.9,-0.10877,22.8431,0.000531858,998.429,2.73548
0.00599885,1143.56,-0.111055,22.8435,0.000531858,998.43,2.73548
0.00599885,1127.57,-0.109887,22.8439,0.000531858,998.43,2.73548
0.00599886,1107.1,-0.102873,22.8443,0.000531858,998.43,2.73548
0.00599887,1087.41,-0.0889696,22.8447,0.000531858,998.43,2.73549
0.00599889,1068.2,-0.0643858,22.845,0.000531858,998.43,2.73549
0.0059989,1057.92,-0.0406154,22.845,0.000531858,998.431,2.73549
0.0059989,1053.4,-0.0210419,22.845,0.000531858,998.431,2.7355
0.00599891,1051.86,-0.00379997,22.8449,0.000531858,998.431,2.7355
0.00599892,1052.49,0.0134222,22.8447,0.000531858,998.431,2.7355
0.00599892,1055.36,0.0307745,22.8445,0.000531858,998.431,2.7355
0.00599893,1062.44,0.0522309,22.8442,0.000531858,998.431,2.7355
0.00599894,1074.5,0.0735265,22.8437,0.000531858,998.431,2.7355
0.00599895,1091.08,0.0913733,22.8432,0.000531858,998.431,2.73551
0.00599896,1105.62,0.101144,22.8428,0.000531858,998.43,2.73551
0.00599896,1119.26,0.106776,22.8424,0.000531858,998.43,2.73551
0.00599897,1134.49,0.109668,22.842,0.000531858,998.43,2.73551
0.00599898,1148.88,0.109341,22.8417,0.000531858,998.43,2.73551
0.00599899,1169.18,0.103698,22.8413,0.000531858,998.43,2.73551
0.005999,1188.04,0.0920431,22.8409,0.000531858,998.43,2.73551
0.00599901,1207.98,0.0694606,22.8407,0.000531858,998.43,2.73551
0.00599902,1217.47,0.0512866,22.8406,0.000531858,998.43,2.73551
0.00599902,1222.32,0.0373041,22.8406,0.000531858,998.43,2.73551
0.00599903,1225.27,0.0244898,22.8407,0.000531858,998.43,2.73551
0.00599903,1226.98,0.0113406,22.8408,0.000531858,998.43,2.73551
0.00599904,1227.35,-0.00466816,22.8409,0.000531858,998.43,2.73551
0.00599904,1225.89,-0.0206467,22.8411,0.000531858,998.43,2.73551
0.00599905,1221.38,-0.0402921,22.8414,0.000531858,998.43,2.73551
0.00599906,1214.85,-0.0568809,22.8417,0.000531858,998.43,2.73551
0.00599906,1206.34,-0.0715533,22.842,0.000531858,998.43,2.73551
0.00599907,1194.13,-0.0860975,22.8425,0.000531858,998.43,2.73551
0.00599908,1176.96,-0.0991446,22.843,0.000531858,998.431,2.73551
0.00599909,1162.55,-0.105534,22.8434,0.000531858,998.431,2.73551
0.0059991,1146.66,-0.108745,22.8439,0.000531858,998.431,2.73551
0.0059991,1132,-0.108454,22.8442,0.000531858,998.431,2.73551
0.00599911,1111.95,-0.102918,22.8447,0.000531858,998.431,2.73551
0.00599912,1093.07,-0.0913542,22.845,0.000531858,998.431,2.73551
0.00599913,1073.27,-0.0692473,22.8453,0.000531858,998.432,2.73551
0.00599915,1060.95,-0.04431,22.8454,0.000531858,998.432,2.73551
0.00599915,1055.5,-0.0235448,22.8454,0.000531858,998.432,2.73551
0.00599916,1053.61,-0.00624754,22.8453,0.000531858,998.432,2.73551
0.00599917,1053.9,0.010556,22.8452,0.000531858,998.432,2.73551
0.00599917,1056.42,0.0277858,22.845,0.000531858,998.432,2.7355
0.00599918,1062.54,0.0479645,22.8447,0.000531858,998.432,2.7355
0.00599919,1073.75,0.0692796,22.8442,0.000531858,998.432,2.7355
0.0059992,1091.42,0.0891355,22.8436,0.000531858,998.432,2.7355
0.00599921,1106.57,0.0993566,22.8432,0.000531858,998.432,2.7355
0.00599922,1120.22,0.104879,22.8428,0.000531858,998.432,2.7355
0.00599922,1135.44,0.107597,22.8424,0.000531858,998.432,2.73549
0.00599923,1149.74,0.107067,22.8421,0.000531858,998.432,2.73549
0.00599924,1169.72,0.101159,22.8417,0.000531858,998.432,2.73549
0.00599925,1188.22,0.0892833,22.8413,0.000531858,998.431,2.73549
0.00599926,1207.58,0.0665715,22.8411,0.000531858,998.431,2.73548
0.00599927,1216.45,0.0489918,22.841,0.000531858,998.431,2.73548
0.00599927,1221.07,0.0351947,22.841,0.000531858,998.431,2.73548
0.00599928,1223.91,0.0220645,22.8411,0.000531858,998.431,2.73548
0.00599928,1225.45,0.00824767,22.8412,0.000531858,998.431,2.73547
0.00599929,1225.45,-0.00810926,22.8413,0.000531858,998.431,2.73547
0.0059993,1223.38,-0.02498,22.8415,0.000531858,998.431,2.73547
0.0059993,1218.93,-0.0420408,22.8418,0.000531858,998.432,2.73547
0.00599931,1211.5,-0.0594163,22.8421,0.000531858,998.432,2.73547
0.00599932,1202.61,-0.0734742,22.8425,0.000531858,998.432,2.73546
0.00599933,1188.92,-0.0881746,22.843,0.000531858,998.432,2.73546
0.00599933,1173.89,-0.0984619,22.8434,0.000531858,998.432,2.73546
0.00599934,1160.13,-0.104056,22.8438,0.000531858,998.432,2.73545
0.00599935,1144.95,-0.106726,22.8442,0.000531858,998.432,2.73545
0.00599936,1130.32,-0.106077,22.8446,0.000531858,998.432,2.73545
0.00599936,1110.48,-0.100002,22.845,0.000531858,998.433,2.73544
0.00599937,1091.87,-0.0878204,22.8453,0.000531858,998.433,2.73544
0.00599939,1072.77,-0.06511,22.8456,0.000531858,998.433,2.73543
0.0059994,1061.73,-0.0413121,22.8457,0.000531858,998.433,2.73543
0.00599941,1056.88,-0.0216436,22.8456,0.000531858,998.433,2.73542
0.00599941,1055.21,-0.00485782,22.8455,0.000531858,998.433,2.73542
0.00599942,1055.66,0.011655,22.8454,0.000531858,998.433,2.73542
0.00599942,1058.29,0.0284427,22.8452,0.000531858,998.433,2.73541
0.00599943,1064.69,0.0486554,22.8449,0.000531858,998.433,2.73541
0.00599944,1075.99,0.0693433,22.8444,0.000531858,998.433,2.7354
0.00599945,1093.93,0.0887116,22.8438,0.000531858,998.433,2.7354
0.00599946,1108.77,0.0982119,22.8434,0.000531858,998.433,2.73539
0.00599947,1122.22,0.103286,22.843,0.000531858,998.433,2.73539
0.00599947,1137.11,0.105573,22.8427,0.000531858,998.433,2.73538
0.00599948,1151.75,0.104608,22.8423,0.000531858,998.433,2.73538
0.00599949,1171.27,0.0981272,22.8419,0.000531858,998.433,2.73537
0.0059995,1189.64,0.0854084,22.8416,0.000531858,998.433,2.73537
0.00599951,1208.07,0.0621571,22.8413,0.000531858,998.433,2.73536
0.00599952,1216.06,0.0450405,22.8413,0.000531858,998.433,2.73535
0.00599953,1220.28,0.0312299,22.8413,0.000531858,998.433,2.73535
0.00599953,1222.81,0.0176712,22.8414,0.000531858,998.433,2.73534
0.00599954,1223.95,0.00283685,22.8415,0.000531858,998.433,2.73534
0.00599954,1223.24,-0.0139553,22.8416,0.000531858,998.433,2.73534
0.00599955,1220.41,-0.0304943,22.8419,0.000531858,998.433,2.73533
0.00599956,1215.52,-0.0462205,22.8421,0.000531858,998.433,2.73533
0.00599956,1207.3,-0.0631196,22.8425,0.000531858,998.433,2.73532
0.00599957,1197.27,-0.0770638,22.8428,0.000531858,998.433,2.73531
0.00599958,1181.86,-0.0911534,22.8433,0.000531858,998.433,2.73531
0.00599959,1168.67,-0.0986924,22.8437,0.000531858,998.433,2.7353
0.00599959,1155.39,-0.103098,22.8441,0.000531858,998.434,2.7353
0.0059996,1140.96,-0.104737,22.8445,0.000531858,998.434,2.73529
0.00599961,1125.07,-0.102928,22.8448,0.000531858,998.434,2.73529
0.00599962,1105.88,-0.0953545,22.8452,0.000531858,998.434,2.73528
0.00599963,1087.11,-0.0807066,22.8456,0.000531858,998.434,2.73527
0.00599964,1069.81,-0.0561993,22.8458,0.000531858,998.434,2.73526
0.00599965,1061.24,-0.0338294,22.8458,0.000531858,998.435,2.73525
0.00599966,1057.77,-0.016167,22.8457,0.000531858,998.435,2.73524
0.00599966,1056.78,-9.441e-05,22.8456,0.000531858,998.435,2.73524
0.00599967,1057.98,0.0173287,22.8454,0.000531858,998.435,2.73523
0.00599968,1061.2,0.0332191,22.8452,0.000531858,998.435,2.73523
0.00599969,1069.53,0.0550352,22.8448,0.000531858,998.435,2.73522
0.0059997,1081.88,0.0741036,22.8444,0.000531858,998.435,2.73521
0.00599971,1096.43,0.0882196,22.8439,0.000531858,998.435,2.7352
0.00599971,1109.05,0.0961234,22.8435,0.000531858,998.435,2.7352
0.00599972,1121.69,0.101025,22.8432,0.000531858,998.434,2.73519
0.00599973,1135.67,0.103428,22.8428,0.000531858,998.434,2.73518
0.00599973,1149.85,0.102829,22.8425,0.000531858,998.434,2.73518
0.00599974,1168.81,0.0970824,22.8421,0.000531858,998.434,2.73517
0.00599975,1186.92,0.0852606,22.8417,0.000531858,998.434,2.73516
0.00599976,1205.26,0.0633718,22.8415,0.000531858,998.434,2.73514
0.00599977,1213.82,0.0460533,22.8414,0.000531858,998.434,2.73514
0.00599978,1218.37,0.0318505,22.8414,0.000531858,998.434,2.73513
0.00599978,1221.08,0.0179478,22.8415,0.000531858,998.434,2.73512
0.00599979,1222.28,0.0026653,22.8416,0.000531858,998.434,2.73512
0.0059998,1221.48,-0.0145705,22.8418,0.000531858,998.434,2.73511
0.0059998,1218.59,-0.0307802,22.842,0.000531858,998.434,2.7351
0.00599981,1213.4,-0.0468487,22.8422,0.000531858,998.434,2.7351
0.00599982,1204.78,-0.0637751,22.8426,0.000531858,998.434,2.73509
0.00599982,1194.18,-0.0777022,22.843,0.000531858,998.435,2.73508
0.00599983,1178.13,-0.0912985,22.8435,0.000531858,998.435,2.73507
0.00599984,1164.8,-0.0980967,22.8439,0.000531858,998.435,2.73506
0.00599985,1151.47,-0.101756,22.8442,0.000531858,998.435,2.73505
0.00599985,1137.34,-0.102585,22.8446,0.000531858,998.435,2.73505
0.00599986,1120.57,-0.0995863,22.8449,0.000531858,998.435,2.73504
0.00599987,1101.99,-0.0906849,22.8453,0.000531858,998.435,2.73503
0.00599988,1083.44,-0.0738825,22.8456,0.000531858,998.436,2.73501
0.0059999,1067.82,-0.0478747,22.8457,0.000531858,998.436,2.735
0.00599991,1061.04,-0.0259248,22.8457,0.000531858,998.436,2.73499
0.00599991,1058.72,-0.00899898,22.8456,0.000531858,998.436,2.73498
0.00599992,1058.61,0.00675203,22.8455,0.000531858,998.436,2.73497
0.00599993,1060.61,0.0232759,22.8453,0.000531858,998.436,2.73496
0.00599993,1065.43,0.0411053,22.845,0.000531858,998.436,2.73495
0.00599994,1075.23,0.0616825,22.8446,0.000531858,998.436,2.73494
0.00599995,1090.31,0.0804764,22.8441,0.000531858,998.436,2.73493
0.00599996,1104.45,0.0913275,22.8436,0.000531858,998.436,2.73492
0.00599997,1117.12,0.0973919,22.8433,0.000531858,998.436,2.73491
0.00599997,1129.98,0.100695,22.8429,0.000531858,998.436,2.7349
0.00599998,1143.43,0.101362,22.8426,0.000531858,998.436,2.73489
0.00599999,1160.33,0.0981962,22.8422,0.000531858,998.436,2.73488
0.00599999,1171.02,0.0937068,22.842,0.000531858,998.436,2.73488
0.006,1181.11,0.0874009,22.8418,0.000531858,998.436,2.73487
