t_s,v_drain_V,i_primary_A,v_out_V,v_fbk_V,v_bulk_V,v_comp_V
0,1000,1e-06,22.7704,0,1000,3.28754
2.01128e-07,999.994,1.10155e-07,22.7601,0.000531858,1000,3.28336
4.13895e-07,999.993,1.52313e-06,22.7584,0.000531858,1000,3.27917
6.13895e-07,999.997,2.42863e-06,22.7575,0.000531858,1000,3.27545
8.13895e-07,1000,2.55933e-06,22.7566,0.000531858,1000,3.27192
1.01389e-06,1000.01,1.85577e-06,22.7558,0.000531858,1000,3.26858
1.21389e-06,1000.01,6.95745e-07,22.7549,0.000531858,1000,3.26543
1.41389e-06,1000,-3.00405e-07,22.7541,0.000531858,1000,3.26245
1.61389e-06,999.999,-6.00675e-07,22.7532,0.000531858,1000,3.25965
1.81389e-06,999.994,-4.5348e-08,22.7524,0.000531858,1000,3.25702
2.01389e-06,999.993,1.06785e-06,22.7515,0.000531858,1000,3.25454
2.21389e-06,999.995,2.14326e-06,22.7507,0.000531858,1000,3.25223
2.41389e-06,1000,2.60622e-06,22.7498,0.000531858,1000,3.25006
2.61389e-06,1000,2.21029e-06,22.749,0.000531858,1000,3.24804
2.81389e-06,1000.01,1.16828e-06,22.7481,0.000531858,1000,3.24615
3.01389e-06,1000.01,3.76278e-08,22.7473,0.000531858,1000,3.24441
3.21389e-06,1000,-5.77657e-07,22.7464,0.000531858,1000,3.2428
3.41389e-06,999.996,-3.49453e-07,22.7456,0.000531858,1000,3.24131
3.61389e-06,999.993,5.99389e-07,22.7447,0.000531858,1000,3.23995
3.81389e-06,999.994,1.76097e-06,22.7439,0.000531858,1000,3.23871
4.01389e-06,999.998,2.51432e-06,22.743,0.000531858,1000,3.23758
4.21389e-06,1000,2.45758e-06,22.7422,0.000531858,1000,3.23656
4.41389e-06,1000.01,1.62232e-06,22.7413,0.000531858,1000,3.23566
4.61389e-06,1000.01,4.55744e-07,22.7405,0.000531858,1000,3.23486
4.81389e-06,1000,-4.18764e-07,22.7396,0.000531858,1000,3.23415
5.01389e-06,999.998,-5.34508e-07,22.7388,0.000531858,1000,3.23355
5.21389e-06,999.994,1.69492e-07,22.7379,0.000531858,1000,3.23304
5.41389e-06,999.993,1.31616e-06,22.7371,0.000531858,1000,3.23263
5.61389e-06,999.996,2.29229e-06,22.7362,0.000531858,1000,3.2323
5.81389e-06,1000,2.57672e-06,22.7354,0.000531858,1000,3.23206
6.01389e-06,1000.01,2.01863e-06,22.7345,0.000531858,1000,3.23191
6.21389e-06,1000.01,9.17341e-07,22.7337,0.000531858,1000,3.23184
6.41389e-06,1000.01,-1.3842e-07,22.7328,0.000531858,1000,3.23184
6.60408e-06,1000,-5.82743e-07,22.732,0.000531858,1000,3.23192
6.80171e-06,0.0765418,0.0378501,22.7304,0.000531858,999.999,3.23207
7.01675e-06,0.458937,0.225793,22.7302,0.000531858,999.995,3.23231
7.21675e-06,0.80371,0.395366,22.7294,0.000531858,999.986,3.23261
7.41675e-06,1.14838,0.564879,22.7285,0.000531858,999.971,3.23297
7.61675e-06,1.49293,0.734331,22.7277,0.000531858,999.952,3.23341
7.81675e-06,1.83735,0.903721,22.7268,0.000531858,999.927,3.2339
8.01675e-06,2.18165,1.07305,22.726,0.000531858,999.897,3.23446
8.2055e-06,1252.23,0.84625,22.7311,0.000531858,999.877,3.23504
8.4022e-06,1247.85,0.168408,22.7591,0.000531858,999.877,3.23568
8.60592e-06,1060.3,0.079173,22.7817,0.000531858,999.879,3.23631
8.80302e-06,1066.52,-0.0840658,22.7864,0.000531858,999.879,3.23684
9.00841e-06,1171.6,-0.119082,22.7864,0.000531858,999.878,3.23729
9.20232e-06,1238.47,0.0194553,22.7855,0.000531858,999.878,3.23764
9.40026e-06,1150.53,0.120736,22.7886,0.000531858,999.878,3.2379
9.60377e-06,1056.31,0.0537554,22.7933,0.000531858,999.879,3.23809
9.81196e-06,1064.66,-0.0677247,22.7959,0.000531858,999.879,3.23818
1.00063e-05,1183.41,-0.104229,22.7949,0.000531858,999.878,3.23817
1.02029e-05,1229.97,0.0294422,22.794,0.000531858,999.878,3.23809
1.04055e-05,1150.88,0.1123,22.7966,0.000531858,999.879,3.23791
1.06009e-05,1055.87,0.0298936,22.8009,0.000531858,999.879,3.23766
1.08086e-05,1081.89,-0.0801969,22.8025,0.000531858,999.879,3.23731
1.10061e-05,1190.31,-0.0895818,22.801,0.000531858,999.879,3.23689
1.12011e-05,1218.58,0.0450704,22.8001,0.000531858,999.879,3.23641
1.14043e-05,1136.32,0.104576,22.8025,0.000531858,999.879,3.23583
1.16011e-05,1059.72,0.0142511,22.806,0.000531858,999.88,3.23519
1.18042e-05,1102.28,-0.0890532,22.8066,0.000531858,999.88,3.23446
1.20008e-05,1202.88,-0.0645355,22.8046,0.000531858,999.879,3.23369
1.22062e-05,1212.13,0.0431296,22.8039,0.000531858,999.879,3.23281
1.24039e-05,1124.24,0.0943879,22.8061,0.000531858,999.88,3.23191
1.26014e-05,1065.18,-0.000962402,22.8086,0.000531858,999.88,3.23095
1.2809e-05,1107.71,-0.0837101,22.8086,0.000531858,999.88,3.22989
1.30087e-05,1196,-0.0621318,22.8064,0.000531858,999.879,3.22881
1.32039e-05,1198.23,0.0562074,22.8054,0.000531858,999.879,3.22771
1.34024e-05,1111.88,0.0811337,22.8072,0.000531858,999.88,3.22654
1.36053e-05,1071.45,-0.00687353,22.8088,0.000531858,999.881,3.22531
1.38072e-05,1124.21,-0.0833374,22.808,0.000531858,999.88,3.22405
1.40033e-05,1202.57,-0.0354237,22.8054,0.000531858,999.88,3.22278
1.4201e-05,1182.2,0.0652969,22.8046,0.000531858,999.88,3.22148
1.4403e-05,1105.64,0.0685126,22.8059,0.000531858,999.881,3.22013
1.46053e-05,1078.74,-0.0189214,22.8067,0.000531858,999.881,3.21874
1.48016e-05,1144.4,-0.0786355,22.8049,0.000531858,999.881,3.21739
1.50043e-05,1200.03,-0.0224604,22.8023,0.000531858,999.88,3.21597
1.52064e-05,1176.77,0.0610736,22.8012,0.000531858,999.88,3.21454
1.54097e-05,1108.35,0.0621989,22.8018,0.000531858,999.881,3.2131
1.56058e-05,1087.15,-0.0284028,22.8021,0.000531858,999.881,3.21171
1.58012e-05,1154.16,-0.0694784,22.7997,0.000531858,999.881,3.21032
1.60041e-05,1196.11,-0.00829861,22.7968,0.000531858,999.881,3.20889
1.62031e-05,1160.79,0.0635334,22.7957,0.000531858,999.881,3.20749
1.64052e-05,1099.86,0.0435749,22.7959,0.000531858,999.882,3.20609
1.66021e-05,1099.3,-0.0401523,22.7951,0.000531858,999.882,3.20473
1.68013e-05,1160.26,-0.0583717,22.7921,0.000531858,999.881,3.20339
1.70053e-05,1188.51,0.000114446,22.7892,0.000531858,999.881,3.20203
1.72018e-05,1134.71,0.0223575,22.7882,0.000531858,999.882,3.20076
1.7403e-05,1122.62,0.000982764,22.787,0.000531858,999.882,3.19948
1.76008e-05,1110.65,-0.0131163,22.7851,0.000531858,999.882,3.19827
1.78021e-05,1029.48,-0.0247413,22.7841,0.000531858,999.883,3.19707
1.80021e-05,929.623,-0.0214202,22.7833,0.000531858,999.883,3.19592
1.82021e-05,873.001,-0.00471428,22.7824,0.000531858,999.884,3.19481
1.84021e-05,895.148,0.0149208,22.7816,0.000531858,999.884,3.19375
1.86021e-05,982.027,0.0251963,22.7808,0.000531858,999.883,3.19272
1.88021e-05,1079.1,0.0197773,22.78,0.000531858,999.883,3.19174
1.90193e-05,1127.05,0.000643206,22.779,0.000531858,999.882,3.19073
1.92005e-05,1097.45,-0.0160334,22.7782,0.000531858,999.883,3.18992
1.94196e-05,999.007,-0.0252046,22.7772,0.000531858,999.883,3.18899
1.96196e-05,906.917,-0.0173377,22.7764,0.000531858,999.884,3.18819
1.98196e-05,872.315,0.0013662,22.7756,0.000531858,999.885,3.18743
2.00196e-05,916.888,0.01919,22.7748,0.000531858,999.884,3.18672
2.02196e-05,1012.51,0.0249969,22.774,0.000531858,999.884,3.18605
2.04196e-05,1099.34,0.0152882,22.7731,0.000531858,999.883,3.18543
2.06119e-05,1124.84,-0.00276999,22.7722,0.000531858,999.883,3.18487
2.08097e-05,1077.88,-0.0193654,22.7713,0.000531858,999.883,3.18434
2.10124e-05,981.544,-0.0246224,22.7705,0.000531858,999.884,3.18385
2.12124e-05,897.016,-0.0144146,22.7696,0.000531858,999.885,3.1834
2.14124e-05,876.197,0.00480177,22.7688,0.000531858,999.885,3.183
2.16124e-05,932.099,0.020987,22.768,0.000531858,999.885,3.18265
2.18124e-05,1029.5,0.0240439,22.7672,0.000531858,999.884,3.18233
2.20024e-05,1105.03,0.013057,22.7664,0.000531858,999.884,3.18208
2.22006e-05,0.135773,0.0667651,22.7647,0.000531858,999.883,3.18186
2.24113e-05,0.483746,0.237994,22.7645,0.000531858,999.878,3.18167
2.26113e-05,0.828478,0.407547,22.7637,0.000531858,999.869,3.18153
2.28113e-05,1.1731,0.577036,22.7628,0.000531858,999.854,3.18144
2.30113e-05,1.5176,0.746464,22.762,0.000531858,999.834,3.18139
2.32113e-05,1.86198,0.91583,22.7611,0.000531858,999.809,3.18139
2.34113e-05,2.20622,1.08513,22.7603,0.000531858,999.779,3.18142
2.36027e-05,1251,0.670945,22.7706,0.000531858,999.766,3.1815
2.38007e-05,1246.35,-0.00118991,22.8009,0.000531858,999.766,3.18158
2.40164e-05,1201.87,0.103068,22.8128,0.000531858,999.766,3.1816
2.42034e-05,1058.62,0.0701239,22.8191,0.000531858,999.767,3.18153
2.44126e-05,1053.42,-0.05518,22.8224,0.000531858,999.768,3.18134
2.46058e-05,1174.65,-0.115123,22.8218,0.000531858,999.767,3.18108
2.48033e-05,1237.08,0.0133926,22.8209,0.000531858,999.767,3.18071
2.50093e-05,1173.12,0.111909,22.8233,0.000531858,999.767,3.18023
2.52036e-05,1058.92,0.0542807,22.8281,0.000531858,999.768,3.17969
2.54053e-05,1074.7,-0.0791077,22.8304,0.000531858,999.768,3.17903
2.56074e-05,1178.64,-0.104196,22.8295,0.000531858,999.768,3.17829
2.58033e-05,1228.71,0.0256367,22.8284,0.000531858,999.767,3.17747
2.60049e-05,1151.25,0.109742,22.8307,0.000531858,999.768,3.17655
2.62076e-05,1063.59,0.0478362,22.8345,0.000531858,999.769,3.17554
2.64005e-05,1095.97,-0.0906303,22.8359,0.000531858,999.769,3.17451
2.66064e-05,1187.84,-0.0885756,22.8345,0.000531858,999.768,3.17332
2.68045e-05,1219.91,0.0342832,22.8335,0.000531858,999.768,3.1721
2.7004e-05,1137.11,0.102141,22.8356,0.000531858,999.769,3.17081
2.72043e-05,1063.12,0.0231528,22.8387,0.000531858,999.77,3.16944
2.7403e-05,1104.69,-0.0878098,22.8392,0.000531858,999.77,3.16802
2.76083e-05,1190.4,-0.0763147,22.8374,0.000531858,999.769,3.16649
2.78061e-05,1210.58,0.0414897,22.8362,0.000531858,999.769,3.16496
2.8003e-05,1123.93,0.0917915,22.8381,0.000531858,999.77,3.16339
2.82027e-05,1067.19,0.00301304,22.8404,0.000531858,999.771,3.16174
2.84032e-05,1117.89,-0.0864506,22.84,0.000531858,999.77,3.16004
2.86054e-05,1198.04,-0.0552978,22.8377,0.000531858,999.77,3.15828
2.88026e-05,1195.54,0.0564417,22.8367,0.000531858,999.77,3.15653
2.90024e-05,1113.06,0.0790868,22.8382,0.000531858,999.771,3.15472
2.92063e-05,1073.29,-0.00415018,22.8396,0.000531858,999.771,3.15285
2.94021e-05,1132.91,-0.0829243,22.8384,0.000531858,999.771,3.15102
2.96089e-05,1196.17,-0.0448331,22.836,0.000531858,999.771,3.14906
2.98053e-05,1186.46,0.0573216,22.8347,0.000531858,999.771,3.14719
3.00018e-05,1105.74,0.0658004,22.8359,0.000531858,999.772,3.1453
3.02067e-05,1080.03,-0.0150411,22.8364,0.000531858,999.772,3.14332
3.04014e-05,1143.88,-0.0762505,22.8345,0.000531858,999.772,3.14144
3.06025e-05,1198.7,-0.0194035,22.8316,0.000531858,999.771,3.13949
3.08037e-05,1173,0.0613677,22.8305,0.000531858,999.772,3.13754
3.10085e-05,1108.47,0.0594021,22.8308,0.000531858,999.772,3.13556
3.12059e-05,1088.66,-0.0266192,22.8308,0.000531858,999.773,3.13367
3.14011e-05,1153.08,-0.0671279,22.8282,0.000531858,999.772,3.1318
3.16029e-05,1194,-0.00675753,22.8252,0.000531858,999.772,3.1299
3.1801e-05,1157.86,0.0617707,22.8239,0.000531858,999.773,3.12805
3.20051e-05,1101.89,0.0420507,22.8238,0.000531858,999.773,3.12618
3.22018e-05,1101,-0.0371825,22.8228,0.000531858,999.773,3.1244
3.24077e-05,1147.68,-0.0281833,22.8196,0.000531858,999.773,3.12258
3.26015e-05,1139.47,0.00528561,22.8176,0.000531858,999.773,3.1209
3.2801e-05,1111.69,-0.0168529,22.8163,0.000531858,999.774,3.11921
3.30099e-05,1010.76,-0.0278652,22.8153,0.000531858,999.775,3.1175
3.32099e-05,905.21,-0.0208975,22.8145,0.000531858,999.776,3.1159
3.34099e-05,858.069,-0.000855829,22.8137,0.000531858,999.776,3.11435
3.36099e-05,898.938,0.0196954,22.8129,0.000531858,999.776,3.11285
3.38099e-05,1001.97,0.0278942,22.812,0.000531858,999.775,3.1114
3.40099e-05,1102.5,0.0187207,22.8112,0.000531858,999.775,3.10999
3.42038e-05,1138.96,-0.000931799,22.8103,0.000531858,999.775,3.10867
3.44058e-05,1092.88,-0.0203768,22.8094,0.000531858,999.775,3.10735
3.46153e-05,984.234,-0.0274672,22.8085,0.000531858,999.776,3.10603
3.48153e-05,888.399,-0.0167875,22.8076,0.000531858,999.777,3.10483
3.50153e-05,861.545,0.00439258,22.8068,0.000531858,999.777,3.10367
3.52153e-05,920.492,0.0227925,22.806,0.000531858,999.777,3.10256
3.54153e-05,1028.04,0.0269162,22.8052,0.000531858,999.776,3.10151
3.56058e-05,1114,0.0152075,22.8044,0.000531858,999.776,3.10055
3.58173e-05,1132.82,-0.00671864,22.8034,0.000531858,999.776,3.09953
3.60009e-05,1075.64,-0.0225239,22.8026,0.000531858,999.777,3.0987
3.6219e-05,959.879,-0.0260803,22.8016,0.000531858,999.778,3.09776
3.6419e-05,876.712,-0.0123124,22.8008,0.000531858,999.778,3.09696
3.6619e-05,869.879,0.00915074,22.8,0.000531858,999.778,3.0962
3.6819e-05,943.582,0.0248539,22.7992,0.000531858,999.778,3.0955
3.7019e-05,1051.38,0.0250109,22.7984,0.000531858,999.777,3.09484
3.72188e-05,1125.95,0.00964571,22.7975,0.000531858,999.777,3.09423
3.7409e-05,1125.09,-0.00999147,22.7966,0.000531858,999.777,3.0937
3.76019e-05,0.0855281,0.0420661,22.795,0.000531858,999.777,3.09321
3.78068e-05,0.423095,0.208165,22.7948,0.000531858,999.774,3.09273
3.80068e-05,0.767809,0.37771,22.794,0.000531858,999.765,3.09232
3.82068e-05,1.11241,0.547192,22.7932,0.000531858,999.751,3.09195
3.84068e-05,1.4569,0.716612,22.7923,0.000531858,999.732,3.09163
3.86068e-05,1.80126,0.885971,22.7915,0.000531858,999.708,3.09136
3.88068e-05,2.1455,1.05527,22.7906,0.000531858,999.679,3.09114
3.90103e-05,1250.5,0.607911,22.8022,0.000531858,999.666,3.09096
3.92001e-05,1242.94,-0.032997,22.8315,0.000531858,999.666,3.0908
3.9406e-05,1201.65,0.103071,22.8416,0.000531858,999.667,3.09056
3.96032e-05,1075.74,0.0939864,22.8473,0.000531858,999.668,3.09025
3.98087e-05,1047.69,-0.0367264,22.851,0.000531858,999.668,3.08983
4.00011e-05,1161.19,-0.119555,22.8507,0.000531858,999.668,3.08935
4.02008e-05,1237.22,-0.0104589,22.8495,0.000531858,999.667,3.08877
4.04091e-05,1194.43,0.0983714,22.8512,0.000531858,999.668,3.08806
4.0604e-05,1073.69,0.0796698,22.8557,0.000531858,999.669,3.08732
4.08096e-05,1056.92,-0.0441641,22.8586,0.000531858,999.669,3.08645
4.10023e-05,1167.41,-0.109002,22.8577,0.000531858,999.669,3.08556
4.12028e-05,1230.81,-0.00140116,22.8564,0.000531858,999.669,3.08455
4.14038e-05,1170.75,0.103929,22.858,0.000531858,999.669,3.08346
4.16053e-05,1073.01,0.0661033,22.8616,0.000531858,999.67,3.0823
4.18089e-05,1068.54,-0.0550404,22.8637,0.000531858,999.67,3.08104
4.20049e-05,1171.15,-0.0987717,22.8624,0.000531858,999.67,3.07977
4.22e-05,1222.88,0.0194298,22.8607,0.000531858,999.67,3.07843
4.24012e-05,1152.69,0.101124,22.8623,0.000531858,999.67,3.077
4.26011e-05,1067.98,0.0404025,22.8654,0.000531858,999.671,3.07551
4.28035e-05,1087.27,-0.0718659,22.8663,0.000531858,999.671,3.07394
4.30074e-05,1174.66,-0.0882111,22.8646,0.000531858,999.671,3.07231
4.32005e-05,1213.96,0.0304174,22.8629,0.000531858,999.671,3.07072
4.34067e-05,1150.58,0.0933994,22.864,0.000531858,999.672,3.06897
4.36007e-05,1069.6,0.0223392,22.8665,0.000531858,999.672,3.06729
4.38103e-05,1091.17,-0.0656388,22.8667,0.000531858,999.673,3.06542
4.40016e-05,1189.93,-0.0658205,22.8642,0.000531858,999.672,3.06369
4.4207e-05,1207.67,0.0283325,22.8626,0.000531858,999.672,3.0618
4.44031e-05,1131.38,0.085287,22.8636,0.000531858,999.673,3.05996
4.46007e-05,1073.68,0.00580908,22.8653,0.000531858,999.674,3.05809
4.48061e-05,1110.22,-0.0734904,22.8645,0.000531858,999.674,3.05613
4.50057e-05,1188.84,-0.0558867,22.8618,0.000531858,999.673,3.0542
4.52011e-05,1192.54,0.0478524,22.8601,0.000531858,999.673,3.05231
4.54e-05,1117.7,0.0730952,22.8608,0.000531858,999.674,3.05037
4.56024e-05,1079.3,-0.00353331,22.8615,0.000531858,999.675,3.04839
4.58071e-05,1120.03,-0.0710003,22.86,0.000531858,999.675,3.0464
4.60017e-05,1193.13,-0.0353813,22.8569,0.000531858,999.674,3.0445
4.62083e-05,1187.84,0.0426104,22.855,0.000531858,999.675,3.0425
4.64068e-05,1119.46,0.0659568,22.8552,0.000531858,999.675,3.04059
4.66029e-05,1086.2,-0.0143066,22.8553,0.000531858,999.676,3.03872
4.68043e-05,1134.7,-0.0675556,22.8531,0.000531858,999.676,3.03682
4.70082e-05,1187.21,-0.0310918,22.8499,0.000531858,999.675,3.03492
4.72003e-05,1168.24,0.05354,22.848,0.000531858,999.676,3.03316
4.74004e-05,1107.79,0.0469833,22.8477,0.000531858,999.676,3.03136
4.76052e-05,1117.32,-0.0120243,22.8461,0.000531858,999.677,3.02956
4.78063e-05,1142.04,-0.00364626,22.8435,0.000531858,999.677,3.02782
4.80157e-05,1086.72,-0.0221961,22.8423,0.000531858,999.677,3.02607
4.82103e-05,981.241,-0.0281144,22.8414,0.000531858,999.678,3.02448
4.84103e-05,883.939,-0.0168143,22.8406,0.000531858,999.679,3.0229
4.86103e-05,858.35,0.00500242,22.8398,0.000531858,999.68,3.02136
4.88103e-05,920.491,0.0236554,22.839,0.000531858,999.679,3.01987
4.90103e-05,1031.14,0.0274907,22.8381,0.000531858,999.679,3.01843
4.92103e-05,1121.03,0.0142526,22.8373,0.000531858,999.678,3.01704
4.94104e-05,1135.87,-0.00709291,22.8364,0.000531858,999.678,3.0157
4.96145e-05,1066.47,-0.0244641,22.8354,0.000531858,999.679,3.01438
4.98109e-05,957.98,-0.0267705,22.8346,0.000531858,999.68,3.01316
5.00109e-05,872.846,-0.0125279,22.8337,0.000531858,999.681,3.01197
5.02109e-05,866.401,0.00954481,22.8329,0.000531858,999.681,3.01083
5.04109e-05,942.598,0.0256088,22.8321,0.000531858,999.681,3.00974
5.06109e-05,1053.41,0.0256514,22.8313,0.000531858,999.68,3.0087
5.08087e-05,1129.23,0.00999478,22.8305,0.000531858,999.68,3.00772
5.10128e-05,1125.68,-0.0115549,22.8295,0.000531858,999.68,3.00676
5.1214e-05,1044.48,-0.0259435,22.8286,0.000531858,999.681,3.00587
5.1414e-05,935.361,-0.0244944,22.8277,0.000531858,999.682,3.00503
5.1614e-05,865.614,-0.00769478,22.8269,0.000531858,999.683,3.00424
5.1814e-05,879.102,0.0139044,22.8261,0.000531858,999.683,3.0035
5.2014e-05,967.22,0.026768,22.8253,0.000531858,999.683,3.00282
5.2214e-05,1074.52,0.0229101,22.8245,0.000531858,999.682,3.00218
5.24172e-05,1134.56,0.00459547,22.8236,0.000531858,999.682,3.00158
5.26125e-05,1112.49,-0.0152385,22.8227,0.000531858,999.682,3.00105
5.28132e-05,1022.06,-0.0266248,22.8218,0.000531858,999.683,3.00056
5.30014e-05,0.0719365,0.035395,22.8203,0.000531858,999.683,3.00014
5.32073e-05,0.413254,0.203326,22.8201,0.000531858,999.68,2.99973
5.34073e-05,0.75794,0.372856,22.8193,0.000531858,999.671,2.99938
5.36073e-05,1.10252,0.542324,22.8184,0.000531858,999.658,2.99908
5.38073e-05,1.44698,0.711731,22.8176,0.000531858,999.639,2.99883
5.40073e-05,1.79131,0.881075,22.8167,0.000531858,999.615,2.99862
5.42001e-05,538.878,0.979313,22.8163,0.000531858,999.588,2.99847
5.44092e-05,1248.87,0.367915,22.8353,0.000531858,999.583,2.99834
5.46098e-05,1077.63,-0.101609,22.8652,0.000531858,999.584,2.99821
5.48026e-05,1216.84,-0.0849992,22.8663,0.000531858,999.584,2.99802
5.50013e-05,1224.7,0.0683839,22.8668,0.000531858,999.584,2.99774
5.52016e-05,1115.1,0.117751,22.8706,0.000531858,999.585,2.99738
5.54003e-05,1045.24,-0.00308006,22.8748,0.000531858,999.586,2.99693
5.56031e-05,1110.12,-0.112362,22.8756,0.000531858,999.586,2.9964
5.58018e-05,1219.61,-0.0659753,22.8739,0.000531858,999.585,2.99579
5.60029e-05,1214.87,0.070823,22.874,0.000531858,999.585,2.9951
5.62015e-05,1106.32,0.104963,22.8775,0.000531858,999.586,2.99434
5.64041e-05,1051.98,-0.00571867,22.8808,0.000531858,999.587,2.99349
5.66018e-05,1125.66,-0.108959,22.8808,0.000531858,999.587,2.99259
5.68048e-05,1216.36,-0.0566713,22.879,0.000531858,999.587,2.99159
5.70082e-05,1209.82,0.0653038,22.8788,0.000531858,999.587,2.99052
5.72065e-05,1108.25,0.097094,22.8816,0.000531858,999.588,2.98942
5.7404e-05,1059.77,-0.0195201,22.8843,0.000531858,999.589,2.98826
5.76011e-05,1139.5,-0.102664,22.8836,0.000531858,999.588,2.98705
5.78047e-05,1215.82,-0.0397374,22.8815,0.000531858,999.588,2.98574
5.80124e-05,1202.87,0.0631035,22.8812,0.000531858,999.588,2.98434
5.82039e-05,1096.43,0.0798678,22.8838,0.000531858,999.589,2.98301
5.84011e-05,1070.83,-0.0380888,22.8855,0.000531858,999.59,2.9816
5.86008e-05,1151.43,-0.0938629,22.884,0.000531858,999.59,2.98013
5.88016e-05,1214.59,-0.0159136,22.8817,0.000531858,999.589,2.97861
5.90064e-05,1181.49,0.0764445,22.8814,0.000531858,999.59,2.97703
5.92092e-05,1098.22,0.0717463,22.8832,0.000531858,999.591,2.97543
5.94055e-05,1078.19,-0.039362,22.8842,0.000531858,999.591,2.97386
5.96018e-05,1160.24,-0.0834133,22.8821,0.000531858,999.591,2.97226
5.98e-05,1209.05,0.00339232,22.8796,0.000531858,999.591,2.97063
6.00056e-05,1166.36,0.0772654,22.8792,0.000531858,999.591,2.96892
6.02019e-05,1085.83,0.0439594,22.8807,0.000531858,999.592,2.96728
6.04089e-05,1086.07,-0.0415313,22.8805,0.000531858,999.593,2.96554
6.06019e-05,1167.77,-0.0715461,22.8779,0.000531858,999.592,2.96391
6.08042e-05,1202.49,0.00698717,22.8752,0.000531858,999.592,2.96221
6.10094e-05,1160.25,0.071787,22.8745,0.000531858,999.593,2.96049
6.12043e-05,1087.93,0.0338662,22.8753,0.000531858,999.594,2.95886
6.14105e-05,1095.08,-0.0447487,22.8744,0.000531858,999.594,2.95715
6.16023e-05,1172.41,-0.058979,22.8713,0.000531858,999.594,2.95558
6.18068e-05,1194.68,0.0134961,22.8685,0.000531858,999.594,2.95392
6.20017e-05,1138.2,0.0671683,22.8678,0.000531858,999.594,2.95236
6.22028e-05,1089.93,0.0172188,22.8677,0.000531858,999.595,2.95078
6.24054e-05,1120.23,-0.0337448,22.8656,0.000531858,999.595,2.94923
6.26037e-05,1149.43,-0.00427888,22.8627,0.000531858,999.595,2.94774
6.28051e-05,1115.67,-0.0121163,22.8613,0.000531858,999.596,2.94627
6.30142e-05,1029.4,-0.0255543,22.8603,0.000531858,999.597,2.94479
6.32142e-05,926.493,-0.0220135,22.8594,0.000531858,999.598,2.94342
6.34142e-05,868.581,-0.00471396,22.8586,0.000531858,999.598,2.94209
6.36142e-05,892.019,0.0155145,22.8578,0.000531858,999.598,2.94081
6.38142e-05,981.948,0.0260086,22.8569,0.000531858,999.598,2.93957
6.40142e-05,1081.9,0.0202952,22.8561,0.000531858,999.598,2.93838
6.42058e-05,1129.75,0.00311368,22.8553,0.000531858,999.598,2.93728
6.44033e-05,1102.79,-0.0158901,22.8544,0.000531858,999.598,2.9362
6.46069e-05,1011.1,-0.0258609,22.8534,0.000531858,999.599,2.93512
6.48069e-05,912.739,-0.0195851,22.8526,0.000531858,999.6,2.93412
6.50069e-05,868.005,-0.00106079,22.8518,0.000531858,999.601,2.93316
6.52069e-05,904.97,0.0181034,22.851,0.000531858,999.601,2.93225
6.54069e-05,1000.27,0.0259202,22.8501,0.000531858,999.6,2.93139
6.56069e-05,1094.17,0.0176127,22.8493,0.000531858,999.6,2.93057
6.58059e-05,1129.01,-0.00116819,22.8484,0.000531858,999.6,2.92981
6.60035e-05,1086.64,-0.0188408,22.8475,0.000531858,999.6,2.9291
6.62181e-05,983.348,-0.0254386,22.8466,0.000531858,999.601,2.92837
6.64181e-05,895.172,-0.0152813,22.8457,0.000531858,999.602,2.92775
6.66181e-05,871.667,0.00442973,22.8449,0.000531858,999.603,2.92718
6.68181e-05,927.537,0.0213411,22.8441,0.000531858,999.603,2.92665
6.70181e-05,1027.56,0.0248964,22.8433,0.000531858,999.602,2.92617
6.72025e-05,1104.89,0.0143633,22.8425,0.000531858,999.602,2.92576
6.74086e-05,1124.07,-0.00555437,22.8416,0.000531858,999.602,2.92536
6.76126e-05,1064.39,-0.0215831,22.8406,0.000531858,999.603,2.92501
6.78166e-05,963.331,-0.0242081,22.8397,0.000531858,999.604,2.92471
6.80166e-05,885.898,-0.0115416,22.8389,0.000531858,999.605,2.92446
6.82067e-05,877.397,0.00738738,22.8381,0.000531858,999.605,2.92426
6.84009e-05,0.0979436,0.0484006,22.8365,0.000531858,999.604,2.9241
6.86055e-05,0.477284,0.234816,22.8363,0.000531858,999.6,2.92398
6.88055e-05,0.821894,0.40431,22.8355,0.000531858,999.59,2.92391
6.90055e-05,1.16642,0.573753,22.8347,0.000531858,999.576,2.92388
6.92055e-05,1.51083,0.743135,22.8338,0.000531858,999.556,2.9239
6.94055e-05,1.85511,0.912454,22.833,0.000531858,999.532,2.92396
6.96004e-05,1251.97,0.86352,22.8345,0.000531858,999.508,2.92405
6.98037e-05,1247.45,0.164964,22.8602,0.000531858,999.508,2.92418
7.00004e-05,1051.99,0.0626109,22.882,0.000531858,999.51,2.92428
7.0206e-05,1063.4,-0.0783341,22.8862,0.000531858,999.51,2.9243
7.04089e-05,1172.29,-0.118162,22.8856,0.000531858,999.509,2.92423
7.06e-05,1236.57,0.0286369,22.8842,0.000531858,999.509,2.92408
7.08012e-05,1150.98,0.120024,22.8869,0.000531858,999.51,2.92385
7.10043e-05,1056.59,0.0528065,22.8911,0.000531858,999.511,2.92352
7.12098e-05,1069.19,-0.0740639,22.8931,0.000531858,999.512,2.92311
7.14066e-05,1184.27,-0.102916,22.8917,0.000531858,999.511,2.92264
7.16016e-05,1228.17,0.0349373,22.8904,0.000531858,999.511,2.9221
7.18007e-05,1138.05,0.11202,22.8928,0.000531858,999.512,2.92148
7.20021e-05,1056.7,0.0305311,22.8963,0.000531858,999.513,2.92078
7.22055e-05,1088.87,-0.0866068,22.8973,0.000531858,999.513,2.92
7.24037e-05,1195.62,-0.0838112,22.8953,0.000531858,999.513,2.91917
7.26054e-05,1220.88,0.0360065,22.8942,0.000531858,999.513,2.91826
7.28064e-05,1138.85,0.103899,22.896,0.000531858,999.514,2.9173
7.30046e-05,1061.33,0.020579,22.8989,0.000531858,999.515,2.91629
7.32082e-05,1097.52,-0.0843992,22.8992,0.000531858,999.515,2.9152
7.34024e-05,1201.47,-0.0652401,22.8967,0.000531858,999.514,2.91411
7.36059e-05,1210.49,0.0452674,22.8955,0.000531858,999.515,2.91292
7.38038e-05,1122.62,0.0929872,22.8972,0.000531858,999.515,2.91171
7.40006e-05,1065.98,-0.00470219,22.8993,0.000531858,999.516,2.91048
7.42015e-05,1122.74,-0.0898338,22.8984,0.000531858,999.516,2.90918
7.4405e-05,1200.65,-0.0531987,22.8959,0.000531858,999.516,2.90783
7.46001e-05,1191.86,0.0634848,22.8947,0.000531858,999.516,2.90651
7.48002e-05,1107.15,0.0769211,22.8961,0.000531858,999.517,2.90513
7.50038e-05,1072.84,-0.0122401,22.8971,0.000531858,999.518,2.9037
7.52029e-05,1133.28,-0.0842503,22.8955,0.000531858,999.518,2.90229
7.54074e-05,1199.24,-0.0406203,22.8927,0.000531858,999.518,2.90082
7.56114e-05,1191.83,0.0512474,22.8912,0.000531858,999.518,2.89935
7.58029e-05,1104.36,0.0656619,22.8922,0.000531858,999.519,2.89796
7.60063e-05,1080.03,-0.0190549,22.8925,0.000531858,999.519,2.89648
7.62054e-05,1139.99,-0.0770225,22.8903,0.000531858,999.519,2.89504
7.64006e-05,1200.15,-0.0132959,22.8871,0.000531858,999.519,2.89363
7.66053e-05,1173.21,0.0615864,22.8857,0.000531858,999.52,2.89216
7.68099e-05,1108.18,0.0596015,22.8858,0.000531858,999.521,2.8907
7.70072e-05,1088.55,-0.0266917,22.8854,0.000531858,999.521,2.88932
7.72025e-05,1152.88,-0.0666109,22.8826,0.000531858,999.521,2.88796
7.74006e-05,1189.24,-0.00288964,22.8794,0.000531858,999.521,2.88662
7.76002e-05,1137.45,0.022723,22.8784,0.000531858,999.522,2.88529
7.7802e-05,1122.78,0.0043944,22.8773,0.000531858,999.522,2.88399
7.80005e-05,1110.97,-0.0131709,22.8754,0.000531858,999.523,2.88274
7.82037e-05,1028.11,-0.0249928,22.8744,0.000531858,999.523,2.8815
7.84037e-05,927.635,-0.0214495,22.8735,0.000531858,999.524,2.88032
7.86037e-05,871.414,-0.00449983,22.8727,0.000531858,999.525,2.87919
7.88037e-05,894.728,0.0152446,22.8719,0.000531858,999.525,2.8781
7.90037e-05,982.805,0.0254266,22.8711,0.000531858,999.525,2.87705
7.92037e-05,1080.36,0.0197714,22.8702,0.000531858,999.525,2.87604
7.94134e-05,1127.58,0.00114328,22.8693,0.000531858,999.525,2.87503
7.96073e-05,1095.26,-0.016747,22.8684,0.000531858,999.525,2.87414
7.98167e-05,999.67,-0.0253985,22.8675,0.000531858,999.526,2.87322
8.00167e-05,906.551,-0.0176194,22.8666,0.000531858,999.527,2.8724
8.02167e-05,870.921,0.00117356,22.8658,0.000531858,999.528,2.87161
8.04167e-05,915.114,0.0192069,22.865,0.000531858,999.528,2.87087
8.06167e-05,1011.24,0.0252115,22.8642,0.000531858,999.527,2.87018
8.08167e-05,1099.13,0.0155632,22.8633,0.000531858,999.527,2.86953
8.1019e-05,1124.92,-0.00357287,22.8624,0.000531858,999.527,2.86892
8.12003e-05,1081.42,-0.0189825,22.8616,0.000531858,999.528,2.86841
8.14136e-05,979.984,-0.0247798,22.8606,0.000531858,999.529,2.86786
8.16136e-05,895.255,-0.0143495,22.8598,0.000531858,999.53,2.86739
8.18136e-05,875.113,0.00504891,22.859,0.000531858,999.53,2.86697
8.20136e-05,932.144,0.0212611,22.8582,0.000531858,999.53,2.86659
8.22136e-05,1030.41,0.0241736,22.8573,0.000531858,999.53,2.86625
8.2401e-05,1105.31,0.0132039,22.8565,0.000531858,999.53,2.86598
8.26052e-05,1120.33,-0.00622044,22.8556,0.000531858,999.53,2.86573
8.28072e-05,1060.21,-0.021419,22.8547,0.000531858,999.531,2.86552
8.3013e-05,960.14,-0.0234405,22.8538,0.000531858,999.532,2.86535
8.3213e-05,886.496,-0.0105608,22.853,0.000531858,999.533,2.86524
8.3413e-05,882.945,0.00891367,22.8522,0.000531858,999.533,2.86516
8.36032e-05,947.13,0.0223993,22.8514,0.000531858,999.533,2.86513
8.38029e-05,0.140196,0.0691424,22.8497,0.000531858,999.532,2.86514
8.40011e-05,0.485853,0.239029,22.8495,0.000531858,999.527,2.8652
8.42011e-05,0.830433,0.408508,22.8487,0.000531858,999.518,2.86529
8.44011e-05,1.17493,0.577938,22.8479,0.000531858,999.503,2.86543
8.46011e-05,1.51931,0.747306,22.847,0.000531858,999.484,2.86561
8.48011e-05,1.86357,0.916612,22.8462,0.000531858,999.459,2.86582
8.50037e-05,1250.7,0.675049,22.8517,0.000531858,999.441,2.86609
8.52005e-05,1246.19,0.00834002,22.8797,0.000531858,999.441,2.86636
8.54158e-05,1194.88,0.108601,22.8915,0.000531858,999.442,2.8666
8.56058e-05,1058.37,0.0688848,22.8972,0.000531858,999.443,2.86674
8.58037e-05,1070.18,-0.0844919,22.8997,0.000531858,999.444,2.8668
8.60017e-05,1189.73,-0.106089,22.8984,0.000531858,999.443,2.86678
8.62001e-05,1233.99,0.0312114,22.8974,0.000531858,999.443,2.86668
8.64034e-05,1152.92,0.117181,22.8998,0.000531858,999.444,2.8665
8.66018e-05,1054.76,0.0414958,22.9039,0.000531858,999.445,2.86624
8.68019e-05,1085.51,-0.0906903,22.9052,0.000531858,999.445,2.8659
8.70007e-05,1196.88,-0.0900409,22.9034,0.000531858,999.445,2.8655
8.72016e-05,1225.37,0.0375038,22.9024,0.000531858,999.445,2.86501
8.74011e-05,1136.28,0.109517,22.9046,0.000531858,999.446,2.86446
8.76013e-05,1057.34,0.0243705,22.9078,0.000531858,999.447,2.86385
8.78104e-05,1084.09,-0.0784611,22.9086,0.000531858,999.447,2.86313
8.80044e-05,1195.32,-0.0808291,22.9063,0.000531858,999.447,2.86241
8.82047e-05,1217.53,0.0399261,22.905,0.000531858,999.447,2.86161
8.84064e-05,1136.44,0.10135,22.9067,0.000531858,999.448,2.86075
8.86017e-05,1061.88,0.00969205,22.9094,0.000531858,999.449,2.85986
8.88091e-05,1099.32,-0.082958,22.9093,0.000531858,999.449,2.85887
8.90065e-05,1196.45,-0.0682032,22.9067,0.000531858,999.449,2.85789
8.92017e-05,1203.14,0.0554585,22.9053,0.000531858,999.449,2.85687
8.94037e-05,1120.1,0.0895499,22.9067,0.000531858,999.45,2.85578
8.96026e-05,1067.87,-0.00347583,22.9084,0.000531858,999.451,2.85468
8.98027e-05,1123.74,-0.0875869,22.9074,0.000531858,999.451,2.85354
9.0006e-05,1199.48,-0.0507265,22.9046,0.000531858,999.451,2.85235
9.02051e-05,1194.26,0.0562372,22.9032,0.000531858,999.451,2.85117
9.04062e-05,1114.65,0.0786403,22.9042,0.000531858,999.452,2.84995
9.06027e-05,1075.54,-0.0174023,22.9051,0.000531858,999.453,2.84875
9.08067e-05,1130.14,-0.0809882,22.9034,0.000531858,999.453,2.84749
9.10082e-05,1197.92,-0.0377694,22.9003,0.000531858,999.453,2.84624
9.12001e-05,1175.33,0.0662354,22.8989,0.000531858,999.453,2.84504
9.14065e-05,1108.33,0.0659508,22.8993,0.000531858,999.454,2.84376
9.16062e-05,1082.41,-0.0206231,22.8993,0.000531858,999.455,2.84252
9.18058e-05,1141.09,-0.0741864,22.897,0.000531858,999.454,2.84129
9.20055e-05,1196.35,-0.0195615,22.8937,0.000531858,999.454,2.84008
9.22065e-05,1171.51,0.0587359,22.892,0.000531858,999.455,2.83887
9.24009e-05,1099.03,0.0452331,22.8922,0.000531858,999.456,2.83773
9.2608e-05,1092.75,-0.0229523,22.8911,0.000531858,999.456,2.83653
9.28068e-05,1149.62,-0.0213151,22.8878,0.000531858,999.456,2.83541
9.30011e-05,1131.34,-0.000270601,22.8861,0.000531858,999.457,2.83435
9.32053e-05,1084.81,-0.0197128,22.8848,0.000531858,999.457,2.83327
9.34053e-05,985.959,-0.0260396,22.8839,0.000531858,999.459,2.83225
9.36053e-05,894.741,-0.0160886,22.8831,0.000531858,999.46,2.83127
9.38053e-05,868.374,0.00391745,22.8823,0.000531858,999.46,2.83033
9.40053e-05,923.361,0.0214437,22.8814,0.000531858,999.46,2.82943
9.42053e-05,1025.02,0.0255472,22.8806,0.000531858,999.46,2.82857
9.44053e-05,1109.81,0.0138234,22.8798,0.000531858,999.46,2.82775
9.4609e-05,1125.95,-0.00632523,22.8788,0.000531858,999.46,2.82695
9.48077e-05,1065.06,-0.0222173,22.8779,0.000531858,999.461,2.82622
9.50051e-05,964.568,-0.0249726,22.8771,0.000531858,999.462,2.82554
9.52051e-05,883.913,-0.0122654,22.8762,0.000531858,999.463,2.82488
9.54051e-05,874.912,0.00810387,22.8754,0.000531858,999.463,2.82427
9.56051e-05,943.132,0.0233725,22.8746,0.000531858,999.463,2.82371
9.58051e-05,1045.62,0.0240301,22.8738,0.000531858,999.463,2.82318
9.60058e-05,1118.65,0.0097646,22.8729,0.000531858,999.462,2.8227
9.62138e-05,1116.32,-0.0107135,22.872,0.000531858,999.463,2.82224
9.64033e-05,1046.77,-0.0236089,22.8711,0.000531858,999.464,2.82186
9.66033e-05,945.482,-0.0232268,22.8702,0.000531858,999.465,2.82151
9.68033e-05,877.165,-0.00830858,22.8694,0.000531858,999.466,2.8212
9.70033e-05,884.74,0.0117929,22.8686,0.000531858,999.466,2.82093
9.72033e-05,963.341,0.0244871,22.8678,0.000531858,999.466,2.8207
9.74033e-05,1063.55,0.0218957,22.867,0.000531858,999.465,2.82052
9.76185e-05,1124.67,0.00431092,22.866,0.000531858,999.465,2.82036
9.78185e-05,1102.63,-0.0145729,22.8651,0.000531858,999.466,2.82027
9.80068e-05,1023.9,-0.0245558,22.8643,0.000531858,999.467,2.82021
9.82068e-05,926.229,-0.0205719,22.8634,0.000531858,999.468,2.82019
9.84068e-05,873.634,-0.0037036,22.8626,0.000531858,999.469,2.82022
9.86068e-05,899.144,0.0154622,22.8618,0.000531858,999.469,2.82028
9.88068e-05,986.613,0.024931,22.8609,0.000531858,999.469,2.82039
9.9017e-05,1085.01,0.0181696,22.8601,0.000531858,999.468,2.82055
9.92005e-05,0.00141236,0.000840322,22.858,0.000531858,999.468,2.82072
9.94012e-05,0.426846,0.210005,22.8582,0.000531858,999.464,2.82094
9.96012e-05,0.771406,0.379478,22.8574,0.000531858,999.456,2.82121
9.98012e-05,1.1159,0.548907,22.8566,0.000531858,999.442,2.82152
0.000100001,1.46028,0.718274,22.8557,0.000531858,999.423,2.82186
0.000100201,1.80453,0.88758,22.8549,0.000531858,999.399,2.82224
0.0001004,1250.6,0.667697,22.8598,0.000531858,999.382,2.82266
0.000100601,1245.52,-0.0114354,22.888,0.000531858,999.382,2.8231
0.000100804,1183.18,0.116512,22.8988,0.000531858,999.383,2.82349
0.000101003,1063.02,0.0768309,22.9041,0.000531858,999.384,2.8238
0.000101209,1054.11,-0.05583,22.9069,0.000531858,999.385,2.82403
0.000101403,1174.81,-0.114418,22.9057,0.000531858,999.384,2.82416
0.0001016,1236.52,0.013405,22.9042,0.000531858,999.384,2.82422
0.000101806,1172.86,0.111328,22.906,0.000531858,999.385,2.82421
0.000102001,1059.29,0.0540495,22.9102,0.000531858,999.386,2.82412
0.000102205,1071.68,-0.0740192,22.9119,0.000531858,999.387,2.82395
0.000102402,1183.8,-0.100254,22.9102,0.000531858,999.386,2.82372
0.000102602,1228.62,0.0219989,22.9087,0.000531858,999.386,2.82341
0.000102802,1151.65,0.108914,22.9104,0.000531858,999.387,2.82303
0.000103004,1062.83,0.0444316,22.9136,0.000531858,999.388,2.82259
0.000103205,1083.12,-0.0772433,22.9145,0.000531858,999.389,2.82208
0.000103409,1176.39,-0.0953855,22.9127,0.000531858,999.388,2.82151
0.000103603,1219.91,0.030818,22.9107,0.000531858,999.389,2.82091
0.000103801,1136.03,0.101061,22.9122,0.000531858,999.39,2.82025
0.000104003,1064.33,0.0255633,22.9146,0.000531858,999.391,2.81952
0.000104204,1099.27,-0.0826665,22.9146,0.000531858,999.391,2.81875
0.000104401,1196.29,-0.0679332,22.912,0.000531858,999.39,2.81796
0.000104605,1210.65,0.0379361,22.9104,0.000531858,999.391,2.81709
0.000104805,1131.51,0.0922863,22.9115,0.000531858,999.392,2.81621
0.000105003,1068.49,0.0106285,22.9132,0.000531858,999.393,2.81531
0.000105207,1107.56,-0.07944,22.9125,0.000531858,999.393,2.81435
0.000105401,1199.29,-0.0503696,22.9094,0.000531858,999.392,2.81341
0.000105609,1202.7,0.0393712,22.9077,0.000531858,999.393,2.81238
0.0001058,1113.74,0.0778364,22.9087,0.000531858,999.394,2.81142
0.000106004,1074.41,-0.0047365,22.9094,0.000531858,999.395,2.81039
0.0001062,1131.59,-0.0809126,22.9077,0.000531858,999.395,2.80938
0.000106402,1197.91,-0.0366272,22.9045,0.000531858,999.395,2.80834
0.000106601,1182.76,0.0583574,22.9028,0.000531858,999.395,2.80732
0.000106801,1108.18,0.0653175,22.9033,0.000531858,999.396,2.80629
0.000107007,1081.02,-0.00986025,22.9031,0.000531858,999.397,2.80524
0.000107205,1133.83,-0.0729556,22.9009,0.000531858,999.397,2.80424
0.000107401,1195.35,-0.0198615,22.8974,0.000531858,999.397,2.80327
0.000107602,1171.35,0.0561227,22.8955,0.000531858,999.397,2.80229
0.0001078,1105.48,0.0496499,22.8954,0.000531858,999.398,2.80134
0.000108004,1123.15,-0.0162783,22.8937,0.000531858,999.398,2.8004
0.000108203,1133.95,-0.00338594,22.8912,0.000531858,999.399,2.79951
0.0001084,1077.74,-0.0221112,22.8902,0.000531858,999.4,2.79866
0.0001086,972.497,-0.026648,22.8893,0.000531858,999.401,2.79783
0.0001088,883.216,-0.0145751,22.8884,0.000531858,999.402,2.79704
0.000109,865.962,0.00660746,22.8876,0.000531858,999.402,2.79629
0.0001092,931.499,0.0236232,22.8868,0.000531858,999.402,2.79557
0.0001094,1038.51,0.0258562,22.886,0.000531858,999.402,2.79489
0.0001096,1120.16,0.0120884,22.8851,0.000531858,999.402,2.79426
0.000109802,1127.17,-0.00871129,22.8842,0.000531858,999.402,2.79365
0.000110015,1050.14,-0.0247371,22.8832,0.000531858,999.403,2.79306
0.000110215,943.64,-0.0245067,22.8824,0.000531858,999.404,2.79254
0.000110415,871.188,-0.00893466,22.8815,0.000531858,999.405,2.79206
0.000110615,878.319,0.0122132,22.8807,0.000531858,999.406,2.79162
0.000110815,960.438,0.0256862,22.8799,0.000531858,999.405,2.79122
0.000111015,1065.87,0.0231157,22.8791,0.000531858,999.405,2.79086
0.000111207,1128.01,0.00710891,22.8782,0.000531858,999.405,2.79056
0.000111407,1115.22,-0.0130624,22.8773,0.000531858,999.405,2.79028
0.000111614,1028.44,-0.0257138,22.8764,0.000531858,999.406,2.79003
0.000111814,925.095,-0.0220402,22.8755,0.000531858,999.408,2.78983
0.000112014,867.455,-0.0045612,22.8747,0.000531858,999.408,2.78968
0.000112214,891.74,0.0157522,22.8739,0.000531858,999.409,2.78956
0.000112414,982.557,0.0261809,22.8731,0.000531858,999.408,2.78949
0.000112614,1082.86,0.0202837,22.8722,0.000531858,999.408,2.78945
0.000112803,1129.99,0.00311479,22.8714,0.000531858,999.408,2.78945
0.000113003,1102.12,-0.0161392,22.8705,0.000531858,999.409,2.78949
0.000113207,1010.02,-0.02586,22.8696,0.000531858,999.41,2.78958
0.000113407,911.881,-0.0194701,22.8687,0.000531858,999.411,2.7897
0.000113607,867.771,-0.000887014,22.8679,0.000531858,999.412,2.78986
0.000113807,905.383,0.0182277,22.8671,0.000531858,999.412,2.79006
0.000114007,1000.95,0.0259162,22.8663,0.000531858,999.412,2.79029
0.000114207,1094.53,0.0174673,22.8654,0.000531858,999.411,2.79057
0.000114404,1128.56,-0.00122839,22.8646,0.000531858,999.411,2.79088
0.000114601,0.0357895,0.017836,22.8627,0.000531858,999.411,2.79122
0.000114808,0.410295,0.201867,22.8627,0.000531858,999.408,2.79163
0.000115008,0.754873,0.371347,22.8619,0.000531858,999.4,2.79205
0.000115208,1.09936,0.54077,22.861,0.000531858,999.387,2.79252
0.000115408,1.44372,0.710131,22.8602,0.000531858,999.368,2.79302
0.000115608,1.78796,0.87943,22.8593,0.000531858,999.345,2.79356
0.000115802,1250.61,0.678861,22.8637,0.000531858,999.327,2.79411
0.000116001,1246.03,0.00470961,22.8913,0.000531858,999.327,2.7947
0.000116213,1190.55,0.111772,22.9027,0.000531858,999.328,2.79527
0.000116406,1059.59,0.0710175,22.9082,0.000531858,999.33,2.7957
0.000116602,1071.31,-0.0858626,22.9107,0.000531858,999.33,2.79607
0.000116801,1190.34,-0.105386,22.9092,0.000531858,999.33,2.79636
0.000117002,1235.19,0.0234012,22.9081,0.000531858,999.33,2.79657
0.000117202,1151.09,0.117276,22.9103,0.000531858,999.331,2.7967
0.000117406,1059.35,0.0540847,22.914,0.000531858,999.332,2.79676
0.000117611,1070.18,-0.0716391,22.9157,0.000531858,999.332,2.79673
0.000117809,1180.31,-0.10226,22.9141,0.000531858,999.332,2.79663
0.000118005,1227.46,0.0276054,22.9124,0.000531858,999.332,2.79647
0.0001182,1135.76,0.109264,22.9144,0.000531858,999.333,2.79624
0.000118402,1057.94,0.0269292,22.9175,0.000531858,999.334,2.79593
0.000118604,1094.21,-0.0882201,22.918,0.000531858,999.334,2.79557
0.000118801,1199.36,-0.0758043,22.9156,0.000531858,999.334,2.79515
0.000119001,1214.46,0.0473086,22.9143,0.000531858,999.335,2.79467
0.000119201,1125.85,0.0993908,22.9161,0.000531858,999.336,2.79414
0.000119401,1062.01,0.0101365,22.9184,0.000531858,999.337,2.79355
0.000119609,1099.04,-0.0825058,22.9181,0.000531858,999.337,2.7929
0.000119806,1196.5,-0.0675967,22.9154,0.000531858,999.336,2.79223
0.000120001,1202.51,0.0558514,22.9139,0.000531858,999.337,2.79153
0.000120204,1122.14,0.0899614,22.9151,0.000531858,999.338,2.79077
0.000120405,1068.04,0.00310904,22.9167,0.000531858,999.339,2.78999
0.000120606,1116.87,-0.0845693,22.9157,0.000531858,999.339,2.78917
0.000120809,1195.12,-0.0569502,22.9128,0.000531858,999.339,2.78832
0.000121005,1194.74,0.0547028,22.9111,0.000531858,999.339,2.78748
0.000121204,1111.34,0.0764859,22.9121,0.000531858,999.34,2.78661
0.0001214,1076.43,-0.0211773,22.9128,0.000531858,999.341,2.78574
0.000121601,1138.91,-0.0817683,22.9107,0.000531858,999.341,2.78484
0.000121803,1200.26,-0.0299161,22.9076,0.000531858,999.341,2.78392
0.000122001,1176.44,0.0645136,22.9061,0.000531858,999.342,2.78303
0.000122205,1107.21,0.0644693,22.9064,0.000531858,999.343,2.7821
0.000122407,1082.27,-0.0178946,22.9063,0.000531858,999.343,2.7812
0.000122603,1144.43,-0.0731267,22.9037,0.000531858,999.343,2.78033
0.000122806,1195.11,-0.0192019,22.9004,0.000531858,999.343,2.77945
0.000123001,1160.64,0.0516576,22.8988,0.000531858,999.344,2.77861
0.0001232,1107.52,0.038133,22.8985,0.000531858,999.345,2.77778
0.0001234,1129.76,-0.0162514,22.8965,0.000531858,999.345,2.77698
0.000123603,1117.73,-0.00943439,22.8945,0.000531858,999.346,2.77619
0.000123801,1045.69,-0.0238693,22.8935,0.000531858,999.347,2.77546
0.000124001,943.853,-0.0232347,22.8926,0.000531858,999.348,2.77475
0.000124201,875.987,-0.0080928,22.8917,0.000531858,999.349,2.77408
0.000124401,884.686,0.0120952,22.8909,0.000531858,999.349,2.77344
0.000124601,964.373,0.0246873,22.8901,0.000531858,999.349,2.77284
0.000124801,1064.96,0.0218763,22.8893,0.000531858,999.349,2.77227
0.000125001,1124.14,0.00566213,22.8884,0.000531858,999.349,2.77174
0.000125217,1102.33,-0.0149463,22.8874,0.000531858,999.349,2.77121
0.000125418,1015.78,-0.025131,22.8865,0.000531858,999.35,2.77076
0.000125618,918.563,-0.0197908,22.8857,0.000531858,999.352,2.77035
0.000125818,871.185,-0.0020762,22.8848,0.000531858,999.352,2.76997
0.000126018,903.371,0.0169151,22.884,0.000531858,999.353,2.76964
0.000126218,994.775,0.0253034,22.8832,0.000531858,999.352,2.76934
0.000126418,1088.09,0.0179493,22.8824,0.000531858,999.352,2.76909
0.000126614,1125.92,8.33662e-05,22.8815,0.000531858,999.352,2.76887
0.000126808,1090.36,-0.0172703,22.8806,0.000531858,999.353,2.76869
0.000127006,1000.47,-0.0250187,22.8797,0.000531858,999.354,2.76855
0.000127206,908.419,-0.0175014,22.8789,0.000531858,999.355,2.76845
0.000127406,872.583,0.000960659,22.8781,0.000531858,999.356,2.76838
0.000127606,915.426,0.0187972,22.8772,0.000531858,999.356,2.76836
0.000127806,1009.91,0.0248614,22.8764,0.000531858,999.356,2.76837
0.000128006,1096.89,0.0154818,22.8756,0.000531858,999.356,2.76842
0.000128215,1122.37,-0.00408354,22.8746,0.000531858,999.356,2.76852
0.000128402,1075.47,-0.0193942,22.8738,0.000531858,999.357,2.76864
0.000128603,980.703,-0.0243727,22.8729,0.000531858,999.358,2.7688
0.000128803,897.18,-0.0141988,22.872,0.000531858,999.359,2.76901
0.000129003,876.935,0.0048507,22.8712,0.000531858,999.359,2.76925
0.000129203,932.621,0.020839,22.8704,0.000531858,999.359,2.76953
0.000129403,1029.15,0.0237922,22.8696,0.000531858,999.359,2.76985
0.000129601,1105.6,0.0122011,22.8688,0.000531858,999.359,2.7702
0.000129816,1115.18,-0.00795539,22.8678,0.000531858,999.359,2.77062
0.000130003,0.0814277,0.0401067,22.8661,0.000531858,999.36,2.77102
0.000130205,0.414465,0.203919,22.866,0.000531858,999.356,2.77149
0.000130405,0.75903,0.373392,22.8652,0.000531858,999.348,2.77199
0.000130605,1.10349,0.542805,22.8643,0.000531858,999.335,2.77253
0.000130805,1.44784,0.712156,22.8635,0.000531858,999.316,2.7731
0.000131005,1.79206,0.881446,22.8626,0.000531858,999.293,2.7737
0.000131202,1250.52,0.672215,22.8673,0.000531858,999.275,2.77433
0.000131401,1245.82,-0.00306374,22.8951,0.000531858,999.275,2.77499
0.000131611,1189.79,0.112235,22.9061,0.000531858,999.276,2.77562
0.0001318,1054.19,0.060052,22.9118,0.000531858,999.278,2.77611
0.000132012,1055.62,-0.0592597,22.9143,0.000531858,999.278,2.77657
0.000132207,1173.96,-0.114595,22.9131,0.000531858,999.278,2.77691
0.000132401,1235.51,0.0204645,22.9115,0.000531858,999.278,2.77717
0.000132601,1151.52,0.117113,22.9138,0.000531858,999.279,2.77736
0.000132805,1060.11,0.0556997,22.9175,0.000531858,999.28,2.77747
0.000133008,1071.3,-0.0732682,22.9192,0.000531858,999.281,2.77751
0.000133209,1177.02,-0.103976,22.9176,0.000531858,999.28,2.77746
0.000133403,1227.42,0.027443,22.9159,0.000531858,999.281,2.77735
0.000133605,1150.06,0.108913,22.9176,0.000531858,999.282,2.77717
0.0001338,1058.1,0.0276246,22.921,0.000531858,999.283,2.77692
0.000134003,1093.43,-0.0875047,22.9215,0.000531858,999.283,2.77661
0.0001342,1198.46,-0.0767372,22.9191,0.000531858,999.283,2.77624
0.0001344,1214.9,0.0459721,22.9178,0.000531858,999.283,2.77581
0.000134602,1130.66,0.100272,22.9195,0.000531858,999.284,2.77532
0.000134803,1063.13,0.0189461,22.9218,0.000531858,999.285,2.77477
0.000135001,1110.74,-0.0902246,22.9215,0.000531858,999.285,2.7742
0.000135204,1196.88,-0.0670034,22.919,0.000531858,999.285,2.77355
0.000135408,1210.16,0.0389885,22.9174,0.000531858,999.286,2.77287
0.000135602,1121.11,0.0895871,22.9187,0.000531858,999.287,2.77218
0.000135801,1068.01,-0.00352916,22.9203,0.000531858,999.288,2.77144
0.000136001,1123.83,-0.0872713,22.9191,0.000531858,999.288,2.77067
0.000136204,1199.3,-0.0500702,22.9163,0.000531858,999.288,2.76986
0.000136411,1201.28,0.0424059,22.9146,0.000531858,999.288,2.76901
0.000136602,1110.99,0.0762388,22.9156,0.000531858,999.289,2.76821
0.000136805,1074.59,-0.00808014,22.9163,0.000531858,999.29,2.76734
0.000137006,1126.8,-0.0797643,22.9146,0.000531858,999.29,2.76647
0.000137201,1200.8,-0.0279993,22.9112,0.000531858,999.29,2.76562
0.000137409,1188.06,0.0513805,22.9095,0.000531858,999.291,2.76471
0.000137602,1105.82,0.0633169,22.9101,0.000531858,999.292,2.76387
0.000137803,1083.27,-0.0225865,22.9099,0.000531858,999.292,2.763
0.000138002,1143.82,-0.0732538,22.9074,0.000531858,999.292,2.76215
0.000138204,1195.09,-0.0196496,22.904,0.000531858,999.293,2.7613
0.0001384,1163.05,0.0533045,22.9024,0.000531858,999.293,2.76049
0.0001386,1107.21,0.0417389,22.9021,0.000531858,999.294,2.75968
0.000138802,1127.82,-0.0160706,22.9002,0.000531858,999.294,2.7589
0.000139001,1121.47,-0.00789112,22.8981,0.000531858,999.295,2.75815
0.000139218,1044.04,-0.0241764,22.8969,0.000531858,999.296,2.75737
0.000139418,941.566,-0.0232191,22.8961,0.000531858,999.297,2.75669
0.000139618,874.453,-0.00775984,22.8952,0.000531858,999.298,2.75604
0.000139818,884.832,0.012537,22.8944,0.000531858,999.299,2.75543
0.000140018,966.067,0.0249612,22.8936,0.000531858,999.299,2.75486
0.000140218,1067.1,0.0218124,22.8928,0.000531858,999.298,2.75432
0.000140403,1123.48,0.00682293,22.892,0.000531858,999.298,2.75385
0.000140618,1106.7,-0.0139984,22.891,0.000531858,999.299,2.75334
0.000140801,1031.18,-0.0246825,22.8902,0.000531858,999.3,2.75295
0.000141001,930.782,-0.0217217,22.8893,0.000531858,999.301,2.75255
0.000141201,872.51,-0.00517416,22.8885,0.000531858,999.302,2.7522
0.000141401,892.947,0.0145914,22.8877,0.000531858,999.302,2.75188
0.000141601,979.13,0.025202,22.8868,0.000531858,999.302,2.7516
0.000141801,1076.95,0.0201061,22.886,0.000531858,999.302,2.75135
0.000142003,1126.02,0.00257684,22.8851,0.000531858,999.302,2.75115
0.000142203,1097.24,-0.0159976,22.8842,0.000531858,999.303,2.75098
0.000142419,1000.7,-0.0251808,22.8832,0.000531858,999.304,2.75085
0.000142619,907.966,-0.0176548,22.8824,0.000531858,999.305,2.75076
0.000142819,871.694,0.000912833,22.8816,0.000531858,999.306,2.75072
0.000143019,914.624,0.0188847,22.8808,0.000531858,999.306,2.75071
0.000143219,1009.66,0.0250286,22.8799,0.000531858,999.306,2.75074
0.000143419,1097.3,0.0156219,22.8791,0.000531858,999.306,2.75081
0.00014361,1124.33,-0.00227498,22.8782,0.000531858,999.306,2.75091
0.000143801,1081.75,-0.0185834,22.8773,0.000531858,999.307,2.75105
0.000144017,980.262,-0.0245213,22.8764,0.000531858,999.308,2.75124
0.000144217,896.315,-0.0142453,22.8755,0.000531858,999.309,2.75146
0.000144417,876.154,0.00493586,22.8747,0.000531858,999.31,2.75172
0.000144617,932.379,0.0210022,22.8739,0.000531858,999.31,2.75202
0.000144817,1029.56,0.0239306,22.8731,0.000531858,999.31,2.75235
0.000145001,1102.84,0.0133933,22.8723,0.000531858,999.309,2.75269
0.000145216,1117.81,-0.00681101,22.8713,0.000531858,999.31,2.75312
0.000145403,0.0806889,0.0397563,22.8697,0.000531858,999.31,2.75353
0.000145619,0.438528,0.215755,22.8695,0.000531858,999.306,2.75405
0.000145819,0.783077,0.385219,22.8687,0.000531858,999.298,2.75456
0.000146019,1.12752,0.554619,22.8679,0.000531858,999.284,2.75511
0.000146219,1.47184,0.723958,22.867,0.000531858,999.265,2.7557
0.000146419,1.81603,0.893235,22.8661,0.000531858,999.241,2.75632
0.000146607,1249.66,0.545617,22.8742,0.000531858,999.229,2.75693
0.000146808,1201.68,-0.107274,22.9036,0.000531858,999.23,2.75759
0.000147003,1229.73,0.0622883,22.9084,0.000531858,999.23,2.75818
0.00014721,1137.63,0.124666,22.912,0.000531858,999.232,2.75871
0.000147404,1043.78,0.012302,22.9165,0.000531858,999.233,2.75914
0.000147604,1104.56,-0.112055,22.9172,0.000531858,999.233,2.75949
0.000147805,1213.73,-0.0788484,22.9153,0.000531858,999.233,2.75977
0.000148005,1221.36,0.0624199,22.9148,0.000531858,999.233,2.75997
0.000148201,1107.17,0.10778,22.918,0.000531858,999.234,2.76009
0.000148402,1050.2,-0.00671015,22.9211,0.000531858,999.235,2.76014
0.000148606,1112.95,-0.106873,22.9212,0.000531858,999.235,2.76012
0.000148801,1220.26,-0.0513016,22.9186,0.000531858,999.235,2.76003
0.000149006,1209.21,0.0690424,22.9183,0.000531858,999.236,2.75987
0.000149206,1108.37,0.0992534,22.9208,0.000531858,999.237,2.75965
0.000149402,1058.34,-0.0210936,22.9233,0.000531858,999.238,2.75937
0.000149604,1129.19,-0.103253,22.9225,0.000531858,999.238,2.75903
0.000149806,1214.79,-0.0460309,22.92,0.000531858,999.238,2.75863
0.000150005,1195.88,0.0745228,22.9194,0.000531858,999.239,2.75819
0.000150203,1096.53,0.0821583,22.9216,0.000531858,999.24,2.7577
0.000150407,1065.05,-0.0219901,22.9231,0.000531858,999.241,2.75716
0.000150602,1145.69,-0.0960833,22.9215,0.000531858,999.24,2.75659
0.000150803,1214.49,-0.0225402,22.9188,0.000531858,999.24,2.75598
0.000151005,1182.49,0.0770749,22.9182,0.000531858,999.241,2.75532
0.000151207,1096.75,0.0723113,22.9197,0.000531858,999.242,2.75463
0.000151402,1078.74,-0.0440646,22.9205,0.000531858,999.243,2.75395
0.000151606,1151.17,-0.0869544,22.9183,0.000531858,999.243,2.7532
0.000151801,1209.75,-0.00137746,22.9153,0.000531858,999.243,2.75247
0.000152009,1173.75,0.0737967,22.9145,0.000531858,999.244,2.75168
0.000152204,1088.63,0.0510776,22.9157,0.000531858,999.245,2.75093
0.000152411,1082.5,-0.0355901,22.9154,0.000531858,999.246,2.75012
0.000152603,1164.57,-0.0737367,22.9125,0.000531858,999.246,2.74937
0.000152802,1202.22,0.00974075,22.9095,0.000531858,999.246,2.74859
0.000153,1148.16,0.0754349,22.9088,0.000531858,999.247,2.74782
0.000153206,1089.75,0.039059,22.909,0.000531858,999.248,2.74703
0.00015341,1093.52,-0.0423246,22.9079,0.000531858,999.248,2.74626
0.000153602,1169.49,-0.0594256,22.9046,0.000531858,999.248,2.74555
0.000153804,1162.54,0.0127814,22.9022,0.000531858,999.249,2.74482
0.000154002,1132,0.0122243,22.9011,0.000531858,999.249,2.74413
0.000154204,1132.98,-0.0100552,22.8993,0.000531858,999.25,2.74346
0.000154404,1055.3,-0.0260505,22.8983,0.000531858,999.251,2.74283
0.000154604,942.353,-0.0261811,22.8974,0.000531858,999.252,2.74222
0.000154804,864.117,-0.00992631,22.8966,0.000531858,999.253,2.74166
0.000155004,869.78,0.0125266,22.8958,0.000531858,999.254,2.74112
0.000155204,955.662,0.0271027,22.895,0.000531858,999.254,2.74062
0.000155404,1067.67,0.0247359,22.8942,0.000531858,999.253,2.74016
0.000155613,1137.29,0.00608808,22.8932,0.000531858,999.253,2.73971
0.000155816,1117.68,-0.0152269,22.8923,0.000531858,999.254,2.73932
0.000156012,1027.73,-0.027425,22.8914,0.000531858,999.255,2.73897
0.000156212,918.292,-0.0231405,22.8906,0.000531858,999.257,2.73865
0.000156412,858.692,-0.00436126,22.8897,0.000531858,999.258,2.73837
0.000156612,886.395,0.0171263,22.8889,0.000531858,999.258,2.73813
0.000156812,983.837,0.0278626,22.8881,0.000531858,999.258,2.73793
0.000157012,1089.76,0.0212122,22.8873,0.000531858,999.257,2.73776
0.000157208,1138.44,0.00206585,22.8864,0.000531858,999.258,2.73763
0.0001574,1107.32,-0.0173777,22.8855,0.000531858,999.258,2.73754
0.000157606,1007.55,-0.0275578,22.8846,0.000531858,999.259,2.73748
0.000157806,903.919,-0.0203075,22.8837,0.000531858,999.261,2.73746
0.000158006,859.176,-0.000339264,22.8829,0.000531858,999.262,2.73748
0.000158206,901.424,0.0198155,22.8821,0.000531858,999.262,2.73753
0.000158406,1003.95,0.0275436,22.8813,0.000531858,999.262,2.73763
0.000158606,1102.41,0.0181075,22.8805,0.000531858,999.261,2.73776
0.000158811,1135.97,-0.00265395,22.8795,0.000531858,999.262,2.73793
0.000159005,1087.81,-0.0206433,22.8786,0.000531858,999.262,2.73813
0.000159211,981.943,-0.026957,22.8777,0.000531858,999.264,2.73838
0.000159411,888.512,-0.0161829,22.8769,0.000531858,999.265,2.73866
0.000159611,863.674,0.00471776,22.8761,0.000531858,999.266,2.73898
0.000159811,922.983,0.0226354,22.8753,0.000531858,999.266,2.73933
0.000160011,1029.02,0.0263767,22.8744,0.000531858,999.265,2.73972
0.000160204,1113.58,0.0142796,22.8736,0.000531858,999.265,2.74013
0.00016041,1129.79,-0.00673267,22.8727,0.000531858,999.266,2.74061
0.000160606,1067.26,-0.022889,22.8718,0.000531858,999.267,2.74109
0.000160801,0.0496356,0.0245223,22.8702,0.000531858,999.267,2.74161
0.000161013,0.406071,0.199793,22.87,0.000531858,999.264,2.74221
0.000161213,0.750614,0.369253,22.8692,0.000531858,999.256,2.74281
0.000161413,1.09505,0.538652,22.8683,0.000531858,999.243,2.74345
0.000161613,1.43937,0.70799,22.8675,0.000531858,999.225,2.74412
0.000161813,1.78356,0.877265,22.8666,0.000531858,999.201,2.74483
0.000162,1250.1,0.6201,22.8723,0.000531858,999.186,2.74552
0.000162202,1235.72,-0.0567307,22.9008,0.000531858,999.187,2.74627
0.000162409,1218.13,0.0830701,22.9089,0.000531858,999.188,2.74698
0.000162604,1089.12,0.106094,22.9136,0.000531858,999.189,2.74757
0.000162804,1046.66,-0.0320025,22.9171,0.000531858,999.19,2.7481
0.000163003,1142.01,-0.121376,22.9168,0.000531858,999.19,2.74854
0.0001632,1234.68,-0.0261084,22.9147,0.000531858,999.19,2.74889
0.000163411,1208.8,0.0824437,22.9154,0.000531858,999.191,2.74919
0.000163607,1089.2,0.09585,22.919,0.000531858,999.192,2.74939
0.000163802,1057.98,-0.046914,22.9217,0.000531858,999.193,2.74952
0.000164006,1146.83,-0.112711,22.9208,0.000531858,999.193,2.74958
0.000164203,1228.82,-0.0187763,22.9186,0.000531858,999.193,2.74957
0.000164408,1189.11,0.0917766,22.919,0.000531858,999.194,2.74948
0.000164601,1074.62,0.0681791,22.9224,0.000531858,999.195,2.74934
0.000164808,1063.51,-0.0420677,22.9239,0.000531858,999.196,2.74913
0.000165005,1158.28,-0.102423,22.9223,0.000531858,999.195,2.74886
0.000165207,1222.75,-0.0123624,22.92,0.000531858,999.196,2.74854
0.000165405,1171.63,0.0938265,22.9203,0.000531858,999.196,2.74817
0.000165606,1079.8,0.0633318,22.9227,0.000531858,999.198,2.74774
0.000165802,1082.14,-0.0642914,22.9236,0.000531858,999.198,2.74728
0.000166003,1172.51,-0.0881513,22.9213,0.000531858,999.198,2.74677
0.000166204,1216.22,0.00993702,22.919,0.000531858,999.198,2.74621
0.000166402,1151.75,0.0920666,22.9193,0.000531858,999.199,2.74563
0.000166603,1075.09,0.0394345,22.9211,0.000531858,999.2,2.74501
0.000166807,1088.63,-0.0612232,22.9209,0.000531858,999.201,2.74435
0.000167007,1173.75,-0.0780844,22.9182,0.000531858,999.201,2.74368
0.000167202,1206.58,0.0264297,22.9157,0.000531858,999.201,2.74301
0.000167401,1136.55,0.0845333,22.9159,0.000531858,999.202,2.74231
0.000167603,1076.57,0.0214725,22.9168,0.000531858,999.203,2.74158
0.000167807,1101.72,-0.0650496,22.9158,0.000531858,999.204,2.74084
0.00016801,1175.68,-0.0667077,22.9128,0.000531858,999.204,2.7401
0.000168208,1199.66,0.0247564,22.9101,0.000531858,999.204,2.73937
0.000168401,1128.04,0.0747121,22.91,0.000531858,999.205,2.73867
0.000168606,1081.83,0.0142384,22.9101,0.000531858,999.206,2.73793
0.000168801,1119.97,-0.0679537,22.9083,0.000531858,999.206,2.73724
0.000169003,1183.18,-0.0449213,22.9048,0.000531858,999.206,2.73654
0.000169202,1157.29,0.0232723,22.9029,0.000531858,999.207,2.73587
0.000169402,1126.87,0.0217144,22.9019,0.000531858,999.208,2.73522
0.000169602,1136.13,-0.00674327,22.9,0.000531858,999.208,2.73459
0.00016981,1062.8,-0.0253007,22.8989,0.000531858,999.209,2.73397
0.00017001,950.388,-0.0267333,22.898,0.000531858,999.211,2.73341
0.00017021,867.614,-0.0114724,22.8972,0.000531858,999.212,2.73288
0.00017041,866.518,0.0109557,22.8964,0.000531858,999.212,2.73239
0.00017061,947.679,0.0264907,22.8956,0.000531858,999.212,2.73193
0.00017081,1059.96,0.0254582,22.8947,0.000531858,999.212,2.7315
0.000171011,1133.5,0.00858486,22.8938,0.000531858,999.212,2.73111
0.000171215,1123.47,-0.0131654,22.8929,0.000531858,999.213,2.73075
0.000171412,1039.18,-0.0267595,22.892,0.000531858,999.214,2.73043
0.000171612,928.589,-0.0243503,22.8911,0.000531858,999.215,2.73015
0.000171812,861.336,-0.00668535,22.8903,0.000531858,999.216,2.7299
0.000172012,879.705,0.0151456,22.8895,0.000531858,999.217,2.72969
0.000172212,972.013,0.0274633,22.8887,0.000531858,999.216,2.72952
0.000172412,1080.19,0.0226307,22.8879,0.000531858,999.216,2.72938
0.000172613,1137.16,0.00376527,22.887,0.000531858,999.216,2.72928
0.000172807,1111.79,-0.016125,22.8861,0.000531858,999.217,2.72922
0.00017301,1016.83,-0.0273014,22.8852,0.000531858,999.218,2.72919
0.00017321,911.22,-0.0214837,22.8843,0.000531858,999.22,2.7292
0.00017341,859.881,-0.00220691,22.8835,0.000531858,999.22,2.72925
0.00017361,895.073,0.0184276,22.8827,0.000531858,999.221,2.72934
0.00017381,994.524,0.0275013,22.8819,0.000531858,999.221,2.72946
0.00017401,1095.78,0.0194272,22.881,0.000531858,999.22,2.72962
0.000174212,1136.28,-0.000616481,22.8801,0.000531858,999.221,2.72981
0.000174409,1094.09,-0.0194498,22.8792,0.000531858,999.221,2.73004
0.000174607,994.962,-0.0270785,22.8783,0.000531858,999.223,2.73031
0.000174807,897.005,-0.0181588,22.8775,0.000531858,999.224,2.73061
0.000175007,862.274,0.00212986,22.8767,0.000531858,999.225,2.73095
0.000175207,912.559,0.0210577,22.8759,0.000531858,999.225,2.73133
0.000175407,1016.11,0.0267896,22.875,0.000531858,999.225,2.73174
0.0001756,1105.59,0.0164872,22.8742,0.000531858,999.225,2.73217
0.000175802,1132.46,-0.00387612,22.8733,0.000531858,999.225,2.73266
0.000176005,1076.74,-0.0216298,22.8724,0.000531858,999.226,2.73318
0.000176203,0.0714633,0.0351533,22.8708,0.000531858,999.226,2.73373
0.000176407,0.408221,0.20085,22.8706,0.000531858,999.223,2.73433
0.000176607,0.75275,0.370304,22.8698,0.000531858,999.215,2.73495
0.000176807,1.09717,0.539695,22.8689,0.000531858,999.202,2.73561
0.000177007,1.44147,0.709025,22.8681,0.000531858,999.184,2.7363
0.000177207,1.78565,0.878294,22.8672,0.000531858,999.16,2.73702
0.000177405,1249.81,0.581811,22.8741,0.000531858,999.146,2.73777
0.000177604,1223.67,-0.0811523,22.9029,0.000531858,999.146,2.73853
0.000177802,1215.88,0.0862567,22.9096,0.000531858,999.147,2.73922
0.000178005,1104.56,0.1158,22.9139,0.000531858,999.148,2.73985
0.000178205,1043.79,-0.0128801,22.9177,0.000531858,999.149,2.74039
0.000178404,1123.82,-0.119212,22.9179,0.000531858,999.149,2.74085
0.000178604,1226.76,-0.0540587,22.9159,0.000531858,999.149,2.74122
0.00017881,1215.47,0.0726774,22.916,0.000531858,999.15,2.74152
0.000179003,1092.75,0.0986895,22.9196,0.000531858,999.151,2.74173
0.000179206,1051.6,-0.021547,22.9224,0.000531858,999.152,2.74188
0.000179405,1133.05,-0.112337,22.9219,0.000531858,999.152,2.74195
0.000179604,1225.03,-0.0372352,22.9195,0.000531858,999.152,2.74194
0.000179804,1194.03,0.0874134,22.9197,0.000531858,999.153,2.74187
0.000180007,1093.8,0.0897254,22.9224,0.000531858,999.154,2.74174
0.000180203,1062.81,-0.0400794,22.9246,0.000531858,999.155,2.74154
0.000180406,1144.25,-0.104445,22.9234,0.000531858,999.155,2.74128
0.000180601,1222.67,-0.013151,22.9207,0.000531858,999.155,2.74098
0.000180802,1176.53,0.0910669,22.921,0.000531858,999.156,2.74061
0.000181001,1080.79,0.0648691,22.9234,0.000531858,999.157,2.7402
0.000181208,1069.03,-0.0378607,22.9244,0.000531858,999.158,2.73972
0.0001814,1165.88,-0.0913034,22.9222,0.000531858,999.158,2.73924
0.000181606,1216.23,-0.00919674,22.9199,0.000531858,999.158,2.73868
0.000181805,1167.53,0.08681,22.9197,0.000531858,999.159,2.7381
0.000182006,1083.75,0.0565686,22.9214,0.000531858,999.16,2.73749
0.000182213,1076.82,-0.0396772,22.9217,0.000531858,999.161,2.73683
0.000182402,1172.04,-0.078999,22.919,0.000531858,999.161,2.7362
0.000182606,1209.49,0.00645028,22.9165,0.000531858,999.161,2.7355
0.000182801,1147.53,0.0841622,22.9164,0.000531858,999.162,2.73482
0.000183005,1081.4,0.0371205,22.9173,0.000531858,999.163,2.7341
0.000183201,1101.02,-0.0643105,22.9166,0.000531858,999.163,2.73339
0.000183404,1175.58,-0.0666723,22.9135,0.000531858,999.164,2.73265
0.000183602,1199.56,0.0247834,22.9108,0.000531858,999.164,2.73193
0.000183802,1138.18,0.0761259,22.9104,0.000531858,999.165,2.73121
0.000184,1081.94,0.014774,22.9108,0.000531858,999.166,2.7305
0.000184206,1106.24,-0.0585516,22.9092,0.000531858,999.166,2.72978
0.000184405,1175.34,-0.0544467,22.9058,0.000531858,999.166,2.72909
0.000184602,1160.99,0.0194703,22.9036,0.000531858,999.167,2.72843
0.000184803,1130.06,0.0187822,22.9025,0.000531858,999.168,2.72778
0.000185002,1134.92,-0.00630744,22.9007,0.000531858,999.168,2.72717
0.000185204,1065.28,-0.0247668,22.8996,0.000531858,999.169,2.72657
0.000185404,954.117,-0.0267142,22.8987,0.000531858,999.171,2.72601
0.000185604,870.24,-0.0120025,22.8979,0.000531858,999.172,2.72549
0.000185804,866.374,0.0102084,22.8971,0.000531858,999.173,2.725
0.000186004,944.844,0.0259948,22.8963,0.000531858,999.173,2.72454
0.000186204,1056.21,0.0255227,22.8955,0.000531858,999.172,2.72412
0.000186402,1130.47,0.00957049,22.8946,0.000531858,999.172,2.72374
0.000186601,1125.94,-0.011636,22.8937,0.000531858,999.173,2.72338
0.000186811,1039.19,-0.026498,22.8927,0.000531858,999.174,2.72305
0.000187011,929.547,-0.0241749,22.8919,0.000531858,999.176,2.72277
0.000187211,862.626,-0.0067079,22.891,0.000531858,999.177,2.72253
0.000187411,880.498,0.0149392,22.8902,0.000531858,999.177,2.72232
0.000187611,971.795,0.0272032,22.8894,0.000531858,999.177,2.72215
0.000187811,1079.09,0.0224815,22.8886,0.000531858,999.177,2.72201
0.000188016,1136.11,0.00348609,22.8877,0.000531858,999.177,2.72191
0.000188213,1108.7,-0.0165316,22.8868,0.000531858,999.178,2.72186
0.000188415,1014.17,-0.0271274,22.8859,0.000531858,999.179,2.72183
0.000188615,910.026,-0.0209821,22.885,0.000531858,999.18,2.72185
0.000188815,860.884,-0.00169471,22.8842,0.000531858,999.181,2.7219
0.000189015,897.622,0.0186294,22.8834,0.000531858,999.181,2.72199
0.000189215,997,0.0272683,22.8826,0.000531858,999.181,2.72211
0.000189415,1096.63,0.0189113,22.8817,0.000531858,999.181,2.72227
0.000189615,1135.05,-0.000832302,22.8808,0.000531858,999.181,2.72247
0.000189815,1091.2,-0.0196584,22.8799,0.000531858,999.182,2.72271
0.000190017,989.864,-0.0268048,22.879,0.000531858,999.184,2.72298
0.000190217,894.494,-0.0172356,22.8782,0.000531858,999.185,2.72329
0.000190417,863.914,0.00312119,22.8773,0.000531858,999.186,2.72364
0.000190617,917.295,0.0214961,22.8765,0.000531858,999.186,2.72402
0.000190817,1020.95,0.0264047,22.8757,0.000531858,999.186,2.72443
0.000191001,1105.01,0.0162541,22.8749,0.000531858,999.186,2.72485
0.000191208,1130.81,-0.00444867,22.874,0.000531858,999.186,2.72535
0.000191407,1075.25,-0.0215545,22.8731,0.000531858,999.187,2.72586
0.000191603,0.0782565,0.0384776,22.8716,0.000531858,999.187,2.72641
0.000191818,0.443105,0.218008,22.8713,0.000531858,999.184,2.72704
0.000192018,0.787612,0.38745,22.8705,0.000531858,999.175,2.72767
0.000192218,1.13201,0.556828,22.8696,0.000531858,999.162,2.72833
0.000192418,1.47629,0.726146,22.8688,0.000531858,999.143,2.72902
0.000192618,1.82044,0.895401,22.8679,0.000531858,999.119,2.72975
0.0001928,1249.7,0.571165,22.8752,0.000531858,999.107,2.73044
0.000193004,1209.49,-0.0995788,22.9049,0.000531858,999.108,2.73121
0.000193203,1228.97,0.0632863,22.9103,0.000531858,999.108,2.73191
0.000193406,1127.29,0.123294,22.9141,0.000531858,999.109,2.73254
0.000193603,1043.45,0.00658679,22.9184,0.000531858,999.111,2.73307
0.000193805,1102.83,-0.110964,22.9191,0.000531858,999.111,2.73353
0.000194001,1220.9,-0.0665928,22.9169,0.000531858,999.111,2.73389
0.000194201,1214.49,0.0741284,22.9168,0.000531858,999.111,2.73418
0.0001944,1104.79,0.10645,22.92,0.000531858,999.113,2.7344
0.000194603,1050.11,-0.0058834,22.9231,0.000531858,999.114,2.73454
0.000194806,1113.25,-0.10697,22.9231,0.000531858,999.114,2.73461
0.000195,1221.14,-0.048669,22.9205,0.000531858,999.114,2.7346
0.000195206,1208.73,0.0694961,22.9203,0.000531858,999.114,2.73453
0.000195405,1107.01,0.0985476,22.9228,0.000531858,999.116,2.73439
0.000195602,1058.41,-0.0219853,22.9253,0.000531858,999.117,2.73419
0.000195805,1127.98,-0.102975,22.9245,0.000531858,999.117,2.73393
0.000196006,1214.87,-0.0454211,22.922,0.000531858,999.117,2.73361
0.000196202,1191.2,0.0794059,22.9215,0.000531858,999.118,2.73325
0.000196404,1097.71,0.0831637,22.9236,0.000531858,999.119,2.73283
0.0001966,1069.25,-0.0384378,22.9251,0.000531858,999.12,2.73238
0.000196804,1143.26,-0.0961319,22.9235,0.000531858,999.12,2.73186
0.000197002,1214.96,-0.0192331,22.9207,0.000531858,999.12,2.73132
0.000197205,1182.09,0.077432,22.9202,0.000531858,999.121,2.73073
0.000197407,1095.86,0.0716934,22.9217,0.000531858,999.122,2.73012
0.000197608,1073.65,-0.0307675,22.9225,0.000531858,999.123,2.72947
0.000197806,1149.25,-0.0874429,22.9204,0.000531858,999.123,2.72881
0.000198003,1209.53,-0.007343,22.9174,0.000531858,999.123,2.72814
0.000198202,1163.18,0.079954,22.9168,0.000531858,999.124,2.72744
0.000198405,1089.71,0.0532477,22.9177,0.000531858,999.125,2.72672
0.000198605,1087.81,-0.0474079,22.9175,0.000531858,999.126,2.726
0.000198803,1164.55,-0.0739635,22.9146,0.000531858,999.126,2.72528
0.000199002,1202.31,0.00976351,22.9116,0.000531858,999.126,2.72456
0.0001992,1148.34,0.0756397,22.9109,0.000531858,999.127,2.72384
0.000199406,1089.49,0.0392161,22.9111,0.000531858,999.128,2.7231
0.00019961,1093.27,-0.0425261,22.9101,0.000531858,999.128,2.72238
0.000199804,1166.4,-0.0619559,22.9068,0.000531858,999.129,2.72172
0.000200001,1163.82,0.0136567,22.9043,0.000531858,999.129,2.72106
0.0002002,1132.11,0.0147985,22.9032,0.000531858,999.13,2.72041
0.000200402,1133.74,-0.00624415,22.9015,0.000531858,999.131,2.71979
0.000200604,1061.41,-0.0250857,22.9004,0.000531858,999.132,2.71919
0.000200804,950.193,-0.0263943,22.8995,0.000531858,999.133,2.71864
0.000201004,868.699,-0.011221,22.8987,0.000531858,999.134,2.71811
0.000201204,868.16,0.0109615,22.8978,0.000531858,999.135,2.71762
0.000201404,948.806,0.0262483,22.897,0.000531858,999.135,2.71717
0.000201604,1059.83,0.0251226,22.8962,0.000531858,999.135,2.71675
0.000201804,1132.07,0.00846952,22.8953,0.000531858,999.135,2.71636
0.000202004,1123.12,-0.0126432,22.8944,0.000531858,999.135,2.71601
0.000202213,1034.13,-0.0267386,22.8935,0.000531858,999.137,2.71568
0.000202413,925.177,-0.0236106,22.8926,0.000531858,999.138,2.7154
0.000202613,861.674,-0.00569427,22.8918,0.000531858,999.139,2.71515
0.000202813,883.537,0.0157664,22.891,0.000531858,999.14,2.71495
0.000203013,976.884,0.0273273,22.8902,0.000531858,999.139,2.71478
0.000203213,1083.02,0.021832,22.8893,0.000531858,999.139,2.71465
0.000203414,1136.18,0.00291568,22.8884,0.000531858,999.139,2.71455
0.000203618,1104.26,-0.0175319,22.8875,0.000531858,999.14,2.71449
0.000203802,1016.95,-0.0270057,22.8867,0.000531858,999.141,2.71447
0.000204002,912.369,-0.0213067,22.8858,0.000531858,999.143,2.71448
0.000204202,861.297,-0.00226116,22.885,0.000531858,999.144,2.71453
0.000204402,895.825,0.0181763,22.8842,0.000531858,999.144,2.71462
0.000204602,994.103,0.0272115,22.8834,0.000531858,999.144,2.71474
0.000204802,1094.42,0.0192835,22.8825,0.000531858,999.144,2.7149
0.000205013,1134.67,-0.00135836,22.8816,0.000531858,999.144,2.71511
0.000205213,1088.97,-0.0199846,22.8807,0.000531858,999.145,2.71535
0.000205414,987.729,-0.0267303,22.8798,0.000531858,999.146,2.71562
0.000205614,893.289,-0.0168802,22.8789,0.000531858,999.148,2.71593
0.000205814,864.374,0.00353383,22.8781,0.000531858,999.148,2.71627
0.000206014,919.106,0.0217075,22.8773,0.000531858,999.149,2.71666
0.000206214,1022.95,0.0262842,22.8765,0.000531858,999.148,2.71707
0.000206401,1106.9,0.0156593,22.8757,0.000531858,999.148,2.71749
0.000206612,1129.42,-0.0055766,22.8747,0.000531858,999.149,2.71801
0.000206807,1071.9,-0.021935,22.8738,0.000531858,999.15,2.71852
0.000207,-0.00493553,-0.00219023,22.8721,0.000531858,999.151,2.71905
0.000207202,0.373078,0.183564,22.8721,0.000531858,999.148,2.71965
0.000207402,0.71757,0.353002,22.8713,0.000531858,999.141,2.72027
0.000207602,1.06198,0.522386,22.8704,0.000531858,999.128,2.72093
0.000207802,1.40627,0.69171,22.8696,0.000531858,999.11,2.72162
0.000208002,1.75043,0.860972,22.8687,0.000531858,999.088,2.72235
0.000208204,1249.59,0.558463,22.8758,0.000531858,999.073,2.72311
0.000208403,1211.97,-0.0968512,22.9046,0.000531858,999.074,2.72387
0.000208603,1229.18,0.0627238,22.9101,0.000531858,999.074,2.72458
0.000208802,1116.66,0.120611,22.9141,0.000531858,999.076,2.7252
0.000209005,1043.81,0.0116859,22.918,0.000531858,999.077,2.72575
0.000209202,1110.61,-0.114643,22.9186,0.000531858,999.077,2.72621
0.000209402,1219.6,-0.0685543,22.9165,0.000531858,999.077,2.7266
0.000209603,1216.01,0.0712696,22.9163,0.000531858,999.078,2.72691
0.000209802,1107.39,0.107519,22.9194,0.000531858,999.079,2.72714
0.000210006,1050.16,0.000844385,22.9224,0.000531858,999.08,2.7273
0.0002102,1127.27,-0.111099,22.9221,0.000531858,999.08,2.72739
0.000210403,1218.83,-0.0537399,22.9198,0.000531858,999.08,2.72741
0.000210608,1211.52,0.0645033,22.9194,0.000531858,999.081,2.72736
0.000210807,1109.35,0.0995849,22.9219,0.000531858,999.082,2.72726
0.000211003,1058.14,-0.0196428,22.9243,0.000531858,999.083,2.72709
0.000211206,1126.63,-0.102507,22.9235,0.000531858,999.083,2.72686
0.000211401,1218.98,-0.0320032,22.9207,0.000531858,999.083,2.72659
0.000211612,1203.43,0.0637925,22.9202,0.000531858,999.084,2.72624
0.000211802,1092.62,0.0784332,22.9225,0.000531858,999.085,2.72589
0.000212008,1065.04,-0.0213959,22.9238,0.000531858,999.086,2.72545
0.000212205,1141.8,-0.0958354,22.9222,0.000531858,999.086,2.725
0.000212403,1214.23,-0.0215158,22.9194,0.000531858,999.086,2.72451
0.000212602,1175.63,0.0817586,22.9189,0.000531858,999.087,2.72398
0.000212801,1087.83,0.0621375,22.9205,0.000531858,999.089,2.72343
0.000213005,1076.97,-0.0397037,22.9209,0.000531858,999.089,2.72283
0.000213201,1160.33,-0.0842108,22.9185,0.000531858,999.089,2.72224
0.000213405,1208.95,-0.00873488,22.9157,0.000531858,999.09,2.7216
0.000213604,1164.64,0.078687,22.915,0.000531858,999.09,2.72097
0.000213808,1091.75,0.055452,22.9158,0.000531858,999.092,2.72031
0.000214005,1088.15,-0.0472064,22.9156,0.000531858,999.092,2.71966
0.000214203,1164.68,-0.0732264,22.9126,0.000531858,999.092,2.71901
0.000214402,1201.56,0.0109252,22.9096,0.000531858,999.093,2.71836
0.0002146,1146.9,0.0750763,22.9089,0.000531858,999.094,2.71771
0.000214802,1086.54,0.0307732,22.9091,0.000531858,999.095,2.71707
0.000215011,1094.07,-0.0420812,22.9078,0.000531858,999.095,2.71641
0.000215201,1161.86,-0.0448405,22.9045,0.000531858,999.095,2.71583
0.000215401,1152.3,0.0111037,22.9023,0.000531858,999.096,2.71525
0.0002156,1128.49,-0.00266709,22.901,0.000531858,999.097,2.71469
0.000215805,1085.48,-0.0187881,22.8996,0.000531858,999.098,2.71414
0.000216001,992.208,-0.0255378,22.8987,0.000531858,999.099,2.71365
0.000216201,900.776,-0.0166944,22.8979,0.000531858,999.1,2.71318
0.000216401,870.2,0.00258109,22.8971,0.000531858,999.101,2.71274
0.000216601,919.628,0.0202148,22.8963,0.000531858,999.102,2.71233
0.000216801,1017.88,0.0251934,22.8954,0.000531858,999.101,2.71196
0.000217001,1103.52,0.0145552,22.8946,0.000531858,999.101,2.71162
0.000217206,1123.98,-0.00520254,22.8937,0.000531858,999.102,2.71131
0.000217409,1065.88,-0.0214133,22.8927,0.000531858,999.103,2.71104
0.000217607,967.779,-0.0245617,22.8919,0.000531858,999.104,2.71081
0.000217807,887.521,-0.0124954,22.891,0.000531858,999.106,2.71061
0.000218007,876.443,0.00737603,22.8902,0.000531858,999.106,2.71045
0.000218207,941.421,0.0226039,22.8894,0.000531858,999.106,2.71032
0.000218407,1041.54,0.0237022,22.8886,0.000531858,999.106,2.71023
0.000218602,1113.39,0.0106154,22.8877,0.000531858,999.106,2.71018
0.000218819,1113.89,-0.0102903,22.8867,0.000531858,999.107,2.71016
0.000219012,1044.53,-0.0231671,22.8859,0.000531858,999.108,2.71018
0.000219212,945.451,-0.022644,22.885,0.000531858,999.109,2.71024
0.000219412,879.169,-0.00795245,22.8842,0.000531858,999.11,2.71033
0.000219612,887.312,0.0116988,22.8833,0.000531858,999.111,2.71046
0.000219812,964.659,0.0240038,22.8825,0.000531858,999.111,2.71062
0.000220012,1062.6,0.0213302,22.8817,0.000531858,999.111,2.71082
0.000220216,1120.67,0.00521394,22.8808,0.000531858,999.111,2.71107
0.000220416,1102.94,-0.0134511,22.8799,0.000531858,999.112,2.71134
0.000220609,1025.44,-0.0239274,22.879,0.000531858,999.113,2.71164
0.000220809,929.492,-0.0204097,22.8782,0.000531858,999.114,2.71198
0.000221009,876.365,-0.00411203,22.8773,0.000531858,999.115,2.71236
0.000221209,899.422,0.0147392,22.8765,0.000531858,999.116,2.71278
0.000221409,984.064,0.0243473,22.8757,0.000531858,999.116,2.71323
0.000221609,1077.18,0.0187874,22.8749,0.000531858,999.116,2.71371
0.000221815,1121.35,0.00112902,22.874,0.000531858,999.116,2.71425
0.000222015,1088.58,-0.0163826,22.873,0.000531858,999.117,2.7148
0.000222205,1006.32,-0.0240527,22.8722,0.000531858,999.118,2.71536
0.000222401,-0.0182576,-0.00876841,22.8705,0.000531858,999.119,2.71597
0.000222608,0.38576,0.189802,22.8704,0.000531858,999.116,2.71664
0.000222808,0.730238,0.359232,22.8696,0.000531858,999.109,2.71733
0.000223008,1.07463,0.528609,22.8688,0.000531858,999.096,2.71806
0.000223208,1.4189,0.697925,22.8679,0.000531858,999.078,2.71881
0.000223408,1.76305,0.867179,22.8671,0.000531858,999.055,2.7196
0.000223609,1249.59,0.563844,22.8741,0.000531858,999.04,2.72042
0.000223805,1219.95,-0.0866187,22.9025,0.000531858,999.041,2.72123
0.000224002,1219.41,0.081088,22.9088,0.000531858,999.042,2.72199
0.000224202,1101.69,0.1145,22.9132,0.000531858,999.043,2.72268
0.000224403,1043.51,-0.0117213,22.9169,0.000531858,999.044,2.72328
0.000224602,1124.16,-0.119412,22.917,0.000531858,999.044,2.7238
0.000224804,1225.41,-0.0572475,22.915,0.000531858,999.044,2.72425
0.000225008,1215.8,0.0721026,22.915,0.000531858,999.045,2.72461
0.000225203,1097.38,0.102173,22.9184,0.000531858,999.047,2.72489
0.000225403,1051.95,-0.0246245,22.9213,0.000531858,999.048,2.7251
0.000225605,1130.23,-0.111933,22.9208,0.000531858,999.048,2.72524
0.000225801,1225.47,-0.0351823,22.9184,0.000531858,999.048,2.72531
0.000226012,1208.91,0.0692106,22.9183,0.000531858,999.048,2.72531
0.000226204,1092.74,0.0889615,22.9213,0.000531858,999.05,2.72524
0.000226401,1062.99,-0.0410949,22.9233,0.000531858,999.051,2.72512
0.000226606,1140.37,-0.104457,22.9222,0.000531858,999.051,2.72493
0.000226802,1221.47,-0.0209368,22.9195,0.000531858,999.051,2.7247
0.000227007,1187.9,0.0824245,22.9194,0.000531858,999.052,2.7244
0.00022721,1095.41,0.0813019,22.9215,0.000531858,999.053,2.72405
0.000227406,1070.06,-0.0409669,22.9229,0.000531858,999.054,2.72367
0.000227602,1158.84,-0.0936493,22.9209,0.000531858,999.054,2.72325
0.000227803,1216.16,-0.00722553,22.9183,0.000531858,999.054,2.72278
0.000228003,1166.38,0.0871692,22.9182,0.000531858,999.055,2.72228
0.000228204,1083.07,0.0555086,22.9198,0.000531858,999.056,2.72175
0.000228409,1078.49,-0.0437417,22.9201,0.000531858,999.057,2.72117
0.000228605,1164.33,-0.082828,22.9176,0.000531858,999.057,2.7206
0.000228805,1209.44,0.00359357,22.9148,0.000531858,999.057,2.72
0.000229001,1149.54,0.0837849,22.9146,0.000531858,999.059,2.71939
0.000229204,1082.11,0.0390246,22.9155,0.000531858,999.06,2.71875
0.000229411,1088.35,-0.0480788,22.9148,0.000531858,999.06,2.71809
0.000229602,1175.71,-0.0663335,22.9117,0.000531858,999.06,2.71748
0.0002298,1198.89,0.0259956,22.9089,0.000531858,999.061,2.71685
0.000230006,1146.34,0.0755102,22.9082,0.000531858,999.062,2.71619
0.000230202,1083.08,0.0206428,22.9087,0.000531858,999.063,2.71557
0.000230404,1106.96,-0.0589341,22.9072,0.000531858,999.063,2.71495
0.000230607,1166.65,-0.0523569,22.9039,0.000531858,999.064,2.71434
0.000230801,1153.37,0.0169864,22.9017,0.000531858,999.064,2.71378
0.000231003,1129.05,0.0068034,22.9005,0.000531858,999.065,2.71321
0.000231208,1106.62,-0.0147785,22.8989,0.000531858,999.066,2.71267
0.000231416,1014.21,-0.0259664,22.8979,0.000531858,999.067,2.71215
0.000231616,914.352,-0.0201771,22.897,0.000531858,999.069,2.71169
0.000231816,866.784,-0.0017761,22.8962,0.000531858,999.07,2.71125
0.000232016,901.354,0.0177126,22.8954,0.000531858,999.07,2.71085
0.000232216,996.204,0.026097,22.8946,0.000531858,999.07,2.71048
0.000232416,1091.86,0.0182454,22.8937,0.000531858,999.07,2.71015
0.000232618,1129.57,-0.000783946,22.8928,0.000531858,999.07,2.70984
0.000232807,1091.86,-0.0180466,22.892,0.000531858,999.071,2.70959
0.000233003,998.877,-0.0258673,22.8911,0.000531858,999.072,2.70936
0.000233203,904.137,-0.0178956,22.8902,0.000531858,999.074,2.70916
0.000233403,868.105,0.00126531,22.8894,0.000531858,999.075,2.709
0.000233603,913.371,0.0196086,22.8886,0.000531858,999.075,2.70887
0.000233803,1011.36,0.0256692,22.8878,0.000531858,999.075,2.70878
0.000234003,1100.72,0.0157857,22.8869,0.000531858,999.075,2.70872
0.0002342,1127.04,-0.00317814,22.8861,0.000531858,999.075,2.7087
0.00023441,1072.78,-0.0207855,22.8851,0.000531858,999.076,2.70872
0.000234611,973.093,-0.0250165,22.8842,0.000531858,999.078,2.70877
0.000234811,889.497,-0.0135836,22.8834,0.000531858,999.079,2.70886
0.000235011,873.811,0.00633883,22.8825,0.000531858,999.08,2.70899
0.000235211,935.816,0.0222663,22.8817,0.000531858,999.08,2.70915
0.000235411,1036.45,0.0242673,22.8809,0.000531858,999.08,2.70935
0.000235608,1112.02,0.0115713,22.8801,0.000531858,999.08,2.70958
0.000235801,1120.66,-0.00726239,22.8792,0.000531858,999.08,2.70984
0.000236002,1056.95,-0.0222072,22.8783,0.000531858,999.082,2.71014
0.000236212,952.84,-0.0234216,22.8774,0.000531858,999.083,2.7105
0.000236412,881.396,-0.00955977,22.8765,0.000531858,999.084,2.71088
0.000236612,882.956,0.0102701,22.8757,0.000531858,999.085,2.71129
0.000236812,956.445,0.0236461,22.8749,0.000531858,999.085,2.71173
0.000237012,1055.64,0.0222542,22.8741,0.000531858,999.085,2.71222
0.000237205,1117.8,0.0077214,22.8732,0.000531858,999.085,2.71271
0.000237405,1109.96,-0.0113192,22.8723,0.000531858,999.086,2.71326
0.000237601,1037.15,-0.0233652,22.8714,0.000531858,999.087,2.71383
0.000237802,-0.0555294,-0.0272866,22.8695,0.000531858,999.088,2.71445
0.000238019,0.388072,0.190939,22.8696,0.000531858,999.085,2.71516
0.000238219,0.732545,0.360367,22.8688,0.000531858,999.077,2.71585
0.000238419,1.07693,0.529738,22.8679,0.000531858,999.064,2.71657
0.000238619,1.42119,0.699049,22.8671,0.000531858,999.047,2.71732
0.000238819,1.76533,0.868297,22.8662,0.000531858,999.024,2.71811
0.000239001,1250.01,0.633936,22.8712,0.000531858,999.009,2.71885
0.0002392,1241,-0.038854,22.8991,0.000531858,999.01,2.71967
0.000239412,1215.66,0.0863686,22.908,0.000531858,999.011,2.72048
0.000239606,1084.76,0.102762,22.9128,0.000531858,999.012,2.72115
0.000239808,1046.68,-0.0331291,22.9162,0.000531858,999.013,2.72176
0.00024,1157.89,-0.119777,22.9153,0.000531858,999.013,2.72226
0.000240205,1234.02,-0.0286686,22.9137,0.000531858,999.013,2.72271
0.000240409,1196.76,0.0953408,22.9145,0.000531858,999.014,2.72308
0.000240602,1073.71,0.0795869,22.9184,0.000531858,999.016,2.72336
0.000240808,1056.53,-0.0431144,22.9206,0.000531858,999.016,2.72357
0.000241002,1162.79,-0.109788,22.9192,0.000531858,999.016,2.72371
0.000241203,1229.74,-0.00611956,22.9172,0.000531858,999.016,2.72378
0.000241406,1177.58,0.0995476,22.918,0.000531858,999.018,2.72378
0.000241606,1075.87,0.0702616,22.9211,0.000531858,999.019,2.72371
0.000241804,1072.08,-0.0615256,22.9226,0.000531858,999.02,2.72358
0.000242003,1170.57,-0.0979772,22.9207,0.000531858,999.02,2.7234
0.000242205,1223.11,0.00248785,22.9186,0.000531858,999.02,2.72316
0.000242404,1160.52,0.0982013,22.9192,0.000531858,999.021,2.72286
0.000242607,1075.95,0.0572339,22.9215,0.000531858,999.022,2.72251
0.000242801,1089.14,-0.0732894,22.9221,0.000531858,999.023,2.72214
0.000243005,1175.22,-0.0863466,22.9198,0.000531858,999.023,2.7217
0.0002432,1213.12,0.0275817,22.9174,0.000531858,999.023,2.72124
0.000243405,1149.54,0.0922559,22.9179,0.000531858,999.024,2.72072
0.000243606,1074.42,0.0378572,22.9195,0.000531858,999.026,2.72018
0.000243809,1090.91,-0.0641935,22.9193,0.000531858,999.026,2.71961
0.000244001,1186.87,-0.0666144,22.9162,0.000531858,999.026,2.71905
0.000244206,1206.35,0.0259393,22.914,0.000531858,999.027,2.71842
0.000244402,1132.03,0.0838774,22.9144,0.000531858,999.028,2.71781
0.000244605,1075.82,0.0180462,22.9152,0.000531858,999.029,2.71717
0.000244805,1109.12,-0.0710463,22.914,0.000531858,999.029,2.71653
0.000245002,1188.89,-0.0516961,22.9106,0.000531858,999.03,2.71589
0.000245209,1197.11,0.0314108,22.9083,0.000531858,999.03,2.71522
0.000245404,1125.78,0.0737782,22.9082,0.000531858,999.031,2.71459
0.000245601,1080.76,-0.00305895,22.9084,0.000531858,999.032,2.71396
0.000245806,1119.63,-0.0674321,22.9064,0.000531858,999.033,2.71332
0.000246005,1180.24,-0.0394237,22.9029,0.000531858,999.033,2.71272
0.000246201,1149.04,0.0221325,22.9012,0.000531858,999.034,2.71214
0.000246402,1125.78,0.0140329,22.9001,0.000531858,999.035,2.71157
0.000246605,1114.07,-0.0126807,22.8983,0.000531858,999.035,2.71102
0.000246811,1027.87,-0.0256738,22.8973,0.000531858,999.037,2.7105
0.000247011,924.806,-0.02196,22.8964,0.000531858,999.038,2.71002
0.000247211,867.441,-0.00451473,22.8956,0.000531858,999.039,2.70958
0.000247411,891.788,0.0157348,22.8948,0.000531858,999.04,2.70917
0.000247611,982.418,0.026112,22.894,0.000531858,999.04,2.70879
0.000247811,1082.42,0.0202177,22.8931,0.000531858,999.04,2.70845
0.000248008,1129.96,0.00240078,22.8922,0.000531858,999.04,2.70814
0.000248203,1101.06,-0.016297,22.8913,0.000531858,999.041,2.70787
0.000248405,1009.21,-0.0259556,22.8904,0.000531858,999.042,2.70762
0.000248605,910.915,-0.019458,22.8896,0.000531858,999.043,2.70742
0.000248805,867.04,-0.000790786,22.8888,0.000531858,999.044,2.70725
0.000249005,905.12,0.0183472,22.888,0.000531858,999.045,2.70711
0.000249205,1001.09,0.0259854,22.8871,0.000531858,999.045,2.70701
0.000249405,1094.79,0.0174597,22.8863,0.000531858,999.045,2.70694
0.000249617,1128.16,-0.00277725,22.8853,0.000531858,999.045,2.70692
0.000249805,1083.95,-0.0193006,22.8845,0.000531858,999.046,2.70692
0.000250006,986.25,-0.0255756,22.8836,0.000531858,999.047,2.70697
0.000250206,896.493,-0.0158758,22.8827,0.000531858,999.049,2.70705
0.000250406,870.227,0.00375121,22.8819,0.000531858,999.05,2.70717
0.000250606,923.898,0.0210035,22.8811,0.000531858,999.05,2.70732
0.000250806,1023.66,0.0251078,22.8803,0.000531858,999.05,2.70751
0.000251001,1105.62,0.0140953,22.8795,0.000531858,999.05,2.70773
0.000251212,1122.87,-0.00633032,22.8785,0.000531858,999.05,2.708
0.000251413,1061.56,-0.0219103,22.8776,0.000531858,999.052,2.7083
0.000251617,959.836,-0.0240937,22.8767,0.000531858,999.053,2.70864
0.000251817,883.738,-0.0110376,22.8759,0.000531858,999.054,2.70901
0.000252017,879.154,0.00891329,22.875,0.000531858,999.055,2.70942
0.000252217,948.873,0.0232584,22.8742,0.000531858,999.055,2.70986
0.000252417,1049.02,0.0230689,22.8734,0.000531858,999.055,2.71033
0.000252613,1116.39,0.00898994,22.8726,0.000531858,999.055,2.71083
0.000252813,1113.52,-0.0102506,22.8717,0.000531858,999.056,2.71137
0.00025301,1042.97,-0.0231344,22.8708,0.000531858,999.057,2.71194
0.000253202,-0.0584592,-0.0288669,22.8687,0.000531858,999.058,2.71252
0.000253402,0.352399,0.173392,22.869,0.000531858,999.056,2.71317
0.000253602,0.696849,0.34281,22.8682,0.000531858,999.048,2.71385
0.000253802,1.04123,0.512183,22.8674,0.000531858,999.036,2.71456
0.000254002,1.38549,0.681494,22.8665,0.000531858,999.019,2.7153
0.000254202,1.72964,0.850744,22.8657,0.000531858,998.996,2.71608
0.000254401,1250.02,0.641138,22.8703,0.000531858,998.979,2.71688
0.000254602,1241.72,-0.035537,22.8982,0.000531858,998.98,2.7177
0.000254805,1198.44,0.105463,22.9074,0.000531858,998.981,2.71848
0.000255001,1070.87,0.0887283,22.9126,0.000531858,998.983,2.71915
0.000255208,1048.61,-0.0414672,22.9155,0.000531858,998.983,2.71977
0.000255402,1160.4,-0.119375,22.9146,0.000531858,998.983,2.72028
0.000255602,1236.44,-0.0110365,22.9128,0.000531858,998.983,2.72071
0.000255809,1192.82,0.0989222,22.9139,0.000531858,998.985,2.72109
0.000256003,1071.38,0.0768202,22.9178,0.000531858,998.986,2.72136
0.000256209,1057.13,-0.0455689,22.9199,0.000531858,998.987,2.72157
0.000256404,1164.85,-0.109316,22.9185,0.000531858,998.987,2.7217
0.000256603,1229.97,-0.0012136,22.9165,0.000531858,998.987,2.72177
0.000256804,1170.05,0.103559,22.9175,0.000531858,998.988,2.72176
0.000257007,1074.43,0.0684821,22.9204,0.000531858,998.99,2.72169
0.000257204,1074.38,-0.0657895,22.9218,0.000531858,998.99,2.72157
0.000257405,1170.68,-0.0980838,22.9199,0.000531858,998.99,2.72138
0.000257601,1221.82,0.0191274,22.9177,0.000531858,998.991,2.72114
0.000257803,1155.03,0.0998318,22.9186,0.000531858,998.992,2.72084
0.000258005,1070.28,0.0461551,22.921,0.000531858,998.993,2.72049
0.000258208,1081.93,-0.0645001,22.9214,0.000531858,998.994,2.72009
0.000258401,1185.54,-0.0789589,22.9187,0.000531858,998.994,2.71967
0.000258603,1213.7,0.0257289,22.9167,0.000531858,998.994,2.7192
0.000258801,1137.93,0.0930835,22.9174,0.000531858,998.995,2.7187
0.000259002,1069.82,0.0224634,22.9191,0.000531858,998.996,2.71816
0.000259201,1105.6,-0.0783356,22.9184,0.000531858,998.997,2.7176
0.000259406,1183.84,-0.0699182,22.9156,0.000531858,998.997,2.71699
0.0002596,1200.65,0.0429958,22.9133,0.000531858,998.998,2.7164
0.0002598,1125.16,0.082556,22.9138,0.000531858,998.999,2.71578
0.000260003,1074.41,0.0089311,22.9146,0.000531858,999,2.71513
0.000260204,1114.26,-0.0744773,22.9132,0.000531858,999,2.71448
0.000260405,1188.21,-0.0529595,22.9099,0.000531858,999,2.71383
0.000260603,1190.6,0.0460525,22.9076,0.000531858,999.001,2.71319
0.0002608,1116.16,0.0700768,22.9078,0.000531858,999.002,2.71255
0.000261004,1080.52,-0.000820113,22.9077,0.000531858,999.003,2.7119
0.000261209,1118.7,-0.0672021,22.9056,0.000531858,999.004,2.71126
0.000261406,1180.25,-0.0377023,22.9021,0.000531858,999.004,2.71066
0.000261601,1148.11,0.0221925,22.9004,0.000531858,999.005,2.71009
0.0002618,1125.1,0.0135874,22.8994,0.000531858,999.006,2.70952
0.000262011,1111.35,-0.0133915,22.8975,0.000531858,999.006,2.70896
0.000262215,1024.76,-0.025715,22.8965,0.000531858,999.008,2.70844
0.000262415,922.509,-0.0215408,22.8957,0.000531858,999.009,2.70796
0.000262615,867.386,-0.00389903,22.8948,0.000531858,999.01,2.70752
0.000262815,893.992,0.016161,22.894,0.000531858,999.011,2.70711
0.000263015,985.476,0.0260835,22.8932,0.000531858,999.011,2.70673
0.000263215,1084.41,0.0197585,22.8924,0.000531858,999.011,2.70639
0.00026341,1129.67,0.0019549,22.8915,0.000531858,999.011,2.70608
0.000263603,1100.01,-0.0164018,22.8906,0.000531858,999.012,2.70582
0.000263807,1006.9,-0.0259018,22.8897,0.000531858,999.013,2.70557
0.000264007,909.511,-0.0190891,22.8889,0.000531858,999.015,2.70536
0.000264207,867.416,-0.000338594,22.888,0.000531858,999.016,2.70519
0.000264407,907.021,0.0185993,22.8872,0.000531858,999.016,2.70506
0.000264607,1003.31,0.0258814,22.8864,0.000531858,999.016,2.70496
0.000264807,1095.93,0.0170701,22.8856,0.000531858,999.016,2.70489
0.000265018,1127.53,-0.00304525,22.8846,0.000531858,999.017,2.70486
0.000265204,1082.99,-0.0193453,22.8838,0.000531858,999.018,2.70487
0.000265407,985.097,-0.0254675,22.8829,0.000531858,999.019,2.70492
0.000265607,896.088,-0.0156383,22.882,0.000531858,999.02,2.705
0.000265807,870.809,0.00396868,22.8812,0.000531858,999.021,2.70512
0.000266007,925.083,0.021065,22.8804,0.000531858,999.021,2.70527
0.000266207,1024.69,0.0249764,22.8796,0.000531858,999.021,2.70546
0.0002664,1105.63,0.0139315,22.8787,0.000531858,999.021,2.70568
0.000266603,1123.19,-0.0057173,22.8778,0.000531858,999.022,2.70594
0.000266808,1062.52,-0.0217048,22.8769,0.000531858,999.023,2.70625
0.000267013,961.038,-0.0240818,22.876,0.000531858,999.024,2.70659
0.000267213,884.602,-0.0112069,22.8752,0.000531858,999.026,2.70696
0.000267413,879.12,0.0086687,22.8743,0.000531858,999.026,2.70736
0.000267613,947.948,0.0230919,22.8735,0.000531858,999.027,2.7078
0.000267813,1047.77,0.0230842,22.8727,0.000531858,999.027,2.70828
0.000268013,1116.35,0.0087682,22.8718,0.000531858,999.027,2.70879
0.000268213,1112.68,-0.0104034,22.8709,0.000531858,999.027,2.70933
0.000268414,1039.67,-0.0232845,22.87,0.000531858,999.029,2.70991
0.000268601,0.0169033,0.00852559,22.8684,0.000531858,999.029,2.71048
0.000268803,0.382077,0.18799,22.8683,0.000531858,999.027,2.71113
0.000269003,0.726529,0.357408,22.8675,0.000531858,999.019,2.71181
0.000269203,1.07089,0.52677,22.8667,0.000531858,999.007,2.71252
0.000269403,1.41514,0.696072,22.8658,0.000531858,998.989,2.71327
0.000269603,1.75926,0.865312,22.8649,0.000531858,998.966,2.71404
0.000269805,1249.47,0.559789,22.8721,0.000531858,998.951,2.71486
0.000270004,1211.82,-0.0968905,22.901,0.000531858,998.952,2.71567
0.000270205,1229.09,0.0626471,22.9066,0.000531858,998.953,2.71643
0.000270403,1116.27,0.120547,22.9106,0.000531858,998.955,2.7171
0.000270606,1043.62,0.0112655,22.9145,0.000531858,998.956,2.7177
0.000270802,1113.81,-0.116021,22.915,0.000531858,998.956,2.7182
0.000271,1223.7,-0.0603065,22.9128,0.000531858,998.956,2.71862
0.000271204,1216.29,0.0707332,22.9128,0.000531858,998.957,2.71898
0.000271402,1104.89,0.106449,22.916,0.000531858,998.958,2.71926
0.000271605,1049.95,-0.00403649,22.919,0.000531858,998.959,2.71946
0.0002718,1130.41,-0.111813,22.9186,0.000531858,998.959,2.71958
0.000272005,1217.85,-0.0557583,22.9165,0.000531858,998.96,2.71965
0.000272207,1207.7,0.0704401,22.916,0.000531858,998.96,2.71964
0.000272408,1108.04,0.0989659,22.9185,0.000531858,998.962,2.71956
0.000272605,1058.11,-0.0202137,22.921,0.000531858,998.963,2.71943
0.0002728,1141.99,-0.104197,22.9198,0.000531858,998.963,2.71925
0.000273002,1218.77,-0.0322495,22.9174,0.000531858,998.963,2.719
0.000273201,1185.62,0.0839788,22.9171,0.000531858,998.964,2.7187
0.000273405,1095.01,0.0806985,22.9192,0.000531858,998.965,2.71835
0.000273601,1069.92,-0.0401759,22.9206,0.000531858,998.966,2.71797
0.000273806,1142.74,-0.0958202,22.919,0.000531858,998.966,2.71752
0.000274004,1214.23,-0.0208108,22.9161,0.000531858,998.967,2.71706
0.000274203,1175.09,0.0820448,22.9156,0.000531858,998.968,2.71655
0.000274403,1087.3,0.0616175,22.9173,0.000531858,998.969,2.71602
0.000274606,1076.85,-0.0397597,22.9177,0.000531858,998.97,2.71545
0.000274802,1160.18,-0.0842354,22.9153,0.000531858,998.97,2.71488
0.000275,1209.11,0.00465537,22.9124,0.000531858,998.97,2.71428
0.000275205,1164.65,0.0786444,22.9118,0.000531858,998.971,2.71364
0.000275409,1091.89,0.055841,22.9126,0.000531858,998.973,2.713
0.000275607,1087.87,-0.0469882,22.9124,0.000531858,998.973,2.71237
0.000275805,1164.58,-0.0732657,22.9095,0.000531858,998.973,2.71174
0.000276002,1201.19,0.0130499,22.9065,0.000531858,998.974,2.7111
0.000276201,1146.22,0.0752501,22.9058,0.000531858,998.975,2.71047
0.000276406,1088.11,0.0354344,22.906,0.000531858,998.976,2.70983
0.000276612,1094.03,-0.0427942,22.9048,0.000531858,998.977,2.7092
0.000276805,1162.33,-0.05231,22.9015,0.000531858,998.977,2.70862
0.000277003,1154.6,0.0127287,22.8992,0.000531858,998.978,2.70805
0.000277202,1129.23,0.00198821,22.898,0.000531858,998.979,2.7075
0.000277404,1100.62,-0.0159788,22.8965,0.000531858,998.979,2.70697
0.000277611,1006.3,-0.0258445,22.8955,0.000531858,998.981,2.70645
0.000277811,909.323,-0.0189596,22.8947,0.000531858,998.982,2.70599
0.000278011,867.753,-0.000225686,22.8938,0.000531858,998.983,2.70556
0.000278211,907.658,0.0186246,22.893,0.000531858,998.984,2.70516
0.000278411,1003.83,0.0258046,22.8922,0.000531858,998.984,2.7048
0.000278611,1096.02,0.0169493,22.8914,0.000531858,998.984,2.70446
0.000278806,1128.02,-0.00150691,22.8905,0.000531858,998.984,2.70417
0.000279,1085.97,-0.018789,22.8896,0.000531858,998.985,2.70392
0.000279205,988.022,-0.0255338,22.8887,0.000531858,998.987,2.70368
0.000279405,897.86,-0.0161074,22.8878,0.000531858,998.988,2.70349
0.000279605,870.304,0.00338724,22.887,0.000531858,998.989,2.70333
0.000279805,922.605,0.0207352,22.8862,0.000531858,998.989,2.70321
0.000280005,1021.78,0.0251036,22.8854,0.000531858,998.989,2.70312
0.000280205,1105.83,0.0139073,22.8845,0.000531858,998.989,2.70307
0.000280416,1122.26,-0.00656254,22.8836,0.000531858,998.99,2.70306
0.000280613,1062.32,-0.0217918,22.8827,0.000531858,998.991,2.70308
0.000280806,966.102,-0.0244467,22.8818,0.000531858,998.992,2.70314
0.000281006,886.746,-0.0121925,22.881,0.000531858,998.994,2.70323
0.000281206,876.981,0.00767886,22.8802,0.000531858,998.994,2.70336
0.000281406,942.859,0.0227171,22.8794,0.000531858,998.994,2.70353
0.000281606,1042.9,0.0235547,22.8786,0.000531858,998.994,2.70373
0.000281815,1116.46,0.00895696,22.8776,0.000531858,998.995,2.70398
0.000282015,1113.43,-0.0102942,22.8767,0.000531858,998.995,2.70426
0.000282211,1043.29,-0.023146,22.8758,0.000531858,998.997,2.70456
0.000282407,946.114,-0.0226052,22.875,0.000531858,998.998,2.7049
0.000282607,879.729,-0.00803846,22.8742,0.000531858,998.999,2.70528
0.000282807,887.347,0.0115427,22.8733,0.000531858,999,2.7057
0.000283007,964.078,0.0238753,22.8725,0.000531858,999,2.70615
0.000283207,1061.69,0.0213067,22.8717,0.000531858,999,2.70664
0.000283417,1120.5,0.00470062,22.8708,0.000531858,999,2.70718
0.000283617,1100.92,-0.0137961,22.8699,0.000531858,999.001,2.70774
0.000283805,1025.41,-0.0237684,22.869,0.000531858,999.002,2.70829
0.000284,0.0551083,0.0272196,22.8675,0.000531858,999.003,2.7089
0.000284216,0.419651,0.206472,22.8672,0.000531858,999,2.70961
0.000284416,0.7641,0.375886,22.8664,0.000531858,998.992,2.7103
0.000284616,1.10844,0.545237,22.8656,0.000531858,998.979,2.71103
0.000284816,1.45266,0.714528,22.8647,0.000531858,998.96,2.71178
0.000285016,1.79676,0.883756,22.8639,0.000531858,998.937,2.71257
0.000285202,1249.36,0.546292,22.8716,0.000531858,998.925,2.71334
0.000285408,1190.98,-0.115241,22.9016,0.000531858,998.926,2.71418
0.000285602,1233.07,0.0526648,22.9057,0.000531858,998.926,2.71492
0.000285801,1126.81,0.123309,22.9094,0.000531858,998.928,2.7156
0.000286006,1046.34,0.0312462,22.9134,0.000531858,998.929,2.71621
0.000286201,1101.6,-0.110443,22.9144,0.000531858,998.93,2.71672
0.000286404,1208.23,-0.0854529,22.9126,0.000531858,998.93,2.71716
0.000286604,1224.14,0.055178,22.9119,0.000531858,998.93,2.71752
0.000286804,1124.35,0.113876,22.9146,0.000531858,998.932,2.7178
0.000287001,1049.82,0.00311303,22.918,0.000531858,998.933,2.718
0.000287203,1109.77,-0.105577,22.9181,0.000531858,998.933,2.71813
0.000287403,1211.39,-0.0680598,22.9159,0.000531858,998.933,2.7182
0.000287602,1210.31,0.0666863,22.9151,0.000531858,998.934,2.71819
0.000287801,1107.94,0.0992042,22.9177,0.000531858,998.935,2.71813
0.000288004,1056.42,-0.004429,22.92,0.000531858,998.937,2.718
0.000288209,1109.56,-0.0965175,22.9197,0.000531858,998.937,2.7178
0.000288401,1214.42,-0.0460797,22.9168,0.000531858,998.937,2.71757
0.000288601,1195.87,0.0741167,22.9161,0.000531858,998.938,2.71728
0.000288806,1109.57,0.0912105,22.9179,0.000531858,998.939,2.71692
0.000289002,1064.73,-0.0219342,22.9197,0.000531858,998.94,2.71654
0.000289204,1132.1,-0.0954881,22.9184,0.000531858,998.94,2.71611
0.000289406,1209.22,-0.0400448,22.9156,0.000531858,998.941,2.71564
0.000289607,1192.1,0.0669819,22.9145,0.000531858,998.941,2.71513
0.000289805,1099.92,0.0754929,22.9161,0.000531858,998.943,2.7146
0.000290008,1071.31,-0.0218415,22.9169,0.000531858,998.944,2.71404
0.000290202,1148.54,-0.0873527,22.9148,0.000531858,998.944,2.71347
0.000290403,1208.15,-0.0167009,22.9118,0.000531858,998.944,2.71286
0.000290603,1171.66,0.075059,22.9109,0.000531858,998.945,2.71225
0.000290807,1097.77,0.0633329,22.9116,0.000531858,998.946,2.7116
0.000291003,1084.49,-0.0411767,22.9117,0.000531858,998.947,2.71098
0.000291205,1153.55,-0.0778034,22.909,0.000531858,998.947,2.71033
0.000291403,1202.36,-0.00283858,22.9058,0.000531858,998.948,2.7097
0.000291604,1160.91,0.0714123,22.9047,0.000531858,998.949,2.70906
0.0002918,1089.42,0.0390578,22.9051,0.000531858,998.95,2.70845
0.000292005,1093.26,-0.0422137,22.9041,0.000531858,998.951,2.70782
0.000292201,1159.09,-0.0567701,22.9009,0.000531858,998.951,2.70723
0.0002924,1156.59,0.0109681,22.8984,0.000531858,998.952,2.70665
0.000292602,1129.76,0.000873139,22.8972,0.000531858,998.953,2.7061
0.000292802,1104.14,-0.0154947,22.8957,0.000531858,998.954,2.70557
0.000293016,1007.26,-0.0260772,22.8947,0.000531858,998.955,2.70504
0.000293216,909.122,-0.0192637,22.8938,0.000531858,998.956,2.70458
0.000293416,866.494,-0.000410142,22.893,0.000531858,998.957,2.70415
0.000293616,906.109,0.0186751,22.8922,0.000531858,998.958,2.70375
0.000293816,1002.94,0.0260569,22.8914,0.000531858,998.958,2.70338
0.000294016,1096.31,0.0172415,22.8905,0.000531858,998.958,2.70305
0.000294218,1128.96,-0.00212485,22.8896,0.000531858,998.958,2.70275
0.00029441,1085.16,-0.0192423,22.8887,0.000531858,998.959,2.7025
0.000294615,985.647,-0.0257313,22.8878,0.000531858,998.961,2.70227
0.000294815,895.492,-0.0159052,22.887,0.000531858,998.962,2.70207
0.000295015,869.406,0.00386313,22.8862,0.000531858,998.963,2.70192
0.000295215,923.716,0.0211863,22.8854,0.000531858,998.963,2.7018
0.000295415,1024.17,0.025248,22.8845,0.000531858,998.963,2.70171
0.000295615,1107.98,0.0136572,22.8837,0.000531858,998.964,2.70166
0.000295804,1125.41,-0.00489181,22.8828,0.000531858,998.964,2.70165
0.000296007,1068.06,-0.0213677,22.8819,0.000531858,998.965,2.70167
0.000296214,965.066,-0.0246312,22.881,0.000531858,998.967,2.70173
0.000296414,885.348,-0.0121746,22.8801,0.000531858,998.968,2.70182
0.000296614,876.076,0.00788832,22.8793,0.000531858,998.969,2.70195
0.000296814,942.992,0.0229864,22.8785,0.000531858,998.969,2.70212
0.000297014,1043.96,0.0237148,22.8777,0.000531858,998.969,2.70232
0.000297209,1115.21,0.0101318,22.8768,0.000531858,998.969,2.70256
0.000297409,1116.75,-0.00931711,22.8759,0.000531858,998.97,2.70283
0.000297603,1050.18,-0.0228157,22.8751,0.000531858,998.971,2.70313
0.000297818,943.597,-0.0226193,22.8741,0.000531858,998.973,2.7035
0.000298018,877.937,-0.00768933,22.8733,0.000531858,998.974,2.70388
0.000298218,887.382,0.0120363,22.8725,0.000531858,998.974,2.7043
0.000298418,965.891,0.0242041,22.8717,0.000531858,998.975,2.70475
0.000298618,1064.12,0.0212663,22.8708,0.000531858,998.975,2.70524
0.000298803,1119.2,0.00667673,22.87,0.000531858,998.975,2.70572
0.000299003,1107.15,-0.0122486,22.8691,0.000531858,998.976,2.70627
0.000299218,1021.85,-0.0241371,22.8681,0.000531858,998.977,2.70691
0.0002994,0.0546821,0.0270086,22.8667,0.000531858,998.978,2.70747
0.000299618,0.421824,0.207541,22.8664,0.000531858,998.975,2.70819
0.000299818,0.766265,0.376951,22.8656,0.000531858,998.966,2.70888
0.0003,1.0803,0.531395,22.8648,0.000531858,998.955,2.70954
0.000300207,1.43658,0.70662,19.7829,0.000531858,998.936,2.71143
0.000300407,1.78077,0.875894,19.3518,0.000531858,998.913,2.7165
0.00030061,1248.45,0.408238,19.1346,0.000531858,998.901,2.7248
0.000300802,1035.91,-0.120875,18.9581,0.000531858,998.903,2.73543
0.000301005,1181.49,-0.131496,18.7458,0.000531858,998.903,2.74935
0.000301203,1229.24,0.0487307,18.5386,0.000531858,998.903,2.7655
0.000301406,1120.8,0.148591,18.3326,0.000531858,998.905,2.78452
0.000301603,999.133,0.0396079,18.1375,0.000531858,998.907,2.80517
0.000301805,1042.37,-0.117062,17.9356,0.000531858,998.907,2.82853
0.000302008,1173.5,-0.119905,17.7327,0.000531858,998.907,2.85387
0.000302202,1211.39,0.0588772,17.5402,0.000531858,998.907,2.87996
0.000302405,1102.32,0.138285,17.3451,0.000531858,998.909,2.909
0.000302606,1000.78,0.0347486,17.1563,0.000531858,998.91,2.93926
0.0003028,1063.96,-0.12452,16.973,0.000531858,998.911,2.96986
0.000303007,1173.72,-0.100923,16.7766,0.000531858,998.911,3.00395
0.000303203,1193.38,0.0657291,16.5935,0.000531858,998.911,3.03737
0.000303401,1072.77,0.122588,16.4143,0.000531858,998.913,3.07235
0.000303605,1000.44,0.011466,16.2322,0.000531858,998.914,3.10947
0.000303803,1068.09,-0.117705,16.0547,0.000531858,998.914,3.14641
0.000304007,1172.64,-0.0804131,15.8711,0.000531858,998.914,3.18543
0.000304202,1172.5,0.0752827,15.6984,0.000531858,998.915,3.22354
0.000304403,1062.48,0.109568,15.5264,0.000531858,998.917,3.26347
0.000304604,1002.92,-0.00599954,15.3561,0.000531858,998.918,3.30418
0.000304801,1081.26,-0.112975,15.1888,0.000531858,998.918,3.34442
0.000305002,1173.92,-0.0506469,15.0173,0.000531858,998.918,3.38616
0.000305207,1161.07,0.0692477,14.8461,0.000531858,998.919,3.42923
0.000305408,1060.16,0.100548,14.6831,0.000531858,998.92,3.47181
0.000305603,1007.24,-0.0223589,14.5271,0.000531858,998.921,3.51346
0.000305803,1081.23,-0.104241,14.365,0.000531858,998.922,3.55663
0.000306007,1161.69,-0.0477217,14.2009,0.000531858,998.922,3.60065
0.000306212,1150.79,0.0627769,14.039,0.000531858,998.923,3.64517
0.000306404,1042.35,0.0820091,13.8922,0.000531858,998.924,3.68696
0.0003066,1013.49,-0.0368778,13.7426,0.000531858,998.925,3.72997
0.000306804,1084.97,-0.0958544,13.5867,0.000531858,998.925,3.77452
0.000307005,1155.46,-0.0296699,13.4332,0.000531858,998.925,3.81857
0.000307204,1125.22,0.0756993,13.2845,0.000531858,998.926,3.8622
0.000307408,1041.79,0.0752464,13.1365,0.000531858,998.928,3.90675
0.000307604,1015,-0.033356,12.995,0.000531858,998.929,3.94974
0.000307806,1083.52,-0.0874754,12.8486,0.000531858,998.929,3.99372
0.000308,1147.85,-0.00895123,12.708,0.000531858,998.929,4.03594
0.000308208,1115.75,0.069927,12.5618,0.000531858,998.93,4.08088
0.000308402,1028.15,0.0545542,12.4286,0.000531858,998.932,4.12277
0.000308609,1016.66,-0.0302713,12.2869,0.000531858,998.932,4.16725
0.000308803,1090.14,-0.0775592,12.1529,0.000531858,998.933,4.20884
0.000309004,1137.14,-0.00818571,12.0154,0.000531858,998.933,4.25163
0.000309202,1095,0.0714523,11.8835,0.000531858,998.934,4.29343
0.000309406,1028.76,0.0493858,11.7507,0.000531858,998.935,4.33619
0.000309603,1025.26,-0.0429407,11.6229,0.000531858,998.936,4.37729
0.000309801,1093.73,-0.0662836,11.4939,0.000531858,998.936,4.41822
0.000310002,1126.95,0.00344541,11.3635,0.000531858,998.937,4.45967
0.000310206,1088.82,0.0638926,11.2348,0.000531858,998.938,4.50124
0.0003104,1022.32,0.0312905,11.1152,0.000531858,998.939,4.54048
0.000310607,1026.39,-0.0379221,10.9879,0.000531858,998.94,4.58189
0.000310805,1087.16,-0.0586228,10.8659,0.000531858,998.94,4.6211
0.000311006,1116.09,0.00299366,10.7426,0.000531858,998.94,4.66076
0.000311201,1071.34,0.0587013,10.6266,0.000531858,998.941,4.69866
0.000311403,1024.42,0.0256309,10.508,0.000531858,998.943,4.73773
0.00031161,1032.29,-0.0278099,10.3871,0.000531858,998.943,4.77725
0.000311807,1073.38,-0.0295517,10.2721,0.000531858,998.944,4.81445
0.000312001,1078.97,0.00423753,10.1607,0.000531858,998.944,4.85063
0.000312202,1060.4,0.00796809,10.0472,0.000531858,998.945,4.88775
0.000312401,1056.56,-0.000413474,9.93571,0.000531858,998.946,4.9242
0.000312608,1036.74,-0.00876204,9.82135,0.000531858,998.947,4.96155
0.000312802,994.604,-0.0114843,9.71524,0.000531858,998.948,4.99625
0.000313002,953.842,-0.00736,9.60721,0.000531858,998.949,5.03156
0.000313202,940.82,0.00134192,9.5004,0.000531858,998.95,5.06646
0.000313402,963.636,0.00919528,9.39478,0.000531858,998.95,5.10092
0.000313602,1007.99,0.0113163,9.29033,0.000531858,998.951,5.13496
0.000313802,1046.32,0.00645758,9.18702,0.000531858,998.951,5.16858
0.000314002,1055.43,-0.00212508,9.08448,0.000531858,998.952,5.20188
0.000314202,1030.67,-0.00941884,8.98354,0.000531858,998.953,5.2346
0.000314402,986.303,-0.0111208,8.88364,0.000531858,998.954,5.26693
0.000314612,948.228,-0.00551064,8.77985,0.000531858,998.955,5.30045
0.000314801,0.121609,0.0598649,8.68704,0.000531858,998.955,5.33014
0.00031501,0.466665,0.229595,8.58677,0.000531858,998.951,5.36249
0.00031521,0.811081,0.398992,8.49132,0.000531858,998.942,5.39289
0.00031541,1.15539,0.568327,8.3969,0.000531858,998.928,5.42243
0.00031561,1.49958,0.737601,8.30352,0.000531858,998.909,5.45023
0.00031581,1.84364,0.906813,8.21119,0.000531858,998.885,5.47425
0.00031601,2.18758,1.07596,8.11988,0.000531858,998.856,5.49155
0.00031621,2.53138,1.24505,8.02959,0.000531858,998.822,5.50111
0.00031641,2.87506,1.41407,7.9403,0.000531858,998.783,5.50537
0.000316601,1254.74,1.41184,7.85764,0.000531858,998.742,5.50717
0.000316811,1246.14,0.0834753,7.80939,0.000531858,998.743,5.50823
0.000317004,1002.58,0.229946,7.74863,0.000531858,998.745,5.5089
0.000317205,864.455,0.00710268,7.67276,0.000531858,998.747,5.50949
0.000317404,997.051,-0.218549,7.59194,0.000531858,998.747,5.51004
0.000317602,1202.88,-0.119666,7.50727,0.000531858,998.746,5.51055
0.000317809,1201.39,0.114762,7.42351,0.000531858,998.747,5.51106
0.000318002,979.633,0.201428,7.35223,0.000531858,998.75,5.51153
0.000318204,874.831,-0.011049,7.27869,0.000531858,998.751,5.51199
0.000318406,999.289,-0.204759,7.20096,0.000531858,998.751,5.51244
0.000318604,1191.18,-0.110184,7.12076,0.000531858,998.751,5.51286
0.000318805,1174.02,0.133427,7.04375,0.000531858,998.752,5.51328
0.000319005,985.178,0.189435,6.97334,0.000531858,998.754,5.51368
0.000319206,884.64,-0.0139189,6.90424,0.000531858,998.756,5.51406
0.000319408,1002.18,-0.191198,6.83045,0.000531858,998.756,5.51444
0.000319601,1188.86,-0.0783604,6.75586,0.000531858,998.755,5.51479
0.000319809,1166.47,0.118375,6.6809,0.000531858,998.756,5.51515
0.000320005,973.404,0.167816,6.61644,0.000531858,998.758,5.51548
0.000320205,896.28,-0.033495,6.55074,0.000531858,998.76,5.51581
0.000320402,1038.45,-0.184188,6.48172,0.000531858,998.76,5.51612
0.000320603,1178.47,-0.0659149,6.40908,0.000531858,998.759,5.51643
0.000320809,1147.24,0.121505,6.33887,0.000531858,998.76,5.51673
0.000321003,959.913,0.14236,6.27878,0.000531858,998.763,5.51701
0.000321207,906.559,-0.0377313,6.21467,0.000531858,998.764,5.5173
0.000321402,1047.98,-0.16996,6.14952,0.000531858,998.764,5.51756
0.000321603,1170.69,-0.0433067,6.08117,0.000531858,998.764,5.51783
0.000321805,1118.19,0.133345,6.01628,0.000531858,998.765,5.51809
0.000322008,968.074,0.134721,5.95606,0.000531858,998.767,5.51834
0.000322207,918.274,-0.0501843,5.89728,0.000531858,998.768,5.51858
0.000322404,1051.75,-0.156697,5.83483,0.000531858,998.768,5.51881
0.000322606,1158.84,-0.0419011,5.7697,0.000531858,998.768,5.51905
0.000322806,1105.79,0.127656,5.70904,0.000531858,998.769,5.51927
0.000323,947.479,0.0985309,5.65523,0.000531858,998.771,5.51948
0.000323206,929.298,-0.0588233,5.59652,0.000531858,998.772,5.5197
0.000323402,1062.14,-0.142329,5.53727,0.000531858,998.772,5.5199
0.000323603,1151.57,-0.0144115,5.47625,0.000531858,998.772,5.5201
0.000323802,1079.34,0.130572,5.41968,0.000531858,998.774,5.52029
0.000324003,951.953,0.0898211,5.36627,0.000531858,998.775,5.52049
0.000324202,946.88,-0.0786513,5.31273,0.000531858,998.776,5.52067
0.000324405,1060.43,-0.130841,5.25457,0.000531858,998.776,5.52085
0.000324601,1141.56,0.00436778,5.19795,0.000531858,998.777,5.52102
0.000324805,1072.76,0.121297,5.14334,0.000531858,998.778,5.5212
0.000325008,959.051,0.0859541,5.09202,0.000531858,998.78,5.52137
0.000325204,954.021,-0.0758077,5.04205,0.000531858,998.78,5.52153
0.000325402,1072.81,-0.114426,4.988,0.000531858,998.78,5.52169
0.000325605,1131.77,0.00406444,4.93314,0.000531858,998.781,5.52184
0.000325809,1068.37,0.111848,4.88139,0.000531858,998.782,5.522
0.000326001,948.856,0.0532434,4.83603,0.000531858,998.784,5.52214
0.000326209,956.796,-0.0665894,4.78501,0.000531858,998.785,5.52229
0.000326406,1067.96,-0.105715,4.7342,0.000531858,998.785,5.52242
0.000326601,1120.71,0.0239848,4.68395,0.000531858,998.785,5.52256
0.000326801,1041.07,0.110093,4.63635,0.000531858,998.786,5.52269
0.000327005,954.523,0.0505156,4.5901,0.000531858,998.788,5.52283
0.000327211,962.998,-0.0644678,4.54226,0.000531858,998.789,5.52296
0.000327401,1078.73,-0.0876154,4.49529,0.000531858,998.789,5.52307
0.000327604,1112.43,0.0220606,4.44632,0.000531858,998.789,5.5232
0.000327805,1039.04,0.101517,4.4012,0.000531858,998.791,5.52332
0.000328,952.952,0.0274074,4.35953,0.000531858,998.792,5.52343
0.000328202,984.491,-0.0807892,4.31462,0.000531858,998.793,5.52354
0.000328405,1073.57,-0.0808647,4.26758,0.000531858,998.793,5.52366
0.000328608,1104.74,0.0202601,4.22125,0.000531858,998.793,5.52377
0.000328802,1024.77,0.0939294,4.18016,0.000531858,998.795,5.52387
0.000329004,957.678,0.0253678,4.13895,0.000531858,998.796,5.52397
0.000329205,986.549,-0.0743311,4.09639,0.000531858,998.797,5.52408
0.000329408,1068.78,-0.0746271,4.05191,0.000531858,998.797,5.52418
0.000329603,1093.37,0.0352482,4.00964,0.000531858,998.798,5.52427
0.000329805,1023.91,0.0866033,3.96912,0.000531858,998.799,5.52437
0.000330005,961.141,0.0195089,3.93051,0.000531858,998.8,5.52446
0.000330201,2.23591,1.09916,3.86623,0.000531858,998.792,5.52455
0.000330411,2.60979,1.28364,3.80083,0.000531858,998.755,5.52464
0.000330611,2.95344,1.45262,3.75761,0.000531858,998.715,5.52472
0.000330801,1253.81,1.28182,3.72143,0.000531858,998.678,5.5248
0.000331003,1216.88,-0.136306,3.72991,0.000531858,998.679,5.52489
0.000331205,1183.24,0.179954,3.70055,0.000531858,998.68,5.52497
0.000331406,940.601,0.237426,3.66953,0.000531858,998.683,5.52505
0.000331603,824.905,-0.0533873,3.63973,0.000531858,998.685,5.52513
0.000331803,1008.24,-0.252465,3.60222,0.000531858,998.684,5.5252
0.000332003,1211.47,-0.0941514,3.56106,0.000531858,998.684,5.52527
0.000332212,1183.98,0.147299,3.52296,0.000531858,998.685,5.52535
0.000332401,915.208,0.200518,3.49598,0.000531858,998.688,5.52542
0.000332605,836.981,-0.050052,3.46563,0.000531858,998.689,5.52549
0.000332803,1015.74,-0.236519,3.43019,0.000531858,998.689,5.52556
0.000333005,1196.78,-0.0919626,3.39108,0.000531858,998.688,5.52562
0.000333201,1130.63,0.188286,3.35758,0.000531858,998.69,5.52569
0.000333406,932.493,0.195282,3.3286,0.000531858,998.692,5.52575
0.000333607,849.375,-0.0487883,3.3006,0.000531858,998.694,5.52581
0.0003338,1039.59,-0.219542,3.26726,0.000531858,998.693,5.52587
0.000334005,1187.56,-0.073674,3.23016,0.000531858,998.693,5.52593
0.000334203,1117.73,0.178865,3.19853,0.000531858,998.694,5.52599
0.000334407,930.129,0.175309,3.1713,0.000531858,998.697,5.52605
0.000334607,864.024,-0.0598192,3.1446,0.000531858,998.698,5.52611
0.000334803,1036.65,-0.203797,3.11253,0.000531858,998.698,5.52616
0.000335004,1180.11,-0.0461714,3.07781,0.000531858,998.697,5.52621
0.000335202,1097.44,0.175106,3.04824,0.000531858,998.699,5.52627
0.000335408,930.272,0.157166,3.02202,0.000531858,998.701,5.52632
0.000335603,885.382,-0.0874217,2.9973,0.000531858,998.702,5.52637
0.000335805,1040.1,-0.187669,2.96589,0.000531858,998.702,5.52642
0.000336002,1170.42,-0.0192835,2.93343,0.000531858,998.702,5.52647
0.000336201,1076.36,0.17002,2.90585,0.000531858,998.703,5.52651
0.000336403,911.819,0.116799,2.88219,0.000531858,998.706,5.52656
0.000336601,906.073,-0.103256,2.85736,0.000531858,998.706,5.52661
0.000336804,1053.87,-0.169841,2.8271,0.000531858,998.706,5.52665
0.000337,1158.97,0.00661456,2.79673,0.000531858,998.706,5.52669
0.000337204,1069.37,0.158025,2.77022,0.000531858,998.708,5.52674
0.000337407,921.722,0.111075,2.74736,0.000531858,998.71,5.52678
0.000337607,908.58,-0.0851318,2.72368,0.000531858,998.711,5.52682
0.000337803,1063.74,-0.152483,2.69565,0.000531858,998.711,5.52686
0.000338006,1148.13,-0.00511461,2.66656,0.000531858,998.711,5.5269
0.000338206,1063.84,0.147068,2.64175,0.000531858,998.712,5.52694
0.000338409,927.544,0.102034,2.62,0.000531858,998.714,5.52698
0.000338605,923.659,-0.0926086,2.59791,0.000531858,998.715,5.52701
0.000338803,1067.07,-0.137528,2.57099,0.000531858,998.715,5.52705
0.000339006,1137.65,0.00635122,2.54361,0.000531858,998.715,5.52709
0.000339209,1058.32,0.136437,2.51992,0.000531858,998.717,5.52712
0.000339403,918.179,0.0658049,2.5009,0.000531858,998.719,5.52716
0.000339608,931.534,-0.087382,2.47822,0.000531858,998.72,5.52719
0.0003398,1079.17,-0.116243,2.453,0.000531858,998.719,5.52722
0.000340002,1125.56,0.0289695,2.42744,0.000531858,998.72,5.52725
0.000340205,1034.58,0.132126,2.40562,0.000531858,998.721,5.52729
0.000340406,924.767,0.0594746,2.38632,0.000531858,998.723,5.52732
0.000340601,956.297,-0.103368,2.36564,0.000531858,998.724,5.52735
0.000340803,1075.75,-0.105786,2.34094,0.000531858,998.724,5.52738
0.000341006,1116.68,0.0268729,2.31674,0.000531858,998.724,5.52741
0.000341201,1015.29,0.123224,2.29715,0.000531858,998.726,5.52743
0.000341401,924.23,0.0319773,2.2789,0.000531858,998.727,5.52746
0.000341602,965.215,-0.0996392,2.25823,0.000531858,998.728,5.52749
0.000341807,1068.9,-0.0990647,2.23466,0.000531858,998.728,5.52752
0.000342001,1102.98,0.0462538,2.21252,0.000531858,998.729,5.52754
0.000342203,1011.85,0.113562,2.19343,0.000531858,998.73,5.52757
0.000342405,931.081,0.0304308,2.17579,0.000531858,998.732,5.52759
0.000342606,966.82,-0.0903397,2.15617,0.000531858,998.732,5.52762
0.000342809,1066.12,-0.0899945,2.134,0.000531858,998.733,5.52764
0.000343004,1095.7,0.0429826,2.11304,0.000531858,998.733,5.52767
0.000343206,1011.74,0.104788,2.0949,0.000531858,998.735,5.52769
0.000343402,934.582,0.0118434,2.07894,0.000531858,998.736,5.52771
0.000343609,969.976,-0.0832002,2.0595,0.000531858,998.737,5.52774
0.000343801,1078.29,-0.0647215,2.03903,0.000531858,998.737,5.52776
0.000344007,1089.11,0.0395445,2.01873,0.000531858,998.738,5.52778
0.000344202,998.05,0.0941356,2.00246,0.000531858,998.739,5.5278
0.000344405,940.411,0.0110302,1.9863,0.000531858,998.74,5.52782
0.000344603,989.285,-0.0876346,1.96849,0.000531858,998.741,5.52784
0.000344804,1072.93,-0.0597834,1.94853,0.000531858,998.741,5.52786
0.000345011,1083,0.036374,1.92932,0.000531858,998.742,5.52788
0.000345206,998.998,0.0868638,1.91386,0.000531858,998.743,5.5279
0.000345401,945.302,-0.00374576,1.89919,0.000531858,998.745,5.52792
0.000345601,2.62141,1.28902,1.85088,0.000531858,998.734,5.52794
0.000345818,3.04417,1.49728,1.80608,0.000531858,998.689,5.52796
0.000346001,539.066,1.57677,1.78705,0.000531858,998.647,5.52797
0.000346207,1246.41,0.137378,1.81031,0.000531858,998.642,5.52799
0.000346401,934.934,0.26309,1.81942,0.000531858,998.646,5.52801
0.000346602,795.112,-0.0167028,1.81141,0.000531858,998.648,5.52803
0.000346805,951.126,-0.258153,1.79542,0.000531858,998.647,5.52804
0.000347003,1195.59,-0.144024,1.77433,0.000531858,998.647,5.52806
0.000347205,1181.7,0.161341,1.75709,0.000531858,998.648,5.52807
0.000347404,937.727,0.240805,1.7476,0.000531858,998.65,5.52809
0.000347605,809.719,-0.0145541,1.73878,0.000531858,998.652,5.52811
0.000347801,981.911,-0.249416,1.7235,0.000531858,998.652,5.52812
0.000348005,1183.9,-0.133299,1.70371,0.000531858,998.651,5.52814
0.000348206,1167.56,0.154989,1.68748,0.000531858,998.652,5.52815
0.000348406,943.413,0.225106,1.67828,0.000531858,998.655,5.52816
0.000348606,823.453,-0.0154169,1.66988,0.000531858,998.657,5.52818
0.000348806,969.697,-0.228537,1.65545,0.000531858,998.656,5.52819
0.000349004,1179.88,-0.106206,1.63655,0.000531858,998.656,5.5282
0.000349203,1142.15,0.163809,1.62177,0.000531858,998.657,5.52822
0.0003494,915.098,0.187896,1.61398,0.000531858,998.66,5.52823
0.000349601,843.099,-0.0602479,1.60528,0.000531858,998.661,5.52824
0.000349805,991.872,-0.216444,1.59064,0.000531858,998.661,5.52825
0.000350004,1172.18,-0.0866317,1.57289,0.440841,998.661,5.52827
0.000350204,1126.15,0.159429,1.55917,0.992629,998.662,5.52828
0.000350406,931.886,0.181642,1.55101,1.48146,998.664,5.52829
0.000350607,851.52,-0.0381707,1.54286,1.90837,998.666,5.5283
0.000350805,1001.37,-0.202214,1.52926,2.27974,998.665,5.52831
0.000351,1168.82,-0.050191,1.51246,2.60139,998.665,5.52832
0.000351201,1099.93,0.164726,1.50014,2.8927,998.667,5.52833
0.000351406,927.837,0.161148,1.4922,3.15307,998.669,5.52835
0.000351602,871.252,-0.0692984,1.48446,3.37318,998.67,5.52836
0.000351803,1021.72,-0.187193,1.47087,3.57068,998.67,5.52837
0.000352005,1155.77,-0.0506752,1.45521,3.74467,998.67,5.52838
0.000352206,1096.72,0.149069,1.44341,3.89729,998.671,5.52839
0.000352409,933.403,0.148338,1.43593,4.03261,998.673,5.5284
0.000352605,883.148,-0.0683454,1.42853,4.1474,998.675,5.5284
0.000352806,1022.05,-0.172839,1.41561,4.25122,998.674,5.52841
0.000353001,1149.05,-0.0189895,1.40085,4.3397,998.674,5.52842
0.000353208,1086.7,0.140548,1.3898,4.42198,998.676,5.52843
0.000353401,912.84,0.10828,1.38392,4.48982,998.678,5.52844
0.000353608,893.322,-0.064736,1.37542,4.55328,998.679,5.52845
0.000353804,1039.81,-0.156481,1.36303,4.6063,998.679,5.52846
0.000354004,1138.55,-0.0157149,1.34929,4.654,998.679,5.52847
0.000354203,1059.08,0.143902,1.33954,4.69566,998.68,5.52847
0.000354404,919.43,0.0988874,1.33316,4.73265,998.682,5.52848
0.000354602,914.361,-0.0868378,1.32539,4.7647,998.683,5.52849
0.000354806,1039.63,-0.143919,1.31327,4.79361,998.683,5.5285
0.000355002,1129.17,0.00512103,1.30039,4.81807,998.684,5.5285
0.000355206,1053.63,0.133682,1.29114,4.84045,998.685,5.52851
0.000355409,928.574,0.0944848,1.28479,4.85999,998.687,5.52852
0.000355604,923.811,-0.0839589,1.27756,4.87655,998.688,5.52853
0.000355802,1055.21,-0.125698,1.2659,4.89132,998.688,5.52853
0.000356005,1119.94,0.00564,1.25393,4.90459,998.688,5.52854
0.000356208,1047.66,0.124616,1.24523,4.91627,998.69,5.52855
0.000356402,919.572,0.0603395,1.24008,4.92609,998.691,5.52855
0.000356607,930.475,-0.077734,1.23211,4.93523,998.692,5.52856
0.000356806,1051.69,-0.116025,1.22111,4.94297,998.692,5.52857
0.000357002,1109.57,0.0246226,1.20993,4.94972,998.693,5.52857
0.000357202,1022.13,0.121438,1.20238,4.95577,998.694,5.52858
0.000357405,926.501,0.0558713,1.19655,4.96118,998.696,5.52858
0.000357611,936.334,-0.0714971,1.18896,4.96597,998.697,5.52859
0.000357801,1063.67,-0.096946,1.17844,4.96988,998.697,5.52859
0.000358005,1101.85,0.0225893,1.16803,4.97356,998.697,5.5286
0.000358206,1023.24,0.111776,1.16075,4.97674,998.699,5.52861
0.000358408,932.208,0.0501217,1.15527,4.97955,998.7,5.52861
0.0003586,963.207,-0.0910511,1.14829,4.98191,998.701,5.52862
0.000358804,1060.02,-0.0890162,1.13806,4.98411,998.701,5.52862
0.000359,1090.1,0.0400711,1.12844,4.98597,998.702,5.52863
0.000359202,1007.92,0.103966,1.12187,4.98765,998.703,5.52863
0.000359403,932.08,0.0269725,1.11666,4.98912,998.705,5.52864
0.000359603,966.631,-0.0839899,1.10937,4.99041,998.705,5.52864
0.000359807,1056.02,-0.0821996,1.09971,4.99157,998.706,5.52865
0.000360004,1083.88,0.0368371,1.09063,4.99254,998.706,5.52865
0.000360205,1008.06,0.095968,1.08435,4.99342,998.708,5.52866
0.000360406,937.974,0.0249336,1.07933,4.99419,998.709,5.52866
0.000360606,969.784,-0.077465,1.07241,4.99487,998.71,5.52866
0.0003608,1066.31,-0.0607133,1.06318,4.99544,998.71,5.52867
0.000361007,1078.12,0.0338506,1.0547,4.99598,998.711,5.52867
0.000361201,995.543,0.0865703,1.04925,4.99643,998.712,5.52868
0.000361402,941.293,0.00921472,1.04428,4.99683,998.714,5.52868
0.00036161,972.686,-0.0714371,1.03729,4.9972,998.714,5.52869
0.000361803,1061.78,-0.0561329,1.02859,4.9975,998.714,5.52869
0.00036201,1072.8,0.0310928,1.02056,4.99778,998.715,5.52869
0.000362204,996.607,0.0799212,1.01535,4.99802,998.717,5.5287
0.000362405,946.465,0.00854784,1.01057,4.99823,998.718,5.5287
0.000362603,989.14,-0.0746163,1.00402,4.99841,998.718,5.5287
0.000362806,1057.59,-0.0519037,0.995716,4.99858,998.719,5.52871
0.000363003,1060.55,0.0452302,0.988433,4.99872,998.72,5.52871
0.000363201,987.846,0.0700644,0.983585,4.99885,998.721,5.52871
0.000363402,950.948,-0.0036252,0.978848,4.99896,998.722,5.52872
0.000363606,990.541,-0.0688305,0.972309,4.99906,998.723,5.52872
0.000363809,1053.72,-0.0479989,0.964469,4.99914,998.723,5.52872
0.000364006,1056.63,0.0415474,0.95757,4.99922,998.724,5.52873
0.000364204,989.472,0.0646891,0.952925,4.99928,998.725,5.52873
0.000364405,955.363,-0.00330151,0.94838,4.99934,998.727,5.52873
0.000364609,991.827,-0.0634877,0.942172,4.99939,998.727,5.52874
0.000364803,1057.42,-0.0315406,0.934748,4.99944,998.728,5.52874
0.000365009,1053,0.0381464,0.928226,4.99948,998.729,5.52874
0.000365207,990.969,0.0597268,0.923776,4.99951,998.73,5.52875
0.000365402,960.444,-0.0130328,0.91967,4.99954,998.731,5.52875
0.000365603,1004.72,-0.062024,0.913558,4.99957,998.731,5.52875
0.000365806,1053.56,-0.0292203,0.906511,4.99959,998.732,5.52875
0.000366012,1049.65,0.0350057,0.90032,4.99962,998.733,5.52876
0.000366202,983.977,0.0497753,0.896511,4.99963,998.734,5.52876
0.000366405,964.11,-0.0119743,0.892115,4.99965,998.735,5.52876
0.000366606,1004.9,-0.0572263,0.886317,4.99966,998.736,5.52876
0.000366801,1053.69,-0.0160067,0.879684,4.99967,998.736,5.52877
0.000367003,1036.77,0.0447075,0.874203,4.99969,998.737,5.52877
0.000367205,985.9,0.0459871,0.870117,4.9997,998.739,5.52877
0.0003674,969.959,-0.0209813,0.866149,4.9997,998.74,5.52877
0.000367602,1012.23,-0.0530878,0.860418,4.99971,998.74,5.52878
0.000367804,1050.11,-0.0149724,0.85414,4.99972,998.741,5.52878
0.000368006,1034.72,0.0410881,0.848925,4.99972,998.742,5.52878
0.000368208,987.689,0.0425033,0.845008,4.99973,998.743,5.52878
0.000368403,972.852,-0.019239,0.841205,4.99973,998.744,5.52878
0.000368605,1011.81,-0.0489903,0.835773,4.99974,998.744,5.52879
0.000368801,1048.13,-0.00647705,0.829881,4.99974,998.745,5.52879
0.000369009,1032.82,0.0377417,0.82487,4.99974,998.746,5.52879
0.0003692,981.34,0.0307493,0.821642,4.99975,998.747,5.52879
0.000369407,975.519,-0.0176276,0.817472,4.99975,998.748,5.52879
0.000369601,1017.84,-0.0441148,0.812328,4.99975,998.749,5.5288
0.000369804,1044.99,-0.00620341,0.806748,4.99975,998.749,5.5288
0.00037,1021.72,0.0411576,0.802395,4.99975,998.75,5.5288
0.000370204,983.995,0.0292025,0.798829,4.99975,998.751,5.5288
0.000370401,981.32,-0.0239282,0.795069,4.99976,998.752,5.5288
0.000370605,1016.22,-0.0409245,0.79001,4.99976,998.753,5.5288
0.000370806,1042.23,-0.00468027,0.784737,4.99976,998.754,5.52881
0.000371004,1021.02,0.0377906,0.780565,4.99976,998.755,5.52881
0.000371206,985.229,0.0261157,0.777205,4.99976,998.756,5.52881
0.000371402,984.199,-0.0235509,0.773596,4.99976,998.757,5.52881
0.000371601,1020.79,-0.0358408,0.768771,4.99976,998.757,5.52881
0.000371803,1039.74,0.00156943,0.763834,4.99976,998.758,5.52881
0.000372008,1021.03,0.0343334,0.759745,4.99976,998.759,5.52882
0.000372209,987.114,0.0243,0.756556,4.99976,998.76,5.52882
0.000372407,985.183,-0.0202509,0.753079,4.99976,998.761,5.52882
0.000372603,1020.48,-0.0327155,0.748543,4.99976,998.761,5.52882
0.000372801,1036.89,0.00588401,0.743924,4.99976,998.762,5.52882
0.00037301,1018.93,0.0322242,0.740016,4.99976,998.763,5.52882
0.000373204,985.562,0.0170096,0.737173,4.99976,998.764,5.52882
0.000373408,987.739,-0.0201328,0.733611,4.99976,998.765,5.52883
0.000373607,1018.76,-0.0305492,0.729269,4.99976,998.766,5.52883
0.000373803,1034.55,0.00594351,0.724903,4.99976,998.766,5.52883
0.000374003,1012.12,0.0315706,0.721457,4.99976,998.767,5.52883
0.000374208,987.651,0.0164837,0.718392,4.99976,998.768,5.52883
0.000374411,989.149,-0.0183663,0.71502,4.99976,998.769,5.52883
0.000374601,1022.66,-0.0250866,0.710928,4.99976,998.77,5.52883
0.000374805,1032.4,0.00593314,0.706776,4.99976,998.771,5.52883
0.000375006,1011.82,0.0291212,0.703472,4.99976,998.772,5.52883
0.0003752,986.572,0.00789048,0.700857,4.99976,998.773,5.52884
0.000375402,995.709,-0.0232334,0.697476,4.99976,998.773,5.52884
0.000375604,1021.47,-0.0231605,0.693429,4.99976,998.774,5.52884
0.0003758,1029.29,0.0104301,0.689592,4.99976,998.775,5.52884
0.000376002,1007.8,0.0270598,0.686524,4.99976,998.776,5.52884
0.000376203,988.198,0.00731788,0.683811,4.99976,998.777,5.52884
0.000376405,996.547,-0.0213734,0.680584,4.99976,998.778,5.52884
0.000376607,1020.37,-0.0213895,0.676745,4.99976,998.778,5.52884
0.000376803,1027.62,0.00955232,0.673099,4.99976,998.779,5.52884
0.000377005,1007.81,0.0249703,0.670163,4.99976,998.78,5.52884
0.000377206,989.695,0.00678957,0.667557,4.99976,998.781,5.52885
0.000377408,997.318,-0.0196568,0.664475,4.99976,998.782,5.52885
0.00037761,1019.35,-0.0197552,0.660832,4.99976,998.783,5.52885
0.000377806,1026.09,0.00874221,0.657367,4.99976,998.783,5.52885
0.000378001,1004.43,0.022482,0.65475,4.99976,998.784,5.52885
0.000378203,990.487,0.00275394,0.652196,4.99976,998.785,5.52885
0.000378401,1001.89,-0.0207473,0.649196,4.99976,998.786,5.52885
0.000378603,1021.7,-0.014705,0.645687,4.99976,998.787,5.52885
0.00037881,1024.69,0.00789852,0.642353,4.99976,998.787,5.52885
0.000379004,1004.76,0.0207713,0.639842,4.99976,998.788,5.52885
0.000379206,991.804,0.00264959,0.63739,4.99976,998.789,5.52885
0.000379404,1002.15,-0.0190609,0.634529,4.99976,998.79,5.52885
0.000379606,1020.47,-0.0137307,0.631196,4.99976,998.791,5.52886
0.000379803,1021.65,0.0113054,0.628151,4.99976,998.792,5.52886
0.000380007,1005.15,0.019214,0.625606,4.99976,998.793,5.52886
0.000380203,992.881,-0.000201624,0.623365,4.99977,998.794,5.52886
0.000380409,1001.91,-0.0172262,0.620515,4.99977,998.794,5.52886
0.000380604,1020.7,-0.0107104,0.617386,4.99977,998.795,5.52886
0.000380805,1020.13,0.0111001,0.614488,4.99977,998.796,5.52886
0.000381005,1003.32,0.0169873,0.612147,4.99977,998.797,5.52886
0.000381204,994.066,-0.00132341,0.609906,4.99977,998.798,5.52886
0.000381402,1005.67,-0.0172,0.607208,4.99977,998.798,5.52886
0.000381608,1019.48,-0.0101027,0.604164,4.99977,998.799,5.52886
0.000381808,1019.08,0.0102565,0.601409,4.99977,998.8,5.52886
0.000382001,1001.43,0.0143353,0.599313,4.99977,998.801,5.52886
0.000382201,995.469,-0.00394944,0.597108,4.99977,998.802,5.52886
0.000382406,1005.81,-0.0158302,0.59443,4.99977,998.802,5.52886
0.000382602,1019.91,-0.00621614,0.591583,4.99977,998.803,5.52886
0.0003828,1015.71,0.0124607,0.589068,4.99977,998.804,5.52887
0.000383003,1001.68,0.0130329,0.586909,4.99977,998.805,5.52887
0.000383202,996.522,-0.00418463,0.584795,4.99977,998.806,5.52887
0.000383406,1006.69,-0.014725,0.582235,4.99977,998.807,5.52887
0.000383603,1019.14,-0.00497037,0.579526,4.99977,998.807,5.52887
0.000383802,1014.66,0.011798,0.577135,4.99977,998.808,5.52887
0.000384007,1002.32,0.0121367,0.57502,4.99977,998.809,5.52887
0.000384201,997.845,-0.00547857,0.573065,4.99977,998.81,5.52887
0.000384406,1007.64,-0.0136309,0.570576,4.99977,998.811,5.52887
0.000384604,1018.41,-0.00367427,0.567998,4.99977,998.811,5.52887
0.000384811,1015.15,0.00976383,0.565624,4.99977,998.812,5.52887
0.000385008,1002.01,0.0105945,0.56372,4.99977,998.813,5.52887
0.000385209,998.16,-0.00348748,0.561721,4.99977,998.814,5.52887
0.000385407,1008.27,-0.0125387,0.559421,4.99977,998.815,5.52887
0.000385604,1017.7,-0.00239203,0.556975,4.99977,998.815,5.52887
0.000385809,1013.59,0.00989473,0.554747,4.99977,998.816,5.52887
0.000386008,1001.83,0.00917329,0.552904,4.99977,998.817,5.52887
0.0003862,1000.07,-0.00645173,0.551064,4.99977,998.818,5.52887
0.000386401,1010.38,-0.0111259,0.54878,4.99977,998.819,5.52887
0.000386602,1017,-0.000548982,0.546443,4.99977,998.82,5.52887
0.000386805,1011.65,0.0101156,0.544368,4.99977,998.82,5.52887
0.000387002,1000.78,0.00648377,0.542649,4.99977,998.821,5.52887
0.000387206,1000.38,-0.0053887,0.540704,4.99977,998.822,5.52887
0.000387406,1009.76,-0.0103303,0.53854,4.99977,998.823,5.52888
0.000387605,1016.2,-0.000499639,0.536321,4.99977,998.824,5.52888
0.00038781,1011.49,0.00916943,0.534318,4.99977,998.824,5.52888
0.000388007,1001.51,0.00631929,0.532648,4.99977,998.825,5.52888
0.000388201,1001.98,-0.00674953,0.530889,4.99977,998.826,5.52888
0.000388403,1010.74,-0.00902429,0.528769,4.99977,998.827,5.52888
0.000388605,1015.45,0.000547966,0.526653,4.99977,998.828,5.52888
0.000388801,1008.93,0.00929415,0.524858,4.99977,998.828,5.52888
0.000389009,1001.8,0.00553191,0.523111,4.99977,998.829,5.52888
0.000389201,1002.78,-0.00666966,0.521424,4.99977,998.83,5.52888
0.000389408,1010.36,-0.00831431,0.519374,4.99977,998.831,5.52888
0.000389602,1014.61,0.00186039,0.517402,4.99977,998.832,5.52888
0.000389805,1008.68,0.00854509,0.51564,4.99977,998.832,5.52888
0.000390003,1001.42,0.00332517,0.514071,4.99977,998.833,5.52888
0.000390207,1002.91,-0.00584578,0.512315,4.99977,998.834,5.52888
0.000390403,1011.24,-0.00690146,0.510405,4.99977,998.835,5.52888
0.000390601,1013.77,0.00261819,0.508522,4.99977,998.836,5.52888
0.000390802,1007.48,0.00791829,0.506873,4.99977,998.836,5.52888
0.000391007,1001.89,0.00307363,0.505279,4.99977,998.837,5.52888
0.000391201,1004.4,-0.00651573,0.50366,4.99977,998.838,5.52888
0.000391408,1010.79,-0.00640486,0.501765,4.99977,998.839,5.52888
0.000391606,1013.24,0.00228386,0.499963,4.99977,998.84,5.52888
0.000391808,1007.81,0.00725782,0.498353,4.99977,998.84,5.52888
0.000392003,1001.98,0.00150489,0.496925,4.99977,998.841,5.52888
0.000392205,1004.6,-0.00595973,0.495286,4.99977,998.842,5.52888
0.000392405,1011.26,-0.00512438,0.493506,4.99977,998.843,5.52888
0.000392604,1012.42,0.00298622,0.491793,4.99977,998.844,5.52888
0.000392803,1006.57,0.00653552,0.490296,4.99977,998.844,5.52888
0.000393001,1002.29,0.000361652,0.488881,4.99977,998.845,5.52888
0.000393202,1005.69,-0.00599609,0.48729,4.99977,998.846,5.52888
0.000393402,1011.5,-0.00387098,0.485575,4.99977,998.847,5.52888
0.000393607,1011.86,0.00293564,0.483912,4.99977,998.848,5.52888
0.000393807,1006.55,0.00595271,0.482461,4.99977,998.848,5.52888
0.000394006,1002.7,0.000361418,0.481089,4.99977,998.849,5.52888
0.000394203,1006.14,-0.00560548,0.479577,4.99977,998.85,5.52888
0.000394408,1011,-0.00366811,0.477914,4.99977,998.851,5.52888
0.000394602,1010.8,0.00376268,0.476398,4.99977,998.852,5.52888
0.000394803,1005.61,0.0050423,0.47502,4.99977,998.852,5.52888
0.000395006,1003.08,-0.000289998,0.473639,4.99977,998.853,5.52888
0.000395203,1006.8,-0.00526686,0.472177,4.99977,998.854,5.52888
0.000395404,1011.14,-0.00236737,0.470598,4.99977,998.855,5.52888
0.000395612,1010.72,0.00299699,0.469068,4.99977,998.855,5.52889
0.000395802,1005.2,0.00423074,0.467827,4.99977,998.856,5.52889
0.000396005,1003.51,-0.0010765,0.466489,4.99977,998.857,5.52889
0.000396208,1006.74,-0.00477695,0.465028,4.99977,998.858,5.52889
0.000396401,1011.04,-0.00123198,0.463561,4.99977,998.859,5.52889
0.000396604,1009.53,0.00378329,0.462148,4.99977,998.859,5.52889
0.000396806,1005.28,0.00379336,0.460858,4.99977,998.86,5.52889
0.000397004,1003.97,-0.00160636,0.459599,4.99977,998.861,5.52889
0.000397204,1007.53,-0.00439725,0.458196,4.99977,998.862,5.52889
0.000397402,1010.73,-0.000709307,0.456768,4.99977,998.862,5.52889
0.000397603,1008.89,0.003747,0.455431,4.99977,998.863,5.52889
0.000397811,1005.37,0.00339443,0.454148,4.99977,998.864,5.52889
0.000398002,1004.48,-0.00210365,0.45297,4.99977,998.865,5.52889
0.000398206,1007.75,-0.00395089,0.451591,4.99977,998.866,5.52889
0.0003984,1010.41,5.29223e-05,0.450242,4.99977,998.866,5.52889
0.000398603,1008.24,0.00363505,0.448964,4.99977,998.867,5.52889
0.0003988,1004.67,0.00197542,0.447807,4.99977,998.868,5.52889
0.000399005,1004.83,-0.00212851,0.446553,4.99977,998.869,5.52889
0.000399201,1008.44,-0.00328613,0.445259,4.99977,998.87,5.52889
0.000399402,1010.04,0.000478449,0.443941,4.99977,998.87,5.52889
0.000399603,1007.68,0.00341561,0.442728,4.99977,998.871,5.52889
0.000399803,1004.77,0.00152083,0.441586,4.99977,998.872,5.52889
0.000400009,1005.14,-0.00211172,0.440365,4.99977,998.873,5.52889
0.000400207,1008.33,-0.00293439,0.439108,4.99977,998.873,5.52889
0.000400403,1009.65,0.000841574,0.437866,4.99977,998.874,5.52889
0.000400603,1007.23,0.00311989,0.436708,4.99977,998.875,5.52889
0.000400805,1004.85,0.00103258,0.435593,4.99977,998.876,5.52889
0.000401011,1005.49,-0.00215197,0.434405,4.99977,998.877,5.52889
0.000401202,1008.75,-0.00214387,0.433222,4.99977,998.877,5.52889
0.000401403,1009.2,0.00125972,0.432018,4.99977,998.878,5.52889
0.000401607,1006.98,0.00279298,0.43088,4.99977,998.879,5.52889
0.000401806,1004.96,0.00049203,0.429816,4.99977,998.88,5.52889
0.000402011,1005.95,-0.00224342,0.428663,4.99977,998.88,5.52889
0.000402203,1008.75,-0.00164247,0.427512,4.99977,998.881,5.52889
0.00040241,1008.93,0.00115669,0.42633,4.99977,998.882,5.52889
0.000402603,1006.41,0.00235058,0.425302,4.99977,998.883,5.52889
0.000402803,1005.13,-0.000214212,0.424257,4.99977,998.883,5.52889
0.000403007,1006.56,-0.00229484,0.423134,4.99977,998.884,5.52889
0.000403202,1008.77,-0.000970336,0.422013,4.99977,998.885,5.52889
0.000403408,1008.42,0.00151431,0.420887,4.99977,998.886,5.52889
0.000403601,1006.01,0.00180878,0.419904,4.99977,998.886,5.52889
0.000403807,1005.35,-0.000468657,0.418848,4.99977,998.887,5.52889
0.000404006,1006.99,-0.00211846,0.417778,4.99977,998.888,5.52889
0.000404205,1008.63,-0.000577708,0.41668,4.99977,998.889,5.52889
0.000404411,1008.05,0.00155518,0.415601,4.99977,998.89,5.52889
0.000404606,1005.98,0.00147848,0.414637,4.99977,998.89,5.52889
0.0004048,1005.75,-0.00110017,0.413669,4.99977,998.891,5.52889
0.000405008,1007.23,-0.0018489,0.412584,4.99977,998.892,5.52889
0.000405202,1008.46,7.68698e-05,0.411552,4.99977,998.893,5.52889
0.000405412,1007.63,0.00158165,0.410499,4.99977,998.893,5.52889
0.000405603,1005.77,0.000831162,0.409593,4.99977,998.894,5.52889
0.000405808,1005.92,-0.0010523,0.408585,4.99977,998.895,5.52889
0.000406005,1007.58,-0.00145446,0.407578,4.99977,998.896,5.52889
0.000406207,1008.22,0.000310402,0.406558,4.99977,998.896,5.52889
0.000406403,1006.91,0.00155202,0.40562,4.99977,998.897,5.52889
0.000406603,1005.77,0.000348255,0.404684,4.99977,998.898,5.52889
0.000406804,1006.37,-0.00128162,0.403719,4.99977,998.899,5.52889
0.000407006,1007.73,-0.00102557,0.402723,4.99977,998.899,5.52889
0.000407206,1007.9,0.000682517,0.401748,4.99977,998.9,5.52889
0.000407407,1006.68,0.0013142,0.400819,4.99977,998.901,5.52889
0.0004076,1005.88,-0.000203015,0.399945,4.99977,998.902,5.52889
0.000407811,1006.54,-0.00118707,0.398956,4.99977,998.902,5.52889
0.000408004,1007.8,-0.000533674,0.398027,4.99977,998.903,5.52889
0.0004082,1007.44,0.000992638,0.397116,4.99977,998.904,5.52889
0.000408401,1006.29,0.000903026,0.39622,4.99977,998.905,5.52889
0.000408603,1006.06,-0.000464206,0.395323,4.99977,998.905,5.52889
0.000408802,1007.02,-0.00108683,0.394403,4.99977,998.906,5.52889
0.000409002,1007.72,-6.74523e-05,0.393479,4.99977,998.907,5.52889
0.000409213,1007.32,0.000857042,0.392534,4.99977,998.908,5.52889
0.000409403,1006.18,0.00055167,0.391721,4.99977,998.908,5.52889
0.000409605,1006.25,-0.000623114,0.390837,4.99977,998.909,5.52889
0.000409801,1007.23,-0.000816966,0.389956,4.99977,998.91,5.52889
0.000410001,1007.54,0.000277783,0.389066,4.99977,998.911,5.52889
0.000410205,1006.87,0.000888207,0.388189,4.99977,998.911,5.52889
0.000410405,1006.16,0.000238822,0.38735,4.99977,998.912,5.52889
0.000410617,1006.34,-0.000579628,0.386447,4.99977,998.913,5.52889
0.000410801,1007.32,-0.000503686,0.385639,4.99977,998.914,5.52889
0.000411007,1007.35,0.000390059,0.384755,4.99977,998.914,5.52889
0.000411204,1006.6,0.000719718,0.383938,4.99977,998.915,5.52889
0.000411403,1006.21,-0.000113867,0.383123,4.99977,998.916,5.52889
0.000411618,1006.53,-0.00063809,0.382226,4.99977,998.917,5.52889
0.000411808,1007.28,-0.000315192,0.381417,4.99977,998.917,5.52889
0.000412012,1007.15,0.000473798,0.380575,4.99977,998.918,5.52889
0.000412207,1006.45,0.000516141,0.379791,4.99977,998.919,5.52889
0.0004124,1006.35,-0.000352468,0.379014,4.99977,998.92,5.52889
0.000412607,1006.83,-0.000604802,0.378167,4.99977,998.92,5.52889
0.000412804,1007.23,1.27998e-06,0.377359,4.99977,998.921,5.52889
0.000413014,1006.96,0.000505536,0.376518,4.99977,998.922,5.52889
0.000413203,1006.34,0.000238933,0.375786,4.99977,998.923,5.52889
0.000413405,1006.45,-0.000406579,0.37499,4.99977,998.923,5.52889
0.00041361,1006.92,-0.000466582,0.374173,4.99977,998.924,5.52889
0.000413801,1007.09,0.00023082,0.373414,4.99977,998.925,5.52889
0.000414015,1006.77,0.000486771,0.372585,4.99977,998.926,5.52889
0.000414205,1006.33,5.1064e-05,0.371862,4.99977,998.926,5.52889
0.000414403,1006.59,-0.000439209,0.371096,4.99977,998.927,5.52889
0.000414609,1006.98,-0.00028796,0.370296,4.99977,998.928,5.52889
0.000414803,1006.94,0.000312885,0.369553,4.99977,998.928,5.52889
0.00041501,1006.57,0.000389901,0.368774,4.99977,998.929,5.52889
0.000415205,1006.37,-0.000107184,0.368047,4.99977,998.93,5.52889
0.00041541,1006.64,-0.000392021,0.367273,4.99977,998.931,5.52889
0.000415601,1006.98,-4.05834e-05,0.366552,4.99977,998.931,5.52889
0.000415819,1006.88,0.000259682,0.36574,4.99977,998.932,5.52889
0.000416005,1006.44,0.000226615,0.365064,4.99977,998.933,5.52889
0.000416208,1006.42,-0.000186986,0.364319,4.99977,998.934,5.52889
0.000416402,1006.77,-0.000302107,0.363604,4.99977,998.934,5.52889
0.0004166,1006.9,9.29512e-05,0.362876,4.99977,998.935,5.52889
0.000416811,1006.7,0.000307994,0.362115,4.99977,998.936,5.52889
0.000417005,1006.4,9.57606e-05,0.361423,4.99977,998.936,5.52889
0.000417204,1006.51,-0.000258694,0.360712,4.99977,998.937,5.52889
0.000417401,1006.8,-0.000184953,0.360001,4.99977,998.938,5.52889
0.000417606,1006.81,0.000144034,0.359272,4.99977,998.939,5.52889
0.000417802,1006.53,0.000251566,0.358585,4.99977,998.939,5.52889
0.000418005,1006.4,-6.19817e-06,0.357875,4.99977,998.94,5.52889
0.000418216,1006.51,-0.000226396,0.357136,4.99977,998.941,5.52889
0.000418405,1006.78,-0.000108799,0.356473,4.99977,998.942,5.52889
0.000418607,1006.72,0.000179599,0.355771,4.99977,998.942,5.52889
0.000418812,1006.51,0.000209622,0.355068,4.99977,998.943,5.52889
0.000419004,1006.42,-9.71632e-05,0.354415,4.99977,998.944,5.52889
0.000419201,1006.62,-0.000212751,0.353739,4.99977,998.944,5.52889
0.000419402,1006.74,-8.33602e-07,0.353049,4.99977,998.945,5.52889
0.000419614,1006.65,0.000176777,0.352332,4.99977,998.946,5.52889
0.000419802,1006.42,9.25548e-05,0.351705,4.99977,998.947,5.52889
0.000420004,1006.45,-0.000140217,0.351029,4.99977,998.947,5.52889
0.000420209,1006.62,-0.000170651,0.350343,4.99977,998.948,5.52889
0.000420403,1006.69,5.67207e-05,0.349695,4.99977,998.949,5.52889
0.000420608,1006.55,0.000178123,0.349019,4.99977,998.95,5.52889
0.000420806,1006.4,4.37986e-05,0.34837,4.99977,998.95,5.52889
0.000421017,1006.44,-0.000122639,0.347681,4.99977,998.951,5.52889
0.000421201,1006.64,-9.19541e-05,0.347077,4.99977,998.952,5.52889
0.000421403,1006.62,9.86511e-05,0.346417,4.99977,998.952,5.52889
0.000421601,1006.46,0.000135313,0.345781,4.99977,998.953,5.52889
0.000421805,1006.4,-2.23528e-05,0.345126,4.99977,998.954,5.52889
0.000422005,1006.5,-0.000143108,0.344486,4.99977,998.955,5.52889
0.000422203,1006.61,-3.8055e-05,0.343849,4.99977,998.955,5.52889
0.000422414,1006.57,9.64678e-05,0.34318,4.99977,998.956,5.52889
0.000422607,1006.42,9.75264e-05,0.342573,4.99977,998.957,5.52889
0.000422808,1006.4,-5.5841e-05,0.34194,4.99977,998.957,5.52889
0.00042301,1006.5,-0.000120959,0.341306,4.99977,998.958,5.52889
0.000423201,1006.57,1.82334e-05,0.340705,4.99977,998.959,5.52889
0.0004234,1006.48,0.000114724,0.340087,4.99977,998.96,5.52889
0.000423607,1006.39,4.97677e-05,0.33945,4.99977,998.96,5.52889
0.00042381,1006.41,-7.81183e-05,0.338826,4.99977,998.961,5.52889
0.000424005,1006.51,-8.13615e-05,0.338225,4.99977,998.962,5.52889
0.000424205,1006.53,4.25644e-05,0.337608,4.99977,998.962,5.52889
0.000424402,1006.43,9.51226e-05,0.337011,4.99977,998.963,5.52889
0.000424601,1006.37,-4.87904e-06,0.336409,4.99977,998.964,5.52889
0.000424806,1006.42,-8.81634e-05,0.33579,4.99977,998.965,5.52889
0.000425002,1006.5,-3.90777e-05,0.335197,4.99977,998.965,5.52889
0.000425204,1006.48,6.45658e-05,0.334591,4.99977,998.966,5.52889
0.000425409,1006.4,7.52442e-05,0.33398,4.99977,998.967,5.52889
0.000425601,1006.37,-3.5203e-05,0.333412,4.99977,998.967,5.52889
0.000425813,1006.41,-7.85326e-05,0.332783,4.99977,998.968,5.52889
0.000426006,1006.48,-1.22485e-05,0.332211,4.99977,998.969,5.52889
0.000426211,1006.44,6.42665e-05,0.331609,4.99977,998.97,5.52889
0.000426408,1006.36,4.58191e-05,0.331034,4.99977,998.97,5.52889
0.000426601,1006.36,-5.09997e-05,0.330471,4.99977,998.971,5.52889
0.000426807,1006.42,-6.16329e-05,0.329872,4.99977,998.972,5.52889
0.000427004,1006.44,1.82927e-05,0.329302,4.99977,998.972,5.52889
0.000427215,1006.4,6.13414e-05,0.328694,4.99977,998.973,5.52889
0.000427402,1006.34,9.83832e-06,0.328156,4.99977,998.974,5.52889
0.000427608,1006.36,-5.12918e-05,0.327569,4.99977,998.974,5.52889
0.000427805,1006.41,-3.74836e-05,0.327005,4.99977,998.975,5.52889
0.00042801,1006.41,2.69881e-05,0.32642,4.99977,998.976,5.52889
0.000428208,1006.35,5.13854e-05,0.325861,4.99977,998.977,5.52889
0.000428403,1006.32,-1.12012e-05,0.325313,4.99977,998.977,5.52889
0.000428612,1006.35,-4.91374e-05,0.324726,4.99977,998.978,5.52889
0.000428805,1006.39,-1.62777e-05,0.324182,4.99977,998.979,5.52889
0.000429007,1006.37,3.90984e-05,0.323619,4.99977,998.979,5.52889
0.000429201,1006.32,3.02357e-05,0.32308,4.99977,998.98,5.52889
0.000429405,1006.31,-2.34376e-05,0.322517,4.99977,998.981,5.52889
0.000429612,1006.34,-4.31513e-05,0.321943,4.99977,998.981,5.52889
0.000429805,1006.36,2.76328e-06,0.321412,4.99977,998.982,5.52889
0.000430007,1006.33,3.94112e-05,0.320857,4.99977,998.983,5.52889
0.000430201,1006.29,1.27702e-05,0.320328,4.99977,998.984,5.52889
0.000430401,1006.3,-3.23932e-05,0.319784,4.99977,998.984,5.52889
0.0004306,1006.34,-2.60309e-05,0.319243,4.99977,998.985,5.52889
0.000430803,1006.34,1.69465e-05,0.318693,4.99977,998.986,5.52889
0.000431001,1006.3,3.31816e-05,0.318161,4.99977,998.986,5.52889
0.000431201,1006.27,-2.03607e-06,0.317622,4.99977,998.987,5.52889
0.000431404,1006.29,-3.14816e-05,0.317078,4.99977,998.988,5.52889
0.000431608,1006.31,-1.76584e-05,0.316534,4.99977,998.988,5.52889
0.000431811,1006.31,1.92199e-05,0.315994,4.99977,998.989,5.52889
0.000432009,1006.27,2.62007e-05,0.31547,4.99977,998.99,5.52889
0.000432207,1006.26,-8.75421e-06,0.314947,4.99977,998.991,5.52889
0.000432412,1006.27,-2.77481e-05,0.314406,4.99977,998.991,5.52889
0.000432604,1006.29,-2.73197e-06,0.313901,4.99977,998.992,5.52889
0.000432802,1006.27,2.50492e-05,0.313383,4.99977,998.993,5.52889
0.000433008,1006.25,1.57215e-05,0.312846,4.99977,998.993,5.52889
0.0004332,1006.25,-1.85523e-05,0.312345,4.99977,998.994,5.52889
0.000433405,1006.26,-2.11207e-05,0.311813,4.99977,998.995,5.52889
0.000433603,1006.27,6.86933e-06,0.3113,4.99977,998.995,5.52889
0.000433809,1006.25,2.22183e-05,0.31077,4.99977,998.996,5.52889
0.000434002,1006.23,3.22117e-06,0.310274,4.99977,998.997,5.52889
0.000434206,1006.23,-1.85761e-05,0.309752,4.99977,998.997,5.52889
0.000434404,1006.25,-1.27782e-05,0.309244,4.99977,998.998,5.52889
0.000434608,1006.24,1.06117e-05,0.308725,4.99977,998.999,5.52889
0.000434801,1006.22,1.70375e-05,0.308233,4.99977,998.999,5.52889
0.000435006,1006.21,-2.56772e-06,0.307716,4.99977,999,5.52889
0.000435208,1006.22,-1.76652e-05,0.307207,4.99977,999.001,5.52889
0.000435403,1006.23,-4.74602e-06,0.306714,4.99977,999.002,5.52889
0.000435614,1006.22,1.2053e-05,0.306185,4.99977,999.002,5.52889
0.000435806,1006.2,1.22431e-05,0.305703,4.99977,999.003,5.52889
0.000436008,1006.19,-6.9342e-06,0.3052,4.99977,999.004,5.52889
0.00043621,1006.2,-1.50539e-05,0.304697,4.99977,999.004,5.52889
0.000436401,1006.21,2.25633e-06,0.304222,4.99977,999.005,5.52889
0.000436601,1006.19,1.43535e-05,0.303728,4.99977,999.006,5.52889
0.000436807,1006.18,6.49837e-06,0.303218,4.99977,999.006,5.52889
0.000437009,1006.18,-9.69622e-06,0.302721,4.99977,999.007,5.52889
0.000437202,1006.19,-9.69869e-06,0.302247,4.99977,999.008,5.52889
0.000437401,1006.18,6.76066e-06,0.301762,4.99977,999.008,5.52889
0.000437608,1006.17,1.21946e-05,0.301256,4.99977,999.009,5.52889
0.000437805,1006.16,5.1097e-07,0.300775,4.99977,999.01,5.52889
0.000438018,1006.16,-9.50758e-06,0.300259,4.99977,999.01,5.52889
0.000438203,1006.17,-5.05834e-06,0.29981,4.99977,999.011,5.52889
0.000438407,1006.16,7.61787e-06,0.299317,4.99977,999.012,5.52889
0.000438604,1006.15,8.65651e-06,0.298843,4.99977,999.012,5.52889
0.000438804,1006.14,-3.5678e-06,0.298361,4.99977,999.013,5.52889
0.000439004,1006.14,-9.70089e-06,0.297883,4.99977,999.014,5.52889
0.000439203,1006.15,-7.01404e-07,0.297406,4.99977,999.014,5.52889
0.000439419,1006.14,7.04658e-06,0.296892,4.99977,999.015,5.52889
0.000439602,1006.13,4.6828e-06,0.296456,4.99977,999.016,5.52889
0.000439805,1006.12,-5.67537e-06,0.295974,4.99977,999.016,5.52889
0.000440012,1006.13,-7.93482e-06,0.295485,4.99977,999.017,5.52889
0.0004402,1006.13,2.99681e-06,0.29504,4.99977,999.018,5.52889
0.000440415,1006.12,7.68513e-06,0.294534,4.99977,999.019,5.52889
0.000440602,1006.11,1.33307e-06,0.294095,4.99977,999.019,5.52889
0.00044081,1006.11,-6.10742e-06,0.293609,4.99977,999.02,5.52889
0.000441005,1006.11,-4.60724e-06,0.293152,4.99977,999.021,5.52889
0.00044121,1006.11,3.40517e-06,0.292673,4.99977,999.021,5.52889
0.000441409,1006.1,6.51139e-06,0.292212,4.99977,999.022,5.52889
0.000441603,1006.09,-1.27744e-06,0.291761,4.99977,999.023,5.52889
0.000441813,1006.09,-5.94549e-06,0.291273,4.99977,999.023,5.52889
0.000442002,1006.09,-1.4096e-06,0.290837,4.99977,999.024,5.52889
0.000442211,1006.09,4.58386e-06,0.290355,4.99977,999.025,5.52889
0.000442404,1006.08,4.10376e-06,0.289913,4.99977,999.025,5.52889
0.000442606,1006.07,-2.59998e-06,0.289448,4.99977,999.026,5.52889
0.000442804,1006.07,-5.03922e-06,0.288996,4.99977,999.027,5.52889
0.000443005,1006.07,4.2681e-07,0.288537,4.99977,999.027,5.52889
0.000443206,1006.06,5.02742e-06,0.288078,4.99977,999.028,5.52889
0.000443409,1006.06,2.58646e-06,0.287616,4.99977,999.029,5.52889
0.000443612,1006.05,-3.11629e-06,0.287157,4.99977,999.029,5.52889
0.000443806,1006.05,-3.63161e-06,0.286717,4.99977,999.03,5.52889
0.000444007,1006.05,1.73934e-06,0.286262,4.99977,999.031,5.52889
0.000444205,1006.04,4.35849e-06,0.285817,4.99977,999.031,5.52889
0.000444402,1006.04,-1.74761e-08,0.285374,4.99977,999.032,5.52889
0.000444612,1006.04,-3.52864e-06,0.284903,4.99977,999.033,5.52889
0.000444801,1006.04,-1.56762e-06,0.284479,4.99977,999.033,5.52889
0.000445002,1006.03,3.04457e-06,0.28403,4.99977,999.034,5.52889
0.000445206,1006.03,3.34339e-06,0.283574,4.99977,999.035,5.52889
0.000445404,1006.02,-1.10433e-06,0.283134,4.99977,999.035,5.52889
0.000445608,1006.02,-3.36981e-06,0.282681,4.99977,999.036,5.52889
0.000445802,1006.02,-1.85268e-07,0.282252,4.99977,999.037,5.52889
0.000446016,1006.01,2.63853e-06,0.281778,4.99977,999.037,5.52889
0.000446209,1006.01,2.27993e-06,0.281353,4.99977,999.038,5.52889
0.000446402,1006,-2.02335e-06,0.280928,4.99977,999.038,5.52889
0.000446609,1006,-2.68986e-06,0.280473,4.99977,999.039,5.52889
0.000446805,1006,7.38237e-07,0.280043,4.99977,999.04,5.52889
0.000447011,1005.99,2.85908e-06,0.279592,4.99977,999.04,5.52889
0.000447205,1005.99,8.56309e-07,0.279169,4.99977,999.041,5.52889
0.000447401,1005.99,-2.28067e-06,0.278741,4.99977,999.042,5.52889
0.000447601,1005.98,-1.43445e-06,0.278306,4.99977,999.042,5.52889
0.000447804,1005.98,1.51564e-06,0.277864,4.99977,999.043,5.52889
0.000448009,1005.98,2.45959e-06,0.27742,4.99977,999.044,5.52889
0.0004482,1005.97,-3.74521e-07,0.277007,4.99977,999.044,5.52889
0.000448415,1005.97,-1.943e-06,0.276543,4.99977,999.045,5.52889
0.000448606,1005.97,-7.58009e-07,0.276131,4.99977,999.046,5.52889
0.000448806,1005.96,1.80374e-06,0.275701,4.99977,999.046,5.52889
0.000449011,1005.96,1.88091e-06,0.275261,4.99977,999.047,5.52889
0.000449201,1005.95,-9.34081e-07,0.274854,4.99977,999.048,5.52889
0.000449412,1005.95,-1.78958e-06,0.274403,4.99977,999.048,5.52889
0.000449602,1005.95,2.54825e-07,0.273997,4.99977,999.049,5.52889
0.0004498,1005.94,1.91806e-06,0.273574,4.99977,999.05,5.52889
0.000450004,1005.94,9.37337e-07,0.273141,4.99977,999.05,5.52889
0.000450205,1005.94,-1.10936e-06,0.272713,4.99977,999.051,5.52889
0.0004504,1005.93,-1.12963e-06,0.272299,4.99977,999.052,5.52889
0.000450603,1005.93,7.47071e-07,0.27187,4.99977,999.052,5.52889
0.000450815,1005.93,1.66493e-06,0.271424,4.99977,999.053,5.52889
0.000451002,1005.92,2.43993e-07,0.271028,4.99977,999.054,5.52889
0.000451204,1005.92,-1.22694e-06,0.270604,4.99977,999.054,5.52889
0.000451406,1005.92,-7.01817e-07,0.270179,4.99977,999.055,5.52889
0.000451609,1005.91,9.2887e-07,0.269752,4.99977,999.056,5.52889
0.000451801,1005.91,1.26104e-06,0.269351,4.99977,999.056,5.52889
0.000452004,1005.9,-1.82855e-07,0.268927,4.99977,999.057,5.52889
0.000452202,1005.9,-1.09586e-06,0.268513,4.99977,999.057,5.52889
0.000452406,1005.9,-1.79594e-07,0.268088,4.99977,999.058,5.52889
0.000452611,1005.89,1.07857e-06,0.267661,4.99977,999.059,5.52889
0.000452804,1005.89,8.88367e-07,0.267262,4.99977,999.059,5.52889
0.000453005,1005.89,-4.6569e-07,0.266844,4.99977,999.06,5.52889
0.000453205,1005.88,-8.4747e-07,0.266431,4.99977,999.061,5.52889
0.000453403,1005.88,3.28442e-07,0.266022,4.99977,999.061,5.52889
0.000453608,1005.88,1.12892e-06,0.2656,4.99977,999.062,5.52889
0.000453809,1005.87,5.99543e-07,0.265184,4.99977,999.063,5.52889
0.000454011,1005.87,-5.25751e-07,0.264769,4.99977,999.063,5.52889
0.000454209,1005.87,-5.83211e-07,0.264363,4.99977,999.064,5.52889
0.000454403,1005.86,6.02671e-07,0.263965,4.99977,999.065,5.52889
0.000454608,1005.86,1.00031e-06,0.263545,4.99977,999.065,5.52889
0.000454801,1005.85,7.82767e-08,0.263151,4.99977,999.066,5.52889
0.000455015,1005.85,-5.48649e-07,0.262715,4.99977,999.066,5.52889
0.000455201,1005.85,-1.25286e-07,0.262336,4.99977,999.067,5.52889
0.000455411,1005.85,6.49455e-07,0.261909,4.99977,999.068,5.52889
0.000455604,1005.84,7.5312e-07,0.261517,4.99977,999.068,5.52889
0.0004558,1005.84,-1.70186e-07,0.261119,4.99977,999.069,5.52889
0.000456008,1005.83,-5.20036e-07,0.260699,4.99977,999.07,5.52889
0.000456202,1005.83,1.40343e-07,0.260306,4.99977,999.07,5.52889
0.000456419,1005.83,6.55507e-07,0.259868,4.99977,999.071,5.52889
0.00045661,1005.82,5.82343e-07,0.259483,4.99977,999.072,5.52889
0.0004568,1005.82,-2.90535e-07,0.259101,4.99977,999.072,5.52889
0.000457001,1005.82,-3.20378e-07,0.258697,4.99977,999.073,5.52889
0.000457207,1005.81,2.91249e-07,0.258284,4.99977,999.073,5.52889
0.000457411,1005.81,7.08361e-07,0.257874,4.99977,999.074,5.52889
0.000457603,1005.81,2.62782e-07,0.257491,4.99977,999.075,5.52889
0.000457813,1005.8,-2.36386e-07,0.257072,4.99977,999.075,5.52889
0.000458006,1005.8,-1.65749e-07,0.256685,4.99977,999.076,5.52889
0.000458212,1005.8,3.88898e-07,0.256277,4.99977,999.077,5.52889
0.000458404,1005.79,6.01883e-07,0.255895,4.99977,999.077,5.52889
0.000458602,1005.79,7.24467e-08,0.255501,4.99977,999.078,5.52889
0.0004588,1005.79,-2.64715e-07,0.255107,4.99977,999.079,5.52889
0.000459005,1005.78,3.79688e-08,0.254701,4.99977,999.079,5.52889
0.000459204,1005.78,5.25614e-07,0.254309,4.99977,999.08,5.52889
0.000459401,1005.78,4.37263e-07,0.25392,4.99977,999.08,5.52889
0.000459603,1005.77,-2.83235e-08,0.25352,4.99977,999.081,5.52889
0.000459808,1005.77,-1.86566e-07,0.253116,4.99977,999.082,5.52889
0.000460008,1005.77,1.74751e-07,0.252723,4.99977,999.082,5.52889
0.000460218,1005.76,4.80514e-07,0.252311,4.99977,999.083,5.52889
0.000460405,1005.76,3.23833e-07,0.251943,4.99977,999.084,5.52889
0.000460606,1005.76,-7.19953e-08,0.25155,4.99977,999.084,5.52889
0.000460804,1005.75,-5.52081e-08,0.251163,4.99977,999.085,5.52889
0.000461012,1005.75,2.69022e-07,0.250756,4.99977,999.085,5.52889
0.000461215,1005.75,4.72763e-07,0.25036,4.99977,999.086,5.52889
0.000461401,1005.74,1.59887e-07,0.249998,4.99977,999.087,5.52889
0.000461614,1005.74,-5.84086e-08,0.249582,4.99977,999.087,5.52889
0.000461805,1005.74,6.7892e-08,0.24921,4.99977,999.088,5.52889
0.000462005,1005.73,3.78705e-07,0.248823,4.99977,999.089,5.52889
0.000462205,1005.73,3.84198e-07,0.248434,4.99977,999.089,5.52889
0.000462401,1005.73,7.40474e-08,0.248055,4.99977,999.09,5.52889
0.000462601,1005.72,-3.21758e-08,0.247667,4.99977,999.09,5.52889
0.000462808,1005.72,1.61993e-07,0.247268,4.99977,999.091,5.52889
0.000463011,1005.72,3.77683e-07,0.246877,4.99977,999.092,5.52889
0.000463207,1005.71,2.97079e-07,0.246499,4.99977,999.092,5.52889
0.000463402,1005.71,3.54031e-08,0.246123,4.99977,999.093,5.52889
0.000463607,1005.71,3.58714e-08,0.245729,4.99977,999.094,5.52889
0.000463808,1005.7,2.55329e-07,0.245344,4.99977,999.094,5.52889
0.000464009,1005.7,3.59343e-07,0.244957,4.99977,999.095,5.52889
0.000464204,1005.7,1.85531e-07,0.244584,4.99977,999.095,5.52889
0.000464408,1005.69,4.12629e-08,0.244194,4.99977,999.096,5.52889
0.000464606,1005.69,1.41649e-07,0.243815,4.99977,999.097,5.52889
0.00046481,1005.69,3.04355e-07,0.243427,4.99977,999.097,5.52889
0.000465013,1005.68,2.94601e-07,0.24304,4.99977,999.098,5.52889
0.000465208,1005.68,1.1877e-07,0.242668,4.99977,999.099,5.52889
0.000465409,1005.68,9.16461e-08,0.242286,4.99977,999.099,5.52889
0.000465608,1005.67,2.35238e-07,0.241908,4.99977,999.1,5.52889
0.000465806,1005.67,2.93027e-07,0.241532,4.99977,999.1,5.52889
0.000466007,1005.67,1.81658e-07,0.241152,4.99977,999.101,5.52889
0.000466211,1005.66,1.09451e-07,0.240765,4.99977,999.102,5.52889
0.000466401,1005.66,2.05612e-07,0.240407,4.99977,999.102,5.52889
0.000466617,1005.66,2.65505e-07,0.239999,4.99977,999.103,5.52889
0.000466808,1005.65,2.12305e-07,0.239637,4.99977,999.103,5.52889
0.000467002,1005.65,1.38789e-07,0.239271,4.99977,999.104,5.52889
0.000467202,1005.65,1.89453e-07,0.238895,4.99977,999.105,5.52889
0.000467401,1005.64,2.47451e-07,0.238522,4.99977,999.105,5.52889
0.000467601,1005.64,2.09626e-07,0.238146,4.99977,999.106,5.52889
0.000467801,1005.64,1.62369e-07,0.237771,4.99977,999.107,5.52889
0.000468001,1005.63,1.90582e-07,0.237396,4.99977,999.107,5.52889
0.000468201,1005.63,2.31658e-07,0.237022,4.99977,999.108,5.52889
0.000468401,1005.63,2.12615e-07,0.236648,4.99977,999.108,5.52889
0.000468601,1005.62,1.78989e-07,0.236274,4.99977,999.109,5.52889
0.000468801,1005.62,1.92941e-07,0.235901,4.99977,999.11,5.52889
0.000469001,1005.62,2.2198e-07,0.235528,4.99977,999.11,5.52889
0.000469201,1005.61,2.13601e-07,0.235156,4.99977,999.111,5.52889
0.000469401,1005.61,1.90422e-07,0.234784,4.99977,999.111,5.52889
0.000469601,1005.61,1.96454e-07,0.234412,4.99977,999.112,5.52889
0.000469801,1005.6,2.16472e-07,0.234041,4.99977,999.113,5.52889
0.000470001,1005.6,2.13842e-07,0.23367,4.99977,999.113,5.52889
0.000470201,1005.6,1.9833e-07,0.2333,4.99977,999.114,5.52889
0.000470401,1005.59,2.00223e-07,0.23293,4.99977,999.114,5.52889
0.000470601,1005.59,2.13731e-07,0.23256,4.99977,999.115,5.52889
0.000470801,1005.59,2.13972e-07,0.232191,4.99977,999.116,5.52889
0.000471001,1005.58,2.03897e-07,0.231822,4.99977,999.116,5.52889
0.000471201,1005.58,2.03823e-07,0.231454,4.99977,999.117,5.52889
0.000471401,1005.58,2.12776e-07,0.231086,4.99977,999.117,5.52889
0.000471601,1005.57,2.14266e-07,0.230718,4.99977,999.118,5.52889
0.000471801,1005.57,2.07936e-07,0.230351,4.99977,999.119,5.52889
0.000472001,1005.57,2.07091e-07,0.229984,4.99977,999.119,5.52889
0.000472201,1005.56,2.1294e-07,0.229617,4.99977,999.12,5.52889
0.000472401,1005.56,2.14816e-07,0.229251,4.99977,999.121,5.52889
0.000472601,1005.56,2.11e-07,0.228885,4.99977,999.121,5.52889
0.000472801,1005.56,2.09992e-07,0.22852,4.99977,999.122,5.52889
0.000473001,1005.55,2.13777e-07,0.228155,4.99977,999.122,5.52889
0.000473201,1005.55,2.15619e-07,0.22779,4.99977,999.123,5.52889
0.000473401,1005.55,2.13446e-07,0.227425,4.99977,999.124,5.52889
0.000473601,1005.54,2.1256e-07,0.227061,4.99977,999.124,5.52889
0.000473801,1005.54,2.15004e-07,0.226698,4.99977,999.125,5.52889
0.000474001,1005.54,2.16633e-07,0.226334,4.99977,999.125,5.52889
0.000474201,1005.53,2.15508e-07,0.225971,4.99977,999.126,5.52889
0.000474401,1005.53,2.14848e-07,0.225609,4.99977,999.127,5.52889
0.000474601,1005.53,2.16438e-07,0.225246,4.99977,999.127,5.52889
0.000474801,1005.52,2.17806e-07,0.224884,4.99977,999.128,5.52889
0.000475001,1005.52,2.17334e-07,0.224523,4.99977,999.128,5.52889
0.000475201,1005.52,2.16908e-07,0.224161,4.99977,999.129,5.52889
0.000475401,1005.51,2.17969e-07,0.2238,4.99977,999.13,5.52889
0.000475601,1005.51,2.19088e-07,0.22344,4.99977,999.13,5.52889
0.000475801,1005.51,2.19008e-07,0.22308,4.99977,999.131,5.52889
0.000476001,1005.5,2.18791e-07,0.22272,4.99977,999.131,5.52889
0.000476201,1005.5,2.1953e-07,0.22236,4.99977,999.132,5.52889
0.000476401,1005.5,2.20441e-07,0.222001,4.99977,999.132,5.52889
0.000476601,1005.49,2.20586e-07,0.221642,4.99977,999.133,5.52889
0.000476801,1005.49,2.20536e-07,0.221283,4.99977,999.134,5.52889
0.000477001,1005.49,2.21083e-07,0.220925,4.99977,999.134,5.52889
0.000477201,1005.48,2.21828e-07,0.220567,4.99977,999.135,5.52889
0.000477401,1005.48,2.221e-07,0.22021,4.99977,999.135,5.52889
0.000477601,1005.48,2.22173e-07,0.219852,4.99977,999.136,5.52889
0.000477801,1005.47,2.22611e-07,0.219495,4.99977,999.137,5.52889
0.000478001,1005.47,2.2323e-07,0.219139,4.99977,999.137,5.52889
0.000478201,1005.47,2.23563e-07,0.218782,4.99977,999.138,5.52889
0.000478401,1005.47,2.23725e-07,0.218426,4.99977,999.138,5.52889
0.000478601,1005.46,2.24102e-07,0.218071,4.99977,999.139,5.52889
0.000478801,1005.46,2.24629e-07,0.217715,4.99977,999.14,5.52889
0.000479001,1005.46,2.24987e-07,0.21736,4.99977,999.14,5.52889
0.000479201,1005.45,2.25209e-07,0.217006,4.99977,999.141,5.52889
0.000479401,1005.45,2.25552e-07,0.216651,4.99977,999.141,5.52889
0.000479601,1005.45,2.26011e-07,0.216297,4.99977,999.142,5.52889
0.000479801,1005.44,2.26375e-07,0.215943,4.99977,999.143,5.52889
0.000480001,1005.44,2.26636e-07,0.21559,4.99977,999.143,5.52889
0.000480201,1005.44,2.26961e-07,0.215237,4.99977,999.144,5.52889
0.000480401,1005.43,2.2737e-07,0.214884,4.99977,999.144,5.52889
0.000480601,1005.43,2.2773e-07,0.214531,4.99977,999.145,5.52889
0.000480801,1005.43,2.28014e-07,0.214179,4.99977,999.145,5.52889
0.000481001,1005.42,2.28329e-07,0.213827,4.99977,999.146,5.52889
0.000481201,1005.42,2.28704e-07,0.213475,4.99977,999.147,5.52889
0.000481401,1005.42,2.29054e-07,0.213124,4.99977,999.147,5.52889
0.000481601,1005.41,2.29349e-07,0.212773,4.99977,999.148,5.52889
0.000481801,1005.41,2.29657e-07,0.212422,4.99977,999.148,5.52889
0.000482001,1005.41,2.30006e-07,0.212072,4.99977,999.149,5.52889
0.000482201,1005.4,2.30345e-07,0.211722,4.99977,999.15,5.52889
0.000482401,1005.4,2.30646e-07,0.211372,4.99977,999.15,5.52889
0.000482601,1005.4,2.30949e-07,0.211022,4.99977,999.151,5.52889
0.000482801,1005.4,2.31279e-07,0.210673,4.99977,999.151,5.52889
0.000483001,1005.39,2.31606e-07,0.210324,4.99977,999.152,5.52889
0.000483201,1005.39,2.31906e-07,0.209975,4.99977,999.152,5.52889
0.000483401,1005.39,2.32203e-07,0.209627,4.99977,999.153,5.52889
0.000483601,1005.38,2.3252e-07,0.209278,4.99977,999.154,5.52889
0.000483801,1005.38,2.32835e-07,0.208931,4.99977,999.154,5.52889
0.000484001,1005.38,2.33132e-07,0.208583,4.99977,999.155,5.52889
0.000484201,1005.37,2.33426e-07,0.208236,4.99977,999.155,5.52889
0.000484401,1005.37,2.33729e-07,0.207889,4.99977,999.156,5.52889
0.000484601,1005.37,2.34034e-07,0.207542,4.99977,999.157,5.52889
0.000484801,1005.36,2.34326e-07,0.207196,4.99977,999.157,5.52889
0.000485001,1005.36,2.34612e-07,0.206849,4.99977,999.158,5.52889
0.000485201,1005.36,2.34908e-07,0.206504,4.99977,999.158,5.52889
0.000485401,1005.35,2.35203e-07,0.206158,4.99977,999.159,5.52889
0.000485601,1005.35,2.35487e-07,0.205813,4.99977,999.159,5.52889
0.000485801,1005.35,2.3577e-07,0.205468,4.99977,999.16,5.52889
0.000486001,1005.35,2.36056e-07,0.205123,4.99977,999.161,5.52889
0.000486201,1005.34,2.36342e-07,0.204778,4.99977,999.161,5.52889
0.000486401,1005.34,2.3662e-07,0.204434,4.99977,999.162,5.52889
0.000486601,1005.34,2.36896e-07,0.20409,4.99977,999.162,5.52889
0.000486801,1005.33,2.37174e-07,0.203747,4.99977,999.163,5.52889
0.000487001,1005.33,2.37452e-07,0.203403,4.99977,999.163,5.52889
0.000487201,1005.33,2.37723e-07,0.20306,4.99977,999.164,5.52889
0.000487401,1005.32,2.37993e-07,0.202717,4.99977,999.165,5.52889
0.000487601,1005.32,2.38264e-07,0.202375,4.99977,999.165,5.52889
0.000487801,1005.32,2.38532e-07,0.202032,4.99977,999.166,5.52889
0.000488001,1005.31,2.38797e-07,0.20169,4.99977,999.166,5.52889
0.000488201,1005.31,2.3906e-07,0.201348,4.99977,999.167,5.52889
0.000488401,1005.31,2.39323e-07,0.201007,4.99977,999.167,5.52889
0.000488601,1005.3,2.39586e-07,0.200666,4.99977,999.168,5.52889
0.000488801,1005.3,2.39843e-07,0.200325,4.99977,999.169,5.52889
0.000489001,1005.3,2.40099e-07,0.199984,4.99977,999.169,5.52889
0.000489201,1005.3,2.40358e-07,0.199643,4.99977,999.17,5.52889
0.000489401,1005.29,2.40611e-07,0.199303,4.99977,999.17,5.52889
0.000489601,1005.29,2.40861e-07,0.198963,4.99977,999.171,5.52889
0.000489801,1005.29,2.41113e-07,0.198624,4.99977,999.171,5.52889
0.000490001,1005.28,2.41363e-07,0.198284,4.99977,999.172,5.52889
0.000490201,1005.28,2.4161e-07,0.197945,4.99977,999.173,5.52889
0.000490401,1005.28,2.41854e-07,0.197606,4.99977,999.173,5.52889
0.000490601,1005.27,2.42099e-07,0.197267,4.99977,999.174,5.52889
0.000490801,1005.27,2.42342e-07,0.196929,4.99977,999.174,5.52889
0.000491001,1005.27,2.42584e-07,0.196591,4.99977,999.175,5.52889
0.000491201,1005.26,2.4282e-07,0.196253,4.99977,999.175,5.52889
0.000491401,1005.26,2.43058e-07,0.195915,4.99977,999.176,5.52889
0.000491601,1005.26,2.43296e-07,0.195578,4.99977,999.177,5.52889
0.000491801,1005.25,2.4353e-07,0.195241,4.99977,999.177,5.52889
0.000492001,1005.25,2.4376e-07,0.194904,4.99977,999.178,5.52889
0.000492201,1005.25,2.43991e-07,0.194567,4.99977,999.178,5.52889
0.000492401,1005.25,2.44224e-07,0.194231,4.99977,999.179,5.52889
0.000492601,1005.24,2.44452e-07,0.193895,4.99977,999.179,5.52889
0.000492801,1005.24,2.44676e-07,0.193559,4.99977,999.18,5.52889
0.000493001,1005.24,2.44901e-07,0.193223,4.99977,999.181,5.52889
0.000493201,1005.23,2.45127e-07,0.192888,4.99977,999.181,5.52889
0.000493401,1005.23,2.45349e-07,0.192553,4.99977,999.182,5.52889
0.000493601,1005.23,2.45565e-07,0.192218,4.99977,999.182,5.52889
0.000493801,1005.22,2.45786e-07,0.191883,4.99977,999.183,5.52889
0.000494001,1005.22,2.46006e-07,0.191549,4.99977,999.183,5.52889
0.000494201,1005.22,2.46221e-07,0.191215,4.99977,999.184,5.52889
0.000494401,1005.21,2.46434e-07,0.190881,4.99977,999.184,5.52889
0.000494601,1005.21,2.46647e-07,0.190547,4.99977,999.185,5.52889
0.000494801,1005.21,2.4686e-07,0.190214,4.99977,999.186,5.52889
0.000495001,1005.2,2.4707e-07,0.189881,4.99977,999.186,5.52889
0.000495201,1005.2,2.47276e-07,0.189548,4.99977,999.187,5.52889
0.000495401,1005.2,2.47484e-07,0.189215,4.99977,999.187,5.52889
0.000495601,1005.2,2.47691e-07,0.188883,4.99977,999.188,5.52889
0.000495801,1005.19,2.47895e-07,0.18855,4.99977,999.188,5.52889
0.000496001,1005.19,2.48096e-07,0.188218,4.99977,999.189,5.52889
0.000496201,1005.19,2.48297e-07,0.187887,4.99977,999.189,5.52889
0.000496401,1005.18,2.48499e-07,0.187555,4.99977,999.19,5.52889
0.000496601,1005.18,2.48697e-07,0.187224,4.99977,999.191,5.52889
0.000496801,1005.18,2.48893e-07,0.186893,4.99977,999.191,5.52889
0.000497001,1005.17,2.49088e-07,0.186562,4.99977,999.192,5.52889
0.000497201,1005.17,2.49283e-07,0.186231,4.99977,999.192,5.52889
0.000497401,1005.17,2.49477e-07,0.185901,4.99977,999.193,5.52889
0.000497601,1005.16,2.49668e-07,0.185571,4.99977,999.193,5.52889
0.000497801,1005.16,2.49856e-07,0.185241,4.99977,999.194,5.52889
0.000498001,1005.16,2.50045e-07,0.184912,4.99977,999.194,5.52889
0.000498201,1005.16,2.50234e-07,0.184582,4.99977,999.195,5.52889
0.000498401,1005.15,2.50419e-07,0.184253,4.99977,999.196,5.52889
0.000498601,1005.15,2.50603e-07,0.183924,4.99977,999.196,5.52889
0.000498801,1005.15,2.50786e-07,0.183596,4.99977,999.197,5.52889
0.000499001,1005.14,2.50968e-07,0.183267,4.99977,999.197,5.52889
0.000499201,1005.14,2.51147e-07,0.182939,4.99977,999.198,5.52889
0.000499401,1005.14,2.51326e-07,0.182611,4.99977,999.198,5.52889
0.000499601,1005.13,2.51505e-07,0.182283,4.99977,999.199,5.52889
0.000499801,1005.13,2.51681e-07,0.181956,4.99977,999.199,5.52889
0.000500001,1005.13,2.51855e-07,0.181628,4.99977,999.2,5.52889
0.000500201,1005.12,2.52028e-07,0.181301,4.99977,999.2,5.52889
0.000500401,1005.12,2.52202e-07,0.180974,4.99977,999.201,5.52889
0.000500601,1005.12,2.52372e-07,0.180648,4.99977,999.202,5.52889
0.000500801,1005.12,2.5254e-07,0.180321,4.99977,999.202,5.52889
0.000501001,1005.11,2.52709e-07,0.179995,4.99977,999.203,5.52889
0.000501204,1005.11,2.5288e-07,0.179664,4.99977,999.203,5.52889
0.000501404,1005.11,2.53044e-07,0.179339,4.99977,999.204,5.52889
0.000501604,1005.1,2.53207e-07,0.179013,4.99977,999.204,5.52889
0.000501804,1005.1,2.53372e-07,0.178688,4.99977,999.205,5.52889
0.000502004,1005.1,2.53533e-07,0.178363,4.99977,999.205,5.52889
0.000502204,1005.09,2.53692e-07,0.178038,4.99977,999.206,5.52889
0.000502404,1005.09,2.53851e-07,0.177713,4.99977,999.207,5.52889
0.000502604,1005.09,2.54008e-07,0.177389,4.99977,999.207,5.52889
0.000502804,1005.08,2.54166e-07,0.177065,4.99977,999.208,5.52889
0.000503004,1005.08,2.5432e-07,0.176741,4.99977,999.208,5.52889
0.000503204,1005.08,2.54474e-07,0.176417,4.99977,999.209,5.52889
0.000503407,1005.08,2.54627e-07,0.176089,4.99977,999.209,5.52889
0.000503605,1.15711,0.56917,0.16103,4.99977,999.203,5.52889
0.000503812,1.49639,0.73604,0.153158,4.99977,999.184,5.52889
0.000504012,1.84056,0.905298,0.151172,4.99977,999.159,5.52889
0.000504212,2.18459,1.07449,0.149477,4.99977,999.13,5.52889
0.000504412,2.52849,1.24363,0.147815,4.99977,999.096,5.52889
0.000504612,2.87226,1.41269,0.146172,4.99977,999.056,5.52889
0.0005048,1252.01,1.41428,0.14606,4.99977,999.015,5.52889
0.000505002,1216.28,-0.145413,0.194397,4.99977,999.016,5.52889
0.000505207,1180.96,0.192209,0.205644,4.99977,999.017,5.52889
0.000505406,909.22,0.257969,0.214409,4.99977,999.02,5.52889
0.000505605,784.674,-0.0498538,0.222944,4.99977,999.021,5.52889
0.000505804,983.076,-0.275361,0.223386,4.99977,999.021,5.52889
0.000506004,1206.71,-0.109731,0.219362,4.99977,999.02,5.52889
0.000506206,1158.34,0.191207,0.220125,4.99977,999.021,5.52889
0.000506402,888.822,0.221747,0.2284,4.99977,999.023,5.52889
0.000506606,799.663,-0.0495008,0.235646,4.99977,999.025,5.52889
0.000506803,997.882,-0.258489,0.235737,4.99977,999.024,5.52889
0.000507005,1195.54,-0.096481,0.232188,4.99977,999.023,5.52889
0.0005072,1117.39,0.209832,0.233321,4.99977,999.024,5.52889
0.000507405,901.198,0.210096,0.240644,4.99977,999.026,5.52889
0.000507605,816.762,-0.0619991,0.247589,4.99977,999.028,5.52889
0.000507805,996.579,-0.24042,0.247671,4.99977,999.027,5.52889
0.000508005,1184.88,-0.0817724,0.244188,4.99977,999.026,5.52889
0.000508202,1109.24,0.195448,0.245415,4.99977,999.028,5.52889
0.000508406,903.013,0.190622,0.252393,4.99977,999.03,5.52889
0.000508605,833.524,-0.0706244,0.258737,4.99977,999.031,5.52889
0.0005088,1030.93,-0.221491,0.257947,4.99977,999.03,5.52889
0.000509001,1179.85,-0.0410781,0.254995,4.99977,999.03,5.52889
0.000509207,1107.92,0.176137,0.256675,4.99977,999.031,5.52889
0.000509408,907.786,0.174214,0.263314,4.99977,999.033,5.52889
0.000509603,854.52,-0.0908434,0.269145,4.99977,999.034,5.52889
0.000509806,1019.12,-0.206121,0.268682,4.99977,999.034,5.52889
0.000510001,1168.95,-0.0205725,0.26546,4.99977,999.033,5.52889
0.000510209,1098.26,0.164582,0.267313,4.99977,999.034,5.52889
0.000510402,888.384,0.13115,0.274259,4.99977,999.037,5.52889
0.000510608,863.253,-0.0755918,0.278861,4.99977,999.037,5.52889
0.000510803,1043.14,-0.185618,0.277784,4.99977,999.037,5.52889
0.000511005,1156.54,-0.0207777,0.275522,4.99977,999.037,5.52889
0.000511201,1055.62,0.174865,0.277709,4.99977,999.038,5.52889
0.000511405,896.062,0.119168,0.283712,4.99977,999.04,5.52889
0.0005116,894.462,-0.112272,0.287803,4.99977,999.04,5.52889
0.0005118,1059.05,-0.164136,0.286423,4.99977,999.04,5.52889
0.000512001,1145.87,0.00981906,0.284531,4.99977,999.04,5.52889
0.000512206,1057.4,0.158912,0.286847,4.99977,999.041,5.52889
0.000512408,903.85,0.108995,0.292515,4.99977,999.043,5.52889
0.000512606,898.652,-0.0962181,0.296332,4.99977,999.044,5.52889
0.000512803,1057.43,-0.150421,0.294957,4.99977,999.043,5.52889
0.000513005,1135.4,0.00591024,0.293333,4.99977,999.043,5.52889
0.000513209,1052.01,0.147517,0.295476,4.99977,999.045,5.52889
0.000513403,897.084,0.0740387,0.301227,4.99977,999.046,5.52889
0.000513608,909.432,-0.0929953,0.304216,4.99977,999.047,5.52889
0.000513806,1054.2,-0.138571,0.302967,4.99977,999.047,5.52889
0.000514002,1123.34,0.0296779,0.301262,4.99977,999.047,5.52889
0.000514202,1018.67,0.145119,0.303996,4.99977,999.048,5.52889
0.000514405,904.682,0.066328,0.308848,4.99977,999.05,5.52889
0.00051461,918.315,-0.0880397,0.311571,4.99977,999.05,5.52889
0.000514802,1067.21,-0.11713,0.309916,4.99977,999.05,5.52889
0.000515004,1114.18,0.0292094,0.308865,4.99977,999.05,5.52889
0.000515207,1022.6,0.133197,0.311329,4.99977,999.051,5.52889
0.000515408,912.061,0.0599827,0.315927,4.99977,999.053,5.52889
0.000515603,943.971,-0.104144,0.318165,4.99977,999.053,5.52889
0.000515804,1064.55,-0.106581,0.316846,4.99977,999.053,5.52889
0.000516007,1105.97,0.0271124,0.315949,4.99977,999.053,5.52889
0.000516203,1003.82,0.124249,0.31857,4.99977,999.055,5.52889
0.000516403,912.196,0.0322643,0.322822,4.99977,999.056,5.52889
0.000516603,953.661,-0.100426,0.324477,4.99977,999.056,5.52889
0.000516808,1058.32,-0.0998685,0.32341,4.99977,999.056,5.52889
0.000517003,1092.85,0.0466585,0.322391,4.99977,999.057,5.52889
0.000517204,1001.03,0.114537,0.325015,4.99977,999.058,5.52889
0.000517406,919.742,0.03068,0.328872,4.99977,999.059,5.52889
0.000517607,956.002,-0.0911447,0.330448,4.99977,999.06,5.52889
0.00051781,1056.24,-0.09071,0.329375,4.99977,999.06,5.52889
0.000518006,1086.18,0.0433876,0.328499,4.99977,999.06,5.52889
0.0005182,986.687,0.102908,0.331248,4.99977,999.061,5.52889
0.000518403,923.882,0.0119337,0.334675,4.99977,999.062,5.52889
0.000518601,977.7,-0.0959043,0.335614,4.99977,999.063,5.52889
0.000518802,1069.13,-0.0652466,0.334346,4.99977,999.063,5.52889
0.000519009,1080.16,0.0399364,0.334156,4.99977,999.063,5.52889
0.000519203,988.343,0.0949968,0.336693,4.99977,999.064,5.52889
0.000519406,930.337,0.0111153,0.339859,4.99977,999.066,5.52889
0.000519604,979.836,-0.0884374,0.340731,4.99977,999.066,5.52889
0.000519805,1064.34,-0.0602875,0.33956,4.99977,999.066,5.52889
0.000520001,1064.57,0.0575908,0.339352,4.99977,999.066,5.52889
0.000520206,989.87,0.087692,0.341724,4.99977,999.068,5.52889
0.000520403,935.844,-0.00348002,0.344763,4.99977,999.069,5.52889
0.000520607,981.81,-0.0815442,0.345454,4.99977,999.069,5.52889
0.000520808,1059.91,-0.0557072,0.344372,4.99977,999.069,5.52889
0.000521004,1060.26,0.0530206,0.344177,4.99977,999.07,5.52889
0.000521203,980.787,0.0766305,0.346613,4.99977,999.071,5.52889
0.000521406,941.368,-0.00311736,0.349167,4.99977,999.072,5.52889
0.0005216,998.793,-0.0800841,0.349474,4.99977,999.072,5.52889
0.000521802,1064.19,-0.0358781,0.348422,4.99977,999.072,5.52889
0.000522007,1056.27,0.0488038,0.348619,4.99977,999.073,5.52889
0.000522206,982.878,0.0707387,0.350862,4.99977,999.074,5.52889
0.000522403,947.553,-0.0146538,0.353284,4.99977,999.075,5.52889
0.000522604,999.316,-0.0738823,0.3535,4.99977,999.075,5.52889
0.000522805,1059.78,-0.033185,0.352523,4.99977,999.075,5.52889
0.00052301,1052.59,0.044913,0.352698,4.99977,999.076,5.52889
0.000523201,975.356,0.0589594,0.35501,4.99977,999.077,5.52889
0.000523406,952.161,-0.0134173,0.356993,4.99977,999.078,5.52889
0.000523607,999.8,-0.068157,0.357191,4.99977,999.078,5.52889
0.000523808,1055.72,-0.0306977,0.356282,4.99977,999.079,5.52889
0.000524001,1037.03,0.0554151,0.356526,4.99977,999.079,5.52889
0.000524204,977.889,0.0544549,0.358561,4.99977,999.08,5.52889
0.000524401,959.088,-0.0237962,0.360414,4.99977,999.081,5.52889
0.000524603,1009.1,-0.0634714,0.36035,4.99977,999.082,5.52889
0.000524803,1055.67,-0.0165552,0.359491,4.99977,999.082,5.52889
0.000525004,1034.84,0.0510583,0.359933,4.99977,999.083,5.52889
0.000525208,980.225,0.0502966,0.361802,4.99977,999.084,5.52889
0.000525404,962.774,-0.0218018,0.363506,4.99977,999.084,5.52889
0.000525606,1008.87,-0.0585759,0.36344,4.99977,999.085,5.52889
0.000525806,1051.94,-0.0153298,0.362637,4.99977,999.085,5.52889
0.000526007,1032.82,0.0470373,0.363034,4.99977,999.086,5.52889
0.000526201,973.968,0.0374847,0.364998,4.99977,999.087,5.52889
0.000526407,966.176,-0.019962,0.366313,4.99977,999.087,5.52889
0.000526602,1016.47,-0.0528996,0.366039,4.99977,999.088,5.52889
0.000526803,1049.8,-0.00576697,0.365364,4.99977,999.088,5.52889
0.000527,1021.84,0.0492049,0.365968,4.99977,999.089,5.52889
0.000527204,976.627,0.0346909,0.367648,4.99977,999.09,5.52889
0.000527401,973.93,-0.0291427,0.368831,4.99977,999.091,5.52889
0.000527605,1015.68,-0.0488389,0.368591,4.99977,999.091,5.52889
0.000527806,1046.52,-0.00538671,0.367955,4.99977,999.091,5.52889
0.000528003,1020.84,0.0453498,0.368499,4.99977,999.092,5.52889
0.000528207,979.179,0.0322422,0.370033,4.99977,999.093,5.52889
0.000528404,976.378,-0.0266356,0.37112,4.99977,999.094,5.52889
0.000528601,1020.98,-0.0428555,0.370715,4.99977,999.094,5.52889
0.000528802,1043.7,0.00200899,0.370199,4.99977,999.094,5.52889
0.000529006,1019.94,0.0417824,0.370772,4.99977,999.095,5.52889
0.000529201,976.581,0.021618,0.372345,4.99977,999.096,5.52889
0.000529407,978.633,-0.024311,0.373168,4.99977,999.097,5.52889
0.000529604,1019.84,-0.0395881,0.372783,4.99977,999.097,5.52889
0.000529805,1040.89,0.00177696,0.372291,4.99977,999.098,5.52889
0.00053001,1019.1,0.0384875,0.372803,4.99977,999.098,5.52889
0.000530204,979.098,0.0202305,0.374238,4.99977,999.099,5.52889
0.000530408,981.942,-0.024325,0.374978,4.99977,999.1,5.52889
0.000530606,1019.47,-0.0362291,0.3746,4.99977,999.1,5.52889
0.000530802,1037.7,0.00784823,0.374091,4.99977,999.101,5.52889
0.000531003,1011.05,0.0377434,0.374729,4.99977,999.101,5.52889
0.000531205,980.66,0.017271,0.375941,4.99977,999.102,5.52889
0.000531411,983.631,-0.0219771,0.376586,4.99977,999.103,5.52889
0.000531602,1023.15,-0.0304385,0.376075,4.99977,999.103,5.52889
0.000531805,1035.39,0.00701952,0.375736,4.99977,999.104,5.52889
0.000532,1006.82,0.0350899,0.376385,4.99977,999.105,5.52889
0.0005322,980.674,0.00956731,0.377506,4.99977,999.105,5.52889
0.000532404,990.535,-0.0267738,0.377923,4.99977,999.106,5.52889
0.000532604,1022.34,-0.0277472,0.377487,4.99977,999.106,5.52889
0.0005328,1031.73,0.0126493,0.377133,4.99977,999.107,5.52889
0.000533003,1006.53,0.0323685,0.37776,4.99977,999.108,5.52889
0.000533203,982.715,0.00873666,0.378772,4.99977,999.108,5.52889
0.000533407,991.753,-0.0246218,0.379139,4.99977,999.109,5.52889
0.000533608,1020.97,-0.0257766,0.378725,4.99977,999.109,5.52889
0.000533803,1029.88,0.0115841,0.378375,4.99977,999.11,5.52889
0.000534005,1006.15,0.0298524,0.378945,4.99977,999.111,5.52889
0.000534202,984.041,0.00484206,0.379891,4.99977,999.111,5.52889
0.000534408,993.733,-0.0234579,0.380159,4.99977,999.112,5.52889
0.00053461,1020.17,-0.0235781,0.379763,4.99977,999.112,5.52889
0.000534806,1028.15,0.0106386,0.37943,4.99977,999.113,5.52889
0.000535,1002.24,0.0268553,0.380027,4.99977,999.114,5.52889
0.000535202,985.684,0.00316615,0.380807,4.99977,999.114,5.52889
0.0005354,999.576,-0.0249145,0.380937,4.99977,999.115,5.52889
0.000535603,1023.19,-0.0174006,0.380495,4.99977,999.115,5.52889
0.000535809,1026.57,0.00974658,0.38031,4.99977,999.116,5.52889
0.000536003,1002.66,0.0247899,0.380841,4.99977,999.117,5.52889
0.000536205,987.36,0.00296235,0.381541,4.99977,999.117,5.52889
0.000536403,1000.11,-0.0229571,0.381643,4.99977,999.118,5.52889
0.000536606,1021.93,-0.0161017,0.381215,4.99977,999.118,5.52889
0.000536802,1022.79,0.0141391,0.381018,4.99977,999.119,5.52889
0.000537006,1003.06,0.0228853,0.381493,4.99977,999.12,5.52889
0.000537202,988.779,-0.000822265,0.382154,4.99977,999.121,5.52889
0.000537407,1000.57,-0.0211348,0.382195,4.99977,999.121,5.52889
0.000537609,1020.74,-0.0149404,0.38178,4.99977,999.121,5.52889
0.000537805,1021.71,0.0128531,0.381575,4.99977,999.122,5.52889
0.000538002,1000.55,0.0199849,0.382065,4.99977,999.123,5.52889
0.000538205,990.208,-0.000655505,0.382581,4.99977,999.124,5.52889
0.0005384,1004.9,-0.0207909,0.382523,4.99977,999.124,5.52889
0.000538602,1021.9,-0.00993593,0.382105,4.99977,999.124,5.52889
0.000538809,1020.73,0.0116148,0.381985,4.99977,999.125,5.52889
0.000539006,1001.2,0.0185018,0.382412,4.99977,999.126,5.52889
0.000539202,991.753,-0.00338589,0.382892,4.99977,999.126,5.52889
0.000539404,1004.81,-0.0191265,0.382801,4.99977,999.127,5.52889
0.000539608,1020.26,-0.010222,0.38241,4.99977,999.128,5.52889
0.000539802,1017.33,0.0140393,0.382273,4.99977,999.128,5.52889
0.000540008,1001.28,0.0168404,0.382638,4.99977,999.129,5.52889
0.000540205,992.997,-0.00327684,0.383048,4.99977,999.129,5.52889
0.000540407,1004.93,-0.0176041,0.382944,4.99977,999.13,5.52889
0.000540602,1020.62,-0.00591809,0.382493,4.99977,999.13,5.52889
0.000540809,1017.51,0.011727,0.382401,4.99977,999.131,5.52889
0.000541004,999.646,0.0140711,0.382785,4.99977,999.132,5.52889
0.000541203,994.54,-0.00512168,0.383091,4.99977,999.132,5.52889
0.000541407,1006.24,-0.016391,0.382937,4.99977,999.133,5.52889
0.000541603,1019.84,-0.00435113,0.382506,4.99977,999.133,5.52889
0.00054181,1016.07,0.0115887,0.382421,4.99977,999.134,5.52889
0.000542007,1000.27,0.0129578,0.382746,4.99977,999.135,5.52889
0.000542207,995.502,-0.00449266,0.383003,4.99977,999.135,5.52889
0.000542402,1008.66,-0.0150511,0.382787,4.99977,999.136,5.52889
0.000542606,1018.85,-0.00391828,0.382418,4.99977,999.136,5.52889
0.000542802,1012.72,0.0130128,0.382355,4.99977,999.137,5.52889
0.00054301,1000.75,0.0118681,0.382594,4.99977,999.138,5.52889
0.000543201,997.463,-0.00710166,0.382814,4.99977,999.138,5.52889
0.000543408,1008.01,-0.013902,0.382595,4.99977,999.139,5.52889
0.000543606,1018.11,-0.00259158,0.382206,4.99977,999.139,5.52889
0.0005438,1010.94,0.0126978,0.382162,4.99977,999.14,5.52889
0.000544007,999.933,0.00956779,0.382378,4.99977,999.141,5.52889
0.000544209,997.734,-0.00525944,0.382509,4.99977,999.141,5.52889
0.000544407,1008.93,-0.0126519,0.382263,4.99977,999.142,5.52889
0.0005446,1017.41,0.000572655,0.381873,4.99977,999.142,5.52889
0.000544803,1010.56,0.0117017,0.381841,4.99977,999.143,5.52889
0.000545001,999.015,0.00650496,0.382072,4.99977,999.144,5.52889
0.000545203,999.654,-0.00727587,0.382109,4.99977,999.144,5.52889
0.000545406,1010.04,-0.011266,0.381827,4.99977,999.145,5.52889
0.000545605,1016.58,7.12559e-05,0.381478,4.99977,999.145,5.52889
0.000545808,1010.57,0.0106213,0.381413,4.99977,999.146,5.52889
0.000546008,1000.13,0.00677636,0.381587,4.99977,999.147,5.52889
0.0005462,1001.19,-0.00796807,0.38161,4.99977,999.147,5.52889
0.000546403,1011.01,-0.00977925,0.381301,4.99977,999.148,5.52889
0.000546604,1015.76,0.00126155,0.380976,4.99977,999.148,5.52889
0.000546804,1008.68,0.0103154,0.380933,4.99977,999.149,5.52889
0.000547002,999.694,0.00409067,0.381081,4.99977,999.149,5.52889
0.000547202,1001.89,-0.00757576,0.381027,4.99977,999.15,5.52889
0.000547408,1010.47,-0.00910873,0.380724,4.99977,999.151,5.52889
0.000547602,1014.85,0.00253016,0.380388,4.99977,999.151,5.52889
0.000547801,1007.41,0.00961467,0.380357,4.99977,999.152,5.52889
0.000548007,1000.47,0.00421329,0.380429,4.99977,999.152,5.52889
0.000548204,1002.66,-0.00730462,0.38036,4.99977,999.153,5.52889
0.0005484,1011.99,-0.00698921,0.380011,4.99977,999.153,5.52889
0.000548606,1014.23,0.00226388,0.379723,4.99977,999.154,5.52889
0.000548807,1007.73,0.00879893,0.379659,4.99977,999.155,5.52889
0.000549004,1000.56,0.00236674,0.379738,4.99977,999.155,5.52889
0.000549206,1003.25,-0.00691018,0.379616,4.99977,999.156,5.52889
0.000549404,1011.51,-0.00649597,0.379273,4.99977,999.156,5.52889
0.0005496,1013.07,0.00390994,0.378981,4.99977,999.157,5.52889
0.000549803,1006.45,0.00803671,0.378927,4.99977,999.158,5.52889
0.000550003,1000.94,0.00130952,0.378954,4.99977,999.158,5.52889
0.000550201,1004.69,-0.00714835,0.378789,4.99977,999.159,5.52889
0.000550409,1011.07,-0.0060359,0.378459,4.99977,999.159,5.52889
0.000550605,1012.66,0.00338847,0.378162,4.99977,999.16,5.52889
0.000550807,1006.53,0.00737728,0.378085,4.99977,999.16,5.52889
0.000551001,1001.37,0.000136143,0.3781,4.99977,999.161,5.52889
0.000551209,1004.35,-0.0062107,0.377909,4.99977,999.162,5.52889
0.000551408,1011.21,-0.00501649,0.377561,4.99977,999.162,5.52889
0.000551607,1012.06,0.00343087,0.377275,4.99977,999.163,5.52889
0.000551801,1005.25,0.00635414,0.377217,4.99977,999.163,5.52889
0.000552005,1001.86,0.000182486,0.37716,4.99977,999.164,5.52889
0.000552205,1005.55,-0.00623165,0.376948,4.99977,999.164,5.52889
0.000552406,1011.4,-0.00382744,0.376597,4.99977,999.165,5.52889
0.000552605,1011.26,0.00386118,0.376327,4.99977,999.166,5.52889
0.000552803,1005.19,0.00570393,0.376247,4.99977,999.166,5.52889
0.000553004,1002.33,-0.000589981,0.376169,4.99977,999.167,5.52889
0.000553207,1005.99,-0.0058039,0.375931,4.99977,999.167,5.52889
0.000553402,1011.54,-0.00238301,0.375571,4.99977,999.168,5.52889
0.000553608,1010.72,0.0037679,0.375312,4.99977,999.168,5.52889
0.000553808,1005.34,0.00518374,0.375207,4.99977,999.169,5.52889
0.000554004,1002.85,-0.00128315,0.375117,4.99977,999.17,5.52889
0.000554205,1006.86,-0.00545155,0.37485,4.99977,999.17,5.52889
0.000554407,1011.13,-0.00219903,0.374501,4.99977,999.171,5.52889
0.0005546,1009.38,0.00451,0.374261,4.99977,999.171,5.52889
0.000554804,1004.69,0.00413475,0.374143,4.99977,999.172,5.52889
0.000555,1003.51,-0.00219294,0.37401,4.99977,999.172,5.52889
0.000555201,1007.73,-0.00493658,0.373715,4.99977,999.173,5.52889
0.000555405,1010.98,-0.00122477,0.373371,4.99977,999.174,5.52889
0.00055561,1009.55,0.00377914,0.373117,4.99977,999.174,5.52889
0.000555811,1005.07,0.00390856,0.372981,4.99977,999.175,5.52889
0.000556007,1003.76,-0.00179862,0.372835,4.99977,999.175,5.52889
0.000556207,1007.54,-0.00450831,0.372539,4.99977,999.176,5.52889
0.000556405,1010.71,-0.000574973,0.372193,4.99977,999.176,5.52889
0.000556605,1008.61,0.00397363,0.371953,4.99977,999.177,5.52889
0.000556809,1004.82,0.00312562,0.371798,4.99977,999.178,5.52889
0.00055701,1004.12,-0.00180538,0.371615,4.99977,999.178,5.52889
0.000557205,1008.15,-0.00392896,0.371306,4.99977,999.179,5.52889
0.000557401,1010.38,0.000427794,0.370968,4.99977,999.179,5.52889
0.0005576,1007.66,0.00390611,0.370745,4.99977,999.18,5.52889
0.000557807,1004.6,0.00221696,0.37057,4.99977,999.18,5.52889
0.00055801,1004.62,-0.00212106,0.370353,4.99977,999.181,5.52889
0.000558206,1008.36,-0.00340454,0.370031,4.99977,999.181,5.52889
0.000558406,1010.04,0.000518277,0.369697,4.99977,999.182,5.52889
0.000558608,1007.71,0.00350257,0.369457,4.99977,999.183,5.52889
0.000558806,1004.59,0.00147495,0.369288,4.99977,999.183,5.52889
0.00055901,1005.14,-0.00235525,0.369045,4.99977,999.184,5.52889
0.0005592,1008.91,-0.00253698,0.36871,4.99977,999.184,5.52889
0.000559407,1009.66,0.000925254,0.368384,4.99977,999.185,5.52889
0.000559605,1007.04,0.00322075,0.368155,4.99977,999.185,5.52889
0.000559801,1004.62,0.00045023,0.367972,4.99977,999.186,5.52889
0.000560002,1006.04,-0.0027789,0.367699,4.99977,999.187,5.52889
0.000560201,1008.98,-0.00194803,0.367354,4.99977,999.187,5.52889
0.000560403,1009.15,0.00152941,0.367039,4.99977,999.188,5.52889
0.000560601,1006.42,0.00276639,0.366814,4.99977,999.188,5.52889
0.000560805,1004.84,0.00019266,0.366592,4.99977,999.189,5.52889
0.000561008,1006.2,-0.00252165,0.366305,4.99977,999.189,5.52889
0.000561209,1008.75,-0.00177605,0.36596,4.99977,999.19,5.52889
0.000561413,1008.97,0.00125698,0.365638,4.99977,999.19,5.52889
0.000561605,1006.3,0.00239107,0.365414,4.99977,999.191,5.52889
0.000561804,1005.1,-0.00043176,0.365186,4.99977,999.192,5.52889
0.000562011,1006.54,-0.00237567,0.364877,4.99977,999.192,5.52889
0.000562207,1008.82,-0.00110027,0.364531,4.99977,999.193,5.52889
0.000562411,1008.5,0.00157416,0.364217,4.99977,999.193,5.52889
0.000562604,1005.98,0.00185712,0.363991,4.99977,999.194,5.52889
0.000562801,1005.45,-0.000961242,0.363743,4.99977,999.194,5.52889
0.000563007,1007.09,-0.00219993,0.363417,4.99977,999.195,5.52889
0.000563201,1008.79,-0.000217331,0.363074,4.99977,999.195,5.52889
0.000563412,1008.07,0.00168642,0.362761,4.99977,999.196,5.52889
0.000563605,1005.85,0.00137973,0.362527,4.99977,999.197,5.52889
0.000563806,1005.71,-0.001059,0.362256,4.99977,999.197,5.52889
0.000564001,1007.67,-0.00179523,0.361927,4.99977,999.198,5.52889
0.0005642,1008.56,0.00031571,0.361587,4.99977,999.198,5.52889
0.000564407,1007.45,0.00178125,0.361286,4.99977,999.199,5.52889
0.000564606,1005.79,0.000884634,0.361031,4.99977,999.199,5.52889
0.00056481,1005.98,-0.0011328,0.360737,4.99977,999.2,5.52889
0.000565006,1007.76,-0.0014655,0.360402,4.99977,999.2,5.52889
0.000565201,1008.27,0.000654943,0.36007,4.99977,999.201,5.52889
0.000565401,1006.85,0.0016059,0.359787,4.99977,999.201,5.52889
0.000565601,1005.78,0.000188638,0.359515,4.99977,999.202,5.52889
0.000565812,1006.29,-0.00121921,0.359191,4.99977,999.203,5.52889
0.000566,1008.01,-0.000864391,0.358857,4.99977,999.203,5.52889
0.000566208,1008.05,0.000709008,0.358517,4.99977,999.204,5.52889
0.000566406,1006.7,0.00135425,0.358231,4.99977,999.204,5.52889
0.000566606,1005.92,-9.25637e-05,0.357951,4.99977,999.205,5.52889
0.000566807,1006.79,-0.00130428,0.357627,4.99977,999.205,5.52889
0.000567001,1008,-0.00043404,0.357284,4.99977,999.206,5.52889
0.000567209,1007.73,0.000895358,0.356948,4.99977,999.206,5.52889
0.000567409,1006.5,0.00105128,0.356657,4.99977,999.207,5.52889
0.000567608,1006.11,-0.000393814,0.356363,4.99977,999.207,5.52889
0.00056781,1007.02,-0.00115639,0.356027,4.99977,999.208,5.52889
0.000568005,1007.9,-0.000122172,0.355684,4.99977,999.209,5.52889
0.000568203,1007.26,0.00104004,0.355369,4.99977,999.209,5.52889
0.000568407,1006.32,0.000637287,0.355066,4.99977,999.21,5.52889
0.000568609,1006.33,-0.000600251,0.354751,4.99977,999.21,5.52889
0.000568806,1007.33,-0.000902864,0.354412,4.99977,999.211,5.52889
0.000569005,1007.74,0.000244003,0.354069,4.99977,999.211,5.52889
0.000569213,1007.15,0.000914739,0.353736,4.99977,999.212,5.52889
0.000569402,1006.26,0.000159749,0.353455,4.99977,999.212,5.52889
0.000569604,1006.65,-0.000782154,0.353124,4.99977,999.213,5.52889
0.000569807,1007.46,-0.000605362,0.352772,4.99977,999.213,5.52889
0.000570001,1007.48,0.000538161,0.352441,4.99977,999.214,5.52889
0.00057021,1006.83,0.00078454,0.352108,4.99977,999.215,5.52889
0.000570404,1006.35,-0.000111571,0.351807,4.99977,999.215,5.52889
0.000570602,1006.93,-0.000754982,0.351472,4.99977,999.216,5.52889
0.000570801,1007.52,-0.000200558,0.351122,4.99977,999.216,5.52889
0.000571013,1007.36,0.000489797,0.350765,4.99977,999.217,5.52889
0.000571208,1006.62,0.000552653,0.350456,4.99977,999.217,5.52889
0.000571402,1006.5,-0.000357461,0.350143,4.99977,999.218,5.52889
0.000571611,1007,-0.000642988,0.349785,4.99977,999.218,5.52889
0.000571801,1007.44,7.14018e-05,0.349448,4.99977,999.219,5.52889
0.000572007,1007.07,0.000583134,0.349105,4.99977,999.219,5.52889
0.000572209,1006.54,0.00032116,0.348778,4.99977,999.22,5.52889
0.000572401,1006.67,-0.00046683,0.348458,4.99977,999.22,5.52889
0.000572607,1007.17,-0.000465281,0.348098,4.99977,999.221,5.52889
0.000572806,1007.33,0.000187673,0.347749,4.99977,999.221,5.52889
0.000573006,1006.88,0.000517034,0.347416,4.99977,999.222,5.52889
0.000573205,1006.52,4.61003e-05,0.34709,4.99977,999.223,5.52889
0.000573402,1006.82,-0.000471543,0.346752,4.99977,999.223,5.52889
0.000573605,1007.23,-0.000255689,0.346393,4.99977,999.224,5.52889
0.000573811,1007.2,0.000269767,0.346036,4.99977,999.224,5.52889
0.000574003,1006.72,0.000376557,0.345715,4.99977,999.225,5.52889
0.000574203,1006.58,-0.000149006,0.345381,4.99977,999.225,5.52889
0.000574403,1006.93,-0.000415331,0.34503,4.99977,999.226,5.52889
0.000574605,1007.22,-7.41713e-05,0.344672,4.99977,999.226,5.52889
0.000574817,1007.1,0.000294331,0.344304,4.99977,999.227,5.52889
0.000575,1006.63,0.000199668,0.343998,4.99977,999.227,5.52889
0.000575204,1006.66,-0.000237561,0.343649,4.99977,999.228,5.52889
0.000575411,1006.96,-0.000343045,0.343283,4.99977,999.228,5.52889
0.000575601,1007.14,0.000105409,0.342944,4.99977,999.229,5.52889
0.000575806,1006.89,0.000333531,0.342591,4.99977,999.229,5.52889
0.000576004,1006.62,8.16615e-05,0.342253,4.99977,999.23,5.52889
0.000576215,1006.7,-0.000230058,0.341886,4.99977,999.231,5.52889
0.000576408,1007.03,-0.000224619,0.34154,4.99977,999.231,5.52889
0.000576606,1007.06,0.000160594,0.341189,4.99977,999.232,5.52889
0.000576812,1006.82,0.000281745,0.340831,4.99977,999.232,5.52889
0.000577003,1006.64,-4.11355e-05,0.340502,4.99977,999.233,5.52889
0.000577203,1006.84,-0.000266902,0.340148,4.99977,999.233,5.52889
0.000577402,1007.05,-7.25168e-05,0.339791,4.99977,999.234,5.52889
0.000577612,1006.99,0.000178277,0.339418,4.99977,999.234,5.52889
0.000577805,1006.72,0.000185567,0.339083,4.99977,999.235,5.52889
0.000578007,1006.67,-0.000102603,0.33873,4.99977,999.235,5.52889
0.000578204,1006.89,-0.000221191,0.338378,4.99977,999.236,5.52889
0.000578405,1007.01,1.32839e-06,0.338015,4.99977,999.236,5.52889
0.000578616,1006.91,0.000187593,0.33764,4.99977,999.237,5.52889
0.000578804,1006.68,9.20363e-05,0.337312,4.99977,999.237,5.52889
0.000579007,1006.72,-0.000148705,0.336953,4.99977,999.238,5.52889
0.000579212,1006.89,-0.000177023,0.336583,4.99977,999.238,5.52889
0.000579406,1006.96,7.07675e-05,0.336234,4.99977,999.239,5.52889
0.000579604,1006.79,0.000181711,0.335882,4.99977,999.239,5.52889
0.000579802,1006.67,-9.99088e-08,0.335533,4.99977,999.24,5.52889
0.000580013,1006.74,-0.000148802,0.335154,4.99977,999.24,5.52889
0.000580201,1006.92,-7.55924e-05,0.334812,4.99977,999.241,5.52889
0.000580404,1006.89,0.00011564,0.334446,4.99977,999.242,5.52889
0.000580601,1006.72,0.000127975,0.334096,4.99977,999.242,5.52889
0.000580802,1006.68,-5.54269e-05,0.333738,4.99977,999.243,5.52889
0.000581001,1006.81,-0.000145864,0.333378,4.99977,999.243,5.52889
0.000581205,1006.9,-2.45153e-05,0.333008,4.99977,999.244,5.52889
0.000581413,1006.85,0.000113461,0.332632,4.99977,999.244,5.52889
0.000581607,1006.7,8.84783e-05,0.332285,4.99977,999.245,5.52889
0.00058181,1006.69,-6.78261e-05,0.33192,4.99977,999.245,5.52889
0.000582005,1006.82,-0.000114669,0.331566,4.99977,999.246,5.52889
0.000582205,1006.87,2.62172e-05,0.331201,4.99977,999.246,5.52889
0.000582413,1006.79,0.000114807,0.330825,4.99977,999.247,5.52889
0.000582601,1006.67,1.96713e-05,0.330488,4.99977,999.247,5.52889
0.000582808,1006.71,-9.20835e-05,0.330112,4.99977,999.248,5.52889
0.000583003,1006.82,-7.02749e-05,0.329756,4.99977,999.248,5.52889
0.000583209,1006.83,4.98503e-05,0.32938,4.99977,999.249,5.52889
0.000583407,1006.73,9.70416e-05,0.329022,4.99977,999.249,5.52889
0.000583601,1006.67,-1.9777e-05,0.32867,4.99977,999.25,5.52889
0.000583812,1006.72,-9.0593e-05,0.328287,4.99977,999.25,5.52889
0.000584,1006.81,-2.19136e-05,0.327941,4.99977,999.251,5.52889
0.00058421,1006.78,6.74278e-05,0.327558,4.99977,999.251,5.52889
0.000584407,1006.69,6.98561e-05,0.3272,4.99977,999.252,5.52889
0.000584601,1006.67,-4.60833e-05,0.326848,4.99977,999.252,5.52889
0.000584807,1006.74,-8.05721e-05,0.326469,4.99977,999.253,5.52889
0.000585005,1006.79,-1.8305e-07,0.326106,4.99977,999.253,5.52889
0.000585217,1006.75,6.55294e-05,0.325717,4.99977,999.254,5.52889
0.000585406,1006.67,3.62656e-05,0.325374,4.99977,999.254,5.52889
0.000585608,1006.67,-5.03594e-05,0.325004,4.99977,999.255,5.52889
0.000585801,1006.75,-5.36958e-05,0.324648,4.99977,999.255,5.52889
0.000586002,1006.76,2.89694e-05,0.324278,4.99977,999.256,5.52889
0.000586214,1006.71,6.5403e-05,0.32389,4.99977,999.256,5.52889
0.000586405,1006.65,6.74973e-06,0.323542,4.99977,999.257,5.52889
0.000586603,1006.68,-5.87399e-05,0.323178,4.99977,999.257,5.52889
0.000586807,1006.73,-3.6409e-05,0.322802,4.99977,999.258,5.52889
0.000587011,1006.73,3.21618e-05,0.322425,4.99977,999.259,5.52889
0.000587205,1006.67,5.0107e-05,0.32207,4.99977,999.259,5.52889
0.000587403,1006.64,-1.66168e-05,0.321707,4.99977,999.259,5.52889
0.000587608,1006.68,-5.26827e-05,0.321328,4.99977,999.26,5.52889
0.000587806,1006.72,-1.29249e-05,0.320961,4.99977,999.261,5.52889
0.000588017,1006.7,3.64364e-05,0.320573,4.99977,999.261,5.52889
0.0005882,1006.64,2.73378e-05,0.320235,4.99977,999.262,5.52889
0.000588403,1006.64,-2.91649e-05,0.319862,4.99977,999.262,5.52889
0.000588601,1006.68,-4.00126e-05,0.319495,4.99977,999.263,5.52889
0.000588805,1006.69,6.61735e-06,0.319117,4.99977,999.263,5.52889
0.000589005,1006.66,4.25085e-05,0.318749,4.99977,999.264,5.52889
0.000589204,1006.62,1.17596e-05,0.318382,4.99977,999.264,5.52889
0.000589414,1006.63,-2.79198e-05,0.317992,4.99977,999.265,5.52889
0.000589608,1006.67,-2.94458e-05,0.317634,4.99977,999.265,5.52889
0.0005898,1006.67,2.32156e-05,0.317278,4.99977,999.266,5.52889
0.000590006,1006.63,3.52836e-05,0.316897,4.99977,999.266,5.52889
0.000590201,1006.61,-5.1323e-06,0.316536,4.99977,999.267,5.52889
0.0005904,1006.63,-3.38648e-05,0.316167,4.99977,999.267,5.52889
0.000590607,1006.65,-1.4784e-05,0.315783,4.99977,999.268,5.52889
0.00059081,1006.64,2.29772e-05,0.315406,4.99977,999.268,5.52889
0.000591007,1006.61,2.53966e-05,0.315042,4.99977,999.269,5.52889
0.0005912,1006.6,-1.60557e-05,0.314684,4.99977,999.269,5.52889
0.000591407,1006.62,-2.86623e-05,0.3143,4.99977,999.27,5.52889
0.000591605,1006.63,-4.42046e-07,0.313933,4.99977,999.27,5.52889
0.000591803,1006.61,2.68295e-05,0.313564,4.99977,999.271,5.52889
0.000592006,1006.59,1.38501e-05,0.313188,4.99977,999.271,5.52889
0.000592209,1006.59,-1.68619e-05,0.312811,4.99977,999.272,5.52889
0.000592403,1006.61,-2.01659e-05,0.312449,4.99977,999.272,5.52889
0.000592604,1006.61,8.88513e-06,0.312075,4.99977,999.273,5.52889
0.000592803,1006.59,2.3285e-05,0.311707,4.99977,999.273,5.52889
0.000593006,1006.57,3.90355e-06,0.311329,4.99977,999.274,5.52889
0.000593213,1006.57,-1.83225e-05,0.310944,4.99977,999.274,5.52889
0.000593403,1006.6,-1.09748e-05,0.310591,4.99977,999.275,5.52889
0.000593606,1006.59,1.35155e-05,0.310212,4.99977,999.275,5.52889
0.000593801,1006.57,1.67651e-05,0.309851,4.99977,999.276,5.52889
0.000594002,1006.56,-6.14683e-06,0.309476,4.99977,999.276,5.52889
0.000594207,1006.57,-1.85262e-05,0.309095,4.99977,999.277,5.52889
0.000594406,1006.58,-4.24375e-06,0.308724,4.99977,999.277,5.52889
0.000594615,1006.57,1.34804e-05,0.308334,4.99977,999.278,5.52889
0.000594808,1006.55,1.21558e-05,0.307976,4.99977,999.278,5.52889
0.000595001,1006.54,-1.08377e-05,0.307616,4.99977,999.279,5.52889
0.000595208,1006.55,-1.50816e-05,0.30723,4.99977,999.279,5.52889
0.000595403,1006.56,3.46599e-06,0.306867,4.99977,999.28,5.52889
0.000595611,1006.55,1.4782e-05,0.30648,4.99977,999.28,5.52889
0.000595804,1006.53,4.66814e-06,0.30612,4.99977,999.281,5.52889
0.000596003,1006.53,-1.21845e-05,0.30575,4.99977,999.281,5.52889
0.0005962,1006.54,-8.55242e-06,0.305382,4.99977,999.282,5.52889
0.000596404,1006.54,7.19874e-06,0.305001,4.99977,999.282,5.52889
0.000596611,1006.52,1.29058e-05,0.304616,4.99977,999.283,5.52889
0.000596802,1006.51,-1.52339e-06,0.304261,4.99977,999.283,5.52889
0.000597007,1006.52,-1.15227e-05,0.303877,4.99977,999.283,5.52889
0.000597202,1006.52,-3.75314e-06,0.303515,4.99977,999.284,5.52889
0.000597404,1006.52,9.31568e-06,0.303137,4.99977,999.284,5.52889
0.000597609,1006.5,9.44295e-06,0.302755,4.99977,999.285,5.52889
0.000597801,1006.5,-5.42076e-06,0.302398,4.99977,999.285,5.52889
0.000598009,1006.5,-1.00943e-05,0.30201,4.99977,999.286,5.52889
0.000598205,1006.51,-1.39675e-07,0.301645,4.99977,999.286,5.52889
0.000598403,1006.5,9.56322e-06,0.301274,4.99977,999.287,5.52889
0.000598606,1006.49,5.04227e-06,0.300897,4.99977,999.287,5.52889
0.000598809,1006.48,-5.81436e-06,0.300518,4.99977,999.288,5.52889
0.000599004,1006.49,-7.09628e-06,0.300155,4.99977,999.288,5.52889
0.000599205,1006.49,3.09811e-06,0.29978,4.99977,999.289,5.52889
0.000599404,1006.48,8.38521e-06,0.299408,4.99977,999.289,5.52889
0.000599602,1006.47,5.34759e-07,0.29904,4.99977,999.29,5.52889
0.000599815,1006.47,-6.13353e-06,0.298642,4.99977,999.29,5.52889
0.000600009,1006.47,-4.84093e-06,0.29828,4.99977,999.291,5.52889
0.000600202,1006.47,5.37732e-06,0.29792,4.99977,999.291,5.52889
0.000600407,1006.46,6.62024e-06,0.297539,4.99977,999.292,5.52889
0.0006006,1006.45,-2.28793e-06,0.297178,4.99977,999.292,5.52889
0.000600801,1006.45,-6.43825e-06,0.296803,4.99977,999.293,5.52889
0.000601004,1006.46,-1.09772e-06,0.296426,4.99977,999.293,5.52889
0.000601216,1006.45,4.7749e-06,0.29603,4.99977,999.294,5.52889
0.000601408,1006.44,4.48409e-06,0.295672,4.99977,999.294,5.52889
0.000601602,1006.44,-3.62544e-06,0.295311,4.99977,999.295,5.52889
0.00060181,1006.44,-5.3071e-06,0.294923,4.99977,999.295,5.52889
0.000602004,1006.44,1.16222e-06,0.294562,4.99977,999.296,5.52889
0.000602214,1006.43,5.19034e-06,0.29417,4.99977,999.296,5.52889
0.000602403,1006.42,1.48592e-06,0.293819,4.99977,999.297,5.52889
0.000602613,1006.42,-3.45754e-06,0.293427,4.99977,999.297,5.52889
0.000602807,1006.42,-3.44106e-06,0.293067,4.99977,999.298,5.52889
0.000603009,1006.42,2.15782e-06,0.29269,4.99977,999.298,5.52889
0.000603211,1006.41,4.64308e-06,0.292314,4.99977,999.299,5.52889
0.000603401,1006.41,-5.79606e-07,0.291961,4.99977,999.299,5.52889
0.000603601,1006.41,-4.07551e-06,0.291588,4.99977,999.3,5.52889
0.000603808,1006.41,-1.74759e-06,0.291203,4.99977,999.3,5.52889
0.000604011,1006.4,2.95732e-06,0.290824,4.99977,999.3,5.52889
0.000604206,1006.39,3.26477e-06,0.290461,4.99977,999.301,5.52889
0.000604406,1006.39,-1.3508e-06,0.290089,4.99977,999.301,5.52889
0.000604605,1006.39,-3.39532e-06,0.289719,4.99977,999.302,5.52889
0.000604804,1006.39,1.42809e-07,0.289349,4.99977,999.302,5.52889
0.000605013,1006.38,3.19771e-06,0.28896,4.99977,999.303,5.52889
0.000605201,1006.38,1.50583e-06,0.288611,4.99977,999.303,5.52889
0.000605402,1006.37,-2.34117e-06,0.288237,4.99977,999.304,5.52889
0.000605607,1006.37,-2.55237e-06,0.287855,4.99977,999.304,5.52889
0.000605807,1006.37,1.02035e-06,0.287483,4.99977,999.305,5.52889
0.000606011,1006.37,3.07783e-06,0.287105,4.99977,999.305,5.52889
0.000606202,1006.36,3.51302e-07,0.28675,4.99977,999.306,5.52889
0.000606401,1006.36,-2.45879e-06,0.28638,4.99977,999.306,5.52889
0.000606608,1006.36,-1.54433e-06,0.285995,4.99977,999.307,5.52889
0.000606801,1006.35,2.05759e-06,0.285638,4.99977,999.307,5.52889
0.000607005,1006.35,2.3977e-06,0.285259,4.99977,999.308,5.52889
0.000607202,1006.34,-6.16594e-07,0.284894,4.99977,999.308,5.52889
0.00060741,1006.34,-2.14795e-06,0.284507,4.99977,999.309,5.52889
0.000607602,1006.34,-1.79081e-07,0.284151,4.99977,999.309,5.52889
0.000607801,1006.34,2.20639e-06,0.283781,4.99977,999.31,5.52889
0.000608011,1006.33,1.79303e-06,0.283393,4.99977,999.31,5.52889
0.000608203,1006.33,-1.12714e-06,0.283037,4.99977,999.31,5.52889
0.00060841,1006.32,-1.77207e-06,0.282653,4.99977,999.311,5.52889
0.000608605,1006.32,4.42905e-07,0.282291,4.99977,999.311,5.52889
0.000608817,1006.32,1.89569e-06,0.281899,4.99977,999.312,5.52889
0.000609006,1006.31,8.29109e-07,0.281549,4.99977,999.312,5.52889
0.000609206,1006.31,-1.27385e-06,0.281178,4.99977,999.313,5.52889
0.000609402,1006.31,-1.01964e-06,0.280814,4.99977,999.313,5.52889
0.000609607,1006.3,9.22398e-07,0.280436,4.99977,999.314,5.52889
0.000609802,1006.3,1.69659e-06,0.280074,4.99977,999.314,5.52889
0.000610001,1006.3,-1.05369e-08,0.279706,4.99977,999.315,5.52889
0.000610208,1006.29,-1.27541e-06,0.279324,4.99977,999.315,5.52889
0.000610404,1006.29,-4.27204e-07,0.278962,4.99977,999.316,5.52889
0.000610603,1006.29,1.31533e-06,0.278594,4.99977,999.316,5.52889
0.000610808,1006.28,1.3373e-06,0.278215,4.99977,999.317,5.52889
0.000611004,1006.28,-3.71738e-07,0.277852,4.99977,999.317,5.52889
0.000611209,1006.28,-1.11746e-06,0.277473,4.99977,999.318,5.52889
0.000611401,1006.27,2.08063e-07,0.27712,4.99977,999.318,5.52889
0.000611619,1006.27,1.12356e-06,0.276717,4.99977,999.319,5.52889
0.000611801,1006.27,7.09227e-07,0.276381,4.99977,999.319,5.52889
0.000612003,1006.26,-6.59421e-07,0.276008,4.99977,999.319,5.52889
0.000612212,1006.26,-8.69828e-07,0.275622,4.99977,999.32,5.52889
0.000612403,1006.26,5.22725e-07,0.27527,4.99977,999.32,5.52889
0.000612615,1006.25,1.1811e-06,0.274878,4.99977,999.321,5.52889
0.000612807,1006.25,4.29214e-07,0.274526,4.99977,999.321,5.52889
0.000613005,1006.25,-7.05976e-07,0.27416,4.99977,999.322,5.52889
0.000613207,1006.24,-4.54713e-07,0.273789,4.99977,999.322,5.52889
0.000613411,1006.24,6.15248e-07,0.273413,4.99977,999.323,5.52889
0.000613602,1006.24,9.6961e-07,0.273061,4.99977,999.323,5.52889
0.000613802,1006.23,-2.89181e-08,0.272693,4.99977,999.324,5.52889
0.000614008,1006.23,-6.49111e-07,0.272314,4.99977,999.324,5.52889
0.000614205,1006.23,-6.29568e-08,0.271952,4.99977,999.325,5.52889
0.000614409,1006.22,7.96343e-07,0.271576,4.99977,999.325,5.52889
0.000614601,1006.22,6.68135e-07,0.271223,4.99977,999.325,5.52889
0.000614801,1006.21,-2.70871e-07,0.270857,4.99977,999.326,5.52889
0.000615003,1006.21,-4.94631e-07,0.270486,4.99977,999.326,5.52889
0.000615203,1006.21,2.51509e-07,0.270118,4.99977,999.327,5.52889
0.000615407,1006.21,8.2133e-07,0.269743,4.99977,999.327,5.52889
0.000615607,1006.2,4.73325e-07,0.269378,4.99977,999.328,5.52889
0.000615808,1006.2,-2.85841e-07,0.269008,4.99977,999.328,5.52889
0.000616002,1006.2,-2.70771e-07,0.268653,4.99977,999.329,5.52889
0.00061621,1006.19,3.65118e-07,0.268272,4.99977,999.329,5.52889
0.000616403,1006.19,7.32232e-07,0.267917,4.99977,999.33,5.52889
0.000616602,1006.18,1.62212e-07,0.267554,4.99977,999.33,5.52889
0.000616808,1006.18,-3.23989e-07,0.267176,4.99977,999.331,5.52889
0.000617001,1006.18,-4.00417e-08,0.266823,4.99977,999.331,5.52889
0.000617211,1006.17,4.84518e-07,0.266439,4.99977,999.331,5.52889
0.000617404,1006.17,5.8457e-07,0.266085,4.99977,999.332,5.52889
0.000617602,1006.17,-1.40002e-09,0.265723,4.99977,999.332,5.52889
0.000617808,1006.16,-2.78576e-07,0.265346,4.99977,999.333,5.52889
0.000618006,1006.16,9.54241e-08,0.264984,4.99977,999.333,5.52889
0.000618214,1006.16,5.23051e-07,0.264605,4.99977,999.334,5.52889
0.000618409,1006.15,4.56271e-07,0.26425,4.99977,999.334,5.52889
0.000618604,1006.15,-8.48186e-08,0.263893,4.99977,999.335,5.52889
0.000618806,1006.15,-1.7267e-07,0.263525,4.99977,999.335,5.52889
0.000619004,1006.14,2.82412e-07,0.263164,4.99977,999.336,5.52889
0.000619217,1006.14,5.19583e-07,0.262775,4.99977,999.336,5.52889
0.000619406,1006.14,2.73461e-07,0.262431,4.99977,999.336,5.52889
0.000619609,1006.13,-1.06234e-07,0.262061,4.99977,999.337,5.52889
0.0006198,1006.13,5.5252e-10,0.261713,4.99977,999.337,5.52889
0.000620014,1006.13,3.08065e-07,0.261324,4.99977,999.338,5.52889
0.00062021,1006.12,4.72834e-07,0.260966,4.99977,999.338,5.52889
0.000620408,1006.12,1.58167e-07,0.260607,4.99977,999.339,5.52889
0.000620606,1006.12,-1.03809e-07,0.260247,4.99977,999.339,5.52889
0.000620807,1006.11,8.74038e-08,0.259881,4.99977,999.34,5.52889
0.000621012,1006.11,3.80313e-07,0.259509,4.99977,999.34,5.52889
0.000621211,1006.11,3.84839e-07,0.259147,4.99977,999.341,5.52889
0.000621408,1006.1,6.40962e-08,0.25879,4.99977,999.341,5.52889
0.000621601,1006.1,-3.29865e-08,0.25844,4.99977,999.341,5.52889
0.000621804,1006.1,2.15914e-07,0.258071,4.99977,999.342,5.52889
0.00062201,1006.09,3.92159e-07,0.257697,4.99977,999.342,5.52889
0.000622207,1006.09,2.6371e-07,0.257341,4.99977,999.343,5.52889
0.000622403,1006.09,2.37253e-09,0.256986,4.99977,999.343,5.52889
0.000622602,1006.08,5.40173e-08,0.256625,4.99977,999.344,5.52889
0.000622815,1006.08,2.40698e-07,0.256239,4.99977,999.344,5.52889
0.000623005,1006.08,3.51989e-07,0.255896,4.99977,999.345,5.52889
0.00062321,1006.07,1.81947e-07,0.255525,4.99977,999.345,5.52889
0.0006234,1006.07,1.45783e-08,0.255181,4.99977,999.346,5.52889
0.000623608,1006.07,1.2823e-07,0.254805,4.99977,999.346,5.52889
0.000623812,1006.06,3.02087e-07,0.254437,4.99977,999.346,5.52889
0.000624008,1006.06,2.79359e-07,0.254083,4.99977,999.347,5.52889
0.000624201,1006.06,8.10357e-08,0.253735,4.99977,999.347,5.52889
0.000624405,1006.05,7.28357e-08,0.253367,4.99977,999.348,5.52889
0.000624601,1006.05,2.4062e-07,0.253013,4.99977,999.348,5.52889
0.000624809,1006.05,2.96503e-07,0.252637,4.99977,999.349,5.52889
0.000625006,1006.04,1.7709e-07,0.252283,4.99977,999.349,5.52889
0.000625216,1006.04,8.64413e-08,0.251905,4.99977,999.35,5.52889
0.000625412,1006.04,1.52819e-07,0.251552,4.99977,999.35,5.52889
0.000625608,1006.03,2.63762e-07,0.251199,4.99977,999.35,5.52889
0.000625813,1006.03,2.26373e-07,0.250831,4.99977,999.351,5.52889
0.000626008,1006.03,1.20149e-07,0.250479,4.99977,999.351,5.52889
0.000626215,1006.02,1.35279e-07,0.250108,4.99977,999.352,5.52889
0.000626407,1006.02,2.31844e-07,0.249764,4.99977,999.352,5.52889
0.000626617,1006.02,2.28518e-07,0.249387,4.99977,999.353,5.52889
0.000626814,1006.01,1.54095e-07,0.249032,4.99977,999.353,5.52889
0.000627014,1006.01,1.46172e-07,0.248673,4.99977,999.354,5.52889
0.000627214,1006.01,2.05235e-07,0.248315,4.99977,999.354,5.52889
0.000627414,1006,2.15679e-07,0.247956,4.99977,999.354,5.52889
0.000627614,1006,1.69106e-07,0.247598,4.99977,999.355,5.52889
0.000627814,1006,1.57762e-07,0.24724,4.99977,999.355,5.52889
0.000628014,1005.99,1.94958e-07,0.246882,4.99977,999.356,5.52889
0.000628214,1005.99,2.07037e-07,0.246524,4.99977,999.356,5.52889
0.000628414,1005.99,1.78133e-07,0.246166,4.99977,999.357,5.52889
0.000628614,1005.98,1.66694e-07,0.245809,4.99977,999.357,5.52889
0.000628814,1005.98,1.89601e-07,0.245451,4.99977,999.358,5.52889
0.000629014,1005.98,2.00767e-07,0.245094,4.99977,999.358,5.52889
0.000629214,1005.97,1.83354e-07,0.244737,4.99977,999.358,5.52889
0.000629414,1005.97,1.73451e-07,0.24438,4.99977,999.359,5.52889
0.000629614,1005.97,1.87175e-07,0.244023,4.99977,999.359,5.52889
0.000629814,1005.96,1.96465e-07,0.243667,4.99977,999.36,5.52889
0.000630014,1005.96,1.86347e-07,0.24331,4.99977,999.36,5.52889
0.000630214,1005.96,1.7847e-07,0.242954,4.99977,999.361,5.52889
0.000630414,1005.95,1.86437e-07,0.242598,4.99977,999.361,5.52889
0.000630614,1005.95,1.93692e-07,0.242242,4.99977,999.361,5.52889
0.000630814,1005.95,1.88089e-07,0.241886,4.99977,999.362,5.52889
0.000631014,1005.94,1.8217e-07,0.241531,4.99977,999.362,5.52889
0.000631214,1005.94,1.86625e-07,0.241176,4.99977,999.363,5.52889
0.000631414,1005.94,1.92055e-07,0.24082,4.99977,999.363,5.52889
0.000631614,1005.93,1.89165e-07,0.240465,4.99977,999.364,5.52889
0.000631814,1005.93,1.84911e-07,0.24011,4.99977,999.364,5.52889
0.000632014,1005.93,1.87289e-07,0.239756,4.99977,999.365,5.52889
0.000632214,1005.92,1.9123e-07,0.239401,4.99977,999.365,5.52889
0.000632414,1005.92,1.89917e-07,0.239047,4.99977,999.365,5.52889
0.000632614,1005.92,1.86978e-07,0.238692,4.99977,999.366,5.52889
0.000632814,1005.91,1.88172e-07,0.238338,4.99977,999.366,5.52889
0.000633014,1005.91,1.90969e-07,0.237984,4.99977,999.367,5.52889
0.000633214,1005.91,1.90535e-07,0.237631,4.99977,999.367,5.52889
0.000633414,1005.9,1.88582e-07,0.237277,4.99977,999.368,5.52889
0.000633614,1005.9,1.89134e-07,0.236924,4.99977,999.368,5.52889
0.000633814,1005.9,1.9109e-07,0.236571,4.99977,999.368,5.52889
0.000634014,1005.89,1.91117e-07,0.236218,4.99977,999.369,5.52889
0.000634214,1005.89,1.89876e-07,0.235865,4.99977,999.369,5.52889
0.000634414,1005.89,1.90107e-07,0.235512,4.99977,999.37,5.52889
0.000634614,1005.88,1.91464e-07,0.23516,4.99977,999.37,5.52889
0.000634814,1005.88,1.91711e-07,0.234807,4.99977,999.371,5.52889
0.000635014,1005.88,1.9097e-07,0.234455,4.99977,999.371,5.52889
0.000635214,1005.87,1.91057e-07,0.234103,4.99977,999.371,5.52889
0.000635414,1005.87,1.92e-07,0.233751,4.99977,999.372,5.52889
0.000635614,1005.87,1.92334e-07,0.2334,4.99977,999.372,5.52889
0.000635814,1005.86,1.91932e-07,0.233048,4.99977,999.373,5.52889
0.000636014,1005.86,1.91974e-07,0.232697,4.99977,999.373,5.52889
0.000636214,1005.86,1.92639e-07,0.232346,4.99977,999.374,5.52889
0.000636414,1005.85,1.92991e-07,0.231995,4.99977,999.374,5.52889
0.000636614,1005.85,1.92817e-07,0.231644,4.99977,999.375,5.52889
0.000636814,1005.85,1.9286e-07,0.231293,4.99977,999.375,5.52889
0.000637014,1005.84,1.93341e-07,0.230943,4.99977,999.375,5.52889
0.000637214,1005.84,1.93677e-07,0.230593,4.99977,999.376,5.52889
0.000637414,1005.84,1.93652e-07,0.230242,4.99977,999.376,5.52889
0.000637614,1005.83,1.93716e-07,0.229893,4.99977,999.377,5.52889
0.000637814,1005.83,1.94079e-07,0.229543,4.99977,999.377,5.52889
0.000638014,1005.83,1.9439e-07,0.229193,4.99977,999.377,5.52889
0.000638214,1005.82,1.94455e-07,0.228844,4.99977,999.378,5.52889
0.000638414,1005.82,1.94548e-07,0.228495,4.99977,999.378,5.52889
0.000638614,1005.82,1.94838e-07,0.228146,4.99977,999.379,5.52889
0.000638814,1005.81,1.95121e-07,0.227797,4.99977,999.379,5.52889
0.000639014,1005.81,1.95246e-07,0.227448,4.99977,999.38,5.52889
0.000639214,1005.81,1.9536e-07,0.2271,4.99977,999.38,5.52889
0.000639414,1005.8,1.95606e-07,0.226751,4.99977,999.38,5.52889
0.000639614,1005.8,1.95867e-07,0.226403,4.99977,999.381,5.52889
0.000639814,1005.8,1.96021e-07,0.226055,4.99977,999.381,5.52889
0.000640014,1005.79,1.96158e-07,0.225707,4.99977,999.382,5.52889
0.000640214,1005.79,1.9638e-07,0.22536,4.99977,999.382,5.52889
0.000640414,1005.79,1.96621e-07,0.225012,4.99977,999.383,5.52889
0.000640614,1005.78,1.96793e-07,0.224665,4.99977,999.383,5.52889
0.000640814,1005.78,1.96946e-07,0.224318,4.99977,999.383,5.52889
0.000641014,1005.78,1.97155e-07,0.223971,4.99977,999.384,5.52889
0.000641214,1005.77,1.97379e-07,0.223624,4.99977,999.384,5.52889
0.000641414,1005.77,1.97562e-07,0.223278,4.99977,999.385,5.52889
0.000641614,1005.77,1.97728e-07,0.222931,4.99977,999.385,5.52889
0.000641814,1005.76,1.97925e-07,0.222585,4.99977,999.386,5.52889
0.000642014,1005.76,1.98138e-07,0.222239,4.99977,999.386,5.52889
0.000642214,1005.76,1.98329e-07,0.221893,4.99977,999.386,5.52889
0.000642414,1005.75,1.98501e-07,0.221548,4.99977,999.387,5.52889
0.000642614,1005.75,1.98693e-07,0.221202,4.99977,999.387,5.52889
0.000642814,1005.75,1.989e-07,0.220857,4.99977,999.388,5.52889
0.000643014,1005.74,1.99091e-07,0.220512,4.99977,999.388,5.52889
0.000643214,1005.74,1.99268e-07,0.220167,4.99977,999.389,5.52889
0.000643414,1005.74,1.99459e-07,0.219822,4.99977,999.389,5.52889
0.000643614,1005.73,1.99661e-07,0.219477,4.99977,999.389,5.52889
0.000643814,1005.73,1.9985e-07,0.219133,4.99977,999.39,5.52889
0.000644014,1005.73,2.0003e-07,0.218789,4.99977,999.39,5.52889
0.000644214,1005.72,2.00221e-07,0.218445,4.99977,999.391,5.52889
0.000644414,1005.72,2.00418e-07,0.218101,4.99977,999.391,5.52889
0.000644614,1005.72,2.00607e-07,0.217757,4.99977,999.391,5.52889
0.000644814,1005.71,2.00789e-07,0.217414,4.99977,999.392,5.52889
0.000645014,1005.71,2.00978e-07,0.217071,4.99977,999.392,5.52889
0.000645214,1005.71,2.01172e-07,0.216727,4.99977,999.393,5.52889
0.000645414,1005.7,2.01361e-07,0.216384,4.99977,999.393,5.52889
0.000645614,1005.7,2.01544e-07,0.216042,4.99977,999.394,5.52889
0.000645814,1005.7,2.01729e-07,0.215699,4.99977,999.394,5.52889
0.000646014,1005.69,2.01922e-07,0.215357,4.99977,999.394,5.52889
0.000646214,1005.69,2.0211e-07,0.215015,4.99977,999.395,5.52889
0.000646414,1005.69,2.02292e-07,0.214672,4.99977,999.395,5.52889
0.000646614,1005.68,2.02479e-07,0.214331,4.99977,999.396,5.52889
0.000646814,1005.68,2.02669e-07,0.213989,4.99977,999.396,5.52889
0.000647014,1005.68,2.02855e-07,0.213647,4.99977,999.396,5.52889
0.000647214,1005.67,2.03037e-07,0.213306,4.99977,999.397,5.52889
0.000647414,1005.67,2.03221e-07,0.212965,4.99977,999.397,5.52889
0.000647614,1005.67,2.03409e-07,0.212624,4.99977,999.398,5.52889
0.000647814,1005.66,2.03596e-07,0.212283,4.99977,999.398,5.52889
0.000648014,1005.66,2.03779e-07,0.211943,4.99977,999.398,5.52889
0.000648214,1005.66,2.0396e-07,0.211602,4.99977,999.399,5.52889
0.000648414,1005.65,2.04145e-07,0.211262,4.99977,999.399,5.52889
0.000648614,1005.65,2.04331e-07,0.210922,4.99977,999.4,5.52889
0.000648814,1005.65,2.04514e-07,0.210582,4.99977,999.4,5.52889
0.000649014,1005.64,2.04693e-07,0.210243,4.99977,999.401,5.52889
0.000649214,1005.64,2.04877e-07,0.209903,4.99977,999.401,5.52889
0.000649414,1005.64,2.05062e-07,0.209564,4.99977,999.401,5.52889
0.000649614,1005.63,2.05242e-07,0.209225,4.99977,999.402,5.52889
0.000649814,1005.63,2.05421e-07,0.208886,4.99977,999.402,5.52889
0.000650014,1005.63,2.05603e-07,0.208547,4.99977,999.403,5.52889
0.000650214,1005.62,2.05786e-07,0.208209,4.99977,999.403,5.52889
0.000650414,1005.62,2.05966e-07,0.20787,4.99977,999.403,5.52889
0.000650614,1005.62,2.06144e-07,0.207532,4.99977,999.404,5.52889
0.000650814,1005.61,2.06323e-07,0.207194,4.99977,999.404,5.52889
0.000651014,1005.61,2.06505e-07,0.206856,4.99977,999.405,5.52889
0.000651214,1005.61,2.06684e-07,0.206519,4.99977,999.405,5.52889
0.000651414,1005.61,2.06861e-07,0.206181,4.99977,999.405,5.52889
0.000651614,1005.6,2.07037e-07,0.205844,4.99977,999.406,5.52889
0.000651814,1005.6,2.07216e-07,0.205507,4.99977,999.406,5.52889
0.000652014,1005.6,2.07395e-07,0.20517,4.99977,999.407,5.52889
0.000652214,1005.59,2.0757e-07,0.204833,4.99977,999.407,5.52889
0.000652414,1005.59,2.07746e-07,0.204497,4.99977,999.407,5.52889
0.000652614,1005.59,2.07924e-07,0.20416,4.99977,999.408,5.52889
0.000652814,1005.58,2.08098e-07,0.203824,4.99977,999.408,5.52889
0.000653014,1005.58,2.08273e-07,0.203488,4.99977,999.409,5.52889
0.000653214,1005.58,2.08448e-07,0.203152,4.99977,999.409,5.52889
0.000653414,1005.57,2.08624e-07,0.202817,4.99977,999.41,5.52889
0.000653614,1005.57,2.08797e-07,0.202481,4.99977,999.41,5.52889
0.000653814,1005.57,2.08969e-07,0.202146,4.99977,999.41,5.52889
0.000654014,1005.56,2.09143e-07,0.201811,4.99977,999.411,5.52889
0.000654214,1005.56,2.09317e-07,0.201476,4.99977,999.411,5.52889
0.000654414,1005.56,2.09487e-07,0.201142,4.99977,999.412,5.52889
0.000654614,1005.55,2.09657e-07,0.200807,4.99977,999.412,5.52889
0.000654814,1005.55,2.09832e-07,0.200473,4.99977,999.412,5.52889
0.000655014,1005.55,2.10003e-07,0.200139,4.99977,999.413,5.52889
0.000655214,1005.54,2.10171e-07,0.199805,4.99977,999.413,5.52889
0.000655414,1005.54,2.1034e-07,0.199471,4.99977,999.414,5.52889
0.000655614,1005.54,2.10511e-07,0.199137,4.99977,999.414,5.52889
0.000655814,1005.53,2.10682e-07,0.198804,4.99977,999.414,5.52889
0.000656014,1005.53,2.10849e-07,0.198471,4.99977,999.415,5.52889
0.000656214,1005.53,2.11015e-07,0.198138,4.99977,999.415,5.52889
0.000656414,1005.52,2.11183e-07,0.197805,4.99977,999.416,5.52889
0.000656614,1005.52,2.11352e-07,0.197472,4.99977,999.416,5.52889
0.000656814,1005.52,2.11518e-07,0.19714,4.99977,999.416,5.52889
0.000657014,1005.51,2.11682e-07,0.196808,4.99977,999.417,5.52889
0.000657214,1005.51,2.11848e-07,0.196476,4.99977,999.417,5.52889
0.000657414,1005.51,2.12014e-07,0.196144,4.99977,999.418,5.52889
0.000657614,1005.5,2.12179e-07,0.195812,4.99977,999.418,5.52889
0.000657814,1005.5,2.12343e-07,0.195481,4.99977,999.418,5.52889
0.000658014,1005.5,2.12506e-07,0.195149,4.99977,999.419,5.52889
0.000658214,1005.49,2.12667e-07,0.194818,4.99977,999.419,5.52889
0.000658414,1005.49,2.12833e-07,0.194487,4.99977,999.42,5.52889
0.000658614,1005.49,2.12993e-07,0.194156,4.99977,999.42,5.52889
0.000658814,1005.48,2.13152e-07,0.193826,4.99977,999.42,5.52889
0.000659014,1005.48,2.13314e-07,0.193495,4.99977,999.421,5.52889
0.000659214,1005.48,2.13478e-07,0.193165,4.99977,999.421,5.52889
0.000659414,1005.48,2.13635e-07,0.192835,4.99977,999.422,5.52889
0.000659614,1005.47,2.13792e-07,0.192505,4.99977,999.422,5.52889
0.000659814,1005.47,2.13953e-07,0.192176,4.99977,999.422,5.52889
0.000660014,1005.47,2.14113e-07,0.191846,4.99977,999.423,5.52889
0.000660214,1005.46,2.14267e-07,0.191517,4.99977,999.423,5.52889
0.000660414,1005.46,2.14423e-07,0.191188,4.99977,999.424,5.52889
0.000660614,1005.46,2.14583e-07,0.190859,4.99977,999.424,5.52889
0.000660814,1005.45,2.14737e-07,0.19053,4.99977,999.424,5.52889
0.000661014,1005.45,2.14892e-07,0.190202,4.99977,999.425,5.52889
0.000661214,1005.45,2.15047e-07,0.189873,4.99977,999.425,5.52889
0.000661414,1005.44,2.15201e-07,0.189545,4.99977,999.426,5.52889
0.000661614,1005.44,2.15356e-07,0.189217,4.99977,999.426,5.52889
0.000661814,1005.44,2.1551e-07,0.188889,4.99977,999.426,5.52889
0.000662014,1005.43,2.15659e-07,0.188562,4.99977,999.427,5.52889
0.000662214,1005.43,2.15811e-07,0.188234,4.99977,999.427,5.52889
0.000662414,1005.43,2.15965e-07,0.187907,4.99977,999.427,5.52889
0.000662614,1005.42,2.16114e-07,0.18758,4.99977,999.428,5.52889
0.000662814,1005.42,2.16263e-07,0.187253,4.99977,999.428,5.52889
0.000663014,1005.42,2.16411e-07,0.186927,4.99977,999.429,5.52889
0.000663214,1005.41,2.16562e-07,0.1866,4.99977,999.429,5.52889
0.000663414,1005.41,2.16712e-07,0.186274,4.99977,999.429,5.52889
0.000663614,1005.41,2.16858e-07,0.185948,4.99977,999.43,5.52889
0.000663814,1005.4,2.17002e-07,0.185622,4.99977,999.43,5.52889
0.000664014,1005.4,2.1715e-07,0.185296,4.99977,999.431,5.52889
0.000664214,1005.4,2.17297e-07,0.18497,4.99977,999.431,5.52889
0.000664414,1005.39,2.17441e-07,0.184645,4.99977,999.431,5.52889
0.000664614,1005.39,2.17584e-07,0.18432,4.99977,999.432,5.52889
0.000664814,1005.39,2.17728e-07,0.183995,4.99977,999.432,5.52889
0.000665014,1005.38,2.17873e-07,0.18367,4.99977,999.433,5.52889
0.000665214,1005.38,2.18014e-07,0.183346,4.99977,999.433,5.52889
0.000665414,1005.38,2.18154e-07,0.183021,4.99977,999.433,5.52889
0.000665614,1005.38,2.18298e-07,0.182697,4.99977,999.434,5.52889
0.000665814,1005.37,2.18438e-07,0.182373,4.99977,999.434,5.52889
0.000666014,1005.37,2.18577e-07,0.182049,4.99977,999.434,5.52889
0.000666214,1005.37,2.18715e-07,0.181725,4.99977,999.435,5.52889
0.000666414,1005.36,2.18854e-07,0.181402,4.99977,999.435,5.52889
0.000666614,1005.36,2.18992e-07,0.181078,4.99977,999.436,5.52889
0.000666814,1005.36,2.19129e-07,0.180755,4.99977,999.436,5.52889
0.000667014,1005.35,2.19264e-07,0.180432,4.99977,999.436,5.52889
0.000667214,1005.35,2.19401e-07,0.18011,4.99977,999.437,5.52889
0.000667414,1005.35,2.19536e-07,0.179787,4.99977,999.437,5.52889
0.000667601,1005.34,2.19661e-07,0.179486,4.99977,999.438,5.52889
0.000667817,1005.34,2.19806e-07,0.179138,4.99977,999.438,5.52889
0.000668017,1005.34,2.19938e-07,0.178816,4.99977,999.438,5.52889
0.000668217,1005.33,2.20069e-07,0.178494,4.99977,999.439,5.52889
0.000668417,1005.33,2.20202e-07,0.178172,4.99977,999.439,5.52889
0.000668617,1005.33,2.20333e-07,0.177851,4.99977,999.44,5.52889
0.000668817,1005.32,2.20462e-07,0.17753,4.99977,999.44,5.52889
0.000669017,1005.32,2.20591e-07,0.177208,4.99977,999.44,5.52889
0.000669217,1005.32,2.2072e-07,0.176888,4.99977,999.441,5.52889
0.000669417,1005.31,2.20848e-07,0.176567,4.99977,999.441,5.52889
0.000669617,1005.31,2.20975e-07,0.176246,4.99977,999.441,5.52889
0.000669817,1005.31,2.211e-07,0.175926,4.99977,999.442,5.52889
0.000670007,1005.3,2.21219e-07,0.175621,4.99977,999.442,5.52889
0.000670204,1.25312,0.616414,0.156194,4.99977,999.43,5.52889
0.000670404,1.59663,0.785334,0.152142,4.99977,999.41,5.52889
0.000670604,1.94083,0.954614,0.150332,4.99977,999.384,5.52889
0.000670804,2.28491,1.12383,0.148655,4.99977,999.353,5.52889
0.000671004,2.62885,1.29298,0.147002,4.99977,999.317,5.52889
0.000671204,2.97267,1.46207,0.145367,4.99977,999.276,5.52889
0.000671405,1251.57,0.839367,0.157269,4.99977,999.247,5.52889
0.000671611,829.289,-0.197603,0.212104,4.99977,999.251,5.52889
0.000671805,1136.29,-0.241056,0.211865,4.99977,999.249,5.52889
0.000672004,1217.65,0.100425,0.209578,4.99977,999.249,5.52889
0.000672207,1013.07,0.278652,0.215187,4.99977,999.251,5.52889
0.000672404,792.138,0.0678826,0.224824,4.99977,999.253,5.52889
0.000672603,896.167,-0.234387,0.228086,4.99977,999.253,5.52889
0.000672801,1158.69,-0.189846,0.224327,4.99977,999.252,5.52889
0.000673002,1196.98,0.11518,0.223025,4.99977,999.252,5.52889
0.000673205,992.632,0.259937,0.228768,4.99977,999.254,5.52889
0.000673405,805.786,0.0599246,0.237414,4.99977,999.256,5.52889
0.000673606,897.9,-0.214328,0.240526,4.99977,999.256,5.52889
0.000673804,1144.2,-0.182197,0.237093,4.99977,999.254,5.52889
0.000674003,1183.56,0.109235,0.235722,4.99977,999.255,5.52889
0.000674204,981.349,0.240654,0.24136,4.99977,999.257,5.52889
0.000674402,815.497,0.0242306,0.249509,4.99977,999.258,5.52889
0.000674609,902.391,-0.196607,0.252127,4.99977,999.258,5.52889
0.000674806,1133.76,-0.170182,0.248927,4.99977,999.257,5.52889
0.000675007,1172.53,0.0977084,0.247656,4.99977,999.257,5.52889
0.000675205,974.935,0.221776,0.253081,4.99977,999.259,5.52889
0.000675404,829.321,0.0218013,0.260488,4.99977,999.261,5.52889
0.000675608,924.953,-0.193351,0.262661,4.99977,999.261,5.52889
0.000675801,1148.9,-0.12272,0.258994,4.99977,999.259,5.52889
0.000676007,1154.96,0.103666,0.258792,4.99977,999.26,5.52889
0.000676206,968.612,0.202796,0.264075,4.99977,999.262,5.52889
0.000676401,842.331,-0.0118276,0.271012,4.99977,999.263,5.52889
0.000676605,952.153,-0.190063,0.272369,4.99977,999.263,5.52889
0.000676809,1126.54,-0.13163,0.269904,4.99977,999.262,5.52889
0.000677003,1128.47,0.123966,0.269251,4.99977,999.263,5.52889
0.000677203,949.476,0.178778,0.274677,4.99977,999.264,5.52889
0.000677405,854.898,-0.00983213,0.280576,4.99977,999.266,5.52889
0.0006776,986.115,-0.184806,0.281207,4.99977,999.265,5.52889
0.000677801,1139.02,-0.0818354,0.278627,4.99977,999.265,5.52889
0.000678008,1123.97,0.106804,0.279009,4.99977,999.265,5.52889
0.000678206,952.676,0.164515,0.284081,4.99977,999.267,5.52889
0.000678402,868.936,-0.0332496,0.289654,4.99977,999.268,5.52889
0.000678603,991.112,-0.171248,0.290041,4.99977,999.268,5.52889
0.000678806,1127.26,-0.0797405,0.287844,4.99977,999.267,5.52889
0.000679011,1113.82,0.100813,0.288127,4.99977,999.268,5.52889
0.000679201,933.589,0.136596,0.293432,4.99977,999.27,5.52889
0.000679405,879.874,-0.0326978,0.297997,4.99977,999.271,5.52889
0.000679605,993.899,-0.158352,0.298326,4.99977,999.27,5.52889
0.0006798,1128.19,-0.0424146,0.295745,4.99977,999.27,5.52889
0.00068,1074.97,0.129148,0.296853,4.99977,999.271,5.52889
0.000680205,940.982,0.127514,0.301492,4.99977,999.272,5.52889
0.0006804,897.025,-0.059438,0.305828,4.99977,999.273,5.52889
0.000680603,1010.8,-0.146961,0.305697,4.99977,999.273,5.52889
0.000680803,1119.33,-0.0375679,0.303687,4.99977,999.272,5.52889
0.000681006,1075.1,0.114582,0.304694,4.99977,999.273,5.52889
0.000681208,944.835,0.116707,0.309079,4.99977,999.275,5.52889
0.000681405,903.936,-0.049899,0.313058,4.99977,999.275,5.52889
0.000681606,1012.53,-0.135602,0.312899,4.99977,999.275,5.52889
0.000681801,1113.63,-0.0164699,0.310823,4.99977,999.275,5.52889
0.000682008,1068.19,0.107362,0.312063,4.99977,999.276,5.52889
0.000682201,930.31,0.0871912,0.316673,4.99977,999.277,5.52889
0.000682407,912.713,-0.0486028,0.319787,4.99977,999.278,5.52889
0.000682601,1030.15,-0.122131,0.319167,4.99977,999.277,5.52889
0.000682804,1105.51,-0.015106,0.317738,4.99977,999.277,5.52889
0.000683001,1042.41,0.113324,0.319164,4.99977,999.278,5.52889
0.000683203,934.12,0.0775014,0.323224,4.99977,999.28,5.52889
0.000683401,929.836,-0.0673565,0.325984,4.99977,999.28,5.52889
0.000683605,1028.05,-0.112837,0.325481,4.99977,999.28,5.52889
0.000683806,1098.24,-0.0114668,0.324123,4.99977,999.28,5.52889
0.000684003,1037.07,0.105858,0.32552,4.99977,999.281,5.52889
0.000684206,940.589,0.0726741,0.329206,4.99977,999.282,5.52889
0.000684403,937.77,-0.0655398,0.331765,4.99977,999.282,5.52889
0.000684601,1040.31,-0.0987225,0.330923,4.99977,999.282,5.52889
0.000684803,1091.6,0.00570946,0.329873,4.99977,999.282,5.52889
0.000685006,1034.9,0.0976648,0.331367,4.99977,999.283,5.52889
0.0006852,934.84,0.0473814,0.335162,4.99977,999.284,5.52889
0.000685406,943.02,-0.0602582,0.337141,4.99977,999.285,5.52889
0.000685604,1037.72,-0.0911578,0.336367,4.99977,999.285,5.52889
0.000685806,1085.15,0.00520419,0.335398,4.99977,999.285,5.52889
0.000686009,1032.91,0.0900971,0.336777,4.99977,999.286,5.52889
0.000686203,940.51,0.0438561,0.34028,4.99977,999.287,5.52889
0.000686409,947.87,-0.0553865,0.342111,4.99977,999.287,5.52889
0.000686607,1035.33,-0.0841716,0.341398,4.99977,999.287,5.52889
0.000686802,1077.69,0.0189841,0.340366,4.99977,999.287,5.52889
0.000687003,1014.57,0.0877804,0.342052,4.99977,999.288,5.52889
0.000687206,945.744,0.0405989,0.345004,4.99977,999.289,5.52889
0.000687412,952.352,-0.0508932,0.346696,4.99977,999.29,5.52889
0.000687602,1044.97,-0.0699402,0.34566,4.99977,999.29,5.52889
0.000687805,1072.31,0.017451,0.345082,4.99977,999.29,5.52889
0.000688006,1014.13,0.0810013,0.346634,4.99977,999.291,5.52889
0.000688201,945.52,0.022102,0.349587,4.99977,999.292,5.52889
0.000688403,970.542,-0.0641226,0.350722,4.99977,999.292,5.52889
0.000688605,1042.02,-0.064607,0.34996,4.99977,999.292,5.52889
0.0006888,1063.7,0.0303981,0.34933,4.99977,999.292,5.52889
0.000689002,1003.73,0.0750402,0.351043,4.99977,999.293,5.52889
0.000689204,950.337,0.0204862,0.353569,4.99977,999.294,5.52889
0.000689406,973.249,-0.0590328,0.354616,4.99977,999.294,5.52889
0.000689608,1039.3,-0.0596824,0.353908,4.99977,999.294,5.52889
0.000689803,1059.41,0.0279556,0.35332,4.99977,999.295,5.52889
0.000690005,1004.09,0.0692556,0.354894,4.99977,999.296,5.52889
0.000690201,953.006,0.00825289,0.357342,4.99977,999.297,5.52889
0.000690409,975.749,-0.0543356,0.358184,4.99977,999.297,5.52889
0.0006906,1047.87,-0.043015,0.357117,4.99977,999.297,5.52889
0.000690807,1055.45,0.0257025,0.356973,4.99977,999.297,5.52889
0.000691001,995.385,0.0622685,0.358613,4.99977,999.298,5.52889
0.000691204,957.236,0.00771137,0.36067,4.99977,999.299,5.52889
0.000691402,988.914,-0.0575646,0.361241,4.99977,999.299,5.52889
0.000691603,1044.73,-0.0397569,0.360449,4.99977,999.299,5.52889
0.00069181,1051.8,0.0236241,0.360307,4.99977,999.3,5.52889
0.000692004,996.38,0.0574764,0.36181,4.99977,999.301,5.52889
0.000692201,960.79,-0.00186379,0.363779,4.99977,999.301,5.52889
0.000692405,990.214,-0.0530461,0.364222,4.99977,999.302,5.52889
0.000692606,1041.82,-0.0367488,0.363482,4.99977,999.302,5.52889
0.000692802,1042.59,0.0341507,0.363318,4.99977,999.302,5.52889
0.000693001,990.358,0.0502383,0.364881,4.99977,999.303,5.52889
0.000693204,964.407,-0.0016288,0.366523,4.99977,999.304,5.52889
0.000693408,991.416,-0.0488754,0.366926,4.99977,999.304,5.52889
0.000693609,1039.14,-0.0339716,0.36623,4.99977,999.304,5.52889
0.000693805,1039.97,0.0313911,0.366068,4.99977,999.305,5.52889
0.000694004,991.735,0.0463802,0.367498,4.99977,999.305,5.52889
0.0006942,968.387,-0.00906417,0.369048,4.99977,999.306,5.52889
0.000694402,1001.69,-0.0482343,0.369169,4.99977,999.306,5.52889
0.000694603,1041.78,-0.0220543,0.368482,4.99977,999.306,5.52889
0.000694808,1037.58,0.0287871,0.368547,4.99977,999.307,5.52889
0.000695007,993.044,0.0428375,0.369854,4.99977,999.308,5.52889
0.000695204,971.387,-0.00812484,0.371273,4.99977,999.308,5.52889
0.000695405,1001.97,-0.0444712,0.371377,4.99977,999.309,5.52889
0.000695606,1039.1,-0.0204475,0.370729,4.99977,999.309,5.52889
0.000695812,1035.38,0.0263748,0.370773,4.99977,999.309,5.52889
0.000696003,988.726,0.0359636,0.372108,4.99977,999.31,5.52889
0.000696207,974.156,-0.00725528,0.37326,4.99977,999.311,5.52889
0.000696401,1008.19,-0.0415407,0.373206,4.99977,999.311,5.52889
0.000696601,1039.14,-0.0111145,0.372585,4.99977,999.311,5.52889
0.000696802,1026.13,0.0329179,0.372811,4.99977,999.312,5.52889
0.000697006,990.254,0.0332438,0.373975,4.99977,999.312,5.52889
0.000697201,978.593,-0.0147981,0.375048,4.99977,999.313,5.52889
0.000697404,1008.24,-0.0383273,0.374958,4.99977,999.313,5.52889
0.000697604,1036.7,-0.0102693,0.374373,4.99977,999.314,5.52889
0.000697807,1025.77,0.0293765,0.374555,4.99977,999.314,5.52889
0.000698008,991.084,0.0302563,0.375638,4.99977,999.315,5.52889
0.000698206,980.451,-0.0123907,0.376598,4.99977,999.315,5.52889
0.000698405,1009,-0.0353357,0.37648,4.99977,999.316,5.52889
0.000698601,1035.21,-0.00502905,0.375876,4.99977,999.316,5.52889
0.000698808,1023.24,0.0281438,0.376108,4.99977,999.316,5.52889
0.000699002,987.966,0.0233251,0.377212,4.99977,999.317,5.52889
0.000699207,982.922,-0.0126583,0.37795,4.99977,999.318,5.52889
0.000699402,1012.8,-0.0319973,0.377722,4.99977,999.318,5.52889
0.000699604,1033.13,-0.00411833,0.377242,4.99977,999.318,5.52889
0.000699801,1016.56,0.0295822,0.377521,4.99977,999.319,5.52889
0.000700006,989.958,0.0221177,0.378432,4.99977,999.32,5.52889
0.00070021,984.774,-0.0115169,0.379111,4.99977,999.32,5.52889
0.000700404,1013.14,-0.0293286,0.378863,4.99977,999.32,5.52889
0.000700606,1031.2,-0.00338058,0.378417,4.99977,999.321,5.52889
0.000700805,1016.65,0.0268928,0.378651,4.99977,999.321,5.52889
0.000701007,990.341,0.0191494,0.379517,4.99977,999.322,5.52889
0.000701203,989.36,-0.0169232,0.380082,4.99977,999.322,5.52889
0.0007014,1016.36,-0.0255755,0.379743,4.99977,999.323,5.52889
0.000701603,1029.51,0.0011012,0.379366,4.99977,999.323,5.52889
0.000701807,1015.34,0.0251301,0.379622,4.99977,999.324,5.52889
0.000702009,991.586,0.0175565,0.380396,4.99977,999.324,5.52889
0.000702206,990.713,-0.0155293,0.380896,4.99977,999.325,5.52889
0.000702403,1015.67,-0.0236069,0.380565,4.99977,999.325,5.52889
0.000702606,1027.81,0.000975283,0.380197,4.99977,999.325,5.52889
0.0007028,1010.13,0.0246662,0.380496,4.99977,999.326,5.52889
0.000703003,990.186,0.0115037,0.381206,4.99977,999.326,5.52889
0.000703209,991.956,-0.0142355,0.38155,4.99977,999.327,5.52889
0.000703406,1015.02,-0.0217902,0.381225,4.99977,999.327,5.52889
0.000703602,1025.91,0.00450498,0.380833,4.99977,999.328,5.52889
0.000703803,1010.01,0.0227452,0.381119,4.99977,999.328,5.52889
0.000704006,991.559,0.0106965,0.381754,4.99977,999.329,5.52889
0.000704212,993.058,-0.0129628,0.382052,4.99977,999.329,5.52889
0.000704401,1017.31,-0.0181896,0.381645,4.99977,999.33,5.52889
0.000704605,1024.51,0.00404097,0.38135,4.99977,999.33,5.52889
0.000704807,1009.96,0.0209619,0.381589,4.99977,999.33,5.52889
0.000705,991.477,0.00591695,0.382223,4.99977,999.331,5.52889
0.000705203,997.637,-0.0163983,0.382372,4.99977,999.331,5.52889
0.000705405,1016.46,-0.0168617,0.382017,4.99977,999.332,5.52889
0.000705602,1022.48,0.00693841,0.381704,4.99977,999.332,5.52889
0.000705803,1007.21,0.0195439,0.381974,4.99977,999.333,5.52889
0.000706005,992.876,0.00607734,0.382474,4.99977,999.333,5.52889
0.000706208,997.711,-0.0144352,0.382609,4.99977,999.334,5.52889
0.000706403,1017.22,-0.0141935,0.382203,4.99977,999.334,5.52889
0.000706601,1020.73,0.008074,0.381935,4.99977,999.335,5.52889
0.000706806,1007.31,0.0180103,0.382164,4.99977,999.335,5.52889
0.000707002,993.521,0.00316953,0.382639,4.99977,999.336,5.52889
0.000707203,1000.78,-0.0152803,0.382673,4.99977,999.336,5.52889
0.000707408,1015.83,-0.0136882,0.38233,4.99977,999.336,5.52889
0.000707609,1020.33,0.00546733,0.382046,4.99977,999.337,5.52889
0.000707804,1005.44,0.0163957,0.382273,4.99977,999.337,5.52889
0.000708002,994.469,0.00153276,0.382661,4.99977,999.338,5.52889
0.000708203,1002.24,-0.0146477,0.382638,4.99977,999.338,5.52889
0.000708408,1015.95,-0.0117996,0.382288,4.99977,999.339,5.52889
0.00070861,1019.05,0.00588276,0.382026,4.99977,999.339,5.52889
0.000708806,1005.14,0.0149892,0.382227,4.99977,999.34,5.52889
0.000709004,995.463,0.000765618,0.382557,4.99977,999.34,5.52889
0.000709205,1003.08,-0.0137111,0.382497,4.99977,999.341,5.52889
0.000709409,1015.71,-0.0103586,0.382144,4.99977,999.341,5.52889
0.00070961,1017.75,0.00645702,0.381892,4.99977,999.341,5.52889
0.000709801,1003.2,0.0130123,0.382111,4.99977,999.342,5.52889
0.000710001,996.451,-0.00133983,0.382355,4.99977,999.342,5.52889
0.000710209,1003.09,-0.0124346,0.382261,4.99977,999.343,5.52889
0.000710406,1016.27,-0.00774812,0.381863,4.99977,999.343,5.52889
0.000710607,1016.04,0.0077377,0.381654,4.99977,999.344,5.52889
0.000710806,1003.9,0.012144,0.381818,4.99977,999.344,5.52889
0.000711006,997.298,-0.000711878,0.382024,4.99977,999.345,5.52889
0.000711207,1004.76,-0.0120361,0.381894,4.99977,999.345,5.52889
0.000711403,1016.36,-0.00546244,0.381494,4.99977,999.345,5.52889
0.000711605,1014.51,0.00836886,0.381318,4.99977,999.346,5.52889
0.000711808,1003.84,0.0109978,0.381446,4.99977,999.346,5.52889
0.000712001,998.412,-0.00302603,0.38162,4.99977,999.347,5.52889
0.0007122,1007.36,-0.011511,0.381411,4.99977,999.347,5.52889
0.000712405,1015.76,-0.00468256,0.381057,4.99977,999.348,5.52889
0.000712605,1013.37,0.00837935,0.380883,4.99977,999.348,5.52889
0.000712801,1002.19,0.00875314,0.381029,4.99977,999.349,5.52889
0.000713004,999.185,-0.00300365,0.381104,4.99977,999.349,5.52889
0.000713203,1007.58,-0.0105812,0.380881,4.99977,999.35,5.52889
0.000713407,1015.2,-0.00398501,0.380529,4.99977,999.35,5.52889
0.000713608,1012.95,0.00762249,0.380348,4.99977,999.35,5.52889
0.000713806,1002.86,0.00826404,0.380449,4.99977,999.351,5.52889
0.000714001,1000.27,-0.00416499,0.380508,4.99977,999.351,5.52889
0.000714202,1008.45,-0.0096458,0.380252,4.99977,999.352,5.52889
0.000714406,1014.85,-0.00262493,0.379906,4.99977,999.352,5.52889
0.000714608,1011.9,0.00759875,0.379736,4.99977,999.353,5.52889
0.000714807,1002.77,0.00715778,0.37981,4.99977,999.353,5.52889
0.000715003,1000.99,-0.00418698,0.379824,4.99977,999.354,5.52889
0.000715203,1008.75,-0.00878087,0.379552,4.99977,999.354,5.52889
0.000715404,1014.44,-0.00114692,0.379203,4.99977,999.354,5.52889
0.000715601,1009.93,0.0080534,0.379066,4.99977,999.355,5.52889
0.0007158,1001.95,0.00501414,0.379124,4.99977,999.355,5.52889
0.000716006,1001.56,-0.00394614,0.379061,4.99977,999.356,5.52889
0.000716209,1008.25,-0.00812451,0.378791,4.99977,999.356,5.52889
0.000716402,1013.91,5.00241e-05,0.378428,4.99977,999.357,5.52889
0.000716607,1010,0.00724014,0.378277,4.99977,999.357,5.52889
0.000716804,1002.43,0.00465003,0.378309,4.99977,999.358,5.52889
0.000717011,1001.96,-0.00344057,0.378223,4.99977,999.358,5.52889
0.000717204,1009.46,-0.0070828,0.377924,4.99977,999.358,5.52889
0.0007174,1013.3,0.00104685,0.377586,4.99977,999.359,5.52889
0.000717604,1008.88,0.00703158,0.377445,4.99977,999.359,5.52889
0.000717807,1002.79,0.00418914,0.377426,4.99977,999.36,5.52889
0.000718004,1003.24,-0.00468542,0.377324,4.99977,999.36,5.52889
0.000718202,1010.09,-0.00603673,0.377,4.99977,999.361,5.52889
0.0007184,1012.69,0.00164965,0.376679,4.99977,999.361,5.52889
0.0007186,1007.68,0.00663462,0.376551,4.99977,999.361,5.52889
0.000718809,1003,0.00351593,0.376485,4.99977,999.362,5.52889
0.000719008,1003.65,-0.00436017,0.376353,4.99977,999.362,5.52889
0.000719209,1009.48,-0.00573837,0.376036,4.99977,999.363,5.52889
0.000719404,1012.2,0.00156141,0.375707,4.99977,999.363,5.52889
0.000719605,1007.67,0.00605253,0.375561,4.99977,999.364,5.52889
0.000719801,1002.75,0.00138728,0.375516,4.99977,999.364,5.52889
0.000720011,1004.12,-0.00416363,0.375321,4.99977,999.365,5.52889
0.000720204,1010.23,-0.00452139,0.374984,4.99977,999.365,5.52889
0.000720402,1011.47,0.00242167,0.374678,4.99977,999.365,5.52889
0.000720601,1006.64,0.00544714,0.374543,4.99977,999.366,5.52889
0.000720805,1003.15,0.00122411,0.374441,4.99977,999.366,5.52889
0.000721006,1005.24,-0.00459596,0.374232,4.99977,999.367,5.52889
0.00072121,1009.94,-0.00414557,0.373896,4.99977,999.367,5.52889
0.000721406,1011.08,0.00224845,0.373587,4.99977,999.368,5.52889
0.000721607,1006.79,0.00497789,0.37343,4.99977,999.368,5.52889
0.000721805,1003.43,0.000426397,0.373325,4.99977,999.368,5.52889
0.000722005,1005.91,-0.00448624,0.373087,4.99977,999.369,5.52889
0.000722206,1010.3,-0.00305874,0.372742,4.99977,999.369,5.52889
0.000722403,1010.34,0.00283753,0.372452,4.99977,999.37,5.52889
0.000722603,1006.1,0.0042996,0.372296,4.99977,999.37,5.52889
0.000722805,1003.76,-0.000143278,0.372152,4.99977,999.371,5.52889
0.000723009,1006.07,-0.00409995,0.371894,4.99977,999.371,5.52889
0.000723203,1010.38,-0.00212723,0.371543,4.99977,999.371,5.52889
0.000723401,1009.64,0.00314806,0.371267,4.99977,999.372,5.52889
0.000723606,1006.03,0.00381944,0.371088,4.99977,999.372,5.52889
0.000723804,1004.13,-0.000741212,0.370931,4.99977,999.373,5.52889
0.000724009,1006.6,-0.0038881,0.37065,4.99977,999.373,5.52889
0.000724206,1010.18,-0.00169858,0.370301,4.99977,999.374,5.52889
0.000724406,1009.39,0.00287572,0.370021,4.99977,999.374,5.52889
0.000724604,1005.6,0.00308855,0.369851,4.99977,999.374,5.52889
0.000724806,1004.49,-0.00102105,0.369657,4.99977,999.375,5.52889
0.000725003,1007.53,-0.00361119,0.36936,4.99977,999.375,5.52889
0.000725205,1010.08,-0.000903411,0.369014,4.99977,999.376,5.52889
0.000725404,1008.73,0.00300018,0.368744,4.99977,999.376,5.52889
0.000725606,1005.53,0.00256612,0.368555,4.99977,999.377,5.52889
0.000725803,1005.01,-0.00166929,0.368347,4.99977,999.377,5.52889
0.00072601,1007.45,-0.00325696,0.368031,4.99977,999.377,5.52889
0.000726206,1009.86,-0.000351866,0.367686,4.99977,999.378,5.52889
0.000726407,1008.36,0.00284013,0.367416,4.99977,999.378,5.52889
0.000726606,1005.39,0.00192072,0.367222,4.99977,999.379,5.52889
0.000726805,1005.37,-0.00177752,0.366987,4.99977,999.379,5.52889
0.000727004,1008.16,-0.00273671,0.36666,4.99977,999.38,5.52889
0.0007272,1009.56,0.000563909,0.366325,4.99977,999.38,5.52889
0.000727405,1007.73,0.00275736,0.366061,4.99977,999.38,5.52889
0.000727608,1005.41,0.00144038,0.365842,4.99977,999.381,5.52889
0.000727808,1005.71,-0.00182332,0.365587,4.99977,999.381,5.52889
0.000728012,1008.06,-0.00244573,0.365253,4.99977,999.382,5.52889
0.000728204,1009.25,0.000781045,0.364923,4.99977,999.382,5.52889
0.000728407,1007.38,0.00250828,0.364658,4.99977,999.383,5.52889
0.000728603,1005.36,0.00057477,0.364441,4.99977,999.383,5.52889
0.000728806,1006.24,-0.00201519,0.364156,4.99977,999.383,5.52889
0.000729009,1008.4,-0.00188007,0.363812,4.99977,999.384,5.52889
0.000729206,1008.92,0.000992039,0.363486,4.99977,999.384,5.52889
0.0007294,1006.71,0.00212851,0.363241,4.99977,999.385,5.52889
0.0007296,1005.52,-0.000130742,0.362998,4.99977,999.385,5.52889
0.000729804,1006.73,-0.00202179,0.362688,4.99977,999.386,5.52889
0.00073,1008.73,-0.000975301,0.362344,4.99977,999.386,5.52889
0.00073021,1008.61,0.00111757,0.362015,4.99977,999.386,5.52889
0.000730403,1006.52,0.0017582,0.361768,4.99977,999.387,5.52889
0.000730604,1005.73,-0.000381448,0.361506,4.99977,999.387,5.52889
0.000730807,1007.03,-0.00185991,0.361186,4.99977,999.388,5.52889
0.000731001,1008.66,-0.000477395,0.360843,4.99977,999.388,5.52889
0.00073121,1008.2,0.00132609,0.36052,4.99977,999.388,5.52889
0.000731408,1006.42,0.00141761,0.360258,4.99977,999.389,5.52889
0.000731602,1006.04,-0.000817548,0.359992,4.99977,999.389,5.52889
0.0007318,1007.6,-0.0015857,0.359661,4.99977,999.39,5.52889
0.000732004,1008.51,-0.000104195,0.359313,4.99977,999.39,5.52889
0.000732208,1007.73,0.00143016,0.359001,4.99977,999.391,5.52889
0.000732402,1006.16,0.000753859,0.358743,4.99977,999.391,5.52889
0.00073261,1006.24,-0.000842703,0.358434,4.99977,999.391,5.52889
0.000732806,1007.69,-0.00131516,0.358099,4.99977,999.392,5.52889
0.000733001,1008.28,0.000412388,0.357764,4.99977,999.392,5.52889
0.000733205,1007.26,0.0013609,0.357459,4.99977,999.393,5.52889
0.000733403,1006.17,0.000324955,0.357181,4.99977,999.393,5.52889
0.000733606,1006.64,-0.00107556,0.356864,4.99977,999.393,5.52889
0.000733806,1007.87,-0.000929271,0.356518,4.99977,999.394,5.52889
0.000734008,1008.07,0.000521176,0.356178,4.99977,999.394,5.52889
0.000734208,1007.03,0.00116208,0.355876,4.99977,999.395,5.52889
0.000734401,1006.28,-0.000151441,0.355599,4.99977,999.395,5.52889
0.000734615,1006.78,-0.000988058,0.355252,4.99977,999.396,5.52889
0.000734806,1007.94,-0.000514572,0.354915,4.99977,999.396,5.52889
0.000735007,1007.76,0.00075629,0.354582,4.99977,999.396,5.52889
0.000735204,1006.71,0.000833979,0.354286,4.99977,999.397,5.52889
0.000735405,1006.44,-0.000354428,0.353978,4.99977,999.397,5.52889
0.000735608,1007.19,-0.000956148,0.353637,4.99977,999.398,5.52889
0.000735803,1007.91,-7.66142e-05,0.353294,4.99977,999.398,5.52889
0.000736001,1007.36,0.000865031,0.352974,4.99977,999.398,5.52889
0.000736206,1006.6,0.000528359,0.352658,4.99977,999.399,5.52889
0.000736409,1006.6,-0.000485764,0.352335,4.99977,999.399,5.52889
0.000736608,1007.4,-0.000758736,0.351992,4.99977,999.4,5.52889
0.000736804,1007.77,0.000194018,0.35165,4.99977,999.4,5.52889
0.000737015,1007.31,0.000741089,0.351306,4.99977,999.401,5.52889
0.000737203,1006.55,0.000145612,0.351018,4.99977,999.401,5.52889
0.000737408,1006.83,-0.000610958,0.350678,4.99977,999.401,5.52889
0.000737607,1007.53,-0.000498376,0.35033,4.99977,999.402,5.52889
0.0007378,1007.54,0.00044672,0.349997,4.99977,999.402,5.52889
0.000738008,1006.98,0.000633271,0.349661,4.99977,999.403,5.52889
0.000738203,1006.62,-0.000117597,0.349349,4.99977,999.403,5.52889
0.000738415,1006.95,-0.00057776,0.34899,4.99977,999.403,5.52889
0.000738602,1007.58,-0.000162901,0.348657,4.99977,999.404,5.52889
0.000738814,1007.45,0.000399687,0.348295,4.99977,999.404,5.52889
0.000739,1006.77,0.000366326,0.347997,4.99977,999.405,5.52889
0.000739206,1006.73,-0.000264042,0.347656,4.99977,999.405,5.52889
0.000739403,1007.23,-0.000503529,0.347311,4.99977,999.405,5.52889
0.000739604,1007.51,3.24462e-05,0.346958,4.99977,999.406,5.52889
0.000739807,1007.2,0.000479962,0.346615,4.99977,999.406,5.52889
0.000740001,1006.73,0.000160935,0.346297,4.99977,999.407,5.52889
0.000740204,1006.87,-0.000374577,0.345952,4.99977,999.407,5.52889
0.000740409,1007.28,-0.000382748,0.345592,4.99977,999.407,5.52889
0.0007406,1007.38,0.000226449,0.345254,4.99977,999.408,5.52889
0.000740808,1007.05,0.000422876,0.344902,4.99977,999.408,5.52889
0.000741003,1006.75,9.45248e-06,0.344577,4.99977,999.409,5.52889
0.000741202,1007,-0.000387139,0.344232,4.99977,999.409,5.52889
0.000741405,1007.34,-0.000203131,0.343871,4.99977,999.409,5.52889
0.000741609,1007.3,0.000241178,0.343515,4.99977,999.41,5.52889
0.000741804,1006.91,0.000305324,0.343184,4.99977,999.41,5.52889
0.000742004,1006.8,-0.000123176,0.342844,4.99977,999.411,5.52889
0.000742204,1007.09,-0.000338924,0.342492,4.99977,999.411,5.52889
0.000742403,1007.32,-2.92176e-05,0.342137,4.99977,999.412,5.52889
0.000742619,1007.22,0.000238292,0.341759,4.99977,999.412,5.52889
0.000742802,1006.84,0.000165642,0.341448,4.99977,999.412,5.52889
0.000743006,1006.86,-0.00018838,0.341094,4.99977,999.413,5.52889
0.000743204,1007.15,-0.000257036,0.340741,4.99977,999.413,5.52889
0.000743402,1007.25,8.57388e-05,0.340387,4.99977,999.414,5.52889
0.000743607,1007.05,0.000272228,0.340029,4.99977,999.414,5.52889
0.000743806,1006.83,6.86076e-05,0.339687,4.99977,999.414,5.52889
0.000744017,1006.88,-0.000182717,0.339316,4.99977,999.415,5.52889
0.000744203,1007.18,-0.000154441,0.33898,4.99977,999.415,5.52889
0.000744407,1007.18,0.000130898,0.338617,4.99977,999.416,5.52889
0.0007446,1006.93,0.000207457,0.33828,4.99977,999.416,5.52889
0.000744805,1006.84,-3.33925e-05,0.337922,4.99977,999.416,5.52889
0.000745004,1007,-0.000218006,0.337566,4.99977,999.417,5.52889
0.000745203,1007.17,-6.0522e-05,0.337208,4.99977,999.417,5.52889
0.000745414,1007.12,0.000144107,0.336831,4.99977,999.418,5.52889
0.000745607,1006.9,0.000153489,0.336492,4.99977,999.418,5.52889
0.000745808,1006.86,-8.23457e-05,0.336137,4.99977,999.418,5.52889
0.000746005,1007.03,-0.000180954,0.335783,4.99977,999.419,5.52889
0.000746201,1007.13,2.64252e-05,0.335429,4.99977,999.419,5.52889
0.0007464,1007,0.000175457,0.335074,4.99977,999.42,5.52889
0.000746607,1006.86,8.11388e-05,0.334707,4.99977,999.42,5.52889
0.00074681,1006.89,-0.00011709,0.334346,4.99977,999.42,5.52889
0.000747002,1007.06,-0.000121142,0.333996,4.99977,999.421,5.52889
0.000747204,1007.08,6.77177e-05,0.333632,4.99977,999.421,5.52889
0.000747401,1006.94,0.000145404,0.33328,4.99977,999.422,5.52889
0.000747602,1006.85,-8.94413e-07,0.332921,4.99977,999.422,5.52889
0.000747813,1006.91,-0.000123208,0.332541,4.99977,999.422,5.52889
0.000748002,1007.06,-5.97966e-05,0.332197,4.99977,999.423,5.52889
0.000748204,1007.03,9.85569e-05,0.331832,4.99977,999.423,5.52889
0.000748409,1006.91,0.000115775,0.331464,4.99977,999.424,5.52889
0.000748601,1006.86,-5.13942e-05,0.331119,4.99977,999.424,5.52889
0.000748813,1006.93,-0.000119491,0.330734,4.99977,999.424,5.52889
0.000749003,1007.03,-1.25181e-05,0.330387,4.99977,999.425,5.52889
0.000749202,1006.97,0.000107914,0.330027,4.99977,999.425,5.52889
0.000749408,1006.87,7.08168e-05,0.329656,4.99977,999.425,5.52889
0.000749601,1006.87,-7.66789e-05,0.329306,4.99977,999.426,5.52889
0.000749808,1006.96,-9.58089e-05,0.328928,4.99977,999.426,5.52889
0.000750004,1007,2.61584e-05,0.328571,4.99977,999.427,5.52889
0.000750209,1006.93,9.63022e-05,0.328198,4.99977,999.427,5.52889
0.000750405,1006.84,2.48713e-05,0.327843,4.99977,999.427,5.52889
0.000750617,1006.86,-6.35336e-05,0.327457,4.99977,999.428,5.52889
0.000750803,1006.96,-5.58807e-05,0.327116,4.99977,999.428,5.52889
0.000751009,1006.97,4.04319e-05,0.326739,4.99977,999.429,5.52889
0.000751207,1006.88,8.00151e-05,0.32638,4.99977,999.429,5.52889
0.000751401,1006.84,-1.63568e-05,0.326026,4.99977,999.429,5.52889
0.000751611,1006.88,-7.47689e-05,0.325642,4.99977,999.43,5.52889
0.000751808,1006.95,-3.19446e-05,0.32528,4.99977,999.43,5.52889
0.000752009,1006.93,5.568e-05,0.324911,4.99977,999.431,5.52889
0.000752202,1006.85,5.0712e-05,0.324559,4.99977,999.431,5.52889
0.000752405,1006.83,-3.19029e-05,0.324188,4.99977,999.431,5.52889
0.000752603,1006.89,-6.41294e-05,0.323824,4.99977,999.432,5.52889
0.000752804,1006.93,2.6299e-06,0.323454,4.99977,999.432,5.52889
0.00075301,1006.89,5.89719e-05,0.323076,4.99977,999.433,5.52889
0.000753201,1006.82,2.17463e-05,0.322728,4.99977,999.433,5.52889
0.000753409,1006.83,-4.06961e-05,0.322346,4.99977,999.433,5.52889
0.000753604,1006.89,-4.63317e-05,0.321986,4.99977,999.434,5.52889
0.000753805,1006.9,2.067e-05,0.321615,4.99977,999.434,5.52889
0.000754003,1006.85,5.35246e-05,0.321251,4.99977,999.434,5.52889
0.0007542,1006.81,8.52779e-08,0.320888,4.99977,999.435,5.52889
0.000754412,1006.83,-4.35363e-05,0.320498,4.99977,999.435,5.52889
0.0007546,1006.88,-2.24542e-05,0.32015,4.99977,999.436,5.52889
0.000754804,1006.87,3.33608e-05,0.319774,4.99977,999.436,5.52889
0.000755001,1006.82,3.8338e-05,0.319411,4.99977,999.436,5.52889
0.000755202,1006.8,-1.50951e-05,0.319041,4.99977,999.437,5.52889
0.000755404,1006.83,-4.30903e-05,0.318668,4.99977,999.437,5.52889
0.000755605,1006.86,-7.89098e-06,0.318296,4.99977,999.438,5.52889
0.00075581,1006.84,3.43831e-05,0.317916,4.99977,999.438,5.52889
0.000756009,1006.8,2.79747e-05,0.31755,4.99977,999.438,5.52889
0.000756203,1006.79,-2.49911e-05,0.317192,4.99977,999.439,5.52889
0.00075641,1006.82,-3.52675e-05,0.316808,4.99977,999.439,5.52889
0.000756604,1006.84,7.41373e-06,0.316447,4.99977,999.439,5.52889
0.000756814,1006.81,3.34375e-05,0.316059,4.99977,999.44,5.52889
0.000757002,1006.77,7.24578e-06,0.315713,4.99977,999.44,5.52889
0.000757208,1006.78,-2.64794e-05,0.31533,4.99977,999.441,5.52889
0.000757402,1006.81,-2.07495e-05,0.314969,4.99977,999.441,5.52889
0.000757606,1006.81,1.60761e-05,0.314592,4.99977,999.441,5.52889
0.000757813,1006.78,2.97135e-05,0.314207,4.99977,999.442,5.52889
0.000758006,1006.76,-1.71214e-06,0.313851,4.99977,999.442,5.52889
0.000758209,1006.77,-2.68024e-05,0.313474,4.99977,999.443,5.52889
0.000758403,1006.8,-9.115e-06,0.313113,4.99977,999.443,5.52889
0.000758608,1006.79,2.00979e-05,0.312732,4.99977,999.443,5.52889
0.000758801,1006.75,1.80066e-05,0.312375,4.99977,999.444,5.52889
0.000759004,1006.75,-1.15143e-05,0.311998,4.99977,999.444,5.52889
0.000759202,1006.77,-2.26138e-05,0.311631,4.99977,999.444,5.52889
0.000759402,1006.78,1.54671e-06,0.311258,4.99977,999.445,5.52889
0.000759605,1006.76,2.18085e-05,0.310881,4.99977,999.445,5.52889
0.000759808,1006.74,1.1778e-05,0.310504,4.99977,999.446,5.52889
0.000760013,1006.73,-1.27159e-05,0.310123,4.99977,999.446,5.52889
0.000760206,1006.75,-1.69509e-05,0.309764,4.99977,999.446,5.52889
0.0007604,1006.75,9.42138e-06,0.309402,4.99977,999.447,5.52889
0.000760614,1006.74,1.91359e-05,0.309005,4.99977,999.447,5.52889
0.000760806,1006.72,2.4022e-06,0.308648,4.99977,999.448,5.52889
0.000761007,1006.72,-1.63995e-05,0.308274,4.99977,999.448,5.52889
0.000761206,1006.74,-9.89993e-06,0.307903,4.99977,999.448,5.52889
0.000761409,1006.73,1.04802e-05,0.307525,4.99977,999.449,5.52889
0.000761602,1006.71,1.3827e-05,0.307167,4.99977,999.449,5.52889
0.000761804,1006.7,-4.6789e-06,0.306791,4.99977,999.449,5.52889
0.000762009,1006.71,-1.51307e-05,0.306408,4.99977,999.45,5.52889
0.000762201,1006.72,-1.40422e-06,0.30605,4.99977,999.45,5.52889
0.000762418,1006.71,1.04681e-05,0.305645,4.99977,999.451,5.52889
0.000762603,1006.69,8.31363e-06,0.305302,4.99977,999.451,5.52889
0.000762805,1006.69,-8.06297e-06,0.304925,4.99977,999.451,5.52889
0.000763011,1006.7,-1.25212e-05,0.304542,4.99977,999.452,5.52889
0.000763204,1006.7,2.60854e-06,0.304181,4.99977,999.452,5.52889
0.000763415,1006.69,1.18345e-05,0.30379,4.99977,999.452,5.52889
0.000763603,1006.67,3.07398e-06,0.303439,4.99977,999.453,5.52889
0.000763813,1006.67,-8.34701e-06,0.303047,4.99977,999.453,5.52889
0.000764007,1006.68,-8.18468e-06,0.302685,4.99977,999.454,5.52889
0.000764206,1006.68,5.83886e-06,0.302315,4.99977,999.454,5.52889
0.000764413,1006.67,1.05344e-05,0.30193,4.99977,999.454,5.52889
0.000764604,1006.66,-1.08392e-06,0.301574,4.99977,999.455,5.52889
0.000764803,1006.66,-9.64589e-06,0.301202,4.99977,999.455,5.52889
0.000765,1006.67,-2.43697e-06,0.300835,4.99977,999.455,5.52889
0.000765212,1006.66,6.62044e-06,0.30044,4.99977,999.456,5.52889
0.000765409,1006.65,7.5286e-06,0.300073,4.99977,999.456,5.52889
0.000765602,1006.64,-4.39885e-06,0.299713,4.99977,999.457,5.52889
0.000765811,1006.65,-8.23573e-06,0.299324,4.99977,999.457,5.52889
0.000766,1006.65,1.09007e-06,0.298971,4.99977,999.457,5.52889
0.000766218,1006.64,6.77246e-06,0.298565,4.99977,999.458,5.52889
0.000766407,1006.63,4.08558e-06,0.298213,4.99977,999.458,5.52889
0.00076661,1006.63,-4.78148e-06,0.297834,4.99977,999.458,5.52889
0.000766805,1006.63,-5.73634e-06,0.297472,4.99977,999.459,5.52889
0.000767006,1006.63,2.61113e-06,0.297097,4.99977,999.459,5.52889
0.000767204,1006.62,6.81236e-06,0.296728,4.99977,999.459,5.52889
0.0007674,1006.61,9.27754e-08,0.296362,4.99977,999.46,5.52889
0.000767613,1006.61,-5.28678e-06,0.295966,4.99977,999.46,5.52889
0.000767801,1006.61,-2.78699e-06,0.295614,4.99977,999.461,5.52889
0.000768004,1006.61,4.36338e-06,0.295238,4.99977,999.461,5.52889
0.000768208,1006.6,5.41601e-06,0.294856,4.99977,999.461,5.52889
0.000768404,1006.59,-1.4916e-06,0.294492,4.99977,999.462,5.52889
0.000768616,1006.59,-5.08885e-06,0.294097,4.99977,999.462,5.52889
0.000768805,1006.6,-8.72157e-07,0.293746,4.99977,999.462,5.52889
0.000769016,1006.59,4.00733e-06,0.293352,4.99977,999.463,5.52889
0.000769208,1006.58,3.54667e-06,0.292994,4.99977,999.463,5.52889
0.000769401,1006.58,-3.11694e-06,0.292635,4.99977,999.464,5.52889
0.000769608,1006.58,-4.22613e-06,0.29225,4.99977,999.464,5.52889
0.000769804,1006.58,1.10415e-06,0.291886,4.99977,999.464,5.52889
0.00077001,1006.57,4.38856e-06,0.291501,4.99977,999.465,5.52889
0.000770204,1006.56,1.32923e-06,0.291141,4.99977,999.465,5.52889
0.000770401,1006.56,-3.545e-06,0.290775,4.99977,999.465,5.52889
0.00077061,1006.56,-3.0071e-06,0.290385,4.99977,999.466,5.52889
0.000770803,1006.56,2.28371e-06,0.290026,4.99977,999.466,5.52889
0.000771009,1006.55,3.78038e-06,0.289644,4.99977,999.467,5.52889
0.000771206,1006.55,-3.06634e-08,0.289278,4.99977,999.467,5.52889
0.000771415,1006.54,-3.02633e-06,0.288888,4.99977,999.467,5.52889
0.000771605,1006.54,-1.25518e-06,0.288535,4.99977,999.468,5.52889
0.000771806,1006.54,2.7102e-06,0.288162,4.99977,999.468,5.52889
0.00077201,1006.53,2.89081e-06,0.287782,4.99977,999.468,5.52889
0.000772201,1006.53,-1.45714e-06,0.287429,4.99977,999.469,5.52889
0.000772412,1006.53,-2.84073e-06,0.287036,4.99977,999.469,5.52889
0.000772601,1006.53,3.37684e-07,0.286686,4.99977,999.469,5.52889
0.0007728,1006.52,2.90614e-06,0.286315,4.99977,999.47,5.52889
0.000773003,1006.52,1.44244e-06,0.285938,4.99977,999.47,5.52889
0.000773205,1006.51,-1.73808e-06,0.285563,4.99977,999.471,5.52889
0.0007734,1006.51,-1.86235e-06,0.285201,4.99977,999.471,5.52889
0.000773603,1006.51,1.08273e-06,0.284826,4.99977,999.471,5.52889
0.000773815,1006.5,2.50682e-06,0.284432,4.99977,999.472,5.52889
0.000774002,1006.5,3.69837e-07,0.284084,4.99977,999.472,5.52889
0.000774204,1006.5,-1.94966e-06,0.28371,4.99977,999.472,5.52889
0.000774405,1006.49,-1.17111e-06,0.283338,4.99977,999.473,5.52889
0.000774608,1006.49,1.35847e-06,0.28296,4.99977,999.473,5.52889
0.0007748,1006.49,1.8993e-06,0.282605,4.99977,999.473,5.52889
0.000775004,1006.48,-3.18304e-07,0.282227,4.99977,999.474,5.52889
0.000775201,1006.48,-1.78598e-06,0.281862,4.99977,999.474,5.52889
0.000775404,1006.48,-3.11323e-07,0.281487,4.99977,999.474,5.52889
0.00077561,1006.47,1.60493e-06,0.281105,4.99977,999.475,5.52889
0.000775803,1006.47,1.29102e-06,0.280748,4.99977,999.475,5.52889
0.000776005,1006.46,-7.94403e-07,0.280374,4.99977,999.476,5.52889
0.000776202,1006.46,-1.38224e-06,0.280009,4.99977,999.476,5.52889
0.0007764,1006.46,4.9083e-07,0.279643,4.99977,999.476,5.52889
0.000776604,1006.45,1.68173e-06,0.279265,4.99977,999.477,5.52889
0.000776808,1006.45,8.16107e-07,0.27889,4.99977,999.477,5.52889
0.00077701,1006.45,-9.33095e-07,0.278516,4.99977,999.477,5.52889
0.000777205,1006.44,-9.45964e-07,0.278155,4.99977,999.478,5.52889
0.000777408,1006.44,6.61617e-07,0.27778,4.99977,999.478,5.52889
0.000777604,1006.44,1.43486e-06,0.277419,4.99977,999.478,5.52889
0.0007778,1006.43,1.35171e-08,0.277056,4.99977,999.479,5.52889
0.000778009,1006.43,-1.01949e-06,0.276671,4.99977,999.479,5.52889
0.000778202,1006.43,-3.60499e-07,0.276314,4.99977,999.48,5.52889
0.000778401,1006.42,1.08451e-06,0.275947,4.99977,999.48,5.52889
0.000778606,1006.42,1.11273e-06,0.27557,4.99977,999.48,5.52889
0.000778802,1006.41,-3.03688e-07,0.275208,4.99977,999.481,5.52889
0.000779008,1006.41,-9.20378e-07,0.274829,4.99977,999.481,5.52889
0.000779205,1006.41,1.59324e-08,0.274466,4.99977,999.481,5.52889
0.000779417,1006.41,9.29374e-07,0.274075,4.99977,999.482,5.52889
0.000779609,1006.4,7.97488e-07,0.273721,4.99977,999.482,5.52889
0.000779801,1006.4,-5.39404e-07,0.273368,4.99977,999.482,5.52889
0.00078001,1006.39,-7.16752e-07,0.272983,4.99977,999.483,5.52889
0.000780202,1006.39,4.30581e-07,0.272631,4.99977,999.483,5.52889
0.000780414,1006.39,9.78922e-07,0.27224,4.99977,999.483,5.52889
0.000780605,1006.38,3.64112e-07,0.271889,4.99977,999.484,5.52889
0.000780804,1006.38,-5.75329e-07,0.271524,4.99977,999.484,5.52889
0.000781005,1006.38,-3.76635e-07,0.271154,4.99977,999.484,5.52889
0.00078121,1006.37,5.0197e-07,0.270778,4.99977,999.485,5.52889
0.000781401,1006.37,8.14287e-07,0.270426,4.99977,999.485,5.52889
0.000781602,1006.37,1.0904e-08,0.270058,4.99977,999.486,5.52889
0.000781808,1006.36,-5.24331e-07,0.269679,4.99977,999.486,5.52889
0.000782006,1006.36,-9.3345e-08,0.269316,4.99977,999.486,5.52889
0.000782215,1006.36,5.84482e-07,0.268933,4.99977,999.487,5.52889
0.000782407,1006.35,6.3617e-07,0.268581,4.99977,999.487,5.52889
0.000782606,1006.35,-1.38737e-07,0.268217,4.99977,999.487,5.52889
0.000782801,1006.35,-3.96343e-07,0.26786,4.99977,999.488,5.52889
0.000783002,1006.34,2.17339e-07,0.267492,4.99977,999.488,5.52889
0.000783205,1006.34,6.8585e-07,0.26712,4.99977,999.488,5.52889
0.000783405,1006.33,3.87302e-07,0.266754,4.99977,999.489,5.52889
0.000783606,1006.33,-2.39135e-07,0.266386,4.99977,999.489,5.52889
0.000783807,1006.33,-2.71349e-07,0.266017,4.99977,999.489,5.52889
0.000784004,1006.32,3.48069e-07,0.265657,4.99977,999.49,5.52889
0.000784203,1006.32,6.11066e-07,0.265294,4.99977,999.49,5.52889
0.000784401,1006.32,1.4781e-07,0.264933,4.99977,999.49,5.52889
0.00078461,1006.31,-2.45637e-07,0.264551,4.99977,999.491,5.52889
0.000784803,1006.31,-5.63217e-08,0.264198,4.99977,999.491,5.52889
0.000785,1006.31,4.7354e-07,0.263839,4.99977,999.492,5.52889
0.000785205,1006.3,4.98812e-07,0.263466,4.99977,999.492,5.52889
0.000785402,1006.3,1.59894e-08,0.263106,4.99977,999.492,5.52889
0.000785611,1006.3,-2.2e-07,0.262724,4.99977,999.493,5.52889
0.000785802,1006.29,1.14213e-07,0.262377,4.99977,999.493,5.52889
0.000786019,1006.29,4.02279e-07,0.261981,4.99977,999.493,5.52889
0.000786211,1006.29,4.05053e-07,0.261632,4.99977,999.494,5.52889
0.0007864,1006.28,-8.07918e-08,0.261288,4.99977,999.494,5.52889
0.000786602,1006.28,-1.22735e-07,0.260922,4.99977,999.494,5.52889
0.000786803,1006.28,2.36755e-07,0.260556,4.99977,999.495,5.52889
0.000787017,1006.27,4.32537e-07,0.260167,4.99977,999.495,5.52889
0.000787207,1006.27,2.47035e-07,0.259821,4.99977,999.495,5.52889
0.000787406,1006.26,-8.43005e-08,0.259459,4.99977,999.496,5.52889
0.000787606,1006.26,-3.00838e-08,0.259097,4.99977,999.496,5.52889
0.000787801,1006.26,3.22806e-07,0.258743,4.99977,999.496,5.52889
0.000788015,1006.25,4.0241e-07,0.258354,4.99977,999.497,5.52889
0.000788204,1006.25,1.22551e-07,0.258011,4.99977,999.497,5.52889
0.000788401,1006.25,-7.91209e-08,0.257654,4.99977,999.497,5.52889
0.000788603,1006.24,9.66809e-08,0.257289,4.99977,999.498,5.52889
0.000788809,1006.24,3.24231e-07,0.256915,4.99977,999.498,5.52889
0.000789011,1006.24,3.29361e-07,0.256549,4.99977,999.498,5.52889
0.000789207,1006.23,6.37641e-08,0.256194,4.99977,999.499,5.52889
0.0007894,1006.23,-2.17727e-08,0.255845,4.99977,999.499,5.52889
0.000789603,1006.23,1.80329e-07,0.255478,4.99977,999.499,5.52889
0.000789815,1006.22,3.22347e-07,0.255096,4.99977,999.5,5.52889
0.000790009,1006.22,2.3876e-07,0.254745,4.99977,999.5,5.52889
0.000790205,1006.22,1.77662e-08,0.254391,4.99977,999.5,5.52889
0.000790408,1006.21,3.41034e-08,0.254025,4.99977,999.501,5.52889
0.000790607,1006.21,2.31913e-07,0.253666,4.99977,999.501,5.52889
0.000790813,1006.21,3.03466e-07,0.253294,4.99977,999.502,5.52889
0.000791,1006.2,1.26323e-07,0.252955,4.99977,999.502,5.52889
0.000791209,1006.2,2.37575e-08,0.25258,4.99977,999.502,5.52889
0.000791402,1006.2,1.35873e-07,0.252232,4.99977,999.503,5.52889
0.000791606,1006.19,2.65979e-07,0.251865,4.99977,999.503,5.52889
0.000791814,1006.19,2.46385e-07,0.25149,4.99977,999.503,5.52889
0.000792001,1006.19,7.38747e-08,0.251154,4.99977,999.504,5.52889
0.00079221,1006.18,6.65276e-08,0.250778,4.99977,999.504,5.52889
0.000792417,1006.18,1.74237e-07,0.250405,4.99977,999.504,5.52889
0.000792606,1006.17,2.46043e-07,0.250067,4.99977,999.505,5.52889
0.000792812,1006.17,1.57992e-07,0.249697,4.99977,999.505,5.52889
0.000793008,1006.17,7.88545e-08,0.249343,4.99977,999.505,5.52889
0.000793212,1006.16,1.43669e-07,0.248978,4.99977,999.506,5.52889
0.000793418,1006.16,2.18877e-07,0.248608,4.99977,999.506,5.52889
0.000793614,1006.16,1.86067e-07,0.248257,4.99977,999.506,5.52889
0.000793818,1006.15,1.13674e-07,0.247891,4.99977,999.507,5.52889
0.000794014,1006.15,1.31314e-07,0.24754,4.99977,999.507,5.52889
0.000794208,1006.15,2.00523e-07,0.247193,4.99977,999.507,5.52889
0.000794406,1006.14,1.79447e-07,0.246838,4.99977,999.508,5.52889
0.000794606,1006.14,1.27367e-07,0.246481,4.99977,999.508,5.52889
0.000794806,1006.14,1.4194e-07,0.246123,4.99977,999.508,5.52889
0.000795006,1006.13,1.85389e-07,0.245765,4.99977,999.509,5.52889
0.000795206,1006.13,1.76978e-07,0.245408,4.99977,999.509,5.52889
0.000795406,1006.13,1.4163e-07,0.245051,4.99977,999.509,5.52889
0.000795606,1006.12,1.4634e-07,0.244694,4.99977,999.51,5.52889
0.000795806,1006.12,1.75604e-07,0.244337,4.99977,999.51,5.52889
0.000796006,1006.12,1.74185e-07,0.24398,4.99977,999.51,5.52889
0.000796206,1006.11,1.50792e-07,0.243624,4.99977,999.511,5.52889
0.000796406,1006.11,1.50679e-07,0.243268,4.99977,999.511,5.52889
0.000796606,1006.11,1.69945e-07,0.242911,4.99977,999.511,5.52889
0.000796806,1006.1,1.71735e-07,0.242555,4.99977,999.512,5.52889
0.000797006,1006.1,1.56645e-07,0.2422,4.99977,999.512,5.52889
0.000797206,1006.1,1.54518e-07,0.241844,4.99977,999.512,5.52889
0.000797406,1006.09,1.66932e-07,0.241488,4.99977,999.513,5.52889
0.000797606,1006.09,1.69877e-07,0.241133,4.99977,999.513,5.52889
0.000797806,1006.08,1.60409e-07,0.240778,4.99977,999.513,5.52889
0.000798006,1006.08,1.57737e-07,0.240423,4.99977,999.514,5.52889
0.000798206,1006.08,1.65571e-07,0.240068,4.99977,999.514,5.52889
0.000798406,1006.07,1.68638e-07,0.239713,4.99977,999.514,5.52889
0.000798606,1006.07,1.62882e-07,0.239359,4.99977,999.515,5.52889
0.000798806,1006.07,1.6037e-07,0.239004,4.99977,999.515,5.52889
0.000799006,1006.06,1.65214e-07,0.23865,4.99977,999.515,5.52889
0.000799206,1006.06,1.67947e-07,0.238296,4.99977,999.516,5.52889
0.000799406,1006.06,1.64586e-07,0.237942,4.99977,999.516,5.52889
0.000799606,1006.05,1.6251e-07,0.237589,4.99977,999.516,5.52889
0.000799806,1006.05,1.6545e-07,0.237235,4.99977,999.517,5.52889
0.000800006,1006.05,1.67697e-07,0.236882,4.99977,999.517,5.52889
0.000800206,1006.04,1.65843e-07,0.236529,4.99977,999.517,5.52889
0.000800406,1006.04,1.64267e-07,0.236176,4.99977,999.518,5.52889
0.000800606,1006.04,1.66022e-07,0.235823,4.99977,999.518,5.52889
0.000800806,1006.03,1.67784e-07,0.23547,4.99977,999.518,5.52889
0.000801006,1006.03,1.66855e-07,0.235118,4.99977,999.519,5.52889
0.000801206,1006.03,1.65732e-07,0.234766,4.99977,999.519,5.52889
0.000801406,1006.02,1.66773e-07,0.234413,4.99977,999.519,5.52889
0.000801606,1006.02,1.68119e-07,0.234061,4.99977,999.52,5.52889
0.000801806,1006.02,1.67739e-07,0.23371,4.99977,999.52,5.52889
0.000802006,1006.01,1.6699e-07,0.233358,4.99977,999.52,5.52889
0.000802206,1006.01,1.67613e-07,0.233007,4.99977,999.521,5.52889
0.000802406,1006.01,1.68629e-07,0.232655,4.99977,999.521,5.52889
0.000802606,1006,1.68563e-07,0.232304,4.99977,999.521,5.52889
0.000802806,1006,1.68103e-07,0.231953,4.99977,999.522,5.52889
0.000803006,1006,1.6849e-07,0.231603,4.99977,999.522,5.52889
0.000803206,1005.99,1.69258e-07,0.231252,4.99977,999.522,5.52889
0.000803406,1005.99,1.69366e-07,0.230902,4.99977,999.523,5.52889
0.000803606,1005.99,1.69118e-07,0.230551,4.99977,999.523,5.52889
0.000803806,1005.98,1.69383e-07,0.230201,4.99977,999.523,5.52889
0.000804006,1005.98,1.69966e-07,0.229851,4.99977,999.524,5.52889
0.000804206,1005.98,1.70158e-07,0.229502,4.99977,999.524,5.52889
0.000804406,1005.97,1.70067e-07,0.229152,4.99977,999.524,5.52889
0.000804606,1005.97,1.7027e-07,0.228803,4.99977,999.525,5.52889
0.000804806,1005.96,1.70725e-07,0.228454,4.99977,999.525,5.52889
0.000805006,1005.96,1.70957e-07,0.228105,4.99977,999.525,5.52889
0.000805206,1005.96,1.70971e-07,0.227756,4.99977,999.526,5.52889
0.000805406,1005.95,1.71151e-07,0.227407,4.99977,999.526,5.52889
0.000805606,1005.95,1.71517e-07,0.227059,4.99977,999.526,5.52889
0.000805806,1005.95,1.71763e-07,0.22671,4.99977,999.527,5.52889
0.000806006,1005.94,1.71849e-07,0.226362,4.99977,999.527,5.52889
0.000806206,1005.94,1.72019e-07,0.226014,4.99977,999.527,5.52889
0.000806406,1005.94,1.72327e-07,0.225667,4.99977,999.527,5.52889
0.000806606,1005.93,1.72577e-07,0.225319,4.99977,999.528,5.52889
0.000806806,1005.93,1.72709e-07,0.224972,4.99977,999.528,5.52889
0.000807006,1005.93,1.7288e-07,0.224624,4.99977,999.528,5.52889
0.000807206,1005.92,1.73147e-07,0.224277,4.99977,999.529,5.52889
0.000807406,1005.92,1.73392e-07,0.223931,4.99977,999.529,5.52889
0.000807606,1005.92,1.73554e-07,0.223584,4.99977,999.529,5.52889
0.000807806,1005.91,1.73731e-07,0.223237,4.99977,999.53,5.52889
0.000808006,1005.91,1.73975e-07,0.222891,4.99977,999.53,5.52889
0.000808206,1005.91,1.74211e-07,0.222545,4.99977,999.53,5.52889
0.000808406,1005.9,1.74392e-07,0.222199,4.99977,999.531,5.52889
0.000808606,1005.9,1.74575e-07,0.221853,4.99977,999.531,5.52889
0.000808806,1005.9,1.74804e-07,0.221507,4.99977,999.531,5.52889
0.000809006,1005.89,1.75032e-07,0.221162,4.99977,999.532,5.52889
0.000809206,1005.89,1.75223e-07,0.220817,4.99977,999.532,5.52889
0.000809406,1005.89,1.75413e-07,0.220472,4.99977,999.532,5.52889
0.000809606,1005.88,1.75631e-07,0.220127,4.99977,999.533,5.52889
0.000809806,1005.88,1.75852e-07,0.219782,4.99977,999.533,5.52889
0.000810006,1005.88,1.7605e-07,0.219438,4.99977,999.533,5.52889
0.000810206,1005.87,1.76245e-07,0.219093,4.99977,999.534,5.52889
0.000810406,1005.87,1.76456e-07,0.218749,4.99977,999.534,5.52889
0.000810606,1005.87,1.7667e-07,0.218405,4.99977,999.534,5.52889
0.000810806,1005.86,1.76871e-07,0.218061,4.99977,999.535,5.52889
0.000811006,1005.86,1.7707e-07,0.217718,4.99977,999.535,5.52889
0.000811206,1005.86,1.77276e-07,0.217374,4.99977,999.535,5.52889
0.000811406,1005.85,1.77488e-07,0.217031,4.99977,999.536,5.52889
0.000811606,1005.85,1.77691e-07,0.216688,4.99977,999.536,5.52889
0.000811806,1005.85,1.77889e-07,0.216345,4.99977,999.536,5.52889
0.000812006,1005.84,1.78094e-07,0.216002,4.99977,999.536,5.52889
0.000812206,1005.84,1.78302e-07,0.21566,4.99977,999.537,5.52889
0.000812406,1005.84,1.78504e-07,0.215317,4.99977,999.537,5.52889
0.000812606,1005.83,1.78704e-07,0.214975,4.99977,999.537,5.52889
0.000812806,1005.83,1.78907e-07,0.214633,4.99977,999.538,5.52889
0.000813006,1005.83,1.79112e-07,0.214291,4.99977,999.538,5.52889
0.000813206,1005.82,1.79315e-07,0.21395,4.99977,999.538,5.52889
0.000813406,1005.82,1.79513e-07,0.213608,4.99977,999.539,5.52889
0.000813606,1005.82,1.79714e-07,0.213267,4.99977,999.539,5.52889
0.000813806,1005.81,1.79918e-07,0.212926,4.99977,999.539,5.52889
0.000814006,1005.81,1.8012e-07,0.212585,4.99977,999.54,5.52889
0.000814206,1005.81,1.80317e-07,0.212244,4.99977,999.54,5.52889
0.000814406,1005.8,1.80516e-07,0.211904,4.99977,999.54,5.52889
0.000814606,1005.8,1.8072e-07,0.211563,4.99977,999.541,5.52889
0.000814806,1005.8,1.80919e-07,0.211223,4.99977,999.541,5.52889
0.000815006,1005.79,1.81117e-07,0.210883,4.99977,999.541,5.52889
0.000815206,1005.79,1.81315e-07,0.210543,4.99977,999.542,5.52889
0.000815406,1005.79,1.81514e-07,0.210204,4.99977,999.542,5.52889
0.000815606,1005.78,1.81714e-07,0.209864,4.99977,999.542,5.52889
0.000815806,1005.78,1.81911e-07,0.209525,4.99977,999.542,5.52889
0.000816006,1005.78,1.82107e-07,0.209186,4.99977,999.543,5.52889
0.000816206,1005.77,1.82304e-07,0.208847,4.99977,999.543,5.52889
0.000816406,1005.77,1.82503e-07,0.208508,4.99977,999.543,5.52889
0.000816606,1005.77,1.82698e-07,0.20817,4.99977,999.544,5.52889
0.000816806,1005.76,1.82893e-07,0.207831,4.99977,999.544,5.52889
0.000817006,1005.76,1.83089e-07,0.207493,4.99977,999.544,5.52889
0.000817206,1005.75,1.83286e-07,0.207155,4.99977,999.545,5.52889
0.000817406,1005.75,1.83479e-07,0.206818,4.99977,999.545,5.52889
0.000817606,1005.75,1.83672e-07,0.20648,4.99977,999.545,5.52889
0.000817806,1005.74,1.83867e-07,0.206142,4.99977,999.546,5.52889
0.000818006,1005.74,1.84063e-07,0.205805,4.99977,999.546,5.52889
0.000818206,1005.74,1.84256e-07,0.205468,4.99977,999.546,5.52889
0.000818406,1005.73,1.84446e-07,0.205131,4.99977,999.547,5.52889
0.000818606,1005.73,1.84639e-07,0.204795,4.99977,999.547,5.52889
0.000818806,1005.73,1.84832e-07,0.204458,4.99977,999.547,5.52889
0.000819006,1005.72,1.85025e-07,0.204122,4.99977,999.547,5.52889
0.000819206,1005.72,1.85215e-07,0.203786,4.99977,999.548,5.52889
0.000819406,1005.72,1.85405e-07,0.20345,4.99977,999.548,5.52889
0.000819606,1005.71,1.85595e-07,0.203114,4.99977,999.548,5.52889
0.000819806,1005.71,1.85785e-07,0.202778,4.99977,999.549,5.52889
0.000820006,1005.71,1.85975e-07,0.202443,4.99977,999.549,5.52889
0.000820206,1005.7,1.86162e-07,0.202108,4.99977,999.549,5.52889
0.000820406,1005.7,1.86352e-07,0.201773,4.99977,999.55,5.52889
0.000820606,1005.7,1.86541e-07,0.201438,4.99977,999.55,5.52889
0.000820806,1005.69,1.86728e-07,0.201103,4.99977,999.55,5.52889
0.000821006,1005.69,1.86915e-07,0.200769,4.99977,999.551,5.52889
0.000821206,1005.69,1.87103e-07,0.200435,4.99977,999.551,5.52889
0.000821406,1005.68,1.87287e-07,0.200101,4.99977,999.551,5.52889
0.000821606,1005.68,1.87473e-07,0.199767,4.99977,999.551,5.52889
0.000821806,1005.68,1.8766e-07,0.199433,4.99977,999.552,5.52889
0.000822006,1005.67,1.87844e-07,0.199099,4.99977,999.552,5.52889
0.000822206,1005.67,1.88027e-07,0.198766,4.99977,999.552,5.52889
0.000822406,1005.67,1.88212e-07,0.198433,4.99977,999.553,5.52889
0.000822606,1005.66,1.88395e-07,0.1981,4.99977,999.553,5.52889
0.000822806,1005.66,1.88578e-07,0.197767,4.99977,999.553,5.52889
0.000823006,1005.66,1.8876e-07,0.197435,4.99977,999.554,5.52889
0.000823206,1005.65,1.88941e-07,0.197102,4.99977,999.554,5.52889
0.000823406,1005.65,1.89125e-07,0.19677,4.99977,999.554,5.52889
0.000823606,1005.65,1.89304e-07,0.196438,4.99977,999.555,5.52889
0.000823806,1005.64,1.89483e-07,0.196106,4.99977,999.555,5.52889
0.000824006,1005.64,1.89665e-07,0.195774,4.99977,999.555,5.52889
0.000824206,1005.64,1.89844e-07,0.195443,4.99977,999.555,5.52889
0.000824406,1005.63,1.90021e-07,0.195112,4.99977,999.556,5.52889
0.000824606,1005.63,1.90198e-07,0.19478,4.99977,999.556,5.52889
0.000824806,1005.63,1.90379e-07,0.194449,4.99977,999.556,5.52889
0.000825006,1005.62,1.90557e-07,0.194119,4.99977,999.557,5.52889
0.000825206,1005.62,1.90731e-07,0.193788,4.99977,999.557,5.52889
0.000825406,1005.62,1.90905e-07,0.193458,4.99977,999.557,5.52889
0.000825606,1005.61,1.91083e-07,0.193128,4.99977,999.558,5.52889
0.000825806,1005.61,1.91259e-07,0.192798,4.99977,999.558,5.52889
0.000826006,1005.61,1.91434e-07,0.192468,4.99977,999.558,5.52889
0.000826206,1005.6,1.91606e-07,0.192138,4.99977,999.559,5.52889
0.000826406,1005.6,1.91779e-07,0.191809,4.99977,999.559,5.52889
0.000826606,1005.6,1.91953e-07,0.191479,4.99977,999.559,5.52889
0.000826806,1005.59,1.92125e-07,0.19115,4.99977,999.559,5.52889
0.000827006,1005.59,1.92294e-07,0.190822,4.99977,999.56,5.52889
0.000827206,1005.59,1.92465e-07,0.190493,4.99977,999.56,5.52889
0.000827406,1005.58,1.92638e-07,0.190164,4.99977,999.56,5.52889
0.000827606,1005.58,1.9281e-07,0.189836,4.99977,999.561,5.52889
0.000827806,1005.58,1.92975e-07,0.189508,4.99977,999.561,5.52889
0.000828006,1005.57,1.93144e-07,0.18918,4.99977,999.561,5.52889
0.000828206,1005.57,1.93314e-07,0.188852,4.99977,999.562,5.52889
0.000828406,1005.57,1.93481e-07,0.188525,4.99977,999.562,5.52889
0.000828606,1005.56,1.93646e-07,0.188197,4.99977,999.562,5.52889
0.000828806,1005.56,1.93812e-07,0.18787,4.99977,999.562,5.52889
0.000829006,1005.56,1.93979e-07,0.187543,4.99977,999.563,5.52889
0.000829206,1005.55,1.94144e-07,0.187216,4.99977,999.563,5.52889
0.000829406,1005.55,1.94309e-07,0.18689,4.99977,999.563,5.52889
0.000829606,1005.55,1.94472e-07,0.186563,4.99977,999.564,5.52889
0.000829806,1005.54,1.94635e-07,0.186237,4.99977,999.564,5.52889
0.000830006,1005.54,1.94798e-07,0.185911,4.99977,999.564,5.52889
0.000830206,1005.54,1.9496e-07,0.185585,4.99977,999.565,5.52889
0.000830406,1005.53,1.9512e-07,0.185259,4.99977,999.565,5.52889
0.000830606,1005.53,1.9528e-07,0.184934,4.99977,999.565,5.52889
0.000830806,1005.53,1.95442e-07,0.184608,4.99977,999.565,5.52889
0.000831006,1005.52,1.95601e-07,0.184283,4.99977,999.566,5.52889
0.000831206,1005.52,1.95759e-07,0.183958,4.99977,999.566,5.52889
0.000831406,1005.52,1.95916e-07,0.183633,4.99977,999.566,5.52889
0.000831606,1005.52,1.96075e-07,0.183309,4.99977,999.567,5.52889
0.000831806,1005.51,1.96232e-07,0.182984,4.99977,999.567,5.52889
0.000832006,1005.51,1.96386e-07,0.18266,4.99977,999.567,5.52889
0.000832206,1005.51,1.96542e-07,0.182336,4.99977,999.568,5.52889
0.000832406,1005.5,1.96697e-07,0.182012,4.99977,999.568,5.52889
0.000832606,1005.5,1.96851e-07,0.181689,4.99977,999.568,5.52889
0.000832806,1005.5,1.97004e-07,0.181365,4.99977,999.568,5.52889
0.000833006,1005.49,1.97155e-07,0.181042,4.99977,999.569,5.52889
0.000833206,1005.49,1.97309e-07,0.180719,4.99977,999.569,5.52889
0.000833406,1005.49,1.9746e-07,0.180396,4.99977,999.569,5.52889
0.000833606,1005.48,1.97609e-07,0.180073,4.99977,999.57,5.52889
0.000833806,1005.48,1.97759e-07,0.179751,4.99977,999.57,5.52889
0.000834006,1005.48,1.97909e-07,0.179428,4.99977,999.57,5.52889
0.000834209,1005.47,1.9806e-07,0.179101,4.99977,999.57,5.52889
0.000834409,1005.47,1.98206e-07,0.178779,4.99977,999.571,5.52889
0.000834609,1005.47,1.98353e-07,0.178457,4.99977,999.571,5.52889
0.000834809,1005.46,1.98499e-07,0.178136,4.99977,999.571,5.52889
0.000835009,1005.46,1.98646e-07,0.177814,4.99977,999.572,5.52889
0.000835209,1005.46,1.98791e-07,0.177493,4.99977,999.572,5.52889
0.000835409,1005.45,1.98932e-07,0.177172,4.99977,999.572,5.52889
0.000835609,1005.45,1.99075e-07,0.176851,4.99977,999.573,5.52889
0.000835809,1005.45,1.9922e-07,0.176531,4.99977,999.573,5.52889
0.000836009,1005.44,1.99362e-07,0.17621,4.99977,999.573,5.52889
0.000836209,1005.44,1.99501e-07,0.17589,4.99977,999.573,5.52889
0.000836409,1005.44,1.9964e-07,0.17557,4.99977,999.574,5.52889
0.000836601,0.890148,0.440377,0.17355,4.99977,999.573,5.52889
0.000836819,1.39382,0.685597,0.153506,4.99977,999.554,5.52889
0.000837019,1.73822,0.854971,0.151125,4.99977,999.531,5.52889
0.000837219,2.08242,1.02425,0.149411,4.99977,999.503,5.52889
0.000837419,2.42649,1.19346,0.147748,4.99977,999.47,5.52889
0.000837619,2.77043,1.36261,0.146105,4.99977,999.432,5.52889
0.000837813,3.10392,1.52662,0.144529,4.99977,999.39,5.52889
0.000838005,1248.48,0.338742,0.174267,4.99977,999.378,5.52889
0.000838201,817.01,0.176029,0.21137,4.99977,999.382,5.52889
0.000838407,809.237,-0.148298,0.219182,4.99977,999.382,5.52889
0.000838606,1064.79,-0.272696,0.217493,4.99977,999.381,5.52889
0.0008388,1228.16,0.0272897,0.213457,4.99977,999.38,5.52889
0.000839004,1072.8,0.262027,0.217366,4.99977,999.382,5.52889
0.000839206,836.075,0.168258,0.226252,4.99977,999.384,5.52889
0.000839407,827.266,-0.146797,0.232145,4.99977,999.384,5.52889
0.000839602,1088.03,-0.243938,0.22976,4.99977,999.383,5.52889
0.000839803,1214.29,0.0198175,0.226835,4.99977,999.382,5.52889
0.000840005,1063.89,0.246297,0.230519,4.99977,999.384,5.52889
0.000840209,849.902,0.160567,0.23867,4.99977,999.386,5.52889
0.000840408,842.709,-0.14284,0.244229,4.99977,999.386,5.52889
0.000840601,1098.1,-0.21832,0.241565,4.99977,999.385,5.52889
0.000840805,1200.2,0.0188663,0.23933,4.99977,999.384,5.52889
0.000841002,1037.51,0.235677,0.243167,4.99977,999.386,5.52889
0.000841209,855.604,0.140825,0.250567,4.99977,999.388,5.52889
0.000841406,866.253,-0.151769,0.255442,4.99977,999.388,5.52889
0.000841602,1098.19,-0.1982,0.252899,4.99977,999.387,5.52889
0.000841806,1186.18,0.0219159,0.251008,4.99977,999.387,5.52889
0.000842005,1038.77,0.217949,0.254574,4.99977,999.388,5.52889
0.000842206,852.215,0.102542,0.262053,4.99977,999.39,5.52889
0.000842405,886.601,-0.153992,0.265928,4.99977,999.39,5.52889
0.000842607,1081.64,-0.190088,0.264034,4.99977,999.389,5.52889
0.000842805,1169.82,0.0448748,0.261775,4.99977,999.389,5.52889
0.000843005,1023.73,0.203779,0.265552,4.99977,999.39,5.52889
0.000843208,861.974,0.0898014,0.272341,4.99977,999.392,5.52889
0.000843402,915.62,-0.162617,0.275556,4.99977,999.392,5.52889
0.000843605,1095.27,-0.161743,0.273509,4.99977,999.391,5.52889
0.000843801,1149.95,0.0723643,0.271871,4.99977,999.391,5.52889
0.000844003,999.78,0.189073,0.276026,4.99977,999.393,5.52889
0.000844204,863.328,0.0519148,0.282331,4.99977,999.394,5.52889
0.000844405,924.119,-0.15149,0.284837,4.99977,999.394,5.52889
0.000844608,1088.02,-0.149861,0.283011,4.99977,999.393,5.52889
0.000844804,1138.62,0.068457,0.28149,4.99977,999.393,5.52889
0.000845005,997.873,0.174474,0.285406,4.99977,999.395,5.52889
0.0008452,869.699,0.0190041,0.291526,4.99977,999.396,5.52889
0.000845407,932.075,-0.141222,0.293502,4.99977,999.396,5.52889
0.000845601,1108.19,-0.109672,0.290896,4.99977,999.395,5.52889
0.000845806,1127.57,0.0664094,0.290458,4.99977,999.395,5.52889
0.000846002,979.858,0.157877,0.294511,4.99977,999.397,5.52889
0.000846203,880.194,0.0165464,0.299782,4.99977,999.398,5.52889
0.000846403,959.945,-0.144957,0.301199,4.99977,999.398,5.52889
0.000846603,1101.9,-0.0992707,0.299164,4.99977,999.397,5.52889
0.000846801,1106.01,0.0885588,0.298778,4.99977,999.398,5.52889
0.000847005,980.736,0.145438,0.302616,4.99977,999.399,5.52889
0.000847201,889.403,-0.00460882,0.307636,4.99977,999.4,5.52889
0.000847405,966.383,-0.135213,0.308733,4.99977,999.4,5.52889
0.000847608,1092.37,-0.0949311,0.307016,4.99977,999.399,5.52889
0.000847804,1097.16,0.0840663,0.30658,4.99977,999.4,5.52889
0.000848001,964.039,0.126806,0.310577,4.99977,999.401,5.52889
0.000848204,898.538,-0.00575405,0.31479,4.99977,999.402,5.52889
0.000848407,971.158,-0.125572,0.315769,4.99977,999.402,5.52889
0.000848601,1100.75,-0.061066,0.313563,4.99977,999.401,5.52889
0.000848805,1088.21,0.0810253,0.313838,4.99977,999.402,5.52889
0.000849004,966.934,0.116819,0.317545,4.99977,999.403,5.52889
0.000849201,908.867,-0.0251365,0.321542,4.99977,999.404,5.52889
0.000849401,996.989,-0.122564,0.321832,4.99977,999.404,5.52889
0.000849604,1093.58,-0.0564542,0.320317,4.99977,999.403,5.52889
0.00084981,1084.03,0.0715355,0.320573,4.99977,999.404,5.52889
0.00085,955.21,0.0978929,0.324392,4.99977,999.405,5.52889
0.000850204,916.433,-0.0228599,0.3277,4.99977,999.406,5.52889
0.000850404,996.361,-0.112913,0.328009,4.99977,999.406,5.52889
0.000850606,1087.83,-0.0501156,0.326538,4.99977,999.406,5.52889
0.000850811,1076.07,0.0694401,0.326828,4.99977,999.406,5.52889
0.000851003,958.41,0.0896637,0.330377,4.99977,999.407,5.52889
0.000851207,923.492,-0.0212199,0.333411,4.99977,999.408,5.52889
0.000851401,1011.46,-0.104935,0.333352,4.99977,999.408,5.52889
0.000851601,1087.6,-0.0269076,0.331979,4.99977,999.408,5.52889
0.000851802,1052.24,0.0851529,0.332761,4.99977,999.408,5.52889
0.000852006,962.276,0.0828067,0.335894,4.99977,999.409,5.52889
0.000852202,934.298,-0.0374345,0.338739,4.99977,999.41,5.52889
0.000852404,1011.06,-0.0968572,0.338649,4.99977,999.41,5.52889
0.000852604,1081.45,-0.0248945,0.337381,4.99977,999.41,5.52889
0.000852805,1048.92,0.0785057,0.338102,4.99977,999.41,5.52889
0.000853009,965.843,0.0764739,0.340994,4.99977,999.411,5.52889
0.000853205,939.912,-0.0343817,0.343622,4.99977,999.412,5.52889
0.000853407,1010.7,-0.0893985,0.343542,4.99977,999.412,5.52889
0.000853601,1077.87,-0.00904243,0.342155,4.99977,999.412,5.52889
0.000853808,1045.86,0.07237,0.343032,4.99977,999.412,5.52889
0.000854002,956.15,0.0565309,0.346084,4.99977,999.413,5.52889
0.000854208,945.096,-0.0315662,0.348125,4.99977,999.414,5.52889
0.000854403,1022.2,-0.0806029,0.347737,4.99977,999.414,5.52889
0.000854604,1072.47,-0.00840742,0.346769,4.99977,999.414,5.52889
0.000854801,1029.15,0.0754142,0.347759,4.99977,999.414,5.52889
0.000855005,960.21,0.0522771,0.350387,4.99977,999.415,5.52889
0.000855201,957.421,-0.0459493,0.352226,4.99977,999.416,5.52889
0.000855406,1020.99,-0.0744132,0.351911,4.99977,999.416,5.52889
0.000855601,1067.75,0.00384601,0.350866,4.99977,999.416,5.52889
0.000855804,1027.6,0.0695563,0.351919,4.99977,999.416,5.52889
0.000856008,963.957,0.0483487,0.354339,4.99977,999.417,5.52889
0.000856205,961.183,-0.0421886,0.356036,4.99977,999.418,5.52889
0.000856402,1028.98,-0.0652006,0.355477,4.99977,999.418,5.52889
0.000856604,1063.13,0.00349126,0.354769,4.99977,999.418,5.52889
0.000856808,1026.16,0.064149,0.355733,4.99977,999.418,5.52889
0.000857002,960.07,0.0317481,0.358219,4.99977,999.419,5.52889
0.000857208,964.657,-0.0387194,0.359523,4.99977,999.42,5.52889
0.000857405,1027.27,-0.0602045,0.359001,4.99977,999.42,5.52889
0.000857601,1057.83,0.0133007,0.358243,4.99977,999.42,5.52889
0.000857801,1013.04,0.062602,0.35942,4.99977,999.421,5.52889
0.000858005,963.805,0.0294161,0.361506,4.99977,999.421,5.52889
0.000858211,967.865,-0.0355192,0.362705,4.99977,999.422,5.52889
0.000858401,1034.15,-0.0501263,0.361949,4.99977,999.422,5.52889
0.000858604,1053.98,0.0122104,0.361507,4.99977,999.422,5.52889
0.000858804,1012.71,0.0577583,0.362583,4.99977,999.423,5.52889
0.000859008,967.252,0.0272627,0.364498,4.99977,999.423,5.52889
0.000859201,980.731,-0.0452284,0.365465,4.99977,999.424,5.52889
0.000859404,1032.04,-0.0463128,0.364893,4.99977,999.424,5.52889
0.000859607,1050.42,0.0112047,0.364473,4.99977,999.424,5.52889
0.000859801,1005.2,0.0535577,0.365596,4.99977,999.425,5.52889
0.000860002,966.969,0.0149414,0.367368,4.99977,999.425,5.52889
0.000860205,982.67,-0.0415961,0.368097,4.99977,999.426,5.52889
0.000860407,1030.1,-0.0427921,0.367559,4.99977,999.426,5.52889
0.000860602,1044.83,0.01959,0.3671,4.99977,999.426,5.52889
0.000860804,1005.47,0.0494256,0.368182,4.99977,999.427,5.52889
0.000861005,970.162,0.0139592,0.369805,4.99977,999.427,5.52889
0.000861208,984.436,-0.0382199,0.370471,4.99977,999.427,5.52889
0.00086141,1028.28,-0.0395611,0.369962,4.99977,999.428,5.52889
0.000861605,1042.01,0.0179424,0.369525,4.99977,999.428,5.52889
0.000861807,1005.74,0.0456113,0.370508,4.99977,999.428,5.52889
0.000862002,971.877,0.00608008,0.372075,4.99977,999.429,5.52889
0.000862201,993.814,-0.040753,0.37246,4.99977,999.429,5.52889
0.000862402,1034.03,-0.0286273,0.371849,4.99977,999.429,5.52889
0.000862608,1039.41,0.0164181,0.371698,4.99977,999.43,5.52889
0.000862803,1000.01,0.0410739,0.37272,4.99977,999.43,5.52889
0.000863006,974.679,0.00584957,0.374021,4.99977,999.431,5.52889
0.000863204,994.71,-0.0375034,0.374369,4.99977,999.431,5.52889
0.000863405,1031.94,-0.0264983,0.37379,4.99977,999.431,5.52889
0.000863603,1033.88,0.022299,0.373617,4.99977,999.432,5.52889
0.000863805,1000.35,0.0378294,0.374567,4.99977,999.432,5.52889
0.000864002,976.923,-0.000753977,0.375805,4.99977,999.433,5.52889
0.000864207,995.639,-0.034562,0.376055,4.99977,999.433,5.52889
0.000864408,1029.83,-0.024777,0.375513,4.99977,999.433,5.52889
0.000864606,1032,0.0202989,0.37533,4.99977,999.434,5.52889
0.000864802,996.303,0.0330201,0.376302,4.99977,999.434,5.52889
0.000865005,979.302,-0.00051105,0.377315,4.99977,999.435,5.52889
0.000865208,997.786,-0.0325179,0.377507,4.99977,999.435,5.52889
0.000865404,1031.04,-0.0180069,0.376892,4.99977,999.435,5.52889
0.000865607,1029.25,0.0202912,0.376831,4.99977,999.436,5.52889
0.000865806,997.938,0.0308466,0.377692,4.99977,999.436,5.52889
0.000866001,981.921,-0.00595237,0.378664,4.99977,999.437,5.52889
0.000866201,1004.55,-0.031868,0.378661,4.99977,999.437,5.52889
0.000866404,1030.17,-0.0146216,0.37816,4.99977,999.437,5.52889
0.000866611,1028.16,0.0177145,0.378129,4.99977,999.438,5.52889
0.000866807,997.984,0.0281091,0.378926,4.99977,999.438,5.52889
0.000867005,983.824,-0.0048313,0.379784,4.99977,999.439,5.52889
0.000867205,1004.58,-0.0293687,0.379772,4.99977,999.439,5.52889
0.000867407,1028.39,-0.0135702,0.379288,4.99977,999.439,5.52889
0.0008676,1020.93,0.0234759,0.379282,4.99977,999.44,5.52889
0.000867803,994.934,0.0233762,0.38006,4.99977,999.44,5.52889
0.000868007,985.804,-0.00546197,0.380736,4.99977,999.441,5.52889
0.000868201,1008.69,-0.0273198,0.380609,4.99977,999.441,5.52889
0.000868402,1028.46,-0.00736557,0.38014,4.99977,999.441,5.52889
0.000868603,1019.98,0.0215979,0.380211,4.99977,999.442,5.52889
0.000868806,995.939,0.0215895,0.380909,4.99977,999.442,5.52889
0.000869002,988.583,-0.00962959,0.381529,4.99977,999.443,5.52889
0.000869204,1008.56,-0.0252119,0.38138,4.99977,999.443,5.52889
0.000869405,1026.84,-0.0068355,0.380927,4.99977,999.443,5.52889
0.000869606,1019.1,0.0198643,0.38097,4.99977,999.443,5.52889
0.000869809,996.865,0.0199407,0.381595,4.99977,999.444,5.52889
0.000870005,990.033,-0.00881656,0.382148,4.99977,999.444,5.52889
0.000870207,1008.44,-0.0232667,0.381991,4.99977,999.445,5.52889
0.000870401,1025.94,-0.00275509,0.381501,4.99977,999.445,5.52889
0.000870609,1018.33,0.0182259,0.38157,4.99977,999.445,5.52889
0.000870802,994.387,0.014842,0.382232,4.99977,999.446,5.52889
0.000871008,991.344,-0.00798237,0.382617,4.99977,999.446,5.52889
0.000871202,1011.46,-0.0209735,0.382375,4.99977,999.447,5.52889
0.000871404,1024.51,-0.00265155,0.38198,4.99977,999.447,5.52889
0.000871603,1014.01,0.0192611,0.382072,4.99977,999.447,5.52889
0.000871805,995.508,0.0138296,0.382608,4.99977,999.448,5.52889
0.000872002,994.336,-0.0114613,0.382943,4.99977,999.448,5.52889
0.000872206,1010.99,-0.0193967,0.382705,4.99977,999.448,5.52889
0.000872402,1023.33,0.000276969,0.382284,4.99977,999.449,5.52889
0.000872607,1014.02,0.0174976,0.382369,4.99977,999.449,5.52889
0.000872801,994.947,0.0103638,0.382906,4.99977,999.45,5.52889
0.00087301,994.371,-0.00846877,0.383141,4.99977,999.45,5.52889
0.000873202,1013,-0.0170298,0.382835,4.99977,999.45,5.52889
0.000873401,1021.99,0.00207515,0.38247,4.99977,999.451,5.52889
0.000873605,1011.79,0.0169212,0.382572,4.99977,999.451,5.52889
0.0008738,995.167,0.00786581,0.383049,4.99977,999.452,5.52889
0.000874011,995.905,-0.00888408,0.383207,4.99977,999.452,5.52889
0.000874201,1013.85,-0.0149646,0.382869,4.99977,999.452,5.52889
0.000874401,1020.68,0.00327764,0.382536,4.99977,999.453,5.52889
0.000874603,1009.87,0.0160579,0.382648,4.99977,999.453,5.52889
0.000874808,996.969,0.00897001,0.382997,4.99977,999.453,5.52889
0.000875009,997.602,-0.0095908,0.383152,4.99977,999.454,5.52889
0.000875202,1013.96,-0.0133617,0.382804,4.99977,999.454,5.52889
0.000875403,1019.56,0.00342177,0.38249,4.99977,999.454,5.52889
0.000875607,1009.74,0.0147621,0.38257,4.99977,999.455,5.52889
0.000875803,996.632,0.00548555,0.382924,4.99977,999.455,5.52889
0.000876001,1000.92,-0.0118659,0.382963,4.99977,999.456,5.52889
0.000876206,1013.31,-0.0123901,0.382648,4.99977,999.456,5.52889
0.000876406,1018.62,0.00305217,0.382332,4.99977,999.456,5.52889
0.000876604,1007.83,0.0137997,0.382419,4.99977,999.457,5.52889
0.000876801,997.032,0.00323185,0.382713,4.99977,999.457,5.52889
0.000877007,1000.83,-0.0103296,0.382702,4.99977,999.458,5.52889
0.000877203,1014.22,-0.0102463,0.38234,4.99977,999.458,5.52889
0.000877405,1017.42,0.0041919,0.38206,4.99977,999.458,5.52889
0.000877603,1006.77,0.0126533,0.382147,4.99977,999.459,5.52889
0.000877801,997.725,0.00207019,0.382381,4.99977,999.459,5.52889
0.000878007,1002.1,-0.0101746,0.382324,4.99977,999.459,5.52889
0.000878204,1014.28,-0.0087716,0.381956,4.99977,999.46,5.52889
0.000878404,1016.16,0.00524886,0.381691,4.99977,999.46,5.52889
0.000878602,1005.75,0.0114522,0.381775,4.99977,999.46,5.52889
0.0008788,998.394,0.000648661,0.381955,4.99977,999.461,5.52889
0.000879005,1003.59,-0.010125,0.381846,4.99977,999.461,5.52889
0.000879201,1014.62,-0.0068642,0.381468,4.99977,999.462,5.52889
0.000879405,1015.23,0.00538921,0.381229,4.99977,999.462,5.52889
0.000879605,1005.81,0.0105049,0.381282,4.99977,999.462,5.52889
0.000879804,999.13,0.000583712,0.38142,4.99977,999.463,5.52889
0.000880009,1003.73,-0.00919487,0.381296,4.99977,999.463,5.52889
0.000880207,1013.72,-0.00678011,0.380932,4.99977,999.463,5.52889
0.000880402,1013.82,0.00635726,0.380682,4.99977,999.464,5.52889
0.000880604,1005.06,0.00934793,0.380724,4.99977,999.464,5.52889
0.000880804,999.801,-0.000236366,0.380808,4.99977,999.465,5.52889
0.000881009,1004.66,-0.0088047,0.38065,4.99977,999.465,5.52889
0.000881207,1013.62,-0.00560142,0.380284,4.99977,999.465,5.52889
0.000881413,1014.06,0.00443322,0.380035,4.99977,999.466,5.52889
0.000881605,1004.85,0.00839895,0.380067,4.99977,999.466,5.52889
0.000881802,1000.55,-0.00164359,0.380121,4.99977,999.466,5.52889
0.000882002,1006.65,-0.00867536,0.379906,4.99977,999.467,5.52889
0.000882201,1013.96,-0.00326819,0.379541,4.99977,999.467,5.52889
0.000882407,1012.56,0.00572544,0.379327,4.99977,999.467,5.52889
0.000882601,1003.9,0.00695584,0.379357,4.99977,999.468,5.52889
0.000882805,1001.13,-0.00161154,0.379342,4.99977,999.468,5.52889
0.000883007,1006.59,-0.00793665,0.379119,4.99977,999.469,5.52889
0.000883205,1013.42,-0.00300357,0.378754,4.99977,999.469,5.52889
0.000883409,1012.02,0.00540175,0.378532,4.99977,999.469,5.52889
0.000883605,1004.17,0.00636067,0.378533,4.99977,999.47,5.52889
0.000883803,1001.89,-0.00255492,0.3785,4.99977,999.47,5.52889
0.000884004,1007.66,-0.00736757,0.378242,4.99977,999.47,5.52889
0.000884202,1013.21,-0.00164226,0.377884,4.99977,999.471,5.52889
0.000884405,1010.82,0.00582735,0.37768,4.99977,999.471,5.52889
0.000884605,1004.04,0.00547361,0.377653,4.99977,999.471,5.52889
0.000884803,1002.54,-0.00290828,0.377585,4.99977,999.472,5.52889
0.000885008,1007.65,-0.00674833,0.377314,4.99977,999.472,5.52889
0.000885206,1012.71,-0.00156025,0.37696,4.99977,999.473,5.52889
0.000885407,1010.25,0.00556157,0.37675,4.99977,999.473,5.52889
0.00088561,1004.41,0.00507973,0.376686,4.99977,999.473,5.52889
0.000885806,1003.05,-0.00286944,0.376601,4.99977,999.474,5.52889
0.000886006,1008.44,-0.0060551,0.37631,4.99977,999.474,5.52889
0.000886204,1012.37,-0.000378144,0.375964,4.99977,999.474,5.52889
0.000886401,1008.85,0.00569944,0.375779,4.99977,999.475,5.52889
0.000886605,1003.87,0.00366456,0.375698,4.99977,999.475,5.52889
0.000886811,1003.43,-0.00260006,0.375554,4.99977,999.475,5.52889
0.000887003,1009.14,-0.00523529,0.375246,4.99977,999.476,5.52889
0.000887203,1011.92,0.000449328,0.374913,4.99977,999.476,5.52889
0.000887406,1008.73,0.00518774,0.374717,4.99977,999.477,5.52889
0.000887609,1004.11,0.00322708,0.374617,4.99977,999.477,5.52889
0.000887805,1004.42,-0.00352176,0.374459,4.99977,999.477,5.52889
0.000888007,1009.11,-0.00470599,0.374139,4.99977,999.478,5.52889
0.000888202,1011.41,0.001177,0.373809,4.99977,999.478,5.52889
0.000888404,1007.9,0.00489922,0.373621,4.99977,999.478,5.52889
0.000888607,1004.03,0.00219735,0.3735,4.99977,999.479,5.52889
0.000888801,1005.27,-0.00385859,0.373306,4.99977,999.479,5.52889
0.000889004,1009.58,-0.00385518,0.372971,4.99977,999.479,5.52889
0.000889202,1010.89,0.00166589,0.372654,4.99977,999.48,5.52889
0.000889402,1007.22,0.00447166,0.37247,4.99977,999.48,5.52889
0.000889605,1004.1,0.00129288,0.372327,4.99977,999.48,5.52889
0.000889811,1005.17,-0.0032145,0.372098,4.99977,999.481,5.52889
0.000890005,1009.64,-0.00325883,0.37176,4.99977,999.481,5.52889
0.000890207,1010.56,0.00153579,0.371445,4.99977,999.482,5.52889
0.00089041,1007.42,0.00406541,0.371238,4.99977,999.482,5.52889
0.000890602,1004.27,0.000345882,0.371105,4.99977,999.482,5.52889
0.000890806,1006.05,-0.0034942,0.370846,4.99977,999.483,5.52889
0.000891005,1009.76,-0.00253255,0.370501,4.99977,999.483,5.52889
0.00089121,1010.17,0.00161618,0.370189,4.99977,999.483,5.52889
0.000891406,1006.71,0.00356243,0.369996,4.99977,999.484,5.52889
0.000891604,1004.55,-8.58369e-05,0.369824,4.99977,999.484,5.52889
0.00089181,1006.32,-0.00323499,0.369547,4.99977,999.484,5.52889
0.000892009,1009.61,-0.00215733,0.369201,4.99977,999.485,5.52889
0.000892204,1009.41,0.00232234,0.368905,4.99977,999.485,5.52889
0.000892405,1006.31,0.0030047,0.3687,4.99977,999.485,5.52889
0.000892601,1004.92,-0.000851691,0.368507,4.99977,999.486,5.52889
0.000892801,1007.38,-0.00317808,0.368206,4.99977,999.486,5.52889
0.000893002,1009.79,-0.00101334,0.367859,4.99977,999.486,5.52889
0.000893208,1009.07,0.00224537,0.367564,4.99977,999.487,5.52889
0.000893407,1006.16,0.00253879,0.367353,4.99977,999.487,5.52889
0.000893606,1005.18,-0.000880938,0.367135,4.99977,999.488,5.52889
0.000893807,1007.45,-0.00285522,0.366826,4.99977,999.488,5.52889
0.000894004,1009.62,-0.000508272,0.366481,4.99977,999.488,5.52889
0.000894208,1008.59,0.00230186,0.366191,4.99977,999.489,5.52889
0.0008944,1005.7,0.00163427,0.365992,4.99977,999.489,5.52889
0.000894606,1005.56,-0.00125795,0.365733,4.99977,999.489,5.52889
0.00089481,1007.66,-0.00253244,0.365409,4.99977,999.49,5.52889
0.000895003,1009.4,7.23247e-05,0.365069,4.99977,999.49,5.52889
0.000895204,1007.91,0.00235311,0.364792,4.99977,999.49,5.52889
0.000895401,1005.68,0.00107944,0.36457,4.99977,999.491,5.52889
0.000895605,1005.98,-0.00153959,0.364294,4.99977,999.491,5.52889
0.000895811,1007.95,-0.00216038,0.363957,4.99977,999.491,5.52889
0.000896004,1009.11,0.000502478,0.363623,4.99977,999.492,5.52889
0.000896202,1007.39,0.00217026,0.363355,4.99977,999.492,5.52889
0.000896402,1005.73,0.00056684,0.363113,4.99977,999.492,5.52889
0.000896607,1006.36,-0.00164022,0.362818,4.99977,999.493,5.52889
0.000896811,1008.18,-0.00174177,0.362474,4.99977,999.493,5.52889
0.000897002,1008.74,0.00095574,0.362151,4.99977,999.493,5.52889
0.000897201,1006.98,0.00185944,0.361883,4.99977,999.494,5.52889
0.000897402,1005.86,4.68467e-05,0.361624,4.99977,999.494,5.52889
0.000897602,1006.93,-0.00174232,0.361315,4.99977,999.495,5.52889
0.000897802,1008.57,-0.00092988,0.360968,4.99977,999.495,5.52889
0.000898009,1008.5,0.000958644,0.360635,4.99977,999.495,5.52889
0.000898206,1006.84,0.00156554,0.360365,4.99977,999.496,5.52889
0.000898406,1006.04,-0.000231443,0.360095,4.99977,999.496,5.52889
0.000898601,1007.35,-0.00159706,0.359779,4.99977,999.496,5.52889
0.000898806,1008.49,-0.000565565,0.359427,4.99977,999.497,5.52889
0.000899009,1008.13,0.00113656,0.359103,4.99977,999.497,5.52889
0.00089921,1006.69,0.00123834,0.358821,4.99977,999.497,5.52889
0.000899408,1006.27,-0.000545342,0.358541,4.99977,999.498,5.52889
0.000899608,1007.45,-0.00138111,0.358209,4.99977,999.498,5.52889
0.000899803,1008.4,-1.82304e-05,0.357867,4.99977,999.498,5.52889
0.000900008,1007.71,0.00121401,0.357548,4.99977,999.499,5.52889
0.000900201,1006.39,0.000568083,0.357279,4.99977,999.499,5.52889
0.000900412,1006.48,-0.000690146,0.356955,4.99977,999.499,5.52889
0.00090061,1007.66,-0.00112077,0.356617,4.99977,999.5,5.52889
0.000900806,1008.21,0.000285239,0.356279,4.99977,999.5,5.52889
0.000901013,1007.48,0.00111168,0.355955,4.99977,999.5,5.52889
0.000901204,1006.43,0.000218865,0.355682,4.99977,999.501,5.52889
0.000901406,1006.88,-0.000935582,0.355358,4.99977,999.501,5.52889
0.000901607,1007.88,-0.000733789,0.355009,4.99977,999.501,5.52889
0.00090181,1008,0.000465161,0.354666,4.99977,999.502,5.52889
0.000902008,1007.07,0.000943638,0.354361,4.99977,999.502,5.52889
0.000902202,1006.53,-0.000164483,0.354068,4.99977,999.502,5.52889
0.000902416,1006.98,-0.000842942,0.353716,4.99977,999.503,5.52889
0.000902607,1007.92,-0.000385563,0.353377,4.99977,999.503,5.52889
0.00090281,1007.74,0.000637097,0.353039,4.99977,999.503,5.52889
0.000903006,1006.85,0.000659041,0.352736,4.99977,999.504,5.52889
0.000903208,1006.66,-0.000314088,0.352417,4.99977,999.504,5.52889
0.000903412,1007.29,-0.000787794,0.352071,4.99977,999.504,5.52889
0.000903601,1007.86,6.26883e-05,0.351736,4.99977,999.505,5.52889
0.00090381,1007.48,0.000684787,0.351391,4.99977,999.505,5.52889
0.000904002,1006.73,0.000303632,0.351092,4.99977,999.505,5.52889
0.000904206,1006.86,-0.000507968,0.350758,4.99977,999.506,5.52889
0.000904412,1007.46,-0.000618727,0.350401,4.99977,999.506,5.52889
0.000904604,1007.72,0.000256763,0.350066,4.99977,999.507,5.52889
0.000904803,1007.15,0.000626558,0.34974,4.99977,999.507,5.52889
0.000905,1006.74,2.00748e-07,0.349424,4.99977,999.507,5.52889
0.00090521,1007,-0.00052567,0.349069,4.99977,999.508,5.52889
0.000905408,1007.58,-0.000360902,0.348721,4.99977,999.508,5.52889
0.000905611,1007.59,0.000305749,0.348369,4.99977,999.508,5.52889
0.000905805,1007.02,0.000481872,0.348052,4.99977,999.509,5.52889
0.000906003,1006.81,-0.00015779,0.347726,4.99977,999.509,5.52889
0.000906209,1007.18,-0.000507608,0.347371,4.99977,999.509,5.52889
0.000906401,1007.6,-5.88387e-05,0.347029,4.99977,999.51,5.52889
0.000906601,1007.34,0.000447107,0.346688,4.99977,999.51,5.52889
0.000906801,1006.89,0.000262601,0.346358,4.99977,999.51,5.52889
0.000907003,1006.92,-0.000281415,0.346015,4.99977,999.511,5.52889
0.000907201,1007.35,-0.000387095,0.345666,4.99977,999.511,5.52889
0.000907405,1007.52,6.25282e-05,0.345306,4.99977,999.511,5.52889
0.000907605,1007.21,0.00040773,0.344966,4.99977,999.512,5.52889
0.000907804,1006.88,0.000113996,0.344633,4.99977,999.512,5.52889
0.000908015,1006.96,-0.0002681,0.344269,4.99977,999.512,5.52889
0.000908208,1007.37,-0.000287352,0.343925,4.99977,999.513,5.52889
0.0009084,1007.4,0.000220286,0.343586,4.99977,999.513,5.52889
0.000908606,1007.1,0.000338761,0.343234,4.99977,999.513,5.52889
0.000908805,1006.89,-1.72731e-05,0.342895,4.99977,999.514,5.52889
0.00090901,1007.08,-0.000313422,0.342537,4.99977,999.514,5.52889
0.000909206,1007.39,-0.000137703,0.342185,4.99977,999.514,5.52889
0.000909408,1007.32,0.000231591,0.34183,4.99977,999.515,5.52889
0.000909601,1006.98,0.00021494,0.3415,4.99977,999.515,5.52889
0.000909804,1006.94,-0.000130401,0.341148,4.99977,999.515,5.52889
0.000910004,1007.19,-0.000274149,0.340792,4.99977,999.516,5.52889
0.000910202,1007.36,1.02495e-05,0.340437,4.99977,999.516,5.52889
0.000910409,1007.21,0.000245813,0.340074,4.99977,999.516,5.52889
0.000910608,1006.96,0.000145329,0.339729,4.99977,999.517,5.52889
0.000910811,1006.98,-0.000154669,0.339373,4.99977,999.517,5.52889
0.000911009,1007.21,-0.000213828,0.339018,4.99977,999.517,5.52889
0.000911207,1007.3,6.82582e-05,0.338662,4.99977,999.518,5.52889
0.000911414,1007.14,0.000223741,0.338297,4.99977,999.518,5.52889
0.000911604,1006.94,2.36852e-05,0.337967,4.99977,999.518,5.52889
0.000911803,1007.06,-0.000201218,0.337613,4.99977,999.519,5.52889
0.000912009,1007.23,-0.00013249,0.337241,4.99977,999.519,5.52889
0.000912202,1007.22,0.00014254,0.336894,4.99977,999.519,5.52889
0.000912412,1007.05,0.000182987,0.336524,4.99977,999.52,5.52889
0.0009126,1006.96,-6.84154e-05,0.336191,4.99977,999.52,5.52889
0.000912815,1007.06,-0.000175188,0.335806,4.99977,999.52,5.52889
0.000913003,1007.23,-2.93129e-05,0.335465,4.99977,999.521,5.52889
0.000913209,1007.16,0.000144024,0.335095,4.99977,999.521,5.52889
0.000913408,1006.99,0.000115621,0.334743,4.99977,999.521,5.52889
0.000913602,1006.99,-0.000105954,0.334397,4.99977,999.522,5.52889
0.000913809,1007.11,-0.000147507,0.334023,4.99977,999.522,5.52889
0.000914003,1007.19,3.14861e-05,0.333669,4.99977,999.522,5.52889
0.000914212,1007.1,0.000140091,0.333293,4.99977,999.523,5.52889
0.000914406,1006.96,4.9157e-05,0.332947,4.99977,999.523,5.52889
0.000914612,1006.99,-0.000101992,0.332577,4.99977,999.523,5.52889
0.000914805,1007.13,-9.4302e-05,0.332226,4.99977,999.523,5.52889
0.000915008,1007.15,5.78101e-05,0.331856,4.99977,999.524,5.52889
0.000915208,1007.03,0.000120693,0.331497,4.99977,999.524,5.52889
0.0009154,1006.95,-2.29247e-05,0.331152,4.99977,999.524,5.52889
0.000915612,1007.01,-0.000108843,0.330767,4.99977,999.525,5.52889
0.000915803,1007.13,-4.00058e-05,0.330418,4.99977,999.525,5.52889
0.000916002,1007.09,9.24057e-05,0.330057,4.99977,999.525,5.52889
0.000916201,1006.97,7.5042e-05,0.329698,4.99977,999.526,5.52889
0.000916404,1006.96,-4.79477e-05,0.329331,4.99977,999.526,5.52889
0.000916601,1007.05,-9.52139e-05,0.32897,4.99977,999.526,5.52889
0.000916802,1007.1,5.41992e-06,0.328602,4.99977,999.527,5.52889
0.000917005,1007.04,8.98009e-05,0.328231,4.99977,999.527,5.52889
0.000917201,1006.95,3.54367e-05,0.327878,4.99977,999.527,5.52889
0.0009174,1006.97,-7.13928e-05,0.327515,4.99977,999.528,5.52889
0.000917604,1007.05,-7.14984e-05,0.32714,4.99977,999.528,5.52889
0.000917806,1007.07,2.55178e-05,0.32677,4.99977,999.528,5.52889
0.000918011,1007.01,8.02302e-05,0.326396,4.99977,999.529,5.52889
0.000918203,1006.94,7.38954e-06,0.326047,4.99977,999.529,5.52889
0.00091842,1006.95,-5.52138e-05,0.32565,4.99977,999.529,5.52889
0.000918603,1007.04,-4.02761e-05,0.325312,4.99977,999.53,5.52889
0.000918811,1007.04,3.8675e-05,0.32493,4.99977,999.53,5.52889
0.000919005,1006.96,6.10011e-05,0.324577,4.99977,999.53,5.52889
0.000919203,1006.93,-1.99376e-05,0.324215,4.99977,999.531,5.52889
0.000919408,1006.97,-6.40599e-05,0.323837,4.99977,999.531,5.52889
0.0009196,1007.02,-7.0395e-06,0.323482,4.99977,999.531,5.52889
0.000919808,1007,5.16232e-05,0.3231,4.99977,999.532,5.52889
0.000920001,1006.93,3.53731e-05,0.322746,4.99977,999.532,5.52889
0.000920204,1006.93,-3.36784e-05,0.322374,4.99977,999.532,5.52889
0.000920409,1006.97,-5.36277e-05,0.321995,4.99977,999.533,5.52889
0.000920602,1007,1.06211e-05,0.321639,4.99977,999.533,5.52889
0.000920813,1006.97,4.93293e-05,0.32125,4.99977,999.533,5.52889
0.000921005,1006.91,1.76313e-05,0.320899,4.99977,999.533,5.52889
0.00092121,1006.92,-3.66439e-05,0.320519,4.99977,999.534,5.52889
0.000921403,1006.97,-3.37099e-05,0.320162,4.99977,999.534,5.52889
0.000921607,1006.97,2.09325e-05,0.319786,4.99977,999.534,5.52889
0.000921805,1006.93,4.3257e-05,0.31942,4.99977,999.535,5.52889
0.000922004,1006.9,-1.98126e-06,0.319053,4.99977,999.535,5.52889
0.000922209,1006.92,-3.94466e-05,0.318674,4.99977,999.535,5.52889
0.000922401,1006.95,-1.39516e-05,0.318319,4.99977,999.536,5.52889
0.000922606,1006.94,2.9761e-05,0.317938,4.99977,999.536,5.52889
0.000922811,1006.9,3.38052e-05,0.31756,4.99977,999.536,5.52889
0.000923002,1006.89,-1.70432e-05,0.317207,4.99977,999.537,5.52889
0.000923215,1006.91,-3.54046e-05,0.316813,4.99977,999.537,5.52889
0.000923401,1006.93,1.67614e-06,0.316468,4.99977,999.537,5.52889
0.000923605,1006.91,3.18941e-05,0.316088,4.99977,999.538,5.52889
0.000923806,1006.88,1.80583e-05,0.315717,4.99977,999.538,5.52889
0.000924003,1006.88,-2.36109e-05,0.315353,4.99977,999.538,5.52889
0.000924208,1006.9,-2.70037e-05,0.314972,4.99977,999.539,5.52889
0.000924406,1006.91,8.72211e-06,0.314603,4.99977,999.539,5.52889
0.000924613,1006.89,2.84913e-05,0.31422,4.99977,999.539,5.52889
0.000924803,1006.86,3.0431e-06,0.313868,4.99977,999.54,5.52889
0.000925001,1006.87,-2.54375e-05,0.313499,4.99977,999.54,5.52889
0.000925207,1006.89,-1.66383e-05,0.313116,4.99977,999.54,5.52889
0.000925401,1006.88,1.83416e-05,0.312756,4.99977,999.54,5.52889
0.000925608,1006.86,2.28057e-05,0.312371,4.99977,999.541,5.52889
0.000925803,1006.84,-6.2233e-06,0.312009,4.99977,999.541,5.52889
0.000926008,1006.86,-2.26792e-05,0.311627,4.99977,999.541,5.52889
0.000926205,1006.87,-5.77739e-06,0.311261,4.99977,999.542,5.52889
0.000926417,1006.86,1.52773e-05,0.310867,4.99977,999.542,5.52889
0.000926603,1006.84,1.33485e-05,0.310521,4.99977,999.542,5.52889
0.000926807,1006.83,-1.06884e-05,0.310142,4.99977,999.543,5.52889
0.000927001,1006.85,-1.75351e-05,0.309781,4.99977,999.543,5.52889
0.0009272,1006.85,4.90565e-06,0.309409,4.99977,999.543,5.52889
0.000927405,1006.84,1.83863e-05,0.309028,4.99977,999.544,5.52889
0.000927601,1006.82,4.82688e-06,0.308663,4.99977,999.544,5.52889
0.000927812,1006.82,-1.24596e-05,0.308271,4.99977,999.544,5.52889
0.000928005,1006.83,-1.23061e-05,0.307912,4.99977,999.545,5.52889
0.000928202,1006.83,8.94065e-06,0.307543,4.99977,999.545,5.52889
0.000928409,1006.81,1.56503e-05,0.307159,4.99977,999.545,5.52889
0.000928606,1006.8,2.62744e-08,0.306792,4.99977,999.546,5.52889
0.000928817,1006.8,-1.26962e-05,0.306398,4.99977,999.546,5.52889
0.000929005,1006.82,-6.26899e-06,0.306047,4.99977,999.546,5.52889
0.000929208,1006.81,1.02162e-05,0.305669,4.99977,999.546,5.52889
0.000929402,1006.79,1.02705e-05,0.305308,4.99977,999.547,5.52889
0.000929603,1006.78,-5.64036e-06,0.304933,4.99977,999.547,5.52889
0.000929805,1006.79,-1.23471e-05,0.304556,4.99977,999.547,5.52889
0.000930003,1006.8,-4.51885e-08,0.304187,4.99977,999.548,5.52889
0.000930217,1006.79,9.88533e-06,0.303788,4.99977,999.548,5.52889
0.000930402,1006.77,5.3684e-06,0.303444,4.99977,999.548,5.52889
0.000930604,1006.77,-8.00078e-06,0.303067,4.99977,999.549,5.52889
0.000930809,1006.78,-9.66881e-06,0.302684,4.99977,999.549,5.52889
0.000931003,1006.78,3.93317e-06,0.302323,4.99977,999.549,5.52889
0.000931201,1006.76,1.01141e-05,0.301954,4.99977,999.55,5.52889
0.000931404,1006.75,1.59123e-06,0.301574,4.99977,999.55,5.52889
0.000931609,1006.75,-8.23082e-06,0.301193,4.99977,999.55,5.52889
0.000931806,1006.76,-5.68397e-06,0.300824,4.99977,999.55,5.52889
0.00093201,1006.76,4.95016e-06,0.300444,4.99977,999.551,5.52889
0.000932203,1006.74,7.78911e-06,0.300085,4.99977,999.551,5.52889
0.000932401,1006.74,-2.5131e-06,0.299716,4.99977,999.551,5.52889
0.000932606,1006.74,-7.99278e-06,0.299334,4.99977,999.552,5.52889
0.000932804,1006.74,-1.87489e-06,0.298963,4.99977,999.552,5.52889
0.000933014,1006.74,5.81798e-06,0.298572,4.99977,999.552,5.52889
0.000933207,1006.72,5.41163e-06,0.298213,4.99977,999.553,5.52889
0.0009334,1006.72,-4.53696e-06,0.297852,4.99977,999.553,5.52889
0.000933608,1006.72,-6.58829e-06,0.297464,4.99977,999.553,5.52889
0.000933804,1006.72,1.04331e-06,0.297098,4.99977,999.554,5.52889
0.000934004,1006.72,6.60915e-06,0.296727,4.99977,999.554,5.52889
0.000934203,1006.71,1.97869e-06,0.296356,4.99977,999.554,5.52889
0.000934414,1006.7,-4.03449e-06,0.295961,4.99977,999.554,5.52889
0.000934609,1006.71,-4.64814e-06,0.295599,4.99977,999.555,5.52889
0.000934802,1006.7,3.28926e-06,0.295239,4.99977,999.555,5.52889
0.000935008,1006.7,5.59942e-06,0.294856,4.99977,999.555,5.52889
0.000935205,1006.69,-2.74837e-08,0.294489,4.99977,999.556,5.52889
0.000935415,1006.69,-4.53993e-06,0.294097,4.99977,999.556,5.52889
0.000935604,1006.69,-2.02021e-06,0.293744,4.99977,999.556,5.52889
0.000935805,1006.68,3.90366e-06,0.29337,4.99977,999.557,5.52889
0.000936009,1006.68,4.29256e-06,0.292989,4.99977,999.557,5.52889
0.000936207,1006.67,-1.41988e-06,0.292621,4.99977,999.557,5.52889
0.000936411,1006.67,-4.34404e-06,0.29224,4.99977,999.558,5.52889
0.000936605,1006.67,-2.51917e-07,0.29188,4.99977,999.558,5.52889
0.00093682,1006.67,3.36705e-06,0.29148,4.99977,999.558,5.52889
0.000937003,1006.66,2.15268e-06,0.29114,4.99977,999.558,5.52889
0.000937205,1006.65,-2.6026e-06,0.290763,4.99977,999.559,5.52889
0.000937412,1006.65,-3.48617e-06,0.290378,4.99977,999.559,5.52889
0.000937601,1006.65,1.51074e-06,0.290025,4.99977,999.559,5.52889
0.000937814,1006.65,3.64888e-06,0.289629,4.99977,999.56,5.52889
0.000938002,1006.64,5.54254e-07,0.28928,4.99977,999.56,5.52889
0.000938205,1006.64,-2.93805e-06,0.288903,4.99977,999.56,5.52889
0.000938404,1006.64,-1.88567e-06,0.288532,4.99977,999.561,5.52889
0.000938607,1006.63,1.90686e-06,0.288154,4.99977,999.561,5.52889
0.000938813,1006.63,3.14014e-06,0.287772,4.99977,999.561,5.52889
0.000939004,1006.62,-4.80054e-07,0.287417,4.99977,999.561,5.52889
0.000939201,1006.62,-2.76851e-06,0.28705,4.99977,999.562,5.52889
0.000939402,1006.62,-5.55905e-07,0.286677,4.99977,999.562,5.52889
0.00093961,1006.62,2.26228e-06,0.286291,4.99977,999.562,5.52889
0.000939802,1006.61,1.90548e-06,0.285933,4.99977,999.563,5.52889
0.000940005,1006.6,-1.20791e-06,0.285558,4.99977,999.563,5.52889
0.000940202,1006.6,-2.19339e-06,0.285191,4.99977,999.563,5.52889
0.000940405,1006.6,2.89251e-07,0.284815,4.99977,999.564,5.52889
0.000940604,1006.6,2.41968e-06,0.284445,4.99977,999.564,5.52889
0.000940807,1006.59,1.19726e-06,0.284068,4.99977,999.564,5.52889
0.000941009,1006.59,-1.43892e-06,0.283693,4.99977,999.564,5.52889
0.000941204,1006.59,-1.5282e-06,0.283332,4.99977,999.565,5.52889
0.000941407,1006.58,9.08434e-07,0.282956,4.99977,999.565,5.52889
0.000941603,1006.58,2.07026e-06,0.282593,4.99977,999.565,5.52889
0.000941806,1006.57,3.0725e-07,0.282216,4.99977,999.566,5.52889
0.000942008,1006.57,-1.61241e-06,0.281842,4.99977,999.566,5.52889
0.000942209,1006.57,-9.56711e-07,0.28147,4.99977,999.566,5.52889
0.000942413,1006.56,1.13904e-06,0.281092,4.99977,999.567,5.52889
0.000942604,1006.56,1.57924e-06,0.280737,4.99977,999.567,5.52889
0.000942802,1006.56,-5.09024e-07,0.280372,4.99977,999.567,5.52889
0.000943005,1006.55,-1.46915e-06,0.279996,4.99977,999.567,5.52889
0.000943202,1006.55,-3.0743e-09,0.279632,4.99977,999.568,5.52889
0.000943414,1006.55,1.34521e-06,0.279239,4.99977,999.568,5.52889
0.000943607,1006.54,1.07372e-06,0.278883,4.99977,999.568,5.52889
0.000943809,1006.54,-6.53026e-07,0.278509,4.99977,999.569,5.52889
0.000944007,1006.54,-1.13618e-06,0.278144,4.99977,999.569,5.52889
0.000944205,1006.53,4.12818e-07,0.277778,4.99977,999.569,5.52889
0.000944409,1006.53,1.40313e-06,0.277401,4.99977,999.569,5.52889
0.000944603,1006.52,4.13432e-07,0.277043,4.99977,999.57,5.52889
0.000944814,1006.52,-7.61775e-07,0.276653,4.99977,999.57,5.52889
0.000945,1006.52,-5.81063e-07,0.276308,4.99977,999.57,5.52889
0.000945204,1006.51,7.7981e-07,0.275933,4.99977,999.571,5.52889
0.000945408,1006.51,1.20098e-06,0.275556,4.99977,999.571,5.52889
0.000945604,1006.51,1.86692e-08,0.275195,4.99977,999.571,5.52889
0.000945814,1006.5,-8.30108e-07,0.274808,4.99977,999.572,5.52889
0.000946001,1006.5,-1.48998e-07,0.274464,4.99977,999.572,5.52889
0.000946206,1006.5,9.01434e-07,0.274086,4.99977,999.572,5.52889
0.00094641,1006.49,9.37728e-07,0.273709,4.99977,999.572,5.52889
0.000946606,1006.49,-2.41625e-07,0.273348,4.99977,999.573,5.52889
0.000946812,1006.48,-7.52056e-07,0.272969,4.99977,999.573,5.52889
0.000947004,1006.48,1.40703e-07,0.272617,4.99977,999.573,5.52889
0.000947202,1006.48,9.45084e-07,0.272251,4.99977,999.574,5.52889
0.000947404,1006.47,5.1048e-07,0.271881,4.99977,999.574,5.52889
0.000947606,1006.47,-4.30746e-07,0.27151,4.99977,999.574,5.52889
0.000947803,1006.47,-4.85841e-07,0.271147,4.99977,999.574,5.52889
0.000948007,1006.46,3.50732e-07,0.270773,4.99977,999.575,5.52889
0.000948203,1006.46,8.3889e-07,0.270412,4.99977,999.575,5.52889
0.000948402,1006.46,1.86143e-07,0.270047,4.99977,999.575,5.52889
0.00094861,1006.45,-4.47795e-07,0.269665,4.99977,999.576,5.52889
0.000948803,1006.45,-2.1739e-07,0.269311,4.99977,999.576,5.52889
0.000949009,1006.45,4.94996e-07,0.268932,4.99977,999.576,5.52889
0.000949201,1006.44,6.45219e-07,0.268582,4.99977,999.576,5.52889
0.000949402,1006.44,-4.93381e-08,0.268213,4.99977,999.577,5.52889
0.000949603,1006.43,-4.34941e-07,0.267845,4.99977,999.577,5.52889
0.000949803,1006.43,2.96082e-08,0.267478,4.99977,999.577,5.52889
0.000950014,1006.43,5.39682e-07,0.267092,4.99977,999.578,5.52889
0.000950205,1006.42,4.88138e-07,0.266742,4.99977,999.578,5.52889
0.000950403,1006.42,-1.64936e-07,0.266379,4.99977,999.578,5.52889
0.000950608,1006.42,-3.31238e-07,0.266006,4.99977,999.579,5.52889
0.000950802,1006.41,2.35382e-07,0.265651,4.99977,999.579,5.52889
0.000951006,1006.41,5.86749e-07,0.265277,4.99977,999.579,5.52889
0.000951207,1006.41,3.17325e-07,0.26491,4.99977,999.579,5.52889
0.000951408,1006.4,-2.00581e-07,0.264543,4.99977,999.58,5.52889
0.000951601,1006.4,-1.43048e-07,0.264191,4.99977,999.58,5.52889
0.000951806,1006.4,3.18473e-07,0.263816,4.99977,999.58,5.52889
0.000952014,1006.39,5.25512e-07,0.263437,4.99977,999.581,5.52889
0.000952203,1006.39,1.13999e-07,0.263093,4.99977,999.581,5.52889
0.000952408,1006.38,-2.10215e-07,0.262718,4.99977,999.581,5.52889
0.000952604,1006.38,-1.33806e-08,0.262361,4.99977,999.581,5.52889
0.000952812,1006.38,3.59625e-07,0.261983,4.99977,999.582,5.52889
0.000953005,1006.37,4.11096e-07,0.26163,4.99977,999.582,5.52889
0.000953204,1006.37,1.01952e-08,0.261269,4.99977,999.582,5.52889
0.000953412,1006.37,-1.71727e-07,0.26089,4.99977,999.583,5.52889
0.000953606,1006.36,1.06333e-07,0.260536,4.99977,999.583,5.52889
0.000953803,1006.36,4.16753e-07,0.260179,4.99977,999.583,5.52889
0.000954003,1006.36,2.82845e-07,0.259815,4.99977,999.583,5.52889
0.000954203,1006.35,-5.93855e-08,0.259452,4.99977,999.584,5.52889
0.000954407,1006.35,-9.22682e-08,0.259082,4.99977,999.584,5.52889
0.000954607,1006.35,2.03079e-07,0.258718,4.99977,999.584,5.52889
0.000954804,1006.34,3.84034e-07,0.258361,4.99977,999.585,5.52889
0.000955005,1006.34,1.82892e-07,0.257997,4.99977,999.585,5.52889
0.00095521,1006.33,-5.76334e-08,0.257625,4.99977,999.585,5.52889
0.000955403,1006.33,2.3917e-08,0.257276,4.99977,999.585,5.52889
0.000955611,1006.33,2.56843e-07,0.256899,4.99977,999.586,5.52889
0.000955809,1006.32,3.32148e-07,0.25654,4.99977,999.586,5.52889
0.000956003,1006.32,8.59224e-08,0.256188,4.99977,999.586,5.52889
0.000956204,1006.32,-4.95356e-08,0.255825,4.99977,999.587,5.52889
0.000956402,1006.31,1.21079e-07,0.255466,4.99977,999.587,5.52889
0.000956601,1006.31,3.0758e-07,0.255106,4.99977,999.587,5.52889
0.000956811,1006.31,2.66458e-07,0.254727,4.99977,999.587,5.52889
0.000957005,1006.3,3.86533e-08,0.254376,4.99977,999.588,5.52889
0.0009572,1006.3,1.1636e-08,0.254024,4.99977,999.588,5.52889
0.000957409,1006.3,1.69158e-07,0.253648,4.99977,999.588,5.52889
0.000957605,1006.29,2.87561e-07,0.253295,4.99977,999.589,5.52889
0.000957806,1006.29,1.72947e-07,0.252932,4.99977,999.589,5.52889
0.000958008,1006.29,2.39367e-08,0.252567,4.99977,999.589,5.52889
0.000958202,1006.28,8.03506e-08,0.252218,4.99977,999.589,5.52889
0.000958419,1006.28,1.94532e-07,0.251826,4.99977,999.59,5.52889
0.000958606,1006.27,2.42336e-07,0.251491,4.99977,999.59,5.52889
0.000958805,1006.27,1.02304e-07,0.251132,4.99977,999.59,5.52889
0.00095901,1006.27,3.96999e-08,0.250764,4.99977,999.591,5.52889
0.000959212,1006.26,1.35676e-07,0.250401,4.99977,999.591,5.52889
0.000959407,1006.26,2.35855e-07,0.25005,4.99977,999.591,5.52889
0.000959615,1006.26,1.85886e-07,0.249676,4.99977,999.591,5.52889
0.000959804,1006.25,6.76973e-08,0.249336,4.99977,999.592,5.52889
0.000960008,1006.25,1.02996e-07,0.248971,4.99977,999.592,5.52889
0.00096021,1006.25,1.96044e-07,0.248608,4.99977,999.592,5.52889
0.000960408,1006.24,1.92325e-07,0.248254,4.99977,999.592,5.52889
0.000960605,1006.24,1.04775e-07,0.2479,4.99977,999.593,5.52889
0.000960808,1006.24,9.92089e-08,0.247536,4.99977,999.593,5.52889
0.00096102,1006.23,1.576e-07,0.247157,4.99977,999.593,5.52889
0.000961212,1006.23,1.87865e-07,0.246812,4.99977,999.594,5.52889
0.000961409,1006.23,1.3008e-07,0.24646,4.99977,999.594,5.52889
0.000961609,1006.22,1.11565e-07,0.246104,4.99977,999.594,5.52889
0.000961809,1006.22,1.56886e-07,0.245746,4.99977,999.594,5.52889
0.000962009,1006.22,1.74947e-07,0.245389,4.99977,999.595,5.52889
0.000962209,1006.21,1.39912e-07,0.245032,4.99977,999.595,5.52889
0.000962409,1006.21,1.23264e-07,0.244675,4.99977,999.595,5.52889
0.000962609,1006.2,1.50814e-07,0.244318,4.99977,999.596,5.52889
0.000962809,1006.2,1.66561e-07,0.243961,4.99977,999.596,5.52889
0.000963009,1006.2,1.45758e-07,0.243604,4.99977,999.596,5.52889
0.000963209,1006.19,1.31966e-07,0.243248,4.99977,999.596,5.52889
0.000963409,1006.19,1.48212e-07,0.242892,4.99977,999.597,5.52889
0.000963609,1006.19,1.60865e-07,0.242536,4.99977,999.597,5.52889
0.000963809,1006.18,1.48989e-07,0.24218,4.99977,999.597,5.52889
0.000964009,1006.18,1.38319e-07,0.241824,4.99977,999.597,5.52889
0.000964209,1006.18,1.47563e-07,0.241469,4.99977,999.598,5.52889
0.000964409,1006.17,1.57211e-07,0.241113,4.99977,999.598,5.52889
0.000964609,1006.17,1.50787e-07,0.240758,4.99977,999.598,5.52889
0.000964809,1006.17,1.42925e-07,0.240403,4.99977,999.599,5.52889
0.000965009,1006.16,1.47957e-07,0.240048,4.99977,999.599,5.52889
0.000965209,1006.16,1.55043e-07,0.239693,4.99977,999.599,5.52889
0.000965409,1006.16,1.51847e-07,0.239339,4.99977,999.599,5.52889
0.000965609,1006.15,1.46283e-07,0.238985,4.99977,999.6,5.52889
0.000965809,1006.15,1.48864e-07,0.23863,4.99977,999.6,5.52889
0.000966009,1006.15,1.53924e-07,0.238276,4.99977,999.6,5.52889
0.000966209,1006.14,1.52573e-07,0.237922,4.99977,999.6,5.52889
0.000966409,1006.14,1.48772e-07,0.237569,4.99977,999.601,5.52889
0.000966609,1006.13,1.49984e-07,0.237215,4.99977,999.601,5.52889
0.000966809,1006.13,1.53526e-07,0.236862,4.99977,999.601,5.52889
0.000967009,1006.13,1.53175e-07,0.236509,4.99977,999.602,5.52889
0.000967209,1006.12,1.50671e-07,0.236156,4.99977,999.602,5.52889
0.000967409,1006.12,1.51166e-07,0.235803,4.99977,999.602,5.52889
0.000967609,1006.12,1.53608e-07,0.23545,4.99977,999.602,5.52889
0.000967809,1006.11,1.53761e-07,0.235098,4.99977,999.603,5.52889
0.000968009,1006.11,1.52183e-07,0.234745,4.99977,999.603,5.52889
0.000968209,1006.11,1.52334e-07,0.234393,4.99977,999.603,5.52889
0.000968409,1006.1,1.54005e-07,0.234041,4.99977,999.603,5.52889
0.000968609,1006.1,1.54382e-07,0.233689,4.99977,999.604,5.52889
0.000968809,1006.1,1.53442e-07,0.233338,4.99977,999.604,5.52889
0.000969009,1006.09,1.53456e-07,0.232986,4.99977,999.604,5.52889
0.000969209,1006.09,1.54602e-07,0.232635,4.99977,999.605,5.52889
0.000969409,1006.09,1.55053e-07,0.232284,4.99977,999.605,5.52889
0.000969609,1006.08,1.54542e-07,0.231933,4.99977,999.605,5.52889
0.000969809,1006.08,1.54526e-07,0.231582,4.99977,999.605,5.52889
0.000970009,1006.08,1.55323e-07,0.231232,4.99977,999.606,5.52889
0.000970209,1006.07,1.55775e-07,0.230881,4.99977,999.606,5.52889
0.000970409,1006.07,1.55546e-07,0.230531,4.99977,999.606,5.52889
0.000970609,1006.06,1.55549e-07,0.230181,4.99977,999.606,5.52889
0.000970809,1006.06,1.56117e-07,0.229831,4.99977,999.607,5.52889
0.000971009,1006.06,1.56537e-07,0.229481,4.99977,999.607,5.52889
0.000971209,1006.05,1.5649e-07,0.229132,4.99977,999.607,5.52889
0.000971409,1006.05,1.56531e-07,0.228782,4.99977,999.608,5.52889
0.000971609,1006.05,1.56955e-07,0.228433,4.99977,999.608,5.52889
0.000971809,1006.04,1.57334e-07,0.228084,4.99977,999.608,5.52889
0.000972009,1006.04,1.57401e-07,0.227735,4.99977,999.608,5.52889
0.000972209,1006.04,1.57481e-07,0.227387,4.99977,999.609,5.52889
0.000972409,1006.03,1.57815e-07,0.227038,4.99977,999.609,5.52889
0.000972609,1006.03,1.58156e-07,0.22669,4.99977,999.609,5.52889
0.000972809,1006.03,1.5829e-07,0.226342,4.99977,999.609,5.52889
0.000973009,1006.02,1.58407e-07,0.225994,4.99977,999.61,5.52889
0.000973209,1006.02,1.58688e-07,0.225646,4.99977,999.61,5.52889
0.000973409,1006.02,1.58994e-07,0.225298,4.99977,999.61,5.52889
0.000973609,1006.01,1.59169e-07,0.224951,4.99977,999.611,5.52889
0.000973809,1006.01,1.59315e-07,0.224604,4.99977,999.611,5.52889
0.000974009,1006.01,1.59564e-07,0.224257,4.99977,999.611,5.52889
0.000974209,1006,1.59843e-07,0.22391,4.99977,999.611,5.52889
0.000974409,1006,1.60039e-07,0.223563,4.99977,999.612,5.52889
0.000974609,1006,1.60209e-07,0.223217,4.99977,999.612,5.52889
0.000974809,1005.99,1.6044e-07,0.22287,4.99977,999.612,5.52889
0.000975009,1005.99,1.60699e-07,0.222524,4.99977,999.612,5.52889
0.000975209,1005.99,1.60908e-07,0.222178,4.99977,999.613,5.52889
0.000975409,1005.98,1.61091e-07,0.221832,4.99977,999.613,5.52889
0.000975609,1005.98,1.61313e-07,0.221487,4.99977,999.613,5.52889
0.000975809,1005.97,1.61557e-07,0.221141,4.99977,999.613,5.52889
0.000976009,1005.97,1.61773e-07,0.220796,4.99977,999.614,5.52889
0.000976209,1005.97,1.61967e-07,0.220451,4.99977,999.614,5.52889
0.000976409,1005.96,1.62182e-07,0.220106,4.99977,999.614,5.52889
0.000976609,1005.96,1.62417e-07,0.219761,4.99977,999.614,5.52889
0.000976809,1005.96,1.62634e-07,0.219417,4.99977,999.615,5.52889
0.000977009,1005.95,1.62836e-07,0.219072,4.99977,999.615,5.52889
0.000977209,1005.95,1.63045e-07,0.218728,4.99977,999.615,5.52889
0.000977409,1005.95,1.63273e-07,0.218384,4.99977,999.616,5.52889
0.000977609,1005.94,1.63495e-07,0.21804,4.99977,999.616,5.52889
0.000977809,1005.94,1.637e-07,0.217697,4.99977,999.616,5.52889
0.000978009,1005.94,1.63906e-07,0.217353,4.99977,999.616,5.52889
0.000978209,1005.93,1.64128e-07,0.21701,4.99977,999.617,5.52889
0.000978409,1005.93,1.64348e-07,0.216667,4.99977,999.617,5.52889
0.000978609,1005.93,1.64555e-07,0.216324,4.99977,999.617,5.52889
0.000978809,1005.92,1.64763e-07,0.215981,4.99977,999.617,5.52889
0.000979009,1005.92,1.64981e-07,0.215639,4.99977,999.618,5.52889
0.000979209,1005.92,1.65199e-07,0.215296,4.99977,999.618,5.52889
0.000979409,1005.91,1.65408e-07,0.214954,4.99977,999.618,5.52889
0.000979609,1005.91,1.65616e-07,0.214612,4.99977,999.618,5.52889
0.000979809,1005.91,1.65828e-07,0.21427,4.99977,999.619,5.52889
0.000980009,1005.9,1.66043e-07,0.213929,4.99977,999.619,5.52889
0.000980209,1005.9,1.66254e-07,0.213587,4.99977,999.619,5.52889
0.000980409,1005.9,1.66463e-07,0.213246,4.99977,999.619,5.52889
0.000980609,1005.89,1.66673e-07,0.212905,4.99977,999.62,5.52889
0.000980809,1005.89,1.66884e-07,0.212564,4.99977,999.62,5.52889
0.000981009,1005.89,1.67095e-07,0.212223,4.99977,999.62,5.52889
0.000981209,1005.88,1.67304e-07,0.211883,4.99977,999.621,5.52889
0.000981409,1005.88,1.67512e-07,0.211542,4.99977,999.621,5.52889
0.000981609,1005.88,1.67721e-07,0.211202,4.99977,999.621,5.52889
0.000981809,1005.87,1.6793e-07,0.210862,4.99977,999.621,5.52889
0.000982009,1005.87,1.68138e-07,0.210522,4.99977,999.622,5.52889
0.000982209,1005.86,1.68345e-07,0.210183,4.99977,999.622,5.52889
0.000982409,1005.86,1.68551e-07,0.209843,4.99977,999.622,5.52889
0.000982609,1005.86,1.6876e-07,0.209504,4.99977,999.622,5.52889
0.000982809,1005.85,1.68969e-07,0.209165,4.99977,999.623,5.52889
0.000983009,1005.85,1.69172e-07,0.208826,4.99977,999.623,5.52889
0.000983209,1005.85,1.69377e-07,0.208487,4.99977,999.623,5.52889
0.000983409,1005.84,1.69584e-07,0.208149,4.99977,999.623,5.52889
0.000983609,1005.84,1.69791e-07,0.207811,4.99977,999.624,5.52889
0.000983809,1005.84,1.69993e-07,0.207472,4.99977,999.624,5.52889
0.000984009,1005.83,1.70197e-07,0.207134,4.99977,999.624,5.52889
0.000984209,1005.83,1.70402e-07,0.206797,4.99977,999.624,5.52889
0.000984409,1005.83,1.70607e-07,0.206459,4.99977,999.625,5.52889
0.000984609,1005.82,1.7081e-07,0.206122,4.99977,999.625,5.52889
0.000984809,1005.82,1.71011e-07,0.205784,4.99977,999.625,5.52889
0.000985009,1005.82,1.71213e-07,0.205447,4.99977,999.625,5.52889
0.000985209,1005.81,1.71417e-07,0.20511,4.99977,999.626,5.52889
0.000985409,1005.81,1.71618e-07,0.204774,4.99977,999.626,5.52889
0.000985609,1005.81,1.71818e-07,0.204437,4.99977,999.626,5.52889
0.000985809,1005.8,1.72019e-07,0.204101,4.99977,999.626,5.52889
0.000986009,1005.8,1.72219e-07,0.203765,4.99977,999.627,5.52889
0.000986209,1005.8,1.72419e-07,0.203429,4.99977,999.627,5.52889
0.000986409,1005.79,1.72618e-07,0.203093,4.99977,999.627,5.52889
0.000986609,1005.79,1.72816e-07,0.202758,4.99977,999.627,5.52889
0.000986809,1005.79,1.73016e-07,0.202422,4.99977,999.628,5.52889
0.000987009,1005.78,1.73214e-07,0.202087,4.99977,999.628,5.52889
0.000987209,1005.78,1.73412e-07,0.201752,4.99977,999.628,5.52889
0.000987409,1005.78,1.73609e-07,0.201417,4.99977,999.629,5.52889
0.000987609,1005.77,1.73805e-07,0.201082,4.99977,999.629,5.52889
0.000987809,1005.77,1.74e-07,0.200748,4.99977,999.629,5.52889
0.000988009,1005.77,1.74196e-07,0.200414,4.99977,999.629,5.52889
0.000988209,1005.76,1.74392e-07,0.20008,4.99977,999.63,5.52889
0.000988409,1005.76,1.74587e-07,0.199746,4.99977,999.63,5.52889
0.000988609,1005.76,1.74781e-07,0.199412,4.99977,999.63,5.52889
0.000988809,1005.75,1.74974e-07,0.199079,4.99977,999.63,5.52889
0.000989009,1005.75,1.75167e-07,0.198745,4.99977,999.631,5.52889
0.000989209,1005.75,1.75361e-07,0.198412,4.99977,999.631,5.52889
0.000989409,1005.74,1.75552e-07,0.198079,4.99977,999.631,5.52889
0.000989609,1005.74,1.75743e-07,0.197746,4.99977,999.631,5.52889
0.000989809,1005.74,1.75937e-07,0.197414,4.99977,999.632,5.52889
0.000990009,1005.73,1.76127e-07,0.197081,4.99977,999.632,5.52889
0.000990209,1005.73,1.76316e-07,0.196749,4.99977,999.632,5.52889
0.000990409,1005.73,1.76505e-07,0.196417,4.99977,999.632,5.52889
0.000990609,1005.72,1.76697e-07,0.196085,4.99977,999.633,5.52889
0.000990809,1005.72,1.76885e-07,0.195753,4.99977,999.633,5.52889
0.000991009,1005.72,1.77072e-07,0.195422,4.99977,999.633,5.52889
0.000991209,1005.71,1.77259e-07,0.195091,4.99977,999.633,5.52889
0.000991409,1005.71,1.77447e-07,0.19476,4.99977,999.634,5.52889
0.000991609,1005.71,1.77635e-07,0.194429,4.99977,999.634,5.52889
0.000991809,1005.7,1.77821e-07,0.194098,4.99977,999.634,5.52889
0.000992009,1005.7,1.78003e-07,0.193767,4.99977,999.634,5.52889
0.000992209,1005.69,1.78189e-07,0.193437,4.99977,999.635,5.52889
0.000992409,1005.69,1.78376e-07,0.193107,4.99977,999.635,5.52889
0.000992609,1005.69,1.78559e-07,0.192777,4.99977,999.635,5.52889
0.000992809,1005.68,1.7874e-07,0.192447,4.99977,999.635,5.52889
0.000993009,1005.68,1.78923e-07,0.192117,4.99977,999.636,5.52889
0.000993209,1005.68,1.79106e-07,0.191788,4.99977,999.636,5.52889
0.000993409,1005.67,1.79287e-07,0.191459,4.99977,999.636,5.52889
0.000993609,1005.67,1.79467e-07,0.19113,4.99977,999.636,5.52889
0.000993809,1005.67,1.79648e-07,0.190801,4.99977,999.637,5.52889
0.000994009,1005.66,1.79828e-07,0.190472,4.99977,999.637,5.52889
0.000994209,1005.66,1.80007e-07,0.190144,4.99977,999.637,5.52889
0.000994409,1005.66,1.80185e-07,0.189815,4.99977,999.637,5.52889
0.000994609,1005.65,1.80364e-07,0.189487,4.99977,999.638,5.52889
0.000994809,1005.65,1.80541e-07,0.189159,4.99977,999.638,5.52889
0.000995009,1005.65,1.80717e-07,0.188831,4.99977,999.638,5.52889
0.000995209,1005.64,1.80894e-07,0.188504,4.99977,999.638,5.52889
0.000995409,1005.64,1.8107e-07,0.188176,4.99977,999.639,5.52889
0.000995609,1005.64,1.81244e-07,0.187849,4.99977,999.639,5.52889
0.000995809,1005.63,1.81418e-07,0.187522,4.99977,999.639,5.52889
0.000996009,1005.63,1.81591e-07,0.187195,4.99977,999.639,5.52889
0.000996209,1005.63,1.81766e-07,0.186869,4.99977,999.64,5.52889
0.000996409,1005.62,1.8194e-07,0.186542,4.99977,999.64,5.52889
0.000996609,1005.62,1.82108e-07,0.186216,4.99977,999.64,5.52889
0.000996809,1005.62,1.8228e-07,0.18589,4.99977,999.64,5.52889
0.000997009,1005.61,1.82452e-07,0.185564,4.99977,999.641,5.52889
0.000997209,1005.61,1.82621e-07,0.185238,4.99977,999.641,5.52889
0.000997409,1005.61,1.8279e-07,0.184913,4.99977,999.641,5.52889
0.000997609,1005.6,1.82958e-07,0.184588,4.99977,999.641,5.52889
0.000997809,1005.6,1.83127e-07,0.184262,4.99977,999.642,5.52889
0.000998009,1005.6,1.83296e-07,0.183937,4.99977,999.642,5.52889
0.000998209,1005.59,1.83461e-07,0.183613,4.99977,999.642,5.52889
0.000998409,1005.59,1.83626e-07,0.183288,4.99977,999.642,5.52889
0.000998609,1005.59,1.8379e-07,0.182964,4.99977,999.643,5.52889
0.000998809,1005.58,1.83957e-07,0.182639,4.99977,999.643,5.52889
0.000999009,1005.58,1.8412e-07,0.182315,4.99977,999.643,5.52889
0.000999209,1005.58,1.84282e-07,0.181992,4.99977,999.643,5.52889
0.000999409,1005.57,1.84445e-07,0.181668,4.99977,999.643,5.52889
0.000999609,1005.57,1.84609e-07,0.181344,4.99977,999.644,5.52889
0.000999809,1005.57,1.84767e-07,0.181021,4.99977,999.644,5.52889
0.00100001,1005.56,1.84928e-07,0.180698,4.99977,999.644,5.52889
0.00100021,1005.56,1.85091e-07,0.180375,4.99977,999.644,5.52889
0.00100041,1005.56,1.85248e-07,0.180052,4.99977,999.645,5.52889
0.00100061,1005.55,1.85404e-07,0.17973,4.99977,999.645,5.52889
0.00100081,1005.55,1.85565e-07,0.179403,4.99977,999.645,5.52889
0.00100101,1005.55,1.85723e-07,0.179081,4.99977,999.645,5.52889
0.00100121,1005.54,1.85878e-07,0.178759,4.99977,999.646,5.52889
0.00100141,1005.54,1.86034e-07,0.178437,4.99977,999.646,5.52889
0.00100161,1005.54,1.86189e-07,0.178115,4.99977,999.646,5.52889
0.00100181,1005.53,1.86342e-07,0.177794,4.99977,999.646,5.52889
0.00100201,1005.53,1.86493e-07,0.177473,4.99977,999.647,5.52889
0.00100221,1005.53,1.86648e-07,0.177152,4.99977,999.647,5.52889
0.00100241,1005.52,1.86801e-07,0.176831,4.99977,999.647,5.52889
0.00100261,1005.52,1.8695e-07,0.17651,4.99977,999.647,5.52889
0.00100281,1005.52,1.87099e-07,0.17619,4.99977,999.648,5.52889
0.001003,1005.51,1.87244e-07,0.175882,4.99977,999.648,5.52889
0.00100321,1.16847,0.574727,0.159538,4.99977,999.64,5.52889
0.00100342,1.52891,0.752033,0.152728,4.99977,999.62,5.52889
0.00100362,1.87322,0.921363,0.150815,4.99977,999.595,5.52889
0.00100382,2.2174,1.09063,0.149127,4.99977,999.565,5.52889
0.00100402,2.56144,1.25983,0.147469,4.99977,999.529,5.52889
0.00100422,2.90535,1.42896,0.145829,4.99977,999.489,5.52889
0.0010044,1254.7,1.29901,0.147054,4.99977,999.452,5.52889
0.00100461,1137.43,-0.251648,0.200136,4.99977,999.453,5.52889
0.0010048,1214.45,0.130135,0.205527,4.99977,999.453,5.52889
0.001005,960.589,0.279197,0.212988,4.99977,999.455,5.52889
0.0010052,782.71,0.032121,0.222144,4.99977,999.457,5.52889
0.00100541,889.285,-0.235244,0.225134,4.99977,999.457,5.52889
0.0010056,1176.25,-0.173767,0.220635,4.99977,999.455,5.52889
0.0010058,1196.64,0.127724,0.219845,4.99977,999.455,5.52889
0.00100601,974.124,0.262401,0.226116,4.99977,999.457,5.52889
0.0010062,798.226,0.036911,0.234803,4.99977,999.459,5.52889
0.0010064,917.394,-0.233607,0.237301,4.99977,999.458,5.52889
0.00100661,1153.56,-0.178322,0.233942,4.99977,999.457,5.52889
0.00100681,1189.38,0.106234,0.232791,4.99977,999.457,5.52889
0.001007,962.297,0.241624,0.238931,4.99977,999.459,5.52889
0.0010072,810.9,0.0161847,0.246911,4.99977,999.46,5.52889
0.00100741,917.289,-0.213542,0.249189,4.99977,999.46,5.52889
0.0010076,1154.79,-0.150016,0.245504,4.99977,999.459,5.52889
0.00100781,1170.82,0.113362,0.244864,4.99977,999.459,5.52889
0.00100801,961.161,0.223124,0.250734,4.99977,999.461,5.52889
0.0010082,824.638,-0.00407676,0.258222,4.99977,999.462,5.52889
0.0010084,968.194,-0.218491,0.259287,4.99977,999.462,5.52889
0.0010086,1160.02,-0.110554,0.256085,4.99977,999.46,5.52889
0.0010088,1144.39,0.133211,0.256209,4.99977,999.461,5.52889
0.001009,938.324,0.195631,0.262316,4.99977,999.463,5.52889
0.0010092,838.542,-0.0126163,0.268705,4.99977,999.464,5.52889
0.00100941,955.471,-0.196621,0.269985,4.99977,999.463,5.52889
0.0010096,1153.85,-0.0898105,0.26644,4.99977,999.462,5.52889
0.00100981,1132.82,0.125047,0.266852,4.99977,999.463,5.52889
0.00101001,948.638,0.183301,0.272391,4.99977,999.465,5.52889
0.0010102,854.571,-0.040629,0.278597,4.99977,999.466,5.52889
0.0010104,985.481,-0.189245,0.279071,4.99977,999.465,5.52889
0.0010106,1142.41,-0.0838304,0.276408,4.99977,999.464,5.52889
0.00101081,1126.93,0.109518,0.276786,4.99977,999.465,5.52889
0.001011,925.846,0.151676,0.282638,4.99977,999.467,5.52889
0.00101121,865.761,-0.0341246,0.287667,4.99977,999.467,5.52889
0.00101141,990.991,-0.175442,0.288049,4.99977,999.467,5.52889
0.0010116,1141.33,-0.0479245,0.285135,4.99977,999.466,5.52889
0.0010118,1085.93,0.140371,0.286284,4.99977,999.467,5.52889
0.001012,931.941,0.139902,0.291492,4.99977,999.468,5.52889
0.0010122,884.503,-0.0641855,0.296224,4.99977,999.469,5.52889
0.0010124,1015.5,-0.162874,0.295947,4.99977,999.469,5.52889
0.0010126,1131.34,-0.0434203,0.293828,4.99977,999.468,5.52889
0.0010128,1076.77,0.13235,0.294954,4.99977,999.469,5.52889
0.00101301,939.495,0.130593,0.299696,4.99977,999.47,5.52889
0.0010132,894.523,-0.0609198,0.304128,4.99977,999.471,5.52889
0.00101341,1011.14,-0.150561,0.303982,4.99977,999.47,5.52889
0.00101361,1122.27,-0.0384627,0.301915,4.99977,999.47,5.52889
0.00101381,1076.85,0.117486,0.302939,4.99977,999.471,5.52889
0.00101401,943.477,0.119554,0.307422,4.99977,999.472,5.52889
0.00101421,901.616,-0.0512065,0.311489,4.99977,999.473,5.52889
0.0010144,1032.69,-0.135583,0.310789,4.99977,999.472,5.52889
0.0010146,1116.43,-0.0167565,0.309181,4.99977,999.472,5.52889
0.0010148,1046.25,0.12586,0.31075,4.99977,999.473,5.52889
0.001015,928.517,0.0892074,0.315163,4.99977,999.474,5.52889
0.00101521,910.607,-0.0498823,0.318342,4.99977,999.474,5.52889
0.0010154,1030.94,-0.12512,0.317699,4.99977,999.474,5.52889
0.0010156,1108.83,0.00434768,0.315976,4.99977,999.474,5.52889
0.0010158,1043.41,0.116135,0.317683,4.99977,999.474,5.52889
0.00101601,934.816,0.0826038,0.321761,4.99977,999.476,5.52889
0.0010162,930.109,-0.0724801,0.324636,4.99977,999.476,5.52889
0.0010164,1044.17,-0.109546,0.323686,4.99977,999.476,5.52889
0.0010166,1101.09,0.00371336,0.322542,4.99977,999.476,5.52889
0.00101681,1040.86,0.10711,0.324118,4.99977,999.476,5.52889
0.00101701,938.338,0.0733287,0.327958,4.99977,999.477,5.52889
0.0010172,937.708,-0.0695261,0.330533,4.99977,999.478,5.52889
0.0010174,1042.16,-0.100709,0.329654,4.99977,999.477,5.52889
0.00101761,1093.91,0.00439755,0.328615,4.99977,999.477,5.52889
0.0010178,1018.42,0.10524,0.330416,4.99977,999.478,5.52889
0.001018,932.693,0.047246,0.334029,4.99977,999.479,5.52889
0.00101821,943.06,-0.0640875,0.336014,4.99977,999.48,5.52889
0.00101841,1039.51,-0.0929638,0.335206,4.99977,999.479,5.52889
0.0010186,1085.83,0.0195863,0.334096,4.99977,999.479,5.52889
0.0010188,1017.73,0.0971145,0.335911,4.99977,999.48,5.52889
0.00101901,938.509,0.0436584,0.339249,4.99977,999.481,5.52889
0.00101921,947.996,-0.0590566,0.341084,4.99977,999.481,5.52889
0.0010194,1049.55,-0.0774089,0.339938,4.99977,999.481,5.52889
0.00101961,1079.85,0.0179741,0.339316,4.99977,999.481,5.52889
0.0010198,1004.61,0.0903566,0.341228,4.99977,999.482,5.52889
0.00102,938.618,0.0235148,0.344316,4.99977,999.483,5.52889
0.0010202,968.542,-0.072859,0.34553,4.99977,999.483,5.52889
0.00102041,1046.3,-0.0714799,0.344707,4.99977,999.483,5.52889
0.0010206,1070.73,0.0317318,0.344028,4.99977,999.483,5.52889
0.0010208,1004.96,0.0833966,0.345891,4.99977,999.484,5.52889
0.001021,943.968,0.0217424,0.34874,4.99977,999.484,5.52889
0.0010212,971.499,-0.067179,0.349861,4.99977,999.485,5.52889
0.00102141,1043.29,-0.066007,0.349098,4.99977,999.484,5.52889
0.0010216,1065.93,0.0291349,0.348468,4.99977,999.485,5.52889
0.00102181,1005.28,0.0769706,0.350182,4.99977,999.485,5.52889
0.001022,947.057,0.0080935,0.352943,4.99977,999.486,5.52889
0.00102221,974.228,-0.0619333,0.353841,4.99977,999.486,5.52889
0.0010224,1051.67,-0.0489293,0.352725,4.99977,999.486,5.52889
0.00102261,1061.5,0.0267373,0.352546,4.99977,999.486,5.52889
0.0010228,995.401,0.0694713,0.354338,4.99977,999.487,5.52889
0.001023,951.754,0.00751519,0.356665,4.99977,999.488,5.52889
0.0010232,988.715,-0.0647417,0.357262,4.99977,999.488,5.52889
0.0010234,1048.22,-0.0452523,0.356456,4.99977,999.488,5.52889
0.0010236,1051.17,0.0389281,0.356247,4.99977,999.488,5.52889
0.00102381,996.444,0.0641332,0.357927,4.99977,999.489,5.52889
0.001024,955.827,-0.00306048,0.360153,4.99977,999.49,5.52889
0.0010242,990.116,-0.0597111,0.360615,4.99977,999.49,5.52889
0.00102441,1045.04,-0.041858,0.359865,4.99977,999.49,5.52889
0.0010246,1047.94,0.0357266,0.359662,4.99977,999.49,5.52889
0.0010248,989.536,0.0562445,0.361387,4.99977,999.491,5.52889
0.001025,959.842,-0.00277806,0.363251,4.99977,999.491,5.52889
0.00102521,991.408,-0.0550667,0.36367,4.99977,999.492,5.52889
0.0010254,1048.46,-0.0276025,0.36269,4.99977,999.491,5.52889
0.00102561,1044.96,0.0327671,0.362771,4.99977,999.492,5.52889
0.0010258,991.015,0.0519349,0.364352,4.99977,999.493,5.52889
0.00102601,963.546,-0.00250718,0.366064,4.99977,999.493,5.52889
0.0010262,1002.74,-0.0538328,0.366219,4.99977,999.493,5.52889
0.0010264,1045.2,-0.0257292,0.365533,4.99977,999.493,5.52889
0.00102661,1042.23,0.0299919,0.365591,4.99977,999.494,5.52889
0.00102681,992.397,0.0479647,0.367038,4.99977,999.494,5.52889
0.001027,967.751,-0.0102622,0.368653,4.99977,999.495,5.52889
0.0010272,1003.01,-0.0496556,0.368744,4.99977,999.495,5.52889
0.00102741,1042.19,-0.0240129,0.368102,4.99977,999.495,5.52889
0.0010276,1031.29,0.0385189,0.368188,4.99977,999.495,5.52889
0.0010278,986.976,0.0400696,0.369633,4.99977,999.496,5.52889
0.00102801,970.835,-0.00938954,0.37094,4.99977,999.497,5.52889
0.00102821,1003.26,-0.0457981,0.371014,4.99977,999.497,5.52889
0.0010284,1042.57,-0.0133818,0.370234,4.99977,999.497,5.52889
0.0010286,1027.87,0.0370001,0.37049,4.99977,999.497,5.52889
0.00102881,988.223,0.0366759,0.371804,4.99977,999.498,5.52889
0.001029,975.182,-0.0151652,0.373004,4.99977,999.498,5.52889
0.0010292,1008.46,-0.0425702,0.372925,4.99977,999.498,5.52889
0.0010294,1040.12,-0.0113619,0.372292,4.99977,999.498,5.52889
0.00102961,1026.73,0.0337802,0.372527,4.99977,999.499,5.52889
0.00102981,990.039,0.0340797,0.373721,4.99977,999.5,5.52889
0.00103,978.153,-0.0154436,0.374824,4.99977,999.5,5.52889
0.00103021,1009.23,-0.0392502,0.374714,4.99977,999.5,5.52889
0.0010304,1038.6,-0.00426728,0.374042,4.99977,999.5,5.52889
0.00103061,1025.26,0.03117,0.374338,4.99977,999.501,5.52889
0.0010308,986.522,0.0265795,0.375568,4.99977,999.501,5.52889
0.00103101,980.399,-0.014115,0.376427,4.99977,999.502,5.52889
0.0010312,1014.15,-0.0353854,0.376178,4.99977,999.502,5.52889
0.0010314,1036.21,-0.00399415,0.375675,4.99977,999.502,5.52889
0.0010316,1017.95,0.0327558,0.376012,4.99977,999.502,5.52889
0.0010318,986.815,0.0227639,0.377094,4.99977,999.503,5.52889
0.001032,985.37,-0.0195464,0.377815,4.99977,999.503,5.52889
0.0010322,1013.97,-0.0325667,0.377573,4.99977,999.503,5.52889
0.0010324,1034.18,0.000328503,0.377051,4.99977,999.504,5.52889
0.0010326,1017.05,0.0302798,0.377396,4.99977,999.504,5.52889
0.00103281,988.452,0.021032,0.378375,4.99977,999.505,5.52889
0.00103301,986.727,-0.0173445,0.379027,4.99977,999.505,5.52889
0.0010332,1017.36,-0.0284884,0.378673,4.99977,999.505,5.52889
0.0010334,1032.12,0.00126717,0.378274,4.99977,999.505,5.52889
0.00103361,1017.03,0.0275811,0.378574,4.99977,999.506,5.52889
0.0010338,986.857,0.0138828,0.379585,4.99977,999.506,5.52889
0.00103401,989.114,-0.0173756,0.380048,4.99977,999.507,5.52889
0.0010342,1016.77,-0.0262091,0.379705,4.99977,999.507,5.52889
0.00103441,1030.24,0.00114181,0.379323,4.99977,999.507,5.52889
0.0010346,1010.5,0.0274112,0.379682,4.99977,999.508,5.52889
0.0010348,988.422,0.012704,0.380497,4.99977,999.508,5.52889
0.00103501,990.499,-0.0159457,0.380904,4.99977,999.508,5.52889
0.00103521,1016.06,-0.0241915,0.380569,4.99977,999.508,5.52889
0.0010354,1028.12,0.0050787,0.38016,4.99977,999.509,5.52889
0.0010356,1010.35,0.0252829,0.380507,4.99977,999.509,5.52889
0.00103581,989.934,0.0117734,0.38124,4.99977,999.51,5.52889
0.00103601,991.772,-0.0146197,0.381597,4.99977,999.51,5.52889
0.0010362,1018.65,-0.0201481,0.381169,4.99977,999.51,5.52889
0.00103641,1026.55,0.00463965,0.380872,4.99977,999.51,5.52889
0.00103661,1010.22,0.0233178,0.38117,4.99977,999.511,5.52889
0.0010368,989.855,0.00643097,0.381899,4.99977,999.511,5.52889
0.001037,996.957,-0.0184249,0.382089,4.99977,999.512,5.52889
0.0010372,1017.76,-0.018626,0.381723,4.99977,999.512,5.52889
0.0010374,1024.2,0.00810686,0.381405,4.99977,999.512,5.52889
0.0010376,1007.09,0.0217021,0.381742,4.99977,999.513,5.52889
0.0010378,991.256,0.0060319,0.382332,4.99977,999.513,5.52889
0.00103801,997.632,-0.0168588,0.382489,4.99977,999.513,5.52889
0.00103821,1016.91,-0.0172392,0.38213,4.99977,999.514,5.52889
0.0010384,1022.99,0.00726676,0.381815,4.99977,999.514,5.52889
0.00103861,1007.29,0.0200291,0.3821,4.99977,999.514,5.52889
0.0010388,992.032,0.0027445,0.382663,4.99977,999.515,5.52889
0.00103901,998.123,-0.0152803,0.382753,4.99977,999.515,5.52889
0.0010392,1018.38,-0.0137334,0.382324,4.99977,999.515,5.52889
0.0010394,1020.77,0.00941901,0.382079,4.99977,999.515,5.52889
0.0010396,1004.06,0.0179104,0.382402,4.99977,999.516,5.52889
0.00103981,993.354,0.00321498,0.382814,4.99977,999.516,5.52889
0.00104001,1000.99,-0.0157921,0.382851,4.99977,999.517,5.52889
0.0010402,1018.49,-0.0113606,0.382431,4.99977,999.517,5.52889
0.0010404,1019.52,0.00907484,0.382218,4.99977,999.517,5.52889
0.0010406,1003.56,0.0162093,0.382513,4.99977,999.518,5.52889
0.00104081,994.342,0.00169143,0.382865,4.99977,999.518,5.52889
0.00104101,1002.04,-0.0148652,0.382852,4.99977,999.518,5.52889
0.0010412,1018.12,-0.00969687,0.382433,4.99977,999.518,5.52889
0.0010414,1018.19,0.00908781,0.382234,4.99977,999.519,5.52889
0.0010416,1003.2,0.014631,0.382499,4.99977,999.519,5.52889
0.0010418,995.369,-0.00119395,0.382809,4.99977,999.52,5.52889
0.001042,1005.27,-0.014842,0.382696,4.99977,999.52,5.52889
0.00104221,1017.24,-0.00897701,0.382338,4.99977,999.52,5.52889
0.00104241,1017.57,0.00794086,0.382129,4.99977,999.52,5.52889
0.0010426,1002.11,0.01263,0.382393,4.99977,999.521,5.52889
0.00104281,996.33,-0.000746118,0.382609,4.99977,999.521,5.52889
0.00104301,1005.09,-0.0135541,0.382491,4.99977,999.522,5.52889
0.0010432,1017.48,-0.00627005,0.382091,4.99977,999.522,5.52889
0.00104341,1015.65,0.00911057,0.381924,4.99977,999.522,5.52889
0.0010436,1001.8,0.011055,0.382157,4.99977,999.523,5.52889
0.0010438,997.561,-0.00330519,0.382329,4.99977,999.523,5.52889
0.001044,1007.61,-0.0128183,0.38213,4.99977,999.523,5.52889
0.0010442,1016.98,-0.00497022,0.381769,4.99977,999.523,5.52889
0.0010444,1014.09,0.00947732,0.381616,4.99977,999.524,5.52889
0.0010446,1001.56,0.00953599,0.381818,4.99977,999.524,5.52889
0.0010448,998.499,-0.00361495,0.381931,4.99977,999.525,5.52889
0.001045,1008.36,-0.0117596,0.381704,4.99977,999.525,5.52889
0.00104521,1016.38,-0.00409031,0.381355,4.99977,999.525,5.52889
0.0010454,1013.04,0.00922894,0.381205,4.99977,999.525,5.52889
0.0010456,1001.63,0.0083345,0.381373,4.99977,999.526,5.52889
0.0010458,999.476,-0.00418614,0.381441,4.99977,999.526,5.52889
0.001046,1008.64,-0.0107725,0.381195,4.99977,999.526,5.52889
0.00104621,1015.88,-0.00296609,0.380845,4.99977,999.527,5.52889
0.00104641,1012.2,0.00881829,0.380699,4.99977,999.527,5.52889
0.0010466,1001.83,0.00733122,0.380832,4.99977,999.527,5.52889
0.00104681,1000.2,-0.00407274,0.380859,4.99977,999.528,5.52889
0.00104701,1008.27,-0.0099301,0.380612,4.99977,999.528,5.52889
0.0010472,1015.5,-0.000445423,0.380235,4.99977,999.528,5.52889
0.00104741,1011.15,0.00857799,0.380111,4.99977,999.529,5.52889
0.0010476,1001.87,0.00616184,0.380212,4.99977,999.529,5.52889
0.00104781,1000.77,-0.00362671,0.380192,4.99977,999.529,5.52889
0.001048,1009.66,-0.00879417,0.379909,4.99977,999.53,5.52889
0.0010482,1014.84,-0.000411672,0.379567,4.99977,999.53,5.52889
0.0010484,1009.54,0.00851259,0.379455,4.99977,999.53,5.52889
0.00104861,1002.36,0.00569831,0.379491,4.99977,999.531,5.52889
0.00104881,1001.96,-0.00479719,0.379453,4.99977,999.531,5.52889
0.00104901,1009.44,-0.00808353,0.379163,4.99977,999.531,5.52889
0.0010492,1014.22,0.00077443,0.378814,4.99977,999.532,5.52889
0.0010494,1009.39,0.00780256,0.378691,4.99977,999.532,5.52889
0.0010496,1001.99,0.00381524,0.378735,4.99977,999.532,5.52889
0.00104981,1002.45,-0.0044681,0.378635,4.99977,999.533,5.52889
0.00105,1010.38,-0.0068907,0.378317,4.99977,999.533,5.52889
0.00105021,1013.66,0.000757721,0.377994,4.99977,999.533,5.52889
0.0010504,1008.06,0.0074218,0.377884,4.99977,999.534,5.52889
0.00105061,1002.63,0.00388445,0.377857,4.99977,999.534,5.52889
0.0010508,1003.8,-0.00540188,0.377747,4.99977,999.534,5.52889
0.001051,1010.84,-0.00580913,0.377413,4.99977,999.534,5.52889
0.0010512,1012.9,0.00214497,0.377103,4.99977,999.535,5.52889
0.0010514,1007.89,0.00681036,0.376979,4.99977,999.535,5.52889
0.0010516,1002.5,0.00217742,0.376956,4.99977,999.535,5.52889
0.00105181,1003.81,-0.00458698,0.376794,4.99977,999.536,5.52889
0.00105201,1010.19,-0.00559911,0.376467,4.99977,999.536,5.52889
0.00105221,1012.53,0.00156554,0.376147,4.99977,999.536,5.52889
0.00105241,1007.92,0.00622032,0.376003,4.99977,999.537,5.52889
0.0010526,1002.8,0.00144834,0.375967,4.99977,999.537,5.52889
0.0010528,1005.31,-0.00530311,0.375774,4.99977,999.537,5.52889
0.00105301,1010.29,-0.00483546,0.375442,4.99977,999.538,5.52889
0.0010532,1011.72,0.00261831,0.375133,4.99977,999.538,5.52889
0.00105341,1006.97,0.00563299,0.374996,4.99977,999.538,5.52889
0.0010536,1003.1,0.000388274,0.374924,4.99977,999.539,5.52889
0.00105381,1005.37,-0.00473888,0.3747,4.99977,999.539,5.52889
0.001054,1011.01,-0.0032414,0.374347,4.99977,999.539,5.52889
0.0010542,1010.97,0.00312941,0.374064,4.99977,999.54,5.52889
0.0010544,1006.23,0.00490765,0.373929,4.99977,999.54,5.52889
0.0010546,1003.48,-0.000228782,0.373816,4.99977,999.54,5.52889
0.00105481,1006.19,-0.00468508,0.373567,4.99977,999.541,5.52889
0.00105501,1010.53,-0.00318598,0.373222,4.99977,999.541,5.52889
0.00105521,1010.59,0.0029453,0.372933,4.99977,999.541,5.52889
0.00105541,1006.22,0.00441392,0.372782,4.99977,999.541,5.52889
0.0010556,1003.9,-0.000901009,0.372657,4.99977,999.542,5.52889
0.0010558,1006.94,-0.00447184,0.372383,4.99977,999.542,5.52889
0.00105601,1010.7,-0.00205828,0.372034,4.99977,999.542,5.52889
0.0010562,1009.78,0.00334749,0.371763,4.99977,999.543,5.52889
0.00105641,1005.86,0.00374607,0.3716,4.99977,999.543,5.52889
0.00105661,1004.22,-0.000834612,0.371435,4.99977,999.543,5.52889
0.0010568,1007.57,-0.00411657,0.37115,4.99977,999.544,5.52889
0.001057,1010.63,-0.00113166,0.370802,4.99977,999.544,5.52889
0.0010572,1009.03,0.00347932,0.370545,4.99977,999.544,5.52889
0.00105741,1005.86,0.00328832,0.370354,4.99977,999.545,5.52889
0.0010576,1004.75,-0.00160715,0.370181,4.99977,999.545,5.52889
0.00105781,1007.48,-0.00371985,0.369875,4.99977,999.545,5.52889
0.001058,1010.41,-0.000488937,0.369528,4.99977,999.545,5.52889
0.0010582,1008.62,0.00328678,0.369272,4.99977,999.546,5.52889
0.0010584,1005.27,0.00213816,0.369098,4.99977,999.546,5.52889
0.00105861,1005.04,-0.00152673,0.368867,4.99977,999.546,5.52889
0.00105881,1008.12,-0.00326333,0.368553,4.99977,999.547,5.52889
0.001059,1010.13,2.0475e-05,0.368212,4.99977,999.547,5.52889
0.0010592,1007.94,0.0031708,0.367968,4.99977,999.547,5.52889
0.00105941,1005.5,0.00196714,0.367753,4.99977,999.548,5.52889
0.00105961,1005.55,-0.00193378,0.367522,4.99977,999.548,5.52889
0.00105981,1008.36,-0.00281625,0.367194,4.99977,999.548,5.52889
0.00106,1009.79,0.000656737,0.36686,4.99977,999.549,5.52889
0.00106021,1007.89,0.00284424,0.366598,4.99977,999.549,5.52889
0.0010604,1005.29,0.000797961,0.366409,4.99977,999.549,5.52889
0.00106061,1005.95,-0.00202397,0.366132,4.99977,999.55,5.52889
0.00106081,1008.4,-0.00244407,0.365796,4.99977,999.55,5.52889
0.001061,1009.38,0.00112039,0.365472,4.99977,999.55,5.52889
0.00106121,1007.38,0.00258785,0.365212,4.99977,999.55,5.52889
0.00106141,1005.47,0.000555292,0.364991,4.99977,999.551,5.52889
0.00106161,1006.51,-0.00217429,0.364709,4.99977,999.551,5.52889
0.0010618,1008.94,-0.0015429,0.364365,4.99977,999.551,5.52889
0.00106201,1009.14,0.00103594,0.364037,4.99977,999.552,5.52889
0.0010622,1006.84,0.00218264,0.363796,4.99977,999.552,5.52889
0.0010624,1005.64,-0.000161765,0.363555,4.99977,999.552,5.52889
0.00106261,1006.94,-0.00210605,0.363247,4.99977,999.553,5.52889
0.0010628,1008.97,-0.000961557,0.362902,4.99977,999.553,5.52889
0.00106301,1008.78,0.00123717,0.362577,4.99977,999.553,5.52889
0.0010632,1006.57,0.00175044,0.362336,4.99977,999.554,5.52889
0.0010634,1005.91,-0.000648775,0.36208,4.99977,999.554,5.52889
0.0010636,1007.56,-0.00193841,0.361758,4.99977,999.554,5.52889
0.00106381,1008.86,-0.000591778,0.361407,4.99977,999.554,5.52889
0.00106401,1008.23,0.00154141,0.361098,4.99977,999.555,5.52889
0.0010642,1006.35,0.0012282,0.360847,4.99977,999.555,5.52889
0.00106441,1006.13,-0.000725545,0.360559,4.99977,999.555,5.52889
0.0010646,1007.71,-0.00166518,0.360232,4.99977,999.556,5.52889
0.0010648,1008.73,9.56649e-05,0.359891,4.99977,999.556,5.52889
0.001065,1007.62,0.00159646,0.359596,4.99977,999.556,5.52889
0.0010652,1006.27,0.000741692,0.359323,4.99977,999.557,5.52889
0.00106541,1006.36,-0.000839737,0.359011,4.99977,999.557,5.52889
0.00106561,1007.85,-0.00137736,0.358678,4.99977,999.557,5.52889
0.0010658,1008.5,0.000418839,0.358343,4.99977,999.558,5.52889
0.00106601,1007.43,0.00141056,0.358039,4.99977,999.558,5.52889
0.0010662,1006.31,0.000334671,0.357765,4.99977,999.558,5.52889
0.00106641,1006.8,-0.00112686,0.35745,4.99977,999.558,5.52889
0.00106661,1008.08,-0.000944088,0.357104,4.99977,999.559,5.52889
0.00106681,1008.25,0.000602171,0.356767,4.99977,999.559,5.52889
0.00106701,1007.14,0.00119305,0.356468,4.99977,999.559,5.52889
0.0010672,1006.42,-0.00020392,0.356191,4.99977,999.56,5.52889
0.00106741,1007.04,-0.00108384,0.355849,4.99977,999.56,5.52889
0.00106761,1008.15,-0.000511207,0.355506,4.99977,999.56,5.52889
0.0010678,1007.89,0.000848284,0.35518,4.99977,999.561,5.52889
0.001068,1006.82,0.000833703,0.354884,4.99977,999.561,5.52889
0.00106821,1006.58,-0.000389661,0.354575,4.99977,999.561,5.52889
0.00106841,1007.43,-0.000989071,0.354237,4.99977,999.561,5.52889
0.0010686,1008.11,-4.91842e-05,0.353892,4.99977,999.562,5.52889
0.00106881,1007.73,0.000792809,0.353549,4.99977,999.562,5.52889
0.001069,1006.71,0.000478568,0.353265,4.99977,999.562,5.52889
0.00106921,1006.79,-0.00057282,0.352941,4.99977,999.563,5.52889
0.0010694,1007.68,-0.000728881,0.352601,4.99977,999.563,5.52889
0.0010696,1007.95,0.000258906,0.352256,4.99977,999.563,5.52889
0.00106981,1007.34,0.000803306,0.351928,4.99977,999.564,5.52889
0.00107,1006.7,0.000117571,0.351626,4.99977,999.564,5.52889
0.0010702,1007.05,-0.000680615,0.351291,4.99977,999.564,5.52889
0.00107041,1007.71,-0.000522534,0.350934,4.99977,999.564,5.52889
0.0010706,1007.73,0.000459917,0.350602,4.99977,999.565,5.52889
0.00107081,1007.15,0.000662297,0.350266,4.99977,999.565,5.52889
0.001071,1006.77,-0.000111698,0.349957,4.99977,999.565,5.52889
0.0010712,1007.29,-0.000644878,0.34962,4.99977,999.566,5.52889
0.0010714,1007.77,-0.000147059,0.349268,4.99977,999.566,5.52889
0.00107161,1007.6,0.000460364,0.348914,4.99977,999.566,5.52889
0.0010718,1006.95,0.000417266,0.348603,4.99977,999.567,5.52889
0.00107201,1006.88,-0.000270016,0.348269,4.99977,999.567,5.52889
0.0010722,1007.41,-0.000526433,0.347925,4.99977,999.567,5.52889
0.0010724,1007.7,3.42356e-05,0.347572,4.99977,999.567,5.52889
0.00107261,1007.37,0.000502356,0.34723,4.99977,999.568,5.52889
0.0010728,1006.88,0.000167231,0.346914,4.99977,999.568,5.52889
0.001073,1007.03,-0.000396534,0.346571,4.99977,999.568,5.52889
0.00107321,1007.46,-0.000398349,0.34621,4.99977,999.569,5.52889
0.0010734,1007.57,0.000238687,0.345873,4.99977,999.569,5.52889
0.00107361,1007.22,0.000441972,0.345522,4.99977,999.569,5.52889
0.0010738,1006.9,-2.52278e-05,0.345202,4.99977,999.569,5.52889
0.001074,1007.15,-0.000400954,0.34485,4.99977,999.57,5.52889
0.00107421,1007.51,-0.000229052,0.344489,4.99977,999.57,5.52889
0.00107441,1007.48,0.000243513,0.344134,4.99977,999.57,5.52889
0.00107461,1007.09,0.00033783,0.343799,4.99977,999.571,5.52889
0.0010748,1006.97,-0.000165225,0.343475,4.99977,999.571,5.52889
0.00107502,1007.18,-0.000350304,0.343098,4.99977,999.571,5.52889
0.0010752,1007.5,-4.06921e-05,0.342759,4.99977,999.572,5.52889
0.0010754,1007.31,0.000311724,0.342411,4.99977,999.572,5.52889
0.0010756,1007,0.000183069,0.342071,4.99977,999.572,5.52889
0.00107581,1007.02,-0.000196161,0.34172,4.99977,999.572,5.52889
0.001076,1007.32,-0.000269784,0.341367,4.99977,999.573,5.52889
0.0010762,1007.43,8.79649e-05,0.341014,4.99977,999.573,5.52889
0.00107641,1007.22,0.000284257,0.340656,4.99977,999.573,5.52889
0.0010766,1006.98,3.61757e-05,0.340325,4.99977,999.574,5.52889
0.0010768,1007.11,-0.000245631,0.33997,4.99977,999.574,5.52889
0.001077,1007.36,-0.000151393,0.339613,4.99977,999.574,5.52889
0.0010772,1007.35,0.000153896,0.339253,4.99977,999.574,5.52889
0.00107741,1007.13,0.000236098,0.338894,4.99977,999.575,5.52889
0.0010776,1006.99,-4.75763e-05,0.338558,4.99977,999.575,5.52889
0.00107781,1007.12,-0.000218492,0.338184,4.99977,999.575,5.52889
0.001078,1007.35,-5.43486e-05,0.337842,4.99977,999.576,5.52889
0.00107821,1007.28,0.000161544,0.337469,4.99977,999.576,5.52889
0.0010784,1007.05,0.0001497,0.337132,4.99977,999.576,5.52889
0.00107861,1007.02,-9.11144e-05,0.336773,4.99977,999.577,5.52889
0.00107881,1007.19,-0.000190787,0.336414,4.99977,999.577,5.52889
0.00107901,1007.31,7.59487e-06,0.336055,4.99977,999.577,5.52889
0.00107921,1007.2,0.00017215,0.335688,4.99977,999.577,5.52889
0.0010794,1007.01,6.39587e-05,0.335352,4.99977,999.578,5.52889
0.0010796,1007.07,-0.000145754,0.334997,4.99977,999.578,5.52889
0.00107981,1007.2,-0.00014832,0.334616,4.99977,999.578,5.52889
0.00108,1007.25,7.56087e-05,0.33427,4.99977,999.579,5.52889
0.0010802,1007.1,0.000151342,0.333918,4.99977,999.579,5.52889
0.0010804,1007.01,-6.59271e-06,0.33356,4.99977,999.579,5.52889
0.00108061,1007.09,-0.000139356,0.33319,4.99977,999.579,5.52889
0.00108081,1007.22,-7.95633e-05,0.332826,4.99977,999.58,5.52889
0.001081,1007.19,0.00010398,0.33247,4.99977,999.58,5.52889
0.00108121,1007.07,0.000120288,0.332103,4.99977,999.58,5.52889
0.0010814,1007.02,-5.82119e-05,0.33176,4.99977,999.581,5.52889
0.0010816,1007.13,-0.000124182,0.331394,4.99977,999.581,5.52889
0.00108181,1007.2,-1.91085e-05,0.331022,4.99977,999.581,5.52889
0.00108201,1007.15,0.000103275,0.330651,4.99977,999.581,5.52889
0.00108221,1007.03,7.3494e-05,0.330296,4.99977,999.582,5.52889
0.0010824,1007.03,-8.16029e-05,0.329947,4.99977,999.582,5.52889
0.00108261,1007.13,-9.81011e-05,0.329572,4.99977,999.582,5.52889
0.0010828,1007.16,3.77653e-05,0.329218,4.99977,999.583,5.52889
0.00108302,1007.1,9.76488e-05,0.328827,4.99977,999.583,5.52889
0.0010832,1007,1.79128e-05,0.328489,4.99977,999.583,5.52889
0.00108342,1007.03,-7.15069e-05,0.328103,4.99977,999.583,5.52889
0.00108361,1007.12,-6.52874e-05,0.327749,4.99977,999.584,5.52889
0.0010838,1007.12,5.79538e-05,0.327394,4.99977,999.584,5.52889
0.001084,1007.03,7.68855e-05,0.327035,4.99977,999.584,5.52889
0.0010842,1006.99,-1.32283e-05,0.326663,4.99977,999.585,5.52889
0.0010844,1007.05,-8.12948e-05,0.326299,4.99977,999.585,5.52889
0.0010846,1007.12,-1.99377e-05,0.325934,4.99977,999.585,5.52889
0.00108481,1007.09,5.61259e-05,0.325549,4.99977,999.585,5.52889
0.00108501,1007.01,5.55879e-05,0.325196,4.99977,999.586,5.52889
0.00108521,1006.99,-3.16727e-05,0.324828,4.99977,999.586,5.52889
0.00108541,1007.05,-6.85831e-05,0.324457,4.99977,999.586,5.52889
0.0010856,1007.09,1.03941e-05,0.324104,4.99977,999.587,5.52889
0.0010858,1007.04,6.54256e-05,0.323739,4.99977,999.587,5.52889
0.00108601,1006.98,2.89148e-05,0.323361,4.99977,999.587,5.52889
0.00108621,1006.99,-4.32672e-05,0.322988,4.99977,999.587,5.52889
0.00108641,1007.05,-4.80863e-05,0.322628,4.99977,999.588,5.52889
0.00108661,1007.06,2.16454e-05,0.322257,4.99977,999.588,5.52889
0.0010868,1007.01,5.56326e-05,0.321893,4.99977,999.588,5.52889
0.001087,1006.97,-2.2946e-08,0.321531,4.99977,999.589,5.52889
0.00108721,1006.99,-4.55125e-05,0.321141,4.99977,999.589,5.52889
0.0010874,1007.04,-2.29662e-05,0.320793,4.99977,999.589,5.52889
0.0010876,1007.03,3.56326e-05,0.320418,4.99977,999.589,5.52889
0.0010878,1006.97,3.90621e-05,0.320056,4.99977,999.59,5.52889
0.001088,1006.96,-1.69598e-05,0.319686,4.99977,999.59,5.52889
0.0010882,1006.99,-4.45273e-05,0.319319,4.99977,999.59,5.52889
0.00108841,1007.02,-7.4031e-06,0.318941,4.99977,999.591,5.52889
0.00108861,1007,3.51205e-05,0.318557,4.99977,999.591,5.52889
0.00108881,1006.95,2.69527e-05,0.318199,4.99977,999.591,5.52889
0.001089,1006.95,-2.76486e-05,0.31784,4.99977,999.591,5.52889
0.00108921,1006.98,-3.68717e-05,0.317451,4.99977,999.592,5.52889
0.0010894,1007,1.24597e-05,0.317101,4.99977,999.592,5.52889
0.0010896,1006.96,3.62673e-05,0.316727,4.99977,999.592,5.52889
0.0010898,1006.93,7.05168e-06,0.316358,4.99977,999.592,5.52889
0.00109001,1006.94,-2.82236e-05,0.315976,4.99977,999.593,5.52889
0.0010902,1006.97,-2.13858e-05,0.315614,4.99977,999.593,5.52889
0.00109041,1006.97,1.54284e-05,0.315233,4.99977,999.593,5.52889
0.00109061,1006.94,2.96752e-05,0.314866,4.99977,999.594,5.52889
0.0010908,1006.92,-6.14639e-06,0.314506,4.99977,999.594,5.52889
0.00109101,1006.93,-2.77867e-05,0.314117,4.99977,999.594,5.52889
0.00109121,1006.96,-1.05076e-05,0.313754,4.99977,999.594,5.52889
0.00109141,1006.94,2.26712e-05,0.313385,4.99977,999.595,5.52889
0.00109161,1006.92,2.22699e-05,0.313003,4.99977,999.595,5.52889
0.00109181,1006.91,-1.2018e-05,0.312642,4.99977,999.595,5.52889
0.001092,1006.93,-2.37187e-05,0.312273,4.99977,999.596,5.52889
0.00109221,1006.94,8.16465e-07,0.311899,4.99977,999.596,5.52889
0.00109241,1006.92,2.15745e-05,0.311514,4.99977,999.596,5.52889
0.0010926,1006.89,8.43339e-06,0.311162,4.99977,999.596,5.52889
0.0010928,1006.9,-1.81502e-05,0.310793,4.99977,999.597,5.52889
0.00109301,1006.91,-1.76276e-05,0.310409,4.99977,999.597,5.52889
0.0010932,1006.91,9.97492e-06,0.310047,4.99977,999.597,5.52889
0.00109341,1006.9,1.99277e-05,0.309651,4.99977,999.597,5.52889
0.0010936,1006.88,-1.02278e-06,0.309306,4.99977,999.598,5.52889
0.0010938,1006.88,-1.78238e-05,0.308927,4.99977,999.598,5.52889
0.001094,1006.9,-7.44392e-06,0.30856,4.99977,999.598,5.52889
0.0010942,1006.89,1.34785e-05,0.308185,4.99977,999.599,5.52889
0.00109441,1006.87,1.51303e-05,0.307804,4.99977,999.599,5.52889
0.00109461,1006.86,-5.01734e-06,0.307435,4.99977,999.599,5.52889
0.00109481,1006.87,-1.58085e-05,0.307054,4.99977,999.599,5.52889
0.001095,1006.88,-1.32268e-06,0.306695,4.99977,999.6,5.52889
0.00109522,1006.87,1.12712e-05,0.306292,4.99977,999.6,5.52889
0.0010954,1006.85,7.84472e-06,0.305952,4.99977,999.6,5.52889
0.00109561,1006.85,-8.83613e-06,0.305572,4.99977,999.601,5.52889
0.0010958,1006.86,-1.19308e-05,0.305203,4.99977,999.601,5.52889
0.001096,1006.86,4.10532e-06,0.304833,4.99977,999.601,5.52889
0.00109621,1006.84,1.28682e-05,0.30445,4.99977,999.601,5.52889
0.00109641,1006.83,3.44169e-06,0.304081,4.99977,999.602,5.52889
0.00109662,1006.83,-8.54002e-06,0.303688,4.99977,999.602,5.52889
0.00109681,1006.84,-8.59753e-06,0.303328,4.99977,999.602,5.52889
0.001097,1006.84,7.17417e-06,0.302969,4.99977,999.602,5.52889
0.00109721,1006.82,1.08913e-05,0.302576,4.99977,999.603,5.52889
0.0010974,1006.81,-1.59393e-06,0.302221,4.99977,999.603,5.52889
0.0010976,1006.82,-1.01381e-05,0.30185,4.99977,999.603,5.52889
0.0010978,1006.82,-2.4173e-06,0.301479,4.99977,999.604,5.52889
0.00109801,1006.82,7.25041e-06,0.301088,4.99977,999.604,5.52889
0.0010982,1006.8,6.89046e-06,0.300729,4.99977,999.604,5.52889
0.00109841,1006.8,-3.80469e-06,0.300349,4.99977,999.604,5.52889
0.0010986,1006.8,-8.36333e-06,0.299981,4.99977,999.605,5.52889
0.0010988,1006.8,1.32776e-06,0.299616,4.99977,999.605,5.52889
0.00109902,1006.8,7.13507e-06,0.299209,4.99977,999.605,5.52889
0.00109921,1006.78,3.897e-06,0.298859,4.99977,999.605,5.52889
0.00109941,1006.78,-5.3807e-06,0.298482,4.99977,999.606,5.52889
0.0010996,1006.79,-5.59109e-06,0.298121,4.99977,999.606,5.52889
0.0010998,1006.78,3.20981e-06,0.297745,4.99977,999.606,5.52889
0.0011,1006.77,6.9144e-06,0.297379,4.99977,999.606,5.52889
0.0011002,1006.77,5.81047e-08,0.297004,4.99977,999.607,5.52889
0.00110041,1006.76,-5.62753e-06,0.29661,4.99977,999.607,5.52889
0.0011006,1006.77,-2.7368e-06,0.296259,4.99977,999.607,5.52889
0.0011008,1006.76,4.65486e-06,0.295882,4.99977,999.608,5.52889
0.00110101,1006.75,5.54602e-06,0.2955,4.99977,999.608,5.52889
0.0011012,1006.75,-2.24019e-06,0.295142,4.99977,999.608,5.52889
0.00110141,1006.75,-5.45312e-06,0.294746,4.99977,999.608,5.52889
0.0011016,1006.75,-5.8465e-07,0.294392,4.99977,999.609,5.52889
0.0011018,1006.74,5.05833e-06,0.29402,4.99977,999.609,5.52889
0.001102,1006.73,2.99398e-06,0.293649,4.99977,999.609,5.52889
0.00110221,1006.73,-3.02861e-06,0.293271,4.99977,999.609,5.52889
0.0011024,1006.73,-4.18797e-06,0.292901,4.99977,999.61,5.52889
0.0011026,1006.73,1.38409e-06,0.292531,4.99977,999.61,5.52889
0.00110281,1006.72,4.53243e-06,0.292141,4.99977,999.61,5.52889
0.00110301,1006.72,1.38436e-06,0.29178,4.99977,999.611,5.52889
0.0011032,1006.71,-3.69289e-06,0.291413,4.99977,999.611,5.52889
0.0011034,1006.71,-2.4334e-06,0.291043,4.99977,999.611,5.52889
0.00110361,1006.71,2.32986e-06,0.290665,4.99977,999.611,5.52889
0.00110381,1006.7,3.91251e-06,0.290282,4.99977,999.612,5.52889
0.001104,1006.7,-5.9479e-07,0.289927,4.99977,999.612,5.52889
0.00110422,1006.7,-3.15214e-06,0.289526,4.99977,999.612,5.52889
0.0011044,1006.7,-7.44286e-07,0.289186,4.99977,999.612,5.52889
0.00110461,1006.69,2.76728e-06,0.2888,4.99977,999.613,5.52889
0.0011048,1006.68,2.38402e-06,0.288442,4.99977,999.613,5.52889
0.001105,1006.68,-1.5137e-06,0.288065,4.99977,999.613,5.52889
0.0011052,1006.68,-2.8139e-06,0.287698,4.99977,999.613,5.52889
0.0011054,1006.68,3.19827e-07,0.287323,4.99977,999.614,5.52889
0.0011056,1006.67,2.98802e-06,0.286951,4.99977,999.614,5.52889
0.00110581,1006.67,1.49794e-06,0.286574,4.99977,999.614,5.52889
0.00110601,1006.66,-1.8099e-06,0.286198,4.99977,999.615,5.52889
0.0011062,1006.66,-1.98826e-06,0.285837,4.99977,999.615,5.52889
0.0011064,1006.66,1.0901e-06,0.285462,4.99977,999.615,5.52889
0.0011066,1006.65,2.56689e-06,0.285097,4.99977,999.615,5.52889
0.0011068,1006.65,3.836e-07,0.284719,4.99977,999.616,5.52889
0.00110701,1006.65,-2.03719e-06,0.284344,4.99977,999.616,5.52889
0.00110721,1006.64,-1.26206e-06,0.283973,4.99977,999.616,5.52889
0.00110741,1006.64,1.37221e-06,0.283595,4.99977,999.616,5.52889
0.0011076,1006.64,1.96094e-06,0.283239,4.99977,999.617,5.52889
0.0011078,1006.63,-6.45571e-07,0.282873,4.99977,999.617,5.52889
0.001108,1006.63,-1.89077e-06,0.282496,4.99977,999.617,5.52889
0.00110821,1006.63,-3.53464e-07,0.282121,4.99977,999.617,5.52889
0.00110841,1006.62,1.62385e-06,0.281739,4.99977,999.618,5.52889
0.00110861,1006.62,1.33369e-06,0.281382,4.99977,999.618,5.52889
0.00110881,1006.61,-8.34448e-07,0.281007,4.99977,999.618,5.52889
0.001109,1006.61,-1.47956e-06,0.280642,4.99977,999.618,5.52889
0.0011092,1006.61,4.82107e-07,0.280276,4.99977,999.619,5.52889
0.00110941,1006.6,1.7178e-06,0.279898,4.99977,999.619,5.52889
0.0011096,1006.6,4.99733e-07,0.279539,4.99977,999.619,5.52889
0.00110981,1006.6,-9.92027e-07,0.279149,4.99977,999.62,5.52889
0.00111001,1006.59,-1.00952e-06,0.278788,4.99977,999.62,5.52889
0.0011102,1006.59,9.48599e-07,0.278429,4.99977,999.62,5.52889
0.00111041,1006.58,1.46325e-06,0.278052,4.99977,999.62,5.52889
0.0011106,1006.58,-4.51578e-09,0.277688,4.99977,999.621,5.52889
0.00111081,1006.58,-1.1008e-06,0.277304,4.99977,999.621,5.52889
0.001111,1006.58,-3.81616e-07,0.276947,4.99977,999.621,5.52889
0.0011112,1006.57,1.11323e-06,0.27658,4.99977,999.621,5.52889
0.00111141,1006.57,1.12166e-06,0.276202,4.99977,999.622,5.52889
0.0011116,1006.56,-3.38095e-07,0.275838,4.99977,999.622,5.52889
0.00111181,1006.56,-9.86846e-07,0.275462,4.99977,999.622,5.52889
0.00111201,1006.56,1.45644e-08,0.275098,4.99977,999.622,5.52889
0.00111222,1006.55,9.60306e-07,0.274707,4.99977,999.623,5.52889
0.0011124,1006.55,5.76508e-07,0.274371,4.99977,999.623,5.52889
0.0011126,1006.54,-5.99754e-07,0.273999,4.99977,999.623,5.52889
0.00111281,1006.54,-7.65201e-07,0.273614,4.99977,999.623,5.52889
0.001113,1006.54,4.52903e-07,0.273263,4.99977,999.624,5.52889
0.00111321,1006.53,1.00193e-06,0.272874,4.99977,999.624,5.52889
0.00111341,1006.53,3.27667e-07,0.272519,4.99977,999.624,5.52889
0.0011136,1006.53,-6.49226e-07,0.272157,4.99977,999.624,5.52889
0.00111381,1006.52,-3.95058e-07,0.271785,4.99977,999.625,5.52889
0.00111401,1006.52,5.44471e-07,0.271411,4.99977,999.625,5.52889
0.0011142,1006.52,7.90449e-07,0.27106,4.99977,999.625,5.52889
0.0011144,1006.51,-6.65082e-08,0.270691,4.99977,999.625,5.52889
0.0011146,1006.51,-5.93706e-07,0.270321,4.99977,999.626,5.52889
0.00111481,1006.51,-1.0505e-07,0.269947,4.99977,999.626,5.52889
0.00111501,1006.5,6.13926e-07,0.269567,4.99977,999.626,5.52889
0.0011152,1006.5,5.9274e-07,0.269216,4.99977,999.626,5.52889
0.0011154,1006.49,-2.15036e-07,0.268851,4.99977,999.627,5.52889
0.00111561,1006.49,-4.70985e-07,0.268478,4.99977,999.627,5.52889
0.00111581,1006.49,1.58075e-07,0.268114,4.99977,999.627,5.52889
0.001116,1006.48,6.95354e-07,0.267752,4.99977,999.627,5.52889
0.00111621,1006.48,3.63918e-07,0.267382,4.99977,999.628,5.52889
0.00111641,1006.48,-2.87361e-07,0.267014,4.99977,999.628,5.52889
0.00111661,1006.47,-2.95924e-07,0.266648,4.99977,999.628,5.52889
0.0011168,1006.47,3.87656e-07,0.266292,4.99977,999.629,5.52889
0.00111701,1006.47,6.12563e-07,0.265918,4.99977,999.629,5.52889
0.0011172,1006.46,1.37734e-07,0.265556,4.99977,999.629,5.52889
0.00111741,1006.46,-2.89506e-07,0.265177,4.99977,999.629,5.52889
0.0011176,1006.46,-6.23903e-08,0.264829,4.99977,999.63,5.52889
0.00111781,1006.45,3.67319e-07,0.264441,4.99977,999.63,5.52889
0.001118,1006.45,4.83318e-07,0.264094,4.99977,999.63,5.52889
0.0011182,1006.44,-1.42665e-08,0.26373,4.99977,999.63,5.52889
0.00111841,1006.44,-2.65265e-07,0.263359,4.99977,999.631,5.52889
0.0011186,1006.44,8.17815e-08,0.263,4.99977,999.631,5.52889
0.00111881,1006.43,4.64093e-07,0.262631,4.99977,999.631,5.52889
0.00111901,1006.43,3.5681e-07,0.262266,4.99977,999.631,5.52889
0.0011192,1006.43,-1.01613e-07,0.261907,4.99977,999.632,5.52889
0.0011194,1006.42,-1.53419e-07,0.261549,4.99977,999.632,5.52889
0.00111961,1006.42,1.8565e-07,0.261173,4.99977,999.632,5.52889
0.00111981,1006.42,4.39971e-07,0.260804,4.99977,999.632,5.52889
0.00112,1006.41,1.88467e-07,0.260455,4.99977,999.633,5.52889
0.0011202,1006.41,-1.4102e-07,0.260093,4.99977,999.633,5.52889
0.0011204,1006.41,-5.75639e-08,0.259723,4.99977,999.633,5.52889
0.00112061,1006.4,2.51817e-07,0.259348,4.99977,999.633,5.52889
0.0011208,1006.4,3.79237e-07,0.258998,4.99977,999.634,5.52889
0.00112101,1006.39,1.12062e-07,0.25863,4.99977,999.634,5.52889
0.0011212,1006.39,-1.17309e-07,0.258274,4.99977,999.634,5.52889
0.0011214,1006.39,5.1973e-08,0.257907,4.99977,999.634,5.52889
0.00112162,1006.38,2.84943e-07,0.257525,4.99977,999.635,5.52889
0.0011218,1006.38,2.87207e-07,0.257188,4.99977,999.635,5.52889
0.001122,1006.38,2.41408e-08,0.256821,4.99977,999.635,5.52889
0.00112221,1006.37,-7.11287e-08,0.256455,4.99977,999.635,5.52889
0.0011224,1006.37,1.68553e-07,0.256104,4.99977,999.636,5.52889
0.0011226,1006.37,3.2587e-07,0.255737,4.99977,999.636,5.52889
0.00112281,1006.36,2.36403e-07,0.255362,4.99977,999.636,5.52889
0.001123,1006.36,-2.29157e-08,0.255018,4.99977,999.636,5.52889
0.0011232,1006.36,5.22534e-09,0.254652,4.99977,999.637,5.52889
0.00112341,1006.35,2.02455e-07,0.254284,4.99977,999.637,5.52889
0.00112361,1006.35,2.96371e-07,0.253915,4.99977,999.637,5.52889
0.0011238,1006.34,1.29106e-07,0.253569,4.99977,999.637,5.52889
0.00112401,1006.34,-1.22575e-08,0.253203,4.99977,999.638,5.52889
0.00112421,1006.34,6.9449e-08,0.25284,4.99977,999.638,5.52889
0.00112441,1006.33,2.36578e-07,0.252477,4.99977,999.638,5.52889
0.0011246,1006.33,2.35801e-07,0.252127,4.99977,999.638,5.52889
0.00112481,1006.33,8.38593e-08,0.251759,4.99977,999.639,5.52889
0.001125,1006.32,1.81475e-08,0.251404,4.99977,999.639,5.52889
0.00112521,1006.32,1.35266e-07,0.251036,4.99977,999.639,5.52889
0.00112542,1006.32,2.3521e-07,0.250659,4.99977,999.639,5.52889
0.0011256,1006.31,1.67007e-07,0.250325,4.99977,999.64,5.52889
0.0011258,1006.31,4.38325e-08,0.249969,4.99977,999.64,5.52889
0.00112601,1006.31,7.2561e-08,0.249599,4.99977,999.64,5.52889
0.00112622,1006.3,1.73516e-07,0.249222,4.99977,999.64,5.52889
0.00112642,1006.3,2.16626e-07,0.248868,4.99977,999.641,5.52889
0.00112661,1006.29,1.0236e-07,0.248528,4.99977,999.641,5.52889
0.0011268,1006.29,6.86421e-08,0.248175,4.99977,999.641,5.52889
0.00112701,1006.29,1.39724e-07,0.247798,4.99977,999.641,5.52889
0.00112721,1006.28,2.00791e-07,0.247445,4.99977,999.642,5.52889
0.0011274,1006.28,1.32852e-07,0.247101,4.99977,999.642,5.52889
0.0011276,1006.28,8.39886e-08,0.246744,4.99977,999.642,5.52889
0.00112782,1006.27,1.20442e-07,0.246362,4.99977,999.642,5.52889
0.001128,1006.27,1.81679e-07,0.246023,4.99977,999.643,5.52889
0.0011282,1006.27,1.43599e-07,0.245673,4.99977,999.643,5.52889
0.00112842,1006.26,1.09482e-07,0.245282,4.99977,999.643,5.52889
0.00112862,1006.26,1.19085e-07,0.244925,4.99977,999.643,5.52889
0.00112882,1006.26,1.61152e-07,0.244568,4.99977,999.644,5.52889
0.00112902,1006.25,1.56686e-07,0.244211,4.99977,999.644,5.52889
0.00112922,1006.25,1.22755e-07,0.243855,4.99977,999.644,5.52889
0.00112942,1006.24,1.24405e-07,0.243498,4.99977,999.644,5.52889
0.00112962,1006.24,1.52339e-07,0.243142,4.99977,999.644,5.52889
0.00112982,1006.24,1.53328e-07,0.242786,4.99977,999.645,5.52889
0.00113002,1006.23,1.31204e-07,0.24243,4.99977,999.645,5.52889
0.00113022,1006.23,1.29263e-07,0.242074,4.99977,999.645,5.52889
0.00113042,1006.23,1.47404e-07,0.241718,4.99977,999.645,5.52889
0.00113062,1006.22,1.50621e-07,0.241363,4.99977,999.646,5.52889
0.00113082,1006.22,1.36568e-07,0.241008,4.99977,999.646,5.52889
0.00113102,1006.22,1.33384e-07,0.240652,4.99977,999.646,5.52889
0.00113122,1006.21,1.44917e-07,0.240297,4.99977,999.646,5.52889
0.00113142,1006.21,1.48679e-07,0.239943,4.99977,999.647,5.52889
0.00113162,1006.21,1.40009e-07,0.239588,4.99977,999.647,5.52889
0.00113182,1006.2,1.36759e-07,0.239234,4.99977,999.647,5.52889
0.00113202,1006.2,1.43936e-07,0.238879,4.99977,999.647,5.52889
0.00113222,1006.2,1.47451e-07,0.238525,4.99977,999.648,5.52889
0.00113242,1006.19,1.42284e-07,0.238171,4.99977,999.648,5.52889
0.00113262,1006.19,1.39479e-07,0.237817,4.99977,999.648,5.52889
0.00113282,1006.18,1.43853e-07,0.237464,4.99977,999.648,5.52889
0.00113302,1006.18,1.46817e-07,0.23711,4.99977,999.649,5.52889
0.00113322,1006.18,1.43878e-07,0.236757,4.99977,999.649,5.52889
0.00113342,1006.17,1.41672e-07,0.236404,4.99977,999.649,5.52889
0.00113362,1006.17,1.44288e-07,0.236051,4.99977,999.649,5.52889
0.00113382,1006.17,1.46645e-07,0.235698,4.99977,999.65,5.52889
0.00113402,1006.16,1.45086e-07,0.235346,4.99977,999.65,5.52889
0.00113422,1006.16,1.43467e-07,0.234993,4.99977,999.65,5.52889
0.00113442,1006.16,1.45008e-07,0.234641,4.99977,999.65,5.52889
0.00113462,1006.15,1.46816e-07,0.234289,4.99977,999.651,5.52889
0.00113482,1006.15,1.46088e-07,0.233937,4.99977,999.651,5.52889
0.00113502,1006.15,1.44971e-07,0.233585,4.99977,999.651,5.52889
0.00113522,1006.14,1.45874e-07,0.233234,4.99977,999.651,5.52889
0.00113542,1006.14,1.47232e-07,0.232882,4.99977,999.651,5.52889
0.00113562,1006.14,1.4699e-07,0.232531,4.99977,999.652,5.52889
0.00113582,1006.13,1.46268e-07,0.23218,4.99977,999.652,5.52889
0.00113602,1006.13,1.46807e-07,0.231829,4.99977,999.652,5.52889
0.00113622,1006.12,1.4782e-07,0.231478,4.99977,999.652,5.52889
0.00113642,1006.12,1.47847e-07,0.231128,4.99977,999.653,5.52889
0.00113662,1006.12,1.47423e-07,0.230778,4.99977,999.653,5.52889
0.00113682,1006.11,1.47764e-07,0.230427,4.99977,999.653,5.52889
0.00113702,1006.11,1.48523e-07,0.230077,4.99977,999.653,5.52889
0.00113722,1006.11,1.48692e-07,0.229728,4.99977,999.654,5.52889
0.00113742,1006.1,1.48482e-07,0.229378,4.99977,999.654,5.52889
0.00113762,1006.1,1.48723e-07,0.229028,4.99977,999.654,5.52889
0.00113782,1006.1,1.49301e-07,0.228679,4.99977,999.654,5.52889
0.00113802,1006.09,1.49539e-07,0.22833,4.99977,999.655,5.52889
0.00113822,1006.09,1.49479e-07,0.227981,4.99977,999.655,5.52889
0.00113842,1006.09,1.49675e-07,0.227632,4.99977,999.655,5.52889
0.00113862,1006.08,1.50128e-07,0.227284,4.99977,999.655,5.52889
0.00113882,1006.08,1.50392e-07,0.226935,4.99977,999.656,5.52889
0.00113902,1006.08,1.50434e-07,0.226587,4.99977,999.656,5.52889
0.00113922,1006.07,1.50616e-07,0.226239,4.99977,999.656,5.52889
0.00113942,1006.07,1.50983e-07,0.225891,4.99977,999.656,5.52889
0.00113962,1006.07,1.5125e-07,0.225543,4.99977,999.656,5.52889
0.00113982,1006.06,1.51365e-07,0.225196,4.99977,999.657,5.52889
0.00114002,1006.06,1.51547e-07,0.224848,4.99977,999.657,5.52889
0.00114022,1006.05,1.51852e-07,0.224501,4.99977,999.657,5.52889
0.00114042,1006.05,1.52117e-07,0.224154,4.99977,999.657,5.52889
0.00114062,1006.05,1.52279e-07,0.223808,4.99977,999.658,5.52889
0.00114082,1006.04,1.52464e-07,0.223461,4.99977,999.658,5.52889
0.00114102,1006.04,1.52734e-07,0.223114,4.99977,999.658,5.52889
0.00114122,1006.04,1.52991e-07,0.222768,4.99977,999.658,5.52889
0.00114142,1006.03,1.53178e-07,0.222422,4.99977,999.659,5.52889
0.00114162,1006.03,1.5337e-07,0.222076,4.99977,999.659,5.52889
0.00114182,1006.03,1.53619e-07,0.22173,4.99977,999.659,5.52889
0.00114202,1006.02,1.53867e-07,0.221385,4.99977,999.659,5.52889
0.00114222,1006.02,1.54068e-07,0.221039,4.99977,999.66,5.52889
0.00114242,1006.02,1.54269e-07,0.220694,4.99977,999.66,5.52889
0.00114262,1006.01,1.54506e-07,0.220349,4.99977,999.66,5.52889
0.00114282,1006.01,1.54743e-07,0.220004,4.99977,999.66,5.52889
0.00114302,1006.01,1.54955e-07,0.21966,4.99977,999.66,5.52889
0.00114322,1006,1.55161e-07,0.219315,4.99977,999.661,5.52889
0.00114342,1006,1.55388e-07,0.218971,4.99977,999.661,5.52889
0.00114362,1006,1.55621e-07,0.218627,4.99977,999.661,5.52889
0.00114382,1005.99,1.55835e-07,0.218283,4.99977,999.661,5.52889
0.00114402,1005.99,1.56044e-07,0.217939,4.99977,999.662,5.52889
0.00114422,1005.99,1.56267e-07,0.217596,4.99977,999.662,5.52889
0.00114442,1005.98,1.56496e-07,0.217252,4.99977,999.662,5.52889
0.00114462,1005.98,1.56713e-07,0.216909,4.99977,999.662,5.52889
0.00114482,1005.97,1.56923e-07,0.216566,4.99977,999.663,5.52889
0.00114502,1005.97,1.57143e-07,0.216223,4.99977,999.663,5.52889
0.00114522,1005.97,1.57367e-07,0.21588,4.99977,999.663,5.52889
0.00114542,1005.96,1.57585e-07,0.215538,4.99977,999.663,5.52889
0.00114562,1005.96,1.57799e-07,0.215196,4.99977,999.663,5.52889
0.00114582,1005.96,1.58013e-07,0.214853,4.99977,999.664,5.52889
0.00114602,1005.95,1.58234e-07,0.214512,4.99977,999.664,5.52889
0.00114622,1005.95,1.58452e-07,0.21417,4.99977,999.664,5.52889
0.00114642,1005.95,1.58667e-07,0.213828,4.99977,999.664,5.52889
0.00114662,1005.94,1.58881e-07,0.213487,4.99977,999.665,5.52889
0.00114682,1005.94,1.59098e-07,0.213146,4.99977,999.665,5.52889
0.00114702,1005.94,1.59315e-07,0.212805,4.99977,999.665,5.52889
0.00114722,1005.93,1.59529e-07,0.212464,4.99977,999.665,5.52889
0.00114742,1005.93,1.59742e-07,0.212123,4.99977,999.666,5.52889
0.00114762,1005.93,1.59956e-07,0.211783,4.99977,999.666,5.52889
0.00114782,1005.92,1.60172e-07,0.211442,4.99977,999.666,5.52889
0.00114802,1005.92,1.60387e-07,0.211102,4.99977,999.666,5.52889
0.00114822,1005.92,1.60598e-07,0.210762,4.99977,999.666,5.52889
0.00114842,1005.91,1.6081e-07,0.210422,4.99977,999.667,5.52889
0.00114862,1005.91,1.61024e-07,0.210083,4.99977,999.667,5.52889
0.00114882,1005.91,1.61238e-07,0.209744,4.99977,999.667,5.52889
0.00114902,1005.9,1.61448e-07,0.209404,4.99977,999.667,5.52889
0.00114922,1005.9,1.61657e-07,0.209065,4.99977,999.668,5.52889
0.00114942,1005.9,1.61869e-07,0.208726,4.99977,999.668,5.52889
0.00114962,1005.89,1.62084e-07,0.208388,4.99977,999.668,5.52889
0.00114982,1005.89,1.62292e-07,0.208049,4.99977,999.668,5.52889
0.00115002,1005.88,1.62498e-07,0.207711,4.99977,999.669,5.52889
0.00115022,1005.88,1.62711e-07,0.207373,4.99977,999.669,5.52889
0.00115042,1005.88,1.62922e-07,0.207035,4.99977,999.669,5.52889
0.00115062,1005.87,1.63129e-07,0.206697,4.99977,999.669,5.52889
0.00115082,1005.87,1.63335e-07,0.20636,4.99977,999.669,5.52889
0.00115102,1005.87,1.63544e-07,0.206022,4.99977,999.67,5.52889
0.00115122,1005.86,1.63754e-07,0.205685,4.99977,999.67,5.52889
0.00115142,1005.86,1.63959e-07,0.205348,4.99977,999.67,5.52889
0.00115162,1005.86,1.64165e-07,0.205012,4.99977,999.67,5.52889
0.00115182,1005.85,1.64373e-07,0.204675,4.99977,999.671,5.52889
0.00115202,1005.85,1.64578e-07,0.204338,4.99977,999.671,5.52889
0.00115222,1005.85,1.64785e-07,0.204002,4.99977,999.671,5.52889
0.00115242,1005.84,1.64989e-07,0.203666,4.99977,999.671,5.52889
0.00115262,1005.84,1.65193e-07,0.20333,4.99977,999.671,5.52889
0.00115282,1005.84,1.65397e-07,0.202995,4.99977,999.672,5.52889
0.00115302,1005.83,1.65601e-07,0.202659,4.99977,999.672,5.52889
0.00115322,1005.83,1.65804e-07,0.202324,4.99977,999.672,5.52889
0.00115342,1005.83,1.66007e-07,0.201989,4.99977,999.672,5.52889
0.00115362,1005.82,1.6621e-07,0.201654,4.99977,999.673,5.52889
0.00115382,1005.82,1.6641e-07,0.201319,4.99977,999.673,5.52889
0.00115402,1005.82,1.66613e-07,0.200984,4.99977,999.673,5.52889
0.00115422,1005.81,1.66814e-07,0.20065,4.99977,999.673,5.52889
0.00115442,1005.81,1.67013e-07,0.200316,4.99977,999.673,5.52889
0.00115462,1005.81,1.67213e-07,0.199982,4.99977,999.674,5.52889
0.00115482,1005.8,1.67414e-07,0.199648,4.99977,999.674,5.52889
0.00115502,1005.8,1.67613e-07,0.199314,4.99977,999.674,5.52889
0.00115522,1005.8,1.6781e-07,0.198981,4.99977,999.674,5.52889
0.00115542,1005.79,1.68008e-07,0.198647,4.99977,999.675,5.52889
0.00115562,1005.79,1.68207e-07,0.198314,4.99977,999.675,5.52889
0.00115582,1005.79,1.68402e-07,0.197981,4.99977,999.675,5.52889
0.00115602,1005.78,1.68599e-07,0.197649,4.99977,999.675,5.52889
0.00115622,1005.78,1.68795e-07,0.197316,4.99977,999.675,5.52889
0.00115642,1005.77,1.68991e-07,0.196984,4.99977,999.676,5.52889
0.00115662,1005.77,1.69186e-07,0.196652,4.99977,999.676,5.52889
0.00115682,1005.77,1.6938e-07,0.19632,4.99977,999.676,5.52889
0.00115702,1005.76,1.69574e-07,0.195988,4.99977,999.676,5.52889
0.00115722,1005.76,1.69766e-07,0.195656,4.99977,999.677,5.52889
0.00115742,1005.76,1.69961e-07,0.195325,4.99977,999.677,5.52889
0.00115762,1005.75,1.70152e-07,0.194994,4.99977,999.677,5.52889
0.00115782,1005.75,1.70343e-07,0.194662,4.99977,999.677,5.52889
0.00115802,1005.75,1.70535e-07,0.194332,4.99977,999.677,5.52889
0.00115822,1005.74,1.70726e-07,0.194001,4.99977,999.678,5.52889
0.00115842,1005.74,1.70917e-07,0.19367,4.99977,999.678,5.52889
0.00115862,1005.74,1.71105e-07,0.19334,4.99977,999.678,5.52889
0.00115882,1005.73,1.71294e-07,0.19301,4.99977,999.678,5.52889
0.00115902,1005.73,1.71483e-07,0.19268,4.99977,999.679,5.52889
0.00115922,1005.73,1.71672e-07,0.19235,4.99977,999.679,5.52889
0.00115942,1005.72,1.71857e-07,0.192021,4.99977,999.679,5.52889
0.00115962,1005.72,1.72044e-07,0.191691,4.99977,999.679,5.52889
0.00115982,1005.72,1.72231e-07,0.191362,4.99977,999.679,5.52889
0.00116002,1005.71,1.72418e-07,0.191033,4.99977,999.68,5.52889
0.00116022,1005.71,1.72601e-07,0.190704,4.99977,999.68,5.52889
0.00116042,1005.71,1.72784e-07,0.190376,4.99977,999.68,5.52889
0.00116062,1005.7,1.7297e-07,0.190047,4.99977,999.68,5.52889
0.00116082,1005.7,1.73153e-07,0.189719,4.99977,999.681,5.52889
0.00116102,1005.7,1.73335e-07,0.189391,4.99977,999.681,5.52889
0.00116122,1005.69,1.73517e-07,0.189063,4.99977,999.681,5.52889
0.00116142,1005.69,1.737e-07,0.188735,4.99977,999.681,5.52889
0.00116162,1005.69,1.73882e-07,0.188408,4.99977,999.681,5.52889
0.00116182,1005.68,1.74058e-07,0.188081,4.99977,999.682,5.52889
0.00116202,1005.68,1.74236e-07,0.187753,4.99977,999.682,5.52889
0.00116222,1005.68,1.7442e-07,0.187426,4.99977,999.682,5.52889
0.00116242,1005.67,1.746e-07,0.1871,4.99977,999.682,5.52889
0.00116262,1005.67,1.74775e-07,0.186773,4.99977,999.683,5.52889
0.00116282,1005.67,1.74947e-07,0.186447,4.99977,999.683,5.52889
0.00116302,1005.66,1.75126e-07,0.18612,4.99977,999.683,5.52889
0.00116322,1005.66,1.75305e-07,0.185794,4.99977,999.683,5.52889
0.00116342,1005.66,1.7548e-07,0.185469,4.99977,999.683,5.52889
0.00116362,1005.65,1.7565e-07,0.185143,4.99977,999.684,5.52889
0.00116382,1005.65,1.75825e-07,0.184818,4.99977,999.684,5.52889
0.00116402,1005.65,1.76001e-07,0.184492,4.99977,999.684,5.52889
0.00116422,1005.64,1.76174e-07,0.184167,4.99977,999.684,5.52889
0.00116442,1005.64,1.76342e-07,0.183842,4.99977,999.684,5.52889
0.00116462,1005.64,1.76513e-07,0.183518,4.99977,999.685,5.52889
0.00116482,1005.63,1.76687e-07,0.183193,4.99977,999.685,5.52889
0.00116502,1005.63,1.76856e-07,0.182869,4.99977,999.685,5.52889
0.00116522,1005.63,1.77022e-07,0.182545,4.99977,999.685,5.52889
0.00116542,1005.62,1.77191e-07,0.182221,4.99977,999.686,5.52889
0.00116562,1005.62,1.77359e-07,0.181897,4.99977,999.686,5.52889
0.00116582,1005.62,1.77528e-07,0.181573,4.99977,999.686,5.52889
0.00116602,1005.61,1.77695e-07,0.18125,4.99977,999.686,5.52889
0.00116622,1005.61,1.77859e-07,0.180927,4.99977,999.686,5.52889
0.00116642,1005.6,1.78022e-07,0.180604,4.99977,999.687,5.52889
0.00116662,1005.6,1.78188e-07,0.180281,4.99977,999.687,5.52889
0.00116682,1005.6,1.78352e-07,0.179958,4.99977,999.687,5.52889
0.00116702,1005.59,1.78515e-07,0.179636,4.99977,999.687,5.52889
0.0011672,1005.59,1.78661e-07,0.179341,4.99977,999.687,5.52889
0.0011674,1005.59,1.78824e-07,0.179019,4.99977,999.688,5.52889
0.0011676,1005.58,1.78985e-07,0.178697,4.99977,999.688,5.52889
0.0011678,1005.58,1.79144e-07,0.178375,4.99977,999.688,5.52889
0.001168,1005.58,1.79304e-07,0.178053,4.99977,999.688,5.52889
0.0011682,1005.57,1.79461e-07,0.177732,4.99977,999.689,5.52889
0.0011684,1005.57,1.79619e-07,0.177411,4.99977,999.689,5.52889
0.0011686,1005.57,1.79776e-07,0.17709,4.99977,999.689,5.52889
0.0011688,1005.56,1.79934e-07,0.176769,4.99977,999.689,5.52889
0.001169,1005.56,1.80088e-07,0.176448,4.99977,999.689,5.52889
0.0011692,1005.56,1.80243e-07,0.176128,4.99977,999.69,5.52889
0.0011694,1005.55,1.80398e-07,0.175808,4.99977,999.69,5.52889
0.0011696,1005.55,1.80546e-07,0.175491,4.99977,999.69,5.52889
0.00116981,1.3266,0.652539,0.154575,4.99977,999.674,5.52889
0.00117001,1.67102,0.82192,0.151639,4.99977,999.652,5.52889
0.00117021,2.01528,0.991228,0.149891,4.99977,999.625,5.52889
0.00117041,2.35942,1.16047,0.148222,4.99977,999.593,5.52889
0.00117061,2.70342,1.32965,0.146574,4.99977,999.555,5.52889
0.00117081,3.04729,1.49877,0.144944,4.99977,999.513,5.52889
0.001171,1250.32,0.605719,0.16477,4.99977,999.493,5.52889
0.0011712,770.873,-0.028336,0.213294,4.99977,999.497,5.52889
0.0011714,976.956,-0.286441,0.216412,4.99977,999.496,5.52889
0.0011716,1214.3,-0.112748,0.212233,4.99977,999.495,5.52889
0.00117181,1176.17,0.181852,0.212973,4.99977,999.495,5.52889
0.00117201,913.366,0.249355,0.220861,4.99977,999.498,5.52889
0.0011722,794.653,-0.0635,0.229171,4.99977,999.499,5.52889
0.0011724,1000.79,-0.268004,0.229148,4.99977,999.498,5.52889
0.0011726,1204.75,-0.0940733,0.225422,4.99977,999.497,5.52889
0.0011728,1139.52,0.201394,0.226523,4.99977,999.497,5.52889
0.001173,894.161,0.215162,0.234397,4.99977,999.499,5.52889
0.00117321,807.606,-0.0510279,0.241453,4.99977,999.5,5.52889
0.0011734,1003.7,-0.249855,0.241415,4.99977,999.499,5.52889
0.00117361,1188.79,-0.0956665,0.238172,4.99977,999.498,5.52889
0.0011738,1117.32,0.19993,0.239194,4.99977,999.499,5.52889
0.00117401,901.663,0.199788,0.246419,4.99977,999.501,5.52889
0.0011742,832.282,-0.0904981,0.253085,4.99977,999.502,5.52889
0.00117441,1003.11,-0.232016,0.252987,4.99977,999.501,5.52889
0.00117461,1181.23,-0.0707379,0.249636,4.99977,999.5,5.52889
0.0011748,1106.04,0.188363,0.250982,4.99977,999.501,5.52889
0.001175,891.334,0.168545,0.258182,4.99977,999.503,5.52889
0.0011752,844.03,-0.080324,0.263865,4.99977,999.504,5.52889
0.0011754,1029.06,-0.213398,0.263144,4.99977,999.503,5.52889
0.0011756,1173.1,-0.0440773,0.260353,4.99977,999.502,5.52889
0.0011758,1080.9,0.187181,0.262208,4.99977,999.503,5.52889
0.00117601,903.007,0.158904,0.268584,4.99977,999.505,5.52889
0.0011762,866.678,-0.100931,0.273921,4.99977,999.505,5.52889
0.0011764,1039.72,-0.194678,0.272972,4.99977,999.504,5.52889
0.0011766,1163.32,-0.019457,0.270432,4.99977,999.504,5.52889
0.0011768,1064.02,0.179256,0.272644,4.99977,999.505,5.52889
0.001177,891.047,0.122816,0.279008,4.99977,999.506,5.52889
0.0011772,885.633,-0.109211,0.283282,4.99977,999.507,5.52889
0.0011774,1041.27,-0.178802,0.28238,4.99977,999.506,5.52889
0.0011776,1152.12,0.00707674,0.279853,4.99977,999.505,5.52889
0.0011778,1057.88,0.16649,0.282255,4.99977,999.506,5.52889
0.00117801,902.504,0.116966,0.288043,4.99977,999.508,5.52889
0.0011782,897.711,-0.105471,0.292062,4.99977,999.508,5.52889
0.0011784,1060.69,-0.156262,0.290636,4.99977,999.507,5.52889
0.0011786,1141.11,0.00737424,0.288949,4.99977,999.507,5.52889
0.00117881,1050.92,0.15521,0.291242,4.99977,999.508,5.52889
0.001179,891.859,0.0745409,0.297221,4.99977,999.51,5.52889
0.00117921,907.477,-0.0995086,0.300269,4.99977,999.51,5.52889
0.00117941,1053.53,-0.145852,0.299076,4.99977,999.509,5.52889
0.00117961,1130.88,0.00856692,0.29742,4.99977,999.509,5.52889
0.0011798,1024.53,0.150351,0.299961,4.99977,999.51,5.52889
0.00118,900.235,0.0675535,0.305127,4.99977,999.511,5.52889
0.00118021,911.029,-0.0848832,0.307977,4.99977,999.512,5.52889
0.00118041,1052.15,-0.133622,0.306781,4.99977,999.511,5.52889
0.0011806,1119.56,0.0271984,0.305142,4.99977,999.511,5.52889
0.0011808,1021.58,0.139108,0.307717,4.99977,999.512,5.52889
0.00118101,910.078,0.0660085,0.312406,4.99977,999.513,5.52889
0.00118121,920.658,-0.082125,0.315089,4.99977,999.513,5.52889
0.0011814,1067.03,-0.111287,0.313434,4.99977,999.512,5.52889
0.00118161,1110.85,0.0261465,0.312505,4.99977,999.512,5.52889
0.00118181,1018.09,0.128788,0.314946,4.99977,999.513,5.52889
0.001182,908.937,0.0346622,0.319632,4.99977,999.515,5.52889
0.0011822,950.105,-0.103079,0.321401,4.99977,999.515,5.52889
0.00118241,1062.56,-0.102671,0.320203,4.99977,999.514,5.52889
0.0011826,1097.69,0.0460752,0.31921,4.99977,999.514,5.52889
0.0011828,1003.22,0.119421,0.32189,4.99977,999.515,5.52889
0.00118301,916.92,0.0335001,0.32593,4.99977,999.516,5.52889
0.00118321,953.991,-0.09465,0.327598,4.99977,999.516,5.52889
0.00118341,1058.74,-0.0944792,0.326476,4.99977,999.516,5.52889
0.0011836,1089.89,0.0452509,0.325565,4.99977,999.516,5.52889
0.00118381,1001.73,0.110123,0.328095,4.99977,999.517,5.52889
0.001184,920.851,0.0123751,0.332002,4.99977,999.518,5.52889
0.00118421,958.366,-0.0875593,0.333331,4.99977,999.518,5.52889
0.0011844,1072.18,-0.0679273,0.331662,4.99977,999.517,5.52889
0.00118461,1083.63,0.041661,0.331467,4.99977,999.518,5.52889
0.0011848,987.974,0.0989477,0.334113,4.99977,999.519,5.52889
0.001185,927.572,0.0115238,0.337413,4.99977,999.519,5.52889
0.0011852,979.228,-0.0921673,0.338322,4.99977,999.519,5.52889
0.0011854,1067.19,-0.062764,0.337106,4.99977,999.519,5.52889
0.00118561,1077.84,0.0383439,0.336926,4.99977,999.519,5.52889
0.00118581,989.564,0.0913406,0.339368,4.99977,999.52,5.52889
0.001186,933.313,-0.00367715,0.342537,4.99977,999.521,5.52889
0.00118621,981.281,-0.0849878,0.343259,4.99977,999.521,5.52889
0.00118641,1062.58,-0.0579948,0.342135,4.99977,999.521,5.52889
0.0011866,1062.87,0.0553042,0.341937,4.99977,999.521,5.52889
0.0011868,980.11,0.0798182,0.344479,4.99977,999.522,5.52889
0.001187,939.064,-0.0032987,0.347144,4.99977,999.523,5.52889
0.00118721,983.179,-0.0783601,0.347812,4.99977,999.523,5.52889
0.0011874,1067.02,-0.0373342,0.346376,4.99977,999.522,5.52889
0.00118761,1058.72,0.0509109,0.346586,4.99977,999.523,5.52889
0.0011878,982.288,0.073682,0.348928,4.99977,999.524,5.52889
0.001188,945.513,-0.0153237,0.351455,4.99977,999.524,5.52889
0.0011882,999.509,-0.0769809,0.351683,4.99977,999.524,5.52889
0.0011884,1062.44,-0.0345302,0.350672,4.99977,999.524,5.52889
0.00118861,1054.88,0.0468574,0.350861,4.99977,999.524,5.52889
0.0011888,974.438,0.061397,0.353275,4.99977,999.525,5.52889
0.001189,950.312,-0.0140353,0.355346,4.99977,999.526,5.52889
0.00118921,1000.01,-0.0710178,0.355556,4.99977,999.526,5.52889
0.00118941,1058.2,-0.0319403,0.354616,4.99977,999.526,5.52889
0.00118961,1051.34,0.0431172,0.354783,4.99977,999.526,5.52889
0.0011898,977.075,0.0567056,0.357004,4.99977,999.527,5.52889
0.00119001,954.74,-0.0128468,0.358911,4.99977,999.527,5.52889
0.0011902,1009.68,-0.0661215,0.358878,4.99977,999.527,5.52889
0.0011904,1058.14,-0.017218,0.357991,4.99977,999.527,5.52889
0.0011906,1036.39,0.0532356,0.358458,4.99977,999.528,5.52889
0.00119081,979.508,0.0523745,0.360413,4.99977,999.529,5.52889
0.001191,961.382,-0.0227986,0.362194,4.99977,999.529,5.52889
0.0011912,1009.43,-0.0610225,0.362131,4.99977,999.529,5.52889
0.0011914,1054.25,-0.0159421,0.361303,4.99977,999.529,5.52889
0.00119161,1034.28,0.0490469,0.361724,4.99977,999.529,5.52889
0.00119181,981.752,0.0483762,0.363519,4.99977,999.53,5.52889
0.00119201,964.924,-0.0208815,0.365155,4.99977,999.531,5.52889
0.0011922,1017.34,-0.0550988,0.364876,4.99977,999.531,5.52889
0.0011924,1052.02,-0.00597736,0.36418,4.99977,999.531,5.52889
0.00119261,1032.34,0.0451811,0.364693,4.99977,999.531,5.52889
0.0011928,975.745,0.0360871,0.366577,4.99977,999.532,5.52889
0.00119301,968.193,-0.019113,0.367839,4.99977,999.532,5.52889
0.0011932,1016.52,-0.050868,0.367574,4.99977,999.532,5.52889
0.0011934,1048.61,-0.00557217,0.36692,4.99977,999.532,5.52889
0.0011936,1021.78,0.0472802,0.367497,4.99977,999.533,5.52889
0.00119381,978.343,0.033459,0.369106,4.99977,999.533,5.52889
0.001194,975.601,-0.0278917,0.370243,4.99977,999.534,5.52889
0.00119421,1015.74,-0.0469666,0.370009,4.99977,999.534,5.52889
0.0011944,1045.66,0.00213443,0.369301,4.99977,999.534,5.52889
0.00119461,1020.84,0.0435661,0.369909,4.99977,999.534,5.52889
0.00119481,980.808,0.031119,0.371377,4.99977,999.535,5.52889
0.00119501,977.949,-0.0254737,0.372421,4.99977,999.535,5.52889
0.0011952,1020.85,-0.0412217,0.372028,4.99977,999.535,5.52889
0.0011954,1042.74,0.00189312,0.371526,4.99977,999.535,5.52889
0.00119561,1019.96,0.0401349,0.37207,4.99977,999.536,5.52889
0.0011958,978.282,0.0209246,0.373576,4.99977,999.537,5.52889
0.00119601,980.117,-0.0232373,0.374365,4.99977,999.537,5.52889
0.00119621,1019.75,-0.0380796,0.37399,4.99977,999.537,5.52889
0.0011964,1039.44,0.00799993,0.37345,4.99977,999.537,5.52889
0.0011966,1012.7,0.0391324,0.374105,4.99977,999.538,5.52889
0.0011968,980.049,0.0181499,0.375393,4.99977,999.538,5.52889
0.00119701,982.363,-0.0216334,0.376084,4.99977,999.538,5.52889
0.00119721,1019.74,-0.0346796,0.375698,4.99977,999.538,5.52889
0.00119741,1037.14,0.00636384,0.375221,4.99977,999.539,5.52889
0.0011976,1011.19,0.036311,0.375821,4.99977,999.539,5.52889
0.00119781,982.69,0.0178499,0.376954,4.99977,999.54,5.52889
0.001198,991.56,-0.0290995,0.377501,4.99977,999.54,5.52889
0.0011982,1022.91,-0.0293072,0.377095,4.99977,999.54,5.52889
0.00119841,1034.73,0.00687504,0.376758,4.99977,999.54,5.52889
0.0011986,1006.65,0.0337144,0.37739,4.99977,999.541,5.52889
0.0011988,982.106,0.00903868,0.37845,4.99977,999.541,5.52889
0.00119901,991.616,-0.0257311,0.378841,4.99977,999.542,5.52889
0.00119921,1022.04,-0.0268038,0.37842,4.99977,999.542,5.52889
0.0011994,1031.24,0.0121131,0.378068,4.99977,999.542,5.52889
0.0011996,1007.06,0.0311198,0.378662,4.99977,999.542,5.52889
0.0011998,984.112,0.00843279,0.379628,4.99977,999.543,5.52889
0.00120001,992.727,-0.0236056,0.379974,4.99977,999.543,5.52889
0.00120021,1020.82,-0.0248263,0.379569,4.99977,999.543,5.52889
0.00120041,1029.46,0.011088,0.379223,4.99977,999.543,5.52889
0.00120061,1006.65,0.0286998,0.379762,4.99977,999.544,5.52889
0.0012008,985.21,0.00327675,0.38068,4.99977,999.544,5.52889
0.00120101,994.865,-0.022708,0.380912,4.99977,999.545,5.52889
0.0012012,1024.3,-0.0181046,0.380377,4.99977,999.545,5.52889
0.00120141,1027.8,0.0101933,0.380197,4.99977,999.545,5.52889
0.0012016,1002.89,0.0258231,0.380763,4.99977,999.546,5.52889
0.0012018,986.956,0.00306427,0.381504,4.99977,999.546,5.52889
0.001202,1000.28,-0.0239365,0.381621,4.99977,999.546,5.52889
0.0012022,1022.99,-0.0167516,0.381187,4.99977,999.546,5.52889
0.0012024,1023.85,0.0147832,0.380994,4.99977,999.547,5.52889
0.00120261,1003.29,0.0238374,0.381501,4.99977,999.547,5.52889
0.0012028,988.435,-0.000885883,0.382202,4.99977,999.547,5.52889
0.00120301,1000.78,-0.0220546,0.382256,4.99977,999.548,5.52889
0.00120321,1021.78,-0.0155085,0.381835,4.99977,999.548,5.52889
0.0012034,1022.68,0.0135111,0.381636,4.99977,999.548,5.52889
0.0012036,1000.66,0.0208011,0.382159,4.99977,999.549,5.52889
0.0012038,989.924,-0.000739949,0.382709,4.99977,999.549,5.52889
0.00120401,1001.18,-0.0202795,0.382741,4.99977,999.549,5.52889
0.0012042,1022.98,-0.0102685,0.382235,4.99977,999.549,5.52889
0.00120441,1021.65,0.0122446,0.382124,4.99977,999.55,5.52889
0.0012046,1001.28,0.0192327,0.382585,4.99977,999.55,5.52889
0.0012048,991.562,-0.00375111,0.383095,4.99977,999.551,5.52889
0.001205,1005.33,-0.0199692,0.383009,4.99977,999.551,5.52889
0.0012052,1021.67,-0.00976188,0.382599,4.99977,999.551,5.52889
0.00120541,1020.77,0.0109185,0.382468,4.99977,999.551,5.52889
0.0012056,999.58,0.0163397,0.382934,4.99977,999.552,5.52889
0.00120581,992.706,-0.00260899,0.383317,4.99977,999.552,5.52889
0.001206,1007.11,-0.0186126,0.383186,4.99977,999.552,5.52889
0.00120621,1020.78,-0.00852204,0.382811,4.99977,999.553,5.52889
0.0012064,1016.6,0.0142695,0.382705,4.99977,999.553,5.52889
0.0012066,1000.24,0.0150708,0.383085,4.99977,999.553,5.52889
0.0012068,994.311,-0.00490229,0.38343,4.99977,999.554,5.52889
0.00120701,1006.24,-0.0170513,0.383292,4.99977,999.554,5.52889
0.0012072,1020.69,-0.00504735,0.382855,4.99977,999.554,5.52889
0.00120741,1016.42,0.0126097,0.382778,4.99977,999.554,5.52889
0.0012076,999.724,0.0129313,0.383146,4.99977,999.555,5.52889
0.0012078,995.607,-0.00542018,0.38341,4.99977,999.555,5.52889
0.00120801,1007.36,-0.01579,0.383235,4.99977,999.555,5.52889
0.0012082,1019.81,-0.00394526,0.382821,4.99977,999.556,5.52889
0.00120841,1015.53,0.0118,0.382739,4.99977,999.556,5.52889
0.00120861,1000.07,0.0116148,0.383061,4.99977,999.556,5.52889
0.00120881,996.726,-0.00551761,0.383273,4.99977,999.557,5.52889
0.001209,1009.81,-0.014317,0.383031,4.99977,999.557,5.52889
0.00120921,1018.93,-0.00320829,0.382677,4.99977,999.557,5.52889
0.0012094,1012.42,0.0128066,0.382622,4.99977,999.557,5.52889
0.00120961,1000.71,0.0107291,0.382855,4.99977,999.558,5.52889
0.0012098,998.719,-0.00770902,0.38303,4.99977,999.558,5.52889
0.00121001,1009.39,-0.0132237,0.382786,4.99977,999.558,5.52889
0.0012102,1018.23,-0.00147168,0.382412,4.99977,999.559,5.52889
0.0012104,1011.08,0.0122506,0.382373,4.99977,999.559,5.52889
0.00121061,1000.52,0.0090379,0.38257,4.99977,999.559,5.52889
0.00121081,998.61,-0.00526316,0.38268,4.99977,999.56,5.52889
0.001211,1011.33,-0.0114596,0.382382,4.99977,999.56,5.52889
0.0012112,1017.4,0.00103841,0.382043,4.99977,999.56,5.52889
0.00121141,1011.76,0.0107805,0.381985,4.99977,999.56,5.52889
0.00121161,1000.14,0.00695654,0.382197,4.99977,999.561,5.52889
0.00121181,999.779,-0.00590249,0.382237,4.99977,999.561,5.52889
0.001212,1011.71,-0.0101722,0.38192,4.99977,999.561,5.52889
0.0012122,1016.56,0.00146269,0.381597,4.99977,999.562,5.52889
0.0012124,1008.92,0.0108471,0.381574,4.99977,999.562,5.52889
0.00121261,1000.55,0.00605757,0.381699,4.99977,999.562,5.52889
0.00121281,1000.75,-0.00608331,0.381702,4.99977,999.563,5.52889
0.001213,1011.68,-0.00915623,0.381378,4.99977,999.563,5.52889
0.0012132,1015.82,0.00151311,0.381061,4.99977,999.563,5.52889
0.0012134,1008.74,0.0099811,0.381017,4.99977,999.563,5.52889
0.0012136,1000.44,0.00404623,0.381138,4.99977,999.564,5.52889
0.00121381,1002.37,-0.00712055,0.381077,4.99977,999.564,5.52889
0.001214,1011.93,-0.00796995,0.380742,4.99977,999.564,5.52889
0.00121421,1015.08,0.00181146,0.380439,4.99977,999.565,5.52889
0.0012144,1007.31,0.00922815,0.380408,4.99977,999.565,5.52889
0.00121461,1000.98,0.00357456,0.380461,4.99977,999.565,5.52889
0.00121481,1002.78,-0.00651532,0.380375,4.99977,999.566,5.52889
0.00121501,1011.49,-0.00737136,0.380043,4.99977,999.566,5.52889
0.0012152,1014.07,0.00330825,0.379735,4.99977,999.566,5.52889
0.0012154,1007.39,0.00846913,0.37968,4.99977,999.566,5.52889
0.0012156,1001.12,0.00174444,0.379733,4.99977,999.567,5.52889
0.00121581,1004.18,-0.00693994,0.37959,4.99977,999.567,5.52889
0.001216,1012.2,-0.00573508,0.379239,4.99977,999.567,5.52889
0.00121621,1013.64,0.00266303,0.378955,4.99977,999.568,5.52889
0.0012164,1006.16,0.00755718,0.378915,4.99977,999.568,5.52889
0.0012166,1001.52,0.0004566,0.378919,4.99977,999.568,5.52889
0.00121681,1004.45,-0.00636851,0.378741,4.99977,999.569,5.52889
0.00121701,1011.73,-0.00536493,0.378394,4.99977,999.569,5.52889
0.00121721,1012.73,0.0035424,0.378107,4.99977,999.569,5.52889
0.00121741,1006.87,0.00706779,0.378021,4.99977,999.569,5.52889
0.0012176,1002.01,8.41011e-05,0.378021,4.99977,999.57,5.52889
0.0012178,1006.17,-0.00664247,0.377809,4.99977,999.57,5.52889
0.001218,1012.24,-0.00361926,0.377455,4.99977,999.57,5.52889
0.00121821,1012.35,0.00311819,0.377186,4.99977,999.571,5.52889
0.0012184,1005.95,0.00619105,0.377112,4.99977,999.571,5.52889
0.0012186,1002.5,-0.000621572,0.377062,4.99977,999.571,5.52889
0.0012188,1006.82,-0.00622676,0.376824,4.99977,999.572,5.52889
0.00121901,1011.57,-0.0037808,0.376484,4.99977,999.572,5.52889
0.0012192,1011.27,0.0040454,0.376214,4.99977,999.572,5.52889
0.00121941,1005.9,0.00557275,0.376111,4.99977,999.572,5.52889
0.0012196,1003.06,-0.0014786,0.376043,4.99977,999.573,5.52889
0.0012198,1007.19,-0.00572749,0.37578,4.99977,999.573,5.52889
0.00122,1011.76,-0.00229115,0.375429,4.99977,999.573,5.52889
0.00122021,1010.8,0.00386434,0.375171,4.99977,999.574,5.52889
0.0012204,1005.07,0.00443272,0.375083,4.99977,999.574,5.52889
0.00122061,1003.44,-0.0012784,0.374952,4.99977,999.574,5.52889
0.00122081,1007.29,-0.00522413,0.374682,4.99977,999.574,5.52889
0.001221,1011.61,-0.00121804,0.374327,4.99977,999.575,5.52889
0.0012212,1009.79,0.00423944,0.374087,4.99977,999.575,5.52889
0.00122141,1005.28,0.00403304,0.373958,4.99977,999.575,5.52889
0.0012216,1003.99,-0.00187632,0.373817,4.99977,999.576,5.52889
0.0012218,1008,-0.00474163,0.373524,4.99977,999.576,5.52889
0.001222,1011.32,-0.000534986,0.373177,4.99977,999.576,5.52889
0.0012222,1009,0.00423998,0.372946,4.99977,999.576,5.52889
0.0012224,1004.83,0.00294551,0.372813,4.99977,999.577,5.52889
0.0012226,1004.62,-0.00244297,0.372631,4.99977,999.577,5.52889
0.0012228,1008.52,-0.00417693,0.372317,4.99977,999.577,5.52889
0.001223,1010.98,-0.000183989,0.371977,4.99977,999.578,5.52889
0.00122321,1008.96,0.00378786,0.371732,4.99977,999.578,5.52889
0.0012234,1004.86,0.00232332,0.371596,4.99977,999.578,5.52889
0.00122361,1004.87,-0.00219641,0.371385,4.99977,999.579,5.52889
0.00122381,1008.28,-0.00382536,0.37107,4.99977,999.579,5.52889
0.001224,1010.59,0.000713364,0.370732,4.99977,999.579,5.52889
0.00122421,1008.48,0.00359032,0.370485,4.99977,999.579,5.52889
0.00122441,1004.97,0.00184602,0.370328,4.99977,999.58,5.52889
0.00122461,1005.29,-0.00229038,0.370099,4.99977,999.58,5.52889
0.00122481,1008.9,-0.00313016,0.369771,4.99977,999.58,5.52889
0.001225,1010.22,0.000965775,0.369442,4.99977,999.581,5.52889
0.0012252,1007.4,0.00340663,0.36922,4.99977,999.581,5.52889
0.0012254,1004.94,0.000862854,0.369034,4.99977,999.581,5.52889
0.0012256,1006.05,-0.00270358,0.368774,4.99977,999.581,5.52889
0.0012258,1009.16,-0.00247488,0.368433,4.99977,999.582,5.52889
0.001226,1009.78,0.00139144,0.368114,4.99977,999.582,5.52889
0.0012262,1006.99,0.00300099,0.367891,4.99977,999.582,5.52889
0.0012264,1005.11,0.000145613,0.367688,4.99977,999.583,5.52889
0.0012266,1006.73,-0.00277053,0.367405,4.99977,999.583,5.52889
0.0012268,1009.31,-0.00180733,0.367058,4.99977,999.583,5.52889
0.00122701,1009.44,0.00143884,0.36674,4.99977,999.583,5.52889
0.00122721,1006.94,0.00266206,0.366505,4.99977,999.584,5.52889
0.0012274,1005.35,-0.000228357,0.366294,4.99977,999.584,5.52889
0.0012276,1007.09,-0.00258006,0.365996,4.99977,999.584,5.52889
0.00122781,1009.22,-0.0014225,0.365646,4.99977,999.585,5.52889
0.00122801,1009.08,0.00153704,0.365332,4.99977,999.585,5.52889
0.00122821,1006.84,0.00232284,0.365085,4.99977,999.585,5.52889
0.00122841,1005.61,-0.000556486,0.364863,4.99977,999.585,5.52889
0.0012286,1007.56,-0.00234481,0.364552,4.99977,999.586,5.52889
0.0012288,1009.27,-0.000542787,0.364205,4.99977,999.586,5.52889
0.001229,1008.43,0.00189185,0.363905,4.99977,999.586,5.52889
0.00122921,1006.47,0.00179376,0.363649,4.99977,999.587,5.52889
0.00122941,1005.9,-0.00082991,0.363397,4.99977,999.587,5.52889
0.0012296,1007.88,-0.00201724,0.363075,4.99977,999.587,5.52889
0.0012298,1009.09,4.59486e-05,0.362733,4.99977,999.587,5.52889
0.00123001,1008.14,0.00179007,0.362427,4.99977,999.588,5.52889
0.00123021,1006.28,0.00126505,0.362174,4.99977,999.588,5.52889
0.00123041,1006.16,-0.000957311,0.361894,4.99977,999.588,5.52889
0.00123061,1007.86,-0.0017607,0.361563,4.99977,999.589,5.52889
0.0012308,1008.82,0.000515737,0.361232,4.99977,999.589,5.52889
0.001231,1007.44,0.00174353,0.360945,4.99977,999.589,5.52889
0.00123121,1006.17,0.000606041,0.360673,4.99977,999.589,5.52889
0.00123141,1006.62,-0.00130022,0.360373,4.99977,999.59,5.52889
0.00123161,1008.19,-0.00130178,0.360029,4.99977,999.59,5.52889
0.0012318,1008.55,0.00069554,0.359697,4.99977,999.59,5.52889
0.001232,1007.13,0.00148102,0.359415,4.99977,999.59,5.52889
0.0012322,1006.24,-8.3796e-05,0.359143,4.99977,999.591,5.52889
0.0012324,1007.06,-0.00136934,0.358818,4.99977,999.591,5.52889
0.00123261,1008.31,-0.000847596,0.358467,4.99977,999.591,5.52889
0.00123281,1008.3,0.000787925,0.358133,4.99977,999.592,5.52889
0.00123301,1006.97,0.00120671,0.357848,4.99977,999.592,5.52889
0.0012332,1006.42,-0.000349571,0.357566,4.99977,999.592,5.52889
0.00123341,1007.21,-0.0012226,0.357226,4.99977,999.592,5.52889
0.0012336,1008.36,-0.000205927,0.35689,4.99977,999.593,5.52889
0.0012338,1007.81,0.00105593,0.356568,4.99977,999.593,5.52889
0.001234,1006.71,0.000765331,0.356275,4.99977,999.593,5.52889
0.00123421,1006.63,-0.000581668,0.355965,4.99977,999.594,5.52889
0.00123441,1007.6,-0.00104329,0.355624,4.99977,999.594,5.52889
0.0012346,1008.21,0.0001848,0.355286,4.99977,999.594,5.52889
0.0012348,1007.43,0.00101296,0.354972,4.99977,999.594,5.52889
0.00123501,1006.67,0.00044864,0.35466,4.99977,999.595,5.52889
0.00123521,1006.85,-0.000694368,0.354338,4.99977,999.595,5.52889
0.00123541,1007.8,-0.000751562,0.353996,4.99977,999.595,5.52889
0.00123561,1008.03,0.000325983,0.353651,4.99977,999.596,5.52889
0.00123581,1007.37,0.00087011,0.353325,4.99977,999.596,5.52889
0.00123601,1006.69,6.97033e-05,0.35303,4.99977,999.596,5.52889
0.00123621,1007.12,-0.000763618,0.352696,4.99977,999.596,5.52889
0.00123641,1007.86,-0.000474165,0.352344,4.99977,999.597,5.52889
0.0012366,1007.74,0.000594024,0.352017,4.99977,999.597,5.52889
0.00123681,1007.11,0.000683855,0.351684,4.99977,999.597,5.52889
0.001237,1006.82,-0.00030388,0.351384,4.99977,999.597,5.52889
0.0012372,1007.43,-0.000691856,0.351039,4.99977,999.598,5.52889
0.00123741,1007.87,-0.000121446,0.350682,4.99977,999.598,5.52889
0.00123761,1007.6,0.000567258,0.350339,4.99977,999.598,5.52889
0.00123781,1006.95,0.00042716,0.350022,4.99977,999.599,5.52889
0.001238,1006.96,-0.000419483,0.349703,4.99977,999.599,5.52889
0.0012382,1007.58,-0.000505855,0.349357,4.99977,999.599,5.52889
0.0012384,1007.76,0.000168513,0.349005,4.99977,999.599,5.52889
0.00123861,1007.36,0.000558596,0.348662,4.99977,999.6,5.52889
0.0012388,1006.88,8.19849e-05,0.34835,4.99977,999.6,5.52889
0.001239,1007.11,-0.000465743,0.348004,4.99977,999.6,5.52889
0.0012392,1007.62,-0.000322228,0.347654,4.99977,999.6,5.52889
0.00123941,1007.63,0.000266387,0.3473,4.99977,999.601,5.52889
0.0012396,1007.12,0.000429023,0.346979,4.99977,999.601,5.52889
0.0012398,1006.93,-6.36023e-05,0.346638,4.99977,999.601,5.52889
0.00124001,1007.21,-0.000439344,0.346285,4.99977,999.602,5.52889
0.0012402,1007.62,-0.00013535,0.345938,4.99977,999.602,5.52889
0.0012404,1007.45,0.000369843,0.345596,4.99977,999.602,5.52889
0.00124061,1007.09,0.00033729,0.345244,4.99977,999.602,5.52889
0.0012408,1007.01,-0.000210038,0.344918,4.99977,999.603,5.52889
0.00124101,1007.31,-0.00038208,0.344554,4.99977,999.603,5.52889
0.0012412,1007.57,2.81991e-05,0.34421,4.99977,999.603,5.52889
0.00124141,1007.33,0.000351952,0.343861,4.99977,999.603,5.52889
0.00124161,1007.02,0.000183451,0.343516,4.99977,999.604,5.52889
0.00124181,1007.05,-0.000220672,0.343165,4.99977,999.604,5.52889
0.00124201,1007.4,-0.000273035,0.342818,4.99977,999.604,5.52889
0.0012422,1007.47,0.000161282,0.342474,4.99977,999.605,5.52889
0.00124241,1007.24,0.000308695,0.34211,4.99977,999.605,5.52889
0.0012426,1007,1.26666e-05,0.34178,4.99977,999.605,5.52889
0.00124282,1007.11,-0.000240737,0.341407,4.99977,999.605,5.52889
0.001243,1007.44,-0.000128773,0.341073,4.99977,999.606,5.52889
0.00124321,1007.39,0.00019117,0.340712,4.99977,999.606,5.52889
0.0012434,1007.11,0.000217713,0.340371,4.99977,999.606,5.52889
0.0012436,1007.04,-9.07212e-05,0.340022,4.99977,999.606,5.52889
0.0012438,1007.25,-0.00024653,0.339666,4.99977,999.607,5.52889
0.001244,1007.41,-1.88597e-05,0.339308,4.99977,999.607,5.52889
0.00124422,1007.34,0.00017595,0.338925,4.99977,999.607,5.52889
0.0012444,1007.06,0.000118383,0.338607,4.99977,999.608,5.52889
0.0012446,1007.08,-0.000142438,0.338247,4.99977,999.608,5.52889
0.00124481,1007.25,-0.000203568,0.337876,4.99977,999.608,5.52889
0.001245,1007.36,6.82117e-05,0.337535,4.99977,999.608,5.52889
0.0012452,1007.19,0.000199223,0.337177,4.99977,999.609,5.52889
0.0012454,1007.04,3.87558e-05,0.336825,4.99977,999.609,5.52889
0.00124561,1007.11,-0.000155709,0.336458,4.99977,999.609,5.52889
0.0012458,1007.3,-0.000118309,0.336104,4.99977,999.609,5.52889
0.00124601,1007.31,8.43456e-05,0.335734,4.99977,999.61,5.52889
0.00124621,1007.14,0.000162899,0.335382,4.99977,999.61,5.52889
0.0012464,1007.05,-3.43866e-05,0.335037,4.99977,999.61,5.52889
0.00124661,1007.14,-0.000153923,0.334661,4.99977,999.61,5.52889
0.00124681,1007.28,-5.559e-05,0.334307,4.99977,999.611,5.52889
0.001247,1007.23,0.000126461,0.333949,4.99977,999.611,5.52889
0.0012472,1007.08,0.000103465,0.333594,4.99977,999.611,5.52889
0.00124741,1007.06,-6.49046e-05,0.33323,4.99977,999.612,5.52889
0.0012476,1007.18,-0.000131314,0.33287,4.99977,999.612,5.52889
0.00124781,1007.26,3.54169e-06,0.332504,4.99977,999.612,5.52889
0.00124801,1007.19,0.00011755,0.332129,4.99977,999.612,5.52889
0.0012482,1007.05,4.7212e-05,0.33179,4.99977,999.613,5.52889
0.0012484,1007.09,-9.9546e-05,0.33143,4.99977,999.613,5.52889
0.00124861,1007.19,-9.79803e-05,0.331055,4.99977,999.613,5.52889
0.0012488,1007.21,5.3451e-05,0.3307,4.99977,999.613,5.52889
0.001249,1007.11,0.000105708,0.330341,4.99977,999.614,5.52889
0.0012492,1007.04,-2.38351e-06,0.329978,4.99977,999.614,5.52889
0.00124941,1007.08,-9.10243e-05,0.329595,4.99977,999.614,5.52889
0.0012496,1007.19,-4.29455e-05,0.329249,4.99977,999.614,5.52889
0.0012498,1007.17,7.27007e-05,0.32888,4.99977,999.615,5.52889
0.00125001,1007.08,8.3629e-05,0.328509,4.99977,999.615,5.52889
0.00125021,1007.04,-2.63691e-05,0.328149,4.99977,999.615,5.52889
0.00125041,1007.09,-8.68802e-05,0.32777,4.99977,999.616,5.52889
0.0012506,1007.17,-1.38331e-05,0.327418,4.99977,999.616,5.52889
0.00125081,1007.13,7.17213e-05,0.327043,4.99977,999.616,5.52889
0.00125101,1007.04,5.22411e-05,0.326685,4.99977,999.616,5.52889
0.0012512,1007.05,-5.53433e-05,0.326331,4.99977,999.617,5.52889
0.00125141,1007.1,-7.16557e-05,0.325946,4.99977,999.617,5.52889
0.00125161,1007.14,1.58068e-05,0.325588,4.99977,999.617,5.52889
0.00125181,1007.09,6.88211e-05,0.325206,4.99977,999.617,5.52889
0.001252,1007.02,1.1555e-05,0.324864,4.99977,999.618,5.52889
0.00125221,1007.04,-5.63699e-05,0.324486,4.99977,999.618,5.52889
0.00125241,1007.1,-4.51255e-05,0.324119,4.99977,999.618,5.52889
0.0012526,1007.1,4.16545e-05,0.323762,4.99977,999.618,5.52889
0.00125281,1007.04,5.76451e-05,0.323385,4.99977,999.619,5.52889
0.001253,1007.01,-7.59026e-06,0.323021,4.99977,999.619,5.52889
0.00125321,1007.04,-5.53848e-05,0.322644,4.99977,999.619,5.52889
0.0012534,1007.09,-1.75776e-05,0.322285,4.99977,999.619,5.52889
0.0012536,1007.07,4.61767e-05,0.321918,4.99977,999.62,5.52889
0.00125381,1007.02,4.40661e-05,0.321533,4.99977,999.62,5.52889
0.001254,1007,-2.60839e-05,0.321181,4.99977,999.62,5.52889
0.00125421,1007.04,-4.84987e-05,0.320796,4.99977,999.621,5.52889
0.0012544,1007.07,6.24001e-06,0.320446,4.99977,999.621,5.52889
0.0012546,1007.04,4.4726e-05,0.320068,4.99977,999.621,5.52889
0.00125481,1006.99,2.3292e-05,0.319694,4.99977,999.621,5.52889
0.00125501,1006.99,-2.80126e-05,0.319318,4.99977,999.622,5.52889
0.00125521,1007.04,-3.4397e-05,0.318958,4.99977,999.622,5.52889
0.00125541,1007.04,1.38801e-05,0.318585,4.99977,999.622,5.52889
0.00125561,1007.01,3.91763e-05,0.318214,4.99977,999.622,5.52889
0.0012558,1006.98,1.01e-06,0.317855,4.99977,999.623,5.52889
0.001256,1006.99,-3.55128e-05,0.317485,4.99977,999.623,5.52889
0.00125621,1007.02,-1.91494e-05,0.317108,4.99977,999.623,5.52889
0.00125641,1007.02,2.06722e-05,0.316726,4.99977,999.623,5.52889
0.0012566,1006.98,2.83822e-05,0.31637,4.99977,999.624,5.52889
0.0012568,1006.96,-1.12716e-05,0.316001,4.99977,999.624,5.52889
0.001257,1006.99,-3.12046e-05,0.315629,4.99977,999.624,5.52889
0.0012572,1007,-2.99469e-06,0.315259,4.99977,999.624,5.52889
0.00125742,1006.99,2.1214e-05,0.314855,4.99977,999.625,5.52889
0.0012576,1006.95,1.70654e-05,0.314513,4.99977,999.625,5.52889
0.00125781,1006.95,-1.64047e-05,0.314137,4.99977,999.625,5.52889
0.00125801,1006.97,-2.58734e-05,0.313755,4.99977,999.625,5.52889
0.00125821,1006.98,5.20718e-06,0.313396,4.99977,999.626,5.52889
0.00125842,1006.96,2.39894e-05,0.313004,4.99977,999.626,5.52889
0.0012586,1006.94,6.35492e-06,0.312655,4.99977,999.626,5.52889
0.00125882,1006.94,-1.68448e-05,0.312262,4.99977,999.626,5.52889
0.001259,1006.96,-1.40717e-05,0.311916,4.99977,999.627,5.52889
0.00125921,1006.96,1.22461e-05,0.311536,4.99977,999.627,5.52889
0.00125941,1006.94,2.131e-05,0.311153,4.99977,999.627,5.52889
0.0012596,1006.92,-3.17722e-06,0.310797,4.99977,999.627,5.52889
0.0012598,1006.93,-2.00559e-05,0.310427,4.99977,999.628,5.52889
0.00126,1006.94,-4.89419e-06,0.310057,4.99977,999.628,5.52889
0.00126021,1006.94,1.39708e-05,0.309665,4.99977,999.628,5.52889
0.0012604,1006.91,1.38101e-05,0.309305,4.99977,999.628,5.52889
0.0012606,1006.91,-9.4011e-06,0.308936,4.99977,999.629,5.52889
0.00126081,1006.92,-1.69803e-05,0.30855,4.99977,999.629,5.52889
0.001261,1006.92,1.81232e-06,0.308192,4.99977,999.629,5.52889
0.0012612,1006.91,1.61727e-05,0.307821,4.99977,999.63,5.52889
0.00126141,1006.89,7.30777e-06,0.30744,4.99977,999.63,5.52889
0.00126161,1006.89,-1.09583e-05,0.307064,4.99977,999.63,5.52889
0.0012618,1006.9,-1.08241e-05,0.306704,4.99977,999.63,5.52889
0.00126201,1006.9,5.31696e-06,0.30632,4.99977,999.631,5.52889
0.0012622,1006.89,1.37667e-05,0.305951,4.99977,999.631,5.52889
0.0012624,1006.87,2.62915e-08,0.305584,4.99977,999.631,5.52889
0.00126261,1006.88,-1.11607e-05,0.305189,4.99977,999.631,5.52889
0.0012628,1006.89,-5.52132e-06,0.304838,4.99977,999.632,5.52889
0.001263,1006.88,8.96963e-06,0.30446,4.99977,999.632,5.52889
0.00126321,1006.87,1.09726e-05,0.304076,4.99977,999.632,5.52889
0.00126341,1006.86,-3.11292e-06,0.303711,4.99977,999.632,5.52889
0.0012636,1006.86,-1.08697e-05,0.303346,4.99977,999.633,5.52889
0.00126381,1006.87,-1.84738e-06,0.302965,4.99977,999.633,5.52889
0.00126402,1006.86,8.08938e-06,0.302571,4.99977,999.633,5.52889
0.0012642,1006.84,5.27119e-06,0.302229,4.99977,999.633,5.52889
0.0012644,1006.84,-6.46159e-06,0.30185,4.99977,999.634,5.52889
0.00126461,1006.85,-8.89517e-06,0.301464,4.99977,999.634,5.52889
0.00126481,1006.85,2.07793e-06,0.3011,4.99977,999.634,5.52889
0.00126501,1006.84,8.76825e-06,0.300713,4.99977,999.634,5.52889
0.0012652,1006.83,1.38763e-06,0.300364,4.99977,999.635,5.52889
0.0012654,1006.83,-7.26188e-06,0.299983,4.99977,999.635,5.52889
0.0012656,1006.83,-4.98075e-06,0.299614,4.99977,999.635,5.52889
0.00126581,1006.83,4.38518e-06,0.299234,4.99977,999.635,5.52889
0.00126601,1006.82,7.6072e-06,0.29885,4.99977,999.636,5.52889
0.0012662,1006.81,-1.13136e-06,0.298494,4.99977,999.636,5.52889
0.0012664,1006.81,-7.03707e-06,0.298123,4.99977,999.636,5.52889
0.0012666,1006.81,-1.6065e-06,0.297752,4.99977,999.636,5.52889
0.00126681,1006.81,5.21445e-06,0.297362,4.99977,999.637,5.52889
0.001267,1006.8,4.66872e-06,0.297004,4.99977,999.637,5.52889
0.0012672,1006.79,-2.94917e-06,0.296626,4.99977,999.637,5.52889
0.0012674,1006.79,-5.70618e-06,0.296258,4.99977,999.637,5.52889
0.0012676,1006.79,4.96342e-07,0.295883,4.99977,999.638,5.52889
0.0012678,1006.79,5.72127e-06,0.295507,4.99977,999.638,5.52889
0.00126801,1006.78,2.93674e-06,0.295129,4.99977,999.638,5.52889
0.00126821,1006.78,-3.5438e-06,0.294751,4.99977,999.638,5.52889
0.0012684,1006.78,-4.11655e-06,0.294389,4.99977,999.639,5.52889
0.00126861,1006.77,1.98109e-06,0.294014,4.99977,999.639,5.52889
0.0012688,1006.77,4.95156e-06,0.293646,4.99977,999.639,5.52889
0.00126901,1006.76,7.61924e-07,0.293267,4.99977,999.639,5.52889
0.00126921,1006.76,-4.01225e-06,0.292887,4.99977,999.64,5.52889
0.00126941,1006.76,-2.6698e-06,0.292517,4.99977,999.64,5.52889
0.00126961,1006.76,2.50654e-06,0.292138,4.99977,999.64,5.52889
0.0012698,1006.75,3.79538e-06,0.291779,4.99977,999.64,5.52889
0.00127,1006.74,-1.25527e-06,0.291411,4.99977,999.641,5.52889
0.00127021,1006.74,-3.83924e-06,0.291031,4.99977,999.641,5.52889
0.00127041,1006.74,-8.26654e-07,0.290659,4.99977,999.641,5.52889
0.00127061,1006.74,2.97851e-06,0.290271,4.99977,999.641,5.52889
0.00127081,1006.73,2.58758e-06,0.289913,4.99977,999.642,5.52889
0.00127101,1006.72,-1.64248e-06,0.289536,4.99977,999.642,5.52889
0.00127121,1006.72,-3.08019e-06,0.289169,4.99977,999.642,5.52889
0.0012714,1006.72,8.2117e-07,0.288804,4.99977,999.642,5.52889
0.00127161,1006.72,3.22722e-06,0.28842,4.99977,999.642,5.52889
0.0012718,1006.71,9.73092e-07,0.28806,4.99977,999.643,5.52889
0.00127201,1006.71,-1.96598e-06,0.287667,4.99977,999.643,5.52889
0.00127221,1006.71,-2.18733e-06,0.287305,4.99977,999.643,5.52889
0.0012724,1006.7,1.68773e-06,0.286946,4.99977,999.643,5.52889
0.00127261,1006.7,2.777e-06,0.286564,4.99977,999.644,5.52889
0.0012728,1006.69,-2.37952e-08,0.286198,4.99977,999.644,5.52889
0.00127301,1006.69,-2.21589e-06,0.285809,4.99977,999.644,5.52889
0.0012732,1006.69,-9.04835e-07,0.285456,4.99977,999.644,5.52889
0.0012734,1006.68,2.00241e-06,0.285084,4.99977,999.645,5.52889
0.00127361,1006.68,2.12261e-06,0.284704,4.99977,999.645,5.52889
0.00127381,1006.67,-7.02538e-07,0.284337,4.99977,999.645,5.52889
0.00127401,1006.67,-2.07106e-06,0.283959,4.99977,999.645,5.52889
0.00127421,1006.67,-6.5085e-08,0.283597,4.99977,999.646,5.52889
0.00127442,1006.67,1.73891e-06,0.283201,4.99977,999.646,5.52889
0.0012746,1006.66,1.0587e-06,0.282862,4.99977,999.646,5.52889
0.0012748,1006.66,-1.27155e-06,0.282487,4.99977,999.646,5.52889
0.00127501,1006.65,-1.62989e-06,0.282103,4.99977,999.647,5.52889
0.0012752,1006.65,8.0506e-07,0.281751,4.99977,999.647,5.52889
0.00127541,1006.65,1.84836e-06,0.281358,4.99977,999.647,5.52889
0.0012756,1006.64,2.71774e-07,0.28101,4.99977,999.647,5.52889
0.0012758,1006.64,-1.4245e-06,0.280637,4.99977,999.648,5.52889
0.001276,1006.64,-8.42988e-07,0.280265,4.99977,999.648,5.52889
0.00127621,1006.63,1.00943e-06,0.279888,4.99977,999.648,5.52889
0.00127641,1006.63,1.57759e-06,0.279509,4.99977,999.648,5.52889
0.0012766,1006.62,-2.31258e-07,0.279157,4.99977,999.649,5.52889
0.00127682,1006.62,-1.20955e-06,0.278761,4.99977,999.649,5.52889
0.001277,1006.62,-2.1765e-07,0.278416,4.99977,999.649,5.52889
0.00127721,1006.61,1.19246e-06,0.278036,4.99977,999.649,5.52889
0.0012774,1006.61,9.50213e-07,0.27768,4.99977,999.65,5.52889
0.0012776,1006.61,-5.75702e-07,0.277306,4.99977,999.65,5.52889
0.0012778,1006.6,-1.00251e-06,0.276941,4.99977,999.65,5.52889
0.00127801,1006.6,1.88807e-07,0.276564,4.99977,999.65,5.52889
0.0012782,1006.6,1.24222e-06,0.276199,4.99977,999.65,5.52889
0.00127841,1006.59,6.08943e-07,0.275824,4.99977,999.651,5.52889
0.00127861,1006.59,-6.70602e-07,0.275451,4.99977,999.651,5.52889
0.0012788,1006.59,-6.87393e-07,0.27509,4.99977,999.651,5.52889
0.00127901,1006.58,4.88385e-07,0.274715,4.99977,999.651,5.52889
0.0012792,1006.58,1.06437e-06,0.274356,4.99977,999.652,5.52889
0.00127941,1006.57,1.74405e-07,0.273982,4.99977,999.652,5.52889
0.00127961,1006.57,-7.30144e-07,0.273608,4.99977,999.652,5.52889
0.0012798,1006.57,-2.62293e-07,0.273253,4.99977,999.652,5.52889
0.00128,1006.56,7.96865e-07,0.272886,4.99977,999.653,5.52889
0.00128021,1006.56,8.32842e-07,0.27251,4.99977,999.653,5.52889
0.0012804,1006.56,-2.10945e-07,0.27215,4.99977,999.653,5.52889
0.00128061,1006.55,-6.62013e-07,0.27177,4.99977,999.653,5.52889
0.0012808,1006.55,9.6719e-09,0.271408,4.99977,999.654,5.52889
0.00128102,1006.55,6.77831e-07,0.271017,4.99977,999.654,5.52889
0.00128121,1006.54,6.08258e-07,0.270664,4.99977,999.654,5.52889
0.0012814,1006.54,-3.76245e-07,0.270313,4.99977,999.654,5.52889
0.00128161,1006.53,-5.16892e-07,0.269927,4.99977,999.655,5.52889
0.0012818,1006.53,3.07901e-07,0.269576,4.99977,999.655,5.52889
0.00128202,1006.53,7.19344e-07,0.269184,4.99977,999.655,5.52889
0.00128221,1006.52,2.98068e-07,0.268835,4.99977,999.655,5.52889
0.00128241,1006.52,-3.79819e-07,0.268466,4.99977,999.655,5.52889
0.00128261,1006.52,-2.91276e-07,0.268099,4.99977,999.656,5.52889
0.0012828,1006.51,4.37914e-07,0.267738,4.99977,999.656,5.52889
0.00128301,1006.51,6.42952e-07,0.267363,4.99977,999.656,5.52889
0.0012832,1006.5,3.96726e-08,0.267008,4.99977,999.656,5.52889
0.00128341,1006.5,-3.48312e-07,0.266622,4.99977,999.657,5.52889
0.0012836,1006.5,-4.60154e-08,0.266274,4.99977,999.657,5.52889
0.00128381,1006.49,4.78102e-07,0.265899,4.99977,999.657,5.52889
0.001284,1006.49,4.36849e-07,0.26555,4.99977,999.657,5.52889
0.00128421,1006.49,-7.70023e-08,0.265175,4.99977,999.658,5.52889
0.0012844,1006.48,-2.91069e-07,0.264813,4.99977,999.658,5.52889
0.00128461,1006.48,1.23936e-07,0.264444,4.99977,999.658,5.52889
0.00128481,1006.48,5.12482e-07,0.264079,4.99977,999.658,5.52889
0.001285,1006.47,3.08291e-07,0.263714,4.99977,999.659,5.52889
0.00128521,1006.47,-1.47946e-07,0.263346,4.99977,999.659,5.52889
0.0012854,1006.47,-1.57999e-07,0.26299,4.99977,999.659,5.52889
0.00128561,1006.46,2.25418e-07,0.262613,4.99977,999.659,5.52889
0.0012858,1006.46,4.63935e-07,0.262258,4.99977,999.659,5.52889
0.001286,1006.45,1.28296e-07,0.261899,4.99977,999.66,5.52889
0.00128621,1006.45,-1.50222e-07,0.261512,4.99977,999.66,5.52889
0.0012864,1006.45,-4.25949e-08,0.261164,4.99977,999.66,5.52889
0.0012866,1006.44,3.46329e-07,0.260804,4.99977,999.66,5.52889
0.00128681,1006.44,3.90532e-07,0.260431,4.99977,999.661,5.52889
0.00128701,1006.44,5.30805e-08,0.260071,4.99977,999.661,5.52889
0.00128721,1006.43,-1.47321e-07,0.259707,4.99977,999.661,5.52889
0.00128741,1006.43,6.47431e-08,0.259342,4.99977,999.661,5.52889
0.00128762,1006.43,3.14646e-07,0.258959,4.99977,999.662,5.52889
0.00128781,1006.42,3.12096e-07,0.258607,4.99977,999.662,5.52889
0.00128801,1006.42,-1.61196e-08,0.258254,4.99977,999.662,5.52889
0.0012882,1006.42,-7.88354e-08,0.257896,4.99977,999.662,5.52889
0.0012884,1006.41,1.73475e-07,0.257531,4.99977,999.663,5.52889
0.0012886,1006.41,3.43112e-07,0.257173,4.99977,999.663,5.52889
0.0012888,1006.4,1.81082e-07,0.256808,4.99977,999.663,5.52889
0.00128901,1006.4,-4.76008e-08,0.256443,4.99977,999.663,5.52889
0.0012892,1006.4,7.16875e-09,0.256085,4.99977,999.663,5.52889
0.00128941,1006.39,2.09097e-07,0.255707,4.99977,999.664,5.52889
0.00128961,1006.39,3.04454e-07,0.255347,4.99977,999.664,5.52889
0.0012898,1006.39,9.4014e-08,0.255001,4.99977,999.664,5.52889
0.00129,1006.38,-3.91716e-08,0.254642,4.99977,999.664,5.52889
0.00129021,1006.38,7.73796e-08,0.254272,4.99977,999.665,5.52889
0.0012904,1006.38,2.70631e-07,0.253921,4.99977,999.665,5.52889
0.00129061,1006.37,2.50278e-07,0.253541,4.99977,999.665,5.52889
0.0012908,1006.37,4.11799e-08,0.253197,4.99977,999.665,5.52889
0.001291,1006.36,1.59955e-09,0.252831,4.99977,999.666,5.52889
0.00129121,1006.36,1.40683e-07,0.252463,4.99977,999.666,5.52889
0.0012914,1006.36,2.57498e-07,0.25211,4.99977,999.666,5.52889
0.0012916,1006.35,1.59474e-07,0.251754,4.99977,999.666,5.52889
0.00129181,1006.35,2.78923e-08,0.251388,4.99977,999.666,5.52889
0.001292,1006.35,6.70313e-08,0.251033,4.99977,999.667,5.52889
0.00129222,1006.34,1.77893e-07,0.250651,4.99977,999.667,5.52889
0.00129241,1006.34,2.27256e-07,0.250295,4.99977,999.667,5.52889
0.0012926,1006.34,9.90915e-08,0.249951,4.99977,999.667,5.52889
0.00129281,1006.33,4.13737e-08,0.249582,4.99977,999.668,5.52889
0.001293,1006.33,1.4072e-07,0.249238,4.99977,999.668,5.52889
0.0012932,1006.33,2.12269e-07,0.248882,4.99977,999.668,5.52889
0.00129341,1006.32,1.69925e-07,0.248497,4.99977,999.668,5.52889
0.00129361,1006.32,7.1999e-08,0.248147,4.99977,999.668,5.52889
0.00129381,1006.31,8.96813e-08,0.247783,4.99977,999.669,5.52889
0.001294,1006.31,1.84387e-07,0.247446,4.99977,999.669,5.52889
0.00129421,1006.31,1.76259e-07,0.247069,4.99977,999.669,5.52889
0.00129441,1006.3,1.08309e-07,0.246705,4.99977,999.669,5.52889
0.0012946,1006.3,9.79805e-08,0.246366,4.99977,999.67,5.52889
0.00129482,1006.3,1.46503e-07,0.245984,4.99977,999.67,5.52889
0.00129501,1006.29,1.68629e-07,0.245636,4.99977,999.67,5.52889
0.00129521,1006.29,1.21315e-07,0.245281,4.99977,999.67,5.52889
0.00129541,1006.29,1.05441e-07,0.244924,4.99977,999.671,5.52889
0.00129561,1006.28,1.42736e-07,0.244567,4.99977,999.671,5.52889
0.00129581,1006.28,1.58545e-07,0.24421,4.99977,999.671,5.52889
0.00129601,1006.28,1.29882e-07,0.243853,4.99977,999.671,5.52889
0.00129621,1006.27,1.15513e-07,0.243497,4.99977,999.671,5.52889
0.00129641,1006.27,1.38085e-07,0.24314,4.99977,999.672,5.52889
0.00129661,1006.26,1.51661e-07,0.242784,4.99977,999.672,5.52889
0.00129681,1006.26,1.34748e-07,0.242428,4.99977,999.672,5.52889
0.00129701,1006.26,1.23e-07,0.242072,4.99977,999.672,5.52889
0.00129721,1006.25,1.36256e-07,0.241717,4.99977,999.673,5.52889
0.00129741,1006.25,1.47069e-07,0.241361,4.99977,999.673,5.52889
0.00129761,1006.25,1.37498e-07,0.241006,4.99977,999.673,5.52889
0.00129781,1006.24,1.28492e-07,0.24065,4.99977,999.673,5.52889
0.00129801,1006.24,1.36003e-07,0.240295,4.99977,999.673,5.52889
0.00129821,1006.24,1.44201e-07,0.239941,4.99977,999.674,5.52889
0.00129841,1006.23,1.39094e-07,0.239586,4.99977,999.674,5.52889
0.00129861,1006.23,1.32513e-07,0.239231,4.99977,999.674,5.52889
0.00129881,1006.23,1.36583e-07,0.238877,4.99977,999.674,5.52889
0.00129901,1006.22,1.42582e-07,0.238523,4.99977,999.675,5.52889
0.00129921,1006.22,1.40107e-07,0.238169,4.99977,999.675,5.52889
0.00129941,1006.21,1.35483e-07,0.237815,4.99977,999.675,5.52889
0.00129961,1006.21,1.37565e-07,0.237461,4.99977,999.675,5.52889
0.00129981,1006.21,1.41846e-07,0.237108,4.99977,999.675,5.52889
0.00130001,1006.2,1.40856e-07,0.236755,4.99977,999.676,5.52889
0.00130021,1006.2,1.37728e-07,0.236402,4.99977,999.676,5.52889
0.00130041,1006.2,1.3871e-07,0.236049,4.99977,999.676,5.52889
0.00130061,1006.19,1.41706e-07,0.235696,4.99977,999.676,5.52889
0.00130081,1006.19,1.41519e-07,0.235343,4.99977,999.677,5.52889
0.00130101,1006.19,1.39483e-07,0.234991,4.99977,999.677,5.52889
0.00130121,1006.18,1.39893e-07,0.234638,4.99977,999.677,5.52889
0.00130141,1006.18,1.41966e-07,0.234286,4.99977,999.677,5.52889
0.00130161,1006.18,1.42178e-07,0.233934,4.99977,999.677,5.52889
0.00130181,1006.17,1.40915e-07,0.233583,4.99977,999.678,5.52889
0.00130201,1006.17,1.41057e-07,0.233231,4.99977,999.678,5.52889
0.00130221,1006.17,1.42487e-07,0.23288,4.99977,999.678,5.52889
0.00130241,1006.16,1.42871e-07,0.232528,4.99977,999.678,5.52889
0.00130261,1006.16,1.42139e-07,0.232177,4.99977,999.679,5.52889
0.00130281,1006.15,1.42178e-07,0.231826,4.99977,999.679,5.52889
0.00130301,1006.15,1.43172e-07,0.231476,4.99977,999.679,5.52889
0.00130321,1006.15,1.43607e-07,0.231125,4.99977,999.679,5.52889
0.00130341,1006.14,1.43233e-07,0.230775,4.99977,999.679,5.52889
0.00130361,1006.14,1.43254e-07,0.230424,4.99977,999.68,5.52889
0.00130381,1006.14,1.43956e-07,0.230074,4.99977,999.68,5.52889
0.00130401,1006.13,1.44385e-07,0.229725,4.99977,999.68,5.52889
0.00130421,1006.13,1.44246e-07,0.229375,4.99977,999.68,5.52889
0.00130441,1006.13,1.44288e-07,0.229025,4.99977,999.681,5.52889
0.00130461,1006.12,1.44801e-07,0.228676,4.99977,999.681,5.52889
0.00130481,1006.12,1.452e-07,0.228327,4.99977,999.681,5.52889
0.00130501,1006.12,1.4521e-07,0.227978,4.99977,999.681,5.52889
0.00130521,1006.11,1.45287e-07,0.227629,4.99977,999.681,5.52889
0.00130541,1006.11,1.4568e-07,0.227281,4.99977,999.682,5.52889
0.00130561,1006.11,1.46041e-07,0.226932,4.99977,999.682,5.52889
0.00130581,1006.1,1.46146e-07,0.226584,4.99977,999.682,5.52889
0.00130601,1006.1,1.46258e-07,0.226236,4.99977,999.682,5.52889
0.00130621,1006.09,1.46578e-07,0.225888,4.99977,999.683,5.52889
0.00130641,1006.09,1.46905e-07,0.22554,4.99977,999.683,5.52889
0.00130661,1006.09,1.47064e-07,0.225193,4.99977,999.683,5.52889
0.00130681,1006.08,1.47205e-07,0.224845,4.99977,999.683,5.52889
0.00130701,1006.08,1.47482e-07,0.224498,4.99977,999.683,5.52889
0.00130721,1006.08,1.47784e-07,0.224151,4.99977,999.684,5.52889
0.00130741,1006.07,1.47973e-07,0.223804,4.99977,999.684,5.52889
0.00130761,1006.07,1.48138e-07,0.223457,4.99977,999.684,5.52889
0.00130781,1006.07,1.4839e-07,0.223111,4.99977,999.684,5.52889
0.00130801,1006.06,1.48669e-07,0.222765,4.99977,999.684,5.52889
0.00130821,1006.06,1.48878e-07,0.222419,4.99977,999.685,5.52889
0.00130841,1006.06,1.49058e-07,0.222073,4.99977,999.685,5.52889
0.00130861,1006.05,1.49295e-07,0.221727,4.99977,999.685,5.52889
0.00130881,1006.05,1.49559e-07,0.221381,4.99977,999.685,5.52889
0.00130901,1006.05,1.49776e-07,0.221036,4.99977,999.686,5.52889
0.00130921,1006.04,1.49971e-07,0.220691,4.99977,999.686,5.52889
0.00130941,1006.04,1.50198e-07,0.220346,4.99977,999.686,5.52889
0.00130961,1006.04,1.50448e-07,0.220001,4.99977,999.686,5.52889
0.00130981,1006.03,1.50669e-07,0.219656,4.99977,999.686,5.52889
0.00131001,1006.03,1.50874e-07,0.219312,4.99977,999.687,5.52889
0.00131021,1006.02,1.51101e-07,0.218967,4.99977,999.687,5.52889
0.00131041,1006.02,1.5134e-07,0.218623,4.99977,999.687,5.52889
0.00131061,1006.02,1.51561e-07,0.218279,4.99977,999.687,5.52889
0.00131081,1006.01,1.51771e-07,0.217935,4.99977,999.687,5.52889
0.00131101,1006.01,1.51995e-07,0.217592,4.99977,999.688,5.52889
0.00131121,1006.01,1.52227e-07,0.217248,4.99977,999.688,5.52889
0.00131141,1006,1.52449e-07,0.216905,4.99977,999.688,5.52889
0.00131161,1006,1.52664e-07,0.216562,4.99977,999.688,5.52889
0.00131181,1006,1.52885e-07,0.216219,4.99977,999.689,5.52889
0.00131201,1005.99,1.53111e-07,0.215877,4.99977,999.689,5.52889
0.00131221,1005.99,1.53333e-07,0.215534,4.99977,999.689,5.52889
0.00131241,1005.99,1.5355e-07,0.215192,4.99977,999.689,5.52889
0.00131261,1005.98,1.5377e-07,0.21485,4.99977,999.689,5.52889
0.00131281,1005.98,1.53992e-07,0.214508,4.99977,999.69,5.52889
0.00131301,1005.98,1.54212e-07,0.214166,4.99977,999.69,5.52889
0.00131321,1005.97,1.5443e-07,0.213824,4.99977,999.69,5.52889
0.00131341,1005.97,1.54649e-07,0.213483,4.99977,999.69,5.52889
0.00131361,1005.97,1.54869e-07,0.213142,4.99977,999.69,5.52889
0.00131381,1005.96,1.55088e-07,0.212801,4.99977,999.691,5.52889
0.00131401,1005.96,1.55305e-07,0.21246,4.99977,999.691,5.52889
0.00131421,1005.96,1.55523e-07,0.212119,4.99977,999.691,5.52889
0.00131441,1005.95,1.55741e-07,0.211779,4.99977,999.691,5.52889
0.00131461,1005.95,1.55959e-07,0.211438,4.99977,999.692,5.52889
0.00131481,1005.94,1.56173e-07,0.211098,4.99977,999.692,5.52889
0.00131501,1005.94,1.5639e-07,0.210758,4.99977,999.692,5.52889
0.00131521,1005.94,1.56608e-07,0.210418,4.99977,999.692,5.52889
0.00131541,1005.93,1.56823e-07,0.210079,4.99977,999.692,5.52889
0.00131561,1005.93,1.57037e-07,0.209739,4.99977,999.693,5.52889
0.00131581,1005.93,1.57253e-07,0.2094,4.99977,999.693,5.52889
0.00131601,1005.92,1.57468e-07,0.209061,4.99977,999.693,5.52889
0.00131621,1005.92,1.57682e-07,0.208722,4.99977,999.693,5.52889
0.00131641,1005.92,1.57895e-07,0.208384,4.99977,999.693,5.52889
0.00131661,1005.91,1.58109e-07,0.208045,4.99977,999.694,5.52889
0.00131681,1005.91,1.58322e-07,0.207707,4.99977,999.694,5.52889
0.00131701,1005.91,1.58533e-07,0.207369,4.99977,999.694,5.52889
0.00131721,1005.9,1.58748e-07,0.207031,4.99977,999.694,5.52889
0.00131741,1005.9,1.5896e-07,0.206693,4.99977,999.694,5.52889
0.00131761,1005.9,1.59169e-07,0.206356,4.99977,999.695,5.52889
0.00131781,1005.89,1.5938e-07,0.206018,4.99977,999.695,5.52889
0.00131801,1005.89,1.59592e-07,0.205681,4.99977,999.695,5.52889
0.00131821,1005.89,1.59803e-07,0.205344,4.99977,999.695,5.52889
0.00131841,1005.88,1.60012e-07,0.205007,4.99977,999.696,5.52889
0.00131861,1005.88,1.60222e-07,0.204671,4.99977,999.696,5.52889
0.00131881,1005.88,1.60429e-07,0.204334,4.99977,999.696,5.52889
0.00131901,1005.87,1.60638e-07,0.203998,4.99977,999.696,5.52889
0.00131921,1005.87,1.60847e-07,0.203662,4.99977,999.696,5.52889
0.00131941,1005.87,1.61054e-07,0.203326,4.99977,999.697,5.52889
0.00131961,1005.86,1.61259e-07,0.20299,4.99977,999.697,5.52889
0.00131981,1005.86,1.61467e-07,0.202655,4.99977,999.697,5.52889
0.00132001,1005.85,1.61677e-07,0.202319,4.99977,999.697,5.52889
0.00132021,1005.85,1.6188e-07,0.201984,4.99977,999.697,5.52889
0.00132041,1005.85,1.62083e-07,0.201649,4.99977,999.698,5.52889
0.00132061,1005.84,1.6229e-07,0.201315,4.99977,999.698,5.52889
0.00132081,1005.84,1.62494e-07,0.20098,4.99977,999.698,5.52889
0.00132101,1005.84,1.62697e-07,0.200646,4.99977,999.698,5.52889
0.00132121,1005.83,1.62901e-07,0.200311,4.99977,999.698,5.52889
0.00132141,1005.83,1.63105e-07,0.199977,4.99977,999.699,5.52889
0.00132161,1005.83,1.63308e-07,0.199643,4.99977,999.699,5.52889
0.00132181,1005.82,1.63508e-07,0.19931,4.99977,999.699,5.52889
0.00132201,1005.82,1.63709e-07,0.198976,4.99977,999.699,5.52889
0.00132221,1005.82,1.63911e-07,0.198643,4.99977,999.699,5.52889
0.00132241,1005.81,1.64112e-07,0.19831,4.99977,999.7,5.52889
0.00132261,1005.81,1.64312e-07,0.197977,4.99977,999.7,5.52889
0.00132281,1005.81,1.6451e-07,0.197644,4.99977,999.7,5.52889
0.00132301,1005.8,1.64709e-07,0.197312,4.99977,999.7,5.52889
0.00132321,1005.8,1.64908e-07,0.196979,4.99977,999.7,5.52889
0.00132341,1005.8,1.65106e-07,0.196647,4.99977,999.701,5.52889
0.00132361,1005.79,1.65302e-07,0.196315,4.99977,999.701,5.52889
0.00132381,1005.79,1.655e-07,0.195983,4.99977,999.701,5.52889
0.00132401,1005.79,1.65697e-07,0.195652,4.99977,999.701,5.52889
0.00132421,1005.78,1.65892e-07,0.19532,4.99977,999.702,5.52889
0.00132441,1005.78,1.66087e-07,0.194989,4.99977,999.702,5.52889
0.00132461,1005.78,1.66282e-07,0.194658,4.99977,999.702,5.52889
0.00132481,1005.77,1.66477e-07,0.194327,4.99977,999.702,5.52889
0.00132501,1005.77,1.66669e-07,0.193996,4.99977,999.702,5.52889
0.00132521,1005.77,1.66862e-07,0.193666,4.99977,999.703,5.52889
0.00132541,1005.76,1.67055e-07,0.193336,4.99977,999.703,5.52889
0.00132561,1005.76,1.67247e-07,0.193005,4.99977,999.703,5.52889
0.00132581,1005.76,1.67438e-07,0.192676,4.99977,999.703,5.52889
0.00132601,1005.75,1.67629e-07,0.192346,4.99977,999.703,5.52889
0.00132621,1005.75,1.6782e-07,0.192016,4.99977,999.704,5.52889
0.00132641,1005.74,1.68009e-07,0.191687,4.99977,999.704,5.52889
0.00132661,1005.74,1.68197e-07,0.191358,4.99977,999.704,5.52889
0.00132681,1005.74,1.68386e-07,0.191029,4.99977,999.704,5.52889
0.00132701,1005.73,1.68574e-07,0.1907,4.99977,999.704,5.52889
0.00132721,1005.73,1.68762e-07,0.190371,4.99977,999.705,5.52889
0.00132741,1005.73,1.68949e-07,0.190043,4.99977,999.705,5.52889
0.00132761,1005.72,1.69134e-07,0.189714,4.99977,999.705,5.52889
0.00132781,1005.72,1.69319e-07,0.189386,4.99977,999.705,5.52889
0.00132801,1005.72,1.69504e-07,0.189058,4.99977,999.705,5.52889
0.00132821,1005.71,1.69689e-07,0.188731,4.99977,999.706,5.52889
0.00132841,1005.71,1.69871e-07,0.188403,4.99977,999.706,5.52889
0.00132861,1005.71,1.70054e-07,0.188076,4.99977,999.706,5.52889
0.00132881,1005.7,1.70239e-07,0.187749,4.99977,999.706,5.52889
0.00132901,1005.7,1.70421e-07,0.187422,4.99977,999.706,5.52889
0.00132921,1005.7,1.70598e-07,0.187095,4.99977,999.707,5.52889
0.00132941,1005.69,1.70779e-07,0.186768,4.99977,999.707,5.52889
0.00132961,1005.69,1.70962e-07,0.186442,4.99977,999.707,5.52889
0.00132981,1005.69,1.71142e-07,0.186116,4.99977,999.707,5.52889
0.00133001,1005.68,1.71317e-07,0.18579,4.99977,999.707,5.52889
0.00133021,1005.68,1.71496e-07,0.185464,4.99977,999.708,5.52889
0.00133041,1005.68,1.71675e-07,0.185138,4.99977,999.708,5.52889
0.00133061,1005.67,1.71851e-07,0.184813,4.99977,999.708,5.52889
0.00133081,1005.67,1.72025e-07,0.184488,4.99977,999.708,5.52889
0.00133101,1005.67,1.72202e-07,0.184163,4.99977,999.708,5.52889
0.00133121,1005.66,1.72377e-07,0.183838,4.99977,999.709,5.52889
0.00133141,1005.66,1.72549e-07,0.183513,4.99977,999.709,5.52889
0.00133161,1005.66,1.72721e-07,0.183188,4.99977,999.709,5.52889
0.00133181,1005.65,1.72897e-07,0.182864,4.99977,999.709,5.52889
0.00133201,1005.65,1.73068e-07,0.18254,4.99977,999.709,5.52889
0.00133221,1005.65,1.73238e-07,0.182216,4.99977,999.71,5.52889
0.00133241,1005.64,1.73409e-07,0.181892,4.99977,999.71,5.52889
0.00133261,1005.64,1.73579e-07,0.181569,4.99977,999.71,5.52889
0.00133281,1005.64,1.73747e-07,0.181245,4.99977,999.71,5.52889
0.00133301,1005.63,1.73917e-07,0.180922,4.99977,999.71,5.52889
0.00133321,1005.63,1.74085e-07,0.180599,4.99977,999.711,5.52889
0.00133341,1005.63,1.74251e-07,0.180276,4.99977,999.711,5.52889
0.00133361,1005.62,1.74417e-07,0.179953,4.99977,999.711,5.52889
0.00133381,1005.62,1.74585e-07,0.179626,4.99977,999.711,5.52889
0.00133401,1005.62,1.7475e-07,0.179304,4.99977,999.711,5.52889
0.00133421,1005.61,1.74915e-07,0.178982,4.99977,999.712,5.52889
0.00133441,1005.61,1.75079e-07,0.17866,4.99977,999.712,5.52889
0.00133461,1005.61,1.7524e-07,0.178338,4.99977,999.712,5.52889
0.00133481,1005.6,1.75402e-07,0.178016,4.99977,999.712,5.52889
0.00133501,1005.6,1.75564e-07,0.177695,4.99977,999.712,5.52889
0.00133521,1005.59,1.75724e-07,0.177374,4.99977,999.713,5.52889
0.00133541,1005.59,1.75883e-07,0.177053,4.99977,999.713,5.52889
0.00133561,1005.59,1.76041e-07,0.176732,4.99977,999.713,5.52889
0.00133581,1005.58,1.762e-07,0.176412,4.99977,999.713,5.52889
0.00133601,1005.58,1.76355e-07,0.176099,4.99977,999.713,5.52889
0.0013362,1.11238,0.54738,0.162611,4.99977,999.708,5.52889
0.00133642,1.49312,0.734429,0.153161,4.99977,999.687,5.52889
0.00133662,1.83745,0.90377,0.151161,4.99977,999.663,5.52889
0.00133682,2.18166,1.07305,0.149465,4.99977,999.633,5.52889
0.00133702,2.52574,1.24227,0.147803,4.99977,999.599,5.52889
0.00133722,2.86968,1.41142,0.146159,4.99977,999.559,5.52889
0.0013374,1051.59,1.44759,0.14573,4.99977,999.519,5.52889
0.0013376,1235.75,-0.0888172,0.191795,4.99977,999.518,5.52889
0.00133781,1158.97,0.220685,0.205677,4.99977,999.519,5.52889
0.001338,852.275,0.211384,0.215909,4.99977,999.521,5.52889
0.0013382,798.262,-0.107512,0.223026,4.99977,999.522,5.52889
0.0013384,1021.38,-0.276951,0.222385,4.99977,999.521,5.52889
0.0013386,1222.66,-0.0461278,0.218169,4.99977,999.52,5.52889
0.0013388,1122.59,0.227914,0.220384,4.99977,999.521,5.52889
0.00133901,875.799,0.210073,0.22869,4.99977,999.523,5.52889
0.0013392,817.873,-0.116523,0.235683,4.99977,999.524,5.52889
0.00133941,1018.9,-0.258675,0.235136,4.99977,999.522,5.52889
0.00133961,1204.78,-0.0644799,0.23151,4.99977,999.521,5.52889
0.00133981,1123.37,0.205571,0.233154,4.99977,999.522,5.52889
0.00134,866.939,0.176733,0.241541,4.99977,999.524,5.52889
0.0013402,832.177,-0.112011,0.247537,4.99977,999.525,5.52889
0.00134041,1029.27,-0.239608,0.246756,4.99977,999.524,5.52889
0.00134061,1193.94,-0.0439287,0.243432,4.99977,999.523,5.52889
0.00134081,1110.48,0.195189,0.245288,4.99977,999.524,5.52889
0.001341,867.464,0.151715,0.25335,4.99977,999.526,5.52889
0.00134121,842.539,-0.0978779,0.258638,4.99977,999.527,5.52889
0.0013414,1061.24,-0.21331,0.257004,4.99977,999.525,5.52889
0.0013416,1183.42,-0.00437579,0.254369,4.99977,999.525,5.52889
0.0013418,1069.29,0.202537,0.257061,4.99977,999.526,5.52889
0.001342,871.041,0.130075,0.264328,4.99977,999.528,5.52889
0.00134221,855.214,-0.0913347,0.269014,4.99977,999.528,5.52889
0.00134241,1049.05,-0.200158,0.267757,4.99977,999.527,5.52889
0.0013426,1170.04,0.0117256,0.264929,4.99977,999.527,5.52889
0.00134281,1062.84,0.188019,0.267652,4.99977,999.528,5.52889
0.00134301,888.223,0.130229,0.274139,4.99977,999.529,5.52889
0.0013432,884.148,-0.119209,0.278589,4.99977,999.53,5.52889
0.0013434,1067.39,-0.175902,0.276948,4.99977,999.529,5.52889
0.00134361,1157.82,0.00853419,0.275009,4.99977,999.528,5.52889
0.00134381,1056.11,0.174856,0.277559,4.99977,999.529,5.52889
0.001344,877.094,0.0835868,0.284259,4.99977,999.531,5.52889
0.00134421,894.958,-0.112267,0.287648,4.99977,999.531,5.52889
0.00134441,1059.54,-0.164126,0.286265,4.99977,999.53,5.52889
0.0013446,1143.36,0.0374999,0.28411,4.99977,999.53,5.52889
0.0013448,1026.11,0.169414,0.287213,4.99977,999.531,5.52889
0.00134501,886.605,0.0759803,0.292993,4.99977,999.532,5.52889
0.0013452,928.191,-0.13322,0.295774,4.99977,999.532,5.52889
0.0013454,1080.84,-0.135134,0.294057,4.99977,999.532,5.52889
0.00134561,1133.59,0.0310074,0.292916,4.99977,999.532,5.52889
0.0013458,1001.49,0.157832,0.296215,4.99977,999.533,5.52889
0.001346,887.472,0.0436956,0.30151,4.99977,999.534,5.52889
0.0013462,937.513,-0.125901,0.303647,4.99977,999.534,5.52889
0.00134641,1074.71,-0.125204,0.302148,4.99977,999.533,5.52889
0.0013466,1117.29,0.0566921,0.300904,4.99977,999.533,5.52889
0.0013468,999.844,0.145595,0.304193,4.99977,999.534,5.52889
0.001347,896.368,0.0388455,0.30907,4.99977,999.536,5.52889
0.0013472,944.573,-0.117652,0.311007,4.99977,999.536,5.52889
0.00134741,1067.69,-0.117124,0.309727,4.99977,999.535,5.52889
0.0013476,1108,0.0550684,0.308513,4.99977,999.535,5.52889
0.00134781,1004.06,0.134592,0.311501,4.99977,999.536,5.52889
0.001348,901.527,0.0139144,0.316332,4.99977,999.537,5.52889
0.0013482,967.493,-0.120627,0.317546,4.99977,999.537,5.52889
0.0013484,1086.3,-0.0829982,0.315862,4.99977,999.536,5.52889
0.00134861,1100.23,0.0511227,0.315599,4.99977,999.537,5.52889
0.0013488,986.724,0.121649,0.318742,4.99977,999.538,5.52889
0.001349,909.718,0.0128572,0.322835,4.99977,999.539,5.52889
0.0013492,975.052,-0.11353,0.323871,4.99977,999.538,5.52889
0.0013494,1079.15,-0.0782274,0.322462,4.99977,999.538,5.52889
0.00134961,1093.32,0.0466579,0.322182,4.99977,999.538,5.52889
0.0013498,985.433,0.111485,0.325153,4.99977,999.539,5.52889
0.00135,916.843,-0.00474404,0.329009,4.99977,999.54,5.52889
0.0013502,975.867,-0.103985,0.329868,4.99977,999.54,5.52889
0.00135041,1074.79,-0.0706113,0.328491,4.99977,999.54,5.52889
0.0013506,1074.77,0.0679102,0.328247,4.99977,999.54,5.52889
0.0013508,973.879,0.0974027,0.331345,4.99977,999.541,5.52889
0.001351,923.861,-0.00430335,0.334592,4.99977,999.542,5.52889
0.00135121,978.179,-0.0959,0.335392,4.99977,999.542,5.52889
0.0013514,1080.18,-0.0453623,0.333639,4.99977,999.541,5.52889
0.00135161,1069.71,0.0625421,0.333898,4.99977,999.542,5.52889
0.0013518,976.54,0.0899185,0.336759,4.99977,999.543,5.52889
0.001352,931.773,-0.0190231,0.339843,4.99977,999.543,5.52889
0.0013522,998.097,-0.0940735,0.34011,4.99977,999.543,5.52889
0.0013524,1074.59,-0.0419467,0.338883,4.99977,999.543,5.52889
0.00135261,1065.04,0.0575888,0.339121,4.99977,999.543,5.52889
0.00135281,978.995,0.0830074,0.341761,4.99977,999.544,5.52889
0.001353,937.63,-0.0174472,0.344607,4.99977,999.545,5.52889
0.0013532,998.704,-0.0867974,0.344858,4.99977,999.545,5.52889
0.00135341,1069.42,-0.0387909,0.343722,4.99977,999.544,5.52889
0.00135361,1060.73,0.0530185,0.343939,4.99977,999.545,5.52889
0.0013538,970.112,0.069119,0.346663,4.99977,999.546,5.52889
0.00135401,943.036,-0.0159937,0.348998,4.99977,999.546,5.52889
0.0013542,1010.4,-0.0807371,0.348959,4.99977,999.546,5.52889
0.0013544,1069.3,-0.0208717,0.347893,4.99977,999.546,5.52889
0.0013546,1042.42,0.0652474,0.348482,4.99977,999.546,5.52889
0.00135481,973.085,0.0638346,0.350884,4.99977,999.547,5.52889
0.001355,951.244,-0.0283003,0.353069,4.99977,999.548,5.52889
0.0013552,1010.1,-0.0745148,0.352999,4.99977,999.548,5.52889
0.0013554,1064.56,-0.0193169,0.352009,4.99977,999.548,5.52889
0.00135561,1039.86,0.0601325,0.352546,4.99977,999.548,5.52889
0.00135581,975.827,0.0589556,0.354758,4.99977,999.549,5.52889
0.00135601,955.568,-0.0259567,0.35677,4.99977,999.549,5.52889
0.00135621,1009.82,-0.0687704,0.356703,4.99977,999.549,5.52889
0.0013564,1061.82,-0.00713558,0.355617,4.99977,999.549,5.52889
0.00135661,1037.49,0.0554119,0.35627,4.99977,999.55,5.52889
0.0013568,968.433,0.0437861,0.358597,4.99977,999.55,5.52889
0.00135701,959.558,-0.0237948,0.360156,4.99977,999.551,5.52889
0.0013572,1018.71,-0.0620623,0.359847,4.99977,999.551,5.52889
0.0013574,1057.65,-0.00664304,0.359078,4.99977,999.551,5.52889
0.0013576,1024.62,0.0578708,0.359813,4.99977,999.551,5.52889
0.00135781,971.554,0.0405083,0.361809,4.99977,999.552,5.52889
0.001358,968.819,-0.0346941,0.363213,4.99977,999.552,5.52889
0.00135821,1017.79,-0.057296,0.362951,4.99977,999.552,5.52889
0.0013584,1054.04,0.00278719,0.362119,4.99977,999.552,5.52889
0.0013586,1023.42,0.0533625,0.362898,4.99977,999.553,5.52889
0.00135881,974.434,0.037482,0.36473,4.99977,999.553,5.52889
0.001359,971.718,-0.0318055,0.36602,4.99977,999.554,5.52889
0.0013592,1024,-0.0502358,0.365566,4.99977,999.554,5.52889
0.0013594,1050.48,0.00251687,0.36499,4.99977,999.554,5.52889
0.00135961,1022.3,0.0492013,0.365696,4.99977,999.554,5.52889
0.0013598,971.378,0.0247618,0.367577,4.99977,999.555,5.52889
0.00136001,974.394,-0.0291405,0.368558,4.99977,999.555,5.52889
0.00136021,1022.68,-0.0463914,0.36813,4.99977,999.555,5.52889
0.0013604,1046.42,0.0100275,0.367511,4.99977,999.555,5.52889
0.0013606,1012.22,0.0480897,0.368377,4.99977,999.556,5.52889
0.0013608,974.318,0.0231167,0.369943,4.99977,999.557,5.52889
0.00136101,976.84,-0.0266335,0.370842,4.99977,999.557,5.52889
0.0013612,1027.93,-0.0387281,0.370233,4.99977,999.557,5.52889
0.0013614,1043.45,0.00916494,0.369851,4.99977,999.557,5.52889
0.0013616,1012.02,0.0443524,0.370635,4.99977,999.557,5.52889
0.00136181,977.042,0.0216164,0.372064,4.99977,999.558,5.52889
0.001362,986.591,-0.0342768,0.372791,4.99977,999.558,5.52889
0.0013622,1026.28,-0.0358118,0.372314,4.99977,999.558,5.52889
0.00136241,1040.71,0.00836748,0.371945,4.99977,999.558,5.52889
0.0013626,1006.17,0.0411798,0.372763,4.99977,999.559,5.52889
0.0013628,976.686,0.0121065,0.374081,4.99977,999.56,5.52889
0.001363,989.628,-0.0329077,0.374592,4.99977,999.56,5.52889
0.00136321,1025,-0.0329208,0.374155,4.99977,999.56,5.52889
0.0013634,1036.39,0.0149904,0.37376,4.99977,999.56,5.52889
0.0013636,1006.3,0.0379965,0.374545,4.99977,999.561,5.52889
0.0013638,978.832,0.0101109,0.375761,4.99977,999.561,5.52889
0.00136401,990.677,-0.0300471,0.376209,4.99977,999.561,5.52889
0.00136421,1023.6,-0.030436,0.375786,4.99977,999.561,5.52889
0.00136441,1034.3,0.0134914,0.375406,4.99977,999.562,5.52889
0.0013646,1002.14,0.0344022,0.376206,4.99977,999.562,5.52889
0.0013648,980.237,0.00412857,0.377279,4.99977,999.563,5.52889
0.001365,996.949,-0.0312078,0.377527,4.99977,999.563,5.52889
0.0013652,1027.88,-0.0222484,0.377013,4.99977,999.563,5.52889
0.00136541,1032.18,0.0126481,0.37684,4.99977,999.563,5.52889
0.0013656,1002.37,0.0316871,0.377568,4.99977,999.564,5.52889
0.0013658,982.357,0.00370966,0.378537,4.99977,999.564,5.52889
0.001366,997.702,-0.0287488,0.378749,4.99977,999.564,5.52889
0.00136621,1026.03,-0.0209303,0.378267,4.99977,999.564,5.52889
0.0013664,1027.28,0.0183034,0.37807,4.99977,999.565,5.52889
0.00136661,1002.23,0.0290923,0.378745,4.99977,999.565,5.52889
0.0013668,984.165,-0.000155739,0.379643,4.99977,999.565,5.52889
0.00136701,999.231,-0.0269237,0.379772,4.99977,999.566,5.52889
0.00136721,1024.98,-0.018834,0.37931,4.99977,999.566,5.52889
0.0013674,1025.81,0.016819,0.379124,4.99977,999.566,5.52889
0.0013676,999.037,0.0253692,0.379818,4.99977,999.567,5.52889
0.0013678,985.998,-0.00106314,0.380546,4.99977,999.567,5.52889
0.00136801,1000.03,-0.0249121,0.380636,4.99977,999.567,5.52889
0.0013682,1026.48,-0.0122913,0.380072,4.99977,999.567,5.52889
0.00136841,1024.48,0.0154249,0.380002,4.99977,999.568,5.52889
0.0013686,999.724,0.0234165,0.380623,4.99977,999.568,5.52889
0.0013688,988.04,-0.00487393,0.381302,4.99977,999.568,5.52889
0.001369,1005.2,-0.0244639,0.381244,4.99977,999.569,5.52889
0.0013692,1025.01,-0.0113942,0.3808,4.99977,999.569,5.52889
0.00136941,1023.24,0.0141375,0.380714,4.99977,999.569,5.52889
0.00136961,1000.36,0.0216167,0.381267,4.99977,999.57,5.52889
0.0013698,989.555,-0.00444369,0.381874,4.99977,999.57,5.52889
0.00137,1005.3,-0.0225579,0.381803,4.99977,999.57,5.52889
0.00137021,1023.64,-0.0106097,0.381372,4.99977,999.57,5.52889
0.0013704,1018.26,0.0177902,0.381302,4.99977,999.571,5.52889
0.0013706,998.092,0.0180502,0.381839,4.99977,999.571,5.52889
0.00137081,990.942,-0.00398376,0.382298,4.99977,999.571,5.52889
0.001371,1008.33,-0.0210083,0.382148,4.99977,999.572,5.52889
0.0013712,1023.71,-0.0058783,0.381723,4.99977,999.572,5.52889
0.0013714,1017.61,0.0162586,0.381707,4.99977,999.572,5.52889
0.00137161,998.947,0.0167444,0.382179,4.99977,999.572,5.52889
0.0013718,992.93,-0.00681379,0.382598,4.99977,999.573,5.52889
0.001372,1008.05,-0.0193878,0.38243,4.99977,999.573,5.52889
0.00137221,1022.26,-0.00620975,0.382024,4.99977,999.573,5.52889
0.00137241,1017.77,0.0140359,0.381963,4.99977,999.574,5.52889
0.00137261,999.139,0.0150128,0.382402,4.99977,999.574,5.52889
0.00137281,994.143,-0.00644858,0.382752,4.99977,999.574,5.52889
0.00137301,1007.95,-0.0178623,0.382576,4.99977,999.574,5.52889
0.0013732,1021.65,-0.0031644,0.38214,4.99977,999.575,5.52889
0.00137341,1014.85,0.0148745,0.382127,4.99977,999.575,5.52889
0.0013736,997.288,0.0109455,0.382566,4.99977,999.575,5.52889
0.0013738,996.309,-0.00875702,0.382784,4.99977,999.576,5.52889
0.00137401,1009.09,-0.0163711,0.38257,4.99977,999.576,5.52889
0.0013742,1020.68,-0.00180069,0.382159,4.99977,999.576,5.52889
0.00137441,1013.73,0.0140797,0.382146,4.99977,999.576,5.52889
0.0013746,998.176,0.010156,0.382517,4.99977,999.577,5.52889
0.00137481,996.998,-0.00758544,0.382697,4.99977,999.577,5.52889
0.001375,1010.78,-0.0146682,0.382432,4.99977,999.577,5.52889
0.0013752,1019.7,-0.00048889,0.382062,4.99977,999.578,5.52889
0.0013754,1011.72,0.0137863,0.382065,4.99977,999.578,5.52889
0.0013756,997.953,0.00768545,0.382396,4.99977,999.578,5.52889
0.0013758,999.285,-0.00947795,0.382492,4.99977,999.579,5.52889
0.001376,1011.81,-0.0129856,0.382198,4.99977,999.579,5.52889
0.0013762,1018.7,0.00121511,0.381852,4.99977,999.579,5.52889
0.0013764,1009.82,0.013228,0.381877,4.99977,999.579,5.52889
0.00137661,999.215,0.0079426,0.382105,4.99977,999.58,5.52889
0.00137681,998.857,-0.0068796,0.382194,4.99977,999.58,5.52889
0.001377,1012.16,-0.011574,0.381876,4.99977,999.58,5.52889
0.00137721,1017.8,0.00121625,0.381551,4.99977,999.58,5.52889
0.00137741,1009.58,0.0121708,0.381552,4.99977,999.581,5.52889
0.0013776,998.718,0.004759,0.381791,4.99977,999.581,5.52889
0.0013778,1001.54,-0.00917369,0.381781,4.99977,999.581,5.52889
0.00137801,1012.02,-0.0105001,0.38147,4.99977,999.582,5.52889
0.0013782,1016.6,0.00345877,0.381141,4.99977,999.582,5.52889
0.00137841,1008.89,0.0112974,0.381139,4.99977,999.582,5.52889
0.00137861,999.428,0.00434663,0.381322,4.99977,999.583,5.52889
0.00137881,1001.91,-0.00829993,0.381289,4.99977,999.583,5.52889
0.001379,1012.96,-0.00864043,0.38094,4.99977,999.583,5.52889
0.00137921,1015.91,0.00298623,0.380649,4.99977,999.583,5.52889
0.0013794,1007.6,0.0104683,0.38065,4.99977,999.584,5.52889
0.0013796,999.628,0.00219005,0.380796,4.99977,999.584,5.52889
0.00137981,1002.25,-0.00749804,0.380708,4.99977,999.584,5.52889
0.00138001,1012.15,-0.00827044,0.380372,4.99977,999.585,5.52889
0.00138021,1015.03,0.00350968,0.380067,4.99977,999.585,5.52889
0.00138041,1007.29,0.00959599,0.380051,4.99977,999.585,5.52889
0.00138061,1000.3,0.00207266,0.380149,4.99977,999.585,5.52889
0.0013808,1004.29,-0.00826137,0.380027,4.99977,999.586,5.52889
0.001381,1013.21,-0.00602363,0.379667,4.99977,999.586,5.52889
0.00138121,1014.38,0.00330359,0.379402,4.99977,999.586,5.52889
0.0013814,1006,0.0085667,0.379397,4.99977,999.587,5.52889
0.0013816,1000.73,0.000399433,0.379448,4.99977,999.587,5.52889
0.00138181,1004.14,-0.00728566,0.379289,4.99977,999.587,5.52889
0.00138201,1012.65,-0.00565528,0.378931,4.99977,999.587,5.52889
0.0013822,1013.04,0.00482319,0.378665,4.99977,999.588,5.52889
0.00138241,1006.19,0.00787899,0.378625,4.99977,999.588,5.52889
0.0013826,1001.31,-0.000745384,0.378661,4.99977,999.588,5.52889
0.0013828,1005.87,-0.00749263,0.378457,4.99977,999.589,5.52889
0.001383,1012.92,-0.00405853,0.378097,4.99977,999.589,5.52889
0.00138321,1012.8,0.00402169,0.377843,4.99977,999.589,5.52889
0.0013834,1005.14,0.00673836,0.37782,4.99977,999.589,5.52889
0.0013836,1001.82,-0.000540361,0.377787,4.99977,999.59,5.52889
0.0013838,1006.67,-0.00706741,0.377564,4.99977,999.59,5.52889
0.001384,1012.85,-0.00280789,0.377203,4.99977,999.59,5.52889
0.00138421,1011.98,0.00434663,0.37696,4.99977,999.59,5.52889
0.00138441,1005.28,0.00613322,0.376908,4.99977,999.591,5.52889
0.0013846,1002.42,-0.00153313,0.37686,4.99977,999.591,5.52889
0.00138481,1006.56,-0.00642639,0.376617,4.99977,999.591,5.52889
0.00138501,1012.29,-0.00288294,0.37626,4.99977,999.592,5.52889
0.00138521,1011.26,0.00445622,0.376011,4.99977,999.592,5.52889
0.0013854,1004.61,0.00495794,0.375962,4.99977,999.592,5.52889
0.00138561,1002.88,-0.00150185,0.375857,4.99977,999.592,5.52889
0.00138581,1007.18,-0.00596408,0.375597,4.99977,999.593,5.52889
0.001386,1012.24,-0.00132273,0.375237,4.99977,999.593,5.52889
0.0013862,1010.08,0.00490222,0.375013,4.99977,999.593,5.52889
0.00138641,1004.82,0.00447455,0.374921,4.99977,999.594,5.52889
0.0013866,1003.57,-0.00234523,0.374804,4.99977,999.594,5.52889
0.0013868,1008.31,-0.00539541,0.374512,4.99977,999.594,5.52889
0.001387,1011.91,-0.000365783,0.374166,4.99977,999.594,5.52889
0.00138721,1009.79,0.0045086,0.373937,4.99977,999.595,5.52889
0.0013874,1004.33,0.00316889,0.373857,4.99977,999.595,5.52889
0.00138761,1003.94,-0.00218747,0.373685,4.99977,999.595,5.52889
0.00138781,1008.15,-0.00492825,0.373389,4.99977,999.596,5.52889
0.001388,1011.52,0.000260927,0.373043,4.99977,999.596,5.52889
0.00138821,1008.93,0.00449372,0.372822,4.99977,999.596,5.52889
0.00138841,1004.76,0.00309843,0.372692,4.99977,999.596,5.52889
0.00138861,1004.57,-0.00264907,0.37252,4.99977,999.597,5.52889
0.00138881,1008.75,-0.00429179,0.372205,4.99977,999.597,5.52889
0.00138901,1011.15,0.000188527,0.371867,4.99977,999.597,5.52889
0.0013892,1008.19,0.00429231,0.371655,4.99977,999.597,5.52889
0.00138941,1004.66,0.00225036,0.371507,4.99977,999.598,5.52889
0.0013896,1005.21,-0.00298111,0.371304,4.99977,999.598,5.52889
0.0013898,1009.45,-0.00338896,0.37097,4.99977,999.598,5.52889
0.00139,1010.64,0.00130289,0.370649,4.99977,999.599,5.52889
0.0013902,1007.78,0.0039455,0.370431,4.99977,999.599,5.52889
0.0013904,1004.58,0.00111313,0.370281,4.99977,999.599,5.52889
0.0013906,1005.93,-0.00320222,0.370039,4.99977,999.599,5.52889
0.00139081,1009.06,-0.00322435,0.369703,4.99977,999.6,5.52889
0.001391,1010.29,0.0013158,0.369379,4.99977,999.6,5.52889
0.0013912,1007.12,0.00353499,0.369172,4.99977,999.6,5.52889
0.0013914,1004.8,0.000686104,0.368987,4.99977,999.6,5.52889
0.0013916,1006.36,-0.00309349,0.368728,4.99977,999.601,5.52889
0.0013918,1009.66,-0.00209589,0.368382,4.99977,999.601,5.52889
0.00139201,1009.91,0.00144738,0.368067,4.99977,999.601,5.52889
0.0013922,1006.94,0.00313783,0.367852,4.99977,999.602,5.52889
0.0013924,1005,2.97679e-05,0.367658,4.99977,999.602,5.52889
0.0013926,1007.02,-0.0030255,0.367377,4.99977,999.602,5.52889
0.0013928,1009.68,-0.00142287,0.367029,4.99977,999.602,5.52889
0.001393,1009.19,0.00211237,0.36673,4.99977,999.603,5.52889
0.0013932,1006.54,0.00262501,0.366504,4.99977,999.603,5.52889
0.0013934,1005.32,-0.000695232,0.366291,4.99977,999.603,5.52889
0.00139361,1007.17,-0.00273667,0.365984,4.99977,999.603,5.52889
0.00139381,1009.45,-0.00125285,0.365636,4.99977,999.604,5.52889
0.00139401,1008.98,0.00192315,0.365333,4.99977,999.604,5.52889
0.0013942,1006.17,0.00198862,0.365122,4.99977,999.604,5.52889
0.0013944,1005.59,-0.000827356,0.364872,4.99977,999.605,5.52889
0.00139461,1007.45,-0.00247553,0.364556,4.99977,999.605,5.52889
0.00139481,1009.39,-0.000562041,0.36421,4.99977,999.605,5.52889
0.00139501,1008.53,0.00198023,0.363911,4.99977,999.605,5.52889
0.0013952,1006.04,0.00144061,0.363693,4.99977,999.606,5.52889
0.00139541,1005.85,-0.000956633,0.363418,4.99977,999.606,5.52889
0.0013956,1008.02,-0.00210474,0.363097,4.99977,999.606,5.52889
0.0013958,1009.21,0.000115865,0.362755,4.99977,999.606,5.52889
0.00139601,1008.04,0.00198017,0.36246,4.99977,999.607,5.52889
0.0013962,1006.03,0.000985996,0.362225,4.99977,999.607,5.52889
0.0013964,1006.44,-0.00153034,0.361947,4.99977,999.607,5.52889
0.00139661,1008.08,-0.00179576,0.361602,4.99977,999.608,5.52889
0.0013968,1008.9,0.000635622,0.361271,4.99977,999.608,5.52889
0.001397,1007.4,0.00185218,0.36099,4.99977,999.608,5.52889
0.00139721,1006.07,0.000525306,0.360725,4.99977,999.608,5.52889
0.0013974,1006.72,-0.00150166,0.360428,4.99977,999.609,5.52889
0.0013976,1008.47,-0.00115405,0.360085,4.99977,999.609,5.52889
0.00139781,1008.68,0.000658606,0.359745,4.99977,999.609,5.52889
0.00139801,1007.24,0.00160554,0.359462,4.99977,999.609,5.52889
0.0013982,1006.18,-5.91676e-05,0.359203,4.99977,999.61,5.52889
0.00139841,1007.06,-0.00146416,0.358882,4.99977,999.61,5.52889
0.00139861,1008.42,-0.000857921,0.358533,4.99977,999.61,5.52889
0.0013988,1008.22,0.00107324,0.358214,4.99977,999.61,5.52889
0.001399,1006.78,0.00116071,0.357936,4.99977,999.611,5.52889
0.00139921,1006.35,-0.000307288,0.357637,4.99977,999.611,5.52889
0.0013994,1007.57,-0.00132917,0.357317,4.99977,999.611,5.52889
0.0013996,1008.45,-0.000228367,0.356966,4.99977,999.612,5.52889
0.0013998,1007.83,0.00115793,0.356651,4.99977,999.612,5.52889
0.0014,1006.68,0.000824142,0.356359,4.99977,999.612,5.52889
0.00140021,1006.6,-0.000639479,0.356054,4.99977,999.612,5.52889
0.0014004,1007.74,-0.00108469,0.355717,4.99977,999.613,5.52889
0.0014006,1008.29,0.000223028,0.355376,4.99977,999.613,5.52889
0.00140081,1007.66,0.00104222,0.355045,4.99977,999.613,5.52889
0.001401,1006.62,0.000420082,0.354762,4.99977,999.613,5.52889
0.0014012,1006.93,-0.000854207,0.354448,4.99977,999.614,5.52889
0.0014014,1007.93,-0.000734707,0.354102,4.99977,999.614,5.52889
0.0014016,1008.09,0.000412492,0.353757,4.99977,999.614,5.52889
0.0014018,1007.22,0.000919491,0.353448,4.99977,999.614,5.52889
0.001402,1006.65,3.38702e-07,0.353145,4.99977,999.615,5.52889
0.00140221,1007.07,-0.000794179,0.352802,4.99977,999.615,5.52889
0.0014024,1007.98,-0.000406825,0.352463,4.99977,999.615,5.52889
0.00140261,1007.85,0.00057636,0.352122,4.99977,999.616,5.52889
0.0014028,1006.98,0.00065151,0.351819,4.99977,999.616,5.52889
0.001403,1006.77,-0.000252898,0.351496,4.99977,999.616,5.52889
0.00140321,1007.35,-0.000757158,0.351151,4.99977,999.616,5.52889
0.0014034,1007.94,-0.00011981,0.350804,4.99977,999.617,5.52889
0.00140361,1007.61,0.000632085,0.350467,4.99977,999.617,5.52889
0.00140381,1006.93,0.000448855,0.350151,4.99977,999.617,5.52889
0.001404,1006.97,-0.000471219,0.349834,4.99977,999.617,5.52889
0.00140421,1007.52,-0.00060908,0.349476,4.99977,999.618,5.52889
0.0014044,1007.83,0.0001429,0.349133,4.99977,999.618,5.52889
0.00140461,1007.45,0.000589396,0.348785,4.99977,999.618,5.52889
0.0014048,1006.86,9.41659e-05,0.348487,4.99977,999.618,5.52889
0.001405,1007.11,-0.00050359,0.348143,4.99977,999.619,5.52889
0.0014052,1007.67,-0.00034835,0.347794,4.99977,999.619,5.52889
0.00140541,1007.68,0.000290207,0.347442,4.99977,999.619,5.52889
0.00140561,1007.25,0.000514759,0.347098,4.99977,999.619,5.52889
0.0014058,1006.91,-7.11054e-05,0.346785,4.99977,999.62,5.52889
0.001406,1007.26,-0.000484196,0.346438,4.99977,999.62,5.52889
0.0014062,1007.67,-0.00012777,0.34609,4.99977,999.62,5.52889
0.00140641,1007.56,0.000332048,0.345728,4.99977,999.621,5.52889
0.0014066,1007.06,0.000331581,0.345408,4.99977,999.621,5.52889
0.0014068,1007.01,-0.000231754,0.345074,4.99977,999.621,5.52889
0.00140701,1007.34,-0.000413602,0.344712,4.99977,999.621,5.52889
0.00140721,1007.61,-6.97495e-06,0.344361,4.99977,999.622,5.52889
0.0014074,1007.35,0.000382817,0.34402,4.99977,999.622,5.52889
0.00140761,1007.02,0.000198127,0.343677,4.99977,999.622,5.52889
0.00140781,1007.06,-0.000241355,0.343328,4.99977,999.622,5.52889
0.00140801,1007.44,-0.000294399,0.342983,4.99977,999.623,5.52889
0.00140821,1007.53,0.000121537,0.342627,4.99977,999.623,5.52889
0.00140841,1007.24,0.000333797,0.342283,4.99977,999.623,5.52889
0.00140861,1007.01,2.80324e-05,0.341944,4.99977,999.623,5.52889
0.0014088,1007.2,-0.000305769,0.341601,4.99977,999.624,5.52889
0.001409,1007.47,-0.000161675,0.341238,4.99977,999.624,5.52889
0.00140921,1007.44,0.000188631,0.340877,4.99977,999.624,5.52889
0.0014094,1007.13,0.000245981,0.34054,4.99977,999.624,5.52889
0.0014096,1007.04,-9.40176e-05,0.340196,4.99977,999.625,5.52889
0.0014098,1007.25,-0.000268704,0.339838,4.99977,999.625,5.52889
0.00141001,1007.44,-5.03061e-05,0.339478,4.99977,999.625,5.52889
0.00141021,1007.35,0.000212428,0.339114,4.99977,999.625,5.52889
0.0014104,1007.07,0.000129084,0.338787,4.99977,999.626,5.52889
0.0014106,1007.08,-0.000153285,0.338429,4.99977,999.626,5.52889
0.00141081,1007.27,-0.000221802,0.338058,4.99977,999.626,5.52889
0.001411,1007.39,6.64356e-05,0.337716,4.99977,999.626,5.52889
0.00141121,1007.23,0.000215074,0.337353,4.99977,999.627,5.52889
0.0014114,1007.05,5.66271e-05,0.337006,4.99977,999.627,5.52889
0.00141162,1007.1,-0.000145833,0.336632,4.99977,999.627,5.52889
0.00141181,1007.31,-0.000146143,0.336284,4.99977,999.627,5.52889
0.00141201,1007.33,0.000101186,0.335927,4.99977,999.628,5.52889
0.0014122,1007.14,0.000166005,0.335585,4.99977,999.628,5.52889
0.00141241,1007.05,-1.93264e-05,0.335222,4.99977,999.628,5.52889
0.0014126,1007.18,-0.000171622,0.334864,4.99977,999.628,5.52889
0.0014128,1007.32,-4.4396e-05,0.334508,4.99977,999.629,5.52889
0.00141301,1007.28,0.000113407,0.334126,4.99977,999.629,5.52889
0.00141321,1007.11,0.000130192,0.333776,4.99977,999.629,5.52889
0.0014134,1007.07,-7.86197e-05,0.333432,4.99977,999.63,5.52889
0.00141361,1007.18,-0.000147141,0.333054,4.99977,999.63,5.52889
0.0014138,1007.29,1.81189e-05,0.332711,4.99977,999.63,5.52889
0.00141402,1007.23,0.000117074,0.332318,4.99977,999.63,5.52889
0.00141421,1007.07,6.9872e-05,0.33198,4.99977,999.631,5.52889
0.00141441,1007.08,-8.57248e-05,0.331614,4.99977,999.631,5.52889
0.00141461,1007.21,-0.000103696,0.33126,4.99977,999.631,5.52889
0.00141481,1007.24,4.37029e-05,0.330895,4.99977,999.631,5.52889
0.00141501,1007.14,0.000117876,0.330536,4.99977,999.632,5.52889
0.0014152,1007.05,5.64363e-06,0.33018,4.99977,999.632,5.52889
0.00141542,1007.09,-9.13889e-05,0.329794,4.99977,999.632,5.52889
0.0014156,1007.22,-4.9725e-05,0.329455,4.99977,999.632,5.52889
0.0014158,1007.19,7.61204e-05,0.329087,4.99977,999.633,5.52889
0.00141601,1007.1,9.23393e-05,0.328717,4.99977,999.633,5.52889
0.0014162,1007.05,-3.59674e-05,0.328366,4.99977,999.633,5.52889
0.0014164,1007.14,-9.40981e-05,0.328004,4.99977,999.633,5.52889
0.0014166,1007.19,-1.54579e-05,0.32763,4.99977,999.634,5.52889
0.00141681,1007.16,7.55454e-05,0.327254,4.99977,999.634,5.52889
0.001417,1007.06,4.9079e-05,0.326908,4.99977,999.634,5.52889
0.0014172,1007.06,-5.28124e-05,0.326539,4.99977,999.634,5.52889
0.0014174,1007.14,-7.2369e-05,0.326176,4.99977,999.635,5.52889
0.0014176,1007.16,2.39294e-05,0.325812,4.99977,999.635,5.52889
0.00141781,1007.1,7.66034e-05,0.325437,4.99977,999.635,5.52889
0.001418,1007.04,2.02242e-05,0.325075,4.99977,999.635,5.52889
0.00141822,1007.05,-5.17957e-05,0.32469,4.99977,999.636,5.52889
0.00141841,1007.13,-5.19775e-05,0.324335,4.99977,999.636,5.52889
0.00141861,1007.13,3.58618e-05,0.32397,4.99977,999.636,5.52889
0.0014188,1007.06,5.9302e-05,0.323616,4.99977,999.636,5.52889
0.00141901,1007.03,-6.12459e-06,0.32324,4.99977,999.637,5.52889
0.0014192,1007.07,-6.08006e-05,0.322873,4.99977,999.637,5.52889
0.0014194,1007.12,-1.90782e-05,0.32251,4.99977,999.637,5.52889
0.00141961,1007.09,4.66458e-05,0.322136,4.99977,999.637,5.52889
0.00141981,1007.04,4.82396e-05,0.32176,4.99977,999.638,5.52889
0.00142,1007.02,-2.80728e-05,0.321409,4.99977,999.638,5.52889
0.00142021,1007.06,-5.28408e-05,0.321024,4.99977,999.638,5.52889
0.0014204,1007.09,-1.27365e-06,0.320664,4.99977,999.638,5.52889
0.0014206,1007.06,4.82907e-05,0.320296,4.99977,999.639,5.52889
0.00142081,1007.01,2.64361e-05,0.319923,4.99977,999.639,5.52889
0.001421,1007.02,-3.56492e-05,0.319562,4.99977,999.639,5.52889
0.00142121,1007.05,-4.00372e-05,0.319182,4.99977,999.639,5.52889
0.0014214,1007.06,2.05022e-05,0.318828,4.99977,999.64,5.52889
0.00142161,1007.03,4.24849e-05,0.318436,4.99977,999.64,5.52889
0.0014218,1006.99,4.72461e-06,0.318082,4.99977,999.64,5.52889
0.001422,1007.01,-3.75599e-05,0.317713,4.99977,999.64,5.52889
0.0014222,1007.04,-2.14939e-05,0.317342,4.99977,999.641,5.52889
0.0014224,1007.03,2.7989e-05,0.316977,4.99977,999.641,5.52889
0.00142261,1007,3.27504e-05,0.316598,4.99977,999.641,5.52889
0.0014228,1006.98,-9.33301e-06,0.316231,4.99977,999.641,5.52889
0.00142301,1007,-3.37862e-05,0.315851,4.99977,999.642,5.52889
0.0014232,1007.03,-3.40711e-06,0.315497,4.99977,999.642,5.52889
0.00142342,1007.01,2.26648e-05,0.315093,4.99977,999.642,5.52889
0.0014236,1006.97,1.97188e-05,0.314749,4.99977,999.642,5.52889
0.00142381,1006.97,-1.6022e-05,0.314372,4.99977,999.642,5.52889
0.001424,1007,-2.60502e-05,0.314011,4.99977,999.643,5.52889
0.0014242,1007,7.76321e-06,0.313642,4.99977,999.643,5.52889
0.00142441,1006.98,2.73383e-05,0.313262,4.99977,999.643,5.52889
0.00142461,1006.95,8.37051e-06,0.312893,4.99977,999.643,5.52889
0.0014248,1006.96,-2.22773e-05,0.312524,4.99977,999.644,5.52889
0.001425,1006.98,-1.58019e-05,0.312157,4.99977,999.644,5.52889
0.00142521,1006.98,1.277e-05,0.311778,4.99977,999.644,5.52889
0.00142541,1006.96,2.33237e-05,0.311393,4.99977,999.644,5.52889
0.00142561,1006.94,-1.53101e-06,0.311035,4.99977,999.645,5.52889
0.00142581,1006.95,-2.11797e-05,0.310658,4.99977,999.645,5.52889
0.001426,1006.96,-6.81374e-06,0.310297,4.99977,999.645,5.52889
0.0014262,1006.95,1.75474e-05,0.309925,4.99977,999.645,5.52889
0.0014264,1006.93,1.40902e-05,0.309556,4.99977,999.646,5.52889
0.0014266,1006.92,-9.14476e-06,0.309178,4.99977,999.646,5.52889
0.0014268,1006.94,-1.77619e-05,0.30881,4.99977,999.646,5.52889
0.001427,1006.94,1.26437e-06,0.308437,4.99977,999.646,5.52889
0.0014272,1006.93,1.71895e-05,0.30806,4.99977,999.647,5.52889
0.00142741,1006.91,9.11232e-06,0.307683,4.99977,999.647,5.52889
0.00142761,1006.91,-1.04965e-05,0.307304,4.99977,999.647,5.52889
0.00142781,1006.92,-1.35129e-05,0.306939,4.99977,999.647,5.52889
0.00142801,1006.92,5.39992e-06,0.306568,4.99977,999.648,5.52889
0.00142821,1006.91,1.51036e-05,0.306194,4.99977,999.648,5.52889
0.0014284,1006.89,4.03849e-07,0.305832,4.99977,999.648,5.52889
0.0014286,1006.9,-1.3597e-05,0.305461,4.99977,999.648,5.52889
0.0014288,1006.91,-7.23378e-06,0.305082,4.99977,999.649,5.52889
0.00142901,1006.9,8.28287e-06,0.3047,4.99977,999.649,5.52889
0.0014292,1006.88,1.08543e-05,0.304341,4.99977,999.649,5.52889
0.0014294,1006.88,-3.72748e-06,0.303965,4.99977,999.649,5.52889
0.00142961,1006.88,-1.19097e-05,0.303583,4.99977,999.65,5.52889
0.0014298,1006.89,-9.87062e-07,0.303224,4.99977,999.65,5.52889
0.00143002,1006.88,8.52502e-06,0.302821,4.99977,999.65,5.52889
0.00143021,1006.87,7.98435e-06,0.302463,4.99977,999.65,5.52889
0.0014304,1006.86,-6.66912e-06,0.302101,4.99977,999.65,5.52889
0.00143061,1006.87,-9.93957e-06,0.301711,4.99977,999.651,5.52889
0.0014308,1006.87,1.88148e-06,0.301352,4.99977,999.651,5.52889
0.001431,1006.86,9.77488e-06,0.300987,4.99977,999.651,5.52889
0.0014312,1006.85,1.92626e-06,0.300615,4.99977,999.651,5.52889
0.00143141,1006.85,-7.47941e-06,0.300231,4.99977,999.652,5.52889
0.0014316,1006.85,-5.65318e-06,0.299867,4.99977,999.652,5.52889
0.00143181,1006.85,4.18892e-06,0.299484,4.99977,999.652,5.52889
0.00143201,1006.84,8.0273e-06,0.299115,4.99977,999.652,5.52889
0.00143221,1006.83,-3.21295e-07,0.298741,4.99977,999.653,5.52889
0.00143241,1006.83,-7.24207e-06,0.298359,4.99977,999.653,5.52889
0.0014326,1006.83,-2.52772e-06,0.298001,4.99977,999.653,5.52889
0.00143281,1006.83,5.57413e-06,0.297618,4.99977,999.653,5.52889
0.001433,1006.82,5.10458e-06,0.297259,4.99977,999.654,5.52889
0.0014332,1006.81,-3.12234e-06,0.296881,4.99977,999.654,5.52889
0.0014334,1006.81,-6.23758e-06,0.296513,4.99977,999.654,5.52889
0.0014336,1006.81,4.17678e-07,0.296138,4.99977,999.654,5.52889
0.00143381,1006.81,6.08048e-06,0.29576,4.99977,999.655,5.52889
0.00143401,1006.8,3.5542e-06,0.295381,4.99977,999.655,5.52889
0.00143421,1006.79,-3.52189e-06,0.295003,4.99977,999.655,5.52889
0.00143441,1006.8,-4.63579e-06,0.294643,4.99977,999.655,5.52889
0.00143461,1006.79,1.73079e-06,0.294266,4.99977,999.655,5.52889
0.00143481,1006.79,5.38985e-06,0.293883,4.99977,999.656,5.52889
0.00143501,1006.78,7.85308e-07,0.293525,4.99977,999.656,5.52889
0.00143521,1006.78,-4.38283e-06,0.293146,4.99977,999.656,5.52889
0.00143541,1006.78,-2.87592e-06,0.292776,4.99977,999.656,5.52889
0.00143561,1006.78,2.69653e-06,0.292396,4.99977,999.657,5.52889
0.0014358,1006.77,4.08526e-06,0.292038,4.99977,999.657,5.52889
0.001436,1006.76,-1.35521e-06,0.29167,4.99977,999.657,5.52889
0.00143621,1006.76,-4.15151e-06,0.291289,4.99977,999.657,5.52889
0.00143641,1006.76,-9.03561e-07,0.290918,4.99977,999.658,5.52889
0.00143661,1006.76,3.19198e-06,0.29053,4.99977,999.658,5.52889
0.00143681,1006.75,2.78819e-06,0.290172,4.99977,999.658,5.52889
0.001437,1006.74,-2.47993e-06,0.289813,4.99977,999.658,5.52889
0.00143721,1006.74,-3.3377e-06,0.289428,4.99977,999.659,5.52889
0.0014374,1006.74,8.73106e-07,0.289064,4.99977,999.659,5.52889
0.00143761,1006.74,3.46592e-06,0.28868,4.99977,999.659,5.52889
0.0014378,1006.73,1.04981e-06,0.28832,4.99977,999.659,5.52889
0.00143801,1006.73,-2.11911e-06,0.287927,4.99977,999.659,5.52889
0.00143821,1006.73,-2.378e-06,0.287565,4.99977,999.66,5.52889
0.0014384,1006.72,1.80214e-06,0.287206,4.99977,999.66,5.52889
0.00143861,1006.72,2.98572e-06,0.286825,4.99977,999.66,5.52889
0.0014388,1006.71,-2.37273e-08,0.286459,4.99977,999.66,5.52889
0.00143901,1006.71,-2.3906e-06,0.28607,4.99977,999.661,5.52889
0.0014392,1006.71,-9.93482e-07,0.285717,4.99977,999.661,5.52889
0.0014394,1006.7,2.13907e-06,0.285345,4.99977,999.661,5.52889
0.00143961,1006.7,2.28335e-06,0.284965,4.99977,999.661,5.52889
0.00143981,1006.69,-7.56514e-07,0.284599,4.99977,999.662,5.52889
0.00144001,1006.69,-2.24485e-06,0.28422,4.99977,999.662,5.52889
0.00144021,1006.69,-8.22394e-08,0.283859,4.99977,999.662,5.52889
0.00144042,1006.69,1.85608e-06,0.283463,4.99977,999.662,5.52889
0.0014406,1006.68,1.13943e-06,0.283123,4.99977,999.663,5.52889
0.0014408,1006.68,-1.37277e-06,0.282749,4.99977,999.663,5.52889
0.00144101,1006.67,-1.7733e-06,0.282365,4.99977,999.663,5.52889
0.0014412,1006.67,8.54601e-07,0.282013,4.99977,999.663,5.52889
0.00144141,1006.67,1.97961e-06,0.28162,4.99977,999.663,5.52889
0.0014416,1006.66,2.92193e-07,0.281273,4.99977,999.664,5.52889
0.0014418,1006.66,-1.53985e-06,0.280899,4.99977,999.664,5.52889
0.001442,1006.66,-9.2551e-07,0.280528,4.99977,999.664,5.52889
0.00144221,1006.65,1.07266e-06,0.280151,4.99977,999.664,5.52889
0.00144241,1006.65,1.69198e-06,0.279772,4.99977,999.665,5.52889
0.0014426,1006.64,-2.51276e-07,0.279419,4.99977,999.665,5.52889
0.0014428,1006.64,-1.41059e-06,0.279055,4.99977,999.665,5.52889
0.001443,1006.64,-2.45944e-07,0.27868,4.99977,999.665,5.52889
0.00144321,1006.63,1.2677e-06,0.278299,4.99977,999.666,5.52889
0.0014434,1006.63,1.01983e-06,0.277943,4.99977,999.666,5.52889
0.0014436,1006.62,-6.2721e-07,0.27757,4.99977,999.666,5.52889
0.0014438,1006.62,-1.0914e-06,0.277205,4.99977,999.666,5.52889
0.00144401,1006.62,1.97337e-07,0.276828,4.99977,999.666,5.52889
0.0014442,1006.62,1.32858e-06,0.276463,4.99977,999.667,5.52889
0.00144441,1006.61,6.45137e-07,0.276088,4.99977,999.667,5.52889
0.00144461,1006.61,-7.36203e-07,0.275715,4.99977,999.667,5.52889
0.0014448,1006.6,-7.46864e-07,0.275355,4.99977,999.667,5.52889
0.00144501,1006.6,5.22592e-07,0.27498,4.99977,999.668,5.52889
0.0014452,1006.6,1.13407e-06,0.27462,4.99977,999.668,5.52889
0.00144541,1006.59,1.7954e-07,0.274246,4.99977,999.668,5.52889
0.00144561,1006.59,-8.03796e-07,0.273873,4.99977,999.668,5.52889
0.0014458,1006.59,-2.84562e-07,0.273518,4.99977,999.668,5.52889
0.001446,1006.58,8.56784e-07,0.273152,4.99977,999.669,5.52889
0.0014462,1006.58,8.80363e-07,0.272775,4.99977,999.669,5.52889
0.0014464,1006.57,-2.38716e-07,0.272414,4.99977,999.669,5.52889
0.00144661,1006.57,-7.25574e-07,0.272036,4.99977,999.669,5.52889
0.0014468,1006.57,1.23355e-08,0.271673,4.99977,999.67,5.52889
0.00144702,1006.56,7.33622e-07,0.271283,4.99977,999.67,5.52889
0.00144721,1006.56,6.32478e-07,0.270931,4.99977,999.67,5.52889
0.0014474,1006.56,-4.23775e-07,0.270578,4.99977,999.67,5.52889
0.00144761,1006.55,-5.64981e-07,0.270194,4.99977,999.671,5.52889
0.0014478,1006.55,3.39123e-07,0.269843,4.99977,999.671,5.52889
0.00144801,1006.55,7.73461e-07,0.269453,4.99977,999.671,5.52889
0.0014482,1006.54,2.91072e-07,0.269103,4.99977,999.671,5.52889
0.0014484,1006.54,-4.50809e-07,0.268738,4.99977,999.671,5.52889
0.0014486,1006.54,-2.97948e-07,0.268369,4.99977,999.672,5.52889
0.00144881,1006.53,3.92317e-07,0.267993,4.99977,999.672,5.52889
0.001449,1006.53,6.49049e-07,0.267642,4.99977,999.672,5.52889
0.0014492,1006.52,3.86934e-08,0.267272,4.99977,999.672,5.52889
0.00144941,1006.52,-3.85765e-07,0.266886,4.99977,999.673,5.52889
0.0014496,1006.52,-5.53365e-08,0.266539,4.99977,999.673,5.52889
0.00144981,1006.51,5.06137e-07,0.266164,4.99977,999.673,5.52889
0.00145,1006.51,4.56053e-07,0.265815,4.99977,999.673,5.52889
0.00145021,1006.51,-9.27083e-08,0.265439,4.99977,999.673,5.52889
0.0014504,1006.5,-3.23155e-07,0.26508,4.99977,999.674,5.52889
0.0014506,1006.5,1.50449e-07,0.264714,4.99977,999.674,5.52889
0.00145082,1006.49,4.95465e-07,0.264323,4.99977,999.674,5.52889
0.00145101,1006.49,3.31924e-07,0.263977,4.99977,999.674,5.52889
0.0014512,1006.49,-2.12642e-07,0.263621,4.99977,999.675,5.52889
0.0014514,1006.48,-1.96034e-07,0.263251,4.99977,999.675,5.52889
0.00145161,1006.48,2.30108e-07,0.262877,4.99977,999.675,5.52889
0.0014518,1006.48,4.86975e-07,0.262523,4.99977,999.675,5.52889
0.001452,1006.47,1.22497e-07,0.262164,4.99977,999.675,5.52889
0.00145221,1006.47,-1.8538e-07,0.261782,4.99977,999.676,5.52889
0.0014524,1006.47,-4.3996e-08,0.261432,4.99977,999.676,5.52889
0.00145261,1006.46,2.89016e-07,0.261048,4.99977,999.676,5.52889
0.0014528,1006.46,3.97543e-07,0.260702,4.99977,999.676,5.52889
0.001453,1006.45,1.56409e-08,0.260344,4.99977,999.677,5.52889
0.00145321,1006.45,-1.69646e-07,0.259962,4.99977,999.677,5.52889
0.0014534,1006.45,8.30702e-08,0.259613,4.99977,999.677,5.52889
0.0014536,1006.44,3.81972e-07,0.259253,4.99977,999.677,5.52889
0.0014538,1006.44,2.86611e-07,0.258887,4.99977,999.677,5.52889
0.00145401,1006.44,-2.28939e-08,0.258517,4.99977,999.678,5.52889
0.0014542,1006.43,-9.56095e-08,0.258164,4.99977,999.678,5.52889
0.0014544,1006.43,1.91826e-07,0.257802,4.99977,999.678,5.52889
0.00145462,1006.43,3.45484e-07,0.257413,4.99977,999.678,5.52889
0.00145481,1006.42,2.05936e-07,0.257067,4.99977,999.679,5.52889
0.00145501,1006.42,-6.07796e-08,0.256707,4.99977,999.679,5.52889
0.00145521,1006.42,-2.45549e-08,0.256344,4.99977,999.679,5.52889
0.00145541,1006.41,2.3149e-07,0.255981,4.99977,999.679,5.52889
0.00145562,1006.41,3.22562e-07,0.255603,4.99977,999.679,5.52889
0.00145581,1006.4,1.18188e-07,0.255257,4.99977,999.68,5.52889
0.00145601,1006.4,-5.48138e-08,0.254896,4.99977,999.68,5.52889
0.0014562,1006.4,8.21407e-08,0.254544,4.99977,999.68,5.52889
0.00145641,1006.39,2.58581e-07,0.254169,4.99977,999.68,5.52889
0.00145661,1006.39,2.6193e-07,0.253806,4.99977,999.681,5.52889
0.00145681,1006.39,5.20506e-08,0.253453,4.99977,999.681,5.52889
0.001457,1006.38,-1.3125e-08,0.253102,4.99977,999.681,5.52889
0.00145721,1006.38,1.38251e-07,0.252732,4.99977,999.681,5.52889
0.00145742,1006.38,2.51098e-07,0.252348,4.99977,999.681,5.52889
0.0014576,1006.37,1.75508e-07,0.252016,4.99977,999.682,5.52889
0.00145781,1006.37,2.47636e-08,0.251649,4.99977,999.682,5.52889
0.001458,1006.37,4.0178e-08,0.251294,4.99977,999.682,5.52889
0.00145821,1006.36,1.6893e-07,0.250917,4.99977,999.682,5.52889
0.0014584,1006.36,2.35764e-07,0.250577,4.99977,999.682,5.52889
0.00145861,1006.35,1.21031e-07,0.250209,4.99977,999.683,5.52889
0.0014588,1006.35,2.49944e-08,0.249859,4.99977,999.683,5.52889
0.00145901,1006.35,9.76674e-08,0.249485,4.99977,999.683,5.52889
0.00145921,1006.34,2.07323e-07,0.249122,4.99977,999.683,5.52889
0.0014594,1006.34,1.68455e-07,0.248786,4.99977,999.684,5.52889
0.00145961,1006.34,7.51209e-08,0.248408,4.99977,999.684,5.52889
0.0014598,1006.33,7.48245e-08,0.248065,4.99977,999.684,5.52889
0.00146001,1006.33,1.59026e-07,0.247689,4.99977,999.684,5.52889
0.00146021,1006.33,1.95544e-07,0.247334,4.99977,999.684,5.52889
0.00146041,1006.32,1.23412e-07,0.24697,4.99977,999.685,5.52889
0.0014606,1006.32,7.38549e-08,0.246628,4.99977,999.685,5.52889
0.00146081,1006.31,1.2879e-07,0.246255,4.99977,999.685,5.52889
0.00146101,1006.31,1.79603e-07,0.245898,4.99977,999.685,5.52889
0.0014612,1006.31,1.26132e-07,0.245564,4.99977,999.686,5.52889
0.00146141,1006.3,9.29465e-08,0.245181,4.99977,999.686,5.52889
0.00146161,1006.3,1.20957e-07,0.244824,4.99977,999.686,5.52889
0.00146181,1006.3,1.6302e-07,0.24447,4.99977,999.686,5.52889
0.00146201,1006.29,1.42486e-07,0.244113,4.99977,999.686,5.52889
0.00146221,1006.29,1.08233e-07,0.243757,4.99977,999.687,5.52889
0.00146241,1006.29,1.22859e-07,0.2434,4.99977,999.687,5.52889
0.00146261,1006.28,1.5196e-07,0.243044,4.99977,999.687,5.52889
0.00146281,1006.28,1.42548e-07,0.242688,4.99977,999.687,5.52889
0.00146301,1006.28,1.18766e-07,0.242332,4.99977,999.687,5.52889
0.00146321,1006.27,1.25127e-07,0.241976,4.99977,999.688,5.52889
0.00146341,1006.27,1.45192e-07,0.241621,4.99977,999.688,5.52889
0.00146361,1006.26,1.41837e-07,0.241265,4.99977,999.688,5.52889
0.00146381,1006.26,1.25784e-07,0.24091,4.99977,999.688,5.52889
0.00146401,1006.26,1.27783e-07,0.240555,4.99977,999.689,5.52889
0.00146421,1006.25,1.41299e-07,0.2402,4.99977,999.689,5.52889
0.00146441,1006.25,1.41017e-07,0.239845,4.99977,999.689,5.52889
0.00146461,1006.25,1.30471e-07,0.239491,4.99977,999.689,5.52889
0.00146481,1006.24,1.30369e-07,0.239136,4.99977,999.689,5.52889
0.00146501,1006.24,1.39286e-07,0.238782,4.99977,999.69,5.52889
0.00146521,1006.24,1.40387e-07,0.238428,4.99977,999.69,5.52889
0.00146541,1006.23,1.33653e-07,0.238074,4.99977,999.69,5.52889
0.00146561,1006.23,1.32699e-07,0.23772,4.99977,999.69,5.52889
0.00146581,1006.23,1.38477e-07,0.237367,4.99977,999.69,5.52889
0.00146601,1006.22,1.40048e-07,0.237013,4.99977,999.691,5.52889
0.00146621,1006.22,1.35888e-07,0.23666,4.99977,999.691,5.52889
0.00146641,1006.21,1.34729e-07,0.236307,4.99977,999.691,5.52889
0.00146661,1006.21,1.38413e-07,0.235954,4.99977,999.691,5.52889
0.00146681,1006.21,1.40006e-07,0.235601,4.99977,999.692,5.52889
0.00146701,1006.2,1.37539e-07,0.235249,4.99977,999.692,5.52889
0.00146721,1006.2,1.36482e-07,0.234896,4.99977,999.692,5.52889
0.00146741,1006.2,1.38803e-07,0.234544,4.99977,999.692,5.52889
0.00146761,1006.19,1.4022e-07,0.234192,4.99977,999.692,5.52889
0.00146781,1006.19,1.38844e-07,0.23384,4.99977,999.693,5.52889
0.00146801,1006.19,1.38003e-07,0.233489,4.99977,999.693,5.52889
0.00146821,1006.18,1.39459e-07,0.233137,4.99977,999.693,5.52889
0.00146841,1006.18,1.4064e-07,0.232786,4.99977,999.693,5.52889
0.00146861,1006.18,1.39946e-07,0.232435,4.99977,999.693,5.52889
0.00146881,1006.17,1.39343e-07,0.232084,4.99977,999.694,5.52889
0.00146901,1006.17,1.40264e-07,0.231733,4.99977,999.694,5.52889
0.00146921,1006.17,1.41216e-07,0.231382,4.99977,999.694,5.52889
0.00146941,1006.16,1.40938e-07,0.231032,4.99977,999.694,5.52889
0.00146961,1006.16,1.40549e-07,0.230681,4.99977,999.694,5.52889
0.00146981,1006.15,1.41149e-07,0.230331,4.99977,999.695,5.52889
0.00147001,1006.15,1.41904e-07,0.229981,4.99977,999.695,5.52889
0.00147021,1006.15,1.41872e-07,0.229632,4.99977,999.695,5.52889
0.00147041,1006.14,1.4166e-07,0.229282,4.99977,999.695,5.52889
0.00147061,1006.14,1.4207e-07,0.228933,4.99977,999.696,5.52889
0.00147081,1006.14,1.42669e-07,0.228583,4.99977,999.696,5.52889
0.00147101,1006.13,1.4278e-07,0.228234,4.99977,999.696,5.52889
0.00147121,1006.13,1.42703e-07,0.227885,4.99977,999.696,5.52889
0.00147141,1006.13,1.43007e-07,0.227537,4.99977,999.696,5.52889
0.00147161,1006.12,1.43489e-07,0.227188,4.99977,999.697,5.52889
0.00147181,1006.12,1.43675e-07,0.22684,4.99977,999.697,5.52889
0.00147201,1006.12,1.43697e-07,0.226492,4.99977,999.697,5.52889
0.00147221,1006.11,1.43947e-07,0.226144,4.99977,999.697,5.52889
0.00147241,1006.11,1.44345e-07,0.225796,4.99977,999.697,5.52889
0.00147261,1006.11,1.44569e-07,0.225448,4.99977,999.698,5.52889
0.00147281,1006.1,1.44658e-07,0.225101,4.99977,999.698,5.52889
0.00147301,1006.1,1.44881e-07,0.224753,4.99977,999.698,5.52889
0.00147321,1006.09,1.45225e-07,0.224406,4.99977,999.698,5.52889
0.00147341,1006.09,1.45462e-07,0.224059,4.99977,999.698,5.52889
0.00147361,1006.09,1.45599e-07,0.223713,4.99977,999.699,5.52889
0.00147381,1006.08,1.45811e-07,0.223366,4.99977,999.699,5.52889
0.00147401,1006.08,1.46112e-07,0.22302,4.99977,999.699,5.52889
0.00147421,1006.08,1.46356e-07,0.222673,4.99977,999.699,5.52889
0.00147441,1006.07,1.46526e-07,0.222327,4.99977,999.699,5.52889
0.00147461,1006.07,1.46733e-07,0.221981,4.99977,999.7,5.52889
0.00147481,1006.07,1.47006e-07,0.221636,4.99977,999.7,5.52889
0.00147501,1006.06,1.47252e-07,0.22129,4.99977,999.7,5.52889
0.00147521,1006.06,1.4744e-07,0.220945,4.99977,999.7,5.52889
0.00147541,1006.06,1.4765e-07,0.2206,4.99977,999.7,5.52889
0.00147561,1006.05,1.47904e-07,0.220255,4.99977,999.701,5.52889
0.00147581,1006.05,1.48146e-07,0.21991,4.99977,999.701,5.52889
0.00147601,1006.05,1.48349e-07,0.219565,4.99977,999.701,5.52889
0.00147621,1006.04,1.48559e-07,0.219221,4.99977,999.701,5.52889
0.00147641,1006.04,1.488e-07,0.218877,4.99977,999.702,5.52889
0.00147661,1006.04,1.49039e-07,0.218533,4.99977,999.702,5.52889
0.00147681,1006.03,1.49251e-07,0.218189,4.99977,999.702,5.52889
0.00147701,1006.03,1.49463e-07,0.217845,4.99977,999.702,5.52889
0.00147721,1006.02,1.49696e-07,0.217502,4.99977,999.702,5.52889
0.00147741,1006.02,1.49929e-07,0.217158,4.99977,999.703,5.52889
0.00147761,1006.02,1.50145e-07,0.216815,4.99977,999.703,5.52889
0.00147781,1006.01,1.50363e-07,0.216472,4.99977,999.703,5.52889
0.00147801,1006.01,1.5059e-07,0.216129,4.99977,999.703,5.52889
0.00147821,1006.01,1.50818e-07,0.215787,4.99977,999.703,5.52889
0.00147841,1006,1.51036e-07,0.215444,4.99977,999.704,5.52889
0.00147861,1006,1.51254e-07,0.215102,4.99977,999.704,5.52889
0.00147881,1006,1.51478e-07,0.21476,4.99977,999.704,5.52889
0.00147901,1005.99,1.51702e-07,0.214418,4.99977,999.704,5.52889
0.00147921,1005.99,1.51921e-07,0.214076,4.99977,999.704,5.52889
0.00147941,1005.99,1.5214e-07,0.213735,4.99977,999.705,5.52889
0.00147961,1005.98,1.52361e-07,0.213393,4.99977,999.705,5.52889
0.00147981,1005.98,1.52583e-07,0.213052,4.99977,999.705,5.52889
0.00148001,1005.98,1.52802e-07,0.212711,4.99977,999.705,5.52889
0.00148021,1005.97,1.5302e-07,0.212371,4.99977,999.705,5.52889
0.00148041,1005.97,1.53239e-07,0.21203,4.99977,999.706,5.52889
0.00148061,1005.97,1.53459e-07,0.21169,4.99977,999.706,5.52889
0.00148081,1005.96,1.53677e-07,0.211349,4.99977,999.706,5.52889
0.00148101,1005.96,1.53894e-07,0.211009,4.99977,999.706,5.52889
0.00148121,1005.95,1.54112e-07,0.210669,4.99977,999.706,5.52889
0.00148141,1005.95,1.54331e-07,0.21033,4.99977,999.707,5.52889
0.00148161,1005.95,1.54547e-07,0.20999,4.99977,999.707,5.52889
0.00148181,1005.94,1.54763e-07,0.209651,4.99977,999.707,5.52889
0.00148201,1005.94,1.54978e-07,0.209312,4.99977,999.707,5.52889
0.00148221,1005.94,1.55196e-07,0.208973,4.99977,999.707,5.52889
0.00148241,1005.93,1.55411e-07,0.208634,4.99977,999.708,5.52889
0.00148261,1005.93,1.55625e-07,0.208295,4.99977,999.708,5.52889
0.00148281,1005.93,1.55839e-07,0.207957,4.99977,999.708,5.52889
0.00148301,1005.92,1.56054e-07,0.207619,4.99977,999.708,5.52889
0.00148321,1005.92,1.56268e-07,0.207281,4.99977,999.708,5.52889
0.00148341,1005.92,1.56482e-07,0.206943,4.99977,999.709,5.52889
0.00148361,1005.91,1.56695e-07,0.206605,4.99977,999.709,5.52889
0.00148381,1005.91,1.56907e-07,0.206268,4.99977,999.709,5.52889
0.00148401,1005.91,1.5712e-07,0.20593,4.99977,999.709,5.52889
0.00148421,1005.9,1.57331e-07,0.205593,4.99977,999.709,5.52889
0.00148441,1005.9,1.57541e-07,0.205256,4.99977,999.71,5.52889
0.00148461,1005.9,1.57754e-07,0.20492,4.99977,999.71,5.52889
0.00148481,1005.89,1.57965e-07,0.204583,4.99977,999.71,5.52889
0.00148501,1005.89,1.58175e-07,0.204247,4.99977,999.71,5.52889
0.00148521,1005.89,1.58382e-07,0.20391,4.99977,999.71,5.52889
0.00148541,1005.88,1.58592e-07,0.203574,4.99977,999.711,5.52889
0.00148561,1005.88,1.58804e-07,0.203239,4.99977,999.711,5.52889
0.00148581,1005.87,1.59011e-07,0.202903,4.99977,999.711,5.52889
0.00148601,1005.87,1.59217e-07,0.202567,4.99977,999.711,5.52889
0.00148621,1005.87,1.59424e-07,0.202232,4.99977,999.711,5.52889
0.00148641,1005.86,1.59633e-07,0.201897,4.99977,999.712,5.52889
0.00148661,1005.86,1.5984e-07,0.201562,4.99977,999.712,5.52889
0.00148681,1005.86,1.60044e-07,0.201228,4.99977,999.712,5.52889
0.00148701,1005.85,1.60251e-07,0.200893,4.99977,999.712,5.52889
0.00148721,1005.85,1.60456e-07,0.200559,4.99977,999.712,5.52889
0.00148741,1005.85,1.60661e-07,0.200224,4.99977,999.713,5.52889
0.00148761,1005.84,1.60865e-07,0.199891,4.99977,999.713,5.52889
0.00148781,1005.84,1.61069e-07,0.199557,4.99977,999.713,5.52889
0.00148801,1005.84,1.61272e-07,0.199223,4.99977,999.713,5.52889
0.00148821,1005.83,1.61473e-07,0.19889,4.99977,999.713,5.52889
0.00148841,1005.83,1.61676e-07,0.198556,4.99977,999.714,5.52889
0.00148861,1005.83,1.61879e-07,0.198223,4.99977,999.714,5.52889
0.00148881,1005.82,1.62079e-07,0.197891,4.99977,999.714,5.52889
0.00148901,1005.82,1.62279e-07,0.197558,4.99977,999.714,5.52889
0.00148921,1005.82,1.6248e-07,0.197225,4.99977,999.714,5.52889
0.00148941,1005.81,1.62681e-07,0.196893,4.99977,999.715,5.52889
0.00148961,1005.81,1.62878e-07,0.196561,4.99977,999.715,5.52889
0.00148981,1005.81,1.63076e-07,0.196229,4.99977,999.715,5.52889
0.00149001,1005.8,1.63276e-07,0.195897,4.99977,999.715,5.52889
0.00149021,1005.8,1.63473e-07,0.195566,4.99977,999.715,5.52889
0.00149041,1005.8,1.6367e-07,0.195234,4.99977,999.716,5.52889
0.00149061,1005.79,1.63867e-07,0.194903,4.99977,999.716,5.52889
0.00149081,1005.79,1.64062e-07,0.194572,4.99977,999.716,5.52889
0.00149101,1005.79,1.64257e-07,0.194241,4.99977,999.716,5.52889
0.00149121,1005.78,1.64453e-07,0.193911,4.99977,999.716,5.52889
0.00149141,1005.78,1.64648e-07,0.19358,4.99977,999.716,5.52889
0.00149161,1005.77,1.64841e-07,0.19325,4.99977,999.717,5.52889
0.00149181,1005.77,1.65032e-07,0.19292,4.99977,999.717,5.52889
0.00149201,1005.77,1.65226e-07,0.19259,4.99977,999.717,5.52889
0.00149221,1005.76,1.65419e-07,0.19226,4.99977,999.717,5.52889
0.00149241,1005.76,1.6561e-07,0.191931,4.99977,999.717,5.52889
0.00149261,1005.76,1.658e-07,0.191602,4.99977,999.718,5.52889
0.00149281,1005.75,1.65991e-07,0.191272,4.99977,999.718,5.52889
0.00149301,1005.75,1.66181e-07,0.190943,4.99977,999.718,5.52889
0.00149321,1005.75,1.66369e-07,0.190615,4.99977,999.718,5.52889
0.00149341,1005.74,1.66558e-07,0.190286,4.99977,999.718,5.52889
0.00149361,1005.74,1.66747e-07,0.189958,4.99977,999.719,5.52889
0.00149381,1005.74,1.66932e-07,0.18963,4.99977,999.719,5.52889
0.00149401,1005.73,1.67119e-07,0.189302,4.99977,999.719,5.52889
0.00149421,1005.73,1.67306e-07,0.188974,4.99977,999.719,5.52889
0.00149441,1005.73,1.67493e-07,0.188646,4.99977,999.719,5.52889
0.00149461,1005.72,1.67676e-07,0.188319,4.99977,999.72,5.52889
0.00149481,1005.72,1.67859e-07,0.187991,4.99977,999.72,5.52889
0.00149501,1005.72,1.68043e-07,0.187664,4.99977,999.72,5.52889
0.00149521,1005.71,1.68229e-07,0.187337,4.99977,999.72,5.52889
0.00149541,1005.71,1.68409e-07,0.187011,4.99977,999.72,5.52889
0.00149561,1005.71,1.6859e-07,0.186684,4.99977,999.721,5.52889
0.00149581,1005.7,1.68771e-07,0.186358,4.99977,999.721,5.52889
0.00149601,1005.7,1.68954e-07,0.186032,4.99977,999.721,5.52889
0.00149621,1005.7,1.69134e-07,0.185706,4.99977,999.721,5.52889
0.00149641,1005.69,1.69309e-07,0.18538,4.99977,999.721,5.52889
0.00149661,1005.69,1.69488e-07,0.185054,4.99977,999.721,5.52889
0.00149681,1005.69,1.69668e-07,0.184729,4.99977,999.722,5.52889
0.00149701,1005.68,1.69847e-07,0.184404,4.99977,999.722,5.52889
0.00149721,1005.68,1.7002e-07,0.184079,4.99977,999.722,5.52889
0.00149741,1005.68,1.70196e-07,0.183754,4.99977,999.722,5.52889
0.00149761,1005.67,1.70373e-07,0.183429,4.99977,999.722,5.52889
0.00149781,1005.67,1.70547e-07,0.183105,4.99977,999.723,5.52889
0.00149801,1005.67,1.7072e-07,0.18278,4.99977,999.723,5.52889
0.00149821,1005.66,1.70893e-07,0.182456,4.99977,999.723,5.52889
0.00149841,1005.66,1.71066e-07,0.182132,4.99977,999.723,5.52889
0.00149861,1005.66,1.71238e-07,0.181809,4.99977,999.723,5.52889
0.00149881,1005.65,1.71407e-07,0.181485,4.99977,999.724,5.52889
0.00149901,1005.65,1.71579e-07,0.181162,4.99977,999.724,5.52889
0.00149921,1005.64,1.7175e-07,0.180838,4.99977,999.724,5.52889
0.00149941,1005.64,1.71919e-07,0.180515,4.99977,999.724,5.52889
0.00149961,1005.64,1.72084e-07,0.180193,4.99977,999.724,5.52889
0.00149981,1005.63,1.72252e-07,0.17987,4.99977,999.725,5.52889
0.00150001,1005.63,1.72423e-07,0.179548,4.99977,999.725,5.52889
0.00150021,1005.63,1.72587e-07,0.179225,4.99977,999.725,5.52889
0.00150042,1005.62,1.72752e-07,0.178899,4.99977,999.725,5.52889
0.00150062,1005.62,1.72918e-07,0.178577,4.99977,999.725,5.52889
0.00150082,1005.62,1.73083e-07,0.178255,4.99977,999.725,5.52889
0.00150102,1005.61,1.73247e-07,0.177934,4.99977,999.726,5.52889
0.00150122,1005.61,1.73408e-07,0.177612,4.99977,999.726,5.52889
0.00150142,1005.61,1.73568e-07,0.177291,4.99977,999.726,5.52889
0.00150162,1005.6,1.7373e-07,0.17697,4.99977,999.726,5.52889
0.00150182,1005.6,1.73892e-07,0.176649,4.99977,999.726,5.52889
0.00150202,1005.6,1.7405e-07,0.176329,4.99977,999.727,5.52889
0.00150222,1005.59,1.74206e-07,0.176009,4.99977,999.727,5.52889
0.00150242,1005.59,1.74367e-07,0.175688,4.99977,999.727,5.52889
0.00150261,1005.59,1.74517e-07,0.175385,4.99977,999.727,5.52889
0.00150281,1.22583,0.603002,0.156624,4.99977,999.716,5.52889
0.00150301,1.56601,0.770278,0.15209,4.99977,999.696,5.52889
0.00150321,1.91033,0.939614,0.150247,4.99977,999.671,5.52889
0.00150341,2.25452,1.10888,0.148569,4.99977,999.64,5.52889
0.00150361,2.59857,1.27809,0.146916,4.99977,999.604,5.52889
0.00150381,2.94249,1.44723,0.145283,4.99977,999.563,5.52889
0.001504,1253.05,1.02757,0.151958,4.99977,999.53,5.52889
0.0015042,974.871,-0.295837,0.20727,4.99977,999.533,5.52889
0.0015044,1227.29,-0.0905578,0.20772,4.99977,999.531,5.52889
0.00150461,1161.13,0.208218,0.209414,4.99977,999.532,5.52889
0.0015048,872.224,0.224294,0.218398,4.99977,999.535,5.52889
0.00150501,791.192,-0.0657387,0.225787,4.99977,999.535,5.52889
0.00150521,996.375,-0.2725,0.225861,4.99977,999.534,5.52889
0.0015054,1216.38,-0.0618629,0.221372,4.99977,999.533,5.52889
0.0015056,1126.13,0.219703,0.223238,4.99977,999.534,5.52889
0.00150581,891.738,0.218775,0.231095,4.99977,999.536,5.52889
0.00150601,806.362,-0.0649915,0.238313,4.99977,999.537,5.52889
0.00150621,1003.04,-0.25457,0.238236,4.99977,999.536,5.52889
0.0015064,1203.26,-0.0537503,0.234138,4.99977,999.535,5.52889
0.00150661,1122.68,0.200813,0.23591,4.99977,999.536,5.52889
0.00150681,892.394,0.197433,0.243503,4.99977,999.538,5.52889
0.001507,835.451,-0.109962,0.250079,4.99977,999.538,5.52889
0.0015072,1029.68,-0.235071,0.249305,4.99977,999.537,5.52889
0.0015074,1190.28,-0.0448777,0.246106,4.99977,999.536,5.52889
0.00150761,1113.39,0.187464,0.247862,4.99977,999.537,5.52889
0.00150781,897.214,0.179924,0.255021,4.99977,999.539,5.52889
0.00150801,837.996,-0.0722031,0.261034,4.99977,999.54,5.52889
0.0015082,1030.24,-0.217527,0.260284,4.99977,999.539,5.52889
0.00150841,1176.81,-0.0426001,0.257413,4.99977,999.538,5.52889
0.00150861,1086.56,0.188214,0.259279,4.99977,999.539,5.52889
0.0015088,876.949,0.132386,0.266577,4.99977,999.541,5.52889
0.00150901,857.17,-0.0865413,0.271295,4.99977,999.541,5.52889
0.0015092,1047.58,-0.196412,0.270094,4.99977,999.54,5.52889
0.00150941,1166.15,-0.021405,0.267724,4.99977,999.54,5.52889
0.0015096,1058.65,0.185717,0.27005,4.99977,999.541,5.52889
0.00150981,889.64,0.126281,0.276407,4.99977,999.542,5.52889
0.00151,882.068,-0.10904,0.280796,4.99977,999.543,5.52889
0.0015102,1065.45,-0.172817,0.27918,4.99977,999.542,5.52889
0.0015104,1154.9,0.00712273,0.277283,4.99977,999.541,5.52889
0.00151061,1058.85,0.169673,0.279727,4.99977,999.542,5.52889
0.0015108,880.903,0.0846797,0.286315,4.99977,999.544,5.52889
0.00151101,895.685,-0.107564,0.289714,4.99977,999.544,5.52889
0.0015112,1061.74,-0.159243,0.288258,4.99977,999.543,5.52889
0.00151141,1143.68,0.00754369,0.286535,4.99977,999.543,5.52889
0.00151161,1051.74,0.15819,0.28887,4.99977,999.544,5.52889
0.0015118,889.654,0.0759252,0.29496,4.99977,999.545,5.52889
0.00151201,905.606,-0.101442,0.298063,4.99977,999.546,5.52889
0.0015122,1076.89,-0.134467,0.296136,4.99977,999.545,5.52889
0.0015124,1130.57,0.0337824,0.294916,4.99977,999.545,5.52889
0.0015126,1024.81,0.153241,0.297743,4.99977,999.546,5.52889
0.00151281,898.198,0.0688315,0.303005,4.99977,999.547,5.52889
0.001513,935.463,-0.120235,0.305553,4.99977,999.547,5.52889
0.0015132,1073.8,-0.122377,0.304023,4.99977,999.546,5.52889
0.00151341,1121.72,0.0277711,0.303013,4.99977,999.546,5.52889
0.0015136,1002.25,0.142818,0.306016,4.99977,999.547,5.52889
0.0015138,899.01,0.0397141,0.310829,4.99977,999.549,5.52889
0.001514,943.962,-0.113668,0.312791,4.99977,999.548,5.52889
0.00151421,1068.24,-0.113385,0.311456,4.99977,999.548,5.52889
0.0015144,1106.99,0.0510512,0.310348,4.99977,999.548,5.52889
0.0015146,1000.75,0.131731,0.31334,4.99977,999.549,5.52889
0.0015148,907.061,0.035293,0.317772,4.99977,999.55,5.52889
0.00151501,949.076,-0.105099,0.319571,4.99977,999.55,5.52889
0.00151521,1063.67,-0.104615,0.318349,4.99977,999.549,5.52889
0.0015154,1099.43,0.0470068,0.317337,4.99977,999.55,5.52889
0.00151561,1001.41,0.121609,0.320105,4.99977,999.551,5.52889
0.0015158,911.816,0.0137776,0.324417,4.99977,999.552,5.52889
0.00151601,953.415,-0.0968442,0.325877,4.99977,999.552,5.52889
0.0015162,1076.81,-0.077949,0.324117,4.99977,999.551,5.52889
0.00151641,1092.47,0.0431827,0.323825,4.99977,999.551,5.52889
0.0015166,987.646,0.109749,0.326692,4.99977,999.552,5.52889
0.0015168,919.109,0.011565,0.330382,4.99977,999.553,5.52889
0.001517,978.163,-0.102672,0.331332,4.99977,999.553,5.52889
0.0015172,1072.3,-0.0708646,0.330071,4.99977,999.552,5.52889
0.0015174,1075.58,0.0630634,0.329787,4.99977,999.553,5.52889
0.00151761,989.265,0.101316,0.332487,4.99977,999.554,5.52889
0.0015178,925.587,-0.00516746,0.336028,4.99977,999.554,5.52889
0.001518,980.396,-0.0947379,0.336779,4.99977,999.554,5.52889
0.00151821,1067.28,-0.0655038,0.335619,4.99977,999.554,5.52889
0.0015184,1070.49,0.0580151,0.335356,4.99977,999.554,5.52889
0.0015186,978.508,0.088799,0.338136,4.99977,999.555,5.52889
0.0015188,931.935,-0.00472988,0.341119,4.99977,999.556,5.52889
0.00151901,982.453,-0.0874096,0.341815,4.99977,999.556,5.52889
0.0015192,1072.55,-0.0428108,0.340303,4.99977,999.556,5.52889
0.00151941,1065.79,0.0533524,0.3405,4.99977,999.556,5.52889
0.00151961,980.831,0.0819835,0.343065,4.99977,999.557,5.52889
0.0015198,939.216,-0.0181451,0.345894,4.99977,999.557,5.52889
0.00152,1000.42,-0.0852977,0.346104,4.99977,999.557,5.52889
0.0015202,1067.53,-0.0396247,0.345066,4.99977,999.557,5.52889
0.00152041,1061.45,0.0490462,0.345245,4.99977,999.557,5.52889
0.0015206,971.468,0.0682236,0.347906,4.99977,999.558,5.52889
0.0015208,944.509,-0.0166976,0.350218,4.99977,999.559,5.52889
0.001521,1000.93,-0.0787127,0.350411,4.99977,999.559,5.52889
0.00152121,1062.89,-0.0366831,0.349451,4.99977,999.559,5.52889
0.0015214,1043.85,0.0620961,0.349697,4.99977,999.559,5.52889
0.0015216,974.338,0.063009,0.352061,4.99977,999.56,5.52889
0.00152181,949.394,-0.01536,0.354193,4.99977,999.56,5.52889
0.001522,1011.18,-0.0729691,0.354127,4.99977,999.56,5.52889
0.0015222,1063.19,-0.0199998,0.353207,4.99977,999.56,5.52889
0.0015224,1041.23,0.0571765,0.353697,4.99977,999.561,5.52889
0.00152261,976.987,0.0581958,0.355873,4.99977,999.561,5.52889
0.0015228,957.105,-0.0269138,0.357863,4.99977,999.562,5.52889
0.001523,1010.88,-0.0673434,0.357771,4.99977,999.562,5.52889
0.0015232,1058.91,-0.0185418,0.356916,4.99977,999.562,5.52889
0.00152341,1038.8,0.0526342,0.357359,4.99977,999.562,5.52889
0.00152361,979.434,0.0537534,0.359361,4.99977,999.563,5.52889
0.0015238,961.001,-0.0247581,0.361191,4.99977,999.563,5.52889
0.00152401,1010.6,-0.0621502,0.361101,4.99977,999.563,5.52889
0.0015242,1056.57,-0.00756907,0.360153,4.99977,999.563,5.52889
0.00152441,1036.56,0.0484403,0.360702,4.99977,999.564,5.52889
0.0015246,971.645,0.0387956,0.362839,4.99977,999.564,5.52889
0.00152481,964.596,-0.022767,0.364223,4.99977,999.565,5.52889
0.001525,1018.48,-0.0559107,0.363915,4.99977,999.565,5.52889
0.0015252,1052.8,-0.00711665,0.36325,4.99977,999.565,5.52889
0.0015254,1024.74,0.0514973,0.363866,4.99977,999.565,5.52889
0.0015256,974.49,0.0358648,0.365706,4.99977,999.566,5.52889
0.0015258,973.502,-0.0329611,0.36694,4.99977,999.566,5.52889
0.00152601,1017.59,-0.0516158,0.366683,4.99977,999.566,5.52889
0.0015262,1049.66,0.00136505,0.365955,4.99977,999.566,5.52889
0.00152641,1023.61,0.0474307,0.366612,4.99977,999.567,5.52889
0.00152661,977.124,0.0331701,0.3683,4.99977,999.567,5.52889
0.0015268,976.057,-0.0302454,0.369431,4.99977,999.568,5.52889
0.001527,1023,-0.0451622,0.369003,4.99977,999.568,5.52889
0.0015272,1046.44,0.00103918,0.368501,4.99977,999.568,5.52889
0.00152741,1022.57,0.043674,0.369089,4.99977,999.568,5.52889
0.0015276,974.541,0.0215985,0.370817,4.99977,999.569,5.52889
0.00152781,978.413,-0.027735,0.37167,4.99977,999.569,5.52889
0.001528,1021.75,-0.0417096,0.371264,4.99977,999.569,5.52889
0.0015282,1042.73,0.00912734,0.370706,4.99977,999.569,5.52889
0.0015284,1011.87,0.0434764,0.371476,4.99977,999.57,5.52889
0.00152861,977.652,0.0211349,0.372875,4.99977,999.57,5.52889
0.00152881,979.67,-0.0237922,0.37368,4.99977,999.571,5.52889
0.001529,1025.91,-0.03511,0.373118,4.99977,999.571,5.52889
0.0015292,1040.08,0.00817889,0.372756,4.99977,999.571,5.52889
0.0015294,1011.79,0.0400766,0.373446,4.99977,999.571,5.52889
0.00152961,979.461,0.0183089,0.374748,4.99977,999.572,5.52889
0.00152981,982.704,-0.023467,0.375446,4.99977,999.572,5.52889
0.00153,1024.65,-0.0322884,0.374918,4.99977,999.572,5.52889
0.00153021,1037.59,0.0075295,0.374573,4.99977,999.572,5.52889
0.0015304,1007.18,0.0372655,0.375279,4.99977,999.573,5.52889
0.0015306,979.465,0.0100648,0.376484,4.99977,999.573,5.52889
0.0015308,990.081,-0.0285524,0.376939,4.99977,999.573,5.52889
0.00153101,1023.81,-0.0294172,0.376491,4.99977,999.574,5.52889
0.0015312,1034.18,0.0119052,0.37614,4.99977,999.574,5.52889
0.0015314,1006.39,0.0343553,0.376825,4.99977,999.574,5.52889
0.00153161,981.879,0.0101684,0.377892,4.99977,999.575,5.52889
0.00153181,992.485,-0.027304,0.37829,4.99977,999.575,5.52889
0.00153201,1022.07,-0.0275537,0.377893,4.99977,999.575,5.52889
0.00153221,1031.96,0.0115891,0.377533,4.99977,999.575,5.52889
0.00153241,1006.52,0.0317016,0.378151,4.99977,999.576,5.52889
0.0015326,983.058,0.00510544,0.379172,4.99977,999.576,5.52889
0.00153281,993.519,-0.0250601,0.379471,4.99977,999.576,5.52889
0.001533,1026.1,-0.0199544,0.378903,4.99977,999.576,5.52889
0.00153321,1029.89,0.0113565,0.378731,4.99977,999.577,5.52889
0.0015334,1003.01,0.0286818,0.379367,4.99977,999.577,5.52889
0.0015336,984.822,0.00348836,0.380225,4.99977,999.578,5.52889
0.0015338,999.61,-0.0264821,0.38038,4.99977,999.578,5.52889
0.001534,1024.66,-0.0184432,0.379928,4.99977,999.578,5.52889
0.0015342,1025.48,0.0164597,0.379742,4.99977,999.578,5.52889
0.0015344,1002.82,0.0263191,0.380331,4.99977,999.579,5.52889
0.0015346,986.448,-0.00103181,0.38113,4.99977,999.579,5.52889
0.0015348,1000.18,-0.0244065,0.381216,4.99977,999.579,5.52889
0.00153501,1023.32,-0.0170635,0.380779,4.99977,999.579,5.52889
0.0015352,1024.17,0.0150923,0.380588,4.99977,999.58,5.52889
0.0015354,999.904,0.0229511,0.381194,4.99977,999.58,5.52889
0.0015356,988.094,-0.000912831,0.38183,4.99977,999.58,5.52889
0.00153581,1000.7,-0.0224883,0.38189,4.99977,999.581,5.52889
0.001536,1024.68,-0.0111804,0.381358,4.99977,999.581,5.52889
0.00153621,1022.97,0.0138198,0.381269,4.99977,999.581,5.52889
0.0015364,1000.54,0.0211931,0.381808,4.99977,999.582,5.52889
0.0015366,989.929,-0.00432635,0.382399,4.99977,999.582,5.52889
0.0015368,1005.33,-0.0221013,0.382327,4.99977,999.582,5.52889
0.001537,1023.32,-0.0104328,0.381901,4.99977,999.582,5.52889
0.00153721,1021.91,0.0125371,0.381795,4.99977,999.582,5.52889
0.00153741,1001.17,0.0195942,0.38227,4.99977,999.583,5.52889
0.0015376,991.288,-0.00387357,0.382796,4.99977,999.583,5.52889
0.0015378,1005.37,-0.020366,0.382712,4.99977,999.583,5.52889
0.00153801,1022.03,-0.00982623,0.382299,4.99977,999.584,5.52889
0.0015382,1017.5,0.0158624,0.382204,4.99977,999.584,5.52889
0.0015384,999.207,0.0164644,0.382662,4.99977,999.584,5.52889
0.00153861,992.506,-0.003174,0.383054,4.99977,999.585,5.52889
0.0015388,1007.76,-0.0189997,0.382909,4.99977,999.585,5.52889
0.001539,1021.74,-0.00688117,0.382513,4.99977,999.585,5.52889
0.0015392,1016.44,0.0148872,0.382449,4.99977,999.585,5.52889
0.00153941,999.791,0.0151005,0.382848,4.99977,999.586,5.52889
0.0015396,994.298,-0.00585905,0.383198,4.99977,999.586,5.52889
0.00153981,1007.54,-0.0174984,0.383033,4.99977,999.586,5.52889
0.00154,1021.24,-0.003941,0.382603,4.99977,999.586,5.52889
0.00154021,1016.15,0.0133409,0.382555,4.99977,999.587,5.52889
0.0015404,998.659,0.0122051,0.38296,4.99977,999.587,5.52889
0.0015406,995.92,-0.00710281,0.383209,4.99977,999.588,5.52889
0.0015408,1010.16,-0.0158436,0.382968,4.99977,999.588,5.52889
0.00154101,1020.15,-0.00369845,0.382612,4.99977,999.588,5.52889
0.0015412,1013.01,0.0141593,0.38258,4.99977,999.588,5.52889
0.00154141,999.935,0.0118236,0.382875,4.99977,999.589,5.52889
0.00154161,996.564,-0.00568328,0.383097,4.99977,999.589,5.52889
0.0015418,1009.91,-0.014588,0.382855,4.99977,999.589,5.52889
0.001542,1019.46,-0.000886445,0.382472,4.99977,999.589,5.52889
0.0015422,1012.45,0.0131057,0.382452,4.99977,999.59,5.52889
0.0015424,998.473,0.00810343,0.382773,4.99977,999.59,5.52889
0.0015426,998.923,-0.00846208,0.382878,4.99977,999.59,5.52889
0.0015428,1011.31,-0.0129177,0.382593,4.99977,999.591,5.52889
0.001543,1018.52,0.000778247,0.38224,4.99977,999.591,5.52889
0.00154321,1012.64,0.0117108,0.382202,4.99977,999.591,5.52889
0.00154341,999.784,0.00837669,0.38246,4.99977,999.591,5.52889
0.00154361,998.649,-0.0058462,0.382556,4.99977,999.592,5.52889
0.0015438,1011.61,-0.0116035,0.382253,4.99977,999.592,5.52889
0.001544,1017.61,0.00122793,0.381917,4.99977,999.592,5.52889
0.0015442,1009.55,0.0119329,0.381913,4.99977,999.592,5.52889
0.00154441,1000.02,0.00708482,0.382088,4.99977,999.593,5.52889
0.00154461,999.699,-0.00610711,0.382136,4.99977,999.593,5.52889
0.0015448,1011.93,-0.0103031,0.381816,4.99977,999.593,5.52889
0.001545,1016.78,0.00138669,0.381496,4.99977,999.594,5.52889
0.0015452,1009.06,0.0110417,0.381477,4.99977,999.594,5.52889
0.0015454,999.491,0.00391553,0.381661,4.99977,999.594,5.52889
0.00154561,1000.67,-0.00624247,0.381623,4.99977,999.595,5.52889
0.0015458,1011.87,-0.00928243,0.381297,4.99977,999.595,5.52889
0.00154601,1015.98,0.00179235,0.380982,4.99977,999.595,5.52889
0.00154621,1008.85,0.0101639,0.380943,4.99977,999.595,5.52889
0.0015464,1000.15,0.00360653,0.381085,4.99977,999.596,5.52889
0.0015466,1002.76,-0.00776196,0.381016,4.99977,999.596,5.52889
0.0015468,1012.47,-0.00776262,0.380673,4.99977,999.596,5.52889
0.00154701,1015.16,0.00243875,0.38038,4.99977,999.596,5.52889
0.00154721,1007.95,0.00942038,0.380341,4.99977,999.597,5.52889
0.00154741,1000.6,0.00271657,0.380436,4.99977,999.597,5.52889
0.00154761,1003.5,-0.00744944,0.380332,4.99977,999.597,5.52889
0.00154781,1012.05,-0.00713634,0.379994,4.99977,999.597,5.52889
0.001548,1013.97,0.0040587,0.379699,4.99977,999.598,5.52889
0.0015482,1006.62,0.00854856,0.379671,4.99977,999.598,5.52889
0.0015484,1000.9,0.000879096,0.379724,4.99977,999.598,5.52889
0.0015486,1005.17,-0.00774683,0.37956,4.99977,999.599,5.52889
0.00154881,1011.92,-0.00631073,0.379231,4.99977,999.599,5.52889
0.00154901,1013.49,0.0036123,0.378939,4.99977,999.599,5.52889
0.00154921,1006.87,0.00787224,0.378882,4.99977,999.599,5.52889
0.0015494,1001.42,-8.27094e-05,0.378922,4.99977,999.6,5.52889
0.00154961,1005.17,-0.00699948,0.378733,4.99977,999.6,5.52889
0.0015498,1012.53,-0.00453291,0.378374,4.99977,999.6,5.52889
0.00155001,1013.01,0.00328118,0.378106,4.99977,999.6,5.52889
0.0015502,1005.85,0.00692472,0.378059,4.99977,999.601,5.52889
0.0015504,1001.96,-0.000749444,0.378045,4.99977,999.601,5.52889
0.0015506,1006.02,-0.00672589,0.377827,4.99977,999.601,5.52889
0.0015508,1012.27,-0.00388302,0.377473,4.99977,999.602,5.52889
0.001551,1011.77,0.00447563,0.377216,4.99977,999.602,5.52889
0.0015512,1005.52,0.00611257,0.377149,4.99977,999.602,5.52889
0.0015514,1002.43,-0.000600959,0.37709,4.99977,999.602,5.52889
0.00155161,1006.38,-0.00622293,0.37686,4.99977,999.603,5.52889
0.0015518,1012.33,-0.00245982,0.376497,4.99977,999.603,5.52889
0.00155201,1011.68,0.00363356,0.376241,4.99977,999.603,5.52889
0.0015522,1004.87,0.00501108,0.376189,4.99977,999.604,5.52889
0.0015524,1003.01,-0.00153606,0.376088,4.99977,999.604,5.52889
0.0015526,1007.37,-0.00585457,0.375824,4.99977,999.604,5.52889
0.0015528,1012.12,-0.00144275,0.375468,4.99977,999.604,5.52889
0.00155301,1010.97,0.00382828,0.375218,4.99977,999.605,5.52889
0.0015532,1004.89,0.00437354,0.375144,4.99977,999.605,5.52889
0.0015534,1003.66,-0.00225023,0.375022,4.99977,999.605,5.52889
0.0015536,1008.25,-0.00528919,0.374731,4.99977,999.605,5.52889
0.0015538,1011.72,-0.00124156,0.374388,4.99977,999.606,5.52889
0.00155401,1009.84,0.00434754,0.37415,4.99977,999.606,5.52889
0.00155421,1005.23,0.00408307,0.374027,4.99977,999.606,5.52889
0.00155441,1004,-0.00206109,0.373891,4.99977,999.607,5.52889
0.00155461,1007.94,-0.00484551,0.373598,4.99977,999.607,5.52889
0.0015548,1011.43,-0.000470575,0.37325,4.99977,999.607,5.52889
0.001555,1008.93,0.00438685,0.373026,4.99977,999.607,5.52889
0.00155521,1004.84,0.00304981,0.372892,4.99977,999.608,5.52889
0.0015554,1004.62,-0.00255219,0.372716,4.99977,999.608,5.52889
0.0015556,1008.71,-0.00420858,0.372401,4.99977,999.608,5.52889
0.0015558,1011.08,4.49727e-05,0.372064,4.99977,999.608,5.52889
0.001556,1008.41,0.00413778,0.371842,4.99977,999.609,5.52889
0.00155621,1004.97,0.00260858,0.371681,4.99977,999.609,5.52889
0.00155641,1004.8,-0.00214975,0.371482,4.99977,999.609,5.52889
0.0015566,1008.96,-0.00363685,0.371163,4.99977,999.609,5.52889
0.0015568,1010.69,0.000722,0.370831,4.99977,999.61,5.52889
0.001557,1007.75,0.00385386,0.370616,4.99977,999.61,5.52889
0.00155721,1004.93,0.00184032,0.370436,4.99977,999.61,5.52889
0.0015574,1005.9,-0.0030628,0.370216,4.99977,999.611,5.52889
0.00155761,1008.97,-0.00319193,0.36988,4.99977,999.611,5.52889
0.0015578,1010.29,0.00107877,0.369553,4.99977,999.611,5.52889
0.001558,1007.3,0.00347132,0.369339,4.99977,999.611,5.52889
0.0015582,1004.92,0.000896652,0.369151,4.99977,999.612,5.52889
0.00155841,1006.08,-0.00278482,0.368894,4.99977,999.612,5.52889
0.00155861,1009.29,-0.00246411,0.368553,4.99977,999.612,5.52889
0.0015588,1009.81,0.00154169,0.368237,4.99977,999.612,5.52889
0.001559,1006.92,0.0030411,0.368019,4.99977,999.613,5.52889
0.0015592,1005.08,3.10067e-05,0.36782,4.99977,999.613,5.52889
0.00155941,1006.42,-0.00265868,0.367532,4.99977,999.613,5.52889
0.0015596,1009.55,-0.00155755,0.367189,4.99977,999.613,5.52889
0.00155981,1009.61,0.00126336,0.366867,4.99977,999.614,5.52889
0.00156001,1006.77,0.00265091,0.36665,4.99977,999.614,5.52889
0.0015602,1005.35,-0.000396348,0.366437,4.99977,999.614,5.52889
0.00156041,1006.91,-0.00257572,0.366134,4.99977,999.615,5.52889
0.0015606,1009.45,-0.00108832,0.365788,4.99977,999.615,5.52889
0.00156081,1008.97,0.0018332,0.365482,4.99977,999.615,5.52889
0.001561,1006.35,0.00204961,0.36526,4.99977,999.615,5.52889
0.00156121,1005.6,-0.000585722,0.36501,4.99977,999.616,5.52889
0.0015614,1007.62,-0.00239746,0.364701,4.99977,999.616,5.52889
0.0015616,1009.34,-0.000569941,0.364354,4.99977,999.616,5.52889
0.00156181,1008.47,0.00194484,0.364056,4.99977,999.616,5.52889
0.00156201,1006.46,0.0018185,0.363804,4.99977,999.617,5.52889
0.00156221,1005.9,-0.000885641,0.363554,4.99977,999.617,5.52889
0.0015624,1007.97,-0.00205242,0.363233,4.99977,999.617,5.52889
0.0015626,1009.16,7.63724e-05,0.362891,4.99977,999.617,5.52889
0.00156281,1008.1,0.00188341,0.362592,4.99977,999.618,5.52889
0.001563,1006.13,0.00103965,0.362352,4.99977,999.618,5.52889
0.0015632,1006.34,-0.00129274,0.36207,4.99977,999.618,5.52889
0.0015634,1008.3,-0.00158863,0.361735,4.99977,999.618,5.52889
0.0015636,1008.9,0.000455038,0.361396,4.99977,999.619,5.52889
0.0015638,1007.55,0.00178672,0.361108,4.99977,999.619,5.52889
0.001564,1006.12,0.000436326,0.360853,4.99977,999.619,5.52889
0.00156421,1006.55,-0.00124999,0.360541,4.99977,999.62,5.52889
0.00156441,1008.2,-0.00137332,0.360201,4.99977,999.62,5.52889
0.00156461,1008.63,0.000680848,0.35987,4.99977,999.62,5.52889
0.0015648,1007.19,0.00153095,0.359588,4.99977,999.62,5.52889
0.001565,1006.24,-7.57819e-05,0.359321,4.99977,999.621,5.52889
0.00156521,1007.09,-0.00141074,0.358998,4.99977,999.621,5.52889
0.00156541,1008.39,-0.000836184,0.358649,4.99977,999.621,5.52889
0.0015656,1008.25,0.000979734,0.358326,4.99977,999.621,5.52889
0.0015658,1006.87,0.00116097,0.358044,4.99977,999.622,5.52889
0.001566,1006.44,-0.000442346,0.357756,4.99977,999.622,5.52889
0.0015662,1007.47,-0.00128649,0.357423,4.99977,999.622,5.52889
0.0015664,1008.43,-0.00015765,0.357079,4.99977,999.622,5.52889
0.00156661,1008.03,0.000947648,0.35674,4.99977,999.623,5.52889
0.0015668,1006.66,0.000700826,0.356474,4.99977,999.623,5.52889
0.001567,1006.68,-0.00067349,0.356163,4.99977,999.623,5.52889
0.0015672,1007.78,-0.00101611,0.355824,4.99977,999.623,5.52889
0.0015674,1008.27,0.000111849,0.355476,4.99977,999.624,5.52889
0.00156761,1007.55,0.00103336,0.35516,4.99977,999.624,5.52889
0.0015678,1006.64,0.00034961,0.354867,4.99977,999.624,5.52889
0.00156801,1006.8,-0.000627672,0.35453,4.99977,999.624,5.52889
0.00156821,1007.79,-0.000824504,0.354191,4.99977,999.625,5.52889
0.0015684,1008.05,0.000444126,0.35386,4.99977,999.625,5.52889
0.0015686,1007.18,0.000860143,0.353553,4.99977,999.625,5.52889
0.0015688,1006.69,-3.174e-05,0.353242,4.99977,999.625,5.52889
0.00156901,1007.13,-0.000780713,0.352899,4.99977,999.626,5.52889
0.0015692,1007.98,-0.000345324,0.35256,4.99977,999.626,5.52889
0.00156941,1007.83,0.000563768,0.352217,4.99977,999.626,5.52889
0.00156961,1007.16,0.000720732,0.351888,4.99977,999.627,5.52889
0.0015698,1006.82,-0.000272876,0.351589,4.99977,999.627,5.52889
0.00157,1007.41,-0.00072198,0.351245,4.99977,999.627,5.52889
0.0015702,1007.93,-3.07009e-05,0.350901,4.99977,999.627,5.52889
0.00157042,1007.7,0.000527719,0.35054,4.99977,999.628,5.52889
0.0015706,1006.92,0.000356785,0.350249,4.99977,999.628,5.52889
0.0015708,1006.97,-0.000410933,0.349915,4.99977,999.628,5.52889
0.00157101,1007.48,-0.000597044,0.349556,4.99977,999.628,5.52889
0.0015712,1007.81,0.000187015,0.349223,4.99977,999.629,5.52889
0.0015714,1007.36,0.000581305,0.348885,4.99977,999.629,5.52889
0.0015716,1006.9,0.000135062,0.348563,4.99977,999.629,5.52889
0.00157181,1007.05,-0.000411738,0.34821,4.99977,999.629,5.52889
0.00157201,1007.63,-0.000376597,0.347869,4.99977,999.63,5.52889
0.0015722,1007.64,0.000333619,0.347532,4.99977,999.63,5.52889
0.00157241,1007.22,0.000479068,0.347186,4.99977,999.63,5.52889
0.0015726,1006.95,-8.16289e-05,0.346864,4.99977,999.63,5.52889
0.0015728,1007.31,-0.000466617,0.346521,4.99977,999.631,5.52889
0.001573,1007.67,-0.000111334,0.346168,4.99977,999.631,5.52889
0.00157321,1007.55,0.000328348,0.345806,4.99977,999.631,5.52889
0.0015734,1007.07,0.000305708,0.345485,4.99977,999.631,5.52889
0.00157361,1007.01,-0.000184184,0.345141,4.99977,999.632,5.52889
0.00157381,1007.36,-0.000392583,0.344787,4.99977,999.632,5.52889
0.00157401,1007.61,4.42785e-06,0.344436,4.99977,999.632,5.52889
0.00157422,1007.44,0.000326591,0.34407,4.99977,999.632,5.52889
0.0015744,1007.03,0.000160082,0.343755,4.99977,999.633,5.52889
0.00157461,1007.1,-0.000259406,0.343406,4.99977,999.633,5.52889
0.0015748,1007.47,-0.000250926,0.343061,4.99977,999.633,5.52889
0.00157501,1007.53,0.000123414,0.342697,4.99977,999.633,5.52889
0.0015752,1007.24,0.000316372,0.342356,4.99977,999.634,5.52889
0.0015754,1007.03,-2.92785e-07,0.342018,4.99977,999.634,5.52889
0.00157561,1007.15,-0.000259423,0.341647,4.99977,999.634,5.52889
0.0015758,1007.48,-0.000131902,0.341309,4.99977,999.634,5.52889
0.001576,1007.42,0.00020123,0.34095,4.99977,999.635,5.52889
0.0015762,1007.13,0.000222769,0.34061,4.99977,999.635,5.52889
0.0015764,1007.06,-9.67902e-05,0.340261,4.99977,999.635,5.52889
0.0015766,1007.29,-0.00025432,0.339908,4.99977,999.635,5.52889
0.00157681,1007.45,-4.25228e-05,0.339542,4.99977,999.636,5.52889
0.00157701,1007.36,0.000199511,0.339174,4.99977,999.636,5.52889
0.00157721,1007.1,0.000153231,0.338836,4.99977,999.636,5.52889
0.0015774,1007.11,-0.000157924,0.338494,4.99977,999.636,5.52889
0.00157761,1007.28,-0.000210824,0.338118,4.99977,999.637,5.52889
0.0015778,1007.39,7.00193e-05,0.337777,4.99977,999.637,5.52889
0.001578,1007.23,0.000206245,0.33742,4.99977,999.637,5.52889
0.0015782,1007.07,4.07729e-05,0.337069,4.99977,999.637,5.52889
0.00157841,1007.14,-0.000160435,0.336702,4.99977,999.638,5.52889
0.0015786,1007.33,-0.000122729,0.33635,4.99977,999.638,5.52889
0.00157881,1007.34,8.6455e-05,0.33598,4.99977,999.638,5.52889
0.00157901,1007.17,0.000169147,0.335628,4.99977,999.638,5.52889
0.0015792,1007.07,-3.3324e-05,0.335284,4.99977,999.639,5.52889
0.00157941,1007.16,-0.000156438,0.334905,4.99977,999.639,5.52889
0.0015796,1007.32,-5.55648e-05,0.334556,4.99977,999.639,5.52889
0.00157981,1007.28,0.000117281,0.334186,4.99977,999.639,5.52889
0.00158,1007.11,0.000107188,0.333844,4.99977,999.64,5.52889
0.00158021,1007.09,-6.71661e-05,0.33348,4.99977,999.64,5.52889
0.0015804,1007.22,-0.000135972,0.333121,4.99977,999.64,5.52889
0.00158061,1007.29,3.49965e-06,0.332755,4.99977,999.64,5.52889
0.00158081,1007.22,0.000121472,0.33238,4.99977,999.641,5.52889
0.001581,1007.08,4.91592e-05,0.332042,4.99977,999.641,5.52889
0.0015812,1007.11,-0.000102782,0.331683,4.99977,999.641,5.52889
0.00158141,1007.22,-0.000101536,0.331308,4.99977,999.641,5.52889
0.00158161,1007.25,4.12776e-05,0.330944,4.99977,999.642,5.52889
0.00158181,1007.15,0.000113264,0.330583,4.99977,999.642,5.52889
0.00158201,1007.07,9.74518e-06,0.330225,4.99977,999.642,5.52889
0.0015822,1007.13,-0.000103499,0.329869,4.99977,999.642,5.52889
0.00158241,1007.22,-5.50105e-05,0.329497,4.99977,999.643,5.52889
0.00158261,1007.21,6.34135e-05,0.329125,4.99977,999.643,5.52889
0.00158281,1007.11,8.56534e-05,0.328767,4.99977,999.643,5.52889
0.001583,1007.07,-2.91436e-05,0.328408,4.99977,999.643,5.52889
0.00158321,1007.13,-9.07674e-05,0.328033,4.99977,999.644,5.52889
0.0015834,1007.2,-8.20206e-06,0.32768,4.99977,999.644,5.52889
0.00158361,1007.16,7.45378e-05,0.327303,4.99977,999.644,5.52889
0.00158381,1007.07,5.42742e-05,0.326945,4.99977,999.644,5.52889
0.001584,1007.07,-5.7543e-05,0.326591,4.99977,999.644,5.52889
0.00158421,1007.14,-7.44692e-05,0.326207,4.99977,999.645,5.52889
0.0015844,1007.17,1.64245e-05,0.325849,4.99977,999.645,5.52889
0.00158461,1007.12,7.15138e-05,0.325468,4.99977,999.645,5.52889
0.0015848,1007.05,1.20027e-05,0.325126,4.99977,999.645,5.52889
0.00158501,1007.07,-5.85917e-05,0.324748,4.99977,999.646,5.52889
0.00158521,1007.14,-4.68991e-05,0.324381,4.99977,999.646,5.52889
0.00158541,1007.14,3.084e-05,0.324008,4.99977,999.646,5.52889
0.00158561,1007.08,6.02881e-05,0.323646,4.99977,999.646,5.52889
0.0015858,1007.04,-1.25854e-05,0.32329,4.99977,999.647,5.52889
0.00158601,1007.07,-5.53391e-05,0.322899,4.99977,999.647,5.52889
0.0015862,1007.12,-2.05452e-05,0.322546,4.99977,999.647,5.52889
0.0015864,1007.1,4.70487e-05,0.32218,4.99977,999.647,5.52889
0.0015866,1007.04,3.8432e-05,0.321815,4.99977,999.648,5.52889
0.0015868,1007.03,-2.41638e-05,0.321442,4.99977,999.648,5.52889
0.001587,1007.08,-4.8631e-05,0.321076,4.99977,999.648,5.52889
0.0015872,1007.1,1.87799e-06,0.320705,4.99977,999.648,5.52889
0.00158741,1007.07,4.45103e-05,0.320324,4.99977,999.649,5.52889
0.00158761,1007.02,2.61328e-05,0.319957,4.99977,999.649,5.52889
0.00158781,1007.02,-2.78955e-05,0.319583,4.99977,999.649,5.52889
0.00158801,1007.06,-3.83107e-05,0.319217,4.99977,999.649,5.52889
0.0015882,1007.07,1.94927e-05,0.318863,4.99977,999.65,5.52889
0.00158841,1007.04,4.0585e-05,0.31847,4.99977,999.65,5.52889
0.00158861,1007,5.00179e-06,0.318115,4.99977,999.65,5.52889
0.00158881,1007.02,-3.51386e-05,0.317743,4.99977,999.65,5.52889
0.00158901,1007.05,-2.12251e-05,0.317374,4.99977,999.651,5.52889
0.00158921,1007.05,2.2226e-05,0.316998,4.99977,999.651,5.52889
0.0015894,1007.01,2.92711e-05,0.316641,4.99977,999.651,5.52889
0.0015896,1006.99,-1.01364e-05,0.316267,4.99977,999.651,5.52889
0.00158981,1007.01,-3.24546e-05,0.315887,4.99977,999.651,5.52889
0.00159,1007.04,-2.96269e-06,0.31553,4.99977,999.652,5.52889
0.00159022,1007.02,2.24842e-05,0.315128,4.99977,999.652,5.52889
0.0015904,1006.98,1.67323e-05,0.314788,4.99977,999.652,5.52889
0.0015906,1006.98,-1.80211e-05,0.314412,4.99977,999.652,5.52889
0.0015908,1007.01,-2.46136e-05,0.314044,4.99977,999.653,5.52889
0.001591,1007.01,8.21537e-06,0.313675,4.99977,999.653,5.52889
0.00159121,1006.99,2.62055e-05,0.313294,4.99977,999.653,5.52889
0.0015914,1006.96,6.91973e-06,0.312926,4.99977,999.653,5.52889
0.00159161,1006.97,-1.76411e-05,0.312535,4.99977,999.654,5.52889
0.00159181,1006.99,-1.76488e-05,0.312176,4.99977,999.654,5.52889
0.00159201,1006.99,1.23258e-05,0.311807,4.99977,999.654,5.52889
0.00159221,1006.97,2.22675e-05,0.311422,4.99977,999.654,5.52889
0.0015924,1006.95,-2.28167e-06,0.311066,4.99977,999.655,5.52889
0.0015926,1006.96,-2.07323e-05,0.310696,4.99977,999.655,5.52889
0.00159281,1006.97,-9.24824e-06,0.310314,4.99977,999.655,5.52889
0.00159301,1006.97,1.38188e-05,0.309935,4.99977,999.655,5.52889
0.00159321,1006.94,1.59055e-05,0.309568,4.99977,999.656,5.52889
0.0015934,1006.94,-9.38557e-06,0.309209,4.99977,999.656,5.52889
0.00159361,1006.94,-1.7771e-05,0.308818,4.99977,999.656,5.52889
0.0015938,1006.95,2.10728e-06,0.308468,4.99977,999.656,5.52889
0.00159402,1006.94,1.41831e-05,0.308061,4.99977,999.656,5.52889
0.00159421,1006.92,8.74087e-06,0.307709,4.99977,999.657,5.52889
0.00159441,1006.92,-9.96824e-06,0.307329,4.99977,999.657,5.52889
0.00159461,1006.93,-1.30431e-05,0.306963,4.99977,999.657,5.52889
0.00159481,1006.93,5.05169e-06,0.306593,4.99977,999.657,5.52889
0.00159501,1006.92,1.44542e-05,0.306217,4.99977,999.658,5.52889
0.0015952,1006.9,5.23853e-07,0.305856,4.99977,999.658,5.52889
0.00159541,1006.9,-1.12198e-05,0.305461,4.99977,999.658,5.52889
0.0015956,1006.92,-6.8103e-06,0.305107,4.99977,999.658,5.52889
0.00159581,1006.91,8.20504e-06,0.304727,4.99977,999.659,5.52889
0.001596,1006.89,1.05377e-05,0.304363,4.99977,999.659,5.52889
0.0015962,1006.89,-4.0589e-06,0.303992,4.99977,999.659,5.52889
0.0015964,1006.89,-1.13929e-05,0.303617,4.99977,999.659,5.52889
0.0015966,1006.9,-2.01952e-06,0.303241,4.99977,999.66,5.52889
0.00159682,1006.89,8.10813e-06,0.302844,4.99977,999.66,5.52889
0.001597,1006.87,5.72424e-06,0.302503,4.99977,999.66,5.52889
0.00159721,1006.87,-6.16186e-06,0.302121,4.99977,999.66,5.52889
0.00159741,1006.88,-9.38989e-06,0.301738,4.99977,999.66,5.52889
0.0015976,1006.88,2.93252e-06,0.301383,4.99977,999.661,5.52889
0.00159781,1006.87,9.30237e-06,0.301001,4.99977,999.661,5.52889
0.001598,1006.86,2.48933e-06,0.300631,4.99977,999.661,5.52889
0.00159821,1006.85,-6.14732e-06,0.300239,4.99977,999.661,5.52889
0.00159841,1006.86,-6.17196e-06,0.299878,4.99977,999.662,5.52889
0.0015986,1006.86,5.19145e-06,0.299518,4.99977,999.662,5.52889
0.00159881,1006.85,7.87671e-06,0.299126,4.99977,999.662,5.52889
0.001599,1006.84,-1.14246e-06,0.29877,4.99977,999.662,5.52889
0.0015992,1006.84,-7.28899e-06,0.298399,4.99977,999.663,5.52889
0.00159941,1006.84,-3.03453e-06,0.298014,4.99977,999.663,5.52889
0.00159961,1006.84,5.28857e-06,0.297637,4.99977,999.663,5.52889
0.0015998,1006.83,4.93292e-06,0.297279,4.99977,999.663,5.52889
0.0016,1006.82,-2.89878e-06,0.2969,4.99977,999.663,5.52889
0.0016002,1006.82,-6.03054e-06,0.296529,4.99977,999.664,5.52889
0.0016004,1006.82,3.41761e-07,0.296157,4.99977,999.664,5.52889
0.00160061,1006.82,5.73053e-06,0.295776,4.99977,999.664,5.52889
0.0016008,1006.81,2.68824e-06,0.29541,4.99977,999.664,5.52889
0.00160101,1006.8,-3.85795e-06,0.295031,4.99977,999.665,5.52889
0.0016012,1006.81,-4.25899e-06,0.294664,4.99977,999.665,5.52889
0.00160141,1006.8,2.02812e-06,0.294289,4.99977,999.665,5.52889
0.0016016,1006.8,5.09571e-06,0.293922,4.99977,999.665,5.52889
0.00160181,1006.79,7.86246e-07,0.293542,4.99977,999.666,5.52889
0.00160201,1006.79,-4.1324e-06,0.293163,4.99977,999.666,5.52889
0.00160221,1006.79,-2.76284e-06,0.292793,4.99977,999.666,5.52889
0.0016024,1006.78,3.54227e-06,0.292436,4.99977,999.666,5.52889
0.0016026,1006.78,3.90657e-06,0.292055,4.99977,999.666,5.52889
0.0016028,1006.77,-1.29113e-06,0.291687,4.99977,999.667,5.52889
0.00160301,1006.77,-3.9624e-06,0.291307,4.99977,999.667,5.52889
0.0016032,1006.77,-2.37052e-07,0.290947,4.99977,999.667,5.52889
0.00160341,1006.77,3.05416e-06,0.290547,4.99977,999.667,5.52889
0.00160361,1006.76,2.66408e-06,0.290189,4.99977,999.668,5.52889
0.0016038,1006.75,-2.36906e-06,0.28983,4.99977,999.668,5.52889
0.00160401,1006.75,-3.18382e-06,0.289445,4.99977,999.668,5.52889
0.0016042,1006.75,8.37443e-07,0.289081,4.99977,999.668,5.52889
0.00160441,1006.75,3.31469e-06,0.288697,4.99977,999.669,5.52889
0.0016046,1006.74,1.00268e-06,0.288336,4.99977,999.669,5.52889
0.0016048,1006.74,-2.67557e-06,0.28797,4.99977,999.669,5.52889
0.00160501,1006.74,-2.26617e-06,0.287581,4.99977,999.669,5.52889
0.0016052,1006.73,1.72645e-06,0.287222,4.99977,999.669,5.52889
0.00160541,1006.73,2.85454e-06,0.28684,4.99977,999.67,5.52889
0.00160561,1006.72,-2.32256e-08,0.286475,4.99977,999.67,5.52889
0.00160581,1006.72,-2.28329e-06,0.286086,4.99977,999.67,5.52889
0.001606,1006.72,-9.44014e-07,0.285732,4.99977,999.67,5.52889
0.00160621,1006.71,2.04903e-06,0.28536,4.99977,999.671,5.52889
0.00160641,1006.71,2.18271e-06,0.28498,4.99977,999.671,5.52889
0.0016066,1006.7,-1.09946e-06,0.284627,4.99977,999.671,5.52889
0.00160681,1006.7,-2.14112e-06,0.284235,4.99977,999.671,5.52889
0.00160701,1006.7,-7.50502e-08,0.283874,4.99977,999.671,5.52889
0.00160722,1006.69,1.7785e-06,0.283478,4.99977,999.672,5.52889
0.0016074,1006.69,1.08905e-06,0.283138,4.99977,999.672,5.52889
0.0016076,1006.69,-1.31091e-06,0.282763,4.99977,999.672,5.52889
0.00160781,1006.68,-1.68945e-06,0.282379,4.99977,999.672,5.52889
0.001608,1006.68,8.20236e-07,0.282027,4.99977,999.673,5.52889
0.00160821,1006.68,1.89492e-06,0.281634,4.99977,999.673,5.52889
0.0016084,1006.67,2.7936e-07,0.281287,4.99977,999.673,5.52889
0.0016086,1006.67,-1.46988e-06,0.280913,4.99977,999.673,5.52889
0.0016088,1006.67,-8.79354e-07,0.280541,4.99977,999.673,5.52889
0.00160901,1006.66,1.02925e-06,0.280164,4.99977,999.674,5.52889
0.00160921,1006.66,1.61893e-06,0.279786,4.99977,999.674,5.52889
0.0016094,1006.65,-2.39516e-07,0.279433,4.99977,999.674,5.52889
0.0016096,1006.65,-1.34381e-06,0.279068,4.99977,999.674,5.52889
0.0016098,1006.65,-2.31667e-07,0.278693,4.99977,999.675,5.52889
0.00161001,1006.64,1.21617e-06,0.278312,4.99977,999.675,5.52889
0.0016102,1006.64,9.75463e-07,0.277956,4.99977,999.675,5.52889
0.0016104,1006.63,-5.97867e-07,0.277582,4.99977,999.675,5.52889
0.0016106,1006.63,-1.03933e-06,0.277218,4.99977,999.675,5.52889
0.00161081,1006.63,1.91303e-07,0.276841,4.99977,999.676,5.52889
0.001611,1006.62,1.27244e-06,0.276475,4.99977,999.676,5.52889
0.00161121,1006.62,6.19308e-07,0.2761,4.99977,999.676,5.52889
0.00161141,1006.62,-6.99592e-07,0.275728,4.99977,999.676,5.52889
0.0016116,1006.61,-7.11749e-07,0.275366,4.99977,999.677,5.52889
0.00161181,1006.61,5.00448e-07,0.274992,4.99977,999.677,5.52889
0.001612,1006.61,1.08736e-06,0.274632,4.99977,999.677,5.52889
0.00161221,1006.6,1.74008e-07,0.274258,4.99977,999.677,5.52889
0.00161241,1006.6,-7.62967e-07,0.273885,4.99977,999.677,5.52889
0.0016126,1006.6,-2.71207e-07,0.273529,4.99977,999.678,5.52889
0.0016128,1006.59,8.19746e-07,0.273163,4.99977,999.678,5.52889
0.00161301,1006.59,8.46152e-07,0.272786,4.99977,999.678,5.52889
0.0016132,1006.58,-2.2477e-07,0.272426,4.99977,999.678,5.52889
0.00161341,1006.58,-6.89638e-07,0.272047,4.99977,999.679,5.52889
0.0016136,1006.58,1.13624e-08,0.271684,4.99977,999.679,5.52889
0.00161382,1006.57,7.00589e-07,0.271294,4.99977,999.679,5.52889
0.00161401,1006.57,6.11004e-07,0.270941,4.99977,999.679,5.52889
0.0016142,1006.57,-3.99575e-07,0.270589,4.99977,999.679,5.52889
0.00161441,1006.56,-5.37432e-07,0.270204,4.99977,999.68,5.52889
0.0016146,1006.56,3.22134e-07,0.269853,4.99977,999.68,5.52889
0.00161481,1006.55,7.40009e-07,0.269462,4.99977,999.68,5.52889
0.001615,1006.55,2.85459e-07,0.269113,4.99977,999.68,5.52889
0.0016152,1006.55,-4.22105e-07,0.268748,4.99977,999.681,5.52889
0.00161541,1006.54,-2.87185e-07,0.268378,4.99977,999.681,5.52889
0.00161561,1006.54,3.57641e-07,0.268,4.99977,999.681,5.52889
0.00161581,1006.54,6.50305e-07,0.26764,4.99977,999.681,5.52889
0.001616,1006.53,3.28009e-08,0.267283,4.99977,999.681,5.52889
0.00161621,1006.53,-3.70336e-07,0.266898,4.99977,999.682,5.52889
0.0016164,1006.53,-4.77573e-08,0.26655,4.99977,999.682,5.52889
0.00161661,1006.52,4.91403e-07,0.266175,4.99977,999.682,5.52889
0.00161681,1006.52,5.2673e-07,0.265803,4.99977,999.682,5.52889
0.00161701,1006.51,-8.91474e-08,0.26545,4.99977,999.683,5.52889
0.0016172,1006.51,-3.03739e-07,0.265091,4.99977,999.683,5.52889
0.0016174,1006.51,1.49699e-07,0.264724,4.99977,999.683,5.52889
0.00161761,1006.5,5.04394e-07,0.264345,4.99977,999.683,5.52889
0.0016178,1006.5,2.824e-07,0.263995,4.99977,999.683,5.52889
0.001618,1006.5,-1.87664e-07,0.263628,4.99977,999.684,5.52889
0.0016182,1006.49,-1.89703e-07,0.26326,4.99977,999.684,5.52889
0.00161841,1006.49,2.16311e-07,0.262886,4.99977,999.684,5.52889
0.00161861,1006.49,4.72849e-07,0.262529,4.99977,999.684,5.52889
0.0016188,1006.48,1.45107e-07,0.262169,4.99977,999.684,5.52889
0.00161902,1006.48,-1.53093e-07,0.261783,4.99977,999.685,5.52889
0.0016192,1006.48,-5.14777e-08,0.261439,4.99977,999.685,5.52889
0.0016194,1006.47,3.48227e-07,0.261079,4.99977,999.685,5.52889
0.00161961,1006.47,3.95272e-07,0.260706,4.99977,999.685,5.52889
0.00161981,1006.46,4.87786e-08,0.260345,4.99977,999.686,5.52889
0.00162,1006.46,-1.6094e-07,0.259983,4.99977,999.686,5.52889
0.0016202,1006.46,6.89272e-08,0.259619,4.99977,999.686,5.52889
0.00162041,1006.45,3.46916e-07,0.259248,4.99977,999.686,5.52889
0.00162061,1006.45,2.93548e-07,0.258891,4.99977,999.686,5.52889
0.0016208,1006.45,-4.35337e-08,0.258536,4.99977,999.687,5.52889
0.00162101,1006.44,-9.92182e-08,0.258165,4.99977,999.687,5.52889
0.00162121,1006.44,1.62099e-07,0.257803,4.99977,999.687,5.52889
0.00162141,1006.44,3.42835e-07,0.257434,4.99977,999.687,5.52889
0.00162161,1006.43,2.23266e-07,0.257068,4.99977,999.688,5.52889
0.0016218,1006.43,-5.80132e-08,0.256718,4.99977,999.688,5.52889
0.001622,1006.42,1.70959e-09,0.256362,4.99977,999.688,5.52889
0.00162221,1006.42,2.22235e-07,0.255988,4.99977,999.688,5.52889
0.0016224,1006.42,3.01297e-07,0.255632,4.99977,999.688,5.52889
0.00162261,1006.41,1.2023e-07,0.255263,4.99977,999.689,5.52889
0.00162281,1006.41,-4.54014e-08,0.254899,4.99977,999.689,5.52889
0.001623,1006.41,8.15711e-08,0.25455,4.99977,999.689,5.52889
0.00162321,1006.4,2.54466e-07,0.254179,4.99977,999.689,5.52889
0.00162341,1006.4,2.51397e-07,0.253815,4.99977,999.689,5.52889
0.00162361,1006.4,5.31612e-08,0.253461,4.99977,999.69,5.52889
0.0016238,1006.39,-9.28216e-09,0.253106,4.99977,999.69,5.52889
0.00162401,1006.39,1.28502e-07,0.252735,4.99977,999.69,5.52889
0.00162421,1006.38,2.57626e-07,0.252378,4.99977,999.69,5.52889
0.00162441,1006.38,1.87991e-07,0.252011,4.99977,999.69,5.52889
0.00162461,1006.38,3.02991e-08,0.251653,4.99977,999.691,5.52889
0.0016248,1006.37,5.3895e-08,0.251307,4.99977,999.691,5.52889
0.00162502,1006.37,1.63271e-07,0.250919,4.99977,999.691,5.52889
0.00162522,1006.37,2.33006e-07,0.250563,4.99977,999.691,5.52889
0.0016254,1006.36,9.80106e-08,0.250227,4.99977,999.692,5.52889
0.0016256,1006.36,3.2115e-08,0.249871,4.99977,999.692,5.52889
0.00162581,1006.36,1.1111e-07,0.249498,4.99977,999.692,5.52889
0.00162602,1006.35,1.99551e-07,0.249122,4.99977,999.692,5.52889
0.00162621,1006.35,1.77044e-07,0.248772,4.99977,999.692,5.52889
0.0016264,1006.35,6.01456e-08,0.248435,4.99977,999.693,5.52889
0.00162661,1006.34,7.65759e-08,0.248063,4.99977,999.693,5.52889
0.00162681,1006.34,1.65235e-07,0.2477,4.99977,999.693,5.52889
0.00162701,1006.33,1.83267e-07,0.247344,4.99977,999.693,5.52889
0.0016272,1006.33,9.82083e-08,0.246999,4.99977,999.693,5.52889
0.00162741,1006.33,7.79862e-08,0.24662,4.99977,999.694,5.52889
0.0016276,1006.32,1.45774e-07,0.246278,4.99977,999.694,5.52889
0.00162781,1006.32,1.72798e-07,0.245911,4.99977,999.694,5.52889
0.001628,1006.32,1.20279e-07,0.245565,4.99977,999.694,5.52889
0.0016282,1006.31,9.55766e-08,0.245212,4.99977,999.694,5.52889
0.0016284,1006.31,1.37098e-07,0.244854,4.99977,999.695,5.52889
0.0016286,1006.31,1.59036e-07,0.244498,4.99977,999.695,5.52889
0.0016288,1006.3,1.27302e-07,0.244141,4.99977,999.695,5.52889
0.001629,1006.3,1.07805e-07,0.243784,4.99977,999.695,5.52889
0.0016292,1006.3,1.32507e-07,0.243428,4.99977,999.696,5.52889
0.0016294,1006.29,1.50382e-07,0.243071,4.99977,999.696,5.52889
0.0016296,1006.29,1.32051e-07,0.242715,4.99977,999.696,5.52889
0.0016298,1006.28,1.1673e-07,0.242359,4.99977,999.696,5.52889
0.00163,1006.28,1.30889e-07,0.242004,4.99977,999.696,5.52889
0.0016302,1006.28,1.44655e-07,0.241648,4.99977,999.697,5.52889
0.0016304,1006.27,1.34564e-07,0.241292,4.99977,999.697,5.52889
0.0016306,1006.27,1.23137e-07,0.240937,4.99977,999.697,5.52889
0.0016308,1006.27,1.30905e-07,0.240582,4.99977,999.697,5.52889
0.001631,1006.26,1.41083e-07,0.240227,4.99977,999.697,5.52889
0.0016312,1006.26,1.35911e-07,0.239872,4.99977,999.698,5.52889
0.0016314,1006.26,1.27727e-07,0.239518,4.99977,999.698,5.52889
0.0016316,1006.25,1.31743e-07,0.239163,4.99977,999.698,5.52889
0.0016318,1006.25,1.39039e-07,0.238809,4.99977,999.698,5.52889
0.001632,1006.25,1.36701e-07,0.238455,4.99977,999.698,5.52889
0.0016322,1006.24,1.31043e-07,0.238101,4.99977,999.699,5.52889
0.0016324,1006.24,1.32944e-07,0.237747,4.99977,999.699,5.52889
0.0016326,1006.23,1.38054e-07,0.237393,4.99977,999.699,5.52889
0.0016328,1006.23,1.37274e-07,0.23704,4.99977,999.699,5.52889
0.001633,1006.23,1.33492e-07,0.236687,4.99977,999.699,5.52889
0.0016332,1006.22,1.34265e-07,0.236334,4.99977,999.7,5.52889
0.0016334,1006.22,1.37779e-07,0.235981,4.99977,999.7,5.52889
0.0016336,1006.22,1.37801e-07,0.235628,4.99977,999.7,5.52889
0.0016338,1006.21,1.35365e-07,0.235275,4.99977,999.7,5.52889
0.001634,1006.21,1.35581e-07,0.234923,4.99977,999.701,5.52889
0.0016342,1006.21,1.3797e-07,0.234571,4.99977,999.701,5.52889
0.0016344,1006.2,1.38364e-07,0.234219,4.99977,999.701,5.52889
0.0016346,1006.2,1.36864e-07,0.233867,4.99977,999.701,5.52889
0.0016348,1006.2,1.36844e-07,0.233515,4.99977,999.701,5.52889
0.001635,1006.19,1.38461e-07,0.233163,4.99977,999.702,5.52889
0.0016352,1006.19,1.38991e-07,0.232812,4.99977,999.702,5.52889
0.0016354,1006.18,1.38125e-07,0.232461,4.99977,999.702,5.52889
0.0016356,1006.18,1.38038e-07,0.23211,4.99977,999.702,5.52889
0.0016358,1006.18,1.39137e-07,0.231759,4.99977,999.702,5.52889
0.001636,1006.17,1.39684e-07,0.231408,4.99977,999.703,5.52889
0.0016362,1006.17,1.39239e-07,0.231058,4.99977,999.703,5.52889
0.0016364,1006.17,1.39168e-07,0.230707,4.99977,999.703,5.52889
0.0016366,1006.16,1.39926e-07,0.230357,4.99977,999.703,5.52889
0.0016368,1006.16,1.40438e-07,0.230007,4.99977,999.703,5.52889
0.001637,1006.16,1.40264e-07,0.229658,4.99977,999.704,5.52889
0.0016372,1006.15,1.40242e-07,0.229308,4.99977,999.704,5.52889
0.0016374,1006.15,1.40782e-07,0.228958,4.99977,999.704,5.52889
0.0016376,1006.15,1.4124e-07,0.228609,4.99977,999.704,5.52889
0.0016378,1006.14,1.41237e-07,0.22826,4.99977,999.704,5.52889
0.001638,1006.14,1.41267e-07,0.227911,4.99977,999.705,5.52889
0.0016382,1006.14,1.41675e-07,0.227562,4.99977,999.705,5.52889
0.0016384,1006.13,1.42079e-07,0.227214,4.99977,999.705,5.52889
0.0016386,1006.13,1.42178e-07,0.226865,4.99977,999.705,5.52889
0.0016388,1006.12,1.42259e-07,0.226517,4.99977,999.705,5.52889
0.001639,1006.12,1.42585e-07,0.226169,4.99977,999.706,5.52889
0.0016392,1006.12,1.42944e-07,0.225821,4.99977,999.706,5.52889
0.0016394,1006.11,1.43105e-07,0.225474,4.99977,999.706,5.52889
0.0016396,1006.11,1.43225e-07,0.225126,4.99977,999.706,5.52889
0.0016398,1006.11,1.43505e-07,0.224779,4.99977,999.706,5.52889
0.00164,1006.1,1.43827e-07,0.224432,4.99977,999.707,5.52889
0.0016402,1006.1,1.4402e-07,0.224085,4.99977,999.707,5.52889
0.0016404,1006.1,1.44171e-07,0.223738,4.99977,999.707,5.52889
0.0016406,1006.09,1.44424e-07,0.223391,4.99977,999.707,5.52889
0.0016408,1006.09,1.44717e-07,0.223045,4.99977,999.707,5.52889
0.001641,1006.09,1.44932e-07,0.222699,4.99977,999.708,5.52889
0.0016412,1006.08,1.45108e-07,0.222352,4.99977,999.708,5.52889
0.0016414,1006.08,1.45343e-07,0.222007,4.99977,999.708,5.52889
0.0016416,1006.08,1.45613e-07,0.221661,4.99977,999.708,5.52889
0.0016418,1006.07,1.4584e-07,0.221315,4.99977,999.708,5.52889
0.001642,1006.07,1.46032e-07,0.22097,4.99977,999.709,5.52889
0.0016422,1006.06,1.46259e-07,0.220625,4.99977,999.709,5.52889
0.0016424,1006.06,1.46513e-07,0.22028,4.99977,999.709,5.52889
0.0016426,1006.06,1.46742e-07,0.219935,4.99977,999.709,5.52889
0.0016428,1006.05,1.46948e-07,0.21959,4.99977,999.709,5.52889
0.001643,1006.05,1.4717e-07,0.219246,4.99977,999.71,5.52889
0.0016432,1006.05,1.47414e-07,0.218902,4.99977,999.71,5.52889
0.0016434,1006.04,1.47644e-07,0.218557,4.99977,999.71,5.52889
0.0016436,1006.04,1.47855e-07,0.218214,4.99977,999.71,5.52889
0.0016438,1006.04,1.48076e-07,0.21787,4.99977,999.71,5.52889
0.001644,1006.03,1.48312e-07,0.217526,4.99977,999.711,5.52889
0.0016442,1006.03,1.48542e-07,0.217183,4.99977,999.711,5.52889
0.0016444,1006.03,1.48758e-07,0.21684,4.99977,999.711,5.52889
0.0016446,1006.02,1.48977e-07,0.216497,4.99977,999.711,5.52889
0.0016448,1006.02,1.4921e-07,0.216154,4.99977,999.711,5.52889
0.001645,1006.02,1.49437e-07,0.215811,4.99977,999.712,5.52889
0.0016452,1006.01,1.49652e-07,0.215469,4.99977,999.712,5.52889
0.0016454,1006.01,1.49873e-07,0.215127,4.99977,999.712,5.52889
0.0016456,1006.01,1.50101e-07,0.214784,4.99977,999.712,5.52889
0.0016458,1006,1.50326e-07,0.214443,4.99977,999.712,5.52889
0.001646,1006,1.50544e-07,0.214101,4.99977,999.713,5.52889
0.0016462,1005.99,1.50764e-07,0.213759,4.99977,999.713,5.52889
0.0016464,1005.99,1.50988e-07,0.213418,4.99977,999.713,5.52889
0.0016466,1005.99,1.51212e-07,0.213077,4.99977,999.713,5.52889
0.0016468,1005.98,1.5143e-07,0.212736,4.99977,999.713,5.52889
0.001647,1005.98,1.51649e-07,0.212395,4.99977,999.714,5.52889
0.0016472,1005.98,1.51871e-07,0.212054,4.99977,999.714,5.52889
0.0016474,1005.97,1.52092e-07,0.211714,4.99977,999.714,5.52889
0.0016476,1005.97,1.52309e-07,0.211374,4.99977,999.714,5.52889
0.0016478,1005.97,1.52528e-07,0.211033,4.99977,999.714,5.52889
0.001648,1005.96,1.5275e-07,0.210694,4.99977,999.715,5.52889
0.0016482,1005.96,1.52968e-07,0.210354,4.99977,999.715,5.52889
0.0016484,1005.96,1.53184e-07,0.210014,4.99977,999.715,5.52889
0.0016486,1005.95,1.53401e-07,0.209675,4.99977,999.715,5.52889
0.0016488,1005.95,1.53622e-07,0.209336,4.99977,999.715,5.52889
0.001649,1005.95,1.53838e-07,0.208997,4.99977,999.716,5.52889
0.0016492,1005.94,1.54052e-07,0.208658,4.99977,999.716,5.52889
0.0016494,1005.94,1.54267e-07,0.208319,4.99977,999.716,5.52889
0.0016496,1005.94,1.54487e-07,0.207981,4.99977,999.716,5.52889
0.0016498,1005.93,1.54703e-07,0.207643,4.99977,999.716,5.52889
0.00165,1005.93,1.54915e-07,0.207305,4.99977,999.717,5.52889
0.0016502,1005.92,1.55127e-07,0.206967,4.99977,999.717,5.52889
0.0016504,1005.92,1.55343e-07,0.206629,4.99977,999.717,5.52889
0.0016506,1005.92,1.55561e-07,0.206291,4.99977,999.717,5.52889
0.0016508,1005.91,1.55771e-07,0.205954,4.99977,999.717,5.52889
0.001651,1005.91,1.55982e-07,0.205617,4.99977,999.717,5.52889
0.0016512,1005.91,1.56196e-07,0.20528,4.99977,999.718,5.52889
0.0016514,1005.9,1.5641e-07,0.204943,4.99977,999.718,5.52889
0.0016516,1005.9,1.5662e-07,0.204607,4.99977,999.718,5.52889
0.0016518,1005.9,1.56831e-07,0.20427,4.99977,999.718,5.52889
0.001652,1005.89,1.57042e-07,0.203934,4.99977,999.718,5.52889
0.0016522,1005.89,1.57253e-07,0.203598,4.99977,999.719,5.52889
0.0016524,1005.89,1.57463e-07,0.203262,4.99977,999.719,5.52889
0.0016526,1005.88,1.57672e-07,0.202927,4.99977,999.719,5.52889
0.0016528,1005.88,1.5788e-07,0.202591,4.99977,999.719,5.52889
0.001653,1005.88,1.58089e-07,0.202256,4.99977,999.719,5.52889
0.0016532,1005.87,1.58298e-07,0.201921,4.99977,999.72,5.52889
0.0016534,1005.87,1.58506e-07,0.201586,4.99977,999.72,5.52889
0.0016536,1005.87,1.58712e-07,0.201251,4.99977,999.72,5.52889
0.0016538,1005.86,1.58918e-07,0.200916,4.99977,999.72,5.52889
0.001654,1005.86,1.59126e-07,0.200582,4.99977,999.72,5.52889
0.0016542,1005.86,1.59331e-07,0.200248,4.99977,999.721,5.52889
0.0016544,1005.85,1.59537e-07,0.199914,4.99977,999.721,5.52889
0.0016546,1005.85,1.59741e-07,0.19958,4.99977,999.721,5.52889
0.0016548,1005.85,1.59945e-07,0.199246,4.99977,999.721,5.52889
0.001655,1005.84,1.60148e-07,0.198913,4.99977,999.721,5.52889
0.0016552,1005.84,1.60353e-07,0.19858,4.99977,999.722,5.52889
0.0016554,1005.83,1.60556e-07,0.198247,4.99977,999.722,5.52889
0.0016556,1005.83,1.60757e-07,0.197914,4.99977,999.722,5.52889
0.0016558,1005.83,1.60958e-07,0.197581,4.99977,999.722,5.52889
0.001656,1005.82,1.61161e-07,0.197249,4.99977,999.722,5.52889
0.0016562,1005.82,1.61362e-07,0.196916,4.99977,999.722,5.52889
0.0016564,1005.82,1.61561e-07,0.196584,4.99977,999.723,5.52889
0.0016566,1005.81,1.6176e-07,0.196252,4.99977,999.723,5.52889
0.0016568,1005.81,1.6196e-07,0.19592,4.99977,999.723,5.52889
0.001657,1005.81,1.62159e-07,0.195589,4.99977,999.723,5.52889
0.0016572,1005.8,1.62357e-07,0.195257,4.99977,999.723,5.52889
0.0016574,1005.8,1.62554e-07,0.194926,4.99977,999.724,5.52889
0.0016576,1005.8,1.62752e-07,0.194595,4.99977,999.724,5.52889
0.0016578,1005.79,1.62947e-07,0.194264,4.99977,999.724,5.52889
0.001658,1005.79,1.63141e-07,0.193934,4.99977,999.724,5.52889
0.0016582,1005.79,1.63338e-07,0.193603,4.99977,999.724,5.52889
0.0016584,1005.78,1.63536e-07,0.193273,4.99977,999.725,5.52889
0.0016586,1005.78,1.63728e-07,0.192943,4.99977,999.725,5.52889
0.0016588,1005.78,1.63918e-07,0.192613,4.99977,999.725,5.52889
0.001659,1005.77,1.64113e-07,0.192283,4.99977,999.725,5.52889
0.0016592,1005.77,1.6431e-07,0.191954,4.99977,999.725,5.52889
0.0016594,1005.77,1.645e-07,0.191624,4.99977,999.725,5.52889
0.0016596,1005.76,1.64687e-07,0.191295,4.99977,999.726,5.52889
0.0016598,1005.76,1.6488e-07,0.190966,4.99977,999.726,5.52889
0.00166,1005.76,1.65073e-07,0.190638,4.99977,999.726,5.52889
0.0016602,1005.75,1.65261e-07,0.190309,4.99977,999.726,5.52889
0.0016604,1005.75,1.65448e-07,0.189981,4.99977,999.726,5.52889
0.0016606,1005.75,1.65637e-07,0.189652,4.99977,999.727,5.52889
0.0016608,1005.74,1.65827e-07,0.189324,4.99977,999.727,5.52889
0.001661,1005.74,1.66015e-07,0.188996,4.99977,999.727,5.52889
0.0016612,1005.74,1.66198e-07,0.188669,4.99977,999.727,5.52889
0.0016614,1005.73,1.66384e-07,0.188341,4.99977,999.727,5.52889
0.0016616,1005.73,1.66571e-07,0.188014,4.99977,999.728,5.52889
0.0016618,1005.72,1.66757e-07,0.187687,4.99977,999.728,5.52889
0.001662,1005.72,1.66938e-07,0.18736,4.99977,999.728,5.52889
0.0016622,1005.72,1.67119e-07,0.187033,4.99977,999.728,5.52889
0.0016624,1005.71,1.67305e-07,0.186707,4.99977,999.728,5.52889
0.0016626,1005.71,1.67489e-07,0.18638,4.99977,999.728,5.52889
0.0016628,1005.71,1.67669e-07,0.186054,4.99977,999.729,5.52889
0.001663,1005.7,1.67847e-07,0.185728,4.99977,999.729,5.52889
0.0016632,1005.7,1.6803e-07,0.185402,4.99977,999.729,5.52889
0.0016634,1005.7,1.6821e-07,0.185077,4.99977,999.729,5.52889
0.0016636,1005.69,1.68388e-07,0.184751,4.99977,999.729,5.52889
0.0016638,1005.69,1.68565e-07,0.184426,4.99977,999.73,5.52889
0.001664,1005.69,1.68743e-07,0.184101,4.99977,999.73,5.52889
0.0016642,1005.68,1.68921e-07,0.183776,4.99977,999.73,5.52889
0.0016644,1005.68,1.69098e-07,0.183451,4.99977,999.73,5.52889
0.0016646,1005.68,1.69272e-07,0.183127,4.99977,999.73,5.52889
0.0016648,1005.67,1.69446e-07,0.182803,4.99977,999.731,5.52889
0.001665,1005.67,1.69621e-07,0.182479,4.99977,999.731,5.52889
0.0016652,1005.67,1.69795e-07,0.182155,4.99977,999.731,5.52889
0.0016654,1005.66,1.69966e-07,0.181831,4.99977,999.731,5.52889
0.0016656,1005.66,1.70138e-07,0.181507,4.99977,999.731,5.52889
0.0016658,1005.66,1.70311e-07,0.181184,4.99977,999.731,5.52889
0.001666,1005.65,1.70482e-07,0.180861,4.99977,999.732,5.52889
0.0016662,1005.65,1.70651e-07,0.180538,4.99977,999.732,5.52889
0.0016664,1005.65,1.70819e-07,0.180215,4.99977,999.732,5.52889
0.0016666,1005.64,1.70987e-07,0.179892,4.99977,999.732,5.52889
0.0016668,1005.64,1.71159e-07,0.179565,4.99977,999.732,5.52889
0.001667,1005.64,1.71328e-07,0.179243,4.99977,999.733,5.52889
0.0016672,1005.63,1.71492e-07,0.178921,4.99977,999.733,5.52889
0.0016674,1005.63,1.71656e-07,0.178599,4.99977,999.733,5.52889
0.0016676,1005.63,1.71822e-07,0.178277,4.99977,999.733,5.52889
0.0016678,1005.62,1.71988e-07,0.177956,4.99977,999.733,5.52889
0.001668,1005.62,1.72151e-07,0.177634,4.99977,999.733,5.52889
0.0016682,1005.62,1.72311e-07,0.177313,4.99977,999.734,5.52889
0.0016684,1005.61,1.72474e-07,0.176992,4.99977,999.734,5.52889
0.0016686,1005.61,1.72637e-07,0.176671,4.99977,999.734,5.52889
0.0016688,1005.61,1.72797e-07,0.176351,4.99977,999.734,5.52889
0.001669,1005.6,1.72954e-07,0.176031,4.99977,999.734,5.52889
0.0016692,1.19637,0.590885,0.172686,4.99977,999.734,5.52889
0.00166941,1.38864,0.683053,0.153998,4.99977,999.715,5.52889
0.00166961,1.73315,0.852475,0.15156,4.99977,999.692,5.52889
0.00166981,2.0774,1.02178,0.149838,4.99977,999.664,5.52889
0.00167001,2.42153,1.19102,0.14817,4.99977,999.631,5.52889
0.00167021,2.76552,1.3602,0.146522,4.99977,999.592,5.52889
0.0016704,3.09907,1.52424,0.144942,4.99977,999.55,5.52889
0.0016706,1248.1,0.256688,0.177728,4.99977,999.539,5.52889
0.00167081,897.38,0.260043,0.209689,4.99977,999.542,5.52889
0.00167101,785.898,-0.0790684,0.219472,4.99977,999.543,5.52889
0.0016712,1017.01,-0.280975,0.219043,4.99977,999.541,5.52889
0.0016714,1222.73,-0.0656975,0.214951,4.99977,999.54,5.52889
0.0016716,1122.39,0.233036,0.216926,4.99977,999.541,5.52889
0.00167181,873.521,0.213257,0.225344,4.99977,999.543,5.52889
0.001672,810.325,-0.106219,0.23245,4.99977,999.544,5.52889
0.00167221,1014.57,-0.263019,0.232003,4.99977,999.543,5.52889
0.0016724,1210.57,-0.0515296,0.227979,4.99977,999.542,5.52889
0.0016726,1109.35,0.221643,0.230063,4.99977,999.543,5.52889
0.00167281,892.839,0.208206,0.237575,4.99977,999.545,5.52889
0.00167301,818.823,-0.0832255,0.244492,4.99977,999.546,5.52889
0.0016732,1028.75,-0.243791,0.243723,4.99977,999.544,5.52889
0.0016734,1199.35,-0.0270627,0.240057,4.99977,999.544,5.52889
0.00167361,1111.23,0.199355,0.242216,4.99977,999.544,5.52889
0.0016738,861.997,0.149835,0.250504,4.99977,999.547,5.52889
0.00167401,834.668,-0.0853604,0.255783,4.99977,999.547,5.52889
0.0016742,1037.97,-0.224483,0.254792,4.99977,999.546,5.52889
0.0016744,1186.25,-0.0178143,0.251594,4.99977,999.545,5.52889
0.00167461,1089.21,0.195804,0.253897,4.99977,999.546,5.52889
0.00167481,888.846,0.160023,0.260912,4.99977,999.548,5.52889
0.00167501,850.491,-0.0883944,0.266339,4.99977,999.549,5.52889
0.0016752,1051.56,-0.203611,0.265002,4.99977,999.547,5.52889
0.0016754,1173.41,-0.00925251,0.262406,4.99977,999.547,5.52889
0.00167561,1082.9,0.18132,0.264658,4.99977,999.548,5.52889
0.00167581,883.673,0.129586,0.271615,4.99977,999.55,5.52889
0.001676,879.545,-0.117855,0.276097,4.99977,999.55,5.52889
0.0016762,1068.01,-0.179631,0.274414,4.99977,999.549,5.52889
0.0016764,1160.78,0.00772603,0.272426,4.99977,999.548,5.52889
0.00167661,1057.38,0.178126,0.275006,4.99977,999.55,5.52889
0.0016768,874.62,0.0853683,0.281835,4.99977,999.551,5.52889
0.00167701,892.753,-0.114437,0.285289,4.99977,999.551,5.52889
0.00167721,1060.58,-0.167325,0.283875,4.99977,999.55,5.52889
0.0016774,1146.01,0.0382584,0.281674,4.99977,999.55,5.52889
0.0016776,1026.41,0.172739,0.284836,4.99977,999.551,5.52889
0.0016778,884.242,0.0774503,0.290724,4.99977,999.553,5.52889
0.00167801,897.089,-0.098196,0.293955,4.99977,999.553,5.52889
0.0016782,1082.3,-0.137759,0.291802,4.99977,999.552,5.52889
0.0016784,1136.05,0.0316718,0.290635,4.99977,999.552,5.52889
0.00167861,1023.36,0.159797,0.29357,4.99977,999.553,5.52889
0.00167881,895.407,0.0754346,0.298926,4.99977,999.554,5.52889
0.001679,936.206,-0.128417,0.301567,4.99977,999.554,5.52889
0.0016792,1076.05,-0.127641,0.300037,4.99977,999.553,5.52889
0.00167941,1126.1,0.0302912,0.298947,4.99977,999.553,5.52889
0.0016796,999.683,0.148447,0.302118,4.99977,999.555,5.52889
0.0016798,894.19,0.0395785,0.307088,4.99977,999.556,5.52889
0.00168,943.371,-0.119979,0.309061,4.99977,999.556,5.52889
0.00168021,1068.91,-0.119396,0.307753,4.99977,999.555,5.52889
0.0016804,1109.97,0.0561832,0.306515,4.99977,999.555,5.52889
0.00168061,1003.95,0.13723,0.30956,4.99977,999.556,5.52889
0.00168081,902.722,0.0356063,0.314245,4.99977,999.557,5.52889
0.00168101,943.3,-0.106253,0.316149,4.99977,999.557,5.52889
0.00168121,1066.2,-0.10864,0.314801,4.99977,999.557,5.52889
0.00168141,1102.05,0.0521586,0.313732,4.99977,999.557,5.52889
0.0016816,986.283,0.124026,0.316936,4.99977,999.558,5.52889
0.0016818,907.804,0.0130942,0.321107,4.99977,999.559,5.52889
0.001682,969.78,-0.113478,0.322258,4.99977,999.558,5.52889
0.0016822,1081.67,-0.0781903,0.32068,4.99977,999.558,5.52889
0.00168241,1094.86,0.0480194,0.320437,4.99977,999.558,5.52889
0.0016826,988.12,0.114528,0.323397,4.99977,999.559,5.52889
0.00168281,915.524,0.0121543,0.327257,4.99977,999.56,5.52889
0.001683,976.956,-0.106828,0.328239,4.99977,999.56,5.52889
0.00168321,1074.93,-0.0737012,0.326918,4.99977,999.559,5.52889
0.0016834,1078.26,0.0657136,0.326616,4.99977,999.56,5.52889
0.0016836,974.676,0.100063,0.329743,4.99977,999.561,5.52889
0.0016838,922.252,-0.00539698,0.333097,4.99977,999.561,5.52889
0.00168401,979.316,-0.098591,0.333871,4.99977,999.561,5.52889
0.00168421,1069.72,-0.0681066,0.332657,4.99977,999.561,5.52889
0.00168441,1072.97,0.0604666,0.332379,4.99977,999.561,5.52889
0.0016846,977.29,0.0923829,0.335266,4.99977,999.562,5.52889
0.0016848,928.856,-0.00494263,0.338365,4.99977,999.563,5.52889
0.00168501,981.458,-0.0909677,0.339083,4.99977,999.563,5.52889
0.0016852,1075.2,-0.0444861,0.337504,4.99977,999.562,5.52889
0.00168541,1068.08,0.0556162,0.337707,4.99977,999.563,5.52889
0.00168561,979.706,0.0852919,0.340371,4.99977,999.564,5.52889
0.0016858,936.435,-0.0189056,0.343311,4.99977,999.564,5.52889
0.001686,1000.15,-0.0887597,0.343524,4.99977,999.564,5.52889
0.00168621,1069.97,-0.0411712,0.34244,4.99977,999.564,5.52889
0.00168641,1063.56,0.0511366,0.342624,4.99977,999.564,5.52889
0.0016866,969.962,0.0709655,0.345391,4.99977,999.565,5.52889
0.0016868,941.943,-0.0174004,0.347793,4.99977,999.566,5.52889
0.00168701,1000.69,-0.0819087,0.34799,4.99977,999.566,5.52889
0.0016872,1070.27,-0.0224093,0.346683,4.99977,999.565,5.52889
0.0016874,1045.24,0.0646819,0.347244,4.99977,999.566,5.52889
0.0016876,972.948,0.0655394,0.349703,4.99977,999.567,5.52889
0.00168781,947.026,-0.0160093,0.351918,4.99977,999.567,5.52889
0.001688,1011.34,-0.0759262,0.351847,4.99977,999.567,5.52889
0.0016882,1065.45,-0.0207661,0.350888,4.99977,999.567,5.52889
0.00168841,1042.5,0.0595638,0.351398,4.99977,999.567,5.52889
0.00168861,975.704,0.060531,0.353663,4.99977,999.568,5.52889
0.0016888,955.059,-0.0280464,0.355731,4.99977,999.569,5.52889
0.001689,1011.03,-0.0700728,0.355635,4.99977,999.569,5.52889
0.00168921,1060.99,-0.0192491,0.354744,4.99977,999.569,5.52889
0.00168941,1039.98,0.0548381,0.355207,4.99977,999.569,5.52889
0.00168961,978.249,0.0559084,0.35729,4.99977,999.57,5.52889
0.00168981,959.114,-0.0258041,0.359194,4.99977,999.57,5.52889
0.00169,1019.91,-0.0630232,0.358854,4.99977,999.57,5.52889
0.0016902,1058.55,-0.00782728,0.358114,4.99977,999.57,5.52889
0.0016904,1026.65,0.058192,0.358827,4.99977,999.571,5.52889
0.0016906,970.156,0.0403418,0.360912,4.99977,999.571,5.52889
0.00169081,962.855,-0.023733,0.362354,4.99977,999.572,5.52889
0.001691,1018.94,-0.0581713,0.362034,4.99977,999.571,5.52889
0.00169121,1054.63,-0.00731598,0.361342,4.99977,999.572,5.52889
0.0016914,1025.34,0.0536295,0.361988,4.99977,999.572,5.52889
0.00169161,973.11,0.0372824,0.363904,4.99977,999.573,5.52889
0.0016918,972.161,-0.0343853,0.365189,4.99977,999.573,5.52889
0.00169201,1018.03,-0.0536983,0.364923,4.99977,999.573,5.52889
0.0016922,1051.36,0.00153589,0.364168,4.99977,999.573,5.52889
0.00169241,1024.16,0.0494032,0.364857,4.99977,999.573,5.52889
0.00169261,975.848,0.0344765,0.366616,4.99977,999.574,5.52889
0.0016928,974.82,-0.0315628,0.367794,4.99977,999.574,5.52889
0.001693,1023.65,-0.0469756,0.367351,4.99977,999.574,5.52889
0.00169321,1048.01,0.00119732,0.366832,4.99977,999.574,5.52889
0.0016934,1013.81,0.0487783,0.367603,4.99977,999.575,5.52889
0.0016936,973.169,0.0224286,0.369251,4.99977,999.576,5.52889
0.00169381,977.273,-0.0289526,0.370142,4.99977,999.576,5.52889
0.00169401,1022.36,-0.0433834,0.369723,4.99977,999.576,5.52889
0.0016942,1044.36,0.00807349,0.369159,4.99977,999.576,5.52889
0.0016944,1013.52,0.0449732,0.369925,4.99977,999.576,5.52889
0.00169461,975.891,0.0207845,0.371435,4.99977,999.577,5.52889
0.00169481,978.775,-0.025215,0.372253,4.99977,999.577,5.52889
0.001695,1026.75,-0.0364523,0.371672,4.99977,999.577,5.52889
0.0016952,1041.38,0.00857426,0.371302,4.99977,999.577,5.52889
0.00169541,1011.88,0.0417183,0.372028,4.99977,999.578,5.52889
0.0016956,976.069,0.0122794,0.37349,4.99977,999.578,5.52889
0.0016958,987.725,-0.0321152,0.37404,4.99977,999.579,5.52889
0.001696,1025.88,-0.0331468,0.373555,4.99977,999.579,5.52889
0.0016962,1037.46,0.0137351,0.373182,4.99977,999.579,5.52889
0.0016964,1006.11,0.0387406,0.373982,4.99977,999.579,5.52889
0.0016966,978.49,0.0111871,0.375211,4.99977,999.58,5.52889
0.0016968,990.671,-0.0309223,0.375679,4.99977,999.58,5.52889
0.00169701,1023.94,-0.0310261,0.375257,4.99977,999.58,5.52889
0.0016972,1034.75,0.0140433,0.374872,4.99977,999.58,5.52889
0.0016974,1006.48,0.0357559,0.375597,4.99977,999.581,5.52889
0.00169761,980.569,0.00954653,0.37673,4.99977,999.581,5.52889
0.00169781,991.533,-0.0281147,0.377143,4.99977,999.582,5.52889
0.00169801,1022.63,-0.0286819,0.376732,4.99977,999.582,5.52889
0.00169821,1032.81,0.0125076,0.376361,4.99977,999.582,5.52889
0.0016984,1001.63,0.0321424,0.377121,4.99977,999.582,5.52889
0.0016986,982.05,0.00527552,0.378083,4.99977,999.583,5.52889
0.0016988,998.572,-0.0298674,0.3783,4.99977,999.583,5.52889
0.001699,1026.86,-0.0207368,0.377817,4.99977,999.583,5.52889
0.0016992,1028.26,0.0176543,0.377636,4.99977,999.583,5.52889
0.0016994,1002.16,0.0296719,0.378331,4.99977,999.584,5.52889
0.00169961,983.872,0.00344599,0.379218,4.99977,999.584,5.52889
0.00169981,998.243,-0.0270116,0.379404,4.99977,999.584,5.52889
0.00170001,1024.87,-0.0198377,0.37894,4.99977,999.584,5.52889
0.0017002,1026.2,0.0171262,0.378737,4.99977,999.585,5.52889
0.00170041,1002.6,0.0273814,0.379358,4.99977,999.585,5.52889
0.0017006,985.585,-0.00109412,0.380198,4.99977,999.586,5.52889
0.00170081,999.908,-0.0254129,0.380294,4.99977,999.586,5.52889
0.00170101,1023.97,-0.0177313,0.379848,4.99977,999.586,5.52889
0.0017012,1024.81,0.0157543,0.379658,4.99977,999.586,5.52889
0.0017014,999.579,0.0238776,0.380297,4.99977,999.587,5.52889
0.00170161,987.299,-0.000970461,0.380968,4.99977,999.587,5.52889
0.00170181,1000.45,-0.023417,0.381039,4.99977,999.587,5.52889
0.001702,1025.38,-0.0116061,0.380494,4.99977,999.587,5.52889
0.00170221,1023.55,0.0144414,0.380411,4.99977,999.588,5.52889
0.00170241,1000.22,0.02204,0.380981,4.99977,999.588,5.52889
0.0017026,989.215,-0.00455181,0.381605,4.99977,999.588,5.52889
0.0017028,1005.31,-0.0230099,0.381537,4.99977,999.589,5.52889
0.001703,1023.98,-0.0107856,0.381104,4.99977,999.589,5.52889
0.00170321,1022.42,0.0131626,0.381005,4.99977,999.589,5.52889
0.0017034,997.903,0.0183944,0.381592,4.99977,999.589,5.52889
0.0017036,990.632,-0.00409301,0.382066,4.99977,999.59,5.52889
0.00170381,1005.36,-0.0212066,0.381986,4.99977,999.59,5.52889
0.00170401,1022.67,-0.0100867,0.381565,4.99977,999.59,5.52889
0.0017042,1017.77,0.0166298,0.38148,4.99977,999.59,5.52889
0.0017044,998.738,0.0170338,0.381969,4.99977,999.591,5.52889
0.0017046,992.695,-0.00708713,0.3824,4.99977,999.591,5.52889
0.0017048,1008.15,-0.0197709,0.382233,4.99977,999.591,5.52889
0.001705,1022.7,-0.00582026,0.381818,4.99977,999.592,5.52889
0.00170521,1017.52,0.014825,0.381775,4.99977,999.592,5.52889
0.0017054,997.501,0.0138311,0.382271,4.99977,999.592,5.52889
0.00170561,993.33,-0.0043176,0.382578,4.99977,999.593,5.52889
0.00170581,1008.2,-0.0182131,0.382408,4.99977,999.593,5.52889
0.001706,1022.04,-0.00258478,0.381966,4.99977,999.593,5.52889
0.00170621,1016.88,0.0135181,0.381942,4.99977,999.593,5.52889
0.00170641,998.789,0.0132657,0.382363,4.99977,999.594,5.52889
0.0017066,995.225,-0.00683532,0.382649,4.99977,999.594,5.52889
0.0017068,1010.28,-0.0165024,0.382409,4.99977,999.594,5.52889
0.00170701,1020.73,-0.00352942,0.382046,4.99977,999.594,5.52889
0.0017072,1012.49,0.0151566,0.382041,4.99977,999.595,5.52889
0.00170741,999.304,0.012002,0.382356,4.99977,999.595,5.52889
0.00170761,996.471,-0.00698073,0.382591,4.99977,999.595,5.52889
0.0017078,1010.23,-0.0151525,0.382343,4.99977,999.596,5.52889
0.001708,1019.97,-0.000675872,0.381957,4.99977,999.596,5.52889
0.0017082,1012.06,0.0139705,0.381962,4.99977,999.596,5.52889
0.0017084,998.027,0.0083354,0.382299,4.99977,999.596,5.52889
0.0017086,998.693,-0.00903646,0.382417,4.99977,999.597,5.52889
0.0017088,1011.79,-0.0133176,0.382123,4.99977,999.597,5.52889
0.001709,1018.96,0.00116118,0.381774,4.99977,999.597,5.52889
0.0017092,1010.02,0.0134728,0.381803,4.99977,999.597,5.52889
0.00170941,999.183,0.00831886,0.38204,4.99977,999.598,5.52889
0.00170961,998.425,-0.00645862,0.382142,4.99977,999.598,5.52889
0.0017098,1011.91,-0.0120175,0.381834,4.99977,999.598,5.52889
0.00171,1018.02,0.0013749,0.381498,4.99977,999.599,5.52889
0.0017102,1009.36,0.0124949,0.381513,4.99977,999.599,5.52889
0.00171041,999.467,0.00696879,0.381712,4.99977,999.599,5.52889
0.00171061,1000,-0.0075238,0.381764,4.99977,999.599,5.52889
0.0017108,1012.48,-0.0104919,0.381433,4.99977,999.6,5.52889
0.001711,1017.05,0.00238781,0.381117,4.99977,999.6,5.52889
0.0017112,1008.97,0.0115303,0.381118,4.99977,999.6,5.52889
0.0017114,999.306,0.00453485,0.38131,4.99977,999.601,5.52889
0.0017116,1001.7,-0.0083517,0.381285,4.99977,999.601,5.52889
0.0017118,1012.78,-0.00910414,0.380944,4.99977,999.601,5.52889
0.001712,1016.18,0.00271974,0.380646,4.99977,999.601,5.52889
0.0017122,1007.81,0.0106874,0.380648,4.99977,999.602,5.52889
0.0017124,999.517,0.00244705,0.380805,4.99977,999.602,5.52889
0.00171261,1002.15,-0.00764878,0.380725,4.99977,999.602,5.52889
0.00171281,1012.27,-0.00844122,0.380389,4.99977,999.602,5.52889
0.001713,1015.16,0.00372485,0.380084,4.99977,999.603,5.52889
0.0017132,1007.08,0.00978347,0.380081,4.99977,999.603,5.52889
0.0017134,1000.13,0.00197409,0.380185,4.99977,999.603,5.52889
0.0017136,1004.33,-0.00850066,0.380063,4.99977,999.604,5.52889
0.00171381,1012.05,-0.0076009,0.379741,4.99977,999.604,5.52889
0.001714,1014.38,0.00386111,0.379441,4.99977,999.604,5.52889
0.00171421,1006.9,0.0089528,0.379416,4.99977,999.604,5.52889
0.0017144,1000.69,0.00145663,0.379486,4.99977,999.605,5.52889
0.0017146,1005.07,-0.00807116,0.379336,4.99977,999.605,5.52889
0.00171481,1012.12,-0.00655628,0.379006,4.99977,999.605,5.52889
0.00171501,1013.68,0.00389883,0.378717,4.99977,999.605,5.52889
0.00171521,1006.67,0.00817297,0.378675,4.99977,999.606,5.52889
0.0017154,1001.17,-0.000368089,0.378729,4.99977,999.606,5.52889
0.00171561,1005.05,-0.0072808,0.378542,4.99977,999.606,5.52889
0.0017158,1012.75,-0.0047089,0.378181,4.99977,999.606,5.52889
0.00171601,1013.22,0.00348312,0.377917,4.99977,999.607,5.52889
0.0017162,1005.62,0.00714574,0.377886,4.99977,999.607,5.52889
0.00171641,1001.69,2.90394e-05,0.377869,4.99977,999.607,5.52889
0.0017166,1006.47,-0.00718044,0.37766,4.99977,999.608,5.52889
0.00171681,1012.16,-0.00456815,0.377321,4.99977,999.608,5.52889
0.00171701,1012.47,0.00378983,0.377048,4.99977,999.608,5.52889
0.0017172,1005.36,0.00634492,0.377004,4.99977,999.608,5.52889
0.0017174,1002.27,-0.00125168,0.376963,4.99977,999.609,5.52889
0.00171761,1006.51,-0.00656222,0.376727,4.99977,999.609,5.52889
0.00171781,1012.36,-0.00307021,0.37637,4.99977,999.609,5.52889
0.001718,1011.29,0.00465289,0.376124,4.99977,999.609,5.52889
0.0017182,1004.68,0.00517965,0.376075,4.99977,999.61,5.52889
0.0017184,1002.8,-0.00156615,0.37598,4.99977,999.61,5.52889
0.00171861,1007.27,-0.0061127,0.375721,4.99977,999.61,5.52889
0.0017188,1012.33,-0.00153179,0.375363,4.99977,999.61,5.52889
0.001719,1010.04,0.0051047,0.375143,4.99977,999.611,5.52889
0.0017192,1004.89,0.00468015,0.375049,4.99977,999.611,5.52889
0.0017194,1003.52,-0.00246021,0.374943,4.99977,999.611,5.52889
0.0017196,1008.17,-0.00554782,0.374654,4.99977,999.612,5.52889
0.00171981,1011.92,-0.00130036,0.374309,4.99977,999.612,5.52889
0.00172001,1009.87,0.00460471,0.374078,4.99977,999.612,5.52889
0.00172021,1005.06,0.00420593,0.373966,4.99977,999.612,5.52889
0.00172041,1003.89,-0.00228708,0.373837,4.99977,999.613,5.52889
0.00172061,1008.24,-0.00503167,0.373542,4.99977,999.613,5.52889
0.0017208,1011.62,-0.000411131,0.373196,4.99977,999.613,5.52889
0.001721,1009.02,0.00457872,0.372977,4.99977,999.613,5.52889
0.00172121,1004.71,0.00316942,0.372853,4.99977,999.614,5.52889
0.0017214,1004.53,-0.00274706,0.372685,4.99977,999.614,5.52889
0.0017216,1008.81,-0.00438506,0.37237,4.99977,999.614,5.52889
0.0017218,1011.25,0.000225435,0.372033,4.99977,999.614,5.52889
0.00172201,1008.94,0.00413594,0.371801,4.99977,999.615,5.52889
0.0017222,1004.48,0.00201821,0.37169,4.99977,999.615,5.52889
0.00172241,1004.7,-0.00230602,0.371474,4.99977,999.615,5.52889
0.0017226,1009.2,-0.00371457,0.371152,4.99977,999.616,5.52889
0.0017228,1010.83,0.000903216,0.370824,4.99977,999.616,5.52889
0.00172301,1008.21,0.00397429,0.370598,4.99977,999.616,5.52889
0.0017232,1004.63,0.00150133,0.370457,4.99977,999.616,5.52889
0.0017234,1005.63,-0.003038,0.370226,4.99977,999.617,5.52889
0.00172361,1009.03,-0.00336122,0.369894,4.99977,999.617,5.52889
0.0017238,1010.4,0.00126952,0.369568,4.99977,999.617,5.52889
0.00172401,1007.8,0.00365263,0.369339,4.99977,999.617,5.52889
0.0017242,1004.73,0.000609028,0.369188,4.99977,999.618,5.52889
0.0017244,1006.37,-0.00318342,0.368928,4.99977,999.618,5.52889
0.00172461,1009.08,-0.00288548,0.368588,4.99977,999.618,5.52889
0.00172481,1010.05,0.00134066,0.368266,4.99977,999.618,5.52889
0.001725,1007.12,0.00325963,0.368049,4.99977,999.619,5.52889
0.0017252,1004.96,0.000179584,0.367863,4.99977,999.619,5.52889
0.0017254,1006.85,-0.00304547,0.367587,4.99977,999.619,5.52889
0.0017256,1009.66,-0.00166445,0.367239,4.99977,999.619,5.52889
0.00172581,1009.67,0.00148516,0.366924,4.99977,999.62,5.52889
0.00172601,1006.97,0.00288413,0.366697,4.99977,999.62,5.52889
0.0017262,1005.22,-0.00032458,0.366501,4.99977,999.62,5.52889
0.00172641,1006.76,-0.00267124,0.366202,4.99977,999.621,5.52889
0.0017266,1009.59,-0.00109853,0.365857,4.99977,999.621,5.52889
0.0017268,1008.9,0.00212122,0.365561,4.99977,999.621,5.52889
0.001727,1006.29,0.00217412,0.365339,4.99977,999.621,5.52889
0.0017272,1005.51,-0.000667479,0.365096,4.99977,999.622,5.52889
0.0017274,1007.7,-0.00253748,0.364787,4.99977,999.622,5.52889
0.0017276,1009.47,-0.000534321,0.36444,4.99977,999.622,5.52889
0.0017278,1008.44,0.00213976,0.36415,4.99977,999.622,5.52889
0.00172801,1006.44,0.00196266,0.363896,4.99977,999.623,5.52889
0.00172821,1005.83,-0.000992343,0.363656,4.99977,999.623,5.52889
0.00172841,1007.55,-0.00226063,0.36333,4.99977,999.623,5.52889
0.00172861,1009.27,-0.000198451,0.362988,4.99977,999.623,5.52889
0.0017288,1008.02,0.00205547,0.362704,4.99977,999.624,5.52889
0.00172901,1006.22,0.00138273,0.362448,4.99977,999.624,5.52889
0.00172921,1006.14,-0.00116884,0.362179,4.99977,999.624,5.52889
0.0017294,1008.3,-0.00173955,0.361851,4.99977,999.624,5.52889
0.00172961,1009.04,0.000219436,0.361507,4.99977,999.625,5.52889
0.0017298,1007.47,0.00190898,0.361236,4.99977,999.625,5.52889
0.00173,1006.06,0.000580125,0.360976,4.99977,999.625,5.52889
0.0017302,1006.66,-0.0014936,0.360679,4.99977,999.625,5.52889
0.00173041,1008.13,-0.00156363,0.36033,4.99977,999.626,5.52889
0.00173061,1008.76,0.000591837,0.359998,4.99977,999.626,5.52889
0.00173081,1007.4,0.00167188,0.35971,4.99977,999.626,5.52889
0.001731,1006.16,2.59134e-05,0.359459,4.99977,999.626,5.52889
0.0017312,1007.05,-0.00150179,0.359143,4.99977,999.627,5.52889
0.0017314,1008.47,-0.000893013,0.358794,4.99977,999.627,5.52889
0.00173161,1008.51,0.000704028,0.358454,4.99977,999.627,5.52889
0.0017318,1006.9,0.00129384,0.358189,4.99977,999.628,5.52889
0.00173201,1006.32,-0.000204877,0.357899,4.99977,999.628,5.52889
0.0017322,1007.42,-0.00138129,0.357579,4.99977,999.628,5.52889
0.00173241,1008.46,-0.000426007,0.357228,4.99977,999.628,5.52889
0.00173261,1008.13,0.000975523,0.356897,4.99977,999.629,5.52889
0.00173281,1006.84,0.00102459,0.356612,4.99977,999.629,5.52889
0.001733,1006.63,-0.000717762,0.356332,4.99977,999.629,5.52889
0.00173321,1007.5,-0.00119026,0.35598,4.99977,999.629,5.52889
0.0017334,1008.35,2.9708e-05,0.355642,4.99977,999.63,5.52889
0.00173361,1007.72,0.0010589,0.355318,4.99977,999.63,5.52889
0.0017338,1006.64,0.000507235,0.355034,4.99977,999.63,5.52889
0.001734,1006.87,-0.000807291,0.354721,4.99977,999.63,5.52889
0.0017342,1007.89,-0.000837709,0.354376,4.99977,999.631,5.52889
0.0017344,1008.15,0.000363897,0.354034,4.99977,999.631,5.52889
0.00173461,1007.36,0.000966525,0.353717,4.99977,999.631,5.52889
0.0017348,1006.65,9.55412e-05,0.353421,4.99977,999.631,5.52889
0.001735,1007.14,-0.000849137,0.353092,4.99977,999.632,5.52889
0.00173521,1007.95,-0.000547872,0.35274,4.99977,999.632,5.52889
0.00173541,1007.96,0.000460272,0.352395,4.99977,999.632,5.52889
0.00173561,1007.19,0.000793345,0.352078,4.99977,999.632,5.52889
0.0017358,1006.77,-0.000217051,0.351782,4.99977,999.633,5.52889
0.00173601,1007.3,-0.000771083,0.351435,4.99977,999.633,5.52889
0.0017362,1007.97,-0.000117212,0.351096,4.99977,999.633,5.52889
0.0017364,1007.63,0.00065607,0.35076,4.99977,999.633,5.52889
0.0017366,1006.91,0.000414763,0.35045,4.99977,999.634,5.52889
0.00173681,1006.91,-0.00037039,0.350114,4.99977,999.634,5.52889
0.001737,1007.58,-0.000603966,0.349774,4.99977,999.634,5.52889
0.00173721,1007.87,7.52971e-05,0.349421,4.99977,999.634,5.52889
0.00173741,1007.47,0.000604804,0.349081,4.99977,999.635,5.52889
0.0017376,1006.89,0.000189452,0.348772,4.99977,999.635,5.52889
0.0017378,1007.13,-0.00051883,0.348442,4.99977,999.635,5.52889
0.00173801,1007.61,-0.000460135,0.348078,4.99977,999.635,5.52889
0.0017382,1007.71,0.000299573,0.347742,4.99977,999.636,5.52889
0.00173841,1007.27,0.000526472,0.347399,4.99977,999.636,5.52889
0.0017386,1006.92,-7.65488e-05,0.347088,4.99977,999.636,5.52889
0.00173882,1007.12,-0.000426058,0.346715,4.99977,999.636,5.52889
0.00173901,1007.67,-0.000234781,0.346379,4.99977,999.637,5.52889
0.00173921,1007.59,0.000329786,0.346029,4.99977,999.637,5.52889
0.0017394,1007.09,0.000350593,0.34571,4.99977,999.637,5.52889
0.0017396,1007,-0.000188816,0.345372,4.99977,999.637,5.52889
0.0017398,1007.4,-0.000414189,0.345027,4.99977,999.638,5.52889
0.00174,1007.64,-1.54775e-06,0.34467,4.99977,999.638,5.52889
0.00174021,1007.47,0.000344596,0.344305,4.99977,999.638,5.52889
0.0017404,1007.03,0.000182849,0.343991,4.99977,999.638,5.52889
0.0017406,1007.09,-0.000271132,0.343645,4.99977,999.639,5.52889
0.00174081,1007.41,-0.000334047,0.343283,4.99977,999.639,5.52889
0.00174101,1007.56,9.95759e-05,0.342934,4.99977,999.639,5.52889
0.0017412,1007.24,0.000339404,0.3426,4.99977,999.639,5.52889
0.0017414,1007.02,5.34566e-05,0.342253,4.99977,999.64,5.52889
0.00174161,1007.15,-0.00027893,0.341896,4.99977,999.64,5.52889
0.00174181,1007.47,-0.000201899,0.341543,4.99977,999.64,5.52889
0.001742,1007.44,0.00021767,0.341201,4.99977,999.64,5.52889
0.00174221,1007.2,0.000278718,0.340839,4.99977,999.641,5.52889
0.00174241,1007.04,-6.15114e-05,0.340504,4.99977,999.641,5.52889
0.00174261,1007.21,-0.000267321,0.340136,4.99977,999.641,5.52889
0.0017428,1007.47,-4.44488e-05,0.339798,4.99977,999.641,5.52889
0.00174301,1007.36,0.000220367,0.339434,4.99977,999.642,5.52889
0.00174321,1007.11,0.000175485,0.33909,4.99977,999.642,5.52889
0.00174341,1007.08,-0.000116194,0.338735,4.99977,999.642,5.52889
0.00174361,1007.3,-0.000224818,0.338381,4.99977,999.642,5.52889
0.0017438,1007.42,4.85316e-05,0.338031,4.99977,999.643,5.52889
0.00174401,1007.28,0.000214176,0.337662,4.99977,999.643,5.52889
0.0017442,1007.07,7.21658e-05,0.337324,4.99977,999.643,5.52889
0.00174441,1007.13,-0.000166144,0.336965,4.99977,999.643,5.52889
0.0017446,1007.35,-0.000134564,0.336615,4.99977,999.643,5.52889
0.0017448,1007.36,0.000100597,0.336251,4.99977,999.644,5.52889
0.00174501,1007.21,0.000188844,0.335882,4.99977,999.644,5.52889
0.0017452,1007.07,-2.33814e-05,0.33555,4.99977,999.644,5.52889
0.00174541,1007.18,-0.000172141,0.335182,4.99977,999.644,5.52889
0.0017456,1007.34,-5.66145e-05,0.33483,4.99977,999.645,5.52889
0.0017458,1007.28,0.000138469,0.334469,4.99977,999.645,5.52889
0.00174601,1007.13,0.000135766,0.334104,4.99977,999.645,5.52889
0.0017462,1007.09,-7.42838e-05,0.333757,4.99977,999.645,5.52889
0.0017464,1007.23,-0.000145665,0.333399,4.99977,999.646,5.52889
0.0017466,1007.31,6.29145e-06,0.333034,4.99977,999.646,5.52889
0.00174681,1007.23,0.00013429,0.332665,4.99977,999.646,5.52889
0.00174701,1007.09,7.70705e-05,0.332308,4.99977,999.646,5.52889
0.0017472,1007.11,-9.937e-05,0.331954,4.99977,999.647,5.52889
0.00174741,1007.22,-0.000116286,0.331581,4.99977,999.647,5.52889
0.0017476,1007.26,5.29967e-05,0.331232,4.99977,999.647,5.52889
0.00174781,1007.18,0.000120912,0.33085,4.99977,999.647,5.52889
0.001748,1007.07,1.24975e-05,0.330509,4.99977,999.648,5.52889
0.0017482,1007.13,-0.000108913,0.330149,4.99977,999.648,5.52889
0.00174841,1007.23,-6.98086e-05,0.329774,4.99977,999.648,5.52889
0.00174861,1007.23,5.77603e-05,0.329403,4.99977,999.648,5.52889
0.0017488,1007.11,9.30885e-05,0.329053,4.99977,999.649,5.52889
0.001749,1007.07,-2.88569e-05,0.328695,4.99977,999.649,5.52889
0.00174921,1007.13,-9.50848e-05,0.328312,4.99977,999.649,5.52889
0.0017494,1007.22,-1.4731e-05,0.327967,4.99977,999.649,5.52889
0.00174961,1007.17,8.00414e-05,0.327594,4.99977,999.65,5.52889
0.0017498,1007.08,5.68153e-05,0.327236,4.99977,999.65,5.52889
0.00175,1007.08,-5.74833e-05,0.326879,4.99977,999.65,5.52889
0.00175021,1007.15,-7.98741e-05,0.3265,4.99977,999.65,5.52889
0.0017504,1007.19,1.74165e-05,0.326143,4.99977,999.651,5.52889
0.00175061,1007.13,7.64029e-05,0.325762,4.99977,999.651,5.52889
0.0017508,1007.06,2.53167e-05,0.32541,4.99977,999.651,5.52889
0.00175101,1007.08,-6.0804e-05,0.325041,4.99977,999.651,5.52889
0.00175121,1007.14,-6.01253e-05,0.324663,4.99977,999.651,5.52889
0.0017514,1007.15,3.64669e-05,0.32431,4.99977,999.652,5.52889
0.00175161,1007.09,6.71394e-05,0.32393,4.99977,999.652,5.52889
0.0017518,1007.04,-4.27054e-06,0.323579,4.99977,999.652,5.52889
0.00175201,1007.08,-6.12486e-05,0.323207,4.99977,999.652,5.52889
0.00175221,1007.13,-3.26208e-05,0.322832,4.99977,999.653,5.52889
0.00175241,1007.12,4.50416e-05,0.32247,4.99977,999.653,5.52889
0.00175261,1007.06,4.90287e-05,0.322102,4.99977,999.653,5.52889
0.00175281,1007.04,-1.95082e-05,0.321736,4.99977,999.653,5.52889
0.00175301,1007.08,-5.40472e-05,0.321367,4.99977,999.654,5.52889
0.0017532,1007.11,-1.05708e-06,0.321006,4.99977,999.654,5.52889
0.0017534,1007.08,4.98321e-05,0.32064,4.99977,999.654,5.52889
0.0017536,1007.03,2.59358e-05,0.320267,4.99977,999.654,5.52889
0.00175381,1007.03,-3.12333e-05,0.319893,4.99977,999.655,5.52889
0.001754,1007.08,-3.83382e-05,0.319533,4.99977,999.655,5.52889
0.0017542,1007.09,1.54807e-05,0.319161,4.99977,999.655,5.52889
0.0017544,1007.05,4.36321e-05,0.318791,4.99977,999.655,5.52889
0.0017546,1007.01,7.90932e-06,0.318421,4.99977,999.656,5.52889
0.00175482,1007.02,-3.03469e-05,0.318027,4.99977,999.656,5.52889
0.001755,1007.06,-2.12277e-05,0.317687,4.99977,999.656,5.52889
0.00175521,1007.06,2.36469e-05,0.317308,4.99977,999.656,5.52889
0.00175541,1007.02,3.60579e-05,0.316929,4.99977,999.656,5.52889
0.0017556,1007,-1.06915e-05,0.316579,4.99977,999.657,5.52889
0.00175581,1007.02,-3.4708e-05,0.316198,4.99977,999.657,5.52889
0.001756,1007.05,-9.09406e-06,0.31583,4.99977,999.657,5.52889
0.00175622,1007.03,2.37239e-05,0.31544,4.99977,999.657,5.52889
0.00175641,1006.99,2.37759e-05,0.315084,4.99977,999.658,5.52889
0.00175661,1006.99,-1.63784e-05,0.314717,4.99977,999.658,5.52889
0.00175681,1007.01,-2.94275e-05,0.314333,4.99977,999.658,5.52889
0.001757,1007.02,3.49539e-06,0.313977,4.99977,999.658,5.52889
0.0017572,1007,2.79616e-05,0.313608,4.99977,999.659,5.52889
0.0017574,1006.97,8.76387e-06,0.313238,4.99977,999.659,5.52889
0.0017576,1006.98,-2.24301e-05,0.312869,4.99977,999.659,5.52889
0.0017578,1007,-1.68473e-05,0.312501,4.99977,999.659,5.52889
0.001758,1007,1.28174e-05,0.312123,4.99977,999.66,5.52889
0.00175821,1006.98,2.39215e-05,0.311737,4.99977,999.66,5.52889
0.0017584,1006.96,-2.95878e-06,0.311387,4.99977,999.66,5.52889
0.00175861,1006.97,-2.17015e-05,0.311006,4.99977,999.66,5.52889
0.00175881,1006.98,-1.14282e-05,0.310627,4.99977,999.66,5.52889
0.00175901,1006.98,1.35049e-05,0.310248,4.99977,999.661,5.52889
0.00175921,1006.95,1.76256e-05,0.309884,4.99977,999.661,5.52889
0.00175941,1006.94,-6.64004e-06,0.309515,4.99977,999.661,5.52889
0.00175961,1006.95,-1.90363e-05,0.30914,4.99977,999.661,5.52889
0.0017598,1006.96,-5.71584e-07,0.308778,4.99977,999.662,5.52889
0.00176002,1006.95,1.51876e-05,0.308383,4.99977,999.662,5.52889
0.0017602,1006.93,9.33336e-06,0.308031,4.99977,999.662,5.52889
0.00176041,1006.93,-1.07194e-05,0.307652,4.99977,999.662,5.52889
0.0017606,1006.94,-1.38916e-05,0.307287,4.99977,999.663,5.52889
0.0017608,1006.94,5.4682e-06,0.306916,4.99977,999.663,5.52889
0.001761,1006.93,1.5462e-05,0.306542,4.99977,999.663,5.52889
0.00176121,1006.91,2.87261e-06,0.306169,4.99977,999.663,5.52889
0.00176141,1006.91,-1.20833e-05,0.305786,4.99977,999.663,5.52889
0.0017616,1006.93,-7.23793e-06,0.305432,4.99977,999.664,5.52889
0.0017618,1006.92,8.90775e-06,0.305053,4.99977,999.664,5.52889
0.00176201,1006.91,1.27371e-05,0.304668,4.99977,999.664,5.52889
0.00176221,1006.89,-2.14514e-06,0.304304,4.99977,999.664,5.52889
0.0017624,1006.9,-1.2218e-05,0.303935,4.99977,999.665,5.52889
0.0017626,1006.91,-2.80032e-06,0.303563,4.99977,999.665,5.52889
0.00176281,1006.9,8.87672e-06,0.303173,4.99977,999.665,5.52889
0.00176301,1006.88,8.01078e-06,0.302815,4.99977,999.665,5.52889
0.00176321,1006.88,-5.07258e-06,0.302437,4.99977,999.666,5.52889
0.00176341,1006.89,-9.95123e-06,0.302069,4.99977,999.666,5.52889
0.0017636,1006.89,2.26685e-06,0.301706,4.99977,999.666,5.52889
0.00176381,1006.88,9.72482e-06,0.301318,4.99977,999.666,5.52889
0.001764,1006.86,3.11335e-06,0.300957,4.99977,999.666,5.52889
0.0017642,1006.86,-7.96116e-06,0.300587,4.99977,999.667,5.52889
0.00176441,1006.87,-7.38171e-06,0.300198,4.99977,999.667,5.52889
0.0017646,1006.87,4.48342e-06,0.299837,4.99977,999.667,5.52889
0.00176481,1006.86,8.55351e-06,0.299446,4.99977,999.667,5.52889
0.001765,1006.85,-8.71164e-07,0.299097,4.99977,999.668,5.52889
0.00176522,1006.85,-6.51469e-06,0.29869,4.99977,999.668,5.52889
0.0017654,1006.85,-3.43829e-06,0.298344,4.99977,999.668,5.52889
0.00176561,1006.85,5.33636e-06,0.297964,4.99977,999.668,5.52889
0.00176581,1006.84,6.08021e-06,0.297597,4.99977,999.669,5.52889
0.00176601,1006.83,-2.34029e-06,0.297223,4.99977,999.669,5.52889
0.00176621,1006.83,-6.66534e-06,0.296848,4.99977,999.669,5.52889
0.0017664,1006.83,-1.27612e-07,0.296484,4.99977,999.669,5.52889
0.00176661,1006.83,5.46433e-06,0.29609,4.99977,999.669,5.52889
0.0017668,1006.82,3.30307e-06,0.295737,4.99977,999.67,5.52889
0.00176701,1006.81,-3.85992e-06,0.295359,4.99977,999.67,5.52889
0.0017672,1006.82,-4.65339e-06,0.294997,4.99977,999.67,5.52889
0.0017674,1006.81,2.08876e-06,0.294622,4.99977,999.67,5.52889
0.0017676,1006.8,5.50476e-06,0.294253,4.99977,999.671,5.52889
0.0017678,1006.8,9.68306e-07,0.293875,4.99977,999.671,5.52889
0.00176801,1006.8,-4.08346e-06,0.293486,4.99977,999.671,5.52889
0.00176821,1006.8,-3.1753e-06,0.293124,4.99977,999.671,5.52889
0.00176841,1006.79,2.56949e-06,0.292746,4.99977,999.671,5.52889
0.0017686,1006.79,4.34613e-06,0.292384,4.99977,999.672,5.52889
0.0017688,1006.78,-8.66975e-07,0.292013,4.99977,999.672,5.52889
0.00176901,1006.78,-4.07365e-06,0.291621,4.99977,999.672,5.52889
0.0017692,1006.78,-9.23762e-07,0.291269,4.99977,999.672,5.52889
0.00176941,1006.77,3.26121e-06,0.290881,4.99977,999.673,5.52889
0.0017696,1006.77,2.85019e-06,0.290523,4.99977,999.673,5.52889
0.00176981,1006.76,-1.81108e-06,0.290147,4.99977,999.673,5.52889
0.00177,1006.76,-3.42165e-06,0.289779,4.99977,999.673,5.52889
0.00177021,1006.76,3.47134e-07,0.289404,4.99977,999.673,5.52889
0.00177041,1006.75,3.53981e-06,0.289031,4.99977,999.674,5.52889
0.0017706,1006.75,1.07426e-06,0.288671,4.99977,999.674,5.52889
0.00177081,1006.74,-2.16767e-06,0.288278,4.99977,999.674,5.52889
0.00177101,1006.74,-2.44152e-06,0.287916,4.99977,999.674,5.52889
0.00177121,1006.74,1.26234e-06,0.287542,4.99977,999.675,5.52889
0.00177141,1006.74,3.05083e-06,0.287176,4.99977,999.675,5.52889
0.0017716,1006.73,-2.33419e-08,0.28681,4.99977,999.675,5.52889
0.00177181,1006.73,-2.44625e-06,0.286421,4.99977,999.675,5.52889
0.001772,1006.73,-1.02434e-06,0.286068,4.99977,999.675,5.52889
0.0017722,1006.72,2.17951e-06,0.285696,4.99977,999.676,5.52889
0.00177241,1006.72,2.33371e-06,0.285316,4.99977,999.676,5.52889
0.0017726,1006.71,-7.73358e-07,0.28495,4.99977,999.676,5.52889
0.00177281,1006.71,-2.30181e-06,0.284571,4.99977,999.676,5.52889
0.001773,1006.71,-8.96412e-08,0.28421,4.99977,999.677,5.52889
0.00177322,1006.7,1.89013e-06,0.283814,4.99977,999.677,5.52889
0.00177341,1006.7,1.58771e-06,0.283457,4.99977,999.677,5.52889
0.0017736,1006.69,-1.40494e-06,0.2831,4.99977,999.677,5.52889
0.00177381,1006.69,-1.82124e-06,0.282716,4.99977,999.677,5.52889
0.00177401,1006.69,5.44605e-07,0.282351,4.99977,999.678,5.52889
0.00177421,1006.68,2.01937e-06,0.281971,4.99977,999.678,5.52889
0.00177441,1006.68,5.94852e-07,0.281612,4.99977,999.678,5.52889
0.0017746,1006.68,-1.57697e-06,0.28125,4.99977,999.678,5.52889
0.0017748,1006.67,-9.54171e-07,0.280878,4.99977,999.679,5.52889
0.001775,1006.67,1.09042e-06,0.280501,4.99977,999.679,5.52889
0.00177521,1006.67,1.72705e-06,0.280123,4.99977,999.679,5.52889
0.0017754,1006.66,-2.57809e-07,0.27977,4.99977,999.679,5.52889
0.00177561,1006.66,-1.34093e-06,0.279373,4.99977,999.679,5.52889
0.0017758,1006.66,-2.56608e-07,0.27903,4.99977,999.68,5.52889
0.00177601,1006.65,1.28913e-06,0.278649,4.99977,999.68,5.52889
0.00177621,1006.65,1.31722e-06,0.278271,4.99977,999.68,5.52889
0.0017764,1006.64,-6.43355e-07,0.27792,4.99977,999.68,5.52889
0.00177661,1006.64,-1.21834e-06,0.277531,4.99977,999.681,5.52889
0.0017768,1006.64,1.96638e-07,0.277178,4.99977,999.681,5.52889
0.001777,1006.63,1.354e-06,0.276813,4.99977,999.681,5.52889
0.0017772,1006.63,6.55953e-07,0.276438,4.99977,999.681,5.52889
0.00177741,1006.62,-7.58502e-07,0.276065,4.99977,999.681,5.52889
0.0017776,1006.62,-7.66922e-07,0.275705,4.99977,999.682,5.52889
0.0017778,1006.62,5.32836e-07,0.27533,4.99977,999.682,5.52889
0.00177802,1006.61,1.17227e-06,0.274941,4.99977,999.682,5.52889
0.0017782,1006.61,1.80075e-07,0.274596,4.99977,999.682,5.52889
0.00177841,1006.61,-8.29537e-07,0.274224,4.99977,999.683,5.52889
0.00177861,1006.6,-4.82268e-07,0.273851,4.99977,999.683,5.52889
0.00177881,1006.6,6.51142e-07,0.273477,4.99977,999.683,5.52889
0.001779,1006.6,8.93781e-07,0.273125,4.99977,999.683,5.52889
0.0017792,1006.59,-1.16685e-07,0.272752,4.99977,999.683,5.52889
0.0017794,1006.59,-7.47409e-07,0.272386,4.99977,999.684,5.52889
0.0017796,1006.59,1.30708e-08,0.272023,4.99977,999.684,5.52889
0.00177981,1006.58,7.50614e-07,0.271633,4.99977,999.684,5.52889
0.00178001,1006.58,6.37906e-07,0.27128,4.99977,999.684,5.52889
0.00178021,1006.57,-3.10818e-07,0.270911,4.99977,999.684,5.52889
0.00178041,1006.57,-5.81352e-07,0.270543,4.99977,999.685,5.52889
0.0017806,1006.57,2.25257e-07,0.270179,4.99977,999.685,5.52889
0.00178081,1006.56,7.8928e-07,0.269803,4.99977,999.685,5.52889
0.001781,1006.56,2.87663e-07,0.269452,4.99977,999.685,5.52889
0.00178121,1006.56,-3.49812e-07,0.269064,4.99977,999.686,5.52889
0.0017814,1006.55,-3.03846e-07,0.268719,4.99977,999.686,5.52889
0.00178161,1006.55,4.10309e-07,0.268344,4.99977,999.686,5.52889
0.00178181,1006.55,7.0547e-07,0.267967,4.99977,999.686,5.52889
0.001782,1006.54,7.56155e-08,0.267616,4.99977,999.686,5.52889
0.0017822,1006.54,-4.29732e-07,0.267248,4.99977,999.687,5.52889
0.0017824,1006.53,-5.21495e-08,0.266889,4.99977,999.687,5.52889
0.0017826,1006.53,5.23538e-07,0.266514,4.99977,999.687,5.52889
0.00178281,1006.53,5.51558e-07,0.266141,4.99977,999.687,5.52889
0.001783,1006.52,-1.04143e-07,0.265787,4.99977,999.687,5.52889
0.00178321,1006.52,-3.56033e-07,0.265406,4.99977,999.688,5.52889
0.0017834,1006.52,8.90267e-08,0.265052,4.99977,999.688,5.52889
0.0017836,1006.51,5.45871e-07,0.26469,4.99977,999.688,5.52889
0.0017838,1006.51,3.35654e-07,0.264325,4.99977,999.688,5.52889
0.00178401,1006.51,-1.57989e-07,0.263952,4.99977,999.689,5.52889
0.0017842,1006.5,-2.01398e-07,0.263601,4.99977,999.689,5.52889
0.00178441,1006.5,2.36477e-07,0.263227,4.99977,999.689,5.52889
0.00178462,1006.49,4.88829e-07,0.262843,4.99977,999.689,5.52889
0.00178481,1006.49,2.05926e-07,0.262495,4.99977,999.689,5.52889
0.00178501,1006.49,-1.99088e-07,0.262131,4.99977,999.69,5.52889
0.00178521,1006.48,-9.35964e-08,0.261769,4.99977,999.69,5.52889
0.00178541,1006.48,2.92126e-07,0.261395,4.99977,999.69,5.52889
0.0017856,1006.48,4.01529e-07,0.261049,4.99977,999.69,5.52889
0.00178581,1006.47,6.49633e-08,0.260678,4.99977,999.69,5.52889
0.00178601,1006.47,-1.80675e-07,0.26031,4.99977,999.691,5.52889
0.0017862,1006.47,4.58557e-08,0.259952,4.99977,999.691,5.52889
0.00178641,1006.46,3.2658e-07,0.25957,4.99977,999.691,5.52889
0.00178661,1006.46,3.23479e-07,0.259221,4.99977,999.691,5.52889
0.0017868,1006.45,-2.22785e-08,0.258861,4.99977,999.692,5.52889
0.00178701,1006.45,-1.28244e-07,0.258491,4.99977,999.692,5.52889
0.00178721,1006.45,1.31622e-07,0.25813,4.99977,999.692,5.52889
0.00178741,1006.44,3.45846e-07,0.257756,4.99977,999.692,5.52889
0.0017876,1006.44,2.07377e-07,0.257412,4.99977,999.692,5.52889
0.0017878,1006.44,-6.61904e-08,0.257051,4.99977,999.693,5.52889
0.001788,1006.43,-2.78225e-08,0.256691,4.99977,999.693,5.52889
0.0017882,1006.43,2.41452e-07,0.256331,4.99977,999.693,5.52889
0.00178841,1006.43,3.25311e-07,0.255944,4.99977,999.693,5.52889
0.00178861,1006.42,1.21125e-07,0.2556,4.99977,999.693,5.52889
0.00178881,1006.42,-5.93025e-08,0.255235,4.99977,999.694,5.52889
0.001789,1006.41,5.60312e-08,0.254879,4.99977,999.694,5.52889
0.0017892,1006.41,2.7187e-07,0.254522,4.99977,999.694,5.52889
0.00178941,1006.41,2.57751e-07,0.254154,4.99977,999.694,5.52889
0.0017896,1006.4,5.27275e-08,0.253794,4.99977,999.694,5.52889
0.0017898,1006.4,-2.70637e-08,0.253434,4.99977,999.695,5.52889
0.00179,1006.4,1.40389e-07,0.253078,4.99977,999.695,5.52889
0.00179022,1006.39,2.5413e-07,0.252693,4.99977,999.695,5.52889
0.00179041,1006.39,2.10348e-07,0.252337,4.99977,999.695,5.52889
0.0017906,1006.39,1.892e-08,0.251992,4.99977,999.696,5.52889
0.00179081,1006.38,2.45929e-08,0.251629,4.99977,999.696,5.52889
0.00179101,1006.38,1.82096e-07,0.25127,4.99977,999.696,5.52889
0.00179122,1006.37,2.44661e-07,0.250892,4.99977,999.696,5.52889
0.00179141,1006.37,1.39852e-07,0.250541,4.99977,999.696,5.52889
0.00179161,1006.37,2.00475e-08,0.250189,4.99977,999.697,5.52889
0.0017918,1006.36,9.59622e-08,0.249833,4.99977,999.697,5.52889
0.00179202,1006.36,1.97621e-07,0.249455,4.99977,999.697,5.52889
0.00179221,1006.36,1.93931e-07,0.249107,4.99977,999.697,5.52889
0.00179241,1006.35,7.94168e-08,0.248747,4.99977,999.697,5.52889
0.00179261,1006.35,5.51233e-08,0.248393,4.99977,999.698,5.52889
0.00179281,1006.35,1.42455e-07,0.248022,4.99977,999.698,5.52889
0.001793,1006.34,1.97436e-07,0.247686,4.99977,999.698,5.52889
0.00179321,1006.34,1.33321e-07,0.247308,4.99977,999.698,5.52889
0.00179341,1006.34,6.59974e-08,0.246953,4.99977,999.698,5.52889
0.00179361,1006.33,1.14895e-07,0.246595,4.99977,999.699,5.52889
0.00179382,1006.33,1.74337e-07,0.246222,4.99977,999.699,5.52889
0.00179402,1006.32,1.55519e-07,0.24587,4.99977,999.699,5.52889
0.00179421,1006.32,8.80119e-08,0.245529,4.99977,999.699,5.52889
0.00179441,1006.32,1.12925e-07,0.245174,4.99977,999.699,5.52889
0.0017946,1006.31,1.63966e-07,0.244826,4.99977,999.7,5.52889
0.0017948,1006.31,1.41676e-07,0.244471,4.99977,999.7,5.52889
0.001795,1006.31,1.02779e-07,0.244115,4.99977,999.7,5.52889
0.0017952,1006.3,1.18882e-07,0.243758,4.99977,999.7,5.52889
0.0017954,1006.3,1.51843e-07,0.243402,4.99977,999.701,5.52889
0.0017956,1006.3,1.41508e-07,0.243045,4.99977,999.701,5.52889
0.0017958,1006.29,1.14545e-07,0.242689,4.99977,999.701,5.52889
0.001796,1006.29,1.21432e-07,0.242334,4.99977,999.701,5.52889
0.0017962,1006.29,1.44107e-07,0.241978,4.99977,999.701,5.52889
0.0017964,1006.28,1.40512e-07,0.241622,4.99977,999.702,5.52889
0.0017966,1006.28,1.22333e-07,0.241267,4.99977,999.702,5.52889
0.0017968,1006.27,1.2438e-07,0.240912,4.99977,999.702,5.52889
0.001797,1006.27,1.39619e-07,0.240556,4.99977,999.702,5.52889
0.0017972,1006.27,1.39422e-07,0.240202,4.99977,999.702,5.52889
0.0017974,1006.26,1.2749e-07,0.239847,4.99977,999.703,5.52889
0.0017976,1006.26,1.27224e-07,0.239492,4.99977,999.703,5.52889
0.0017978,1006.26,1.37253e-07,0.239138,4.99977,999.703,5.52889
0.001798,1006.25,1.38567e-07,0.238784,4.99977,999.703,5.52889
0.0017982,1006.25,1.30953e-07,0.23843,4.99977,999.703,5.52889
0.0017984,1006.25,1.29767e-07,0.238076,4.99977,999.704,5.52889
0.0017986,1006.24,1.3624e-07,0.237722,4.99977,999.704,5.52889
0.0017988,1006.24,1.38051e-07,0.237368,4.99977,999.704,5.52889
0.001799,1006.24,1.33348e-07,0.237015,4.99977,999.704,5.52889
0.0017992,1006.23,1.31961e-07,0.236662,4.99977,999.704,5.52889
0.0017994,1006.23,1.36069e-07,0.236309,4.99977,999.705,5.52889
0.0017996,1006.22,1.37877e-07,0.235956,4.99977,999.705,5.52889
0.0017998,1006.22,1.35085e-07,0.235603,4.99977,999.705,5.52889
0.0018,1006.22,1.33834e-07,0.235251,4.99977,999.705,5.52889
0.0018002,1006.21,1.36408e-07,0.234898,4.99977,999.705,5.52889
0.0018004,1006.21,1.37999e-07,0.234546,4.99977,999.706,5.52889
0.0018006,1006.21,1.36434e-07,0.234194,4.99977,999.706,5.52889
0.0018008,1006.2,1.35442e-07,0.233842,4.99977,999.706,5.52889
0.001801,1006.2,1.37042e-07,0.23349,4.99977,999.706,5.52889
0.0018012,1006.2,1.38358e-07,0.233139,4.99977,999.706,5.52889
0.0018014,1006.19,1.37559e-07,0.232788,4.99977,999.707,5.52889
0.0018016,1006.19,1.36843e-07,0.232436,4.99977,999.707,5.52889
0.0018018,1006.19,1.37843e-07,0.232086,4.99977,999.707,5.52889
0.001802,1006.18,1.38894e-07,0.231735,4.99977,999.707,5.52889
0.0018022,1006.18,1.38562e-07,0.231384,4.99977,999.707,5.52889
0.0018024,1006.18,1.38092e-07,0.231034,4.99977,999.708,5.52889
0.0018026,1006.17,1.3873e-07,0.230683,4.99977,999.708,5.52889
0.0018028,1006.17,1.39558e-07,0.230333,4.99977,999.708,5.52889
0.001803,1006.16,1.39503e-07,0.229983,4.99977,999.708,5.52889
0.0018032,1006.16,1.39232e-07,0.229634,4.99977,999.708,5.52889
0.0018034,1006.16,1.3966e-07,0.229284,4.99977,999.709,5.52889
0.0018036,1006.15,1.40311e-07,0.228935,4.99977,999.709,5.52889
0.0018038,1006.15,1.40412e-07,0.228585,4.99977,999.709,5.52889
0.001804,1006.15,1.40296e-07,0.228236,4.99977,999.709,5.52889
0.0018042,1006.14,1.40607e-07,0.227887,4.99977,999.709,5.52889
0.0018044,1006.14,1.41124e-07,0.227539,4.99977,999.71,5.52889
0.0018046,1006.14,1.4131e-07,0.22719,4.99977,999.71,5.52889
0.0018048,1006.13,1.41305e-07,0.226842,4.99977,999.71,5.52889
0.001805,1006.13,1.41557e-07,0.226494,4.99977,999.71,5.52889
0.0018052,1006.13,1.41979e-07,0.226146,4.99977,999.71,5.52889
0.0018054,1006.12,1.42205e-07,0.225798,4.99977,999.711,5.52889
0.0018056,1006.12,1.42278e-07,0.22545,4.99977,999.711,5.52889
0.0018058,1006.12,1.42502e-07,0.225103,4.99977,999.711,5.52889
0.001806,1006.11,1.42859e-07,0.224755,4.99977,999.711,5.52889
0.0018062,1006.11,1.43102e-07,0.224408,4.99977,999.711,5.52889
0.0018064,1006.1,1.43229e-07,0.224061,4.99977,999.712,5.52889
0.0018066,1006.1,1.4344e-07,0.223715,4.99977,999.712,5.52889
0.0018068,1006.1,1.43751e-07,0.223368,4.99977,999.712,5.52889
0.001807,1006.09,1.44e-07,0.223022,4.99977,999.712,5.52889
0.0018072,1006.09,1.44164e-07,0.222675,4.99977,999.712,5.52889
0.0018074,1006.09,1.44371e-07,0.222329,4.99977,999.713,5.52889
0.0018076,1006.08,1.4465e-07,0.221983,4.99977,999.713,5.52889
0.0018078,1006.08,1.449e-07,0.221638,4.99977,999.713,5.52889
0.001808,1006.08,1.45087e-07,0.221292,4.99977,999.713,5.52889
0.0018082,1006.07,1.45294e-07,0.220947,4.99977,999.713,5.52889
0.0018084,1006.07,1.45552e-07,0.220602,4.99977,999.714,5.52889
0.0018086,1006.07,1.458e-07,0.220257,4.99977,999.714,5.52889
0.0018088,1006.06,1.46003e-07,0.219912,4.99977,999.714,5.52889
0.001809,1006.06,1.46211e-07,0.219567,4.99977,999.714,5.52889
0.0018092,1006.06,1.46456e-07,0.219223,4.99977,999.714,5.52889
0.0018094,1006.05,1.46699e-07,0.218879,4.99977,999.715,5.52889
0.0018096,1006.05,1.46911e-07,0.218535,4.99977,999.715,5.52889
0.0018098,1006.04,1.47121e-07,0.218191,4.99977,999.715,5.52889
0.00181,1006.04,1.47358e-07,0.217847,4.99977,999.715,5.52889
0.0018102,1006.04,1.47596e-07,0.217504,4.99977,999.715,5.52889
0.0018104,1006.03,1.47814e-07,0.21716,4.99977,999.716,5.52889
0.0018106,1006.03,1.48027e-07,0.216817,4.99977,999.716,5.52889
0.0018108,1006.03,1.48256e-07,0.216474,4.99977,999.716,5.52889
0.001811,1006.02,1.4849e-07,0.216131,4.99977,999.716,5.52889
0.0018112,1006.02,1.48711e-07,0.215789,4.99977,999.716,5.52889
0.0018114,1006.02,1.48926e-07,0.215446,4.99977,999.716,5.52889
0.0018116,1006.01,1.49152e-07,0.215104,4.99977,999.717,5.52889
0.0018118,1006.01,1.49381e-07,0.214762,4.99977,999.717,5.52889
0.001812,1006.01,1.49601e-07,0.21442,4.99977,999.717,5.52889
0.0018122,1006,1.49819e-07,0.214078,4.99977,999.717,5.52889
0.0018124,1006,1.50042e-07,0.213737,4.99977,999.717,5.52889
0.0018126,1006,1.50268e-07,0.213396,4.99977,999.718,5.52889
0.0018128,1005.99,1.50489e-07,0.213054,4.99977,999.718,5.52889
0.001813,1005.99,1.50707e-07,0.212713,4.99977,999.718,5.52889
0.0018132,1005.99,1.50928e-07,0.212373,4.99977,999.718,5.52889
0.0018134,1005.98,1.5115e-07,0.212032,4.99977,999.718,5.52889
0.0018136,1005.98,1.51369e-07,0.211692,4.99977,999.719,5.52889
0.0018138,1005.97,1.51588e-07,0.211351,4.99977,999.719,5.52889
0.001814,1005.97,1.51809e-07,0.211011,4.99977,999.719,5.52889
0.0018142,1005.97,1.52027e-07,0.210671,4.99977,999.719,5.52889
0.0018144,1005.96,1.52246e-07,0.210332,4.99977,999.719,5.52889
0.0018146,1005.96,1.52465e-07,0.209992,4.99977,999.72,5.52889
0.0018148,1005.96,1.52682e-07,0.209653,4.99977,999.72,5.52889
0.001815,1005.95,1.529e-07,0.209314,4.99977,999.72,5.52889
0.0018152,1005.95,1.53116e-07,0.208975,4.99977,999.72,5.52889
0.0018154,1005.95,1.53334e-07,0.208636,4.99977,999.72,5.52889
0.0018156,1005.94,1.5355e-07,0.208297,4.99977,999.721,5.52889
0.0018158,1005.94,1.53766e-07,0.207959,4.99977,999.721,5.52889
0.001816,1005.94,1.53982e-07,0.207621,4.99977,999.721,5.52889
0.0018162,1005.93,1.54197e-07,0.207283,4.99977,999.721,5.52889
0.0018164,1005.93,1.54411e-07,0.206945,4.99977,999.721,5.52889
0.0018166,1005.93,1.54626e-07,0.206607,4.99977,999.722,5.52889
0.0018168,1005.92,1.54841e-07,0.20627,4.99977,999.722,5.52889
0.001817,1005.92,1.55053e-07,0.205932,4.99977,999.722,5.52889
0.0018172,1005.92,1.55266e-07,0.205595,4.99977,999.722,5.52889
0.0018174,1005.91,1.5548e-07,0.205258,4.99977,999.722,5.52889
0.0018176,1005.91,1.55693e-07,0.204922,4.99977,999.722,5.52889
0.0018178,1005.9,1.55905e-07,0.204585,4.99977,999.723,5.52889
0.001818,1005.9,1.56116e-07,0.204249,4.99977,999.723,5.52889
0.0018182,1005.9,1.56326e-07,0.203913,4.99977,999.723,5.52889
0.0018184,1005.89,1.56536e-07,0.203577,4.99977,999.723,5.52889
0.0018186,1005.89,1.56747e-07,0.203241,4.99977,999.723,5.52889
0.0018188,1005.89,1.56958e-07,0.202905,4.99977,999.724,5.52889
0.001819,1005.88,1.57167e-07,0.20257,4.99977,999.724,5.52889
0.0018192,1005.88,1.57375e-07,0.202234,4.99977,999.724,5.52889
0.0018194,1005.88,1.57583e-07,0.201899,4.99977,999.724,5.52889
0.0018196,1005.87,1.57792e-07,0.201564,4.99977,999.724,5.52889
0.0018198,1005.87,1.57999e-07,0.20123,4.99977,999.725,5.52889
0.00182,1005.87,1.58205e-07,0.200895,4.99977,999.725,5.52889
0.0018202,1005.86,1.58411e-07,0.200561,4.99977,999.725,5.52889
0.0018204,1005.86,1.58618e-07,0.200227,4.99977,999.725,5.52889
0.0018206,1005.86,1.58825e-07,0.199893,4.99977,999.725,5.52889
0.0018208,1005.85,1.59029e-07,0.199559,4.99977,999.725,5.52889
0.001821,1005.85,1.59232e-07,0.199225,4.99977,999.726,5.52889
0.0018212,1005.85,1.59437e-07,0.198892,4.99977,999.726,5.52889
0.0018214,1005.84,1.59642e-07,0.198559,4.99977,999.726,5.52889
0.0018216,1005.84,1.59845e-07,0.198226,4.99977,999.726,5.52889
0.0018218,1005.84,1.60045e-07,0.197893,4.99977,999.726,5.52889
0.001822,1005.83,1.60248e-07,0.19756,4.99977,999.727,5.52889
0.0018222,1005.83,1.60452e-07,0.197228,4.99977,999.727,5.52889
0.0018224,1005.83,1.6065e-07,0.196895,4.99977,999.727,5.52889
0.0018226,1005.82,1.6085e-07,0.196563,4.99977,999.727,5.52889
0.0018228,1005.82,1.61052e-07,0.196231,4.99977,999.727,5.52889
0.001823,1005.81,1.61252e-07,0.195899,4.99977,999.728,5.52889
0.0018232,1005.81,1.61449e-07,0.195568,4.99977,999.728,5.52889
0.0018234,1005.81,1.61647e-07,0.195237,4.99977,999.728,5.52889
0.0018236,1005.8,1.61846e-07,0.194905,4.99977,999.728,5.52889
0.0018238,1005.8,1.62043e-07,0.194574,4.99977,999.728,5.52889
0.001824,1005.8,1.62239e-07,0.194244,4.99977,999.728,5.52889
0.0018242,1005.79,1.62437e-07,0.193913,4.99977,999.729,5.52889
0.0018244,1005.79,1.62631e-07,0.193582,4.99977,999.729,5.52889
0.0018246,1005.79,1.62825e-07,0.193252,4.99977,999.729,5.52889
0.0018248,1005.78,1.63022e-07,0.192922,4.99977,999.729,5.52889
0.001825,1005.78,1.63217e-07,0.192592,4.99977,999.729,5.52889
0.0018252,1005.78,1.63408e-07,0.192263,4.99977,999.73,5.52889
0.0018254,1005.77,1.63599e-07,0.191933,4.99977,999.73,5.52889
0.0018256,1005.77,1.63794e-07,0.191604,4.99977,999.73,5.52889
0.0018258,1005.77,1.63988e-07,0.191275,4.99977,999.73,5.52889
0.001826,1005.76,1.64176e-07,0.190946,4.99977,999.73,5.52889
0.0018262,1005.76,1.64363e-07,0.190617,4.99977,999.731,5.52889
0.0018264,1005.76,1.64557e-07,0.190288,4.99977,999.731,5.52889
0.0018266,1005.75,1.64748e-07,0.18996,4.99977,999.731,5.52889
0.0018268,1005.75,1.64934e-07,0.189632,4.99977,999.731,5.52889
0.001827,1005.75,1.6512e-07,0.189304,4.99977,999.731,5.52889
0.0018272,1005.74,1.65309e-07,0.188976,4.99977,999.731,5.52889
0.0018274,1005.74,1.65498e-07,0.188648,4.99977,999.732,5.52889
0.0018276,1005.74,1.65685e-07,0.188321,4.99977,999.732,5.52889
0.0018278,1005.73,1.65866e-07,0.187993,4.99977,999.732,5.52889
0.001828,1005.73,1.66052e-07,0.187666,4.99977,999.732,5.52889
0.0018282,1005.73,1.66238e-07,0.187339,4.99977,999.732,5.52889
0.0018284,1005.72,1.66422e-07,0.187013,4.99977,999.733,5.52889
0.0018286,1005.72,1.66604e-07,0.186686,4.99977,999.733,5.52889
0.0018288,1005.72,1.66787e-07,0.18636,4.99977,999.733,5.52889
0.001829,1005.71,1.66969e-07,0.186034,4.99977,999.733,5.52889
0.0018292,1005.71,1.6715e-07,0.185708,4.99977,999.733,5.52889
0.0018294,1005.7,1.6733e-07,0.185382,4.99977,999.733,5.52889
0.0018296,1005.7,1.67509e-07,0.185056,4.99977,999.734,5.52889
0.0018298,1005.7,1.67689e-07,0.184731,4.99977,999.734,5.52889
0.00183,1005.69,1.67868e-07,0.184406,4.99977,999.734,5.52889
0.0018302,1005.69,1.68046e-07,0.184081,4.99977,999.734,5.52889
0.0018304,1005.69,1.68223e-07,0.183756,4.99977,999.734,5.52889
0.0018306,1005.68,1.684e-07,0.183431,4.99977,999.735,5.52889
0.0018308,1005.68,1.68575e-07,0.183107,4.99977,999.735,5.52889
0.001831,1005.68,1.6875e-07,0.182782,4.99977,999.735,5.52889
0.0018312,1005.67,1.68926e-07,0.182458,4.99977,999.735,5.52889
0.0018314,1005.67,1.69099e-07,0.182134,4.99977,999.735,5.52889
0.0018316,1005.67,1.6927e-07,0.181811,4.99977,999.735,5.52889
0.0018318,1005.66,1.69443e-07,0.181487,4.99977,999.736,5.52889
0.001832,1005.66,1.69617e-07,0.181164,4.99977,999.736,5.52889
0.0018322,1005.66,1.69787e-07,0.180841,4.99977,999.736,5.52889
0.0018324,1005.65,1.69957e-07,0.180518,4.99977,999.736,5.52889
0.0018326,1005.65,1.70126e-07,0.180195,4.99977,999.736,5.52889
0.0018328,1005.65,1.70295e-07,0.179872,4.99977,999.737,5.52889
0.001833,1005.64,1.70464e-07,0.17955,4.99977,999.737,5.52889
0.0018332,1005.64,1.70631e-07,0.179228,4.99977,999.737,5.52889
0.0018334,1005.64,1.70799e-07,0.178901,4.99977,999.737,5.52889
0.0018336,1005.63,1.70965e-07,0.178579,4.99977,999.737,5.52889
0.0018338,1005.63,1.7113e-07,0.178257,4.99977,999.737,5.52889
0.001834,1005.63,1.71297e-07,0.177936,4.99977,999.738,5.52889
0.0018342,1005.62,1.7146e-07,0.177614,4.99977,999.738,5.52889
0.0018344,1005.62,1.7162e-07,0.177293,4.99977,999.738,5.52889
0.0018346,1005.62,1.71784e-07,0.176972,4.99977,999.738,5.52889
0.0018348,1005.61,1.71947e-07,0.176652,4.99977,999.738,5.52889
0.001835,1005.61,1.72106e-07,0.176331,4.99977,999.739,5.52889
0.0018352,1005.61,1.72264e-07,0.176011,4.99977,999.739,5.52889
0.0018354,1005.6,1.72425e-07,0.175691,4.99977,999.739,5.52889
0.00183561,1005.6,1.72591e-07,0.175355,4.99977,999.739,5.52889
0.00183581,1.22239,0.601308,0.156686,4.99977,999.728,5.52889
0.00183601,1.56115,0.767887,0.152094,4.99977,999.708,5.52889
0.00183621,1.90548,0.937226,0.150245,4.99977,999.683,5.52889
0.00183641,2.24967,1.1065,0.148566,4.99977,999.652,5.52889
0.00183661,2.59373,1.27571,0.146914,4.99977,999.617,5.52889
0.00183681,2.93766,1.44485,0.145281,4.99977,999.576,5.52889
0.001837,1253.22,1.05157,0.151321,4.99977,999.543,5.52889
0.00183721,974.498,-0.295767,0.207181,4.99977,999.545,5.52889
0.0018374,1232.17,-0.0687545,0.207222,4.99977,999.544,5.52889
0.00183761,1161.19,0.208151,0.209294,4.99977,999.545,5.52889
0.00183781,872.249,0.224309,0.218272,4.99977,999.547,5.52889
0.001838,806.79,-0.120253,0.225732,4.99977,999.548,5.52889
0.0018382,1033.75,-0.270935,0.224781,4.99977,999.546,5.52889
0.0018384,1216.42,-0.0616642,0.221224,4.99977,999.545,5.52889
0.00183861,1126.02,0.219798,0.223089,4.99977,999.546,5.52889
0.00183881,891.72,0.218754,0.230938,4.99977,999.548,5.52889
0.001839,822.14,-0.117207,0.238204,4.99977,999.549,5.52889
0.0018392,1038.04,-0.251831,0.237172,4.99977,999.548,5.52889
0.0018394,1203.48,-0.0525683,0.233944,4.99977,999.547,5.52889
0.00183961,1122.24,0.201219,0.235733,4.99977,999.548,5.52889
0.00183981,891.259,0.196417,0.243348,4.99977,999.55,5.52889
0.00184,834.963,-0.10873,0.249888,4.99977,999.551,5.52889
0.00184021,1029.57,-0.23514,0.24911,4.99977,999.55,5.52889
0.0018404,1193.73,-0.00722114,0.245378,4.99977,999.549,5.52889
0.0018406,1073.72,0.214232,0.248172,4.99977,999.55,5.52889
0.0018408,863.985,0.139541,0.255833,4.99977,999.552,5.52889
0.001841,856.494,-0.120349,0.260768,4.99977,999.552,5.52889
0.0018412,1058.21,-0.2102,0.259289,4.99977,999.551,5.52889
0.0018414,1180.2,-0.00646227,0.256677,4.99977,999.55,5.52889
0.00184161,1085.23,0.189148,0.25906,4.99977,999.551,5.52889
0.0018418,872.887,0.12611,0.266472,4.99977,999.553,5.52889
0.00184201,859.343,-0.0922985,0.271044,4.99977,999.554,5.52889
0.0018422,1073.18,-0.185489,0.269095,4.99977,999.552,5.52889
0.0018424,1166.9,0.0100357,0.267078,4.99977,999.552,5.52889
0.00184261,1058.58,0.185727,0.269791,4.99977,999.553,5.52889
0.0018428,869.041,0.0884874,0.276883,4.99977,999.555,5.52889
0.00184301,882.109,-0.10906,0.280525,4.99977,999.555,5.52889
0.0018432,1065.45,-0.172794,0.278904,4.99977,999.554,5.52889
0.0018434,1152.22,0.0360112,0.276721,4.99977,999.554,5.52889
0.0018436,1025.08,0.180139,0.280011,4.99977,999.555,5.52889
0.0018438,880.925,0.0846689,0.286025,4.99977,999.556,5.52889
0.00184401,895.707,-0.107553,0.28942,4.99977,999.556,5.52889
0.0018442,1084.85,-0.14377,0.287221,4.99977,999.555,5.52889
0.0018444,1141.06,0.0343733,0.285972,4.99977,999.555,5.52889
0.0018446,1020.61,0.166826,0.289096,4.99977,999.556,5.52889
0.00184481,889.675,0.0759155,0.294648,4.99977,999.558,5.52889
0.00184501,905.625,-0.101429,0.297747,4.99977,999.558,5.52889
0.0018452,1076.89,-0.134451,0.295816,4.99977,999.557,5.52889
0.00184541,1130.56,0.0337787,0.294592,4.99977,999.557,5.52889
0.0018456,1003.1,0.154717,0.297832,4.99977,999.558,5.52889
0.0018458,889.269,0.0400697,0.303092,4.99977,999.559,5.52889
0.001846,935.479,-0.12022,0.305216,4.99977,999.559,5.52889
0.00184621,1073.8,-0.122362,0.303682,4.99977,999.558,5.52889
0.0018464,1115.76,0.0535164,0.302494,4.99977,999.558,5.52889
0.0018466,1002.26,0.142799,0.305667,4.99977,999.56,5.52889
0.00184681,899.031,0.039709,0.310476,4.99977,999.561,5.52889
0.00184701,943.978,-0.113654,0.312435,4.99977,999.561,5.52889
0.00184721,1068.24,-0.11337,0.311096,4.99977,999.56,5.52889
0.00184741,1106.98,0.0510444,0.309985,4.99977,999.56,5.52889
0.00184761,1000.76,0.131714,0.312973,4.99977,999.561,5.52889
0.0018478,903.804,0.0147805,0.317632,4.99977,999.562,5.52889
0.00184801,949.091,-0.105085,0.319197,4.99977,999.562,5.52889
0.0018482,1082.79,-0.0840876,0.317273,4.99977,999.561,5.52889
0.00184841,1099.42,0.0470003,0.316956,4.99977,999.562,5.52889
0.0018486,984.507,0.118467,0.320085,4.99977,999.563,5.52889
0.0018488,911.836,0.0137757,0.324029,4.99977,999.564,5.52889
0.001849,974.002,-0.110426,0.325097,4.99977,999.563,5.52889
0.00184921,1076.8,-0.077938,0.323722,4.99977,999.563,5.52889
0.0018494,1081.29,0.0681707,0.323372,4.99977,999.563,5.52889
0.00184961,987.656,0.109733,0.32629,4.99977,999.564,5.52889
0.0018498,918.732,-0.00563672,0.330119,4.99977,999.565,5.52889
0.00185001,978.174,-0.102657,0.330924,4.99977,999.565,5.52889
0.00185021,1072.3,-0.0708545,0.32966,4.99977,999.564,5.52889
0.0018504,1075.58,0.0630537,0.329373,4.99977,999.565,5.52889
0.0018506,976.005,0.0961667,0.332381,4.99977,999.566,5.52889
0.0018508,925.606,-0.0051665,0.335608,4.99977,999.566,5.52889
0.00185101,980.406,-0.0947236,0.336355,4.99977,999.566,5.52889
0.0018512,1077.99,-0.0462549,0.334713,4.99977,999.566,5.52889
0.00185141,1070.49,0.0580058,0.334927,4.99977,999.566,5.52889
0.00185161,978.519,0.0887855,0.337704,4.99977,999.567,5.52889
0.0018518,933.499,-0.019708,0.340765,4.99977,999.568,5.52889
0.001852,999.865,-0.0924153,0.340989,4.99977,999.568,5.52889
0.0018522,1072.55,-0.0428044,0.339862,4.99977,999.567,5.52889
0.00185241,1065.79,0.0533435,0.340057,4.99977,999.568,5.52889
0.0018526,968.374,0.0738615,0.342941,4.99977,999.569,5.52889
0.0018528,939.233,-0.018142,0.345445,4.99977,999.569,5.52889
0.001853,1000.43,-0.085284,0.345653,4.99977,999.569,5.52889
0.00185321,1067.53,-0.0396185,0.344612,4.99977,999.569,5.52889
0.0018534,1046.7,0.0674126,0.344883,4.99977,999.569,5.52889
0.0018536,971.481,0.0682126,0.347447,4.99977,999.57,5.52889
0.00185381,944.525,-0.0166947,0.349757,4.99977,999.571,5.52889
0.001854,1011.51,-0.0790499,0.349686,4.99977,999.571,5.52889
0.0018542,1067.82,-0.0215756,0.348691,4.99977,999.57,5.52889
0.0018544,1043.85,0.0620853,0.349228,4.99977,999.571,5.52889
0.00185461,974.35,0.0629985,0.35159,4.99977,999.572,5.52889
0.0018548,952.899,-0.0292423,0.353747,4.99977,999.572,5.52889
0.001855,1011.19,-0.0729566,0.353651,4.99977,999.572,5.52889
0.00185521,1063.19,-0.0199965,0.352729,4.99977,999.572,5.52889
0.00185541,1041.23,0.0571663,0.353216,4.99977,999.572,5.52889
0.00185561,976.999,0.0581858,0.355391,4.99977,999.573,5.52889
0.00185581,957.12,-0.0269089,0.357377,4.99977,999.574,5.52889
0.001856,1020.43,-0.0656128,0.357028,4.99977,999.573,5.52889
0.0018562,1060.64,-0.00810016,0.356263,4.99977,999.573,5.52889
0.0018564,1027.35,0.0606267,0.357012,4.99977,999.574,5.52889
0.0018566,968.584,0.0419761,0.359189,4.99977,999.575,5.52889
0.00185681,961.016,-0.0247534,0.360695,4.99977,999.575,5.52889
0.001857,1019.42,-0.0605617,0.360367,4.99977,999.575,5.52889
0.00185721,1056.57,-0.00756787,0.359654,4.99977,999.575,5.52889
0.0018574,1025.99,0.0558773,0.360333,4.99977,999.575,5.52889
0.0018576,971.658,0.0387886,0.362335,4.99977,999.576,5.52889
0.0018578,970.738,-0.0358782,0.363678,4.99977,999.576,5.52889
0.00185801,1018.49,-0.0559002,0.363407,4.99977,999.576,5.52889
0.0018582,1053.15,0.00171345,0.362628,4.99977,999.576,5.52889
0.00185841,1024.74,0.0514873,0.363355,4.99977,999.577,5.52889
0.00185861,974.502,0.0358582,0.365193,4.99977,999.578,5.52889
0.0018588,973.515,-0.0329542,0.366425,4.99977,999.578,5.52889
0.001859,1024.35,-0.0488928,0.36597,4.99977,999.578,5.52889
0.00185921,1049.66,0.00136418,0.365437,4.99977,999.578,5.52889
0.0018594,1013.97,0.0508083,0.36625,4.99977,999.578,5.52889
0.0018596,971.72,0.0233067,0.367973,4.99977,999.579,5.52889
0.00185981,976.068,-0.0302389,0.368907,4.99977,999.579,5.52889
0.00186001,1023,-0.0451533,0.368477,4.99977,999.579,5.52889
0.0018602,1045.85,0.0085291,0.367899,4.99977,999.579,5.52889
0.0018604,1013.67,0.0468481,0.368707,4.99977,999.58,5.52889
0.0018606,974.553,0.0215944,0.370286,4.99977,999.58,5.52889
0.00186081,978.424,-0.0277288,0.371138,4.99977,999.581,5.52889
0.001861,1027.58,-0.0379112,0.370547,4.99977,999.581,5.52889
0.0018612,1042.73,0.00912535,0.370171,4.99977,999.581,5.52889
0.0018614,1011.88,0.0434673,0.370939,4.99977,999.581,5.52889
0.0018616,974.707,0.0125834,0.37247,4.99977,999.582,5.52889
0.0018618,987.021,-0.0335636,0.373046,4.99977,999.582,5.52889
0.001862,1025.91,-0.0351027,0.372577,4.99977,999.582,5.52889
0.00186221,1040.07,0.00817696,0.372213,4.99977,999.582,5.52889
0.0018624,1006.25,0.0403479,0.373011,4.99977,999.583,5.52889
0.0018626,977.053,0.0107123,0.374317,4.99977,999.583,5.52889
0.0018628,989.733,-0.0319918,0.374804,4.99977,999.583,5.52889
0.00186301,1024.65,-0.0322815,0.374369,4.99977,999.583,5.52889
0.0018632,1035.92,0.0144402,0.37398,4.99977,999.584,5.52889
0.00186341,1007.19,0.0372573,0.374728,4.99977,999.584,5.52889
0.00186361,979.477,0.0100629,0.375932,4.99977,999.585,5.52889
0.00186381,990.09,-0.0285456,0.376385,4.99977,999.585,5.52889
0.00186401,1023.81,-0.0294108,0.375936,4.99977,999.585,5.52889
0.00186421,1034.18,0.0119019,0.375584,4.99977,999.585,5.52889
0.00186441,1006.4,0.0343475,0.376268,4.99977,999.586,5.52889
0.0018646,980.914,0.00490317,0.377398,4.99977,999.586,5.52889
0.00186481,992.494,-0.0272975,0.37773,4.99977,999.586,5.52889
0.001865,1027.67,-0.0215593,0.377133,4.99977,999.586,5.52889
0.00186521,1031.96,0.0115858,0.376971,4.99977,999.587,5.52889
0.0018654,1001.91,0.0308904,0.37769,4.99977,999.587,5.52889
0.0018656,982.725,-0.000261558,0.37866,4.99977,999.587,5.52889
0.0018658,998.882,-0.0286685,0.378809,4.99977,999.588,5.52889
0.00186601,1026.1,-0.0199498,0.378336,4.99977,999.588,5.52889
0.0018662,1026.9,0.0179376,0.378155,4.99977,999.588,5.52889
0.0018664,999.168,0.0272593,0.378892,4.99977,999.588,5.52889
0.0018666,984.67,-0.00100609,0.379697,4.99977,999.589,5.52889
0.00186681,999.617,-0.0264756,0.379809,4.99977,999.589,5.52889
0.00186701,1024.66,-0.0184389,0.379355,4.99977,999.589,5.52889
0.0018672,1025.49,0.0164554,0.379169,4.99977,999.589,5.52889
0.0018674,999.238,0.0248586,0.379846,4.99977,999.59,5.52889
0.0018676,986.458,-0.00103143,0.380555,4.99977,999.59,5.52889
0.00186781,1000.19,-0.0244004,0.38064,4.99977,999.59,5.52889
0.001868,1026.12,-0.0120568,0.380083,4.99977,999.591,5.52889
0.00186821,1024.17,0.0150882,0.38001,4.99977,999.591,5.52889
0.0018684,999.911,0.0229454,0.380615,4.99977,999.591,5.52889
0.0018686,988.458,-0.00476369,0.381275,4.99977,999.592,5.52889
0.0018688,1005.25,-0.0239668,0.381215,4.99977,999.592,5.52889
0.001869,1024.68,-0.0111777,0.380776,4.99977,999.592,5.52889
0.00186921,1022.97,0.0138157,0.380687,4.99977,999.592,5.52889
0.0018694,997.47,0.0191276,0.38131,4.99977,999.593,5.52889
0.0018696,989.939,-0.00432484,0.381814,4.99977,999.593,5.52889
0.00186981,1005.34,-0.0220955,0.381741,4.99977,999.593,5.52889
0.00187001,1023.32,-0.0104306,0.381315,4.99977,999.593,5.52889
0.0018702,1018.11,0.0173931,0.381241,4.99977,999.594,5.52889
0.0018704,998.324,0.0176985,0.381762,4.99977,999.594,5.52889
0.00187061,991.298,-0.00387214,0.382208,4.99977,999.594,5.52889
0.0018708,1008.3,-0.0205847,0.382057,4.99977,999.595,5.52889
0.001871,1023.39,-0.00582977,0.381637,4.99977,999.595,5.52889
0.0018712,1017.51,0.015857,0.381613,4.99977,999.595,5.52889
0.00187141,999.215,0.0164608,0.38207,4.99977,999.595,5.52889
0.0018716,993.202,-0.00650493,0.382477,4.99977,999.596,5.52889
0.00187181,1007.76,-0.0189945,0.382316,4.99977,999.596,5.52889
0.001872,1022.49,-0.0037897,0.381871,4.99977,999.596,5.52889
0.00187221,1016.46,0.0148658,0.381855,4.99977,999.596,5.52889
0.00187241,999.805,0.0151021,0.382252,4.99977,999.597,5.52889
0.00187261,994.304,-0.0058456,0.382603,4.99977,999.597,5.52889
0.0018728,1010.14,-0.0172591,0.382375,4.99977,999.597,5.52889
0.00187301,1021.24,-0.00394413,0.382006,4.99977,999.598,5.52889
0.0018732,1013.21,0.0155326,0.382001,4.99977,999.598,5.52889
0.00187341,998.673,0.0122092,0.382362,4.99977,999.598,5.52889
0.00187361,995.92,-0.00707749,0.38261,4.99977,999.599,5.52889
0.0018738,1010.14,-0.0158455,0.382369,4.99977,999.599,5.52889
0.001874,1020.46,-0.00125108,0.381981,4.99977,999.599,5.52889
0.0018742,1012.72,0.014321,0.381985,4.99977,999.599,5.52889
0.00187441,999.28,0.0111029,0.382296,4.99977,999.6,5.52889
0.00187461,996.884,-0.00657563,0.382497,4.99977,999.6,5.52889
0.0018748,1012.08,-0.0138349,0.382198,4.99977,999.6,5.52889
0.00187501,1019.46,-0.00091351,0.38187,4.99977,999.6,5.52889
0.00187521,1012.52,0.0130667,0.381848,4.99977,999.601,5.52889
0.0018754,998.543,0.00820741,0.382166,4.99977,999.601,5.52889
0.00187561,998.788,-0.00821681,0.382274,4.99977,999.601,5.52889
0.0018758,1011.63,-0.0127741,0.381979,4.99977,999.601,5.52889
0.001876,1018.51,0.00104642,0.381633,4.99977,999.602,5.52889
0.0018762,1009.65,0.0129957,0.381654,4.99977,999.602,5.52889
0.00187641,999.405,0.00777832,0.381869,4.99977,999.602,5.52889
0.00187661,999.048,-0.00672297,0.38195,4.99977,999.603,5.52889
0.0018768,1012,-0.0113862,0.381636,4.99977,999.603,5.52889
0.001877,1017.56,0.00173559,0.381306,4.99977,999.603,5.52889
0.0018772,1008.85,0.0120676,0.38132,4.99977,999.603,5.52889
0.0018774,998.715,0.00402688,0.381544,4.99977,999.604,5.52889
0.00187761,1000.38,-0.00732522,0.381526,4.99977,999.604,5.52889
0.0018778,1012.41,-0.00998286,0.381194,4.99977,999.604,5.52889
0.00187801,1016.65,0.00238286,0.380881,4.99977,999.604,5.52889
0.00187821,1008.69,0.011099,0.380875,4.99977,999.605,5.52889
0.0018784,999.415,0.0036292,0.381056,4.99977,999.605,5.52889
0.0018786,1002.8,-0.00887483,0.380998,4.99977,999.605,5.52889
0.0018788,1013.25,-0.00809974,0.380647,4.99977,999.606,5.52889
0.001879,1015.66,0.00334223,0.380365,4.99977,999.606,5.52889
0.0018792,1007.14,0.0102378,0.380373,4.99977,999.606,5.52889
0.0018794,999.818,0.00218993,0.380497,4.99977,999.606,5.52889
0.0018796,1003.99,-0.0087571,0.380389,4.99977,999.607,5.52889
0.00187981,1012.44,-0.00779185,0.38006,4.99977,999.607,5.52889
0.00188,1014.5,0.00455377,0.379767,4.99977,999.607,5.52889
0.0018802,1006.35,0.00927531,0.37977,4.99977,999.607,5.52889
0.0018804,1000.33,0.00109659,0.379849,4.99977,999.608,5.52889
0.0018806,1004.94,-0.00842837,0.379701,4.99977,999.608,5.52889
0.00188081,1012.13,-0.00705683,0.379377,4.99977,999.608,5.52889
0.001881,1013.92,0.00418455,0.379084,4.99977,999.608,5.52889
0.00188121,1006.72,0.00856127,0.379053,4.99977,999.609,5.52889
0.00188141,1000.92,0.000941902,0.379107,4.99977,999.609,5.52889
0.00188161,1005.02,-0.00766046,0.378945,4.99977,999.609,5.52889
0.0018818,1013.04,-0.00482978,0.378582,4.99977,999.61,5.52889
0.00188201,1013.41,0.00381194,0.378324,4.99977,999.61,5.52889
0.0018822,1005.32,0.00737661,0.378313,4.99977,999.61,5.52889
0.0018824,1001.43,-0.000288793,0.378308,4.99977,999.61,5.52889
0.00188261,1005.29,-0.0070586,0.378114,4.99977,999.611,5.52889
0.00188281,1012.57,-0.00447244,0.377756,4.99977,999.611,5.52889
0.001883,1012.06,0.00502404,0.377502,4.99977,999.611,5.52889
0.00188321,1005.73,0.00686649,0.377445,4.99977,999.611,5.52889
0.0018834,1001.98,-0.000933969,0.377429,4.99977,999.612,5.52889
0.00188361,1006.08,-0.006742,0.377207,4.99977,999.612,5.52889
0.00188381,1012.32,-0.00378406,0.376853,4.99977,999.612,5.52889
0.00188401,1011.64,0.00465763,0.376599,4.99977,999.613,5.52889
0.0018842,1004.98,0.00577343,0.37655,4.99977,999.613,5.52889
0.0018844,1002.57,-0.00165345,0.376485,4.99977,999.613,5.52889
0.0018846,1007.49,-0.006433,0.376226,4.99977,999.613,5.52889
0.00188481,1012.33,-0.00247615,0.375878,4.99977,999.614,5.52889
0.001885,1010.71,0.00490531,0.375643,4.99977,999.614,5.52889
0.0018852,1004.7,0.00487271,0.375576,4.99977,999.614,5.52889
0.00188541,1003.01,-0.00152538,0.375468,4.99977,999.614,5.52889
0.00188561,1007.28,-0.0058519,0.375205,4.99977,999.615,5.52889
0.0018858,1012.16,-0.00128621,0.374847,4.99977,999.615,5.52889
0.001886,1010.06,0.00479157,0.37462,4.99977,999.615,5.52889
0.00188621,1004.92,0.00440471,0.374522,4.99977,999.615,5.52889
0.0018864,1003.69,-0.00235875,0.374403,4.99977,999.616,5.52889
0.00188661,1008.03,-0.00532547,0.374113,4.99977,999.616,5.52889
0.0018868,1011.83,-0.000541805,0.373764,4.99977,999.616,5.52889
0.001887,1009.16,0.00478496,0.373548,4.99977,999.616,5.52889
0.0018872,1004.56,0.00332146,0.373438,4.99977,999.617,5.52889
0.00188741,1003.98,-0.00199891,0.373269,4.99977,999.617,5.52889
0.0018876,1008.87,-0.00461822,0.372965,4.99977,999.617,5.52889
0.0018878,1011.45,0.000270334,0.372628,4.99977,999.618,5.52889
0.00188801,1008.94,0.00438913,0.372405,4.99977,999.618,5.52889
0.00188821,1004.85,0.00305099,0.37227,4.99977,999.618,5.52889
0.00188841,1004.63,-0.00255439,0.372094,4.99977,999.618,5.52889
0.00188861,1008.71,-0.00421039,0.37178,4.99977,999.619,5.52889
0.0018888,1011.04,0.000717254,0.371444,4.99977,999.619,5.52889
0.00188901,1008.41,0.00414046,0.37122,4.99977,999.619,5.52889
0.0018892,1004.56,0.00177295,0.371089,4.99977,999.619,5.52889
0.0018894,1005.45,-0.00309959,0.37087,4.99977,999.62,5.52889
0.00188961,1008.97,-0.00363432,0.37054,4.99977,999.62,5.52889
0.00188981,1010.7,0.000727212,0.370209,4.99977,999.62,5.52889
0.00189,1007.74,0.00385689,0.369994,4.99977,999.62,5.52889
0.00189021,1004.74,0.00133062,0.36983,4.99977,999.621,5.52889
0.00189041,1005.59,-0.00274487,0.36959,4.99977,999.621,5.52889
0.00189061,1009.28,-0.00294746,0.369255,4.99977,999.621,5.52889
0.0018908,1010.13,0.00157484,0.368937,4.99977,999.621,5.52889
0.00189101,1007.6,0.00348313,0.368704,4.99977,999.622,5.52889
0.00189121,1004.87,0.000614735,0.368536,4.99977,999.622,5.52889
0.0018914,1006.43,-0.0030286,0.368274,4.99977,999.622,5.52889
0.0018916,1009.63,-0.00202866,0.367929,4.99977,999.622,5.52889
0.00189181,1009.88,0.00138709,0.367612,4.99977,999.623,5.52889
0.00189201,1007.03,0.0030723,0.367392,4.99977,999.623,5.52889
0.0018922,1005.1,-0.000343353,0.367207,4.99977,999.623,5.52889
0.00189241,1006.86,-0.00288158,0.366913,4.99977,999.624,5.52889
0.00189261,1009.5,-0.00166639,0.366566,4.99977,999.624,5.52889
0.0018928,1009.23,0.00197526,0.366264,4.99977,999.624,5.52889
0.00189301,1006.6,0.0025678,0.366037,4.99977,999.624,5.52889
0.0018932,1005.39,-0.000646575,0.365821,4.99977,999.625,5.52889
0.00189341,1007.09,-0.00263707,0.365513,4.99977,999.625,5.52889
0.0018936,1009.51,-0.000954127,0.365167,4.99977,999.625,5.52889
0.00189381,1008.79,0.00204137,0.364869,4.99977,999.625,5.52889
0.00189401,1006.33,0.00204317,0.364639,4.99977,999.626,5.52889
0.0018942,1005.76,-0.00111976,0.364404,4.99977,999.626,5.52889
0.00189441,1007.51,-0.00240535,0.364078,4.99977,999.626,5.52889
0.0018946,1009.4,-0.000177313,0.363737,4.99977,999.626,5.52889
0.00189481,1008.47,0.00196115,0.363435,4.99977,999.627,5.52889
0.001895,1006.1,0.00140327,0.36321,4.99977,999.627,5.52889
0.0018952,1006.16,-0.00140085,0.362948,4.99977,999.627,5.52889
0.00189541,1007.98,-0.00205606,0.362611,4.99977,999.627,5.52889
0.00189561,1009.17,8.02042e-05,0.362269,4.99977,999.628,5.52889
0.00189581,1008.1,0.0018916,0.36197,4.99977,999.628,5.52889
0.00189601,1006.13,0.00104114,0.361731,4.99977,999.628,5.52889
0.00189621,1006.34,-0.00130517,0.361449,4.99977,999.628,5.52889
0.00189641,1008.19,-0.00167467,0.361112,4.99977,999.629,5.52889
0.0018966,1008.84,0.000726723,0.360783,4.99977,999.629,5.52889
0.00189681,1007.63,0.00178338,0.360483,4.99977,999.629,5.52889
0.00189701,1006.12,0.000427918,0.360233,4.99977,999.629,5.52889
0.0018972,1006.93,-0.00156003,0.359935,4.99977,999.63,5.52889
0.0018974,1008.49,-0.00106053,0.359588,4.99977,999.63,5.52889
0.00189761,1008.62,0.000712934,0.35925,4.99977,999.63,5.52889
0.00189781,1007.15,0.0015243,0.358971,4.99977,999.63,5.52889
0.00189801,1006.24,-3.50633e-05,0.358699,4.99977,999.631,5.52889
0.00189821,1007.14,-0.00143179,0.35838,4.99977,999.631,5.52889
0.0018984,1008.54,-0.000502329,0.358038,4.99977,999.631,5.52889
0.00189861,1008.2,0.0010483,0.35771,4.99977,999.631,5.52889
0.0018988,1006.81,0.00111258,0.35743,4.99977,999.632,5.52889
0.001899,1006.46,-0.00052265,0.357141,4.99977,999.632,5.52889
0.0018992,1007.57,-0.00128262,0.356807,4.99977,999.632,5.52889
0.00189941,1008.43,-0.000231499,0.356457,4.99977,999.632,5.52889
0.00189961,1007.89,0.00107788,0.356135,4.99977,999.633,5.52889
0.00189981,1006.73,0.00080654,0.355845,4.99977,999.633,5.52889
0.00190001,1006.64,-0.000596049,0.355539,4.99977,999.633,5.52889
0.00190021,1007.66,-0.00107627,0.355199,4.99977,999.633,5.52889
0.0019004,1008.27,0.000200778,0.354861,4.99977,999.634,5.52889
0.0019006,1007.41,0.0010531,0.354555,4.99977,999.634,5.52889
0.0019008,1006.62,0.000252607,0.354257,4.99977,999.634,5.52889
0.00190101,1006.92,-0.000782878,0.353925,4.99977,999.634,5.52889
0.00190121,1007.89,-0.000743507,0.35358,4.99977,999.635,5.52889
0.00190141,1008.08,0.000372443,0.353236,4.99977,999.635,5.52889
0.00190161,1007.29,0.000893955,0.352922,4.99977,999.635,5.52889
0.0019018,1006.7,-9.91699e-05,0.35263,4.99977,999.635,5.52889
0.001902,1007.3,-0.000842815,0.352296,4.99977,999.636,5.52889
0.00190221,1007.95,-0.000428228,0.351937,4.99977,999.636,5.52889
0.00190241,1007.87,0.000515465,0.351593,4.99977,999.636,5.52889
0.00190261,1007.09,0.000682362,0.351282,4.99977,999.636,5.52889
0.0019028,1006.83,-0.000316106,0.350977,4.99977,999.637,5.52889
0.001903,1007.46,-0.000719036,0.350632,4.99977,999.637,5.52889
0.0019032,1007.94,-1.79656e-05,0.350285,4.99977,999.637,5.52889
0.00190341,1007.65,0.000582921,0.349933,4.99977,999.637,5.52889
0.0019036,1006.91,0.00034116,0.349634,4.99977,999.638,5.52889
0.00190381,1006.98,-0.000431739,0.349301,4.99977,999.638,5.52889
0.001904,1007.65,-0.000501817,0.348961,4.99977,999.638,5.52889
0.0019042,1007.8,0.000226211,0.348612,4.99977,999.638,5.52889
0.00190442,1007.46,0.00056727,0.348253,4.99977,999.639,5.52889
0.0019046,1006.9,8.93752e-05,0.347954,4.99977,999.639,5.52889
0.00190481,1007.13,-0.000481566,0.347608,4.99977,999.639,5.52889
0.00190501,1007.67,-0.000338209,0.34726,4.99977,999.639,5.52889
0.00190521,1007.68,0.00027479,0.346906,4.99977,999.64,5.52889
0.0019054,1007.16,0.000450639,0.346586,4.99977,999.64,5.52889
0.0019056,1006.95,-0.000125542,0.346257,4.99977,999.64,5.52889
0.00190581,1007.28,-0.000466464,0.345902,4.99977,999.64,5.52889
0.001906,1007.67,-0.000120597,0.345553,4.99977,999.641,5.52889
0.00190622,1007.57,0.000308274,0.345187,4.99977,999.641,5.52889
0.0019064,1007.05,0.000273765,0.344879,4.99977,999.641,5.52889
0.00190661,1007.03,-0.000216047,0.344533,4.99977,999.641,5.52889
0.0019068,1007.44,-0.000366517,0.344189,4.99977,999.642,5.52889
0.001907,1007.61,5.11539e-05,0.343831,4.99977,999.642,5.52889
0.00190721,1007.37,0.00036699,0.343479,4.99977,999.642,5.52889
0.0019074,1007.02,0.000115327,0.343152,4.99977,999.642,5.52889
0.0019076,1007.15,-0.000306945,0.342808,4.99977,999.643,5.52889
0.00190781,1007.44,-0.000284691,0.342439,4.99977,999.643,5.52889
0.001908,1007.52,0.000168235,0.342096,4.99977,999.643,5.52889
0.00190821,1007.28,0.00032187,0.341733,4.99977,999.643,5.52889
0.0019084,1007.03,-3.46064e-05,0.341415,4.99977,999.644,5.52889
0.00190862,1007.14,-0.000251128,0.341032,4.99977,999.644,5.52889
0.0019088,1007.48,-0.000134245,0.340698,4.99977,999.644,5.52889
0.00190901,1007.43,0.000199415,0.340338,4.99977,999.644,5.52889
0.0019092,1007.14,0.00022686,0.339999,4.99977,999.645,5.52889
0.00190941,1007.06,-9.48665e-05,0.33965,4.99977,999.645,5.52889
0.00190961,1007.28,-0.000256985,0.339295,4.99977,999.645,5.52889
0.0019098,1007.45,-1.36507e-05,0.338939,4.99977,999.645,5.52889
0.00191002,1007.36,0.000197595,0.338563,4.99977,999.646,5.52889
0.0019102,1007.08,0.000109969,0.338244,4.99977,999.646,5.52889
0.0019104,1007.12,-0.000164866,0.337888,4.99977,999.646,5.52889
0.00191061,1007.31,-0.000201753,0.33752,4.99977,999.646,5.52889
0.0019108,1007.4,7.67247e-05,0.337171,4.99977,999.647,5.52889
0.001911,1007.21,0.000206487,0.33682,4.99977,999.647,5.52889
0.00191121,1007.07,4.10782e-05,0.336461,4.99977,999.647,5.52889
0.00191141,1007.14,-0.000161508,0.336094,4.99977,999.647,5.52889
0.00191161,1007.34,-0.000123586,0.335742,4.99977,999.648,5.52889
0.0019118,1007.32,0.000128268,0.335393,4.99977,999.648,5.52889
0.00191201,1007.17,0.000170337,0.335021,4.99977,999.648,5.52889
0.0019122,1007.08,-3.33241e-05,0.334676,4.99977,999.648,5.52889
0.00191242,1007.16,-0.00015718,0.334297,4.99977,999.649,5.52889
0.0019126,1007.33,-2.9711e-05,0.333961,4.99977,999.649,5.52889
0.00191281,1007.28,0.000117662,0.333579,4.99977,999.649,5.52889
0.00191301,1007.11,0.000108305,0.333237,4.99977,999.649,5.52889
0.00191321,1007.09,-6.68741e-05,0.332873,4.99977,999.649,5.52889
0.00191341,1007.22,-0.000137658,0.332514,4.99977,999.65,5.52889
0.0019136,1007.29,2.76516e-05,0.332162,4.99977,999.65,5.52889
0.00191381,1007.21,0.000127293,0.331783,4.99977,999.65,5.52889
0.00191401,1007.08,5.6718e-05,0.331432,4.99977,999.65,5.52889
0.00191421,1007.11,-9.29917e-05,0.331068,4.99977,999.651,5.52889
0.0019144,1007.24,-8.84288e-05,0.330716,4.99977,999.651,5.52889
0.00191461,1007.25,4.86192e-05,0.330343,4.99977,999.651,5.52889
0.0019148,1007.14,0.000110906,0.329989,4.99977,999.651,5.52889
0.001915,1007.07,-5.27568e-06,0.329631,4.99977,999.652,5.52889
0.00191521,1007.13,-0.000101714,0.329259,4.99977,999.652,5.52889
0.00191541,1007.22,-5.73916e-05,0.328891,4.99977,999.652,5.52889
0.00191561,1007.2,7.63264e-05,0.328534,4.99977,999.652,5.52889
0.00191581,1007.11,8.67557e-05,0.328163,4.99977,999.653,5.52889
0.001916,1007.07,-4.37491e-05,0.327817,4.99977,999.653,5.52889
0.00191621,1007.13,-9.11655e-05,0.327429,4.99977,999.653,5.52889
0.00191641,1007.21,-1.07351e-05,0.327076,4.99977,999.653,5.52889
0.0019166,1007.15,8.20188e-05,0.326715,4.99977,999.654,5.52889
0.0019168,1007.07,4.67089e-05,0.326351,4.99977,999.654,5.52889
0.001917,1007.08,-6.11176e-05,0.325993,4.99977,999.654,5.52889
0.00191721,1007.15,-7.01067e-05,0.325617,4.99977,999.654,5.52889
0.0019174,1007.17,2.23864e-05,0.325253,4.99977,999.654,5.52889
0.00191761,1007.12,7.34189e-05,0.324875,4.99977,999.655,5.52889
0.0019178,1007.05,7.88921e-06,0.324529,4.99977,999.655,5.52889
0.00191802,1007.07,-5.02957e-05,0.324132,4.99977,999.655,5.52889
0.0019182,1007.15,-3.72473e-05,0.323795,4.99977,999.655,5.52889
0.00191841,1007.14,3.55648e-05,0.323413,4.99977,999.656,5.52889
0.0019186,1007.07,5.62975e-05,0.323059,4.99977,999.656,5.52889
0.00191881,1007.04,-9.08965e-06,0.322685,4.99977,999.656,5.52889
0.001919,1007.08,-5.94881e-05,0.322321,4.99977,999.656,5.52889
0.0019192,1007.13,-1.48024e-05,0.321955,4.99977,999.657,5.52889
0.00191941,1007.11,4.05858e-05,0.321567,4.99977,999.657,5.52889
0.00191961,1007.05,4.22583e-05,0.32121,4.99977,999.657,5.52889
0.0019198,1007.04,-3.18469e-05,0.320856,4.99977,999.657,5.52889
0.00192001,1007.08,-4.93409e-05,0.320477,4.99977,999.658,5.52889
0.0019202,1007.1,2.5545e-06,0.320109,4.99977,999.658,5.52889
0.00192041,1007.07,4.58142e-05,0.319732,4.99977,999.658,5.52889
0.00192061,1007.02,2.03426e-05,0.319371,4.99977,999.658,5.52889
0.00192081,1007.03,-3.34437e-05,0.318999,4.99977,999.658,5.52889
0.001921,1007.07,-3.15524e-05,0.318641,4.99977,999.659,5.52889
0.0019212,1007.08,1.80392e-05,0.318263,4.99977,999.659,5.52889
0.0019214,1007.03,3.97697e-05,0.317901,4.99977,999.659,5.52889
0.0019216,1007.01,-1.98825e-06,0.317533,4.99977,999.659,5.52889
0.00192181,1007.03,-3.66389e-05,0.317155,4.99977,999.66,5.52889
0.001922,1007.06,-1.59935e-05,0.316791,4.99977,999.66,5.52889
0.0019222,1007.05,2.7293e-05,0.316417,4.99977,999.66,5.52889
0.00192241,1007.01,3.12898e-05,0.316039,4.99977,999.66,5.52889
0.00192261,1007,-9.94905e-06,0.315673,4.99977,999.661,5.52889
0.00192281,1007.01,-3.25549e-05,0.31529,4.99977,999.661,5.52889
0.00192301,1007.04,-5.28312e-06,0.314931,4.99977,999.661,5.52889
0.00192321,1007.02,2.62684e-05,0.314549,4.99977,999.661,5.52889
0.0019234,1006.99,1.5421e-05,0.314198,4.99977,999.662,5.52889
0.0019236,1006.99,-1.93189e-05,0.313822,4.99977,999.662,5.52889
0.00192381,1007.01,-2.66203e-05,0.313438,4.99977,999.662,5.52889
0.001924,1007.02,1.00088e-05,0.313088,4.99977,999.662,5.52889
0.00192421,1007,2.56323e-05,0.312689,4.99977,999.662,5.52889
0.0019244,1006.97,4.33397e-06,0.312342,4.99977,999.663,5.52889
0.00192461,1006.97,-2.08823e-05,0.311959,4.99977,999.663,5.52889
0.00192481,1006.99,-1.67433e-05,0.311589,4.99977,999.663,5.52889
0.001925,1006.99,1.54612e-05,0.311228,4.99977,999.663,5.52889
0.00192521,1006.97,2.16563e-05,0.310844,4.99977,999.664,5.52889
0.0019254,1006.95,-4.35866e-06,0.310483,4.99977,999.664,5.52889
0.00192561,1006.96,-2.00759e-05,0.310092,4.99977,999.664,5.52889
0.0019258,1006.98,-4.83456e-06,0.309741,4.99977,999.664,5.52889
0.00192601,1006.97,1.50929e-05,0.309351,4.99977,999.665,5.52889
0.0019262,1006.94,1.36983e-05,0.308993,4.99977,999.665,5.52889
0.00192641,1006.94,-8.63725e-06,0.308616,4.99977,999.665,5.52889
0.0019266,1006.95,-1.71781e-05,0.308248,4.99977,999.665,5.52889
0.00192681,1006.96,1.03814e-06,0.307874,4.99977,999.665,5.52889
0.00192701,1006.94,1.63741e-05,0.307495,4.99977,999.666,5.52889
0.0019272,1006.92,6.3529e-06,0.307133,4.99977,999.666,5.52889
0.0019274,1006.93,-1.30146e-05,0.306762,4.99977,999.666,5.52889
0.00192761,1006.94,-1.28633e-05,0.306379,4.99977,999.666,5.52889
0.0019278,1006.94,7.89804e-06,0.306021,4.99977,999.667,5.52889
0.00192801,1006.92,1.45311e-05,0.305635,4.99977,999.667,5.52889
0.0019282,1006.91,-8.48199e-07,0.305277,4.99977,999.667,5.52889
0.0019284,1006.91,-1.30731e-05,0.304899,4.99977,999.667,5.52889
0.00192861,1006.92,-7.07075e-06,0.30452,4.99977,999.667,5.52889
0.0019288,1006.91,9.95704e-06,0.304155,4.99977,999.668,5.52889
0.00192901,1006.9,1.0994e-05,0.303773,4.99977,999.668,5.52889
0.00192921,1006.89,-3.70933e-06,0.303404,4.99977,999.668,5.52889
0.00192941,1006.9,-1.14922e-05,0.303023,4.99977,999.668,5.52889
0.0019296,1006.9,-8.97758e-07,0.302664,4.99977,999.669,5.52889
0.00192982,1006.89,8.33429e-06,0.302262,4.99977,999.669,5.52889
0.00193,1006.88,5.58865e-06,0.301921,4.99977,999.669,5.52889
0.0019302,1006.87,-6.68449e-06,0.301543,4.99977,999.669,5.52889
0.00193041,1006.88,-9.38281e-06,0.301157,4.99977,999.67,5.52889
0.0019306,1006.88,3.54667e-06,0.300806,4.99977,999.67,5.52889
0.00193081,1006.87,9.11505e-06,0.300405,4.99977,999.67,5.52889
0.001931,1006.86,1.62901e-06,0.300057,4.99977,999.67,5.52889
0.00193121,1006.86,-6.98906e-06,0.299667,4.99977,999.67,5.52889
0.0019314,1006.86,-5.54034e-06,0.299306,4.99977,999.671,5.52889
0.00193161,1006.86,4.33501e-06,0.298927,4.99977,999.671,5.52889
0.0019318,1006.85,7.39118e-06,0.298565,4.99977,999.671,5.52889
0.001932,1006.84,-1.51819e-06,0.298193,4.99977,999.671,5.52889
0.00193221,1006.84,-7.05166e-06,0.297801,4.99977,999.672,5.52889
0.0019324,1006.85,-1.64938e-06,0.297449,4.99977,999.672,5.52889
0.00193261,1006.84,5.46106e-06,0.297059,4.99977,999.672,5.52889
0.0019328,1006.83,4.86399e-06,0.296701,4.99977,999.672,5.52889
0.00193301,1006.82,-3.09189e-06,0.296323,4.99977,999.672,5.52889
0.0019332,1006.83,-5.97271e-06,0.295955,4.99977,999.673,5.52889
0.0019334,1006.83,5.09509e-07,0.295581,4.99977,999.673,5.52889
0.00193361,1006.82,5.96432e-06,0.295206,4.99977,999.673,5.52889
0.00193381,1006.81,3.06694e-06,0.294828,4.99977,999.673,5.52889
0.00193401,1006.81,-3.70052e-06,0.29445,4.99977,999.674,5.52889
0.00193421,1006.81,-4.31768e-06,0.294088,4.99977,999.674,5.52889
0.00193441,1006.81,2.0556e-06,0.293714,4.99977,999.674,5.52889
0.0019346,1006.8,5.16461e-06,0.293346,4.99977,999.674,5.52889
0.0019348,1006.79,-2.04683e-08,0.292979,4.99977,999.674,5.52889
0.00193501,1006.79,-4.19062e-06,0.292588,4.99977,999.675,5.52889
0.0019352,1006.79,-1.88115e-06,0.292236,4.99977,999.675,5.52889
0.0019354,1006.79,3.58723e-06,0.291862,4.99977,999.675,5.52889
0.00193561,1006.78,3.95991e-06,0.291481,4.99977,999.675,5.52889
0.0019358,1006.77,-1.30851e-06,0.291113,4.99977,999.676,5.52889
0.00193601,1006.77,-4.01993e-06,0.290733,4.99977,999.676,5.52889
0.0019362,1006.77,-2.43167e-07,0.290373,4.99977,999.676,5.52889
0.00193642,1006.77,3.09213e-06,0.289974,4.99977,999.676,5.52889
0.00193661,1006.76,2.70067e-06,0.289616,4.99977,999.676,5.52889
0.0019368,1006.76,-2.40164e-06,0.289257,4.99977,999.677,5.52889
0.00193701,1006.76,-3.23155e-06,0.288873,4.99977,999.677,5.52889
0.0019372,1006.75,8.46363e-07,0.288509,4.99977,999.677,5.52889
0.00193741,1006.75,3.35762e-06,0.288125,4.99977,999.677,5.52889
0.0019376,1006.74,1.01671e-06,0.287765,4.99977,999.678,5.52889
0.0019378,1006.74,-2.71279e-06,0.287399,4.99977,999.678,5.52889
0.001938,1006.74,-1.75472e-06,0.28703,4.99977,999.678,5.52889
0.0019382,1006.74,1.74654e-06,0.286651,4.99977,999.678,5.52889
0.00193841,1006.73,2.89221e-06,0.28627,4.99977,999.678,5.52889
0.0019386,1006.72,-4.4153e-07,0.285916,4.99977,999.679,5.52889
0.00193882,1006.72,-2.31514e-06,0.285516,4.99977,999.679,5.52889
0.00193901,1006.72,-9.60916e-07,0.285163,4.99977,999.679,5.52889
0.00193921,1006.72,2.07305e-06,0.284791,4.99977,999.679,5.52889
0.00193941,1006.71,2.21176e-06,0.284411,4.99977,999.68,5.52889
0.0019396,1006.71,-1.11452e-06,0.284059,4.99977,999.68,5.52889
0.00193981,1006.7,-2.17321e-06,0.283667,4.99977,999.68,5.52889
0.00194,1006.7,2.58306e-07,0.283317,4.99977,999.68,5.52889
0.0019402,1006.7,2.22344e-06,0.282947,4.99977,999.68,5.52889
0.0019404,1006.69,1.10365e-06,0.282571,4.99977,999.681,5.52889
0.00194061,1006.69,-1.32935e-06,0.282196,4.99977,999.681,5.52889
0.0019408,1006.69,-1.42426e-06,0.281835,4.99977,999.681,5.52889
0.001941,1006.68,8.28683e-07,0.281461,4.99977,999.681,5.52889
0.00194122,1006.68,1.91821e-06,0.281068,4.99977,999.682,5.52889
0.0019414,1006.67,2.83044e-07,0.280721,4.99977,999.682,5.52889
0.00194161,1006.67,-1.49095e-06,0.280347,4.99977,999.682,5.52889
0.00194181,1006.67,-8.95e-07,0.279976,4.99977,999.682,5.52889
0.00194201,1006.66,1.04009e-06,0.279599,4.99977,999.682,5.52889
0.0019422,1006.66,1.45335e-06,0.279245,4.99977,999.683,5.52889
0.0019424,1006.66,-2.43195e-07,0.278868,4.99977,999.683,5.52889
0.0019426,1006.65,-1.36503e-06,0.278504,4.99977,999.683,5.52889
0.0019428,1006.65,-2.37253e-07,0.278129,4.99977,999.683,5.52889
0.00194301,1006.65,1.22917e-06,0.277749,4.99977,999.684,5.52889
0.0019432,1006.64,9.87996e-07,0.277393,4.99977,999.684,5.52889
0.00194341,1006.64,-6.07032e-07,0.27702,4.99977,999.684,5.52889
0.0019436,1006.63,-1.05599e-06,0.276655,4.99977,999.684,5.52889
0.0019438,1006.63,3.76555e-07,0.27629,4.99977,999.684,5.52889
0.00194401,1006.63,1.2876e-06,0.275913,4.99977,999.685,5.52889
0.00194421,1006.62,6.25667e-07,0.275538,4.99977,999.685,5.52889
0.00194441,1006.62,-7.11854e-07,0.275166,4.99977,999.685,5.52889
0.00194461,1006.62,-7.22763e-07,0.274806,4.99977,999.685,5.52889
0.0019448,1006.61,7.16305e-07,0.274448,4.99977,999.685,5.52889
0.001945,1006.61,1.09948e-06,0.274072,4.99977,999.686,5.52889
0.0019452,1006.6,1.17296e-08,0.27371,4.99977,999.686,5.52889
0.00194541,1006.6,-7.769e-07,0.273325,4.99977,999.686,5.52889
0.0019456,1006.6,-2.7538e-07,0.27297,4.99977,999.686,5.52889
0.0019458,1006.59,8.30244e-07,0.272604,4.99977,999.687,5.52889
0.00194601,1006.59,8.54148e-07,0.272227,4.99977,999.687,5.52889
0.0019462,1006.59,-2.30154e-07,0.271867,4.99977,999.687,5.52889
0.00194641,1006.58,-7.01543e-07,0.271489,4.99977,999.687,5.52889
0.00194661,1006.58,1.18131e-08,0.271126,4.99977,999.687,5.52889
0.00194682,1006.58,7.10373e-07,0.270736,4.99977,999.688,5.52889
0.00194701,1006.57,6.14676e-07,0.270384,4.99977,999.688,5.52889
0.0019472,1006.57,-4.08695e-07,0.270032,4.99977,999.688,5.52889
0.00194741,1006.57,-5.46381e-07,0.269647,4.99977,999.688,5.52889
0.0019476,1006.56,3.2783e-07,0.269297,4.99977,999.688,5.52889
0.00194782,1006.56,7.49406e-07,0.268907,4.99977,999.689,5.52889
0.00194801,1006.55,2.8429e-07,0.268557,4.99977,999.689,5.52889
0.0019482,1006.55,-4.33884e-07,0.268193,4.99977,999.689,5.52889
0.00194841,1006.55,-2.89178e-07,0.267824,4.99977,999.689,5.52889
0.00194861,1006.54,3.76518e-07,0.267448,4.99977,999.69,5.52889
0.0019488,1006.54,6.38861e-07,0.267094,4.99977,999.69,5.52889
0.001949,1006.54,2.00042e-08,0.266731,4.99977,999.69,5.52889
0.00194921,1006.53,-3.88137e-07,0.266349,4.99977,999.69,5.52889
0.0019494,1006.53,-4.44011e-08,0.265997,4.99977,999.69,5.52889
0.00194961,1006.53,5.02874e-07,0.265623,4.99977,999.691,5.52889
0.0019498,1006.52,4.35218e-07,0.265273,4.99977,999.691,5.52889
0.00195001,1006.52,-9.54064e-08,0.264898,4.99977,999.691,5.52889
0.0019502,1006.51,-3.0816e-07,0.264539,4.99977,999.691,5.52889
0.0019504,1006.51,1.57202e-07,0.264173,4.99977,999.691,5.52889
0.00195061,1006.51,5.21462e-07,0.263799,4.99977,999.692,5.52889
0.00195081,1006.5,3.26475e-07,0.263435,4.99977,999.692,5.52889
0.001951,1006.5,-2.01739e-07,0.263079,4.99977,999.692,5.52889
0.00195121,1006.5,-1.93733e-07,0.262709,4.99977,999.692,5.52889
0.0019514,1006.49,3.02315e-07,0.262354,4.99977,999.693,5.52889
0.00195161,1006.49,4.76601e-07,0.261979,4.99977,999.693,5.52889
0.0019518,1006.48,1.39825e-07,0.26162,4.99977,999.693,5.52889
0.001952,1006.48,-2.08478e-07,0.26126,4.99977,999.693,5.52889
0.00195221,1006.48,-5.32677e-08,0.260889,4.99977,999.693,5.52889
0.0019524,1006.47,3.51147e-07,0.260529,4.99977,999.694,5.52889
0.00195261,1006.47,3.97241e-07,0.260157,4.99977,999.694,5.52889
0.00195281,1006.47,4.12988e-08,0.259798,4.99977,999.694,5.52889
0.00195301,1006.46,-1.65275e-07,0.259436,4.99977,999.694,5.52889
0.00195321,1006.46,7.43135e-08,0.259073,4.99977,999.694,5.52889
0.00195341,1006.46,3.61676e-07,0.258707,4.99977,999.695,5.52889
0.00195361,1006.45,2.9555e-07,0.258342,4.99977,999.695,5.52889
0.0019538,1006.45,-4.57348e-08,0.257988,4.99977,999.695,5.52889
0.00195401,1006.45,-1.02253e-07,0.257618,4.99977,999.695,5.52889
0.00195421,1006.44,1.63946e-07,0.257256,4.99977,999.695,5.52889
0.00195441,1006.44,3.46677e-07,0.25689,4.99977,999.696,5.52889
0.0019546,1006.43,1.61457e-07,0.256543,4.99977,999.696,5.52889
0.0019548,1006.43,-6.49558e-08,0.256174,4.99977,999.696,5.52889
0.001955,1006.43,7.25988e-09,0.25582,4.99977,999.696,5.52889
0.00195521,1006.42,2.0322e-07,0.255435,4.99977,999.696,5.52889
0.00195541,1006.42,3.1047e-07,0.255077,4.99977,999.697,5.52889
0.0019556,1006.42,8.03459e-08,0.254735,4.99977,999.697,5.52889
0.00195581,1006.41,-4.8666e-08,0.254354,4.99977,999.697,5.52889
0.001956,1006.41,7.79482e-08,0.254007,4.99977,999.697,5.52889
0.00195621,1006.41,2.47618e-07,0.253631,4.99977,999.698,5.52889
0.00195641,1006.4,2.59047e-07,0.253269,4.99977,999.698,5.52889
0.0019566,1006.4,3.05831e-08,0.25293,4.99977,999.698,5.52889
0.0019568,1006.39,-1.36929e-08,0.252564,4.99977,999.698,5.52889
0.001957,1006.39,1.59721e-07,0.252211,4.99977,999.698,5.52889
0.00195722,1006.39,2.50397e-07,0.25182,4.99977,999.699,5.52889
0.0019574,1006.38,1.61596e-07,0.251487,4.99977,999.699,5.52889
0.00195761,1006.38,2.37004e-08,0.251116,4.99977,999.699,5.52889
0.00195781,1006.38,4.11735e-08,0.25076,4.99977,999.699,5.52889
0.00195801,1006.37,1.81121e-07,0.250394,4.99977,999.699,5.52889
0.00195821,1006.37,2.35234e-07,0.250028,4.99977,999.7,5.52889
0.00195841,1006.37,1.09521e-07,0.249681,4.99977,999.7,5.52889
0.0019586,1006.36,2.72206e-08,0.249333,4.99977,999.7,5.52889
0.00195881,1006.36,1.1218e-07,0.248965,4.99977,999.7,5.52889
0.00195901,1006.35,2.05017e-07,0.248593,4.99977,999.7,5.52889
0.0019592,1006.35,1.65538e-07,0.248251,4.99977,999.701,5.52889
0.0019594,1006.35,6.05237e-08,0.247895,4.99977,999.701,5.52889
0.00195961,1006.34,7.30914e-08,0.24753,4.99977,999.701,5.52889
0.0019598,1006.34,1.72585e-07,0.247177,4.99977,999.701,5.52889
0.00196001,1006.34,1.86286e-07,0.246813,4.99977,999.701,5.52889
0.00196021,1006.33,1.14883e-07,0.246444,4.99977,999.702,5.52889
0.0019604,1006.33,7.54542e-08,0.246102,4.99977,999.702,5.52889
0.00196061,1006.33,1.35478e-07,0.245736,4.99977,999.702,5.52889
0.00196081,1006.32,1.75519e-07,0.245383,4.99977,999.702,5.52889
0.00196102,1006.32,1.39578e-07,0.245003,4.99977,999.702,5.52889
0.00196121,1006.32,9.1645e-08,0.244655,4.99977,999.703,5.52889
0.00196141,1006.31,1.21833e-07,0.244298,4.99977,999.703,5.52889
0.00196161,1006.31,1.59875e-07,0.243944,4.99977,999.703,5.52889
0.00196181,1006.3,1.37665e-07,0.243587,4.99977,999.703,5.52889
0.00196201,1006.3,1.06347e-07,0.243231,4.99977,999.703,5.52889
0.00196221,1006.3,1.22532e-07,0.242875,4.99977,999.704,5.52889
0.00196241,1006.29,1.49371e-07,0.242519,4.99977,999.704,5.52889
0.00196261,1006.29,1.38548e-07,0.242163,4.99977,999.704,5.52889
0.00196281,1006.29,1.16502e-07,0.241807,4.99977,999.704,5.52889
0.00196301,1006.28,1.24125e-07,0.241452,4.99977,999.705,5.52889
0.00196321,1006.28,1.42878e-07,0.241096,4.99977,999.705,5.52889
0.00196341,1006.28,1.38415e-07,0.240741,4.99977,999.705,5.52889
0.00196361,1006.27,1.23348e-07,0.240386,4.99977,999.705,5.52889
0.00196381,1006.27,1.26314e-07,0.240031,4.99977,999.705,5.52889
0.00196401,1006.27,1.39102e-07,0.239677,4.99977,999.706,5.52889
0.00196421,1006.26,1.37994e-07,0.239322,4.99977,999.706,5.52889
0.00196441,1006.26,1.2798e-07,0.238968,4.99977,999.706,5.52889
0.00196461,1006.25,1.28586e-07,0.238614,4.99977,999.706,5.52889
0.00196481,1006.25,1.37126e-07,0.23826,4.99977,999.706,5.52889
0.00196501,1006.25,1.3763e-07,0.237906,4.99977,999.707,5.52889
0.00196521,1006.24,1.31167e-07,0.237552,4.99977,999.707,5.52889
0.00196541,1006.24,1.30713e-07,0.237199,4.99977,999.707,5.52889
0.00196561,1006.24,1.3631e-07,0.236846,4.99977,999.707,5.52889
0.00196581,1006.23,1.37468e-07,0.236492,4.99977,999.707,5.52889
0.00196601,1006.23,1.33428e-07,0.236139,4.99977,999.708,5.52889
0.00196621,1006.23,1.32617e-07,0.235787,4.99977,999.708,5.52889
0.00196641,1006.22,1.36229e-07,0.235434,4.99977,999.708,5.52889
0.00196661,1006.22,1.37539e-07,0.235082,4.99977,999.708,5.52889
0.00196681,1006.22,1.35115e-07,0.234729,4.99977,999.708,5.52889
0.00196701,1006.21,1.34291e-07,0.234377,4.99977,999.709,5.52889
0.00196721,1006.21,1.36597e-07,0.234025,4.99977,999.709,5.52889
0.00196741,1006.2,1.37827e-07,0.233673,4.99977,999.709,5.52889
0.00196761,1006.2,1.36452e-07,0.233322,4.99977,999.709,5.52889
0.00196781,1006.2,1.35767e-07,0.23297,4.99977,999.709,5.52889
0.00196801,1006.19,1.37235e-07,0.232619,4.99977,999.71,5.52889
0.00196821,1006.19,1.38294e-07,0.232268,4.99977,999.71,5.52889
0.00196841,1006.19,1.37585e-07,0.231917,4.99977,999.71,5.52889
0.00196861,1006.18,1.37081e-07,0.231567,4.99977,999.71,5.52889
0.00196881,1006.18,1.38024e-07,0.231216,4.99977,999.71,5.52889
0.00196901,1006.18,1.389e-07,0.230866,4.99977,999.711,5.52889
0.00196921,1006.17,1.38602e-07,0.230515,4.99977,999.711,5.52889
0.00196941,1006.17,1.38276e-07,0.230165,4.99977,999.711,5.52889
0.00196961,1006.17,1.38899e-07,0.229815,4.99977,999.711,5.52889
0.00196981,1006.16,1.39608e-07,0.229466,4.99977,999.711,5.52889
0.00197001,1006.16,1.39557e-07,0.229116,4.99977,999.712,5.52889
0.00197021,1006.16,1.39383e-07,0.228767,4.99977,999.712,5.52889
0.00197041,1006.15,1.39813e-07,0.228418,4.99977,999.712,5.52889
0.00197061,1006.15,1.40387e-07,0.228069,4.99977,999.712,5.52889
0.00197081,1006.14,1.40483e-07,0.22772,4.99977,999.712,5.52889
0.00197101,1006.14,1.40426e-07,0.227371,4.99977,999.713,5.52889
0.00197121,1006.14,1.40746e-07,0.227023,4.99977,999.713,5.52889
0.00197141,1006.13,1.41216e-07,0.226675,4.99977,999.713,5.52889
0.00197161,1006.13,1.41391e-07,0.226327,4.99977,999.713,5.52889
0.00197181,1006.13,1.41425e-07,0.225979,4.99977,999.713,5.52889
0.00197201,1006.12,1.41686e-07,0.225631,4.99977,999.713,5.52889
0.00197221,1006.12,1.42079e-07,0.225283,4.99977,999.714,5.52889
0.00197241,1006.12,1.42294e-07,0.224936,4.99977,999.714,5.52889
0.00197261,1006.11,1.42392e-07,0.224589,4.99977,999.714,5.52889
0.00197281,1006.11,1.42625e-07,0.224242,4.99977,999.714,5.52889
0.00197301,1006.11,1.4296e-07,0.223895,4.99977,999.714,5.52889
0.00197321,1006.1,1.43196e-07,0.223548,4.99977,999.715,5.52889
0.00197341,1006.1,1.4334e-07,0.223202,4.99977,999.715,5.52889
0.00197361,1006.1,1.43557e-07,0.222856,4.99977,999.715,5.52889
0.00197381,1006.09,1.43853e-07,0.222509,4.99977,999.715,5.52889
0.00197401,1006.09,1.44098e-07,0.222163,4.99977,999.715,5.52889
0.00197421,1006.08,1.44272e-07,0.221818,4.99977,999.716,5.52889
0.00197441,1006.08,1.44483e-07,0.221472,4.99977,999.716,5.52889
0.00197461,1006.08,1.44755e-07,0.221127,4.99977,999.716,5.52889
0.00197481,1006.07,1.44999e-07,0.220781,4.99977,999.716,5.52889
0.00197501,1006.07,1.45192e-07,0.220436,4.99977,999.716,5.52889
0.00197521,1006.07,1.45404e-07,0.220091,4.99977,999.717,5.52889
0.00197541,1006.06,1.45659e-07,0.219747,4.99977,999.717,5.52889
0.00197561,1006.06,1.459e-07,0.219402,4.99977,999.717,5.52889
0.00197581,1006.06,1.46105e-07,0.219058,4.99977,999.717,5.52889
0.00197601,1006.05,1.46318e-07,0.218714,4.99977,999.717,5.52889
0.00197621,1006.05,1.46561e-07,0.21837,4.99977,999.718,5.52889
0.00197641,1006.05,1.468e-07,0.218026,4.99977,999.718,5.52889
0.00197661,1006.04,1.47012e-07,0.217682,4.99977,999.718,5.52889
0.00197681,1006.04,1.47226e-07,0.217339,4.99977,999.718,5.52889
0.00197701,1006.04,1.47462e-07,0.216996,4.99977,999.718,5.52889
0.00197721,1006.03,1.47697e-07,0.216653,4.99977,999.719,5.52889
0.00197741,1006.03,1.47912e-07,0.21631,4.99977,999.719,5.52889
0.00197761,1006.02,1.48129e-07,0.215967,4.99977,999.719,5.52889
0.00197781,1006.02,1.4836e-07,0.215625,4.99977,999.719,5.52889
0.00197801,1006.02,1.4859e-07,0.215282,4.99977,999.719,5.52889
0.00197821,1006.01,1.48808e-07,0.21494,4.99977,999.72,5.52889
0.00197841,1006.01,1.49025e-07,0.214598,4.99977,999.72,5.52889
0.00197861,1006.01,1.49252e-07,0.214256,4.99977,999.72,5.52889
0.00197881,1006,1.4948e-07,0.213915,4.99977,999.72,5.52889
0.00197901,1006,1.497e-07,0.213573,4.99977,999.72,5.52889
0.00197921,1006,1.49917e-07,0.213232,4.99977,999.72,5.52889
0.00197941,1005.99,1.50139e-07,0.212891,4.99977,999.721,5.52889
0.00197961,1005.99,1.50365e-07,0.21255,4.99977,999.721,5.52889
0.00197981,1005.99,1.50585e-07,0.212209,4.99977,999.721,5.52889
0.00198001,1005.98,1.50802e-07,0.211869,4.99977,999.721,5.52889
0.00198021,1005.98,1.51022e-07,0.211528,4.99977,999.721,5.52889
0.00198041,1005.98,1.51245e-07,0.211188,4.99977,999.722,5.52889
0.00198061,1005.97,1.51465e-07,0.210848,4.99977,999.722,5.52889
0.00198081,1005.97,1.51682e-07,0.210509,4.99977,999.722,5.52889
0.00198101,1005.97,1.51901e-07,0.210169,4.99977,999.722,5.52889
0.00198121,1005.96,1.5212e-07,0.20983,4.99977,999.722,5.52889
0.00198141,1005.96,1.52338e-07,0.20949,4.99977,999.723,5.52889
0.00198161,1005.95,1.52555e-07,0.209151,4.99977,999.723,5.52889
0.00198181,1005.95,1.52771e-07,0.208812,4.99977,999.723,5.52889
0.00198201,1005.95,1.52988e-07,0.208474,4.99977,999.723,5.52889
0.00198221,1005.94,1.53206e-07,0.208135,4.99977,999.723,5.52889
0.00198241,1005.94,1.53422e-07,0.207797,4.99977,999.724,5.52889
0.00198261,1005.94,1.53637e-07,0.207459,4.99977,999.724,5.52889
0.00198281,1005.93,1.53854e-07,0.207121,4.99977,999.724,5.52889
0.00198301,1005.93,1.54069e-07,0.206783,4.99977,999.724,5.52889
0.00198321,1005.93,1.54281e-07,0.206445,4.99977,999.724,5.52889
0.00198341,1005.92,1.54497e-07,0.206108,4.99977,999.724,5.52889
0.00198361,1005.92,1.54712e-07,0.205771,4.99977,999.725,5.52889
0.00198381,1005.92,1.54923e-07,0.205434,4.99977,999.725,5.52889
0.00198401,1005.91,1.55135e-07,0.205097,4.99977,999.725,5.52889
0.00198421,1005.91,1.5535e-07,0.20476,4.99977,999.725,5.52889
0.00198441,1005.91,1.55561e-07,0.204424,4.99977,999.725,5.52889
0.00198461,1005.9,1.55771e-07,0.204088,4.99977,999.726,5.52889
0.00198481,1005.9,1.55983e-07,0.203751,4.99977,999.726,5.52889
0.00198501,1005.9,1.56195e-07,0.203416,4.99977,999.726,5.52889
0.00198521,1005.89,1.56405e-07,0.20308,4.99977,999.726,5.52889
0.00198541,1005.89,1.56614e-07,0.202744,4.99977,999.726,5.52889
0.00198561,1005.89,1.56823e-07,0.202409,4.99977,999.727,5.52889
0.00198581,1005.88,1.57032e-07,0.202074,4.99977,999.727,5.52889
0.00198601,1005.88,1.57241e-07,0.201739,4.99977,999.727,5.52889
0.00198621,1005.87,1.5745e-07,0.201404,4.99977,999.727,5.52889
0.00198641,1005.87,1.57657e-07,0.201069,4.99977,999.727,5.52889
0.00198661,1005.87,1.57863e-07,0.200735,4.99977,999.727,5.52889
0.00198681,1005.86,1.58069e-07,0.200401,4.99977,999.728,5.52889
0.00198701,1005.86,1.58277e-07,0.200067,4.99977,999.728,5.52889
0.00198721,1005.86,1.58483e-07,0.199733,4.99977,999.728,5.52889
0.00198741,1005.85,1.58686e-07,0.199399,4.99977,999.728,5.52889
0.00198761,1005.85,1.58891e-07,0.199065,4.99977,999.728,5.52889
0.00198781,1005.85,1.59096e-07,0.198732,4.99977,999.729,5.52889
0.00198801,1005.84,1.59299e-07,0.198399,4.99977,999.729,5.52889
0.00198821,1005.84,1.59501e-07,0.198066,4.99977,999.729,5.52889
0.00198841,1005.84,1.59705e-07,0.197733,4.99977,999.729,5.52889
0.00198861,1005.83,1.59908e-07,0.197401,4.99977,999.729,5.52889
0.00198881,1005.83,1.60108e-07,0.197068,4.99977,999.73,5.52889
0.00198901,1005.83,1.60307e-07,0.196736,4.99977,999.73,5.52889
0.00198921,1005.82,1.6051e-07,0.196404,4.99977,999.73,5.52889
0.00198941,1005.82,1.60711e-07,0.196072,4.99977,999.73,5.52889
0.00198961,1005.82,1.60909e-07,0.195741,4.99977,999.73,5.52889
0.00198981,1005.81,1.61107e-07,0.195409,4.99977,999.73,5.52889
0.00199001,1005.81,1.61307e-07,0.195078,4.99977,999.731,5.52889
0.00199021,1005.81,1.61505e-07,0.194747,4.99977,999.731,5.52889
0.00199041,1005.8,1.61701e-07,0.194416,4.99977,999.731,5.52889
0.00199061,1005.8,1.61898e-07,0.194085,4.99977,999.731,5.52889
0.00199081,1005.8,1.62096e-07,0.193754,4.99977,999.731,5.52889
0.00199101,1005.79,1.62291e-07,0.193424,4.99977,999.732,5.52889
0.00199121,1005.79,1.62484e-07,0.193094,4.99977,999.732,5.52889
0.00199141,1005.78,1.62679e-07,0.192764,4.99977,999.732,5.52889
0.00199161,1005.78,1.62874e-07,0.192434,4.99977,999.732,5.52889
0.00199181,1005.78,1.63067e-07,0.192105,4.99977,999.732,5.52889
0.00199201,1005.77,1.6326e-07,0.191775,4.99977,999.732,5.52889
0.00199221,1005.77,1.63454e-07,0.191446,4.99977,999.733,5.52889
0.00199241,1005.77,1.63642e-07,0.191117,4.99977,999.733,5.52889
0.00199261,1005.76,1.63835e-07,0.190788,4.99977,999.733,5.52889
0.00199281,1005.76,1.64026e-07,0.190459,4.99977,999.733,5.52889
0.00199301,1005.76,1.64215e-07,0.190131,4.99977,999.733,5.52889
0.00199321,1005.75,1.64404e-07,0.189803,4.99977,999.734,5.52889
0.00199341,1005.75,1.64594e-07,0.189474,4.99977,999.734,5.52889
0.00199361,1005.75,1.64782e-07,0.189147,4.99977,999.734,5.52889
0.00199381,1005.74,1.64968e-07,0.188819,4.99977,999.734,5.52889
0.00199401,1005.74,1.65155e-07,0.188491,4.99977,999.734,5.52889
0.00199421,1005.74,1.65343e-07,0.188164,4.99977,999.734,5.52889
0.00199441,1005.73,1.65528e-07,0.187837,4.99977,999.735,5.52889
0.00199461,1005.73,1.65712e-07,0.18751,4.99977,999.735,5.52889
0.00199481,1005.73,1.65895e-07,0.187183,4.99977,999.735,5.52889
0.00199501,1005.72,1.6608e-07,0.186856,4.99977,999.735,5.52889
0.00199521,1005.72,1.66264e-07,0.18653,4.99977,999.735,5.52889
0.00199541,1005.72,1.66446e-07,0.186204,4.99977,999.736,5.52889
0.00199561,1005.71,1.66625e-07,0.185877,4.99977,999.736,5.52889
0.00199581,1005.71,1.66807e-07,0.185552,4.99977,999.736,5.52889
0.00199601,1005.71,1.6699e-07,0.185226,4.99977,999.736,5.52889
0.00199621,1005.7,1.6717e-07,0.1849,4.99977,999.736,5.52889
0.00199641,1005.7,1.67348e-07,0.184575,4.99977,999.736,5.52889
0.00199661,1005.7,1.67525e-07,0.18425,4.99977,999.737,5.52889
0.00199681,1005.69,1.67703e-07,0.183925,4.99977,999.737,5.52889
0.00199701,1005.69,1.67883e-07,0.1836,4.99977,999.737,5.52889
0.00199721,1005.69,1.68059e-07,0.183276,4.99977,999.737,5.52889
0.00199741,1005.68,1.68233e-07,0.182951,4.99977,999.737,5.52889
0.00199761,1005.68,1.68408e-07,0.182627,4.99977,999.738,5.52889
0.00199781,1005.68,1.68583e-07,0.182303,4.99977,999.738,5.52889
0.00199801,1005.67,1.68757e-07,0.181979,4.99977,999.738,5.52889
0.00199821,1005.67,1.6893e-07,0.181656,4.99977,999.738,5.52889
0.00199841,1005.66,1.69103e-07,0.181332,4.99977,999.738,5.52889
0.00199861,1005.66,1.69274e-07,0.181009,4.99977,999.738,5.52889
0.00199881,1005.66,1.69443e-07,0.180686,4.99977,999.739,5.52889
0.00199901,1005.65,1.69614e-07,0.180363,4.99977,999.739,5.52889
0.00199921,1005.65,1.69786e-07,0.18004,4.99977,999.739,5.52889
0.00199941,1005.65,1.69954e-07,0.179718,4.99977,999.739,5.52889
0.00199961,1005.64,1.70121e-07,0.179395,4.99977,999.739,5.52889
0.0019998,1005.64,1.70282e-07,0.179086,4.99977,999.74,5.52889
0.00200002,1005.64,1.70458e-07,0.178746,4.99977,999.74,5.52889
0.00200022,1005.63,1.70623e-07,0.178425,4.99977,999.74,5.52889
0.00200042,1005.63,1.70787e-07,0.178103,4.99977,999.74,5.52889
0.00200062,1005.63,1.70954e-07,0.177782,4.99977,999.74,5.52889
0.00200082,1005.62,1.71118e-07,0.17746,4.99977,999.74,5.52889
0.00200102,1005.62,1.71279e-07,0.177139,4.99977,999.741,5.52889
0.00200122,1005.62,1.71439e-07,0.176819,4.99977,999.741,5.52889
0.00200142,1005.61,1.71604e-07,0.176498,4.99977,999.741,5.52889
0.00200162,1005.61,1.71765e-07,0.176177,4.99977,999.741,5.52889
0.00200182,1005.61,1.71923e-07,0.175857,4.99977,999.741,5.52889
0.00200202,1005.6,1.7208e-07,0.175537,4.99977,999.742,5.52889
0.00200221,1005.6,1.72233e-07,0.175233,4.99977,999.742,5.52889
0.0020024,1.28609,0.632617,0.155066,4.99977,999.728,5.52889
0.0020026,1.62964,0.801572,0.15163,4.99977,999.706,5.52889
0.0020028,1.97394,0.970896,0.149857,4.99977,999.68,5.52889
0.002003,2.31811,1.14016,0.148186,4.99977,999.648,5.52889
0.0020032,2.66214,1.30935,0.146538,4.99977,999.611,5.52889
0.0020034,3.00604,1.47849,0.144909,4.99977,999.57,5.52889
0.0020036,1251,0.703912,0.161181,4.99977,999.546,5.52889
0.0020038,790.05,-0.119984,0.212724,4.99977,999.549,5.52889
0.00200401,977.89,-0.286606,0.216042,4.99977,999.548,5.52889
0.0020042,1231.91,-0.0254511,0.210436,4.99977,999.547,5.52889
0.00200441,1125.16,0.236983,0.213055,4.99977,999.548,5.52889
0.00200461,875.08,0.221192,0.221519,4.99977,999.55,5.52889
0.0020048,810.711,-0.119478,0.228871,4.99977,999.551,5.52889
0.002005,1062.14,-0.259372,0.227158,4.99977,999.549,5.52889
0.0020052,1216.42,-0.0362854,0.22408,4.99977,999.548,5.52889
0.0020054,1081.17,0.243695,0.226861,4.99977,999.55,5.52889
0.0020056,845.155,0.159822,0.235476,4.99977,999.552,5.52889
0.00200581,821.827,-0.105286,0.241149,4.99977,999.552,5.52889
0.002006,1046.51,-0.245113,0.23989,4.99977,999.551,5.52889
0.00200621,1202.31,-0.034373,0.236711,4.99977,999.55,5.52889
0.00200641,1098.3,0.214394,0.238996,4.99977,999.551,5.52889
0.0020066,857.939,0.150891,0.2473,4.99977,999.553,5.52889
0.00200681,835.595,-0.0996191,0.252639,4.99977,999.554,5.52889
0.00200701,1049.79,-0.226087,0.251319,4.99977,999.552,5.52889
0.00200721,1189.79,-0.0161692,0.248339,4.99977,999.552,5.52889
0.0020074,1051.28,0.218453,0.25131,4.99977,999.553,5.52889
0.00200761,877.538,0.152246,0.258137,4.99977,999.555,5.52889
0.00200781,852.747,-0.103775,0.263376,4.99977,999.555,5.52889
0.00200801,1054.84,-0.206755,0.261959,4.99977,999.554,5.52889
0.0020082,1176.38,0.0132589,0.259117,4.99977,999.553,5.52889
0.0020084,1049.58,0.201625,0.262199,4.99977,999.554,5.52889
0.00200861,875.636,0.123518,0.268952,4.99977,999.556,5.52889
0.0020088,890.637,-0.140371,0.273174,4.99977,999.556,5.52889
0.00200901,1067.7,-0.183828,0.27166,4.99977,999.555,5.52889
0.0020092,1160.21,0.0424791,0.269258,4.99977,999.555,5.52889
0.0020094,1027.77,0.190737,0.272738,4.99977,999.556,5.52889
0.00200961,873.749,0.0909297,0.279112,4.99977,999.558,5.52889
0.00200981,888.898,-0.114034,0.282718,4.99977,999.558,5.52889
0.00201,1089.48,-0.152481,0.280375,4.99977,999.557,5.52889
0.0020102,1149.07,0.0365644,0.279036,4.99977,999.557,5.52889
0.0020104,1021.27,0.176939,0.282339,4.99977,999.558,5.52889
0.00201061,882.434,0.0803518,0.288216,4.99977,999.559,5.52889
0.0020108,930.951,-0.143661,0.291028,4.99977,999.559,5.52889
0.00201101,1081.16,-0.142522,0.289426,4.99977,999.558,5.52889
0.00201121,1137.96,0.035916,0.28812,4.99977,999.558,5.52889
0.0020114,1002.63,0.164097,0.29155,4.99977,999.559,5.52889
0.0020116,882.052,0.0424687,0.297116,4.99977,999.561,5.52889
0.00201181,931.283,-0.127714,0.299355,4.99977,999.561,5.52889
0.00201201,1077.87,-0.12973,0.29772,4.99977,999.56,5.52889
0.0020122,1122.21,0.0570317,0.296452,4.99977,999.56,5.52889
0.00201241,1001.83,0.15147,0.299813,4.99977,999.561,5.52889
0.0020126,888.427,0.0185766,0.305175,4.99977,999.562,5.52889
0.00201281,940.26,-0.120715,0.306971,4.99977,999.562,5.52889
0.002013,1094.01,-0.096521,0.30474,4.99977,999.561,5.52889
0.00201321,1112.94,0.0543065,0.304359,4.99977,999.561,5.52889
0.0020134,980.813,0.136086,0.307946,4.99977,999.563,5.52889
0.0020136,897.452,0.015573,0.312461,4.99977,999.563,5.52889
0.0020138,970.711,-0.127745,0.313635,4.99977,999.563,5.52889
0.002014,1088.14,-0.0880864,0.312035,4.99977,999.563,5.52889
0.00201421,1104.02,0.0527455,0.311711,4.99977,999.563,5.52889
0.0020144,982.521,0.12552,0.315053,4.99977,999.564,5.52889
0.00201461,905.946,0.0142873,0.319222,4.99977,999.565,5.52889
0.0020148,973.569,-0.11792,0.320314,4.99977,999.565,5.52889
0.00201501,1081.94,-0.0813859,0.318847,4.99977,999.564,5.52889
0.0020152,1083.57,0.0759208,0.318514,4.99977,999.565,5.52889
0.0020154,969.621,0.109708,0.322,4.99977,999.566,5.52889
0.0020156,913.263,-0.00498143,0.325655,4.99977,999.566,5.52889
0.00201581,976.095,-0.108791,0.326519,4.99977,999.566,5.52889
0.002016,1088.45,-0.05313,0.324621,4.99977,999.566,5.52889
0.00201621,1079.63,0.0670083,0.324864,4.99977,999.566,5.52889
0.0020164,974.021,0.10201,0.328054,4.99977,999.567,5.52889
0.00201661,920.584,-0.00551129,0.331475,4.99977,999.568,5.52889
0.00201681,978.777,-0.100522,0.332266,4.99977,999.568,5.52889
0.002017,1082.29,-0.0489859,0.330522,4.99977,999.567,5.52889
0.00201721,1074.21,0.0616948,0.33075,4.99977,999.568,5.52889
0.00201741,976.684,0.0941796,0.333697,4.99977,999.569,5.52889
0.0020176,928.962,-0.0209461,0.336945,4.99977,999.569,5.52889
0.0020178,999.421,-0.0980591,0.337181,4.99977,999.569,5.52889
0.00201801,1076.52,-0.045326,0.335986,4.99977,999.569,5.52889
0.00201821,1069.23,0.0567507,0.336196,4.99977,999.569,5.52889
0.0020184,965.917,0.0783335,0.339258,4.99977,999.57,5.52889
0.00201861,935.045,-0.0192865,0.341915,4.99977,999.571,5.52889
0.00201881,1000.02,-0.0904954,0.342135,4.99977,999.57,5.52889
0.002019,1076.82,-0.0246401,0.340697,4.99977,999.57,5.52889
0.0020192,1048.95,0.0716286,0.341326,4.99977,999.571,5.52889
0.00201941,969.212,0.0723406,0.344049,4.99977,999.572,5.52889
0.0020196,944.704,-0.0337663,0.346533,4.99977,999.572,5.52889
0.0020198,1011.77,-0.0838731,0.346428,4.99977,999.572,5.52889
0.00202,1071.49,-0.0228256,0.345376,4.99977,999.572,5.52889
0.00202021,1045.94,0.0659784,0.345951,4.99977,999.572,5.52889
0.00202041,972.255,0.0668087,0.348462,4.99977,999.573,5.52889
0.0020206,949.558,-0.0310883,0.350753,4.99977,999.573,5.52889
0.00202081,1011.43,-0.0774093,0.350655,4.99977,999.573,5.52889
0.002021,1068.55,-0.00913317,0.349492,4.99977,999.573,5.52889
0.00202121,1043.15,0.060761,0.350205,4.99977,999.574,5.52889
0.0020214,962.621,0.0481649,0.352886,4.99977,999.575,5.52889
0.00202161,954.037,-0.0286141,0.354629,4.99977,999.575,5.52889
0.0020218,1021.23,-0.0696114,0.354263,4.99977,999.575,5.52889
0.002022,1063.87,-0.00852151,0.353457,4.99977,999.575,5.52889
0.0020222,1028.43,0.064386,0.35426,4.99977,999.575,5.52889
0.0020224,966.153,0.0445,0.356576,4.99977,999.576,5.52889
0.00202261,958.171,-0.0263286,0.35818,4.99977,999.576,5.52889
0.0020228,1020.16,-0.0642527,0.357837,4.99977,999.576,5.52889
0.002023,1059.92,0.0021889,0.356958,4.99977,999.576,5.52889
0.00202321,1026.99,0.059348,0.357818,4.99977,999.577,5.52889
0.00202341,969.414,0.0411178,0.359949,4.99977,999.577,5.52889
0.0020236,968.519,-0.0381562,0.36138,4.99977,999.578,5.52889
0.0020238,1026.92,-0.0561683,0.360875,4.99977,999.578,5.52889
0.002024,1055.92,0.00193008,0.36028,4.99977,999.578,5.52889
0.00202421,1025.65,0.0546967,0.361063,4.99977,999.578,5.52889
0.00202441,972.423,0.0379965,0.363021,4.99977,999.579,5.52889
0.00202461,971.491,-0.0350971,0.364335,4.99977,999.579,5.52889
0.0020248,1025.41,-0.0518536,0.36386,4.99977,999.579,5.52889
0.002025,1051.48,0.0102517,0.363217,4.99977,999.579,5.52889
0.0020252,1014.21,0.0539419,0.36418,4.99977,999.58,5.52889
0.0020254,969.479,0.0246634,0.366016,4.99977,999.58,5.52889
0.00202561,974.204,-0.0322235,0.367015,4.99977,999.581,5.52889
0.00202581,1023.98,-0.0478859,0.366567,4.99977,999.58,5.52889
0.002026,1048.15,0.0092324,0.365963,4.99977,999.581,5.52889
0.0020262,1013.89,0.0497422,0.366835,4.99977,999.581,5.52889
0.00202641,972.484,0.0228455,0.36852,4.99977,999.582,5.52889
0.00202661,976.705,-0.0295633,0.369432,4.99977,999.582,5.52889
0.0020268,1028.89,-0.0401513,0.368813,4.99977,999.582,5.52889
0.00202701,1045.07,0.00828971,0.36844,4.99977,999.582,5.52889
0.0020272,1006.95,0.04644,0.369355,4.99977,999.583,5.52889
0.0020274,972.447,0.0124043,0.370903,4.99977,999.583,5.52889
0.0020276,987.091,-0.0368665,0.371491,4.99977,999.583,5.52889
0.00202781,1027.28,-0.0370461,0.371018,4.99977,999.583,5.52889
0.002028,1040.06,0.0168275,0.370601,4.99977,999.584,5.52889
0.0020282,1006.06,0.0428154,0.371512,4.99977,999.584,5.52889
0.0020284,975.431,0.012443,0.372894,4.99977,999.585,5.52889
0.00202861,987.389,-0.0327975,0.373457,4.99977,999.585,5.52889
0.00202881,1025.51,-0.0343958,0.372994,4.99977,999.585,5.52889
0.002029,1037.65,0.0153019,0.372588,4.99977,999.585,5.52889
0.00202921,1007.09,0.0395368,0.373395,4.99977,999.585,5.52889
0.0020294,976.742,0.00448673,0.374756,4.99977,999.586,5.52889
0.00202961,989.11,-0.0303958,0.375176,4.99977,999.586,5.52889
0.0020298,1030.6,-0.0248707,0.374505,4.99977,999.586,5.52889
0.00203001,1035.75,0.0127914,0.374353,4.99977,999.586,5.52889
0.0020302,1000.98,0.0355171,0.37521,4.99977,999.587,5.52889
0.0020304,979.248,0.00505073,0.376307,4.99977,999.587,5.52889
0.0020306,997.782,-0.0330898,0.376558,4.99977,999.588,5.52889
0.00203081,1028.02,-0.0240419,0.376085,4.99977,999.588,5.52889
0.00203101,1033.18,0.0131374,0.37589,4.99977,999.588,5.52889
0.0020312,1001.88,0.0328698,0.376663,4.99977,999.588,5.52889
0.0020314,981.203,-0.00137205,0.377722,4.99977,999.589,5.52889
0.00203161,997.399,-0.0299322,0.377905,4.99977,999.589,5.52889
0.00203181,1026.87,-0.0216485,0.377413,4.99977,999.589,5.52889
0.002032,1028.04,0.0190866,0.377221,4.99977,999.589,5.52889
0.0020322,998.599,0.0289074,0.378018,4.99977,999.59,5.52889
0.0020324,983.258,-0.00116812,0.378887,4.99977,999.59,5.52889
0.00203261,999.173,-0.0281234,0.379019,4.99977,999.59,5.52889
0.00203281,1025.72,-0.019531,0.378554,4.99977,999.59,5.52889
0.00203301,1027.14,0.0164549,0.378371,4.99977,999.591,5.52889
0.0020332,998.758,0.0263998,0.379104,4.99977,999.591,5.52889
0.00203341,985.156,-0.00112144,0.379874,4.99977,999.592,5.52889
0.0020336,1005.01,-0.0275831,0.379868,4.99977,999.592,5.52889
0.0020338,1027.26,-0.0127525,0.379402,4.99977,999.592,5.52889
0.00203401,1025.13,0.0160871,0.379342,4.99977,999.592,5.52889
0.00203421,999.421,0.0243432,0.38,4.99977,999.593,5.52889
0.0020344,987.284,-0.00509082,0.380716,4.99977,999.593,5.52889
0.0020346,1005.15,-0.0254416,0.380667,4.99977,999.593,5.52889
0.00203481,1025.73,-0.01182,0.380218,4.99977,999.593,5.52889
0.00203501,1023.85,0.0147484,0.380141,4.99977,999.594,5.52889
0.0020352,996.819,0.0202788,0.380818,4.99977,999.594,5.52889
0.00203541,988.86,-0.00465237,0.38137,4.99977,999.594,5.52889
0.00203561,1005.29,-0.023465,0.381307,4.99977,999.594,5.52889
0.0020358,1025.8,-0.00645248,0.380789,4.99977,999.595,5.52889
0.002036,1018.62,0.0185697,0.380812,4.99977,999.595,5.52889
0.0020362,997.701,0.0187421,0.381383,4.99977,999.595,5.52889
0.0020364,991.22,-0.00815769,0.381887,4.99977,999.596,5.52889
0.0020366,1008.44,-0.0218412,0.381726,4.99977,999.596,5.52889
0.0020368,1024.38,-0.00605125,0.381297,4.99977,999.596,5.52889
0.00203701,1017.93,0.0169921,0.381294,4.99977,999.596,5.52889
0.00203721,998.538,0.0173434,0.381799,4.99977,999.597,5.52889
0.0020374,992.438,-0.00733231,0.382245,4.99977,999.597,5.52889
0.00203761,1008.24,-0.0201573,0.382079,4.99977,999.597,5.52889
0.0020378,1023.59,-0.00271492,0.381617,4.99977,999.597,5.52889
0.00203801,1017.41,0.0154277,0.381631,4.99977,999.598,5.52889
0.0020382,996.927,0.0136587,0.382152,4.99977,999.598,5.52889
0.0020384,994.827,-0.0098438,0.38247,4.99977,999.598,5.52889
0.0020386,1009.82,-0.0184268,0.382254,4.99977,999.599,5.52889
0.0020388,1022.45,-0.00129347,0.381831,4.99977,999.599,5.52889
0.002039,1013.55,0.0165139,0.381881,4.99977,999.599,5.52889
0.00203921,998.017,0.0128724,0.382286,4.99977,999.6,5.52889
0.00203941,995.352,-0.00796602,0.382565,4.99977,999.6,5.52889
0.00203961,1010.34,-0.0168279,0.382326,4.99977,999.6,5.52889
0.0020398,1021.29,-0.000942674,0.38193,4.99977,999.6,5.52889
0.00204,1012.73,0.0153815,0.381961,4.99977,999.6,5.52889
0.00204021,998.295,0.0112378,0.382322,4.99977,999.601,5.52889
0.00204041,996.679,-0.00811608,0.382539,4.99977,999.601,5.52889
0.0020406,1011.63,-0.0150328,0.382258,4.99977,999.601,5.52889
0.0020408,1020.22,0.000797662,0.381892,4.99977,999.602,5.52889
0.002041,1010.4,0.0149146,0.381951,4.99977,999.602,5.52889
0.00204121,998.313,0.00931103,0.382249,4.99977,999.602,5.52889
0.00204141,997.874,-0.00811618,0.382398,4.99977,999.603,5.52889
0.00204161,1011.49,-0.0137641,0.382113,4.99977,999.603,5.52889
0.00204181,1019.22,0.000820506,0.381756,4.99977,999.603,5.52889
0.002042,1010.14,0.0137367,0.381788,4.99977,999.603,5.52889
0.0020422,997.682,0.00579044,0.382097,4.99977,999.604,5.52889
0.00204241,998.574,-0.00731269,0.38215,4.99977,999.604,5.52889
0.0020426,1012.75,-0.0118434,0.381822,4.99977,999.604,5.52889
0.0020428,1018.14,0.00236443,0.3815,4.99977,999.604,5.52889
0.002043,1008.36,0.0129119,0.381551,4.99977,999.605,5.52889
0.00204321,998.579,0.00559318,0.381772,4.99977,999.605,5.52889
0.00204341,1000.89,-0.00913351,0.381792,4.99977,999.605,5.52889
0.0020436,1013.16,-0.0103003,0.381452,4.99977,999.605,5.52889
0.00204381,1017.2,0.00272036,0.381151,4.99977,999.606,5.52889
0.002044,1008.04,0.0118832,0.381183,4.99977,999.606,5.52889
0.0020442,998.695,0.00310829,0.381391,4.99977,999.606,5.52889
0.0020444,1002.51,-0.00945573,0.381337,4.99977,999.607,5.52889
0.0020446,1013.73,-0.00849306,0.38098,4.99977,999.607,5.52889
0.0020448,1016.03,0.00409349,0.380704,4.99977,999.607,5.52889
0.002045,1006.75,0.0108558,0.380744,4.99977,999.607,5.52889
0.00204521,999.449,0.00298422,0.380876,4.99977,999.608,5.52889
0.00204541,1003.19,-0.00891899,0.380799,4.99977,999.608,5.52889
0.0020456,1013.79,-0.00715207,0.380433,4.99977,999.608,5.52889
0.00204581,1015.31,0.00386586,0.38017,4.99977,999.608,5.52889
0.00204601,1006.9,0.00998565,0.380179,4.99977,999.609,5.52889
0.0020462,999.906,0.00161776,0.380295,4.99977,999.609,5.52889
0.0020464,1005.02,-0.00910683,0.380161,4.99977,999.609,5.52889
0.0020466,1013.83,-0.00577677,0.3798,4.99977,999.609,5.52889
0.00204681,1014.34,0.00446055,0.379551,4.99977,999.61,5.52889
0.00204701,1006.42,0.00907743,0.379546,4.99977,999.61,5.52889
0.0020472,1000.44,-0.000157875,0.379635,4.99977,999.61,5.52889
0.0020474,1005.21,-0.00834425,0.379463,4.99977,999.611,5.52889
0.0020476,1013.43,-0.00510376,0.379101,4.99977,999.611,5.52889
0.00204781,1013.83,0.00398016,0.378848,4.99977,999.611,5.52889
0.002048,1005.17,0.00785715,0.378858,4.99977,999.611,5.52889
0.0020482,1001.03,-0.0004073,0.378876,4.99977,999.612,5.52889
0.0020484,1006.6,-0.00806126,0.378671,4.99977,999.612,5.52889
0.00204861,1012.92,-0.00472621,0.37833,4.99977,999.612,5.52889
0.0020488,1012.24,0.00551268,0.378084,4.99977,999.612,5.52889
0.00204901,1005.41,0.00722979,0.378051,4.99977,999.613,5.52889
0.0020492,1001.66,-0.00137471,0.378053,4.99977,999.613,5.52889
0.0020494,1006.62,-0.00738195,0.377827,4.99977,999.613,5.52889
0.0020496,1013.12,-0.0029433,0.377464,4.99977,999.613,5.52889
0.00204981,1012.1,0.00470795,0.377228,4.99977,999.614,5.52889
0.00205001,1005.08,0.00634773,0.377191,4.99977,999.614,5.52889
0.0020502,1002.24,-0.00177023,0.377154,4.99977,999.614,5.52889
0.00205041,1006.93,-0.00681289,0.376909,4.99977,999.615,5.52889
0.00205061,1012.64,-0.00271994,0.376553,4.99977,999.615,5.52889
0.0020508,1010.94,0.00524476,0.376324,4.99977,999.615,5.52889
0.002051,1004.46,0.00516883,0.376278,4.99977,999.615,5.52889
0.00205121,1002.67,-0.00148021,0.376182,4.99977,999.616,5.52889
0.00205141,1007.51,-0.00628014,0.375923,4.99977,999.616,5.52889
0.0020516,1012.5,-0.00134551,0.375566,4.99977,999.616,5.52889
0.0020518,1009.95,0.00534154,0.375355,4.99977,999.616,5.52889
0.00205201,1004.93,0.00488031,0.375259,4.99977,999.617,5.52889
0.0020522,1003.48,-0.00264391,0.375163,4.99977,999.617,5.52889
0.0020524,1008.27,-0.00567247,0.374874,4.99977,999.617,5.52889
0.0020526,1012.15,-0.000379312,0.374525,4.99977,999.617,5.52889
0.00205281,1009.84,0.00478869,0.374305,4.99977,999.618,5.52889
0.002053,1004.31,0.00348928,0.374229,4.99977,999.618,5.52889
0.0020532,1004.23,-0.00318298,0.37408,4.99977,999.618,5.52889
0.0020534,1008.98,-0.00493881,0.373768,4.99977,999.618,5.52889
0.0020536,1011.73,0.000241927,0.373431,4.99977,999.619,5.52889
0.00205381,1009.16,0.00463855,0.373213,4.99977,999.619,5.52889
0.00205401,1004.58,0.00315109,0.373102,4.99977,999.619,5.52889
0.00205421,1004.45,-0.00278035,0.372934,4.99977,999.62,5.52889
0.00205441,1008.86,-0.00448458,0.372621,4.99977,999.62,5.52889
0.0020546,1011.27,0.000982426,0.372286,4.99977,999.62,5.52889
0.0020548,1008.09,0.00452862,0.372084,4.99977,999.62,5.52889
0.00205501,1004.45,0.00214292,0.371948,4.99977,999.621,5.52889
0.0020552,1005.35,-0.003381,0.371746,4.99977,999.621,5.52889
0.0020554,1009.36,-0.00372306,0.371415,4.99977,999.621,5.52889
0.0020556,1010.88,0.00111749,0.37109,4.99977,999.621,5.52889
0.00205581,1008.1,0.00409806,0.37087,4.99977,999.622,5.52889
0.002056,1004.51,0.0013399,0.370736,4.99977,999.622,5.52889
0.0020562,1005.83,-0.00332907,0.370504,4.99977,999.622,5.52889
0.00205641,1009.26,-0.00331671,0.370169,4.99977,999.622,5.52889
0.0020566,1010.36,0.00167482,0.36985,4.99977,999.623,5.52889
0.00205681,1007.49,0.00375419,0.369632,4.99977,999.623,5.52889
0.002057,1004.64,0.000334215,0.369482,4.99977,999.623,5.52889
0.00205721,1006.18,-0.00315601,0.369216,4.99977,999.623,5.52889
0.0020574,1009.65,-0.00242312,0.368873,4.99977,999.624,5.52889
0.0020576,1009.92,0.00184845,0.368564,4.99977,999.624,5.52889
0.0020578,1006.73,0.00322541,0.36836,4.99977,999.624,5.52889
0.002058,1004.91,-0.00017751,0.36817,4.99977,999.624,5.52889
0.00205821,1006.65,-0.00304443,0.367886,4.99977,999.625,5.52889
0.00205841,1009.59,-0.00193196,0.36754,4.99977,999.625,5.52889
0.0020586,1009.43,0.00206204,0.367238,4.99977,999.625,5.52889
0.0020588,1006.46,0.0027339,0.367028,4.99977,999.625,5.52889
0.002059,1005.22,-0.000718215,0.366819,4.99977,999.626,5.52889
0.0020592,1007.28,-0.00290292,0.366516,4.99977,999.626,5.52889
0.0020594,1009.64,-0.00116879,0.366168,4.99977,999.626,5.52889
0.0020596,1008.96,0.00216103,0.365873,4.99977,999.626,5.52889
0.00205981,1006.33,0.00229112,0.365651,4.99977,999.627,5.52889
0.00206001,1005.47,-0.000734846,0.365417,4.99977,999.627,5.52889
0.0020602,1007.87,-0.00258564,0.365109,4.99977,999.627,5.52889
0.00206041,1009.52,-0.000639339,0.364761,4.99977,999.628,5.52889
0.0020606,1008.49,0.00219527,0.364473,4.99977,999.628,5.52889
0.0020608,1006.02,0.00157671,0.364252,4.99977,999.628,5.52889
0.00206101,1005.8,-0.00105658,0.363987,4.99977,999.628,5.52889
0.0020612,1008.14,-0.00220227,0.363666,4.99977,999.629,5.52889
0.0020614,1009.34,0.000130959,0.363325,4.99977,999.629,5.52889
0.00206161,1008.04,0.00212388,0.363038,4.99977,999.629,5.52889
0.0020618,1005.95,0.000973024,0.36281,4.99977,999.629,5.52889
0.00206201,1006.15,-0.00127346,0.362521,4.99977,999.63,5.52889
0.0020622,1008.38,-0.00175883,0.362191,4.99977,999.63,5.52889
0.00206241,1009.09,0.000344523,0.36185,4.99977,999.63,5.52889
0.00206261,1007.71,0.00194925,0.361565,4.99977,999.63,5.52889
0.0020628,1005.99,0.000465834,0.361329,4.99977,999.631,5.52889
0.00206301,1006.55,-0.00145672,0.361024,4.99977,999.631,5.52889
0.00206321,1008.37,-0.00145047,0.360683,4.99977,999.631,5.52889
0.0020634,1008.68,0.000951917,0.36036,4.99977,999.631,5.52889
0.0020636,1007.06,0.00165576,0.360086,4.99977,999.632,5.52889
0.0020638,1006.12,8.85777e-05,0.359811,4.99977,999.632,5.52889
0.00206401,1006.99,-0.00152701,0.359498,4.99977,999.632,5.52889
0.00206421,1008.48,-0.000986361,0.35915,4.99977,999.632,5.52889
0.0020644,1008.34,0.00110051,0.358832,4.99977,999.633,5.52889
0.0020646,1006.79,0.00126754,0.358559,4.99977,999.633,5.52889
0.0020648,1006.34,-0.000478199,0.358275,4.99977,999.633,5.52889
0.002065,1007.46,-0.00143197,0.357944,4.99977,999.633,5.52889
0.0020652,1008.53,-0.000329582,0.357597,4.99977,999.634,5.52889
0.00206541,1008.01,0.00115347,0.357277,4.99977,999.634,5.52889
0.00206561,1006.71,0.000949101,0.356993,4.99977,999.634,5.52889
0.00206581,1006.55,-0.000631465,0.356696,4.99977,999.634,5.52889
0.002066,1007.71,-0.00119488,0.35636,4.99977,999.635,5.52889
0.0020662,1008.39,0.000186173,0.356021,4.99977,999.635,5.52889
0.00206641,1007.82,0.00106281,0.355685,4.99977,999.635,5.52889
0.00206661,1006.62,0.000526363,0.355411,4.99977,999.635,5.52889
0.0020668,1006.86,-0.00085162,0.355101,4.99977,999.636,5.52889
0.002067,1007.94,-0.000856175,0.354756,4.99977,999.636,5.52889
0.0020672,1008.19,0.000391826,0.354414,4.99977,999.636,5.52889
0.00206741,1007.33,0.00100405,0.354103,4.99977,999.636,5.52889
0.0020676,1006.63,5.31213e-05,0.353809,4.99977,999.637,5.52889
0.00206781,1006.97,-0.000778283,0.353464,4.99977,999.637,5.52889
0.002068,1008.02,-0.000500367,0.35313,4.99977,999.637,5.52889
0.00206821,1007.95,0.000563129,0.352789,4.99977,999.637,5.52889
0.0020684,1007.07,0.000767073,0.352483,4.99977,999.638,5.52889
0.0020686,1006.74,-0.000222588,0.352172,4.99977,999.638,5.52889
0.00206881,1007.3,-0.00080522,0.351826,4.99977,999.638,5.52889
0.002069,1008.01,-0.000124954,0.351488,4.99977,999.638,5.52889
0.0020692,1007.65,0.000686957,0.351153,4.99977,999.639,5.52889
0.00206941,1006.98,0.000549751,0.350829,4.99977,999.639,5.52889
0.0020696,1006.93,-0.000451628,0.350519,4.99977,999.639,5.52889
0.00206981,1007.47,-0.00068382,0.350159,4.99977,999.639,5.52889
0.00207,1007.9,9.43697e-05,0.34982,4.99977,999.64,5.52889
0.0020702,1007.39,0.000653115,0.349495,4.99977,999.64,5.52889
0.0020704,1006.87,0.000165397,0.349178,4.99977,999.64,5.52889
0.00207061,1007.01,-0.000434029,0.348825,4.99977,999.64,5.52889
0.00207081,1007.64,-0.000475227,0.348482,4.99977,999.641,5.52889
0.002071,1007.73,0.000320199,0.348146,4.99977,999.641,5.52889
0.00207121,1007.27,0.000551477,0.347805,4.99977,999.641,5.52889
0.00207141,1006.91,-4.03704e-06,0.347484,4.99977,999.641,5.52889
0.00207162,1007.13,-0.000456079,0.347124,4.99977,999.642,5.52889
0.0020718,1007.7,-0.000225611,0.34679,4.99977,999.642,5.52889
0.00207201,1007.6,0.000360802,0.346441,4.99977,999.642,5.52889
0.0020722,1007.08,0.000359406,0.346122,4.99977,999.642,5.52889
0.0020724,1006.99,-0.000203846,0.345784,4.99977,999.643,5.52889
0.0020726,1007.38,-0.000443054,0.345432,4.99977,999.643,5.52889
0.0020728,1007.67,7.68318e-08,0.345082,4.99977,999.643,5.52889
0.00207301,1007.49,0.000362664,0.344718,4.99977,999.643,5.52889
0.0020732,1007.02,0.000188317,0.344407,4.99977,999.644,5.52889
0.0020734,1007.09,-0.000287584,0.344061,4.99977,999.644,5.52889
0.00207361,1007.43,-0.000348557,0.343699,4.99977,999.644,5.52889
0.0020738,1007.58,0.000136697,0.343356,4.99977,999.644,5.52889
0.002074,1007.25,0.000356371,0.343017,4.99977,999.644,5.52889
0.0020742,1007.02,5.79721e-05,0.342671,4.99977,999.645,5.52889
0.00207441,1007.15,-0.000288056,0.342313,4.99977,999.645,5.52889
0.00207461,1007.48,-0.00022217,0.34196,4.99977,999.645,5.52889
0.0020748,1007.46,0.000222535,0.341619,4.99977,999.645,5.52889
0.00207501,1007.19,0.000285881,0.341266,4.99977,999.646,5.52889
0.0020752,1007.05,-7.96627e-05,0.34093,4.99977,999.646,5.52889
0.00207541,1007.25,-0.000287647,0.340568,4.99977,999.646,5.52889
0.0020756,1007.49,-7.3624e-05,0.340215,4.99977,999.646,5.52889
0.00207582,1007.42,0.00019176,0.339842,4.99977,999.647,5.52889
0.002076,1007.1,0.000166398,0.339522,4.99977,999.647,5.52889
0.00207621,1007.09,-0.000137326,0.339166,4.99977,999.647,5.52889
0.00207641,1007.28,-0.000244686,0.338798,4.99977,999.647,5.52889
0.0020766,1007.44,3.27542e-05,0.338453,4.99977,999.648,5.52889
0.00207681,1007.29,0.000226885,0.338093,4.99977,999.648,5.52889
0.002077,1007.07,7.00139e-05,0.337755,4.99977,999.648,5.52889
0.0020772,1007.16,-0.00019074,0.337404,4.99977,999.648,5.52889
0.00207741,1007.33,-0.000173745,0.33703,4.99977,999.649,5.52889
0.0020776,1007.37,0.000108827,0.336683,4.99977,999.649,5.52889
0.00207781,1007.21,0.000197298,0.336317,4.99977,999.649,5.52889
0.002078,1007.07,-1.91898e-05,0.33598,4.99977,999.649,5.52889
0.0020782,1007.2,-0.00018485,0.335623,4.99977,999.65,5.52889
0.00207841,1007.35,-8.39054e-05,0.335253,4.99977,999.65,5.52889
0.00207861,1007.31,0.000126846,0.334891,4.99977,999.65,5.52889
0.0020788,1007.12,0.000126681,0.33455,4.99977,999.65,5.52889
0.00207901,1007.09,-5.94686e-05,0.334183,4.99977,999.651,5.52889
0.0020792,1007.22,-0.000157858,0.333825,4.99977,999.651,5.52889
0.0020794,1007.32,-2.64051e-06,0.333466,4.99977,999.651,5.52889
0.0020796,1007.22,0.000146226,0.333111,4.99977,999.651,5.52889
0.0020798,1007.09,7.56598e-05,0.332748,4.99977,999.651,5.52889
0.00208001,1007.11,-9.21685e-05,0.332383,4.99977,999.652,5.52889
0.0020802,1007.25,-0.000112239,0.33203,4.99977,999.652,5.52889
0.0020804,1007.28,4.66677e-05,0.331665,4.99977,999.652,5.52889
0.0020806,1007.17,0.000127413,0.331306,4.99977,999.652,5.52889
0.0020808,1007.08,1.03092e-05,0.33095,4.99977,999.653,5.52889
0.00208102,1007.11,-9.00879e-05,0.330559,4.99977,999.653,5.52889
0.0020812,1007.25,-6.13488e-05,0.330224,4.99977,999.653,5.52889
0.0020814,1007.23,7.26783e-05,0.329854,4.99977,999.653,5.52889
0.00208161,1007.14,0.00010595,0.329478,4.99977,999.654,5.52889
0.00208181,1007.07,-2.09465e-05,0.329131,4.99977,999.654,5.52889
0.00208202,1007.13,-9.71801e-05,0.328747,4.99977,999.654,5.52889
0.0020822,1007.23,-1.81009e-05,0.328408,4.99977,999.654,5.52889
0.00208241,1007.2,7.29322e-05,0.328022,4.99977,999.655,5.52889
0.00208261,1007.09,6.6419e-05,0.327673,4.99977,999.655,5.52889
0.0020828,1007.08,-5.90132e-05,0.327321,4.99977,999.655,5.52889
0.00208301,1007.15,-8.41786e-05,0.326942,4.99977,999.655,5.52889
0.0020832,1007.2,1.08307e-05,0.326582,4.99977,999.656,5.52889
0.0020834,1007.13,8.27648e-05,0.32622,4.99977,999.656,5.52889
0.0020836,1007.06,2.50677e-05,0.325857,4.99977,999.656,5.52889
0.0020838,1007.09,-6.81115e-05,0.325495,4.99977,999.656,5.52889
0.00208401,1007.15,-6.19022e-05,0.325113,4.99977,999.656,5.52889
0.0020842,1007.16,3.90399e-05,0.324758,4.99977,999.657,5.52889
0.00208441,1007.1,7.04618e-05,0.32438,4.99977,999.657,5.52889
0.0020846,1007.05,-7.47718e-06,0.32403,4.99977,999.657,5.52889
0.00208482,1007.07,-5.50365e-05,0.323629,4.99977,999.657,5.52889
0.002085,1007.14,-2.94893e-05,0.323288,4.99977,999.658,5.52889
0.00208521,1007.13,4.38209e-05,0.322913,4.99977,999.658,5.52889
0.0020854,1007.06,4.60129e-05,0.322561,4.99977,999.658,5.52889
0.00208561,1007.04,-1.7809e-05,0.322182,4.99977,999.658,5.52889
0.00208581,1007.08,-5.67855e-05,0.321804,4.99977,999.659,5.52889
0.002086,1007.12,-5.12353e-06,0.32145,4.99977,999.659,5.52889
0.0020862,1007.09,5.19237e-05,0.321088,4.99977,999.659,5.52889
0.0020864,1007.04,2.85956e-05,0.320715,4.99977,999.659,5.52889
0.0020866,1007.04,-3.81671e-05,0.320354,4.99977,999.66,5.52889
0.00208681,1007.08,-4.31573e-05,0.319975,4.99977,999.66,5.52889
0.002087,1007.1,1.41877e-05,0.319608,4.99977,999.66,5.52889
0.00208721,1007.06,4.56766e-05,0.319229,4.99977,999.66,5.52889
0.0020874,1007.02,5.66534e-06,0.318876,4.99977,999.66,5.52889
0.0020876,1007.04,-3.95251e-05,0.318504,4.99977,999.661,5.52889
0.0020878,1007.07,-2.3961e-05,0.318136,4.99977,999.661,5.52889
0.002088,1007.07,2.49668e-05,0.317761,4.99977,999.661,5.52889
0.00208821,1007.03,3.78941e-05,0.317381,4.99977,999.661,5.52889
0.00208841,1007.01,-5.61635e-06,0.31702,4.99977,999.662,5.52889
0.0020886,1007.03,-3.65417e-05,0.316652,4.99977,999.662,5.52889
0.0020888,1007.06,-9.06421e-06,0.316284,4.99977,999.662,5.52889
0.00208901,1007.04,2.50046e-05,0.315893,4.99977,999.662,5.52889
0.00208921,1007,2.59187e-05,0.315534,4.99977,999.663,5.52889
0.0020894,1007,-1.96442e-05,0.315178,4.99977,999.663,5.52889
0.00208961,1007.02,-3.02619e-05,0.314797,4.99977,999.663,5.52889
0.0020898,1007.03,6.17132e-06,0.314438,4.99977,999.663,5.52889
0.00209001,1007.01,2.82129e-05,0.314048,4.99977,999.663,5.52889
0.00209021,1006.98,1.25086e-05,0.313684,4.99977,999.664,5.52889
0.00209041,1006.98,-2.05415e-05,0.31331,4.99977,999.664,5.52889
0.0020906,1007.01,-1.93234e-05,0.312951,4.99977,999.664,5.52889
0.00209081,1007.01,1.11997e-05,0.312572,4.99977,999.664,5.52889
0.002091,1006.98,2.4459e-05,0.312207,4.99977,999.665,5.52889
0.0020912,1006.97,1.29429e-07,0.311833,4.99977,999.665,5.52889
0.00209142,1006.97,-2.02095e-05,0.311439,4.99977,999.665,5.52889
0.0020916,1006.99,-1.04717e-05,0.311089,4.99977,999.665,5.52889
0.00209181,1006.99,1.61901e-05,0.310714,4.99977,999.666,5.52889
0.00209201,1006.96,1.96363e-05,0.310333,4.99977,999.666,5.52889
0.0020922,1006.95,-7.55043e-06,0.309974,4.99977,999.666,5.52889
0.0020924,1006.97,-1.98624e-05,0.309604,4.99977,999.666,5.52889
0.0020926,1006.97,-1.57815e-07,0.309236,4.99977,999.666,5.52889
0.00209282,1006.96,1.55143e-05,0.308836,4.99977,999.667,5.52889
0.002093,1006.94,8.62281e-06,0.308494,4.99977,999.667,5.52889
0.0020932,1006.94,-1.27875e-05,0.308118,4.99977,999.667,5.52889
0.00209341,1006.95,-1.56128e-05,0.307736,4.99977,999.667,5.52889
0.0020936,1006.95,6.04099e-06,0.307375,4.99977,999.668,5.52889
0.0020938,1006.94,1.61693e-05,0.307005,4.99977,999.668,5.52889
0.002094,1006.92,3.09977e-06,0.306626,4.99977,999.668,5.52889
0.00209421,1006.92,-1.26486e-05,0.306242,4.99977,999.668,5.52889
0.00209441,1006.93,-1.03935e-05,0.305871,4.99977,999.669,5.52889
0.0020946,1006.93,9.23547e-06,0.305509,4.99977,999.669,5.52889
0.00209481,1006.92,1.34975e-05,0.305122,4.99977,999.669,5.52889
0.002095,1006.9,-2.57329e-06,0.304764,4.99977,999.669,5.52889
0.00209522,1006.91,-1.2139e-05,0.30437,4.99977,999.669,5.52889
0.0020954,1006.92,-2.26899e-06,0.304025,4.99977,999.67,5.52889
0.00209561,1006.91,9.18979e-06,0.303629,4.99977,999.67,5.52889
0.00209581,1006.89,8.55553e-06,0.303271,4.99977,999.67,5.52889
0.00209601,1006.89,-5.09489e-06,0.302893,4.99977,999.67,5.52889
0.00209621,1006.89,-1.0664e-05,0.302521,4.99977,999.671,5.52889
0.0020964,1006.9,2.11275e-06,0.302161,4.99977,999.671,5.52889
0.00209661,1006.89,9.85382e-06,0.301767,4.99977,999.671,5.52889
0.0020968,1006.87,3.63627e-06,0.301412,4.99977,999.671,5.52889
0.00209701,1006.87,-7.11919e-06,0.301028,4.99977,999.671,5.52889
0.0020972,1006.88,-6.83765e-06,0.300667,4.99977,999.672,5.52889
0.0020974,1006.88,5.17146e-06,0.300299,4.99977,999.672,5.52889
0.00209761,1006.87,8.84119e-06,0.299915,4.99977,999.672,5.52889
0.0020978,1006.86,-4.98765e-08,0.299547,4.99977,999.672,5.52889
0.00209801,1006.86,-7.24929e-06,0.299155,4.99977,999.673,5.52889
0.0020982,1006.86,-3.36385e-06,0.298803,4.99977,999.673,5.52889
0.0020984,1006.86,6.04714e-06,0.298428,4.99977,999.673,5.52889
0.00209861,1006.85,6.79679e-06,0.298047,4.99977,999.673,5.52889
0.00209881,1006.84,-2.23605e-06,0.297679,4.99977,999.673,5.52889
0.00209901,1006.84,-7.00979e-06,0.297297,4.99977,999.674,5.52889
0.0020992,1006.84,-5.11336e-07,0.296938,4.99977,999.674,5.52889
0.00209942,1006.84,5.18591e-06,0.296537,4.99977,999.674,5.52889
0.0020996,1006.83,3.42351e-06,0.296196,4.99977,999.674,5.52889
0.00209981,1006.82,-4.12692e-06,0.295819,4.99977,999.675,5.52889
0.00210001,1006.82,-5.68625e-06,0.295433,4.99977,999.675,5.52889
0.0021002,1006.82,2.27665e-06,0.295082,4.99977,999.675,5.52889
0.00210041,1006.82,5.68832e-06,0.294684,4.99977,999.675,5.52889
0.0021006,1006.81,8.91022e-07,0.294335,4.99977,999.675,5.52889
0.00210081,1006.81,-4.67664e-06,0.293955,4.99977,999.676,5.52889
0.002101,1006.81,-3.15152e-06,0.293587,4.99977,999.676,5.52889
0.00210121,1006.8,2.88262e-06,0.293207,4.99977,999.676,5.52889
0.0021014,1006.79,4.41419e-06,0.292849,4.99977,999.676,5.52889
0.0021016,1006.79,-7.42062e-07,0.292469,4.99977,999.677,5.52889
0.0021018,1006.79,-4.49916e-06,0.2921,4.99977,999.677,5.52889
0.002102,1006.79,-9.91611e-07,0.291729,4.99977,999.677,5.52889
0.00210221,1006.78,3.42699e-06,0.291341,4.99977,999.677,5.52889
0.0021024,1006.78,3.01177e-06,0.290983,4.99977,999.677,5.52889
0.00210261,1006.77,-1.90977e-06,0.290606,4.99977,999.678,5.52889
0.0021028,1006.77,-3.62516e-06,0.290239,4.99977,999.678,5.52889
0.002103,1006.77,3.58772e-07,0.289864,4.99977,999.678,5.52889
0.00210321,1006.76,3.7306e-06,0.289491,4.99977,999.678,5.52889
0.00210341,1006.76,1.89372e-06,0.289113,4.99977,999.679,5.52889
0.00210361,1006.75,-2.28901e-06,0.288737,4.99977,999.679,5.52889
0.00210381,1006.75,-2.59122e-06,0.288375,4.99977,999.679,5.52889
0.00210401,1006.75,1.32419e-06,0.288001,4.99977,999.679,5.52889
0.0021042,1006.74,3.21745e-06,0.287635,4.99977,999.679,5.52889
0.0021044,1006.74,-2.32242e-08,0.287269,4.99977,999.68,5.52889
0.00210461,1006.74,-2.58463e-06,0.28688,4.99977,999.68,5.52889
0.0021048,1006.74,-1.09319e-06,0.286527,4.99977,999.68,5.52889
0.002105,1006.73,2.28976e-06,0.286155,4.99977,999.68,5.52889
0.00210521,1006.73,2.46195e-06,0.285775,4.99977,999.681,5.52889
0.0021054,1006.72,-8.1593e-07,0.285408,4.99977,999.681,5.52889
0.00210561,1006.72,-2.43863e-06,0.285029,4.99977,999.681,5.52889
0.0021058,1006.72,-1.02454e-07,0.284669,4.99977,999.681,5.52889
0.00210602,1006.71,1.98419e-06,0.284272,4.99977,999.681,5.52889
0.00210621,1006.71,1.67546e-06,0.283915,4.99977,999.682,5.52889
0.0021064,1006.7,-1.48433e-06,0.283558,4.99977,999.682,5.52889
0.00210661,1006.7,-1.93381e-06,0.283174,4.99977,999.682,5.52889
0.0021068,1006.7,5.68175e-07,0.28281,4.99977,999.682,5.52889
0.00210701,1006.69,2.1247e-06,0.282429,4.99977,999.683,5.52889
0.0021072,1006.69,6.27631e-07,0.282069,4.99977,999.683,5.52889
0.00210742,1006.68,-1.26598e-06,0.281678,4.99977,999.683,5.52889
0.00210761,1006.68,-1.34899e-06,0.281317,4.99977,999.683,5.52889
0.0021078,1006.68,1.1419e-06,0.280959,4.99977,999.683,5.52889
0.00210801,1006.67,1.81867e-06,0.28058,4.99977,999.684,5.52889
0.00210821,1006.67,-1.48772e-08,0.280216,4.99977,999.684,5.52889
0.00210841,1006.67,-1.419e-06,0.27983,4.99977,999.684,5.52889
0.00210861,1006.67,-5.28847e-07,0.279476,4.99977,999.684,5.52889
0.00210881,1006.66,1.35054e-06,0.279106,4.99977,999.684,5.52889
0.00210901,1006.66,1.3876e-06,0.278728,4.99977,999.685,5.52889
0.0021092,1006.65,-6.81523e-07,0.278377,4.99977,999.685,5.52889
0.00210941,1006.65,-1.29501e-06,0.277988,4.99977,999.685,5.52889
0.0021096,1006.65,2.00968e-07,0.277635,4.99977,999.685,5.52889
0.00210982,1006.64,1.17909e-06,0.277233,4.99977,999.686,5.52889
0.00211,1006.64,6.90055e-07,0.276894,4.99977,999.686,5.52889
0.0021102,1006.63,-8.07721e-07,0.276522,4.99977,999.686,5.52889
0.00211041,1006.63,-1.00133e-06,0.276139,4.99977,999.686,5.52889
0.0021106,1006.63,5.59939e-07,0.275787,4.99977,999.686,5.52889
0.00211081,1006.62,1.23182e-06,0.275398,4.99977,999.687,5.52889
0.002111,1006.62,1.85237e-07,0.275052,4.99977,999.687,5.52889
0.0021112,1006.62,-8.86458e-07,0.27468,4.99977,999.687,5.52889
0.00211141,1006.61,-5.1171e-07,0.274307,4.99977,999.687,5.52889
0.00211161,1006.61,6.84794e-07,0.273933,4.99977,999.688,5.52889
0.0021118,1006.61,9.35035e-07,0.273581,4.99977,999.688,5.52889
0.002112,1006.6,-1.2876e-07,0.273207,4.99977,999.688,5.52889
0.0021122,1006.6,-7.96769e-07,0.272842,4.99977,999.688,5.52889
0.00211241,1006.6,-1.31144e-07,0.272467,4.99977,999.688,5.52889
0.00211261,1006.59,7.92377e-07,0.272089,4.99977,999.689,5.52889
0.0021128,1006.59,6.61151e-07,0.271736,4.99977,999.689,5.52889
0.002113,1006.58,-3.36255e-07,0.271366,4.99977,999.689,5.52889
0.0021132,1006.58,-6.18964e-07,0.270999,4.99977,999.689,5.52889
0.0021134,1006.58,2.39829e-07,0.270635,4.99977,999.689,5.52889
0.00211361,1006.57,8.3001e-07,0.270259,4.99977,999.69,5.52889
0.00211381,1006.57,4.45847e-07,0.269889,4.99977,999.69,5.52889
0.00211401,1006.57,-3.814e-07,0.269519,4.99977,999.69,5.52889
0.00211421,1006.56,-4.27748e-07,0.269156,4.99977,999.69,5.52889
0.0021144,1006.56,4.39603e-07,0.268799,4.99977,999.69,5.52889
0.00211461,1006.55,7.35644e-07,0.268423,4.99977,999.691,5.52889
0.0021148,1006.55,6.00692e-08,0.268071,4.99977,999.691,5.52889
0.00211502,1006.55,-3.99026e-07,0.267678,4.99977,999.691,5.52889
0.0021152,1006.54,-9.74245e-08,0.267338,4.99977,999.691,5.52889
0.00211541,1006.54,4.70035e-07,0.266953,4.99977,999.692,5.52889
0.00211561,1006.54,5.62268e-07,0.266598,4.99977,999.692,5.52889
0.0021158,1006.53,-1.22704e-07,0.266241,4.99977,999.692,5.52889
0.00211601,1006.53,-3.83804e-07,0.265862,4.99977,999.692,5.52889
0.0021162,1006.53,9.99138e-08,0.265507,4.99977,999.692,5.52889
0.00211642,1006.52,4.7566e-07,0.26511,4.99977,999.693,5.52889
0.00211661,1006.52,4.26311e-07,0.264761,4.99977,999.693,5.52889
0.0021168,1006.51,-2.13826e-07,0.264414,4.99977,999.693,5.52889
0.002117,1006.51,-2.40282e-07,0.264048,4.99977,999.693,5.52889
0.00211721,1006.51,2.07566e-07,0.263673,4.99977,999.693,5.52889
0.00211741,1006.5,5.15733e-07,0.263301,4.99977,999.694,5.52889
0.0021176,1006.5,1.88343e-07,0.262951,4.99977,999.694,5.52889
0.00211781,1006.5,-1.77773e-07,0.262568,4.99977,999.694,5.52889
0.00211801,1006.49,-1.26201e-07,0.262216,4.99977,999.694,5.52889
0.00211821,1006.49,2.79204e-07,0.261842,4.99977,999.695,5.52889
0.0021184,1006.49,4.35883e-07,0.261492,4.99977,999.695,5.52889
0.0021186,1006.48,4.37712e-08,0.261132,4.99977,999.695,5.52889
0.00211881,1006.48,-1.8572e-07,0.260746,4.99977,999.695,5.52889
0.002119,1006.47,3.19645e-08,0.260401,4.99977,999.695,5.52889
0.00211922,1006.47,3.15588e-07,0.260013,4.99977,999.696,5.52889
0.00211941,1006.47,3.6106e-07,0.259661,4.99977,999.696,5.52889
0.0021196,1006.46,-3.35535e-08,0.259313,4.99977,999.696,5.52889
0.0021198,1006.46,-1.41203e-07,0.258946,4.99977,999.696,5.52889
0.00212,1006.46,1.43969e-07,0.258584,4.99977,999.696,5.52889
0.00212021,1006.45,3.66336e-07,0.258214,4.99977,999.697,5.52889
0.00212041,1006.45,2.47555e-07,0.25785,4.99977,999.697,5.52889
0.0021206,1006.45,-8.33962e-08,0.257503,4.99977,999.697,5.52889
0.0021208,1006.44,-5.31882e-08,0.257134,4.99977,999.697,5.52889
0.002121,1006.44,2.35952e-07,0.256776,4.99977,999.697,5.52889
0.00212121,1006.43,3.37472e-07,0.2564,4.99977,999.698,5.52889
0.0021214,1006.43,1.08531e-07,0.256054,4.99977,999.698,5.52889
0.00212162,1006.43,-5.13257e-08,0.255665,4.99977,999.698,5.52889
0.0021218,1006.42,4.98962e-08,0.255329,4.99977,999.698,5.52889
0.00212201,1006.42,2.38659e-07,0.254947,4.99977,999.698,5.52889
0.0021222,1006.42,2.67495e-07,0.254604,4.99977,999.699,5.52889
0.0021224,1006.41,4.46449e-08,0.254246,4.99977,999.699,5.52889
0.0021226,1006.41,-3.93705e-08,0.253883,4.99977,999.699,5.52889
0.00212281,1006.41,1.07162e-07,0.253513,4.99977,999.699,5.52889
0.00212301,1006.4,2.69124e-07,0.253151,4.99977,999.699,5.52889
0.0021232,1006.4,2.00777e-07,0.252797,4.99977,999.7,5.52889
0.0021234,1006.4,8.88991e-09,0.252443,4.99977,999.7,5.52889
0.0021236,1006.39,1.08981e-08,0.252075,4.99977,999.7,5.52889
0.00212381,1006.39,1.52747e-07,0.251701,4.99977,999.7,5.52889
0.00212401,1006.38,2.53179e-07,0.251351,4.99977,999.701,5.52889
0.00212421,1006.38,1.43505e-07,0.25099,4.99977,999.701,5.52889
0.0021244,1006.38,9.00267e-09,0.250643,4.99977,999.701,5.52889
0.00212461,1006.37,7.16638e-08,0.250273,4.99977,999.701,5.52889
0.0021248,1006.37,2.16107e-07,0.249924,4.99977,999.701,5.52889
0.00212501,1006.37,2.09451e-07,0.249554,4.99977,999.702,5.52889
0.00212521,1006.36,9.03772e-08,0.249189,4.99977,999.702,5.52889
0.0021254,1006.36,4.36416e-08,0.248848,4.99977,999.702,5.52889
0.00212561,1006.36,1.29646e-07,0.248469,4.99977,999.702,5.52889
0.0021258,1006.35,2.09547e-07,0.248129,4.99977,999.702,5.52889
0.00212601,1006.35,1.5082e-07,0.247752,4.99977,999.703,5.52889
0.0021262,1006.34,5.58476e-08,0.247413,4.99977,999.703,5.52889
0.00212641,1006.34,1.0064e-07,0.247047,4.99977,999.703,5.52889
0.0021266,1006.34,1.85567e-07,0.246698,4.99977,999.703,5.52889
0.0021268,1006.33,1.58955e-07,0.246338,4.99977,999.703,5.52889
0.00212701,1006.33,9.78305e-08,0.245957,4.99977,999.704,5.52889
0.00212721,1006.33,8.66024e-08,0.245602,4.99977,999.704,5.52889
0.0021274,1006.32,1.57111e-07,0.24526,4.99977,999.704,5.52889
0.00212762,1006.32,1.67061e-07,0.24488,4.99977,999.704,5.52889
0.00212781,1006.32,1.16118e-07,0.244529,4.99977,999.704,5.52889
0.00212801,1006.31,9.83378e-08,0.244174,4.99977,999.705,5.52889
0.00212821,1006.31,1.38341e-07,0.243817,4.99977,999.705,5.52889
0.00212841,1006.31,1.55443e-07,0.243461,4.99977,999.705,5.52889
0.00212861,1006.3,1.24663e-07,0.243105,4.99977,999.705,5.52889
0.00212881,1006.3,1.09105e-07,0.242749,4.99977,999.705,5.52889
0.00212901,1006.29,1.33312e-07,0.242393,4.99977,999.706,5.52889
0.00212921,1006.29,1.47967e-07,0.242037,4.99977,999.706,5.52889
0.00212941,1006.29,1.29813e-07,0.241681,4.99977,999.706,5.52889
0.00212961,1006.28,1.1711e-07,0.241326,4.99977,999.706,5.52889
0.00212981,1006.28,1.31309e-07,0.240971,4.99977,999.706,5.52889
0.00213001,1006.28,1.42962e-07,0.240616,4.99977,999.707,5.52889
0.00213021,1006.27,1.32694e-07,0.240261,4.99977,999.707,5.52889
0.00213041,1006.27,1.22963e-07,0.239906,4.99977,999.707,5.52889
0.00213061,1006.27,1.30994e-07,0.239551,4.99977,999.707,5.52889
0.00213081,1006.26,1.39819e-07,0.239197,4.99977,999.707,5.52889
0.00213101,1006.26,1.34341e-07,0.238843,4.99977,999.708,5.52889
0.00213121,1006.25,1.2723e-07,0.238489,4.99977,999.708,5.52889
0.00213141,1006.25,1.31569e-07,0.238135,4.99977,999.708,5.52889
0.00213161,1006.25,1.38021e-07,0.237781,4.99977,999.708,5.52889
0.00213181,1006.24,1.35365e-07,0.237427,4.99977,999.708,5.52889
0.00213201,1006.24,1.30369e-07,0.237074,4.99977,999.709,5.52889
0.00213221,1006.24,1.32574e-07,0.236721,4.99977,999.709,5.52889
0.00213241,1006.23,1.3717e-07,0.236368,4.99977,999.709,5.52889
0.00213261,1006.23,1.36109e-07,0.236015,4.99977,999.709,5.52889
0.00213281,1006.23,1.32723e-07,0.235662,4.99977,999.709,5.52889
0.00213301,1006.22,1.3375e-07,0.235309,4.99977,999.71,5.52889
0.00213321,1006.22,1.36964e-07,0.234957,4.99977,999.71,5.52889
0.00213341,1006.22,1.3676e-07,0.234605,4.99977,999.71,5.52889
0.00213361,1006.21,1.34552e-07,0.234253,4.99977,999.71,5.52889
0.00213381,1006.21,1.34969e-07,0.233901,4.99977,999.71,5.52889
0.00213401,1006.21,1.37187e-07,0.233549,4.99977,999.711,5.52889
0.00213421,1006.2,1.37408e-07,0.233198,4.99977,999.711,5.52889
0.00213441,1006.2,1.36032e-07,0.232846,4.99977,999.711,5.52889
0.00213461,1006.19,1.36164e-07,0.232495,4.99977,999.711,5.52889
0.00213481,1006.19,1.37689e-07,0.232144,4.99977,999.711,5.52889
0.00213501,1006.19,1.38092e-07,0.231793,4.99977,999.712,5.52889
0.00213521,1006.18,1.37291e-07,0.231443,4.99977,999.712,5.52889
0.00213541,1006.18,1.37313e-07,0.231092,4.99977,999.712,5.52889
0.00213561,1006.18,1.38365e-07,0.230742,4.99977,999.712,5.52889
0.00213581,1006.17,1.38825e-07,0.230392,4.99977,999.712,5.52889
0.00213601,1006.17,1.38409e-07,0.230042,4.99977,999.713,5.52889
0.00213621,1006.17,1.38412e-07,0.229692,4.99977,999.713,5.52889
0.00213641,1006.16,1.39153e-07,0.229342,4.99977,999.713,5.52889
0.00213661,1006.16,1.39604e-07,0.228993,4.99977,999.713,5.52889
0.00213681,1006.16,1.39439e-07,0.228644,4.99977,999.713,5.52889
0.00213701,1006.15,1.39465e-07,0.228294,4.99977,999.714,5.52889
0.00213721,1006.15,1.40004e-07,0.227946,4.99977,999.714,5.52889
0.00213741,1006.14,1.40421e-07,0.227597,4.99977,999.714,5.52889
0.00213761,1006.14,1.40417e-07,0.227248,4.99977,999.714,5.52889
0.00213781,1006.14,1.40483e-07,0.2269,4.99977,999.714,5.52889
0.00213801,1006.13,1.40893e-07,0.226552,4.99977,999.715,5.52889
0.00213821,1006.13,1.41268e-07,0.226204,4.99977,999.715,5.52889
0.00213841,1006.13,1.41364e-07,0.225856,4.99977,999.715,5.52889
0.00213861,1006.12,1.41469e-07,0.225508,4.99977,999.715,5.52889
0.00213881,1006.12,1.41799e-07,0.225161,4.99977,999.715,5.52889
0.00213901,1006.12,1.42137e-07,0.224813,4.99977,999.716,5.52889
0.00213921,1006.11,1.42294e-07,0.224466,4.99977,999.716,5.52889
0.00213941,1006.11,1.42432e-07,0.224119,4.99977,999.716,5.52889
0.00213961,1006.11,1.42716e-07,0.223772,4.99977,999.716,5.52889
0.00213981,1006.1,1.43022e-07,0.223426,4.99977,999.716,5.52889
0.00214001,1006.1,1.43213e-07,0.223079,4.99977,999.717,5.52889
0.00214021,1006.1,1.43377e-07,0.222733,4.99977,999.717,5.52889
0.00214041,1006.09,1.43633e-07,0.222387,4.99977,999.717,5.52889
0.00214061,1006.09,1.43918e-07,0.222041,4.99977,999.717,5.52889
0.00214081,1006.08,1.44126e-07,0.221696,4.99977,999.717,5.52889
0.00214101,1006.08,1.44308e-07,0.22135,4.99977,999.717,5.52889
0.00214121,1006.08,1.4455e-07,0.221005,4.99977,999.718,5.52889
0.00214141,1006.07,1.44815e-07,0.220659,4.99977,999.718,5.52889
0.00214161,1006.07,1.45035e-07,0.220314,4.99977,999.718,5.52889
0.00214181,1006.07,1.45231e-07,0.21997,4.99977,999.718,5.52889
0.00214201,1006.06,1.45463e-07,0.219625,4.99977,999.718,5.52889
0.00214221,1006.06,1.45717e-07,0.219281,4.99977,999.719,5.52889
0.00214241,1006.06,1.4594e-07,0.218936,4.99977,999.719,5.52889
0.00214261,1006.05,1.46145e-07,0.218592,4.99977,999.719,5.52889
0.00214281,1006.05,1.46373e-07,0.218248,4.99977,999.719,5.52889
0.00214301,1006.05,1.46616e-07,0.217905,4.99977,999.719,5.52889
0.00214321,1006.04,1.46842e-07,0.217561,4.99977,999.72,5.52889
0.00214341,1006.04,1.47053e-07,0.217218,4.99977,999.72,5.52889
0.00214361,1006.04,1.47277e-07,0.216875,4.99977,999.72,5.52889
0.00214381,1006.03,1.47513e-07,0.216532,4.99977,999.72,5.52889
0.00214401,1006.03,1.4774e-07,0.216189,4.99977,999.72,5.52889
0.00214421,1006.03,1.47955e-07,0.215846,4.99977,999.721,5.52889
0.00214441,1006.02,1.48177e-07,0.215504,4.99977,999.721,5.52889
0.00214461,1006.02,1.48408e-07,0.215161,4.99977,999.721,5.52889
0.00214481,1006.01,1.48635e-07,0.214819,4.99977,999.721,5.52889
0.00214501,1006.01,1.48851e-07,0.214477,4.99977,999.721,5.52889
0.00214521,1006.01,1.49071e-07,0.214136,4.99977,999.722,5.52889
0.00214541,1006,1.49299e-07,0.213794,4.99977,999.722,5.52889
0.00214561,1006,1.49524e-07,0.213453,4.99977,999.722,5.52889
0.00214581,1006,1.4974e-07,0.213111,4.99977,999.722,5.52889
0.00214601,1005.99,1.4996e-07,0.21277,4.99977,999.722,5.52889
0.00214621,1005.99,1.50186e-07,0.21243,4.99977,999.722,5.52889
0.00214641,1005.99,1.50408e-07,0.212089,4.99977,999.723,5.52889
0.00214661,1005.98,1.50625e-07,0.211749,4.99977,999.723,5.52889
0.00214681,1005.98,1.50843e-07,0.211408,4.99977,999.723,5.52889
0.00214701,1005.98,1.51066e-07,0.211068,4.99977,999.723,5.52889
0.00214721,1005.97,1.51289e-07,0.210728,4.99977,999.723,5.52889
0.00214741,1005.97,1.51504e-07,0.210389,4.99977,999.724,5.52889
0.00214761,1005.97,1.51721e-07,0.210049,4.99977,999.724,5.52889
0.00214781,1005.96,1.51943e-07,0.20971,4.99977,999.724,5.52889
0.00214801,1005.96,1.52162e-07,0.209371,4.99977,999.724,5.52889
0.00214821,1005.96,1.52377e-07,0.209032,4.99977,999.724,5.52889
0.00214841,1005.95,1.52594e-07,0.208693,4.99977,999.725,5.52889
0.00214861,1005.95,1.52813e-07,0.208354,4.99977,999.725,5.52889
0.00214881,1005.94,1.53029e-07,0.208016,4.99977,999.725,5.52889
0.00214901,1005.94,1.53244e-07,0.207677,4.99977,999.725,5.52889
0.00214921,1005.94,1.5346e-07,0.207339,4.99977,999.725,5.52889
0.00214941,1005.93,1.53677e-07,0.207001,4.99977,999.726,5.52889
0.00214961,1005.93,1.53891e-07,0.206664,4.99977,999.726,5.52889
0.00214981,1005.93,1.54105e-07,0.206326,4.99977,999.726,5.52889
0.00215001,1005.92,1.54319e-07,0.205989,4.99977,999.726,5.52889
0.00215021,1005.92,1.54534e-07,0.205652,4.99977,999.726,5.52889
0.00215041,1005.92,1.54747e-07,0.205315,4.99977,999.726,5.52889
0.00215061,1005.91,1.54958e-07,0.204978,4.99977,999.727,5.52889
0.00215081,1005.91,1.55171e-07,0.204641,4.99977,999.727,5.52889
0.00215101,1005.91,1.55385e-07,0.204305,4.99977,999.727,5.52889
0.00215121,1005.9,1.55595e-07,0.203969,4.99977,999.727,5.52889
0.00215141,1005.9,1.55804e-07,0.203633,4.99977,999.727,5.52889
0.00215161,1005.9,1.56018e-07,0.203297,4.99977,999.728,5.52889
0.00215181,1005.89,1.56228e-07,0.202961,4.99977,999.728,5.52889
0.00215201,1005.89,1.56436e-07,0.202626,4.99977,999.728,5.52889
0.00215221,1005.89,1.56646e-07,0.202291,4.99977,999.728,5.52889
0.00215241,1005.88,1.56857e-07,0.201955,4.99977,999.728,5.52889
0.00215261,1005.88,1.57063e-07,0.20162,4.99977,999.729,5.52889
0.00215281,1005.88,1.5727e-07,0.201286,4.99977,999.729,5.52889
0.00215301,1005.87,1.57479e-07,0.200951,4.99977,999.729,5.52889
0.00215321,1005.87,1.57687e-07,0.200617,4.99977,999.729,5.52889
0.00215341,1005.86,1.57893e-07,0.200283,4.99977,999.729,5.52889
0.00215361,1005.86,1.58097e-07,0.199949,4.99977,999.729,5.52889
0.00215381,1005.86,1.58305e-07,0.199615,4.99977,999.73,5.52889
0.00215401,1005.85,1.58511e-07,0.199281,4.99977,999.73,5.52889
0.00215421,1005.85,1.58713e-07,0.198948,4.99977,999.73,5.52889
0.00215441,1005.85,1.58917e-07,0.198614,4.99977,999.73,5.52889
0.00215461,1005.84,1.59122e-07,0.198281,4.99977,999.73,5.52889
0.00215481,1005.84,1.59326e-07,0.197948,4.99977,999.731,5.52889
0.00215501,1005.84,1.59526e-07,0.197616,4.99977,999.731,5.52889
0.00215521,1005.83,1.59728e-07,0.197283,4.99977,999.731,5.52889
0.00215541,1005.83,1.59932e-07,0.196951,4.99977,999.731,5.52889
0.00215561,1005.83,1.60133e-07,0.196619,4.99977,999.731,5.52889
0.00215581,1005.82,1.60331e-07,0.196287,4.99977,999.731,5.52889
0.00215601,1005.82,1.6053e-07,0.195955,4.99977,999.732,5.52889
0.00215621,1005.82,1.60734e-07,0.195623,4.99977,999.732,5.52889
0.00215641,1005.81,1.60933e-07,0.195292,4.99977,999.732,5.52889
0.00215661,1005.81,1.61126e-07,0.194961,4.99977,999.732,5.52889
0.00215681,1005.81,1.61325e-07,0.19463,4.99977,999.732,5.52889
0.00215701,1005.8,1.61527e-07,0.194299,4.99977,999.733,5.52889
0.00215721,1005.8,1.61723e-07,0.193968,4.99977,999.733,5.52889
0.00215741,1005.8,1.61915e-07,0.193638,4.99977,999.733,5.52889
0.00215761,1005.79,1.62111e-07,0.193308,4.99977,999.733,5.52889
0.00215781,1005.79,1.6231e-07,0.192977,4.99977,999.733,5.52889
0.00215801,1005.79,1.62503e-07,0.192648,4.99977,999.733,5.52889
0.00215821,1005.78,1.62695e-07,0.192318,4.99977,999.734,5.52889
0.00215841,1005.78,1.62887e-07,0.191988,4.99977,999.734,5.52889
0.00215861,1005.77,1.63083e-07,0.191659,4.99977,999.734,5.52889
0.00215881,1005.77,1.63277e-07,0.19133,4.99977,999.734,5.52889
0.00215901,1005.77,1.63465e-07,0.191001,4.99977,999.734,5.52889
0.00215921,1005.76,1.63654e-07,0.190672,4.99977,999.735,5.52889
0.00215941,1005.76,1.63847e-07,0.190343,4.99977,999.735,5.52889
0.00215961,1005.76,1.6404e-07,0.190015,4.99977,999.735,5.52889
0.00215981,1005.75,1.64225e-07,0.189687,4.99977,999.735,5.52889
0.00216001,1005.75,1.64411e-07,0.189359,4.99977,999.735,5.52889
0.00216021,1005.75,1.64602e-07,0.189031,4.99977,999.735,5.52889
0.00216041,1005.74,1.64793e-07,0.188703,4.99977,999.736,5.52889
0.00216061,1005.74,1.64978e-07,0.188376,4.99977,999.736,5.52889
0.00216081,1005.74,1.6516e-07,0.188048,4.99977,999.736,5.52889
0.00216101,1005.73,1.65346e-07,0.187721,4.99977,999.736,5.52889
0.00216121,1005.73,1.65535e-07,0.187394,4.99977,999.736,5.52889
0.00216141,1005.73,1.6572e-07,0.187068,4.99977,999.737,5.52889
0.00216161,1005.72,1.659e-07,0.186741,4.99977,999.737,5.52889
0.00216181,1005.72,1.66081e-07,0.186415,4.99977,999.737,5.52889
0.00216201,1005.72,1.66267e-07,0.186088,4.99977,999.737,5.52889
0.00216221,1005.71,1.6645e-07,0.185762,4.99977,999.737,5.52889
0.00216241,1005.71,1.66631e-07,0.185437,4.99977,999.737,5.52889
0.00216261,1005.71,1.66807e-07,0.185111,4.99977,999.738,5.52889
0.00216281,1005.7,1.66987e-07,0.184786,4.99977,999.738,5.52889
0.00216301,1005.7,1.67171e-07,0.18446,4.99977,999.738,5.52889
0.00216321,1005.7,1.67349e-07,0.184135,4.99977,999.738,5.52889
0.00216341,1005.69,1.67523e-07,0.18381,4.99977,999.738,5.52889
0.00216361,1005.69,1.677e-07,0.183486,4.99977,999.739,5.52889
0.00216381,1005.69,1.67878e-07,0.183161,4.99977,999.739,5.52889
0.00216401,1005.68,1.68055e-07,0.182837,4.99977,999.739,5.52889
0.00216421,1005.68,1.68228e-07,0.182513,4.99977,999.739,5.52889
0.00216441,1005.68,1.68402e-07,0.182189,4.99977,999.739,5.52889
0.00216461,1005.67,1.68576e-07,0.181865,4.99977,999.739,5.52889
0.00216481,1005.67,1.68751e-07,0.181541,4.99977,999.74,5.52889
0.00216501,1005.67,1.68922e-07,0.181218,4.99977,999.74,5.52889
0.00216521,1005.66,1.69093e-07,0.180895,4.99977,999.74,5.52889
0.00216541,1005.66,1.69264e-07,0.180572,4.99977,999.74,5.52889
0.00216561,1005.65,1.69435e-07,0.180249,4.99977,999.74,5.52889
0.00216581,1005.65,1.69604e-07,0.179926,4.99977,999.741,5.52889
0.00216601,1005.65,1.69771e-07,0.179604,4.99977,999.741,5.52889
0.00216621,1005.64,1.69939e-07,0.179282,4.99977,999.741,5.52889
0.00216642,1005.64,1.70111e-07,0.178955,4.99977,999.741,5.52889
0.00216662,1005.64,1.70278e-07,0.178633,4.99977,999.741,5.52889
0.00216682,1005.63,1.70441e-07,0.178311,4.99977,999.741,5.52889
0.00216702,1005.63,1.70606e-07,0.17799,4.99977,999.742,5.52889
0.00216722,1005.63,1.70772e-07,0.177668,4.99977,999.742,5.52889
0.00216742,1005.62,1.70936e-07,0.177347,4.99977,999.742,5.52889
0.00216762,1005.62,1.71096e-07,0.177026,4.99977,999.742,5.52889
0.00216782,1005.62,1.71258e-07,0.176705,4.99977,999.742,5.52889
0.00216802,1005.61,1.71423e-07,0.176385,4.99977,999.742,5.52889
0.00216822,1005.61,1.71582e-07,0.176064,4.99977,999.743,5.52889
0.00216842,1005.61,1.71741e-07,0.175744,4.99977,999.743,5.52889
0.00216861,1005.6,1.71896e-07,0.175432,4.99977,999.743,5.52889
0.0021688,1.10935,0.545884,0.161976,4.99977,999.738,5.52889
0.002169,1.45714,0.716737,0.152845,4.99977,999.719,5.52889
0.0021692,1.80147,0.886077,0.150756,4.99977,999.695,5.52889
0.0021694,2.14571,1.05537,0.149061,4.99977,999.666,5.52889
0.0021696,2.48981,1.2246,0.147402,4.99977,999.632,5.52889
0.0021698,2.83378,1.39376,0.145763,4.99977,999.593,5.52889
0.00217,979.079,1.44959,0.145086,4.99977,999.549,5.52889
0.0021702,1241.32,-0.061067,0.190037,4.99977,999.547,5.52889
0.00217041,1158.67,0.221035,0.205104,4.99977,999.548,5.52889
0.0021706,852.085,0.211138,0.215345,4.99977,999.551,5.52889
0.00217081,798.246,-0.107398,0.222459,4.99977,999.551,5.52889
0.002171,1057.45,-0.270484,0.220864,4.99977,999.55,5.52889
0.0021712,1222.77,-0.0455783,0.217601,4.99977,999.549,5.52889
0.00217141,1119.55,0.230332,0.219864,4.99977,999.55,5.52889
0.00217161,871.878,0.206237,0.228252,4.99977,999.552,5.52889
0.0021718,830.781,-0.144833,0.235061,4.99977,999.553,5.52889
0.002172,1039.27,-0.256186,0.234061,4.99977,999.552,5.52889
0.0021722,1209.78,-0.0332496,0.230484,4.99977,999.551,5.52889
0.00217241,1116.36,0.211855,0.23269,4.99977,999.552,5.52889
0.0021726,857.88,0.165367,0.241288,4.99977,999.554,5.52889
0.0021728,836.181,-0.121774,0.24699,4.99977,999.554,5.52889
0.00217301,1041.01,-0.237859,0.245918,4.99977,999.553,5.52889
0.0021732,1197.61,-0.00618899,0.242375,4.99977,999.552,5.52889
0.0021734,1070.11,0.221056,0.245308,4.99977,999.553,5.52889
0.0021736,865.99,0.150372,0.25287,4.99977,999.555,5.52889
0.00217381,846.963,-0.109872,0.258113,4.99977,999.556,5.52889
0.002174,1070.73,-0.20991,0.256219,4.99977,999.554,5.52889
0.00217421,1183.71,-0.0135106,0.253956,4.99977,999.554,5.52889
0.00217441,1082.03,0.196461,0.256357,4.99977,999.555,5.52889
0.0021746,864.937,0.120564,0.264029,4.99977,999.557,5.52889
0.0021748,872.425,-0.127745,0.268401,4.99977,999.557,5.52889
0.002175,1071.37,-0.19169,0.266615,4.99977,999.556,5.52889
0.00217521,1170.76,0.00836779,0.264454,4.99977,999.556,5.52889
0.00217541,1066.11,0.18724,0.2671,4.99977,999.557,5.52889
0.0021756,867.128,0.0939527,0.274388,4.99977,999.558,5.52889
0.00217581,883.175,-0.118767,0.278121,4.99977,999.559,5.52889
0.00217601,1067.43,-0.176658,0.27647,4.99977,999.557,5.52889
0.0021762,1155.49,0.0382649,0.274226,4.99977,999.557,5.52889
0.0021764,1021.81,0.185037,0.277662,4.99977,999.558,5.52889
0.0021766,876.633,0.0838963,0.283789,4.99977,999.56,5.52889
0.00217681,894.566,-0.112689,0.287188,4.99977,999.56,5.52889
0.002177,1084.61,-0.148975,0.285012,4.99977,999.559,5.52889
0.0021772,1143.88,0.0376481,0.283629,4.99977,999.559,5.52889
0.00217741,1026.19,0.170051,0.28674,4.99977,999.56,5.52889
0.00217761,886.178,0.076262,0.292537,4.99977,999.561,5.52889
0.0021778,927.935,-0.133732,0.295325,4.99977,999.561,5.52889
0.002178,1081.14,-0.135634,0.293599,4.99977,999.56,5.52889
0.0021782,1127.37,0.0598655,0.292257,4.99977,999.56,5.52889
0.0021784,1001.49,0.158422,0.295758,4.99977,999.562,5.52889
0.0021786,887.046,0.0438515,0.301069,4.99977,999.563,5.52889
0.0021788,937.29,-0.126385,0.303211,4.99977,999.563,5.52889
0.00217901,1074.99,-0.12567,0.301703,4.99977,999.562,5.52889
0.0021792,1117.72,0.0569146,0.300451,4.99977,999.562,5.52889
0.0021794,999.835,0.14614,0.30375,4.99977,999.563,5.52889
0.0021796,892.36,0.0162134,0.308899,4.99977,999.564,5.52889
0.00217981,944.366,-0.118096,0.310583,4.99977,999.564,5.52889
0.00218,1091.88,-0.0920656,0.308424,4.99977,999.563,5.52889
0.00218021,1108.4,0.0552839,0.308074,4.99977,999.564,5.52889
0.0021804,984.978,0.132295,0.311476,4.99977,999.565,5.52889
0.0021806,901.154,0.0139636,0.315916,4.99977,999.566,5.52889
0.0021808,967.381,-0.121087,0.317131,4.99977,999.565,5.52889
0.002181,1086.63,-0.0833031,0.315439,4.99977,999.565,5.52889
0.00218121,1100.6,0.051323,0.315173,4.99977,999.565,5.52889
0.00218141,986.661,0.122104,0.318325,4.99977,999.566,5.52889
0.00218161,909.376,0.0129024,0.32243,4.99977,999.567,5.52889
0.0021818,974.958,-0.113958,0.323468,4.99977,999.567,5.52889
0.00218201,1079.45,-0.0785167,0.32205,4.99977,999.566,5.52889
0.0021822,1080.97,0.0733069,0.321727,4.99977,999.567,5.52889
0.0021824,970.954,0.105939,0.325089,4.99977,999.568,5.52889
0.0021826,916.527,-0.00476755,0.328615,4.99977,999.568,5.52889
0.00218281,975.783,-0.104381,0.329475,4.99977,999.568,5.52889
0.00218301,1075.07,-0.0708727,0.328091,4.99977,999.568,5.52889
0.0021832,1075.04,0.0681737,0.327844,4.99977,999.568,5.52889
0.0021834,973.776,0.0977679,0.330951,4.99977,999.569,5.52889
0.0021836,925.147,-0.0208163,0.3343,4.99977,999.57,5.52889
0.0021838,997.439,-0.102339,0.334583,4.99977,999.57,5.52889
0.002184,1080.48,-0.0455283,0.333247,4.99977,999.569,5.52889
0.00218421,1069.97,0.0627849,0.333505,4.99977,999.57,5.52889
0.00218441,976.446,0.0902556,0.336375,4.99977,999.571,5.52889
0.0021846,931.514,-0.0191005,0.339468,4.99977,999.571,5.52889
0.0021848,998.094,-0.0944287,0.339735,4.99977,999.571,5.52889
0.00218501,1074.86,-0.0421,0.338501,4.99977,999.571,5.52889
0.00218521,1065.28,0.0578127,0.338738,4.99977,999.571,5.52889
0.0021854,966.76,0.0751212,0.341703,4.99977,999.572,5.52889
0.00218561,937.392,-0.0175184,0.344242,4.99977,999.573,5.52889
0.0021858,1010.77,-0.0878055,0.344196,4.99977,999.572,5.52889
0.002186,1074.71,-0.0226361,0.343039,4.99977,999.572,5.52889
0.0021862,1045.36,0.0710599,0.343684,4.99977,999.573,5.52889
0.00218641,969.993,0.0693765,0.346299,4.99977,999.574,5.52889
0.0021866,946.358,-0.0309654,0.348676,4.99977,999.574,5.52889
0.0021868,1010.44,-0.0810404,0.3486,4.99977,999.574,5.52889
0.002187,1069.56,-0.0209471,0.347528,4.99977,999.574,5.52889
0.0021872,1042.57,0.0654971,0.348119,4.99977,999.574,5.52889
0.00218741,972.977,0.0640722,0.350528,4.99977,999.575,5.52889
0.0021876,951.059,-0.028415,0.35272,4.99977,999.576,5.52889
0.00218781,1010.14,-0.0747947,0.352649,4.99977,999.575,5.52889
0.002188,1066.57,-0.00769362,0.351474,4.99977,999.575,5.52889
0.00218821,1040,0.0603629,0.352192,4.99977,999.576,5.52889
0.0021884,964.911,0.0475087,0.35473,4.99977,999.577,5.52889
0.00218861,955.399,-0.0260624,0.356429,4.99977,999.577,5.52889
0.0021888,1019.79,-0.0674767,0.356097,4.99977,999.577,5.52889
0.002189,1062.04,-0.00715923,0.355269,4.99977,999.577,5.52889
0.0021892,1026.01,0.0629929,0.356078,4.99977,999.577,5.52889
0.0021894,968.306,0.0439454,0.358258,4.99977,999.578,5.52889
0.0021896,965.552,-0.0379782,0.359789,4.99977,999.578,5.52889
0.00218981,1018.79,-0.0622942,0.359511,4.99977,999.578,5.52889
0.00219,1058.1,0.00309543,0.358617,4.99977,999.578,5.52889
0.0021902,1024.7,0.0580902,0.359475,4.99977,999.579,5.52889
0.00219041,971.439,0.0406554,0.361478,4.99977,999.579,5.52889
0.0021906,968.703,-0.0348351,0.362886,4.99977,999.58,5.52889
0.0021908,1025.52,-0.0546052,0.362401,4.99977,999.58,5.52889
0.002191,1054.23,0.00280058,0.361786,4.99977,999.58,5.52889
0.00219121,1023.49,0.053565,0.362568,4.99977,999.58,5.52889
0.0021914,968.14,0.0268017,0.364624,4.99977,999.581,5.52889
0.00219161,971.613,-0.0319354,0.365699,4.99977,999.581,5.52889
0.0021918,1024.09,-0.0504226,0.365243,4.99977,999.581,5.52889
0.00219201,1050.66,0.00252917,0.364664,4.99977,999.581,5.52889
0.0021922,1012.5,0.0523301,0.365541,4.99977,999.582,5.52889
0.0021924,971.263,0.0248486,0.367259,4.99977,999.582,5.52889
0.00219261,974.3,-0.0292603,0.368243,4.99977,999.583,5.52889
0.0021928,1029.83,-0.0420415,0.367591,4.99977,999.582,5.52889
0.002193,1046.59,0.0100695,0.367191,4.99977,999.583,5.52889
0.0021932,1012.26,0.0482711,0.368061,4.99977,999.583,5.52889
0.00219341,974.211,0.0231893,0.369632,4.99977,999.584,5.52889
0.0021936,984.96,-0.0374937,0.370427,4.99977,999.584,5.52889
0.0021938,1028.04,-0.0388695,0.369922,4.99977,999.584,5.52889
0.00219401,1043.61,0.0092038,0.369538,4.99977,999.584,5.52889
0.0021942,1005.94,0.044794,0.370445,4.99977,999.585,5.52889
0.0021944,973.906,0.0129186,0.371896,4.99977,999.585,5.52889
0.0021946,986.545,-0.0344144,0.372488,4.99977,999.585,5.52889
0.00219481,1026.38,-0.0359423,0.372008,4.99977,999.585,5.52889
0.002195,1039,0.0160915,0.37159,4.99977,999.586,5.52889
0.0021952,1006.18,0.0413341,0.372459,4.99977,999.586,5.52889
0.00219541,976.591,0.0121411,0.373782,4.99977,999.587,5.52889
0.00219561,989.588,-0.0330346,0.374295,4.99977,999.587,5.52889
0.00219581,1025.09,-0.0330406,0.373855,4.99977,999.587,5.52889
0.002196,1036.52,0.0150506,0.373459,4.99977,999.587,5.52889
0.00219621,1006.32,0.0381389,0.374247,4.99977,999.588,5.52889
0.0021964,978.03,0.00609412,0.375516,4.99977,999.588,5.52889
0.00219661,990.871,-0.0303686,0.375912,4.99977,999.588,5.52889
0.0021968,1028.96,-0.0251471,0.375306,4.99977,999.588,5.52889
0.00219701,1034.34,0.0137935,0.375109,4.99977,999.588,5.52889
0.0021972,1001.52,0.0343679,0.375927,4.99977,999.589,5.52889
0.0021974,980.135,0.00393147,0.376993,4.99977,999.589,5.52889
0.0021976,997.4,-0.0315762,0.37723,4.99977,999.59,5.52889
0.0021978,1028.12,-0.02215,0.376718,4.99977,999.59,5.52889
0.002198,1029.56,0.0189545,0.376538,4.99977,999.59,5.52889
0.0021982,1001.76,0.0316442,0.377294,4.99977,999.59,5.52889
0.0021984,982.113,-0.000315767,0.378291,4.99977,999.591,5.52889
0.0021986,998.7,-0.0293875,0.378446,4.99977,999.591,5.52889
0.00219881,1026.56,-0.0204222,0.377966,4.99977,999.591,5.52889
0.002199,1027.97,0.0173319,0.377783,4.99977,999.591,5.52889
0.0021992,998.314,0.0276081,0.378559,4.99977,999.592,5.52889
0.0021994,984.11,-0.00119822,0.379372,4.99977,999.592,5.52889
0.00219961,999.446,-0.0271377,0.379489,4.99977,999.592,5.52889
0.0021998,1028.17,-0.013311,0.378896,4.99977,999.592,5.52889
0.00220001,1025.9,0.0168894,0.378843,4.99977,999.593,5.52889
0.0022002,999.027,0.0254657,0.37954,4.99977,999.593,5.52889
0.0022004,986.34,-0.00535343,0.380299,4.99977,999.594,5.52889
0.0022006,1005.07,-0.0266257,0.380256,4.99977,999.594,5.52889
0.0022008,1026.58,-0.0123356,0.379795,4.99977,999.594,5.52889
0.00220101,1024.56,0.0154886,0.379725,4.99977,999.594,5.52889
0.00220121,999.716,0.0235056,0.38035,4.99977,999.595,5.52889
0.0022014,987.99,-0.00489474,0.381031,4.99977,999.595,5.52889
0.0022016,1005.22,-0.0245578,0.380973,4.99977,999.595,5.52889
0.00220181,1025.1,-0.0114351,0.380528,4.99977,999.595,5.52889
0.00220201,1023.32,0.0141962,0.380442,4.99977,999.596,5.52889
0.0022022,997.208,0.0195867,0.381085,4.99977,999.596,5.52889
0.00220241,989.51,-0.00446579,0.381607,4.99977,999.596,5.52889
0.0022026,1008.54,-0.0228496,0.381462,4.99977,999.596,5.52889
0.0022028,1025.16,-0.00627088,0.381025,4.99977,999.597,5.52889
0.002203,1018.31,0.0178651,0.381034,4.99977,999.597,5.52889
0.0022032,998.076,0.0181166,0.381574,4.99977,999.597,5.52889
0.0022034,991.768,-0.0077986,0.38205,4.99977,999.598,5.52889
0.0022036,1008.36,-0.0210882,0.381884,4.99977,999.598,5.52889
0.0022038,1023.79,-0.00589095,0.381459,4.99977,999.598,5.52889
0.00220401,1017.66,0.0163325,0.381443,4.99977,999.598,5.52889
0.00220421,998.925,0.0167988,0.381918,4.99977,999.599,5.52889
0.00220441,992.906,-0.00686883,0.382338,4.99977,999.599,5.52889
0.00220461,1008.09,-0.0194616,0.38217,4.99977,999.599,5.52889
0.0022048,1022.95,-0.00327886,0.381719,4.99977,999.599,5.52889
0.002205,1014.45,0.0169383,0.381748,4.99977,999.6,5.52889
0.00220521,998.902,0.0148673,0.382151,4.99977,999.6,5.52889
0.00220541,993.968,-0.00595877,0.382494,4.99977,999.6,5.52889
0.0022056,1010.23,-0.0176778,0.382266,4.99977,999.601,5.52889
0.0022058,1021.95,-0.00079327,0.381854,4.99977,999.601,5.52889
0.002206,1012.57,0.0163103,0.381909,4.99977,999.601,5.52889
0.00220621,998.165,0.0121715,0.38228,4.99977,999.601,5.52889
0.00220641,996.003,-0.00816878,0.382532,4.99977,999.602,5.52889
0.0022066,1011.01,-0.0160267,0.38227,4.99977,999.602,5.52889
0.0022068,1020.83,0.00029843,0.381882,4.99977,999.602,5.52889
0.00220701,1013.35,0.014407,0.3819,4.99977,999.602,5.52889
0.0022072,997.854,0.00973312,0.382277,4.99977,999.603,5.52889
0.00220741,997.093,-0.00786239,0.382447,4.99977,999.603,5.52889
0.0022076,1011.47,-0.0144985,0.382165,4.99977,999.603,5.52889
0.0022078,1019.77,0.000726406,0.381799,4.99977,999.604,5.52889
0.002208,1010.53,0.0143105,0.381839,4.99977,999.604,5.52889
0.0022082,997.429,0.00661863,0.382171,4.99977,999.604,5.52889
0.0022084,999.457,-0.00976031,0.382244,4.99977,999.604,5.52889
0.0022086,1012.09,-0.012918,0.381944,4.99977,999.605,5.52889
0.0022088,1018.75,0.00145726,0.381602,4.99977,999.605,5.52889
0.002209,1009.38,0.0133838,0.38164,4.99977,999.605,5.52889
0.00220921,998.771,0.00720556,0.381878,4.99977,999.606,5.52889
0.00220941,999.471,-0.00803528,0.381949,4.99977,999.606,5.52889
0.0022096,1012.91,-0.0111656,0.381613,4.99977,999.606,5.52889
0.0022098,1017.68,0.00272113,0.381297,4.99977,999.606,5.52889
0.00221,1008.36,0.0124273,0.381336,4.99977,999.607,5.52889
0.00221021,998.929,0.00540865,0.381536,4.99977,999.607,5.52889
0.00221041,1000.78,-0.00833027,0.381546,4.99977,999.607,5.52889
0.0022106,1013.13,-0.00976985,0.381199,4.99977,999.607,5.52889
0.00221081,1016.77,0.0030144,0.3809,4.99977,999.608,5.52889
0.002211,1007.87,0.0114476,0.380923,4.99977,999.608,5.52889
0.0022112,998.953,0.00265122,0.381113,4.99977,999.608,5.52889
0.00221141,1001.86,-0.00829214,0.381051,4.99977,999.609,5.52889
0.00221161,1012.91,-0.00878217,0.380704,4.99977,999.609,5.52889
0.00221181,1016.01,0.00288308,0.38041,4.99977,999.609,5.52889
0.00221201,1007.79,0.0105224,0.380407,4.99977,999.609,5.52889
0.0022122,999.643,0.00237845,0.380556,4.99977,999.61,5.52889
0.0022124,1004.03,-0.0090764,0.380453,4.99977,999.61,5.52889
0.00221261,1012.23,-0.00828257,0.380134,4.99977,999.61,5.52889
0.00221281,1015.02,0.00375827,0.37983,4.99977,999.61,5.52889
0.00221301,1007.23,0.00964234,0.379817,4.99977,999.611,5.52889
0.0022132,1000.09,0.00029084,0.379942,4.99977,999.611,5.52889
0.0022134,1004.56,-0.00847163,0.37979,4.99977,999.611,5.52889
0.0022136,1013.63,-0.00549998,0.379421,4.99977,999.611,5.52889
0.00221381,1014.09,0.00428863,0.379169,4.99977,999.612,5.52889
0.00221401,1006.65,0.00877539,0.379146,4.99977,999.612,5.52889
0.0022142,1000.71,-0.000469983,0.379228,4.99977,999.612,5.52889
0.00221441,1005.2,-0.00798608,0.379046,4.99977,999.612,5.52889
0.0022146,1013.14,-0.00504399,0.378686,4.99977,999.613,5.52889
0.00221481,1013.57,0.00388577,0.378427,4.99977,999.613,5.52889
0.002215,1005.26,0.00756591,0.378424,4.99977,999.613,5.52889
0.0022152,1001.27,-0.000344076,0.378427,4.99977,999.614,5.52889
0.0022154,1006.71,-0.00777861,0.378216,4.99977,999.614,5.52889
0.00221561,1012.72,-0.00454906,0.377875,4.99977,999.614,5.52889
0.0022158,1012.11,0.00524544,0.377625,4.99977,999.614,5.52889
0.00221601,1005.57,0.00699711,0.377577,4.99977,999.615,5.52889
0.0022162,1001.86,-0.00114863,0.377567,4.99977,999.615,5.52889
0.00221641,1006.51,-0.00707114,0.37734,4.99977,999.615,5.52889
0.0022166,1012.82,-0.00306682,0.376978,4.99977,999.615,5.52889
0.0022168,1011.28,0.00533788,0.376747,4.99977,999.616,5.52889
0.00221701,1005.43,0.00626179,0.376676,4.99977,999.616,5.52889
0.0022172,1002.46,-0.00178399,0.376637,4.99977,999.616,5.52889
0.00221741,1007.08,-0.00656946,0.376385,4.99977,999.616,5.52889
0.00221761,1012.47,-0.00253465,0.37603,4.99977,999.617,5.52889
0.0022178,1010.67,0.00516512,0.3758,4.99977,999.617,5.52889
0.002218,1004.63,0.00501331,0.375737,4.99977,999.617,5.52889
0.00221821,1002.94,-0.00180702,0.375638,4.99977,999.618,5.52889
0.0022184,1008.29,-0.00599923,0.37536,4.99977,999.618,5.52889
0.0022186,1012.31,-0.00131888,0.375014,4.99977,999.618,5.52889
0.0022188,1010.03,0.00501992,0.374793,4.99977,999.618,5.52889
0.00221901,1004.99,0.00466704,0.374692,4.99977,999.619,5.52889
0.0022192,1003.61,-0.00251457,0.374585,4.99977,999.619,5.52889
0.0022194,1008.45,-0.0054233,0.37429,4.99977,999.619,5.52889
0.0022196,1011.96,-0.000529661,0.373945,4.99977,999.619,5.52889
0.0022198,1009.17,0.00495262,0.373734,4.99977,999.62,5.52889
0.00222,1004.45,0.00338586,0.37363,4.99977,999.62,5.52889
0.0022202,1004.31,-0.00299189,0.373474,4.99977,999.62,5.52889
0.0022204,1008.88,-0.00476782,0.373161,4.99977,999.62,5.52889
0.0022206,1011.57,0.00029635,0.372823,4.99977,999.621,5.52889
0.00222081,1009.1,0.0044613,0.372599,4.99977,999.621,5.52889
0.002221,1004.21,0.00212687,0.372508,4.99977,999.621,5.52889
0.00222121,1004.65,-0.00282076,0.372304,4.99977,999.621,5.52889
0.00222141,1008.87,-0.00428759,0.371986,4.99977,999.622,5.52889
0.0022216,1011.14,0.000830265,0.371651,4.99977,999.622,5.52889
0.0022218,1008.1,0.00435349,0.371442,4.99977,999.622,5.52889
0.00222201,1004.59,0.00213106,0.371296,4.99977,999.622,5.52889
0.0022222,1005.32,-0.00313332,0.371089,4.99977,999.623,5.52889
0.0022224,1009.62,-0.0033015,0.370753,4.99977,999.623,5.52889
0.0022226,1010.66,0.00141177,0.370434,4.99977,999.623,5.52889
0.0022228,1007.58,0.0039897,0.370224,4.99977,999.623,5.52889
0.002223,1004.55,0.0010022,0.37007,4.99977,999.624,5.52889
0.00222321,1005.52,-0.00283077,0.369822,4.99977,999.624,5.52889
0.00222341,1009.19,-0.00317754,0.369488,4.99977,999.624,5.52889
0.0022236,1010.25,0.00158695,0.369168,4.99977,999.624,5.52889
0.00222381,1007.59,0.00360505,0.36894,4.99977,999.625,5.52889
0.002224,1004.77,0.000499217,0.36878,4.99977,999.625,5.52889
0.0022242,1006.38,-0.00312322,0.368515,4.99977,999.625,5.52889
0.0022244,1009.71,-0.00210093,0.36817,4.99977,999.626,5.52889
0.00222461,1009.95,0.00147459,0.367854,4.99977,999.626,5.52889
0.00222481,1006.95,0.00316042,0.367641,4.99977,999.626,5.52889
0.00222501,1005,1.06759e-05,0.367448,4.99977,999.626,5.52889
0.0022252,1007.07,-0.00305821,0.367166,4.99977,999.627,5.52889
0.0022254,1009.74,-0.00138297,0.366817,4.99977,999.627,5.52889
0.0022256,1009.13,0.0022463,0.366523,4.99977,999.627,5.52889
0.00222581,1006.86,0.00279733,0.366278,4.99977,999.627,5.52889
0.002226,1005.32,-0.00069779,0.366082,4.99977,999.628,5.52889
0.00222621,1007.18,-0.00275749,0.365775,4.99977,999.628,5.52889
0.0022264,1009.65,-0.000743162,0.365429,4.99977,999.628,5.52889
0.00222661,1009.01,0.00194516,0.365124,4.99977,999.628,5.52889
0.0022268,1006.16,0.00198069,0.364914,4.99977,999.629,5.52889
0.00222701,1005.61,-0.000915087,0.364666,4.99977,999.629,5.52889
0.00222721,1007.58,-0.00249879,0.364349,4.99977,999.629,5.52889
0.0022274,1009.48,-0.000216391,0.364006,4.99977,999.629,5.52889
0.00222761,1008.48,0.00205817,0.363707,4.99977,999.63,5.52889
0.0022278,1006.09,0.00151543,0.363482,4.99977,999.63,5.52889
0.002228,1006.12,-0.00147276,0.363226,4.99977,999.63,5.52889
0.00222821,1008.04,-0.00212453,0.36289,4.99977,999.63,5.52889
0.0022284,1009.24,0.000121911,0.362548,4.99977,999.631,5.52889
0.00222861,1008.05,0.0020034,0.362255,4.99977,999.631,5.52889
0.0022288,1006.04,0.000982494,0.36202,4.99977,999.631,5.52889
0.002229,1006.47,-0.00156059,0.361742,4.99977,999.631,5.52889
0.00222921,1008.21,-0.0017536,0.361398,4.99977,999.632,5.52889
0.00222941,1008.99,0.000435318,0.36106,4.99977,999.632,5.52889
0.00222961,1007.58,0.0018675,0.360775,4.99977,999.632,5.52889
0.0022298,1006.06,0.000426636,0.360526,4.99977,999.632,5.52889
0.00223001,1006.58,-0.00137007,0.360217,4.99977,999.633,5.52889
0.0022302,1008.55,-0.00110543,0.359882,4.99977,999.633,5.52889
0.00223041,1008.67,0.000784034,0.359546,4.99977,999.633,5.52889
0.00223061,1007.13,0.00158856,0.359268,4.99977,999.633,5.52889
0.0022308,1006.19,-9.55016e-05,0.359001,4.99977,999.634,5.52889
0.002231,1007.2,-0.00152013,0.358683,4.99977,999.634,5.52889
0.00223121,1008.49,-0.000802854,0.358331,4.99977,999.634,5.52889
0.0022314,1008.19,0.00115403,0.358016,4.99977,999.634,5.52889
0.0022316,1006.76,0.00113984,0.357737,4.99977,999.635,5.52889
0.0022318,1006.42,-0.000539173,0.357447,4.99977,999.635,5.52889
0.002232,1007.58,-0.0013433,0.357114,4.99977,999.635,5.52889
0.0022322,1008.48,-0.000233141,0.356764,4.99977,999.635,5.52889
0.0022324,1007.85,0.00116931,0.35645,4.99977,999.636,5.52889
0.00223261,1006.69,0.00082813,0.356158,4.99977,999.636,5.52889
0.00223281,1006.62,-0.000651303,0.355854,4.99977,999.636,5.52889
0.00223301,1007.77,-0.00109274,0.355517,4.99977,999.636,5.52889
0.0022332,1008.32,0.000231584,0.355176,4.99977,999.637,5.52889
0.00223341,1007.67,0.00105782,0.354846,4.99977,999.637,5.52889
0.00223361,1006.62,0.000407722,0.354563,4.99977,999.637,5.52889
0.0022338,1006.99,-0.000894363,0.354252,4.99977,999.637,5.52889
0.002234,1007.96,-0.000746287,0.353902,4.99977,999.638,5.52889
0.00223421,1008.12,0.000412229,0.353557,4.99977,999.638,5.52889
0.00223441,1007.27,0.000935481,0.353246,4.99977,999.638,5.52889
0.00223461,1006.66,1.34245e-05,0.352945,4.99977,999.638,5.52889
0.00223481,1007.07,-0.000790768,0.352602,4.99977,999.639,5.52889
0.00223501,1007.99,-0.000450473,0.352262,4.99977,999.639,5.52889
0.00223521,1007.9,0.000546496,0.351919,4.99977,999.639,5.52889
0.00223541,1007.05,0.000695708,0.351614,4.99977,999.639,5.52889
0.00223561,1006.78,-0.000239438,0.351297,4.99977,999.64,5.52889
0.00223581,1007.36,-0.000764123,0.350953,4.99977,999.64,5.52889
0.002236,1007.97,-2.50152e-05,0.350614,4.99977,999.64,5.52889
0.00223621,1007.68,0.000606252,0.350263,4.99977,999.64,5.52889
0.0022364,1006.89,0.000362616,0.349966,4.99977,999.641,5.52889
0.00223661,1006.96,-0.00044448,0.349634,4.99977,999.641,5.52889
0.00223681,1007.52,-0.000624407,0.349276,4.99977,999.641,5.52889
0.002237,1007.84,0.000217379,0.348944,4.99977,999.641,5.52889
0.0022372,1007.32,0.00061264,0.348614,4.99977,999.642,5.52889
0.00223741,1006.89,0.00014415,0.348284,4.99977,999.642,5.52889
0.00223762,1007.05,-0.000434841,0.347933,4.99977,999.642,5.52889
0.00223781,1007.66,-0.000396083,0.347592,4.99977,999.642,5.52889
0.002238,1007.67,0.000355123,0.347256,4.99977,999.643,5.52889
0.00223821,1007.22,0.000503025,0.346913,4.99977,999.643,5.52889
0.0022384,1006.94,-0.000100657,0.346594,4.99977,999.643,5.52889
0.00223861,1007.21,-0.000467758,0.346232,4.99977,999.643,5.52889
0.0022388,1007.7,-0.000119713,0.345895,4.99977,999.644,5.52889
0.00223901,1007.57,0.000340304,0.345533,4.99977,999.644,5.52889
0.00223921,1007.08,0.000329407,0.345213,4.99977,999.644,5.52889
0.0022394,1007.03,-0.0002386,0.34488,4.99977,999.644,5.52889
0.00223961,1007.37,-0.000414568,0.344518,4.99977,999.645,5.52889
0.0022398,1007.63,6.19262e-05,0.344178,4.99977,999.645,5.52889
0.00224,1007.33,0.000394147,0.343837,4.99977,999.645,5.52889
0.00224021,1007.03,0.00017587,0.343488,4.99977,999.645,5.52889
0.00224041,1007.1,-0.000269372,0.343141,4.99977,999.646,5.52889
0.0022406,1007.49,-0.000266116,0.342798,4.99977,999.646,5.52889
0.0022408,1007.53,0.000189864,0.342448,4.99977,999.646,5.52889
0.00224101,1007.25,0.000333457,0.342094,4.99977,999.646,5.52889
0.0022412,1007.02,1.11819e-06,0.341758,4.99977,999.646,5.52889
0.00224142,1007.15,-0.000270008,0.341386,4.99977,999.647,5.52889
0.0022416,1007.49,-0.000148038,0.341048,4.99977,999.647,5.52889
0.00224181,1007.44,0.000209448,0.340691,4.99977,999.647,5.52889
0.002242,1007.12,0.000221374,0.340359,4.99977,999.647,5.52889
0.0022422,1007.07,-0.000120138,0.340011,4.99977,999.648,5.52889
0.00224241,1007.24,-0.000269313,0.339635,4.99977,999.648,5.52889
0.0022426,1007.47,-1.5948e-07,0.339299,4.99977,999.648,5.52889
0.00224281,1007.36,0.000220019,0.338926,4.99977,999.648,5.52889
0.00224301,1007.1,0.00015949,0.338584,4.99977,999.649,5.52889
0.0022432,1007.12,-0.000171064,0.338244,4.99977,999.649,5.52889
0.00224341,1007.3,-0.00021955,0.33787,4.99977,999.649,5.52889
0.0022436,1007.41,8.26141e-05,0.33753,4.99977,999.649,5.52889
0.00224382,1007.28,0.000211003,0.337151,4.99977,999.65,5.52889
0.002244,1007.07,3.49538e-05,0.336824,4.99977,999.65,5.52889
0.00224421,1007.15,-0.00017408,0.336458,4.99977,999.65,5.52889
0.00224441,1007.35,-0.00013362,0.3361,4.99977,999.65,5.52889
0.00224461,1007.36,9.72293e-05,0.335736,4.99977,999.651,5.52889
0.0022448,1007.16,0.000172255,0.33539,4.99977,999.651,5.52889
0.002245,1007.08,-4.85803e-05,0.335045,4.99977,999.651,5.52889
0.00224521,1007.2,-0.000173686,0.334676,4.99977,999.651,5.52889
0.00224541,1007.34,-5.36757e-05,0.334315,4.99977,999.652,5.52889
0.0022456,1007.27,0.000141283,0.333957,4.99977,999.652,5.52889
0.0022458,1007.11,0.000104346,0.333607,4.99977,999.652,5.52889
0.002246,1007.09,-8.05074e-05,0.333244,4.99977,999.652,5.52889
0.00224621,1007.21,-0.000148299,0.332869,4.99977,999.653,5.52889
0.00224641,1007.31,9.75963e-06,0.332518,4.99977,999.653,5.52889
0.00224661,1007.22,0.0001361,0.332154,4.99977,999.653,5.52889
0.0022468,1007.08,4.37815e-05,0.331809,4.99977,999.653,5.52889
0.002247,1007.13,-0.000112204,0.331449,4.99977,999.653,5.52889
0.00224721,1007.23,-0.000109251,0.331068,4.99977,999.654,5.52889
0.0022474,1007.26,6.26894e-05,0.330719,4.99977,999.654,5.52889
0.00224761,1007.17,0.000119635,0.330342,4.99977,999.654,5.52889
0.00224781,1007.07,3.8818e-06,0.329994,4.99977,999.654,5.52889
0.00224802,1007.11,-9.42268e-05,0.32961,4.99977,999.655,5.52889
0.00224821,1007.23,-5.73152e-05,0.329263,4.99977,999.655,5.52889
0.00224841,1007.22,6.80764e-05,0.328892,4.99977,999.655,5.52889
0.00224861,1007.11,8.63813e-05,0.32854,4.99977,999.655,5.52889
0.0022488,1007.07,-3.46722e-05,0.328179,4.99977,999.656,5.52889
0.00224901,1007.15,-9.56147e-05,0.327814,4.99977,999.656,5.52889
0.0022492,1007.22,-8.57453e-06,0.327449,4.99977,999.656,5.52889
0.0022494,1007.16,8.73573e-05,0.327091,4.99977,999.656,5.52889
0.00224961,1007.08,5.88826e-05,0.326713,4.99977,999.657,5.52889
0.0022498,1007.08,-6.07743e-05,0.326362,4.99977,999.657,5.52889
0.00225001,1007.15,-7.57366e-05,0.325986,4.99977,999.657,5.52889
0.0022502,1007.18,2.23292e-05,0.325626,4.99977,999.657,5.52889
0.00225041,1007.13,7.52261e-05,0.32524,4.99977,999.657,5.52889
0.0022506,1007.06,1.28402e-05,0.324899,4.99977,999.658,5.52889
0.00225081,1007.08,-6.05997e-05,0.324519,4.99977,999.658,5.52889
0.002251,1007.15,-4.59623e-05,0.324161,4.99977,999.658,5.52889
0.00225121,1007.15,3.29349e-05,0.323783,4.99977,999.658,5.52889
0.00225141,1007.09,6.34382e-05,0.323421,4.99977,999.659,5.52889
0.0022516,1007.05,-1.33453e-05,0.323065,4.99977,999.659,5.52889
0.00225181,1007.08,-5.98186e-05,0.322681,4.99977,999.659,5.52889
0.002252,1007.14,-1.34431e-05,0.322333,4.99977,999.659,5.52889
0.00225221,1007.11,4.77975e-05,0.321953,4.99977,999.66,5.52889
0.0022524,1007.05,3.77685e-05,0.321598,4.99977,999.66,5.52889
0.0022526,1007.04,-2.86507e-05,0.321226,4.99977,999.66,5.52889
0.00225281,1007.08,-5.31478e-05,0.320842,4.99977,999.66,5.52889
0.002253,1007.11,2.87354e-06,0.320485,4.99977,999.661,5.52889
0.00225321,1007.08,4.81655e-05,0.32011,4.99977,999.661,5.52889
0.0022534,1007.03,2.06592e-05,0.319749,4.99977,999.661,5.52889
0.00225361,1007.04,-3.53899e-05,0.319377,4.99977,999.661,5.52889
0.00225381,1007.07,-4.04763e-05,0.318998,4.99977,999.661,5.52889
0.002254,1007.08,2.02609e-05,0.318644,4.99977,999.662,5.52889
0.0022542,1007.04,4.15893e-05,0.318278,4.99977,999.662,5.52889
0.0022544,1007.01,-2.04767e-06,0.317911,4.99977,999.662,5.52889
0.00225461,1007.03,-3.82447e-05,0.317533,4.99977,999.662,5.52889
0.0022548,1007.07,-1.68286e-05,0.317169,4.99977,999.663,5.52889
0.002255,1007.06,2.83841e-05,0.316795,4.99977,999.663,5.52889
0.00225521,1007.02,3.28018e-05,0.316417,4.99977,999.663,5.52889
0.00225541,1007,-1.01461e-05,0.316051,4.99977,999.663,5.52889
0.00225561,1007.02,-3.37312e-05,0.315665,4.99977,999.664,5.52889
0.0022558,1007.05,-3.9908e-06,0.315314,4.99977,999.664,5.52889
0.002256,1007.03,3.00469e-05,0.314942,4.99977,999.664,5.52889
0.0022562,1006.99,1.79406e-05,0.314574,4.99977,999.664,5.52889
0.00225641,1006.99,-1.879e-05,0.314199,4.99977,999.664,5.52889
0.00225661,1007.01,-2.8248e-05,0.313816,4.99977,999.665,5.52889
0.0022568,1007.02,8.8466e-06,0.313464,4.99977,999.665,5.52889
0.00225701,1007,2.76437e-05,0.313084,4.99977,999.665,5.52889
0.0022572,1006.97,6.83198e-06,0.312717,4.99977,999.665,5.52889
0.00225742,1006.98,-1.8827e-05,0.312326,4.99977,999.666,5.52889
0.00225761,1007,-1.8783e-05,0.311965,4.99977,999.666,5.52889
0.0022578,1007,1.53082e-05,0.311607,4.99977,999.666,5.52889
0.002258,1006.97,2.10634e-05,0.31124,4.99977,999.666,5.52889
0.0022582,1006.96,-3.32551e-06,0.310861,4.99977,999.667,5.52889
0.0022584,1006.97,-2.19384e-05,0.31049,4.99977,999.667,5.52889
0.0022586,1006.99,-6.07455e-06,0.31012,4.99977,999.667,5.52889
0.00225881,1006.98,1.4611e-05,0.309727,4.99977,999.667,5.52889
0.00225901,1006.95,1.56003e-05,0.309369,4.99977,999.667,5.52889
0.00225921,1006.94,-8.25856e-06,0.308995,4.99977,999.668,5.52889
0.0022594,1006.96,-1.81873e-05,0.308629,4.99977,999.668,5.52889
0.0022596,1006.96,2.71794e-06,0.308264,4.99977,999.668,5.52889
0.00225982,1006.95,1.52576e-05,0.307858,4.99977,999.668,5.52889
0.00226001,1006.93,8.26931e-06,0.307508,4.99977,999.669,5.52889
0.00226021,1006.93,-1.174e-05,0.307132,4.99977,999.669,5.52889
0.0022604,1006.94,-1.21628e-05,0.306772,4.99977,999.669,5.52889
0.0022606,1006.94,6.86944e-06,0.306397,4.99977,999.669,5.52889
0.0022608,1006.93,1.4765e-05,0.306031,4.99977,999.669,5.52889
0.002261,1006.91,-9.08463e-09,0.305656,4.99977,999.67,5.52889
0.00226121,1006.92,-1.23784e-05,0.305263,4.99977,999.67,5.52889
0.0022614,1006.93,-5.89517e-06,0.304913,4.99977,999.67,5.52889
0.0022616,1006.92,1.01428e-05,0.304537,4.99977,999.67,5.52889
0.00226181,1006.9,1.1649e-05,0.304156,4.99977,999.671,5.52889
0.00226201,1006.9,-3.65191e-06,0.303787,4.99977,999.671,5.52889
0.00226221,1006.9,-1.19864e-05,0.303402,4.99977,999.671,5.52889
0.00226241,1006.91,-1.87756e-06,0.303042,4.99977,999.671,5.52889
0.00226261,1006.9,9.87273e-06,0.302659,4.99977,999.672,5.52889
0.00226281,1006.88,7.45171e-06,0.302291,4.99977,999.672,5.52889
0.002263,1006.88,-7.57748e-06,0.301932,4.99977,999.672,5.52889
0.00226321,1006.89,-9.42139e-06,0.301549,4.99977,999.672,5.52889
0.0022634,1006.89,2.84699e-06,0.301183,4.99977,999.672,5.52889
0.00226361,1006.88,9.52356e-06,0.300789,4.99977,999.673,5.52889
0.0022638,1006.87,1.671e-06,0.300441,4.99977,999.673,5.52889
0.00226401,1006.86,-7.47675e-06,0.300054,4.99977,999.673,5.52889
0.0022642,1006.87,-5.71277e-06,0.29969,4.99977,999.673,5.52889
0.00226441,1006.87,4.15005e-06,0.299307,4.99977,999.674,5.52889
0.00226461,1006.86,8.09092e-06,0.298937,4.99977,999.674,5.52889
0.0022648,1006.85,-1.42682e-06,0.298575,4.99977,999.674,5.52889
0.00226502,1006.85,-7.12039e-06,0.298177,4.99977,999.674,5.52889
0.00226521,1006.85,-2.70551e-06,0.297823,4.99977,999.674,5.52889
0.00226541,1006.85,6.21776e-06,0.297453,4.99977,999.675,5.52889
0.00226561,1006.84,6.04945e-06,0.297069,4.99977,999.675,5.52889
0.00226581,1006.83,-3.23209e-06,0.296707,4.99977,999.675,5.52889
0.002266,1006.83,-6.27303e-06,0.296338,4.99977,999.675,5.52889
0.0022662,1006.83,4.53958e-07,0.295963,4.99977,999.676,5.52889
0.00226641,1006.83,6.1573e-06,0.295586,4.99977,999.676,5.52889
0.0022666,1006.82,2.10492e-06,0.295226,4.99977,999.676,5.52889
0.0022668,1006.81,-4.69893e-06,0.29485,4.99977,999.676,5.52889
0.00226701,1006.82,-4.70836e-06,0.294467,4.99977,999.676,5.52889
0.0022672,1006.81,2.94468e-06,0.294109,4.99977,999.677,5.52889
0.00226741,1006.81,5.43885e-06,0.293723,4.99977,999.677,5.52889
0.0022676,1006.8,-2.31472e-07,0.293365,4.99977,999.677,5.52889
0.0022678,1006.8,-4.71202e-06,0.292985,4.99977,999.677,5.52889
0.002268,1006.8,-1.93761e-06,0.292618,4.99977,999.678,5.52889
0.0022682,1006.79,3.73137e-06,0.292244,4.99977,999.678,5.52889
0.00226841,1006.79,4.109e-06,0.291863,4.99977,999.678,5.52889
0.0022686,1006.78,-1.3627e-06,0.291495,4.99977,999.678,5.52889
0.00226881,1006.78,-4.18123e-06,0.291115,4.99977,999.678,5.52889
0.002269,1006.78,-2.57205e-07,0.290755,4.99977,999.679,5.52889
0.00226922,1006.78,3.2045e-06,0.290356,4.99977,999.679,5.52889
0.0022694,1006.77,2.06407e-06,0.290016,4.99977,999.679,5.52889
0.0022696,1006.76,-2.49472e-06,0.289639,4.99977,999.679,5.52889
0.00226981,1006.76,-3.36407e-06,0.289254,4.99977,999.68,5.52889
0.00227001,1006.76,8.74106e-07,0.288891,4.99977,999.68,5.52889
0.00227021,1006.76,3.48238e-06,0.288507,4.99977,999.68,5.52889
0.00227041,1006.75,1.05653e-06,0.288146,4.99977,999.68,5.52889
0.0022706,1006.75,-2.81858e-06,0.287781,4.99977,999.68,5.52889
0.0022708,1006.75,-1.83044e-06,0.287411,4.99977,999.681,5.52889
0.00227101,1006.74,1.80701e-06,0.287033,4.99977,999.681,5.52889
0.00227121,1006.74,3.0011e-06,0.286652,4.99977,999.681,5.52889
0.0022714,1006.73,-4.57787e-07,0.286297,4.99977,999.681,5.52889
0.00227162,1006.73,-2.40562e-06,0.285897,4.99977,999.682,5.52889
0.00227181,1006.73,-1.00582e-06,0.285544,4.99977,999.682,5.52889
0.00227201,1006.72,2.1452e-06,0.285172,4.99977,999.682,5.52889
0.0022722,1006.72,1.82434e-06,0.284815,4.99977,999.682,5.52889
0.0022724,1006.71,-1.15754e-06,0.28444,4.99977,999.682,5.52889
0.00227261,1006.71,-2.26262e-06,0.284048,4.99977,999.683,5.52889
0.0022728,1006.71,2.6333e-07,0.283698,4.99977,999.683,5.52889
0.002273,1006.7,2.30404e-06,0.283328,4.99977,999.683,5.52889
0.00227321,1006.7,1.14579e-06,0.282951,4.99977,999.683,5.52889
0.00227341,1006.69,-1.38156e-06,0.282577,4.99977,999.683,5.52889
0.0022736,1006.69,-1.48748e-06,0.282216,4.99977,999.684,5.52889
0.0022738,1006.69,8.55185e-07,0.281841,4.99977,999.684,5.52889
0.002274,1006.68,1.97457e-06,0.281478,4.99977,999.684,5.52889
0.0022742,1006.68,2.93734e-07,0.281101,4.99977,999.684,5.52889
0.00227441,1006.68,-1.55046e-06,0.280728,4.99977,999.685,5.52889
0.00227461,1006.68,-9.36809e-07,0.280356,4.99977,999.685,5.52889
0.00227481,1006.67,1.07383e-06,0.27998,4.99977,999.685,5.52889
0.002275,1006.67,1.50728e-06,0.279625,4.99977,999.685,5.52889
0.00227521,1006.66,-2.53356e-07,0.279248,4.99977,999.685,5.52889
0.0022754,1006.66,-1.42348e-06,0.278884,4.99977,999.686,5.52889
0.00227561,1006.66,-2.51279e-07,0.278509,4.99977,999.686,5.52889
0.00227581,1006.65,1.26944e-06,0.278129,4.99977,999.686,5.52889
0.002276,1006.65,1.02473e-06,0.277772,4.99977,999.686,5.52889
0.00227621,1006.64,-6.32333e-07,0.277399,4.99977,999.686,5.52889
0.0022764,1006.64,-1.10306e-06,0.277035,4.99977,999.687,5.52889
0.0022766,1006.64,3.86188e-07,0.276669,4.99977,999.687,5.52889
0.00227681,1006.63,1.33272e-06,0.276293,4.99977,999.687,5.52889
0.002277,1006.63,3.8624e-07,0.275935,4.99977,999.687,5.52889
0.00227721,1006.63,-7.44715e-07,0.275546,4.99977,999.688,5.52889
0.00227741,1006.62,-7.53525e-07,0.275185,4.99977,999.688,5.52889
0.0022776,1006.62,7.41839e-07,0.274828,4.99977,999.688,5.52889
0.00227781,1006.62,1.13656e-06,0.274451,4.99977,999.688,5.52889
0.002278,1006.61,8.69718e-09,0.274089,4.99977,999.688,5.52889
0.00227821,1006.61,-8.14108e-07,0.273704,4.99977,999.689,5.52889
0.0022784,1006.61,-2.8702e-07,0.273349,4.99977,999.689,5.52889
0.0022786,1006.6,8.60065e-07,0.272983,4.99977,999.689,5.52889
0.00227881,1006.6,8.80408e-07,0.272606,4.99977,999.689,5.52889
0.002279,1006.59,-2.43617e-07,0.272245,4.99977,999.689,5.52889
0.00227921,1006.59,-7.338e-07,0.271867,4.99977,999.69,5.52889
0.0022794,1006.59,1.36478e-07,0.271516,4.99977,999.69,5.52889
0.00227962,1006.58,7.38122e-07,0.271115,4.99977,999.69,5.52889
0.0022798,1006.58,4.67937e-07,0.270781,4.99977,999.69,5.52889
0.00228,1006.57,-4.31783e-07,0.27041,4.99977,999.691,5.52889
0.00228021,1006.57,-5.70892e-07,0.270026,4.99977,999.691,5.52889
0.0022804,1006.57,3.42792e-07,0.269675,4.99977,999.691,5.52889
0.00228062,1006.56,7.76654e-07,0.269286,4.99977,999.691,5.52889
0.00228081,1006.56,2.85267e-07,0.268935,4.99977,999.691,5.52889
0.00228101,1006.56,-4.60829e-07,0.268571,4.99977,999.692,5.52889
0.00228121,1006.55,-2.98844e-07,0.268202,4.99977,999.692,5.52889
0.00228141,1006.55,4.0182e-07,0.267827,4.99977,999.692,5.52889
0.0022816,1006.55,6.41922e-07,0.267477,4.99977,999.692,5.52889
0.0022818,1006.54,-1.06323e-08,0.267111,4.99977,999.692,5.52889
0.00228201,1006.54,-4.25204e-07,0.266736,4.99977,999.693,5.52889
0.0022822,1006.54,-3.7968e-08,0.266376,4.99977,999.693,5.52889
0.00228241,1006.53,5.26181e-07,0.266002,4.99977,999.693,5.52889
0.0022826,1006.53,4.41813e-07,0.265651,4.99977,999.693,5.52889
0.0022828,1006.52,-1.76348e-07,0.265287,4.99977,999.693,5.52889
0.002283,1006.52,-3.23006e-07,0.264917,4.99977,999.694,5.52889
0.0022832,1006.52,1.65698e-07,0.264551,4.99977,999.694,5.52889
0.00228341,1006.51,5.41488e-07,0.264178,4.99977,999.694,5.52889
0.00228361,1006.51,3.16897e-07,0.263814,4.99977,999.694,5.52889
0.00228381,1006.51,-1.81318e-07,0.263446,4.99977,999.695,5.52889
0.002284,1006.5,-1.78146e-07,0.263093,4.99977,999.695,5.52889
0.0022842,1006.5,3.1891e-07,0.262731,4.99977,999.695,5.52889
0.0022844,1006.5,4.8666e-07,0.26236,4.99977,999.695,5.52889
0.0022846,1006.49,1.18895e-07,0.262,4.99977,999.695,5.52889
0.00228481,1006.49,-1.94627e-07,0.261618,4.99977,999.696,5.52889
0.002285,1006.48,-4.76207e-08,0.261267,4.99977,999.696,5.52889
0.0022852,1006.48,3.7638e-07,0.26091,4.99977,999.696,5.52889
0.00228541,1006.48,3.96465e-07,0.260537,4.99977,999.696,5.52889
0.0022856,1006.47,1.23412e-08,0.260179,4.99977,999.696,5.52889
0.00228581,1006.47,-1.76164e-07,0.259798,4.99977,999.697,5.52889
0.002286,1006.47,9.03321e-08,0.259452,4.99977,999.697,5.52889
0.0022862,1006.46,3.88333e-07,0.259094,4.99977,999.697,5.52889
0.0022864,1006.46,2.57874e-07,0.258732,4.99977,999.697,5.52889
0.0022866,1006.46,-6.40101e-08,0.258366,4.99977,999.697,5.52889
0.0022868,1006.45,-9.8981e-08,0.258001,4.99977,999.698,5.52889
0.002287,1006.45,1.84454e-07,0.257636,4.99977,999.698,5.52889
0.0022872,1006.44,3.57115e-07,0.25728,4.99977,999.698,5.52889
0.00228741,1006.44,2.03223e-07,0.256902,4.99977,999.698,5.52889
0.00228761,1006.44,-6.45395e-08,0.256542,4.99977,999.699,5.52889
0.0022878,1006.43,2.30442e-10,0.256193,4.99977,999.699,5.52889
0.00228801,1006.43,2.40396e-07,0.255822,4.99977,999.699,5.52889
0.00228821,1006.43,3.09214e-07,0.255461,4.99977,999.699,5.52889
0.00228841,1006.42,1.08093e-07,0.255095,4.99977,999.699,5.52889
0.00228861,1006.42,-6.11402e-08,0.254737,4.99977,999.7,5.52889
0.00228881,1006.42,7.49233e-08,0.254378,4.99977,999.7,5.52889
0.00228901,1006.41,2.55019e-07,0.254004,4.99977,999.7,5.52889
0.0022892,1006.41,2.2546e-07,0.253664,4.99977,999.7,5.52889
0.0022894,1006.4,2.68842e-08,0.253301,4.99977,999.7,5.52889
0.0022896,1006.4,-1.74244e-08,0.252938,4.99977,999.701,5.52889
0.00228981,1006.4,1.28885e-07,0.252565,4.99977,999.701,5.52889
0.00229001,1006.39,2.64463e-07,0.252207,4.99977,999.701,5.52889
0.00229021,1006.39,1.81928e-07,0.251847,4.99977,999.701,5.52889
0.0022904,1006.39,1.04531e-08,0.251495,4.99977,999.701,5.52889
0.0022906,1006.38,5.27438e-08,0.251144,4.99977,999.702,5.52889
0.00229081,1006.38,1.84896e-07,0.250767,4.99977,999.702,5.52889
0.00229102,1006.38,2.40874e-07,0.250397,4.99977,999.702,5.52889
0.0022912,1006.37,9.94275e-08,0.25006,4.99977,999.702,5.52889
0.0022914,1006.37,1.97097e-08,0.249701,4.99977,999.702,5.52889
0.00229161,1006.36,9.88603e-08,0.24933,4.99977,999.703,5.52889
0.0022918,1006.36,2.17635e-07,0.248983,4.99977,999.703,5.52889
0.002292,1006.36,1.71985e-07,0.248622,4.99977,999.703,5.52889
0.00229221,1006.35,6.74296e-08,0.248254,4.99977,999.703,5.52889
0.00229241,1006.35,6.1904e-08,0.247897,4.99977,999.703,5.52889
0.00229262,1006.35,1.48879e-07,0.247524,4.99977,999.704,5.52889
0.00229281,1006.34,1.93662e-07,0.247184,4.99977,999.704,5.52889
0.002293,1006.34,1.06417e-07,0.246831,4.99977,999.704,5.52889
0.0022932,1006.34,6.74297e-08,0.246473,4.99977,999.704,5.52889
0.0022934,1006.33,1.33852e-07,0.246115,4.99977,999.704,5.52889
0.00229361,1006.33,1.78748e-07,0.24574,4.99977,999.705,5.52889
0.00229382,1006.33,1.46245e-07,0.245376,4.99977,999.705,5.52889
0.002294,1006.32,8.55952e-08,0.245043,4.99977,999.705,5.52889
0.0022942,1006.32,1.22836e-07,0.244688,4.99977,999.705,5.52889
0.00229442,1006.31,1.5896e-07,0.244305,4.99977,999.705,5.52889
0.00229462,1006.31,1.46425e-07,0.24395,4.99977,999.706,5.52889
0.00229482,1006.31,1.06155e-07,0.243594,4.99977,999.706,5.52889
0.00229502,1006.3,1.1427e-07,0.243238,4.99977,999.706,5.52889
0.00229522,1006.3,1.47788e-07,0.242881,4.99977,999.706,5.52889
0.00229542,1006.3,1.43947e-07,0.242525,4.99977,999.706,5.52889
0.00229562,1006.29,1.16984e-07,0.24217,4.99977,999.707,5.52889
0.00229582,1006.29,1.18626e-07,0.241814,4.99977,999.707,5.52889
0.00229602,1006.29,1.40938e-07,0.241458,4.99977,999.707,5.52889
0.00229622,1006.28,1.41556e-07,0.241103,4.99977,999.707,5.52889
0.00229642,1006.28,1.23963e-07,0.240748,4.99977,999.707,5.52889
0.00229662,1006.28,1.22649e-07,0.240393,4.99977,999.708,5.52889
0.00229682,1006.27,1.37184e-07,0.240038,4.99977,999.708,5.52889
0.00229702,1006.27,1.39653e-07,0.239683,4.99977,999.708,5.52889
0.00229722,1006.26,1.28477e-07,0.239329,4.99977,999.708,5.52889
0.00229742,1006.26,1.26111e-07,0.238975,4.99977,999.708,5.52889
0.00229762,1006.26,1.35385e-07,0.238621,4.99977,999.709,5.52889
0.00229782,1006.25,1.38343e-07,0.238267,4.99977,999.709,5.52889
0.00229802,1006.25,1.31454e-07,0.237913,4.99977,999.709,5.52889
0.00229822,1006.25,1.28991e-07,0.237559,4.99977,999.709,5.52889
0.00229842,1006.24,1.34792e-07,0.237206,4.99977,999.709,5.52889
0.00229862,1006.24,1.37589e-07,0.236852,4.99977,999.71,5.52889
0.00229882,1006.24,1.33496e-07,0.236499,4.99977,999.71,5.52889
0.00229902,1006.23,1.31356e-07,0.236146,4.99977,999.71,5.52889
0.00229922,1006.23,1.34922e-07,0.235793,4.99977,999.71,5.52889
0.00229942,1006.23,1.37303e-07,0.235441,4.99977,999.71,5.52889
0.00229962,1006.22,1.34988e-07,0.235088,4.99977,999.711,5.52889
0.00229982,1006.22,1.33306e-07,0.234736,4.99977,999.711,5.52889
0.00230002,1006.21,1.35467e-07,0.234384,4.99977,999.711,5.52889
0.00230022,1006.21,1.3738e-07,0.234032,4.99977,999.711,5.52889
0.00230042,1006.21,1.36169e-07,0.23368,4.99977,999.711,5.52889
0.00230062,1006.2,1.34943e-07,0.233329,4.99977,999.712,5.52889
0.00230082,1006.2,1.36242e-07,0.232977,4.99977,999.712,5.52889
0.00230102,1006.2,1.37727e-07,0.232626,4.99977,999.712,5.52889
0.00230122,1006.19,1.37183e-07,0.232275,4.99977,999.712,5.52889
0.00230142,1006.19,1.36351e-07,0.231924,4.99977,999.712,5.52889
0.00230162,1006.19,1.37138e-07,0.231573,4.99977,999.713,5.52889
0.00230182,1006.18,1.38268e-07,0.231223,4.99977,999.713,5.52889
0.00230202,1006.18,1.38114e-07,0.230872,4.99977,999.713,5.52889
0.00230222,1006.18,1.37594e-07,0.230522,4.99977,999.713,5.52889
0.00230242,1006.17,1.38086e-07,0.230172,4.99977,999.713,5.52889
0.00230262,1006.17,1.38943e-07,0.229822,4.99977,999.714,5.52889
0.00230282,1006.16,1.39009e-07,0.229473,4.99977,999.714,5.52889
0.00230302,1006.16,1.38724e-07,0.229123,4.99977,999.714,5.52889
0.00230322,1006.16,1.39054e-07,0.228774,4.99977,999.714,5.52889
0.00230342,1006.15,1.3971e-07,0.228425,4.99977,999.714,5.52889
0.00230362,1006.15,1.39891e-07,0.228076,4.99977,999.715,5.52889
0.00230382,1006.15,1.39777e-07,0.227727,4.99977,999.715,5.52889
0.00230402,1006.14,1.40024e-07,0.227378,4.99977,999.715,5.52889
0.00230422,1006.14,1.40536e-07,0.22703,4.99977,999.715,5.52889
0.00230442,1006.14,1.40773e-07,0.226682,4.99977,999.715,5.52889
0.00230462,1006.13,1.40779e-07,0.226333,4.99977,999.716,5.52889
0.00230482,1006.13,1.40988e-07,0.225986,4.99977,999.716,5.52889
0.00230502,1006.13,1.41399e-07,0.225638,4.99977,999.716,5.52889
0.00230522,1006.12,1.41659e-07,0.22529,4.99977,999.716,5.52889
0.00230542,1006.12,1.41747e-07,0.224943,4.99977,999.716,5.52889
0.00230562,1006.12,1.41944e-07,0.224596,4.99977,999.717,5.52889
0.00230582,1006.11,1.42286e-07,0.224249,4.99977,999.717,5.52889
0.00230602,1006.11,1.42551e-07,0.223902,4.99977,999.717,5.52889
0.00230622,1006.1,1.42692e-07,0.223555,4.99977,999.717,5.52889
0.00230642,1006.1,1.42886e-07,0.223209,4.99977,999.717,5.52889
0.00230662,1006.1,1.43186e-07,0.222862,4.99977,999.718,5.52889
0.00230682,1006.09,1.43447e-07,0.222516,4.99977,999.718,5.52889
0.00230702,1006.09,1.43622e-07,0.22217,4.99977,999.718,5.52889
0.00230722,1006.09,1.43821e-07,0.221824,4.99977,999.718,5.52889
0.00230742,1006.08,1.4409e-07,0.221479,4.99977,999.718,5.52889
0.00230762,1006.08,1.44346e-07,0.221133,4.99977,999.719,5.52889
0.00230782,1006.08,1.44543e-07,0.220788,4.99977,999.719,5.52889
0.00230802,1006.07,1.44747e-07,0.220443,4.99977,999.719,5.52889
0.00230822,1006.07,1.44996e-07,0.220098,4.99977,999.719,5.52889
0.00230842,1006.07,1.45244e-07,0.219754,4.99977,999.719,5.52889
0.00230862,1006.06,1.45458e-07,0.219409,4.99977,999.719,5.52889
0.00230882,1006.06,1.45666e-07,0.219065,4.99977,999.72,5.52889
0.00230902,1006.06,1.45901e-07,0.218721,4.99977,999.72,5.52889
0.00230922,1006.05,1.46144e-07,0.218377,4.99977,999.72,5.52889
0.00230942,1006.05,1.46364e-07,0.218033,4.99977,999.72,5.52889
0.00230962,1006.04,1.46576e-07,0.217689,4.99977,999.72,5.52889
0.00230982,1006.04,1.46807e-07,0.217346,4.99977,999.721,5.52889
0.00231002,1006.04,1.47044e-07,0.217003,4.99977,999.721,5.52889
0.00231022,1006.03,1.47264e-07,0.216659,4.99977,999.721,5.52889
0.00231042,1006.03,1.4748e-07,0.216317,4.99977,999.721,5.52889
0.00231062,1006.03,1.47708e-07,0.215974,4.99977,999.721,5.52889
0.00231082,1006.02,1.4794e-07,0.215631,4.99977,999.722,5.52889
0.00231102,1006.02,1.48162e-07,0.215289,4.99977,999.722,5.52889
0.00231122,1006.02,1.48379e-07,0.214947,4.99977,999.722,5.52889
0.00231142,1006.01,1.48603e-07,0.214605,4.99977,999.722,5.52889
0.00231162,1006.01,1.48831e-07,0.214263,4.99977,999.722,5.52889
0.00231182,1006.01,1.49053e-07,0.213921,4.99977,999.723,5.52889
0.00231202,1006,1.49272e-07,0.21358,4.99977,999.723,5.52889
0.00231222,1006,1.49494e-07,0.213239,4.99977,999.723,5.52889
0.00231242,1006,1.4972e-07,0.212898,4.99977,999.723,5.52889
0.00231262,1005.99,1.49941e-07,0.212557,4.99977,999.723,5.52889
0.00231282,1005.99,1.50157e-07,0.212216,4.99977,999.723,5.52889
0.00231302,1005.99,1.50379e-07,0.211876,4.99977,999.724,5.52889
0.00231322,1005.98,1.50602e-07,0.211535,4.99977,999.724,5.52889
0.00231342,1005.98,1.50824e-07,0.211195,4.99977,999.724,5.52889
0.00231362,1005.97,1.5104e-07,0.210855,4.99977,999.724,5.52889
0.00231382,1005.97,1.51259e-07,0.210515,4.99977,999.724,5.52889
0.00231402,1005.97,1.5148e-07,0.210176,4.99977,999.725,5.52889
0.00231422,1005.96,1.51699e-07,0.209836,4.99977,999.725,5.52889
0.00231442,1005.96,1.51916e-07,0.209497,4.99977,999.725,5.52889
0.00231462,1005.96,1.52134e-07,0.209158,4.99977,999.725,5.52889
0.00231482,1005.95,1.52352e-07,0.208819,4.99977,999.725,5.52889
0.00231502,1005.95,1.52569e-07,0.20848,4.99977,999.726,5.52889
0.00231522,1005.95,1.52786e-07,0.208142,4.99977,999.726,5.52889
0.00231542,1005.94,1.53001e-07,0.207804,4.99977,999.726,5.52889
0.00231562,1005.94,1.53218e-07,0.207466,4.99977,999.726,5.52889
0.00231582,1005.94,1.53434e-07,0.207128,4.99977,999.726,5.52889
0.00231602,1005.93,1.53649e-07,0.20679,4.99977,999.726,5.52889
0.00231622,1005.93,1.53863e-07,0.206452,4.99977,999.727,5.52889
0.00231642,1005.93,1.54078e-07,0.206115,4.99977,999.727,5.52889
0.00231662,1005.92,1.54293e-07,0.205778,4.99977,999.727,5.52889
0.00231682,1005.92,1.54506e-07,0.205441,4.99977,999.727,5.52889
0.00231702,1005.92,1.54716e-07,0.205104,4.99977,999.727,5.52889
0.00231722,1005.91,1.54931e-07,0.204767,4.99977,999.728,5.52889
0.00231742,1005.91,1.55145e-07,0.204431,4.99977,999.728,5.52889
0.00231762,1005.91,1.55357e-07,0.204094,4.99977,999.728,5.52889
0.00231782,1005.9,1.55565e-07,0.203758,4.99977,999.728,5.52889
0.00231802,1005.9,1.55777e-07,0.203422,4.99977,999.728,5.52889
0.00231822,1005.89,1.5599e-07,0.203087,4.99977,999.729,5.52889
0.00231842,1005.89,1.562e-07,0.202751,4.99977,999.729,5.52889
0.00231862,1005.89,1.56407e-07,0.202416,4.99977,999.729,5.52889
0.00231882,1005.88,1.56616e-07,0.20208,4.99977,999.729,5.52889
0.00231902,1005.88,1.56827e-07,0.201745,4.99977,999.729,5.52889
0.00231922,1005.88,1.57035e-07,0.201411,4.99977,999.729,5.52889
0.00231942,1005.87,1.57242e-07,0.201076,4.99977,999.73,5.52889
0.00231962,1005.87,1.57447e-07,0.200742,4.99977,999.73,5.52889
0.00231982,1005.87,1.57656e-07,0.200407,4.99977,999.73,5.52889
0.00232002,1005.86,1.57862e-07,0.200073,4.99977,999.73,5.52889
0.00232022,1005.86,1.58069e-07,0.199739,4.99977,999.73,5.52889
0.00232042,1005.86,1.58273e-07,0.199406,4.99977,999.731,5.52889
0.00232062,1005.85,1.58477e-07,0.199072,4.99977,999.731,5.52889
0.00232082,1005.85,1.58682e-07,0.198739,4.99977,999.731,5.52889
0.00232102,1005.85,1.58887e-07,0.198406,4.99977,999.731,5.52889
0.00232122,1005.84,1.59091e-07,0.198073,4.99977,999.731,5.52889
0.00232142,1005.84,1.59292e-07,0.19774,4.99977,999.732,5.52889
0.00232162,1005.84,1.59493e-07,0.197407,4.99977,999.732,5.52889
0.00232182,1005.83,1.59697e-07,0.197075,4.99977,999.732,5.52889
0.00232202,1005.83,1.599e-07,0.196743,4.99977,999.732,5.52889
0.00232222,1005.83,1.60099e-07,0.196411,4.99977,999.732,5.52889
0.00232242,1005.82,1.60297e-07,0.196079,4.99977,999.732,5.52889
0.00232262,1005.82,1.60499e-07,0.195747,4.99977,999.733,5.52889
0.00232282,1005.81,1.607e-07,0.195416,4.99977,999.733,5.52889
0.00232302,1005.81,1.60896e-07,0.195084,4.99977,999.733,5.52889
0.00232322,1005.81,1.61093e-07,0.194753,4.99977,999.733,5.52889
0.00232342,1005.8,1.61293e-07,0.194422,4.99977,999.733,5.52889
0.00232362,1005.8,1.6149e-07,0.194092,4.99977,999.734,5.52889
0.00232382,1005.8,1.61685e-07,0.193761,4.99977,999.734,5.52889
0.00232402,1005.79,1.61881e-07,0.193431,4.99977,999.734,5.52889
0.00232422,1005.79,1.62076e-07,0.193101,4.99977,999.734,5.52889
0.00232442,1005.79,1.62273e-07,0.192771,4.99977,999.734,5.52889
0.00232462,1005.78,1.62466e-07,0.192441,4.99977,999.734,5.52889
0.00232482,1005.78,1.62659e-07,0.192111,4.99977,999.735,5.52889
0.00232502,1005.78,1.62852e-07,0.191782,4.99977,999.735,5.52889
0.00232522,1005.77,1.63045e-07,0.191453,4.99977,999.735,5.52889
0.00232542,1005.77,1.63238e-07,0.191124,4.99977,999.735,5.52889
0.00232562,1005.77,1.63429e-07,0.190795,4.99977,999.735,5.52889
0.00232582,1005.76,1.63618e-07,0.190466,4.99977,999.736,5.52889
0.00232602,1005.76,1.63808e-07,0.190138,4.99977,999.736,5.52889
0.00232622,1005.76,1.63999e-07,0.189809,4.99977,999.736,5.52889
0.00232642,1005.75,1.64188e-07,0.189481,4.99977,999.736,5.52889
0.00232662,1005.75,1.64375e-07,0.189153,4.99977,999.736,5.52889
0.00232682,1005.75,1.64565e-07,0.188825,4.99977,999.736,5.52889
0.00232702,1005.74,1.6475e-07,0.188498,4.99977,999.737,5.52889
0.00232722,1005.74,1.64937e-07,0.188171,4.99977,999.737,5.52889
0.00232742,1005.74,1.65123e-07,0.187843,4.99977,999.737,5.52889
0.00232762,1005.73,1.65308e-07,0.187516,4.99977,999.737,5.52889
0.00232782,1005.73,1.65492e-07,0.18719,4.99977,999.737,5.52889
0.00232802,1005.73,1.65677e-07,0.186863,4.99977,999.738,5.52889
0.00232822,1005.72,1.6586e-07,0.186536,4.99977,999.738,5.52889
0.00232842,1005.72,1.66041e-07,0.18621,4.99977,999.738,5.52889
0.00232862,1005.72,1.66224e-07,0.185884,4.99977,999.738,5.52889
0.00232882,1005.71,1.66406e-07,0.185558,4.99977,999.738,5.52889
0.00232902,1005.71,1.66586e-07,0.185233,4.99977,999.738,5.52889
0.00232922,1005.7,1.66766e-07,0.184907,4.99977,999.739,5.52889
0.00232942,1005.7,1.66946e-07,0.184582,4.99977,999.739,5.52889
0.00232962,1005.7,1.67126e-07,0.184257,4.99977,999.739,5.52889
0.00232982,1005.69,1.67302e-07,0.183932,4.99977,999.739,5.52889
0.00233002,1005.69,1.6748e-07,0.183607,4.99977,999.739,5.52889
0.00233022,1005.69,1.67658e-07,0.183282,4.99977,999.739,5.52889
0.00233042,1005.68,1.67834e-07,0.182958,4.99977,999.74,5.52889
0.00233062,1005.68,1.68008e-07,0.182634,4.99977,999.74,5.52889
0.00233082,1005.68,1.68182e-07,0.18231,4.99977,999.74,5.52889
0.00233102,1005.67,1.68358e-07,0.181986,4.99977,999.74,5.52889
0.00233122,1005.67,1.6853e-07,0.181662,4.99977,999.74,5.52889
0.00233142,1005.67,1.68703e-07,0.181339,4.99977,999.741,5.52889
0.00233162,1005.66,1.68874e-07,0.181015,4.99977,999.741,5.52889
0.00233182,1005.66,1.69046e-07,0.180692,4.99977,999.741,5.52889
0.00233202,1005.66,1.69217e-07,0.18037,4.99977,999.741,5.52889
0.00233222,1005.65,1.69386e-07,0.180047,4.99977,999.741,5.52889
0.00233242,1005.65,1.69554e-07,0.179724,4.99977,999.741,5.52889
0.00233262,1005.65,1.69723e-07,0.179402,4.99977,999.742,5.52889
0.0023328,1005.64,1.6988e-07,0.179103,4.99977,999.742,5.52889
0.00233302,1005.64,1.70061e-07,0.178753,4.99977,999.742,5.52889
0.00233322,1005.64,1.70226e-07,0.178431,4.99977,999.742,5.52889
0.00233342,1005.63,1.70392e-07,0.17811,4.99977,999.742,5.52889
0.00233362,1005.63,1.70557e-07,0.177788,4.99977,999.743,5.52889
0.00233382,1005.63,1.70722e-07,0.177467,4.99977,999.743,5.52889
0.00233402,1005.62,1.70882e-07,0.177146,4.99977,999.743,5.52889
0.00233422,1005.62,1.71045e-07,0.176825,4.99977,999.743,5.52889
0.00233442,1005.62,1.7121e-07,0.176505,4.99977,999.743,5.52889
0.00233462,1005.61,1.71369e-07,0.176184,4.99977,999.743,5.52889
0.00233482,1005.61,1.71526e-07,0.175864,4.99977,999.744,5.52889
0.00233502,1005.61,1.71687e-07,0.175544,4.99977,999.744,5.52889
0.00233521,1005.6,1.71839e-07,0.175241,4.99977,999.744,5.52889
0.00233541,1.28549,0.632323,0.155086,4.99977,999.73,5.52889
0.00233561,1.62903,0.80127,0.151639,4.99977,999.709,5.52889
0.00233581,1.97333,0.970595,0.149866,4.99977,999.682,5.52889
0.00233601,2.3175,1.13986,0.148195,4.99977,999.65,5.52889
0.00233621,2.66153,1.30905,0.146547,4.99977,999.614,5.52889
0.00233641,3.00543,1.47819,0.144917,4.99977,999.572,5.52889
0.00233661,1250.82,0.674836,0.162133,4.99977,999.548,5.52889
0.0023368,800.156,-0.145783,0.212498,4.99977,999.552,5.52889
0.00233701,999.829,-0.289256,0.215507,4.99977,999.55,5.52889
0.0023372,1232.66,-0.016325,0.210302,4.99977,999.549,5.52889
0.00233741,1111.24,0.2472,0.21322,4.99977,999.55,5.52889
0.0023376,835.173,0.174187,0.222735,4.99977,999.553,5.52889
0.00233781,809.839,-0.117266,0.228865,4.99977,999.553,5.52889
0.002338,1064.11,-0.258746,0.227093,4.99977,999.551,5.52889
0.0023382,1217.79,-0.0215423,0.223862,4.99977,999.551,5.52889
0.00233841,1106.07,0.229569,0.226492,4.99977,999.552,5.52889
0.0023386,849.52,0.166791,0.235311,4.99977,999.554,5.52889
0.0023388,847.828,-0.158689,0.240957,4.99977,999.554,5.52889
0.002339,1077.42,-0.234539,0.238999,4.99977,999.553,5.52889
0.0023392,1204.36,0.00691243,0.23616,4.99977,999.552,5.52889
0.00233941,1087.81,0.221219,0.239118,4.99977,999.553,5.52889
0.0023396,846.964,0.133171,0.247657,4.99977,999.556,5.52889
0.0023398,853.104,-0.137993,0.252518,4.99977,999.556,5.52889
0.00234,1080.18,-0.214434,0.250424,4.99977,999.554,5.52889
0.0023402,1189.86,0.0221497,0.247861,4.99977,999.554,5.52889
0.00234041,1075.16,0.209345,0.250899,4.99977,999.555,5.52889
0.00234061,867.195,0.138384,0.258443,4.99977,999.557,5.52889
0.00234081,854.604,-0.10902,0.26335,4.99977,999.557,5.52889
0.00234101,1067.71,-0.202175,0.261565,4.99977,999.556,5.52889
0.00234121,1176.9,0.0154773,0.25905,4.99977,999.556,5.52889
0.0023414,1023.98,0.208121,0.262617,4.99977,999.557,5.52889
0.0023416,858.126,0.0894203,0.269569,4.99977,999.558,5.52889
0.00234181,883.149,-0.131138,0.273246,4.99977,999.559,5.52889
0.00234201,1069.72,-0.183687,0.271576,4.99977,999.558,5.52889
0.0023422,1161.45,0.0388074,0.269241,4.99977,999.557,5.52889
0.0023424,1022.57,0.192334,0.272792,4.99977,999.558,5.52889
0.00234261,871.435,0.0872485,0.279156,4.99977,999.56,5.52889
0.00234281,890.095,-0.117206,0.282681,4.99977,999.56,5.52889
0.002343,1087.71,-0.154839,0.280409,4.99977,999.559,5.52889
0.00234321,1149.25,0.0392079,0.278964,4.99977,999.559,5.52889
0.0023434,1001.86,0.178422,0.282676,4.99977,999.56,5.52889
0.0023436,871.026,0.0461303,0.288697,4.99977,999.561,5.52889
0.0023438,924.923,-0.13921,0.2911,4.99977,999.561,5.52889
0.00234401,1084.1,-0.140985,0.289299,4.99977,999.56,5.52889
0.0023442,1132.05,0.0624425,0.287897,4.99977,999.56,5.52889
0.0023444,1001.17,0.164724,0.291534,4.99977,999.562,5.52889
0.00234461,882.208,0.0455204,0.297049,4.99977,999.563,5.52889
0.00234481,934.597,-0.131528,0.299267,4.99977,999.563,5.52889
0.00234501,1077.69,-0.130644,0.297694,4.99977,999.562,5.52889
0.00234521,1122.05,0.0592807,0.296387,4.99977,999.562,5.52889
0.00234541,999.467,0.151962,0.299813,4.99977,999.563,5.52889
0.0023456,887.739,0.0167926,0.305162,4.99977,999.564,5.52889
0.00234581,941.873,-0.122845,0.306907,4.99977,999.564,5.52889
0.002346,1095.27,-0.0956821,0.304656,4.99977,999.563,5.52889
0.00234621,1112.37,0.0575666,0.304289,4.99977,999.564,5.52889
0.0023464,983.963,0.13755,0.307826,4.99977,999.565,5.52889
0.0023466,896.883,0.0144846,0.312437,4.99977,999.566,5.52889
0.0023468,965.9,-0.125996,0.313694,4.99977,999.566,5.52889
0.002347,1089.8,-0.0865669,0.311931,4.99977,999.565,5.52889
0.0023472,1093.88,0.0764028,0.311605,4.99977,999.565,5.52889
0.0023474,968.054,0.120273,0.315344,4.99977,999.566,5.52889
0.0023476,904.901,-0.00360258,0.319338,4.99977,999.567,5.52889
0.00234781,971.541,-0.117524,0.320314,4.99977,999.567,5.52889
0.00234801,1083.62,-0.079766,0.31874,4.99977,999.566,5.52889
0.00234821,1087.23,0.0706244,0.318451,4.99977,999.567,5.52889
0.0023484,971.145,0.111032,0.321909,4.99977,999.568,5.52889
0.0023486,912.898,-0.00602269,0.325623,4.99977,999.569,5.52889
0.0023488,993.578,-0.114852,0.326091,4.99977,999.568,5.52889
0.002349,1089.59,-0.0514604,0.324525,4.99977,999.568,5.52889
0.00234921,1077.72,0.0708878,0.324808,4.99977,999.568,5.52889
0.00234941,972.397,0.101674,0.328039,4.99977,999.569,5.52889
0.0023496,921.839,-0.0217052,0.331522,4.99977,999.57,5.52889
0.0023498,997.1,-0.106448,0.331813,4.99977,999.57,5.52889
0.00235,1083.39,-0.0473077,0.330424,4.99977,999.569,5.52889
0.00235021,1072.4,0.0653699,0.330693,4.99977,999.57,5.52889
0.0023504,961.436,0.0845734,0.334036,4.99977,999.571,5.52889
0.00235061,928.46,-0.0199235,0.336896,4.99977,999.571,5.52889
0.00235081,997.78,-0.098223,0.337171,4.99977,999.571,5.52889
0.00235101,1077.56,-0.0437442,0.335889,4.99977,999.571,5.52889
0.0023512,1049.93,0.0802189,0.336272,4.99977,999.571,5.52889
0.0023514,965.08,0.0781051,0.339223,4.99977,999.572,5.52889
0.0023516,938.622,-0.0351687,0.341902,4.99977,999.573,5.52889
0.0023518,1010.95,-0.0913199,0.341815,4.99977,999.573,5.52889
0.002352,1077.39,-0.0235127,0.340615,4.99977,999.572,5.52889
0.0023522,1046.8,0.0739508,0.341288,4.99977,999.573,5.52889
0.00235241,968.443,0.0721318,0.34401,4.99977,999.574,5.52889
0.0023526,943.917,-0.0322918,0.346483,4.99977,999.574,5.52889
0.00235281,1010.6,-0.0842853,0.346405,4.99977,999.574,5.52889
0.00235301,1072.03,-0.0217571,0.345293,4.99977,999.574,5.52889
0.00235321,1043.91,0.0681653,0.345911,4.99977,999.574,5.52889
0.0023534,959.319,0.053372,0.348782,4.99977,999.575,5.52889
0.00235361,948.805,-0.0296383,0.350701,4.99977,999.576,5.52889
0.0023538,1021.46,-0.0760065,0.350331,4.99977,999.575,5.52889
0.002354,1068.92,-0.00797057,0.349411,4.99977,999.575,5.52889
0.00235421,1041.24,0.0628255,0.350162,4.99977,999.576,5.52889
0.0023544,963.146,0.0493596,0.352806,4.99977,999.577,5.52889
0.00235461,953.318,-0.0271908,0.354576,4.99977,999.577,5.52889
0.0023548,1020.32,-0.0701691,0.354232,4.99977,999.577,5.52889
0.00235501,1064.22,-0.00741546,0.353376,4.99977,999.577,5.52889
0.0023552,1026.68,0.0655405,0.354223,4.99977,999.577,5.52889
0.00235541,966.678,0.0456545,0.356495,4.99977,999.578,5.52889
0.0023556,963.916,-0.0396124,0.35809,4.99977,999.578,5.52889
0.0023558,1027.87,-0.0614897,0.357556,4.99977,999.578,5.52889
0.002356,1060.11,0.00324915,0.356879,4.99977,999.578,5.52889
0.00235621,1025.33,0.0604417,0.357778,4.99977,999.579,5.52889
0.00235641,969.937,0.0422333,0.359867,4.99977,999.58,5.52889
0.00235661,967.193,-0.0363426,0.361335,4.99977,999.58,5.52889
0.0023568,1026.26,-0.0567782,0.360835,4.99977,999.58,5.52889
0.00235701,1056.09,0.00294205,0.360202,4.99977,999.58,5.52889
0.00235721,1024.07,0.0557354,0.36102,4.99977,999.58,5.52889
0.0023574,966.517,0.0278162,0.363165,4.99977,999.581,5.52889
0.00235761,970.218,-0.0333262,0.364288,4.99977,999.581,5.52889
0.00235781,1024.77,-0.0524287,0.363819,4.99977,999.581,5.52889
0.002358,1051.49,0.0114635,0.363139,4.99977,999.581,5.52889
0.0023582,1012.64,0.0544365,0.364142,4.99977,999.582,5.52889
0.00235841,969.766,0.0257853,0.365936,4.99977,999.582,5.52889
0.00235861,973.012,-0.0305434,0.366965,4.99977,999.583,5.52889
0.0023588,1030.75,-0.0436969,0.366291,4.99977,999.583,5.52889
0.002359,1048.13,0.0105158,0.365883,4.99977,999.583,5.52889
0.00235921,1012.37,0.0502193,0.366796,4.99977,999.583,5.52889
0.0023594,969.489,0.0141987,0.368588,4.99977,999.584,5.52889
0.0023596,984.136,-0.0390913,0.369268,4.99977,999.584,5.52889
0.00235981,1028.9,-0.0403904,0.368749,4.99977,999.584,5.52889
0.00236,1042.89,0.0183665,0.368304,4.99977,999.584,5.52889
0.0023602,1005.82,0.0465912,0.36931,4.99977,999.585,5.52889
0.0023604,972.512,0.0133217,0.370827,4.99977,999.585,5.52889
0.00236061,985.786,-0.0358919,0.371447,4.99977,999.585,5.52889
0.00236081,1027.18,-0.0373462,0.370956,4.99977,999.585,5.52889
0.002361,1040.23,0.01681,0.37053,4.99977,999.586,5.52889
0.00236121,1006.07,0.0429937,0.371443,4.99977,999.586,5.52889
0.0023614,974.109,0.00590868,0.372907,4.99977,999.587,5.52889
0.00236161,987.307,-0.0329343,0.373392,4.99977,999.587,5.52889
0.00236181,1025.58,-0.0345358,0.372925,4.99977,999.587,5.52889
0.00236201,1037.77,0.015372,0.372516,4.99977,999.587,5.52889
0.0023622,1001.29,0.0388981,0.37345,4.99977,999.588,5.52889
0.0023624,976.614,0.0045021,0.37469,4.99977,999.588,5.52889
0.0023626,995.779,-0.0354422,0.37499,4.99977,999.588,5.52889
0.0023628,1030.7,-0.0249697,0.374435,4.99977,999.588,5.52889
0.002363,1032.17,0.0216556,0.374259,4.99977,999.589,5.52889
0.00236321,1001.93,0.0359225,0.375118,4.99977,999.589,5.52889
0.00236341,979.041,0.00427398,0.376248,4.99977,999.589,5.52889
0.00236361,996.568,-0.0326245,0.376514,4.99977,999.59,5.52889
0.00236381,1028.85,-0.0231476,0.375985,4.99977,999.59,5.52889
0.002364,1030.78,0.0190853,0.375804,4.99977,999.59,5.52889
0.0023642,997.197,0.031169,0.376705,4.99977,999.59,5.52889
0.0023644,981.094,-0.00140606,0.377655,4.99977,999.591,5.52889
0.00236461,997.756,-0.0302732,0.377828,4.99977,999.591,5.52889
0.00236481,1027.27,-0.0212963,0.377328,4.99977,999.591,5.52889
0.002365,1028.11,0.0191943,0.377148,4.99977,999.591,5.52889
0.0023652,998.552,0.0290244,0.377947,4.99977,999.592,5.52889
0.00236541,983.157,-0.00117863,0.378818,4.99977,999.592,5.52889
0.0023656,1003.75,-0.0298225,0.378854,4.99977,999.592,5.52889
0.0023658,1028.67,-0.0145757,0.378359,4.99977,999.592,5.52889
0.00236601,1026.63,0.0175732,0.378298,4.99977,999.593,5.52889
0.00236621,998.67,0.0264847,0.379033,4.99977,999.593,5.52889
0.0023664,985.483,-0.00559157,0.379832,4.99977,999.594,5.52889
0.0023666,1005,-0.0276999,0.379797,4.99977,999.594,5.52889
0.00236681,1027.34,-0.0128032,0.379329,4.99977,999.594,5.52889
0.00236701,1025.2,0.0161602,0.379267,4.99977,999.594,5.52889
0.0023672,995.828,0.0220474,0.380024,4.99977,999.595,5.52889
0.00236741,987.199,-0.00511465,0.380646,4.99977,999.595,5.52889
0.00236761,1005.15,-0.0255493,0.380596,4.99977,999.595,5.52889
0.00236781,1025.81,-0.0118668,0.380144,4.99977,999.595,5.52889
0.002368,1019.47,0.0203085,0.380103,4.99977,999.596,5.52889
0.0023682,996.773,0.0203631,0.380745,4.99977,999.596,5.52889
0.0023684,989.807,-0.00902483,0.381314,4.99977,999.596,5.52889
0.0023686,1008.62,-0.0237648,0.381157,4.99977,999.597,5.52889
0.0023688,1025.87,-0.00647554,0.380714,4.99977,999.597,5.52889
0.002369,1018.66,0.0186553,0.380737,4.99977,999.597,5.52889
0.00236921,997.657,0.0188183,0.381309,4.99977,999.597,5.52889
0.0023694,991.155,-0.00820122,0.381815,4.99977,999.598,5.52889
0.00236961,1008.45,-0.0219329,0.381652,4.99977,999.598,5.52889
0.00236981,1024.45,-0.00607119,0.381221,4.99977,999.598,5.52889
0.00237001,1017.97,0.0170715,0.381218,4.99977,999.598,5.52889
0.0023702,995.355,0.0140744,0.381825,4.99977,999.599,5.52889
0.00237041,992.38,-0.00738154,0.382172,4.99977,999.599,5.52889
0.0023706,1011.28,-0.0197942,0.38193,4.99977,999.599,5.52889
0.0023708,1023.66,-0.00270081,0.381541,4.99977,999.599,5.52889
0.002371,1014,0.0180391,0.381604,4.99977,999.6,5.52889
0.00237121,996.874,0.0137054,0.382077,4.99977,999.6,5.52889
0.0023714,994.795,-0.00992933,0.382396,4.99977,999.6,5.52889
0.00237161,1009.94,-0.0184872,0.382177,4.99977,999.601,5.52889
0.00237181,1022.46,-0.00199216,0.381763,4.99977,999.601,5.52889
0.00237201,1014.03,0.0163193,0.381797,4.99977,999.601,5.52889
0.0023722,996.288,0.0105476,0.382271,4.99977,999.602,5.52889
0.0023724,996.512,-0.0104181,0.382488,4.99977,999.602,5.52889
0.0023726,1013.03,-0.0159282,0.382181,4.99977,999.602,5.52889
0.0023728,1021.37,-0.000252034,0.381845,4.99977,999.602,5.52889
0.002373,1011.75,0.0159015,0.381902,4.99977,999.603,5.52889
0.00237321,997.818,0.010692,0.382262,4.99977,999.603,5.52889
0.00237341,996.488,-0.00782504,0.382464,4.99977,999.603,5.52889
0.0023736,1013.05,-0.0144245,0.382145,4.99977,999.603,5.52889
0.0023738,1020.11,0.00260332,0.381801,4.99977,999.604,5.52889
0.002374,1010.41,0.0149757,0.381873,4.99977,999.604,5.52889
0.0023742,996.778,0.00633111,0.382238,4.99977,999.604,5.52889
0.00237441,997.84,-0.00816004,0.382323,4.99977,999.605,5.52889
0.0023746,1013.53,-0.0127108,0.381981,4.99977,999.605,5.52889
0.0023748,1019.02,0.00310455,0.381662,4.99977,999.605,5.52889
0.00237501,1010.13,0.0138007,0.381711,4.99977,999.605,5.52889
0.0023752,997.617,0.00574762,0.382023,4.99977,999.606,5.52889
0.0023754,1000.46,-0.0101693,0.382062,4.99977,999.606,5.52889
0.0023756,1014.08,-0.0108897,0.381708,4.99977,999.606,5.52889
0.0023758,1017.84,0.00406432,0.381415,4.99977,999.606,5.52889
0.002376,1007.25,0.0129672,0.3815,4.99977,999.607,5.52889
0.0023762,998.072,0.00418866,0.381722,4.99977,999.607,5.52889
0.0023764,1001.96,-0.010268,0.381704,4.99977,999.607,5.52889
0.0023766,1014.21,-0.00937057,0.381344,4.99977,999.607,5.52889
0.0023768,1016.8,0.0045132,0.381068,4.99977,999.608,5.52889
0.002377,1006.49,0.0118381,0.381143,4.99977,999.608,5.52889
0.0023772,998.631,0.00299726,0.381316,4.99977,999.608,5.52889
0.0023774,1003.03,-0.00993597,0.381253,4.99977,999.609,5.52889
0.00237761,1012.79,-0.00945338,0.380931,4.99977,999.609,5.52889
0.0023778,1015.91,0.00457835,0.380625,4.99977,999.609,5.52889
0.002378,1006.6,0.0108806,0.380669,4.99977,999.609,5.52889
0.0023782,999.116,0.00110666,0.380828,4.99977,999.61,5.52889
0.00237841,1002.84,-0.00867373,0.380726,4.99977,999.61,5.52889
0.00237861,1013,-0.00810455,0.380379,4.99977,999.61,5.52889
0.0023788,1014.94,0.00493126,0.380093,4.99977,999.61,5.52889
0.00237901,1006.45,0.00994493,0.380112,4.99977,999.611,5.52889
0.0023792,999.794,0.000734445,0.38023,4.99977,999.611,5.52889
0.00237941,1003.84,-0.00844502,0.380099,4.99977,999.611,5.52889
0.00237961,1013.6,-0.00618696,0.37973,4.99977,999.611,5.52889
0.0023798,1014.01,0.00522265,0.379475,4.99977,999.612,5.52889
0.00238,1005.65,0.00888799,0.37949,4.99977,999.612,5.52889
0.0023802,1000.44,-0.00074784,0.379564,4.99977,999.612,5.52889
0.0023804,1005.76,-0.00860024,0.379377,4.99977,999.613,5.52889
0.0023806,1013.96,-0.00410477,0.379005,4.99977,999.613,5.52889
0.00238081,1013.5,0.00474394,0.378773,4.99977,999.613,5.52889
0.002381,1004.66,0.00760193,0.378796,4.99977,999.613,5.52889
0.0023812,1001.04,-0.000908309,0.378804,4.99977,999.614,5.52889
0.00238141,1005.79,-0.00784669,0.378604,4.99977,999.614,5.52889
0.00238161,1013.21,-0.00424669,0.378242,4.99977,999.614,5.52889
0.00238181,1013,0.00436965,0.377993,4.99977,999.614,5.52889
0.00238201,1004.93,0.00699518,0.377987,4.99977,999.615,5.52889
0.0023822,1001.75,-0.00199261,0.377981,4.99977,999.615,5.52889
0.0023824,1007.19,-0.00750474,0.377739,4.99977,999.615,5.52889
0.0023826,1013.31,-0.00241938,0.377378,4.99977,999.615,5.52889
0.00238281,1011.57,0.00542735,0.377158,4.99977,999.616,5.52889
0.002383,1004.51,0.00596558,0.377132,4.99977,999.616,5.52889
0.0023832,1002.29,-0.00204496,0.377078,4.99977,999.616,5.52889
0.00238341,1007.17,-0.00686875,0.376827,4.99977,999.617,5.52889
0.0023836,1012.96,-0.00159266,0.376462,4.99977,999.617,5.52889
0.0023838,1010.32,0.00577518,0.376258,4.99977,999.617,5.52889
0.002384,1004.04,0.00473496,0.376216,4.99977,999.617,5.52889
0.0023842,1003.07,-0.00290071,0.376117,4.99977,999.618,5.52889
0.0023844,1008.59,-0.00619904,0.375827,4.99977,999.618,5.52889
0.00238461,1012.5,-0.00138217,0.375486,4.99977,999.618,5.52889
0.00238481,1010.06,0.00528063,0.375272,4.99977,999.618,5.52889
0.00238501,1004.71,0.00469969,0.375188,4.99977,999.619,5.52889
0.00238521,1003.45,-0.00260418,0.375084,4.99977,999.619,5.52889
0.00238541,1008.54,-0.00563707,0.37479,4.99977,999.619,5.52889
0.0023856,1012.16,-0.000384931,0.374445,4.99977,999.619,5.52889
0.0023858,1008.83,0.00533322,0.374253,4.99977,999.62,5.52889
0.00238601,1004.3,0.00349767,0.374149,4.99977,999.62,5.52889
0.0023862,1004.22,-0.00319607,0.374,4.99977,999.62,5.52889
0.00238641,1008.99,-0.00495119,0.373688,4.99977,999.62,5.52889
0.00238661,1011.75,0.000245483,0.373351,4.99977,999.621,5.52889
0.0023868,1008.27,0.00496916,0.37316,4.99977,999.621,5.52889
0.002387,1004.06,0.00218149,0.373054,4.99977,999.621,5.52889
0.00238721,1004.45,-0.00279329,0.372854,4.99977,999.621,5.52889
0.00238741,1008.87,-0.00449596,0.37254,4.99977,999.622,5.52889
0.0023876,1011.28,0.00098739,0.372206,4.99977,999.622,5.52889
0.00238781,1008.09,0.00454179,0.372004,4.99977,999.622,5.52889
0.002388,1004.15,0.00126234,0.371893,4.99977,999.623,5.52889
0.0023882,1005.37,-0.00341182,0.371666,4.99977,999.623,5.52889
0.00238841,1009.37,-0.00372758,0.371334,4.99977,999.623,5.52889
0.00238861,1010.88,0.00115019,0.371009,4.99977,999.623,5.52889
0.0023888,1007.26,0.00414223,0.370821,4.99977,999.624,5.52889
0.002389,1004.37,0.000691328,0.370673,4.99977,999.624,5.52889
0.00238921,1005.9,-0.00339241,0.370424,4.99977,999.624,5.52889
0.0023894,1009.92,-0.00264508,0.370081,4.99977,999.624,5.52889
0.00238961,1010.41,0.0015579,0.369768,4.99977,999.625,5.52889
0.0023898,1006.97,0.00368955,0.369573,4.99977,999.625,5.52889
0.00239,1004.62,0.000138835,0.369406,4.99977,999.625,5.52889
0.00239021,1006.37,-0.00328343,0.369136,4.99977,999.625,5.52889
0.0023904,1009.79,-0.00223494,0.368791,4.99977,999.626,5.52889
0.00239061,1010.08,0.00150048,0.368477,4.99977,999.626,5.52889
0.00239081,1006.99,0.00332012,0.368267,4.99977,999.626,5.52889
0.002391,1004.93,-0.000499396,0.368098,4.99977,999.626,5.52889
0.0023912,1007.1,-0.00320846,0.367806,4.99977,999.627,5.52889
0.0023914,1009.89,-0.00134841,0.367458,4.99977,999.627,5.52889
0.00239161,1009.48,0.00200605,0.367156,4.99977,999.627,5.52889
0.00239181,1006.6,0.00282217,0.36694,4.99977,999.627,5.52889
0.002392,1005.22,-0.000715766,0.366739,4.99977,999.628,5.52889
0.00239221,1007.3,-0.00291459,0.366436,4.99977,999.628,5.52889
0.0023924,1009.79,-0.00065157,0.36609,4.99977,999.628,5.52889
0.00239261,1008.94,0.00219739,0.365794,4.99977,999.628,5.52889
0.00239281,1006.24,0.00222491,0.365575,4.99977,999.629,5.52889
0.002393,1005.64,-0.00127037,0.36535,4.99977,999.629,5.52889
0.00239321,1007.78,-0.00260756,0.365028,4.99977,999.629,5.52889
0.0023934,1009.57,-0.000332109,0.364683,4.99977,999.629,5.52889
0.00239361,1008.55,0.00215404,0.364389,4.99977,999.63,5.52889
0.0023938,1005.98,0.0015283,0.364175,4.99977,999.63,5.52889
0.00239401,1005.79,-0.00103411,0.363906,4.99977,999.63,5.52889
0.00239421,1008.11,-0.00222353,0.363585,4.99977,999.63,5.52889
0.0023944,1009.34,0.00017114,0.363245,4.99977,999.631,5.52889
0.00239461,1008,0.00214427,0.362959,4.99977,999.631,5.52889
0.0023948,1005.94,0.000960937,0.36273,4.99977,999.631,5.52889
0.00239501,1006.15,-0.00129407,0.362441,4.99977,999.631,5.52889
0.0023952,1008.39,-0.00175782,0.362111,4.99977,999.632,5.52889
0.0023954,1009.02,0.000693247,0.361778,4.99977,999.632,5.52889
0.00239561,1007.71,0.00195612,0.361485,4.99977,999.632,5.52889
0.00239581,1006.01,0.000535238,0.361245,4.99977,999.632,5.52889
0.002396,1006.82,-0.00168476,0.360953,4.99977,999.633,5.52889
0.0023962,1008.61,-0.0011817,0.360608,4.99977,999.633,5.52889
0.00239641,1008.73,0.000873913,0.360276,4.99977,999.633,5.52889
0.0023966,1007.05,0.00165665,0.360006,4.99977,999.633,5.52889
0.0023968,1006.13,-0.000185138,0.359743,4.99977,999.634,5.52889
0.00239701,1007.01,-0.00154102,0.359418,4.99977,999.634,5.52889
0.0023972,1008.65,-0.000640115,0.359078,4.99977,999.634,5.52889
0.0023974,1008.31,0.00114842,0.358754,4.99977,999.634,5.52889
0.00239761,1006.84,0.00130838,0.358474,4.99977,999.635,5.52889
0.0023978,1006.36,-0.000545347,0.358198,4.99977,999.635,5.52889
0.002398,1007.57,-0.00143122,0.357867,4.99977,999.635,5.52889
0.0023982,1008.55,-0.000248803,0.357519,4.99977,999.635,5.52889
0.0023984,1007.85,0.00126304,0.35721,4.99977,999.636,5.52889
0.0023986,1006.62,0.000828271,0.356924,4.99977,999.636,5.52889
0.0023988,1006.61,-0.000759131,0.356623,4.99977,999.636,5.52889
0.002399,1007.86,-0.00113435,0.356286,4.99977,999.636,5.52889
0.00239921,1008.4,0.000124549,0.355938,4.99977,999.637,5.52889
0.00239941,1007.58,0.00116349,0.355628,4.99977,999.637,5.52889
0.0023996,1006.56,0.000354502,0.355344,4.99977,999.637,5.52889
0.00239981,1006.76,-0.000733921,0.355011,4.99977,999.637,5.52889
0.00240001,1007.88,-0.000915743,0.354672,4.99977,999.638,5.52889
0.0024002,1008.14,0.000529777,0.354343,4.99977,999.638,5.52889
0.0024004,1007.17,0.000970404,0.354039,4.99977,999.638,5.52889
0.0024006,1006.62,-4.92025e-05,0.353737,4.99977,999.638,5.52889
0.00240081,1007.14,-0.000895141,0.353398,4.99977,999.639,5.52889
0.00240101,1007.99,-0.000565638,0.353046,4.99977,999.639,5.52889
0.00240121,1007.99,0.000514218,0.352704,4.99977,999.639,5.52889
0.00240141,1007.12,0.000801881,0.352396,4.99977,999.639,5.52889
0.0024016,1006.78,-0.000347982,0.352103,4.99977,999.64,5.52889
0.00240182,1007.24,-0.000796264,0.351741,4.99977,999.64,5.52889
0.00240201,1008.01,-0.000163968,0.351405,4.99977,999.64,5.52889
0.00240221,1007.75,0.000617816,0.35106,4.99977,999.64,5.52889
0.0024024,1006.9,0.000438158,0.350766,4.99977,999.641,5.52889
0.00240261,1006.9,-0.000405082,0.350433,4.99977,999.641,5.52889
0.0024028,1007.61,-0.000637566,0.350093,4.99977,999.641,5.52889
0.002403,1007.89,0.000181941,0.349749,4.99977,999.641,5.52889
0.00240321,1007.48,0.00064093,0.349402,4.99977,999.642,5.52889
0.00240341,1006.88,0.000201968,0.349094,4.99977,999.642,5.52889
0.0024036,1007.13,-0.000549949,0.348766,4.99977,999.642,5.52889
0.0024038,1007.73,-0.000373747,0.348417,4.99977,999.642,5.52889
0.002404,1007.74,0.000319165,0.348066,4.99977,999.643,5.52889
0.00240421,1007.27,0.000555711,0.347725,4.99977,999.643,5.52889
0.0024044,1006.91,-8.53581e-05,0.347416,4.99977,999.643,5.52889
0.0024046,1007.31,-0.00052818,0.347073,4.99977,999.643,5.52889
0.00240481,1007.71,-0.00022862,0.34671,4.99977,999.644,5.52889
0.00240501,1007.61,0.000360285,0.346361,4.99977,999.644,5.52889
0.0024052,1007.08,0.000370231,0.34604,4.99977,999.644,5.52889
0.00240541,1006.99,-0.000199514,0.345704,4.99977,999.644,5.52889
0.0024056,1007.42,-0.000437504,0.345359,4.99977,999.645,5.52889
0.0024058,1007.67,-1.57385e-06,0.345003,4.99977,999.645,5.52889
0.00240602,1007.49,0.000364147,0.344639,4.99977,999.645,5.52889
0.0024062,1007.02,0.000192677,0.344327,4.99977,999.645,5.52889
0.00240641,1007.09,-0.000286864,0.343981,4.99977,999.646,5.52889
0.00240661,1007.43,-0.000352575,0.34362,4.99977,999.646,5.52889
0.0024068,1007.57,0.000165607,0.343283,4.99977,999.646,5.52889
0.002407,1007.25,0.00035846,0.342939,4.99977,999.646,5.52889
0.0024072,1007.01,-8.73654e-07,0.342604,4.99977,999.647,5.52889
0.00240741,1007.16,-0.000294882,0.342236,4.99977,999.647,5.52889
0.0024076,1007.53,-0.000148351,0.341899,4.99977,999.647,5.52889
0.0024078,1007.46,0.000230626,0.341542,4.99977,999.647,5.52889
0.00240801,1007.19,0.000289719,0.341185,4.99977,999.648,5.52889
0.00240821,1007.05,-7.73437e-05,0.34085,4.99977,999.648,5.52889
0.00240841,1007.25,-0.000289149,0.340488,4.99977,999.648,5.52889
0.0024086,1007.5,-3.03741e-05,0.340147,4.99977,999.648,5.52889
0.00240882,1007.42,0.000190653,0.339762,4.99977,999.649,5.52889
0.00240901,1007.1,0.000170969,0.339442,4.99977,999.649,5.52889
0.00240921,1007.08,-0.00013012,0.339084,4.99977,999.649,5.52889
0.00240941,1007.33,-0.000231726,0.338734,4.99977,999.649,5.52889
0.0024096,1007.44,6.3447e-05,0.338383,4.99977,999.649,5.52889
0.00240981,1007.27,0.000232703,0.338022,4.99977,999.65,5.52889
0.00241,1007.07,5.99339e-05,0.33768,4.99977,999.65,5.52889
0.00241022,1007.12,-0.000154111,0.337305,4.99977,999.65,5.52889
0.0024104,1007.37,-0.00013488,0.336969,4.99977,999.65,5.52889
0.00241061,1007.37,0.000110609,0.336604,4.99977,999.651,5.52889
0.00241081,1007.21,0.000198296,0.336239,4.99977,999.651,5.52889
0.002411,1007.07,-2.43297e-05,0.335903,4.99977,999.651,5.52889
0.0024112,1007.21,-0.000187003,0.335546,4.99977,999.651,5.52889
0.0024114,1007.36,-5.66038e-05,0.335185,4.99977,999.652,5.52889
0.0024116,1007.28,0.00015426,0.33483,4.99977,999.652,5.52889
0.00241181,1007.13,0.00014086,0.334461,4.99977,999.652,5.52889
0.002412,1007.1,-8.7418e-05,0.334118,4.99977,999.652,5.52889
0.00241221,1007.22,-0.000159386,0.333744,4.99977,999.653,5.52889
0.0024124,1007.33,1.15459e-05,0.333393,4.99977,999.653,5.52889
0.0024126,1007.23,0.000146803,0.333031,4.99977,999.653,5.52889
0.00241281,1007.09,7.66079e-05,0.332669,4.99977,999.653,5.52889
0.00241301,1007.11,-9.19166e-05,0.332304,4.99977,999.654,5.52889
0.00241321,1007.25,-0.000113901,0.33195,4.99977,999.654,5.52889
0.00241341,1007.28,4.35704e-05,0.331584,4.99977,999.654,5.52889
0.00241361,1007.18,0.000128801,0.33122,4.99977,999.654,5.52889
0.0024138,1007.08,5.70607e-06,0.330874,4.99977,999.654,5.52889
0.00241402,1007.12,-9.98782e-05,0.33049,4.99977,999.655,5.52889
0.0024142,1007.25,-5.3827e-05,0.330151,4.99977,999.655,5.52889
0.0024144,1007.23,7.93435e-05,0.329781,4.99977,999.655,5.52889
0.0024146,1007.11,9.15798e-05,0.329426,4.99977,999.655,5.52889
0.0024148,1007.08,-3.51937e-05,0.329062,4.99977,999.656,5.52889
0.00241501,1007.16,-0.000103211,0.328694,4.99977,999.656,5.52889
0.00241521,1007.23,-2.01585e-05,0.328328,4.99977,999.656,5.52889
0.00241541,1007.19,8.08016e-05,0.327953,4.99977,999.656,5.52889
0.00241561,1007.09,6.15981e-05,0.327601,4.99977,999.657,5.52889
0.0024158,1007.09,-6.39042e-05,0.327248,4.99977,999.657,5.52889
0.00241601,1007.16,-8.44559e-05,0.326865,4.99977,999.657,5.52889
0.00241621,1007.2,1.32385e-05,0.326506,4.99977,999.657,5.52889
0.0024164,1007.13,8.35272e-05,0.326143,4.99977,999.658,5.52889
0.0024166,1007.06,2.12295e-05,0.325783,4.99977,999.658,5.52889
0.00241681,1007.08,-5.55158e-05,0.325397,4.99977,999.658,5.52889
0.002417,1007.17,-4.76152e-05,0.325055,4.99977,999.658,5.52889
0.0024172,1007.16,4.0005e-05,0.324681,4.99977,999.658,5.52889
0.00241741,1007.1,7.06858e-05,0.324304,4.99977,999.659,5.52889
0.0024176,1007.05,-9.96399e-06,0.323955,4.99977,999.659,5.52889
0.0024178,1007.1,-6.66097e-05,0.323587,4.99977,999.659,5.52889
0.002418,1007.15,-2.06652e-05,0.32322,4.99977,999.659,5.52889
0.0024182,1007.12,5.40869e-05,0.322854,4.99977,999.66,5.52889
0.0024184,1007.06,4.58932e-05,0.322484,4.99977,999.66,5.52889
0.0024186,1007.05,-2.99045e-05,0.32212,4.99977,999.66,5.52889
0.00241881,1007.09,-5.73185e-05,0.321735,4.99977,999.66,5.52889
0.002419,1007.13,-1.93558e-06,0.321377,4.99977,999.661,5.52889
0.00241922,1007.1,4.52803e-05,0.320986,4.99977,999.661,5.52889
0.0024194,1007.04,2.39583e-05,0.320646,4.99977,999.661,5.52889
0.00241961,1007.04,-3.57258e-05,0.320271,4.99977,999.661,5.52889
0.0024198,1007.09,-4.00701e-05,0.319908,4.99977,999.662,5.52889
0.00242,1007.1,1.74338e-05,0.319536,4.99977,999.662,5.52889
0.0024202,1007.05,4.58346e-05,0.319171,4.99977,999.662,5.52889
0.00242041,1007.02,7.71706e-06,0.318796,4.99977,999.662,5.52889
0.00242061,1007.03,-3.56939e-05,0.318412,4.99977,999.662,5.52889
0.00242081,1007.07,-2.74285e-05,0.318052,4.99977,999.663,5.52889
0.002421,1007.07,2.84513e-05,0.317692,4.99977,999.663,5.52889
0.0024212,1007.02,3.2924e-05,0.317328,4.99977,999.663,5.52889
0.0024214,1007.01,-1.23719e-05,0.316956,4.99977,999.663,5.52889
0.00242161,1007.03,-3.68725e-05,0.316578,4.99977,999.664,5.52889
0.00242181,1007.06,-8.64116e-06,0.316208,4.99977,999.664,5.52889
0.00242202,1007.04,2.62446e-05,0.31582,4.99977,999.664,5.52889
0.00242221,1007,2.40819e-05,0.315464,4.99977,999.664,5.52889
0.0024224,1007,-2.11006e-05,0.315105,4.99977,999.665,5.52889
0.00242261,1007.02,-3.03644e-05,0.314721,4.99977,999.665,5.52889
0.0024228,1007.04,5.15013e-06,0.314358,4.99977,999.665,5.52889
0.002423,1007.01,2.97643e-05,0.31399,4.99977,999.665,5.52889
0.0024232,1006.98,7.26113e-06,0.313622,4.99977,999.665,5.52889
0.00242341,1006.99,-2.04962e-05,0.313232,4.99977,999.666,5.52889
0.00242361,1007.01,-1.97021e-05,0.312873,4.99977,999.666,5.52889
0.0024238,1007.01,1.45935e-05,0.312505,4.99977,999.666,5.52889
0.00242401,1006.99,2.50943e-05,0.312123,4.99977,999.666,5.52889
0.0024242,1006.97,-3.84029e-06,0.311768,4.99977,999.667,5.52889
0.00242442,1006.97,-2.06542e-05,0.311364,4.99977,999.667,5.52889
0.00242461,1006.99,-1.00429e-05,0.311014,4.99977,999.667,5.52889
0.00242481,1006.99,1.66472e-05,0.310639,4.99977,999.667,5.52889
0.002425,1006.96,1.59271e-05,0.310281,4.99977,999.667,5.52889
0.00242521,1006.95,-8.49376e-06,0.309901,4.99977,999.668,5.52889
0.0024254,1006.97,-1.96727e-05,0.309535,4.99977,999.668,5.52889
0.0024256,1006.98,9.64618e-07,0.309164,4.99977,999.668,5.52889
0.00242581,1006.96,1.8195e-05,0.308783,4.99977,999.668,5.52889
0.00242601,1006.94,1.03572e-05,0.30841,4.99977,999.669,5.52889
0.0024262,1006.94,-1.3402e-05,0.308045,4.99977,999.669,5.52889
0.00242641,1006.95,-1.54178e-05,0.307663,4.99977,999.669,5.52889
0.0024266,1006.95,7.64571e-06,0.307307,4.99977,999.669,5.52889
0.0024268,1006.94,1.61635e-05,0.306933,4.99977,999.67,5.52889
0.00242701,1006.92,2.45344e-06,0.306553,4.99977,999.67,5.52889
0.00242721,1006.92,-1.34395e-05,0.306173,4.99977,999.67,5.52889
0.00242741,1006.94,-9.24186e-06,0.305804,4.99977,999.67,5.52889
0.00242761,1006.93,7.90428e-06,0.305425,4.99977,999.67,5.52889
0.0024278,1006.91,1.24908e-05,0.305065,4.99977,999.671,5.52889
0.002428,1006.91,-4.04103e-06,0.304697,4.99977,999.671,5.52889
0.00242821,1006.91,-1.29694e-05,0.304314,4.99977,999.671,5.52889
0.00242841,1006.92,-3.24549e-06,0.303944,4.99977,999.671,5.52889
0.00242862,1006.91,8.84763e-06,0.30355,4.99977,999.672,5.52889
0.0024288,1006.89,7.58894e-06,0.303204,4.99977,999.672,5.52889
0.00242901,1006.89,-6.10105e-06,0.302824,4.99977,999.672,5.52889
0.0024292,1006.9,-9.96012e-06,0.302462,4.99977,999.672,5.52889
0.0024294,1006.9,2.90326e-06,0.302091,4.99977,999.672,5.52889
0.00242961,1006.89,1.05458e-05,0.30171,4.99977,999.673,5.52889
0.0024298,1006.87,2.74359e-06,0.301344,4.99977,999.673,5.52889
0.00243001,1006.87,-6.83384e-06,0.300949,4.99977,999.673,5.52889
0.0024302,1006.88,-5.98271e-06,0.300602,4.99977,999.673,5.52889
0.0024304,1006.88,5.01727e-06,0.300222,4.99977,999.674,5.52889
0.00243061,1006.87,8.99917e-06,0.299837,4.99977,999.674,5.52889
0.0024308,1006.86,-1.05443e-06,0.299481,4.99977,999.674,5.52889
0.00243101,1006.86,-8.04865e-06,0.299098,4.99977,999.674,5.52889
0.0024312,1006.86,-2.6577e-06,0.298735,4.99977,999.674,5.52889
0.00243141,1006.86,6.20733e-06,0.298354,4.99977,999.675,5.52889
0.00243161,1006.85,6.82245e-06,0.297972,4.99977,999.675,5.52889
0.0024318,1006.84,-3.51181e-06,0.297617,4.99977,999.675,5.52889
0.00243201,1006.84,-7.06927e-06,0.297222,4.99977,999.675,5.52889
0.0024322,1006.84,5.64175e-07,0.296874,4.99977,999.676,5.52889
0.0024324,1006.84,6.69514e-06,0.296499,4.99977,999.676,5.52889
0.00243261,1006.83,3.44905e-06,0.296121,4.99977,999.676,5.52889
0.00243281,1006.82,-4.1629e-06,0.295743,4.99977,999.676,5.52889
0.002433,1006.83,-4.88194e-06,0.295381,4.99977,999.676,5.52889
0.0024332,1006.82,2.29403e-06,0.295006,4.99977,999.677,5.52889
0.0024334,1006.82,5.80053e-06,0.294639,4.99977,999.677,5.52889
0.0024336,1006.81,8.98248e-07,0.29426,4.99977,999.677,5.52889
0.00243381,1006.81,-4.71438e-06,0.29388,4.99977,999.677,5.52889
0.00243401,1006.81,-3.17865e-06,0.293511,4.99977,999.678,5.52889
0.00243421,1006.8,2.90406e-06,0.293132,4.99977,999.678,5.52889
0.0024344,1006.8,4.4493e-06,0.292773,4.99977,999.678,5.52889
0.0024346,1006.79,-1.46829e-06,0.292405,4.99977,999.678,5.52889
0.00243481,1006.79,-4.53643e-06,0.292025,4.99977,999.678,5.52889
0.002435,1006.79,-1.00088e-06,0.291653,4.99977,999.679,5.52889
0.00243521,1006.78,3.45253e-06,0.291265,4.99977,999.679,5.52889
0.00243541,1006.78,3.03584e-06,0.290907,4.99977,999.679,5.52889
0.00243561,1006.77,-1.92483e-06,0.290531,4.99977,999.679,5.52889
0.00243581,1006.77,-3.65589e-06,0.290164,4.99977,999.68,5.52889
0.002436,1006.77,9.36281e-07,0.2898,4.99977,999.68,5.52889
0.00243621,1006.76,3.75919e-06,0.289416,4.99977,999.68,5.52889
0.0024364,1006.76,1.14455e-06,0.289055,4.99977,999.68,5.52889
0.00243661,1006.75,-2.30722e-06,0.288662,4.99977,999.68,5.52889
0.00243681,1006.75,-2.61393e-06,0.2883,4.99977,999.681,5.52889
0.002437,1006.75,1.942e-06,0.287941,4.99977,999.681,5.52889
0.00243721,1006.75,3.24245e-06,0.28756,4.99977,999.681,5.52889
0.0024374,1006.74,-2.3132e-08,0.287194,4.99977,999.681,5.52889
0.00243761,1006.74,-2.6054e-06,0.286805,4.99977,999.682,5.52889
0.0024378,1006.74,-1.10372e-06,0.286452,4.99977,999.682,5.52889
0.002438,1006.73,2.30615e-06,0.28608,4.99977,999.682,5.52889
0.00243821,1006.73,2.4812e-06,0.2857,4.99977,999.682,5.52889
0.00243841,1006.72,-8.22267e-07,0.285333,4.99977,999.682,5.52889
0.00243861,1006.72,-2.45929e-06,0.284955,4.99977,999.683,5.52889
0.0024388,1006.72,-1.04505e-07,0.284594,4.99977,999.683,5.52889
0.00243902,1006.71,1.99815e-06,0.284197,4.99977,999.683,5.52889
0.0024392,1006.71,1.23955e-06,0.283858,4.99977,999.683,5.52889
0.0024394,1006.7,-1.49621e-06,0.283483,4.99977,999.684,5.52889
0.00243961,1006.7,-1.95087e-06,0.283099,4.99977,999.684,5.52889
0.0024398,1006.7,9.14606e-07,0.282748,4.99977,999.684,5.52889
0.00244001,1006.69,2.1404e-06,0.282354,4.99977,999.684,5.52889
0.0024402,1006.69,3.17468e-07,0.282007,4.99977,999.684,5.52889
0.0024404,1006.69,-1.68155e-06,0.281632,4.99977,999.685,5.52889
0.0024406,1006.68,-1.02796e-06,0.281261,4.99977,999.685,5.52889
0.00244081,1006.68,1.14949e-06,0.280885,4.99977,999.685,5.52889
0.00244101,1006.68,1.83235e-06,0.280506,4.99977,999.685,5.52889
0.0024412,1006.67,-2.75535e-07,0.280153,4.99977,999.685,5.52889
0.00244142,1006.67,-1.43071e-06,0.279756,4.99977,999.686,5.52889
0.0024416,1006.67,-2.81473e-07,0.279414,4.99977,999.686,5.52889
0.00244181,1006.66,1.35961e-06,0.279032,4.99977,999.686,5.52889
0.002442,1006.66,1.10627e-06,0.278676,4.99977,999.686,5.52889
0.0024422,1006.65,-6.87235e-07,0.278302,4.99977,999.687,5.52889
0.0024424,1006.65,-1.20763e-06,0.277938,4.99977,999.687,5.52889
0.0024426,1006.65,2.01539e-07,0.277561,4.99977,999.687,5.52889
0.0024428,1006.64,1.43247e-06,0.277195,4.99977,999.687,5.52889
0.00244301,1006.64,6.95304e-07,0.27682,4.99977,999.687,5.52889
0.00244321,1006.64,-8.15109e-07,0.276448,4.99977,999.688,5.52889
0.0024434,1006.63,-8.22297e-07,0.276088,4.99977,999.688,5.52889
0.00244361,1006.63,5.63757e-07,0.275713,4.99977,999.688,5.52889
0.0024438,1006.62,1.22e-06,0.275353,4.99977,999.688,5.52889
0.002444,1006.62,1.86016e-07,0.274978,4.99977,999.688,5.52889
0.00244421,1006.62,-8.95075e-07,0.274606,4.99977,999.689,5.52889
0.00244441,1006.61,-5.16153e-07,0.274234,4.99977,999.689,5.52889
0.00244461,1006.61,6.89776e-07,0.273859,4.99977,999.689,5.52889
0.0024448,1006.61,9.41135e-07,0.273507,4.99977,999.689,5.52889
0.002445,1006.6,-2.71343e-07,0.273145,4.99977,999.69,5.52889
0.00244521,1006.6,-8.04233e-07,0.272768,4.99977,999.69,5.52889
0.0024454,1006.6,1.39285e-08,0.272405,4.99977,999.69,5.52889
0.00244561,1006.59,7.98477e-07,0.272016,4.99977,999.69,5.52889
0.00244581,1006.59,6.64557e-07,0.271662,4.99977,999.69,5.52889
0.00244601,1006.58,-3.40093e-07,0.271292,4.99977,999.691,5.52889
0.00244621,1006.58,-6.24641e-07,0.270925,4.99977,999.691,5.52889
0.00244641,1006.58,2.41881e-07,0.270561,4.99977,999.691,5.52889
0.00244661,1006.57,8.35977e-07,0.270186,4.99977,999.691,5.52889
0.0024468,1006.57,2.90354e-07,0.269833,4.99977,999.691,5.52889
0.002447,1006.57,-5.16878e-07,0.26947,4.99977,999.692,5.52889
0.0024472,1006.56,-3.24621e-07,0.2691,4.99977,999.692,5.52889
0.00244741,1006.56,4.43872e-07,0.268726,4.99977,999.692,5.52889
0.00244761,1006.56,7.40074e-07,0.26835,4.99977,999.692,5.52889
0.0024478,1006.55,5.83115e-08,0.267998,4.99977,999.693,5.52889
0.00244802,1006.55,-4.05807e-07,0.267606,4.99977,999.693,5.52889
0.0024482,1006.54,-9.4475e-08,0.267266,4.99977,999.693,5.52889
0.00244841,1006.54,4.77525e-07,0.266881,4.99977,999.693,5.52889
0.00244861,1006.54,5.57478e-07,0.266527,4.99977,999.693,5.52889
0.0024488,1006.53,-1.26942e-07,0.266168,4.99977,999.694,5.52889
0.00244901,1006.53,-3.87944e-07,0.26579,4.99977,999.694,5.52889
0.00244921,1006.53,1.02139e-07,0.265434,4.99977,999.694,5.52889
0.0024494,1006.52,5.81655e-07,0.265075,4.99977,999.694,5.52889
0.0024496,1006.52,3.21905e-07,0.264709,4.99977,999.694,5.52889
0.0024498,1006.52,-2.18621e-07,0.264342,4.99977,999.695,5.52889
0.00245,1006.51,-2.4142e-07,0.263976,4.99977,999.695,5.52889
0.00245021,1006.51,2.23497e-07,0.263603,4.99977,999.695,5.52889
0.00245041,1006.5,5.23408e-07,0.263242,4.99977,999.695,5.52889
0.00245061,1006.5,1.89583e-07,0.262878,4.99977,999.695,5.52889
0.0024508,1006.5,-2.40743e-07,0.262519,4.99977,999.696,5.52889
0.002451,1006.49,-7.41512e-08,0.262156,4.99977,999.696,5.52889
0.0024512,1006.49,3.71425e-07,0.261792,4.99977,999.696,5.52889
0.00245141,1006.49,4.38616e-07,0.261419,4.99977,999.696,5.52889
0.0024516,1006.48,4.3513e-08,0.261059,4.99977,999.696,5.52889
0.0024518,1006.48,-2.04097e-07,0.2607,4.99977,999.697,5.52889
0.002452,1006.48,7.8525e-08,0.26034,4.99977,999.697,5.52889
0.0024522,1006.47,4.02237e-07,0.259977,4.99977,999.697,5.52889
0.0024524,1006.47,2.9908e-07,0.259611,4.99977,999.697,5.52889
0.00245261,1006.46,-3.51815e-08,0.25924,4.99977,999.698,5.52889
0.00245281,1006.46,-1.42921e-07,0.258874,4.99977,999.698,5.52889
0.00245301,1006.46,1.4965e-07,0.258513,4.99977,999.698,5.52889
0.00245321,1006.45,3.64304e-07,0.258137,4.99977,999.698,5.52889
0.0024534,1006.45,1.91888e-07,0.257796,4.99977,999.698,5.52889
0.0024536,1006.45,-8.50116e-08,0.257431,4.99977,999.699,5.52889
0.0024538,1006.44,-2.8383e-08,0.257074,4.99977,999.699,5.52889
0.002454,1006.44,2.391e-07,0.256705,4.99977,999.699,5.52889
0.00245421,1006.44,3.39001e-07,0.256328,4.99977,999.699,5.52889
0.0024544,1006.43,1.04236e-07,0.255984,4.99977,999.699,5.52889
0.00245461,1006.43,-6.21844e-08,0.2556,4.99977,999.7,5.52889
0.00245481,1006.42,4.04443e-08,0.255255,4.99977,999.7,5.52889
0.00245501,1006.42,2.72807e-07,0.254895,4.99977,999.7,5.52889
0.0024552,1006.42,2.63513e-07,0.254537,4.99977,999.7,5.52889
0.0024554,1006.41,4.28567e-08,0.254175,4.99977,999.7,5.52889
0.0024556,1006.41,-4.1045e-08,0.253814,4.99977,999.701,5.52889
0.00245581,1006.41,1.11436e-07,0.253444,4.99977,999.701,5.52889
0.002456,1006.4,2.77414e-07,0.25309,4.99977,999.701,5.52889
0.00245621,1006.4,2.20744e-07,0.252715,4.99977,999.701,5.52889
0.00245641,1006.4,1.31828e-08,0.252368,4.99977,999.701,5.52889
0.0024566,1006.39,2.04608e-08,0.252015,4.99977,999.702,5.52889
0.00245681,1006.39,1.80624e-07,0.251647,4.99977,999.702,5.52889
0.00245701,1006.38,2.55651e-07,0.251276,4.99977,999.702,5.52889
0.00245721,1006.38,1.50378e-07,0.250917,4.99977,999.702,5.52889
0.0024574,1006.38,5.70493e-09,0.250577,4.99977,999.702,5.52889
0.0024576,1006.37,8.84481e-08,0.250217,4.99977,999.703,5.52889
0.0024578,1006.37,2.19416e-07,0.249857,4.99977,999.703,5.52889
0.00245801,1006.37,2.06688e-07,0.24949,4.99977,999.703,5.52889
0.0024582,1006.36,7.334e-08,0.249134,4.99977,999.703,5.52889
0.00245841,1006.36,3.79682e-08,0.248774,4.99977,999.703,5.52889
0.0024586,1006.36,1.52008e-07,0.248421,4.99977,999.704,5.52889
0.00245881,1006.35,2.10376e-07,0.248043,4.99977,999.704,5.52889
0.00245901,1006.35,1.5571e-07,0.247681,4.99977,999.704,5.52889
0.0024592,1006.35,5.29294e-08,0.247349,4.99977,999.704,5.52889
0.0024594,1006.34,1.06215e-07,0.246988,4.99977,999.704,5.52889
0.00245961,1006.34,1.79602e-07,0.246616,4.99977,999.705,5.52889
0.0024598,1006.33,1.63519e-07,0.246269,4.99977,999.705,5.52889
0.00246001,1006.33,9.72833e-08,0.245892,4.99977,999.705,5.52889
0.00246021,1006.33,8.54626e-08,0.245541,4.99977,999.705,5.52889
0.00246042,1006.32,1.43404e-07,0.24517,4.99977,999.706,5.52889
0.00246061,1006.32,1.64456e-07,0.244837,4.99977,999.706,5.52889
0.0024608,1006.32,1.05995e-07,0.244488,4.99977,999.706,5.52889
0.002461,1006.31,1.00406e-07,0.244132,4.99977,999.706,5.52889
0.00246122,1006.31,1.32893e-07,0.243742,4.99977,999.706,5.52889
0.00246142,1006.31,1.57461e-07,0.243385,4.99977,999.707,5.52889
0.00246162,1006.3,1.28829e-07,0.243029,4.99977,999.707,5.52889
0.00246182,1006.3,1.0739e-07,0.242673,4.99977,999.707,5.52889
0.00246202,1006.3,1.29455e-07,0.242317,4.99977,999.707,5.52889
0.00246222,1006.29,1.48715e-07,0.241962,4.99977,999.707,5.52889
0.00246242,1006.29,1.32607e-07,0.241606,4.99977,999.708,5.52889
0.00246262,1006.28,1.16328e-07,0.241251,4.99977,999.708,5.52889
0.00246282,1006.28,1.28624e-07,0.240895,4.99977,999.708,5.52889
0.00246302,1006.28,1.43037e-07,0.24054,4.99977,999.708,5.52889
0.00246322,1006.27,1.34496e-07,0.240185,4.99977,999.708,5.52889
0.00246342,1006.27,1.22656e-07,0.239831,4.99977,999.709,5.52889
0.00246362,1006.27,1.29145e-07,0.239476,4.99977,999.709,5.52889
0.00246382,1006.26,1.39569e-07,0.239122,4.99977,999.709,5.52889
0.00246402,1006.26,1.35446e-07,0.238768,4.99977,999.709,5.52889
0.00246422,1006.26,1.27138e-07,0.238414,4.99977,999.709,5.52889
0.00246442,1006.25,1.303e-07,0.23806,4.99977,999.71,5.52889
0.00246462,1006.25,1.37639e-07,0.237706,4.99977,999.71,5.52889
0.00246482,1006.25,1.35994e-07,0.237352,4.99977,999.71,5.52889
0.00246502,1006.24,1.30351e-07,0.236999,4.99977,999.71,5.52889
0.00246522,1006.24,1.31695e-07,0.236646,4.99977,999.71,5.52889
0.00246542,1006.23,1.36754e-07,0.236293,4.99977,999.711,5.52889
0.00246562,1006.23,1.36421e-07,0.23594,4.99977,999.711,5.52889
0.00246582,1006.23,1.32713e-07,0.235587,4.99977,999.711,5.52889
0.00246602,1006.22,1.3313e-07,0.235235,4.99977,999.711,5.52889
0.00246622,1006.22,1.36561e-07,0.234882,4.99977,999.711,5.52889
0.00246642,1006.22,1.36866e-07,0.23453,4.99977,999.712,5.52889
0.00246662,1006.21,1.34517e-07,0.234178,4.99977,999.712,5.52889
0.00246682,1006.21,1.34512e-07,0.233826,4.99977,999.712,5.52889
0.00246702,1006.21,1.36814e-07,0.233475,4.99977,999.712,5.52889
0.00246722,1006.2,1.37383e-07,0.233123,4.99977,999.712,5.52889
0.00246742,1006.2,1.35964e-07,0.232772,4.99977,999.713,5.52889
0.00246762,1006.2,1.35811e-07,0.232421,4.99977,999.713,5.52889
0.00246782,1006.19,1.37352e-07,0.23207,4.99977,999.713,5.52889
0.00246802,1006.19,1.37986e-07,0.231719,4.99977,999.713,5.52889
0.00246822,1006.18,1.37188e-07,0.231368,4.99977,999.713,5.52889
0.00246842,1006.18,1.37025e-07,0.231018,4.99977,999.713,5.52889
0.00246862,1006.18,1.38063e-07,0.230668,4.99977,999.714,5.52889
0.00246882,1006.17,1.3867e-07,0.230318,4.99977,999.714,5.52889
0.00246902,1006.17,1.38276e-07,0.229968,4.99977,999.714,5.52889
0.00246922,1006.17,1.38163e-07,0.229618,4.99977,999.714,5.52889
0.00246942,1006.16,1.38876e-07,0.229268,4.99977,999.714,5.52889
0.00246962,1006.16,1.39419e-07,0.228919,4.99977,999.715,5.52889
0.00246982,1006.16,1.39284e-07,0.22857,4.99977,999.715,5.52889
0.00247002,1006.15,1.39239e-07,0.228221,4.99977,999.715,5.52889
0.00247022,1006.15,1.39748e-07,0.227872,4.99977,999.715,5.52889
0.00247042,1006.15,1.40222e-07,0.227523,4.99977,999.715,5.52889
0.00247062,1006.14,1.40244e-07,0.227175,4.99977,999.716,5.52889
0.00247082,1006.14,1.40266e-07,0.226826,4.99977,999.716,5.52889
0.00247102,1006.13,1.40651e-07,0.226478,4.99977,999.716,5.52889
0.00247122,1006.13,1.41061e-07,0.22613,4.99977,999.716,5.52889
0.00247142,1006.13,1.41181e-07,0.225782,4.99977,999.716,5.52889
0.00247162,1006.12,1.41259e-07,0.225435,4.99977,999.717,5.52889
0.00247182,1006.12,1.41568e-07,0.225087,4.99977,999.717,5.52889
0.00247202,1006.12,1.41926e-07,0.22474,4.99977,999.717,5.52889
0.00247222,1006.11,1.42104e-07,0.224393,4.99977,999.717,5.52889
0.00247242,1006.11,1.42225e-07,0.224046,4.99977,999.717,5.52889
0.00247262,1006.11,1.4249e-07,0.223699,4.99977,999.718,5.52889
0.00247282,1006.1,1.42811e-07,0.223353,4.99977,999.718,5.52889
0.00247302,1006.1,1.43018e-07,0.223006,4.99977,999.718,5.52889
0.00247322,1006.1,1.43171e-07,0.22266,4.99977,999.718,5.52889
0.00247342,1006.09,1.43413e-07,0.222314,4.99977,999.718,5.52889
0.00247362,1006.09,1.43704e-07,0.221968,4.99977,999.719,5.52889
0.00247382,1006.09,1.43927e-07,0.221623,4.99977,999.719,5.52889
0.00247402,1006.08,1.44104e-07,0.221277,4.99977,999.719,5.52889
0.00247422,1006.08,1.44333e-07,0.220932,4.99977,999.719,5.52889
0.00247442,1006.07,1.44604e-07,0.220587,4.99977,999.719,5.52889
0.00247462,1006.07,1.44833e-07,0.220242,4.99977,999.72,5.52889
0.00247482,1006.07,1.45026e-07,0.219897,4.99977,999.72,5.52889
0.00247502,1006.06,1.45249e-07,0.219552,4.99977,999.72,5.52889
0.00247522,1006.06,1.45504e-07,0.219208,4.99977,999.72,5.52889
0.00247542,1006.06,1.45738e-07,0.218864,4.99977,999.72,5.52889
0.00247562,1006.05,1.45941e-07,0.21852,4.99977,999.72,5.52889
0.00247582,1006.05,1.46161e-07,0.218176,4.99977,999.721,5.52889
0.00247602,1006.05,1.46405e-07,0.217832,4.99977,999.721,5.52889
0.00247622,1006.04,1.46638e-07,0.217489,4.99977,999.721,5.52889
0.00247642,1006.04,1.46847e-07,0.217145,4.99977,999.721,5.52889
0.00247662,1006.04,1.47065e-07,0.216802,4.99977,999.721,5.52889
0.00247682,1006.03,1.47305e-07,0.216459,4.99977,999.722,5.52889
0.00247702,1006.03,1.47535e-07,0.216116,4.99977,999.722,5.52889
0.00247722,1006.03,1.47749e-07,0.215774,4.99977,999.722,5.52889
0.00247742,1006.02,1.47967e-07,0.215431,4.99977,999.722,5.52889
0.00247762,1006.02,1.482e-07,0.215089,4.99977,999.722,5.52889
0.00247782,1006.02,1.48428e-07,0.214747,4.99977,999.723,5.52889
0.00247802,1006.01,1.48645e-07,0.214405,4.99977,999.723,5.52889
0.00247822,1006.01,1.48862e-07,0.214063,4.99977,999.723,5.52889
0.00247842,1006,1.49091e-07,0.213722,4.99977,999.723,5.52889
0.00247862,1006,1.49319e-07,0.213381,4.99977,999.723,5.52889
0.00247882,1006,1.49536e-07,0.213039,4.99977,999.724,5.52889
0.00247902,1005.99,1.49752e-07,0.212699,4.99977,999.724,5.52889
0.00247922,1005.99,1.49976e-07,0.212358,4.99977,999.724,5.52889
0.00247942,1005.99,1.50201e-07,0.212017,4.99977,999.724,5.52889
0.00247962,1005.98,1.50422e-07,0.211677,4.99977,999.724,5.52889
0.00247982,1005.98,1.50638e-07,0.211337,4.99977,999.724,5.52889
0.00248002,1005.98,1.50858e-07,0.210996,4.99977,999.725,5.52889
0.00248022,1005.97,1.51079e-07,0.210657,4.99977,999.725,5.52889
0.00248042,1005.97,1.51299e-07,0.210317,4.99977,999.725,5.52889
0.00248062,1005.97,1.51517e-07,0.209977,4.99977,999.725,5.52889
0.00248082,1005.96,1.51735e-07,0.209638,4.99977,999.725,5.52889
0.00248102,1005.96,1.51953e-07,0.209299,4.99977,999.726,5.52889
0.00248122,1005.96,1.52171e-07,0.20896,4.99977,999.726,5.52889
0.00248142,1005.95,1.52389e-07,0.208621,4.99977,999.726,5.52889
0.00248162,1005.95,1.52606e-07,0.208283,4.99977,999.726,5.52889
0.00248182,1005.95,1.52822e-07,0.207944,4.99977,999.726,5.52889
0.00248202,1005.94,1.53037e-07,0.207606,4.99977,999.727,5.52889
0.00248222,1005.94,1.53254e-07,0.207268,4.99977,999.727,5.52889
0.00248242,1005.93,1.5347e-07,0.20693,4.99977,999.727,5.52889
0.00248262,1005.93,1.53685e-07,0.206593,4.99977,999.727,5.52889
0.00248282,1005.93,1.53898e-07,0.206255,4.99977,999.727,5.52889
0.00248302,1005.92,1.54113e-07,0.205918,4.99977,999.727,5.52889
0.00248322,1005.92,1.54327e-07,0.205581,4.99977,999.728,5.52889
0.00248342,1005.92,1.54541e-07,0.205244,4.99977,999.728,5.52889
0.00248362,1005.91,1.54754e-07,0.204907,4.99977,999.728,5.52889
0.00248382,1005.91,1.54966e-07,0.204571,4.99977,999.728,5.52889
0.00248402,1005.91,1.55177e-07,0.204234,4.99977,999.728,5.52889
0.00248422,1005.9,1.5539e-07,0.203898,4.99977,999.729,5.52889
0.00248442,1005.9,1.55601e-07,0.203562,4.99977,999.729,5.52889
0.00248462,1005.9,1.55811e-07,0.203226,4.99977,999.729,5.52889
0.00248482,1005.89,1.56021e-07,0.202891,4.99977,999.729,5.52889
0.00248502,1005.89,1.56232e-07,0.202555,4.99977,999.729,5.52889
0.00248522,1005.89,1.56441e-07,0.20222,4.99977,999.73,5.52889
0.00248542,1005.88,1.56649e-07,0.201885,4.99977,999.73,5.52889
0.00248562,1005.88,1.5686e-07,0.20155,4.99977,999.73,5.52889
0.00248582,1005.88,1.57067e-07,0.201215,4.99977,999.73,5.52889
0.00248602,1005.87,1.57272e-07,0.200881,4.99977,999.73,5.52889
0.00248622,1005.87,1.5748e-07,0.200546,4.99977,999.73,5.52889
0.00248642,1005.87,1.57688e-07,0.200212,4.99977,999.731,5.52889
0.00248662,1005.86,1.57894e-07,0.199878,4.99977,999.731,5.52889
0.00248682,1005.86,1.58099e-07,0.199544,4.99977,999.731,5.52889
0.00248702,1005.85,1.58304e-07,0.199211,4.99977,999.731,5.52889
0.00248722,1005.85,1.58509e-07,0.198877,4.99977,999.731,5.52889
0.00248742,1005.85,1.58712e-07,0.198544,4.99977,999.732,5.52889
0.00248762,1005.84,1.58916e-07,0.198211,4.99977,999.732,5.52889
0.00248782,1005.84,1.5912e-07,0.197878,4.99977,999.732,5.52889
0.00248802,1005.84,1.59324e-07,0.197546,4.99977,999.732,5.52889
0.00248822,1005.83,1.59523e-07,0.197213,4.99977,999.732,5.52889
0.00248842,1005.83,1.59725e-07,0.196881,4.99977,999.732,5.52889
0.00248862,1005.83,1.59928e-07,0.196549,4.99977,999.733,5.52889
0.00248882,1005.82,1.60127e-07,0.196217,4.99977,999.733,5.52889
0.00248902,1005.82,1.60328e-07,0.195885,4.99977,999.733,5.52889
0.00248922,1005.82,1.60527e-07,0.195554,4.99977,999.733,5.52889
0.00248942,1005.81,1.60727e-07,0.195222,4.99977,999.733,5.52889
0.00248962,1005.81,1.60923e-07,0.194891,4.99977,999.734,5.52889
0.00248982,1005.81,1.61123e-07,0.19456,4.99977,999.734,5.52889
0.00249002,1005.8,1.6132e-07,0.194229,4.99977,999.734,5.52889
0.00249022,1005.8,1.61515e-07,0.193899,4.99977,999.734,5.52889
0.00249042,1005.8,1.61711e-07,0.193568,4.99977,999.734,5.52889
0.00249062,1005.79,1.61909e-07,0.193238,4.99977,999.734,5.52889
0.00249082,1005.79,1.62104e-07,0.192908,4.99977,999.735,5.52889
0.00249102,1005.79,1.62295e-07,0.192578,4.99977,999.735,5.52889
0.00249122,1005.78,1.6249e-07,0.192248,4.99977,999.735,5.52889
0.00249142,1005.78,1.62687e-07,0.191919,4.99977,999.735,5.52889
0.00249162,1005.78,1.62878e-07,0.19159,4.99977,999.735,5.52889
0.00249182,1005.77,1.63067e-07,0.19126,4.99977,999.736,5.52889
0.00249202,1005.77,1.63261e-07,0.190931,4.99977,999.736,5.52889
0.00249222,1005.77,1.63453e-07,0.190603,4.99977,999.736,5.52889
0.00249242,1005.76,1.63642e-07,0.190274,4.99977,999.736,5.52889
0.00249262,1005.76,1.63832e-07,0.189946,4.99977,999.736,5.52889
0.00249282,1005.75,1.64021e-07,0.189618,4.99977,999.736,5.52889
0.00249302,1005.75,1.64212e-07,0.18929,4.99977,999.737,5.52889
0.00249322,1005.75,1.64399e-07,0.188962,4.99977,999.737,5.52889
0.00249342,1005.74,1.64585e-07,0.188634,4.99977,999.737,5.52889
0.00249362,1005.74,1.64772e-07,0.188307,4.99977,999.737,5.52889
0.00249382,1005.74,1.64958e-07,0.187979,4.99977,999.737,5.52889
0.00249402,1005.73,1.65145e-07,0.187652,4.99977,999.738,5.52889
0.00249422,1005.73,1.65329e-07,0.187325,4.99977,999.738,5.52889
0.00249442,1005.73,1.65512e-07,0.186999,4.99977,999.738,5.52889
0.00249462,1005.72,1.65696e-07,0.186672,4.99977,999.738,5.52889
0.00249482,1005.72,1.6588e-07,0.186346,4.99977,999.738,5.52889
0.00249502,1005.72,1.66062e-07,0.18602,4.99977,999.738,5.52889
0.00249522,1005.71,1.66243e-07,0.185694,4.99977,999.739,5.52889
0.00249542,1005.71,1.66425e-07,0.185368,4.99977,999.739,5.52889
0.00249562,1005.71,1.66606e-07,0.185042,4.99977,999.739,5.52889
0.00249582,1005.7,1.66784e-07,0.184717,4.99977,999.739,5.52889
0.00249602,1005.7,1.66964e-07,0.184392,4.99977,999.739,5.52889
0.00249622,1005.7,1.67144e-07,0.184067,4.99977,999.74,5.52889
0.00249642,1005.69,1.6732e-07,0.183742,4.99977,999.74,5.52889
0.00249662,1005.69,1.67495e-07,0.183417,4.99977,999.74,5.52889
0.00249682,1005.69,1.67673e-07,0.183093,4.99977,999.74,5.52889
0.00249702,1005.68,1.67851e-07,0.182769,4.99977,999.74,5.52889
0.00249722,1005.68,1.68024e-07,0.182444,4.99977,999.74,5.52889
0.00249742,1005.68,1.68198e-07,0.182121,4.99977,999.741,5.52889
0.00249762,1005.67,1.68373e-07,0.181797,4.99977,999.741,5.52889
0.00249782,1005.67,1.68546e-07,0.181473,4.99977,999.741,5.52889
0.00249802,1005.67,1.68717e-07,0.18115,4.99977,999.741,5.52889
0.00249822,1005.66,1.68888e-07,0.180827,4.99977,999.741,5.52889
0.00249842,1005.66,1.69061e-07,0.180504,4.99977,999.742,5.52889
0.00249862,1005.66,1.69231e-07,0.180181,4.99977,999.742,5.52889
0.00249882,1005.65,1.69398e-07,0.179858,4.99977,999.742,5.52889
0.00249902,1005.65,1.69568e-07,0.179536,4.99977,999.742,5.52889
0.00249922,1005.65,1.69735e-07,0.179214,4.99977,999.742,5.52889
0.0024994,1005.64,1.69888e-07,0.178919,4.99977,999.742,5.52889
0.0024996,1005.64,1.70056e-07,0.178597,4.99977,999.743,5.52889
0.0024998,1005.64,1.70222e-07,0.178276,4.99977,999.743,5.52889
0.0025,1005.63,1.70385e-07,0.177954,4.99977,999.743,5.52889
0.0025002,1005.63,1.70548e-07,0.177633,4.99977,999.743,5.52889
0.0025004,1005.62,1.70715e-07,0.177312,4.99977,999.743,5.52889
0.0025006,1005.62,1.70878e-07,0.176991,4.99977,999.743,5.52889
0.0025008,1005.62,1.71039e-07,0.17667,4.99977,999.744,5.52889
0.002501,1005.61,1.712e-07,0.176349,4.99977,999.744,5.52889
0.0025012,1005.61,1.7136e-07,0.176029,4.99977,999.744,5.52889
0.0025014,1005.61,1.71519e-07,0.175709,4.99977,999.744,5.52889
0.0025016,1005.6,1.71681e-07,0.175389,4.99977,999.744,5.52889
0.0025018,1.13116,0.555446,0.16578,4.99977,999.741,5.52889
0.00250201,1.42235,0.699626,0.153071,4.99977,999.722,5.52889
0.00250221,1.76671,0.868978,0.150846,4.99977,999.699,5.52889
0.00250241,2.11095,1.03828,0.149142,4.99977,999.67,5.52889
0.00250261,2.45507,1.20751,0.147482,4.99977,999.637,5.52889
0.00250281,2.79905,1.37669,0.145842,4.99977,999.598,5.52889
0.002503,214.122,1.52163,0.1443,4.99977,999.556,5.52889
0.00250321,1246.94,0.0838979,0.184028,4.99977,999.549,5.52889
0.00250341,1007.91,0.292942,0.206962,4.99977,999.551,5.52889
0.0025036,778.436,0.0340422,0.21824,4.99977,999.553,5.52889
0.00250381,888.607,-0.239648,0.221315,4.99977,999.552,5.52889
0.002504,1166.53,-0.193938,0.21727,4.99977,999.55,5.52889
0.0025042,1199.54,0.130568,0.215962,4.99977,999.55,5.52889
0.0025044,949.696,0.260468,0.222879,4.99977,999.553,5.52889
0.0025046,794.475,0.0342496,0.231203,4.99977,999.554,5.52889
0.0025048,937.583,-0.248658,0.23328,4.99977,999.553,5.52889
0.002505,1170.62,-0.160584,0.229709,4.99977,999.552,5.52889
0.0025052,1180.41,0.136086,0.229059,4.99977,999.552,5.52889
0.0025054,958.719,0.244636,0.235436,4.99977,999.554,5.52889
0.0025056,807.317,-0.00426788,0.243653,4.99977,999.555,5.52889
0.00250581,913.157,-0.215334,0.245847,4.99977,999.555,5.52889
0.002506,1157.62,-0.152109,0.242038,4.99977,999.554,5.52889
0.00250621,1169.89,0.123548,0.241383,4.99977,999.554,5.52889
0.00250641,959.961,0.226706,0.24738,4.99977,999.556,5.52889
0.0025066,821.808,-0.0116484,0.255038,4.99977,999.557,5.52889
0.0025068,963.691,-0.220961,0.256152,4.99977,999.556,5.52889
0.002507,1157.57,-0.122592,0.253051,4.99977,999.555,5.52889
0.0025072,1144.65,0.138832,0.252943,4.99977,999.555,5.52889
0.00250741,955.231,0.207272,0.258708,4.99977,999.557,5.52889
0.0025076,835.806,-0.0134425,0.265649,4.99977,999.558,5.52889
0.00250781,961.395,-0.202534,0.266805,4.99977,999.558,5.52889
0.002508,1155.19,-0.0941867,0.263405,4.99977,999.557,5.52889
0.00250821,1135.46,0.126378,0.263764,4.99977,999.557,5.52889
0.00250841,946.205,0.185615,0.269435,4.99977,999.559,5.52889
0.0025086,851.54,-0.0377548,0.275693,4.99977,999.56,5.52889
0.0025088,989.526,-0.193153,0.276091,4.99977,999.559,5.52889
0.00250901,1142.96,-0.0895322,0.273578,4.99977,999.558,5.52889
0.00250921,1127.39,0.114114,0.273874,4.99977,999.559,5.52889
0.0025094,924.208,0.153909,0.279833,4.99977,999.56,5.52889
0.00250961,863.842,-0.0371907,0.284948,4.99977,999.561,5.52889
0.00250981,992.551,-0.178641,0.285286,4.99977,999.561,5.52889
0.00251,1143.91,-0.0476582,0.282348,4.99977,999.56,5.52889
0.0025102,1083.61,0.145903,0.283577,4.99977,999.56,5.52889
0.00251041,932.405,0.143606,0.288788,4.99977,999.562,5.52889
0.0025106,883.163,-0.0672029,0.293648,4.99977,999.563,5.52889
0.0025108,1011.79,-0.165798,0.293468,4.99977,999.562,5.52889
0.002511,1133.93,-0.0422549,0.291183,4.99977,999.561,5.52889
0.00251121,1083.49,0.129772,0.292303,4.99977,999.562,5.52889
0.00251141,936.953,0.131604,0.297226,4.99977,999.563,5.52889
0.00251161,891.026,-0.0567456,0.301692,4.99977,999.564,5.52889
0.00251181,1013.68,-0.153002,0.301487,4.99977,999.563,5.52889
0.002512,1127.53,-0.0181467,0.299125,4.99977,999.563,5.52889
0.00251221,1075.94,0.121424,0.300514,4.99977,999.564,5.52889
0.0025124,920.333,0.0979717,0.305706,4.99977,999.565,5.52889
0.00251261,900.908,-0.0552368,0.309193,4.99977,999.565,5.52889
0.0025128,1034.27,-0.137555,0.308451,4.99977,999.565,5.52889
0.002513,1118.47,-0.0158041,0.306832,4.99977,999.564,5.52889
0.0025132,1044.12,0.129326,0.30849,4.99977,999.565,5.52889
0.0025134,925.863,0.0887828,0.312982,4.99977,999.566,5.52889
0.00251361,909.681,-0.0526226,0.316173,4.99977,999.567,5.52889
0.00251381,1029,-0.127863,0.315588,4.99977,999.566,5.52889
0.002514,1110.55,0.00693593,0.313743,4.99977,999.566,5.52889
0.0025142,1041.02,0.119532,0.315557,4.99977,999.567,5.52889
0.00251441,932.115,0.081864,0.319709,4.99977,999.568,5.52889
0.0025146,930.481,-0.076315,0.322569,4.99977,999.568,5.52889
0.0025148,1045.71,-0.110955,0.321598,4.99977,999.568,5.52889
0.002515,1102.72,0.00495325,0.320449,4.99977,999.567,5.52889
0.00251521,1039.01,0.110095,0.322106,4.99977,999.568,5.52889
0.0025154,925.764,0.0535526,0.326387,4.99977,999.569,5.52889
0.00251561,935.165,-0.0683502,0.328614,4.99977,999.57,5.52889
0.0025158,1042,-0.102837,0.327733,4.99977,999.569,5.52889
0.00251601,1095.4,0.00598519,0.326638,4.99977,999.569,5.52889
0.0025162,1016.12,0.107399,0.328536,4.99977,999.57,5.52889
0.0025164,932.041,0.049297,0.332146,4.99977,999.571,5.52889
0.00251661,940.669,-0.0629101,0.334204,4.99977,999.571,5.52889
0.00251681,1039.3,-0.0949561,0.333395,4.99977,999.571,5.52889
0.002517,1086.97,0.0215526,0.332231,4.99977,999.571,5.52889
0.0025172,1015.59,0.0991157,0.334138,4.99977,999.571,5.52889
0.00251741,937.948,0.0456262,0.337472,4.99977,999.572,5.52889
0.00251761,945.719,-0.057832,0.339377,4.99977,999.572,5.52889
0.0025178,1050.18,-0.0788554,0.338206,4.99977,999.572,5.52889
0.00251801,1080.9,0.0198189,0.337558,4.99977,999.572,5.52889
0.00251821,1015.09,0.0914667,0.339317,4.99977,999.573,5.52889
0.0025184,937.745,0.0248019,0.342652,4.99977,999.574,5.52889
0.0025186,966.304,-0.0726382,0.34393,4.99977,999.574,5.52889
0.00251881,1046.85,-0.0728397,0.343075,4.99977,999.573,5.52889
0.002519,1071.14,0.0344874,0.342371,4.99977,999.574,5.52889
0.0025192,1003.4,0.0847134,0.344314,4.99977,999.574,5.52889
0.0025194,943.182,0.0229802,0.347171,4.99977,999.575,5.52889
0.00251961,969.353,-0.0668912,0.348353,4.99977,999.575,5.52889
0.00251981,1043.78,-0.0672844,0.347561,4.99977,999.575,5.52889
0.00252,1066.31,0.0317273,0.346908,4.99977,999.575,5.52889
0.00252021,1003.81,0.0781856,0.348696,4.99977,999.576,5.52889
0.0025204,946.212,0.00915717,0.351468,4.99977,999.577,5.52889
0.00252061,972.171,-0.0615876,0.352421,4.99977,999.577,5.52889
0.0025208,1053.41,-0.0484618,0.351227,4.99977,999.576,5.52889
0.00252101,1061.84,0.0291815,0.351077,4.99977,999.577,5.52889
0.0025212,993.997,0.0702823,0.352941,4.99977,999.577,5.52889
0.0025214,950.986,0.00854707,0.355274,4.99977,999.578,5.52889
0.0025216,987.02,-0.0651217,0.355924,4.99977,999.578,5.52889
0.0025218,1049.86,-0.0447862,0.355045,4.99977,999.578,5.52889
0.00252201,1057.72,0.0268333,0.354899,4.99977,999.578,5.52889
0.0025222,995.122,0.0648741,0.356612,4.99977,999.579,5.52889
0.0025224,955.018,-0.00225766,0.358847,4.99977,999.579,5.52889
0.00252261,988.486,-0.0600216,0.359356,4.99977,999.579,5.52889
0.00252281,1046.58,-0.0413923,0.358536,4.99977,999.579,5.52889
0.002523,1047.26,0.0387657,0.358369,4.99977,999.58,5.52889
0.0025232,988.349,0.0566991,0.36015,4.99977,999.58,5.52889
0.0025234,959.101,-0.00199174,0.36202,4.99977,999.581,5.52889
0.00252361,989.84,-0.0553139,0.362485,4.99977,999.581,5.52889
0.0025238,1049.78,-0.0267627,0.361437,4.99977,999.581,5.52889
0.00252401,1044.3,0.0356508,0.361555,4.99977,999.581,5.52889
0.0025242,989.892,0.0523387,0.363188,4.99977,999.582,5.52889
0.0025244,963.626,-0.0104748,0.364956,4.99977,999.582,5.52889
0.0025246,1001.45,-0.0545154,0.365104,4.99977,999.582,5.52889
0.0025248,1046.52,-0.0247666,0.36435,4.99977,999.582,5.52889
0.00252501,1041.56,0.0327766,0.364447,4.99977,999.582,5.52889
0.00252521,991.315,0.0483138,0.365944,4.99977,999.583,5.52889
0.0025254,967.031,-0.00956025,0.367565,4.99977,999.584,5.52889
0.00252561,1001.81,-0.0502786,0.367694,4.99977,999.584,5.52889
0.00252581,1043.51,-0.0229288,0.366986,4.99977,999.584,5.52889
0.00252601,1039.05,0.0300969,0.367062,4.99977,999.584,5.52889
0.0025262,986.328,0.0404318,0.368596,4.99977,999.585,5.52889
0.00252641,970.157,-0.00859692,0.369915,4.99977,999.585,5.52889
0.0025266,1008.77,-0.0469109,0.369868,4.99977,999.585,5.52889
0.0025268,1043.52,-0.0124311,0.369192,4.99977,999.585,5.52889
0.002527,1028.56,0.0373928,0.369475,4.99977,999.585,5.52889
0.00252721,988.131,0.0374162,0.370815,4.99977,999.586,5.52889
0.0025274,974.698,-0.0153577,0.372045,4.99977,999.586,5.52889
0.0025276,1008.56,-0.0432868,0.37197,4.99977,999.586,5.52889
0.0025278,1040.75,-0.0115424,0.371331,4.99977,999.586,5.52889
0.00252801,1027.1,0.034373,0.371576,4.99977,999.587,5.52889
0.00252821,989.796,0.0346318,0.372796,4.99977,999.587,5.52889
0.00252841,977.183,-0.0138876,0.373921,4.99977,999.588,5.52889
0.00252861,1009.53,-0.0399024,0.373811,4.99977,999.588,5.52889
0.0025288,1039.09,-0.00541484,0.373153,4.99977,999.588,5.52889
0.00252901,1025.39,0.0319152,0.373447,4.99977,999.588,5.52889
0.0025292,985.459,0.0260296,0.374726,4.99977,999.589,5.52889
0.00252941,980.052,-0.0144425,0.37558,4.99977,999.589,5.52889
0.0025296,1014.43,-0.0359577,0.375331,4.99977,999.589,5.52889
0.0025298,1036.78,-0.00404241,0.374827,4.99977,999.589,5.52889
0.00253,1018.14,0.0333359,0.375176,4.99977,999.59,5.52889
0.0025302,986.536,0.0231324,0.376281,4.99977,999.59,5.52889
0.0025304,985.392,-0.0204298,0.377017,4.99977,999.591,5.52889
0.00253061,1013.29,-0.0333426,0.376803,4.99977,999.591,5.52889
0.0025308,1034.69,0.0012281,0.376244,4.99977,999.591,5.52889
0.002531,1017.16,0.030848,0.376613,4.99977,999.591,5.52889
0.0025312,985.644,0.0170688,0.377704,4.99977,999.592,5.52889
0.0025314,987.282,-0.0191169,0.378274,4.99977,999.592,5.52889
0.0025316,1017.04,-0.0292494,0.377943,4.99977,999.592,5.52889
0.0025318,1032.62,0.00076392,0.377532,4.99977,999.592,5.52889
0.00253201,1016.52,0.0284242,0.377849,4.99977,999.593,5.52889
0.0025322,986.511,0.0139344,0.378874,4.99977,999.593,5.52889
0.00253241,988.036,-0.0161335,0.379354,4.99977,999.593,5.52889
0.0025326,1016.76,-0.0267719,0.379012,4.99977,999.593,5.52889
0.0025328,1030.27,0.00562876,0.378581,4.99977,999.594,5.52889
0.002533,1010.62,0.0278716,0.378993,4.99977,999.594,5.52889
0.0025332,988.177,0.0129054,0.379828,4.99977,999.594,5.52889
0.00253341,990.305,-0.0162327,0.380247,4.99977,999.595,5.52889
0.00253361,1016.29,-0.0245944,0.379912,4.99977,999.595,5.52889
0.0025338,1028.54,0.00517368,0.379503,4.99977,999.595,5.52889
0.002534,1010.47,0.0257079,0.379862,4.99977,999.595,5.52889
0.00253421,989.714,0.0119591,0.380614,4.99977,999.596,5.52889
0.00253441,991.6,-0.0148845,0.380982,4.99977,999.596,5.52889
0.0025346,1018.92,-0.0204808,0.380553,4.99977,999.596,5.52889
0.00253481,1026.95,0.00472725,0.380256,4.99977,999.596,5.52889
0.002535,1006.97,0.0239065,0.380636,4.99977,999.597,5.52889
0.0025352,989.636,0.0065245,0.381314,4.99977,999.597,5.52889
0.0025354,996.892,-0.0187617,0.381512,4.99977,999.597,5.52889
0.00253561,1018.02,-0.0189267,0.381146,4.99977,999.598,5.52889
0.0025358,1024.55,0.00827988,0.380829,4.99977,999.598,5.52889
0.002536,1007.14,0.0220638,0.381178,4.99977,999.598,5.52889
0.0025362,991.058,0.00611101,0.381784,4.99977,999.599,5.52889
0.00253641,997.579,-0.0171717,0.38195,4.99977,999.599,5.52889
0.00253661,1017.17,-0.017514,0.38159,4.99977,999.599,5.52889
0.0025368,1023.3,0.00745862,0.381276,4.99977,999.599,5.52889
0.00253701,1007.32,0.0203629,0.381574,4.99977,999.6,5.52889
0.0025372,991.84,0.00269037,0.382153,4.99977,999.6,5.52889
0.00253741,998.137,-0.0156266,0.382248,4.99977,999.6,5.52889
0.0025376,1019.09,-0.0134038,0.381803,4.99977,999.6,5.52889
0.00253781,1022.32,0.00608716,0.381584,4.99977,999.601,5.52889
0.002538,1005.26,0.0185303,0.381882,4.99977,999.601,5.52889
0.0025382,992.958,0.000845916,0.382364,4.99977,999.601,5.52889
0.0025384,1002.83,-0.0171118,0.382348,4.99977,999.602,5.52889
0.00253861,1017.91,-0.0127075,0.38199,4.99977,999.602,5.52889
0.0025388,1019.99,0.00887856,0.381748,4.99977,999.602,5.52889
0.002539,1004.37,0.0167803,0.382034,4.99977,999.602,5.52889
0.0025392,994.12,0.000302046,0.382435,4.99977,999.603,5.52889
0.0025394,1003.68,-0.0159456,0.382384,4.99977,999.603,5.52889
0.00253961,1017.73,-0.0108647,0.382017,4.99977,999.603,5.52889
0.00253981,1018.72,0.00877943,0.381795,4.99977,999.603,5.52889
0.00254,1003.6,0.015068,0.382062,4.99977,999.604,5.52889
0.0025402,995.208,-0.000736064,0.38239,4.99977,999.604,5.52889
0.0025404,1004.93,-0.0150047,0.382293,4.99977,999.604,5.52889
0.00254061,1017.09,-0.00976971,0.381943,4.99977,999.604,5.52889
0.00254081,1018.13,0.00746136,0.381721,4.99977,999.605,5.52889
0.002541,1002.63,0.0131967,0.381981,4.99977,999.605,5.52889
0.0025412,996.314,-0.00207116,0.382235,4.99977,999.605,5.52889
0.0025414,1006.59,-0.0141092,0.382081,4.99977,999.606,5.52889
0.00254161,1017.47,-0.00698146,0.38172,4.99977,999.606,5.52889
0.0025418,1015.41,0.00988907,0.38155,4.99977,999.606,5.52889
0.002542,1001.7,0.0111956,0.381791,4.99977,999.606,5.52889
0.0025422,997.497,-0.00354143,0.381972,4.99977,999.607,5.52889
0.00254241,1005.99,-0.0128567,0.381808,4.99977,999.607,5.52889
0.0025426,1017.3,-0.00486832,0.38141,4.99977,999.607,5.52889
0.0025428,1013.96,0.00998535,0.381269,4.99977,999.607,5.52889
0.00254301,1002.8,0.0107697,0.381435,4.99977,999.608,5.52889
0.00254321,998.182,-0.00259611,0.381592,4.99977,999.608,5.52889
0.00254341,1007.04,-0.011966,0.381403,4.99977,999.608,5.52889
0.0025436,1016.89,-0.00316023,0.381011,4.99977,999.608,5.52889
0.0025438,1013.1,0.0094997,0.380881,4.99977,999.609,5.52889
0.002544,1001.84,0.00872336,0.381048,4.99977,999.609,5.52889
0.00254421,999.273,-0.0037944,0.38113,4.99977,999.609,5.52889
0.0025444,1008.2,-0.0110114,0.3809,4.99977,999.61,5.52889
0.0025446,1016.29,-0.00206877,0.380527,4.99977,999.61,5.52889
0.00254481,1012.87,0.00852774,0.380388,4.99977,999.61,5.52889
0.00254501,1002.22,0.0079324,0.380524,4.99977,999.61,5.52889
0.00254521,999.946,-0.00347796,0.38057,4.99977,999.611,5.52889
0.00254541,1008.35,-0.0101069,0.380329,4.99977,999.611,5.52889
0.0025456,1015.72,-0.000454578,0.379951,4.99977,999.611,5.52889
0.00254581,1011.26,0.00875533,0.379833,4.99977,999.611,5.52889
0.002546,1001.77,0.00615885,0.379945,4.99977,999.612,5.52889
0.0025462,1001.65,-0.00569147,0.379934,4.99977,999.612,5.52889
0.0025464,1009.75,-0.00895798,0.379648,4.99977,999.612,5.52889
0.0025466,1015.05,-0.00043617,0.379306,4.99977,999.612,5.52889
0.0025468,1009.66,0.00866092,0.379198,4.99977,999.613,5.52889
0.00254701,1002.35,0.00579307,0.379242,4.99977,999.613,5.52889
0.00254721,1001.98,-0.00495009,0.37921,4.99977,999.613,5.52889
0.00254741,1009.59,-0.00821227,0.37892,4.99977,999.614,5.52889
0.0025476,1014.41,0.000854747,0.378573,4.99977,999.614,5.52889
0.0025478,1009.41,0.00797278,0.378457,4.99977,999.614,5.52889
0.002548,1001.92,0.00375012,0.37851,4.99977,999.614,5.52889
0.00254821,1002.3,-0.00426233,0.37841,4.99977,999.615,5.52889
0.0025484,1010.41,-0.0070741,0.378096,4.99977,999.615,5.52889
0.00254861,1013.85,0.000726522,0.377773,4.99977,999.615,5.52889
0.0025488,1008.2,0.00754819,0.377666,4.99977,999.615,5.52889
0.00254901,1002.64,0.00399326,0.377646,4.99977,999.616,5.52889
0.0025492,1003.79,-0.00547746,0.377542,4.99977,999.616,5.52889
0.0025494,1010.93,-0.00595129,0.377209,4.99977,999.616,5.52889
0.0025496,1013.08,0.00216391,0.376899,4.99977,999.616,5.52889
0.0025498,1007.98,0.00693174,0.37678,4.99977,999.617,5.52889
0.00255,1002.48,0.00217852,0.376764,4.99977,999.617,5.52889
0.00255021,1003.89,-0.00475888,0.376606,4.99977,999.617,5.52889
0.0025504,1010.97,-0.00514097,0.376265,4.99977,999.618,5.52889
0.0025506,1012.42,0.00258522,0.375963,4.99977,999.618,5.52889
0.00255081,1007.85,0.00634385,0.375826,4.99977,999.618,5.52889
0.002551,1002.78,0.00139797,0.375793,4.99977,999.618,5.52889
0.0025512,1005.23,-0.00531497,0.375602,4.99977,999.619,5.52889
0.00255141,1010.62,-0.0047421,0.375268,4.99977,999.619,5.52889
0.0025516,1011.89,0.00263609,0.374964,4.99977,999.619,5.52889
0.00255181,1007.05,0.00573571,0.374831,4.99977,999.619,5.52889
0.002552,1003.1,0.000384819,0.374765,4.99977,999.62,5.52889
0.00255221,1005.45,-0.00485397,0.374544,4.99977,999.62,5.52889
0.0025524,1011.08,-0.0034179,0.374193,4.99977,999.62,5.52889
0.00255261,1011.51,0.00235521,0.373902,4.99977,999.62,5.52889
0.00255281,1006.96,0.00520119,0.373756,4.99977,999.621,5.52889
0.002553,1003.49,-0.000419139,0.373675,4.99977,999.621,5.52889
0.0025532,1006.38,-0.00483077,0.373425,4.99977,999.621,5.52889
0.00255341,1010.75,-0.00311787,0.37308,4.99977,999.621,5.52889
0.00255361,1010.76,0.00294093,0.372793,4.99977,999.622,5.52889
0.00255381,1006.27,0.00449507,0.372648,4.99977,999.622,5.52889
0.002554,1003.92,-0.000934154,0.372527,4.99977,999.622,5.52889
0.0025542,1007.03,-0.00455985,0.372255,4.99977,999.622,5.52889
0.0025544,1010.86,-0.00206488,0.371907,4.99977,999.623,5.52889
0.0025546,1009.86,0.00345148,0.37164,4.99977,999.623,5.52889
0.0025548,1005.75,0.00370222,0.371487,4.99977,999.623,5.52889
0.002555,1004.33,-0.0012878,0.371326,4.99977,999.624,5.52889
0.00255521,1007.35,-0.00418538,0.371038,4.99977,999.624,5.52889
0.0025554,1010.78,-0.00114755,0.370689,4.99977,999.624,5.52889
0.00255561,1009.86,0.0028866,0.370411,4.99977,999.624,5.52889
0.00255581,1005.8,0.00326852,0.370252,4.99977,999.625,5.52889
0.00255601,1004.62,-0.00115694,0.370069,4.99977,999.625,5.52889
0.00255621,1007.82,-0.00379042,0.369773,4.99977,999.625,5.52889
0.00255641,1010.5,-0.00084481,0.369427,4.99977,999.625,5.52889
0.0025566,1008.93,0.00324134,0.369166,4.99977,999.626,5.52889
0.0025568,1005.39,0.00232077,0.368999,4.99977,999.626,5.52889
0.00255701,1005.04,-0.00151573,0.368776,4.99977,999.626,5.52889
0.0025572,1008.24,-0.00333129,0.368464,4.99977,999.626,5.52889
0.0025574,1010.27,-9.27352e-05,0.368123,4.99977,999.627,5.52889
0.0025576,1008.1,0.00322549,0.367879,4.99977,999.627,5.52889
0.00255781,1005.58,0.00208218,0.367668,4.99977,999.627,5.52889
0.00255801,1005.46,-0.00176765,0.367439,4.99977,999.627,5.52889
0.00255821,1008.43,-0.00289558,0.367116,4.99977,999.628,5.52889
0.0025584,1009.92,0.000666225,0.366782,4.99977,999.628,5.52889
0.00255861,1007.95,0.00291836,0.366525,4.99977,999.628,5.52889
0.00255881,1005.48,0.00132625,0.366319,4.99977,999.628,5.52889
0.00255901,1006.05,-0.00213824,0.366065,4.99977,999.629,5.52889
0.00255921,1008.71,-0.00236081,0.365729,4.99977,999.629,5.52889
0.00255941,1009.64,0.000707753,0.365397,4.99977,999.629,5.52889
0.0025596,1007.27,0.0026335,0.365158,4.99977,999.629,5.52889
0.0025598,1005.46,0.000309001,0.36494,4.99977,999.63,5.52889
0.00256001,1006.52,-0.00220268,0.36465,4.99977,999.63,5.52889
0.00256021,1008.73,-0.00197196,0.364306,4.99977,999.63,5.52889
0.00256041,1009.26,0.00106474,0.363981,4.99977,999.63,5.52889
0.0025606,1006.99,0.00227342,0.363738,4.99977,999.631,5.52889
0.0025608,1005.67,-0.000165492,0.363505,4.99977,999.631,5.52889
0.002561,1007.02,-0.00217103,0.3632,4.99977,999.631,5.52889
0.0025612,1009.1,-0.000958912,0.362855,4.99977,999.631,5.52889
0.00256141,1008.86,0.0013306,0.362533,4.99977,999.632,5.52889
0.0025616,1006.59,0.00176728,0.362296,4.99977,999.632,5.52889
0.00256181,1005.88,-0.000371013,0.362029,4.99977,999.632,5.52889
0.00256201,1007.34,-0.00198916,0.361714,4.99977,999.632,5.52889
0.00256221,1008.95,-0.000725341,0.361366,4.99977,999.633,5.52889
0.00256241,1008.36,0.00155525,0.361059,4.99977,999.633,5.52889
0.0025626,1006.43,0.00131206,0.36081,4.99977,999.633,5.52889
0.00256281,1006.15,-0.00068797,0.360525,4.99977,999.633,5.52889
0.00256301,1007.71,-0.00173652,0.3602,4.99977,999.634,5.52889
0.0025632,1008.85,4.02487e-05,0.359859,4.99977,999.634,5.52889
0.0025634,1007.84,0.00160546,0.359559,4.99977,999.634,5.52889
0.0025636,1006.38,0.000895406,0.359289,4.99977,999.634,5.52889
0.00256381,1006.4,-0.000848744,0.358988,4.99977,999.635,5.52889
0.00256401,1007.9,-0.00143981,0.358655,4.99977,999.635,5.52889
0.0025642,1008.61,0.000415521,0.358321,4.99977,999.635,5.52889
0.00256441,1007.53,0.00145439,0.358019,4.99977,999.635,5.52889
0.0025646,1006.35,0.000349084,0.357749,4.99977,999.636,5.52889
0.0025648,1006.87,-0.00116785,0.357435,4.99977,999.636,5.52889
0.002565,1008.19,-0.000970453,0.35709,4.99977,999.636,5.52889
0.0025652,1008.35,0.000645919,0.356755,4.99977,999.636,5.52889
0.0025654,1007.15,0.00121405,0.356463,4.99977,999.637,5.52889
0.0025656,1006.45,-2.95696e-05,0.356172,4.99977,999.637,5.52889
0.00256581,1007.13,-0.00112986,0.355844,4.99977,999.637,5.52889
0.002566,1008.28,-0.000461864,0.355503,4.99977,999.637,5.52889
0.00256621,1008.16,0.000651558,0.355155,4.99977,999.638,5.52889
0.00256641,1007.08,0.00100688,0.354857,4.99977,999.638,5.52889
0.0025666,1006.64,-0.000429533,0.354576,4.99977,999.638,5.52889
0.0025668,1007.55,-0.00101654,0.354239,4.99977,999.638,5.52889
0.00256701,1008.2,-0.000181733,0.353886,4.99977,999.639,5.52889
0.00256721,1007.77,0.000857178,0.353557,4.99977,999.639,5.52889
0.0025674,1006.76,0.000486082,0.35327,4.99977,999.639,5.52889
0.0025676,1006.86,-0.000608514,0.352948,4.99977,999.639,5.52889
0.00256781,1007.59,-0.000850076,0.352594,4.99977,999.64,5.52889
0.002568,1008.05,0.000255515,0.352262,4.99977,999.64,5.52889
0.00256821,1007.43,0.000830204,0.351935,4.99977,999.64,5.52889
0.00256841,1006.78,0.000250435,0.351624,4.99977,999.64,5.52889
0.0025686,1007.11,-0.000702062,0.351302,4.99977,999.641,5.52889
0.00256881,1007.81,-0.000537962,0.350947,4.99977,999.641,5.52889
0.002569,1007.84,0.000454356,0.350612,4.99977,999.641,5.52889
0.00256921,1007.19,0.000669889,0.350286,4.99977,999.641,5.52889
0.0025694,1006.83,-0.000139789,0.349975,4.99977,999.642,5.52889
0.00256961,1007.19,-0.000626886,0.349618,4.99977,999.642,5.52889
0.00256981,1007.84,-0.000246151,0.349277,4.99977,999.642,5.52889
0.00257001,1007.72,0.000436587,0.348925,4.99977,999.642,5.52889
0.00257021,1007.07,0.00048452,0.348611,4.99977,999.643,5.52889
0.0025704,1006.96,-0.000324235,0.348295,4.99977,999.643,5.52889
0.00257061,1007.43,-0.000559887,0.347939,4.99977,999.643,5.52889
0.0025708,1007.79,4.38806e-06,0.347591,4.99977,999.643,5.52889
0.00257102,1007.55,0.000463229,0.347233,4.99977,999.644,5.52889
0.0025712,1006.97,0.000229579,0.346929,4.99977,999.644,5.52889
0.00257141,1007.06,-0.000365582,0.346588,4.99977,999.644,5.52889
0.0025716,1007.59,-0.00036625,0.346246,4.99977,999.644,5.52889
0.0025718,1007.67,0.000206314,0.345894,4.99977,999.645,5.52889
0.002572,1007.27,0.00045066,0.345555,4.99977,999.645,5.52889
0.0025722,1006.97,2.93227e-06,0.345227,4.99977,999.645,5.52889
0.00257241,1007.14,-0.000360004,0.344861,4.99977,999.645,5.52889
0.0025726,1007.6,-0.000215593,0.344523,4.99977,999.646,5.52889
0.00257281,1007.55,0.000263556,0.344169,4.99977,999.646,5.52889
0.002573,1007.13,0.000321161,0.343842,4.99977,999.646,5.52889
0.0025732,1007.02,-0.000132785,0.343502,4.99977,999.646,5.52889
0.0025734,1007.33,-0.000363537,0.343151,4.99977,999.647,5.52889
0.0025736,1007.58,-2.95208e-05,0.342797,4.99977,999.647,5.52889
0.00257382,1007.47,0.000257753,0.342421,4.99977,999.647,5.52889
0.002574,1007.06,0.00017548,0.342112,4.99977,999.647,5.52889
0.0025742,1007.09,-0.000207632,0.34176,4.99977,999.648,5.52889
0.00257441,1007.35,-0.00030177,0.341392,4.99977,999.648,5.52889
0.00257461,1007.52,6.05515e-05,0.341047,4.99977,999.648,5.52889
0.00257482,1007.35,0.000278864,0.34068,4.99977,999.648,5.52889
0.002575,1007.05,7.07003e-05,0.340358,4.99977,999.648,5.52889
0.00257521,1007.12,-0.000204092,0.339991,4.99977,999.649,5.52889
0.00257541,1007.41,-0.000193671,0.339645,4.99977,999.649,5.52889
0.0025756,1007.43,0.000155462,0.339296,4.99977,999.649,5.52889
0.00257581,1007.21,0.000242691,0.338938,4.99977,999.649,5.52889
0.002576,1007.06,-4.84288e-05,0.338603,4.99977,999.65,5.52889
0.00257621,1007.19,-0.000223592,0.33823,4.99977,999.65,5.52889
0.0025764,1007.42,-5.71722e-05,0.337889,4.99977,999.65,5.52889
0.00257661,1007.36,0.000162819,0.337516,4.99977,999.65,5.52889
0.0025768,1007.12,0.000157418,0.337178,4.99977,999.651,5.52889
0.002577,1007.1,-0.000114147,0.33683,4.99977,999.651,5.52889
0.00257721,1007.26,-0.000198118,0.33646,4.99977,999.651,5.52889
0.00257741,1007.39,1.28248e-07,0.336103,4.99977,999.651,5.52889
0.00257762,1007.3,0.000162396,0.335726,4.99977,999.652,5.52889
0.00257781,1007.09,8.39566e-05,0.335396,4.99977,999.652,5.52889
0.00257801,1007.12,-0.000123368,0.335033,4.99977,999.652,5.52889
0.00257821,1007.29,-0.000141998,0.334677,4.99977,999.652,5.52889
0.0025784,1007.33,8.50569e-05,0.334327,4.99977,999.653,5.52889
0.00257861,1007.2,0.000160879,0.333954,4.99977,999.653,5.52889
0.0025788,1007.08,5.24255e-06,0.33361,4.99977,999.653,5.52889
0.00257902,1007.14,-0.000126742,0.333229,4.99977,999.653,5.52889
0.00257921,1007.3,-7.72037e-05,0.332884,4.99977,999.654,5.52889
0.00257941,1007.28,9.13881e-05,0.332516,4.99977,999.654,5.52889
0.0025796,1007.13,0.000116504,0.332168,4.99977,999.654,5.52889
0.0025798,1007.09,-4.64574e-05,0.331811,4.99977,999.654,5.52889
0.00258,1007.19,-0.000128709,0.331448,4.99977,999.654,5.52889
0.00258021,1007.28,-2.27922e-05,0.33108,4.99977,999.655,5.52889
0.00258042,1007.24,9.16932e-05,0.330696,4.99977,999.655,5.52889
0.0025806,1007.09,6.16792e-05,0.330368,4.99977,999.655,5.52889
0.0025808,1007.1,-7.42071e-05,0.330001,4.99977,999.655,5.52889
0.00258101,1007.19,-0.000105951,0.329624,4.99977,999.656,5.52889
0.0025812,1007.24,3.57973e-05,0.329279,4.99977,999.656,5.52889
0.0025814,1007.15,0.000103797,0.328914,4.99977,999.656,5.52889
0.0025816,1007.07,1.98971e-05,0.328553,4.99977,999.656,5.52889
0.00258181,1007.11,-8.13797e-05,0.328179,4.99977,999.657,5.52889
0.002582,1007.2,-6.14804e-05,0.327821,4.99977,999.657,5.52889
0.00258221,1007.21,4.42886e-05,0.327446,4.99977,999.657,5.52889
0.00258241,1007.12,8.48125e-05,0.327087,4.99977,999.657,5.52889
0.0025826,1007.07,-1.69539e-05,0.326734,4.99977,999.658,5.52889
0.0025828,1007.13,-8.36564e-05,0.32637,4.99977,999.658,5.52889
0.00258301,1007.19,-3.46383e-05,0.32599,4.99977,999.658,5.52889
0.00258321,1007.17,5.93078e-05,0.325621,4.99977,999.658,5.52889
0.0025834,1007.08,5.44822e-05,0.32527,4.99977,999.658,5.52889
0.00258361,1007.06,-3.37508e-05,0.3249,4.99977,999.659,5.52889
0.0025838,1007.13,-6.90496e-05,0.324535,4.99977,999.659,5.52889
0.00258401,1007.17,6.3844e-08,0.324164,4.99977,999.659,5.52889
0.00258422,1007.13,5.81971e-05,0.323777,4.99977,999.659,5.52889
0.0025844,1007.06,2.92505e-05,0.323434,4.99977,999.66,5.52889
0.00258461,1007.06,-4.53636e-05,0.323062,4.99977,999.66,5.52889
0.0025848,1007.13,-4.75137e-05,0.322703,4.99977,999.66,5.52889
0.002585,1007.13,2.93829e-05,0.32234,4.99977,999.66,5.52889
0.00258521,1007.08,5.75248e-05,0.321962,4.99977,999.661,5.52889
0.0025854,1007.04,5.08249e-06,0.321598,4.99977,999.661,5.52889
0.0025856,1007.07,-5.23697e-05,0.321236,4.99977,999.661,5.52889
0.0025858,1007.11,-2.81426e-05,0.320861,4.99977,999.661,5.52889
0.00258601,1007.11,3.09177e-05,0.320482,4.99977,999.662,5.52889
0.0025862,1007.05,4.15282e-05,0.320128,4.99977,999.662,5.52889
0.0025864,1007.03,-1.673e-05,0.319762,4.99977,999.662,5.52889
0.0025866,1007.07,-4.59743e-05,0.319392,4.99977,999.662,5.52889
0.0025868,1007.09,-3.8379e-06,0.319024,4.99977,999.662,5.52889
0.00258702,1007.08,3.26412e-05,0.318625,4.99977,999.663,5.52889
0.0025872,1007.02,2.23354e-05,0.318288,4.99977,999.663,5.52889
0.0025874,1007.02,-2.61294e-05,0.317913,4.99977,999.663,5.52889
0.00258761,1007.05,-3.81822e-05,0.317528,4.99977,999.663,5.52889
0.0025878,1007.07,7.60177e-06,0.31717,4.99977,999.664,5.52889
0.00258802,1007.05,3.52076e-05,0.31678,4.99977,999.664,5.52889
0.0025882,1007,6.63785e-06,0.31644,4.99977,999.664,5.52889
0.00258841,1007.01,-2.61276e-05,0.316047,4.99977,999.664,5.52889
0.00258861,1007.04,-2.39836e-05,0.315689,4.99977,999.665,5.52889
0.00258881,1007.04,1.49687e-05,0.315312,4.99977,999.665,5.52889
0.00258901,1007.01,3.07854e-05,0.314944,4.99977,999.665,5.52889
0.0025892,1006.99,-6.08685e-06,0.314588,4.99977,999.665,5.52889
0.00258941,1007,-2.81959e-05,0.314197,4.99977,999.665,5.52889
0.00258961,1007.03,-1.26069e-05,0.313832,4.99977,999.666,5.52889
0.00258981,1007.02,2.06479e-05,0.313456,4.99977,999.666,5.52889
0.00259,1006.98,1.99967e-05,0.313099,4.99977,999.666,5.52889
0.0025902,1006.98,-1.43253e-05,0.312732,4.99977,999.666,5.52889
0.00259041,1007,-2.49707e-05,0.312348,4.99977,999.667,5.52889
0.00259061,1007.01,-4.03549e-08,0.311981,4.99977,999.667,5.52889
0.00259082,1006.99,2.03585e-05,0.311586,4.99977,999.667,5.52889
0.00259101,1006.96,1.18793e-05,0.311235,4.99977,999.667,5.52889
0.00259121,1006.96,-1.49861e-05,0.310858,4.99977,999.667,5.52889
0.0025914,1006.98,-1.75405e-05,0.310496,4.99977,999.668,5.52889
0.00259161,1006.99,7.78145e-06,0.310122,4.99977,999.668,5.52889
0.0025918,1006.96,2.02377e-05,0.309754,4.99977,999.668,5.52889
0.002592,1006.95,7.67438e-08,0.309388,4.99977,999.668,5.52889
0.00259221,1006.95,-1.633e-05,0.308994,4.99977,999.669,5.52889
0.0025924,1006.97,-8.53636e-06,0.308643,4.99977,999.669,5.52889
0.0025926,1006.96,1.30724e-05,0.308267,4.99977,999.669,5.52889
0.00259281,1006.94,1.59581e-05,0.307886,4.99977,999.669,5.52889
0.002593,1006.93,-6.0467e-06,0.307527,4.99977,999.67,5.52889
0.0025932,1006.94,-1.6088e-05,0.307156,4.99977,999.67,5.52889
0.0025934,1006.95,-2.81907e-06,0.306776,4.99977,999.67,5.52889
0.00259362,1006.94,1.1723e-05,0.306381,4.99977,999.67,5.52889
0.0025938,1006.92,7.7927e-06,0.306041,4.99977,999.67,5.52889
0.002594,1006.92,-9.4425e-06,0.305663,4.99977,999.671,5.52889
0.00259421,1006.93,-1.32062e-05,0.305278,4.99977,999.671,5.52889
0.0025944,1006.93,2.93557e-06,0.304915,4.99977,999.671,5.52889
0.00259461,1006.92,1.27806e-05,0.304527,4.99977,999.671,5.52889
0.0025948,1006.9,2.21532e-06,0.304178,4.99977,999.672,5.52889
0.00259501,1006.9,-1.016e-05,0.303792,4.99977,999.672,5.52889
0.0025952,1006.91,-7.68938e-06,0.303428,4.99977,999.672,5.52889
0.00259541,1006.91,5.63361e-06,0.303045,4.99977,999.672,5.52889
0.00259561,1006.89,1.08172e-05,0.302676,4.99977,999.672,5.52889
0.0025958,1006.88,-2.14292e-06,0.302314,4.99977,999.673,5.52889
0.00259601,1006.89,-9.93193e-06,0.301923,4.99977,999.673,5.52889
0.00259621,1006.89,-4.21339e-06,0.301556,4.99977,999.673,5.52889
0.00259641,1006.89,7.58836e-06,0.301181,4.99977,999.673,5.52889
0.0025966,1006.87,6.8205e-06,0.300822,4.99977,999.674,5.52889
0.0025968,1006.87,-4.32928e-06,0.300444,4.99977,999.674,5.52889
0.002597,1006.87,-8.44663e-06,0.300076,4.99977,999.674,5.52889
0.0025972,1006.87,6.65863e-07,0.299702,4.99977,999.674,5.52889
0.0025974,1006.86,8.31399e-06,0.299326,4.99977,999.674,5.52889
0.00259761,1006.85,4.31096e-06,0.298948,4.99977,999.675,5.52889
0.00259781,1006.85,-5.17319e-06,0.29857,4.99977,999.675,5.52889
0.002598,1006.86,-6.14762e-06,0.298208,4.99977,999.675,5.52889
0.00259821,1006.85,2.80725e-06,0.297834,4.99977,999.675,5.52889
0.0025984,1006.84,7.22007e-06,0.297465,4.99977,999.676,5.52889
0.0025986,1006.84,8.04411e-09,0.297098,4.99977,999.676,5.52889
0.00259881,1006.83,-5.84155e-06,0.296705,4.99977,999.676,5.52889
0.00259901,1006.84,-4.0382e-06,0.296337,4.99977,999.676,5.52889
0.0025992,1006.83,4.89942e-06,0.295979,4.99977,999.676,5.52889
0.00259941,1006.82,5.56757e-06,0.295598,4.99977,999.677,5.52889
0.0025996,1006.82,-1.77389e-06,0.29523,4.99977,999.677,5.52889
0.00259981,1006.82,-5.67302e-06,0.294848,4.99977,999.677,5.52889
0.0026,1006.82,-4.60122e-07,0.29449,4.99977,999.677,5.52889
0.00260022,1006.81,4.11553e-06,0.294087,4.99977,999.678,5.52889
0.00260041,1006.8,3.91975e-06,0.293729,4.99977,999.678,5.52889
0.0026006,1006.8,-3.08092e-06,0.293366,4.99977,999.678,5.52889
0.00260081,1006.8,-4.66956e-06,0.292983,4.99977,999.678,5.52889
0.002601,1006.8,1.52475e-06,0.292629,4.99977,999.678,5.52889
0.00260121,1006.79,4.72719e-06,0.292247,4.99977,999.679,5.52889
0.0026014,1006.79,1.39159e-06,0.291877,4.99977,999.679,5.52889
0.0026016,1006.78,-3.82367e-06,0.291511,4.99977,999.679,5.52889
0.0026018,1006.78,-2.50539e-06,0.29114,4.99977,999.679,5.52889
0.002602,1006.78,2.37455e-06,0.290762,4.99977,999.68,5.52889
0.00260221,1006.77,4.0021e-06,0.290379,4.99977,999.68,5.52889
0.0026024,1006.77,-6.09199e-07,0.290024,4.99977,999.68,5.52889
0.00260262,1006.77,-3.23528e-06,0.289622,4.99977,999.68,5.52889
0.00260281,1006.77,-1.41124e-06,0.28927,4.99977,999.68,5.52889
0.00260301,1006.76,2.81336e-06,0.288897,4.99977,999.681,5.52889
0.00260321,1006.75,3.06621e-06,0.288517,4.99977,999.681,5.52889
0.0026034,1006.75,-1.55065e-06,0.288163,4.99977,999.681,5.52889
0.00260361,1006.75,-3.07792e-06,0.28777,4.99977,999.681,5.52889
0.0026038,1006.75,3.12997e-07,0.287421,4.99977,999.682,5.52889
0.002604,1006.74,3.04739e-06,0.287049,4.99977,999.682,5.52889
0.0026042,1006.74,1.53526e-06,0.286672,4.99977,999.682,5.52889
0.00260441,1006.73,-1.85577e-06,0.286296,4.99977,999.682,5.52889
0.0026046,1006.73,-2.06321e-06,0.285935,4.99977,999.682,5.52889
0.0026048,1006.73,1.09992e-06,0.28556,4.99977,999.683,5.52889
0.002605,1006.72,2.622e-06,0.285196,4.99977,999.683,5.52889
0.0026052,1006.72,3.94007e-07,0.284818,4.99977,999.683,5.52889
0.00260541,1006.71,-2.09144e-06,0.284442,4.99977,999.683,5.52889
0.00260561,1006.71,-1.31572e-06,0.284072,4.99977,999.684,5.52889
0.00260581,1006.71,1.38667e-06,0.283694,4.99977,999.684,5.52889
0.002606,1006.7,2.00403e-06,0.283338,4.99977,999.684,5.52889
0.00260621,1006.7,-3.44063e-07,0.282961,4.99977,999.684,5.52889
0.0026064,1006.7,-1.95379e-06,0.282594,4.99977,999.684,5.52889
0.0026066,1006.69,-3.76588e-07,0.282221,4.99977,999.685,5.52889
0.00260681,1006.69,1.64301e-06,0.281838,4.99977,999.685,5.52889
0.002607,1006.68,1.36329e-06,0.281481,4.99977,999.685,5.52889
0.00260721,1006.68,-8.5836e-07,0.281107,4.99977,999.685,5.52889
0.0026074,1006.68,-1.5369e-06,0.280741,4.99977,999.685,5.52889
0.0026076,1006.68,4.81077e-07,0.280377,4.99977,999.686,5.52889
0.00260781,1006.67,1.74588e-06,0.279997,4.99977,999.686,5.52889
0.002608,1006.67,5.1077e-07,0.279639,4.99977,999.686,5.52889
0.00260821,1006.66,-1.02114e-06,0.279248,4.99977,999.686,5.52889
0.00260841,1006.66,-1.05806e-06,0.278888,4.99977,999.687,5.52889
0.00260861,1006.66,6.69055e-07,0.278513,4.99977,999.687,5.52889
0.0026088,1006.65,1.48991e-06,0.278152,4.99977,999.687,5.52889
0.002609,1006.65,-8.73228e-09,0.277788,4.99977,999.687,5.52889
0.00260921,1006.65,-1.14096e-06,0.277405,4.99977,999.687,5.52889
0.0026094,1006.64,-3.99558e-07,0.277049,4.99977,999.688,5.52889
0.0026096,1006.64,1.12749e-06,0.276681,4.99977,999.688,5.52889
0.00260981,1006.63,1.13596e-06,0.276303,4.99977,999.688,5.52889
0.00261,1006.63,-3.55632e-07,0.275939,4.99977,999.688,5.52889
0.00261021,1006.63,-1.02587e-06,0.275563,4.99977,999.688,5.52889
0.0026104,1006.62,1.23254e-08,0.2752,4.99977,999.689,5.52889
0.00261062,1006.62,9.7754e-07,0.27481,4.99977,999.689,5.52889
0.00261081,1006.62,7.84349e-07,0.274454,4.99977,999.689,5.52889
0.002611,1006.61,-6.31323e-07,0.2741,4.99977,999.689,5.52889
0.00261121,1006.61,-7.94558e-07,0.273717,4.99977,999.69,5.52889
0.0026114,1006.61,4.61362e-07,0.273365,4.99977,999.69,5.52889
0.00261161,1006.6,1.01678e-06,0.272977,4.99977,999.69,5.52889
0.0026118,1006.6,3.16335e-07,0.272621,4.99977,999.69,5.52889
0.002612,1006.59,-6.86951e-07,0.27226,4.99977,999.69,5.52889
0.0026122,1006.59,-4.08066e-07,0.271889,4.99977,999.691,5.52889
0.00261241,1006.59,5.60133e-07,0.271515,4.99977,999.691,5.52889
0.00261261,1006.58,8.80748e-07,0.271139,4.99977,999.691,5.52889
0.00261281,1006.58,3.30871e-08,0.270781,4.99977,999.691,5.52889
0.002613,1006.58,-6.23219e-07,0.270425,4.99977,999.691,5.52889
0.0026132,1006.57,-1.06298e-07,0.270051,4.99977,999.692,5.52889
0.00261341,1006.57,6.38958e-07,0.269673,4.99977,999.692,5.52889
0.0026136,1006.56,5.77257e-07,0.269321,4.99977,999.692,5.52889
0.0026138,1006.56,-2.45168e-07,0.268954,4.99977,999.692,5.52889
0.002614,1006.56,-4.86744e-07,0.268585,4.99977,999.692,5.52889
0.0026142,1006.55,1.84233e-07,0.268221,4.99977,999.693,5.52889
0.00261441,1006.55,6.78248e-07,0.267843,4.99977,999.693,5.52889
0.00261461,1006.55,4.12522e-07,0.267477,4.99977,999.693,5.52889
0.0026148,1006.54,-3.36066e-07,0.267122,4.99977,999.693,5.52889
0.002615,1006.54,-2.96749e-07,0.266755,4.99977,999.694,5.52889
0.00261521,1006.54,2.91331e-07,0.26638,4.99977,999.694,5.52889
0.0026154,1006.53,6.10038e-07,0.266024,4.99977,999.694,5.52889
0.0026156,1006.53,1.23035e-07,0.265659,4.99977,999.694,5.52889
0.00261581,1006.53,-3.23954e-07,0.265285,4.99977,999.694,5.52889
0.002616,1006.52,-1.10907e-07,0.264926,4.99977,999.695,5.52889
0.0026162,1006.52,4.48044e-07,0.264563,4.99977,999.695,5.52889
0.00261641,1006.51,4.98262e-07,0.264192,4.99977,999.695,5.52889
0.0026166,1006.51,-2.89552e-09,0.263829,4.99977,999.695,5.52889
0.00261681,1006.51,-2.82928e-07,0.26345,4.99977,999.695,5.52889
0.00261701,1006.5,4.02588e-08,0.263097,4.99977,999.696,5.52889
0.00261722,1006.5,4.12888e-07,0.262715,4.99977,999.696,5.52889
0.00261741,1006.5,3.62322e-07,0.262367,4.99977,999.696,5.52889
0.0026176,1006.49,-1.07625e-07,0.262008,4.99977,999.696,5.52889
0.00261781,1006.49,-2.12864e-07,0.261631,4.99977,999.696,5.52889
0.00261801,1006.49,1.63018e-07,0.261273,4.99977,999.697,5.52889
0.00261821,1006.48,4.36231e-07,0.260904,4.99977,999.697,5.52889
0.0026184,1006.48,1.81756e-07,0.260558,4.99977,999.697,5.52889
0.00261861,1006.47,-1.17146e-07,0.260177,4.99977,999.697,5.52889
0.0026188,1006.47,-6.01557e-08,0.259831,4.99977,999.698,5.52889
0.00261901,1006.47,2.6031e-07,0.259456,4.99977,999.698,5.52889
0.00261921,1006.46,3.93793e-07,0.259081,4.99977,999.698,5.52889
0.0026194,1006.46,7.78565e-08,0.25874,4.99977,999.698,5.52889
0.00261961,1006.46,-1.30865e-07,0.258367,4.99977,999.698,5.52889
0.0026198,1006.45,3.56077e-08,0.258011,4.99977,999.699,5.52889
0.00262002,1006.45,2.57318e-07,0.25762,4.99977,999.699,5.52889
0.00262021,1006.45,3.26058e-07,0.257269,4.99977,999.699,5.52889
0.0026204,1006.44,6.90408e-09,0.256926,4.99977,999.699,5.52889
0.0026206,1006.44,-8.36458e-08,0.256567,4.99977,999.699,5.52889
0.0026208,1006.43,1.45537e-07,0.256204,4.99977,999.7,5.52889
0.00262101,1006.43,3.0462e-07,0.25582,4.99977,999.7,5.52889
0.0026212,1006.43,1.93596e-07,0.255481,4.99977,999.7,5.52889
0.00262141,1006.42,-1.46814e-08,0.255108,4.99977,999.7,5.52889
0.0026216,1006.42,-1.82644e-08,0.254753,4.99977,999.7,5.52889
0.00262181,1006.42,1.62811e-07,0.254375,4.99977,999.701,5.52889
0.00262201,1006.41,2.92398e-07,0.254011,4.99977,999.701,5.52889
0.0026222,1006.41,1.20936e-07,0.253673,4.99977,999.701,5.52889
0.0026224,1006.41,-2.8566e-08,0.253308,4.99977,999.701,5.52889
0.00262261,1006.4,4.75703e-08,0.252943,4.99977,999.701,5.52889
0.00262281,1006.4,2.16198e-07,0.252573,4.99977,999.702,5.52889
0.002623,1006.39,2.32405e-07,0.252233,4.99977,999.702,5.52889
0.0026232,1006.39,6.69739e-08,0.251869,4.99977,999.702,5.52889
0.0026234,1006.39,-1.6704e-09,0.251508,4.99977,999.702,5.52889
0.0026236,1006.38,1.37639e-07,0.251154,4.99977,999.702,5.52889
0.0026238,1006.38,2.41601e-07,0.250788,4.99977,999.703,5.52889
0.00262401,1006.38,1.92738e-07,0.250414,4.99977,999.703,5.52889
0.0026242,1006.37,3.35126e-08,0.250073,4.99977,999.703,5.52889
0.00262441,1006.37,4.42121e-08,0.249702,4.99977,999.703,5.52889
0.00262462,1006.37,1.53285e-07,0.249329,4.99977,999.703,5.52889
0.0026248,1006.36,2.1175e-07,0.248996,4.99977,999.704,5.52889
0.002625,1006.36,1.07175e-07,0.248634,4.99977,999.704,5.52889
0.00262521,1006.36,4.37278e-08,0.248261,4.99977,999.704,5.52889
0.00262541,1006.35,1.13203e-07,0.247909,4.99977,999.704,5.52889
0.00262562,1006.35,1.88159e-07,0.247532,4.99977,999.705,5.52889
0.0026258,1006.34,1.53887e-07,0.247198,4.99977,999.705,5.52889
0.002626,1006.34,6.9736e-08,0.246845,4.99977,999.705,5.52889
0.00262621,1006.34,8.53066e-08,0.246469,4.99977,999.705,5.52889
0.00262641,1006.33,1.65111e-07,0.246117,4.99977,999.705,5.52889
0.0026266,1006.33,1.6389e-07,0.245768,4.99977,999.706,5.52889
0.00262681,1006.33,1.02866e-07,0.245402,4.99977,999.706,5.52889
0.002627,1006.32,9.71179e-08,0.245058,4.99977,999.706,5.52889
0.00262722,1006.32,1.39347e-07,0.244674,4.99977,999.706,5.52889
0.00262741,1006.32,1.61078e-07,0.244321,4.99977,999.706,5.52889
0.00262761,1006.31,1.21214e-07,0.243965,4.99977,999.707,5.52889
0.00262781,1006.31,1.02901e-07,0.243608,4.99977,999.707,5.52889
0.00262801,1006.3,1.34223e-07,0.243252,4.99977,999.707,5.52889
0.00262821,1006.3,1.51598e-07,0.242896,4.99977,999.707,5.52889
0.00262841,1006.3,1.2788e-07,0.24254,4.99977,999.707,5.52889
0.00262861,1006.29,1.12591e-07,0.242184,4.99977,999.708,5.52889
0.00262881,1006.29,1.31108e-07,0.241828,4.99977,999.708,5.52889
0.00262901,1006.29,1.45151e-07,0.241473,4.99977,999.708,5.52889
0.00262921,1006.28,1.31557e-07,0.241117,4.99977,999.708,5.52889
0.00262941,1006.28,1.19665e-07,0.240762,4.99977,999.708,5.52889
0.00262961,1006.28,1.30233e-07,0.240407,4.99977,999.709,5.52889
0.00262981,1006.27,1.4098e-07,0.240052,4.99977,999.709,5.52889
0.00263001,1006.27,1.33585e-07,0.239698,4.99977,999.709,5.52889
0.00263021,1006.27,1.24787e-07,0.239343,4.99977,999.709,5.52889
0.00263041,1006.26,1.3056e-07,0.238989,4.99977,999.709,5.52889
0.00263061,1006.26,1.38475e-07,0.238635,4.99977,999.71,5.52889
0.00263081,1006.25,1.3476e-07,0.238281,4.99977,999.71,5.52889
0.00263101,1006.25,1.28508e-07,0.237927,4.99977,999.71,5.52889
0.00263121,1006.25,1.3148e-07,0.237573,4.99977,999.71,5.52889
0.00263141,1006.24,1.37144e-07,0.23722,4.99977,999.71,5.52889
0.00263161,1006.24,1.35538e-07,0.236867,4.99977,999.711,5.52889
0.00263181,1006.24,1.31252e-07,0.236513,4.99977,999.711,5.52889
0.00263201,1006.23,1.32657e-07,0.236161,4.99977,999.711,5.52889
0.00263221,1006.23,1.36623e-07,0.235808,4.99977,999.711,5.52889
0.00263241,1006.23,1.36168e-07,0.235455,4.99977,999.711,5.52889
0.00263261,1006.22,1.33333e-07,0.235103,4.99977,999.712,5.52889
0.00263281,1006.22,1.3391e-07,0.23475,4.99977,999.712,5.52889
0.00263301,1006.22,1.36645e-07,0.234398,4.99977,999.712,5.52889
0.00263321,1006.21,1.36773e-07,0.234046,4.99977,999.712,5.52889
0.00263341,1006.21,1.34975e-07,0.233695,4.99977,999.712,5.52889
0.00263361,1006.2,1.35151e-07,0.233343,4.99977,999.712,5.52889
0.00263381,1006.2,1.37021e-07,0.232992,4.99977,999.713,5.52889
0.00263401,1006.2,1.37413e-07,0.23264,4.99977,999.713,5.52889
0.00263421,1006.19,1.36332e-07,0.232289,4.99977,999.713,5.52889
0.00263441,1006.19,1.36345e-07,0.231938,4.99977,999.713,5.52889
0.00263461,1006.19,1.37625e-07,0.231588,4.99977,999.713,5.52889
0.00263481,1006.18,1.38105e-07,0.231237,4.99977,999.714,5.52889
0.00263501,1006.18,1.37508e-07,0.230887,4.99977,999.714,5.52889
0.00263521,1006.18,1.37483e-07,0.230536,4.99977,999.714,5.52889
0.00263541,1006.17,1.38366e-07,0.230186,4.99977,999.714,5.52889
0.00263561,1006.17,1.38853e-07,0.229837,4.99977,999.714,5.52889
0.00263581,1006.17,1.38576e-07,0.229487,4.99977,999.715,5.52889
0.00263601,1006.16,1.38567e-07,0.229137,4.99977,999.715,5.52889
0.00263621,1006.16,1.39191e-07,0.228788,4.99977,999.715,5.52889
0.00263641,1006.16,1.39646e-07,0.228439,4.99977,999.715,5.52889
0.00263661,1006.15,1.39576e-07,0.22809,4.99977,999.715,5.52889
0.00263681,1006.15,1.39607e-07,0.227741,4.99977,999.716,5.52889
0.00263701,1006.14,1.40068e-07,0.227392,4.99977,999.716,5.52889
0.00263721,1006.14,1.40476e-07,0.227044,4.99977,999.716,5.52889
0.00263741,1006.14,1.40534e-07,0.226696,4.99977,999.716,5.52889
0.00263761,1006.13,1.40611e-07,0.226348,4.99977,999.716,5.52889
0.00263781,1006.13,1.4097e-07,0.226,4.99977,999.717,5.52889
0.00263801,1006.13,1.41334e-07,0.225652,4.99977,999.717,5.52889
0.00263821,1006.12,1.41472e-07,0.225304,4.99977,999.717,5.52889
0.00263841,1006.12,1.41586e-07,0.224957,4.99977,999.717,5.52889
0.00263861,1006.12,1.41883e-07,0.22461,4.99977,999.717,5.52889
0.00263881,1006.11,1.42214e-07,0.224263,4.99977,999.718,5.52889
0.00263901,1006.11,1.42396e-07,0.223916,4.99977,999.718,5.52889
0.00263921,1006.11,1.42539e-07,0.223569,4.99977,999.718,5.52889
0.00263941,1006.1,1.42803e-07,0.223223,4.99977,999.718,5.52889
0.00263961,1006.1,1.43105e-07,0.222876,4.99977,999.718,5.52889
0.00263981,1006.1,1.43312e-07,0.22253,4.99977,999.719,5.52889
0.00264001,1006.09,1.43479e-07,0.222184,4.99977,999.719,5.52889
0.00264021,1006.09,1.43722e-07,0.221839,4.99977,999.719,5.52889
0.00264041,1006.08,1.44001e-07,0.221493,4.99977,999.719,5.52889
0.00264061,1006.08,1.44221e-07,0.221148,4.99977,999.719,5.52889
0.00264081,1006.08,1.44407e-07,0.220802,4.99977,999.72,5.52889
0.00264101,1006.07,1.44641e-07,0.220457,4.99977,999.72,5.52889
0.00264121,1006.07,1.44902e-07,0.220112,4.99977,999.72,5.52889
0.00264141,1006.07,1.45127e-07,0.219768,4.99977,999.72,5.52889
0.00264161,1006.06,1.45327e-07,0.219423,4.99977,999.72,5.52889
0.00264181,1006.06,1.45553e-07,0.219079,4.99977,999.72,5.52889
0.00264201,1006.06,1.45803e-07,0.218735,4.99977,999.721,5.52889
0.00264221,1006.05,1.4603e-07,0.218391,4.99977,999.721,5.52889
0.00264241,1006.05,1.4624e-07,0.218047,4.99977,999.721,5.52889
0.00264261,1006.05,1.46464e-07,0.217703,4.99977,999.721,5.52889
0.00264281,1006.04,1.46702e-07,0.21736,4.99977,999.721,5.52889
0.00264301,1006.04,1.46929e-07,0.217017,4.99977,999.722,5.52889
0.00264321,1006.04,1.47144e-07,0.216674,4.99977,999.722,5.52889
0.00264341,1006.03,1.47369e-07,0.216331,4.99977,999.722,5.52889
0.00264361,1006.03,1.47601e-07,0.215988,4.99977,999.722,5.52889
0.00264381,1006.02,1.47826e-07,0.215645,4.99977,999.722,5.52889
0.00264401,1006.02,1.48044e-07,0.215303,4.99977,999.723,5.52889
0.00264421,1006.02,1.48266e-07,0.214961,4.99977,999.723,5.52889
0.00264441,1006.01,1.48494e-07,0.214619,4.99977,999.723,5.52889
0.00264461,1006.01,1.48721e-07,0.214277,4.99977,999.723,5.52889
0.00264481,1006.01,1.48939e-07,0.213935,4.99977,999.723,5.52889
0.00264501,1006,1.49158e-07,0.213594,4.99977,999.724,5.52889
0.00264521,1006,1.49384e-07,0.213253,4.99977,999.724,5.52889
0.00264541,1006,1.49609e-07,0.212912,4.99977,999.724,5.52889
0.00264561,1005.99,1.49826e-07,0.212571,4.99977,999.724,5.52889
0.00264581,1005.99,1.50045e-07,0.21223,4.99977,999.724,5.52889
0.00264601,1005.99,1.50271e-07,0.21189,4.99977,999.724,5.52889
0.00264621,1005.98,1.50492e-07,0.211549,4.99977,999.725,5.52889
0.00264641,1005.98,1.50708e-07,0.211209,4.99977,999.725,5.52889
0.00264661,1005.98,1.50927e-07,0.210869,4.99977,999.725,5.52889
0.00264681,1005.97,1.5115e-07,0.210529,4.99977,999.725,5.52889
0.00264701,1005.97,1.51371e-07,0.21019,4.99977,999.725,5.52889
0.00264721,1005.97,1.51585e-07,0.20985,4.99977,999.726,5.52889
0.00264741,1005.96,1.51803e-07,0.209511,4.99977,999.726,5.52889
0.00264761,1005.96,1.52023e-07,0.209172,4.99977,999.726,5.52889
0.00264781,1005.95,1.52241e-07,0.208833,4.99977,999.726,5.52889
0.00264801,1005.95,1.52457e-07,0.208494,4.99977,999.726,5.52889
0.00264821,1005.95,1.52674e-07,0.208156,4.99977,999.727,5.52889
0.00264841,1005.94,1.52892e-07,0.207818,4.99977,999.727,5.52889
0.00264861,1005.94,1.53109e-07,0.207479,4.99977,999.727,5.52889
0.00264881,1005.94,1.53322e-07,0.207141,4.99977,999.727,5.52889
0.00264901,1005.93,1.53537e-07,0.206804,4.99977,999.727,5.52889
0.00264921,1005.93,1.53753e-07,0.206466,4.99977,999.727,5.52889
0.00264941,1005.93,1.53967e-07,0.206129,4.99977,999.728,5.52889
0.00264961,1005.92,1.54181e-07,0.205791,4.99977,999.728,5.52889
0.00264981,1005.92,1.54395e-07,0.205454,4.99977,999.728,5.52889
0.00265001,1005.92,1.54608e-07,0.205118,4.99977,999.728,5.52889
0.00265021,1005.91,1.54822e-07,0.204781,4.99977,999.728,5.52889
0.00265041,1005.91,1.55034e-07,0.204444,4.99977,999.729,5.52889
0.00265061,1005.91,1.55245e-07,0.204108,4.99977,999.729,5.52889
0.00265081,1005.9,1.55457e-07,0.203772,4.99977,999.729,5.52889
0.00265101,1005.9,1.55668e-07,0.203436,4.99977,999.729,5.52889
0.00265121,1005.9,1.55878e-07,0.2031,4.99977,999.729,5.52889
0.00265141,1005.89,1.56088e-07,0.202765,4.99977,999.73,5.52889
0.00265161,1005.89,1.56299e-07,0.202429,4.99977,999.73,5.52889
0.00265181,1005.89,1.56507e-07,0.202094,4.99977,999.73,5.52889
0.00265201,1005.88,1.56716e-07,0.201759,4.99977,999.73,5.52889
0.00265221,1005.88,1.56925e-07,0.201424,4.99977,999.73,5.52889
0.00265241,1005.87,1.57132e-07,0.20109,4.99977,999.73,5.52889
0.00265261,1005.87,1.57339e-07,0.200755,4.99977,999.731,5.52889
0.00265281,1005.87,1.57546e-07,0.200421,4.99977,999.731,5.52889
0.00265301,1005.86,1.57753e-07,0.200087,4.99977,999.731,5.52889
0.00265321,1005.86,1.5796e-07,0.199753,4.99977,999.731,5.52889
0.00265341,1005.86,1.58163e-07,0.199419,4.99977,999.731,5.52889
0.00265361,1005.85,1.58367e-07,0.199086,4.99977,999.732,5.52889
0.00265381,1005.85,1.58575e-07,0.198753,4.99977,999.732,5.52889
0.00265401,1005.85,1.5878e-07,0.198419,4.99977,999.732,5.52889
0.00265421,1005.84,1.58981e-07,0.198086,4.99977,999.732,5.52889
0.00265441,1005.84,1.59182e-07,0.197754,4.99977,999.732,5.52889
0.00265461,1005.84,1.59386e-07,0.197421,4.99977,999.732,5.52889
0.00265481,1005.83,1.5959e-07,0.197089,4.99977,999.733,5.52889
0.00265501,1005.83,1.59791e-07,0.196756,4.99977,999.733,5.52889
0.00265521,1005.83,1.59989e-07,0.196424,4.99977,999.733,5.52889
0.00265541,1005.82,1.6019e-07,0.196093,4.99977,999.733,5.52889
0.00265561,1005.82,1.60392e-07,0.195761,4.99977,999.733,5.52889
0.00265581,1005.82,1.60592e-07,0.195429,4.99977,999.734,5.52889
0.00265601,1005.81,1.60788e-07,0.195098,4.99977,999.734,5.52889
0.00265621,1005.81,1.60984e-07,0.194767,4.99977,999.734,5.52889
0.00265641,1005.81,1.61185e-07,0.194436,4.99977,999.734,5.52889
0.00265661,1005.8,1.61384e-07,0.194105,4.99977,999.734,5.52889
0.00265681,1005.8,1.61577e-07,0.193775,4.99977,999.734,5.52889
0.00265701,1005.8,1.61772e-07,0.193444,4.99977,999.735,5.52889
0.00265721,1005.79,1.61969e-07,0.193114,4.99977,999.735,5.52889
0.00265741,1005.79,1.62167e-07,0.192784,4.99977,999.735,5.52889
0.00265761,1005.78,1.62359e-07,0.192454,4.99977,999.735,5.52889
0.00265781,1005.78,1.62549e-07,0.192125,4.99977,999.735,5.52889
0.00265801,1005.78,1.62745e-07,0.191795,4.99977,999.736,5.52889
0.00265821,1005.77,1.6294e-07,0.191466,4.99977,999.736,5.52889
0.00265841,1005.77,1.63131e-07,0.191137,4.99977,999.736,5.52889
0.00265861,1005.77,1.6332e-07,0.190808,4.99977,999.736,5.52889
0.00265881,1005.76,1.63512e-07,0.19048,4.99977,999.736,5.52889
0.00265901,1005.76,1.63703e-07,0.190151,4.99977,999.736,5.52889
0.00265921,1005.76,1.63893e-07,0.189823,4.99977,999.737,5.52889
0.00265941,1005.75,1.64081e-07,0.189495,4.99977,999.737,5.52889
0.00265961,1005.75,1.64269e-07,0.189167,4.99977,999.737,5.52889
0.00265981,1005.75,1.64457e-07,0.188839,4.99977,999.737,5.52889
0.00266001,1005.74,1.64645e-07,0.188511,4.99977,999.737,5.52889
0.00266021,1005.74,1.64832e-07,0.188184,4.99977,999.738,5.52889
0.00266041,1005.74,1.65019e-07,0.187857,4.99977,999.738,5.52889
0.00266061,1005.73,1.65202e-07,0.18753,4.99977,999.738,5.52889
0.00266081,1005.73,1.65386e-07,0.187203,4.99977,999.738,5.52889
0.00266101,1005.73,1.65572e-07,0.186876,4.99977,999.738,5.52889
0.00266121,1005.72,1.65756e-07,0.18655,4.99977,999.738,5.52889
0.00266141,1005.72,1.65936e-07,0.186224,4.99977,999.739,5.52889
0.00266161,1005.72,1.66118e-07,0.185898,4.99977,999.739,5.52889
0.00266181,1005.71,1.66302e-07,0.185572,4.99977,999.739,5.52889
0.00266201,1005.71,1.66483e-07,0.185246,4.99977,999.739,5.52889
0.00266221,1005.71,1.66661e-07,0.18492,4.99977,999.739,5.52889
0.00266241,1005.7,1.6684e-07,0.184595,4.99977,999.74,5.52889
0.00266261,1005.7,1.67021e-07,0.18427,4.99977,999.74,5.52889
0.00266281,1005.7,1.672e-07,0.183945,4.99977,999.74,5.52889
0.00266301,1005.69,1.67376e-07,0.18362,4.99977,999.74,5.52889
0.00266321,1005.69,1.67552e-07,0.183296,4.99977,999.74,5.52889
0.00266341,1005.69,1.6773e-07,0.182971,4.99977,999.74,5.52889
0.00266361,1005.68,1.67905e-07,0.182647,4.99977,999.741,5.52889
0.00266381,1005.68,1.68079e-07,0.182323,4.99977,999.741,5.52889
0.00266401,1005.67,1.68252e-07,0.181999,4.99977,999.741,5.52889
0.00266421,1005.67,1.68427e-07,0.181676,4.99977,999.741,5.52889
0.00266441,1005.67,1.686e-07,0.181352,4.99977,999.741,5.52889
0.00266461,1005.66,1.68771e-07,0.181029,4.99977,999.741,5.52889
0.00266481,1005.66,1.68942e-07,0.180706,4.99977,999.742,5.52889
0.00266501,1005.66,1.69112e-07,0.180383,4.99977,999.742,5.52889
0.00266521,1005.65,1.69282e-07,0.18006,4.99977,999.742,5.52889
0.00266541,1005.65,1.69453e-07,0.179738,4.99977,999.742,5.52889
0.00266561,1005.65,1.69623e-07,0.179415,4.99977,999.742,5.52889
0.00266581,1005.64,1.69788e-07,0.179093,4.99977,999.743,5.52889
0.00266602,1005.64,1.69956e-07,0.178766,4.99977,999.743,5.52889
0.00266622,1005.64,1.70124e-07,0.178444,4.99977,999.743,5.52889
0.00266642,1005.63,1.70291e-07,0.178123,4.99977,999.743,5.52889
0.00266662,1005.63,1.70453e-07,0.177801,4.99977,999.743,5.52889
0.00266682,1005.63,1.70618e-07,0.17748,4.99977,999.743,5.52889
0.00266702,1005.62,1.70782e-07,0.177159,4.99977,999.744,5.52889
0.00266722,1005.62,1.70945e-07,0.176838,4.99977,999.744,5.52889
0.00266742,1005.62,1.71105e-07,0.176518,4.99977,999.744,5.52889
0.00266762,1005.61,1.71266e-07,0.176197,4.99977,999.744,5.52889
0.00266782,1005.61,1.71426e-07,0.175877,4.99977,999.744,5.52889
0.00266802,1005.61,1.71587e-07,0.175557,4.99977,999.744,5.52889
0.00266821,1005.6,1.71736e-07,0.175253,4.99977,999.745,5.52889
0.0026684,1.17541,0.578177,0.158149,4.99977,999.736,5.52889
0.0026686,1.52525,0.750231,0.152212,4.99977,999.716,5.52889
0.0026688,1.8696,0.919579,0.150305,4.99977,999.691,5.52889
0.002669,2.2138,1.08886,0.148623,4.99977,999.661,5.52889
0.0026692,2.55788,1.25808,0.14697,4.99977,999.626,5.52889
0.0026694,2.90182,1.42723,0.145336,4.99977,999.586,5.52889
0.0026696,1254.03,1.17775,0.148504,4.99977,999.549,5.52889
0.00266981,1063.15,-0.291009,0.203389,4.99977,999.55,5.52889
0.00267,1236.21,0.0421509,0.2056,4.99977,999.549,5.52889
0.00267021,1097.89,0.260502,0.20988,4.99977,999.551,5.52889
0.0026704,807.299,0.13026,0.220272,4.99977,999.553,5.52889
0.0026706,840.777,-0.184041,0.225313,4.99977,999.553,5.52889
0.0026708,1104.21,-0.245001,0.222629,4.99977,999.552,5.52889
0.002671,1219.92,0.0384578,0.219821,4.99977,999.551,5.52889
0.00267121,1051.68,0.259424,0.224036,4.99977,999.553,5.52889
0.00267141,824.699,0.131152,0.232923,4.99977,999.555,5.52889
0.0026716,869.564,-0.193939,0.237566,4.99977,999.555,5.52889
0.00267181,1084.64,-0.236046,0.235712,4.99977,999.553,5.52889
0.002672,1205.59,0.0392016,0.232667,4.99977,999.553,5.52889
0.0026722,1030.03,0.246077,0.236979,4.99977,999.554,5.52889
0.0026724,827.597,0.0990953,0.245337,4.99977,999.556,5.52889
0.0026726,873.237,-0.173819,0.249365,4.99977,999.556,5.52889
0.00267281,1090.83,-0.213141,0.247216,4.99977,999.555,5.52889
0.002673,1185.82,0.0689429,0.244507,4.99977,999.554,5.52889
0.00267321,1027.71,0.228631,0.248799,4.99977,999.556,5.52889
0.0026734,836.243,0.078746,0.256764,4.99977,999.558,5.52889
0.00267361,879.823,-0.157336,0.260364,4.99977,999.558,5.52889
0.00267381,1088.8,-0.195031,0.25822,4.99977,999.556,5.52889
0.002674,1170.91,0.0715309,0.25581,4.99977,999.556,5.52889
0.0026742,997.645,0.212892,0.260418,4.99977,999.558,5.52889
0.0026744,843.734,0.0522195,0.267532,4.99977,999.559,5.52889
0.0026746,924.128,-0.179035,0.270051,4.99977,999.559,5.52889
0.00267481,1102.42,-0.165398,0.267998,4.99977,999.558,5.52889
0.002675,1153.82,0.0815764,0.266363,4.99977,999.558,5.52889
0.00267521,1000.75,0.196841,0.270676,4.99977,999.559,5.52889
0.00267541,856.839,0.0508837,0.277285,4.99977,999.56,5.52889
0.00267561,916.734,-0.154006,0.279906,4.99977,999.56,5.52889
0.00267581,1092.14,-0.155447,0.277896,4.99977,999.559,5.52889
0.00267601,1144.68,0.0694923,0.276329,4.99977,999.559,5.52889
0.0026762,974.647,0.177488,0.28088,4.99977,999.561,5.52889
0.0026764,864.403,0.0218424,0.286717,4.99977,999.562,5.52889
0.0026766,958.043,-0.165426,0.288232,4.99977,999.561,5.52889
0.0026768,1111.65,-0.115303,0.286084,4.99977,999.561,5.52889
0.00267701,1133.77,0.0657045,0.285597,4.99977,999.561,5.52889
0.0026772,975.163,0.163329,0.28987,4.99977,999.562,5.52889
0.00267741,875.216,0.0183546,0.29525,4.99977,999.563,5.52889
0.0026776,963.447,-0.153494,0.296615,4.99977,999.563,5.52889
0.00267781,1104.43,-0.105483,0.294652,4.99977,999.562,5.52889
0.002678,1105.76,0.0995635,0.294185,4.99977,999.563,5.52889
0.0026782,961.453,0.144429,0.298592,4.99977,999.564,5.52889
0.0026784,884.763,-0.00781273,0.303397,4.99977,999.565,5.52889
0.00267861,961.838,-0.139274,0.304566,4.99977,999.564,5.52889
0.00267881,1098.39,-0.0954641,0.30261,4.99977,999.564,5.52889
0.00267901,1102.49,0.0849087,0.30224,4.99977,999.564,5.52889
0.0026792,963.786,0.132742,0.306358,4.99977,999.565,5.52889
0.0026794,896.061,-0.0263428,0.310885,4.99977,999.566,5.52889
0.0026796,994.076,-0.137985,0.311241,4.99977,999.566,5.52889
0.0026798,1104.13,-0.0649712,0.309503,4.99977,999.565,5.52889
0.00268001,1093.93,0.0806719,0.309744,4.99977,999.566,5.52889
0.00268021,965.948,0.121906,0.313586,4.99977,999.567,5.52889
0.0026804,904.917,-0.0259918,0.317751,4.99977,999.568,5.52889
0.0026806,995.332,-0.127409,0.318078,4.99977,999.567,5.52889
0.00268081,1096.79,-0.0598783,0.316484,4.99977,999.567,5.52889
0.00268101,1087.41,0.0743255,0.316718,4.99977,999.567,5.52889
0.0026812,953.241,0.101961,0.320686,4.99977,999.568,5.52889
0.00268141,912.827,-0.0238452,0.324124,4.99977,999.569,5.52889
0.0026816,1012.24,-0.118366,0.324042,4.99977,999.569,5.52889
0.0026818,1097.38,-0.0328422,0.32253,4.99977,999.568,5.52889
0.002682,1061.03,0.0935042,0.323326,4.99977,999.569,5.52889
0.00268221,957.329,0.0940301,0.326863,4.99977,999.57,5.52889
0.0026824,925.686,-0.0442309,0.330084,4.99977,999.57,5.52889
0.0026826,1013.09,-0.109186,0.329936,4.99977,999.57,5.52889
0.0026828,1090.73,-0.029386,0.32856,4.99977,999.57,5.52889
0.00268301,1056.84,0.0864022,0.329317,4.99977,999.57,5.52889
0.00268321,961.26,0.0868162,0.332583,4.99977,999.571,5.52889
0.0026834,932.004,-0.040762,0.33556,4.99977,999.572,5.52889
0.00268361,1012.66,-0.100782,0.335428,4.99977,999.572,5.52889
0.0026838,1086.87,-0.0115279,0.333915,4.99977,999.571,5.52889
0.00268401,1053.22,0.0796221,0.334858,4.99977,999.572,5.52889
0.0026842,948.788,0.0625299,0.338352,4.99977,999.573,5.52889
0.00268441,937.836,-0.0375524,0.340625,4.99977,999.573,5.52889
0.0026846,1025.39,-0.0906049,0.340152,4.99977,999.573,5.52889
0.0026848,1080.79,-0.0107329,0.33911,4.99977,999.573,5.52889
0.002685,1034.09,0.084116,0.340179,4.99977,999.573,5.52889
0.0026852,953.382,0.0577581,0.343203,4.99977,999.574,5.52889
0.00268541,943.219,-0.0345864,0.345301,4.99977,999.575,5.52889
0.0026856,1024.01,-0.0836328,0.344864,4.99977,999.574,5.52889
0.0026858,1075.62,0.00320414,0.343734,4.99977,999.574,5.52889
0.00268601,1032.21,0.0775646,0.344883,4.99977,999.575,5.52889
0.00268621,957.624,0.0533537,0.347673,4.99977,999.576,5.52889
0.0026864,956.851,-0.0501045,0.349549,4.99977,999.576,5.52889
0.0026866,1032.76,-0.0731032,0.348911,4.99977,999.576,5.52889
0.0026868,1070.41,0.00286672,0.348158,4.99977,999.576,5.52889
0.00268701,1030.48,0.0715154,0.349212,4.99977,999.576,5.52889
0.0026872,953.511,0.0344671,0.352073,4.99977,999.577,5.52889
0.00268741,960.729,-0.0461382,0.353513,4.99977,999.577,5.52889
0.0026876,1030.83,-0.0674781,0.35292,4.99977,999.577,5.52889
0.0026878,1064.58,0.0138416,0.352109,4.99977,999.577,5.52889
0.002688,1015.57,0.0703641,0.353405,4.99977,999.578,5.52889
0.0026882,957.735,0.0318661,0.355822,4.99977,999.579,5.52889
0.00268841,964.308,-0.0424748,0.357147,4.99977,999.579,5.52889
0.00268861,1029.03,-0.0622857,0.356594,4.99977,999.579,5.52889
0.0026888,1060.23,0.0126714,0.35584,4.99977,999.579,5.52889
0.002689,1015.11,0.0649115,0.357026,4.99977,999.579,5.52889
0.00268921,961.634,0.0294662,0.359251,4.99977,999.58,5.52889
0.00268941,967.609,-0.0390914,0.360468,4.99977,999.58,5.52889
0.0026896,1035.66,-0.0519785,0.359687,4.99977,999.58,5.52889
0.00268981,1056.21,0.0115913,0.359248,4.99977,999.58,5.52889
0.00269,1006.19,0.0604932,0.360495,4.99977,999.581,5.52889
0.0026902,961.651,0.01592,0.362545,4.99977,999.581,5.52889
0.0026904,981.295,-0.0484759,0.363341,4.99977,999.582,5.52889
0.00269061,1033.46,-0.0480113,0.362766,4.99977,999.582,5.52889
0.0026908,1050.23,0.0205633,0.362282,4.99977,999.582,5.52889
0.002691,1006.43,0.0558264,0.363489,4.99977,999.582,5.52889
0.0026912,965.236,0.0147446,0.365372,4.99977,999.583,5.52889
0.00269141,983.232,-0.0446309,0.3661,4.99977,999.583,5.52889
0.00269161,1031.37,-0.0444,0.365561,4.99977,999.583,5.52889
0.00269181,1047.05,0.0187143,0.365102,4.99977,999.583,5.52889
0.002692,999.233,0.050455,0.36636,4.99977,999.584,5.52889
0.0026922,967.283,0.00564966,0.368021,4.99977,999.584,5.52889
0.00269241,985.006,-0.0410682,0.368594,4.99977,999.584,5.52889
0.0026926,1036.75,-0.0334153,0.367824,4.99977,999.584,5.52889
0.00269281,1044.1,0.0170012,0.367649,4.99977,999.585,5.52889
0.002693,1000.01,0.0465841,0.368794,4.99977,999.585,5.52889
0.0026932,970.429,0.00528405,0.370317,4.99977,999.586,5.52889
0.0026934,994.689,-0.0431026,0.370686,4.99977,999.586,5.52889
0.00269361,1034.34,-0.031065,0.370117,4.99977,999.586,5.52889
0.00269381,1040.76,0.0174385,0.369928,4.99977,999.586,5.52889
0.00269401,999.694,0.0427354,0.371002,4.99977,999.587,5.52889
0.0026942,973.109,-0.000896059,0.372424,4.99977,999.587,5.52889
0.00269441,994.443,-0.0391235,0.372725,4.99977,999.587,5.52889
0.00269461,1033.12,-0.0275445,0.372129,4.99977,999.587,5.52889
0.0026948,1034.21,0.0248056,0.371958,4.99977,999.587,5.52889
0.002695,995.316,0.0374333,0.37307,4.99977,999.588,5.52889
0.0026952,975.814,-0.00176613,0.374255,4.99977,999.588,5.52889
0.00269541,996.543,-0.0366439,0.374489,4.99977,999.589,5.52889
0.0026956,1035.38,-0.0177596,0.37376,4.99977,999.589,5.52889
0.00269581,1032.18,0.0228779,0.373773,4.99977,999.589,5.52889
0.00269601,996.646,0.0347171,0.374776,4.99977,999.589,5.52889
0.0026962,978.846,-0.00735076,0.375897,4.99977,999.59,5.52889
0.0026964,1004.03,-0.0359202,0.375922,4.99977,999.59,5.52889
0.0026966,1033.22,-0.0164571,0.375377,4.99977,999.59,5.52889
0.00269681,1030.44,0.0208723,0.375371,4.99977,999.59,5.52889
0.002697,992.828,0.0290678,0.376404,4.99977,999.591,5.52889
0.0026972,981.015,-0.0062854,0.377296,4.99977,999.591,5.52889
0.0026974,1004.6,-0.0331918,0.377299,4.99977,999.591,5.52889
0.0026976,1032.89,-0.0103816,0.376694,4.99977,999.591,5.52889
0.00269781,1028.59,0.0194253,0.376763,4.99977,999.592,5.52889
0.002698,993.415,0.0263568,0.377716,4.99977,999.592,5.52889
0.0026982,984.112,-0.0105533,0.378522,4.99977,999.593,5.52889
0.0026984,1008.94,-0.0308315,0.378394,4.99977,999.593,5.52889
0.0026986,1031.29,-0.00826138,0.377893,4.99977,999.593,5.52889
0.0026988,1022.39,0.0237347,0.377995,4.99977,999.593,5.52889
0.00269901,994.62,0.0243949,0.37882,4.99977,999.594,5.52889
0.0026992,986.315,-0.0109762,0.379551,4.99977,999.594,5.52889
0.0026994,1008.9,-0.0284473,0.379411,4.99977,999.594,5.52889
0.0026996,1029.47,-0.00764905,0.378932,4.99977,999.594,5.52889
0.00269981,1020.6,0.0225252,0.379015,4.99977,999.595,5.52889
0.00270001,995.589,0.0224714,0.379752,4.99977,999.595,5.52889
0.0027002,987.954,-0.0100645,0.380406,4.99977,999.595,5.52889
0.00270041,1008.77,-0.0262523,0.380259,4.99977,999.596,5.52889
0.0027006,1028.44,-0.00301894,0.379738,4.99977,999.596,5.52889
0.00270081,1019.68,0.0207198,0.379853,4.99977,999.596,5.52889
0.002701,992.746,0.0166301,0.380632,4.99977,999.596,5.52889
0.00270121,989.463,-0.0092178,0.381098,4.99977,999.597,5.52889
0.0027014,1012.24,-0.023631,0.380853,4.99977,999.597,5.52889
0.0027016,1026.84,-0.00282794,0.380443,4.99977,999.597,5.52889
0.0027018,1014.73,0.0218658,0.380586,4.99977,999.597,5.52889
0.002702,993.943,0.015396,0.381226,4.99977,999.598,5.52889
0.0027022,993.009,-0.0133518,0.381632,4.99977,999.598,5.52889
0.0027024,1011.82,-0.0218249,0.381393,4.99977,999.598,5.52889
0.0027026,1025.49,0.000734723,0.380953,4.99977,999.598,5.52889
0.00270281,1014.34,0.0201002,0.381101,4.99977,999.599,5.52889
0.00270301,995.092,0.0143192,0.38167,4.99977,999.599,5.52889
0.0027032,994.022,-0.0120979,0.382027,4.99977,999.599,5.52889
0.0027034,1014.21,-0.0190709,0.381711,4.99977,999.6,5.52889
0.0027036,1024.12,0.000524881,0.38136,4.99977,999.6,5.52889
0.00270381,1014.03,0.01844,0.381469,4.99977,999.6,5.52889
0.002704,994.046,0.00974844,0.382053,4.99977,999.601,5.52889
0.00270421,994.852,-0.010736,0.382286,4.99977,999.601,5.52889
0.00270441,1013.23,-0.017825,0.381984,4.99977,999.601,5.52889
0.0027046,1022.75,0.00220679,0.38161,4.99977,999.601,5.52889
0.0027048,1009.65,0.0183046,0.381776,4.99977,999.602,5.52889
0.00270501,995.572,0.0098828,0.382202,4.99977,999.602,5.52889
0.0027052,997.805,-0.0128033,0.382396,4.99977,999.602,5.52889
0.0027054,1015.44,-0.0147491,0.382036,4.99977,999.602,5.52889
0.0027056,1021.12,0.00471996,0.381729,4.99977,999.603,5.52889
0.0027058,1009.43,0.0168518,0.381878,4.99977,999.603,5.52889
0.002706,995.121,0.00550488,0.382313,4.99977,999.603,5.52889
0.00270621,998.517,-0.011682,0.382403,4.99977,999.604,5.52889
0.0027064,1015.61,-0.0129036,0.382024,4.99977,999.604,5.52889
0.0027066,1019.9,0.00496645,0.381739,4.99977,999.604,5.52889
0.00270681,1008.79,0.0155775,0.381867,4.99977,999.604,5.52889
0.002707,995.88,0.00413113,0.382248,4.99977,999.605,5.52889
0.00270721,999.3,-0.0108148,0.382292,4.99977,999.605,5.52889
0.0027074,1015.01,-0.0118449,0.38192,4.99977,999.605,5.52889
0.00270761,1018.96,0.00441605,0.381636,4.99977,999.605,5.52889
0.0027078,1007.08,0.0143577,0.381766,4.99977,999.606,5.52889
0.002708,996.621,0.00271553,0.382072,4.99977,999.606,5.52889
0.00270821,1001.51,-0.0115204,0.382054,4.99977,999.606,5.52889
0.0027084,1015.42,-0.00982161,0.381675,4.99977,999.606,5.52889
0.0027086,1017.54,0.00570625,0.381418,4.99977,999.607,5.52889
0.0027088,1005.67,0.0129774,0.381554,4.99977,999.607,5.52889
0.002709,997.337,0.000940996,0.381795,4.99977,999.607,5.52889
0.0027092,1003.07,-0.0113824,0.381719,4.99977,999.608,5.52889
0.0027094,1015.54,-0.00802953,0.381335,4.99977,999.608,5.52889
0.00270961,1016.53,0.00579716,0.381099,4.99977,999.608,5.52889
0.0027098,1005.78,0.0119134,0.381201,4.99977,999.608,5.52889
0.00271,998.16,0.000647996,0.381399,4.99977,999.609,5.52889
0.00271021,1003.73,-0.0106387,0.381297,4.99977,999.609,5.52889
0.0027104,1015.23,-0.00687561,0.380912,4.99977,999.609,5.52889
0.00271061,1015.61,0.00578384,0.380682,4.99977,999.609,5.52889
0.00271081,1005.51,0.0108337,0.380761,4.99977,999.61,5.52889
0.00271101,998.915,0.000295195,0.380911,4.99977,999.61,5.52889
0.00271121,1004.5,-0.0100307,0.380781,4.99977,999.61,5.52889
0.0027114,1014.77,-0.00603539,0.380403,4.99977,999.61,5.52889
0.00271161,1014.67,0.00588723,0.380174,4.99977,999.611,5.52889
0.0027118,1003.98,0.00916459,0.380269,4.99977,999.611,5.52889
0.002712,999.652,-0.000941437,0.380344,4.99977,999.611,5.52889
0.0027122,1006.05,-0.00971321,0.380164,4.99977,999.612,5.52889
0.0027124,1014.79,-0.00425844,0.37979,4.99977,999.612,5.52889
0.00271261,1013.63,0.00616923,0.37958,4.99977,999.612,5.52889
0.0027128,1003.85,0.0081265,0.379651,4.99977,999.612,5.52889
0.002713,1000.4,-0.00171755,0.379688,4.99977,999.613,5.52889
0.00271321,1006.49,-0.00899296,0.379483,4.99977,999.613,5.52889
0.0027134,1014.4,-0.0033602,0.37911,4.99977,999.613,5.52889
0.00271361,1012.75,0.00619379,0.378904,4.99977,999.613,5.52889
0.0027138,1003.85,0.00722246,0.378949,4.99977,999.614,5.52889
0.00271401,1001.01,-0.00169215,0.378946,4.99977,999.614,5.52889
0.0027142,1008.13,-0.00836222,0.378702,4.99977,999.614,5.52889
0.0027144,1014.16,-0.00179345,0.378345,4.99977,999.614,5.52889
0.0027146,1010.96,0.00700153,0.37817,4.99977,999.615,5.52889
0.00271481,1004.12,0.00659819,0.378159,4.99977,999.615,5.52889
0.002715,1001.85,-0.00285208,0.37814,4.99977,999.615,5.52889
0.00271521,1007.93,-0.00768006,0.377881,4.99977,999.616,5.52889
0.0027154,1013.61,-0.00163647,0.377524,4.99977,999.616,5.52889
0.00271561,1010.79,0.00634094,0.377333,4.99977,999.616,5.52889
0.0027158,1003.58,0.00522327,0.37733,4.99977,999.616,5.52889
0.002716,1002.73,-0.00366433,0.377259,4.99977,999.617,5.52889
0.00271621,1008.49,-0.00697663,0.376976,4.99977,999.617,5.52889
0.00271641,1013.15,-0.00123276,0.376629,4.99977,999.617,5.52889
0.00271661,1010.42,0.00588069,0.376431,4.99977,999.617,5.52889
0.00271681,1003.96,0.00483569,0.376396,4.99977,999.618,5.52889
0.00271701,1002.99,-0.00301664,0.376303,4.99977,999.618,5.52889
0.0027172,1009.16,-0.00618203,0.376005,4.99977,999.618,5.52889
0.0027174,1012.74,0.000495308,0.375664,4.99977,999.618,5.52889
0.0027176,1008.86,0.00604724,0.375495,4.99977,999.619,5.52889
0.00271781,1003.77,0.00373893,0.375424,4.99977,999.619,5.52889
0.002718,1004,-0.00390625,0.375293,4.99977,999.619,5.52889
0.0027182,1009.63,-0.00535339,0.374974,4.99977,999.619,5.52889
0.0027184,1012.27,0.000495056,0.374645,4.99977,999.62,5.52889
0.00271861,1008.83,0.005477,0.374459,4.99977,999.62,5.52889
0.0027188,1003.58,0.00233729,0.374399,4.99977,999.62,5.52889
0.00271901,1004.43,-0.00371544,0.374218,4.99977,999.621,5.52889
0.00271921,1009.4,-0.00489891,0.373898,4.99977,999.621,5.52889
0.0027194,1011.73,0.00131039,0.373569,4.99977,999.621,5.52889
0.0027196,1007.91,0.00515555,0.373393,4.99977,999.621,5.52889
0.00271981,1003.93,0.00211781,0.373283,4.99977,999.622,5.52889
0.00272,1005.44,-0.00416329,0.37309,4.99977,999.622,5.52889
0.0027202,1009.88,-0.00399746,0.372756,4.99977,999.622,5.52889
0.0027204,1011.19,0.00177583,0.37244,4.99977,999.622,5.52889
0.0027206,1007.3,0.00468721,0.372265,4.99977,999.623,5.52889
0.00272081,1004.04,0.00121333,0.372134,4.99977,999.623,5.52889
0.00272101,1005.46,-0.00364345,0.371909,4.99977,999.623,5.52889
0.0027212,1010.25,-0.00300074,0.371564,4.99977,999.623,5.52889
0.0027214,1010.55,0.00235544,0.371265,4.99977,999.624,5.52889
0.0027216,1006.76,0.00414842,0.371087,4.99977,999.624,5.52889
0.0027218,1004.25,0.000340093,0.370933,4.99977,999.624,5.52889
0.00272201,1006.2,-0.00372347,0.370679,4.99977,999.624,5.52889
0.0027222,1010.23,-0.00234176,0.370331,4.99977,999.625,5.52889
0.0027224,1010.21,0.00223851,0.370033,4.99977,999.625,5.52889
0.00272261,1006.95,0.00379106,0.369832,4.99977,999.625,5.52889
0.0027228,1004.57,-0.000537313,0.369685,4.99977,999.625,5.52889
0.002723,1007.08,-0.00366501,0.369402,4.99977,999.626,5.52889
0.00272321,1009.95,-0.00213455,0.369055,4.99977,999.626,5.52889
0.0027234,1009.47,0.002681,0.368769,4.99977,999.626,5.52889
0.00272361,1006.59,0.00327719,0.368555,4.99977,999.626,5.52889
0.0027238,1004.89,-0.000750112,0.368377,4.99977,999.627,5.52889
0.002724,1007.39,-0.00334862,0.368082,4.99977,999.627,5.52889
0.0027242,1010.04,-0.00115255,0.367734,4.99977,999.627,5.52889
0.00272441,1009.3,0.00237553,0.367443,4.99977,999.627,5.52889
0.00272461,1006.18,0.00264827,0.367242,4.99977,999.628,5.52889
0.00272481,1005.2,-0.00095135,0.367029,4.99977,999.628,5.52889
0.00272501,1007.67,-0.00301707,0.366722,4.99977,999.628,5.52889
0.0027252,1009.89,-0.000486972,0.366377,4.99977,999.628,5.52889
0.00272541,1008.68,0.00251877,0.366094,4.99977,999.629,5.52889
0.0027256,1005.74,0.00173018,0.365898,4.99977,999.629,5.52889
0.0027258,1005.67,-0.0014787,0.365649,4.99977,999.629,5.52889
0.002726,1008.14,-0.00259979,0.365324,4.99977,999.63,5.52889
0.0027262,1009.65,0.000259868,0.364985,4.99977,999.63,5.52889
0.0027264,1007.88,0.00255021,0.36472,4.99977,999.63,5.52889
0.0027266,1005.76,0.0012429,0.364492,4.99977,999.63,5.52889
0.0027268,1006.05,-0.00165425,0.364225,4.99977,999.631,5.52889
0.00272701,1008.08,-0.00231377,0.363889,4.99977,999.631,5.52889
0.0027272,1009.35,0.000568987,0.363556,4.99977,999.631,5.52889
0.00272741,1007.98,0.00222723,0.363268,4.99977,999.631,5.52889
0.0027276,1005.76,0.000546172,0.363059,4.99977,999.632,5.52889
0.0027278,1006.55,-0.00184023,0.362769,4.99977,999.632,5.52889
0.00272801,1008.47,-0.00177833,0.362424,4.99977,999.632,5.52889
0.00272821,1009.06,0.000783643,0.362093,4.99977,999.632,5.52889
0.0027284,1007.12,0.00199224,0.361836,4.99977,999.633,5.52889
0.00272861,1005.92,0.000319882,0.361574,4.99977,999.633,5.52889
0.00272881,1006.72,-0.00168586,0.361271,4.99977,999.633,5.52889
0.00272901,1008.6,-0.00130201,0.360927,4.99977,999.633,5.52889
0.0027292,1008.57,0.00125845,0.360613,4.99977,999.634,5.52889
0.00272941,1007.11,0.00174029,0.360325,4.99977,999.634,5.52889
0.0027296,1006.11,-0.000399762,0.360079,4.99977,999.634,5.52889
0.0027298,1007.34,-0.00170086,0.359755,4.99977,999.634,5.52889
0.00273001,1008.67,-0.000740934,0.359404,4.99977,999.635,5.52889
0.00273021,1008.43,0.00108636,0.359077,4.99977,999.635,5.52889
0.00273041,1006.8,0.00133978,0.358808,4.99977,999.635,5.52889
0.00273061,1006.31,-0.000510927,0.35853,4.99977,999.635,5.52889
0.00273081,1007.52,-0.00148991,0.358201,4.99977,999.636,5.52889
0.002731,1008.62,-3.78436e-05,0.357861,4.99977,999.636,5.52889
0.00273121,1007.88,0.00130649,0.357546,4.99977,999.636,5.52889
0.00273141,1006.59,0.000862729,0.357264,4.99977,999.636,5.52889
0.00273161,1006.59,-0.000805514,0.356965,4.99977,999.637,5.52889
0.0027318,1007.9,-0.00116894,0.356629,4.99977,999.637,5.52889
0.002732,1008.41,0.000361959,0.356291,4.99977,999.637,5.52889
0.00273221,1007.56,0.00121343,0.355973,4.99977,999.637,5.52889
0.0027324,1006.52,0.000344664,0.355693,4.99977,999.638,5.52889
0.00273261,1006.82,-0.000871171,0.355367,4.99977,999.638,5.52889
0.0027328,1008.11,-0.000728871,0.355033,4.99977,999.638,5.52889
0.002733,1008.15,0.000592977,0.354695,4.99977,999.638,5.52889
0.0027332,1007.12,0.000989893,0.354395,4.99977,999.639,5.52889
0.0027334,1006.6,-6.57199e-05,0.35409,4.99977,999.639,5.52889
0.00273361,1007.2,-0.000956946,0.353756,4.99977,999.639,5.52889
0.0027338,1008.12,-0.000367815,0.353413,4.99977,999.639,5.52889
0.00273401,1008,0.000567804,0.353062,4.99977,999.64,5.52889
0.00273421,1007.07,0.000807397,0.352759,4.99977,999.64,5.52889
0.0027344,1006.76,-0.000386185,0.352464,4.99977,999.64,5.52889
0.0027346,1007.56,-0.000830992,0.352125,4.99977,999.64,5.52889
0.0027348,1008.05,9.73993e-06,0.351777,4.99977,999.641,5.52889
0.00273501,1007.67,0.000723518,0.351435,4.99977,999.641,5.52889
0.0027352,1006.85,0.000400178,0.351136,4.99977,999.641,5.52889
0.00273541,1006.92,-0.000485131,0.350805,4.99977,999.641,5.52889
0.00273561,1007.65,-0.000648102,0.35046,4.99977,999.642,5.52889
0.0027358,1007.92,0.000196541,0.350114,4.99977,999.642,5.52889
0.00273601,1007.43,0.000682483,0.349778,4.99977,999.642,5.52889
0.0027362,1006.84,0.000100188,0.349475,4.99977,999.642,5.52889
0.0027364,1007.14,-0.000583182,0.349136,4.99977,999.643,5.52889
0.0027366,1007.75,-0.000386317,0.348786,4.99977,999.643,5.52889
0.00273681,1007.76,0.000334258,0.348436,4.99977,999.643,5.52889
0.002737,1007.14,0.000522002,0.348121,4.99977,999.643,5.52889
0.00273721,1006.9,-9.09969e-05,0.347788,4.99977,999.643,5.52889
0.0027374,1007.32,-0.000551319,0.347447,4.99977,999.644,5.52889
0.0027376,1007.76,-0.000133054,0.347096,4.99977,999.644,5.52889
0.00273781,1007.62,0.000385168,0.346737,4.99977,999.644,5.52889
0.00273801,1007.06,0.00036532,0.346421,4.99977,999.644,5.52889
0.0027382,1007.02,-0.000293808,0.346095,4.99977,999.645,5.52889
0.00273841,1007.42,-0.000456961,0.345736,4.99977,999.645,5.52889
0.00273861,1007.69,2.29643e-05,0.345384,4.99977,999.645,5.52889
0.00273881,1007.43,0.000422242,0.345035,4.99977,999.645,5.52889
0.00273901,1007.01,0.000187695,0.344709,4.99977,999.646,5.52889
0.00273921,1007.09,-0.000309395,0.344365,4.99977,999.646,5.52889
0.0027394,1007.53,-0.000292926,0.344022,4.99977,999.646,5.52889
0.00273961,1007.59,0.000164753,0.343663,4.99977,999.646,5.52889
0.0027398,1007.23,0.000367091,0.343329,4.99977,999.647,5.52889
0.00274,1007.01,-1.8532e-05,0.342992,4.99977,999.647,5.52889
0.00274021,1007.21,-0.000339217,0.342636,4.99977,999.647,5.52889
0.0027404,1007.54,-0.000149672,0.342285,4.99977,999.647,5.52889
0.0027406,1007.47,0.000250197,0.341931,4.99977,999.648,5.52889
0.00274081,1007.17,0.000289869,0.34158,4.99977,999.648,5.52889
0.002741,1007.06,-0.000139838,0.341252,4.99977,999.648,5.52889
0.0027412,1007.32,-0.000299581,0.340895,4.99977,999.648,5.52889
0.00274141,1007.51,-4.63891e-05,0.340531,4.99977,999.649,5.52889
0.00274161,1007.38,0.000248328,0.340171,4.99977,999.649,5.52889
0.00274181,1007.1,0.000177331,0.339832,4.99977,999.649,5.52889
0.002742,1007.12,-0.000195956,0.339495,4.99977,999.649,5.52889
0.00274221,1007.34,-0.000238036,0.339127,4.99977,999.65,5.52889
0.0027424,1007.45,7.02782e-05,0.338776,4.99977,999.65,5.52889
0.00274262,1007.3,0.000236641,0.338404,4.99977,999.65,5.52889
0.0027428,1007.06,3.93572e-05,0.33808,4.99977,999.65,5.52889
0.00274301,1007.15,-0.000194885,0.337715,4.99977,999.651,5.52889
0.00274321,1007.37,-0.000154802,0.337357,4.99977,999.651,5.52889
0.0027434,1007.37,0.00014441,0.337011,4.99977,999.651,5.52889
0.00274361,1007.19,0.000199077,0.336646,4.99977,999.651,5.52889
0.0027438,1007.07,-4.26535e-05,0.336304,4.99977,999.651,5.52889
0.00274401,1007.19,-0.000189011,0.335931,4.99977,999.652,5.52889
0.00274421,1007.37,-6.42633e-05,0.33558,4.99977,999.652,5.52889
0.00274441,1007.32,0.000140464,0.335213,4.99977,999.652,5.52889
0.0027446,1007.12,0.000125963,0.334872,4.99977,999.652,5.52889
0.00274481,1007.09,-8.06818e-05,0.334511,4.99977,999.653,5.52889
0.00274501,1007.25,-0.000160105,0.334154,4.99977,999.653,5.52889
0.00274521,1007.34,9.06032e-06,0.333791,4.99977,999.653,5.52889
0.00274541,1007.24,0.000150815,0.333426,4.99977,999.653,5.52889
0.0027456,1007.09,5.94849e-05,0.33308,4.99977,999.654,5.52889
0.0027458,1007.13,-0.000120057,0.332722,4.99977,999.654,5.52889
0.00274601,1007.25,-0.000120671,0.33235,4.99977,999.654,5.52889
0.0027462,1007.28,7.23593e-05,0.332002,4.99977,999.654,5.52889
0.00274641,1007.17,0.000134004,0.331629,4.99977,999.655,5.52889
0.0027466,1007.08,-7.55554e-06,0.331284,4.99977,999.655,5.52889
0.00274681,1007.15,-0.000121357,0.330916,4.99977,999.655,5.52889
0.002747,1007.27,-4.48448e-05,0.330561,4.99977,999.655,5.52889
0.00274721,1007.24,7.34958e-05,0.330177,4.99977,999.656,5.52889
0.00274741,1007.12,9.62321e-05,0.329829,4.99977,999.656,5.52889
0.00274761,1007.08,-3.39646e-05,0.329465,4.99977,999.656,5.52889
0.00274781,1007.15,-0.000107364,0.329093,4.99977,999.656,5.52889
0.002748,1007.24,-9.53711e-06,0.328741,4.99977,999.656,5.52889
0.0027482,1007.17,9.8172e-05,0.328384,4.99977,999.657,5.52889
0.0027484,1007.08,5.33659e-05,0.328017,4.99977,999.657,5.52889
0.00274861,1007.08,-5.5761e-05,0.327643,4.99977,999.657,5.52889
0.0027488,1007.18,-7.82362e-05,0.32729,4.99977,999.657,5.52889
0.002749,1007.2,3.09723e-05,0.326926,4.99977,999.658,5.52889
0.00274922,1007.15,8.42538e-05,0.326537,4.99977,999.658,5.52889
0.0027494,1007.06,1.49962e-05,0.326197,4.99977,999.658,5.52889
0.00274961,1007.08,-6.24034e-05,0.325811,4.99977,999.658,5.52889
0.00274981,1007.17,-5.59192e-05,0.325456,4.99977,999.659,5.52889
0.00275,1007.17,5.05438e-05,0.3251,4.99977,999.659,5.52889
0.00275021,1007.1,7.14498e-05,0.324723,4.99977,999.659,5.52889
0.0027504,1007.06,-1.44334e-05,0.324368,4.99977,999.659,5.52889
0.00275061,1007.09,-6.65381e-05,0.323983,4.99977,999.66,5.52889
0.0027508,1007.16,-1.64005e-05,0.323635,4.99977,999.66,5.52889
0.00275101,1007.14,4.93875e-05,0.32325,4.99977,999.66,5.52889
0.0027512,1007.06,4.54825e-05,0.322898,4.99977,999.66,5.52889
0.00275141,1007.05,-2.80175e-05,0.322526,4.99977,999.66,5.52889
0.0027516,1007.11,-5.67784e-05,0.322167,4.99977,999.661,5.52889
0.0027518,1007.13,4.18553e-06,0.321796,4.99977,999.661,5.52889
0.00275201,1007.09,5.4975e-05,0.321424,4.99977,999.661,5.52889
0.00275221,1007.04,2.88163e-05,0.321052,4.99977,999.661,5.52889
0.00275241,1007.04,-3.42029e-05,0.320678,4.99977,999.662,5.52889
0.00275261,1007.09,-4.27491e-05,0.320318,4.99977,999.662,5.52889
0.0027528,1007.1,2.44368e-05,0.319959,4.99977,999.662,5.52889
0.00275301,1007.07,4.81477e-05,0.319568,4.99977,999.662,5.52889
0.0027532,1007.02,-2.86658e-06,0.319226,4.99977,999.663,5.52889
0.0027534,1007.05,-4.36838e-05,0.318852,4.99977,999.663,5.52889
0.00275361,1007.08,-2.38448e-05,0.318475,4.99977,999.663,5.52889
0.0027538,1007.07,3.26556e-05,0.318113,4.99977,999.663,5.52889
0.00275401,1007.03,3.64842e-05,0.317735,4.99977,999.663,5.52889
0.00275421,1007.01,-1.21921e-05,0.31737,4.99977,999.664,5.52889
0.00275441,1007.04,-3.8442e-05,0.31699,4.99977,999.664,5.52889
0.0027546,1007.06,-3.50401e-06,0.316634,4.99977,999.664,5.52889
0.00275482,1007.05,2.66342e-05,0.316233,4.99977,999.664,5.52889
0.002755,1007,1.97031e-05,0.315894,4.99977,999.665,5.52889
0.00275521,1007,-1.80659e-05,0.315509,4.99977,999.665,5.52889
0.00275541,1007.03,-2.95575e-05,0.315149,4.99977,999.665,5.52889
0.0027556,1007.04,8.41245e-06,0.31478,4.99977,999.665,5.52889
0.00275581,1007.02,3.08613e-05,0.314401,4.99977,999.666,5.52889
0.00275601,1006.99,7.98158e-06,0.314037,4.99977,999.666,5.52889
0.00275622,1006.99,-2.02813e-05,0.313644,4.99977,999.666,5.52889
0.0027564,1007.02,-1.78062e-05,0.313299,4.99977,999.666,5.52889
0.00275661,1007.02,1.46134e-05,0.31292,4.99977,999.666,5.52889
0.0027568,1006.98,2.39118e-05,0.312561,4.99977,999.667,5.52889
0.00275701,1006.97,-2.88769e-06,0.312181,4.99977,999.667,5.52889
0.00275721,1006.98,-2.45949e-05,0.311812,4.99977,999.667,5.52889
0.0027574,1007,-6.28157e-06,0.311446,4.99977,999.667,5.52889
0.00275761,1006.99,1.65054e-05,0.311052,4.99977,999.668,5.52889
0.00275781,1006.97,1.86395e-05,0.310687,4.99977,999.668,5.52889
0.002758,1006.96,-1.1607e-05,0.310329,4.99977,999.668,5.52889
0.00275821,1006.97,-2.09413e-05,0.309944,4.99977,999.668,5.52889
0.0027584,1006.98,2.28336e-06,0.309586,4.99977,999.668,5.52889
0.0027586,1006.96,1.99031e-05,0.309216,4.99977,999.669,5.52889
0.00275881,1006.94,8.94031e-06,0.308836,4.99977,999.669,5.52889
0.00275901,1006.94,-1.2962e-05,0.308457,4.99977,999.669,5.52889
0.00275921,1006.96,-1.49287e-05,0.30809,4.99977,999.669,5.52889
0.0027594,1006.96,9.00974e-06,0.307729,4.99977,999.67,5.52889
0.00275961,1006.94,1.7092e-05,0.30734,4.99977,999.67,5.52889
0.0027598,1006.93,6.43339e-07,0.30698,4.99977,999.67,5.52889
0.00276002,1006.93,-1.32712e-05,0.306585,4.99977,999.67,5.52889
0.0027602,1006.94,-6.97796e-06,0.306238,4.99977,999.671,5.52889
0.00276041,1006.94,1.0688e-05,0.305859,4.99977,999.671,5.52889
0.0027606,1006.92,1.2044e-05,0.305493,4.99977,999.671,5.52889
0.0027608,1006.91,-4.97982e-06,0.305119,4.99977,999.671,5.52889
0.002761,1006.92,-1.34569e-05,0.304748,4.99977,999.671,5.52889
0.0027612,1006.92,-6.18175e-07,0.304378,4.99977,999.672,5.52889
0.00276141,1006.92,1.05893e-05,0.303982,4.99977,999.672,5.52889
0.00276161,1006.9,8.25931e-06,0.303621,4.99977,999.672,5.52889
0.0027618,1006.9,-8.65795e-06,0.303262,4.99977,999.672,5.52889
0.00276201,1006.9,-1.05258e-05,0.30288,4.99977,999.673,5.52889
0.00276221,1006.9,2.45384e-06,0.302507,4.99977,999.673,5.52889
0.00276241,1006.89,1.0693e-05,0.302118,4.99977,999.673,5.52889
0.0027626,1006.88,1.87845e-06,0.30177,4.99977,999.673,5.52889
0.00276281,1006.88,-8.37311e-06,0.301382,4.99977,999.673,5.52889
0.002763,1006.89,-6.45071e-06,0.30102,4.99977,999.674,5.52889
0.00276321,1006.88,5.12084e-06,0.300641,4.99977,999.674,5.52889
0.0027634,1006.87,8.61764e-06,0.300279,4.99977,999.674,5.52889
0.0027636,1006.86,-1.87384e-06,0.299907,4.99977,999.674,5.52889
0.00276381,1006.86,-8.38938e-06,0.299517,4.99977,999.675,5.52889
0.00276401,1006.87,-2.82994e-06,0.299155,4.99977,999.675,5.52889
0.00276421,1006.86,6.40416e-06,0.298773,4.99977,999.675,5.52889
0.0027644,1006.85,5.69646e-06,0.298414,4.99977,999.675,5.52889
0.00276461,1006.84,-3.63659e-06,0.298037,4.99977,999.675,5.52889
0.0027648,1006.85,-7.03604e-06,0.297669,4.99977,999.676,5.52889
0.002765,1006.85,5.78854e-07,0.297294,4.99977,999.676,5.52889
0.00276521,1006.84,6.97719e-06,0.296919,4.99977,999.676,5.52889
0.00276541,1006.83,3.59899e-06,0.296541,4.99977,999.676,5.52889
0.00276561,1006.83,-4.33994e-06,0.296163,4.99977,999.677,5.52889
0.00276581,1006.83,-5.1014e-06,0.295801,4.99977,999.677,5.52889
0.00276601,1006.83,2.38637e-06,0.295427,4.99977,999.677,5.52889
0.0027662,1006.82,6.04747e-06,0.295059,4.99977,999.677,5.52889
0.0027664,1006.81,-1.7985e-08,0.294692,4.99977,999.677,5.52889
0.00276661,1006.81,-4.91746e-06,0.2943,4.99977,999.678,5.52889
0.0027668,1006.81,-2.2396e-06,0.293949,4.99977,999.678,5.52889
0.002767,1006.81,4.174e-06,0.293574,4.99977,999.678,5.52889
0.00276721,1006.8,4.63927e-06,0.293193,4.99977,999.678,5.52889
0.0027674,1006.79,-1.53033e-06,0.292825,4.99977,999.679,5.52889
0.00276761,1006.79,-4.73663e-06,0.292445,4.99977,999.679,5.52889
0.0027678,1006.8,-3.08003e-07,0.292085,4.99977,999.679,5.52889
0.00276802,1006.79,3.59268e-06,0.291685,4.99977,999.679,5.52889
0.00276821,1006.78,3.16592e-06,0.291327,4.99977,999.679,5.52889
0.0027684,1006.78,-2.81534e-06,0.290968,4.99977,999.68,5.52889
0.00276861,1006.78,-3.82024e-06,0.290583,4.99977,999.68,5.52889
0.0027688,1006.78,9.71374e-07,0.29022,4.99977,999.68,5.52889
0.00276901,1006.77,3.91522e-06,0.289835,4.99977,999.68,5.52889
0.00276921,1006.76,1.19415e-06,0.289475,4.99977,999.681,5.52889
0.0027694,1006.76,-3.18386e-06,0.289109,4.99977,999.681,5.52889
0.0027696,1006.76,-2.08996e-06,0.288739,4.99977,999.681,5.52889
0.0027698,1006.76,2.01809e-06,0.288361,4.99977,999.681,5.52889
0.00277001,1006.75,3.37847e-06,0.287979,4.99977,999.681,5.52889
0.0027702,1006.74,-5.14066e-07,0.287625,4.99977,999.682,5.52889
0.00277042,1006.74,-2.71791e-06,0.287224,4.99977,999.682,5.52889
0.00277061,1006.74,-1.15883e-06,0.286872,4.99977,999.682,5.52889
0.00277081,1006.74,2.39685e-06,0.286499,4.99977,999.682,5.52889
0.00277101,1006.73,2.58582e-06,0.286119,4.99977,999.683,5.52889
0.0027712,1006.73,-1.30596e-06,0.285766,4.99977,999.683,5.52889
0.00277141,1006.72,-2.57001e-06,0.285374,4.99977,999.683,5.52889
0.0027716,1006.72,2.8207e-07,0.285024,4.99977,999.683,5.52889
0.0027718,1006.72,2.58413e-06,0.284653,4.99977,999.683,5.52889
0.002772,1006.71,1.2924e-06,0.284277,4.99977,999.684,5.52889
0.00277221,1006.71,-1.56069e-06,0.283902,4.99977,999.684,5.52889
0.0027724,1006.71,-1.70435e-06,0.283541,4.99977,999.684,5.52889
0.0027726,1006.7,9.47807e-07,0.283166,4.99977,999.684,5.52889
0.0027728,1006.7,2.2183e-06,0.282802,4.99977,999.684,5.52889
0.002773,1006.69,3.30897e-07,0.282425,4.99977,999.685,5.52889
0.00277321,1006.69,-1.75525e-06,0.282051,4.99977,999.685,5.52889
0.00277341,1006.69,-1.07926e-06,0.28168,4.99977,999.685,5.52889
0.00277361,1006.69,1.19211e-06,0.281303,4.99977,999.685,5.52889
0.0027738,1006.68,1.69433e-06,0.280948,4.99977,999.686,5.52889
0.00277401,1006.68,-2.87948e-07,0.280571,4.99977,999.686,5.52889
0.0027742,1006.67,-1.62363e-06,0.280206,4.99977,999.686,5.52889
0.0027744,1006.67,-2.9846e-07,0.279832,4.99977,999.686,5.52889
0.00277461,1006.67,1.41039e-06,0.27945,4.99977,999.686,5.52889
0.0027748,1006.66,1.15223e-06,0.279094,4.99977,999.687,5.52889
0.00277501,1006.66,-7.18025e-07,0.27872,4.99977,999.687,5.52889
0.0027752,1006.66,-1.2666e-06,0.278355,4.99977,999.687,5.52889
0.0027754,1006.65,4.21905e-07,0.27799,4.99977,999.687,5.52889
0.00277561,1006.65,1.48861e-06,0.277613,4.99977,999.687,5.52889
0.00277581,1006.64,7.24075e-07,0.277237,4.99977,999.688,5.52889
0.00277601,1006.64,-8.52874e-07,0.276865,4.99977,999.688,5.52889
0.00277621,1006.64,-8.62038e-07,0.276505,4.99977,999.688,5.52889
0.00277641,1006.63,5.83848e-07,0.27613,4.99977,999.688,5.52889
0.0027766,1006.63,1.26753e-06,0.27577,4.99977,999.689,5.52889
0.0027768,1006.63,-1.47977e-10,0.275407,4.99977,999.689,5.52889
0.00277701,1006.62,-9.40404e-07,0.275023,4.99977,999.689,5.52889
0.0027772,1006.62,-3.27134e-07,0.274668,4.99977,999.689,5.52889
0.0027774,1006.62,9.63445e-07,0.274301,4.99977,999.689,5.52889
0.00277761,1006.61,9.75482e-07,0.273924,4.99977,999.69,5.52889
0.0027778,1006.61,-2.86617e-07,0.273561,4.99977,999.69,5.52889
0.00277801,1006.6,-8.43866e-07,0.273185,4.99977,999.69,5.52889
0.00277821,1006.6,1.37225e-08,0.272822,4.99977,999.69,5.52889
0.00277842,1006.6,8.31415e-07,0.272432,4.99977,999.69,5.52889
0.00277861,1006.59,6.84812e-07,0.272078,4.99977,999.691,5.52889
0.0027788,1006.59,-5.08251e-07,0.271725,4.99977,999.691,5.52889
0.00277901,1006.59,-6.54904e-07,0.271341,4.99977,999.691,5.52889
0.0027792,1006.58,3.90241e-07,0.270991,4.99977,999.691,5.52889
0.00277941,1006.58,8.68777e-07,0.270602,4.99977,999.692,5.52889
0.00277961,1006.57,2.93985e-07,0.270249,4.99977,999.692,5.52889
0.0027798,1006.57,-5.47852e-07,0.269887,4.99977,999.692,5.52889
0.00278,1006.57,-3.39339e-07,0.269516,4.99977,999.692,5.52889
0.00278021,1006.56,4.66116e-07,0.269142,4.99977,999.692,5.52889
0.00278041,1006.56,7.65323e-07,0.268767,4.99977,999.693,5.52889
0.0027806,1006.56,-4.73693e-08,0.268424,4.99977,999.693,5.52889
0.0027808,1006.55,-5.03541e-07,0.268055,4.99977,999.693,5.52889
0.00278101,1006.55,-9.31427e-08,0.267682,4.99977,999.693,5.52889
0.00278121,1006.55,5.16569e-07,0.2673,4.99977,999.693,5.52889
0.00278141,1006.54,5.51387e-07,0.266947,4.99977,999.694,5.52889
0.00278161,1006.54,-1.46686e-07,0.266584,4.99977,999.694,5.52889
0.00278181,1006.53,-4.0817e-07,0.266208,4.99977,999.694,5.52889
0.002782,1006.53,1.93491e-07,0.265861,4.99977,999.694,5.52889
0.0027822,1006.53,6.03883e-07,0.26549,4.99977,999.694,5.52889
0.0027824,1006.52,3.26765e-07,0.265123,4.99977,999.695,5.52889
0.00278261,1006.52,-2.36481e-07,0.264756,4.99977,999.695,5.52889
0.00278281,1006.52,-2.5266e-07,0.26439,4.99977,999.695,5.52889
0.002783,1006.51,3.32007e-07,0.264035,4.99977,999.695,5.52889
0.00278321,1006.51,5.38432e-07,0.263661,4.99977,999.696,5.52889
0.0027834,1006.51,1.38637e-07,0.263301,4.99977,999.696,5.52889
0.00278362,1006.5,-2.06047e-07,0.262911,4.99977,999.696,5.52889
0.0027838,1006.5,-7.50937e-08,0.262571,4.99977,999.696,5.52889
0.002784,1006.49,4.03702e-07,0.262211,4.99977,999.696,5.52889
0.00278421,1006.49,4.38159e-07,0.261838,4.99977,999.697,5.52889
0.0027844,1006.49,1.33092e-08,0.261478,4.99977,999.697,5.52889
0.0027846,1006.48,-2.16367e-07,0.261118,4.99977,999.697,5.52889
0.0027848,1006.48,8.88536e-08,0.260754,4.99977,999.697,5.52889
0.00278502,1006.48,3.51666e-07,0.260361,4.99977,999.697,5.52889
0.00278521,1006.47,3.41681e-07,0.260012,4.99977,999.698,5.52889
0.00278541,1006.47,-5.07406e-08,0.259654,4.99977,999.698,5.52889
0.00278561,1006.47,-1.48001e-07,0.259291,4.99977,999.698,5.52889
0.0027858,1006.46,1.80714e-07,0.258933,4.99977,999.698,5.52889
0.002786,1006.46,3.90643e-07,0.258575,4.99977,999.698,5.52889
0.0027862,1006.45,1.94265e-07,0.258207,4.99977,999.699,5.52889
0.00278641,1006.45,-8.54402e-08,0.257836,4.99977,999.699,5.52889
0.0027866,1006.45,-3.67229e-08,0.257483,4.99977,999.699,5.52889
0.00278681,1006.44,2.28355e-07,0.257109,4.99977,999.699,5.52889
0.002787,1006.44,3.32274e-07,0.256761,4.99977,999.699,5.52889
0.0027872,1006.44,6.92954e-08,0.256404,4.99977,999.7,5.52889
0.00278741,1006.43,-8.62272e-08,0.256027,4.99977,999.7,5.52889
0.00278761,1006.43,5.63235e-08,0.25567,4.99977,999.7,5.52889
0.0027878,1006.43,2.92745e-07,0.255312,4.99977,999.7,5.52889
0.002788,1006.42,2.56517e-07,0.254951,4.99977,999.7,5.52889
0.00278821,1006.42,3.86901e-08,0.254582,4.99977,999.701,5.52889
0.00278841,1006.42,-4.574e-08,0.254224,4.99977,999.701,5.52889
0.0027886,1006.41,1.54168e-07,0.253869,4.99977,999.701,5.52889
0.00278881,1006.41,2.82505e-07,0.253496,4.99977,999.701,5.52889
0.002789,1006.4,1.79002e-07,0.253145,4.99977,999.702,5.52889
0.0027892,1006.4,-9.52696e-09,0.252789,4.99977,999.702,5.52889
0.0027894,1006.4,1.99952e-08,0.252423,4.99977,999.702,5.52889
0.00278961,1006.39,1.83537e-07,0.252054,4.99977,999.702,5.52889
0.0027898,1006.39,2.49768e-07,0.25171,4.99977,999.702,5.52889
0.00279001,1006.39,1.26772e-07,0.251336,4.99977,999.703,5.52889
0.0027902,1006.38,-4.24584e-10,0.25099,4.99977,999.703,5.52889
0.00279041,1006.38,8.66384e-08,0.250622,4.99977,999.703,5.52889
0.00279062,1006.38,2.04308e-07,0.250244,4.99977,999.703,5.52889
0.0027908,1006.37,2.01515e-07,0.249905,4.99977,999.703,5.52889
0.002791,1006.37,5.58012e-08,0.249553,4.99977,999.704,5.52889
0.00279121,1006.36,3.11396e-08,0.249175,4.99977,999.704,5.52889
0.0027914,1006.36,1.52624e-07,0.248827,4.99977,999.704,5.52889
0.00279162,1006.36,2.13708e-07,0.248447,4.99977,999.704,5.52889
0.00279181,1006.35,1.4887e-07,0.248097,4.99977,999.704,5.52889
0.00279201,1006.35,5.32361e-08,0.24774,4.99977,999.705,5.52889
0.00279221,1006.35,9.73652e-08,0.247389,4.99977,999.705,5.52889
0.00279241,1006.34,1.84238e-07,0.247028,4.99977,999.705,5.52889
0.0027926,1006.34,1.63384e-07,0.246681,4.99977,999.705,5.52889
0.00279281,1006.34,8.73394e-08,0.246313,4.99977,999.705,5.52889
0.002793,1006.33,8.91613e-08,0.245967,4.99977,999.706,5.52889
0.0027932,1006.33,1.60592e-07,0.245608,4.99977,999.706,5.52889
0.0027934,1006.33,1.65894e-07,0.245253,4.99977,999.706,5.52889
0.00279361,1006.32,1.13922e-07,0.24488,4.99977,999.706,5.52889
0.00279381,1006.32,9.34974e-08,0.244529,4.99977,999.706,5.52889
0.00279401,1006.31,1.41384e-07,0.244174,4.99977,999.707,5.52889
0.00279421,1006.31,1.58297e-07,0.243819,4.99977,999.707,5.52889
0.00279441,1006.31,1.2086e-07,0.243463,4.99977,999.707,5.52889
0.00279461,1006.3,1.05572e-07,0.243106,4.99977,999.707,5.52889
0.00279481,1006.3,1.3518e-07,0.24275,4.99977,999.707,5.52889
0.00279501,1006.3,1.49988e-07,0.242394,4.99977,999.708,5.52889
0.00279521,1006.29,1.27477e-07,0.242039,4.99977,999.708,5.52889
0.00279541,1006.29,1.1435e-07,0.241683,4.99977,999.708,5.52889
0.00279561,1006.29,1.3204e-07,0.241328,4.99977,999.708,5.52889
0.00279581,1006.28,1.44278e-07,0.240972,4.99977,999.708,5.52889
0.00279601,1006.28,1.31227e-07,0.240617,4.99977,999.709,5.52889
0.00279621,1006.27,1.20833e-07,0.240262,4.99977,999.709,5.52889
0.00279641,1006.27,1.31067e-07,0.239908,4.99977,999.709,5.52889
0.00279661,1006.27,1.40581e-07,0.239553,4.99977,999.709,5.52889
0.00279681,1006.26,1.33369e-07,0.239199,4.99977,999.709,5.52889
0.00279701,1006.26,1.25581e-07,0.238844,4.99977,999.71,5.52889
0.00279721,1006.26,1.31275e-07,0.23849,4.99977,999.71,5.52889
0.00279741,1006.25,1.38369e-07,0.238136,4.99977,999.71,5.52889
0.00279761,1006.25,1.34661e-07,0.237783,4.99977,999.71,5.52889
0.00279781,1006.25,1.29074e-07,0.237429,4.99977,999.71,5.52889
0.00279801,1006.24,1.32088e-07,0.237076,4.99977,999.711,5.52889
0.00279821,1006.24,1.37216e-07,0.236722,4.99977,999.711,5.52889
0.00279841,1006.24,1.35539e-07,0.236369,4.99977,999.711,5.52889
0.00279861,1006.23,1.31682e-07,0.236016,4.99977,999.711,5.52889
0.00279881,1006.23,1.33175e-07,0.235664,4.99977,999.711,5.52889
0.00279901,1006.22,1.368e-07,0.235311,4.99977,999.712,5.52889
0.00279921,1006.22,1.36249e-07,0.234959,4.99977,999.712,5.52889
0.00279941,1006.22,1.33684e-07,0.234607,4.99977,999.712,5.52889
0.00279961,1006.21,1.34356e-07,0.234255,4.99977,999.712,5.52889
0.00279981,1006.21,1.3688e-07,0.233903,4.99977,999.712,5.52889
0.00280001,1006.21,1.36916e-07,0.233551,4.99977,999.713,5.52889
0.00280021,1006.2,1.35283e-07,0.233199,4.99977,999.713,5.52889
0.00280041,1006.2,1.35545e-07,0.232848,4.99977,999.713,5.52889
0.00280061,1006.2,1.37287e-07,0.232497,4.99977,999.713,5.52889
0.00280081,1006.19,1.37601e-07,0.232146,4.99977,999.713,5.52889
0.00280101,1006.19,1.36618e-07,0.231795,4.99977,999.714,5.52889
0.00280121,1006.19,1.36701e-07,0.231444,4.99977,999.714,5.52889
0.00280141,1006.18,1.37904e-07,0.231094,4.99977,999.714,5.52889
0.00280161,1006.18,1.38324e-07,0.230744,4.99977,999.714,5.52889
0.00280181,1006.18,1.37785e-07,0.230394,4.99977,999.714,5.52889
0.00280201,1006.17,1.37812e-07,0.230044,4.99977,999.715,5.52889
0.00280221,1006.17,1.38653e-07,0.229694,4.99977,999.715,5.52889
0.00280241,1006.16,1.39092e-07,0.229344,4.99977,999.715,5.52889
0.00280261,1006.16,1.38847e-07,0.228995,4.99977,999.715,5.52889
0.00280281,1006.16,1.38877e-07,0.228645,4.99977,999.715,5.52889
0.00280301,1006.15,1.3948e-07,0.228296,4.99977,999.716,5.52889
0.00280321,1006.15,1.39901e-07,0.227948,4.99977,999.716,5.52889
0.00280341,1006.15,1.39846e-07,0.227599,4.99977,999.716,5.52889
0.00280361,1006.14,1.39903e-07,0.22725,4.99977,999.716,5.52889
0.00280381,1006.14,1.40355e-07,0.226902,4.99977,999.716,5.52889
0.00280401,1006.14,1.40741e-07,0.226554,4.99977,999.716,5.52889
0.00280421,1006.13,1.40804e-07,0.226206,4.99977,999.717,5.52889
0.00280441,1006.13,1.40898e-07,0.225858,4.99977,999.717,5.52889
0.00280461,1006.13,1.41256e-07,0.22551,4.99977,999.717,5.52889
0.00280481,1006.12,1.41604e-07,0.225163,4.99977,999.717,5.52889
0.00280501,1006.12,1.41741e-07,0.224815,4.99977,999.717,5.52889
0.00280521,1006.11,1.41869e-07,0.224468,4.99977,999.718,5.52889
0.00280541,1006.11,1.42168e-07,0.224121,4.99977,999.718,5.52889
0.00280561,1006.11,1.42485e-07,0.223774,4.99977,999.718,5.52889
0.00280581,1006.1,1.42664e-07,0.223428,4.99977,999.718,5.52889
0.00280601,1006.1,1.4282e-07,0.223081,4.99977,999.718,5.52889
0.00280621,1006.1,1.43085e-07,0.222735,4.99977,999.719,5.52889
0.00280641,1006.09,1.43376e-07,0.222389,4.99977,999.719,5.52889
0.00280661,1006.09,1.43579e-07,0.222043,4.99977,999.719,5.52889
0.00280681,1006.09,1.43757e-07,0.221698,4.99977,999.719,5.52889
0.00280701,1006.08,1.44001e-07,0.221352,4.99977,999.719,5.52889
0.00280721,1006.08,1.44272e-07,0.221007,4.99977,999.72,5.52889
0.00280741,1006.08,1.44491e-07,0.220662,4.99977,999.72,5.52889
0.00280761,1006.07,1.44685e-07,0.220317,4.99977,999.72,5.52889
0.00280781,1006.07,1.44914e-07,0.219972,4.99977,999.72,5.52889
0.00280801,1006.07,1.45171e-07,0.219627,4.99977,999.72,5.52889
0.00280821,1006.06,1.45398e-07,0.219283,4.99977,999.721,5.52889
0.00280841,1006.06,1.45602e-07,0.218938,4.99977,999.721,5.52889
0.00280861,1006.06,1.45827e-07,0.218594,4.99977,999.721,5.52889
0.00280881,1006.05,1.46071e-07,0.21825,4.99977,999.721,5.52889
0.00280901,1006.05,1.463e-07,0.217907,4.99977,999.721,5.52889
0.00280921,1006.04,1.46513e-07,0.217563,4.99977,999.722,5.52889
0.00280941,1006.04,1.46732e-07,0.21722,4.99977,999.722,5.52889
0.00280961,1006.04,1.4697e-07,0.216877,4.99977,999.722,5.52889
0.00280981,1006.03,1.47201e-07,0.216534,4.99977,999.722,5.52889
0.00281001,1006.03,1.47416e-07,0.216191,4.99977,999.722,5.52889
0.00281021,1006.03,1.47636e-07,0.215848,4.99977,999.722,5.52889
0.00281041,1006.02,1.47866e-07,0.215506,4.99977,999.723,5.52889
0.00281061,1006.02,1.48094e-07,0.215163,4.99977,999.723,5.52889
0.00281081,1006.02,1.48313e-07,0.214821,4.99977,999.723,5.52889
0.00281101,1006.01,1.48534e-07,0.214479,4.99977,999.723,5.52889
0.00281121,1006.01,1.48759e-07,0.214138,4.99977,999.723,5.52889
0.00281141,1006.01,1.48985e-07,0.213796,4.99977,999.724,5.52889
0.00281161,1006,1.49205e-07,0.213455,4.99977,999.724,5.52889
0.00281181,1006,1.49425e-07,0.213114,4.99977,999.724,5.52889
0.00281201,1006,1.49647e-07,0.212773,4.99977,999.724,5.52889
0.00281221,1005.99,1.49872e-07,0.212432,4.99977,999.724,5.52889
0.00281241,1005.99,1.50092e-07,0.212091,4.99977,999.725,5.52889
0.00281261,1005.98,1.50309e-07,0.211751,4.99977,999.725,5.52889
0.00281281,1005.98,1.50531e-07,0.21141,4.99977,999.725,5.52889
0.00281301,1005.98,1.50753e-07,0.21107,4.99977,999.725,5.52889
0.00281321,1005.97,1.50972e-07,0.21073,4.99977,999.725,5.52889
0.00281341,1005.97,1.51189e-07,0.210391,4.99977,999.725,5.52889
0.00281361,1005.97,1.51409e-07,0.210051,4.99977,999.726,5.52889
0.00281381,1005.96,1.5163e-07,0.209712,4.99977,999.726,5.52889
0.00281401,1005.96,1.51847e-07,0.209373,4.99977,999.726,5.52889
0.00281421,1005.96,1.52063e-07,0.209034,4.99977,999.726,5.52889
0.00281441,1005.95,1.5228e-07,0.208695,4.99977,999.726,5.52889
0.00281461,1005.95,1.52498e-07,0.208356,4.99977,999.727,5.52889
0.00281481,1005.95,1.52717e-07,0.208018,4.99977,999.727,5.52889
0.00281501,1005.94,1.52933e-07,0.20768,4.99977,999.727,5.52889
0.00281521,1005.94,1.53146e-07,0.207342,4.99977,999.727,5.52889
0.00281541,1005.94,1.53362e-07,0.207004,4.99977,999.727,5.52889
0.00281561,1005.93,1.5358e-07,0.206666,4.99977,999.728,5.52889
0.00281581,1005.93,1.53794e-07,0.206328,4.99977,999.728,5.52889
0.00281601,1005.93,1.54005e-07,0.205991,4.99977,999.728,5.52889
0.00281621,1005.92,1.5422e-07,0.205654,4.99977,999.728,5.52889
0.00281641,1005.92,1.54436e-07,0.205317,4.99977,999.728,5.52889
0.00281661,1005.92,1.54649e-07,0.20498,4.99977,999.728,5.52889
0.00281681,1005.91,1.54859e-07,0.204644,4.99977,999.729,5.52889
0.00281701,1005.91,1.55072e-07,0.204307,4.99977,999.729,5.52889
0.00281721,1005.9,1.55285e-07,0.203971,4.99977,999.729,5.52889
0.00281741,1005.9,1.55495e-07,0.203635,4.99977,999.729,5.52889
0.00281761,1005.9,1.55706e-07,0.203299,4.99977,999.729,5.52889
0.00281781,1005.89,1.55916e-07,0.202963,4.99977,999.73,5.52889
0.00281801,1005.89,1.56127e-07,0.202628,4.99977,999.73,5.52889
0.00281821,1005.89,1.56336e-07,0.202293,4.99977,999.73,5.52889
0.00281841,1005.88,1.56545e-07,0.201958,4.99977,999.73,5.52889
0.00281861,1005.88,1.56754e-07,0.201623,4.99977,999.73,5.52889
0.00281881,1005.88,1.56962e-07,0.201288,4.99977,999.731,5.52889
0.00281901,1005.87,1.57169e-07,0.200953,4.99977,999.731,5.52889
0.00281921,1005.87,1.57377e-07,0.200619,4.99977,999.731,5.52889
0.00281941,1005.87,1.57583e-07,0.200285,4.99977,999.731,5.52889
0.00281961,1005.86,1.57789e-07,0.199951,4.99977,999.731,5.52889
0.00281981,1005.86,1.57996e-07,0.199617,4.99977,999.731,5.52889
0.00282001,1005.86,1.582e-07,0.199283,4.99977,999.732,5.52889
0.00282021,1005.85,1.58405e-07,0.19895,4.99977,999.732,5.52889
0.00282041,1005.85,1.5861e-07,0.198617,4.99977,999.732,5.52889
0.00282061,1005.85,1.58814e-07,0.198284,4.99977,999.732,5.52889
0.00282081,1005.84,1.59017e-07,0.197951,4.99977,999.732,5.52889
0.00282101,1005.84,1.59218e-07,0.197618,4.99977,999.733,5.52889
0.00282121,1005.84,1.59421e-07,0.197285,4.99977,999.733,5.52889
0.00282141,1005.83,1.59624e-07,0.196953,4.99977,999.733,5.52889
0.00282161,1005.83,1.59825e-07,0.196621,4.99977,999.733,5.52889
0.00282181,1005.83,1.60025e-07,0.196289,4.99977,999.733,5.52889
0.00282201,1005.82,1.60224e-07,0.195957,4.99977,999.733,5.52889
0.00282221,1005.82,1.60426e-07,0.195626,4.99977,999.734,5.52889
0.00282241,1005.81,1.60625e-07,0.195294,4.99977,999.734,5.52889
0.00282261,1005.81,1.60822e-07,0.194963,4.99977,999.734,5.52889
0.00282281,1005.81,1.61019e-07,0.194632,4.99977,999.734,5.52889
0.00282301,1005.8,1.61219e-07,0.194301,4.99977,999.734,5.52889
0.00282321,1005.8,1.61415e-07,0.193971,4.99977,999.735,5.52889
0.00282341,1005.8,1.6161e-07,0.19364,4.99977,999.735,5.52889
0.00282361,1005.79,1.61807e-07,0.19331,4.99977,999.735,5.52889
0.00282381,1005.79,1.62003e-07,0.19298,4.99977,999.735,5.52889
0.00282401,1005.79,1.62196e-07,0.19265,4.99977,999.735,5.52889
0.00282421,1005.78,1.62391e-07,0.19232,4.99977,999.735,5.52889
0.00282441,1005.78,1.62584e-07,0.191991,4.99977,999.736,5.52889
0.00282461,1005.78,1.62776e-07,0.191661,4.99977,999.736,5.52889
0.00282481,1005.77,1.6297e-07,0.191332,4.99977,999.736,5.52889
0.00282501,1005.77,1.63161e-07,0.191003,4.99977,999.736,5.52889
0.00282521,1005.77,1.63352e-07,0.190674,4.99977,999.736,5.52889
0.00282541,1005.76,1.63543e-07,0.190346,4.99977,999.737,5.52889
0.00282561,1005.76,1.63734e-07,0.190017,4.99977,999.737,5.52889
0.00282581,1005.76,1.63921e-07,0.189689,4.99977,999.737,5.52889
0.00282601,1005.75,1.64111e-07,0.189361,4.99977,999.737,5.52889
0.00282621,1005.75,1.643e-07,0.189033,4.99977,999.737,5.52889
0.00282641,1005.75,1.64487e-07,0.188705,4.99977,999.737,5.52889
0.00282661,1005.74,1.64673e-07,0.188378,4.99977,999.738,5.52889
0.00282681,1005.74,1.6486e-07,0.188051,4.99977,999.738,5.52889
0.00282701,1005.74,1.65045e-07,0.187723,4.99977,999.738,5.52889
0.00282721,1005.73,1.65231e-07,0.187397,4.99977,999.738,5.52889
0.00282741,1005.73,1.65416e-07,0.18707,4.99977,999.738,5.52889
0.00282761,1005.73,1.65599e-07,0.186743,4.99977,999.739,5.52889
0.00282781,1005.72,1.65782e-07,0.186417,4.99977,999.739,5.52889
0.00282801,1005.72,1.65965e-07,0.186091,4.99977,999.739,5.52889
0.00282821,1005.71,1.66147e-07,0.185765,4.99977,999.739,5.52889
0.00282841,1005.71,1.66326e-07,0.185439,4.99977,999.739,5.52889
0.00282861,1005.71,1.66508e-07,0.185113,4.99977,999.739,5.52889
0.00282881,1005.7,1.66691e-07,0.184788,4.99977,999.74,5.52889
0.00282901,1005.7,1.66868e-07,0.184463,4.99977,999.74,5.52889
0.00282921,1005.7,1.67044e-07,0.184137,4.99977,999.74,5.52889
0.00282941,1005.69,1.67223e-07,0.183813,4.99977,999.74,5.52889
0.00282961,1005.69,1.67403e-07,0.183488,4.99977,999.74,5.52889
0.00282981,1005.69,1.67577e-07,0.183163,4.99977,999.74,5.52889
0.00283001,1005.68,1.67752e-07,0.182839,4.99977,999.741,5.52889
0.00283021,1005.68,1.67929e-07,0.182515,4.99977,999.741,5.52889
0.00283041,1005.68,1.68105e-07,0.182191,4.99977,999.741,5.52889
0.00283061,1005.67,1.68276e-07,0.181867,4.99977,999.741,5.52889
0.00283081,1005.67,1.68448e-07,0.181544,4.99977,999.741,5.52889
0.00283101,1005.67,1.68624e-07,0.18122,4.99977,999.742,5.52889
0.00283121,1005.66,1.68795e-07,0.180897,4.99977,999.742,5.52889
0.00283141,1005.66,1.68965e-07,0.180574,4.99977,999.742,5.52889
0.00283161,1005.66,1.69135e-07,0.180251,4.99977,999.742,5.52889
0.00283181,1005.65,1.69305e-07,0.179929,4.99977,999.742,5.52889
0.00283201,1005.65,1.69474e-07,0.179606,4.99977,999.742,5.52889
0.00283221,1005.65,1.69643e-07,0.179284,4.99977,999.743,5.52889
0.00283241,1005.64,1.69814e-07,0.178957,4.99977,999.743,5.52889
0.00283261,1005.64,1.69979e-07,0.178635,4.99977,999.743,5.52889
0.00283281,1005.64,1.70144e-07,0.178313,4.99977,999.743,5.52889
0.00283301,1005.63,1.70309e-07,0.177992,4.99977,999.743,5.52889
0.00283321,1005.63,1.70475e-07,0.17767,4.99977,999.744,5.52889
0.00283341,1005.63,1.70639e-07,0.177349,4.99977,999.744,5.52889
0.00283361,1005.62,1.70801e-07,0.177028,4.99977,999.744,5.52889
0.00283381,1005.62,1.70963e-07,0.176708,4.99977,999.744,5.52889
0.00283401,1005.62,1.71125e-07,0.176387,4.99977,999.744,5.52889
0.00283421,1005.61,1.71286e-07,0.176067,4.99977,999.744,5.52889
0.00283441,1005.61,1.71446e-07,0.175746,4.99977,999.745,5.52889
0.00283461,1005.61,1.71605e-07,0.175426,4.99977,999.745,5.52889
0.0028348,1005.6,1.71754e-07,0.175121,4.99977,999.745,5.52889
0.00283502,1.35311,0.665579,0.15384,4.99977,999.727,5.52889
0.00283522,1.69774,0.835059,0.151182,4.99977,999.705,5.52889
0.00283542,2.04201,1.00437,0.149453,4.99977,999.677,5.52889
0.00283562,2.38615,1.17362,0.147789,4.99977,999.644,5.52889
0.00283582,2.73016,1.34281,0.146146,4.99977,999.607,5.52889
0.00283602,3.07404,1.51193,0.144521,4.99977,999.564,5.52889
0.0028362,1249.63,0.490316,0.168439,4.99977,999.549,5.52889
0.0028364,775.708,0.0646645,0.212454,4.99977,999.553,5.52889
0.0028366,903.078,-0.257458,0.217564,4.99977,999.552,5.52889
0.0028368,1157.51,-0.211124,0.21429,4.99977,999.551,5.52889
0.002837,1202.74,0.13321,0.212518,4.99977,999.551,5.52889
0.0028372,985.829,0.273626,0.218725,4.99977,999.552,5.52889
0.00283741,795.522,0.0663633,0.227665,4.99977,999.554,5.52889
0.0028376,910.32,-0.239228,0.230646,4.99977,999.554,5.52889
0.0028378,1166.09,-0.17439,0.226799,4.99977,999.552,5.52889
0.002838,1192.03,0.119221,0.225869,4.99977,999.552,5.52889
0.0028382,957.807,0.248884,0.232319,4.99977,999.554,5.52889
0.0028384,804.966,0.0271858,0.2404,4.99977,999.556,5.52889
0.0028386,919.727,-0.224393,0.242752,4.99977,999.555,5.52889
0.0028388,1151.99,-0.166811,0.239364,4.99977,999.554,5.52889
0.00283901,1180.02,0.109378,0.238391,4.99977,999.554,5.52889
0.0028392,958.808,0.2308,0.244463,4.99977,999.556,5.52889
0.0028394,818.904,0.0207974,0.251982,4.99977,999.557,5.52889
0.0028396,942.099,-0.21712,0.253822,4.99977,999.556,5.52889
0.0028398,1153.64,-0.137032,0.250519,4.99977,999.555,5.52889
0.00284001,1168.5,0.099239,0.250139,4.99977,999.555,5.52889
0.0028402,947.862,0.208522,0.256128,4.99977,999.557,5.52889
0.0028404,832.205,-0.00769469,0.263001,4.99977,999.558,5.52889
0.0028406,963.726,-0.20771,0.264147,4.99977,999.558,5.52889
0.0028408,1143.8,-0.125166,0.261421,4.99977,999.557,5.52889
0.00284101,1154.37,0.0973423,0.261119,4.99977,999.557,5.52889
0.0028412,941.655,0.187548,0.266965,4.99977,999.559,5.52889
0.0028414,845.744,-0.0111017,0.273105,4.99977,999.56,5.52889
0.00284161,949.313,-0.184449,0.27453,4.99977,999.559,5.52889
0.0028418,1147.47,-0.0868152,0.270996,4.99977,999.558,5.52889
0.00284201,1131.19,0.113894,0.271387,4.99977,999.559,5.52889
0.00284221,948.009,0.173923,0.276795,4.99977,999.56,5.52889
0.0028424,860.978,-0.0377974,0.282672,4.99977,999.561,5.52889
0.0028426,992.222,-0.182159,0.283014,4.99977,999.561,5.52889
0.00284281,1135.64,-0.0831108,0.280675,4.99977,999.56,5.52889
0.00284301,1117.56,0.112132,0.281003,4.99977,999.56,5.52889
0.0028432,930.865,0.146404,0.286574,4.99977,999.562,5.52889
0.0028434,872.426,-0.0361356,0.291459,4.99977,999.563,5.52889
0.00284361,988.065,-0.167345,0.291913,4.99977,999.562,5.52889
0.00284381,1126.91,-0.0742977,0.289593,4.99977,999.561,5.52889
0.002844,1084.9,0.132416,0.290143,4.99977,999.562,5.52889
0.0028442,935.532,0.134194,0.29516,4.99977,999.563,5.52889
0.0028444,888.731,-0.0579366,0.299711,4.99977,999.564,5.52889
0.0028446,1013.83,-0.156028,0.299497,4.99977,999.563,5.52889
0.0028448,1125.93,-0.0426827,0.297465,4.99977,999.563,5.52889
0.002845,1077.24,0.123866,0.298501,4.99977,999.564,5.52889
0.00284521,940.994,0.123801,0.303132,4.99977,999.565,5.52889
0.0028454,898.803,-0.0563862,0.307345,4.99977,999.565,5.52889
0.0028456,1014.64,-0.143977,0.307128,4.99977,999.565,5.52889
0.0028458,1120.66,-0.0160891,0.304933,4.99977,999.564,5.52889
0.00284601,1069.09,0.116804,0.306296,4.99977,999.565,5.52889
0.0028462,924.209,0.0905089,0.311202,4.99977,999.566,5.52889
0.00284641,907.742,-0.0537005,0.314453,4.99977,999.567,5.52889
0.0028466,1029.46,-0.130387,0.313854,4.99977,999.566,5.52889
0.0028468,1112.17,-0.0132795,0.312223,4.99977,999.566,5.52889
0.00284701,1063.96,0.108187,0.313519,4.99977,999.567,5.52889
0.0028472,930.586,0.0834564,0.318054,4.99977,999.568,5.52889
0.00284741,915.449,-0.0495546,0.321062,4.99977,999.568,5.52889
0.00284761,1027.7,-0.120388,0.32052,4.99977,999.568,5.52889
0.00284781,1104.16,-0.0123548,0.319021,4.99977,999.568,5.52889
0.002848,1039.17,0.112489,0.3205,4.99977,999.568,5.52889
0.00284821,936.63,0.0771566,0.324414,4.99977,999.569,5.52889
0.0028484,934.939,-0.0716985,0.327114,4.99977,999.57,5.52889
0.0028486,1043.48,-0.104459,0.326204,4.99977,999.569,5.52889
0.0028488,1097.18,0.00458904,0.325128,4.99977,999.569,5.52889
0.00284901,1039.39,0.102605,0.326659,4.99977,999.57,5.52889
0.00284921,941.405,0.0701983,0.330338,4.99977,999.571,5.52889
0.0028494,940.77,-0.0665082,0.33281,4.99977,999.571,5.52889
0.0028496,1040.77,-0.0964047,0.331975,4.99977,999.571,5.52889
0.00284981,1090.32,0.00415841,0.330987,4.99977,999.571,5.52889
0.00285,1018.12,0.100725,0.332715,4.99977,999.571,5.52889
0.0028502,936.011,0.0452513,0.33618,4.99977,999.572,5.52889
0.00285041,945.89,-0.0612931,0.338086,4.99977,999.573,5.52889
0.00285061,1038.23,-0.0889894,0.337317,4.99977,999.572,5.52889
0.0028508,1082.59,0.0186902,0.33626,4.99977,999.572,5.52889
0.002851,1017.47,0.0929444,0.338,4.99977,999.573,5.52889
0.00285121,941.579,0.0418174,0.3412,4.99977,999.574,5.52889
0.00285141,950.615,-0.0564743,0.342961,4.99977,999.574,5.52889
0.0028516,1047.83,-0.0741132,0.341868,4.99977,999.574,5.52889
0.00285181,1076.86,0.0171469,0.341276,4.99977,999.574,5.52889
0.002852,1004.89,0.0864881,0.343108,4.99977,999.574,5.52889
0.0028522,941.677,0.0225291,0.346067,4.99977,999.575,5.52889
0.0028524,970.272,-0.0697027,0.347233,4.99977,999.575,5.52889
0.00285261,1044.71,-0.0684375,0.346448,4.99977,999.575,5.52889
0.0028528,1068.15,0.0302884,0.3458,4.99977,999.575,5.52889
0.002853,1005.22,0.0798246,0.347585,4.99977,999.576,5.52889
0.0028532,946.799,0.0208329,0.350314,4.99977,999.577,5.52889
0.0028534,973.102,-0.0642637,0.351389,4.99977,999.577,5.52889
0.00285361,1041.83,-0.0631985,0.350661,4.99977,999.577,5.52889
0.0028538,1063.56,0.0278022,0.350059,4.99977,999.577,5.52889
0.00285401,1005.53,0.0736726,0.351699,4.99977,999.577,5.52889
0.0028542,949.753,0.00777154,0.354343,4.99977,999.578,5.52889
0.00285441,975.713,-0.0592409,0.355204,4.99977,999.578,5.52889
0.0028546,1049.84,-0.046885,0.354138,4.99977,999.578,5.52889
0.00285481,1059.32,0.0255069,0.353965,4.99977,999.578,5.52889
0.002855,996.066,0.0665034,0.355678,4.99977,999.579,5.52889
0.0028552,954.248,0.00721852,0.357907,4.99977,999.579,5.52889
0.0028554,989.58,-0.0619451,0.358478,4.99977,999.579,5.52889
0.0028556,1046.54,-0.043365,0.357707,4.99977,999.579,5.52889
0.0028558,1049.46,0.0371485,0.357505,4.99977,999.58,5.52889
0.00285601,997.063,0.0613933,0.35911,4.99977,999.58,5.52889
0.0028562,958.144,-0.0029038,0.361241,4.99977,999.581,5.52889
0.0028564,990.92,-0.057129,0.361682,4.99977,999.581,5.52889
0.00285661,1043.49,-0.0401158,0.360964,4.99977,999.581,5.52889
0.0028568,1046.37,0.0340833,0.360766,4.99977,999.581,5.52889
0.002857,990.439,0.0538463,0.362415,4.99977,999.582,5.52889
0.0028572,961.986,-0.00263106,0.364197,4.99977,999.582,5.52889
0.00285741,992.143,-0.0526768,0.364597,4.99977,999.582,5.52889
0.0028576,1046.74,-0.0265548,0.363659,4.99977,999.582,5.52889
0.00285781,1043.52,0.0312263,0.36373,4.99977,999.583,5.52889
0.002858,991.867,0.0497269,0.36524,4.99977,999.583,5.52889
0.00285821,965.532,-0.00236283,0.366876,4.99977,999.584,5.52889
0.0028584,1002.98,-0.0515102,0.367023,4.99977,999.584,5.52889
0.0028586,1043.62,-0.0247742,0.366365,4.99977,999.584,5.52889
0.00285881,1040.91,0.0285642,0.366414,4.99977,999.584,5.52889
0.00285901,993.191,0.0459266,0.367794,4.99977,999.585,5.52889
0.0028592,969.551,-0.00977739,0.369337,4.99977,999.585,5.52889
0.0028594,1003.24,-0.0475106,0.369421,4.99977,999.585,5.52889
0.00285961,1040.73,-0.0231311,0.368805,4.99977,999.585,5.52889
0.0028598,1030.46,0.036767,0.368878,4.99977,999.585,5.52889
0.00286,988.006,0.0383862,0.370257,4.99977,999.586,5.52889
0.00286021,972.502,-0.00894099,0.371504,4.99977,999.586,5.52889
0.0028604,1008.8,-0.0441486,0.371443,4.99977,999.587,5.52889
0.0028606,1041.42,-0.0117106,0.3708,4.99977,999.587,5.52889
0.0028608,1027.41,0.0351285,0.371056,4.99977,999.587,5.52889
0.00286101,989.379,0.0352817,0.372305,4.99977,999.588,5.52889
0.0028612,976.594,-0.0142525,0.373455,4.99977,999.588,5.52889
0.0028614,1008.42,-0.0407397,0.373376,4.99977,999.588,5.52889
0.0028616,1038.8,-0.0109178,0.372763,4.99977,999.588,5.52889
0.00286181,1027.09,0.0313109,0.372969,4.99977,999.588,5.52889
0.00286201,990.286,0.0321327,0.374134,4.99977,999.589,5.52889
0.00286221,979.065,-0.0133366,0.375166,4.99977,999.589,5.52889
0.00286241,1009.41,-0.0375563,0.375052,4.99977,999.589,5.52889
0.0028626,1037.24,-0.00520556,0.374422,4.99977,999.589,5.52889
0.00286281,1024.42,0.0299823,0.374685,4.99977,999.59,5.52889
0.002863,986.881,0.0246333,0.375875,4.99977,999.59,5.52889
0.00286321,981.668,-0.0135319,0.37667,4.99977,999.591,5.52889
0.0028634,1013.93,-0.0338699,0.376426,4.99977,999.591,5.52889
0.0028636,1035.07,-0.00384895,0.375937,4.99977,999.591,5.52889
0.0028638,1017.71,0.0312854,0.37625,4.99977,999.591,5.52889
0.002864,987.823,0.0218171,0.37728,4.99977,999.592,5.52889
0.0028642,986.07,-0.0180637,0.377966,4.99977,999.592,5.52889
0.0028644,1013.65,-0.0312011,0.377727,4.99977,999.592,5.52889
0.00286461,1032.96,-0.00357152,0.377264,4.99977,999.592,5.52889
0.00286481,1017.39,0.0286431,0.377529,4.99977,999.593,5.52889
0.00286501,989.446,0.0202391,0.378466,4.99977,999.593,5.52889
0.0028652,988.534,-0.0180681,0.379078,4.99977,999.593,5.52889
0.0028654,1016.47,-0.0275407,0.378755,4.99977,999.593,5.52889
0.0028656,1031.17,0.000584545,0.378354,4.99977,999.594,5.52889
0.00286581,1016.08,0.0267187,0.378636,4.99977,999.594,5.52889
0.00286601,990.832,0.0186283,0.379475,4.99977,999.595,5.52889
0.00286621,989.97,-0.0165816,0.38002,4.99977,999.595,5.52889
0.0028664,1016.46,-0.0250844,0.379684,4.99977,999.595,5.52889
0.00286661,1029.35,0.00106974,0.379309,4.99977,999.595,5.52889
0.0028668,1010.5,0.0262248,0.379644,4.99977,999.595,5.52889
0.002867,989.347,0.0121852,0.380415,4.99977,999.596,5.52889
0.00286721,991.291,-0.0152066,0.380796,4.99977,999.596,5.52889
0.00286741,1015.78,-0.0231537,0.380466,4.99977,999.596,5.52889
0.0028676,1027.33,0.00483386,0.380066,4.99977,999.596,5.52889
0.0028678,1010.36,0.0241879,0.380388,4.99977,999.597,5.52889
0.00286801,990.793,0.0112946,0.38108,4.99977,999.597,5.52889
0.00286821,992.51,-0.0139376,0.381412,4.99977,999.598,5.52889
0.0028684,1018.24,-0.0192941,0.380994,4.99977,999.598,5.52889
0.00286861,1025.83,0.00439188,0.3807,4.99977,999.598,5.52889
0.00286881,1010.27,0.0223005,0.380974,4.99977,999.598,5.52889
0.002869,990.718,0.00620739,0.381663,4.99977,999.599,5.52889
0.0028692,997.416,-0.0175524,0.381836,4.99977,999.599,5.52889
0.0028694,1017.37,-0.0178514,0.381476,4.99977,999.599,5.52889
0.0028696,1023.6,0.00766032,0.381161,4.99977,999.599,5.52889
0.0028698,1007.26,0.0207692,0.381471,4.99977,999.6,5.52889
0.00287,992.064,0.00585297,0.382026,4.99977,999.6,5.52889
0.00287021,998.029,-0.0160207,0.382169,4.99977,999.6,5.52889
0.00287041,1016.49,-0.0165845,0.381816,4.99977,999.6,5.52889
0.00287061,1022.5,0.00665263,0.381502,4.99977,999.601,5.52889
0.00287081,1007.69,0.0191674,0.381757,4.99977,999.601,5.52889
0.002871,992.901,0.00344587,0.382282,4.99977,999.601,5.52889
0.0028712,1000.61,-0.0162572,0.382337,4.99977,999.602,5.52889
0.00287141,1016.64,-0.0145619,0.381991,4.99977,999.602,5.52889
0.00287161,1021.36,0.0060422,0.381706,4.99977,999.602,5.52889
0.0028718,1005.34,0.0174044,0.381973,4.99977,999.602,5.52889
0.002872,993.883,0.0014263,0.382401,4.99977,999.603,5.52889
0.0028722,1002.46,-0.0157538,0.382387,4.99977,999.603,5.52889
0.00287241,1017.28,-0.0119657,0.382022,4.99977,999.603,5.52889
0.0028726,1019.4,0.00802785,0.381778,4.99977,999.603,5.52889
0.0028728,1004.66,0.0157976,0.382027,4.99977,999.604,5.52889
0.002873,994.931,-0.000231324,0.382393,4.99977,999.604,5.52889
0.00287321,1002.21,-0.014129,0.382352,4.99977,999.604,5.52889
0.0028734,1017.69,-0.00936371,0.381939,4.99977,999.604,5.52889
0.00287361,1018.03,0.00830239,0.381734,4.99977,999.605,5.52889
0.0028738,1003.91,0.0141929,0.381966,4.99977,999.605,5.52889
0.002874,995.962,-0.000872121,0.38226,4.99977,999.605,5.52889
0.0028742,1005.42,-0.0141986,0.382143,4.99977,999.606,5.52889
0.00287441,1016.91,-0.00859746,0.381788,4.99977,999.606,5.52889
0.00287461,1017.29,0.00746215,0.381575,4.99977,999.606,5.52889
0.0028748,1002.75,0.0122976,0.381807,4.99977,999.606,5.52889
0.002875,997.027,-0.00222764,0.382025,4.99977,999.607,5.52889
0.00287521,1004.59,-0.0127312,0.381899,4.99977,999.607,5.52889
0.0028754,1017.1,-0.00607825,0.381492,4.99977,999.607,5.52889
0.00287561,1015.8,0.00812166,0.381314,4.99977,999.607,5.52889
0.0028758,1002.43,0.0108118,0.38152,4.99977,999.608,5.52889
0.002876,997.988,-0.00272391,0.381679,4.99977,999.608,5.52889
0.0028762,1007.18,-0.0122416,0.381489,4.99977,999.608,5.52889
0.00287641,1016.45,-0.00530709,0.38113,4.99977,999.609,5.52889
0.00287661,1014.6,0.00823035,0.380952,4.99977,999.609,5.52889
0.0028768,1002.43,0.00960848,0.381125,4.99977,999.609,5.52889
0.002877,998.855,-0.0029624,0.381235,4.99977,999.609,5.52889
0.0028772,1007.57,-0.0112734,0.381025,4.99977,999.61,5.52889
0.0028774,1016.38,-0.00270836,0.380645,4.99977,999.61,5.52889
0.00287761,1013.97,0.00764333,0.380488,4.99977,999.61,5.52889
0.00287781,1002.83,0.00881003,0.380622,4.99977,999.611,5.52889
0.00287801,999.542,-0.00261034,0.380696,4.99977,999.611,5.52889
0.00287821,1007.59,-0.0103606,0.380479,4.99977,999.611,5.52889
0.0028784,1015.66,-0.00252857,0.380104,4.99977,999.611,5.52889
0.0028786,1011.92,0.00855105,0.379958,4.99977,999.612,5.52889
0.00287881,1003.32,0.0081813,0.380027,4.99977,999.612,5.52889
0.00287901,1000.58,-0.00379876,0.380082,4.99977,999.612,5.52889
0.00287921,1008.52,-0.00946868,0.379828,4.99977,999.612,5.52889
0.0028794,1015.13,-0.00155741,0.379469,4.99977,999.613,5.52889
0.0028796,1010.41,0.00857518,0.37934,4.99977,999.613,5.52889
0.00287981,1003.17,0.00706369,0.379371,4.99977,999.613,5.52889
0.00288001,1001.43,-0.00422299,0.379381,4.99977,999.613,5.52889
0.00288021,1008.74,-0.00864704,0.379112,4.99977,999.614,5.52889
0.00288041,1014.57,-0.00091638,0.378757,4.99977,999.614,5.52889
0.00288061,1010.3,0.00780337,0.378614,4.99977,999.614,5.52889
0.0028808,1002.28,0.00484827,0.37867,4.99977,999.614,5.52889
0.00288101,1001.84,-0.00364269,0.378598,4.99977,999.615,5.52889
0.0028812,1009.89,-0.00754789,0.378301,4.99977,999.615,5.52889
0.0028814,1014.03,8.96504e-05,0.377967,4.99977,999.615,5.52889
0.0028816,1008.81,0.00763113,0.377846,4.99977,999.615,5.52889
0.00288181,1002.79,0.00457253,0.377836,4.99977,999.616,5.52889
0.002882,1003.21,-0.00500324,0.377751,4.99977,999.616,5.52889
0.00288221,1009.57,-0.00697889,0.377448,4.99977,999.616,5.52889
0.00288241,1013.47,0.000523408,0.37711,4.99977,999.617,5.52889
0.0028826,1008.68,0.0069958,0.376975,4.99977,999.617,5.52889
0.0028828,1002.54,0.00280676,0.376972,4.99977,999.617,5.52889
0.00288301,1003.28,-0.00412148,0.37683,4.99977,999.617,5.52889
0.00288321,1009.91,-0.00614024,0.376515,4.99977,999.618,5.52889
0.0028834,1012.83,0.00154738,0.376186,4.99977,999.618,5.52889
0.0028836,1007.67,0.00649878,0.376061,4.99977,999.618,5.52889
0.0028838,1002.73,0.00173267,0.376024,4.99977,999.618,5.52889
0.00288401,1004.12,-0.00444722,0.375846,4.99977,999.619,5.52889
0.0028842,1010.71,-0.00484657,0.375507,4.99977,999.619,5.52889
0.00288441,1012.34,0.00157595,0.3752,4.99977,999.619,5.52889
0.00288461,1007.82,0.00592448,0.375052,4.99977,999.619,5.52889
0.0028848,1003.1,0.00134234,0.374998,4.99977,999.62,5.52889
0.002885,1005.43,-0.00500076,0.374799,4.99977,999.62,5.52889
0.00288521,1010.36,-0.00447906,0.374464,4.99977,999.62,5.52889
0.0028854,1011.58,0.00250778,0.374158,4.99977,999.62,5.52889
0.00288561,1007.24,0.0053751,0.374006,4.99977,999.621,5.52889
0.0028858,1003.41,0.000541323,0.373924,4.99977,999.621,5.52889
0.002886,1006.1,-0.00483461,0.373695,4.99977,999.621,5.52889
0.00288621,1010.74,-0.00333886,0.37335,4.99977,999.622,5.52889
0.0028864,1010.91,0.00288442,0.373061,4.99977,999.622,5.52889
0.0028866,1006.32,0.00463959,0.372919,4.99977,999.622,5.52889
0.0028868,1003.76,-0.00019542,0.372793,4.99977,999.622,5.52889
0.00288701,1006.19,-0.00438068,0.372541,4.99977,999.623,5.52889
0.0028872,1010.95,-0.00209114,0.372187,4.99977,999.623,5.52889
0.00288741,1010.54,0.00273476,0.371904,4.99977,999.623,5.52889
0.00288761,1006.42,0.0042163,0.371743,4.99977,999.623,5.52889
0.0028878,1004.16,-0.000885713,0.371611,4.99977,999.624,5.52889
0.00288801,1006.96,-0.00422598,0.371334,4.99977,999.624,5.52889
0.0028882,1010.79,-0.00145359,0.370983,4.99977,999.624,5.52889
0.00288841,1010.17,0.00261845,0.370698,4.99977,999.624,5.52889
0.0028886,1005.84,0.00341998,0.370548,4.99977,999.625,5.52889
0.0028888,1004.52,-0.00108527,0.370371,4.99977,999.625,5.52889
0.002889,1007.87,-0.00389005,0.370077,4.99977,999.625,5.52889
0.00288921,1010.48,-0.00129269,0.369732,4.99977,999.625,5.52889
0.00288941,1009.49,0.00290319,0.369455,4.99977,999.626,5.52889
0.0028896,1005.68,0.00281049,0.36929,4.99977,999.626,5.52889
0.00288981,1004.84,-0.00114644,0.369084,4.99977,999.626,5.52889
0.00289001,1007.78,-0.0035183,0.368782,4.99977,999.626,5.52889
0.0028902,1010.33,-0.000370773,0.368437,4.99977,999.627,5.52889
0.0028904,1008.45,0.00320088,0.368184,4.99977,999.627,5.52889
0.00289061,1005.8,0.00248109,0.367973,4.99977,999.627,5.52889
0.00289081,1005.3,-0.00160296,0.367761,4.99977,999.627,5.52889
0.002891,1008.32,-0.00303906,0.367442,4.99977,999.628,5.52889
0.00289121,1010.06,7.90238e-06,0.367102,4.99977,999.628,5.52889
0.0028914,1008.04,0.00298636,0.36685,4.99977,999.628,5.52889
0.0028916,1005.43,0.0013918,0.366651,4.99977,999.628,5.52889
0.0028918,1006.03,-0.00221831,0.366401,4.99977,999.629,5.52889
0.002892,1008.78,-0.00241131,0.366064,4.99977,999.629,5.52889
0.0028922,1009.69,0.000808337,0.365734,4.99977,999.629,5.52889
0.0028924,1007.63,0.00273178,0.365479,4.99977,999.629,5.52889
0.0028926,1005.46,0.000671435,0.365271,4.99977,999.63,5.52889
0.00289281,1006.12,-0.00192116,0.364987,4.99977,999.63,5.52889
0.002893,1008.94,-0.00186465,0.364651,4.99977,999.63,5.52889
0.0028932,1009.36,0.00100816,0.364324,4.99977,999.63,5.52889
0.00289341,1007.43,0.00243891,0.364062,4.99977,999.631,5.52889
0.0028936,1005.61,0.000197342,0.363845,4.99977,999.631,5.52889
0.00289381,1006.56,-0.00199517,0.363545,4.99977,999.631,5.52889
0.002894,1008.95,-0.00141041,0.363204,4.99977,999.632,5.52889
0.0028942,1008.86,0.00144619,0.36289,4.99977,999.632,5.52889
0.00289441,1007.01,0.00207969,0.362624,4.99977,999.632,5.52889
0.00289461,1005.81,-9.63512e-05,0.362379,4.99977,999.632,5.52889
0.00289481,1006.92,-0.0019352,0.362069,4.99977,999.633,5.52889
0.00289501,1008.91,-0.000993817,0.361725,4.99977,999.633,5.52889
0.0028952,1008.57,0.00144075,0.361412,4.99977,999.633,5.52889
0.0028954,1006.67,0.00162547,0.361154,4.99977,999.633,5.52889
0.00289561,1006.04,-0.000474341,0.360885,4.99977,999.634,5.52889
0.00289581,1007.43,-0.00181993,0.360564,4.99977,999.634,5.52889
0.002896,1008.88,-0.000353977,0.36022,4.99977,999.634,5.52889
0.00289621,1008.31,0.00137587,0.3599,4.99977,999.634,5.52889
0.00289641,1006.61,0.00129193,0.359636,4.99977,999.635,5.52889
0.00289661,1006.35,-0.000855185,0.359363,4.99977,999.635,5.52889
0.0028968,1007.91,-0.00150163,0.359031,4.99977,999.635,5.52889
0.002897,1008.71,0.000128145,0.358687,4.99977,999.635,5.52889
0.0028972,1007.62,0.00149952,0.358392,4.99977,999.636,5.52889
0.00289741,1006.41,0.00068407,0.35811,4.99977,999.636,5.52889
0.00289761,1006.53,-0.000845727,0.357798,4.99977,999.636,5.52889
0.00289781,1007.93,-0.00125844,0.357462,4.99977,999.636,5.52889
0.00289801,1008.48,0.000402331,0.357126,4.99977,999.637,5.52889
0.00289821,1007.5,0.00131269,0.356819,4.99977,999.637,5.52889
0.0028984,1006.42,0.00012854,0.356551,4.99977,999.637,5.52889
0.00289861,1006.87,-0.00101222,0.356219,4.99977,999.637,5.52889
0.0028988,1008.21,-0.000713735,0.355883,4.99977,999.638,5.52889
0.00289901,1008.18,0.000698885,0.355547,4.99977,999.638,5.52889
0.0028992,1007.04,0.0010308,0.355253,4.99977,999.638,5.52889
0.0028994,1006.57,-0.000291912,0.35496,4.99977,999.638,5.52889
0.00289961,1007.3,-0.00106005,0.35462,4.99977,999.639,5.52889
0.0028998,1008.21,-0.00032661,0.354274,4.99977,999.639,5.52889
0.00290002,1008.01,0.000678097,0.353928,4.99977,999.639,5.52889
0.00290021,1006.98,0.000818274,0.353632,4.99977,999.639,5.52889
0.0029004,1006.75,-0.000483043,0.353336,4.99977,999.64,5.52889
0.0029006,1007.63,-0.000877245,0.352997,4.99977,999.64,5.52889
0.0029008,1008.12,4.92136e-05,0.352649,4.99977,999.64,5.52889
0.00290101,1007.67,0.000793809,0.352309,4.99977,999.64,5.52889
0.0029012,1006.78,0.000357889,0.352019,4.99977,999.641,5.52889
0.00290141,1006.93,-0.000578474,0.351688,4.99977,999.641,5.52889
0.0029016,1007.78,-0.00062121,0.351348,4.99977,999.641,5.52889
0.00290181,1007.95,0.000282132,0.351,4.99977,999.641,5.52889
0.00290201,1007.34,0.000739863,0.350675,4.99977,999.641,5.52889
0.0029022,1006.8,3.34074e-05,0.350368,4.99977,999.642,5.52889
0.0029024,1007.24,-0.000676297,0.350036,4.99977,999.642,5.52889
0.0029026,1007.82,-0.000370023,0.349679,4.99977,999.642,5.52889
0.00290281,1007.77,0.000415626,0.349333,4.99977,999.642,5.52889
0.002903,1007.1,0.000542367,0.349019,4.99977,999.643,5.52889
0.00290321,1006.89,-0.000170833,0.348691,4.99977,999.643,5.52889
0.00290341,1007.29,-0.00058768,0.348337,4.99977,999.643,5.52889
0.0029036,1007.81,-6.94447e-05,0.348,4.99977,999.643,5.52889
0.0029038,1007.51,0.000521903,0.347663,4.99977,999.644,5.52889
0.002904,1006.99,0.00030748,0.347338,4.99977,999.644,5.52889
0.0029042,1007.01,-0.000328191,0.347,4.99977,999.644,5.52889
0.0029044,1007.52,-0.000452949,0.346653,4.99977,999.644,5.52889
0.0029046,1007.71,0.000145569,0.346305,4.99977,999.645,5.52889
0.00290481,1007.37,0.000475073,0.345957,4.99977,999.645,5.52889
0.002905,1006.96,7.71775e-05,0.345639,4.99977,999.645,5.52889
0.00290521,1007.14,-0.000382153,0.345287,4.99977,999.645,5.52889
0.0029054,1007.58,-0.000293708,0.344936,4.99977,999.646,5.52889
0.00290561,1007.61,0.000213154,0.344581,4.99977,999.646,5.52889
0.0029058,1007.19,0.000378243,0.344252,4.99977,999.646,5.52889
0.002906,1007,-4.7061e-05,0.343913,4.99977,999.646,5.52889
0.0029062,1007.27,-0.000381423,0.343566,4.99977,999.647,5.52889
0.0029064,1007.58,-0.000118543,0.343211,4.99977,999.647,5.52889
0.0029066,1007.45,0.000309033,0.342864,4.99977,999.647,5.52889
0.00290681,1007.15,0.0002954,0.342508,4.99977,999.647,5.52889
0.002907,1007.06,-0.000175089,0.342181,4.99977,999.648,5.52889
0.00290721,1007.31,-0.000326154,0.341814,4.99977,999.648,5.52889
0.00290741,1007.54,-6.92544e-06,0.341465,4.99977,999.648,5.52889
0.0029076,1007.34,0.000299374,0.341119,4.99977,999.648,5.52889
0.00290781,1007.07,0.00015644,0.34077,4.99977,999.649,5.52889
0.00290801,1007.1,-0.000187238,0.340416,4.99977,999.649,5.52889
0.00290821,1007.39,-0.00023301,0.340069,4.99977,999.649,5.52889
0.00290841,1007.47,8.70087e-05,0.339709,4.99977,999.649,5.52889
0.00290861,1007.27,0.000262312,0.339351,4.99977,999.65,5.52889
0.0029088,1007.06,2.26505e-05,0.339019,4.99977,999.65,5.52889
0.002909,1007.21,-0.000239555,0.338672,4.99977,999.65,5.52889
0.0029092,1007.41,-0.000127684,0.338307,4.99977,999.65,5.52889
0.00290941,1007.39,0.000145734,0.337943,4.99977,999.65,5.52889
0.00290961,1007.16,0.000198668,0.337598,4.99977,999.651,5.52889
0.0029098,1007.08,-6.6321e-05,0.337251,4.99977,999.651,5.52889
0.00291001,1007.23,-0.000210038,0.336884,4.99977,999.651,5.52889
0.0029102,1007.4,-2.01909e-05,0.336537,4.99977,999.651,5.52889
0.00291042,1007.34,0.000142708,0.33615,4.99977,999.652,5.52889
0.0029106,1007.1,0.000113088,0.335826,4.99977,999.652,5.52889
0.00291081,1007.11,-0.000112116,0.335467,4.99977,999.652,5.52889
0.00291101,1007.26,-0.00017426,0.335097,4.99977,999.652,5.52889
0.0029112,1007.35,3.50277e-05,0.334748,4.99977,999.653,5.52889
0.00291142,1007.25,0.000161176,0.334372,4.99977,999.653,5.52889
0.0029116,1007.08,4.07216e-05,0.334039,4.99977,999.653,5.52889
0.00291181,1007.12,-0.00011815,0.333663,4.99977,999.653,5.52889
0.00291201,1007.29,-0.000111442,0.333313,4.99977,999.654,5.52889
0.0029122,1007.29,9.1627e-05,0.33296,4.99977,999.654,5.52889
0.00291241,1007.16,0.000139915,0.332592,4.99977,999.654,5.52889
0.0029126,1007.08,-2.0381e-05,0.332243,4.99977,999.654,5.52889
0.0029128,1007.18,-0.000135239,0.331883,4.99977,999.655,5.52889
0.002913,1007.29,-3.59329e-05,0.331521,4.99977,999.655,5.52889
0.00291321,1007.25,9.15191e-05,0.33114,4.99977,999.655,5.52889
0.0029134,1007.11,9.27053e-05,0.330795,4.99977,999.655,5.52889
0.00291361,1007.09,-5.27118e-05,0.330432,4.99977,999.655,5.52889
0.00291381,1007.18,-0.000114336,0.330065,4.99977,999.656,5.52889
0.00291401,1007.26,1.50446e-07,0.329705,4.99977,999.656,5.52889
0.00291422,1007.21,9.39014e-05,0.329321,4.99977,999.656,5.52889
0.0029144,1007.08,4.82187e-05,0.328983,4.99977,999.656,5.52889
0.00291461,1007.1,-7.18594e-05,0.328614,4.99977,999.657,5.52889
0.00291481,1007.2,-8.09049e-05,0.328254,4.99977,999.657,5.52889
0.00291501,1007.22,3.4888e-05,0.327887,4.99977,999.657,5.52889
0.0029152,1007.13,9.22268e-05,0.327527,4.99977,999.657,5.52889
0.0029154,1007.07,1.30983e-06,0.32717,4.99977,999.658,5.52889
0.00291562,1007.09,-6.96105e-05,0.326776,4.99977,999.658,5.52889
0.0029158,1007.19,-4.01258e-05,0.326439,4.99977,999.658,5.52889
0.002916,1007.18,5.91879e-05,0.32607,4.99977,999.658,5.52889
0.00291621,1007.1,7.33981e-05,0.325697,4.99977,999.659,5.52889
0.0029164,1007.06,-2.16231e-05,0.32534,4.99977,999.659,5.52889
0.00291662,1007.1,-7.28117e-05,0.324953,4.99977,999.659,5.52889
0.0029168,1007.17,-1.18559e-05,0.324607,4.99977,999.659,5.52889
0.00291701,1007.14,6.05809e-05,0.324231,4.99977,999.659,5.52889
0.00291721,1007.07,4.55503e-05,0.32387,4.99977,999.66,5.52889
0.00291741,1007.06,-3.41593e-05,0.323499,4.99977,999.66,5.52889
0.0029176,1007.12,-5.87091e-05,0.32314,4.99977,999.66,5.52889
0.0029178,1007.14,1.74594e-05,0.322779,4.99977,999.66,5.52889
0.002918,1007.1,6.04664e-05,0.322406,4.99977,999.661,5.52889
0.0029182,1007.04,1.23489e-05,0.322046,4.99977,999.661,5.52889
0.00291841,1007.06,-4.67075e-05,0.321667,4.99977,999.661,5.52889
0.0029186,1007.11,-3.61984e-05,0.321308,4.99977,999.661,5.52889
0.0029188,1007.11,2.80747e-05,0.320934,4.99977,999.662,5.52889
0.00291901,1007.07,5.17256e-05,0.320552,4.99977,999.662,5.52889
0.0029192,1007.03,-3.24034e-06,0.320198,4.99977,999.662,5.52889
0.00291941,1007.06,-4.71087e-05,0.319825,4.99977,999.662,5.52889
0.0029196,1007.1,-1.54025e-05,0.319466,4.99977,999.662,5.52889
0.0029198,1007.08,3.81948e-05,0.319095,4.99977,999.663,5.52889
0.00292001,1007.04,3.72053e-05,0.318716,4.99977,999.663,5.52889
0.0029202,1007.02,-2.05098e-05,0.318358,4.99977,999.663,5.52889
0.0029204,1007.06,-3.96752e-05,0.317991,4.99977,999.663,5.52889
0.0029206,1007.08,2.48281e-06,0.31762,4.99977,999.664,5.52889
0.0029208,1007.05,3.77927e-05,0.317245,4.99977,999.664,5.52889
0.00292101,1007.01,2.11167e-05,0.31687,4.99977,999.664,5.52889
0.0029212,1007.01,-2.73313e-05,0.316506,4.99977,999.664,5.52889
0.00292141,1007.04,-3.16136e-05,0.316126,4.99977,999.665,5.52889
0.0029216,1007.05,1.5396e-05,0.315771,4.99977,999.665,5.52889
0.0029218,1007.02,3.29136e-05,0.315399,4.99977,999.665,5.52889
0.00292201,1006.99,5.07261e-06,0.315022,4.99977,999.665,5.52889
0.00292221,1007,-2.7252e-05,0.314643,4.99977,999.665,5.52889
0.00292241,1007.03,-1.9112e-05,0.314276,4.99977,999.666,5.52889
0.0029226,1007.02,2.20029e-05,0.313919,4.99977,999.666,5.52889
0.00292281,1006.99,2.56334e-05,0.313539,4.99977,999.666,5.52889
0.002923,1006.98,-7.56888e-06,0.313172,4.99977,999.666,5.52889
0.00292322,1006.99,-2.56652e-05,0.312778,4.99977,999.667,5.52889
0.0029234,1007.01,-4.5475e-06,0.31243,4.99977,999.667,5.52889
0.00292362,1007,1.92371e-05,0.312036,4.99977,999.667,5.52889
0.00292381,1006.97,1.71825e-05,0.311679,4.99977,999.667,5.52889
0.002924,1006.97,-1.55132e-05,0.311319,4.99977,999.668,5.52889
0.00292421,1006.98,-2.16613e-05,0.310935,4.99977,999.668,5.52889
0.0029244,1006.99,4.73303e-06,0.310573,4.99977,999.668,5.52889
0.00292461,1006.98,2.0794e-05,0.310185,4.99977,999.668,5.52889
0.00292481,1006.95,7.03601e-06,0.309825,4.99977,999.668,5.52889
0.00292501,1006.95,-1.60336e-05,0.309448,4.99977,999.669,5.52889
0.0029252,1006.97,-1.29003e-05,0.309088,4.99977,999.669,5.52889
0.00292541,1006.97,9.80903e-06,0.30871,4.99977,999.669,5.52889
0.00292561,1006.95,1.8339e-05,0.308323,4.99977,999.669,5.52889
0.0029258,1006.93,-2.24437e-06,0.307972,4.99977,999.67,5.52889
0.00292601,1006.94,-1.65796e-05,0.307591,4.99977,999.67,5.52889
0.0029262,1006.95,-5.30941e-06,0.307229,4.99977,999.67,5.52889
0.0029264,1006.94,1.37919e-05,0.306857,4.99977,999.67,5.52889
0.0029266,1006.93,1.10239e-05,0.306487,4.99977,999.67,5.52889
0.0029268,1006.92,-7.19773e-06,0.30611,4.99977,999.671,5.52889
0.002927,1006.93,-1.38779e-05,0.305742,4.99977,999.671,5.52889
0.0029272,1006.93,1.02761e-06,0.305368,4.99977,999.671,5.52889
0.0029274,1006.92,1.35079e-05,0.304992,4.99977,999.671,5.52889
0.00292761,1006.91,7.07885e-06,0.304614,4.99977,999.672,5.52889
0.00292781,1006.9,-8.35903e-06,0.304235,4.99977,999.672,5.52889
0.002928,1006.91,-1.02893e-05,0.303873,4.99977,999.672,5.52889
0.00292821,1006.91,4.17356e-06,0.303497,4.99977,999.672,5.52889
0.00292841,1006.9,1.1858e-05,0.303123,4.99977,999.673,5.52889
0.0029286,1006.89,3.70037e-07,0.302762,4.99977,999.673,5.52889
0.00292881,1006.89,-9.22974e-06,0.302366,4.99977,999.673,5.52889
0.002929,1006.9,-5.52686e-06,0.302013,4.99977,999.673,5.52889
0.00292921,1006.89,6.82056e-06,0.301633,4.99977,999.673,5.52889
0.0029294,1006.88,8.49178e-06,0.301271,4.99977,999.674,5.52889
0.0029296,1006.87,-3.02803e-06,0.300896,4.99977,999.674,5.52889
0.00292981,1006.87,-9.32336e-06,0.300515,4.99977,999.674,5.52889
0.00293001,1006.88,-2.13344e-06,0.300143,4.99977,999.674,5.52889
0.00293022,1006.87,6.82365e-06,0.299753,4.99977,999.675,5.52889
0.00293041,1006.86,6.13843e-06,0.299395,4.99977,999.675,5.52889
0.0029306,1006.86,-5.46696e-06,0.299035,4.99977,999.675,5.52889
0.00293081,1006.86,-7.57864e-06,0.298649,4.99977,999.675,5.52889
0.002931,1006.86,1.77599e-06,0.298286,4.99977,999.675,5.52889
0.00293121,1006.85,7.48736e-06,0.297899,4.99977,999.676,5.52889
0.0029314,1006.84,2.3341e-06,0.297539,4.99977,999.676,5.52889
0.0029316,1006.84,-6.18655e-06,0.29717,4.99977,999.676,5.52889
0.00293181,1006.84,-5.50085e-06,0.296782,4.99977,999.676,5.52889
0.002932,1006.84,3.75477e-06,0.296422,4.99977,999.677,5.52889
0.00293221,1006.83,6.49449e-06,0.296039,4.99977,999.677,5.52889
0.00293241,1006.82,-1.37319e-08,0.295672,4.99977,999.677,5.52889
0.00293262,1006.82,-5.28267e-06,0.29528,4.99977,999.677,5.52889
0.00293281,1006.82,-2.42102e-06,0.294929,4.99977,999.677,5.52889
0.00293301,1006.82,4.4704e-06,0.294554,4.99977,999.678,5.52889
0.00293321,1006.81,4.98269e-06,0.294173,4.99977,999.678,5.52889
0.0029334,1006.8,-2.51936e-06,0.293819,4.99977,999.678,5.52889
0.00293361,1006.8,-5.09836e-06,0.293424,4.99977,999.678,5.52889
0.0029338,1006.81,4.3571e-07,0.293076,4.99977,999.679,5.52889
0.002934,1006.8,4.89283e-06,0.292702,4.99977,999.679,5.52889
0.0029342,1006.79,2.50465e-06,0.292324,4.99977,999.679,5.52889
0.00293441,1006.79,-3.02419e-06,0.291947,4.99977,999.679,5.52889
0.0029346,1006.79,-3.49116e-06,0.291586,4.99977,999.679,5.52889
0.0029348,1006.79,1.70449e-06,0.291211,4.99977,999.68,5.52889
0.00293502,1006.78,4.19719e-06,0.290814,4.99977,999.68,5.52889
0.0029352,1006.77,6.48644e-07,0.290465,4.99977,999.68,5.52889
0.00293541,1006.77,-3.42162e-06,0.290087,4.99977,999.68,5.52889
0.00293561,1006.77,-2.25895e-06,0.289718,4.99977,999.681,5.52889
0.00293581,1006.77,2.15557e-06,0.289339,4.99977,999.681,5.52889
0.002936,1006.76,3.24157e-06,0.288981,4.99977,999.681,5.52889
0.00293621,1006.75,-5.50585e-07,0.288603,4.99977,999.681,5.52889
0.0029364,1006.75,-3.26295e-06,0.288234,4.99977,999.681,5.52889
0.0029366,1006.75,-6.92146e-07,0.287863,4.99977,999.682,5.52889
0.00293681,1006.75,2.5607e-06,0.287476,4.99977,999.682,5.52889
0.002937,1006.74,2.20895e-06,0.287119,4.99977,999.682,5.52889
0.00293721,1006.74,-1.40239e-06,0.286743,4.99977,999.682,5.52889
0.0029374,1006.74,-2.61048e-06,0.286376,4.99977,999.682,5.52889
0.0029376,1006.73,7.12816e-07,0.286012,4.99977,999.683,5.52889
0.00293781,1006.73,2.76653e-06,0.28563,4.99977,999.683,5.52889
0.002938,1006.72,8.29554e-07,0.28527,4.99977,999.683,5.52889
0.00293821,1006.72,-1.67704e-06,0.284878,4.99977,999.683,5.52889
0.00293841,1006.72,-1.84568e-06,0.284516,4.99977,999.684,5.52889
0.00293861,1006.71,1.00773e-06,0.284142,4.99977,999.684,5.52889
0.0029388,1006.71,2.37723e-06,0.283778,4.99977,999.684,5.52889
0.002939,1006.7,-2.18543e-08,0.283413,4.99977,999.684,5.52889
0.00293921,1006.7,-1.88793e-06,0.283025,4.99977,999.684,5.52889
0.0029394,1006.7,-7.53481e-07,0.282672,4.99977,999.685,5.52889
0.0029396,1006.7,1.72773e-06,0.282301,4.99977,999.685,5.52889
0.00293981,1006.69,1.81617e-06,0.281921,4.99977,999.685,5.52889
0.00294,1006.69,-5.98326e-07,0.281556,4.99977,999.685,5.52889
0.00294021,1006.68,-1.75376e-06,0.281179,4.99977,999.686,5.52889
0.0029404,1006.68,-4.35397e-08,0.280817,4.99977,999.686,5.52889
0.00294062,1006.68,1.50204e-06,0.280423,4.99977,999.686,5.52889
0.00294081,1006.67,1.2353e-06,0.280066,4.99977,999.686,5.52889
0.002941,1006.67,-1.08191e-06,0.279711,4.99977,999.686,5.52889
0.00294121,1006.67,-1.37313e-06,0.279327,4.99977,999.687,5.52889
0.00294141,1006.66,4.45233e-07,0.278963,4.99977,999.687,5.52889
0.00294161,1006.66,1.58997e-06,0.278584,4.99977,999.687,5.52889
0.0029418,1006.65,4.62879e-07,0.278226,4.99977,999.687,5.52889
0.00294202,1006.65,-9.19555e-07,0.277836,4.99977,999.687,5.52889
0.0029422,1006.65,-7.01363e-07,0.277494,4.99977,999.688,5.52889
0.0029424,1006.64,8.77041e-07,0.277118,4.99977,999.688,5.52889
0.00294261,1006.64,1.3547e-06,0.276741,4.99977,999.688,5.52889
0.00294281,1006.63,-4.84197e-09,0.276377,4.99977,999.688,5.52889
0.00294301,1006.63,-1.02138e-06,0.275994,4.99977,999.689,5.52889
0.0029432,1006.63,-1.78889e-07,0.275649,4.99977,999.689,5.52889
0.00294341,1006.63,1.03046e-06,0.275271,4.99977,999.689,5.52889
0.00294361,1006.62,1.03782e-06,0.274893,4.99977,999.689,5.52889
0.0029438,1006.62,-4.80841e-07,0.274543,4.99977,999.689,5.52889
0.00294401,1006.61,-9.15533e-07,0.274154,4.99977,999.69,5.52889
0.0029442,1006.61,1.63447e-07,0.273802,4.99977,999.69,5.52889
0.0029444,1006.61,1.06999e-06,0.273438,4.99977,999.69,5.52889
0.0029446,1006.6,5.32891e-07,0.273064,4.99977,999.69,5.52889
0.00294481,1006.6,-5.57002e-07,0.272693,4.99977,999.69,5.52889
0.002945,1006.6,-5.80059e-07,0.272332,4.99977,999.691,5.52889
0.00294521,1006.59,4.19502e-07,0.271958,4.99977,999.691,5.52889
0.0029454,1006.59,9.23115e-07,0.271599,4.99977,999.691,5.52889
0.0029456,1006.58,1.6107e-07,0.271229,4.99977,999.691,5.52889
0.00294581,1006.58,-6.03058e-07,0.270854,4.99977,999.692,5.52889
0.00294601,1006.58,-3.66215e-07,0.270483,4.99977,999.692,5.52889
0.00294621,1006.57,5.0466e-07,0.270109,4.99977,999.692,5.52889
0.0029464,1006.57,7.30747e-07,0.269758,4.99977,999.692,5.52889
0.0029466,1006.57,-6.27459e-08,0.269389,4.99977,999.692,5.52889
0.00294681,1006.56,-5.50981e-07,0.269021,4.99977,999.693,5.52889
0.002947,1006.56,3.5414e-09,0.268659,4.99977,999.693,5.52889
0.00294722,1006.56,5.69452e-07,0.268267,4.99977,999.693,5.52889
0.00294741,1006.55,5.46936e-07,0.267917,4.99977,999.693,5.52889
0.00294761,1006.55,-2.01289e-07,0.267552,4.99977,999.693,5.52889
0.00294781,1006.54,-4.35385e-07,0.267181,4.99977,999.694,5.52889
0.002948,1006.54,2.43077e-07,0.26683,4.99977,999.694,5.52889
0.00294821,1006.54,6.46384e-07,0.266458,4.99977,999.694,5.52889
0.00294841,1006.53,3.32916e-07,0.266086,4.99977,999.694,5.52889
0.00294861,1006.53,-2.69282e-07,0.265718,4.99977,999.694,5.52889
0.0029488,1006.53,-1.95434e-07,0.26537,4.99977,999.695,5.52889
0.002949,1006.52,3.60958e-07,0.264998,4.99977,999.695,5.52889
0.00294921,1006.52,5.66439e-07,0.264625,4.99977,999.695,5.52889
0.0029494,1006.52,5.13222e-08,0.264275,4.99977,999.695,5.52889
0.00294961,1006.51,-2.7132e-07,0.263885,4.99977,999.696,5.52889
0.0029498,1006.51,-4.48439e-08,0.263539,4.99977,999.696,5.52889
0.00295001,1006.5,3.75888e-07,0.263157,4.99977,999.696,5.52889
0.00295021,1006.5,4.50788e-07,0.2628,4.99977,999.696,5.52889
0.0029504,1006.5,-6.6099e-08,0.26245,4.99977,999.696,5.52889
0.00295061,1006.49,-2.45926e-07,0.262066,4.99977,999.697,5.52889
0.0029508,1006.49,1.31628e-07,0.261721,4.99977,999.697,5.52889
0.00295101,1006.49,4.21736e-07,0.261338,4.99977,999.697,5.52889
0.00295121,1006.48,3.30426e-07,0.260977,4.99977,999.697,5.52889
0.00295141,1006.48,-9.43043e-08,0.260619,4.99977,999.697,5.52889
0.0029516,1006.48,-1.42564e-07,0.260261,4.99977,999.698,5.52889
0.0029518,1006.47,2.37777e-07,0.259902,4.99977,999.698,5.52889
0.00295201,1006.47,4.07106e-07,0.259517,4.99977,999.698,5.52889
0.00295221,1006.46,1.74514e-07,0.259169,4.99977,999.698,5.52889
0.0029524,1006.46,-1.30829e-07,0.258808,4.99977,999.698,5.52889
0.0029526,1006.46,-2.04833e-08,0.258449,4.99977,999.699,5.52889
0.0029528,1006.45,3.04898e-07,0.258089,4.99977,999.699,5.52889
0.00295301,1006.45,3.507e-07,0.257715,4.99977,999.699,5.52889
0.0029532,1006.45,5.65218e-08,0.257361,4.99977,999.699,5.52889
0.00295341,1006.44,-1.08911e-07,0.256992,4.99977,999.699,5.52889
0.0029536,1006.44,8.69643e-08,0.256638,4.99977,999.7,5.52889
0.00295382,1006.44,2.64773e-07,0.256244,4.99977,999.7,5.52889
0.00295401,1006.43,2.65366e-07,0.255907,4.99977,999.7,5.52889
0.0029542,1006.43,-8.76476e-09,0.255554,4.99977,999.7,5.52889
0.0029544,1006.42,-4.94471e-08,0.255193,4.99977,999.7,5.52889
0.0029546,1006.42,1.59676e-07,0.254826,4.99977,999.701,5.52889
0.00295481,1006.42,3.03242e-07,0.254462,4.99977,999.701,5.52889
0.002955,1006.41,1.779e-07,0.254103,4.99977,999.701,5.52889
0.0029552,1006.41,-2.21971e-08,0.253742,4.99977,999.701,5.52889
0.0029554,1006.41,2.3933e-08,0.253387,4.99977,999.701,5.52889
0.00295561,1006.4,1.90784e-07,0.253009,4.99977,999.702,5.52889
0.00295581,1006.4,2.73696e-07,0.252646,4.99977,999.702,5.52889
0.002956,1006.4,1.04588e-07,0.252302,4.99977,999.702,5.52889
0.0029562,1006.39,-1.50832e-08,0.25194,4.99977,999.702,5.52889
0.00295641,1006.39,7.68365e-08,0.251575,4.99977,999.703,5.52889
0.0029566,1006.39,2.39687e-07,0.251225,4.99977,999.703,5.52889
0.00295681,1006.38,2.20788e-07,0.250853,4.99977,999.703,5.52889
0.002957,1006.38,5.24578e-08,0.250506,4.99977,999.703,5.52889
0.0029572,1006.37,2.43694e-08,0.250146,4.99977,999.703,5.52889
0.00295741,1006.37,1.43673e-07,0.249778,4.99977,999.704,5.52889
0.00295761,1006.37,2.28337e-07,0.249413,4.99977,999.704,5.52889
0.0029578,1006.36,1.37309e-07,0.24907,4.99977,999.704,5.52889
0.00295802,1006.36,5.21823e-08,0.248684,4.99977,999.704,5.52889
0.0029582,1006.36,8.77398e-08,0.24835,4.99977,999.704,5.52889
0.0029584,1006.35,1.91752e-07,0.247989,4.99977,999.705,5.52889
0.0029586,1006.35,1.86669e-07,0.247629,4.99977,999.705,5.52889
0.00295881,1006.35,9.94576e-08,0.247257,4.99977,999.705,5.52889
0.00295901,1006.34,6.38405e-08,0.246907,4.99977,999.705,5.52889
0.00295922,1006.34,1.2982e-07,0.246532,4.99977,999.705,5.52889
0.00295942,1006.33,1.85747e-07,0.246172,4.99977,999.706,5.52889
0.00295961,1006.33,1.3266e-07,0.245823,4.99977,999.706,5.52889
0.00295982,1006.33,8.08102e-08,0.245459,4.99977,999.706,5.52889
0.00296001,1006.32,1.18091e-07,0.245107,4.99977,999.706,5.52889
0.00296021,1006.32,1.68774e-07,0.244764,4.99977,999.706,5.52889
0.0029604,1006.32,1.31178e-07,0.244413,4.99977,999.707,5.52889
0.0029606,1006.31,9.63169e-08,0.244058,4.99977,999.707,5.52889
0.0029608,1006.31,1.25648e-07,0.243702,4.99977,999.707,5.52889
0.002961,1006.31,1.55758e-07,0.243345,4.99977,999.707,5.52889
0.0029612,1006.3,1.34522e-07,0.242989,4.99977,999.707,5.52889
0.0029614,1006.3,1.09111e-07,0.242633,4.99977,999.708,5.52889
0.0029616,1006.3,1.24918e-07,0.242277,4.99977,999.708,5.52889
0.0029618,1006.29,1.46958e-07,0.241922,4.99977,999.708,5.52889
0.002962,1006.29,1.36108e-07,0.241566,4.99977,999.708,5.52889
0.0029622,1006.28,1.17941e-07,0.241211,4.99977,999.708,5.52889
0.0029624,1006.28,1.25854e-07,0.240855,4.99977,999.709,5.52889
0.0029626,1006.28,1.41492e-07,0.2405,4.99977,999.709,5.52889
0.0029628,1006.27,1.36581e-07,0.240146,4.99977,999.709,5.52889
0.002963,1006.27,1.24001e-07,0.239791,4.99977,999.709,5.52889
0.0029632,1006.27,1.27503e-07,0.239436,4.99977,999.709,5.52889
0.0029634,1006.26,1.38317e-07,0.239082,4.99977,999.71,5.52889
0.0029636,1006.26,1.36639e-07,0.238728,4.99977,999.71,5.52889
0.0029638,1006.26,1.28185e-07,0.238374,4.99977,999.71,5.52889
0.002964,1006.25,1.29358e-07,0.23802,4.99977,999.71,5.52889
0.0029642,1006.25,1.36677e-07,0.237666,4.99977,999.71,5.52889
0.0029644,1006.25,1.3664e-07,0.237313,4.99977,999.711,5.52889
0.0029646,1006.24,1.31125e-07,0.236959,4.99977,999.711,5.52889
0.0029648,1006.24,1.31176e-07,0.236606,4.99977,999.711,5.52889
0.002965,1006.23,1.36043e-07,0.236253,4.99977,999.711,5.52889
0.0029652,1006.23,1.36743e-07,0.2359,4.99977,999.711,5.52889
0.0029654,1006.23,1.3326e-07,0.235548,4.99977,999.712,5.52889
0.0029656,1006.22,1.32858e-07,0.235195,4.99977,999.712,5.52889
0.0029658,1006.22,1.3605e-07,0.234843,4.99977,999.712,5.52889
0.002966,1006.22,1.37e-07,0.234491,4.99977,999.712,5.52889
0.0029662,1006.21,1.3489e-07,0.234139,4.99977,999.712,5.52889
0.0029664,1006.21,1.34381e-07,0.233787,4.99977,999.713,5.52889
0.0029666,1006.21,1.36454e-07,0.233435,4.99977,999.713,5.52889
0.0029668,1006.2,1.37416e-07,0.233084,4.99977,999.713,5.52889
0.002967,1006.2,1.3621e-07,0.232732,4.99977,999.713,5.52889
0.0029672,1006.2,1.35754e-07,0.232381,4.99977,999.713,5.52889
0.0029674,1006.19,1.371e-07,0.23203,4.99977,999.714,5.52889
0.0029676,1006.19,1.37965e-07,0.23168,4.99977,999.714,5.52889
0.0029678,1006.18,1.37342e-07,0.231329,4.99977,999.714,5.52889
0.002968,1006.18,1.37005e-07,0.230979,4.99977,999.714,5.52889
0.0029682,1006.18,1.37888e-07,0.230628,4.99977,999.714,5.52889
0.0029684,1006.17,1.38628e-07,0.230278,4.99977,999.715,5.52889
0.0029686,1006.17,1.38366e-07,0.229928,4.99977,999.715,5.52889
0.0029688,1006.17,1.38155e-07,0.229579,4.99977,999.715,5.52889
0.002969,1006.16,1.38755e-07,0.229229,4.99977,999.715,5.52889
0.0029692,1006.16,1.39369e-07,0.22888,4.99977,999.715,5.52889
0.0029694,1006.16,1.3933e-07,0.22853,4.99977,999.715,5.52889
0.0029696,1006.15,1.39234e-07,0.228181,4.99977,999.716,5.52889
0.0029698,1006.15,1.39662e-07,0.227833,4.99977,999.716,5.52889
0.00297,1006.15,1.40172e-07,0.227484,4.99977,999.716,5.52889
0.0029702,1006.14,1.40264e-07,0.227135,4.99977,999.716,5.52889
0.0029704,1006.14,1.40259e-07,0.226787,4.99977,999.716,5.52889
0.0029706,1006.14,1.40587e-07,0.226439,4.99977,999.717,5.52889
0.0029708,1006.13,1.41014e-07,0.226091,4.99977,999.717,5.52889
0.002971,1006.13,1.41181e-07,0.225743,4.99977,999.717,5.52889
0.0029712,1006.12,1.41251e-07,0.225396,4.99977,999.717,5.52889
0.0029714,1006.12,1.41519e-07,0.225048,4.99977,999.717,5.52889
0.0029716,1006.12,1.41883e-07,0.224701,4.99977,999.718,5.52889
0.0029718,1006.11,1.42092e-07,0.224354,4.99977,999.718,5.52889
0.002972,1006.11,1.42212e-07,0.224007,4.99977,999.718,5.52889
0.0029722,1006.11,1.42451e-07,0.22366,4.99977,999.718,5.52889
0.0029724,1006.1,1.42771e-07,0.223314,4.99977,999.718,5.52889
0.0029726,1006.1,1.42998e-07,0.222967,4.99977,999.719,5.52889
0.0029728,1006.1,1.43155e-07,0.222621,4.99977,999.719,5.52889
0.002973,1006.09,1.4338e-07,0.222275,4.99977,999.719,5.52889
0.0029732,1006.09,1.43667e-07,0.221929,4.99977,999.719,5.52889
0.0029734,1006.09,1.43903e-07,0.221584,4.99977,999.719,5.52889
0.0029736,1006.08,1.44087e-07,0.221238,4.99977,999.72,5.52889
0.0029738,1006.08,1.44304e-07,0.220893,4.99977,999.72,5.52889
0.002974,1006.08,1.44568e-07,0.220548,4.99977,999.72,5.52889
0.0029742,1006.07,1.44807e-07,0.220203,4.99977,999.72,5.52889
0.0029744,1006.07,1.45006e-07,0.219858,4.99977,999.72,5.52889
0.0029746,1006.06,1.45221e-07,0.219514,4.99977,999.721,5.52889
0.0029748,1006.06,1.45471e-07,0.219169,4.99977,999.721,5.52889
0.002975,1006.06,1.45709e-07,0.218825,4.99977,999.721,5.52889
0.0029752,1006.05,1.45919e-07,0.218481,4.99977,999.721,5.52889
0.0029754,1006.05,1.46134e-07,0.218137,4.99977,999.721,5.52889
0.0029756,1006.05,1.46374e-07,0.217793,4.99977,999.721,5.52889
0.0029758,1006.04,1.46609e-07,0.21745,4.99977,999.722,5.52889
0.002976,1006.04,1.46823e-07,0.217107,4.99977,999.722,5.52889
0.0029762,1006.04,1.47041e-07,0.216764,4.99977,999.722,5.52889
0.0029764,1006.03,1.47274e-07,0.216421,4.99977,999.722,5.52889
0.0029766,1006.03,1.47505e-07,0.216078,4.99977,999.722,5.52889
0.0029768,1006.03,1.47726e-07,0.215735,4.99977,999.723,5.52889
0.002977,1006.02,1.47943e-07,0.215393,4.99977,999.723,5.52889
0.0029772,1006.02,1.48169e-07,0.215051,4.99977,999.723,5.52889
0.0029774,1006.02,1.48398e-07,0.214709,4.99977,999.723,5.52889
0.0029776,1006.01,1.48621e-07,0.214367,4.99977,999.723,5.52889
0.0029778,1006.01,1.48838e-07,0.214025,4.99977,999.724,5.52889
0.002978,1006,1.4906e-07,0.213684,4.99977,999.724,5.52889
0.0029782,1006,1.49287e-07,0.213342,4.99977,999.724,5.52889
0.0029784,1006,1.4951e-07,0.213001,4.99977,999.724,5.52889
0.0029786,1005.99,1.49729e-07,0.21266,4.99977,999.724,5.52889
0.0029788,1005.99,1.49949e-07,0.212319,4.99977,999.725,5.52889
0.002979,1005.99,1.50172e-07,0.211979,4.99977,999.725,5.52889
0.0029792,1005.98,1.50393e-07,0.211639,4.99977,999.725,5.52889
0.0029794,1005.98,1.50611e-07,0.211298,4.99977,999.725,5.52889
0.0029796,1005.98,1.5083e-07,0.210958,4.99977,999.725,5.52889
0.0029798,1005.97,1.51052e-07,0.210618,4.99977,999.725,5.52889
0.00298,1005.97,1.51272e-07,0.210279,4.99977,999.726,5.52889
0.0029802,1005.97,1.5149e-07,0.209939,4.99977,999.726,5.52889
0.0029804,1005.96,1.51706e-07,0.2096,4.99977,999.726,5.52889
0.0029806,1005.96,1.51926e-07,0.209261,4.99977,999.726,5.52889
0.0029808,1005.96,1.52145e-07,0.208922,4.99977,999.726,5.52889
0.002981,1005.95,1.52362e-07,0.208583,4.99977,999.727,5.52889
0.0029812,1005.95,1.52577e-07,0.208245,4.99977,999.727,5.52889
0.0029814,1005.95,1.52795e-07,0.207906,4.99977,999.727,5.52889
0.0029816,1005.94,1.53011e-07,0.207568,4.99977,999.727,5.52889
0.0029818,1005.94,1.53228e-07,0.20723,4.99977,999.727,5.52889
0.002982,1005.94,1.53442e-07,0.206892,4.99977,999.728,5.52889
0.0029822,1005.93,1.53657e-07,0.206555,4.99977,999.728,5.52889
0.0029824,1005.93,1.53872e-07,0.206217,4.99977,999.728,5.52889
0.0029826,1005.92,1.54086e-07,0.20588,4.99977,999.728,5.52889
0.0029828,1005.92,1.54299e-07,0.205543,4.99977,999.728,5.52889
0.002983,1005.92,1.54513e-07,0.205206,4.99977,999.728,5.52889
0.0029832,1005.91,1.54726e-07,0.204869,4.99977,999.729,5.52889
0.0029834,1005.91,1.54938e-07,0.204533,4.99977,999.729,5.52889
0.0029836,1005.91,1.5515e-07,0.204196,4.99977,999.729,5.52889
0.0029838,1005.9,1.55361e-07,0.20386,4.99977,999.729,5.52889
0.002984,1005.9,1.55574e-07,0.203524,4.99977,999.729,5.52889
0.0029842,1005.9,1.55784e-07,0.203188,4.99977,999.73,5.52889
0.0029844,1005.89,1.55994e-07,0.202853,4.99977,999.73,5.52889
0.0029846,1005.89,1.56204e-07,0.202517,4.99977,999.73,5.52889
0.0029848,1005.89,1.56413e-07,0.202182,4.99977,999.73,5.52889
0.002985,1005.88,1.56623e-07,0.201847,4.99977,999.73,5.52889
0.0029852,1005.88,1.56832e-07,0.201512,4.99977,999.73,5.52889
0.0029854,1005.88,1.57039e-07,0.201178,4.99977,999.731,5.52889
0.0029856,1005.87,1.57246e-07,0.200843,4.99977,999.731,5.52889
0.0029858,1005.87,1.57453e-07,0.200509,4.99977,999.731,5.52889
0.002986,1005.87,1.5766e-07,0.200175,4.99977,999.731,5.52889
0.0029862,1005.86,1.57867e-07,0.199841,4.99977,999.731,5.52889
0.0029864,1005.86,1.58072e-07,0.199507,4.99977,999.732,5.52889
0.0029866,1005.86,1.58276e-07,0.199173,4.99977,999.732,5.52889
0.0029868,1005.85,1.58481e-07,0.19884,4.99977,999.732,5.52889
0.002987,1005.85,1.58685e-07,0.198507,4.99977,999.732,5.52889
0.0029872,1005.84,1.58889e-07,0.198174,4.99977,999.732,5.52889
0.0029874,1005.84,1.59092e-07,0.197841,4.99977,999.733,5.52889
0.0029876,1005.84,1.59295e-07,0.197508,4.99977,999.733,5.52889
0.0029878,1005.83,1.59497e-07,0.197176,4.99977,999.733,5.52889
0.002988,1005.83,1.59698e-07,0.196844,4.99977,999.733,5.52889
0.0029882,1005.83,1.599e-07,0.196512,4.99977,999.733,5.52889
0.0029884,1005.82,1.60099e-07,0.19618,4.99977,999.733,5.52889
0.0029886,1005.82,1.60299e-07,0.195848,4.99977,999.734,5.52889
0.0029888,1005.82,1.605e-07,0.195516,4.99977,999.734,5.52889
0.002989,1005.81,1.607e-07,0.195185,4.99977,999.734,5.52889
0.0029892,1005.81,1.60897e-07,0.194854,4.99977,999.734,5.52889
0.0029894,1005.81,1.61092e-07,0.194523,4.99977,999.734,5.52889
0.0029896,1005.8,1.61292e-07,0.194192,4.99977,999.735,5.52889
0.0029898,1005.8,1.61491e-07,0.193862,4.99977,999.735,5.52889
0.00299,1005.8,1.61685e-07,0.193531,4.99977,999.735,5.52889
0.0029902,1005.79,1.61878e-07,0.193201,4.99977,999.735,5.52889
0.0029904,1005.79,1.62076e-07,0.192871,4.99977,999.735,5.52889
0.0029906,1005.79,1.62271e-07,0.192541,4.99977,999.735,5.52889
0.0029908,1005.78,1.62463e-07,0.192211,4.99977,999.736,5.52889
0.002991,1005.78,1.62655e-07,0.191882,4.99977,999.736,5.52889
0.0029912,1005.78,1.62848e-07,0.191553,4.99977,999.736,5.52889
0.0029914,1005.77,1.63043e-07,0.191223,4.99977,999.736,5.52889
0.0029916,1005.77,1.63235e-07,0.190895,4.99977,999.736,5.52889
0.0029918,1005.77,1.63422e-07,0.190566,4.99977,999.737,5.52889
0.002992,1005.76,1.63614e-07,0.190237,4.99977,999.737,5.52889
0.0029922,1005.76,1.63804e-07,0.189909,4.99977,999.737,5.52889
0.0029924,1005.75,1.63995e-07,0.189581,4.99977,999.737,5.52889
0.0029926,1005.75,1.64183e-07,0.189253,4.99977,999.737,5.52889
0.0029928,1005.75,1.64368e-07,0.188925,4.99977,999.737,5.52889
0.002993,1005.74,1.64556e-07,0.188597,4.99977,999.738,5.52889
0.0029932,1005.74,1.64747e-07,0.18827,4.99977,999.738,5.52889
0.0029934,1005.74,1.64932e-07,0.187943,4.99977,999.738,5.52889
0.0029936,1005.73,1.65114e-07,0.187616,4.99977,999.738,5.52889
0.0029938,1005.73,1.653e-07,0.187289,4.99977,999.738,5.52889
0.002994,1005.73,1.65486e-07,0.186962,4.99977,999.739,5.52889
0.0029942,1005.72,1.6567e-07,0.186636,4.99977,999.739,5.52889
0.0029944,1005.72,1.65852e-07,0.186309,4.99977,999.739,5.52889
0.0029946,1005.72,1.66033e-07,0.185983,4.99977,999.739,5.52889
0.0029948,1005.71,1.66216e-07,0.185657,4.99977,999.739,5.52889
0.002995,1005.71,1.66397e-07,0.185331,4.99977,999.739,5.52889
0.0029952,1005.71,1.66577e-07,0.185006,4.99977,999.74,5.52889
0.0029954,1005.7,1.66757e-07,0.18468,4.99977,999.74,5.52889
0.0029956,1005.7,1.66937e-07,0.184355,4.99977,999.74,5.52889
0.0029958,1005.7,1.67115e-07,0.18403,4.99977,999.74,5.52889
0.002996,1005.69,1.67291e-07,0.183705,4.99977,999.74,5.52889
0.0029962,1005.69,1.67467e-07,0.183381,4.99977,999.74,5.52889
0.0029964,1005.69,1.67645e-07,0.183056,4.99977,999.741,5.52889
0.0029966,1005.68,1.67823e-07,0.182732,4.99977,999.741,5.52889
0.0029968,1005.68,1.67997e-07,0.182408,4.99977,999.741,5.52889
0.002997,1005.68,1.68168e-07,0.182084,4.99977,999.741,5.52889
0.0029972,1005.67,1.68344e-07,0.18176,4.99977,999.741,5.52889
0.0029974,1005.67,1.68518e-07,0.181437,4.99977,999.742,5.52889
0.0029976,1005.67,1.68688e-07,0.181114,4.99977,999.742,5.52889
0.0029978,1005.66,1.68859e-07,0.18079,4.99977,999.742,5.52889
0.002998,1005.66,1.69032e-07,0.180468,4.99977,999.742,5.52889
0.0029982,1005.66,1.69202e-07,0.180145,4.99977,999.742,5.52889
0.0029984,1005.65,1.69371e-07,0.179822,4.99977,999.742,5.52889
0.0029986,1005.65,1.69538e-07,0.1795,4.99977,999.743,5.52889
0.0029988,1005.65,1.69707e-07,0.179178,4.99977,999.743,5.52889
0.00299901,1005.64,1.69877e-07,0.178851,4.99977,999.743,5.52889
0.00299921,1005.64,1.70044e-07,0.178529,4.99977,999.743,5.52889
0.00299941,1005.63,1.70209e-07,0.178207,4.99977,999.743,5.52889
0.00299961,1005.63,1.70373e-07,0.177886,4.99977,999.743,5.52889
0.00299981,1005.63,1.70538e-07,0.177565,4.99977,999.744,5.52889
0.003,1005.62,1.70699e-07,0.177252,4.99977,999.744,5.52889
