t_s,v_drain_V,i_primary_A,v_out_V,v_fbk_V,v_bulk_V,v_comp_V
0.00595378,722.864,-0.109039,22.8224,0.000531858,597.45,2.96081
0.00595379,702.59,-0.100945,22.8229,0.000531858,597.45,2.96081
0.0059538,682.619,-0.0852287,22.8232,0.000531858,597.45,2.96081
0.00595381,664.385,-0.059176,22.8235,0.000531858,597.45,2.96081
0.00595382,655.399,-0.0354759,22.8235,0.000531858,597.451,2.96082
0.00595383,651.788,-0.0168285,22.8235,0.000531858,597.451,2.96082
0.00595384,650.782,0.00019575,22.8233,0.000531858,597.451,2.96082
0.00595384,652.08,0.0186314,22.8232,0.000531858,597.451,2.96082
0.00595385,655.535,0.0354654,22.823,0.000531858,597.451,2.96082
0.00595386,664.441,0.0586458,22.8226,0.000531858,597.451,2.96082
0.00595387,677.61,0.0788264,22.8221,0.000531858,597.451,2.96082
0.00595388,692.986,0.0936606,22.8216,0.000531858,597.451,2.96082
0.00595388,706.34,0.101987,22.8212,0.000531858,597.451,2.96082
0.00595389,719.73,0.107152,22.8209,0.000531858,597.451,2.96082
0.0059539,734.525,0.109673,22.8205,0.000531858,597.451,2.96082
0.0059539,749.614,0.109012,22.8202,0.000531858,597.451,2.96082
0.00595391,769.7,0.102887,22.8197,0.000531858,597.45,2.96082
0.00595392,788.92,0.0902858,22.8194,0.000531858,597.45,2.96082
0.00595394,808.313,0.0670491,22.8192,0.000531858,597.45,2.96082
0.00595394,816.82,0.0500179,22.8191,0.000531858,597.45,2.96082
0.00595395,821.405,0.0364325,22.8191,0.000531858,597.45,2.96082
0.00595395,824.25,0.0237223,22.8192,0.000531858,597.45,2.96082
0.00595396,825.875,0.0106366,22.8193,0.000531858,597.45,2.96082
0.00595396,826.178,-0.00520146,22.8194,0.000531858,597.451,2.96082
0.00595397,824.644,-0.0212128,22.8196,0.000531858,597.451,2.96082
0.00595398,820.755,-0.0385498,22.8198,0.000531858,597.451,2.96082
0.00595398,815.028,-0.0540049,22.8201,0.000531858,597.451,2.96082
0.00595399,806.89,-0.0689892,22.8205,0.000531858,597.451,2.96082
0.005954,795.645,-0.083363,22.8209,0.000531858,597.451,2.96082
0.00595401,779.284,-0.0970029,22.8214,0.000531858,597.451,2.96082
0.00595401,765.27,-0.104125,22.8218,0.000531858,597.451,2.96082
0.00595402,751.154,-0.107991,22.8222,0.000531858,597.452,2.96082
0.00595403,736.21,-0.108867,22.8226,0.000531858,597.452,2.96082
0.00595403,718.34,-0.105668,22.823,0.000531858,597.452,2.96082
0.00595404,698.662,-0.0962272,22.8234,0.000531858,597.452,2.96082
0.00595405,678.936,-0.0783439,22.8238,0.000531858,597.452,2.96081
0.00595407,662.392,-0.050762,22.8239,0.000531858,597.453,2.96081
0.00595408,655.208,-0.0274856,22.8239,0.000531858,597.453,2.96081
0.00595408,652.748,-0.00952717,22.8238,0.000531858,597.453,2.96081
0.00595409,652.632,0.00719073,22.8237,0.000531858,597.453,2.96081
0.0059541,654.764,0.0247265,22.8235,0.000531858,597.453,2.9608
0.0059541,659.885,0.0436604,22.8232,0.000531858,597.453,2.9608
0.00595411,670.293,0.065498,22.8228,0.000531858,597.453,2.9608
0.00595412,686.314,0.0854473,22.8223,0.000531858,597.453,2.9608
0.00595413,701.329,0.0969566,22.8218,0.000531858,597.453,2.96079
0.00595414,714.755,0.103382,22.8215,0.000531858,597.453,2.96079
0.00595414,728.385,0.106885,22.8211,0.000531858,597.453,2.96079
0.00595415,742.645,0.107597,22.8208,0.000531858,597.453,2.96079
0.00595416,760.585,0.104248,22.8204,0.000531858,597.453,2.96078
0.00595417,779.702,0.0948606,22.82,0.000531858,597.453,2.96078
0.00595418,799.27,0.0766949,22.8197,0.000531858,597.453,2.96078
0.00595419,811.401,0.05768,22.8196,0.000531858,597.453,2.96077
0.0059542,817.686,0.0425728,22.8196,0.000531858,597.453,2.96077
0.0059542,821.39,0.0292898,22.8196,0.000531858,597.453,2.96077
0.00595421,823.637,0.0159889,22.8197,0.000531858,597.453,2.96077
0.00595421,824.565,-0.000906994,22.8198,0.000531858,597.453,2.96076
0.00595422,823.568,-0.0164457,22.82,0.000531858,597.453,2.96076
0.00595423,820.108,-0.0343877,22.8202,0.000531858,597.453,2.96076
0.00595423,815.094,-0.0493064,22.8205,0.000531858,597.453,2.96075
0.00595424,806.83,-0.0656094,22.8208,0.000531858,597.453,2.96075
0.00595425,796.561,-0.0794997,22.8212,0.000531858,597.453,2.96075
0.00595426,780.768,-0.0935851,22.8217,0.000531858,597.453,2.96074
0.00595426,767.236,-0.101079,22.8221,0.000531858,597.454,2.96074
0.00595427,753.598,-0.105383,22.8225,0.000531858,597.454,2.96074
0.00595428,738.9,-0.10683,22.8229,0.000531858,597.454,2.96073
0.00595428,722.307,-0.104641,22.8233,0.000531858,597.454,2.96073
0.00595429,702.81,-0.0964897,22.8237,0.000531858,597.454,2.96072
0.0059543,683.584,-0.080832,22.824,0.000531858,597.455,2.96072
0.00595432,666.32,-0.0552609,22.8242,0.000531858,597.455,2.96071
0.00595433,658.052,-0.0324049,22.8242,0.000531858,597.455,2.9607
0.00595433,654.864,-0.0147608,22.8242,0.000531858,597.455,2.9607
0.00595434,654.074,0.00154897,22.824,0.000531858,597.455,2.9607
0.00595435,655.484,0.0191269,22.8239,0.000531858,597.455,2.96069
0.00595435,659.108,0.0357968,22.8236,0.000531858,597.455,2.96069
0.00595436,667.991,0.0579433,22.8232,0.000531858,597.455,2.96068
0.00595437,681.231,0.0774403,22.8228,0.000531858,597.455,2.96067
0.00595438,695.875,0.0910095,22.8223,0.000531858,597.455,2.96067
0.00595439,708.75,0.0987157,22.8219,0.000531858,597.455,2.96066
0.00595439,721.708,0.103434,22.8216,0.000531858,597.455,2.96066
0.0059544,735.889,0.105571,22.8212,0.000531858,597.455,2.96066
0.00595441,750.967,0.104561,22.8209,0.000531858,597.455,2.96065
0.00595442,770.208,0.0981242,22.8205,0.000531858,597.455,2.96064
0.00595443,788.901,0.0850918,22.8201,0.000531858,597.455,2.96064
0.00595444,807.102,0.0619541,22.8199,0.000531858,597.455,2.96063
0.00595445,815.006,0.0449564,22.8199,0.000531858,597.455,2.96062
0.00595445,819.191,0.0312228,22.8199,0.000531858,597.455,2.96062
0.00595446,821.717,0.0177315,22.8199,0.000531858,597.455,2.96061
0.00595446,822.855,0.0029976,22.82,0.000531858,597.455,2.96061
0.00595447,822.178,-0.0137049,22.8202,0.000531858,597.455,2.9606
0.00595448,819.382,-0.0302508,22.8204,0.000531858,597.455,2.9606
0.00595448,814.543,-0.0459436,22.8207,0.000531858,597.455,2.96059
0.00595449,806.396,-0.0628182,22.821,0.000531858,597.455,2.96058
0.0059545,796.467,-0.0767369,22.8214,0.000531858,597.455,2.96058
0.00595451,781.204,-0.0908584,22.8219,0.000531858,597.456,2.96057
0.00595451,768.069,-0.0984873,22.8223,0.000531858,597.456,2.96057
0.00595452,754.828,-0.102993,22.8227,0.000531858,597.456,2.96056
0.00595453,740.394,-0.10475,22.823,0.000531858,597.456,2.96055
0.00595453,724.698,-0.103112,22.8234,0.000531858,597.456,2.96055
0.00595454,705.475,-0.0957591,22.8238,0.000531858,597.456,2.96054
0.00595455,686.746,-0.0814725,22.8241,0.000531858,597.457,2.96053
0.00595457,669.242,-0.0572637,22.8243,0.000531858,597.457,2.96052
0.00595458,660.43,-0.0349238,22.8244,0.000531858,597.457,2.96051
0.00595458,656.774,-0.0170799,22.8243,0.000531858,597.457,2.9605
0.00595459,655.674,-0.000964423,22.8242,0.000531858,597.457,2.96049
0.0059546,656.81,0.0169373,22.824,0.000531858,597.457,2.96049
0.0059546,659.981,0.0328092,22.8238,0.000531858,597.457,2.96048
0.00595461,668.241,0.0546949,22.8234,0.000531858,597.457,2.96047
0.00595462,680.475,0.0737463,22.823,0.000531858,597.457,2.96046
0.00595463,695.064,0.0880319,22.8225,0.000531858,597.457,2.96045
0.00595464,707.751,0.0960426,22.8221,0.000531858,597.457,2.96045
0.00595464,720.409,0.100991,22.8218,0.000531858,597.457,2.96044
0.00595465,734.42,0.103436,22.8214,0.000531858,597.457,2.96043
0.00595466,748.521,0.102882,22.8211,0.000531858,597.457,2.96043
0.00595467,767.506,0.0972009,22.8207,0.000531858,597.457,2.96042
0.00595468,785.578,0.0854957,22.8203,0.000531858,597.457,2.9604
0.00595469,803.984,0.0636981,22.8201,0.000531858,597.457,2.96039
0.0059547,812.605,0.0463933,22.82,0.000531858,597.457,2.96038
0.0059547,817.19,0.0322316,22.82,0.000531858,597.457,2.96037
0.00595471,819.933,0.018411,22.8201,0.000531858,597.457,2.96037
0.00595471,821.181,0.00328944,22.8202,0.000531858,597.457,2.96036
0.00595472,820.48,-0.013851,22.8203,0.000531858,597.457,2.96035
0.00595473,817.68,-0.0300713,22.8206,0.000531858,597.457,2.96035
0.00595473,812.565,-0.0462313,22.8208,0.000531858,597.457,2.96034
0.00595474,804.071,-0.0631829,22.8212,0.000531858,597.457,2.96033
0.00595475,793.645,-0.0771136,22.8216,0.000531858,597.458,2.96032
0.00595476,777.841,-0.090794,22.8221,0.000531858,597.458,2.96031
0.00595477,764.618,-0.0977611,22.8224,0.000531858,597.458,2.9603
0.00595477,751.372,-0.101605,22.8228,0.000531858,597.458,2.96029
0.00595478,737.237,-0.102651,22.8231,0.000531858,597.458,2.96028
0.00595479,720.781,-0.100006,22.8235,0.000531858,597.458,2.96028
0.0059548,702.134,-0.0915136,22.8239,0.000531858,597.459,2.96026
0.00595481,683.597,-0.0753908,22.8242,0.000531858,597.459,2.96025
0.00595482,667.59,-0.0499228,22.8244,0.000531858,597.459,2.96023
0.00595483,660.358,-0.0279373,22.8243,0.000531858,597.459,2.96022
0.00595484,657.755,-0.0110103,22.8242,0.000531858,597.459,2.96021
0.00595484,657.391,0.00470381,22.8241,0.000531858,597.459,2.9602
0.00595485,659.146,0.0213758,22.8239,0.000531858,597.459,2.9602
0.00595486,663.427,0.0385387,22.8237,0.000531858,597.46,2.96019
0.00595487,672.741,0.0594047,22.8233,0.000531858,597.46,2.96017
0.00595488,686.904,0.0782294,22.8228,0.000531858,597.46,2.96016
0.00595488,700.886,0.089816,22.8223,0.000531858,597.459,2.96015
0.00595489,713.401,0.0964221,22.822,0.000531858,597.459,2.96014
0.0059549,726.078,0.100247,22.8216,0.000531858,597.459,2.96013
0.0059549,739.596,0.101496,22.8213,0.000531858,597.459,2.96012
0.00595491,755.547,0.0993263,22.8209,0.000531858,597.459,2.96011
0.00595492,773.785,0.0915932,22.8205,0.000531858,597.459,2.9601
0.00595493,792.127,0.0764302,22.8202,0.000531858,597.459,2.96008
0.00595494,805.69,0.0571042,22.82,0.000531858,597.459,2.96007
0.00595495,812.646,0.0412703,22.82,0.000531858,597.459,2.96006
0.00595496,816.66,0.0270429,22.82,0.000531858,597.459,2.96005
0.00595496,818.938,0.0124511,22.8201,0.000531858,597.459,2.96004
0.00595497,819.482,-0.00359208,22.8202,0.000531858,597.459,2.96003
0.00595497,817.982,-0.0197988,22.8204,0.000531858,597.459,2.96002
0.00595498,813.893,-0.0372796,22.8206,0.000531858,597.459,2.96001
0.00595499,807.554,-0.0531565,22.8209,0.000531858,597.46,2.96
0.005955,797.744,-0.0691906,22.8213,0.000531858,597.46,2.95999
0.00595501,785.14,-0.0827704,22.8217,0.000531858,597.46,2.95997
0.00595501,771.501,-0.092272,22.8221,0.000531858,597.46,2.95996
0.00595502,758.795,-0.0976551,22.8225,0.000531858,597.46,2.95995
0.00595503,744.643,-0.1004,22.8228,0.000531858,597.46,2.95994
0.00595503,731.313,-0.100104,22.8232,0.000531858,597.461,2.95993
0.00595504,712.644,-0.0949066,22.8236,0.000531858,597.461,2.95992
0.00595505,695.258,-0.0841834,22.8239,0.000531858,597.461,2.9599
0.00595507,676.912,-0.0635406,22.8241,0.000531858,597.461,2.95988
0.00595508,665.672,-0.0405463,22.8242,0.000531858,597.461,2.95987
0.00595508,660.719,-0.0214549,22.8241,0.000531858,597.462,2.95985
0.00595509,659.007,-0.00551246,22.824,0.000531858,597.462,2.95984
0.0059551,659.31,0.0100007,22.8239,0.000531858,597.462,2.95983
0.0059551,661.666,0.0258812,22.8237,0.000531858,597.462,2.95982
0.00595511,667.39,0.0445841,22.8234,0.000531858,597.462,2.95981
0.00595512,677.793,0.0642155,22.823,0.000531858,597.462,2.95979
0.00595513,694.213,0.0825213,22.8224,0.000531858,597.462,2.95978
0.00595514,708.199,0.0918546,22.822,0.000531858,597.462,2.95976
0.00595515,720.826,0.0968889,22.8216,0.000531858,597.462,2.95975
0.00595515,734.887,0.0993178,22.8212,0.000531858,597.462,2.95974
0.00595516,748.21,0.0987323,22.8209,0.000531858,597.462,2.95973
0.00595517,766.655,0.093119,22.8205,0.000531858,597.461,2.95971
0.00595518,783.777,0.0819218,22.8202,0.000531858,597.461,2.9597
0.00595519,801.545,0.0607137,22.8199,0.000531858,597.461,2.95967
0.0059552,810.055,0.0432571,22.8199,0.000531858,597.461,2.95966
0.00595521,814.559,0.028524,22.8199,0.000531858,597.461,2.95965
0.00595521,817.087,0.0137765,22.8199,0.000531858,597.461,2.95964
0.00595522,817.819,-0.00182385,22.82,0.000531858,597.462,2.95963
0.00595523,816.555,-0.01777,22.8202,0.000531858,597.462,2.95961
0.00595523,813.021,-0.0341291,22.8204,0.000531858,597.462,2.9596
0.00595524,806.795,-0.0505968,22.8207,0.000531858,597.462,2.95959
0.00595525,797.119,-0.0668953,22.8211,0.000531858,597.462,2.95958
0.00595526,784.702,-0.080554,22.8215,0.000531858,597.462,2.95956
0.00595526,771.175,-0.090135,22.8219,0.000531858,597.462,2.95955
0.00595527,758.712,-0.0955042,22.8222,0.000531858,597.462,2.95953
0.00595528,744.801,-0.0982822,22.8226,0.000531858,597.463,2.95952
0.00595529,731.743,-0.0980577,22.8229,0.000531858,597.463,2.95951
0.00595529,713.549,-0.0931032,22.8233,0.000531858,597.463,2.95949
0.0059553,696.503,-0.082735,22.8236,0.000531858,597.463,2.95947
0.00595532,678.515,-0.0627533,22.8238,0.000531858,597.463,2.95945
0.00595533,667.314,-0.0401456,22.8239,0.000531858,597.464,2.95943
0.00595534,662.364,-0.0213302,22.8238,0.000531858,597.464,2.95942
0.00595534,660.644,-0.00568965,22.8237,0.000531858,597.464,2.9594
0.00595535,660.904,0.00949172,22.8236,0.000531858,597.464,2.95939
0.00595535,663.175,0.0250633,22.8234,0.000531858,597.464,2.95938
0.00595536,668.689,0.0432786,22.8231,0.000531858,597.464,2.95936
0.00595537,678.803,0.0625459,22.8227,0.000531858,597.464,2.95935
0.00595538,694.737,0.0804893,22.8221,0.000531858,597.464,2.95933
0.00595539,708.431,0.0897449,22.8217,0.000531858,597.464,2.95931
0.0059554,720.785,0.0947536,22.8213,0.000531858,597.464,2.9593
0.0059554,734.565,0.097216,22.821,0.000531858,597.464,2.95928
0.00595541,747.466,0.0967371,22.8206,0.000531858,597.464,2.95927
0.00595542,765.545,0.0913899,22.8202,0.000531858,597.464,2.95925
0.00595543,782.253,0.0806612,22.8199,0.000531858,597.464,2.95923
0.00595544,799.775,0.0601049,22.8196,0.000531858,597.464,2.95921
0.00595545,808.43,0.0425787,22.8196,0.000531858,597.464,2.95919
0.00595546,813.021,0.0275291,22.8196,0.000531858,597.464,2.95918
0.00595546,815.524,0.0123386,22.8196,0.000531858,597.464,2.95916
0.00595547,816.094,-0.00300439,22.8197,0.000531858,597.464,2.95915
0.00595548,814.675,-0.01875,22.8199,0.000531858,597.464,2.95914
0.00595548,810.889,-0.0351659,22.8201,0.000531858,597.464,2.95912
0.00595549,804.127,-0.0519556,22.8204,0.000531858,597.464,2.95911
0.0059555,793.938,-0.0679775,22.8208,0.000531858,597.464,2.95909
0.00595551,780.685,-0.0813642,22.8212,0.000531858,597.464,2.95907
0.00595552,768.364,-0.0893243,22.8216,0.000531858,597.464,2.95906
0.00595552,756.331,-0.0940504,22.8219,0.000531858,597.465,2.95904
0.00595553,742.974,-0.0963182,22.8222,0.000531858,597.465,2.95903
0.00595554,729.679,-0.0956774,22.8225,0.000531858,597.465,2.95902
0.00595555,711.838,-0.0901317,22.8229,0.000531858,597.465,2.959
0.00595556,694.948,-0.0789581,22.8232,0.000531858,597.465,2.95898
0.00595557,677.808,-0.0583593,22.8234,0.000531858,597.466,2.95895
0.00595558,668.01,-0.0370387,22.8234,0.000531858,597.466,2.95893
0.00595559,663.689,-0.0194115,22.8234,0.000531858,597.466,2.95891
0.00595559,662.203,-0.00429715,22.8232,0.000531858,597.466,2.9589
0.0059556,662.619,0.0106041,22.8231,0.000531858,597.466,2.95888
0.00595561,664.995,0.0257394,22.8229,0.000531858,597.466,2.95887
0.00595561,670.799,0.0440093,22.8226,0.000531858,597.466,2.95885
0.00595562,681.01,0.0626547,22.8221,0.000531858,597.466,2.95883
0.00595564,697.244,0.0801189,22.8216,0.000531858,597.466,2.95881
0.00595564,710.627,0.0886511,22.8212,0.000531858,597.466,2.95879
0.00595565,722.797,0.0932079,22.8208,0.000531858,597.466,2.95878
0.00595566,736.242,0.0952337,22.8205,0.000531858,597.466,2.95876
0.00595566,749.507,0.0943112,22.8201,0.000531858,597.466,2.95875
0.00595567,767.125,0.0883793,22.8197,0.000531858,597.466,2.95872
0.00595568,783.707,0.0767857,22.8194,0.000531858,597.466,2.9587
0.0059557,800.3,0.0556677,22.8192,0.000531858,597.466,2.95867
0.00595571,808.16,0.0381927,22.8191,0.000531858,597.466,2.95865
0.00595571,812.247,0.0228997,22.8191,0.000531858,597.466,2.95864
0.00595572,814.204,0.00748952,22.8192,0.000531858,597.466,2.95862
0.00595572,814.189,-0.00749729,22.8193,0.000531858,597.466,2.95861
0.00595573,812.208,-0.0228333,22.8195,0.000531858,597.466,2.9586
0.00595574,807.273,-0.0403271,22.8197,0.000531858,597.466,2.95858
0.00595575,799.226,-0.0570615,22.8201,0.000531858,597.466,2.95856
0.00595576,787.828,-0.072144,22.8204,0.000531858,597.466,2.95854
0.00595577,772.629,-0.0845983,22.8209,0.000531858,597.467,2.95852
0.00595577,760.199,-0.0906163,22.8212,0.000531858,597.467,2.9585
0.00595578,747.88,-0.0936992,22.8215,0.000531858,597.467,2.95849
0.00595579,734.946,-0.0941639,22.8218,0.000531858,597.467,2.95847
0.0059558,719.152,-0.0909208,22.8222,0.000531858,597.467,2.95845
0.0059558,702.201,-0.0822074,22.8225,0.000531858,597.467,2.95843
0.00595582,685.15,-0.0658522,22.8227,0.000531858,597.468,2.9584
0.00595583,671.325,-0.0412444,22.8228,0.000531858,597.468,2.95837
0.00595584,665.688,-0.0211692,22.8227,0.000531858,597.468,2.95835
0.00595585,663.923,-0.00563379,22.8226,0.000531858,597.468,2.95833
0.00595585,664.152,0.00888527,22.8225,0.000531858,597.468,2.95832
0.00595586,666.322,0.0238849,22.8223,0.000531858,597.468,2.9583
0.00595587,671.481,0.041061,22.822,0.000531858,597.468,2.95829
0.00595588,681.117,0.0595772,22.8216,0.000531858,597.468,2.95826
0.00595589,696.17,0.076695,22.821,0.000531858,597.468,2.95824
0.00595589,709.25,0.0856582,22.8206,0.000531858,597.468,2.95822
0.0059559,721.057,0.0905354,22.8203,0.000531858,597.468,2.9582
0.00595591,734.255,0.0929817,22.8199,0.000531858,597.468,2.95819
0.00595591,746.439,0.0926229,22.8196,0.000531858,597.468,2.95817
0.00595592,763.758,0.0876669,22.8192,0.000531858,597.468,2.95815
0.00595593,779.682,0.0776526,22.8189,0.000531858,597.468,2.95812
0.00595595,796.584,0.0582068,22.8186,0.000531858,597.468,2.95809
0.00595596,805.352,0.0406297,22.8185,0.000531858,597.468,2.95807
0.00595596,810.012,0.0249793,22.8185,0.000531858,597.468,2.95805
0.00595597,812.314,0.00942189,22.8186,0.000531858,597.468,2.95804
0.00595598,812.559,-0.00524067,22.8187,0.000531858,597.468,2.95802
0.00595598,810.857,-0.0204532,22.8188,0.000531858,597.468,2.958
0.00595599,806.613,-0.0368155,22.8191,0.000531858,597.468,2.95799
0.005956,797.907,-0.0556094,22.8194,0.000531858,597.468,2.95796
0.00595601,787.057,-0.070091,22.8198,0.000531858,597.469,2.95794
0.00595602,771.43,-0.0829064,22.8202,0.000531858,597.469,2.95792
0.00595603,759.103,-0.0887496,22.8206,0.000531858,597.469,2.9579
0.00595603,746.962,-0.091653,22.8208,0.000531858,597.469,2.95788
0.00595604,734.271,-0.0919597,22.8211,0.000531858,597.469,2.95786
0.00595605,718.696,-0.088544,22.8215,0.000531858,597.469,2.95784
0.00595606,702.158,-0.0797391,22.8217,0.000531858,597.47,2.95782
0.00595607,685.54,-0.0633263,22.822,0.000531858,597.47,2.95779
0.00595608,673.388,-0.0417558,22.822,0.000531858,597.47,2.95776
0.00595609,667.791,-0.0232474,22.822,0.000531858,597.47,2.95774
0.0059561,665.729,-0.00838089,22.8219,0.000531858,597.47,2.95772
0.0059561,665.588,0.00575207,22.8217,0.000531858,597.47,2.95771
0.00595611,667.339,0.0205532,22.8216,0.000531858,597.47,2.95769
0.00595612,671.606,0.0365633,22.8213,0.000531858,597.47,2.95767
0.00595612,680.321,0.055045,22.8209,0.000531858,597.47,2.95765
0.00595614,693.765,0.0719597,22.8204,0.000531858,597.47,2.95762
0.00595614,706.458,0.0817982,22.82,0.000531858,597.47,2.9576
0.00595615,717.837,0.0873123,22.8196,0.000531858,597.47,2.95758
0.00595616,729.395,0.0903327,22.8193,0.000531858,597.47,2.95756
0.00595616,741.507,0.0909763,22.819,0.000531858,597.47,2.95755
0.00595617,756.584,0.0882156,22.8186,0.000531858,597.47,2.95753
0.00595618,772.799,0.0803314,22.8183,0.000531858,597.47,2.9575
0.00595619,789.34,0.0651046,22.8179,0.000531858,597.47,2.95747
0.0059562,801.098,0.0461264,22.8178,0.000531858,597.47,2.95744
0.00595621,807.097,0.0295855,22.8178,0.000531858,597.47,2.95742
0.00595622,810.194,0.0134519,22.8178,0.000531858,597.47,2.9574
0.00595623,810.962,-0.00102195,22.8179,0.000531858,597.47,2.95739
0.00595623,809.787,-0.0162725,22.818,0.000531858,597.47,2.95737
0.00595624,806.687,-0.0307292,22.8182,0.000531858,597.47,2.95735
0.00595625,799.158,-0.0496464,22.8185,0.000531858,597.471,2.95733
0.00595626,788.683,-0.0653698,22.8189,0.000531858,597.471,2.9573
0.00595627,774.457,-0.0785239,22.8193,0.000531858,597.471,2.95728
0.00595627,762.85,-0.0850693,22.8196,0.000531858,597.471,2.95726
0.00595628,751.417,-0.0887658,22.8199,0.000531858,597.471,2.95724
0.00595629,739.006,-0.090084,22.8202,0.000531858,597.471,2.95722
0.0059563,725.304,-0.0884178,22.8205,0.000531858,597.472,2.9572
0.00595631,708.807,-0.0817539,22.8208,0.000531858,597.472,2.95718
0.00595632,692.672,-0.0689486,22.821,0.000531858,597.472,2.95715
0.00595633,677.889,-0.0476452,22.8211,0.000531858,597.472,2.95711
0.00595634,670.674,-0.0283698,22.8211,0.000531858,597.472,2.95709
0.00595634,667.812,-0.013297,22.821,0.000531858,597.472,2.95707
0.00595635,667.041,0.000492616,22.8209,0.000531858,597.472,2.95705
0.00595636,668.133,0.0154049,22.8207,0.000531858,597.473,2.95703
0.00595636,670.999,0.0291484,22.8205,0.000531858,597.473,2.95702
0.00595637,678.296,0.0479149,22.8201,0.000531858,597.473,2.95699
0.00595638,689.095,0.0642824,22.8197,0.000531858,597.473,2.95697
0.00595639,701.519,0.076135,22.8192,0.000531858,597.473,2.95694
0.0059564,712.394,0.0828311,22.8189,0.000531858,597.473,2.95692
0.0059564,723.327,0.0869601,22.8186,0.000531858,597.473,2.95691
0.00595641,735.36,0.0889069,22.8182,0.000531858,597.472,2.95689
0.00595642,747.763,0.0882332,22.8179,0.000531858,597.472,2.95687
0.00595643,764.053,0.0830468,22.8175,0.000531858,597.472,2.95684
0.00595644,779.693,0.0725021,22.8172,0.000531858,597.472,2.95681
0.00595645,795.295,0.0533118,22.8169,0.000531858,597.472,2.95678
0.00595646,803.382,0.0357484,22.8169,0.000531858,597.472,2.95675
0.00595647,807.579,0.019497,22.8169,0.000531858,597.472,2.95673
0.00595647,809.145,0.00532192,22.8169,0.000531858,597.472,2.95671
0.00595648,808.925,-0.00859405,22.817,0.000531858,597.473,2.9567
0.00595649,806.879,-0.0228008,22.8172,0.000531858,597.473,2.95668
0.0059565,801.876,-0.0394357,22.8174,0.000531858,597.473,2.95666
0.0059565,792.728,-0.0568979,22.8177,0.000531858,597.473,2.95663
0.00595651,780.47,-0.0711893,22.8181,0.000531858,597.473,2.9566
0.00595652,768.141,-0.0801722,22.8185,0.000531858,597.473,2.95658
0.00595653,757.001,-0.085121,22.8187,0.000531858,597.473,2.95656
0.00595654,744.444,-0.087764,22.819,0.000531858,597.474,2.95654
0.00595654,732.83,-0.0876776,22.8193,0.000531858,597.474,2.95652
0.00595655,716.693,-0.0834784,22.8196,0.000531858,597.474,2.9565
0.00595656,701.461,-0.0744699,22.8199,0.000531858,597.474,2.95647
0.00595657,685.323,-0.056995,22.82,0.000531858,597.474,2.95644
0.00595659,674.967,-0.0366229,22.8201,0.000531858,597.474,2.9564
0.00595659,670.369,-0.0195975,22.82,0.000531858,597.475,2.95638
0.0059566,668.758,-0.00557544,22.8199,0.000531858,597.475,2.95636
0.00595661,668.928,0.00796804,22.8197,0.000531858,597.475,2.95635
0.00595661,670.895,0.0219105,22.8195,0.000531858,597.475,2.95633
0.00595662,675.666,0.0380079,22.8192,0.000531858,597.475,2.9563
0.00595663,684.572,0.0552877,22.8188,0.000531858,597.475,2.95628
0.00595664,698.554,0.0713371,22.8183,0.000531858,597.475,2.95625
0.00595665,710.779,0.0797987,22.8179,0.000531858,597.475,2.95622
0.00595666,721.81,0.0844088,22.8176,0.000531858,597.475,2.9562
0.00595666,734.155,0.0867436,22.8172,0.000531858,597.475,2.95618
0.00595667,745.465,0.0864542,22.8169,0.000531858,597.475,2.95617
0.00595668,761.621,0.0819089,22.8165,0.000531858,597.475,2.95614
0.00595669,776.461,0.0726775,22.8162,0.000531858,597.475,2.95611
0.0059567,792.295,0.0546472,22.8159,0.000531858,597.475,2.95607
0.00595671,801.007,0.0370897,22.8158,0.000531858,597.475,2.95605
0.00595672,805.609,0.0205688,22.8158,0.000531858,597.475,2.95602
0.00595673,807.344,0.00663767,22.8158,0.000531858,597.475,2.956
0.00595673,807.312,-0.00688999,22.8159,0.000531858,597.475,2.95599
0.00595674,805.493,-0.0208543,22.8161,0.000531858,597.475,2.95597
0.00595675,801.051,-0.0365943,22.8163,0.000531858,597.475,2.95595
0.00595676,792.482,-0.0538724,22.8166,0.000531858,597.475,2.95592
0.00595677,780.213,-0.068758,22.817,0.000531858,597.475,2.95589
0.00595677,767.819,-0.0780107,22.8173,0.000531858,597.475,2.95586
0.00595678,756.852,-0.0829755,22.8176,0.000531858,597.476,2.95584
0.00595679,745.704,-0.0855127,22.8179,0.000531858,597.476,2.95583
0.00595679,734.16,-0.0857125,22.8181,0.000531858,597.476,2.95581
0.0059568,719.294,-0.0823345,22.8184,0.000531858,597.476,2.95578
0.00595681,704.039,-0.0740309,22.8186,0.000531858,597.476,2.95575
0.00595682,688.408,-0.0582849,22.8188,0.000531858,597.476,2.95572
0.00595684,677.346,-0.0381817,22.8189,0.000531858,597.477,2.95568
0.00595684,672.3,-0.0210521,22.8188,0.000531858,597.477,2.95566
0.00595685,670.464,-0.0072322,22.8187,0.000531858,597.477,2.95564
0.00595686,670.405,0.00594862,22.8185,0.000531858,597.477,2.95562
0.00595686,672.106,0.0196913,22.8183,0.000531858,597.477,2.9556
0.00595687,676.242,0.0348075,22.8181,0.000531858,597.477,2.95558
0.00595688,684.498,0.0519408,22.8177,0.000531858,597.477,2.95555
0.00595689,697.292,0.0676877,22.8172,0.000531858,597.477,2.95552
0.0059569,709.16,0.0766397,22.8168,0.000531858,597.477,2.9555
0.00595691,719.821,0.0816247,22.8164,0.000531858,597.477,2.95548
0.00595691,730.669,0.0842838,22.8161,0.000531858,597.477,2.95546
0.00595692,741.953,0.0847011,22.8158,0.000531858,597.477,2.95544
0.00595693,756.267,0.0818018,22.8154,0.000531858,597.477,2.95541
0.00595694,771.316,0.0740952,22.8151,0.000531858,597.477,2.95539
0.00595695,786.73,0.0592888,22.8148,0.000531858,597.477,2.95535
0.00595696,797.595,0.0407796,22.8146,0.000531858,597.477,2.95532
0.00595697,803.178,0.0236565,22.8146,0.000531858,597.477,2.95529
0.00595698,805.393,0.00958002,22.8146,0.000531858,597.477,2.95527
0.00595698,805.746,-0.00356208,22.8147,0.000531858,597.477,2.95525
0.00595699,804.344,-0.0174561,22.8148,0.000531858,597.477,2.95523
0.005957,800.874,-0.0316894,22.815,0.000531858,597.477,2.95521
0.005957,793.263,-0.0490122,22.8153,0.000531858,597.477,2.95518
0.00595702,781.671,-0.0645876,22.8156,0.000531858,597.477,2.95515
0.00595702,768.944,-0.0749709,22.816,0.000531858,597.478,2.95513
0.00595703,758.137,-0.0803198,22.8163,0.000531858,597.478,2.95511
0.00595704,747.357,-0.0831647,22.8165,0.000531858,597.478,2.95509
0.00595704,735.974,-0.0837503,22.8168,0.000531858,597.478,2.95507
0.00595705,722.149,-0.0811773,22.817,0.000531858,597.478,2.95504
0.00595706,707.064,-0.0738064,22.8173,0.000531858,597.478,2.95501
0.00595707,702.68,-0.0705946,22.8173,0.000531858,597.478,2.955
0.00595707,701.077,-0.069238,22.8173,0.000531858,597.478,2.955
0.00595707,697.952,-0.0663902,22.8174,0.000531858,597.478,2.95499
0.00595707,693.945,-0.0622249,22.8174,0.000531858,597.479,2.95498
0.00595708,686.776,-0.052839,22.8175,0.000531858,597.479,2.95497
0.00595709,678.019,-0.0354566,22.8175,0.000531858,597.479,2.95494
0.0059571,673.41,-0.0187391,22.8174,0.000531858,597.479,2.95491
0.0059571,671.834,-0.00487906,22.8173,0.000531858,597.479,2.95489
0.00595711,672.073,0.00835332,22.8171,0.000531858,597.479,2.95487
0.00595712,674.114,0.021944,22.8169,0.000531858,597.479,2.95485
0.00595712,678.943,0.0375104,22.8166,0.000531858,597.479,2.95483
0.00595713,687.767,0.0539596,22.8162,0.000531858,597.479,2.9548
0.00595714,701.504,0.06907,22.8157,0.000531858,597.479,2.95477
0.00595715,713.12,0.0767097,22.8153,0.000531858,597.479,2.95474
0.00595716,723.684,0.0808369,22.815,0.000531858,597.479,2.95472
0.00595717,735.417,0.0827699,22.8146,0.000531858,597.479,2.9547
0.00595717,746.644,0.0821713,22.8143,0.000531858,597.479,2.95468
0.00595718,762.021,0.0773118,22.814,0.000531858,597.479,2.95465
0.00595719,776.333,0.0677243,22.8136,0.000531858,597.479,2.95462
0.00595721,791.046,0.04977,22.8134,0.000531858,597.479,2.95458
0.00595722,799.288,0.0314186,22.8133,0.000531858,597.479,2.95455
0.00595722,802.996,0.0155554,22.8133,0.000531858,597.479,2.95453
0.00595723,804.117,0.0023691,22.8133,0.000531858,597.479,2.95451
0.00595724,803.587,-0.0105668,22.8134,0.000531858,597.479,2.95449
0.00595724,801.377,-0.0235843,22.8135,0.000531858,597.479,2.95447
0.00595725,796.003,-0.0396618,22.8137,0.000531858,597.479,2.95444
0.00595726,786.904,-0.0555111,22.814,0.000531858,597.479,2.95442
0.00595727,773.112,-0.0697244,22.8144,0.000531858,597.48,2.95438
0.00595728,761.996,-0.0765369,22.8147,0.000531858,597.48,2.95436
0.00595728,754.918,-0.0793206,22.8149,0.000531858,597.48,2.95435
0.00595729,746.671,-0.0812436,22.8151,0.000531858,597.48,2.95433
0.00595729,741.722,-0.0817572,22.8152,0.000531858,597.48,2.95432
0.00595729,740.825,-0.0817929,22.8152,0.000531858,597.48,2.95432
0.00595729,739.028,-0.0818275,22.8152,0.000531858,597.48,2.95432
0.0059573,735.436,-0.0817193,22.8153,0.000531858,597.48,2.95431
0.0059573,730.314,-0.0811418,22.8154,0.000531858,597.48,2.9543
0.00595731,720.28,-0.0785073,22.8156,0.000531858,597.48,2.95428
0.00595732,703.326,-0.0688536,22.8158,0.000531858,597.481,2.95425
0.00595733,690,-0.0546927,22.816,0.000531858,597.481,2.95421
0.00595734,680.558,-0.0376032,22.816,0.000531858,597.481,2.95418
0.00595735,675.718,-0.0222731,22.8159,0.000531858,597.481,2.95416
0.00595735,673.683,-0.00933726,22.8158,0.000531858,597.481,2.95414
0.00595736,673.319,0.00319218,22.8157,0.000531858,597.481,2.95412
0.00595736,674.632,0.0164356,22.8155,0.000531858,597.481,2.9541
0.00595737,677.942,0.0301033,22.8153,0.000531858,597.481,2.95408
0.00595738,685.219,0.0467506,22.8149,0.000531858,597.481,2.95405
0.00595739,696.333,0.061811,22.8144,0.000531858,597.481,2.95402
0.0059574,707.454,0.0712148,22.814,0.000531858,597.481,2.954
0.00595741,717.446,0.0766076,22.8137,0.000531858,597.481,2.95397
0.00595741,727.575,0.0797546,22.8134,0.000531858,597.481,2.95396
0.00595742,738.413,0.0808326,22.8131,0.000531858,597.481,2.95393
0.00595743,750.925,0.0792332,22.8127,0.000531858,597.481,2.95391
0.00595744,765.52,0.0732069,22.8124,0.000531858,597.481,2.95388
0.00595745,780.086,0.0614162,22.812,0.000531858,597.481,2.95385
0.00595746,793.125,0.0421305,22.8118,0.000531858,597.481,2.95381
0.00595747,799.564,0.0241265,22.8117,0.000531858,597.481,2.95378
0.00595748,801.93,0.0103749,22.8118,0.000531858,597.481,2.95376
0.00595748,802.42,-0.00209556,22.8118,0.000531858,597.481,2.95374
0.00595749,801.232,-0.0154683,22.8119,0.000531858,597.481,2.95372
0.0059575,798.283,-0.0284251,22.8121,0.000531858,597.481,2.9537
0.00595751,791.341,-0.0451267,22.8123,0.000531858,597.482,2.95367
0.00595752,780.945,-0.0598773,22.8126,0.000531858,597.482,2.95364
0.00595753,769.34,-0.0700522,22.8129,0.000531858,597.482,2.95361
0.00595753,759.266,-0.0755731,22.8132,0.000531858,597.482,2.95359
0.00595754,749.174,-0.078731,22.8134,0.000531858,597.482,2.95357
0.00595755,738.304,-0.0797986,22.8136,0.000531858,597.482,2.95355
0.00595755,725.933,-0.0781806,22.8139,0.000531858,597.482,2.95353
0.00595756,711.403,-0.0721316,22.8141,0.000531858,597.483,2.9535
0.00595757,697.017,-0.0604513,22.8143,0.000531858,597.483,2.95347
0.00595759,684.11,-0.0413891,22.8143,0.000531858,597.483,2.95343
0.0059576,677.91,-0.0243249,22.8143,0.000531858,597.483,2.9534
0.0059576,675.51,-0.0111328,22.8142,0.000531858,597.483,2.95338
0.00595761,674.906,0.0010335,22.814,0.000531858,597.483,2.95336
0.00595762,675.941,0.0141495,22.8139,0.000531858,597.483,2.95334
0.00595762,678.61,0.0265272,22.8136,0.000531858,597.483,2.95332
0.00595763,685.193,0.043043,22.8133,0.000531858,597.483,2.95329
0.00595764,694.996,0.0575561,22.8129,0.000531858,597.483,2.95326
0.00595765,705.925,0.0677307,22.8124,0.000531858,597.483,2.95323
0.00595766,715.577,0.0735182,22.8121,0.000531858,597.483,2.95321
0.00595766,725.308,0.0770485,22.8118,0.000531858,597.483,2.95319
0.00595767,735.949,0.0786169,22.8115,0.000531858,597.483,2.95317
0.00595768,747.158,0.0778192,22.8112,0.000531858,597.483,2.95315
0.00595769,761.533,0.0729404,22.8108,0.000531858,597.483,2.95312
0.0059577,775.436,0.0631645,22.8105,0.000531858,597.483,2.95309
0.00595771,789.018,0.045781,22.8102,0.000531858,597.483,2.95305
0.00595772,796.427,0.0284532,22.8101,0.000531858,597.483,2.95302
0.00595773,799.584,0.0143457,22.8101,0.000531858,597.483,2.953
0.00595773,800.592,0.00206204,22.8101,0.000531858,597.483,2.95298
0.00595774,800.071,-0.010171,22.8102,0.000531858,597.484,2.95296
0.00595775,797.972,-0.022437,22.8103,0.000531858,597.484,2.95294
0.00595775,792.806,-0.0378019,22.8105,0.000531858,597.484,2.95292
0.00595776,784.158,-0.0527786,22.8108,0.000531858,597.484,2.95289
0.00595777,772.446,-0.0651234,22.8111,0.000531858,597.484,2.95286
0.00595778,762.34,-0.0717519,22.8114,0.000531858,597.484,2.95283
0.00595779,752.61,-0.0756294,22.8116,0.000531858,597.484,2.95281
0.0059578,741.742,-0.0775144,22.8118,0.000531858,597.484,2.95279
0.0059578,731.243,-0.0770555,22.812,0.000531858,597.485,2.95277
0.00595781,716.795,-0.0726526,22.8123,0.000531858,597.485,2.95274
0.00595782,703.312,-0.0638472,22.8124,0.000531858,597.485,2.95271
0.00595783,689.387,-0.0473194,22.8125,0.000531858,597.485,2.95268
0.00595784,681.363,-0.0300379,22.8125,0.000531858,597.485,2.95264
0.00595785,677.831,-0.0157572,22.8124,0.000531858,597.485,2.95262
0.00595786,676.616,-0.00359331,22.8123,0.000531858,597.485,2.9526
0.00595786,676.932,0.00836556,22.8121,0.000531858,597.485,2.95258
0.00595787,678.819,0.0205255,22.8119,0.000531858,597.486,2.95256
0.00595788,683.423,0.0351348,22.8116,0.000531858,597.486,2.95254
0.00595789,691.571,0.050115,22.8112,0.000531858,597.486,2.95251
0.0059579,704.509,0.0641258,22.8107,0.000531858,597.486,2.95248
0.00595791,715.268,0.0710307,22.8103,0.000531858,597.486,2.95245
0.00595791,725.07,0.0747194,22.81,0.000531858,597.486,2.95243
0.00595792,735.906,0.0763528,22.8097,0.000531858,597.486,2.95241
0.00595793,746.449,0.0756215,22.8094,0.000531858,597.486,2.95239
0.00595794,760.611,0.070868,22.809,0.000531858,597.486,2.95236
0.00595795,773.863,0.0616397,22.8087,0.000531858,597.485,2.95233
0.00595796,787.247,0.0447033,22.8084,0.000531858,597.486,2.95229
0.00595797,794.463,0.0280391,22.8083,0.000531858,597.486,2.95226
0.00595798,797.595,0.01436,22.8083,0.000531858,597.486,2.95224
0.00595798,798.63,0.00245237,22.8083,0.000531858,597.486,2.95222
0.00595799,798.182,-0.00940199,22.8084,0.000531858,597.486,2.9522
0.005958,796.2,-0.0213297,22.8085,0.000531858,597.486,2.95218
0.00595801,791.326,-0.036117,22.8087,0.000531858,597.486,2.95216
0.00595802,783.042,-0.0507191,22.8089,0.000531858,597.486,2.95213
0.00595803,771.591,-0.0629561,22.8092,0.000531858,597.486,2.9521
0.00595803,761.678,-0.0695194,22.8095,0.000531858,597.486,2.95208
0.00595804,752.206,-0.0733232,22.8097,0.000531858,597.486,2.95206
0.00595805,741.617,-0.0751799,22.8099,0.000531858,597.487,2.95204
0.00595805,731.493,-0.0747574,22.8101,0.000531858,597.487,2.95202
0.00595806,717.456,-0.0705161,22.8103,0.000531858,597.487,2.95199
0.00595807,704.414,-0.0620462,22.8105,0.000531858,597.487,2.95196
0.00595809,690.865,-0.0460527,22.8106,0.000531858,597.487,2.95192
0.0059581,683.021,-0.029243,22.8105,0.000531858,597.487,2.95189
0.0059581,679.569,-0.015352,22.8104,0.000531858,597.488,2.95187
0.00595811,678.382,-0.00355367,22.8103,0.000531858,597.488,2.95185
0.00595812,678.679,0.0080305,22.8102,0.000531858,597.488,2.95183
0.00595812,680.497,0.0198163,22.81,0.000531858,597.488,2.95181
0.00595813,684.93,0.0339404,22.8097,0.000531858,597.488,2.95179
0.00595814,692.799,0.0484562,22.8093,0.000531858,597.488,2.95176
0.00595815,705.279,0.0620181,22.8088,0.000531858,597.488,2.95173
0.00595816,715.704,0.0687308,22.8084,0.000531858,597.488,2.9517
0.00595817,725.19,0.07231,22.8081,0.000531858,597.488,2.95168
0.00595817,735.682,0.0738963,22.8078,0.000531858,597.488,2.95166
0.00595818,745.815,0.0732033,22.8075,0.000531858,597.488,2.95164
0.00595819,759.521,0.0686314,22.8071,0.000531858,597.488,2.95161
0.0059582,772.315,0.0597762,22.8068,0.000531858,597.488,2.95159
0.00595821,785.317,0.0434395,22.8065,0.000531858,597.488,2.95155
0.00595822,792.279,0.0275668,22.8064,0.000531858,597.488,2.95152
0.00595823,795.379,0.0143823,22.8064,0.000531858,597.488,2.9515
0.00595824,796.444,0.00288663,22.8064,0.000531858,597.488,2.95148
0.00595824,796.076,-0.00855855,22.8065,0.000531858,597.488,2.95146
0.00595825,794.222,-0.0201184,22.8065,0.000531858,597.488,2.95144
0.00595826,789.664,-0.0342701,22.8067,0.000531858,597.488,2.95142
0.00595827,781.776,-0.0484558,22.8069,0.000531858,597.488,2.95139
0.00595828,770.618,-0.0605654,22.8072,0.000531858,597.488,2.95136
0.00595828,760.921,-0.0670502,22.8075,0.000531858,597.488,2.95134
0.00595829,751.738,-0.0707676,22.8077,0.000531858,597.489,2.95132
0.0059583,741.459,-0.0725887,22.8079,0.000531858,597.489,2.9513
0.00595831,731.751,-0.0722026,22.808,0.000531858,597.489,2.95128
0.00595831,718.173,-0.0681362,22.8083,0.000531858,597.489,2.95125
0.00595832,705.622,-0.0600334,22.8084,0.000531858,597.489,2.95122
0.00595834,692.493,-0.0446285,22.8085,0.000531858,597.489,2.95119
0.00595835,684.856,-0.0283503,22.8084,0.000531858,597.49,2.95116
0.00595836,681.496,-0.0148993,22.8083,0.000531858,597.49,2.95113
0.00595836,680.34,-0.00351419,22.8082,0.000531858,597.49,2.95111
0.00595837,680.613,0.00764546,22.808,0.000531858,597.49,2.9511
0.00595837,682.352,0.0190069,22.8079,0.000531858,597.49,2.95108
0.00595838,686.587,0.0325734,22.8076,0.000531858,597.49,2.95106
0.00595839,694.125,0.0465464,22.8072,0.000531858,597.49,2.95103
0.0059584,706.043,0.0595496,22.8067,0.000531858,597.49,2.951
0.00595841,716.041,0.0659885,22.8063,0.000531858,597.49,2.95097
0.00595842,722.932,0.0687467,22.8061,0.000531858,597.49,2.95096
0.00595842,728.254,0.0700565,22.8059,0.000531858,597.49,2.95095
0.00595842,735.617,0.0707334,22.8057,0.000531858,597.49,2.95093
0.00595843,737.691,0.0706902,22.8056,0.000531858,597.49,2.95093
0.00595843,739.701,0.0705498,22.8056,0.000531858,597.49,2.95093
0.00595843,741.686,0.0703161,22.8055,0.000531858,597.49,2.95092
0.00595843,744.234,0.0698796,22.8054,0.000531858,597.49,2.95092
0.00595843,746.513,0.0693615,22.8054,0.000531858,597.49,2.95091
0.00595843,749.029,0.0686539,22.8053,0.000531858,597.49,2.95091
0.00595844,751.668,0.0677627,22.8052,0.000531858,597.49,2.9509
0.00595844,753.332,0.0671225,22.8052,0.000531858,597.49,2.9509
0.00595844,754.645,0.0665734,22.8052,0.000531858,597.49,2.95089
0.00595844,756.081,0.0659281,22.8051,0.000531858,597.49,2.95089
0.00595844,757.756,0.0651117,22.8051,0.000531858,597.49,2.95089
0.00595844,760.073,0.0638617,22.805,0.000531858,597.49,2.95088
0.00595844,762.136,0.0626221,22.805,0.000531858,597.49,2.95088
0.00595845,764.399,0.061114,22.8049,0.000531858,597.49,2.95087
0.00595845,768.072,0.0583012,22.8048,0.000531858,597.49,2.95086
0.00595845,773.529,0.0531432,22.8047,0.000531858,597.49,2.95085
0.00595846,781.604,0.0424849,22.8045,0.000531858,597.49,2.95083
0.00595847,787.762,0.0298422,22.8044,0.000531858,597.49,2.9508
0.00595848,791.983,0.0139051,22.8043,0.000531858,597.49,2.95078
0.00595849,793.062,0.00197636,22.8044,0.000531858,597.49,2.95076
0.00595849,792.571,-0.00929441,22.8044,0.000531858,597.49,2.95074
0.0059585,790.543,-0.0206526,22.8045,0.000531858,597.49,2.95072
0.00595851,785.869,-0.0340835,22.8047,0.000531858,597.49,2.95069
0.00595852,777.924,-0.0474404,22.8049,0.000531858,597.49,2.95067
0.00595853,767.555,-0.0580387,22.8051,0.000531858,597.491,2.95064
0.00595854,758.679,-0.0636874,22.8053,0.000531858,597.491,2.95062
0.00595854,750.053,-0.0669934,22.8055,0.000531858,597.491,2.9506
0.00595855,740.461,-0.0685254,22.8057,0.000531858,597.491,2.95058
0.00595856,731.053,-0.0679756,22.8058,0.000531858,597.491,2.95056
0.00595857,718.309,-0.0638697,22.806,0.000531858,597.491,2.95054
0.00595858,706.369,-0.0557943,22.8062,0.000531858,597.491,2.95051
0.00595859,694.219,-0.0409044,22.8062,0.000531858,597.492,2.95047
0.0059586,687.466,-0.0259173,22.8061,0.000531858,597.492,2.95045
0.00595861,684.487,-0.0135631,22.806,0.000531858,597.492,2.95042
0.00595861,683.462,-0.00293917,22.8059,0.000531858,597.492,2.95041
0.00595862,683.763,0.00754974,22.8058,0.000531858,597.492,2.95039
0.00595863,685.431,0.018177,22.8056,0.000531858,597.492,2.95037
0.00595863,689.495,0.0309871,22.8053,0.000531858,597.492,2.95035
0.00595864,691.482,0.0353372,22.8052,0.000531858,597.492,2.95034
0.00595864,693.235,0.038636,22.8051,0.000531858,597.492,2.95034
0.00595864,694.251,0.0403646,22.805,0.000531858,597.492,2.95033
0.00595864,695.391,0.0421719,22.805,0.000531858,597.492,2.95033
0.00595864,696.25,0.0434466,22.8049,0.000531858,597.492,2.95033
0.00595864,696.959,0.0444481,22.8049,0.000531858,597.492,2.95032
0.00595864,697.659,0.0453913,22.8049,0.000531858,597.492,2.95032
0.00595864,698.441,0.0463921,22.8048,0.000531858,597.492,2.95032
0.00595865,699.213,0.0473272,22.8048,0.000531858,597.492,2.95032
0.00595865,700.082,0.0483123,22.8048,0.000531858,597.492,2.95031
0.00595865,700.953,0.0492258,22.8047,0.000531858,597.492,2.95031
0.00595865,701.477,0.049738,22.8047,0.000531858,597.492,2.95031
0.00595865,701.937,0.0501651,22.8047,0.000531858,597.492,2.95031
0.00595865,702.441,0.0506076,22.8047,0.000531858,597.492,2.95031
0.00595865,702.957,0.0510323,22.8047,0.000531858,597.492,2.95031
0.00595865,703.76,0.0516346,22.8046,0.000531858,597.492,2.9503
0.00595865,705.024,0.0524328,22.8046,0.000531858,597.492,2.9503
0.00595865,706.187,0.0530006,22.8045,0.000531858,597.492,2.9503
0.00595865,708.067,0.0535646,22.8045,0.000531858,597.492,2.95029
0.00595866,710.392,0.0536422,22.8044,0.000531858,597.492,2.95029
0.00595866,712.623,0.0530726,22.8043,0.000531858,597.492,2.95028
0.00595866,715.134,0.0516971,22.8042,0.000531858,597.492,2.95028
0.00595866,717.914,0.0493336,22.8041,0.000531858,597.492,2.95027
0.00595867,720.426,0.0465301,22.804,0.000531858,597.492,2.95026
0.00595867,722.219,0.0442039,22.8039,0.000531858,597.492,2.95026
0.00595867,723.641,0.0422145,22.8039,0.000531858,597.492,2.95025
0.00595867,724.837,0.0404805,22.8038,0.000531858,597.492,2.95025
0.00595867,725.833,0.0390204,22.8038,0.000531858,597.492,2.95024
0.00595867,726.794,0.0376213,22.8038,0.000531858,597.492,2.95024
0.00595867,727.741,0.0362747,22.8037,0.000531858,597.492,2.95024
0.00595868,728.753,0.034898,22.8037,0.000531858,597.492,2.95023
0.00595868,730.142,0.0331661,22.8037,0.000531858,597.492,2.95023
0.00595868,731.764,0.0314523,22.8036,0.000531858,597.492,2.95022
0.00595868,733.252,0.0302317,22.8035,0.000531858,597.492,2.95021
0.00595868,734.446,0.0295173,22.8035,0.000531858,597.492,2.95021
0.00595869,735.678,0.0290214,22.8035,0.000531858,597.492,2.9502
0.00595869,736.79,0.0287607,22.8034,0.000531858,597.492,2.9502
0.00595869,737.168,0.028709,22.8034,0.000531858,597.492,2.9502
0.00595869,737.412,0.0286842,22.8034,0.000531858,597.492,2.9502
0.00595869,737.586,0.0286699,22.8034,0.000531858,597.492,2.9502
0.00595869,737.737,0.0286594,22.8034,0.000531858,597.492,2.95019
0.00595869,737.941,0.0286467,22.8034,0.000531858,597.492,2.95019
0.00595869,738.141,0.0286346,22.8034,0.000531858,597.492,2.95019
0.00595869,738.358,0.0286202,22.8034,0.000531858,597.492,2.95019
0.00595869,738.508,0.028609,22.8034,0.000531858,597.492,2.95019
0.00595869,738.724,0.028591,22.8034,0.000531858,597.492,2.95019
0.00595869,738.978,0.0285664,22.8034,0.000531858,597.492,2.95019
0.00595869,739.485,0.028507,22.8033,0.000531858,597.492,2.95019
0.00595869,740.313,0.0283797,22.8033,0.000531858,597.492,2.95018
0.0059587,741.383,0.0281594,22.8033,0.000531858,597.492,2.95018
0.0059587,742.731,0.0277897,22.8032,0.000531858,597.492,2.95017
0.0059587,744.109,0.0273007,22.8032,0.000531858,597.492,2.95016
0.0059587,745.38,0.0267454,22.8032,0.000531858,597.492,2.95016
0.00595871,746.49,0.0261735,22.8031,0.000531858,597.492,2.95015
0.00595871,747.424,0.025625,22.8031,0.000531858,597.492,2.95015
0.00595871,748.188,0.0251277,22.8031,0.000531858,597.492,2.95014
0.00595871,748.934,0.0245978,22.803,0.000531858,597.492,2.95014
0.00595871,749.676,0.0240238,22.803,0.000531858,597.492,2.95014
0.00595871,750.593,0.0232442,22.803,0.000531858,597.492,2.95013
0.00595872,751.685,0.0222055,22.803,0.000531858,597.492,2.95012
0.00595872,752.936,0.0208448,22.8029,0.000531858,597.492,2.95012
0.00595872,754.291,0.0191213,22.8029,0.000531858,597.492,2.95011
0.00595873,755.706,0.0169629,22.8028,0.000531858,597.492,2.9501
0.00595873,757.114,0.0142895,22.8028,0.000531858,597.492,2.95008
0.00595874,758.432,0.0109766,22.8028,0.000531858,597.492,2.95007
0.00595874,759.521,0.00687936,22.8027,0.000531858,597.492,2.95005
0.00595875,760.151,0.00180449,22.8027,0.000531858,597.492,2.95003
0.00595876,760.072,-0.00291643,22.8027,0.000531858,597.493,2.95002
0.00595876,759.342,-0.00764988,22.8027,0.000531858,597.493,2.95
0.00595877,757.599,-0.0130801,22.8027,0.000531858,597.493,2.94998
0.00595878,754.527,-0.0186021,22.8028,0.000531858,597.493,2.94995
0.00595879,749.724,-0.0236563,22.8028,0.000531858,597.493,2.94992
0.0059588,745.29,-0.0263126,22.8029,0.000531858,597.493,2.9499
0.00595881,741.403,-0.0275365,22.8029,0.000531858,597.493,2.94988
0.00595882,737.54,-0.0278788,22.8029,0.000531858,597.493,2.94986
0.00595882,733.582,-0.0273602,22.803,0.000531858,597.493,2.94984
0.00595883,729.209,-0.025697,22.803,0.000531858,597.493,2.94982
0.00595884,724.391,-0.0222355,22.803,0.000531858,597.494,2.94979
0.00595885,719.94,-0.0166487,22.8029,0.000531858,597.494,2.94976
0.00595886,717.253,-0.0107819,22.8029,0.000531858,597.494,2.94974
0.00595887,716.004,-0.00581329,22.8028,0.000531858,597.494,2.94972
0.00595888,715.548,-0.00156835,22.8027,0.000531858,597.494,2.9497
0.00595888,715.614,0.00257971,22.8026,0.000531858,597.494,2.94969
0.00595889,716.216,0.00681033,22.8025,0.000531858,597.494,2.94967
0.00595889,717.066,0.0100159,22.8024,0.000531858,597.494,2.94966
0.0059589,717.514,0.0112953,22.8024,0.000531858,597.494,2.94965
0.0059589,717.974,0.0124409,22.8023,0.000531858,597.494,2.94965
0.0059589,718.325,0.0132245,22.8023,0.000531858,597.494,2.94964
0.0059589,718.664,0.0139184,22.8023,0.000531858,597.494,2.94964
0.0059589,719.011,0.0145708,22.8022,0.000531858,597.494,2.94964
0.0059589,719.394,0.015229,22.8022,0.000531858,597.494,2.94963
0.0059589,719.734,0.0157607,22.8022,0.000531858,597.494,2.94963
0.0059589,720.146,0.0163384,22.8022,0.000531858,597.494,2.94963
0.00595891,720.438,0.0167036,22.8022,0.000531858,597.494,2.94963
0.00595891,720.643,0.0169386,22.8021,0.000531858,597.494,2.94962
0.00595891,720.827,0.0171345,22.8021,0.000531858,597.494,2.94962
0.00595891,721.044,0.017346,22.8021,0.000531858,597.494,2.94962
0.00595891,721.26,0.0175366,22.8021,0.000531858,597.494,2.94962
0.00595891,721.697,0.0178596,22.8021,0.000531858,597.494,2.94962
0.00595891,722.19,0.018119,22.802,0.000531858,597.494,2.94961
0.00595891,722.954,0.0182961,22.802,0.000531858,597.494,2.94961
0.00595891,723.811,0.0181599,22.802,0.000531858,597.494,2.9496
0.00595892,724.647,0.0176743,22.8019,0.000531858,597.494,2.9496
0.00595892,725.571,0.0167162,22.8019,0.000531858,597.494,2.94959
0.00595892,726.541,0.0152142,22.8018,0.000531858,597.494,2.94958
0.00595893,727.391,0.0134522,22.8017,0.000531858,597.494,2.94957
0.00595893,728.227,0.0113055,22.8017,0.000531858,597.494,2.94956
0.00595893,728.961,0.00908512,22.8016,0.000531858,597.494,2.94956
0.00595894,729.59,0.00698815,22.8016,0.000531858,597.494,2.94955
0.00595894,730.01,0.00557363,22.8016,0.000531858,597.494,2.94954
0.00595894,730.32,0.004627,22.8015,0.000531858,597.494,2.94953
0.00595895,730.579,0.00400986,22.8015,0.000531858,597.494,2.94952
0.00595895,730.833,0.00366468,22.8015,0.000531858,597.494,2.94951
0.00595895,731.031,0.0036101,22.8014,0.000531858,597.494,2.94951
0.00595895,731.21,0.00370791,22.8014,0.000531858,597.494,2.9495
0.00595896,731.382,0.00389642,22.8014,0.000531858,597.494,2.9495
0.00595896,731.517,0.00408508,22.8014,0.000531858,597.494,2.94949
0.00595896,731.612,0.00423064,22.8014,0.000531858,597.495,2.94949
0.00595896,731.722,0.00440225,22.8013,0.000531858,597.495,2.94949
0.00595896,731.848,0.00459371,22.8013,0.000531858,597.495,2.94948
0.00595896,731.967,0.00476654,22.8013,0.000531858,597.495,2.94948
0.00595896,732.089,0.00493301,22.8013,0.000531858,597.495,2.94948
0.00595896,732.224,0.005104,22.8013,0.000531858,597.495,2.94947
0.00595897,732.399,0.00530454,22.8013,0.000531858,597.495,2.94947
0.00595897,732.633,0.0055367,22.8012,0.000531858,597.495,2.94946
0.00595897,732.864,0.00572795,22.8012,0.000531858,597.495,2.94946
0.00595897,733.069,0.00586638,22.8012,0.000531858,597.495,2.94945
0.00595897,733.25,0.00596372,22.8012,0.000531858,597.495,2.94945
0.00595898,733.429,0.00603598,22.8012,0.000531858,597.495,2.94945
0.00595898,733.61,0.00608386,22.8011,0.000531858,597.495,2.94944
0.00595898,733.79,0.00610452,22.8011,0.000531858,597.495,2.94944
0.00595898,734.053,0.00608177,22.8011,0.000531858,597.495,2.94943
0.00595898,734.311,0.00599263,22.8011,0.000531858,597.495,2.94943
0.00595898,734.527,0.00586098,22.8011,0.000531858,597.495,2.94942
0.00595899,734.726,0.00568948,22.801,0.000531858,597.495,2.94942
0.00595899,734.923,0.00546431,22.801,0.000531858,597.495,2.94941
0.00595899,735.161,0.00511103,22.801,0.000531858,597.495,2.94941
0.00595899,735.43,0.00458286,22.801,0.000531858,597.495,2.9494
0.005959,735.692,0.00389619,22.8009,0.000531858,597.495,2.94939
0.005959,735.924,0.00307839,22.8009,0.000531858,597.495,2.94939
0.005959,736.114,0.0021449,22.8009,0.000531858,597.495,2.94938
0.00595901,736.232,0.00128632,22.8009,0.000531858,597.495,2.94937
0.00595901,736.287,0.000595792,22.8008,0.000531858,597.495,2.94936
0.00595901,736.304,2.8637e-05,22.8008,0.000531858,597.495,2.94935
0.00595901,736.292,-0.00048768,22.8008,0.000531858,597.495,2.94935
0.00595902,736.251,-0.000965205,22.8008,0.000531858,597.495,2.94934
0.00595902,736.202,-0.00127625,22.8008,0.000531858,597.495,2.94934
0.00595902,736.137,-0.00154672,22.8007,0.000531858,597.495,2.94933
0.00595902,736.061,-0.0017644,22.8007,0.000531858,597.495,2.94932
0.00595903,735.984,-0.00191944,22.8007,0.000531858,597.495,2.94932
0.00595903,735.905,-0.00203426,22.8007,0.000531858,597.495,2.94931
0.00595903,735.821,-0.00212317,22.8007,0.000531858,597.495,2.94931
0.00595903,735.732,-0.00218883,22.8007,0.000531858,597.495,2.9493
0.00595903,735.61,-0.00224758,22.8006,0.000531858,597.495,2.9493
0.00595904,735.48,-0.00228712,22.8006,0.000531858,597.495,2.94929
0.00595904,735.361,-0.00231429,22.8006,0.000531858,597.495,2.94928
0.00595904,735.243,-0.00234258,22.8006,0.000531858,597.495,2.94928
0.00595904,735.123,-0.00238155,22.8006,0.000531858,597.495,2.94927
0.00595905,735,-0.00243966,22.8006,0.000531858,597.495,2.94927
0.00595905,734.853,-0.00254291,22.8005,0.000531858,597.495,2.94926
0.00595905,734.708,-0.00268339,22.8005,0.000531858,597.495,2.94925
0.00595906,734.579,-0.00283894,22.8005,0.000531858,597.495,2.94925
0.00595906,734.458,-0.00300936,22.8005,0.000531858,597.495,2.94924
0.00595906,734.323,-0.00322046,22.8005,0.000531858,597.495,2.94924
0.00595906,734.17,-0.00348243,22.8005,0.000531858,597.495,2.94923
0.00595906,733.931,-0.0039114,22.8004,0.000531858,597.495,2.94922
0.00595907,733.617,-0.00448274,22.8004,0.000531858,597.495,2.94921
0.00595907,733.195,-0.00521445,22.8004,0.000531858,597.495,2.9492
0.00595908,732.672,-0.00602716,22.8003,0.000531858,597.496,2.94919
0.00595908,731.965,-0.00694471,22.8003,0.000531858,597.496,2.94918
0.00595909,731.283,-0.00765249,22.8003,0.000531858,597.496,2.94917
0.00595909,730.574,-0.00823149,22.8003,0.000531858,597.496,2.94916
0.0059591,729.793,-0.00871764,22.8002,0.000531858,597.496,2.94914
0.0059591,728.886,-0.00913474,22.8002,0.000531858,597.496,2.94913
0.00595911,727.92,-0.00946507,22.8002,0.000531858,597.496,2.94912
0.00595911,726.65,-0.00982633,22.8001,0.000531858,597.496,2.9491
0.00595912,725.335,-0.0102124,22.8001,0.000531858,597.496,2.94909
0.00595913,724,-0.0106839,22.8001,0.000531858,597.496,2.94907
0.00595913,722.412,-0.0113652,22.8,0.000531858,597.496,2.94906
0.00595914,720.62,-0.012228,22.8,0.000531858,597.496,2.94904
0.00595915,718.205,-0.0133716,22.7999,0.000531858,597.496,2.94902
0.00595916,715.552,-0.0144532,22.7999,0.000531858,597.496,2.94899
0.00595917,712.411,-0.0154544,22.7998,0.000531858,597.496,2.94897
0.00595918,708.519,-0.0164124,22.7998,0.000531858,597.497,2.94894
0.00595919,705.282,-0.0171055,22.7997,0.000531858,597.497,2.94892
0.0059592,701.614,-0.0178886,22.7997,0.000531858,597.497,2.94889
0.00595921,697.908,-0.0187022,22.7996,0.000531858,597.497,2.94887
0.00595922,693.165,-0.0197182,22.7996,0.000531858,597.497,2.94884
0.00595923,688.245,-0.0206686,22.7995,0.000531858,597.497,2.94881
0.00595925,682.351,-0.0216417,22.7994,0.000531858,597.497,2.94878
0.00595927,674.733,-0.0227081,22.7994,0.000531858,597.498,2.94874
0.00595929,665.239,-0.0238597,22.7993,0.000531858,597.498,2.9487
0.00595931,655.296,-0.0248955,22.7992,0.000531858,597.498,2.94865
0.00595933,644.958,-0.0257785,22.7991,0.000531858,597.498,2.9486
0.00595935,634.295,-0.0264828,22.799,0.000531858,597.499,2.94856
0.00595937,623.377,-0.0270058,22.7989,0.000531858,597.499,2.94851
0.00595939,612.278,-0.0273513,22.7988,0.000531858,597.499,2.94847
0.00595941,601.071,-0.0275182,22.7987,0.000531858,597.499,2.94843
0.00595943,589.828,-0.0275035,22.7987,0.000531858,597.5,2.94838
0.00595945,578.626,-0.027306,22.7986,0.000531858,597.5,2.94834
0.00595947,567.539,-0.0269276,22.7985,0.000531858,597.5,2.94829
0.00595949,556.64,-0.0263715,22.7984,0.000531858,597.5,2.94825
0.00595951,546.002,-0.0256413,22.7983,0.000531858,597.501,2.94821
0.00595953,535.695,-0.0247417,22.7982,0.000531858,597.501,2.94817
0.00595955,525.788,-0.0236786,22.7981,0.000531858,597.501,2.94812
0.00595957,516.346,-0.022459,22.7981,0.000531858,597.501,2.94808
0.00595959,507.432,-0.021091,22.798,0.000531858,597.502,2.94804
0.00595961,499.106,-0.0195835,22.7979,0.000531858,597.502,2.948
0.00595963,491.422,-0.0179466,22.7978,0.000531858,597.502,2.94796
0.00595965,484.433,-0.0161911,22.7977,0.000531858,597.502,2.94792
0.00595967,478.183,-0.0143286,22.7976,0.000531858,597.502,2.94788
0.00595969,472.716,-0.0123714,22.7976,0.000531858,597.503,2.94784
0.00595971,468.067,-0.0103325,22.7975,0.000531858,597.503,2.9478
0.00595973,464.267,-0.00822542,22.7974,0.000531858,597.503,2.94776
0.00595975,461.341,-0.00606412,22.7973,0.000531858,597.503,2.94772
0.00595977,459.308,-0.00386293,22.7972,0.000531858,597.503,2.94768
0.00595979,458.183,-0.00163643,22.7972,0.000531858,597.504,2.94765
0.00595981,457.972,0.000600594,22.7971,0.000531858,597.504,2.94761
0.00595983,458.677,0.00283337,22.797,0.000531858,597.504,2.94757
0.00595985,460.293,0.00504706,22.7969,0.000531858,597.504,2.94753
0.00595987,462.809,0.007227,22.7968,0.000531858,597.504,2.9475
0.00595989,466.208,0.00935875,22.7968,0.000531858,597.504,2.94746
0.00595991,470.468,0.0114282,22.7967,0.000531858,597.505,2.94742
0.00595993,475.559,0.0134217,22.7966,0.000531858,597.505,2.94739
0.00595995,481.448,0.0153259,22.7965,0.000531858,597.505,2.94735
0.00595997,488.095,0.0171285,22.7964,0.000531858,597.505,2.94732
0.00595999,495.457,0.0188174,22.7964,0.000531858,597.505,2.94728
0.00596001,503.483,0.0203814,22.7963,0.000531858,597.505,2.94725
0.00596003,512.121,0.0218104,22.7962,0.000531858,597.505,2.94721
0.00596005,521.313,0.023095,22.7961,0.000531858,597.505,2.94718
0.00596007,530.998,0.0242266,22.796,0.000531858,597.505,2.94715
0.00596009,541.111,0.0251979,22.796,0.000531858,597.506,2.94711
0.00596011,551.585,0.0260027,22.7959,0.000531858,597.506,2.94708
0.00596013,562.35,0.0266356,22.7958,0.000531858,597.506,2.94705
0.00596015,573.336,0.0270926,22.7957,0.000531858,597.506,2.94702
0.00596017,584.468,0.0273709,22.7956,0.000531858,597.506,2.94698
0.00596019,595.675,0.0274688,22.7955,0.000531858,597.506,2.94695
0.00596021,606.88,0.0273858,22.7955,0.000531858,597.506,2.94692
0.00596023,618.011,0.0271226,22.7954,0.000531858,597.506,2.94689
0.00596025,628.994,0.0266813,22.7953,0.000531858,597.506,2.94686
0.00596027,639.757,0.0260649,22.7952,0.000531858,597.506,2.94683
0.00596029,650.229,0.0252777,22.7951,0.000531858,597.506,2.9468
0.00596031,660.342,0.0243254,22.795,0.000531858,597.507,2.94677
0.00596033,670.03,0.0232144,22.795,0.000531858,597.507,2.94674
0.00596035,679.23,0.0219524,22.7949,0.000531858,597.507,2.94671
0.00596037,687.883,0.0205482,22.7948,0.000531858,597.507,2.94668
0.00596039,695.932,0.0190114,22.7947,0.000531858,597.507,2.94666
0.00596041,703.328,0.0173529,22.7946,0.000531858,597.507,2.94663
0.00596043,710.024,0.0155842,22.7945,0.000531858,597.507,2.9466
0.00596045,715.977,0.0137173,22.7944,0.000531858,597.507,2.94657
0.00596047,721.152,0.0117653,22.7944,0.000531858,597.507,2.94655
0.00596047,722.103,0.0113608,22.7943,0.000531858,597.508,2.94654
0.00596047,722.966,0.0109783,22.7943,0.000531858,597.508,2.94654
0.00596048,724.169,0.0104164,22.7943,0.000531858,597.508,2.94653
0.00596048,724.76,0.0101271,22.7943,0.000531858,597.508,2.94653
0.00596049,725.637,0.00967876,22.7943,0.000531858,597.508,2.94652
0.00596049,726.409,0.00926316,22.7942,0.000531858,597.508,2.94652
0.0059605,727.851,0.00842536,22.7942,0.000531858,597.508,2.9465
0.00596051,729.458,0.00737098,22.7942,0.000531858,597.508,2.94649
0.00596053,731.749,0.00551845,22.7941,0.000531858,597.508,2.94647
0.00596054,733.093,0.00405103,22.794,0.000531858,597.508,2.94645
0.00596055,733.903,0.00282257,22.794,0.000531858,597.508,2.94644
0.00596056,734.345,0.00183533,22.7939,0.000531858,597.508,2.94643
0.00596057,734.599,0.000850151,22.7939,0.000531858,597.508,2.94641
0.00596058,734.663,-0.000242152,22.7938,0.000531858,597.508,2.9464
0.00596059,734.5,-0.00132213,22.7938,0.000531858,597.508,2.94639
0.0059606,733.908,-0.00280636,22.7937,0.000531858,597.509,2.94637
0.00596062,732.928,-0.00424281,22.7937,0.000531858,597.509,2.94635
0.00596063,731.436,-0.00577633,22.7936,0.000531858,597.509,2.94634
0.00596065,729.299,-0.00742968,22.7935,0.000531858,597.509,2.94632
0.00596067,726.129,-0.00933234,22.7934,0.000531858,597.509,2.9463
0.00596069,721.932,-0.011325,22.7933,0.000531858,597.509,2.94627
0.00596071,716.938,-0.013248,22.7932,0.000531858,597.51,2.94625
0.00596073,711.178,-0.0150872,22.7932,0.000531858,597.51,2.94623
0.00596075,704.688,-0.0168291,22.7931,0.000531858,597.51,2.94621
0.00596076,699.95,-0.0179361,22.793,0.000531858,597.51,2.94619
0.00596077,696.968,-0.0185749,22.793,0.000531858,597.51,2.94618
0.00596078,693.758,-0.0192188,22.7929,0.000531858,597.51,2.94618
0.00596079,689.85,-0.0199475,22.7929,0.000531858,597.51,2.94617
0.0059608,685.567,-0.0206848,22.7928,0.000531858,597.511,2.94615
0.00596081,679.543,-0.021626,22.7928,0.000531858,597.511,2.94614
0.00596083,672.774,-0.0225672,22.7927,0.000531858,597.511,2.94612
0.00596084,665.815,-0.0234218,22.7926,0.000531858,597.511,2.94611
0.00596086,656.966,-0.0243612,22.7926,0.000531858,597.511,2.94609
0.00596088,647.755,-0.0251802,22.7925,0.000531858,597.512,2.94607
0.0059609,637.325,-0.0259275,22.7924,0.000531858,597.512,2.94605
0.00596092,626.622,-0.0265074,22.7923,0.000531858,597.512,2.94604
0.00596094,615.715,-0.0269127,22.7922,0.000531858,597.512,2.94602
0.00596096,604.676,-0.0271392,22.7921,0.000531858,597.513,2.946
0.00596098,593.578,-0.027185,22.792,0.000531858,597.513,2.94598
0.005961,582.494,-0.0270502,22.792,0.000531858,597.513,2.94596
0.00596102,571.499,-0.0267361,22.7919,0.000531858,597.513,2.94595
0.00596104,560.667,-0.026245,22.7918,0.000531858,597.514,2.94593
0.00596106,550.067,-0.0255803,22.7917,0.000531858,597.514,2.94591
0.00596108,539.773,-0.0247465,22.7916,0.000531858,597.514,2.9459
0.0059611,529.851,-0.0237491,22.7915,0.000531858,597.514,2.94588
0.00596112,520.367,-0.0225948,22.7914,0.000531858,597.515,2.94587
0.00596114,511.385,-0.021291,22.7914,0.000531858,597.515,2.94585
0.00596116,502.965,-0.0198466,22.7913,0.000531858,597.515,2.94584
0.00596118,495.161,-0.0182709,22.7912,0.000531858,597.515,2.94582
0.0059612,488.027,-0.0165745,22.7911,0.000531858,597.515,2.94581
0.00596122,481.61,-0.0147685,22.791,0.000531858,597.516,2.9458
0.00596124,475.951,-0.012865,22.7909,0.000531858,597.516,2.94578
0.00596126,471.09,-0.0108764,22.7909,0.000531858,597.516,2.94577
0.00596128,467.057,-0.00881611,22.7908,0.000531858,597.516,2.94576
0.0059613,463.881,-0.00669763,22.7907,0.000531858,597.516,2.94574
0.00596132,461.581,-0.00453505,22.7906,0.000531858,597.517,2.94573
0.00596134,460.174,-0.0023427,22.7905,0.000531858,597.517,2.94572
0.00596136,459.667,-0.000135153,22.7905,0.000531858,597.517,2.94571
0.00596138,460.066,0.00207301,22.7904,0.000531858,597.517,2.9457
0.0059614,461.366,0.00426717,22.7903,0.000531858,597.517,2.94569
0.00596142,463.559,0.00643276,22.7902,0.000531858,597.517,2.94568
0.00596144,466.631,0.00855541,22.7901,0.000531858,597.518,2.94567
0.00596146,470.561,0.0106211,22.7901,0.000531858,597.518,2.94566
0.00596148,475.322,0.0126161,22.79,0.000531858,597.518,2.94565
0.0059615,480.882,0.0145273,22.7899,0.000531858,597.518,2.94564
0.00596152,487.205,0.0163421,22.7898,0.000531858,597.518,2.94564
0.00596154,494.248,0.0180483,22.7897,0.000531858,597.518,2.94563
0.00596156,501.965,0.0196349,22.7897,0.000531858,597.518,2.94562
0.00596158,510.303,0.0210913,22.7896,0.000531858,597.519,2.94561
0.0059616,519.207,0.022408,22.7895,0.000531858,597.519,2.94561
0.00596162,528.619,0.0235763,22.7894,0.000531858,597.519,2.9456
0.00596164,538.474,0.0245887,22.7893,0.000531858,597.519,2.94559
0.00596166,548.709,0.0254384,22.7893,0.000531858,597.519,2.94559
0.00596168,559.254,0.0261199,22.7892,0.000531858,597.519,2.94558
0.0059617,570.04,0.026629,22.7891,0.000531858,597.519,2.94558
0.00596172,580.996,0.0269623,22.789,0.000531858,597.519,2.94557
0.00596174,592.048,0.0271179,22.7889,0.000531858,597.519,2.94557
0.00596176,603.123,0.0270948,22.7888,0.000531858,597.519,2.94556
0.00596178,614.15,0.0268934,22.7888,0.000531858,597.519,2.94556
0.0059618,625.053,0.0265152,22.7887,0.000531858,597.52,2.94556
0.00596182,635.763,0.025963,22.7886,0.000531858,597.52,2.94556
0.00596184,646.209,0.0252405,22.7885,0.000531858,597.52,2.94555
0.00596186,656.321,0.0243529,22.7884,0.000531858,597.52,2.94555
0.00596188,666.035,0.0233062,22.7883,0.000531858,597.52,2.94555
0.0059619,675.288,0.0221077,22.7883,0.000531858,597.52,2.94555
0.00596192,684.018,0.0207655,22.7882,0.000531858,597.52,2.94555
0.00596194,692.17,0.0192888,22.7881,0.000531858,597.52,2.94555
0.00596196,699.692,0.0176876,22.788,0.000531858,597.52,2.94555
0.00596198,706.537,0.0159725,22.7879,0.000531858,597.52,2.94555
0.00596199,711.824,0.0144225,22.7878,0.000531858,597.521,2.94555
0.005962,712.892,0.0140791,22.7878,0.000531858,597.521,2.94555
0.005962,713.655,0.0138269,22.7878,0.000531858,597.521,2.94555
0.005962,714.662,0.0134837,22.7878,0.000531858,597.521,2.94555
0.00596201,715.404,0.0132233,22.7878,0.000531858,597.521,2.94555
0.00596201,716.23,0.0129244,22.7878,0.000531858,597.521,2.94555
0.00596201,717.23,0.0125499,22.7878,0.000531858,597.521,2.94555
0.00596202,718.306,0.0121294,22.7877,0.000531858,597.521,2.94555
0.00596203,720.347,0.0112772,22.7877,0.000531858,597.521,2.94555
0.00596204,723.364,0.00985924,22.7876,0.000531858,597.521,2.94555
0.00596206,726.955,0.00780862,22.7875,0.000531858,597.521,2.94555
0.00596208,729.704,0.00573205,22.7875,0.000531858,597.521,2.94555
0.0059621,731.607,0.00364029,22.7874,0.000531858,597.521,2.94555
0.00596212,732.518,0.00196121,22.7873,0.000531858,597.521,2.94556
0.00596213,732.877,0.000386907,22.7872,0.000531858,597.522,2.94556
0.00596215,732.72,-0.00132614,22.7872,0.000531858,597.522,2.94556
0.00596217,731.776,-0.00337789,22.7871,0.000531858,597.522,2.94556
0.00596219,729.984,-0.00544406,22.787,0.000531858,597.522,2.94557
0.00596221,727.355,-0.00749059,22.7869,0.000531858,597.522,2.94557
0.00596223,723.903,-0.00950157,22.7868,0.000531858,597.522,2.94558
0.00596225,719.644,-0.0114577,22.7867,0.000531858,597.523,2.94558
0.00596227,714.603,-0.013342,22.7866,0.000531858,597.523,2.94559
0.00596229,708.812,-0.0151406,22.7865,0.000531858,597.523,2.94559
0.00596231,702.307,-0.0168417,22.7864,0.000531858,597.523,2.9456
0.00596233,695.13,-0.0184337,22.7863,0.000531858,597.524,2.94561
0.00596234,690.404,-0.0193533,22.7863,0.000531858,597.524,2.94561
0.00596235,687.394,-0.019894,22.7862,0.000531858,597.524,2.94561
0.00596236,684.101,-0.0204494,22.7862,0.000531858,597.524,2.94562
0.00596237,680.046,-0.0210858,22.7862,0.000531858,597.524,2.94562
0.00596238,675.664,-0.0217206,22.7861,0.000531858,597.524,2.94562
0.00596239,668.156,-0.022695,22.786,0.000531858,597.524,2.94563
0.00596241,661.516,-0.0234505,22.786,0.000531858,597.524,2.94563
0.00596242,654.91,-0.0241135,22.7859,0.000531858,597.525,2.94564
0.00596244,646.473,-0.0248422,22.7858,0.000531858,597.525,2.94565
0.00596246,637.229,-0.0254991,22.7858,0.000531858,597.525,2.94565
0.00596248,626.699,-0.0260767,22.7857,0.000531858,597.525,2.94566
0.0059625,615.966,-0.0264855,22.7856,0.000531858,597.526,2.94567
0.00596252,605.099,-0.0267194,22.7855,0.000531858,597.526,2.94568
0.00596254,594.17,-0.0267754,22.7854,0.000531858,597.526,2.94569
0.00596256,583.252,-0.0266528,22.7853,0.000531858,597.526,2.9457
0.00596258,572.417,-0.0263529,22.7852,0.000531858,597.527,2.94571
0.0059626,561.738,-0.0258782,22.7851,0.000531858,597.527,2.94573
0.00596262,551.285,-0.0252321,22.7851,0.000531858,597.527,2.94574
0.00596264,541.129,-0.024419,22.785,0.000531858,597.527,2.94575
0.00596266,531.337,-0.0234444,22.7849,0.000531858,597.528,2.94576
0.00596268,521.973,-0.0223149,22.7848,0.000531858,597.528,2.94577
0.0059627,513.101,-0.0210378,22.7847,0.000531858,597.528,2.94579
0.00596272,504.778,-0.0196216,22.7846,0.000531858,597.528,2.9458
0.00596274,497.061,-0.0180757,22.7846,0.000531858,597.528,2.94581
0.00596276,490.001,-0.0164104,22.7845,0.000531858,597.529,2.94583
0.00596278,483.644,-0.0146365,22.7844,0.000531858,597.529,2.94584
0.0059628,478.033,-0.012766,22.7843,0.000531858,597.529,2.94586
0.00596282,473.205,-0.0108111,22.7842,0.000531858,597.529,2.94587
0.00596284,469.193,-0.00878487,22.7841,0.000531858,597.529,2.94589
0.00596286,466.022,-0.00670069,22.7841,0.000531858,597.53,2.94591
0.00596288,463.714,-0.00457238,22.784,0.000531858,597.53,2.94592
0.0059629,462.284,-0.00241406,22.7839,0.000531858,597.53,2.94594
0.00596292,461.742,-0.000240048,22.7838,0.000531858,597.53,2.94596
0.00596294,462.091,0.00193527,22.7837,0.000531858,597.53,2.94597
0.00596296,463.328,0.00409752,22.7837,0.000531858,597.531,2.94599
0.00596298,465.445,0.00623232,22.7836,0.000531858,597.531,2.94601
0.005963,468.429,0.00832551,22.7835,0.000531858,597.531,2.94603
0.00596302,472.258,0.0103633,22.7834,0.000531858,597.531,2.94605
0.00596304,476.908,0.0123321,22.7833,0.000531858,597.531,2.94607
0.00596306,482.347,0.014219,22.7833,0.000531858,597.531,2.94609
0.00596308,488.539,0.0160115,22.7832,0.000531858,597.531,2.94611
0.0059631,495.443,0.0176977,22.7831,0.000531858,597.532,2.94613
0.00596312,503.012,0.0192666,22.783,0.000531858,597.532,2.94615
0.00596314,511.196,0.0207077,22.7829,0.000531858,597.532,2.94617
0.00596316,519.941,0.0220117,22.7829,0.000531858,597.532,2.94619
0.00596318,529.188,0.0231699,22.7828,0.000531858,597.532,2.94621
0.0059632,538.875,0.0241748,22.7827,0.000531858,597.532,2.94623
0.00596322,548.94,0.0250199,22.7826,0.000531858,597.532,2.94626
0.00596324,559.313,0.0256996,22.7825,0.000531858,597.532,2.94628
0.00596326,569.928,0.0262095,22.7825,0.000531858,597.532,2.9463
0.00596328,580.712,0.0265466,22.7824,0.000531858,597.532,2.94632
0.0059633,591.596,0.0267085,22.7823,0.000531858,597.532,2.94635
0.00596332,602.506,0.0266946,22.7822,0.000531858,597.533,2.94637
0.00596334,613.372,0.0265049,22.7821,0.000531858,597.533,2.9464
0.00596336,624.12,0.026141,22.782,0.000531858,597.533,2.94642
0.00596338,634.681,0.0256055,22.782,0.000531858,597.533,2.94645
0.0059634,644.985,0.0249021,22.7819,0.000531858,597.533,2.94647
0.00596342,654.964,0.0240356,22.7818,0.000531858,597.533,2.9465
0.00596344,664.554,0.0230121,22.7817,0.000531858,597.533,2.94653
0.00596346,673.692,0.0218384,22.7816,0.000531858,597.533,2.94655
0.00596348,682.319,0.0205226,22.7815,0.000531858,597.533,2.94658
0.0059635,690.379,0.0190734,22.7815,0.000531858,597.533,2.94661
0.00596352,697.82,0.0175002,22.7814,0.000531858,597.534,2.94664
0.00596354,704.594,0.0158131,22.7813,0.000531858,597.534,2.94666
0.00596354,705.828,0.0154735,22.7813,0.000531858,597.534,2.94667
0.00596354,706.771,0.0152059,22.7813,0.000531858,597.534,2.94667
0.00596354,707.696,0.0149364,22.7812,0.000531858,597.534,2.94668
0.00596355,708.891,0.014577,22.7812,0.000531858,597.534,2.94668
0.00596355,710.01,0.0142275,22.7812,0.000531858,597.534,2.94669
0.00596356,711.167,0.0138525,22.7812,0.000531858,597.534,2.94669
0.00596356,712.189,0.0135087,22.7812,0.000531858,597.534,2.9467
0.00596357,714.155,0.0128118,22.7811,0.000531858,597.534,2.94671
0.00596358,716.096,0.0120733,22.7811,0.000531858,597.534,2.94672
0.00596359,719.059,0.010831,22.781,0.000531858,597.534,2.94674
0.00596361,723.059,0.0088424,22.781,0.000531858,597.534,2.94677
0.00596363,726.239,0.00681596,22.7809,0.000531858,597.534,2.9468
0.00596365,728.59,0.00476102,22.7808,0.000531858,597.534,2.94683
0.00596367,730.102,0.00269288,22.7807,0.000531858,597.535,2.94686
0.00596369,730.776,0.000625385,22.7806,0.000531858,597.535,2.94689
0.00596371,730.611,-0.00143399,22.7805,0.000531858,597.535,2.94692
0.00596373,729.612,-0.00348303,22.7804,0.000531858,597.535,2.94695
0.00596375,727.783,-0.0055187,22.7803,0.000531858,597.535,2.94699
0.00596377,725.131,-0.00753165,22.7802,0.000531858,597.536,2.94702
0.00596379,721.669,-0.00950548,22.7801,0.000531858,597.536,2.94705
0.00596381,717.416,-0.0114234,22.78,0.000531858,597.536,2.94708
0.00596383,712.396,-0.0132701,22.78,0.000531858,597.536,2.94712
0.00596385,706.641,-0.0150324,22.7799,0.000531858,597.536,2.94715
0.00596387,700.186,-0.0166979,22.7798,0.000531858,597.537,2.94719
0.00596389,693.073,-0.0182546,22.7797,0.000531858,597.537,2.94722
0.00596391,685.348,-0.0196919,22.7796,0.000531858,597.537,2.94726
0.00596392,681.367,-0.0203479,22.7795,0.000531858,597.537,2.94727
0.00596392,678.406,-0.020803,22.7795,0.000531858,597.537,2.94729
0.00596393,674.872,-0.0213129,22.7795,0.000531858,597.537,2.9473
0.00596394,670.526,-0.0218939,22.7794,0.000531858,597.537,2.94732
0.00596395,665.114,-0.0225533,22.7794,0.000531858,597.538,2.94734
0.00596397,659.161,-0.0232039,22.7793,0.000531858,597.538,2.94736
0.00596398,652.954,-0.0238063,22.7793,0.000531858,597.538,2.94739
0.005964,645.172,-0.0244609,22.7792,0.000531858,597.538,2.94741
0.00596401,636.978,-0.025037,22.7791,0.000531858,597.538,2.94744
0.00596403,626.637,-0.0256076,22.779,0.000531858,597.538,2.94748
0.00596405,616.095,-0.0260155,22.7789,0.000531858,597.539,2.94752
0.00596407,605.419,-0.0262537,22.7789,0.000531858,597.539,2.94756
0.00596409,594.678,-0.0263176,22.7788,0.000531858,597.539,2.94759
0.00596411,583.945,-0.0262058,22.7787,0.000531858,597.539,2.94763
0.00596413,573.29,-0.0259193,22.7786,0.000531858,597.54,2.94767
0.00596415,562.785,-0.0254604,22.7785,0.000531858,597.54,2.94771
0.00596417,552.5,-0.0248325,22.7784,0.000531858,597.54,2.94775
0.00596419,542.504,-0.0240402,22.7783,0.000531858,597.54,2.94779
0.00596421,532.862,-0.0230889,22.7783,0.000531858,597.541,2.94783
0.00596423,523.639,-0.0219848,22.7782,0.000531858,597.541,2.94787
0.00596425,514.896,-0.0207354,22.7781,0.000531858,597.541,2.94791
0.00596427,506.691,-0.0193489,22.778,0.000531858,597.541,2.94795
0.00596429,499.08,-0.0178345,22.7779,0.000531858,597.542,2.948
0.00596431,492.112,-0.0162022,22.7778,0.000531858,597.542,2.94804
0.00596433,485.833,-0.0144628,22.7778,0.000531858,597.542,2.94808
0.00596435,480.286,-0.0126279,22.7777,0.000531858,597.542,2.94812
0.00596437,475.508,-0.0107096,22.7776,0.000531858,597.542,2.94817
0.00596439,471.529,-0.0087205,22.7775,0.000531858,597.543,2.94821
0.00596441,468.377,-0.00667394,22.7774,0.000531858,597.543,2.94825
0.00596443,466.073,-0.00458343,22.7774,0.000531858,597.543,2.9483
0.00596445,464.631,-0.00246282,22.7773,0.000531858,597.543,2.94834
0.00596447,464.061,-0.000326199,22.7772,0.000531858,597.543,2.94839
0.00596449,464.367,0.00181231,22.7771,0.000531858,597.544,2.94843
0.00596451,465.546,0.00393857,22.777,0.000531858,597.544,2.94848
0.00596453,467.591,0.00603844,22.777,0.000531858,597.544,2.94852
0.00596455,470.488,0.00809801,22.7769,0.000531858,597.544,2.94857
0.00596457,474.218,0.0101037,22.7768,0.000531858,597.544,2.94862
0.00596459,478.755,0.0120421,22.7767,0.000531858,597.544,2.94866
0.00596461,484.069,0.0139006,22.7766,0.000531858,597.544,2.94871
0.00596463,490.125,0.0156667,22.7766,0.000531858,597.545,2.94876
0.00596465,496.882,0.0173289,22.7765,0.000531858,597.545,2.94881
0.00596467,504.296,0.0188762,22.7764,0.000531858,597.545,2.94886
0.00596469,512.316,0.0202984,22.7763,0.000531858,597.545,2.94891
0.00596471,520.89,0.0215861,22.7762,0.000531858,597.545,2.94895
0.00596473,529.959,0.0227309,22.7762,0.000531858,597.545,2.949
0.00596475,539.465,0.0237253,22.7761,0.000531858,597.545,2.94905
0.00596476,540.927,0.0238613,22.7761,0.000531858,597.545,2.94906
0.00596476,541.369,0.0239013,22.7761,0.000531858,597.545,2.94906
0.00596476,542.252,0.0239804,22.776,0.000531858,597.545,2.94907
0.00596476,543.977,0.0241306,22.776,0.000531858,597.545,2.94908
0.00596477,547.455,0.0244163,22.776,0.000531858,597.545,2.94909
0.00596478,554.525,0.0249283,22.7759,0.000531858,597.545,2.94913
0.0059648,564.85,0.0255196,22.7759,0.000531858,597.545,2.94918
0.00596482,575.374,0.025942,22.7758,0.000531858,597.546,2.94923
0.00596484,586.031,0.0261927,22.7757,0.000531858,597.546,2.94928
0.00596486,596.752,0.0262706,22.7756,0.000531858,597.546,2.94933
0.00596488,607.465,0.0261756,22.7755,0.000531858,597.546,2.94939
0.0059649,618.101,0.0259085,22.7755,0.000531858,597.546,2.94944
0.00596492,628.589,0.0254711,22.7754,0.000531858,597.546,2.94949
0.00596494,638.861,0.0248666,22.7753,0.000531858,597.546,2.94954
0.00596496,648.849,0.0240992,22.7752,0.000531858,597.546,2.9496
0.00596497,650.074,0.0239907,22.7752,0.000531858,597.546,2.9496
0.00596497,652.51,0.0237679,22.7752,0.000531858,597.546,2.94962
0.00596497,654.073,0.023619,22.7752,0.000531858,597.546,2.94963
0.00596498,655.889,0.0234398,22.7751,0.000531858,597.546,2.94964
0.00596498,657.9,0.0232332,22.7751,0.000531858,597.546,2.94965
0.00596498,659.318,0.0230821,22.7751,0.000531858,597.546,2.94966
0.00596499,659.686,0.0230421,22.7751,0.000531858,597.546,2.94966
0.00596499,660.42,0.0229615,22.7751,0.000531858,597.546,2.94966
0.00596499,661.88,0.0227976,22.7751,0.000531858,597.546,2.94967
0.005965,664.768,0.0224592,22.7751,0.000531858,597.546,2.94969
0.005965,664.895,0.0224439,22.7751,0.000531858,597.546,2.94969
0.005965,664.896,0.0224438,22.7751,0.000531858,597.546,2.94969
0.005965,664.897,0.0224437,22.7751,0.000531858,597.546,2.94969
0.005965,664.899,0.0224435,22.7751,0.000531858,597.546,2.94969
0.005965,664.901,0.0224432,22.7751,0.000531858,597.546,2.94969
0.005965,664.905,0.0224427,22.7751,0.000531858,597.546,2.94969
0.005965,664.912,0.0224418,22.7751,0.000531858,597.546,2.94969
0.005965,664.928,0.0224399,22.7751,0.000531858,597.546,2.94969
0.005965,664.956,0.0224365,22.7751,0.000531858,597.546,2.94969
0.005965,664.995,0.0224318,22.7751,0.000531858,597.546,2.94969
0.005965,665.052,0.0224249,22.7751,0.000531858,597.546,2.94969
0.005965,665.125,0.022416,22.7751,0.000531858,597.546,2.94969
0.005965,665.223,0.0224042,22.7751,0.000531858,597.546,2.94969
0.005965,665.345,0.0223893,22.7751,0.000531858,597.546,2.94969
0.005965,665.5,0.0223703,22.7751,0.000531858,597.546,2.94969
0.005965,665.691,0.0223469,22.7751,0.000531858,597.546,2.94969
0.005965,665.929,0.0223176,22.7751,0.000531858,597.546,2.9497
0.005965,666.223,0.0222813,22.7751,0.000531858,597.546,2.9497
0.005965,666.589,0.0222358,22.775,0.000531858,597.546,2.9497
0.005965,667.047,0.0221782,22.775,0.000531858,597.546,2.9497
0.005965,667.634,0.0221038,22.775,0.000531858,597.546,2.94971
0.005965,668.402,0.0220051,22.775,0.000531858,597.546,2.94971
0.00596501,669.315,0.0218858,22.775,0.000531858,597.546,2.94972
0.00596501,669.558,0.0218536,22.775,0.000531858,597.546,2.94972
0.00596501,670.044,0.021789,22.775,0.000531858,597.546,2.94972
0.00596501,670.156,0.0217739,22.775,0.000531858,597.546,2.94972
0.00596501,670.354,0.0217474,22.775,0.000531858,597.546,2.94972
0.00596501,670.408,0.0217401,22.775,0.000531858,597.546,2.94972
0.00596501,670.503,0.0217273,22.775,0.000531858,597.546,2.94972
0.00596501,670.513,0.0217259,22.775,0.000531858,597.546,2.94972
0.00596501,670.534,0.0217232,22.775,0.000531858,597.546,2.94972
0.00596501,670.574,0.0217178,22.775,0.000531858,597.546,2.94972
0.00596501,670.578,0.0217171,22.775,0.000531858,597.546,2.94972
0.00596501,670.588,0.0217159,22.775,0.000531858,597.546,2.94972
0.00596501,670.589,0.0217157,22.775,0.000531858,597.546,2.94972
0.00596501,670.592,0.0217153,22.775,0.000531858,597.546,2.94972
0.00596501,670.599,0.0217144,22.775,0.000531858,597.546,2.94972
0.00596501,670.6,0.0217142,22.775,0.000531858,597.546,2.94972
0.00596501,670.603,0.0217138,22.775,0.000531858,597.546,2.94972
0.00596501,668.078,0.0217139,22.775,0.000531858,597.546,2.94972
0.00596501,662.77,0.0217141,22.775,0.000531858,597.546,2.94972
0.00596501,654.227,0.0217149,22.775,0.000531858,597.546,2.94972
0.00596501,640.096,0.0217169,22.775,0.000531858,597.546,2.94972
0.00596501,622.546,0.0217205,22.775,0.000531858,597.546,2.94972
0.00596501,600.62,0.0217268,22.775,0.000531858,597.546,2.94972
0.00596501,573.198,0.0217376,22.775,0.000531858,597.546,2.94972
0.00596501,538.38,0.0217569,22.775,0.000531858,597.546,2.94972
0.00596501,499.389,0.0217866,22.775,0.000531858,597.546,2.94972
0.00596501,452.529,0.0218361,22.775,0.000531858,597.546,2.94972
0.00596501,398.558,0.0219159,22.775,0.000531858,597.546,2.94972
0.00596501,331.782,0.0220588,22.775,0.000531858,597.546,2.94972
0.00596501,255.53,0.0223077,22.775,0.000531858,597.546,2.94972
0.00596501,191.369,0.0226312,22.775,0.000531858,597.546,2.94972
0.00596501,139.664,0.0230265,22.775,0.000531858,597.546,2.94972
0.00596501,104.032,0.0234277,22.775,0.000531858,597.546,2.94972
0.00596501,77.1602,0.0238582,22.775,0.000531858,597.546,2.94972
0.00596501,58.1162,0.0242837,22.775,0.000531858,597.546,2.94972
0.00596501,43.5919,0.0247281,22.775,0.000531858,597.546,2.94972
0.00596501,32.9152,0.0251718,22.775,0.000531858,597.546,2.94972
0.00596501,24.7377,0.02563,22.775,0.000531858,597.546,2.94972
0.00596501,18.6525,0.0260884,22.775,0.000531858,597.546,2.94972
0.00596501,14.0201,0.026556,22.775,0.000531858,597.546,2.94972
0.00596501,10.563,0.0270231,22.775,0.000531858,597.546,2.94972
0.00596501,7.94601,0.0274956,22.775,0.000531858,597.546,2.94972
0.00596501,5.98919,0.0279672,22.775,0.000531858,597.546,2.94972
0.00596501,4.51218,0.0284421,22.775,0.000531858,597.546,2.94972
0.00596501,3.40568,0.0289165,22.775,0.000531858,597.546,2.94972
0.00596501,2.57174,0.0293931,22.775,0.000531858,597.546,2.94972
0.00596501,1.94622,0.0298697,22.775,0.000531858,597.546,2.94972
0.00596501,1.47528,0.0303482,22.775,0.000531858,597.546,2.94972
0.00596501,1.12184,0.0308273,22.775,0.000531858,597.546,2.94972
0.00596501,0.855998,0.0313085,22.775,0.000531858,597.546,2.94972
0.00596501,0.656488,0.0317914,22.775,0.000531858,597.546,2.94972
0.00596501,0.506591,0.0322774,22.775,0.000531858,597.546,2.94973
0.00596501,0.394175,0.0327669,22.775,0.000531858,597.546,2.94973
0.00596501,0.309861,0.0332617,22.775,0.000531858,597.546,2.94973
0.00596501,0.246758,0.033763,22.775,0.000531858,597.546,2.94973
0.00596501,0.199596,0.0342736,22.775,0.000531858,597.546,2.94973
0.00596501,0.16448,0.0347962,22.775,0.000531858,597.546,2.94973
0.00596501,0.138454,0.0353351,22.775,0.000531858,597.546,2.94973
0.00596501,0.119326,0.0358953,22.775,0.000531858,597.546,2.94973
0.00596501,0.10545,0.036484,22.775,0.000531858,597.546,2.94973
0.00596501,0.0956056,0.0371099,22.775,0.000531858,597.546,2.94973
0.00596501,0.088881,0.037785,22.775,0.000531858,597.546,2.94973
0.00596501,0.0846039,0.0385247,22.775,0.000531858,597.546,2.94973
0.00596501,0.0822764,0.0393501,22.775,0.000531858,597.546,2.94973
0.00596501,0.0815354,0.0402899,22.775,0.000531858,597.546,2.94973
0.00596501,0.0821258,0.0413856,22.775,0.000531858,597.546,2.94973
0.00596501,0.0838987,0.0427026,22.775,0.000531858,597.546,2.94973
0.00596501,0.0868369,0.0443481,22.775,0.000531858,597.546,2.94973
0.00596501,0.0911024,0.0464977,22.775,0.000531858,597.546,2.94973
0.00596501,0.0972522,0.0495039,22.775,0.000531858,597.546,2.94973
0.00596501,0.106795,0.0541625,22.775,0.000531858,597.546,2.94973
0.00596501,0.124645,0.0629099,22.775,0.000531858,597.546,2.94973
0.00596501,0.141448,0.0711497,22.775,0.000531858,597.546,2.94973
0.00596501,0.160752,0.0806046,22.775,0.000531858,597.546,2.94973
0.00596501,0.184939,0.0924302,22.7749,0.000531858,597.546,2.94973
0.00596501,0.206117,0.102768,22.7749,0.000531858,597.546,2.94973
0.00596501,0.229699,0.11426,22.7749,0.000531858,597.546,2.94974
0.00596501,0.257195,0.127626,22.7748,0.000531858,597.546,2.94974
0.00596502,0.294792,0.145803,22.7747,0.000531858,597.546,2.94974
0.00596502,0.318447,0.157119,22.7746,0.000531858,597.546,2.94975
0.00596502,0.331278,0.163097,22.7745,0.000531858,597.546,2.94975
0.00596502,0.330554,0.162357,22.7744,0.000531858,597.546,2.94976
0.00596502,0.310206,0.15202,22.7742,0.000531858,597.546,2.94976
0.00596503,0.274988,0.134495,22.7741,0.000531858,597.546,2.94977
0.00596503,0.227797,0.111194,22.7739,0.000531858,597.546,2.94978
0.00596503,0.182292,0.0888251,22.7739,0.000531858,597.546,2.94978
0.00596503,0.136897,0.066581,22.7738,0.000531858,597.546,2.94979
0.00596504,0.0988528,0.0479921,22.7738,0.000531858,597.546,2.94979
0.00596504,0.0662279,0.0321009,22.7738,0.000531858,597.546,2.9498
0.00596504,0.0422304,0.0204665,22.7739,0.000531858,597.546,2.94981
0.00596504,0.0284978,0.0138768,22.7739,0.000531858,597.546,2.94982
0.00596504,0.0258593,0.0126567,22.774,0.000531858,597.546,2.94982
0.00596505,0.0260228,0.012802,22.774,0.000531858,597.546,2.94983
0.00596505,0.0287675,0.0142125,22.774,0.000531858,597.546,2.94983
0.00596505,0.0350372,0.0173537,22.7741,0.000531858,597.546,2.94984
0.00596505,0.0434438,0.0215274,22.7741,0.000531858,597.546,2.94984
0.00596505,0.055298,0.027384,22.7741,0.000531858,597.546,2.94985
0.00596506,0.0684319,0.0338507,22.7742,0.000531858,597.546,2.94985
0.00596506,0.0837337,0.0413644,22.7742,0.000531858,597.546,2.94986
0.00596506,0.0987733,0.0487304,22.7742,0.000531858,597.546,2.94987
0.00596507,0.113353,0.0558514,22.7742,0.000531858,597.546,2.94988
0.00596507,0.125136,0.0615851,22.7742,0.000531858,597.546,2.9499
0.00596508,0.130572,0.0642144,22.7742,0.000531858,597.546,2.94991
0.00596508,0.131844,0.0648219,22.7742,0.000531858,597.546,2.94992
0.00596509,0.131975,0.0648874,22.7742,0.000531858,597.546,2.94994
0.00596509,0.133062,0.0654372,22.7742,0.000531858,597.546,2.94995
0.0059651,0.136935,0.0673636,22.7742,0.000531858,597.546,2.94997
0.00596511,0.146889,0.0722802,22.7742,0.000531858,597.546,2.95
0.00596512,0.158569,0.0780292,22.7742,0.000531858,597.546,2.95003
0.00596513,0.172311,0.0847835,22.7742,0.000531858,597.546,2.95006
0.00596514,0.185555,0.0912919,22.7741,0.000531858,597.546,2.95009
0.00596516,0.205431,0.101068,22.7741,0.000531858,597.546,2.95015
0.00596518,0.225544,0.110965,22.7741,0.000531858,597.546,2.95021
0.0059652,0.246198,0.121127,22.774,0.000531858,597.546,2.95027
0.00596522,0.266963,0.131341,22.7739,0.000531858,597.545,2.95032
0.00596524,0.287612,0.141497,22.7739,0.000531858,597.545,2.95038
0.00596526,0.308187,0.151618,22.7738,0.000531858,597.545,2.95044
0.00596528,0.328767,0.161741,22.7737,0.000531858,597.545,2.9505
0.0059653,0.349369,0.171874,22.7736,0.000531858,597.544,2.95056
0.00596532,0.369977,0.18201,22.7736,0.000531858,597.544,2.95062
0.00596534,0.39058,0.192144,22.7735,0.000531858,597.543,2.95068
0.00596536,0.411181,0.202276,22.7734,0.000531858,597.543,2.95074
0.00596538,0.43178,0.212408,22.7733,0.000531858,597.543,2.9508
0.0059654,0.45238,0.222539,22.7732,0.000531858,597.542,2.95086
0.00596542,0.472979,0.232671,22.7731,0.000531858,597.542,2.95092
0.00596544,0.493578,0.242802,22.7731,0.000531858,597.541,2.95099
0.00596546,0.514176,0.252933,22.773,0.000531858,597.54,2.95105
0.00596548,0.534774,0.263063,22.7729,0.000531858,597.54,2.95111
0.0059655,0.555371,0.273193,22.7728,0.000531858,597.539,2.95117
0.00596552,0.575967,0.283323,22.7727,0.000531858,597.539,2.95124
0.00596554,0.596563,0.293452,22.7726,0.000531858,597.538,2.9513
0.00596556,0.617157,0.303581,22.7726,0.000531858,597.537,2.95136
0.00596558,0.637752,0.313709,22.7725,0.000531858,597.536,2.95143
0.0059656,0.658345,0.323837,22.7724,0.000531858,597.536,2.95149
0.00596562,0.678938,0.333965,22.7723,0.000531858,597.535,2.95156
0.00596564,0.69953,0.344092,22.7722,0.000531858,597.534,2.95162
0.00596566,0.720122,0.35422,22.7721,0.000531858,597.533,2.95169
0.00596568,0.740712,0.364346,22.772,0.000531858,597.532,2.95175
0.0059657,0.761302,0.374473,22.772,0.000531858,597.531,2.95182
0.00596572,0.781892,0.384599,22.7719,0.000531858,597.53,2.95189
0.00596574,0.80248,0.394724,22.7718,0.000531858,597.529,2.95195
0.00596576,0.823068,0.404849,22.7717,0.000531858,597.528,2.95202
0.00596578,0.843655,0.414974,22.7716,0.000531858,597.527,2.95209
0.0059658,0.864241,0.425099,22.7715,0.000531858,597.526,2.95216
0.00596582,0.884827,0.435223,22.7714,0.000531858,597.525,2.95222
0.00596584,0.905412,0.445347,22.7714,0.000531858,597.524,2.95229
0.00596586,0.925996,0.45547,22.7713,0.000531858,597.522,2.95236
0.00596588,0.946579,0.465593,22.7712,0.000531858,597.521,2.95243
0.0059659,0.967162,0.475716,22.7711,0.000531858,597.52,2.9525
0.00596592,0.987744,0.485838,22.771,0.000531858,597.519,2.95257
0.00596594,1.00833,0.49596,22.7709,0.000531858,597.517,2.95264
0.00596596,1.02891,0.506081,22.7708,0.000531858,597.516,2.95271
0.00596598,1.04949,0.516202,22.7708,0.000531858,597.515,2.95278
0.005966,1.07006,0.526323,22.7707,0.000531858,597.513,2.95285
0.00596602,1.09064,0.536444,22.7706,0.000531858,597.512,2.95292
0.00596604,1.11122,0.546564,22.7705,0.000531858,597.51,2.953
0.00596606,1.1318,0.556683,22.7704,0.000531858,597.509,2.95307
0.00596608,1.15237,0.566803,22.7703,0.000531858,597.507,2.95314
0.0059661,1.17295,0.576922,22.7703,0.000531858,597.506,2.95321
0.00596612,1.19352,0.58704,22.7702,0.000531858,597.504,2.95329
0.00596614,1.21409,0.597158,22.7701,0.000531858,597.503,2.95336
0.00596616,1.23467,0.607276,22.77,0.000531858,597.501,2.95343
0.00596618,1.25524,0.617393,22.7699,0.000531858,597.499,2.95351
0.0059662,1.27581,0.627511,22.7698,0.000531858,597.498,2.95358
0.00596622,1.29638,0.637627,22.7697,0.000531858,597.496,2.95366
0.00596624,1.31695,0.647743,22.7697,0.000531858,597.494,2.95373
0.00596626,1.33752,0.657859,22.7696,0.000531858,597.492,2.95381
0.00596628,1.35809,0.667975,22.7695,0.000531858,597.49,2.95388
0.0059663,1.37866,0.67809,22.7694,0.000531858,597.489,2.95396
0.00596632,1.39922,0.688205,22.7693,0.000531858,597.487,2.95404
0.00596634,1.41979,0.698319,22.7692,0.000531858,597.485,2.95411
0.00596636,1.44035,0.708433,22.7691,0.000531858,597.483,2.95419
0.00596638,1.46092,0.718547,22.7691,0.000531858,597.481,2.95427
0.0059664,1.48148,0.72866,22.769,0.000531858,597.479,2.95435
0.00596642,1.50204,0.738773,22.7689,0.000531858,597.477,2.95442
0.00596644,1.52261,0.748885,22.7688,0.000531858,597.475,2.9545
0.00596646,1.54317,0.758997,22.7687,0.000531858,597.473,2.95458
0.00596648,1.56373,0.769109,22.7686,0.000531858,597.47,2.95466
0.0059665,1.58429,0.77922,22.7686,0.000531858,597.468,2.95474
0.00596652,1.60485,0.789331,22.7685,0.000531858,597.466,2.95482
0.00596654,1.6254,0.799442,22.7684,0.000531858,597.464,2.9549
0.00596656,1.64596,0.809552,22.7683,0.000531858,597.462,2.95498
0.00596658,1.66652,0.819662,22.7682,0.000531858,597.459,2.95506
0.0059666,1.68707,0.829771,22.7681,0.000531858,597.457,2.95514
0.00596662,1.70763,0.83988,22.768,0.000531858,597.455,2.95522
0.00596664,1.72818,0.849989,22.768,0.000531858,597.452,2.95531
0.00596666,1.74874,0.860097,22.7679,0.000531858,597.45,2.95539
0.00596668,1.76929,0.870205,22.7678,0.000531858,597.447,2.95547
0.0059667,1.78984,0.880312,22.7677,0.000531858,597.445,2.95555
0.00596672,1.81039,0.890419,22.7676,0.000531858,597.443,2.95564
0.00596674,1.83094,0.900526,22.7675,0.000531858,597.44,2.95572
0.00596676,1.85149,0.910632,22.7674,0.000531858,597.437,2.9558
0.00596678,1.86587,0.917706,22.7674,0.000531858,597.436,2.95586
0.00596678,1.86653,0.91803,22.7674,0.000531858,597.436,2.95586
0.00596678,1.86785,0.918676,22.7674,0.000531858,597.435,2.95587
0.00596678,1.86998,0.919726,22.7674,0.000531858,597.435,2.95588
0.00596678,1.8724,0.920917,22.7674,0.000531858,597.435,2.95589
0.00596679,1.87472,0.922055,22.7673,0.000531858,597.434,2.9559
0.00596679,1.87566,0.922521,22.7673,0.000531858,597.434,2.9559
0.00596679,1.87673,0.923047,22.7673,0.000531858,597.434,2.95591
0.00596679,1.87716,0.923257,22.7673,0.000531858,597.434,2.95591
0.00596679,1.87789,0.923615,22.7673,0.000531858,597.434,2.95591
0.00596679,1.8781,0.923717,22.7673,0.000531858,597.434,2.95591
0.00596679,1.87845,0.923893,22.7673,0.000531858,597.434,2.95591
0.00596679,1.87855,0.923942,22.7673,0.000531858,597.434,2.95591
0.00596679,1.87873,0.924028,22.7673,0.000531858,597.434,2.95591
0.00596679,1.87876,0.924041,22.7673,0.000531858,597.434,2.95591
0.00596679,1.87881,0.924067,22.7673,0.000531858,597.434,2.95591
0.00596679,1.87882,0.924073,22.7673,0.000531858,597.434,2.95591
0.00596679,1.87884,0.924083,22.7673,0.000531858,597.434,2.95591
0.00596679,1.87888,0.924104,22.7673,0.000531858,597.434,2.95591
0.00596679,1.87889,0.924108,22.7673,0.000531858,597.434,2.95591
0.00596679,1.90527,0.924111,22.7673,0.000531858,597.434,2.95591
0.00596679,1.93584,0.924113,22.7673,0.000531858,597.434,2.95591
0.00596679,1.98665,0.924115,22.7673,0.000531858,597.434,2.95591
0.00596679,2.06247,0.924117,22.7673,0.000531858,597.434,2.95591
0.00596679,2.20834,0.924122,22.7673,0.000531858,597.434,2.95591
0.00596679,2.37878,0.924126,22.7673,0.000531858,597.434,2.95591
0.00596679,2.60546,0.924132,22.7673,0.000531858,597.434,2.95591
0.00596679,2.90794,0.92414,22.7673,0.000531858,597.434,2.95591
0.00596679,3.40329,0.924152,22.7673,0.000531858,597.434,2.95591
0.00596679,4.39275,0.924175,22.7673,0.000531858,597.434,2.95591
0.00596679,6.37122,0.924215,22.7673,0.000531858,597.434,2.95592
0.00596679,10.3284,0.924278,22.7673,0.000531858,597.434,2.95592
0.00596679,18.2431,0.924325,22.7673,0.000531858,597.434,2.95592
0.00596679,34.0699,0.924116,22.7673,0.000531858,597.434,2.95592
0.00596679,65.6871,0.922591,22.7673,0.000531858,597.434,2.95593
0.0059668,128.618,0.916209,22.7673,0.000531858,597.433,2.95594
0.0059668,145.254,0.913878,22.7673,0.000531858,597.433,2.95595
0.0059668,154.878,0.912434,22.7673,0.000531858,597.433,2.95595
0.0059668,169.941,0.91008,22.7673,0.000531858,597.433,2.95595
0.0059668,182.532,0.908048,22.7673,0.000531858,597.433,2.95595
0.0059668,192.6,0.906394,22.7673,0.000531858,597.433,2.95596
0.0059668,201.958,0.904842,22.7673,0.000531858,597.433,2.95596
0.0059668,211.551,0.903245,22.7673,0.000531858,597.433,2.95596
0.0059668,221.965,0.901514,22.7674,0.000531858,597.432,2.95596
0.0059668,232.007,0.899855,22.7674,0.000531858,597.432,2.95597
0.0059668,242.484,0.898143,22.7674,0.000531858,597.432,2.95597
0.0059668,252.569,0.896519,22.7674,0.000531858,597.432,2.95597
0.0059668,262.874,0.894893,22.7674,0.000531858,597.432,2.95597
0.0059668,272.916,0.893345,22.7674,0.000531858,597.432,2.95598
0.0059668,283.1,0.891819,22.7674,0.000531858,597.432,2.95598
0.0059668,293.127,0.890363,22.7674,0.000531858,597.432,2.95598
0.00596681,303.246,0.888945,22.7674,0.000531858,597.432,2.95598
0.00596681,313.265,0.887595,22.7674,0.000531858,597.432,2.95598
0.00596681,323.338,0.886296,22.7674,0.000531858,597.432,2.95599
0.00596681,333.343,0.885066,22.7674,0.000531858,597.432,2.95599
0.00596681,343.377,0.883895,22.7675,0.000531858,597.432,2.95599
0.00596681,353.363,0.882792,22.7675,0.000531858,597.432,2.95599
0.00596681,363.362,0.881753,22.7675,0.000531858,597.432,2.956
0.00596681,373.328,0.880781,22.7675,0.000531858,597.431,2.956
0.00596681,383.299,0.879874,22.7675,0.000531858,597.431,2.956
0.00596681,393.245,0.879034,22.7675,0.000531858,597.431,2.956
0.00596681,403.192,0.878258,22.7675,0.000531858,597.431,2.95601
0.00596681,413.121,0.877546,22.7675,0.000531858,597.431,2.95601
0.00596681,423.048,0.876896,22.7676,0.000531858,597.431,2.95601
0.00596681,432.961,0.876306,22.7676,0.000531858,597.431,2.95601
0.00596681,442.871,0.875775,22.7676,0.000531858,597.431,2.95601
0.00596681,452.77,0.8753,22.7676,0.000531858,597.431,2.95602
0.00596681,462.666,0.87488,22.7676,0.000531858,597.431,2.95602
0.00596681,472.553,0.874511,22.7676,0.000531858,597.431,2.95602
0.00596682,482.437,0.87419,22.7676,0.000531858,597.431,2.95602
0.00596682,492.315,0.873915,22.7676,0.000531858,597.431,2.95603
0.00596682,502.189,0.873684,22.7677,0.000531858,597.431,2.95603
0.00596682,512.059,0.873492,22.7677,0.000531858,597.43,2.95603
0.00596682,521.925,0.873337,22.7677,0.000531858,597.43,2.95603
0.00596682,532.529,0.873207,22.7677,0.000531858,597.43,2.95604
0.00596682,544.246,0.873103,22.7677,0.000531858,597.43,2.95604
0.00596682,557.297,0.87303,22.7677,0.000531858,597.43,2.95604
0.00596682,571.984,0.872992,22.7678,0.000531858,597.43,2.95605
0.00596682,588.582,0.87299,22.7678,0.000531858,597.43,2.95605
0.00596682,607.612,0.873021,22.7678,0.000531858,597.43,2.95605
0.00596682,629.726,0.873068,22.7678,0.000531858,597.43,2.95606
0.00596683,656.038,0.873086,22.7679,0.000531858,597.43,2.95607
0.00596683,688.174,0.872941,22.7679,0.000531858,597.429,2.95607
0.00596683,723.871,0.87238,22.7679,0.000531858,597.429,2.95608
0.00596683,744.645,0.871766,22.768,0.000531858,597.429,2.95609
0.00596683,753.364,0.871427,22.768,0.000531858,597.429,2.95609
0.00596683,758.824,0.871184,22.768,0.000531858,597.429,2.95609
0.00596683,761.886,0.871037,22.768,0.000531858,597.429,2.95609
0.00596683,764.182,0.87092,22.768,0.000531858,597.429,2.95609
0.00596683,765.653,0.870842,22.768,0.000531858,597.429,2.95609
0.00596683,766.889,0.870775,22.768,0.000531858,597.429,2.95609
0.00596683,767.965,0.870715,22.768,0.000531858,597.429,2.95609
0.00596683,769.628,0.870619,22.768,0.000531858,597.429,2.95609
0.00596683,771.318,0.870518,22.768,0.000531858,597.429,2.95609
0.00596683,772.495,0.870445,22.768,0.000531858,597.429,2.95609
0.00596683,773.538,0.870379,22.768,0.000531858,597.429,2.95609
0.00596683,775.057,0.870279,22.768,0.000531858,597.429,2.95609
0.00596683,776.709,0.870165,22.768,0.000531858,597.429,2.95609
0.00596683,778.946,0.870004,22.768,0.000531858,597.429,2.95609
0.00596683,781.789,0.869787,22.768,0.000531858,597.429,2.9561
0.00596683,783.297,0.869665,22.768,0.000531858,597.429,2.9561
0.00596683,785.496,0.86948,22.768,0.000531858,597.429,2.9561
0.00596683,787.822,0.869275,22.768,0.000531858,597.429,2.9561
0.00596683,792.468,0.868833,22.768,0.000531858,597.429,2.9561
0.00596683,799.115,0.868131,22.768,0.000531858,597.429,2.9561
0.00596683,807.666,0.867103,22.768,0.000531858,597.428,2.9561
0.00596683,814.492,0.866179,22.768,0.000531858,597.428,2.9561
0.00596683,819.316,0.865469,22.7681,0.000531858,597.428,2.9561
0.00596683,822.996,0.864893,22.7681,0.000531858,597.428,2.95611
0.00596683,825.64,0.86446,22.7681,0.000531858,597.428,2.95611
0.00596683,827.864,0.864083,22.7681,0.000531858,597.428,2.95611
0.00596683,829.68,0.863764,22.7681,0.000531858,597.428,2.95611
0.00596683,830.245,0.863662,22.7681,0.000531858,597.428,2.95611
0.00596683,830.6,0.863598,22.7681,0.000531858,597.428,2.95611
0.00596683,830.905,0.863542,22.7681,0.000531858,597.428,2.95611
0.00596684,831.331,0.863463,22.7681,0.000531858,597.428,2.95611
0.00596684,831.602,0.863412,22.7681,0.000531858,597.428,2.95611
0.00596684,831.988,0.86334,22.7681,0.000531858,597.428,2.95611
0.00596684,832.414,0.863259,22.7681,0.000531858,597.428,2.95611
0.00596684,833.263,0.863096,22.7681,0.000531858,597.428,2.95611
0.00596684,834.715,0.862814,22.7681,0.000531858,597.428,2.95611
0.00596684,837.328,0.862297,22.7681,0.000531858,597.428,2.95611
0.00596684,842.553,0.86122,22.7681,0.000531858,597.428,2.95611
0.00596684,845.72,0.860454,22.7681,0.000531858,597.428,2.95611
0.00596684,847.648,0.859738,22.7681,0.000531858,597.428,2.95611
0.00596684,848.605,0.859145,22.7681,0.000531858,597.428,2.95611
0.00596684,849.221,0.858484,22.7681,0.000531858,597.428,2.95611
0.00596684,849.62,0.857632,22.7681,0.000531858,597.428,2.95611
0.00596684,849.874,0.85609,22.7681,0.000531858,597.428,2.95612
0.00596684,849.899,0.854445,22.7681,0.000531858,597.428,2.95612
0.00596684,849.849,0.851155,22.7682,0.000531858,597.428,2.95612
0.00596684,849.792,0.846593,22.7682,0.000531858,597.428,2.95613
0.00596684,849.727,0.837477,22.7683,0.000531858,597.428,2.95614
0.00596685,849.658,0.826424,22.7684,0.000531858,597.428,2.95615
0.00596685,849.593,0.816109,22.7685,0.000531858,597.428,2.95616
0.00596685,849.526,0.805615,22.7687,0.000531858,597.428,2.95618
0.00596685,849.465,0.796087,22.7688,0.000531858,597.428,2.95619
0.00596686,849.405,0.786587,22.7689,0.000531858,597.428,2.9562
0.00596686,849.348,0.777693,22.7691,0.000531858,597.428,2.95621
0.00596686,849.292,0.76892,22.7692,0.000531858,597.428,2.95622
0.00596686,849.239,0.760717,22.7694,0.000531858,597.428,2.95623
0.00596687,849.196,0.753925,22.7695,0.000531858,597.428,2.95624
0.00596687,849.162,0.748633,22.7696,0.000531858,597.428,2.95625
0.00596687,849.13,0.743592,22.7697,0.000531858,597.429,2.95625
0.00596687,849.097,0.738431,22.7698,0.000531858,597.429,2.95626
0.00596687,849.058,0.732421,22.7699,0.000531858,597.429,2.95627
0.00596687,849.04,0.729489,22.77,0.000531858,597.429,2.95627
0.00596687,849.017,0.726003,22.7701,0.000531858,597.429,2.95627
0.00596687,849.004,0.723925,22.7701,0.000531858,597.429,2.95628
0.00596688,848.992,0.722053,22.7702,0.000531858,597.429,2.95628
0.00596688,848.976,0.719475,22.7702,0.000531858,597.429,2.95628
0.00596688,848.951,0.71557,22.7703,0.000531858,597.429,2.95629
0.00596688,848.924,0.711479,22.7704,0.000531858,597.429,2.95629
0.00596688,848.887,0.705662,22.7705,0.000531858,597.429,2.9563
0.00596688,848.826,0.696134,22.7708,0.000531858,597.429,2.95631
0.00596689,848.719,0.679425,22.7712,0.000531858,597.429,2.95633
0.00596689,848.62,0.663932,22.7716,0.000531858,597.429,2.95635
0.0059669,848.483,0.642489,22.7722,0.000531858,597.429,2.95638
0.0059669,848.347,0.621294,22.7728,0.000531858,597.429,2.9564
0.00596691,848.164,0.592802,22.7737,0.000531858,597.429,2.95644
0.00596692,847.963,0.561433,22.7747,0.000531858,597.429,2.95648
0.00596693,847.681,0.517663,22.7762,0.000531858,597.429,2.95653
0.00596695,847.327,0.462746,22.7782,0.000531858,597.429,2.9566
0.00596697,846.883,0.394134,22.7808,0.000531858,597.429,2.95668
0.00596699,846.439,0.325882,22.7836,0.000531858,597.43,2.95677
0.00596701,845.995,0.257987,22.7866,0.000531858,597.43,2.95686
0.00596703,845.547,0.190448,22.7896,0.000531858,597.43,2.95694
0.00596705,845.091,0.123266,22.7926,0.000531858,597.43,2.95703
0.00596707,844.616,0.0564505,22.7958,0.000531858,597.43,2.95711
0.00596707,844.505,0.042584,22.7964,0.000531858,597.43,2.95713
0.00596708,844.26,0.0149068,22.7977,0.000531858,597.43,2.95716
0.00596708,844.167,0.00721798,22.7981,0.000531858,597.43,2.95717
0.00596709,844.055,0.000402506,22.7984,0.000531858,597.43,2.95718
0.00596709,843.927,-0.00448436,22.7987,0.000531858,597.43,2.95719
0.00596709,843.558,-0.0116204,22.799,0.000531858,597.43,2.9572
0.00596709,843.008,-0.0179321,22.7993,0.000531858,597.431,2.95721
0.00596709,842.028,-0.0255919,22.7997,0.000531858,597.431,2.95722
0.0059671,840.945,-0.0319239,22.8,0.000531858,597.431,2.95722
0.0059671,839.477,-0.0387735,22.8004,0.000531858,597.431,2.95723
0.0059671,837.578,-0.0459967,22.8007,0.000531858,597.431,2.95724
0.0059671,834.469,-0.0555541,22.8012,0.000531858,597.431,2.95726
0.00596711,829.834,-0.0668159,22.8019,0.000531858,597.431,2.95727
0.00596711,822.185,-0.0810606,22.8027,0.000531858,597.431,2.95729
0.00596712,810.237,-0.0972858,22.8037,0.000531858,597.431,2.95732
0.00596713,790.804,-0.114783,22.8051,0.000531858,597.431,2.95736
0.00596714,761.526,-0.128406,22.8069,0.000531858,597.432,2.95741
0.00596716,720.566,-0.128777,22.8089,0.000531858,597.432,2.95748
0.00596718,675.349,-0.102697,22.8108,0.000531858,597.432,2.95756
0.00596719,654.429,-0.0745995,22.8116,0.000531858,597.433,2.95761
0.0059672,644.057,-0.0509976,22.812,0.000531858,597.433,2.95764
0.0059672,638.752,-0.0310189,22.8122,0.000531858,597.433,2.95767
0.00596721,636.178,-0.0116189,22.8123,0.000531858,597.433,2.95769
0.00596722,635.997,0.0083051,22.8123,0.000531858,597.433,2.95772
0.00596722,638.432,0.0288908,22.8123,0.000531858,597.433,2.95774
0.00596723,644.646,0.0520972,22.8122,0.000531858,597.433,2.95777
0.00596724,656.961,0.0780236,22.8119,0.000531858,597.433,2.95781
0.00596725,676.3,0.10215,22.8115,0.000531858,597.433,2.95785
0.00596726,704.216,0.121073,22.8109,0.000531858,597.433,2.9579
0.00596728,739.516,0.128531,22.8103,0.000531858,597.433,2.95795
0.00596729,782.434,0.116228,22.8096,0.000531858,597.433,2.95802
0.00596731,811.996,0.089495,22.8094,0.000531858,597.433,2.95808
0.00596732,823.109,0.0722359,22.8094,0.000531858,597.433,2.9581
0.00596732,829.269,0.0591658,22.8094,0.000531858,597.433,2.95812
0.00596733,833.264,0.0481472,22.8094,0.000531858,597.433,2.95814
0.00596733,836.001,0.0384038,22.8095,0.000531858,597.433,2.95815
0.00596733,837.727,0.0304593,22.8096,0.000531858,597.433,2.95816
0.00596733,838.871,0.0236296,22.8096,0.000531858,597.433,2.95817
0.00596734,839.756,0.0163833,22.8097,0.000531858,597.433,2.95818
0.00596734,840.177,0.0113588,22.8097,0.000531858,597.433,2.95818
0.00596734,840.431,0.00666726,22.8098,0.000531858,597.433,2.95819
0.00596734,840.55,0.00215433,22.8098,0.000531858,597.433,2.95819
0.00596734,840.558,-0.00138506,22.8099,0.000531858,597.433,2.9582
0.00596734,840.483,-0.00517034,22.8099,0.000531858,597.433,2.9582
0.00596734,840.168,-0.0114546,22.81,0.000531858,597.433,2.95821
0.00596735,839.603,-0.0178281,22.8101,0.000531858,597.433,2.95822
0.00596735,838.622,-0.0252553,22.8102,0.000531858,597.433,2.95822
0.00596735,837.165,-0.0332441,22.8104,0.000531858,597.433,2.95823
0.00596735,834.967,-0.0423463,22.8105,0.000531858,597.433,2.95824
0.00596736,831.718,-0.0526793,22.8107,0.000531858,597.433,2.95826
0.00596736,826.806,-0.0646972,22.811,0.000531858,597.433,2.95827
0.00596737,819.327,-0.0785567,22.8114,0.000531858,597.433,2.95829
0.00596737,807.751,-0.0942015,22.8119,0.000531858,597.433,2.95832
0.00596738,789.903,-0.11039,22.8125,0.000531858,597.433,2.95835
0.00596739,763.132,-0.123483,22.8134,0.000531858,597.434,2.95839
0.00596741,730.068,-0.126135,22.8143,0.000531858,597.434,2.95844
0.00596742,700.991,-0.11689,22.815,0.000531858,597.434,2.95848
0.00596743,678.262,-0.100389,22.8155,0.000531858,597.435,2.95852
0.00596744,661.577,-0.0801875,22.8158,0.000531858,597.435,2.95855
0.00596745,650.007,-0.0582775,22.816,0.000531858,597.435,2.95858
0.00596746,642.324,-0.0339258,22.816,0.000531858,597.435,2.95861
0.00596746,638.853,-0.00833668,22.816,0.000531858,597.435,2.95864
0.00596747,639.195,0.0128422,22.8158,0.000531858,597.435,2.95866
0.00596748,642.514,0.0342149,22.8156,0.000531858,597.435,2.95869
0.00596748,648.962,0.0551028,22.8153,0.000531858,597.435,2.95871
0.00596749,657.874,0.0735275,22.815,0.000531858,597.435,2.95873
0.0059675,672.325,0.0934255,22.8145,0.000531858,597.435,2.95876
0.00596751,690.203,0.109279,22.814,0.000531858,597.435,2.95879
0.00596752,714.009,0.12116,22.8134,0.000531858,597.435,2.95883
0.00596753,740.328,0.125111,22.8128,0.000531858,597.435,2.95886
0.00596754,769.534,0.119148,22.8122,0.000531858,597.435,2.9589
0.00596755,797.188,0.10166,22.8118,0.000531858,597.435,2.95894
0.00596757,817.886,0.0763652,22.8116,0.000531858,597.435,2.95898
0.00596757,826.841,0.0586935,22.8116,0.000531858,597.435,2.959
0.00596758,831.256,0.0465888,22.8116,0.000531858,597.435,2.95902
0.00596758,833.838,0.0373339,22.8116,0.000531858,597.435,2.95903
0.00596758,835.81,0.0280003,22.8117,0.000531858,597.435,2.95904
0.00596759,837.079,0.0195868,22.8117,0.000531858,597.435,2.95905
0.00596759,837.931,0.0105258,22.8118,0.000531858,597.435,2.95906
0.00596759,838.271,0.000961866,22.8119,0.000531858,597.435,2.95907
0.0059676,838.081,-0.00788068,22.812,0.000531858,597.435,2.95908
0.0059676,837.075,-0.0195956,22.8122,0.000531858,597.435,2.95909
0.0059676,835.422,-0.0300551,22.8123,0.000531858,597.435,2.9591
0.00596761,832.566,-0.0421303,22.8125,0.000531858,597.435,2.95911
0.00596761,828.975,-0.0531681,22.8127,0.000531858,597.435,2.95912
0.00596762,823.275,-0.0663446,22.813,0.000531858,597.435,2.95914
0.00596762,815.176,-0.0802957,22.8134,0.000531858,597.435,2.95916
0.00596763,802.413,-0.0960738,22.8139,0.000531858,597.436,2.95918
0.00596764,783.581,-0.111243,22.8145,0.000531858,597.436,2.95921
0.00596765,763.766,-0.120279,22.8151,0.000531858,597.436,2.95923
0.00596765,746.991,-0.123593,22.8156,0.000531858,597.436,2.95926
0.00596766,730.64,-0.123366,22.816,0.000531858,597.436,2.95928
0.00596767,713.815,-0.11956,22.8164,0.000531858,597.437,2.9593
0.00596767,696.106,-0.111231,22.8168,0.000531858,597.437,2.95932
0.00596768,675.762,-0.0946662,22.8172,0.000531858,597.437,2.95935
0.00596769,657.642,-0.069548,22.8175,0.000531858,597.437,2.95938
0.0059677,646.992,-0.0439212,22.8176,0.000531858,597.437,2.95941
0.00596771,642.193,-0.0223505,22.8176,0.000531858,597.437,2.95943
0.00596772,640.615,-0.00302787,22.8175,0.000531858,597.437,2.95945
0.00596772,641.485,0.0163507,22.8173,0.000531858,597.438,2.95947
0.00596773,644.889,0.0357387,22.8171,0.000531858,597.438,2.95949
0.00596774,653.244,0.060083,22.8168,0.000531858,597.438,2.95951
0.00596775,667.085,0.0836596,22.8163,0.000531858,597.438,2.95954
0.00596776,682.354,0.100243,22.8158,0.000531858,597.438,2.95956
0.00596776,696.59,0.110651,22.8154,0.000531858,597.437,2.95958
0.00596777,711.34,0.11772,22.815,0.000531858,597.437,2.9596
0.00596778,727.422,0.121858,22.8147,0.000531858,597.437,2.95962
0.00596778,746.865,0.122367,22.8142,0.000531858,597.437,2.95964
0.00596779,769.482,0.116751,22.8138,0.000531858,597.437,2.95967
0.0059678,793.088,0.102511,22.8134,0.000531858,597.437,2.9597
0.00596782,815.025,0.0774675,22.8131,0.000531858,597.437,2.95973
0.00596782,825.338,0.0577101,22.8131,0.000531858,597.437,2.95975
0.00596783,830.07,0.0445633,22.8131,0.000531858,597.437,2.95977
0.00596783,832.667,0.0348569,22.8132,0.000531858,597.437,2.95978
0.00596784,834.619,0.0248934,22.8132,0.000531858,597.437,2.95978
0.00596784,835.836,0.015521,22.8133,0.000531858,597.437,2.95979
0.00596784,836.519,0.00505286,22.8134,0.000531858,597.437,2.9598
0.00596785,836.493,-0.00578733,22.8135,0.000531858,597.437,2.95981
0.00596785,835.589,-0.0178092,22.8136,0.000531858,597.437,2.95982
0.00596785,833.863,-0.0291475,22.8138,0.000531858,597.437,2.95983
0.00596786,831.065,-0.041082,22.814,0.000531858,597.437,2.95984
0.00596786,826.942,-0.0535736,22.8142,0.000531858,597.437,2.95986
0.00596787,821.059,-0.0667324,22.8145,0.000531858,597.437,2.95987
0.00596787,812.208,-0.0813228,22.8149,0.000531858,597.438,2.95988
0.00596788,799.03,-0.0967065,22.8154,0.000531858,597.438,2.9599
0.00596789,779.251,-0.111417,22.8161,0.000531858,597.438,2.95993
0.0059679,763.066,-0.118308,22.8165,0.000531858,597.438,2.95995
0.0059679,747.018,-0.121476,22.817,0.000531858,597.438,2.95996
0.00596791,730.211,-0.121208,22.8174,0.000531858,597.439,2.95998
0.00596792,710.31,-0.116094,22.8179,0.000531858,597.439,2.96
0.00596793,688.711,-0.103762,22.8184,0.000531858,597.439,2.96003
0.00596794,667.501,-0.0817893,22.8188,0.000531858,597.439,2.96006
0.00596795,652.252,-0.0537087,22.8189,0.000531858,597.439,2.96008
0.00596796,645.216,-0.0296318,22.8189,0.000531858,597.44,2.96011
0.00596797,642.641,-0.0100434,22.8189,0.000531858,597.44,2.96012
0.00596797,642.586,0.0086941,22.8187,0.000531858,597.44,2.96014
0.00596798,645.037,0.0282054,22.8185,0.000531858,597.44,2.96015
0.00596799,650.996,0.0497715,22.8183,0.000531858,597.44,2.96017
0.005968,662.8,0.0740691,22.8178,0.000531858,597.44,2.96019
0.00596801,681.115,0.096427,22.8172,0.000531858,597.44,2.96022
0.00596801,697.629,0.108829,22.8168,0.000531858,597.44,2.96024
0.00596802,712.609,0.115866,22.8164,0.000531858,597.44,2.96025
0.00596803,729.529,0.119898,22.816,0.000531858,597.44,2.96027
0.00596803,745.096,0.12027,22.8156,0.000531858,597.44,2.96028
0.00596804,767.286,0.115257,22.8152,0.000531858,597.439,2.9603
0.00596805,788.08,0.103783,22.8148,0.000531858,597.439,2.96033
0.00596807,810.53,0.080672,22.8145,0.000531858,597.439,2.96035
0.00596807,821.609,0.0615891,22.8145,0.000531858,597.439,2.96037
0.00596808,827.475,0.0468021,22.8145,0.000531858,597.439,2.96038
0.00596808,830.615,0.0358335,22.8145,0.000531858,597.439,2.96039
0.00596809,832.807,0.025106,22.8146,0.000531858,597.439,2.9604
0.00596809,834.158,0.014781,22.8146,0.000531858,597.439,2.96041
0.00596809,834.835,0.0030367,22.8147,0.000531858,597.439,2.96042
0.0059681,834.6,-0.00902576,22.8149,0.000531858,597.439,2.96043
0.0059681,833.006,-0.0238357,22.8151,0.000531858,597.439,2.96044
0.00596811,830.677,-0.0355192,22.8152,0.000531858,597.44,2.96045
0.00596811,826.876,-0.048474,22.8155,0.000531858,597.44,2.96046
0.00596812,821.457,-0.0617434,22.8158,0.000531858,597.44,2.96047
0.00596812,813.522,-0.0759818,22.8161,0.000531858,597.44,2.96048
0.00596813,801.722,-0.0911293,22.8166,0.000531858,597.44,2.96049
0.00596814,784.223,-0.105973,22.8171,0.000531858,597.44,2.96051
0.00596814,769.002,-0.113945,22.8176,0.000531858,597.44,2.96053
0.00596815,753.65,-0.118384,22.8181,0.000531858,597.44,2.96054
0.00596816,737.224,-0.119595,22.8185,0.000531858,597.441,2.96055
0.00596817,718.311,-0.116592,22.819,0.000531858,597.441,2.96057
0.00596818,696.623,-0.106817,22.8194,0.000531858,597.441,2.96059
0.00596819,675.148,-0.0883411,22.8199,0.000531858,597.441,2.96061
0.0059682,656.387,-0.0589115,22.8201,0.000531858,597.442,2.96064
0.00596821,647.793,-0.0332974,22.8201,0.000531858,597.442,2.96066
0.00596822,644.654,-0.0135726,22.8201,0.000531858,597.442,2.96067
0.00596822,644.137,0.00472881,22.82,0.000531858,597.442,2.96068
0.00596823,646.091,0.0242147,22.8198,0.000531858,597.442,2.96069
0.00596824,650.891,0.0439628,22.8195,0.000531858,597.442,2.96071
0.00596824,661.571,0.0683859,22.8191,0.000531858,597.442,2.96073
0.00596825,677.749,0.0903228,22.8186,0.000531858,597.442,2.96074
0.00596826,693.917,0.104054,22.8181,0.000531858,597.442,2.96076
0.00596827,708.391,0.111946,22.8177,0.000531858,597.442,2.96077
0.00596828,723.048,0.116611,22.8173,0.000531858,597.442,2.96078
0.00596828,738.758,0.118325,22.817,0.000531858,597.442,2.9608
0.00596829,757.091,0.116182,22.8166,0.000531858,597.442,2.96081
0.0059683,778.395,0.107658,22.8162,0.000531858,597.442,2.96083
0.00596831,799.782,0.0907089,22.8159,0.000531858,597.442,2.96085
0.00596832,816.02,0.0684785,22.8157,0.000531858,597.442,2.96086
0.00596833,823.291,0.0531235,22.8157,0.000531858,597.442,2.96088
0.00596833,827.481,0.040806,22.8157,0.000531858,597.442,2.96088
0.00596834,830.283,0.0292839,22.8157,0.000531858,597.442,2.96089
0.00596834,832.056,0.0182106,22.8158,0.000531858,597.442,2.9609
0.00596834,833.042,0.0058306,22.8159,0.000531858,597.442,2.9609
0.00596835,832.985,-0.00711799,22.816,0.000531858,597.442,2.96091
0.00596835,831.617,-0.0214701,22.8162,0.000531858,597.442,2.96092
0.00596836,829.211,-0.0341351,22.8164,0.000531858,597.442,2.96093
0.00596836,825.334,-0.0474915,22.8166,0.000531858,597.442,2.96094
0.00596837,819.619,-0.0613694,22.8169,0.000531858,597.442,2.96094
0.00596837,811.517,-0.0756188,22.8173,0.000531858,597.442,2.96095
0.00596838,799.397,-0.0907454,22.8177,0.000531858,597.442,2.96097
0.00596839,781.752,-0.105128,22.8183,0.000531858,597.442,2.96098
0.0059684,766.587,-0.112622,22.8188,0.000531858,597.443,2.96099
0.0059684,751.304,-0.116611,22.8192,0.000531858,597.443,2.961
0.00596841,735.204,-0.117358,22.8196,0.000531858,597.443,2.96101
0.00596842,715.683,-0.113585,22.8201,0.000531858,597.443,2.96103
0.00596843,694.539,-0.103052,22.8206,0.000531858,597.443,2.96104
0.00596844,673.274,-0.0831864,22.821,0.000531858,597.444,2.96106
0.00596845,655.773,-0.0529942,22.8212,0.000531858,597.444,2.96108
0.00596846,648.406,-0.027944,22.8212,0.000531858,597.444,2.96109
0.00596847,645.988,-0.00857934,22.8211,0.000531858,597.444,2.9611
0.00596847,646.077,0.00948705,22.821,0.000531858,597.444,2.96111
0.00596848,648.589,0.0282867,22.8208,0.000531858,597.444,2.96112
0.00596849,654.584,0.0492407,22.8205,0.000531858,597.444,2.96113
0.0059685,666.225,0.0725524,22.82,0.000531858,597.444,2.96114
0.00596851,684.288,0.0939992,22.8194,0.000531858,597.444,2.96116
0.00596852,700.555,0.105767,22.819,0.000531858,597.444,2.96117
0.00596852,715.123,0.112243,22.8186,0.000531858,597.444,2.96118
0.00596853,731.55,0.115769,22.8182,0.000531858,597.444,2.96119
0.00596854,746.594,0.115773,22.8179,0.000531858,597.444,2.9612
0.00596855,767.772,0.110482,22.8174,0.000531858,597.444,2.96121
0.00596856,787.69,0.0989527,22.8171,0.000531858,597.444,2.96122
0.00596857,808.977,0.0762246,22.8168,0.000531858,597.444,2.96124
0.00596858,819.301,0.0578381,22.8167,0.000531858,597.444,2.96125
0.00596858,824.432,0.0445883,22.8167,0.000531858,597.444,2.96126
0.00596859,827.771,0.0325142,22.8168,0.000531858,597.444,2.96126
0.00596859,829.938,0.0207784,22.8168,0.000531858,597.444,2.96127
0.00596859,831.131,0.00893387,22.8169,0.000531858,597.444,2.96127
0.0059686,831.303,-0.00530773,22.8171,0.000531858,597.444,2.96128
0.0059686,830.03,-0.0200599,22.8172,0.000531858,597.444,2.96128
0.00596861,827.265,-0.0345665,22.8175,0.000531858,597.444,2.96129
0.00596861,823.005,-0.0485954,22.8177,0.000531858,597.444,2.9613
0.00596862,816.656,-0.0631177,22.818,0.000531858,597.444,2.9613
0.00596863,807.894,-0.0774643,22.8184,0.000531858,597.444,2.96131
0.00596863,794.748,-0.0924983,22.8189,0.000531858,597.444,2.96132
0.00596864,775.943,-0.106055,22.8195,0.000531858,597.445,2.96133
0.00596865,760.422,-0.112367,22.8199,0.000531858,597.445,2.96134
0.00596866,743.55,-0.115193,22.8204,0.000531858,597.445,2.96135
0.00596866,727.439,-0.114261,22.8208,0.000531858,597.445,2.96135
0.00596867,706.061,-0.107353,22.8213,0.000531858,597.445,2.96136
0.00596868,685.96,-0.0937418,22.8217,0.000531858,597.446,2.96138
0.0059687,665.61,-0.0687883,22.822,0.000531858,597.446,2.96139
0.00596871,654.224,-0.0434869,22.8221,0.000531858,597.446,2.9614
0.00596871,649.224,-0.0226298,22.822,0.000531858,597.446,2.96141
0.00596872,647.522,-0.00460577,22.8219,0.000531858,597.446,2.96141
0.00596873,648.089,0.0132352,22.8218,0.000531858,597.446,2.96142
0.00596873,650.997,0.0312988,22.8216,0.000531858,597.446,2.96143
0.00596874,658.115,0.0533234,22.8213,0.000531858,597.446,2.96143
0.00596875,670.466,0.0755388,22.8208,0.000531858,597.446,2.96144
0.00596876,687.816,0.094483,22.8203,0.000531858,597.446,2.96145
0.00596877,703.061,0.104822,22.8198,0.000531858,597.446,2.96146
0.00596878,717.242,0.110724,22.8194,0.000531858,597.446,2.96147
0.00596878,733.096,0.113774,22.8191,0.000531858,597.446,2.96147
0.00596879,747.935,0.113478,22.8187,0.000531858,597.446,2.96148
0.0059688,769.021,0.107693,22.8183,0.000531858,597.446,2.96149
0.00596881,788.545,0.0957259,22.818,0.000531858,597.446,2.96149
0.00596882,809.286,0.0724002,22.8177,0.000531858,597.446,2.9615
0.00596883,818.674,0.0547991,22.8176,0.000531858,597.446,2.96151
0.00596883,823.569,0.0414625,22.8176,0.000531858,597.446,2.96151
0.00596884,826.721,0.0291444,22.8177,0.000531858,597.446,2.96152
0.00596884,828.698,0.0169129,22.8178,0.000531858,597.446,2.96152
0.00596885,829.653,0.00293179,22.8179,0.000531858,597.446,2.96153
0.00596885,829.222,-0.0115279,22.818,0.000531858,597.446,2.96153
0.00596886,826.593,-0.0296673,22.8183,0.000531858,597.446,2.96153
0.00596886,822.721,-0.0439921,22.8185,0.000531858,597.446,2.96154
0.00596887,815.92,-0.0605199,22.8188,0.000531858,597.446,2.96154
0.00596888,807.922,-0.0741322,22.8192,0.000531858,597.446,2.96155
0.00596888,795.012,-0.0895152,22.8196,0.000531858,597.447,2.96155
0.00596889,777.661,-0.102731,22.8202,0.000531858,597.447,2.96156
0.0059689,762.815,-0.109412,22.8206,0.000531858,597.447,2.96156
0.00596891,746.369,-0.112848,22.8211,0.000531858,597.447,2.96157
0.00596891,731.187,-0.112653,22.8215,0.000531858,597.447,2.96157
0.00596892,710.461,-0.107109,22.822,0.000531858,597.448,2.96158
0.00596893,690.831,-0.0953161,22.8224,0.000531858,597.448,2.96159
0.00596895,670.216,-0.0726957,22.8227,0.000531858,597.448,2.96159
0.00596896,657.128,-0.0466497,22.8228,0.000531858,597.448,2.9616
0.00596897,651.319,-0.0249031,22.8228,0.000531858,597.448,2.96161
0.00596897,649.288,-0.0068973,22.8227,0.000531858,597.448,2.96161
0.00596898,649.542,0.0105373,22.8226,0.000531858,597.448,2.96161
0.00596898,652.109,0.0284584,22.8224,0.000531858,597.449,2.96162
0.00596899,658.339,0.0492704,22.822,0.000531858,597.449,2.96162
0.005969,669.878,0.0714663,22.8216,0.000531858,597.449,2.96162
0.00596901,688.019,0.0921091,22.821,0.000531858,597.449,2.96163
0.00596902,703.752,0.102887,22.8206,0.000531858,597.448,2.96163
0.00596903,717.888,0.108729,22.8202,0.000531858,597.448,2.96164
0.00596903,733.698,0.111677,22.8198,0.000531858,597.448,2.96164
0.00596904,748.324,0.111269,22.8195,0.000531858,597.448,2.96164
0.00596905,769.093,0.10537,22.819,0.000531858,597.448,2.96165
0.00596906,788.216,0.0933998,22.8187,0.000531858,597.448,2.96165
0.00596907,808.49,0.0701664,22.8184,0.000531858,597.448,2.96166
0.00596908,817.596,0.0527023,22.8184,0.000531858,597.448,2.96166
0.00596909,822.374,0.0392641,22.8184,0.000531858,597.448,2.96166
0.00596909,825.431,0.0266492,22.8185,0.000531858,597.448,2.96166
0.00596909,827.278,0.0138588,22.8185,0.000531858,597.448,2.96166
0.0059691,827.934,-0.00207605,22.8187,0.000531858,597.448,2.96167
0.00596911,826.906,-0.0171528,22.8188,0.000531858,597.448,2.96167
0.00596911,823.153,-0.0363782,22.8191,0.000531858,597.448,2.96167
0.00596912,817.803,-0.0520066,22.8194,0.000531858,597.448,2.96167
0.00596913,810.024,-0.0673819,22.8197,0.000531858,597.449,2.96167
0.00596913,799.618,-0.0817571,22.8201,0.000531858,597.449,2.96168
0.00596914,784.178,-0.0960304,22.8207,0.000531858,597.449,2.96168
0.00596915,770.441,-0.104126,22.8211,0.000531858,597.449,2.96168
0.00596915,756.496,-0.108998,22.8215,0.000531858,597.449,2.96168
0.00596916,741.249,-0.110994,22.8219,0.000531858,597.449,2.96168
0.00596917,724.798,-0.109455,22.8223,0.000531858,597.45,2.96169
0.00596918,704.422,-0.10194,22.8227,0.000531858,597.45,2.96169
0.00596919,684.597,-0.087205,22.8231,0.000531858,597.45,2.96169
0.0059692,665.841,-0.06194,22.8234,0.000531858,597.45,2.96169
0.00596921,656.215,-0.0383314,22.8234,0.000531858,597.45,2.96169
0.00596922,652.111,-0.0192227,22.8234,0.000531858,597.451,2.9617
0.00596922,650.804,-0.0020982,22.8232,0.000531858,597.451,2.9617
0.00596923,651.653,0.0151676,22.8231,0.000531858,597.451,2.9617
0.00596924,654.736,0.0323768,22.8229,0.000531858,597.451,2.9617
0.00596925,662.359,0.0543086,22.8225,0.000531858,597.451,2.9617
0.00596926,674.821,0.0752946,22.8221,0.000531858,597.451,2.9617
0.00596926,691.016,0.0921056,22.8216,0.000531858,597.451,2.9617
0.00596927,705.15,0.10137,22.8211,0.000531858,597.451,2.9617
0.00596928,718.698,0.106839,22.8208,0.000531858,597.451,2.9617
0.00596929,733.777,0.109603,22.8204,0.000531858,597.451,2.9617
0.00596929,748.384,0.109169,22.8201,0.000531858,597.451,2.9617
0.0059693,768.606,0.103368,22.8197,0.000531858,597.45,2.9617
0.00596931,787.578,0.0914096,22.8193,0.000531858,597.45,2.9617
0.00596932,807.322,0.0686203,22.8191,0.000531858,597.45,2.9617
0.00596933,816.571,0.0506012,22.819,0.000531858,597.45,2.9617
0.00596934,821.322,0.0366929,22.819,0.000531858,597.45,2.9617
0.00596934,824.236,0.0237479,22.8191,0.000531858,597.45,2.9617
0.00596935,825.887,0.0103568,22.8191,0.000531858,597.45,2.9617
0.00596935,826.146,-0.0057967,22.8193,0.000531858,597.45,2.9617
0.00596936,824.463,-0.0222862,22.8195,0.000531858,597.451,2.9617
0.00596937,820.336,-0.0398883,22.8198,0.000531858,597.451,2.9617
0.00596937,814.262,-0.0556316,22.8201,0.000531858,597.451,2.9617
0.00596938,805.737,-0.0706949,22.8204,0.000531858,597.451,2.9617
0.00596939,793.883,-0.0851452,22.8208,0.000531858,597.451,2.9617
0.0059694,776.776,-0.0985139,22.8214,0.000531858,597.451,2.96169
0.0059694,762.448,-0.105113,22.8218,0.000531858,597.451,2.96169
0.00596941,746.499,-0.108571,22.8222,0.000531858,597.452,2.96169
0.00596942,731.844,-0.108476,22.8226,0.000531858,597.452,2.96169
0.00596943,712.026,-0.103323,22.823,0.000531858,597.452,2.96169
0.00596944,693.088,-0.092143,22.8234,0.000531858,597.452,2.96169
0.00596945,673.234,-0.0706981,22.8237,0.000531858,597.452,2.96169
0.00596946,660.369,-0.0455171,22.8238,0.000531858,597.453,2.96168
0.00596947,654.636,-0.0244256,22.8238,0.000531858,597.453,2.96168
0.00596947,652.619,-0.00705507,22.8237,0.000531858,597.453,2.96168
0.00596948,652.81,0.00971409,22.8236,0.000531858,597.453,2.96168
0.00596949,655.23,0.0269938,22.8234,0.000531858,597.453,2.96168
0.00596949,661.1,0.0468848,22.8231,0.000531858,597.453,2.96167
0.0059695,672.102,0.0683108,22.8226,0.000531858,597.453,2.96167
0.00596951,689.358,0.0882025,22.8221,0.000531858,597.453,2.96167
0.00596952,704.494,0.0987406,22.8216,0.000531858,597.453,2.96166
0.00596953,718.086,0.104478,22.8213,0.000531858,597.453,2.96166
0.00596954,733.321,0.107436,22.8209,0.000531858,597.453,2.96166
0.00596954,747.26,0.107163,22.8206,0.000531858,597.453,2.96166
0.00596955,767.223,0.101697,22.8201,0.000531858,597.453,2.96165
0.00596956,785.585,0.0904617,22.8198,0.000531858,597.453,2.96165
0.00596957,805.229,0.0684173,22.8195,0.000531858,597.453,2.96164
0.00596958,814.6,0.0506493,22.8195,0.000531858,597.453,2.96164
0.00596959,819.524,0.0365675,22.8195,0.000531858,597.453,2.96164
0.00596959,822.551,0.0232697,22.8195,0.000531858,597.453,2.96164
0.0059696,824.226,0.00934142,22.8196,0.000531858,597.453,2.96163
0.0059696,824.345,-0.00728472,22.8197,0.000531858,597.453,2.96163
0.00596961,822.371,-0.0241489,22.82,0.000531858,597.453,2.96163
0.00596962,817.807,-0.0419275,22.8202,0.000531858,597.453,2.96162
0.00596963,810.283,-0.0594958,22.8206,0.000531858,597.453,2.96162
0.00596963,801.239,-0.0737149,22.8209,0.000531858,597.453,2.96162
0.00596964,787.446,-0.0883921,22.8214,0.000531858,597.453,2.96161
0.00596965,772.567,-0.0984851,22.8219,0.000531858,597.453,2.96161
0.00596966,758.858,-0.104018,22.8222,0.000531858,597.454,2.96161
0.00596966,743.723,-0.106647,22.8226,0.000531858,597.454,2.9616
0.00596967,729.049,-0.105964,22.823,0.000531858,597.454,2.9616
0.00596968,709.238,-0.0998425,22.8234,0.000531858,597.454,2.96159
0.00596969,690.62,-0.0875808,22.8238,0.000531858,597.454,2.96159
0.0059697,671.581,-0.0648159,22.8241,0.000531858,597.455,2.96158
0.00596971,660.644,-0.04111,22.8241,0.000531858,597.455,2.96157
0.00596972,655.832,-0.0215224,22.8241,0.000531858,597.455,2.96157
0.00596973,654.181,-0.00476591,22.824,0.000531858,597.455,2.96156
0.00596973,654.642,0.0117371,22.8238,0.000531858,597.455,2.96156
0.00596974,657.274,0.0285039,22.8236,0.000531858,597.455,2.96156
0.00596975,663.7,0.0487319,22.8233,0.000531858,597.455,2.96155
0.00596976,675.012,0.0693881,22.8229,0.000531858,597.455,2.96154
0.00596977,692.99,0.0887336,22.8223,0.000531858,597.455,2.96154
0.00596978,707.813,0.0981894,22.8219,0.000531858,597.455,2.96153
0.00596978,721.263,0.103235,22.8215,0.000531858,597.455,2.96152
0.00596979,736.13,0.105494,22.8211,0.000531858,597.455,2.96152
0.0059698,750.809,0.104496,22.8208,0.000531858,597.455,2.96151
0.00596981,770.309,0.0979721,22.8204,0.000531858,597.455,2.96151
0.00596982,788.673,0.085186,22.82,0.000531858,597.455,2.9615
0.00596983,807.054,0.0618825,22.8198,0.000531858,597.455,2.96149
0.00596984,815.023,0.0446999,22.8198,0.000531858,597.455,2.96148
0.00596984,819.231,0.0307542,22.8198,0.000531858,597.455,2.96148
0.00596985,821.742,0.0170031,22.8198,0.000531858,597.455,2.96147
0.00596985,822.806,0.00183338,22.82,0.000531858,597.455,2.96147
0.00596986,821.943,-0.0151989,22.8201,0.000531858,597.455,2.96146
0.00596987,818.95,-0.0317122,22.8203,0.000531858,597.455,2.96146
0.00596987,813.894,-0.0473839,22.8206,0.000531858,597.455,2.96145
0.00596988,805.416,-0.0642793,22.821,0.000531858,597.455,2.96145
0.00596989,795.019,-0.0782574,22.8214,0.000531858,597.455,2.96144
0.0059699,779.111,-0.092198,22.8219,0.000531858,597.456,2.96143
0.0059699,765.712,-0.0993957,22.8223,0.000531858,597.456,2.96143
0.00596991,752.264,-0.103428,22.8226,0.000531858,597.456,2.96142
0.00596992,737.859,-0.104626,22.823,0.000531858,597.456,2.96141
0.00596993,721.285,-0.102144,22.8234,0.000531858,597.456,2.96141
0.00596993,702.242,-0.0937433,22.8238,0.000531858,597.456,2.9614
0.00596995,683.37,-0.0777303,22.8241,0.000531858,597.457,2.96139
0.00596996,666.827,-0.0521172,22.8243,0.000531858,597.457,2.96137
0.00596997,659.18,-0.0297089,22.8243,0.000531858,597.457,2.96137
0.00596997,656.352,-0.0124643,22.8242,0.000531858,597.457,2.96136
0.00596998,655.826,0.00352448,22.8241,0.000531858,597.457,2.96135
0.00596999,657.458,0.0206012,22.8239,0.000531858,597.457,2.96135
0.00596999,661.498,0.0376544,22.8236,0.000531858,597.457,2.96134
0.00597,670.684,0.0590892,22.8232,0.000531858,597.457,2.96133
0.00597001,684.55,0.0782598,22.8227,0.000531858,597.457,2.96132
0.00597002,698.661,0.0905094,22.8223,0.000531858,597.457,2.96131
0.00597003,711.306,0.0975787,22.8219,0.000531858,597.457,2.9613
0.00597003,724.106,0.101803,22.8216,0.000531858,597.457,2.9613
0.00597004,737.906,0.10345,22.8212,0.000531858,597.457,2.96129
0.00597005,753.519,0.101826,22.8209,0.000531858,597.457,2.96128
0.00597006,772.217,0.0946778,22.8205,0.000531858,597.457,2.96127
0.00597007,790.784,0.080465,22.8201,0.000531858,597.457,2.96126
0.00597008,807.866,0.0566089,22.8199,0.000531858,597.457,2.96124
0.00597009,814.864,0.0398264,22.8199,0.000531858,597.457,2.96124
0.00597009,818.567,0.0257623,22.8199,0.000531858,597.457,2.96123
0.0059701,820.631,0.0113538,22.82,0.000531858,597.457,2.96122
0.00597011,820.961,-0.00628694,22.8202,0.000531858,597.457,2.96121
0.00597011,819.18,-0.0223023,22.8204,0.000531858,597.457,2.96121
0.00597012,814.206,-0.0414993,22.8206,0.000531858,597.457,2.9612
0.00597013,806.013,-0.0596536,22.821,0.000531858,597.457,2.96119
0.00597014,796.182,-0.0739694,22.8214,0.000531858,597.458,2.96118
0.00597015,781.461,-0.0880615,22.8218,0.000531858,597.458,2.96117
0.00597015,768.551,-0.095871,22.8222,0.000531858,597.458,2.96116
0.00597016,755.665,-0.100514,22.8226,0.000531858,597.458,2.96115
0.00597017,741.509,-0.102501,22.8229,0.000531858,597.458,2.96114
0.00597017,726.614,-0.101272,22.8233,0.000531858,597.458,2.96113
0.00597018,707.73,-0.0945779,22.8237,0.000531858,597.459,2.96112
0.00597019,689.524,-0.0814199,22.824,0.000531858,597.459,2.96111
0.00597021,671.956,-0.0584118,22.8242,0.000531858,597.459,2.96109
0.00597022,662.781,-0.0366479,22.8243,0.000531858,597.459,2.96108
0.00597022,658.77,-0.0188091,22.8242,0.000531858,597.459,2.96107
0.00597023,657.428,-0.00295473,22.8241,0.000531858,597.459,2.96106
0.00597024,658.079,0.0129546,22.8239,0.000531858,597.459,2.96105
0.00597024,660.802,0.0289205,22.8237,0.000531858,597.459,2.96104
0.00597025,667.51,0.0488872,22.8234,0.000531858,597.459,2.96103
0.00597026,678.77,0.0684391,22.823,0.000531858,597.459,2.96102
0.00597027,693.939,0.0845659,22.8224,0.000531858,597.459,2.96101
0.00597028,707.225,0.0934169,22.822,0.000531858,597.459,2.961
0.00597028,719.805,0.0985669,22.8217,0.000531858,597.459,2.96099
0.00597029,733.832,0.101188,22.8213,0.000531858,597.459,2.96098
0.0059703,747.187,0.10084,22.821,0.000531858,597.459,2.96097
0.00597031,765.911,0.0955554,22.8206,0.000531858,597.459,2.96095
0.00597032,783.358,0.084671,22.8203,0.000531858,597.459,2.96094
0.00597033,801.7,0.063706,22.82,0.000531858,597.459,2.96092
0.00597034,810.707,0.0461352,22.8199,0.000531858,597.459,2.96091
0.00597034,815.509,0.0314621,22.8199,0.000531858,597.459,2.9609
0.00597035,818.306,0.0170549,22.82,0.000531858,597.459,2.96089
0.00597036,819.428,0.00124205,22.8201,0.000531858,597.459,2.96088
0.00597036,818.483,-0.0154898,22.8203,0.000531858,597.459,2.96087
0.00597037,815.446,-0.0314782,22.8205,0.000531858,597.459,2.96086
0.00597038,809.799,-0.0480192,22.8207,0.000531858,597.46,2.96085
0.00597038,800.685,-0.064847,22.8211,0.000531858,597.46,2.96084
0.00597039,789.246,-0.0787863,22.8215,0.000531858,597.46,2.96083
0.0059704,774.392,-0.0904599,22.822,0.000531858,597.46,2.96081
0.00597041,761.508,-0.0966043,22.8223,0.000531858,597.46,2.9608
0.00597041,748.413,-0.0998396,22.8227,0.000531858,597.46,2.96079
0.00597042,734.741,-0.100302,22.823,0.000531858,597.46,2.96078
0.00597043,717.705,-0.0967506,22.8234,0.000531858,597.461,2.96077
0.00597044,699.721,-0.0874134,22.8237,0.000531858,597.461,2.96075
0.00597045,681.483,-0.0697662,22.824,0.000531858,597.461,2.96074
0.00597046,666.886,-0.043499,22.8241,0.000531858,597.461,2.96072
0.00597047,660.979,-0.0221653,22.8241,0.000531858,597.461,2.9607
0.00597048,659.152,-0.00562765,22.8239,0.000531858,597.462,2.96069
0.00597049,659.444,0.00984918,22.8238,0.000531858,597.462,2.96068
0.00597049,661.802,0.0258042,22.8236,0.000531858,597.462,2.96067
0.0059705,667.409,0.0442179,22.8233,0.000531858,597.462,2.96066
0.00597051,677.768,0.0638917,22.8229,0.000531858,597.462,2.96064
0.00597052,693.985,0.082106,22.8223,0.000531858,597.462,2.96062
0.00597053,707.922,0.0915116,22.8219,0.000531858,597.462,2.96061
0.00597054,720.505,0.0966078,22.8215,0.000531858,597.462,2.9606
0.00597054,734.542,0.0991134,22.8212,0.000531858,597.462,2.96058
0.00597055,747.705,0.0986228,22.8208,0.000531858,597.461,2.96057
0.00597056,766.13,0.09317,22.8204,0.000531858,597.461,2.96056
0.00597057,783.171,0.0822229,22.8201,0.000531858,597.461,2.96054
0.00597058,801.026,0.0612676,22.8198,0.000531858,597.461,2.96052
0.00597059,809.738,0.0436814,22.8198,0.000531858,597.461,2.9605
0.0059706,814.359,0.0287607,22.8198,0.000531858,597.461,2.96049
0.0059706,816.942,0.0138325,22.8198,0.000531858,597.461,2.96048
0.00597061,817.682,-0.00175705,22.82,0.000531858,597.461,2.96047
0.00597062,816.42,-0.0177284,22.8201,0.000531858,597.462,2.96046
0.00597062,812.906,-0.0340125,22.8203,0.000531858,597.462,2.96045
0.00597063,806.575,-0.0507099,22.8206,0.000531858,597.462,2.96043
0.00597064,796.782,-0.0670844,22.821,0.000531858,597.462,2.96042
0.00597065,784.187,-0.080782,22.8214,0.000531858,597.462,2.9604
0.00597065,770.818,-0.0901291,22.8218,0.000531858,597.462,2.96039
0.00597066,758.406,-0.0954097,22.8221,0.000531858,597.462,2.96038
0.00597067,744.557,-0.0981173,22.8225,0.000531858,597.463,2.96036
0.00597067,731.544,-0.0978475,22.8228,0.000531858,597.463,2.96035
0.00597068,713.317,-0.0928068,22.8232,0.000531858,597.463,2.96033
0.00597069,696.326,-0.0823717,22.8235,0.000531858,597.463,2.96031
0.00597071,678.381,-0.0622584,22.8237,0.000531858,597.463,2.96029
0.00597072,667.337,-0.0397539,22.8238,0.000531858,597.464,2.96027
0.00597073,662.467,-0.021058,22.8237,0.000531858,597.464,2.96026
0.00597073,660.781,-0.00546851,22.8236,0.000531858,597.464,2.96024
0.00597074,661.068,0.00968974,22.8235,0.000531858,597.464,2.96023
0.00597074,663.36,0.0252155,22.8233,0.000531858,597.464,2.96022
0.00597075,668.929,0.0434657,22.823,0.000531858,597.464,2.9602
0.00597076,679.074,0.0626636,22.8226,0.000531858,597.464,2.96019
0.00597077,695.081,0.0805584,22.822,0.000531858,597.464,2.96016
0.00597078,708.749,0.0897124,22.8216,0.000531858,597.464,2.96015
0.00597079,721.091,0.0946553,22.8212,0.000531858,597.464,2.96014
0.00597079,734.841,0.0970509,22.8209,0.000531858,597.464,2.96012
0.0059708,747.824,0.0965019,22.8205,0.000531858,597.464,2.96011
0.00597081,765.858,0.0910507,22.8201,0.000531858,597.464,2.96009
0.00597082,782.577,0.0801654,22.8198,0.000531858,597.464,2.96007
0.00597083,799.978,0.059483,22.8195,0.000531858,597.464,2.96004
0.00597084,808.541,0.0418771,22.8195,0.000531858,597.464,2.96003
0.00597085,813.069,0.0266782,22.8195,0.000531858,597.464,2.96001
0.00597085,815.489,0.0112218,22.8196,0.000531858,597.464,2.96
0.00597086,815.92,-0.00411755,22.8197,0.000531858,597.464,2.95999
0.00597087,814.352,-0.0198547,22.8198,0.000531858,597.464,2.95997
0.00597088,810.274,-0.0366183,22.8201,0.000531858,597.464,2.95996
0.00597088,803.155,-0.0534974,22.8204,0.000531858,597.464,2.95994
0.00597089,792.606,-0.0693645,22.8207,0.000531858,597.464,2.95992
0.0059709,778.789,-0.0826083,22.8212,0.000531858,597.464,2.95991
0.00597091,766.81,-0.0898869,22.8215,0.000531858,597.464,2.95989
0.00597091,754.825,-0.0942622,22.8218,0.000531858,597.465,2.95988
0.00597092,741.608,-0.096194,22.8222,0.000531858,597.465,2.95986
0.00597093,727.783,-0.0951582,22.8225,0.000531858,597.465,2.95985
0.00597094,710.057,-0.0890496,22.8228,0.000531858,597.465,2.95983
0.00597095,692.998,-0.0769564,22.8231,0.000531858,597.465,2.95981
0.00597096,676.375,-0.0555958,22.8233,0.000531858,597.466,2.95978
0.00597097,667.537,-0.0350578,22.8233,0.000531858,597.466,2.95976
0.00597098,663.643,-0.0181514,22.8233,0.000531858,597.466,2.95974
0.00597098,662.32,-0.00323411,22.8231,0.000531858,597.466,2.95973
0.00597099,662.871,0.0116792,22.823,0.000531858,597.466,2.95972
0.005971,665.37,0.0266968,22.8228,0.000531858,597.466,2.9597
0.00597101,671.513,0.0452925,22.8225,0.000531858,597.466,2.95968
0.00597101,681.965,0.0637179,22.822,0.000531858,597.466,2.95966
0.00597102,696.299,0.0791334,22.8215,0.000531858,597.466,2.95964
0.00597103,708.875,0.0875751,22.8211,0.000531858,597.466,2.95962
0.00597104,720.719,0.092453,22.8208,0.000531858,597.466,2.95961
0.00597105,733.936,0.0949404,22.8204,0.000531858,597.466,2.9596
0.00597105,746.412,0.0946303,22.8201,0.000531858,597.466,2.95958
0.00597106,764.01,0.0896908,22.8197,0.000531858,597.466,2.95956
0.00597107,780.349,0.0795331,22.8194,0.000531858,597.466,2.95954
0.00597108,797.61,0.0598725,22.8191,0.000531858,597.466,2.95951
0.00597109,806.544,0.0422463,22.819,0.000531858,597.466,2.95949
0.0059711,811.319,0.0267327,22.819,0.000531858,597.466,2.95947
0.00597111,813.834,0.0109217,22.8191,0.000531858,597.466,2.95946
0.00597111,814.245,-0.00414928,22.8192,0.000531858,597.466,2.95944
0.00597112,812.665,-0.0197147,22.8194,0.000531858,597.466,2.95943
0.00597113,808.634,-0.0360933,22.8196,0.000531858,597.466,2.95941
0.00597114,801.214,-0.0533493,22.8199,0.000531858,597.466,2.95939
0.00597114,790.408,-0.0690864,22.8203,0.000531858,597.466,2.95937
0.00597115,776.159,-0.0821059,22.8207,0.000531858,597.467,2.95935
0.00597116,764.163,-0.0888857,22.821,0.000531858,597.467,2.95933
0.00597117,752.246,-0.0927688,22.8214,0.000531858,597.467,2.95932
0.00597117,739.312,-0.0941795,22.8217,0.000531858,597.467,2.9593
0.00597118,724.983,-0.0924825,22.822,0.000531858,597.467,2.95929
0.00597119,707.753,-0.0855875,22.8223,0.000531858,597.467,2.95926
0.0059712,690.862,-0.0722727,22.8226,0.000531858,597.468,2.95924
0.00597121,675.374,-0.0501082,22.8227,0.000531858,597.468,2.95921
0.00597122,667.767,-0.0299776,22.8227,0.000531858,597.468,2.95919
0.00597123,664.722,-0.0141702,22.8226,0.000531858,597.468,2.95917
0.00597124,663.882,0.000261114,22.8225,0.000531858,597.468,2.95915
0.00597124,664.994,0.0158829,22.8223,0.000531858,597.468,2.95914
0.00597125,667.935,0.0301604,22.8221,0.000531858,597.468,2.95912
0.00597126,675.508,0.0498184,22.8217,0.000531858,597.468,2.9591
0.00597127,686.693,0.0669169,22.8213,0.000531858,597.468,2.95908
0.00597128,699.711,0.0794458,22.8208,0.000531858,597.468,2.95906
0.00597128,711.069,0.0865038,22.8205,0.000531858,597.468,2.95904
0.00597129,722.475,0.0908706,22.8202,0.000531858,597.468,2.95903
0.0059713,735.058,0.0929691,22.8198,0.000531858,597.468,2.95901
0.0059713,747.915,0.0923468,22.8195,0.000531858,597.468,2.95899
0.00597131,764.962,0.0870475,22.8191,0.000531858,597.468,2.95897
0.00597132,781.278,0.0762167,22.8188,0.000531858,597.468,2.95894
0.00597134,797.687,0.0563301,22.8185,0.000531858,597.468,2.95891
0.00597135,806.006,0.0387399,22.8184,0.000531858,597.468,2.95889
0.00597135,810.387,0.0229718,22.8184,0.000531858,597.468,2.95887
0.00597136,812.377,0.00794351,22.8185,0.000531858,597.468,2.95886
0.00597137,812.443,-0.00662883,22.8186,0.000531858,597.468,2.95884
0.00597137,810.591,-0.0216449,22.8188,0.000531858,597.468,2.95883
0.00597138,805.988,-0.038442,22.819,0.000531858,597.468,2.95881
0.00597139,796.982,-0.0570231,22.8194,0.000531858,597.468,2.95878
0.0059714,785.723,-0.0714086,22.8197,0.000531858,597.469,2.95876
0.00597141,772.006,-0.0824869,22.8201,0.000531858,597.469,2.95874
0.00597141,760.241,-0.0882843,22.8204,0.000531858,597.469,2.95872
0.00597142,748.351,-0.0914047,22.8207,0.000531858,597.469,2.95871
0.00597143,735.834,-0.0920243,22.821,0.000531858,597.469,2.95869
0.00597144,720.543,-0.089133,22.8213,0.000531858,597.469,2.95867
0.00597145,703.981,-0.0809667,22.8216,0.000531858,597.47,2.95864
0.00597146,687.26,-0.0654636,22.8219,0.000531858,597.47,2.95861
0.00597147,673.485,-0.0418886,22.822,0.000531858,597.47,2.95858
0.00597148,667.638,-0.0222463,22.8219,0.000531858,597.47,2.95856
0.00597149,665.697,-0.00707463,22.8218,0.000531858,597.47,2.95854
0.00597149,665.722,0.00707245,22.8217,0.000531858,597.47,2.95852
0.0059715,667.644,0.0218214,22.8215,0.000531858,597.47,2.95851
0.00597151,672.238,0.0381286,22.8212,0.000531858,597.47,2.95849
0.00597152,681.264,0.0564392,22.8208,0.000531858,597.47,2.95846
0.00597153,695.244,0.073256,22.8203,0.000531858,597.47,2.95844
0.00597153,707.983,0.0826147,22.8199,0.000531858,597.47,2.95841
0.00597154,719.432,0.0877946,22.8195,0.000531858,597.47,2.9584
0.00597155,731.101,0.0904969,22.8192,0.000531858,597.47,2.95838
0.00597155,743.158,0.0907899,22.8189,0.000531858,597.47,2.95836
0.00597156,758.771,0.087389,22.8185,0.000531858,597.47,2.95834
0.00597157,774.826,0.0788324,22.8181,0.000531858,597.47,2.95831
0.00597158,791.362,0.0624008,22.8178,0.000531858,597.47,2.95828
0.00597159,801.761,0.044517,22.8177,0.000531858,597.47,2.95826
0.0059716,807.387,0.0282701,22.8177,0.000531858,597.47,2.95824
0.00597161,810.27,0.0123041,22.8177,0.000531858,597.47,2.95822
0.00597162,810.895,-0.00210803,22.8178,0.000531858,597.47,2.9582
0.00597162,809.58,-0.0172988,22.818,0.000531858,597.47,2.95818
0.00597163,806.209,-0.0321608,22.8181,0.000531858,597.47,2.95816
0.00597164,798.4,-0.0509435,22.8185,0.000531858,597.471,2.95814
0.00597165,787.595,-0.0665437,22.8188,0.000531858,597.471,2.95811
0.00597166,772.934,-0.0794832,22.8193,0.000531858,597.471,2.95809
0.00597166,761.148,-0.0857014,22.8196,0.000531858,597.471,2.95807
0.00597167,749.57,-0.0890555,22.8199,0.000531858,597.471,2.95805
0.00597168,737.175,-0.0899722,22.8201,0.000531858,597.471,2.95803
0.00597169,722.864,-0.0876871,22.8204,0.000531858,597.472,2.95801
0.0059717,706.499,-0.0802678,22.8207,0.000531858,597.472,2.95799
0.00597171,690.286,-0.0662197,22.821,0.000531858,597.472,2.95796
0.00597172,676.204,-0.0439099,22.8211,0.000531858,597.472,2.95792
0.00597173,669.827,-0.024622,22.821,0.000531858,597.472,2.95789
0.00597174,667.527,-0.00978648,22.8209,0.000531858,597.472,2.95788
0.00597174,667.191,0.00397761,22.8208,0.000531858,597.472,2.95786
0.00597175,668.71,0.0185924,22.8206,0.000531858,597.472,2.95784
0.00597176,672.421,0.033576,22.8203,0.000531858,597.473,2.95782
0.00597176,680.541,0.0518719,22.82,0.000531858,597.473,2.9578
0.00597178,692.878,0.0683577,22.8195,0.000531858,597.473,2.95777
0.00597178,705.112,0.0785568,22.8191,0.000531858,597.473,2.95775
0.00597179,716.094,0.0843911,22.8187,0.000531858,597.472,2.95773
0.0059718,727.23,0.0877745,22.8184,0.000531858,597.472,2.95771
0.0059718,739.111,0.0888869,22.8181,0.000531858,597.472,2.95769
0.00597181,753.033,0.0870101,22.8177,0.000531858,597.472,2.95767
0.00597182,769.04,0.0802492,22.8174,0.000531858,597.472,2.95764
0.00597183,785.095,0.0670193,22.817,0.000531858,597.472,2.95761
0.00597184,799.275,0.0456282,22.8168,0.000531858,597.472,2.95758
0.00597185,805.671,0.0278773,22.8168,0.000531858,597.472,2.95755
0.00597186,808.557,0.0119153,22.8168,0.000531858,597.472,2.95753
0.00597187,809.154,-0.00202491,22.8169,0.000531858,597.472,2.95751
0.00597187,807.869,-0.0168732,22.817,0.000531858,597.473,2.95749
0.00597188,804.636,-0.0311897,22.8172,0.000531858,597.473,2.95748
0.00597189,797.038,-0.0495704,22.8175,0.000531858,597.473,2.95745
0.0059719,785.894,-0.0655387,22.8179,0.000531858,597.473,2.95742
0.00597191,771.314,-0.0781043,22.8183,0.000531858,597.473,2.95739
0.00597192,759.689,-0.0840198,22.8186,0.000531858,597.473,2.95737
0.00597192,748.318,-0.0871146,22.8189,0.000531858,597.473,2.95735
0.00597193,736.228,-0.0878064,22.8192,0.000531858,597.474,2.95734
0.00597194,721.97,-0.0852494,22.8194,0.000531858,597.474,2.95731
0.00597195,706.059,-0.0776277,22.8197,0.000531858,597.474,2.95728
0.00597196,690.208,-0.0632814,22.8199,0.000531858,597.474,2.95725
0.00597197,676.813,-0.0409941,22.82,0.000531858,597.474,2.95722
0.00597198,671.002,-0.0221891,22.8199,0.000531858,597.474,2.95719
0.00597199,669.015,-0.00770283,22.8198,0.000531858,597.475,2.95717
0.00597199,668.919,0.0057714,22.8197,0.000531858,597.475,2.95715
0.005972,670.633,0.0199056,22.8195,0.000531858,597.475,2.95713
0.00597201,674.75,0.0351518,22.8192,0.000531858,597.475,2.95711
0.00597202,683.125,0.0527505,22.8188,0.000531858,597.475,2.95709
0.00597203,696.015,0.068821,22.8183,0.000531858,597.475,2.95706
0.00597204,708.114,0.0781031,22.8179,0.000531858,597.475,2.95703
0.00597204,718.981,0.0832999,22.8176,0.000531858,597.475,2.95701
0.00597205,730.032,0.0861195,22.8173,0.000531858,597.475,2.95699
0.00597206,741.579,0.0866604,22.817,0.000531858,597.475,2.95697
0.00597206,756.05,0.0839005,22.8166,0.000531858,597.475,2.95695
0.00597207,771.483,0.0762407,22.8162,0.000531858,597.475,2.95692
0.00597209,787.247,0.0614848,22.8159,0.000531858,597.475,2.95689
0.0059721,798.554,0.0427723,22.8158,0.000531858,597.475,2.95686
0.00597211,804.373,0.0257127,22.8157,0.000531858,597.475,2.95683
0.00597211,806.898,0.0108574,22.8158,0.000531858,597.475,2.95681
0.00597212,807.388,-0.00268009,22.8158,0.000531858,597.475,2.95679
0.00597213,806.06,-0.0170428,22.816,0.000531858,597.475,2.95677
0.00597213,802.73,-0.031303,22.8161,0.000531858,597.475,2.95675
0.00597214,795.151,-0.0491498,22.8164,0.000531858,597.475,2.95673
0.00597215,783.692,-0.0650644,22.8168,0.000531858,597.475,2.9567
0.00597216,768.867,-0.0772183,22.8172,0.000531858,597.475,2.95667
0.00597217,757.279,-0.0826578,22.8175,0.000531858,597.475,2.95664
0.00597218,746.001,-0.0853018,22.8178,0.000531858,597.476,2.95662
0.00597218,734.212,-0.0855402,22.818,0.000531858,597.476,2.9566
0.00597219,719.71,-0.0823011,22.8183,0.000531858,597.476,2.95658
0.0059722,704.339,-0.0740419,22.8186,0.000531858,597.476,2.95655
0.00597221,688.888,-0.0586642,22.8188,0.000531858,597.476,2.95652
0.00597222,677.694,-0.0386501,22.8188,0.000531858,597.477,2.95648
0.00597223,672.538,-0.0214924,22.8187,0.000531858,597.477,2.95646
0.00597224,670.638,-0.00768141,22.8186,0.000531858,597.477,2.95644
0.00597225,670.521,0.00546472,22.8185,0.000531858,597.477,2.95642
0.00597225,672.163,0.0192175,22.8183,0.000531858,597.477,2.9564
0.00597226,676.162,0.0341474,22.818,0.000531858,597.477,2.95638
0.00597227,684.291,0.0513141,22.8176,0.000531858,597.477,2.95635
0.00597228,696.844,0.0670395,22.8171,0.000531858,597.477,2.95632
0.00597229,708.658,0.076145,22.8167,0.000531858,597.477,2.95629
0.00597229,719.265,0.0812442,22.8164,0.000531858,597.477,2.95627
0.0059723,730.048,0.0840178,22.8161,0.000531858,597.477,2.95626
0.00597231,741.327,0.0845668,22.8158,0.000531858,597.477,2.95624
0.00597232,755.405,0.0819129,22.8154,0.000531858,597.477,2.95621
0.00597233,770.478,0.0744775,22.8151,0.000531858,597.477,2.95618
0.00597234,785.856,0.0601573,22.8148,0.000531858,597.477,2.95615
0.00597235,797.115,0.0415281,22.8146,0.000531858,597.477,2.95611
0.00597236,802.908,0.0242277,22.8145,0.000531858,597.477,2.95609
0.00597236,805.218,0.0100408,22.8146,0.000531858,597.477,2.95607
0.00597237,805.63,-0.0030828,22.8146,0.000531858,597.477,2.95605
0.00597238,804.283,-0.0170073,22.8148,0.000531858,597.477,2.95603
0.00597238,800.941,-0.0310301,22.8149,0.000531858,597.477,2.95601
0.00597239,793.452,-0.0483874,22.8152,0.000531858,597.477,2.95598
0.0059724,782.099,-0.0639156,22.8156,0.000531858,597.477,2.95595
0.00597241,769.426,-0.0744741,22.8159,0.000531858,597.478,2.95592
0.00597242,758.671,-0.0799386,22.8162,0.000531858,597.478,2.9559
0.00597243,747.952,-0.0828947,22.8164,0.000531858,597.478,2.95588
0.00597243,736.572,-0.0836086,22.8167,0.000531858,597.478,2.95586
0.00597244,722.977,-0.0812606,22.8169,0.000531858,597.478,2.95583
0.00597245,707.871,-0.0741471,22.8172,0.000531858,597.478,2.95581
0.00597245,703.464,-0.0710102,22.8173,0.000531858,597.478,2.9558
0.00597246,701.87,-0.0696976,22.8173,0.000531858,597.478,2.95579
0.00597246,698.757,-0.0669399,22.8173,0.000531858,597.478,2.95579
0.00597246,694.708,-0.0628453,22.8174,0.000531858,597.478,2.95578
0.00597247,687.446,-0.053586,22.8174,0.000531858,597.479,2.95576
0.00597248,678.436,-0.0361588,22.8174,0.000531858,597.479,2.95573
0.00597249,673.661,-0.0193316,22.8174,0.000531858,597.479,2.9557
0.00597249,672,-0.00547832,22.8172,0.000531858,597.479,2.95568
0.0059725,672.159,0.00770204,22.8171,0.000531858,597.479,2.95566
0.00597251,674.116,0.0213006,22.8169,0.000531858,597.479,2.95564
0.00597251,678.748,0.0366457,22.8166,0.000531858,597.479,2.95562
0.00597252,687.399,0.0531572,22.8162,0.000531858,597.479,2.95559
0.00597253,700.815,0.0682897,22.8157,0.000531858,597.479,2.95556
0.00597254,712.413,0.0761632,22.8153,0.000531858,597.479,2.95553
0.00597255,722.927,0.0804487,22.815,0.000531858,597.479,2.95551
0.00597256,734.658,0.0825593,22.8146,0.000531858,597.479,2.95549
0.00597256,745.557,0.0821691,22.8143,0.000531858,597.479,2.95547
0.00597257,760.939,0.0776468,22.8139,0.000531858,597.479,2.95544
0.00597258,775.108,0.0685881,22.8136,0.000531858,597.479,2.95541
0.00597259,790.055,0.0511359,22.8133,0.000531858,597.479,2.95537
0.0059726,798.686,0.0328236,22.8132,0.000531858,597.479,2.95534
0.00597261,802.678,0.0167899,22.8132,0.000531858,597.479,2.95532
0.00597262,803.962,0.00358986,22.8132,0.000531858,597.479,2.9553
0.00597263,803.59,-0.00927818,22.8133,0.000531858,597.479,2.95528
0.00597263,801.535,-0.0223523,22.8135,0.000531858,597.479,2.95526
0.00597264,796.554,-0.0380475,22.8137,0.000531858,597.479,2.95523
0.00597265,787.772,-0.0540689,22.814,0.000531858,597.479,2.9552
0.00597266,774.123,-0.0687435,22.8144,0.000531858,597.48,2.95517
0.00597267,762.834,-0.075962,22.8146,0.000531858,597.48,2.95514
0.00597267,755.733,-0.0788907,22.8148,0.000531858,597.48,2.95513
0.00597268,747.684,-0.08092,22.815,0.000531858,597.48,2.95512
0.00597268,742.753,-0.0815304,22.8151,0.000531858,597.48,2.95511
0.00597268,741.864,-0.0815835,22.8151,0.000531858,597.48,2.9551
0.00597268,740.085,-0.0816534,22.8152,0.000531858,597.48,2.9551
0.00597268,736.525,-0.081619,22.8152,0.000531858,597.48,2.95509
0.00597269,731.523,-0.0811647,22.8153,0.000531858,597.48,2.95509
0.00597269,721.697,-0.0788412,22.8155,0.000531858,597.48,2.95507
0.00597271,704.776,-0.069796,22.8158,0.000531858,597.48,2.95503
0.00597272,691.375,-0.0563132,22.8159,0.000531858,597.481,2.955
0.00597273,681.285,-0.0389729,22.8159,0.000531858,597.481,2.95497
0.00597273,676.095,-0.0233124,22.8159,0.000531858,597.481,2.95494
0.00597274,673.909,-0.0103157,22.8158,0.000531858,597.481,2.95492
0.00597275,673.422,0.00216549,22.8156,0.000531858,597.481,2.9549
0.00597275,674.608,0.0154599,22.8155,0.000531858,597.481,2.95488
0.00597276,677.644,0.028704,22.8152,0.000531858,597.481,2.95486
0.00597277,684.659,0.0454593,22.8149,0.000531858,597.481,2.95483
0.00597278,695.273,0.0604568,22.8144,0.000531858,597.481,2.9548
0.00597279,706.352,0.0702765,22.814,0.000531858,597.481,2.95478
0.0059728,716.267,0.0759282,22.8137,0.000531858,597.481,2.95476
0.0059728,726.299,0.0793154,22.8134,0.000531858,597.481,2.95474
0.00597281,737.149,0.080668,22.8131,0.000531858,597.481,2.95472
0.00597282,749.147,0.0794925,22.8127,0.000531858,597.481,2.95469
0.00597283,763.8,0.0740109,22.8124,0.000531858,597.481,2.95466
0.00597284,778.223,0.0631506,22.812,0.000531858,597.481,2.95463
0.00597285,791.715,0.0446476,22.8118,0.000531858,597.481,2.95459
0.00597286,798.772,0.0266931,22.8117,0.000531858,597.481,2.95456
0.00597287,801.586,0.0124307,22.8117,0.000531858,597.481,2.95454
0.00597287,802.332,-0.000137614,22.8118,0.000531858,597.481,2.95452
0.00597288,801.374,-0.0137376,22.8119,0.000531858,597.481,2.9545
0.00597289,798.861,-0.0259947,22.812,0.000531858,597.481,2.95448
0.00597289,792.372,-0.0429049,22.8122,0.000531858,597.481,2.95445
0.0059729,782.815,-0.0575241,22.8125,0.000531858,597.482,2.95442
0.00597291,771.215,-0.0685518,22.8128,0.000531858,597.482,2.95439
0.00597292,761.24,-0.0745367,22.8131,0.000531858,597.482,2.95437
0.00597293,751.289,-0.0781018,22.8133,0.000531858,597.482,2.95435
0.00597293,740.348,-0.0796318,22.8136,0.000531858,597.482,2.95433
0.00597294,728.816,-0.0786858,22.8138,0.000531858,597.482,2.95431
0.00597295,714.149,-0.0735004,22.814,0.000531858,597.483,2.95428
0.00597296,700.006,-0.0632953,22.8142,0.000531858,597.483,2.95425
0.00597297,686.34,-0.0454228,22.8143,0.000531858,597.483,2.95421
0.00597298,679.201,-0.0285112,22.8143,0.000531858,597.483,2.95418
0.00597299,676.077,-0.0146495,22.8142,0.000531858,597.483,2.95416
0.005973,675.03,-0.00235011,22.814,0.000531858,597.483,2.95414
0.005973,675.527,0.0099845,22.8139,0.000531858,597.483,2.95412
0.00597301,677.627,0.0223656,22.8137,0.000531858,597.483,2.9541
0.00597302,682.803,0.0378239,22.8134,0.000531858,597.483,2.95407
0.00597303,691.507,0.0529833,22.813,0.000531858,597.483,2.95404
0.00597304,703.279,0.0655188,22.8125,0.000531858,597.483,2.95401
0.00597304,713.604,0.0723932,22.8121,0.000531858,597.483,2.95399
0.00597305,723.416,0.0763894,22.8118,0.000531858,597.483,2.95397
0.00597306,734.345,0.0783926,22.8115,0.000531858,597.483,2.95395
0.00597306,744.687,0.0780775,22.8112,0.000531858,597.483,2.95393
0.00597307,759.229,0.0738988,22.8108,0.000531858,597.483,2.9539
0.00597308,772.733,0.0653894,22.8105,0.000531858,597.483,2.95387
0.0059731,786.959,0.0490008,22.8102,0.000531858,597.483,2.95383
0.00597311,795.355,0.0314181,22.8101,0.000531858,597.483,2.9538
0.00597312,799.117,0.0166576,22.8101,0.000531858,597.483,2.95377
0.00597312,800.427,0.00424497,22.8101,0.000531858,597.483,2.95375
0.00597313,800.185,-0.00789714,22.8102,0.000531858,597.483,2.95373
0.00597313,798.354,-0.0203017,22.8103,0.000531858,597.484,2.95371
0.00597314,793.886,-0.0349729,22.8104,0.000531858,597.484,2.95369
0.00597315,785.784,-0.0502893,22.8107,0.000531858,597.484,2.95366
0.00597316,772.963,-0.0645413,22.8111,0.000531858,597.484,2.95363
0.00597317,762.124,-0.0717126,22.8113,0.000531858,597.484,2.9536
0.00597318,752.188,-0.0756006,22.8116,0.000531858,597.484,2.95358
0.00597319,741.092,-0.0774017,22.8118,0.000531858,597.484,2.95356
0.00597319,730.505,-0.0767872,22.812,0.000531858,597.485,2.95354
0.0059732,716.013,-0.0721152,22.8122,0.000531858,597.485,2.95351
0.00597321,702.583,-0.06302,22.8124,0.000531858,597.485,2.95348
0.00597322,688.815,-0.0461167,22.8125,0.000531858,597.485,2.95344
0.00597323,681.191,-0.0291113,22.8125,0.000531858,597.485,2.95341
0.00597324,677.853,-0.0151232,22.8124,0.000531858,597.485,2.95339
0.00597325,676.721,-0.00304891,22.8122,0.000531858,597.485,2.95337
0.00597325,677.104,0.00890418,22.8121,0.000531858,597.485,2.95335
0.00597326,679.052,0.0209972,22.8119,0.000531858,597.485,2.95333
0.00597327,683.82,0.0357541,22.8116,0.000531858,597.486,2.9533
0.00597328,692.084,0.0506151,22.8112,0.000531858,597.486,2.95327
0.00597329,703.696,0.0632808,22.8107,0.000531858,597.486,2.95324
0.0059733,713.917,0.0701891,22.8104,0.000531858,597.486,2.95322
0.0059733,723.493,0.0741361,22.81,0.000531858,597.486,2.9532
0.00597331,734.18,0.076126,22.8097,0.000531858,597.486,2.95318
0.00597332,744.154,0.0758492,22.8094,0.000531858,597.485,2.95316
0.00597333,758.28,0.0718434,22.809,0.000531858,597.485,2.95313
0.00597334,771.356,0.0636795,22.8087,0.000531858,597.485,2.9531
0.00597335,785.224,0.0478504,22.8084,0.000531858,597.485,2.95306
0.00597336,793.487,0.0307027,22.8083,0.000531858,597.485,2.95303
0.00597337,797.184,0.0163341,22.8083,0.000531858,597.486,2.95301
0.00597337,798.478,0.00427818,22.8083,0.000531858,597.486,2.95299
0.00597338,798.262,-0.0074974,22.8084,0.000531858,597.486,2.95297
0.00597339,796.505,-0.0195428,22.8085,0.000531858,597.486,2.95295
0.00597339,792.216,-0.0337253,22.8086,0.000531858,597.486,2.95292
0.0059734,784.393,-0.0486095,22.8089,0.000531858,597.486,2.95289
0.00597341,772.026,-0.0624493,22.8092,0.000531858,597.486,2.95286
0.00597342,761.5,-0.0694725,22.8095,0.000531858,597.486,2.95284
0.00597343,751.859,-0.0732865,22.8097,0.000531858,597.486,2.95282
0.00597344,741.08,-0.0750744,22.8099,0.000531858,597.487,2.95279
0.00597344,730.883,-0.0745242,22.8101,0.000531858,597.487,2.95277
0.00597345,716.812,-0.0700608,22.8103,0.000531858,597.487,2.95275
0.00597346,703.814,-0.0613531,22.8105,0.000531858,597.487,2.95272
0.00597348,690.397,-0.0450507,22.8105,0.000531858,597.487,2.95268
0.00597349,682.888,-0.0284719,22.8105,0.000531858,597.487,2.95265
0.00597349,679.599,-0.0148253,22.8104,0.000531858,597.487,2.95262
0.0059735,678.48,-0.00310299,22.8103,0.000531858,597.488,2.95261
0.00597351,678.832,0.00847429,22.8101,0.000531858,597.488,2.95259
0.00597351,680.7,0.0202029,22.8099,0.000531858,597.488,2.95257
0.00597352,685.268,0.0344473,22.8096,0.000531858,597.488,2.95254
0.00597353,693.231,0.0488628,22.8092,0.000531858,597.488,2.95251
0.00597354,704.514,0.0612255,22.8088,0.000531858,597.488,2.95248
0.00597355,714.456,0.0679554,22.8084,0.000531858,597.488,2.95246
0.00597355,723.738,0.0717765,22.8081,0.000531858,597.488,2.95244
0.00597356,734.099,0.0736934,22.8078,0.000531858,597.488,2.95242
0.00597357,743.756,0.0734106,22.8075,0.000531858,597.488,2.9524
0.00597358,757.397,0.0695262,22.8071,0.000531858,597.488,2.95237
0.00597359,770.054,0.0616185,22.8068,0.000531858,597.488,2.95234
0.0059736,783.472,0.0463146,22.8065,0.000531858,597.488,2.95231
0.00597361,791.475,0.0297357,22.8064,0.000531858,597.488,2.95228
0.00597362,795.063,0.015832,22.8063,0.000531858,597.488,2.95225
0.00597362,796.321,0.004173,22.8064,0.000531858,597.488,2.95223
0.00597363,796.117,-0.00721105,22.8064,0.000531858,597.488,2.95221
0.00597364,794.421,-0.0188575,22.8065,0.000531858,597.488,2.9522
0.00597365,790.282,-0.0325508,22.8067,0.000531858,597.488,2.95217
0.00597366,782.724,-0.0469357,22.8069,0.000531858,597.488,2.95214
0.00597367,770.783,-0.0603034,22.8072,0.000531858,597.488,2.95211
0.00597367,760.604,-0.0670963,22.8074,0.000531858,597.488,2.95209
0.00597368,751.28,-0.0707828,22.8076,0.000531858,597.489,2.95207
0.00597369,740.859,-0.0725069,22.8078,0.000531858,597.489,2.95205
0.0059737,731.022,-0.0719721,22.808,0.000531858,597.489,2.95203
0.0059737,717.428,-0.067655,22.8082,0.000531858,597.489,2.952
0.00597371,704.885,-0.0592474,22.8084,0.000531858,597.489,2.95197
0.00597373,691.923,-0.043495,22.8084,0.000531858,597.489,2.95193
0.00597374,684.678,-0.0274963,22.8084,0.000531858,597.49,2.9519
0.00597375,681.501,-0.0143281,22.8083,0.000531858,597.49,2.95188
0.00597375,680.419,-0.00302565,22.8082,0.000531858,597.49,2.95186
0.00597376,680.754,0.0081323,22.808,0.000531858,597.49,2.95184
0.00597376,682.548,0.0194367,22.8078,0.000531858,597.49,2.95183
0.00597377,686.931,0.0331433,22.8075,0.000531858,597.49,2.9518
0.00597378,694.576,0.0470146,22.8071,0.000531858,597.49,2.95177
0.00597379,706.72,0.0599592,22.8066,0.000531858,597.49,2.95174
0.0059738,716.702,0.0661976,22.8063,0.000531858,597.49,2.95172
0.00597381,725.743,0.0694318,22.806,0.000531858,597.49,2.9517
0.00597381,735.706,0.0706929,22.8057,0.000531858,597.49,2.95168
0.00597382,738.873,0.0706148,22.8056,0.000531858,597.49,2.95167
0.00597382,741.457,0.0703814,22.8055,0.000531858,597.49,2.95167
0.00597382,744.206,0.0699664,22.8054,0.000531858,597.49,2.95166
0.00597382,747.528,0.0692374,22.8053,0.000531858,597.49,2.95166
0.00597383,750.772,0.0682847,22.8052,0.000531858,597.49,2.95165
0.00597383,753.199,0.0674132,22.8052,0.000531858,597.49,2.95164
0.00597383,756.011,0.0662258,22.8051,0.000531858,597.49,2.95164
0.00597383,758.893,0.0647999,22.805,0.000531858,597.49,2.95163
0.00597383,763.722,0.0618877,22.8049,0.000531858,597.49,2.95162
0.00597384,768.615,0.058174,22.8048,0.000531858,597.49,2.95161
0.00597384,773.637,0.0533894,22.8047,0.000531858,597.49,2.9516
0.00597385,781.68,0.0428173,22.8045,0.000531858,597.49,2.95157
0.00597386,787.773,0.0304657,22.8044,0.000531858,597.49,2.95155
0.00597387,791.741,0.0165768,22.8043,0.000531858,597.49,2.95152
0.00597388,793.168,0.00512916,22.8043,0.000531858,597.49,2.95151
0.00597388,793.102,-0.00596206,22.8044,0.000531858,597.49,2.95149
0.00597389,791.531,-0.0174024,22.8044,0.000531858,597.49,2.95147
0.0059739,787.784,-0.0301581,22.8046,0.000531858,597.49,2.95145
0.00597391,780.661,-0.0440308,22.8048,0.000531858,597.49,2.95142
0.00597392,769.645,-0.0566614,22.8051,0.000531858,597.49,2.95139
0.00597392,759.993,-0.0633166,22.8053,0.000531858,597.491,2.95136
0.00597393,751.169,-0.0669612,22.8055,0.000531858,597.491,2.95135
0.00597394,741.257,-0.0687558,22.8056,0.000531858,597.491,2.95132
0.00597395,732.186,-0.0684247,22.8058,0.000531858,597.491,2.95131
0.00597396,719.298,-0.0646277,22.806,0.000531858,597.491,2.95128
0.00597396,707.497,-0.0571,22.8061,0.000531858,597.491,2.95125
0.00597398,694.985,-0.0425979,22.8062,0.000531858,597.492,2.95122
0.00597399,687.622,-0.0270817,22.8061,0.000531858,597.492,2.95119
0.005974,684.385,-0.014263,22.806,0.000531858,597.492,2.95117
0.005974,683.27,-0.0034939,22.8059,0.000531858,597.492,2.95115
0.00597401,683.504,0.00702013,22.8058,0.000531858,597.492,2.95113
0.00597401,685.115,0.0177402,22.8056,0.000531858,597.492,2.95111
0.00597402,689.024,0.0304187,22.8053,0.000531858,597.492,2.95109
0.00597403,691.551,0.0359716,22.8051,0.000531858,597.492,2.95108
0.00597403,692.81,0.0383406,22.8051,0.000531858,597.492,2.95108
0.00597403,694.662,0.041465,22.805,0.000531858,597.492,2.95107
0.00597403,695.726,0.0430951,22.8049,0.000531858,597.492,2.95107
0.00597403,696.518,0.0442388,22.8049,0.000531858,597.492,2.95106
0.00597403,697.23,0.0452198,22.8049,0.000531858,597.492,2.95106
0.00597403,697.923,0.0461332,22.8048,0.000531858,597.492,2.95106
0.00597403,698.741,0.0471581,22.8048,0.000531858,597.492,2.95106
0.00597404,699.538,0.0481008,22.8048,0.000531858,597.492,2.95105
0.00597404,700.434,0.0490923,22.8047,0.000531858,597.492,2.95105
0.00597404,701.299,0.0499779,22.8047,0.000531858,597.492,2.95105
0.00597404,701.835,0.0504912,22.8047,0.000531858,597.492,2.95105
0.00597404,702.3,0.0509136,22.8046,0.000531858,597.492,2.95105
0.00597404,702.816,0.0513573,22.8046,0.000531858,597.492,2.95104
0.00597404,703.302,0.0517487,22.8046,0.000531858,597.492,2.95104
0.00597404,704.087,0.0523301,22.8046,0.000531858,597.492,2.95104
0.00597404,705.27,0.0530779,22.8045,0.000531858,597.492,2.95104
0.00597404,706.402,0.0536454,22.8045,0.000531858,597.492,2.95104
0.00597404,708.055,0.0542019,22.8044,0.000531858,597.492,2.95103
0.00597405,710.138,0.0544292,22.8043,0.000531858,597.492,2.95103
0.00597405,712.339,0.0540906,22.8043,0.000531858,597.492,2.95102
0.00597405,714.987,0.0529103,22.8042,0.000531858,597.492,2.95101
0.00597405,717.782,0.0508031,22.8041,0.000531858,597.492,2.95101
0.00597406,720.391,0.0481241,22.804,0.000531858,597.492,2.951
0.00597406,722.453,0.0455971,22.8039,0.000531858,597.492,2.95099
0.00597406,724.058,0.0434365,22.8038,0.000531858,597.492,2.95099
0.00597406,725.4,0.0415469,22.8038,0.000531858,597.492,2.95098
0.00597406,726.55,0.0399023,22.8038,0.000531858,597.492,2.95098
0.00597406,727.525,0.0385166,22.8037,0.000531858,597.492,2.95098
0.00597406,728.486,0.0371787,22.8037,0.000531858,597.492,2.95097
0.00597407,729.427,0.0359211,22.8037,0.000531858,597.492,2.95097
0.00597407,730.554,0.0345113,22.8036,0.000531858,597.492,2.95097
0.00597407,731.99,0.0329191,22.8036,0.000531858,597.492,2.95096
0.00597407,733.733,0.0313645,22.8035,0.000531858,597.492,2.95095
0.00597407,735.072,0.0304843,22.8035,0.000531858,597.492,2.95095
0.00597408,736.38,0.0298884,22.8034,0.000531858,597.492,2.95094
0.00597408,737.625,0.0295382,22.8034,0.000531858,597.492,2.95094
0.00597408,738.019,0.0294683,22.8034,0.000531858,597.492,2.95093
0.00597408,738.263,0.0294334,22.8034,0.000531858,597.492,2.95093
0.00597408,738.437,0.0294118,22.8034,0.000531858,597.492,2.95093
0.00597408,738.588,0.0293949,22.8033,0.000531858,597.492,2.95093
0.00597408,738.794,0.0293732,22.8033,0.000531858,597.492,2.95093
0.00597408,738.996,0.0293523,22.8033,0.000531858,597.492,2.95093
0.00597408,739.209,0.029329,22.8033,0.000531858,597.492,2.95093
0.00597408,739.357,0.0293116,22.8033,0.000531858,597.492,2.95093
0.00597408,739.572,0.0292844,22.8033,0.000531858,597.492,2.95093
0.00597408,739.827,0.0292489,22.8033,0.000531858,597.492,2.95093
0.00597408,740.336,0.0291678,22.8033,0.000531858,597.492,2.95092
0.00597408,741.131,0.0290132,22.8033,0.000531858,597.492,2.95092
0.00597409,742.218,0.0287462,22.8032,0.000531858,597.492,2.95091
0.00597409,743.599,0.0283113,22.8032,0.000531858,597.492,2.95091
0.00597409,745.01,0.0277509,22.8031,0.000531858,597.492,2.9509
0.00597409,746.306,0.0271274,22.8031,0.000531858,597.492,2.95089
0.0059741,747.434,0.0264934,22.8031,0.000531858,597.492,2.95089
0.0059741,748.383,0.0258897,22.803,0.000531858,597.492,2.95088
0.0059741,749.155,0.0253476,22.803,0.000531858,597.492,2.95088
0.0059741,749.906,0.0247735,22.803,0.000531858,597.492,2.95088
0.0059741,750.653,0.0241538,22.803,0.000531858,597.492,2.95087
0.0059741,751.565,0.0233253,22.8029,0.000531858,597.492,2.95087
0.00597411,752.658,0.0222164,22.8029,0.000531858,597.492,2.95086
0.00597411,753.898,0.0207796,22.8029,0.000531858,597.492,2.95085
0.00597411,755.245,0.0189585,22.8028,0.000531858,597.492,2.95084
0.00597412,756.636,0.0166981,22.8028,0.000531858,597.492,2.95083
0.00597412,758.012,0.0139038,22.8028,0.000531858,597.492,2.95082
0.00597413,759.277,0.0104684,22.8027,0.000531858,597.492,2.95081
0.00597413,760.293,0.00623508,22.8027,0.000531858,597.492,2.95079
0.00597414,760.816,0.00103308,22.8027,0.000531858,597.492,2.95077
0.00597415,760.587,-0.00415434,22.8027,0.000531858,597.493,2.95075
0.00597415,759.698,-0.00890588,22.8027,0.000531858,597.493,2.95073
0.00597416,757.517,-0.0148666,22.8027,0.000531858,597.493,2.95071
0.00597417,754.113,-0.0202955,22.8027,0.000531858,597.493,2.95068
0.00597418,749.257,-0.0249166,22.8028,0.000531858,597.493,2.95065
0.00597419,744.909,-0.0272958,22.8029,0.000531858,597.493,2.95063
0.0059742,740.95,-0.0284064,22.8029,0.000531858,597.493,2.95061
0.00597421,736.6,-0.0286122,22.8029,0.000531858,597.493,2.95059
0.00597421,732.636,-0.0278952,22.803,0.000531858,597.493,2.95057
0.00597422,727.712,-0.0256877,22.803,0.000531858,597.493,2.95055
0.00597423,722.968,-0.0217886,22.803,0.000531858,597.494,2.95052
0.00597424,718.419,-0.0152181,22.8029,0.000531858,597.494,2.95049
0.00597425,716.119,-0.00916937,22.8028,0.000531858,597.494,2.95046
0.00597426,715.182,-0.00438327,22.8028,0.000531858,597.494,2.95045
0.00597427,714.914,-0.000103279,22.8027,0.000531858,597.494,2.95043
0.00597427,715.218,0.00455738,22.8026,0.000531858,597.494,2.95041
0.00597428,716.042,0.00871014,22.8024,0.000531858,597.494,2.9504
0.00597428,716.674,0.0107949,22.8024,0.000531858,597.494,2.95039
0.00597428,717.191,0.0121912,22.8023,0.000531858,597.494,2.95038
0.00597429,717.635,0.013242,22.8023,0.000531858,597.494,2.95038
0.00597429,718.015,0.0140559,22.8023,0.000531858,597.494,2.95037
0.00597429,718.377,0.0147666,22.8023,0.000531858,597.494,2.95037
0.00597429,718.741,0.0154254,22.8022,0.000531858,597.494,2.95037
0.00597429,719.138,0.0160834,22.8022,0.000531858,597.494,2.95036
0.00597429,719.498,0.0166289,22.8022,0.000531858,597.494,2.95036
0.00597429,719.943,0.0172335,22.8021,0.000531858,597.494,2.95036
0.00597429,720.332,0.0176996,22.8021,0.000531858,597.494,2.95036
0.0059743,720.564,0.0179511,22.8021,0.000531858,597.494,2.95035
0.0059743,720.766,0.0181527,22.8021,0.000531858,597.494,2.95035
0.0059743,720.995,0.0183619,22.8021,0.000531858,597.494,2.95035
0.0059743,721.225,0.0185504,22.8021,0.000531858,597.494,2.95035
0.0059743,721.689,0.0188674,22.802,0.000531858,597.494,2.95035
0.0059743,722.217,0.0191194,22.802,0.000531858,597.494,2.95034
0.0059743,723.064,0.0192727,22.802,0.000531858,597.494,2.95034
0.0059743,723.932,0.0191013,22.8019,0.000531858,597.494,2.95033
0.00597431,724.861,0.0185378,22.8019,0.000531858,597.494,2.95032
0.00597431,725.845,0.0174968,22.8018,0.000531858,597.494,2.95032
0.00597431,726.852,0.0159429,22.8018,0.000531858,597.494,2.95031
0.00597432,727.757,0.0141102,22.8017,0.000531858,597.494,2.9503
0.00597432,728.634,0.0119379,22.8017,0.000531858,597.494,2.95029
0.00597432,729.429,0.00967082,22.8016,0.000531858,597.494,2.95028
0.00597433,730.117,0.00757132,22.8016,0.000531858,597.494,2.95027
0.00597433,730.572,0.00621935,22.8015,0.000531858,597.494,2.95027
0.00597433,730.92,0.0053209,22.8015,0.000531858,597.494,2.95026
0.00597434,731.265,0.00468053,22.8014,0.000531858,597.494,2.95025
0.00597434,731.557,0.00441869,22.8014,0.000531858,597.494,2.95024
0.00597434,731.79,0.00440821,22.8014,0.000531858,597.494,2.95023
0.00597434,731.993,0.00452125,22.8014,0.000531858,597.494,2.95023
0.00597434,732.144,0.00466152,22.8013,0.000531858,597.494,2.95022
0.00597435,732.246,0.004773,22.8013,0.000531858,597.494,2.95022
0.00597435,732.334,0.00487742,22.8013,0.000531858,597.494,2.95022
0.00597435,732.449,0.00501583,22.8013,0.000531858,597.494,2.95022
0.00597435,732.571,0.00515951,22.8013,0.000531858,597.494,2.95021
0.00597435,732.686,0.00529047,22.8013,0.000531858,597.494,2.95021
0.00597435,732.808,0.00542197,22.8013,0.000531858,597.494,2.95021
0.00597435,732.942,0.00555631,22.8013,0.000531858,597.494,2.9502
0.00597435,733.136,0.00573376,22.8012,0.000531858,597.495,2.9502
0.00597436,733.396,0.00594132,22.8012,0.000531858,597.495,2.95019
0.00597436,733.64,0.00610519,22.8012,0.000531858,597.495,2.95019
0.00597436,733.838,0.00621717,22.8012,0.000531858,597.495,2.95019
0.00597436,734.024,0.00630513,22.8012,0.000531858,597.495,2.95018
0.00597436,734.217,0.00637912,22.8011,0.000531858,597.495,2.95018
0.00597436,734.415,0.00643587,22.8011,0.000531858,597.495,2.95017
0.00597437,734.701,0.00648123,22.8011,0.000531858,597.495,2.95017
0.00597437,735.014,0.00647696,22.8011,0.000531858,597.495,2.95016
0.00597437,735.35,0.00640242,22.801,0.000531858,597.495,2.95016
0.00597437,735.629,0.00627799,22.801,0.000531858,597.495,2.95015
0.00597438,735.917,0.00608212,22.801,0.000531858,597.495,2.95014
0.00597438,736.168,0.00584801,22.801,0.000531858,597.495,2.95014
0.00597438,736.375,0.00560394,22.801,0.000531858,597.495,2.95013
0.00597438,736.579,0.00531128,22.8009,0.000531858,597.495,2.95013
0.00597438,736.756,0.00501047,22.8009,0.000531858,597.495,2.95013
0.00597439,737.002,0.00450417,22.8009,0.000531858,597.495,2.95012
0.00597439,737.246,0.00388148,22.8009,0.000531858,597.495,2.95011
0.00597439,737.477,0.00313151,22.8008,0.000531858,597.495,2.9501
0.0059744,737.674,0.00229547,22.8008,0.000531858,597.495,2.95009
0.0059744,737.815,0.00147049,22.8008,0.000531858,597.495,2.95008
0.0059744,737.878,0.000929659,22.8008,0.000531858,597.495,2.95008
0.0059744,737.911,0.00047343,22.8007,0.000531858,597.495,2.95007
0.00597441,737.925,2.98833e-05,22.8007,0.000531858,597.495,2.95007
0.00597441,737.917,-0.000352997,22.8007,0.000531858,597.495,2.95006
0.00597441,737.897,-0.0006328,22.8007,0.000531858,597.495,2.95005
0.00597441,737.869,-0.000860557,22.8007,0.000531858,597.495,2.95005
0.00597442,737.83,-0.00106822,22.8007,0.000531858,597.495,2.95004
0.00597442,737.782,-0.00124825,22.8006,0.000531858,597.495,2.95004
0.00597442,737.719,-0.00142445,22.8006,0.000531858,597.495,2.95003
0.00597442,737.655,-0.00156105,22.8006,0.000531858,597.495,2.95003
0.00597442,737.6,-0.00166,22.8006,0.000531858,597.495,2.95002
0.00597443,737.54,-0.00175376,22.8006,0.000531858,597.495,2.95002
0.00597443,737.468,-0.00185456,22.8006,0.000531858,597.495,2.95001
0.00597443,737.369,-0.00198009,22.8006,0.000531858,597.495,2.95001
0.00597443,737.267,-0.00210045,22.8005,0.000531858,597.495,2.95
0.00597444,737.112,-0.00227302,22.8005,0.000531858,597.495,2.94999
0.00597444,736.921,-0.00247661,22.8005,0.000531858,597.495,2.94998
0.00597444,736.714,-0.00269729,22.8005,0.000531858,597.495,2.94997
0.00597445,736.506,-0.00292735,22.8004,0.000531858,597.495,2.94996
0.00597445,736.269,-0.00320734,22.8004,0.000531858,597.495,2.94995
0.00597445,736.055,-0.00347723,22.8004,0.000531858,597.495,2.94995
0.00597446,735.837,-0.00376693,22.8004,0.000531858,597.495,2.94994
0.00597446,735.641,-0.00403539,22.8003,0.000531858,597.495,2.94993
0.00597446,735.435,-0.00432474,22.8003,0.000531858,597.495,2.94993
0.00597446,735.206,-0.00464576,22.8003,0.000531858,597.495,2.94992
0.00597447,734.904,-0.00506629,22.8003,0.000531858,597.495,2.94991
0.00597447,734.424,-0.00570228,22.8003,0.000531858,597.496,2.9499
0.00597448,733.836,-0.00641352,22.8002,0.000531858,597.496,2.94989
0.00597448,733.006,-0.00727278,22.8002,0.000531858,597.496,2.94988
0.00597449,732.194,-0.00796578,22.8002,0.000531858,597.496,2.94986
0.00597449,731.329,-0.00856745,22.8001,0.000531858,597.496,2.94985
0.0059745,730.325,-0.00912593,22.8001,0.000531858,597.496,2.94984
0.0059745,729.264,-0.00960271,22.8001,0.000531858,597.496,2.94982
0.00597451,727.873,-0.0101351,22.8,0.000531858,597.496,2.94981
0.00597452,726.283,-0.0107129,22.8,0.000531858,597.496,2.94979
0.00597453,724.461,-0.0114141,22.7999,0.000531858,597.496,2.94977
0.00597454,722.258,-0.0123324,22.7999,0.000531858,597.496,2.94974
0.00597455,719.887,-0.0133382,22.7998,0.000531858,597.496,2.94972
0.00597456,716.391,-0.0146819,22.7998,0.000531858,597.496,2.94969
0.00597457,712.347,-0.0159492,22.7997,0.000531858,597.497,2.94966
0.00597458,709.226,-0.016753,22.7997,0.000531858,597.497,2.94964
0.00597459,706.213,-0.0174403,22.7996,0.000531858,597.497,2.94962
0.0059746,702.736,-0.0181887,22.7996,0.000531858,597.497,2.94959
0.00597461,698.854,-0.0190076,22.7995,0.000531858,597.497,2.94957
0.00597462,693.077,-0.0201755,22.7995,0.000531858,597.497,2.94954
0.00597464,687.151,-0.0212564,22.7994,0.000531858,597.497,2.9495
0.00597465,680.567,-0.0222969,22.7993,0.000531858,597.497,2.94947
0.00597467,672.287,-0.0234132,22.7992,0.000531858,597.498,2.94943
0.00597469,662.735,-0.0245134,22.7991,0.000531858,597.498,2.94938
0.00597471,652.533,-0.0255043,22.7991,0.000531858,597.498,2.94933
0.00597473,641.957,-0.0263363,22.799,0.000531858,597.498,2.94929
0.00597475,631.075,-0.0269907,22.7989,0.000531858,597.499,2.94924
0.00597477,619.959,-0.0274627,22.7988,0.000531858,597.499,2.9492
0.00597479,608.683,-0.0277528,22.7987,0.000531858,597.499,2.94915
0.00597481,597.322,-0.0278604,22.7986,0.000531858,597.499,2.94911
0.00597483,585.952,-0.0277838,22.7985,0.000531858,597.5,2.94906
0.00597485,574.647,-0.0275231,22.7984,0.000531858,597.5,2.94902
0.00597487,563.483,-0.0270802,22.7984,0.000531858,597.5,2.94897
0.00597489,552.534,-0.0264584,22.7983,0.000531858,597.5,2.94893
0.00597491,541.873,-0.0256618,22.7982,0.000531858,597.501,2.94889
0.00597493,531.57,-0.0246957,22.7981,0.000531858,597.501,2.94885
0.00597495,521.694,-0.0235664,22.798,0.000531858,597.501,2.9488
0.00597497,512.311,-0.0222812,22.7979,0.000531858,597.501,2.94876
0.00597499,503.483,-0.0208488,22.7978,0.000531858,597.502,2.94872
0.00597501,495.268,-0.0192785,22.7978,0.000531858,597.502,2.94868
0.00597503,487.721,-0.0175808,22.7977,0.000531858,597.502,2.94864
0.00597505,480.893,-0.0157669,22.7976,0.000531858,597.502,2.9486
0.00597507,474.829,-0.0138488,22.7975,0.000531858,597.503,2.94855
0.00597509,469.568,-0.0118392,22.7974,0.000531858,597.503,2.94851
0.00597511,465.147,-0.00975143,22.7974,0.000531858,597.503,2.94847
0.00597513,461.594,-0.00759931,22.7973,0.000531858,597.503,2.94844
0.00597515,458.933,-0.0053971,22.7972,0.000531858,597.503,2.9484
0.00597517,457.181,-0.00315943,22.7971,0.000531858,597.503,2.94836
0.00597519,456.351,-0.000901137,22.797,0.000531858,597.504,2.94832
0.00597521,456.447,0.00136283,22.7969,0.000531858,597.504,2.94828
0.00597523,457.469,0.0036175,22.7969,0.000531858,597.504,2.94824
0.00597525,459.409,0.00584788,22.7968,0.000531858,597.504,2.9482
0.00597527,462.256,0.00803918,22.7967,0.000531858,597.504,2.94817
0.00597529,465.989,0.0101769,22.7966,0.000531858,597.504,2.94813
0.00597531,470.583,0.0122469,22.7966,0.000531858,597.505,2.94809
0.00597533,476.009,0.0142355,22.7965,0.000531858,597.505,2.94806
0.00597535,482.229,0.0161295,22.7964,0.000531858,597.505,2.94802
0.00597537,489.203,0.0179165,22.7963,0.000531858,597.505,2.94799
0.00597539,496.882,0.0195845,22.7962,0.000531858,597.505,2.94795
0.00597541,505.218,0.0211227,22.7962,0.000531858,597.505,2.94792
0.00597543,514.152,0.0225209,22.7961,0.000531858,597.505,2.94788
0.00597545,523.628,0.02377,22.796,0.000531858,597.505,2.94785
0.00597547,533.58,0.0248616,22.7959,0.000531858,597.506,2.94781
0.00597549,543.943,0.0257888,22.7958,0.000531858,597.506,2.94778
0.00597551,554.648,0.0265455,22.7957,0.000531858,597.506,2.94775
0.00597553,565.625,0.0271268,22.7957,0.000531858,597.506,2.94771
0.00597555,576.799,0.027529,22.7956,0.000531858,597.506,2.94768
0.00597557,588.097,0.0277496,22.7955,0.000531858,597.506,2.94765
0.00597559,599.445,0.0277873,22.7954,0.000531858,597.506,2.94762
0.00597561,610.767,0.027642,22.7953,0.000531858,597.506,2.94759
0.00597563,621.988,0.0273149,22.7953,0.000531858,597.506,2.94755
0.00597565,633.035,0.0268084,22.7952,0.000531858,597.506,2.94752
0.00597567,643.835,0.026126,22.7951,0.000531858,597.506,2.94749
0.00597569,654.316,0.0252725,22.795,0.000531858,597.507,2.94746
0.00597571,664.412,0.0242538,22.7949,0.000531858,597.507,2.94743
0.00597573,674.056,0.0230769,22.7948,0.000531858,597.507,2.9474
0.00597575,683.185,0.02175,22.7948,0.000531858,597.507,2.94737
0.00597577,691.74,0.0202822,22.7947,0.000531858,597.507,2.94734
0.00597579,699.667,0.0186836,22.7946,0.000531858,597.507,2.94732
0.00597581,706.916,0.0169652,22.7945,0.000531858,597.507,2.94729
0.00597583,713.44,0.0151388,22.7944,0.000531858,597.507,2.94726
0.00597585,719.2,0.0132173,22.7943,0.000531858,597.507,2.94723
0.00597585,720.622,0.0126835,22.7943,0.000531858,597.507,2.94723
0.00597586,721.592,0.0123024,22.7943,0.000531858,597.507,2.94722
0.00597586,722.224,0.012046,22.7943,0.000531858,597.507,2.94722
0.00597586,722.869,0.0117777,22.7943,0.000531858,597.508,2.94721
0.00597587,723.696,0.0114215,22.7942,0.000531858,597.508,2.94721
0.00597587,724.435,0.0110917,22.7942,0.000531858,597.508,2.9472
0.00597587,725.017,0.0108235,22.7942,0.000531858,597.508,2.9472
0.00597588,725.675,0.0105099,22.7942,0.000531858,597.508,2.9472
0.00597588,726.412,0.0101448,22.7942,0.000531858,597.508,2.94719
0.00597589,727.807,0.00940822,22.7942,0.000531858,597.508,2.94718
0.00597589,729.276,0.00855607,22.7941,0.000531858,597.508,2.94717
0.00597591,731.396,0.00713753,22.7941,0.000531858,597.508,2.94715
0.00597592,733.279,0.00557629,22.794,0.000531858,597.508,2.94713
0.00597593,734.347,0.00445451,22.7939,0.000531858,597.508,2.94712
0.00597594,735.055,0.00351943,22.7939,0.000531858,597.508,2.94711
0.00597595,735.546,0.00268591,22.7939,0.000531858,597.508,2.9471
0.00597596,735.908,0.00184741,22.7938,0.000531858,597.508,2.94709
0.00597597,736.155,0.000909056,22.7938,0.000531858,597.508,2.94708
0.00597598,736.23,-0.000215997,22.7937,0.000531858,597.508,2.94707
0.00597599,736.029,-0.00146325,22.7937,0.000531858,597.508,2.94705
0.005976,735.508,-0.00275057,22.7936,0.000531858,597.509,2.94704
0.00597601,734.885,-0.00374738,22.7936,0.000531858,597.509,2.94702
0.00597602,734.078,-0.00473767,22.7935,0.000531858,597.509,2.94701
0.00597603,733.057,-0.00575145,22.7935,0.000531858,597.509,2.947
0.00597604,731.484,-0.00702892,22.7934,0.000531858,597.509,2.94699
0.00597606,729.157,-0.00856338,22.7934,0.000531858,597.509,2.94697
0.00597608,725.262,-0.0106065,22.7933,0.000531858,597.509,2.94695
0.0059761,720.55,-0.0125831,22.7932,0.000531858,597.51,2.94692
0.00597612,715.05,-0.0144819,22.7931,0.000531858,597.51,2.9469
0.00597614,708.794,-0.0162895,22.793,0.000531858,597.51,2.94688
0.00597616,701.821,-0.0179914,22.7929,0.000531858,597.51,2.94685
0.00597617,698.053,-0.0188046,22.7929,0.000531858,597.51,2.94684
0.00597617,695.195,-0.0193793,22.7928,0.000531858,597.51,2.94684
0.00597618,691.76,-0.0200272,22.7928,0.000531858,597.51,2.94683
0.00597619,687.521,-0.0207691,22.7928,0.000531858,597.511,2.94681
0.0059762,682.196,-0.0216213,22.7927,0.000531858,597.511,2.9468
0.00597622,676.026,-0.022511,22.7926,0.000531858,597.511,2.94679
0.00597623,669.657,-0.0233317,22.7926,0.000531858,597.511,2.94677
0.00597625,661.444,-0.0242598,22.7925,0.000531858,597.511,2.94676
0.00597627,652.92,-0.0250831,22.7924,0.000531858,597.511,2.94674
0.00597629,642.514,-0.0259114,22.7923,0.000531858,597.512,2.94672
0.00597631,631.802,-0.0265746,22.7922,0.000531858,597.512,2.9467
0.00597633,620.851,-0.0270643,22.7922,0.000531858,597.512,2.94668
0.00597635,609.734,-0.0273747,22.7921,0.000531858,597.512,2.94666
0.00597637,598.524,-0.0275027,22.792,0.000531858,597.513,2.94664
0.00597639,587.296,-0.0274478,22.7919,0.000531858,597.513,2.94662
0.00597641,576.124,-0.0272106,22.7918,0.000531858,597.513,2.94661
0.00597643,565.083,-0.0267932,22.7917,0.000531858,597.513,2.94659
0.00597645,554.247,-0.0261984,22.7916,0.000531858,597.514,2.94657
0.00597647,543.686,-0.0254303,22.7915,0.000531858,597.514,2.94656
0.00597649,533.473,-0.0244942,22.7915,0.000531858,597.514,2.94654
0.00597651,523.673,-0.0233961,22.7914,0.000531858,597.514,2.94652
0.00597653,514.353,-0.0221433,22.7913,0.000531858,597.515,2.94651
0.00597655,505.575,-0.0207441,22.7912,0.000531858,597.515,2.94649
0.00597657,497.396,-0.0192078,22.7911,0.000531858,597.515,2.94648
0.00597659,489.872,-0.0175445,22.791,0.000531858,597.515,2.94646
0.00597661,483.052,-0.0157652,22.791,0.000531858,597.516,2.94645
0.00597663,476.981,-0.0138818,22.7909,0.000531858,597.516,2.94643
0.00597665,471.7,-0.0119066,22.7908,0.000531858,597.516,2.94642
0.00597667,467.244,-0.00985276,22.7907,0.000531858,597.516,2.94641
0.00597669,463.643,-0.00773392,22.7906,0.000531858,597.516,2.9464
0.00597671,460.92,-0.00556411,22.7906,0.000531858,597.517,2.94638
0.00597673,459.094,-0.00335771,22.7905,0.000531858,597.517,2.94637
0.00597675,458.176,-0.00112937,22.7904,0.000531858,597.517,2.94636
0.00597677,458.173,0.00110615,22.7903,0.000531858,597.517,2.94635
0.00597679,459.084,0.00333409,22.7902,0.000531858,597.517,2.94634
0.00597681,460.903,0.00553963,22.7902,0.000531858,597.517,2.94633
0.00597683,463.619,0.00770814,22.7901,0.000531858,597.518,2.94632
0.00597685,467.212,0.00982526,22.79,0.000531858,597.518,2.94631
0.00597687,471.659,0.011877,22.7899,0.000531858,597.518,2.9463
0.00597689,476.929,0.0138498,22.7898,0.000531858,597.518,2.94629
0.00597691,482.989,0.0157306,22.7898,0.000531858,597.518,2.94628
0.00597693,489.797,0.0175069,22.7897,0.000531858,597.518,2.94627
0.00597695,497.307,0.0191671,22.7896,0.000531858,597.518,2.94626
0.00597697,505.47,0.0207002,22.7895,0.000531858,597.518,2.94625
0.00597699,514.232,0.0220961,22.7894,0.000531858,597.519,2.94625
0.00597701,523.533,0.0233456,22.7894,0.000531858,597.519,2.94624
0.00597703,533.312,0.0244406,22.7893,0.000531858,597.519,2.94623
0.00597705,543.505,0.0253739,22.7892,0.000531858,597.519,2.94623
0.00597707,554.042,0.0261394,22.7891,0.000531858,597.519,2.94622
0.00597709,564.855,0.0267322,22.789,0.000531858,597.519,2.94622
0.00597711,575.871,0.0271485,22.789,0.000531858,597.519,2.94621
0.00597713,587.017,0.0273857,22.7889,0.000531858,597.519,2.9462
0.00597715,598.22,0.0274424,22.7888,0.000531858,597.519,2.9462
0.00597717,609.406,0.0273183,22.7887,0.000531858,597.519,2.9462
0.00597719,620.5,0.0270146,22.7886,0.000531858,597.52,2.94619
0.00597721,631.43,0.0265333,22.7885,0.000531858,597.52,2.94619
0.00597723,642.124,0.0258779,22.7885,0.000531858,597.52,2.94619
0.00597725,652.512,0.0250529,22.7884,0.000531858,597.52,2.94618
0.00597727,662.524,0.0240641,22.7883,0.000531858,597.52,2.94618
0.00597729,672.098,0.0229181,22.7882,0.000531858,597.52,2.94618
0.00597731,681.17,0.0216229,22.7881,0.000531858,597.52,2.94618
0.00597733,689.681,0.0201873,22.788,0.000531858,597.52,2.94618
0.00597735,697.577,0.0186209,22.7879,0.000531858,597.52,2.94617
0.00597737,704.808,0.0169345,22.7879,0.000531858,597.52,2.94617
0.00597739,711.327,0.0151385,22.7878,0.000531858,597.521,2.94617
0.00597739,712.659,0.0147308,22.7878,0.000531858,597.521,2.94617
0.00597739,713.561,0.0144455,22.7877,0.000531858,597.521,2.94617
0.00597739,714.253,0.0142213,22.7877,0.000531858,597.521,2.94617
0.0059774,715.257,0.0138867,22.7877,0.000531858,597.521,2.94617
0.0059774,716.107,0.0135942,22.7877,0.000531858,597.521,2.94617
0.0059774,716.769,0.0133607,22.7877,0.000531858,597.521,2.94617
0.00597741,717.471,0.0131061,22.7877,0.000531858,597.521,2.94617
0.00597741,718.304,0.0127954,22.7877,0.000531858,597.521,2.94617
0.00597742,719.909,0.0121671,22.7876,0.000531858,597.521,2.94617
0.00597742,721.456,0.0115204,22.7876,0.000531858,597.521,2.94617
0.00597743,723.968,0.0103698,22.7876,0.000531858,597.521,2.94617
0.00597745,727.763,0.00830255,22.7875,0.000531858,597.521,2.94618
0.00597747,730.71,0.00620702,22.7874,0.000531858,597.521,2.94618
0.00597749,732.801,0.00409444,22.7873,0.000531858,597.521,2.94618
0.00597751,733.698,0.00272419,22.7872,0.000531858,597.521,2.94618
0.00597752,734.138,0.00168708,22.7872,0.000531858,597.522,2.94618
0.00597753,734.373,0.000638887,22.7871,0.000531858,597.522,2.94618
0.00597754,734.383,-0.000550309,22.7871,0.000531858,597.522,2.94618
0.00597755,734.094,-0.00181125,22.787,0.000531858,597.522,2.94619
0.00597756,733.312,-0.00336898,22.787,0.000531858,597.522,2.94619
0.00597758,732.073,-0.00491069,22.7869,0.000531858,597.522,2.94619
0.00597759,730.267,-0.00652817,22.7868,0.000531858,597.522,2.94619
0.00597761,727.633,-0.00832517,22.7867,0.000531858,597.522,2.9462
0.00597763,723.84,-0.010341,22.7867,0.000531858,597.523,2.9462
0.00597765,719.24,-0.0122946,22.7866,0.000531858,597.523,2.94621
0.00597767,713.861,-0.0141715,22.7865,0.000531858,597.523,2.94621
0.00597769,707.734,-0.0159578,22.7864,0.000531858,597.523,2.94622
0.00597771,700.9,-0.0176404,22.7863,0.000531858,597.523,2.94622
0.00597773,693.402,-0.0192077,22.7862,0.000531858,597.524,2.94623
0.00597774,689.412,-0.0199461,22.7861,0.000531858,597.524,2.94623
0.00597775,686.489,-0.0204508,22.7861,0.000531858,597.524,2.94623
0.00597776,683.075,-0.021005,22.7861,0.000531858,597.524,2.94624
0.00597777,678.694,-0.0216654,22.786,0.000531858,597.524,2.94624
0.00597778,673.79,-0.0223435,22.786,0.000531858,597.524,2.94624
0.00597779,667.655,-0.0231102,22.7859,0.000531858,597.524,2.94625
0.0059778,661.537,-0.0237932,22.7859,0.000531858,597.524,2.94625
0.00597782,653.686,-0.0245616,22.7858,0.000531858,597.525,2.94626
0.00597784,645.554,-0.0252398,22.7857,0.000531858,597.525,2.94627
0.00597786,635.166,-0.0259438,22.7856,0.000531858,597.525,2.94627
0.00597788,624.462,-0.0264881,22.7855,0.000531858,597.525,2.94628
0.0059779,613.568,-0.0268603,22.7855,0.000531858,597.526,2.94629
0.00597792,602.555,-0.0270546,22.7854,0.000531858,597.526,2.9463
0.00597794,591.497,-0.0270685,22.7853,0.000531858,597.526,2.94631
0.00597796,580.467,-0.0269018,22.7852,0.000531858,597.526,2.94632
0.00597798,569.539,-0.0265563,22.7851,0.000531858,597.527,2.94633
0.005978,558.785,-0.0260346,22.785,0.000531858,597.527,2.94634
0.00597802,548.278,-0.0253404,22.7849,0.000531858,597.527,2.94635
0.00597804,538.087,-0.0244786,22.7849,0.000531858,597.527,2.94636
0.00597806,528.279,-0.0234549,22.7848,0.000531858,597.528,2.94638
0.00597808,518.921,-0.0222761,22.7847,0.000531858,597.528,2.94639
0.0059781,510.074,-0.02095,22.7846,0.000531858,597.528,2.9464
0.00597812,501.797,-0.0194854,22.7845,0.000531858,597.528,2.94641
0.00597814,494.145,-0.017892,22.7844,0.000531858,597.529,2.94643
0.00597816,487.169,-0.0161803,22.7844,0.000531858,597.529,2.94644
0.00597818,480.915,-0.0143616,22.7843,0.000531858,597.529,2.94646
0.0059782,475.426,-0.0124481,22.7842,0.000531858,597.529,2.94647
0.00597822,470.736,-0.0104523,22.7841,0.000531858,597.529,2.94649
0.00597824,466.879,-0.00838751,22.784,0.000531858,597.53,2.9465
0.00597826,463.878,-0.00626743,22.784,0.000531858,597.53,2.94652
0.00597828,461.754,-0.00410609,22.7839,0.000531858,597.53,2.94653
0.0059783,460.522,-0.00191783,22.7838,0.000531858,597.53,2.94655
0.00597832,460.188,0.000282819,22.7837,0.000531858,597.53,2.94657
0.00597834,460.756,0.00248134,22.7836,0.000531858,597.53,2.94658
0.00597836,462.221,0.00466313,22.7835,0.000531858,597.531,2.9466
0.00597838,464.573,0.00681371,22.7835,0.000531858,597.531,2.94662
0.0059784,467.797,0.00891885,22.7834,0.000531858,597.531,2.94664
0.00597842,471.872,0.0109646,22.7833,0.000531858,597.531,2.94665
0.00597844,476.769,0.0129375,22.7832,0.000531858,597.531,2.94667
0.00597846,482.456,0.0148244,22.7832,0.000531858,597.531,2.94669
0.00597848,488.895,0.0166128,22.7831,0.000531858,597.531,2.94671
0.0059785,496.043,0.018291,22.783,0.000531858,597.532,2.94673
0.00597852,503.852,0.019848,22.7829,0.000531858,597.532,2.94675
0.00597854,512.271,0.0212733,22.7828,0.000531858,597.532,2.94677
0.00597856,521.243,0.0225578,22.7828,0.000531858,597.532,2.94679
0.00597858,530.709,0.0236929,22.7827,0.000531858,597.532,2.94682
0.0059786,540.605,0.0246712,22.7826,0.000531858,597.532,2.94684
0.00597862,550.866,0.0254863,22.7825,0.000531858,597.532,2.94686
0.00597864,561.423,0.0261331,22.7824,0.000531858,597.532,2.94688
0.00597866,572.207,0.0266072,22.7823,0.000531858,597.532,2.9469
0.00597868,583.146,0.0269058,22.7823,0.000531858,597.532,2.94693
0.0059787,594.167,0.0270269,22.7822,0.000531858,597.533,2.94695
0.00597872,605.198,0.0269701,22.7821,0.000531858,597.533,2.94698
0.00597874,616.166,0.0267357,22.782,0.000531858,597.533,2.947
0.00597876,626.998,0.0263256,22.7819,0.000531858,597.533,2.94702
0.00597878,637.624,0.0257426,22.7819,0.000531858,597.533,2.94705
0.0059788,647.973,0.0249908,22.7818,0.000531858,597.533,2.94707
0.00597882,657.978,0.0240754,22.7817,0.000531858,597.533,2.9471
0.00597884,667.573,0.0230026,22.7816,0.000531858,597.533,2.94713
0.00597886,676.695,0.0217797,22.7815,0.000531858,597.533,2.94715
0.00597888,685.287,0.0204149,22.7814,0.000531858,597.533,2.94718
0.0059789,693.292,0.0189174,22.7813,0.000531858,597.534,2.94721
0.00597892,700.659,0.0172966,22.7813,0.000531858,597.534,2.94723
0.00597893,703.829,0.0165103,22.7812,0.000531858,597.534,2.94725
0.00597893,705.023,0.0161979,22.7812,0.000531858,597.534,2.94725
0.00597893,706.131,0.0158994,22.7812,0.000531858,597.534,2.94726
0.00597893,706.831,0.015706,22.7812,0.000531858,597.534,2.94726
0.00597894,707.623,0.015483,22.7812,0.000531858,597.534,2.94726
0.00597894,708.611,0.0151975,22.7811,0.000531858,597.534,2.94727
0.00597894,709.444,0.0149501,22.7811,0.000531858,597.534,2.94727
0.00597895,710.146,0.0147368,22.7811,0.000531858,597.534,2.94728
0.00597895,711.077,0.0144459,22.7811,0.000531858,597.534,2.94728
0.00597895,712.033,0.0141382,22.7811,0.000531858,597.534,2.94728
0.00597896,713.882,0.0135143,22.7811,0.000531858,597.534,2.94729
0.00597897,715.94,0.0127724,22.781,0.000531858,597.534,2.9473
0.00597898,719.526,0.0113376,22.781,0.000531858,597.534,2.94733
0.005979,723.728,0.00933495,22.7809,0.000531858,597.534,2.94735
0.00597902,727.106,0.00729264,22.7808,0.000531858,597.534,2.94738
0.00597904,729.646,0.00521983,22.7807,0.000531858,597.534,2.94741
0.00597906,731.341,0.00313222,22.7806,0.000531858,597.535,2.94744
0.00597908,732.115,0.00135775,22.7805,0.000531858,597.535,2.94747
0.0059791,732.263,-0.000569946,22.7805,0.000531858,597.535,2.9475
0.00597911,731.756,-0.00234548,22.7804,0.000531858,597.535,2.94752
0.00597913,730.383,-0.00440893,22.7803,0.000531858,597.535,2.94756
0.00597915,728.175,-0.00645797,22.7802,0.000531858,597.535,2.94759
0.00597917,725.14,-0.00847934,22.7801,0.000531858,597.536,2.94762
0.00597919,721.292,-0.0104542,22.78,0.000531858,597.536,2.94765
0.00597921,716.655,-0.0123653,22.7799,0.000531858,597.536,2.94769
0.00597923,711.254,-0.0141985,22.7798,0.000531858,597.536,2.94772
0.00597925,705.125,-0.0159409,22.7797,0.000531858,597.536,2.94775
0.00597927,698.306,-0.01758,22.7796,0.000531858,597.537,2.94779
0.00597929,690.839,-0.0191039,22.7795,0.000531858,597.537,2.94782
0.00597931,685.076,-0.0201266,22.7795,0.000531858,597.537,2.94785
0.00597932,681.769,-0.020662,22.7794,0.000531858,597.537,2.94786
0.00597932,678.589,-0.021145,22.7794,0.000531858,597.537,2.94787
0.00597933,674.841,-0.0216774,22.7794,0.000531858,597.537,2.94789
0.00597934,670.446,-0.0222552,22.7793,0.000531858,597.537,2.9479
0.00597935,664.641,-0.0229485,22.7793,0.000531858,597.538,2.94793
0.00597937,658.134,-0.0236397,22.7792,0.000531858,597.538,2.94795
0.00597938,651.734,-0.0242392,22.7792,0.000531858,597.538,2.94797
0.0059794,643.363,-0.0249125,22.7791,0.000531858,597.538,2.948
0.00597941,635.014,-0.025467,22.779,0.000531858,597.538,2.94803
0.00597943,624.502,-0.0260069,22.7789,0.000531858,597.539,2.94807
0.00597945,613.804,-0.0263804,22.7788,0.000531858,597.539,2.94811
0.00597947,602.985,-0.0265809,22.7787,0.000531858,597.539,2.94815
0.00597949,592.119,-0.0266045,22.7787,0.000531858,597.539,2.94818
0.00597951,581.276,-0.0264504,22.7786,0.000531858,597.54,2.94822
0.00597953,570.53,-0.0261199,22.7785,0.000531858,597.54,2.94826
0.00597955,559.951,-0.0256158,22.7784,0.000531858,597.54,2.9483
0.00597957,549.611,-0.0249418,22.7783,0.000531858,597.54,2.94834
0.00597959,539.579,-0.0241027,22.7782,0.000531858,597.541,2.94838
0.00597961,529.92,-0.023104,22.7781,0.000531858,597.541,2.94842
0.00597963,520.7,-0.0219526,22.7781,0.000531858,597.541,2.94846
0.00597965,511.98,-0.020656,22.778,0.000531858,597.541,2.9485
0.00597967,503.817,-0.0192228,22.7779,0.000531858,597.541,2.94854
0.00597969,496.266,-0.0176626,22.7778,0.000531858,597.542,2.94858
0.00597971,489.377,-0.0159855,22.7777,0.000531858,597.542,2.94862
0.00597973,483.196,-0.0142029,22.7776,0.000531858,597.542,2.94867
0.00597975,477.764,-0.0123264,22.7776,0.000531858,597.542,2.94871
0.00597977,473.117,-0.0103684,22.7775,0.000531858,597.543,2.94875
0.00597979,469.286,-0.00834203,22.7774,0.000531858,597.543,2.94879
0.00597981,466.296,-0.00626064,22.7773,0.000531858,597.543,2.94884
0.00597983,464.167,-0.00413804,22.7772,0.000531858,597.543,2.94888
0.00597985,462.913,-0.0019883,22.7772,0.000531858,597.543,2.94893
0.00597987,462.543,0.00017431,22.7771,0.000531858,597.543,2.94897
0.00597989,463.059,0.00233549,22.777,0.000531858,597.544,2.94902
0.00597991,464.457,0.00448094,22.7769,0.000531858,597.544,2.94906
0.00597993,466.727,0.00659641,22.7768,0.000531858,597.544,2.94911
0.00597995,469.855,0.00866788,22.7768,0.000531858,597.544,2.94915
0.00597997,473.82,0.0106816,22.7767,0.000531858,597.544,2.9492
0.00597999,478.595,0.0126244,22.7766,0.000531858,597.544,2.94925
0.00598001,484.148,0.0144832,22.7765,0.000531858,597.544,2.94929
0.00598003,490.441,0.0162459,22.7764,0.000531858,597.545,2.94934
0.00598005,497.434,0.0179009,22.7764,0.000531858,597.545,2.94939
0.00598007,505.08,0.0194371,22.7763,0.000531858,597.545,2.94944
0.00598009,513.326,0.0208445,22.7762,0.000531858,597.545,2.94948
0.00598011,522.12,0.0221138,22.7761,0.000531858,597.545,2.94953
0.00598013,531.401,0.0232367,22.776,0.000531858,597.545,2.94958
0.00598014,532.834,0.0233923,22.776,0.000531858,597.545,2.94959
0.00598014,533.266,0.0234381,22.776,0.000531858,597.545,2.94959
0.00598014,534.133,0.023529,22.776,0.000531858,597.545,2.9496
0.00598014,535.827,0.0237023,22.776,0.000531858,597.545,2.94961
0.00598015,539.25,0.0240344,22.776,0.000531858,597.545,2.94962
0.00598016,546.229,0.0246401,22.7759,0.000531858,597.545,2.94966
0.00598018,556.466,0.0253662,22.7758,0.000531858,597.545,2.94971
0.0059802,566.957,0.025924,22.7758,0.000531858,597.545,2.94976
0.00598022,577.637,0.0263102,22.7757,0.000531858,597.546,2.94981
0.00598024,588.435,0.0265227,22.7756,0.000531858,597.546,2.94986
0.00598026,599.282,0.0265605,22.7755,0.000531858,597.546,2.94991
0.00598028,610.104,0.0264234,22.7754,0.000531858,597.546,2.94996
0.0059803,620.831,0.0261125,22.7753,0.000531858,597.546,2.95001
0.00598032,631.393,0.0256301,22.7753,0.000531858,597.546,2.95007
0.00598034,641.719,0.0249794,22.7752,0.000531858,597.546,2.95012
0.00598035,642.99,0.0248851,22.7752,0.000531858,597.546,2.95013
0.00598035,645.521,0.0246904,22.7751,0.000531858,597.546,2.95014
0.00598035,647.131,0.0245607,22.7751,0.000531858,597.546,2.95015
0.00598036,649.098,0.0243957,22.7751,0.000531858,597.546,2.95016
0.00598036,651.229,0.0242086,22.7751,0.000531858,597.546,2.95017
0.00598037,652.708,0.0240734,22.7751,0.000531858,597.546,2.95018
0.00598037,653.072,0.0240393,22.7751,0.000531858,597.546,2.95018
0.00598037,653.8,0.0239706,22.7751,0.000531858,597.546,2.95018
0.00598037,655.25,0.0238306,22.7751,0.000531858,597.546,2.95019
0.00598038,658.122,0.0235406,22.775,0.000531858,597.546,2.95021
0.00598038,658.537,0.0234974,22.775,0.000531858,597.546,2.95021
0.00598038,658.539,0.0234971,22.775,0.000531858,597.546,2.95021
0.00598038,658.543,0.0234967,22.775,0.000531858,597.546,2.95021
0.00598038,658.546,0.0234964,22.775,0.000531858,597.546,2.95021
0.00598038,658.549,0.0234961,22.775,0.000531858,597.546,2.95021
0.00598038,658.555,0.0234954,22.775,0.000531858,597.546,2.95021
0.00598038,658.568,0.0234941,22.775,0.000531858,597.546,2.95021
0.00598038,658.593,0.0234915,22.775,0.000531858,597.546,2.95021
0.00598038,658.632,0.0234874,22.775,0.000531858,597.546,2.95021
0.00598038,658.685,0.0234818,22.775,0.000531858,597.546,2.95021
0.00598038,658.759,0.0234741,22.775,0.000531858,597.546,2.95021
0.00598038,658.854,0.023464,22.775,0.000531858,597.546,2.95021
0.00598038,658.976,0.0234511,22.775,0.000531858,597.546,2.95021
0.00598038,659.129,0.0234349,22.775,0.000531858,597.546,2.95021
0.00598038,659.32,0.0234146,22.775,0.000531858,597.546,2.95021
0.00598038,659.557,0.0233893,22.775,0.000531858,597.546,2.95022
0.00598038,659.85,0.0233579,22.775,0.000531858,597.546,2.95022
0.00598038,660.213,0.0233186,22.775,0.000531858,597.546,2.95022
0.00598038,660.669,0.023269,22.775,0.000531858,597.546,2.95022
0.00598038,661.248,0.0232053,22.775,0.000531858,597.546,2.95023
0.00598039,662.002,0.0231211,22.775,0.000531858,597.546,2.95023
0.00598039,663.02,0.0230056,22.775,0.000531858,597.546,2.95024
0.00598039,663.301,0.0229732,22.775,0.000531858,597.546,2.95024
0.00598039,663.864,0.022908,22.775,0.000531858,597.546,2.95024
0.00598039,663.996,0.0228925,22.775,0.000531858,597.546,2.95024
0.00598039,664.229,0.0228653,22.775,0.000531858,597.546,2.95024
0.00598039,664.293,0.0228577,22.775,0.000531858,597.546,2.95024
0.00598039,664.405,0.0228445,22.775,0.000531858,597.546,2.95024
0.00598039,664.417,0.0228431,22.775,0.000531858,597.546,2.95024
0.00598039,664.44,0.0228403,22.775,0.000531858,597.546,2.95024
0.00598039,664.488,0.0228348,22.775,0.000531858,597.546,2.95024
0.00598039,664.493,0.0228341,22.775,0.000531858,597.546,2.95024
0.00598039,664.503,0.0228329,22.775,0.000531858,597.546,2.95024
0.00598039,664.525,0.0228304,22.775,0.000531858,597.546,2.95024
0.00598039,645.177,0.0228334,22.775,0.000531858,597.546,2.95024
0.00598039,619.043,0.0228394,22.775,0.000531858,597.546,2.95024
0.00598039,583.346,0.0228517,22.775,0.000531858,597.546,2.95024
0.00598039,547.851,0.0228693,22.775,0.000531858,597.546,2.95024
0.00598039,510.578,0.0228948,22.775,0.000531858,597.546,2.95024
0.00598039,471.831,0.0229303,22.775,0.000531858,597.546,2.95024
0.00598039,427.604,0.0229847,22.775,0.000531858,597.546,2.95024
0.00598039,374.361,0.0230745,22.775,0.000531858,597.546,2.95024
0.00598039,305.541,0.0232426,22.775,0.000531858,597.546,2.95024
0.00598039,231.06,0.0235218,22.775,0.000531858,597.546,2.95024
0.00598039,168.799,0.0238853,22.775,0.000531858,597.546,2.95024
0.00598039,124.944,0.0242719,22.775,0.000531858,597.546,2.95024
0.00598039,92.2571,0.0246902,22.775,0.000531858,597.546,2.95024
0.00598039,69.2415,0.0251068,22.775,0.000531858,597.546,2.95024
0.00598039,51.9038,0.0255405,22.775,0.000531858,597.546,2.95024
0.00598039,39.1744,0.0259753,22.775,0.000531858,597.546,2.95024
0.00598039,29.4596,0.0264241,22.775,0.000531858,597.546,2.95025
0.00598039,22.2137,0.0268751,22.775,0.000531858,597.546,2.95025
0.00598039,16.702,0.0273356,22.775,0.000531858,597.546,2.95025
0.00598039,12.5809,0.0277969,22.775,0.000531858,597.546,2.95025
0.00598039,9.46343,0.0282637,22.775,0.000531858,597.546,2.95025
0.00598039,7.13017,0.0287303,22.775,0.000531858,597.546,2.95025
0.00598039,5.37016,0.0292001,22.775,0.000531858,597.546,2.95025
0.00598039,4.05102,0.0296698,22.775,0.000531858,597.546,2.95025
0.00598039,3.05723,0.0301415,22.775,0.000531858,597.546,2.95025
0.00598039,2.31156,0.0306133,22.775,0.000531858,597.546,2.95025
0.00598039,1.75027,0.0310869,22.775,0.000531858,597.546,2.95025
0.00598039,1.3289,0.031561,22.775,0.000531858,597.546,2.95025
0.00598039,1.01197,0.0320371,22.775,0.000531858,597.546,2.95025
0.00598039,0.774042,0.0325145,22.775,0.000531858,597.546,2.95025
0.00598039,0.595249,0.0329947,22.775,0.000531858,597.546,2.95025
0.00598039,0.461098,0.0334778,22.775,0.000531858,597.546,2.95025
0.00598039,0.360432,0.0339654,22.775,0.000531858,597.546,2.95025
0.00598039,0.285021,0.0344586,22.775,0.000531858,597.546,2.95025
0.00598039,0.22859,0.0349597,22.775,0.000531858,597.546,2.95025
0.00598039,0.186484,0.035471,22.775,0.000531858,597.546,2.95025
0.00598039,0.155179,0.0359962,22.775,0.000531858,597.546,2.95025
0.00598039,0.132054,0.0365398,22.775,0.000531858,597.546,2.95025
0.00598039,0.115138,0.0371077,22.775,0.000531858,597.546,2.95025
0.00598039,0.102968,0.0377076,22.775,0.000531858,597.546,2.95025
0.00598039,0.0944509,0.0383497,22.775,0.000531858,597.546,2.95025
0.00598039,0.0887773,0.0390472,22.775,0.000531858,597.546,2.95025
0.00598039,0.0853461,0.0398178,22.775,0.000531858,597.546,2.95025
0.00598039,0.0837149,0.0406856,22.775,0.000531858,597.546,2.95025
0.00598039,0.083563,0.0416843,22.775,0.000531858,597.546,2.95025
0.00598039,0.084674,0.0428632,22.775,0.000531858,597.546,2.95025
0.00598039,0.0869516,0.0443067,22.775,0.000531858,597.546,2.95025
0.00598039,0.0904371,0.0461424,22.775,0.000531858,597.546,2.95025
0.00598039,0.0954388,0.0486128,22.775,0.000531858,597.546,2.95025
0.00598039,0.102817,0.0522101,22.775,0.000531858,597.546,2.95025
0.00598039,0.115093,0.058214,22.775,0.000531858,597.546,2.95025
0.00598039,0.130228,0.0656356,22.7749,0.000531858,597.546,2.95025
0.00598039,0.148557,0.0746204,22.7749,0.000531858,597.546,2.95025
0.00598039,0.16769,0.0839855,22.7749,0.000531858,597.546,2.95025
0.00598039,0.188244,0.0940306,22.7749,0.000531858,597.546,2.95025
0.00598039,0.210434,0.104859,22.7749,0.000531858,597.546,2.95026
0.0059804,0.232626,0.115671,22.7748,0.000531858,597.546,2.95026
0.0059804,0.268811,0.133243,22.7748,0.000531858,597.546,2.95026
0.0059804,0.298301,0.147474,22.7747,0.000531858,597.546,2.95026
0.0059804,0.319693,0.157687,22.7746,0.000531858,597.546,2.95027
0.0059804,0.330924,0.162888,22.7745,0.000531858,597.546,2.95027
0.0059804,0.32883,0.161488,22.7743,0.000531858,597.546,2.95028
0.00598041,0.307454,0.150657,22.7742,0.000531858,597.546,2.95028
0.00598041,0.271497,0.132777,22.774,0.000531858,597.546,2.95029
0.00598041,0.224112,0.10939,22.7739,0.000531858,597.546,2.9503
0.00598041,0.179167,0.0873037,22.7739,0.000531858,597.546,2.9503
0.00598041,0.134416,0.0653809,22.7738,0.000531858,597.546,2.95031
0.00598042,0.0973297,0.0472652,22.7738,0.000531858,597.546,2.95032
0.00598042,0.0656379,0.0318347,22.7738,0.000531858,597.546,2.95032
0.00598042,0.0426951,0.0207203,22.7739,0.000531858,597.546,2.95033
0.00598042,0.0316785,0.0154408,22.7739,0.000531858,597.546,2.95034
0.00598043,0.0290487,0.0142224,22.7739,0.000531858,597.546,2.95034
0.00598043,0.0291459,0.0143382,22.774,0.000531858,597.546,2.95034
0.00598043,0.0321141,0.0158615,22.774,0.000531858,597.546,2.95035
0.00598043,0.0387066,0.0191615,22.774,0.000531858,597.546,2.95036
0.00598043,0.0476556,0.0236016,22.7741,0.000531858,597.546,2.95036
0.00598044,0.0598803,0.0296382,22.7741,0.000531858,597.546,2.95037
0.00598044,0.0734584,0.0363208,22.7741,0.000531858,597.546,2.95037
0.00598044,0.0888766,0.0438884,22.7742,0.000531858,597.546,2.95038
0.00598044,0.103925,0.0512551,22.7742,0.000531858,597.546,2.95039
0.00598045,0.118104,0.0581767,22.7742,0.000531858,597.546,2.9504
0.00598045,0.12929,0.0636153,22.7742,0.000531858,597.546,2.95042
0.00598046,0.133391,0.0655954,22.7742,0.000531858,597.546,2.95043
0.00598046,0.134248,0.0660037,22.7742,0.000531858,597.546,2.95045
0.00598047,0.13463,0.0661976,22.7741,0.000531858,597.546,2.95046
0.00598048,0.136298,0.0670348,22.7741,0.000531858,597.546,2.95048
0.00598048,0.141981,0.0698532,22.7742,0.000531858,597.546,2.9505
0.0059805,0.155006,0.0762768,22.7742,0.000531858,597.546,2.95053
0.00598051,0.168714,0.0830183,22.7741,0.000531858,597.546,2.95056
0.00598052,0.182031,0.0895619,22.7741,0.000531858,597.546,2.9506
0.00598053,0.198455,0.0976363,22.7741,0.000531858,597.546,2.95064
0.00598055,0.2183,0.1074,22.774,0.000531858,597.546,2.9507
0.00598057,0.238707,0.117441,22.774,0.000531858,597.546,2.95075
0.00598059,0.25946,0.12765,22.7739,0.000531858,597.545,2.95081
0.00598061,0.280176,0.13784,22.7739,0.000531858,597.545,2.95087
0.00598063,0.300778,0.147974,22.7738,0.000531858,597.545,2.95093
0.00598065,0.32135,0.158093,22.7737,0.000531858,597.545,2.95098
0.00598067,0.341942,0.168221,22.7736,0.000531858,597.544,2.95104
0.00598069,0.362548,0.178356,22.7736,0.000531858,597.544,2.9511
0.00598071,0.383154,0.188492,22.7735,0.000531858,597.544,2.95116
0.00598073,0.403756,0.198624,22.7734,0.000531858,597.543,2.95122
0.00598075,0.424355,0.208756,22.7733,0.000531858,597.543,2.95128
0.00598077,0.444955,0.218888,22.7732,0.000531858,597.542,2.95134
0.00598079,0.465555,0.229019,22.7732,0.000531858,597.542,2.9514
0.00598081,0.486154,0.23915,22.7731,0.000531858,597.541,2.95146
0.00598083,0.506752,0.249281,22.773,0.000531858,597.541,2.95152
0.00598085,0.52735,0.259412,22.7729,0.000531858,597.54,2.95159
0.00598087,0.547947,0.269542,22.7728,0.000531858,597.539,2.95165
0.00598089,0.568543,0.279671,22.7727,0.000531858,597.539,2.95171
0.00598091,0.589139,0.289801,22.7726,0.000531858,597.538,2.95177
0.00598093,0.609734,0.29993,22.7726,0.000531858,597.537,2.95184
0.00598095,0.630329,0.310058,22.7725,0.000531858,597.537,2.9519
0.00598097,0.650923,0.320187,22.7724,0.000531858,597.536,2.95196
0.00598099,0.671516,0.330315,22.7723,0.000531858,597.535,2.95203
0.00598101,0.692108,0.340442,22.7722,0.000531858,597.534,2.95209
0.00598103,0.7127,0.350569,22.7721,0.000531858,597.533,2.95216
0.00598105,0.733291,0.360696,22.7721,0.000531858,597.532,2.95222
0.00598107,0.753881,0.370823,22.772,0.000531858,597.531,2.95229
0.00598109,0.774471,0.380949,22.7719,0.000531858,597.53,2.95235
0.00598111,0.795059,0.391075,22.7718,0.000531858,597.529,2.95242
0.00598113,0.815647,0.4012,22.7717,0.000531858,597.528,2.95249
0.00598115,0.836235,0.411325,22.7716,0.000531858,597.527,2.95255
0.00598117,0.856821,0.421449,22.7715,0.000531858,597.526,2.95262
0.00598119,0.877407,0.431574,22.7715,0.000531858,597.525,2.95269
0.00598121,0.897992,0.441698,22.7714,0.000531858,597.524,2.95275
0.00598123,0.918577,0.451821,22.7713,0.000531858,597.523,2.95282
0.00598125,0.93916,0.461944,22.7712,0.000531858,597.522,2.95289
0.00598127,0.959743,0.472067,22.7711,0.000531858,597.52,2.95296
0.00598129,0.980325,0.482189,22.771,0.000531858,597.519,2.95303
0.00598131,1.00091,0.492312,22.7709,0.000531858,597.518,2.9531
0.00598133,1.02149,0.502433,22.7709,0.000531858,597.516,2.95317
0.00598135,1.04207,0.512554,22.7708,0.000531858,597.515,2.95324
0.00598137,1.06265,0.522675,22.7707,0.000531858,597.514,2.95331
0.00598139,1.08323,0.532796,22.7706,0.000531858,597.512,2.95338
0.00598141,1.1038,0.542916,22.7705,0.000531858,597.511,2.95345
0.00598143,1.12438,0.553036,22.7704,0.000531858,597.509,2.95352
0.00598145,1.14496,0.563155,22.7703,0.000531858,597.508,2.95359
0.00598147,1.16553,0.573274,22.7703,0.000531858,597.506,2.95367
0.00598149,1.18611,0.583393,22.7702,0.000531858,597.505,2.95374
0.00598151,1.20668,0.593511,22.7701,0.000531858,597.503,2.95381
0.00598153,1.22725,0.603629,22.77,0.000531858,597.501,2.95388
0.00598155,1.24782,0.613747,22.7699,0.000531858,597.5,2.95396
0.00598157,1.2684,0.623864,22.7698,0.000531858,597.498,2.95403
0.00598159,1.28897,0.633981,22.7698,0.000531858,597.496,2.95411
0.00598161,1.30954,0.644097,22.7697,0.000531858,597.495,2.95418
0.00598163,1.33011,0.654213,22.7696,0.000531858,597.493,2.95425
0.00598165,1.35067,0.664329,22.7695,0.000531858,597.491,2.95433
0.00598167,1.37124,0.674444,22.7694,0.000531858,597.489,2.95441
0.00598169,1.39181,0.684559,22.7693,0.000531858,597.487,2.95448
0.00598171,1.41238,0.694674,22.7692,0.000531858,597.485,2.95456
0.00598173,1.43294,0.704788,22.7692,0.000531858,597.483,2.95463
0.00598175,1.45351,0.714901,22.7691,0.000531858,597.481,2.95471
0.00598177,1.47407,0.725015,22.769,0.000531858,597.479,2.95479
0.00598179,1.49463,0.735128,22.7689,0.000531858,597.477,2.95486
0.00598181,1.51519,0.74524,22.7688,0.000531858,597.475,2.95494
0.00598183,1.53576,0.755353,22.7687,0.000531858,597.473,2.95502
0.00598185,1.55632,0.765464,22.7686,0.000531858,597.471,2.9551
0.00598187,1.57688,0.775576,22.7686,0.000531858,597.469,2.95518
0.00598189,1.59744,0.785687,22.7685,0.000531858,597.467,2.95526
0.00598191,1.61799,0.795798,22.7684,0.000531858,597.465,2.95534
0.00598193,1.63855,0.805908,22.7683,0.000531858,597.462,2.95542
0.00598195,1.65911,0.816018,22.7682,0.000531858,597.46,2.9555
0.00598197,1.67966,0.826127,22.7681,0.000531858,597.458,2.95558
0.00598199,1.70022,0.836236,22.7681,0.000531858,597.455,2.95566
0.00598201,1.72077,0.846345,22.768,0.000531858,597.453,2.95574
0.00598203,1.74133,0.856453,22.7679,0.000531858,597.451,2.95582
0.00598205,1.76188,0.866561,22.7678,0.000531858,597.448,2.9559
0.00598207,1.78243,0.876669,22.7677,0.000531858,597.446,2.95598
0.00598209,1.80298,0.886776,22.7676,0.000531858,597.443,2.95606
0.00598211,1.82353,0.896883,22.7675,0.000531858,597.441,2.95615
0.00598213,1.84408,0.906989,22.7675,0.000531858,597.438,2.95623
0.00598215,1.86463,0.917095,22.7674,0.000531858,597.436,2.95631
0.00598217,1.87902,0.924169,22.7673,0.000531858,597.434,2.95637
0.00598217,1.87967,0.924493,22.7673,0.000531858,597.434,2.95637
0.00598217,1.88099,0.925139,22.7673,0.000531858,597.434,2.95638
0.00598217,1.88312,0.926189,22.7673,0.000531858,597.433,2.95639
0.00598217,1.88554,0.92738,22.7673,0.000531858,597.433,2.9564
0.00598218,1.88786,0.928518,22.7673,0.000531858,597.433,2.95641
0.00598218,1.88881,0.928984,22.7673,0.000531858,597.433,2.95641
0.00598218,1.88988,0.92951,22.7673,0.000531858,597.432,2.95642
0.00598218,1.8903,0.92972,22.7673,0.000531858,597.432,2.95642
0.00598218,1.89103,0.930078,22.7673,0.000531858,597.432,2.95642
0.00598218,1.89124,0.93018,22.7673,0.000531858,597.432,2.95642
0.00598218,1.8916,0.930356,22.7673,0.000531858,597.432,2.95642
0.00598218,1.8917,0.930405,22.7673,0.000531858,597.432,2.95642
0.00598218,1.89187,0.930491,22.7673,0.000531858,597.432,2.95642
0.00598218,1.8919,0.930504,22.7673,0.000531858,597.432,2.95642
0.00598218,1.89195,0.93053,22.7673,0.000531858,597.432,2.95642
0.00598218,1.89196,0.930536,22.7673,0.000531858,597.432,2.95642
0.00598218,1.89198,0.930546,22.7673,0.000531858,597.432,2.95642
0.00598218,1.89202,0.930567,22.7673,0.000531858,597.432,2.95642
0.00598218,1.89203,0.930571,22.7673,0.000531858,597.432,2.95642
0.00598218,1.9186,0.930574,22.7673,0.000531858,597.432,2.95642
0.00598218,1.94938,0.930576,22.7673,0.000531858,597.432,2.95642
0.00598218,2.00054,0.930578,22.7673,0.000531858,597.432,2.95642
0.00598218,2.07689,0.93058,22.7673,0.000531858,597.432,2.95642
0.00598218,2.22378,0.930585,22.7673,0.000531858,597.432,2.95642
0.00598218,2.39542,0.930589,22.7673,0.000531858,597.432,2.95642
0.00598218,2.62369,0.930595,22.7673,0.000531858,597.432,2.95642
0.00598218,2.92828,0.930603,22.7673,0.000531858,597.432,2.95642
0.00598218,3.42709,0.930615,22.7673,0.000531858,597.432,2.95642
0.00598218,4.42348,0.930637,22.7673,0.000531858,597.432,2.95642
0.00598218,6.41578,0.930678,22.7673,0.000531858,597.432,2.95643
0.00598218,10.4007,0.93074,22.7673,0.000531858,597.432,2.95643
0.00598218,18.3707,0.930786,22.7673,0.000531858,597.432,2.95643
0.00598218,34.3081,0.930573,22.7672,0.000531858,597.432,2.95643
0.00598218,66.1461,0.929031,22.7672,0.000531858,597.432,2.95644
0.00598219,129.516,0.922593,22.7672,0.000531858,597.431,2.95645
0.00598219,146.245,0.920245,22.7672,0.000531858,597.431,2.95646
0.00598219,155.936,0.91879,22.7672,0.000531858,597.431,2.95646
0.00598219,171.102,0.916417,22.7673,0.000531858,597.431,2.95646
0.00598219,183.78,0.914369,22.7673,0.000531858,597.431,2.95646
0.00598219,193.919,0.912701,22.7673,0.000531858,597.431,2.95647
0.00598219,203.342,0.911136,22.7673,0.000531858,597.431,2.95647
0.00598219,213.002,0.909526,22.7673,0.000531858,597.431,2.95647
0.00598219,223.489,0.907781,22.7673,0.000531858,597.431,2.95647
0.00598219,233.6,0.906108,22.7673,0.000531858,597.431,2.95648
0.00598219,244.149,0.904381,22.7673,0.000531858,597.431,2.95648
0.00598219,254.305,0.902745,22.7673,0.000531858,597.43,2.95648
0.0059822,264.681,0.901105,22.7673,0.000531858,597.43,2.95648
0.0059822,274.793,0.899544,22.7673,0.000531858,597.43,2.95648
0.0059822,285.047,0.898004,22.7673,0.000531858,597.43,2.95649
0.0059822,295.143,0.896535,22.7673,0.000531858,597.43,2.95649
0.0059822,305.332,0.895104,22.7673,0.000531858,597.43,2.95649
0.0059822,315.42,0.893743,22.7674,0.000531858,597.43,2.95649
0.0059822,325.563,0.892432,22.7674,0.000531858,597.43,2.9565
0.0059822,335.637,0.891191,22.7674,0.000531858,597.43,2.9565
0.0059822,345.74,0.890008,22.7674,0.000531858,597.43,2.9565
0.0059822,355.795,0.888895,22.7674,0.000531858,597.43,2.9565
0.0059822,365.864,0.887844,22.7674,0.000531858,597.43,2.95651
0.0059822,375.898,0.886863,22.7674,0.000531858,597.43,2.95651
0.0059822,385.937,0.885946,22.7674,0.000531858,597.43,2.95651
0.0059822,395.952,0.885096,22.7674,0.000531858,597.43,2.95651
0.0059822,405.967,0.884311,22.7675,0.000531858,597.429,2.95651
0.0059822,415.964,0.88359,22.7675,0.000531858,597.429,2.95652
0.0059822,425.959,0.882931,22.7675,0.000531858,597.429,2.95652
0.0059822,435.94,0.882333,22.7675,0.000531858,597.429,2.95652
0.00598221,445.917,0.881794,22.7675,0.000531858,597.429,2.95652
0.00598221,455.884,0.881311,22.7675,0.000531858,597.429,2.95653
0.00598221,465.847,0.880883,22.7675,0.000531858,597.429,2.95653
0.00598221,475.802,0.880507,22.7675,0.000531858,597.429,2.95653
0.00598221,485.754,0.880179,22.7676,0.000531858,597.429,2.95653
0.00598221,495.699,0.879897,22.7676,0.000531858,597.429,2.95654
0.00598221,505.64,0.879658,22.7676,0.000531858,597.429,2.95654
0.00598221,515.576,0.879459,22.7676,0.000531858,597.429,2.95654
0.00598221,525.509,0.879297,22.7676,0.000531858,597.429,2.95654
0.00598221,536.183,0.87916,22.7676,0.000531858,597.429,2.95655
0.00598221,547.977,0.879048,22.7676,0.000531858,597.429,2.95655
0.00598221,561.112,0.878965,22.7677,0.000531858,597.428,2.95655
0.00598221,575.896,0.878915,22.7677,0.000531858,597.428,2.95655
0.00598221,592.6,0.8789,22.7677,0.000531858,597.428,2.95656
0.00598221,611.753,0.878914,22.7677,0.000531858,597.428,2.95656
0.00598222,634.007,0.87894,22.7678,0.000531858,597.428,2.95657
0.00598222,660.483,0.878925,22.7678,0.000531858,597.428,2.95657
0.00598222,692.813,0.878731,22.7678,0.000531858,597.428,2.95658
0.00598222,726.109,0.878158,22.7679,0.000531858,597.427,2.95659
0.00598222,747.023,0.877511,22.7679,0.000531858,597.427,2.95659
0.00598222,754.989,0.877191,22.7679,0.000531858,597.427,2.9566
0.00598222,759.79,0.876973,22.7679,0.000531858,597.427,2.9566
0.00598222,762.547,0.876839,22.7679,0.000531858,597.427,2.9566
0.00598222,764.669,0.87673,22.7679,0.000531858,597.427,2.9566
0.00598222,766.072,0.876656,22.7679,0.000531858,597.427,2.9566
0.00598222,767.226,0.876593,22.7679,0.000531858,597.427,2.9566
0.00598222,768.68,0.876512,22.7679,0.000531858,597.427,2.9566
0.00598222,770.087,0.87643,22.7679,0.000531858,597.427,2.9566
0.00598222,771.589,0.87634,22.7679,0.000531858,597.427,2.9566
0.00598222,772.772,0.876267,22.7679,0.000531858,597.427,2.9566
0.00598222,774.063,0.876184,22.7679,0.000531858,597.427,2.9566
0.00598222,775.614,0.876081,22.7679,0.000531858,597.427,2.9566
0.00598222,777.429,0.875955,22.7679,0.000531858,597.427,2.9566
0.00598222,779.591,0.875798,22.7679,0.000531858,597.427,2.9566
0.00598222,782.615,0.875564,22.7679,0.000531858,597.427,2.9566
0.00598222,784.036,0.875448,22.7679,0.000531858,597.427,2.9566
0.00598222,786.296,0.875256,22.7679,0.000531858,597.427,2.9566
0.00598222,788.709,0.875041,22.7679,0.000531858,597.427,2.9566
0.00598222,793.527,0.874577,22.7679,0.000531858,597.427,2.95661
0.00598222,799.208,0.873975,22.768,0.000531858,597.427,2.95661
0.00598223,808.867,0.87281,22.768,0.000531858,597.427,2.95661
0.00598223,815.781,0.871863,22.768,0.000531858,597.427,2.95661
0.00598223,820.346,0.871185,22.768,0.000531858,597.427,2.95661
0.00598223,823.826,0.870638,22.768,0.000531858,597.427,2.95661
0.00598223,826.262,0.870238,22.768,0.000531858,597.427,2.95661
0.00598223,828.386,0.869877,22.768,0.000531858,597.427,2.95661
0.00598223,830.324,0.869536,22.768,0.000531858,597.427,2.95661
0.00598223,830.803,0.869449,22.768,0.000531858,597.427,2.95662
0.00598223,831.184,0.86938,22.768,0.000531858,597.427,2.95662
0.00598223,831.741,0.869277,22.768,0.000531858,597.427,2.95662
0.00598223,832.062,0.869217,22.768,0.000531858,597.427,2.95662
0.00598223,832.489,0.869137,22.768,0.000531858,597.427,2.95662
0.00598223,832.973,0.869045,22.768,0.000531858,597.427,2.95662
0.00598223,833.639,0.868918,22.768,0.000531858,597.427,2.95662
0.00598223,834.972,0.86866,22.768,0.000531858,597.427,2.95662
0.00598223,836.716,0.868317,22.768,0.000531858,597.427,2.95662
0.00598223,840.205,0.867614,22.768,0.000531858,597.427,2.95662
0.00598223,843.405,0.866947,22.768,0.000531858,597.426,2.95662
0.00598223,845.473,0.866468,22.768,0.000531858,597.426,2.95662
0.00598223,847.229,0.865899,22.768,0.000531858,597.426,2.95662
0.00598223,848.114,0.86547,22.768,0.000531858,597.426,2.95662
0.00598223,848.776,0.864988,22.768,0.000531858,597.426,2.95662
0.00598223,849.343,0.864298,22.768,0.000531858,597.426,2.95662
0.00598223,849.768,0.863172,22.768,0.000531858,597.426,2.95662
0.00598223,849.915,0.861834,22.768,0.000531858,597.426,2.95662
0.00598223,849.929,0.85936,22.7681,0.000531858,597.426,2.95663
0.00598223,849.874,0.856262,22.7681,0.000531858,597.426,2.95663
0.00598223,849.808,0.85007,22.7681,0.000531858,597.426,2.95664
0.00598223,849.745,0.840539,22.7682,0.000531858,597.427,2.95665
0.00598224,849.677,0.829536,22.7684,0.000531858,597.427,2.95666
0.00598224,849.611,0.819222,22.7685,0.000531858,597.427,2.95668
0.00598224,849.545,0.808926,22.7686,0.000531858,597.427,2.95669
0.00598225,849.485,0.79943,22.7688,0.000531858,597.427,2.9567
0.00598225,849.425,0.790048,22.7689,0.000531858,597.427,2.95671
0.00598225,849.368,0.781183,22.7691,0.000531858,597.427,2.95672
0.00598225,849.313,0.772513,22.7692,0.000531858,597.427,2.95673
0.00598226,849.261,0.764396,22.7694,0.000531858,597.427,2.95674
0.00598226,849.219,0.757838,22.7695,0.000531858,597.427,2.95675
0.00598226,849.186,0.752678,22.7696,0.000531858,597.427,2.95676
0.00598226,849.154,0.747615,22.7697,0.000531858,597.427,2.95676
0.00598226,849.121,0.742469,22.7698,0.000531858,597.427,2.95677
0.00598226,849.1,0.739181,22.7699,0.000531858,597.427,2.95677
0.00598226,849.069,0.734379,22.77,0.000531858,597.427,2.95678
0.00598227,849.039,0.729667,22.7701,0.000531858,597.427,2.95678
0.00598227,849.012,0.725513,22.7702,0.000531858,597.427,2.95679
0.00598227,848.996,0.722972,22.7702,0.000531858,597.427,2.95679
0.00598227,848.983,0.720824,22.7703,0.000531858,597.427,2.95679
0.00598227,848.964,0.717882,22.7703,0.000531858,597.427,2.9568
0.00598227,848.941,0.714287,22.7704,0.000531858,597.427,2.9568
0.00598227,848.913,0.709937,22.7705,0.000531858,597.427,2.95681
0.00598227,848.873,0.70375,22.7707,0.000531858,597.427,2.95681
0.00598228,848.805,0.69306,22.7709,0.000531858,597.427,2.95683
0.00598228,848.689,0.674951,22.7714,0.000531858,597.427,2.95685
0.00598229,848.579,0.657743,22.7719,0.000531858,597.427,2.95687
0.00598229,848.428,0.634263,22.7725,0.000531858,597.427,2.9569
0.0059823,848.276,0.610515,22.7732,0.000531858,597.427,2.95693
0.00598231,848.071,0.578502,22.7742,0.000531858,597.427,2.95697
0.00598232,847.837,0.542178,22.7755,0.000531858,597.427,2.95701
0.00598234,847.503,0.490276,22.7773,0.000531858,597.427,2.95708
0.00598236,847.06,0.421715,22.7799,0.000531858,597.428,2.95716
0.00598238,846.617,0.353325,22.7827,0.000531858,597.428,2.95725
0.0059824,846.172,0.285293,22.7856,0.000531858,597.428,2.95733
0.00598242,845.726,0.217617,22.7886,0.000531858,597.428,2.95742
0.00598244,845.275,0.150298,22.7916,0.000531858,597.428,2.9575
0.00598246,844.81,0.0833388,22.7947,0.000531858,597.428,2.95759
0.00598247,844.386,0.0286925,22.7973,0.000531858,597.429,2.95766
0.00598248,844.268,0.0159765,22.7979,0.000531858,597.429,2.95767
0.00598248,844.173,0.00782295,22.7983,0.000531858,597.429,2.95768
0.00598248,844.082,0.00183283,22.7986,0.000531858,597.429,2.95769
0.00598248,843.968,-0.00316958,22.7988,0.000531858,597.429,2.9577
0.00598248,843.619,-0.0106214,22.7992,0.000531858,597.429,2.95771
0.00598249,843.032,-0.0176238,22.7996,0.000531858,597.429,2.95772
0.00598249,841.995,-0.0257515,22.8,0.000531858,597.429,2.95773
0.00598249,840.882,-0.0321961,22.8003,0.000531858,597.429,2.95773
0.00598249,839.357,-0.039232,22.8006,0.000531858,597.429,2.95774
0.00598249,837.414,-0.0465257,22.801,0.000531858,597.429,2.95775
0.0059825,834.214,-0.0562212,22.8015,0.000531858,597.429,2.95777
0.0059825,829.464,-0.0675831,22.8021,0.000531858,597.429,2.95778
0.00598251,821.587,-0.0819963,22.803,0.000531858,597.429,2.95781
0.00598251,809.306,-0.098317,22.8041,0.000531858,597.429,2.95783
0.00598252,789.309,-0.115784,22.8055,0.000531858,597.429,2.95787
0.00598254,759.358,-0.12892,22.8072,0.000531858,597.43,2.95792
0.00598255,717.764,-0.128028,22.8093,0.000531858,597.43,2.95799
0.00598257,673.184,-0.100436,22.8112,0.000531858,597.431,2.95807
0.00598258,653.341,-0.0725215,22.8119,0.000531858,597.431,2.95812
0.00598259,643.503,-0.0492208,22.8123,0.000531858,597.431,2.95815
0.0059826,638.496,-0.0294856,22.8125,0.000531858,597.431,2.95818
0.0059826,636.114,-0.0101174,22.8126,0.000531858,597.431,2.9582
0.00598261,636.123,0.0098689,22.8126,0.000531858,597.431,2.95822
0.00598262,638.75,0.0303692,22.8126,0.000531858,597.431,2.95825
0.00598262,645.415,0.0541047,22.8124,0.000531858,597.431,2.95828
0.00598263,658.116,0.079806,22.8121,0.000531858,597.431,2.95832
0.00598264,678.193,0.103863,22.8117,0.000531858,597.431,2.95836
0.00598266,706.549,0.122034,22.8111,0.000531858,597.431,2.95841
0.00598267,742.557,0.128412,22.8105,0.000531858,597.431,2.95846
0.00598269,785.865,0.114052,22.8099,0.000531858,597.431,2.95853
0.0059827,813.176,0.0878596,22.8097,0.000531858,597.431,2.95858
0.00598271,824.721,0.0690035,22.8096,0.000531858,597.431,2.95861
0.00598272,830.13,0.0568328,22.8097,0.000531858,597.431,2.95863
0.00598272,833.871,0.0459718,22.8097,0.000531858,597.431,2.95864
0.00598272,836.422,0.0363746,22.8098,0.000531858,597.431,2.95866
0.00598273,838.074,0.0282451,22.8098,0.000531858,597.431,2.95866
0.00598273,839.161,0.0211099,22.8099,0.000531858,597.431,2.95867
0.00598273,839.956,0.0135905,22.81,0.000531858,597.431,2.95868
0.00598273,840.346,0.00745589,22.81,0.000531858,597.431,2.95869
0.00598273,840.51,0.000943093,22.8101,0.000531858,597.431,2.9587
0.00598274,840.427,-0.00532244,22.8102,0.000531858,597.431,2.9587
0.00598274,839.903,-0.0141981,22.8103,0.000531858,597.431,2.95871
0.00598274,838.892,-0.0230646,22.8105,0.000531858,597.431,2.95872
0.00598274,837.26,-0.0324937,22.8106,0.000531858,597.431,2.95874
0.00598275,834.991,-0.0420195,22.8108,0.000531858,597.431,2.95875
0.00598275,831.604,-0.0528013,22.811,0.000531858,597.431,2.95876
0.00598276,826.629,-0.0649075,22.8113,0.000531858,597.431,2.95878
0.00598276,818.99,-0.07895,22.8117,0.000531858,597.431,2.9588
0.00598277,807.316,-0.094565,22.8121,0.000531858,597.432,2.95882
0.00598278,789.306,-0.110697,22.8128,0.000531858,597.432,2.95885
0.00598279,762.549,-0.123546,22.8137,0.000531858,597.432,2.95889
0.0059828,729.621,-0.125973,22.8146,0.000531858,597.432,2.95894
0.00598281,700.696,-0.116622,22.8153,0.000531858,597.433,2.95898
0.00598282,678.101,-0.100101,22.8158,0.000531858,597.433,2.95902
0.00598283,661.53,-0.0799488,22.8161,0.000531858,597.433,2.95905
0.00598284,650.058,-0.0581709,22.8163,0.000531858,597.433,2.95908
0.00598285,642.395,-0.0338523,22.8163,0.000531858,597.433,2.95911
0.00598286,638.935,-0.00829849,22.8162,0.000531858,597.434,2.95914
0.00598286,639.281,0.0128679,22.8161,0.000531858,597.434,2.95916
0.00598287,642.602,0.0342234,22.8159,0.000531858,597.434,2.95919
0.00598288,649.055,0.0551033,22.8156,0.000531858,597.434,2.95921
0.00598288,657.838,0.073292,22.8153,0.000531858,597.434,2.95923
0.00598289,672.254,0.0932108,22.8148,0.000531858,597.434,2.95926
0.0059829,689.963,0.108998,22.8143,0.000531858,597.434,2.95929
0.00598291,713.726,0.12097,22.8137,0.000531858,597.433,2.95932
0.00598292,739.915,0.125024,22.8131,0.000531858,597.433,2.95936
0.00598293,769.118,0.119222,22.8126,0.000531858,597.433,2.9594
0.00598295,796.748,0.101953,22.8121,0.000531858,597.433,2.95944
0.00598296,817.421,0.0770023,22.8119,0.000531858,597.433,2.95948
0.00598297,826.582,0.0591645,22.8119,0.000531858,597.433,2.9595
0.00598297,831.216,0.0465421,22.8119,0.000531858,597.433,2.95951
0.00598297,833.865,0.0370124,22.8119,0.000531858,597.433,2.95953
0.00598298,835.878,0.0273484,22.812,0.000531858,597.433,2.95954
0.00598298,837.165,0.0184841,22.8121,0.000531858,597.433,2.95954
0.00598298,837.988,0.00884439,22.8121,0.000531858,597.433,2.95955
0.00598299,838.226,-0.00128751,22.8122,0.000531858,597.433,2.95956
0.00598299,837.839,-0.0112156,22.8124,0.000531858,597.433,2.95957
0.00598299,836.564,-0.0230438,22.8125,0.000531858,597.433,2.95959
0.005983,834.503,-0.0342288,22.8127,0.000531858,597.433,2.9596
0.005983,831.216,-0.0464708,22.8129,0.000531858,597.433,2.95961
0.00598301,826.828,-0.0584465,22.8131,0.000531858,597.433,2.95962
0.00598301,820.062,-0.072257,22.8135,0.000531858,597.434,2.95964
0.00598302,810.196,-0.0870461,22.8139,0.000531858,597.434,2.95966
0.00598302,794.951,-0.102915,22.8144,0.000531858,597.434,2.95969
0.00598304,772.554,-0.116919,22.8152,0.000531858,597.434,2.95972
0.00598304,753.239,-0.122688,22.8157,0.000531858,597.434,2.95974
0.00598305,736.359,-0.12372,22.8162,0.000531858,597.435,2.95976
0.00598306,718.559,-0.120895,22.8166,0.000531858,597.435,2.95978
0.00598306,702.749,-0.114794,22.817,0.000531858,597.435,2.9598
0.00598307,681.618,-0.100223,22.8174,0.000531858,597.435,2.95983
0.00598308,663.59,-0.079203,22.8178,0.000531858,597.435,2.95986
0.00598309,649.894,-0.0522154,22.8179,0.000531858,597.436,2.95989
0.0059831,643.339,-0.028578,22.8179,0.000531858,597.436,2.95992
0.00598311,640.928,-0.00874317,22.8178,0.000531858,597.436,2.95994
0.00598311,641.062,0.0104482,22.8177,0.000531858,597.436,2.95996
0.00598312,643.765,0.0302664,22.8175,0.000531858,597.436,2.95997
0.00598313,650.318,0.0527817,22.8172,0.000531858,597.436,2.96
0.00598314,662.757,0.0772768,22.8167,0.000531858,597.436,2.96002
0.00598315,679.27,0.0972589,22.8162,0.000531858,597.436,2.96005
0.00598315,693.699,0.108705,22.8158,0.000531858,597.436,2.96007
0.00598316,708.319,0.116405,22.8154,0.000531858,597.436,2.96009
0.00598317,724.61,0.121252,22.8151,0.000531858,597.436,2.96011
0.00598318,742.656,0.122536,22.8146,0.000531858,597.436,2.96013
0.00598318,765.449,0.118139,22.8142,0.000531858,597.435,2.96015
0.00598319,788.462,0.10597,22.8138,0.000531858,597.435,2.96018
0.00598321,811.386,0.0826527,22.8135,0.000531858,597.435,2.96021
0.00598322,822.607,0.0636333,22.8134,0.000531858,597.435,2.96024
0.00598322,828.547,0.0490609,22.8134,0.000531858,597.435,2.96025
0.00598322,831.639,0.0387885,22.8135,0.000531858,597.435,2.96026
0.00598323,833.967,0.0283231,22.8135,0.000531858,597.435,2.96027
0.00598323,835.456,0.0184992,22.8136,0.000531858,597.435,2.96028
0.00598323,836.357,0.00771469,22.8137,0.000531858,597.435,2.96029
0.00598324,836.504,-0.00361229,22.8138,0.000531858,597.435,2.9603
0.00598324,835.8,-0.0152932,22.8139,0.000531858,597.435,2.96031
0.00598325,834.308,-0.0263734,22.8141,0.000531858,597.436,2.96032
0.00598325,831.853,-0.0379028,22.8143,0.000531858,597.436,2.96033
0.00598325,827.852,-0.0509465,22.8145,0.000531858,597.436,2.96034
0.00598326,822.47,-0.0637566,22.8148,0.000531858,597.436,2.96035
0.00598326,814.118,-0.078416,22.8152,0.000531858,597.436,2.96037
0.00598327,802.04,-0.0935703,22.8156,0.000531858,597.436,2.96039
0.00598328,783.6,-0.108747,22.8163,0.000531858,597.436,2.96041
0.00598329,767.809,-0.116605,22.8167,0.000531858,597.436,2.96043
0.00598329,752.123,-0.120752,22.8172,0.000531858,597.437,2.96044
0.0059833,735.254,-0.121582,22.8176,0.000531858,597.437,2.96046
0.00598331,716.985,-0.118325,22.8181,0.000531858,597.437,2.96048
0.00598332,694.993,-0.108089,22.8186,0.000531858,597.437,2.9605
0.00598333,673.863,-0.0896545,22.819,0.000531858,597.437,2.96053
0.00598334,654.807,-0.0595837,22.8193,0.000531858,597.438,2.96056
0.00598335,646.12,-0.0334335,22.8193,0.000531858,597.438,2.96058
0.00598336,642.984,-0.0133144,22.8192,0.000531858,597.438,2.9606
0.00598336,642.521,0.00533408,22.8191,0.000531858,597.438,2.96062
0.00598337,644.577,0.0251477,22.8189,0.000531858,597.438,2.96063
0.00598338,649.597,0.0454185,22.8187,0.000531858,597.438,2.96065
0.00598339,660.599,0.0702077,22.8182,0.000531858,597.438,2.96067
0.0059834,677.299,0.0925276,22.8177,0.000531858,597.438,2.96069
0.00598341,693.563,0.106152,22.8172,0.000531858,597.438,2.96071
0.00598341,708.277,0.114077,22.8168,0.000531858,597.438,2.96073
0.00598342,723.259,0.118756,22.8165,0.000531858,597.438,2.96074
0.00598342,739.161,0.120406,22.8161,0.000531858,597.438,2.96076
0.00598343,758.694,0.117912,22.8157,0.000531858,597.438,2.96078
0.00598344,780.318,0.108854,22.8153,0.000531858,597.438,2.9608
0.00598345,802.473,0.0905888,22.815,0.000531858,597.438,2.96082
0.00598346,818.156,0.0683207,22.8148,0.000531858,597.438,2.96084
0.00598347,824.919,0.0537607,22.8148,0.000531858,597.438,2.96086
0.00598347,828.999,0.0417517,22.8149,0.000531858,597.438,2.96087
0.00598348,831.768,0.0305165,22.8149,0.000531858,597.438,2.96087
0.00598348,833.542,0.0199069,22.815,0.000531858,597.438,2.96088
0.00598349,834.614,0.00820403,22.8151,0.000531858,597.438,2.96089
0.00598349,834.775,-0.00414877,22.8152,0.000531858,597.438,2.9609
0.00598349,833.903,-0.0168789,22.8153,0.000531858,597.438,2.96091
0.0059835,832.019,-0.0292146,22.8155,0.000531858,597.438,2.96092
0.0059835,828.985,-0.0417235,22.8157,0.000531858,597.438,2.96093
0.00598351,824.198,-0.05544,22.816,0.000531858,597.438,2.96094
0.00598351,817.7,-0.0689567,22.8163,0.000531858,597.438,2.96095
0.00598352,807.725,-0.0840292,22.8167,0.000531858,597.438,2.96096
0.00598353,793.311,-0.0990956,22.8172,0.000531858,597.438,2.96098
0.00598353,777.045,-0.110157,22.8177,0.000531858,597.438,2.96099
0.00598354,761.848,-0.116371,22.8182,0.000531858,597.439,2.96101
0.00598355,744.995,-0.119404,22.8187,0.000531858,597.439,2.96102
0.00598355,729.103,-0.118829,22.8191,0.000531858,597.439,2.96104
0.00598356,706.952,-0.112327,22.8196,0.000531858,597.439,2.96105
0.00598357,686.362,-0.0992505,22.82,0.000531858,597.439,2.96107
0.00598359,664.765,-0.0743455,22.8204,0.000531858,597.44,2.9611
0.0059836,651.831,-0.0472544,22.8205,0.000531858,597.44,2.96112
0.00598361,646.151,-0.0248256,22.8205,0.000531858,597.44,2.96113
0.00598361,644.205,-0.00593309,22.8204,0.000531858,597.44,2.96115
0.00598362,644.646,0.0125329,22.8203,0.000531858,597.44,2.96116
0.00598362,647.525,0.0313702,22.8201,0.000531858,597.44,2.96117
0.00598363,654.53,0.0538145,22.8197,0.000531858,597.44,2.96119
0.00598364,667.059,0.077059,22.8193,0.000531858,597.44,2.9612
0.00598365,686.899,0.0987784,22.8187,0.000531858,597.44,2.96122
0.00598366,703.444,0.109583,22.8182,0.000531858,597.44,2.96124
0.00598367,718.426,0.115404,22.8178,0.000531858,597.44,2.96125
0.00598367,735.052,0.118144,22.8174,0.000531858,597.44,2.96126
0.00598368,751.317,0.11727,22.8171,0.000531858,597.44,2.96127
0.00598369,773.186,0.110324,22.8167,0.000531858,597.44,2.96129
0.0059837,793.742,0.0964817,22.8163,0.000531858,597.44,2.96131
0.00598371,814.544,0.070901,22.8161,0.000531858,597.44,2.96133
0.00598372,823.788,0.0515946,22.8161,0.000531858,597.44,2.96134
0.00598373,828.184,0.0379082,22.8161,0.000531858,597.44,2.96135
0.00598373,830.568,0.0272998,22.8161,0.000531858,597.44,2.96136
0.00598373,832.222,0.0159106,22.8162,0.000531858,597.44,2.96136
0.00598374,833.052,0.00144698,22.8163,0.000531858,597.44,2.96137
0.00598374,832.603,-0.0117094,22.8165,0.000531858,597.44,2.96138
0.00598375,830.342,-0.0284136,22.8167,0.000531858,597.44,2.96139
0.00598375,827.086,-0.0417014,22.8169,0.000531858,597.44,2.9614
0.00598376,821.26,-0.0575533,22.8172,0.000531858,597.44,2.96141
0.00598377,814.349,-0.0709083,22.8176,0.000531858,597.44,2.96141
0.00598377,803.089,-0.0865158,22.818,0.000531858,597.44,2.96143
0.00598378,787.718,-0.100876,22.8185,0.000531858,597.441,2.96144
0.00598379,773.411,-0.109565,22.819,0.000531858,597.441,2.96145
0.00598379,758.819,-0.114917,22.8194,0.000531858,597.441,2.96146
0.0059838,742.76,-0.117295,22.8198,0.000531858,597.441,2.96147
0.00598381,725.873,-0.116064,22.8203,0.000531858,597.441,2.96148
0.00598382,704.308,-0.108689,22.8208,0.000531858,597.442,2.9615
0.00598383,683.486,-0.0940143,22.8212,0.000531858,597.442,2.96151
0.00598384,663.209,-0.068118,22.8215,0.000531858,597.442,2.96153
0.00598385,652.322,-0.0430008,22.8216,0.000531858,597.442,2.96154
0.00598386,647.521,-0.0223027,22.8216,0.000531858,597.442,2.96155
0.00598386,645.885,-0.00408286,22.8215,0.000531858,597.442,2.96156
0.00598387,646.54,0.0141078,22.8213,0.000531858,597.442,2.96157
0.00598388,649.574,0.0324439,22.8211,0.000531858,597.442,2.96158
0.00598388,657.029,0.0550888,22.8208,0.000531858,597.442,2.96159
0.00598389,669.756,0.0775965,22.8203,0.000531858,597.442,2.96161
0.0059839,687.265,0.0964771,22.8198,0.000531858,597.442,2.96162
0.00598391,702.622,0.106814,22.8193,0.000531858,597.442,2.96163
0.00598392,717.019,0.112773,22.819,0.000531858,597.442,2.96164
0.00598392,733.099,0.115844,22.8186,0.000531858,597.442,2.96165
0.00598393,748.296,0.115519,22.8182,0.000531858,597.442,2.96166
0.00598394,769.741,0.109591,22.8178,0.000531858,597.442,2.96167
0.00598395,789.675,0.0973124,22.8175,0.000531858,597.442,2.96168
0.00598396,810.738,0.0735123,22.8172,0.000531858,597.442,2.96169
0.00598397,820.091,0.0559623,22.8172,0.000531858,597.442,2.9617
0.00598398,825.031,0.0425919,22.8172,0.000531858,597.442,2.96171
0.00598398,828.209,0.0303733,22.8172,0.000531858,597.442,2.96172
0.00598398,830.227,0.018377,22.8173,0.000531858,597.442,2.96172
0.00598399,831.29,0.00484676,22.8174,0.000531858,597.442,2.96173
0.00598399,831.076,-0.00928369,22.8175,0.000531858,597.442,2.96173
0.005984,829.099,-0.0257411,22.8177,0.000531858,597.442,2.96174
0.005984,825.847,-0.0397479,22.818,0.000531858,597.442,2.96174
0.00598401,820.701,-0.0543592,22.8182,0.000531858,597.442,2.96175
0.00598402,813.5,-0.0687575,22.8186,0.000531858,597.442,2.96176
0.00598402,803.049,-0.0836341,22.819,0.000531858,597.443,2.96176
0.00598403,787.815,-0.0983136,22.8195,0.000531858,597.443,2.96177
0.00598404,773.399,-0.107294,22.82,0.000531858,597.443,2.96178
0.00598404,758.97,-0.112716,22.8204,0.000531858,597.443,2.96179
0.00598405,743.068,-0.115172,22.8208,0.000531858,597.443,2.9618
0.00598406,726.638,-0.114082,22.8212,0.000531858,597.443,2.9618
0.00598407,705.399,-0.106986,22.8217,0.000531858,597.444,2.96181
0.00598408,685.016,-0.0928405,22.8221,0.000531858,597.444,2.96182
0.00598409,664.95,-0.0675963,22.8224,0.000531858,597.444,2.96184
0.0059841,654.013,-0.0427233,22.8225,0.000531858,597.444,2.96185
0.00598411,649.19,-0.0222139,22.8225,0.000531858,597.444,2.96185
0.00598411,647.543,-0.00427778,22.8224,0.000531858,597.445,2.96186
0.00598412,648.152,0.013574,22.8222,0.000531858,597.445,2.96187
0.00598413,651.099,0.0316022,22.822,0.000531858,597.445,2.96187
0.00598414,658.329,0.0537468,22.8217,0.000531858,597.445,2.96188
0.00598414,670.759,0.0758965,22.8212,0.000531858,597.445,2.96189
0.00598415,688.027,0.0946206,22.8207,0.000531858,597.445,2.9619
0.00598416,703.188,0.104856,22.8203,0.000531858,597.445,2.9619
0.00598417,717.348,0.110728,22.8199,0.000531858,597.444,2.96191
0.00598418,733.171,0.113755,22.8195,0.000531858,597.444,2.96191
0.00598418,748.049,0.113441,22.8192,0.000531858,597.444,2.96192
0.00598419,769.12,0.10763,22.8187,0.000531858,597.444,2.96193
0.0059842,788.664,0.0956098,22.8184,0.000531858,597.444,2.96194
0.00598421,809.373,0.0722491,22.8181,0.000531858,597.444,2.96194
0.00598422,818.745,0.0546183,22.8181,0.000531858,597.444,2.96195
0.00598423,823.649,0.0411856,22.8181,0.000531858,597.444,2.96195
0.00598423,826.815,0.0286753,22.8181,0.000531858,597.444,2.96196
0.00598424,828.783,0.0161647,22.8182,0.000531858,597.444,2.96196
0.00598424,829.653,0.00287006,22.8183,0.000531858,597.444,2.96196
0.00598425,829.154,-0.0123325,22.8185,0.000531858,597.444,2.96197
0.00598425,826.451,-0.0303117,22.8187,0.000531858,597.444,2.96197
0.00598426,822.437,-0.0448191,22.819,0.000531858,597.445,2.96198
0.00598426,815.39,-0.0615458,22.8193,0.000531858,597.445,2.96198
0.00598427,807.081,-0.0753161,22.8197,0.000531858,597.445,2.96199
0.00598428,793.699,-0.0907429,22.8201,0.000531858,597.445,2.96199
0.00598429,775.779,-0.10376,22.8207,0.000531858,597.445,2.962
0.00598429,760.697,-0.110046,22.8212,0.000531858,597.445,2.962
0.0059843,744.192,-0.112982,22.8216,0.000531858,597.445,2.96201
0.00598431,728.708,-0.112281,22.822,0.000531858,597.446,2.96201
0.00598432,707.673,-0.105818,22.8225,0.000531858,597.446,2.96202
0.00598433,688.058,-0.0929608,22.8229,0.000531858,597.446,2.96202
0.00598434,667.822,-0.068896,22.8232,0.000531858,597.446,2.96203
0.00598435,656.133,-0.0436716,22.8233,0.000531858,597.447,2.96203
0.00598436,651.001,-0.0228406,22.8232,0.000531858,597.447,2.96204
0.00598437,649.247,-0.00506755,22.8231,0.000531858,597.447,2.96204
0.00598437,649.733,0.0124159,22.823,0.000531858,597.447,2.96204
0.00598438,652.52,0.0301844,22.8228,0.000531858,597.447,2.96205
0.00598439,659.321,0.0516036,22.8225,0.000531858,597.447,2.96205
0.0059844,671.304,0.0734947,22.822,0.000531858,597.447,2.96206
0.00598441,690.342,0.0939926,22.8214,0.000531858,597.447,2.96206
0.00598441,706.048,0.104021,22.821,0.000531858,597.447,2.96206
0.00598442,720.281,0.109371,22.8206,0.000531858,597.447,2.96207
0.00598443,736.021,0.111776,22.8202,0.000531858,597.447,2.96207
0.00598444,751.558,0.110738,22.8199,0.000531858,597.447,2.96207
0.00598444,772.213,0.103859,22.8195,0.000531858,597.447,2.96207
0.00598445,791.666,0.0903559,22.8191,0.000531858,597.446,2.96208
0.00598447,811.151,0.0657267,22.8189,0.000531858,597.446,2.96208
0.00598447,819.155,0.048764,22.8189,0.000531858,597.446,2.96208
0.00598448,823.46,0.0352849,22.8189,0.000531858,597.446,2.96209
0.00598448,826.148,0.0224832,22.819,0.000531858,597.446,2.96209
0.00598449,827.637,0.00921049,22.819,0.000531858,597.446,2.96209
0.0059845,827.774,-0.00666266,22.8192,0.000531858,597.447,2.96209
0.0059845,826.007,-0.0232394,22.8194,0.000531858,597.447,2.96209
0.00598451,822.104,-0.039946,22.8197,0.000531858,597.447,2.96209
0.00598451,816.262,-0.055477,22.82,0.000531858,597.447,2.9621
0.00598452,808.035,-0.0704996,22.8203,0.000531858,597.447,2.9621
0.00598453,796.493,-0.0851573,22.8207,0.000531858,597.447,2.9621
0.00598454,779.772,-0.0989834,22.8213,0.000531858,597.447,2.9621
0.00598454,765.468,-0.106171,22.8217,0.000531858,597.447,2.9621
0.00598455,751.065,-0.11004,22.8221,0.000531858,597.448,2.9621
0.00598456,735.853,-0.110856,22.8225,0.000531858,597.448,2.9621
0.00598457,717.536,-0.107468,22.8229,0.000531858,597.448,2.96211
0.00598458,697.523,-0.0977089,22.8233,0.000531858,597.448,2.96211
0.00598459,677.426,-0.079248,22.8237,0.000531858,597.448,2.96211
0.0059846,660.717,-0.0509672,22.8239,0.000531858,597.449,2.96211
0.00598461,653.559,-0.0272808,22.8239,0.000531858,597.449,2.96211
0.00598462,651.153,-0.00899224,22.8238,0.000531858,597.449,2.96211
0.00598462,651.124,0.00804876,22.8237,0.000531858,597.449,2.96211
0.00598463,653.384,0.0258562,22.8235,0.000531858,597.449,2.96211
0.00598464,658.795,0.0453674,22.8232,0.000531858,597.449,2.96211
0.00598464,669.567,0.0675054,22.8228,0.000531858,597.449,2.96211
0.00598466,686.211,0.0878003,22.8222,0.000531858,597.449,2.96211
0.00598466,701.545,0.0992576,22.8217,0.000531858,597.449,2.96211
0.00598467,715.263,0.105612,22.8214,0.000531858,597.449,2.96211
0.00598468,729.208,0.108998,22.821,0.000531858,597.449,2.96211
0.00598468,743.701,0.109525,22.8207,0.000531858,597.449,2.96211
0.00598469,762.29,0.105752,22.8203,0.000531858,597.449,2.96211
0.0059847,781.677,0.0958076,22.8199,0.000531858,597.449,2.96211
0.00598471,801.617,0.0766158,22.8196,0.000531858,597.449,2.96211
0.00598472,813.349,0.0576201,22.8195,0.000531858,597.449,2.96211
0.00598473,819.495,0.0424614,22.8195,0.000531858,597.449,2.96211
0.00598473,823.131,0.0290826,22.8196,0.000531858,597.449,2.96211
0.00598474,825.329,0.0156545,22.8196,0.000531858,597.449,2.96211
0.00598474,826.198,-0.00131508,22.8198,0.000531858,597.449,2.96211
0.00598475,825.15,-0.0170478,22.8199,0.000531858,597.449,2.96211
0.00598476,821.538,-0.0354887,22.8202,0.000531858,597.449,2.9621
0.00598476,816.317,-0.0507983,22.8205,0.000531858,597.449,2.9621
0.00598477,807.976,-0.0670871,22.8208,0.000531858,597.449,2.9621
0.00598478,797.418,-0.0812662,22.8212,0.000531858,597.449,2.9621
0.00598479,781.342,-0.0954895,22.8218,0.000531858,597.449,2.9621
0.00598479,767.548,-0.103062,22.8222,0.000531858,597.45,2.9621
0.0059848,753.645,-0.107391,22.8226,0.000531858,597.45,2.9621
0.00598481,738.689,-0.108805,22.8229,0.000531858,597.45,2.9621
0.00598482,721.687,-0.106486,22.8233,0.000531858,597.45,2.96209
0.00598482,701.851,-0.0980783,22.8238,0.000531858,597.45,2.96209
0.00598484,682.246,-0.0819435,22.8241,0.000531858,597.451,2.96209
0.00598485,664.764,-0.0557564,22.8243,0.000531858,597.451,2.96208
0.00598486,656.461,-0.0324729,22.8244,0.000531858,597.451,2.96208
0.00598486,653.297,-0.0145564,22.8243,0.000531858,597.451,2.96208
0.00598487,652.551,0.00204496,22.8242,0.000531858,597.451,2.96208
0.00598488,654.045,0.0199063,22.824,0.000531858,597.451,2.96207
0.00598488,657.846,0.0370575,22.8238,0.000531858,597.451,2.96207
0.00598489,667.005,0.0595558,22.8234,0.000531858,597.451,2.96207
0.0059849,680.699,0.0794406,22.8229,0.000531858,597.451,2.96206
0.00598491,695.56,0.0930163,22.8224,0.000531858,597.451,2.96206
0.00598492,708.676,0.100754,22.822,0.000531858,597.451,2.96206
0.00598492,721.892,0.105471,22.8217,0.000531858,597.451,2.96206
0.00598493,736.31,0.107551,22.8213,0.000531858,597.451,2.96205
0.00598494,751.86,0.106391,22.821,0.000531858,597.451,2.96205
0.00598495,771.425,0.0996552,22.8206,0.000531858,597.451,2.96205
0.00598496,790.533,0.0860708,22.8203,0.000531858,597.451,2.96204
0.00598497,808.912,0.0622513,22.82,0.000531858,597.451,2.96203
0.00598498,816.74,0.0450824,22.82,0.000531858,597.451,2.96203
0.00598498,820.873,0.0312569,22.82,0.000531858,597.451,2.96203
0.00598499,823.37,0.0176472,22.8201,0.000531858,597.451,2.96202
0.00598499,824.48,0.00277463,22.8202,0.000531858,597.451,2.96202
0.005985,823.774,-0.0140646,22.8204,0.000531858,597.451,2.96202
0.00598501,820.913,-0.0309156,22.8206,0.000531858,597.451,2.96201
0.00598501,816.059,-0.0466672,22.8209,0.000531858,597.451,2.96201
0.00598502,807.861,-0.0637346,22.8212,0.000531858,597.451,2.96201
0.00598503,797.877,-0.0778366,22.8216,0.000531858,597.451,2.962
0.00598504,782.476,-0.0922432,22.8221,0.000531858,597.452,2.962
0.00598504,769.117,-0.10012,22.8225,0.000531858,597.452,2.96199
0.00598505,755.664,-0.104801,22.8229,0.000531858,597.452,2.96199
0.00598506,740.952,-0.106699,22.8233,0.000531858,597.452,2.96199
0.00598506,725.14,-0.105183,22.8236,0.000531858,597.452,2.96198
0.00598507,705.529,-0.0978951,22.8241,0.000531858,597.453,2.96197
0.00598508,686.492,-0.0836707,22.8244,0.000531858,597.453,2.96197
0.0059851,668.487,-0.0592859,22.8246,0.000531858,597.453,2.96196
0.00598511,659.289,-0.0365656,22.8247,0.000531858,597.453,2.96195
0.00598511,655.393,-0.0182331,22.8246,0.000531858,597.453,2.96195
0.00598512,654.167,-0.00178134,22.8245,0.000531858,597.453,2.96194
0.00598513,655.014,0.0148221,22.8244,0.000531858,597.453,2.96194
0.00598513,658.006,0.0313455,22.8242,0.000531858,597.453,2.96193
0.00598514,665.409,0.0524897,22.8238,0.000531858,597.453,2.96193
0.00598515,677.441,0.07262,22.8233,0.000531858,597.453,2.96192
0.00598516,692.957,0.0886418,22.8228,0.000531858,597.453,2.96191
0.00598517,706.489,0.0974788,22.8224,0.000531858,597.453,2.96191
0.00598517,719.511,0.102716,22.8221,0.000531858,597.453,2.9619
0.00598518,733.994,0.105352,22.8217,0.000531858,597.453,2.9619
0.00598519,748.074,0.104911,22.8214,0.000531858,597.453,2.96189
0.0059852,767.509,0.0992972,22.821,0.000531858,597.453,2.96188
0.00598521,785.766,0.0877389,22.8207,0.000531858,597.453,2.96187
0.00598522,804.724,0.0657683,22.8204,0.000531858,597.453,2.96186
0.00598523,813.708,0.0481282,22.8203,0.000531858,597.453,2.96186
0.00598523,818.48,0.0337708,22.8203,0.000531858,597.453,2.96185
0.00598524,821.356,0.0198694,22.8204,0.000531858,597.453,2.96185
0.00598525,822.747,0.00481865,22.8205,0.000531858,597.453,2.96184
0.00598525,822.244,-0.0124491,22.8207,0.000531858,597.453,2.96184
0.00598526,819.611,-0.0289851,22.8209,0.000531858,597.453,2.96183
0.00598526,814.56,-0.0457027,22.8212,0.000531858,597.453,2.96182
0.00598527,806.177,-0.0630293,22.8215,0.000531858,597.453,2.96182
0.00598528,795.927,-0.0772246,22.8219,0.000531858,597.454,2.96181
0.00598529,780.367,-0.0913266,22.8224,0.000531858,597.454,2.9618
0.0059853,767.13,-0.0987831,22.8228,0.000531858,597.454,2.96179
0.0059853,753.825,-0.103096,22.8232,0.000531858,597.454,2.96179
0.00598531,739.423,-0.104633,22.8235,0.000531858,597.454,2.96178
0.00598532,723.39,-0.102678,22.8239,0.000531858,597.454,2.96177
0.00598533,704.252,-0.0949259,22.8243,0.000531858,597.455,2.96176
0.00598534,685.465,-0.0799829,22.8246,0.000531858,597.455,2.96175
0.00598535,668.342,-0.055245,22.8248,0.000531858,597.455,2.96174
0.00598536,659.987,-0.0328747,22.8248,0.000531858,597.455,2.96173
0.00598537,656.676,-0.0153879,22.8248,0.000531858,597.455,2.96172
0.00598537,655.787,0.000632936,22.8247,0.000531858,597.455,2.96171
0.00598538,657.064,0.0179549,22.8245,0.000531858,597.456,2.96171
0.00598539,660.411,0.0339534,22.8243,0.000531858,597.456,2.9617
0.0059854,668.909,0.0557587,22.8239,0.000531858,597.456,2.96169
0.0059854,681.494,0.0747915,22.8234,0.000531858,597.456,2.96168
0.00598541,695.931,0.0885382,22.823,0.000531858,597.456,2.96167
0.00598542,708.533,0.0962917,22.8226,0.000531858,597.455,2.96166
0.00598543,721.19,0.101079,22.8222,0.000531858,597.455,2.96165
0.00598543,735.128,0.103356,22.8219,0.000531858,597.455,2.96165
0.00598544,749.539,0.102604,22.8215,0.000531858,597.455,2.96164
0.00598545,768.449,0.0966339,22.8211,0.000531858,597.455,2.96163
0.00598546,786.633,0.0844391,22.8208,0.000531858,597.455,2.96161
0.00598547,804.763,0.0622438,22.8206,0.000531858,597.455,2.9616
0.00598548,813.151,0.0447592,22.8205,0.000531858,597.455,2.96159
0.00598549,817.603,0.0302588,22.8205,0.000531858,597.455,2.96158
0.00598549,820.192,0.0158757,22.8206,0.000531858,597.455,2.96157
0.0059855,821.144,-0.000259908,22.8207,0.000531858,597.455,2.96157
0.0059855,820.066,-0.0166718,22.8209,0.000531858,597.455,2.96156
0.00598551,816.82,-0.0330973,22.8211,0.000531858,597.456,2.96155
0.00598552,811.136,-0.0494222,22.8214,0.000531858,597.456,2.96154
0.00598553,801.95,-0.0662821,22.8218,0.000531858,597.456,2.96153
0.00598553,790.408,-0.0803463,22.8222,0.000531858,597.456,2.96152
0.00598554,775.214,-0.0923083,22.8226,0.000531858,597.456,2.96151
0.00598555,762.055,-0.0985917,22.823,0.000531858,597.456,2.9615
0.00598556,748.686,-0.1019,22.8234,0.000531858,597.456,2.96149
0.00598556,734.723,-0.102376,22.8237,0.000531858,597.457,2.96148
0.00598557,717.341,-0.0987584,22.8241,0.000531858,597.457,2.96147
0.00598558,698.981,-0.089234,22.8245,0.000531858,597.457,2.96146
0.00598559,680.367,-0.0712362,22.8247,0.000531858,597.457,2.96144
0.00598561,665.459,-0.0444335,22.8249,0.000531858,597.457,2.96142
0.00598562,659.423,-0.022656,22.8248,0.000531858,597.458,2.96141
0.00598562,657.554,-0.00577492,22.8247,0.000531858,597.458,2.9614
0.00598563,657.848,0.0100223,22.8246,0.000531858,597.458,2.96139
0.00598563,660.251,0.0263106,22.8244,0.000531858,597.458,2.96138
0.00598564,665.966,0.0450978,22.8241,0.000531858,597.458,2.96137
0.00598565,676.534,0.0651848,22.8237,0.000531858,597.458,2.96136
0.00598566,693.074,0.08378,22.8231,0.000531858,597.458,2.96134
0.00598567,707.301,0.0933929,22.8227,0.000531858,597.458,2.96133
0.00598568,720.139,0.0986019,22.8223,0.000531858,597.458,2.96132
0.00598568,734.464,0.10117,22.8219,0.000531858,597.458,2.96131
0.00598569,747.885,0.100682,22.8216,0.000531858,597.458,2.9613
0.0059857,766.693,0.0951381,22.8212,0.000531858,597.458,2.96129
0.00598571,784.084,0.0839945,22.8209,0.000531858,597.457,2.96127
0.00598572,802.323,0.0626378,22.8206,0.000531858,597.457,2.96125
0.00598573,811.156,0.0448979,22.8206,0.000531858,597.457,2.96124
0.00598574,815.841,0.0299877,22.8206,0.000531858,597.457,2.96123
0.00598574,818.508,0.0151803,22.8206,0.000531858,597.458,2.96122
0.00598575,819.397,-0.000686346,22.8207,0.000531858,597.458,2.96121
0.00598576,818.262,-0.0169267,22.8209,0.000531858,597.458,2.9612
0.00598576,814.963,-0.0331306,22.8211,0.000531858,597.458,2.96119
0.00598577,808.948,-0.0498386,22.8214,0.000531858,597.458,2.96118
0.00598578,799.432,-0.0665821,22.8218,0.000531858,597.458,2.96116
0.00598579,787.315,-0.080566,22.8222,0.000531858,597.458,2.96115
0.0059858,773.031,-0.091188,22.8226,0.000531858,597.458,2.96114
0.0059858,760.251,-0.0969663,22.823,0.000531858,597.458,2.96113
0.00598581,745.939,-0.100065,22.8234,0.000531858,597.459,2.96111
0.00598582,732.576,-0.10003,22.8237,0.000531858,597.459,2.9611
0.00598583,714.307,-0.0953752,22.8241,0.000531858,597.459,2.96109
0.00598583,696.851,-0.0851832,22.8244,0.000531858,597.459,2.96107
0.00598585,678.477,-0.0655148,22.8247,0.000531858,597.459,2.96105
0.00598586,666.48,-0.0422203,22.8247,0.000531858,597.46,2.96103
0.00598587,661.133,-0.0226945,22.8247,0.000531858,597.46,2.96102
0.00598587,659.25,-0.00666476,22.8246,0.000531858,597.46,2.96101
0.00598588,659.406,0.00878565,22.8245,0.000531858,597.46,2.961
0.00598589,661.615,0.0247234,22.8243,0.000531858,597.46,2.96099
0.00598589,666.974,0.0429989,22.824,0.000531858,597.46,2.96097
0.0059859,677.071,0.0627711,22.8235,0.000531858,597.46,2.96096
0.00598591,692.892,0.0811124,22.823,0.000531858,597.46,2.96094
0.00598592,706.839,0.0908904,22.8226,0.000531858,597.46,2.96092
0.00598593,719.378,0.0962282,22.8222,0.000531858,597.46,2.96091
0.00598594,733.443,0.0989977,22.8219,0.000531858,597.46,2.9609
0.00598594,746.32,0.0987731,22.8215,0.000531858,597.46,2.96089
0.00598595,764.669,0.0937948,22.8211,0.000531858,597.46,2.96087
0.00598596,781.624,0.0834794,22.8208,0.000531858,597.46,2.96085
0.00598597,799.743,0.0632564,22.8205,0.000531858,597.46,2.96083
0.00598598,809.029,0.0454525,22.8204,0.000531858,597.46,2.96081
0.00598599,814.007,0.0301863,22.8204,0.000531858,597.46,2.9608
0.005986,816.805,0.0150137,22.8205,0.000531858,597.46,2.96079
0.005986,817.693,-0.000589431,22.8206,0.000531858,597.46,2.96078
0.00598601,816.565,-0.0166691,22.8208,0.000531858,597.46,2.96076
0.00598601,813.343,-0.0324497,22.821,0.000531858,597.46,2.96075
0.00598602,807.055,-0.0496662,22.8213,0.000531858,597.46,2.96074
0.00598603,797.274,-0.0663899,22.8216,0.000531858,597.46,2.96072
0.00598604,784.712,-0.0802919,22.8221,0.000531858,597.46,2.9607
0.00598605,771.198,-0.0898896,22.8225,0.000531858,597.461,2.96069
0.00598605,758.773,-0.0952615,22.8228,0.000531858,597.461,2.96068
0.00598606,744.886,-0.0980541,22.8232,0.000531858,597.461,2.96066
0.00598607,731.87,-0.0978492,22.8235,0.000531858,597.461,2.96065
0.00598608,713.733,-0.0929433,22.8238,0.000531858,597.461,2.96063
0.00598609,696.724,-0.0826409,22.8242,0.000531858,597.461,2.96061
0.0059861,678.762,-0.0627629,22.8244,0.000531858,597.462,2.96059
0.00598611,667.53,-0.0401756,22.8245,0.000531858,597.462,2.96057
0.00598612,662.562,-0.0213665,22.8244,0.000531858,597.462,2.96055
0.00598612,660.834,-0.00575193,22.8243,0.000531858,597.462,2.96054
0.00598613,661.085,0.00939356,22.8242,0.000531858,597.462,2.96052
0.00598614,663.342,0.0249365,22.824,0.000531858,597.462,2.96051
0.00598615,668.821,0.043086,22.8237,0.000531858,597.462,2.9605
0.00598615,678.894,0.0623226,22.8232,0.000531858,597.462,2.96048
0.00598617,694.756,0.0802311,22.8227,0.000531858,597.462,2.96045
0.00598617,708.421,0.0894966,22.8223,0.000531858,597.462,2.96044
0.00598618,720.745,0.0945149,22.8219,0.000531858,597.462,2.96042
0.00598619,734.499,0.0969939,22.8216,0.000531858,597.462,2.96041
0.00598619,747.336,0.09654,22.8212,0.000531858,597.462,2.96039
0.0059862,765.382,0.0912423,22.8208,0.000531858,597.462,2.96037
0.00598621,782.042,0.0805955,22.8205,0.000531858,597.462,2.96035
0.00598623,799.561,0.0601349,22.8202,0.000531858,597.462,2.96033
0.00598623,808.362,0.042325,22.8202,0.000531858,597.462,2.96031
0.00598624,813.03,0.0268261,22.8202,0.000531858,597.462,2.96029
0.00598625,815.501,0.0110432,22.8202,0.000531858,597.462,2.96028
0.00598625,815.908,-0.00431619,22.8204,0.000531858,597.462,2.96027
0.00598626,814.301,-0.0201187,22.8205,0.000531858,597.462,2.96025
0.00598627,810.168,-0.0369102,22.8208,0.000531858,597.462,2.96024
0.00598628,802.809,-0.0541125,22.8211,0.000531858,597.462,2.96022
0.00598629,792.008,-0.0700474,22.8215,0.000531858,597.462,2.9602
0.00598629,777.804,-0.0832975,22.8219,0.000531858,597.463,2.96018
0.0059863,765.683,-0.0903752,22.8223,0.000531858,597.463,2.96017
0.00598631,753.601,-0.0945231,22.8226,0.000531858,597.463,2.96015
0.00598631,740.392,-0.096184,22.8229,0.000531858,597.463,2.96014
0.00598632,726.113,-0.0947724,22.8232,0.000531858,597.463,2.96012
0.00598633,708.458,-0.0881506,22.8236,0.000531858,597.463,2.9601
0.00598634,691.282,-0.0752316,22.8238,0.000531858,597.464,2.96008
0.00598636,675.101,-0.0531682,22.824,0.000531858,597.464,2.96005
0.00598636,666.873,-0.0326738,22.824,0.000531858,597.464,2.96003
0.00598637,663.412,-0.016193,22.8239,0.000531858,597.464,2.96001
0.00598638,662.338,-0.00137636,22.8238,0.000531858,597.464,2.96
0.00598638,663.13,0.0135941,22.8237,0.000531858,597.464,2.95998
0.00598639,665.853,0.028466,22.8235,0.000531858,597.464,2.95997
0.0059864,672.598,0.0475816,22.8231,0.000531858,597.464,2.95995
0.00598641,683.492,0.06568,22.8227,0.000531858,597.464,2.95993
0.00598642,697.423,0.0799842,22.8222,0.000531858,597.464,2.9599
0.00598643,709.565,0.0878805,22.8218,0.000531858,597.464,2.95989
0.00598643,721.314,0.0925825,22.8215,0.000531858,597.464,2.95987
0.00598644,734.371,0.0949314,22.8211,0.000531858,597.464,2.95986
0.00598645,747.102,0.0945006,22.8208,0.000531858,597.464,2.95984
0.00598645,764.622,0.089382,22.8204,0.000531858,597.464,2.95982
0.00598646,781.094,0.0788788,22.8201,0.000531858,597.464,2.9598
0.00598648,798.159,0.0589742,22.8198,0.000531858,597.464,2.95977
0.00598649,806.935,0.0411964,22.8198,0.000531858,597.464,2.95974
0.00598649,811.601,0.0254225,22.8198,0.000531858,597.464,2.95973
0.0059865,813.942,0.00952042,22.8198,0.000531858,597.464,2.95971
0.00598651,814.179,-0.00549261,22.8199,0.000531858,597.464,2.9597
0.00598651,812.424,-0.0210183,22.8201,0.000531858,597.464,2.95968
0.00598652,808.043,-0.0377968,22.8203,0.000531858,597.464,2.95966
0.00598653,799.119,-0.0569579,22.8207,0.000531858,597.465,2.95964
0.00598654,788.181,-0.0715306,22.8211,0.000531858,597.465,2.95962
0.00598655,772.25,-0.0846175,22.8215,0.000531858,597.465,2.9596
0.00598656,759.68,-0.0905946,22.8219,0.000531858,597.465,2.95958
0.00598656,747.29,-0.0935761,22.8222,0.000531858,597.465,2.95956
0.00598657,734.331,-0.0939088,22.8225,0.000531858,597.465,2.95954
0.00598658,718.447,-0.0904535,22.8228,0.000531858,597.466,2.95952
0.00598659,701.552,-0.0814983,22.8231,0.000531858,597.466,2.9595
0.0059866,684.579,-0.0647964,22.8234,0.000531858,597.466,2.95947
0.00598661,672.115,-0.0427476,22.8235,0.000531858,597.466,2.95944
0.00598662,666.371,-0.0238179,22.8234,0.000531858,597.466,2.95942
0.00598663,664.253,-0.00862842,22.8233,0.000531858,597.466,2.95941
0.00598663,664.101,0.00580313,22.8232,0.000531858,597.466,2.95939
0.00598664,665.881,0.0209252,22.823,0.000531858,597.466,2.95937
0.00598665,670.22,0.0372504,22.8227,0.000531858,597.466,2.95936
0.00598666,679.104,0.0561361,22.8223,0.000531858,597.466,2.95933
0.00598667,692.802,0.073412,22.8218,0.000531858,597.466,2.95931
0.00598667,705.76,0.083486,22.8214,0.000531858,597.466,2.95928
0.00598668,717.372,0.0891357,22.821,0.000531858,597.466,2.95927
0.00598669,729.163,0.09224,22.8207,0.000531858,597.466,2.95925
0.00598669,741.531,0.0929219,22.8204,0.000531858,597.466,2.95923
0.0059867,756.897,0.0901455,22.82,0.000531858,597.466,2.95921
0.00598671,773.466,0.0821425,22.8197,0.000531858,597.466,2.95919
0.00598672,790.361,0.0666716,22.8194,0.000531858,597.466,2.95916
0.00598673,802.411,0.0473348,22.8192,0.000531858,597.466,2.95913
0.00598674,808.539,0.0305988,22.8192,0.000531858,597.466,2.95911
0.00598675,811.73,0.0143752,22.8192,0.000531858,597.466,2.95909
0.00598676,812.596,-0.000385106,22.8193,0.000531858,597.466,2.95908
0.00598676,811.489,-0.0159288,22.8195,0.000531858,597.466,2.95906
0.00598677,808.489,-0.0304533,22.8196,0.000531858,597.467,2.95904
0.00598678,800.988,-0.0498382,22.82,0.000531858,597.467,2.95902
0.00598679,790.593,-0.065859,22.8203,0.000531858,597.467,2.95899
0.0059868,776.397,-0.0794289,22.8208,0.000531858,597.467,2.95897
0.0059868,764.688,-0.086347,22.8211,0.000531858,597.467,2.95895
0.00598681,753.124,-0.0903723,22.8214,0.000531858,597.467,2.95893
0.00598682,740.435,-0.0920179,22.8217,0.000531858,597.467,2.95891
0.00598683,726.929,-0.0907484,22.822,0.000531858,597.468,2.9589
0.00598683,709.993,-0.0845064,22.8223,0.000531858,597.468,2.95887
0.00598685,693.62,-0.0723466,22.8226,0.000531858,597.468,2.95884
0.00598686,678.025,-0.0513535,22.8227,0.000531858,597.468,2.95881
0.00598687,670.036,-0.03175,22.8227,0.000531858,597.468,2.95878
0.00598687,666.638,-0.0159,22.8226,0.000531858,597.468,2.95876
0.00598688,665.559,-0.00170931,22.8225,0.000531858,597.469,2.95875
0.00598689,666.265,0.0125959,22.8224,0.000531858,597.469,2.95873
0.00598689,668.821,0.0268505,22.8222,0.000531858,597.469,2.95871
0.0059869,675.142,0.0450256,22.8218,0.000531858,597.469,2.95869
0.00598691,685.467,0.0624052,22.8214,0.000531858,597.469,2.95866
0.00598692,698.876,0.0763171,22.8209,0.000531858,597.469,2.95864
0.00598693,710.583,0.0839837,22.8205,0.000531858,597.469,2.95862
0.00598694,721.852,0.08852,22.8202,0.000531858,597.469,2.9586
0.00598694,734.384,0.0907917,22.8199,0.000531858,597.469,2.95858
0.00598695,746.509,0.090398,22.8196,0.000531858,597.469,2.95856
0.00598696,763.29,0.085525,22.8192,0.000531858,597.468,2.95854
0.00598697,779.016,0.0755367,22.8188,0.000531858,597.468,2.95851
0.00598698,795.382,0.0565217,22.8186,0.000531858,597.468,2.95848
0.00598699,804.107,0.0387251,22.8185,0.000531858,597.468,2.95845
0.005987,808.724,0.0223691,22.8185,0.000531858,597.468,2.95843
0.005987,810.645,0.00790382,22.8185,0.000531858,597.469,2.95841
0.00598701,810.732,-0.00623093,22.8186,0.000531858,597.469,2.95839
0.00598702,808.958,-0.0208704,22.8188,0.000531858,597.469,2.95838
0.00598702,804.561,-0.0371201,22.819,0.000531858,597.469,2.95836
0.00598703,795.837,-0.0553239,22.8193,0.000531858,597.469,2.95833
0.00598704,784.052,-0.070307,22.8197,0.000531858,597.469,2.9583
0.00598705,770.666,-0.0808977,22.8201,0.000531858,597.469,2.95828
0.00598706,759.142,-0.0864379,22.8204,0.000531858,597.469,2.95826
0.00598707,747.514,-0.089366,22.8207,0.000531858,597.47,2.95824
0.00598707,735.327,-0.0898512,22.821,0.000531858,597.47,2.95822
0.00598708,720.212,-0.0868223,22.8213,0.000531858,597.47,2.9582
0.00598709,704.091,-0.0786322,22.8216,0.000531858,597.47,2.95817
0.0059871,687.744,-0.0630976,22.8218,0.000531858,597.47,2.95814
0.00598711,674.513,-0.0397867,22.8218,0.000531858,597.47,2.9581
0.00598712,669.046,-0.0206456,22.8218,0.000531858,597.471,2.95808
0.00598713,667.3,-0.00583494,22.8217,0.000531858,597.471,2.95806
0.00598714,667.46,0.00800315,22.8215,0.000531858,597.471,2.95804
0.00598714,669.471,0.0223376,22.8213,0.000531858,597.471,2.95802
0.00598715,674.26,0.0385874,22.821,0.000531858,597.471,2.958
0.00598716,683.336,0.0563146,22.8206,0.000531858,597.471,2.95797
0.00598717,697.482,0.0726747,22.8201,0.000531858,597.471,2.95794
0.00598718,709.955,0.0814029,22.8197,0.000531858,597.471,2.95792
0.00598719,721.206,0.0861781,22.8194,0.000531858,597.471,2.9579
0.00598719,733.819,0.0886402,22.819,0.000531858,597.471,2.95788
0.0059872,745.383,0.0884126,22.8187,0.000531858,597.471,2.95786
0.00598721,761.819,0.0839062,22.8183,0.000531858,597.471,2.95783
0.00598722,777.017,0.0746031,22.818,0.000531858,597.471,2.9578
0.00598723,793.23,0.0564099,22.8177,0.000531858,597.471,2.95777
0.00598724,802.215,0.0386464,22.8176,0.000531858,597.471,2.95774
0.00598725,807.004,0.0220042,22.8176,0.000531858,597.471,2.95771
0.00598726,808.906,0.00778919,22.8177,0.000531858,597.471,2.9577
0.00598726,808.999,-0.00600919,22.8177,0.000531858,597.471,2.95768
0.00598727,807.27,-0.0203346,22.8179,0.000531858,597.471,2.95766
0.00598728,803.009,-0.0361236,22.8181,0.000531858,597.471,2.95764
0.00598729,794.502,-0.0539283,22.8184,0.000531858,597.471,2.95761
0.0059873,782.378,-0.0692029,22.8188,0.000531858,597.471,2.95758
0.0059873,769.372,-0.079287,22.8192,0.000531858,597.471,2.95755
0.00598731,758.107,-0.0845798,22.8195,0.000531858,597.472,2.95753
0.00598732,746.737,-0.0873336,22.8197,0.000531858,597.472,2.95751
0.00598732,734.874,-0.0877009,22.82,0.000531858,597.472,2.95749
0.00598733,719.951,-0.0845551,22.8203,0.000531858,597.472,2.95747
0.00598734,704.263,-0.0763667,22.8206,0.000531858,597.472,2.95744
0.00598735,688.292,-0.0608425,22.8208,0.000531858,597.472,2.95741
0.00598737,675.576,-0.0378292,22.8208,0.000531858,597.473,2.95737
0.00598738,670.457,-0.0191896,22.8207,0.000531858,597.473,2.95734
0.00598738,668.886,-0.00473879,22.8206,0.000531858,597.473,2.95732
0.00598739,669.163,0.00879065,22.8205,0.000531858,597.473,2.9573
0.0059874,671.245,0.0227204,22.8203,0.000531858,597.473,2.95728
0.0059874,676.195,0.0388623,22.82,0.000531858,597.473,2.95726
0.00598741,685.287,0.0560255,22.8196,0.000531858,597.473,2.95723
0.00598742,699.535,0.0719241,22.819,0.000531858,597.473,2.9572
0.00598743,711.717,0.0800728,22.8187,0.000531858,597.473,2.95717
0.00598744,722.756,0.0844842,22.8183,0.000531858,597.473,2.95715
0.00598745,735.048,0.0866091,22.818,0.000531858,597.473,2.95713
0.00598745,746.647,0.0860985,22.8177,0.000531858,597.473,2.95711
0.00598746,762.759,0.0811931,22.8173,0.000531858,597.473,2.95708
0.00598747,777.685,0.0714317,22.817,0.000531858,597.473,2.95705
0.00598748,793.22,0.0528974,22.8167,0.000531858,597.473,2.95702
0.00598749,801.616,0.0350092,22.8166,0.000531858,597.473,2.95699
0.0059875,805.902,0.018222,22.8166,0.000531858,597.473,2.95696
0.00598751,807.33,0.00432309,22.8166,0.000531858,597.473,2.95694
0.00598752,807.006,-0.00923854,22.8167,0.000531858,597.473,2.95692
0.00598752,804.899,-0.0230477,22.8169,0.000531858,597.473,2.9569
0.00598753,799.8,-0.0394065,22.8171,0.000531858,597.473,2.95688
0.00598754,790.676,-0.0563085,22.8174,0.000531858,597.473,2.95685
0.00598755,777.503,-0.0709518,22.8178,0.000531858,597.474,2.95682
0.00598756,765.919,-0.078855,22.8181,0.000531858,597.474,2.95679
0.00598756,755.116,-0.0833274,22.8184,0.000531858,597.474,2.95677
0.00598757,742.979,-0.0855779,22.8187,0.000531858,597.474,2.95675
0.00598758,731.671,-0.0852321,22.8189,0.000531858,597.474,2.95673
0.00598759,715.65,-0.0806155,22.8192,0.000531858,597.474,2.9567
0.0059876,700.894,-0.0713168,22.8195,0.000531858,597.474,2.95667
0.00598761,685.286,-0.0534013,22.8196,0.000531858,597.475,2.95663
0.00598762,675.975,-0.0339456,22.8196,0.000531858,597.475,2.9566
0.00598763,671.89,-0.0178513,22.8196,0.000531858,597.475,2.95658
0.00598763,670.488,-0.00432085,22.8194,0.000531858,597.475,2.95656
0.00598764,670.794,0.00889625,22.8193,0.000531858,597.475,2.95654
0.00598765,672.843,0.0223841,22.8191,0.000531858,597.475,2.95652
0.00598766,677.828,0.0384265,22.8188,0.000531858,597.475,2.95649
0.00598766,686.769,0.0550746,22.8184,0.000531858,597.475,2.95646
0.00598768,700.923,0.0706237,22.8179,0.000531858,597.475,2.95643
0.00598768,712.828,0.0784168,22.8175,0.000531858,597.475,2.9564
0.00598769,723.636,0.0826064,22.8171,0.000531858,597.475,2.95638
0.0059877,735.63,0.0845474,22.8168,0.000531858,597.475,2.95636
0.0059877,747.163,0.0838922,22.8165,0.000531858,597.475,2.95634
0.00598771,762.867,0.0788587,22.8161,0.000531858,597.475,2.95631
0.00598772,777.508,0.0689573,22.8158,0.000531858,597.475,2.95628
0.00598774,792.481,0.0505167,22.8155,0.000531858,597.475,2.95624
0.00598775,800.781,0.0318658,22.8154,0.000531858,597.475,2.95621
0.00598776,804.53,0.0156587,22.8154,0.000531858,597.475,2.95618
0.00598776,805.645,0.00218536,22.8155,0.000531858,597.475,2.95616
0.00598777,805.073,-0.0110463,22.8156,0.000531858,597.475,2.95614
0.00598777,802.784,-0.0243367,22.8157,0.000531858,597.475,2.95612
0.00598778,797.216,-0.0408286,22.8159,0.000531858,597.475,2.95609
0.00598779,787.858,-0.0569838,22.8163,0.000531858,597.476,2.95606
0.0059878,773.906,-0.0712853,22.8167,0.000531858,597.476,2.95603
0.00598781,762.639,-0.0781885,22.817,0.000531858,597.476,2.95601
0.00598782,751.988,-0.0819996,22.8172,0.000531858,597.476,2.95599
0.00598782,740.218,-0.0835878,22.8175,0.000531858,597.476,2.95596
0.00598783,728.191,-0.0825209,22.8177,0.000531858,597.476,2.95594
0.00598783,723.216,-0.0812736,22.8178,0.000531858,597.476,2.95593
0.00598784,721.63,-0.0807477,22.8178,0.000531858,597.476,2.95593
0.00598784,718.485,-0.0795807,22.8179,0.000531858,597.476,2.95592
0.00598784,713.341,-0.0772281,22.818,0.000531858,597.477,2.95591
0.00598785,703.622,-0.0710307,22.8181,0.000531858,597.477,2.95589
0.00598786,687.4,-0.0534723,22.8183,0.000531858,597.477,2.95585
0.00598787,677.675,-0.0339095,22.8183,0.000531858,597.477,2.95582
0.00598788,673.429,-0.0175205,22.8182,0.000531858,597.477,2.95579
0.00598789,672.043,-0.00415931,22.8181,0.000531858,597.477,2.95577
0.00598789,672.35,0.00874936,22.818,0.000531858,597.477,2.95575
0.0059879,674.365,0.0219425,22.8178,0.000531858,597.477,2.95573
0.00598791,679.231,0.037556,22.8175,0.000531858,597.477,2.9557
0.00598792,687.978,0.0538126,22.8171,0.000531858,597.477,2.95567
0.00598793,701.789,0.0689577,22.8165,0.000531858,597.477,2.95564
0.00598794,713.4,0.076545,22.8161,0.000531858,597.477,2.95561
0.00598794,723.953,0.0806253,22.8158,0.000531858,597.477,2.95559
0.00598795,735.659,0.0825082,22.8155,0.000531858,597.477,2.95557
0.00598796,746.926,0.0818551,22.8152,0.000531858,597.477,2.95555
0.00598797,762.252,0.0769215,22.8148,0.000531858,597.477,2.95552
0.00598798,776.543,0.0672304,22.8145,0.000531858,597.477,2.95548
0.00598799,791.144,0.049203,22.8142,0.000531858,597.477,2.95544
0.005988,799.34,0.030631,22.8141,0.000531858,597.477,2.95541
0.00598801,802.886,0.0150505,22.8141,0.000531858,597.477,2.95539
0.00598801,803.944,0.00195999,22.8142,0.000531858,597.477,2.95537
0.00598802,803.366,-0.0109237,22.8142,0.000531858,597.477,2.95535
0.00598803,801.122,-0.0238469,22.8144,0.000531858,597.477,2.95532
0.00598803,795.644,-0.039985,22.8146,0.000531858,597.478,2.9553
0.00598804,786.492,-0.0557094,22.8149,0.000531858,597.478,2.95527
0.00598805,778.952,-0.0643596,22.8151,0.000531858,597.478,2.95525
0.00598805,774.045,-0.0687195,22.8153,0.000531858,597.478,2.95523
0.00598806,765.696,-0.0743991,22.8155,0.000531858,597.478,2.95522
0.00598806,761.119,-0.0767333,22.8156,0.000531858,597.478,2.95521
0.00598806,760.097,-0.0771756,22.8156,0.000531858,597.478,2.9552
0.00598806,758.039,-0.0780089,22.8157,0.000531858,597.478,2.9552
0.00598807,753.866,-0.0794269,22.8158,0.000531858,597.478,2.95519
0.00598807,746.555,-0.0810518,22.8159,0.000531858,597.478,2.95518
0.00598808,735.3,-0.0815153,22.8162,0.000531858,597.478,2.95516
0.00598809,721.725,-0.0787994,22.8164,0.000531858,597.479,2.95513
0.0059881,706.381,-0.070887,22.8167,0.000531858,597.479,2.9551
0.00598811,691.728,-0.0566344,22.8168,0.000531858,597.479,2.95506
0.00598812,680.852,-0.0377074,22.8168,0.000531858,597.479,2.95502
0.00598813,675.755,-0.0213372,22.8168,0.000531858,597.479,2.955
0.00598814,673.828,-0.00818516,22.8167,0.000531858,597.479,2.95497
0.00598814,673.607,0.00430651,22.8165,0.000531858,597.479,2.95495
0.00598815,675.059,0.0174555,22.8163,0.000531858,597.479,2.95493
0.00598816,678.625,0.0313686,22.8161,0.000531858,597.479,2.95491
0.00598817,686.144,0.0478293,22.8157,0.000531858,597.48,2.95488
0.00598818,697.683,0.0628092,22.8152,0.000531858,597.48,2.95485
0.00598818,708.86,0.0718001,22.8148,0.000531858,597.48,2.95482
0.00598819,718.902,0.076893,22.8145,0.000531858,597.479,2.9548
0.0059882,729.097,0.0797586,22.8142,0.000531858,597.479,2.95478
0.0059882,739.874,0.0805264,22.8139,0.000531858,597.479,2.95476
0.00598821,752.86,0.0784293,22.8136,0.000531858,597.479,2.95473
0.00598822,767.308,0.0718244,22.8132,0.000531858,597.479,2.9547
0.00598823,781.907,0.0590428,22.8129,0.000531858,597.479,2.95466
0.00598825,794.35,0.0389909,22.8127,0.000531858,597.479,2.95462
0.00598825,800.011,0.0213518,22.8126,0.000531858,597.479,2.95459
0.00598826,801.958,0.00797729,22.8127,0.000531858,597.479,2.95457
0.00598827,802.156,-0.00441235,22.8127,0.000531858,597.48,2.95455
0.00598827,800.702,-0.0174886,22.8128,0.000531858,597.48,2.95453
0.00598828,797.186,-0.0312084,22.813,0.000531858,597.48,2.95451
0.00598829,789.741,-0.0475187,22.8132,0.000531858,597.48,2.95447
0.0059883,778.353,-0.0622647,22.8136,0.000531858,597.48,2.95444
0.00598831,767.244,-0.0711264,22.8139,0.000531858,597.48,2.95441
0.00598832,757.242,-0.0761048,22.8141,0.000531858,597.48,2.95439
0.00598832,747.093,-0.0788429,22.8143,0.000531858,597.48,2.95437
0.00598833,736.38,-0.0794701,22.8146,0.000531858,597.481,2.95435
0.00598834,723.287,-0.077143,22.8148,0.000531858,597.481,2.95432
0.00598835,708.992,-0.070308,22.815,0.000531858,597.481,2.95429
0.00598836,694.519,-0.0572156,22.8152,0.000531858,597.481,2.95426
0.00598837,682.459,-0.0371438,22.8152,0.000531858,597.481,2.95421
0.00598838,677.2,-0.0201763,22.8151,0.000531858,597.481,2.95418
0.00598839,675.39,-0.00709521,22.815,0.000531858,597.482,2.95416
0.00598839,675.287,0.00508191,22.8149,0.000531858,597.482,2.95414
0.0059884,676.818,0.0178621,22.8147,0.000531858,597.482,2.95412
0.00598841,680.5,0.0316026,22.8144,0.000531858,597.482,2.9541
0.00598842,688.033,0.0475227,22.8141,0.000531858,597.482,2.95407
0.00598843,699.617,0.0620475,22.8136,0.000531858,597.482,2.95403
0.00598844,710.548,0.0704855,22.8132,0.000531858,597.482,2.95401
0.00598844,720.383,0.0752183,22.8129,0.000531858,597.482,2.95399
0.00598845,730.388,0.0777906,22.8126,0.000531858,597.482,2.95397
0.00598846,740.855,0.078293,22.8123,0.000531858,597.482,2.95394
0.00598846,753.866,0.0758307,22.8119,0.000531858,597.482,2.95392
0.00598847,767.837,0.0689313,22.8116,0.000531858,597.482,2.95389
0.00598849,782.068,0.0556775,22.8113,0.000531858,597.482,2.95385
0.0059885,793.727,0.0355225,22.8111,0.000531858,597.482,2.95381
0.00598851,798.647,0.0187093,22.811,0.000531858,597.482,2.95378
0.00598851,800.253,0.00576734,22.811,0.000531858,597.482,2.95376
0.00598852,800.2,-0.00630253,22.8111,0.000531858,597.482,2.95374
0.00598853,798.546,-0.0188552,22.8112,0.000531858,597.482,2.95372
0.00598853,794.588,-0.0328428,22.8114,0.000531858,597.482,2.95369
0.00598854,786.877,-0.0484052,22.8116,0.000531858,597.482,2.95366
0.00598856,774.895,-0.0626839,22.812,0.000531858,597.482,2.95363
0.00598856,764.116,-0.0704785,22.8122,0.000531858,597.482,2.9536
0.00598857,754.295,-0.0748062,22.8125,0.000531858,597.483,2.95358
0.00598858,743.176,-0.0770992,22.8127,0.000531858,597.483,2.95355
0.00598858,733.009,-0.0769771,22.8129,0.000531858,597.483,2.95353
0.00598859,718.751,-0.0731894,22.8131,0.000531858,597.483,2.9535
0.0059886,705.418,-0.0652045,22.8133,0.000531858,597.483,2.95347
0.00598862,691.24,-0.0496786,22.8135,0.000531858,597.483,2.95343
0.00598863,682.286,-0.0318569,22.8134,0.000531858,597.484,2.9534
0.00598863,678.319,-0.0169959,22.8133,0.000531858,597.484,2.95337
0.00598864,676.934,-0.00472057,22.8132,0.000531858,597.484,2.95335
0.00598865,677.104,0.00715815,22.8131,0.000531858,597.484,2.95333
0.00598865,678.846,0.0193655,22.8129,0.000531858,597.484,2.95331
0.00598866,683.075,0.0335296,22.8126,0.000531858,597.484,2.95329
0.00598867,690.914,0.0486417,22.8122,0.000531858,597.484,2.95326
0.00598868,703.239,0.0626857,22.8117,0.000531858,597.484,2.95322
0.00598869,713.965,0.0700321,22.8113,0.000531858,597.484,2.95319
0.0059887,723.669,0.0740211,22.811,0.000531858,597.484,2.95317
0.0059887,734.508,0.0759933,22.8107,0.000531858,597.484,2.95315
0.00598871,744.445,0.075662,22.8104,0.000531858,597.484,2.95313
0.00598872,758.629,0.0715431,22.81,0.000531858,597.484,2.9531
0.00598873,771.624,0.0633089,22.8097,0.000531858,597.484,2.95307
0.00598874,785.457,0.0473086,22.8094,0.000531858,597.484,2.95303
0.00598875,793.555,0.0302499,22.8093,0.000531858,597.484,2.95299
0.00598876,797.16,0.0160041,22.8093,0.000531858,597.484,2.95297
0.00598877,798.412,0.00399568,22.8093,0.000531858,597.484,2.95295
0.00598877,798.163,-0.00776382,22.8093,0.000531858,597.484,2.95293
0.00598878,796.376,-0.0197652,22.8094,0.000531858,597.484,2.95291
0.00598879,792.011,-0.0340081,22.8096,0.000531858,597.484,2.95288
0.0059888,784.136,-0.0488207,22.8099,0.000531858,597.484,2.95285
0.00598881,771.66,-0.0626141,22.8102,0.000531858,597.484,2.95282
0.00598882,761.154,-0.0695173,22.8105,0.000531858,597.485,2.95279
0.00598882,751.515,-0.0732524,22.8107,0.000531858,597.485,2.95277
0.00598883,740.764,-0.074958,22.8109,0.000531858,597.485,2.95275
0.00598884,730.454,-0.0743159,22.8111,0.000531858,597.485,2.95273
0.00598885,716.424,-0.0697184,22.8113,0.000531858,597.485,2.9527
0.00598886,703.401,-0.0608039,22.8115,0.000531858,597.485,2.95266
0.00598887,690.123,-0.0443321,22.8115,0.000531858,597.486,2.95262
0.00598888,682.857,-0.0279599,22.8115,0.000531858,597.486,2.95259
0.00598889,679.675,-0.0145024,22.8114,0.000531858,597.486,2.95257
0.00598889,678.597,-0.00283901,22.8113,0.000531858,597.486,2.95255
0.0059889,678.982,0.00873062,22.8111,0.000531858,597.486,2.95253
0.00598891,680.879,0.0204203,22.8109,0.000531858,597.486,2.95251
0.00598891,685.527,0.0347332,22.8106,0.000531858,597.486,2.95248
0.00598892,693.544,0.0490849,22.8102,0.000531858,597.486,2.95245
0.00598893,704.753,0.0612653,22.8098,0.000531858,597.486,2.95242
0.00598894,714.619,0.0679101,22.8094,0.000531858,597.486,2.9524
0.00598895,723.88,0.0717078,22.8091,0.000531858,597.486,2.95238
0.00598896,734.21,0.0736095,22.8088,0.000531858,597.486,2.95236
0.00598896,743.86,0.0733205,22.8085,0.000531858,597.486,2.95233
0.00598897,757.507,0.0694198,22.8081,0.000531858,597.486,2.95231
0.00598898,770.151,0.0614961,22.8078,0.000531858,597.486,2.95227
0.00598899,783.551,0.0461642,22.8075,0.000531858,597.486,2.95224
0.005989,791.511,0.0296161,22.8074,0.000531858,597.486,2.9522
0.00598901,795.075,0.0157511,22.8074,0.000531858,597.486,2.95218
0.00598902,796.323,0.0041096,22.8074,0.000531858,597.486,2.95216
0.00598902,796.111,-0.00726517,22.8074,0.000531858,597.486,2.95214
0.00598903,794.409,-0.0188965,22.8075,0.000531858,597.486,2.95212
0.00598904,790.256,-0.0325983,22.8077,0.000531858,597.486,2.95209
0.00598905,782.691,-0.0469639,22.8079,0.000531858,597.486,2.95206
0.00598906,770.731,-0.0603208,22.8082,0.000531858,597.487,2.95203
0.00598907,760.558,-0.0670901,22.8085,0.000531858,597.487,2.952
0.00598907,751.235,-0.0707618,22.8087,0.000531858,597.487,2.95198
0.00598908,740.821,-0.0724707,22.8089,0.000531858,597.487,2.95196
0.00598909,730.961,-0.0719189,22.809,0.000531858,597.487,2.95194
0.0059891,717.376,-0.0675769,22.8093,0.000531858,597.487,2.95191
0.00598911,704.827,-0.059129,22.8094,0.000531858,597.488,2.95188
0.00598912,691.895,-0.0433452,22.8095,0.000531858,597.488,2.95184
0.00598913,684.699,-0.0273884,22.8094,0.000531858,597.488,2.95181
0.00598914,681.545,-0.0142584,22.8093,0.000531858,597.488,2.95179
0.00598915,680.472,-0.00296563,22.8092,0.000531858,597.488,2.95177
0.00598915,680.814,0.00819428,22.809,0.000531858,597.488,2.95175
0.00598916,682.616,0.0194942,22.8088,0.000531858,597.488,2.95173
0.00598917,687.021,0.0332247,22.8085,0.000531858,597.488,2.9517
0.00598918,694.688,0.047095,22.8082,0.000531858,597.488,2.95167
0.00598919,705.55,0.0589778,22.8077,0.000531858,597.488,2.95164
0.00598919,715.121,0.0654286,22.8074,0.000531858,597.488,2.95162
0.0059892,724.029,0.0690589,22.8071,0.000531858,597.488,2.9516
0.00598921,733.972,0.0708459,22.8067,0.000531858,597.488,2.95158
0.00598921,743.225,0.0705197,22.8065,0.000531858,597.488,2.95156
0.00598922,753.405,0.0679266,22.8062,0.000531858,597.488,2.95154
0.00598923,762.172,0.0636181,22.806,0.000531858,597.488,2.95152
0.00598924,771.689,0.0562366,22.8057,0.000531858,597.488,2.95149
0.00598924,779.489,0.0471955,22.8055,0.000531858,597.488,2.95147
0.00598925,787.897,0.0317102,22.8054,0.000531858,597.488,2.95144
0.00598926,792.153,0.0173235,22.8053,0.000531858,597.488,2.95141
0.00598927,793.677,0.00566557,22.8053,0.000531858,597.488,2.95139
0.00598928,793.68,-0.00537458,22.8054,0.000531858,597.488,2.95137
0.00598928,792.195,-0.0168494,22.8055,0.000531858,597.488,2.95135
0.00598929,788.639,-0.0294584,22.8056,0.000531858,597.488,2.95133
0.0059893,781.67,-0.0435265,22.8058,0.000531858,597.489,2.9513
0.00598931,770.907,-0.0563442,22.8061,0.000531858,597.489,2.95127
0.00598932,761.189,-0.0633662,22.8063,0.000531858,597.489,2.95124
0.00598932,752.329,-0.0672598,22.8065,0.000531858,597.489,2.95122
0.00598933,742.308,-0.0693096,22.8067,0.000531858,597.489,2.9512
0.00598934,733.133,-0.0691782,22.8068,0.000531858,597.489,2.95118
0.00598935,720.356,-0.0657529,22.807,0.000531858,597.489,2.95115
0.00598936,708.359,-0.0585377,22.8072,0.000531858,597.49,2.95112
0.00598937,695.65,-0.0445773,22.8072,0.000531858,597.49,2.95109
0.00598938,687.647,-0.0286358,22.8072,0.000531858,597.49,2.95106
0.00598939,684.086,-0.0153329,22.8071,0.000531858,597.49,2.95103
0.0059894,682.835,-0.00435993,22.807,0.000531858,597.49,2.95101
0.0059894,682.967,0.00624676,22.8068,0.000531858,597.49,2.95099
0.00598941,684.498,0.0171501,22.8066,0.000531858,597.49,2.95098
0.00598942,688.207,0.029713,22.8064,0.000531858,597.49,2.95095
0.00598942,693.542,0.0406461,22.8061,0.000531858,597.49,2.95093
0.00598943,695.169,0.0432278,22.806,0.000531858,597.49,2.95092
0.00598943,697.907,0.0470459,22.8059,0.000531858,597.49,2.95092
0.00598943,699.058,0.0484832,22.8058,0.000531858,597.49,2.95091
0.00598943,700.12,0.0497311,22.8058,0.000531858,597.49,2.95091
0.00598943,700.967,0.0506745,22.8057,0.000531858,597.49,2.95091
0.00598943,701.833,0.0515929,22.8057,0.000531858,597.49,2.9509
0.00598943,702.798,0.0525592,22.8057,0.000531858,597.49,2.9509
0.00598943,703.711,0.0534177,22.8056,0.000531858,597.49,2.9509
0.00598943,704.753,0.0543288,22.8056,0.000531858,597.49,2.9509
0.00598944,705.767,0.0551414,22.8056,0.000531858,597.49,2.95089
0.00598944,706.351,0.0555751,22.8055,0.000531858,597.49,2.95089
0.00598944,706.857,0.0559297,22.8055,0.000531858,597.49,2.95089
0.00598944,707.413,0.0562957,22.8055,0.000531858,597.49,2.95089
0.00598944,707.934,0.056617,22.8055,0.000531858,597.49,2.95089
0.00598944,708.818,0.0571112,22.8054,0.000531858,597.49,2.95089
0.00598944,710.313,0.0577942,22.8054,0.000531858,597.49,2.95088
0.00598944,711.693,0.0582487,22.8053,0.000531858,597.49,2.95088
0.00598944,713.978,0.0586103,22.8052,0.000531858,597.49,2.95087
0.00598944,716.486,0.0584349,22.8052,0.000531858,597.49,2.95087
0.00598945,719.071,0.0576309,22.8051,0.000531858,597.49,2.95086
0.00598945,721.82,0.0561099,22.805,0.000531858,597.49,2.95085
0.00598945,724.792,0.0537679,22.8049,0.000531858,597.49,2.95085
0.00598945,727.574,0.0510256,22.8048,0.000531858,597.49,2.95084
0.00598946,730.037,0.0482694,22.8047,0.000531858,597.49,2.95083
0.00598946,732.173,0.0457367,22.8046,0.000531858,597.49,2.95082
0.00598946,734.196,0.0433251,22.8046,0.000531858,597.49,2.95082
0.00598946,736.27,0.0409631,22.8045,0.000531858,597.49,2.95081
0.00598947,738.238,0.0389325,22.8044,0.000531858,597.49,2.9508
0.00598947,740.722,0.0367992,22.8044,0.000531858,597.49,2.95079
0.00598947,743.111,0.035266,22.8043,0.000531858,597.49,2.95079
0.00598947,744.044,0.0348077,22.8043,0.000531858,597.49,2.95078
0.00598947,744.433,0.0346387,22.8043,0.000531858,597.49,2.95078
0.00598948,744.68,0.0345373,22.8042,0.000531858,597.49,2.95078
0.00598948,744.866,0.0344636,22.8042,0.000531858,597.49,2.95078
0.00598948,745.024,0.0344025,22.8042,0.000531858,597.49,2.95078
0.00598948,745.236,0.0343214,22.8042,0.000531858,597.49,2.95078
0.00598948,745.445,0.0342418,22.8042,0.000531858,597.49,2.95078
0.00598948,745.687,0.0341478,22.8042,0.000531858,597.49,2.95077
0.00598948,745.854,0.0340818,22.8042,0.000531858,597.49,2.95077
0.00598948,746.08,0.0339902,22.8042,0.000531858,597.49,2.95077
0.00598948,746.356,0.0338746,22.8042,0.000531858,597.49,2.95077
0.00598948,746.907,0.0336331,22.8042,0.000531858,597.49,2.95077
0.00598948,747.734,0.0332407,22.8042,0.000531858,597.49,2.95077
0.00598948,748.874,0.0326403,22.8041,0.000531858,597.49,2.95076
0.00598948,750.64,0.0315636,22.8041,0.000531858,597.49,2.95075
0.00598949,752.34,0.0303434,22.804,0.000531858,597.49,2.95075
0.00598949,753.752,0.0291764,22.804,0.000531858,597.49,2.95074
0.00598949,754.886,0.0281258,22.804,0.000531858,597.49,2.95073
0.00598949,755.789,0.0272078,22.8039,0.000531858,597.49,2.95073
0.00598949,756.583,0.0263363,22.8039,0.000531858,597.49,2.95072
0.0059895,757.373,0.0254008,22.8039,0.000531858,597.49,2.95072
0.0059895,758.138,0.0244241,22.8039,0.000531858,597.49,2.95071
0.0059895,759.214,0.0229144,22.8038,0.000531858,597.49,2.95071
0.0059895,760.313,0.0211755,22.8038,0.000531858,597.49,2.9507
0.00598951,761.612,0.0187894,22.8038,0.000531858,597.491,2.95069
0.00598951,762.838,0.0160705,22.8037,0.000531858,597.491,2.95068
0.00598951,764.065,0.0126049,22.8037,0.000531858,597.491,2.95067
0.00598952,765.065,0.00862798,22.8037,0.000531858,597.491,2.95066
0.00598952,765.763,0.00370138,22.8037,0.000531858,597.491,2.95064
0.00598953,765.87,-0.00200344,22.8037,0.000531858,597.491,2.95062
0.00598954,765.224,-0.00773475,22.8037,0.000531858,597.491,2.9506
0.00598954,763.527,-0.014159,22.8037,0.000531858,597.491,2.95058
0.00598955,760.166,-0.021256,22.8038,0.000531858,597.491,2.95055
0.00598956,754.9,-0.0278119,22.8039,0.000531858,597.491,2.95052
0.00598957,749.607,-0.0317596,22.804,0.000531858,597.491,2.9505
0.00598958,744.961,-0.0338079,22.804,0.000531858,597.491,2.95048
0.00598959,740.31,-0.0347862,22.8041,0.000531858,597.491,2.95046
0.00598959,735.371,-0.0347509,22.8042,0.000531858,597.491,2.95044
0.0059896,730.286,-0.0335531,22.8042,0.000531858,597.492,2.95042
0.00598961,724.008,-0.0302308,22.8042,0.000531858,597.492,2.95039
0.00598962,718.19,-0.02466,22.8042,0.000531858,597.492,2.95036
0.00598963,713.402,-0.0166524,22.8042,0.000531858,597.492,2.95033
0.00598964,711.09,-0.00958283,22.8041,0.000531858,597.492,2.9503
0.00598965,710.202,-0.0040058,22.804,0.000531858,597.492,2.95028
0.00598965,710.04,0.00122736,22.8039,0.000531858,597.492,2.95027
0.00598966,710.57,0.00677281,22.8038,0.000531858,597.492,2.95025
0.00598967,711.884,0.0123355,22.8036,0.000531858,597.492,2.95023
0.00598967,713.185,0.0158628,22.8035,0.000531858,597.492,2.95022
0.00598967,713.832,0.0172883,22.8035,0.000531858,597.492,2.95021
0.00598968,714.692,0.0189567,22.8034,0.000531858,597.492,2.9502
0.00598968,715.3,0.0200078,22.8034,0.000531858,597.492,2.9502
0.00598968,715.792,0.0207922,22.8034,0.000531858,597.492,2.9502
0.00598968,716.272,0.0215063,22.8033,0.000531858,597.492,2.95019
0.00598968,716.806,0.0222397,22.8033,0.000531858,597.492,2.95019
0.00598968,717.292,0.022854,22.8033,0.000531858,597.492,2.95019
0.00598968,717.818,0.0234602,22.8033,0.000531858,597.492,2.95018
0.00598969,718.379,0.0240379,22.8032,0.000531858,597.492,2.95018
0.00598969,718.671,0.0243103,22.8032,0.000531858,597.492,2.95018
0.00598969,718.923,0.0245292,22.8032,0.000531858,597.492,2.95018
0.00598969,719.177,0.0247351,22.8032,0.000531858,597.492,2.95018
0.00598969,719.432,0.0249267,22.8032,0.000531858,597.492,2.95018
0.00598969,719.774,0.0251578,22.8032,0.000531858,597.492,2.95017
0.00598969,720.466,0.0255354,22.8031,0.000531858,597.492,2.95017
0.00598969,721.105,0.025774,22.8031,0.000531858,597.492,2.95017
0.00598969,722.146,0.0259259,22.803,0.000531858,597.492,2.95016
0.00598969,723.279,0.0257497,22.803,0.000531858,597.492,2.95015
0.0059897,724.481,0.0251665,22.8029,0.000531858,597.492,2.95015
0.0059897,725.776,0.0240798,22.8029,0.000531858,597.492,2.95014
0.0059897,727.139,0.0224315,22.8028,0.000531858,597.492,2.95013
0.00598971,728.387,0.0204893,22.8028,0.000531858,597.492,2.95012
0.00598971,729.651,0.0181605,22.8027,0.000531858,597.492,2.95012
0.00598971,730.849,0.0157256,22.8026,0.000531858,597.493,2.95011
0.00598972,732.065,0.0132355,22.8026,0.000531858,597.493,2.95009
0.00598972,733.087,0.0113846,22.8025,0.000531858,597.493,2.95008
0.00598972,733.898,0.0102733,22.8025,0.000531858,597.493,2.95007
0.00598973,734.493,0.00975053,22.8024,0.000531858,597.493,2.95007
0.00598973,734.927,0.00954452,22.8024,0.000531858,597.493,2.95006
0.00598973,735.272,0.00948039,22.8024,0.000531858,597.493,2.95005
0.00598973,735.42,0.00947794,22.8024,0.000531858,597.493,2.95005
0.00598973,735.528,0.00948408,22.8024,0.000531858,597.493,2.95005
0.00598973,735.618,0.00949311,22.8024,0.000531858,597.493,2.95005
0.00598973,735.723,0.00950628,22.8023,0.000531858,597.493,2.95005
0.00598973,735.839,0.00952233,22.8023,0.000531858,597.493,2.95005
0.00598973,735.969,0.00953957,22.8023,0.000531858,597.493,2.95004
0.00598973,736.067,0.00955171,22.8023,0.000531858,597.493,2.95004
0.00598974,736.199,0.00956584,22.8023,0.000531858,597.493,2.95004
0.00598974,736.353,0.00957896,22.8023,0.000531858,597.493,2.95004
0.00598974,736.622,0.00959294,22.8023,0.000531858,597.493,2.95004
0.00598974,737.083,0.00958949,22.8023,0.000531858,597.493,2.95003
0.00598974,737.584,0.00954605,22.8022,0.000531858,597.493,2.95002
0.00598974,737.987,0.00948075,22.8022,0.000531858,597.493,2.95002
0.00598975,738.281,0.00941549,22.8022,0.000531858,597.493,2.95001
0.00598975,738.553,0.00934173,22.8022,0.000531858,597.493,2.95001
0.00598975,738.831,0.00925256,22.8022,0.000531858,597.493,2.95
0.00598975,739.136,0.00913853,22.8021,0.000531858,597.493,2.95
0.00598975,739.55,0.00895486,22.8021,0.000531858,597.493,2.94999
0.00598976,740.006,0.00871232,22.8021,0.000531858,597.493,2.94999
0.00598976,740.555,0.00836021,22.802,0.000531858,597.493,2.94998
0.00598976,741.129,0.00791194,22.802,0.000531858,597.493,2.94997
0.00598977,741.764,0.00730407,22.802,0.000531858,597.493,2.94996
0.00598977,742.407,0.00653788,22.8019,0.000531858,597.493,2.94994
0.00598978,743.071,0.0055218,22.8019,0.000531858,597.493,2.94993
0.00598978,743.694,0.00422281,22.8018,0.000531858,597.493,2.94991
0.00598979,744.225,0.0024808,22.8017,0.000531858,597.493,2.94989
0.0059898,744.455,0.000920886,22.8017,0.000531858,597.493,2.94987
0.0059898,744.475,-0.000589819,22.8016,0.000531858,597.493,2.94986
0.00598981,744.286,-0.00214799,22.8016,0.000531858,597.493,2.94984
0.00598982,743.829,-0.00380484,22.8016,0.000531858,597.493,2.94982
0.00598983,742.907,-0.00568346,22.8015,0.000531858,597.493,2.94979
0.00598984,741.495,-0.00737065,22.8015,0.000531858,597.494,2.94976
0.00598985,739.824,-0.0085018,22.8014,0.000531858,597.494,2.94973
0.00598986,738.343,-0.00899895,22.8014,0.000531858,597.494,2.94971
0.00598987,736.871,-0.00911059,22.8013,0.000531858,597.494,2.94969
0.00598987,735.351,-0.00884645,22.8013,0.000531858,597.494,2.94967
0.00598988,733.94,-0.00823371,22.8012,0.000531858,597.494,2.94965
0.00598989,732.481,-0.00715737,22.8012,0.000531858,597.494,2.94962
0.0059899,731.914,-0.00658451,22.8011,0.000531858,597.494,2.94961
0.0059899,731.564,-0.00617828,22.8011,0.000531858,597.494,2.9496
0.0059899,731.282,-0.00582084,22.8011,0.000531858,597.494,2.9496
0.0059899,731.031,-0.0054805,22.8011,0.000531858,597.494,2.94959
0.0059899,730.812,-0.00517133,22.8011,0.000531858,597.494,2.94958
0.00598991,730.626,-0.00490367,22.801,0.000531858,597.494,2.94958
0.00598991,730.465,-0.00467749,22.801,0.000531858,597.494,2.94958
0.00598991,730.301,-0.004463,22.801,0.000531858,597.494,2.94957
0.00598991,730.168,-0.00430755,22.801,0.000531858,597.494,2.94957
0.00598991,730.051,-0.00419391,22.801,0.000531858,597.494,2.94956
0.00598991,729.926,-0.00410494,22.801,0.000531858,597.494,2.94956
0.00598992,729.781,-0.00405357,22.801,0.000531858,597.494,2.94956
0.00598992,729.575,-0.00409577,22.8009,0.000531858,597.494,2.94955
0.00598992,729.371,-0.00427237,22.8009,0.000531858,597.494,2.94954
0.00598992,729.098,-0.00468221,22.8009,0.000531858,597.494,2.94953
0.00598993,728.73,-0.00542193,22.8009,0.000531858,597.494,2.94953
0.00598993,728.302,-0.0063762,22.8008,0.000531858,597.494,2.94952
0.00598994,727.749,-0.00756396,22.8008,0.000531858,597.494,2.94951
0.00598994,727.067,-0.00884521,22.8008,0.000531858,597.495,2.9495
0.00598994,726.136,-0.0102169,22.8008,0.000531858,597.495,2.94948
0.00598995,725.138,-0.0112625,22.8007,0.000531858,597.495,2.94947
0.00598995,724.106,-0.0119594,22.8007,0.000531858,597.495,2.94946
0.00598996,723.034,-0.0123519,22.8007,0.000531858,597.495,2.94945
0.00598996,721.862,-0.012492,22.8007,0.000531858,597.495,2.94944
0.00598997,720.688,-0.0124333,22.8006,0.000531858,597.495,2.94942
0.00598997,719.351,-0.0122729,22.8006,0.000531858,597.495,2.94941
0.00598998,718.005,-0.0121708,22.8006,0.000531858,597.495,2.9494
0.00598998,716.716,-0.0122544,22.8005,0.000531858,597.495,2.94938
0.00598999,715.301,-0.0126205,22.8005,0.000531858,597.495,2.94937
0.00598999,713.714,-0.0133233,22.8005,0.000531858,597.495,2.94935
0.00599,711.797,-0.0143687,22.8004,0.000531858,597.495,2.94934
0.00599001,709.695,-0.0154912,22.8004,0.000531858,597.495,2.94932
0.00599002,706.977,-0.0166409,22.8003,0.000531858,597.495,2.9493
0.00599002,704.074,-0.0174461,22.8003,0.000531858,597.495,2.94928
0.00599003,700.855,-0.0179792,22.8002,0.000531858,597.496,2.94925
0.00599004,698.706,-0.0182256,22.8002,0.000531858,597.496,2.94924
0.00599005,696.517,-0.0184772,22.8002,0.000531858,597.496,2.94922
0.00599005,694.316,-0.0187897,22.8002,0.000531858,597.496,2.94921
0.00599006,690.705,-0.0194629,22.8001,0.000531858,597.496,2.94919
0.00599007,685.703,-0.0205258,22.8,0.000531858,597.496,2.94916
0.00599008,680.891,-0.0214673,22.8,0.000531858,597.496,2.94913
0.0059901,674.208,-0.0224829,22.7999,0.000531858,597.496,2.94909
0.00599012,666.011,-0.0234265,22.7998,0.000531858,597.496,2.94905
0.00599014,656.26,-0.0243949,22.7997,0.000531858,597.497,2.949
0.00599016,646.119,-0.0252935,22.7997,0.000531858,597.497,2.94895
0.00599018,635.639,-0.0260472,22.7996,0.000531858,597.497,2.9489
0.0059902,624.893,-0.0266038,22.7995,0.000531858,597.497,2.94885
0.00599022,613.956,-0.0269674,22.7994,0.000531858,597.498,2.9488
0.00599024,602.901,-0.0271554,22.7993,0.000531858,597.498,2.94876
0.00599026,591.801,-0.0271709,22.7992,0.000531858,597.498,2.94871
0.00599028,580.728,-0.0270082,22.7991,0.000531858,597.498,2.94866
0.0059903,569.756,-0.0266653,22.799,0.000531858,597.499,2.94862
0.00599032,558.957,-0.0261449,22.7989,0.000531858,597.499,2.94857
0.00599034,548.404,-0.0254522,22.7989,0.000531858,597.499,2.94852
0.00599036,538.166,-0.0245918,22.7988,0.000531858,597.499,2.94848
0.00599038,528.312,-0.023569,22.7987,0.000531858,597.5,2.94843
0.0059904,518.907,-0.0223903,22.7986,0.000531858,597.5,2.94839
0.00599042,510.013,-0.0210637,22.7985,0.000531858,597.5,2.94834
0.00599044,501.69,-0.0195978,22.7984,0.000531858,597.5,2.9483
0.00599046,493.992,-0.0180024,22.7984,0.000531858,597.501,2.94825
0.00599048,486.971,-0.0162881,22.7983,0.000531858,597.501,2.94821
0.0059905,480.674,-0.0144661,22.7982,0.000531858,597.501,2.94817
0.00599052,475.142,-0.0125485,22.7981,0.000531858,597.501,2.94812
0.00599054,470.413,-0.0105481,22.798,0.000531858,597.501,2.94808
0.00599056,466.517,-0.00847803,22.7979,0.000531858,597.502,2.94804
0.00599058,463.48,-0.00635209,22.7979,0.000531858,597.502,2.948
0.0059906,461.323,-0.00418434,22.7978,0.000531858,597.502,2.94795
0.00599062,460.06,-0.00198915,22.7977,0.000531858,597.502,2.94791
0.00599064,459.699,0.000218891,22.7976,0.000531858,597.502,2.94787
0.00599066,460.242,0.00242522,22.7975,0.000531858,597.503,2.94783
0.00599068,461.685,0.00461519,22.7975,0.000531858,597.503,2.94779
0.0059907,464.02,0.00677426,22.7974,0.000531858,597.503,2.94775
0.00599072,467.23,0.00888815,22.7973,0.000531858,597.503,2.94771
0.00599074,471.294,0.0109429,22.7972,0.000531858,597.503,2.94767
0.00599076,476.184,0.0129248,22.7971,0.000531858,597.503,2.94763
0.00599078,481.867,0.0148209,22.7971,0.000531858,597.503,2.94759
0.0059908,488.307,0.0166186,22.797,0.000531858,597.504,2.94756
0.00599082,495.46,0.018306,22.7969,0.000531858,597.504,2.94752
0.00599084,503.277,0.019872,22.7968,0.000531858,597.504,2.94748
0.00599086,511.708,0.0213063,22.7967,0.000531858,597.504,2.94744
0.00599088,520.696,0.0225994,22.7967,0.000531858,597.504,2.94741
0.0059909,530.18,0.023743,22.7966,0.000531858,597.504,2.94737
0.00599092,540.099,0.0247294,22.7965,0.000531858,597.504,2.94733
0.00599094,550.385,0.0255524,22.7964,0.000531858,597.504,2.9473
0.00599096,560.971,0.0262065,22.7963,0.000531858,597.504,2.94726
0.00599098,571.787,0.0266876,22.7963,0.000531858,597.505,2.94723
0.005991,582.76,0.0269926,22.7962,0.000531858,597.505,2.94719
0.00599102,593.819,0.0271197,22.7961,0.000531858,597.505,2.94716
0.00599104,604.889,0.0270682,22.796,0.000531858,597.505,2.94712
0.00599106,615.898,0.0268386,22.7959,0.000531858,597.505,2.94709
0.00599108,626.774,0.0264328,22.7958,0.000531858,597.505,2.94705
0.0059911,637.444,0.0258535,22.7958,0.000531858,597.505,2.94702
0.00599112,647.84,0.0251049,22.7957,0.000531858,597.505,2.94699
0.00599114,657.892,0.0241923,22.7956,0.000531858,597.505,2.94695
0.00599116,667.535,0.0231219,22.7955,0.000531858,597.505,2.94692
0.00599118,676.708,0.0219012,22.7954,0.000531858,597.505,2.94689
0.0059912,685.35,0.0205387,22.7953,0.000531858,597.506,2.94686
0.00599122,693.406,0.0190438,22.7953,0.000531858,597.506,2.94683
0.00599124,700.825,0.017427,22.7952,0.000531858,597.506,2.9468
0.00599126,707.561,0.0156996,22.7951,0.000531858,597.506,2.94677
0.00599128,713.572,0.0138736,22.795,0.000531858,597.506,2.94674
0.0059913,718.82,0.0119623,22.7949,0.000531858,597.506,2.94671
0.0059913,720.045,0.0114577,22.7949,0.000531858,597.506,2.9467
0.0059913,720.875,0.0111005,22.7949,0.000531858,597.506,2.94669
0.00599131,721.455,0.0108423,22.7949,0.000531858,597.506,2.94669
0.00599131,722.142,0.0105274,22.7948,0.000531858,597.506,2.94668
0.00599131,722.981,0.010126,22.7948,0.000531858,597.506,2.94668
0.00599132,723.706,0.00976366,22.7948,0.000531858,597.506,2.94667
0.00599132,724.318,0.0094453,22.7948,0.000531858,597.506,2.94667
0.00599133,725.119,0.00900854,22.7948,0.000531858,597.506,2.94666
0.00599133,725.89,0.00856334,22.7948,0.000531858,597.506,2.94666
0.00599134,727.316,0.00766621,22.7947,0.000531858,597.506,2.94664
0.00599135,728.662,0.00670303,22.7947,0.000531858,597.507,2.94663
0.00599137,730.811,0.00477061,22.7946,0.000531858,597.507,2.9466
0.00599138,732.091,0.0030896,22.7945,0.000531858,597.507,2.94658
0.0059914,732.799,0.00149638,22.7944,0.000531858,597.507,2.94656
0.00599141,733.012,-0.000233868,22.7944,0.000531858,597.507,2.94654
0.00599143,732.674,-0.00187457,22.7943,0.000531858,597.507,2.94651
0.00599145,731.49,-0.00395299,22.7942,0.000531858,597.507,2.94649
0.00599147,729.464,-0.00601799,22.7941,0.000531858,597.508,2.94646
0.00599149,726.642,-0.00803518,22.794,0.000531858,597.508,2.94643
0.00599151,722.97,-0.0100361,22.7939,0.000531858,597.508,2.94641
0.00599153,718.496,-0.0119776,22.7938,0.000531858,597.508,2.94638
0.00599155,713.247,-0.0138433,22.7937,0.000531858,597.508,2.94636
0.00599157,707.256,-0.0156203,22.7937,0.000531858,597.509,2.94633
0.00599159,700.559,-0.0172968,22.7936,0.000531858,597.509,2.94631
0.0059916,696.858,-0.0181159,22.7935,0.000531858,597.509,2.94629
0.00599161,693.983,-0.018708,22.7935,0.000531858,597.509,2.94628
0.00599162,690.36,-0.0194052,22.7934,0.000531858,597.509,2.94627
0.00599163,686.18,-0.0201487,22.7934,0.000531858,597.509,2.94626
0.00599164,679.555,-0.0212114,22.7933,0.000531858,597.509,2.94624
0.00599166,673.067,-0.0221326,22.7933,0.000531858,597.51,2.94623
0.00599167,665.537,-0.0230732,22.7932,0.000531858,597.51,2.94621
0.00599169,657.166,-0.0239751,22.7931,0.000531858,597.51,2.94619
0.00599171,647.421,-0.024853,22.793,0.000531858,597.51,2.94616
0.00599173,637.126,-0.0255955,22.7929,0.000531858,597.51,2.94614
0.00599175,626.559,-0.0261724,22.7928,0.000531858,597.511,2.94612
0.00599177,615.789,-0.0265769,22.7928,0.000531858,597.511,2.9461
0.00599179,604.886,-0.0268049,22.7927,0.000531858,597.511,2.94608
0.00599181,593.923,-0.0268546,22.7926,0.000531858,597.511,2.94606
0.00599183,582.973,-0.026726,22.7925,0.000531858,597.512,2.94604
0.00599185,572.109,-0.0264203,22.7924,0.000531858,597.512,2.94602
0.00599187,561.403,-0.0259397,22.7923,0.000531858,597.512,2.946
0.00599189,550.926,-0.0252876,22.7922,0.000531858,597.512,2.94598
0.00599191,540.748,-0.0244684,22.7921,0.000531858,597.513,2.94596
0.00599193,530.936,-0.0234875,22.7921,0.000531858,597.513,2.94594
0.00599195,521.556,-0.0223513,22.792,0.000531858,597.513,2.94592
0.00599197,512.67,-0.0210674,22.7919,0.000531858,597.513,2.9459
0.00599199,504.337,-0.0196443,22.7918,0.000531858,597.514,2.94588
0.00599201,496.611,-0.0180913,22.7917,0.000531858,597.514,2.94587
0.00599203,489.546,-0.0164188,22.7916,0.000531858,597.514,2.94585
0.00599205,483.187,-0.0146377,22.7916,0.000531858,597.514,2.94583
0.00599207,477.577,-0.0127599,22.7915,0.000531858,597.515,2.94582
0.00599209,472.753,-0.0107979,22.7914,0.000531858,597.515,2.9458
0.00599211,468.747,-0.00876454,22.7913,0.000531858,597.515,2.94579
0.00599213,465.586,-0.00667341,22.7912,0.000531858,597.515,2.94577
0.00599215,463.291,-0.00453834,22.7912,0.000531858,597.515,2.94576
0.00599217,461.876,-0.00237348,22.7911,0.000531858,597.516,2.94574
0.00599219,461.352,-0.000193212,22.791,0.000531858,597.516,2.94573
0.00599221,461.721,0.00198806,22.7909,0.000531858,597.516,2.94571
0.00599223,462.981,0.0041559,22.7908,0.000531858,597.516,2.9457
0.00599225,465.124,0.0062959,22.7908,0.000531858,597.516,2.94569
0.00599227,468.134,0.00839389,22.7907,0.000531858,597.516,2.94568
0.00599229,471.993,0.010436,22.7906,0.000531858,597.516,2.94566
0.00599231,476.673,0.0124087,22.7905,0.000531858,597.517,2.94565
0.00599233,482.144,0.0142989,22.7904,0.000531858,597.517,2.94564
0.00599235,488.37,0.0160942,22.7904,0.000531858,597.517,2.94563
0.00599237,495.308,0.0177827,22.7903,0.000531858,597.517,2.94562
0.00599239,502.912,0.0193532,22.7902,0.000531858,597.517,2.94561
0.00599241,511.132,0.0207955,22.7901,0.000531858,597.517,2.9456
0.00599243,519.913,0.0221,22.79,0.000531858,597.517,2.94559
0.00599245,529.196,0.0232582,22.79,0.000531858,597.517,2.94558
0.00599247,538.92,0.0242625,22.7899,0.000531858,597.518,2.94557
0.00599249,549.02,0.0251064,22.7898,0.000531858,597.518,2.94556
0.00599251,559.429,0.0257844,22.7897,0.000531858,597.518,2.94555
0.00599253,570.078,0.026292,22.7896,0.000531858,597.518,2.94555
0.00599255,580.896,0.0266263,22.7896,0.000531858,597.518,2.94554
0.00599257,591.812,0.0267849,22.7895,0.000531858,597.518,2.94553
0.00599259,602.753,0.0267672,22.7894,0.000531858,597.518,2.94552
0.00599261,613.648,0.0265733,22.7893,0.000531858,597.518,2.94552
0.00599263,624.423,0.0262048,22.7892,0.000531858,597.518,2.94551
0.00599265,635.01,0.0256643,22.7891,0.000531858,597.518,2.94551
0.00599267,645.337,0.0249556,22.7891,0.000531858,597.518,2.9455
0.00599269,655.337,0.0240837,22.789,0.000531858,597.519,2.9455
0.00599271,664.946,0.0230546,22.7889,0.000531858,597.519,2.94549
0.00599273,674.101,0.0218754,22.7888,0.000531858,597.519,2.94549
0.00599275,682.742,0.0205541,22.7887,0.000531858,597.519,2.94548
0.00599277,690.814,0.0190999,22.7886,0.000531858,597.519,2.94548
0.00599279,698.265,0.0175227,22.7885,0.000531858,597.519,2.94548
0.00599281,705.049,0.015833,22.7885,0.000531858,597.519,2.94547
0.00599283,711.121,0.0140421,22.7884,0.000531858,597.519,2.94547
0.00599283,712.26,0.0136686,22.7884,0.000531858,597.519,2.94547
0.00599284,713.119,0.0133777,22.7883,0.000531858,597.519,2.94547
0.00599284,713.996,0.0130714,22.7883,0.000531858,597.519,2.94547
0.00599285,715.037,0.0126947,22.7883,0.000531858,597.519,2.94547
0.00599285,715.563,0.0124985,22.7883,0.000531858,597.519,2.94547
0.00599285,716.489,0.012143,22.7883,0.000531858,597.519,2.94547
0.00599285,717.342,0.0118026,22.7883,0.000531858,597.519,2.94547
0.00599286,718.976,0.011114,22.7882,0.000531858,597.52,2.94547
0.00599287,720.983,0.010192,22.7882,0.000531858,597.52,2.94547
0.00599289,724.222,0.00846895,22.7881,0.000531858,597.52,2.94547
0.00599291,727.249,0.00642525,22.788,0.000531858,597.52,2.94546
0.00599293,729.439,0.00436128,22.7879,0.000531858,597.52,2.94546
0.00599295,730.789,0.00228726,22.7878,0.000531858,597.52,2.94546
0.00599297,731.296,0.000214092,22.7878,0.000531858,597.52,2.94546
0.00599299,730.964,-0.00185097,22.7877,0.000531858,597.521,2.94546
0.00599301,729.794,-0.00390493,22.7876,0.000531858,597.521,2.94547
0.00599303,727.793,-0.00594406,22.7875,0.000531858,597.521,2.94547
0.00599305,724.967,-0.00795831,22.7874,0.000531858,597.521,2.94547
0.00599307,721.331,-0.00993115,22.7873,0.000531858,597.521,2.94547
0.00599309,716.905,-0.0118445,22.7872,0.000531858,597.521,2.94547
0.00599311,711.716,-0.013683,22.7871,0.000531858,597.522,2.94547
0.00599313,705.794,-0.0154339,22.787,0.000531858,597.522,2.94548
0.00599315,699.178,-0.0170853,22.7869,0.000531858,597.522,2.94548
0.00599317,691.91,-0.0186259,22.7868,0.000531858,597.522,2.94548
0.00599318,688.061,-0.0193489,22.7868,0.000531858,597.522,2.94549
0.00599319,685.16,-0.0198571,22.7868,0.000531858,597.523,2.94549
0.00599319,681.669,-0.0204309,22.7867,0.000531858,597.523,2.94549
0.0059932,677.407,-0.0210805,22.7867,0.000531858,597.523,2.94549
0.00599322,671.942,-0.0218399,22.7866,0.000531858,597.523,2.9455
0.00599323,665.899,-0.022594,22.7866,0.000531858,597.523,2.9455
0.00599324,659.556,-0.0232985,22.7865,0.000531858,597.523,2.9455
0.00599326,651.622,-0.0240662,22.7864,0.000531858,597.523,2.94551
0.00599328,643.228,-0.0247518,22.7863,0.000531858,597.524,2.94551
0.0059933,632.985,-0.0254243,22.7863,0.000531858,597.524,2.94552
0.00599332,622.499,-0.0259346,22.7862,0.000531858,597.524,2.94552
0.00599334,611.837,-0.0262756,22.7861,0.000531858,597.524,2.94553
0.00599336,601.068,-0.0264423,22.786,0.000531858,597.525,2.94554
0.00599338,590.264,-0.0264328,22.7859,0.000531858,597.525,2.94555
0.0059934,579.497,-0.0262473,22.7858,0.000531858,597.525,2.94555
0.00599342,568.839,-0.0258873,22.7857,0.000531858,597.525,2.94556
0.00599344,558.361,-0.0253558,22.7857,0.000531858,597.526,2.94557
0.00599346,548.132,-0.0246565,22.7856,0.000531858,597.526,2.94558
0.00599348,538.22,-0.0237941,22.7855,0.000531858,597.526,2.94559
0.0059935,528.692,-0.0227744,22.7854,0.000531858,597.526,2.9456
0.00599352,519.611,-0.0216041,22.7853,0.000531858,597.527,2.94561
0.00599354,511.036,-0.0202911,22.7852,0.000531858,597.527,2.94562
0.00599356,503.025,-0.0188439,22.7851,0.000531858,597.527,2.94563
0.00599358,495.631,-0.0172721,22.7851,0.000531858,597.527,2.94564
0.0059936,488.904,-0.0155862,22.785,0.000531858,597.527,2.94565
0.00599362,482.888,-0.0137973,22.7849,0.000531858,597.528,2.94566
0.00599364,477.623,-0.0119172,22.7848,0.000531858,597.528,2.94568
0.00599366,473.143,-0.00995847,22.7847,0.000531858,597.528,2.94569
0.00599368,469.479,-0.007934,22.7847,0.000531858,597.528,2.9457
0.0059937,466.656,-0.00585722,22.7846,0.000531858,597.528,2.94572
0.00599372,464.691,-0.00374191,22.7845,0.000531858,597.529,2.94573
0.00599374,463.597,-0.00160209,22.7844,0.000531858,597.529,2.94574
0.00599376,463.383,0.000548044,22.7843,0.000531858,597.529,2.94576
0.00599378,464.048,0.00269429,22.7843,0.000531858,597.529,2.94577
0.0059938,465.59,0.0048224,22.7842,0.000531858,597.529,2.94579
0.00599382,467.996,0.00691827,22.7841,0.000531858,597.529,2.9458
0.00599384,471.252,0.00896801,22.784,0.000531858,597.53,2.94582
0.00599386,475.334,0.0109581,22.7839,0.000531858,597.53,2.94584
0.00599388,480.217,0.0128753,22.7839,0.000531858,597.53,2.94585
0.0059939,485.867,0.014707,22.7838,0.000531858,597.53,2.94587
0.00599392,492.246,0.0164411,22.7837,0.000531858,597.53,2.94589
0.00599394,499.313,0.0180661,22.7836,0.000531858,597.53,2.94591
0.00599396,507.02,0.0195713,22.7835,0.000531858,597.53,2.94592
0.00599398,515.315,0.0209468,22.7835,0.000531858,597.53,2.94594
0.005994,524.143,0.0221836,22.7834,0.000531858,597.531,2.94596
0.00599402,533.446,0.0232736,22.7833,0.000531858,597.531,2.94598
0.00599404,543.161,0.0242096,22.7832,0.000531858,597.531,2.946
0.00599406,553.225,0.0249856,22.7831,0.000531858,597.531,2.94602
0.00599408,563.57,0.0255966,22.783,0.000531858,597.531,2.94604
0.0059941,574.127,0.0260385,22.783,0.000531858,597.531,2.94606
0.00599412,584.827,0.0263087,22.7829,0.000531858,597.531,2.94608
0.00599414,595.6,0.0264055,22.7828,0.000531858,597.531,2.9461
0.00599416,606.372,0.0263285,22.7827,0.000531858,597.531,2.94613
0.00599418,617.075,0.0260783,22.7826,0.000531858,597.531,2.94615
0.0059942,627.636,0.0256568,22.7826,0.000531858,597.532,2.94617
0.00599422,637.988,0.0250669,22.7825,0.000531858,597.532,2.94619
0.00599424,648.061,0.0243128,22.7824,0.000531858,597.532,2.94622
0.00599426,657.79,0.0233998,22.7823,0.000531858,597.532,2.94624
0.00599428,667.111,0.022334,22.7822,0.000531858,597.532,2.94626
0.0059943,675.965,0.0211227,22.7821,0.000531858,597.532,2.94629
0.00599432,684.293,0.0197742,22.782,0.000531858,597.532,2.94631
0.00599434,692.042,0.0182975,22.782,0.000531858,597.532,2.94634
0.00599436,699.163,0.0167021,22.7819,0.000531858,597.532,2.94636
0.00599437,702.881,0.0157546,22.7818,0.000531858,597.532,2.94638
0.00599437,704.039,0.0154408,22.7818,0.000531858,597.532,2.94638
0.00599437,704.983,0.0151772,22.7818,0.000531858,597.532,2.94639
0.00599438,705.658,0.0149846,22.7818,0.000531858,597.532,2.94639
0.00599438,706.473,0.014747,22.7818,0.000531858,597.533,2.94639
0.00599438,707.479,0.0144453,22.7818,0.000531858,597.533,2.9464
0.00599439,708.328,0.0141831,22.7817,0.000531858,597.533,2.9464
0.00599439,709.049,0.0139545,22.7817,0.000531858,597.533,2.9464
0.00599439,710.078,0.0136182,22.7817,0.000531858,597.533,2.94641
0.0059944,711.054,0.013288,22.7817,0.000531858,597.533,2.94641
0.0059944,712.934,0.0126188,22.7817,0.000531858,597.533,2.94642
0.00599441,714.946,0.0118487,22.7816,0.000531858,597.533,2.94643
0.00599443,718.585,0.0102836,22.7816,0.000531858,597.533,2.94646
0.00599445,722.365,0.00830939,22.7815,0.000531858,597.533,2.94648
0.00599447,725.332,0.00629963,22.7814,0.000531858,597.533,2.94651
0.00599449,727.477,0.00426364,22.7813,0.000531858,597.533,2.94654
0.00599451,728.792,0.00221574,22.7812,0.000531858,597.533,2.94657
0.00599453,729.276,0.00016867,22.7811,0.000531858,597.534,2.94659
0.00599455,728.93,-0.00187036,22.781,0.000531858,597.534,2.94662
0.00599457,727.758,-0.00389773,22.7809,0.000531858,597.534,2.94665
0.00599459,725.765,-0.00590809,22.7808,0.000531858,597.534,2.94668
0.00599461,722.96,-0.00789002,22.7807,0.000531858,597.534,2.94671
0.00599463,719.359,-0.00982904,22.7807,0.000531858,597.534,2.94674
0.00599465,714.981,-0.0117094,22.7806,0.000531858,597.535,2.94677
0.00599467,709.851,-0.0135164,22.7805,0.000531858,597.535,2.9468
0.00599469,704.003,-0.0152369,22.7804,0.000531858,597.535,2.94684
0.00599471,697.473,-0.0168589,22.7803,0.000531858,597.535,2.94687
0.00599473,690.302,-0.0183709,22.7802,0.000531858,597.536,2.9469
0.00599474,684.328,-0.0194617,22.7801,0.000531858,597.536,2.94692
0.00599475,680.737,-0.0200553,22.7801,0.000531858,597.536,2.94694
0.00599476,677.819,-0.020507,22.7801,0.000531858,597.536,2.94695
0.00599477,674.216,-0.0210296,22.78,0.000531858,597.536,2.94696
0.00599478,669.939,-0.0216044,22.78,0.000531858,597.536,2.94698
0.00599479,664.249,-0.022299,22.7799,0.000531858,597.536,2.947
0.0059948,657.942,-0.0229847,22.7799,0.000531858,597.536,2.94702
0.00599482,651.662,-0.0235874,22.7798,0.000531858,597.537,2.94705
0.00599483,643.519,-0.0242598,22.7797,0.000531858,597.537,2.94708
0.00599485,635.305,-0.0248215,22.7797,0.000531858,597.537,2.9471
0.00599487,625.056,-0.0253666,22.7796,0.000531858,597.537,2.94714
0.00599489,614.617,-0.0257498,22.7795,0.000531858,597.537,2.94717
0.00599491,604.054,-0.0259644,22.7794,0.000531858,597.538,2.94721
0.00599493,593.435,-0.0260064,22.7793,0.000531858,597.538,2.94724
0.00599495,582.833,-0.0258749,22.7792,0.000531858,597.538,2.94728
0.00599497,572.316,-0.0255709,22.7791,0.000531858,597.538,2.94732
0.00599499,561.956,-0.025097,22.779,0.000531858,597.539,2.94735
0.00599501,551.822,-0.0244566,22.779,0.000531858,597.539,2.94739
0.00599503,541.981,-0.0236543,22.7789,0.000531858,597.539,2.94743
0.00599505,532.498,-0.0226956,22.7788,0.000531858,597.539,2.94747
0.00599507,523.437,-0.0215868,22.7787,0.000531858,597.54,2.9475
0.00599509,514.857,-0.0203353,22.7786,0.000531858,597.54,2.94754
0.00599511,506.816,-0.0189493,22.7785,0.000531858,597.54,2.94758
0.00599513,499.367,-0.0174381,22.7785,0.000531858,597.54,2.94762
0.00599515,492.56,-0.0158117,22.7784,0.000531858,597.541,2.94766
0.00599517,486.44,-0.0140807,22.7783,0.000531858,597.541,2.9477
0.00599519,481.047,-0.0122567,22.7782,0.000531858,597.541,2.94774
0.00599521,476.418,-0.0103518,22.7781,0.000531858,597.541,2.94778
0.00599523,472.583,-0.00837858,22.778,0.000531858,597.541,2.94782
0.00599525,469.567,-0.00635008,22.778,0.000531858,597.542,2.94787
0.00599527,467.391,-0.00427978,22.7779,0.000531858,597.542,2.94791
0.00599529,466.069,-0.0021814,22.7778,0.000531858,597.542,2.94795
0.00599531,465.609,-6.88596e-05,22.7777,0.000531858,597.542,2.94799
0.00599533,466.015,0.00204386,22.7776,0.000531858,597.542,2.94803
0.00599535,467.284,0.0041428,22.7776,0.000531858,597.542,2.94808
0.00599537,469.407,0.00621401,22.7775,0.000531858,597.543,2.94812
0.00599539,472.37,0.00824376,22.7774,0.000531858,597.543,2.94817
0.00599541,476.153,0.0102186,22.7773,0.000531858,597.543,2.94821
0.00599543,480.73,0.0121255,22.7772,0.000531858,597.543,2.94825
0.00599545,486.072,0.0139519,22.7772,0.000531858,597.543,2.9483
0.00599547,492.142,0.0156857,22.7771,0.000531858,597.543,2.94835
0.00599549,498.9,0.0173154,22.777,0.000531858,597.543,2.94839
0.00599551,506.302,0.0188303,22.7769,0.000531858,597.543,2.94844
0.00599553,514.296,0.0202204,22.7768,0.000531858,597.544,2.94848
0.00599553,515.546,0.0204179,22.7768,0.000531858,597.544,2.94849
0.00599553,515.924,0.0204764,22.7768,0.000531858,597.544,2.94849
0.00599553,516.682,0.0205929,22.7768,0.000531858,597.544,2.9485
0.00599554,518.167,0.020816,22.7768,0.000531858,597.544,2.9485
0.00599555,521.184,0.0212495,22.7768,0.000531858,597.544,2.94852
0.00599556,527.393,0.0220645,22.7767,0.000531858,597.544,2.94855
0.00599558,536.644,0.0231042,22.7766,0.000531858,597.544,2.9486
0.0059956,546.281,0.0239902,22.7766,0.000531858,597.544,2.94865
0.00599562,556.245,0.0247172,22.7765,0.000531858,597.544,2.9487
0.00599564,566.47,0.0252807,22.7764,0.000531858,597.544,2.94875
0.00599566,576.889,0.0256775,22.7763,0.000531858,597.544,2.94879
0.00599568,587.432,0.0259049,22.7762,0.000531858,597.544,2.94884
0.0059957,598.03,0.0259617,22.7761,0.000531858,597.544,2.94889
0.00599572,608.613,0.0258476,22.7761,0.000531858,597.545,2.94894
0.00599574,619.112,0.0255635,22.776,0.000531858,597.545,2.94899
0.00599574,620.416,0.0255148,22.776,0.000531858,597.545,2.949
0.00599575,623.018,0.025411,22.776,0.000531858,597.545,2.94901
0.00599575,624.692,0.0253389,22.7759,0.000531858,597.545,2.94902
0.00599575,626.659,0.0252484,22.7759,0.000531858,597.545,2.94903
0.00599576,628.838,0.0251407,22.7759,0.000531858,597.545,2.94904
0.00599576,630.377,0.0250597,22.7759,0.000531858,597.545,2.94905
0.00599576,630.773,0.0250381,22.7759,0.000531858,597.545,2.94905
0.00599576,631.566,0.0249943,22.7759,0.000531858,597.545,2.94905
0.00599577,633.146,0.0249038,22.7759,0.000531858,597.545,2.94906
0.00599577,636.289,0.0247113,22.7758,0.000531858,597.545,2.94908
0.00599577,636.48,0.024699,22.7758,0.000531858,597.545,2.94908
0.00599577,636.481,0.024699,22.7758,0.000531858,597.545,2.94908
0.00599577,636.483,0.0246988,22.7758,0.000531858,597.545,2.94908
0.00599577,636.485,0.0246987,22.7758,0.000531858,597.545,2.94908
0.00599577,636.488,0.0246985,22.7758,0.000531858,597.545,2.94908
0.00599577,636.492,0.0246983,22.7758,0.000531858,597.545,2.94908
0.00599577,636.499,0.0246978,22.7758,0.000531858,597.545,2.94908
0.00599577,636.515,0.0246968,22.7758,0.000531858,597.545,2.94908
0.00599577,636.546,0.0246948,22.7758,0.000531858,597.545,2.94908
0.00599577,636.588,0.0246921,22.7758,0.000531858,597.545,2.94908
0.00599577,636.65,0.0246881,22.7758,0.000531858,597.545,2.94908
0.00599577,636.729,0.0246829,22.7758,0.000531858,597.545,2.94908
0.00599577,636.836,0.024676,22.7758,0.000531858,597.545,2.94908
0.00599577,636.969,0.0246674,22.7758,0.000531858,597.545,2.94908
0.00599577,637.138,0.0246563,22.7758,0.000531858,597.545,2.94908
0.00599577,637.347,0.0246426,22.7758,0.000531858,597.545,2.94908
0.00599578,637.607,0.0246254,22.7758,0.000531858,597.545,2.94908
0.00599578,637.928,0.0246041,22.7758,0.000531858,597.545,2.94909
0.00599578,638.328,0.0245772,22.7758,0.000531858,597.545,2.94909
0.00599578,638.83,0.024543,22.7758,0.000531858,597.545,2.94909
0.00599578,639.472,0.0244987,22.7758,0.000531858,597.545,2.94909
0.00599578,640.313,0.0244395,22.7758,0.000531858,597.545,2.9491
0.00599578,641.461,0.0243567,22.7758,0.000531858,597.545,2.9491
0.00599578,641.716,0.0243379,22.7758,0.000531858,597.545,2.9491
0.00599578,642.227,0.0243,22.7758,0.000531858,597.545,2.94911
0.00599578,642.346,0.0242911,22.7758,0.000531858,597.545,2.94911
0.00599579,642.555,0.0242755,22.7758,0.000531858,597.545,2.94911
0.00599579,642.612,0.0242711,22.7758,0.000531858,597.545,2.94911
0.00599579,642.713,0.0242635,22.7758,0.000531858,597.545,2.94911
0.00599579,642.724,0.0242627,22.7758,0.000531858,597.545,2.94911
0.00599579,642.745,0.0242611,22.7758,0.000531858,597.545,2.94911
0.00599579,642.788,0.0242578,22.7758,0.000531858,597.545,2.94911
0.00599579,642.793,0.0242575,22.7758,0.000531858,597.545,2.94911
0.00599579,642.803,0.0242567,22.7758,0.000531858,597.545,2.94911
0.00599579,642.805,0.0242566,22.7758,0.000531858,597.545,2.94911
0.00599579,642.808,0.0242563,22.7758,0.000531858,597.545,2.94911
0.00599579,642.815,0.0242558,22.7758,0.000531858,597.545,2.94911
0.00599579,642.817,0.0242557,22.7758,0.000531858,597.545,2.94911
0.00599579,640.756,0.0242557,22.7758,0.000531858,597.545,2.94911
0.00599579,637.654,0.0242558,22.7758,0.000531858,597.545,2.94911
0.00599579,631.267,0.0242563,22.7758,0.000531858,597.545,2.94911
0.00599579,621.569,0.0242574,22.7758,0.000531858,597.545,2.94911
0.00599579,605.384,0.0242602,22.7758,0.000531858,597.545,2.94911
0.00599579,588.321,0.0242644,22.7758,0.000531858,597.545,2.94911
0.00599579,563.363,0.0242728,22.7758,0.000531858,597.545,2.94911
0.00599579,535.341,0.0242858,22.7758,0.000531858,597.545,2.94911
0.00599579,498.07,0.0243099,22.7758,0.000531858,597.545,2.94911
0.00599579,458.9,0.0243449,22.7758,0.000531858,597.545,2.94911
0.00599579,409.101,0.0244067,22.7758,0.000531858,597.545,2.94911
0.00599579,353.553,0.0245046,22.7758,0.000531858,597.545,2.94911
0.00599579,282.577,0.0246899,22.7758,0.000531858,597.545,2.94911
0.00599579,210.743,0.0249821,22.7758,0.000531858,597.545,2.94911
0.00599579,154.614,0.0253371,22.7758,0.000531858,597.545,2.94911
0.00599579,114.141,0.0257202,22.7758,0.000531858,597.545,2.94911
0.00599579,84.766,0.0261219,22.7758,0.000531858,597.545,2.94911
0.00599579,63.5463,0.0265298,22.7758,0.000531858,597.545,2.94911
0.00599579,47.7623,0.0269481,22.7758,0.000531858,597.545,2.94911
0.00599579,35.9973,0.0273728,22.7758,0.000531858,597.545,2.94911
0.00599579,27.1037,0.0278068,22.7758,0.000531858,597.545,2.94911
0.00599579,20.4151,0.028246,22.7758,0.000531858,597.545,2.94911
0.00599579,15.3619,0.0286914,22.7758,0.000531858,597.545,2.94911
0.00599579,11.5649,0.0291395,22.7758,0.000531858,597.545,2.94911
0.00599579,8.70499,0.0295909,22.7758,0.000531858,597.545,2.94911
0.00599579,6.55756,0.0300436,22.7758,0.000531858,597.545,2.94911
0.00599579,4.94199,0.030498,22.7758,0.000531858,597.545,2.94911
0.00599579,3.72856,0.0309532,22.7758,0.000531858,597.545,2.94911
0.00599579,2.81592,0.0314097,22.7758,0.000531858,597.545,2.94911
0.00599579,2.13023,0.031867,22.7758,0.000531858,597.545,2.94911
0.00599579,1.61464,0.0323254,22.7758,0.000531858,597.545,2.94911
0.00599579,1.22726,0.032785,22.7758,0.000531858,597.545,2.94911
0.00599579,0.936104,0.0332462,22.7758,0.000531858,597.545,2.94911
0.00599579,0.717423,0.0337092,22.7758,0.000531858,597.545,2.94911
0.00599579,0.55318,0.0341749,22.7758,0.000531858,597.545,2.94911
0.00599579,0.429924,0.034644,22.7758,0.000531858,597.545,2.94911
0.00599579,0.337479,0.0351178,22.7758,0.000531858,597.545,2.94911
0.00599579,0.268237,0.0355979,22.7758,0.000531858,597.545,2.94911
0.00599579,0.216463,0.0360863,22.7758,0.000531858,597.545,2.94911
0.00599579,0.177864,0.036586,22.7758,0.000531858,597.545,2.94911
0.00599579,0.149213,0.0371006,22.7758,0.000531858,597.545,2.94911
0.00599579,0.128102,0.0376349,22.7758,0.000531858,597.545,2.94911
0.00599579,0.112725,0.0381955,22.7758,0.000531858,597.545,2.94911
0.00599579,0.10174,0.0387904,22.7758,0.000531858,597.545,2.94911
0.00599579,0.0941451,0.0394306,22.7758,0.000531858,597.545,2.94911
0.00599579,0.0891983,0.0401302,22.7758,0.000531858,597.545,2.94911
0.00599579,0.0863481,0.0409084,22.7758,0.000531858,597.545,2.94911
0.00599579,0.0851883,0.0417915,22.7758,0.000531858,597.545,2.94911
0.00599579,0.0854273,0.0428168,22.7758,0.000531858,597.545,2.94911
0.00599579,0.0868764,0.0440402,22.7758,0.000531858,597.545,2.94911
0.00599579,0.0894796,0.0455605,22.7758,0.000531858,597.545,2.94911
0.00599579,0.0933315,0.0475263,22.7758,0.000531858,597.545,2.94911
0.00599579,0.0988782,0.0502422,22.7758,0.000531858,597.545,2.94911
0.00599579,0.107317,0.0543572,22.7758,0.000531858,597.545,2.94911
0.00599579,0.12245,0.0617676,22.7758,0.000531858,597.545,2.94912
0.00599579,0.139933,0.0703385,22.7758,0.000531858,597.545,2.94912
0.00599579,0.158428,0.0793951,22.7757,0.000531858,597.545,2.94912
0.00599579,0.183829,0.0918108,22.7757,0.000531858,597.545,2.94912
0.00599579,0.209867,0.104515,22.7757,0.000531858,597.545,2.94912
0.00599579,0.232103,0.115343,22.7756,0.000531858,597.545,2.94912
0.00599579,0.269983,0.13372,22.7756,0.000531858,597.545,2.94913
0.00599579,0.297112,0.146786,22.7755,0.000531858,597.545,2.94913
0.00599579,0.317596,0.156508,22.7754,0.000531858,597.545,2.94913
0.0059958,0.323873,0.159255,22.7752,0.000531858,597.545,2.94914
0.0059958,0.314179,0.154153,22.7751,0.000531858,597.545,2.94914
0.0059958,0.285613,0.139839,22.7749,0.000531858,597.545,2.94915
0.0059958,0.244294,0.119379,22.7748,0.000531858,597.545,2.94916
0.00599581,0.199393,0.0972694,22.7747,0.000531858,597.545,2.94916
0.00599581,0.155311,0.0756415,22.7747,0.000531858,597.545,2.94917
0.00599581,0.11597,0.0563969,22.7747,0.000531858,597.545,2.94918
0.00599581,0.0824463,0.0400476,22.7747,0.000531858,597.545,2.94918
0.00599582,0.0563158,0.0273545,22.7747,0.000531858,597.545,2.94919
0.00599582,0.0382027,0.0186273,22.7747,0.000531858,597.545,2.9492
0.00599582,0.0344871,0.0168808,22.7748,0.000531858,597.545,2.9492
0.00599582,0.0339626,0.0166984,22.7748,0.000531858,597.545,2.94921
0.00599582,0.0366189,0.0180706,22.7748,0.000531858,597.545,2.94921
0.00599583,0.0434928,0.0215133,22.7749,0.000531858,597.545,2.94922
0.00599583,0.0524613,0.0259625,22.7749,0.000531858,597.545,2.94922
0.00599583,0.0651921,0.0322476,22.775,0.000531858,597.545,2.94923
0.00599583,0.078727,0.0389071,22.775,0.000531858,597.545,2.94923
0.00599584,0.0943395,0.0465679,22.775,0.000531858,597.545,2.94924
0.00599584,0.109034,0.053759,22.775,0.000531858,597.545,2.94925
0.00599584,0.122864,0.0605074,22.775,0.000531858,597.545,2.94926
0.00599585,0.133369,0.065612,22.775,0.000531858,597.545,2.94928
0.00599586,0.136596,0.0671682,22.775,0.000531858,597.545,2.94929
0.00599586,0.137253,0.0674832,22.775,0.000531858,597.545,2.94931
0.00599587,0.138008,0.0678648,22.775,0.000531858,597.545,2.94932
0.00599587,0.14055,0.0691336,22.775,0.000531858,597.545,2.94934
0.00599588,0.147858,0.0727508,22.775,0.000531858,597.545,2.94936
0.00599589,0.159236,0.0783576,22.775,0.000531858,597.545,2.94939
0.0059959,0.173793,0.0855156,22.775,0.000531858,597.545,2.94942
0.00599591,0.186416,0.0917182,22.7749,0.000531858,597.544,2.94945
0.00599593,0.205555,0.101129,22.7749,0.000531858,597.544,2.9495
0.00599595,0.225502,0.110944,22.7749,0.000531858,597.544,2.94955
0.00599597,0.246016,0.121037,22.7748,0.000531858,597.544,2.94961
0.00599599,0.266777,0.13125,22.7747,0.000531858,597.544,2.94966
0.00599601,0.287464,0.141425,22.7747,0.000531858,597.544,2.94972
0.00599603,0.308054,0.151553,22.7746,0.000531858,597.543,2.94977
0.00599605,0.328629,0.161673,22.7745,0.000531858,597.543,2.94983
0.00599607,0.349225,0.171803,22.7744,0.000531858,597.543,2.94988
0.00599609,0.369832,0.181939,22.7744,0.000531858,597.542,2.94994
0.00599611,0.390437,0.192073,22.7743,0.000531858,597.542,2.95
0.00599613,0.411038,0.202206,22.7742,0.000531858,597.541,2.95005
0.00599615,0.431637,0.212337,22.7741,0.000531858,597.541,2.95011
0.00599617,0.452237,0.222469,22.774,0.000531858,597.541,2.95017
0.00599619,0.472836,0.2326,22.7739,0.000531858,597.54,2.95023
0.00599621,0.493435,0.242732,22.7739,0.000531858,597.539,2.95029
0.00599623,0.514033,0.252862,22.7738,0.000531858,597.539,2.95034
0.00599625,0.53463,0.262992,22.7737,0.000531858,597.538,2.9504
0.00599627,0.555227,0.273122,22.7736,0.000531858,597.538,2.95046
0.00599629,0.575823,0.283252,22.7735,0.000531858,597.537,2.95052
0.00599631,0.596419,0.293381,22.7734,0.000531858,597.536,2.95058
0.00599633,0.617014,0.30351,22.7734,0.000531858,597.536,2.95064
0.00599635,0.637608,0.313638,22.7733,0.000531858,597.535,2.9507
0.00599637,0.658201,0.323767,22.7732,0.000531858,597.534,2.95077
0.00599639,0.678794,0.333894,22.7731,0.000531858,597.533,2.95083
0.00599641,0.699386,0.344022,22.773,0.000531858,597.532,2.95089
0.00599643,0.719978,0.354149,22.7729,0.000531858,597.531,2.95095
0.00599645,0.740568,0.364275,22.7728,0.000531858,597.53,2.95101
0.00599647,0.761158,0.374402,22.7728,0.000531858,597.53,2.95108
0.00599649,0.781748,0.384528,22.7727,0.000531858,597.529,2.95114
0.00599651,0.802336,0.394653,22.7726,0.000531858,597.528,2.9512
0.00599653,0.822924,0.404778,22.7725,0.000531858,597.527,2.95127
0.00599655,0.843511,0.414903,22.7724,0.000531858,597.525,2.95133
0.00599657,0.864097,0.425028,22.7723,0.000531858,597.524,2.9514
0.00599659,0.884683,0.435152,22.7723,0.000531858,597.523,2.95146
0.00599661,0.905268,0.445276,22.7722,0.000531858,597.522,2.95153
0.00599663,0.925852,0.455399,22.7721,0.000531858,597.521,2.95159
0.00599665,0.946435,0.465522,22.772,0.000531858,597.52,2.95166
0.00599667,0.967018,0.475645,22.7719,0.000531858,597.518,2.95173
0.00599669,0.987599,0.485767,22.7718,0.000531858,597.517,2.95179
0.00599671,1.00818,0.495889,22.7717,0.000531858,597.516,2.95186
0.00599673,1.02876,0.50601,22.7717,0.000531858,597.514,2.95193
0.00599675,1.04934,0.516131,22.7716,0.000531858,597.513,2.95199
0.00599677,1.06992,0.526252,22.7715,0.000531858,597.512,2.95206
0.00599679,1.0905,0.536372,22.7714,0.000531858,597.51,2.95213
0.00599681,1.11107,0.546493,22.7713,0.000531858,597.509,2.9522
0.00599683,1.13165,0.556612,22.7712,0.000531858,597.507,2.95227
0.00599685,1.15223,0.566731,22.7711,0.000531858,597.506,2.95234
0.00599687,1.1728,0.57685,22.7711,0.000531858,597.504,2.95241
0.00599689,1.19338,0.586969,22.771,0.000531858,597.503,2.95248
0.00599691,1.21395,0.597087,22.7709,0.000531858,597.501,2.95255
0.00599693,1.23452,0.607205,22.7708,0.000531858,597.499,2.95262
0.00599695,1.25509,0.617322,22.7707,0.000531858,597.498,2.95269
0.00599697,1.27567,0.627439,22.7706,0.000531858,597.496,2.95276
0.00599699,1.29624,0.637556,22.7705,0.000531858,597.494,2.95283
0.00599701,1.31681,0.647672,22.7705,0.000531858,597.493,2.9529
0.00599703,1.33737,0.657788,22.7704,0.000531858,597.491,2.95298
0.00599705,1.35794,0.667903,22.7703,0.000531858,597.489,2.95305
0.00599707,1.37851,0.678018,22.7702,0.000531858,597.487,2.95312
0.00599709,1.39908,0.688133,22.7701,0.000531858,597.485,2.9532
0.00599711,1.41964,0.698248,22.77,0.000531858,597.483,2.95327
0.00599713,1.44021,0.708362,22.77,0.000531858,597.481,2.95334
0.00599715,1.46077,0.718475,22.7699,0.000531858,597.479,2.95342
0.00599717,1.48134,0.728588,22.7698,0.000531858,597.477,2.95349
0.00599719,1.5019,0.738701,22.7697,0.000531858,597.475,2.95357
0.00599721,1.52246,0.748814,22.7696,0.000531858,597.473,2.95364
0.00599723,1.54302,0.758926,22.7695,0.000531858,597.471,2.95372
0.00599725,1.56358,0.769037,22.7694,0.000531858,597.469,2.95379
0.00599727,1.58414,0.779149,22.7694,0.000531858,597.467,2.95387
0.00599729,1.6047,0.789259,22.7693,0.000531858,597.465,2.95395
0.00599731,1.62526,0.79937,22.7692,0.000531858,597.462,2.95402
0.00599733,1.64582,0.80948,22.7691,0.000531858,597.46,2.9541
0.00599735,1.66637,0.81959,22.769,0.000531858,597.458,2.95418
0.00599737,1.68693,0.829699,22.7689,0.000531858,597.456,2.95426
0.00599739,1.70748,0.839808,22.7688,0.000531858,597.453,2.95434
0.00599741,1.72804,0.849917,22.7688,0.000531858,597.451,2.95441
0.00599743,1.74859,0.860025,22.7687,0.000531858,597.448,2.95449
0.00599745,1.76914,0.870133,22.7686,0.000531858,597.446,2.95457
0.00599747,1.78969,0.88024,22.7685,0.000531858,597.443,2.95465
0.00599749,1.81024,0.890347,22.7684,0.000531858,597.441,2.95473
0.00599751,1.83079,0.900454,22.7683,0.000531858,597.438,2.95481
0.00599753,1.85134,0.91056,22.7683,0.000531858,597.436,2.95489
0.00599755,1.86573,0.917634,22.7682,0.000531858,597.434,2.95495
0.00599755,1.86639,0.917957,22.7682,0.000531858,597.434,2.95495
0.00599755,1.8677,0.918604,22.7682,0.000531858,597.434,2.95496
0.00599755,1.86983,0.919654,22.7682,0.000531858,597.434,2.95497
0.00599755,1.87226,0.920844,22.7682,0.000531858,597.433,2.95497
0.00599756,1.87457,0.921983,22.7682,0.000531858,597.433,2.95498
0.00599756,1.87552,0.922449,22.7682,0.000531858,597.433,2.95499
0.00599756,1.87659,0.922975,22.7681,0.000531858,597.433,2.95499
0.00599756,1.87701,0.923185,22.7681,0.000531858,597.433,2.95499
0.00599756,1.87774,0.923543,22.7681,0.000531858,597.433,2.955
0.00599756,1.87795,0.923645,22.7681,0.000531858,597.433,2.955
0.00599756,1.87831,0.923821,22.7681,0.000531858,597.432,2.955
0.00599756,1.87841,0.92387,22.7681,0.000531858,597.432,2.955
0.00599756,1.87858,0.923956,22.7681,0.000531858,597.432,2.955
0.00599756,1.87861,0.923969,22.7681,0.000531858,597.432,2.955
0.00599756,1.87866,0.923995,22.7681,0.000531858,597.432,2.955
0.00599756,1.87867,0.924,22.7681,0.000531858,597.432,2.955
0.00599756,1.87869,0.924011,22.7681,0.000531858,597.432,2.955
0.00599756,1.87874,0.924032,22.7681,0.000531858,597.432,2.955
0.00599756,1.87875,0.924036,22.7681,0.000531858,597.432,2.955
0.00599756,1.90512,0.924039,22.7681,0.000531858,597.432,2.955
0.00599756,1.93569,0.924041,22.7681,0.000531858,597.432,2.955
0.00599756,1.98649,0.924043,22.7681,0.000531858,597.432,2.955
0.00599756,2.06231,0.924045,22.7681,0.000531858,597.432,2.955
0.00599756,2.20817,0.92405,22.7681,0.000531858,597.432,2.955
0.00599756,2.3786,0.924054,22.7681,0.000531858,597.432,2.955
0.00599756,2.60526,0.92406,22.7681,0.000531858,597.432,2.955
0.00599756,2.90772,0.924067,22.7681,0.000531858,597.432,2.955
0.00599756,3.40304,0.92408,22.7681,0.000531858,597.432,2.955
0.00599756,4.39243,0.924102,22.7681,0.000531858,597.432,2.955
0.00599756,6.37076,0.924143,22.7681,0.000531858,597.432,2.955
0.00599756,10.3277,0.924206,22.7681,0.000531858,597.432,2.955
0.00599756,18.2419,0.924253,22.7681,0.000531858,597.432,2.955
0.00599756,34.0676,0.924044,22.7681,0.000531858,597.432,2.95501
0.00599756,65.6826,0.922519,22.7681,0.000531858,597.432,2.95501
0.00599757,128.609,0.916138,22.7681,0.000531858,597.432,2.95503
0.00599757,145.244,0.913806,22.7681,0.000531858,597.431,2.95503
0.00599757,154.868,0.912363,22.7681,0.000531858,597.431,2.95503
0.00599757,169.93,0.910009,22.7681,0.000531858,597.431,2.95504
0.00599757,182.52,0.907977,22.7681,0.000531858,597.431,2.95504
0.00599757,192.587,0.906323,22.7681,0.000531858,597.431,2.95504
0.00599757,201.945,0.904771,22.7681,0.000531858,597.431,2.95504
0.00599757,211.537,0.903175,22.7682,0.000531858,597.431,2.95505
0.00599757,221.95,0.901444,22.7682,0.000531858,597.431,2.95505
0.00599757,231.992,0.899785,22.7682,0.000531858,597.431,2.95505
0.00599757,242.468,0.898073,22.7682,0.000531858,597.431,2.95505
0.00599757,252.552,0.89645,22.7682,0.000531858,597.431,2.95505
0.00599757,262.856,0.894823,22.7682,0.000531858,597.431,2.95506
0.00599757,272.898,0.893276,22.7682,0.000531858,597.431,2.95506
0.00599758,283.081,0.891749,22.7682,0.000531858,597.431,2.95506
0.00599758,293.107,0.890293,22.7682,0.000531858,597.43,2.95506
0.00599758,303.225,0.888876,22.7682,0.000531858,597.43,2.95507
0.00599758,313.243,0.887526,22.7682,0.000531858,597.43,2.95507
0.00599758,323.316,0.886228,22.7682,0.000531858,597.43,2.95507
0.00599758,333.321,0.884998,22.7683,0.000531858,597.43,2.95507
0.00599758,343.354,0.883826,22.7683,0.000531858,597.43,2.95507
0.00599758,353.339,0.882724,22.7683,0.000531858,597.43,2.95508
0.00599758,363.338,0.881684,22.7683,0.000531858,597.43,2.95508
0.00599758,373.303,0.880713,22.7683,0.000531858,597.43,2.95508
0.00599758,383.273,0.879806,22.7683,0.000531858,597.43,2.95508
0.00599758,393.219,0.878966,22.7683,0.000531858,597.43,2.95509
0.00599758,403.165,0.87819,22.7683,0.000531858,597.43,2.95509
0.00599758,413.093,0.877478,22.7683,0.000531858,597.43,2.95509
0.00599758,423.019,0.876828,22.7684,0.000531858,597.43,2.95509
0.00599758,432.932,0.876238,22.7684,0.000531858,597.43,2.95509
0.00599758,442.841,0.875707,22.7684,0.000531858,597.429,2.9551
0.00599758,452.74,0.875233,22.7684,0.000531858,597.429,2.9551
0.00599759,462.635,0.874812,22.7684,0.000531858,597.429,2.9551
0.00599759,472.522,0.874443,22.7684,0.000531858,597.429,2.9551
0.00599759,482.405,0.874123,22.7684,0.000531858,597.429,2.95511
0.00599759,492.282,0.873848,22.7685,0.000531858,597.429,2.95511
0.00599759,502.156,0.873617,22.7685,0.000531858,597.429,2.95511
0.00599759,512.025,0.873425,22.7685,0.000531858,597.429,2.95511
0.00599759,521.891,0.87327,22.7685,0.000531858,597.429,2.95512
0.00599759,532.494,0.87314,22.7685,0.000531858,597.429,2.95512
0.00599759,544.21,0.873036,22.7685,0.000531858,597.429,2.95512
0.00599759,557.261,0.872963,22.7685,0.000531858,597.429,2.95512
0.00599759,571.948,0.872925,22.7686,0.000531858,597.429,2.95513
0.00599759,588.545,0.872923,22.7686,0.000531858,597.428,2.95513
0.00599759,607.574,0.872954,22.7686,0.000531858,597.428,2.95513
0.00599759,629.688,0.873002,22.7686,0.000531858,597.428,2.95514
0.0059976,656,0.873019,22.7687,0.000531858,597.428,2.95515
0.0059976,688.136,0.872875,22.7687,0.000531858,597.428,2.95515
0.0059976,723.845,0.872314,22.7687,0.000531858,597.428,2.95516
0.0059976,744.614,0.8717,22.7688,0.000531858,597.427,2.95517
0.0059976,753.351,0.871361,22.7688,0.000531858,597.427,2.95517
0.0059976,758.819,0.871118,22.7688,0.000531858,597.427,2.95517
0.0059976,761.889,0.87097,22.7688,0.000531858,597.427,2.95517
0.0059976,764.186,0.870853,22.7688,0.000531858,597.427,2.95517
0.0059976,765.662,0.870775,22.7688,0.000531858,597.427,2.95517
0.0059976,766.899,0.870708,22.7688,0.000531858,597.427,2.95517
0.0059976,767.972,0.870648,22.7688,0.000531858,597.427,2.95517
0.0059976,769.64,0.870552,22.7688,0.000531858,597.427,2.95517
0.0059976,771.325,0.870451,22.7688,0.000531858,597.427,2.95517
0.0059976,772.501,0.870378,22.7688,0.000531858,597.427,2.95517
0.0059976,773.544,0.870312,22.7688,0.000531858,597.427,2.95517
0.0059976,775.062,0.870212,22.7688,0.000531858,597.427,2.95517
0.0059976,776.712,0.870099,22.7688,0.000531858,597.427,2.95517
0.0059976,778.947,0.869938,22.7688,0.000531858,597.427,2.95517
0.0059976,781.795,0.86972,22.7688,0.000531858,597.427,2.95517
0.0059976,783.297,0.869599,22.7688,0.000531858,597.427,2.95518
0.0059976,785.487,0.869415,22.7688,0.000531858,597.427,2.95518
0.0059976,787.811,0.869209,22.7688,0.000531858,597.427,2.95518
0.0059976,792.454,0.868769,22.7688,0.000531858,597.427,2.95518
0.0059976,799.042,0.868073,22.7688,0.000531858,597.427,2.95518
0.0059976,807.599,0.867046,22.7688,0.000531858,597.427,2.95518
0.0059976,814.682,0.866088,22.7688,0.000531858,597.427,2.95518
0.00599761,819.631,0.865358,22.7689,0.000531858,597.427,2.95518
0.00599761,823.484,0.864753,22.7689,0.000531858,597.427,2.95518
0.00599761,826.346,0.864282,22.7689,0.000531858,597.427,2.95519
0.00599761,828.689,0.863881,22.7689,0.000531858,597.427,2.95519
0.00599761,830.507,0.863559,22.7689,0.000531858,597.427,2.95519
0.00599761,831.143,0.863444,22.7689,0.000531858,597.427,2.95519
0.00599761,831.559,0.863368,22.7689,0.000531858,597.427,2.95519
0.00599761,831.87,0.863311,22.7689,0.000531858,597.427,2.95519
0.00599761,832.202,0.863249,22.7689,0.000531858,597.427,2.95519
0.00599761,832.665,0.863162,22.7689,0.000531858,597.427,2.95519
0.00599761,832.908,0.863116,22.7689,0.000531858,597.427,2.95519
0.00599761,833.346,0.863032,22.7689,0.000531858,597.427,2.95519
0.00599761,833.746,0.862955,22.7689,0.000531858,597.427,2.95519
0.00599761,834.544,0.8628,22.7689,0.000531858,597.427,2.95519
0.00599761,835.715,0.86257,22.7689,0.000531858,597.427,2.95519
0.00599761,838.055,0.862102,22.7689,0.000531858,597.427,2.95519
0.00599761,842.736,0.861134,22.7689,0.000531858,597.427,2.95519
0.00599761,845.629,0.860444,22.7689,0.000531858,597.427,2.95519
0.00599761,847.505,0.859775,22.7689,0.000531858,597.427,2.95519
0.00599761,848.425,0.859251,22.7689,0.000531858,597.427,2.95519
0.00599761,849.07,0.858649,22.7689,0.000531858,597.427,2.95519
0.00599761,849.527,0.857855,22.7689,0.000531858,597.427,2.95519
0.00599761,849.84,0.856455,22.7689,0.000531858,597.427,2.9552
0.00599761,849.898,0.854926,22.7689,0.000531858,597.427,2.9552
0.00599761,849.862,0.851869,22.769,0.000531858,597.427,2.9552
0.00599761,849.805,0.847949,22.769,0.000531858,597.427,2.9552
0.00599761,849.742,0.840115,22.7691,0.000531858,597.427,2.95521
0.00599762,849.681,0.830297,22.7692,0.000531858,597.427,2.95523
0.00599762,849.612,0.819335,22.7693,0.000531858,597.427,2.95524
0.00599762,849.547,0.809175,22.7694,0.000531858,597.427,2.95525
0.00599762,849.483,0.799074,22.7696,0.000531858,597.427,2.95526
0.00599763,849.423,0.789709,22.7697,0.000531858,597.427,2.95527
0.00599763,849.364,0.78047,22.7698,0.000531858,597.427,2.95528
0.00599763,849.308,0.771739,22.77,0.000531858,597.427,2.95529
0.00599763,849.254,0.763262,22.7701,0.000531858,597.427,2.9553
0.00599764,849.204,0.755398,22.7703,0.000531858,597.427,2.95531
0.00599764,849.166,0.749441,22.7704,0.000531858,597.427,2.95532
0.00599764,849.133,0.74433,22.7705,0.000531858,597.427,2.95533
0.00599764,849.099,0.739067,22.7706,0.000531858,597.427,2.95533
0.00599764,849.064,0.733586,22.7707,0.000531858,597.427,2.95534
0.00599764,849.045,0.730628,22.7708,0.000531858,597.427,2.95534
0.00599764,849.022,0.726982,22.7709,0.000531858,597.427,2.95535
0.00599765,849.007,0.724623,22.7709,0.000531858,597.427,2.95535
0.00599765,848.993,0.722494,22.771,0.000531858,597.427,2.95535
0.00599765,848.974,0.719458,22.771,0.000531858,597.427,2.95535
0.00599765,848.951,0.715856,22.7711,0.000531858,597.427,2.95536
0.00599765,848.909,0.709235,22.7713,0.000531858,597.427,2.95537
0.00599765,848.87,0.703163,22.7714,0.000531858,597.427,2.95537
0.00599765,848.792,0.691029,22.7717,0.000531858,597.427,2.95539
0.00599766,848.693,0.675619,22.7721,0.000531858,597.427,2.95541
0.00599766,848.581,0.658019,22.7726,0.000531858,597.427,2.95543
0.00599767,848.448,0.637349,22.7731,0.000531858,597.427,2.95545
0.00599768,848.297,0.613823,22.7738,0.000531858,597.427,2.95548
0.00599769,848.114,0.585277,22.7747,0.000531858,597.427,2.95551
0.0059977,847.891,0.550511,22.7758,0.000531858,597.427,2.95555
0.00599771,847.598,0.50501,22.7774,0.000531858,597.428,2.95561
0.00599773,847.198,0.443013,22.7797,0.000531858,597.428,2.95568
0.00599775,846.754,0.374508,22.7824,0.000531858,597.428,2.95577
0.00599777,846.31,0.306362,22.7853,0.000531858,597.428,2.95585
0.00599779,845.865,0.238572,22.7882,0.000531858,597.428,2.95593
0.00599781,845.416,0.171138,22.7912,0.000531858,597.428,2.95602
0.00599783,844.957,0.104063,22.7943,0.000531858,597.429,2.9561
0.00599785,844.468,0.0373587,22.7975,0.000531858,597.429,2.95618
0.00599785,844.343,0.0237651,22.7981,0.000531858,597.429,2.9562
0.00599785,844.211,0.0109116,22.7987,0.000531858,597.429,2.95621
0.00599786,844.15,0.00604512,22.799,0.000531858,597.429,2.95622
0.00599786,844.041,-0.00029866,22.7993,0.000531858,597.429,2.95623
0.00599786,843.857,-0.00622588,22.7996,0.000531858,597.429,2.95623
0.00599786,843.488,-0.0125775,22.7999,0.000531858,597.429,2.95624
0.00599786,842.935,-0.0186201,22.8002,0.000531858,597.429,2.95625
0.00599787,841.997,-0.0258096,22.8005,0.000531858,597.429,2.95626
0.00599787,840.915,-0.0320872,22.8008,0.000531858,597.429,2.95626
0.00599787,839.466,-0.0388278,22.8012,0.000531858,597.429,2.95627
0.00599787,837.544,-0.0461196,22.8015,0.000531858,597.429,2.95628
0.00599788,834.426,-0.0556772,22.802,0.000531858,597.429,2.9563
0.00599788,829.737,-0.0670268,22.8027,0.000531858,597.429,2.95631
0.00599788,822.049,-0.0812824,22.8035,0.000531858,597.429,2.95633
0.00599789,809.992,-0.0975661,22.8046,0.000531858,597.429,2.95636
0.0059979,790.453,-0.115026,22.806,0.000531858,597.43,2.9564
0.00599791,760.975,-0.128546,22.8077,0.000531858,597.43,2.95644
0.00599793,719.918,-0.128615,22.8097,0.000531858,597.43,2.95651
0.00599795,674.842,-0.102182,22.8117,0.000531858,597.431,2.95659
0.00599796,654.177,-0.0741309,22.8124,0.000531858,597.431,2.95663
0.00599797,643.927,-0.0505961,22.8128,0.000531858,597.431,2.95667
0.00599798,638.692,-0.0306756,22.813,0.000531858,597.431,2.95669
0.00599798,636.161,-0.0112828,22.8131,0.000531858,597.432,2.95671
0.00599799,636.022,0.0086555,22.8131,0.000531858,597.432,2.95674
0.00599799,638.5,0.0292218,22.8131,0.000531858,597.432,2.95676
0.005998,644.814,0.0525499,22.813,0.000531858,597.432,2.95679
0.00599801,657.216,0.0784268,22.8127,0.000531858,597.432,2.95683
0.00599802,676.721,0.102542,22.8123,0.000531858,597.432,2.95687
0.00599803,704.736,0.121297,22.8117,0.000531858,597.431,2.95691
0.00599805,740.197,0.128518,22.8111,0.000531858,597.431,2.95697
0.00599807,783.202,0.115764,22.8104,0.000531858,597.431,2.95703
0.00599808,812.664,0.0885787,22.8102,0.000531858,597.431,2.95709
0.00599809,824.642,0.0691842,22.8102,0.000531858,597.431,2.95712
0.00599809,830.052,0.0570574,22.8102,0.000531858,597.431,2.95713
0.0059981,833.847,0.0460799,22.8102,0.000531858,597.431,2.95715
0.0059981,836.412,0.0364518,22.8103,0.000531858,597.431,2.95716
0.0059981,838.074,0.0282868,22.8104,0.000531858,597.431,2.95717
0.00599811,839.168,0.0211127,22.8104,0.000531858,597.431,2.95717
0.00599811,839.967,0.0135496,22.8105,0.000531858,597.431,2.95718
0.00599811,840.359,0.00735092,22.8106,0.000531858,597.431,2.95719
0.00599811,840.519,0.000778405,22.8107,0.000531858,597.431,2.9572
0.00599811,840.426,-0.00559116,22.8107,0.000531858,597.431,2.9572
0.00599812,839.851,-0.0148719,22.8109,0.000531858,597.431,2.95722
0.00599812,838.629,-0.0248949,22.811,0.000531858,597.431,2.95723
0.00599812,836.961,-0.0339565,22.8112,0.000531858,597.431,2.95724
0.00599813,834.39,-0.0441897,22.8114,0.000531858,597.431,2.95725
0.00599813,830.857,-0.0548636,22.8116,0.000531858,597.431,2.95726
0.00599813,825.362,-0.0675605,22.8119,0.000531858,597.431,2.95728
0.00599814,817.192,-0.0817457,22.8123,0.000531858,597.432,2.9573
0.00599815,804.395,-0.0977426,22.8128,0.000531858,597.432,2.95732
0.00599816,785.027,-0.113538,22.8135,0.000531858,597.432,2.95735
0.00599817,756.213,-0.125094,22.8144,0.000531858,597.432,2.9574
0.00599818,724.648,-0.125177,22.8153,0.000531858,597.433,2.95744
0.00599819,697.071,-0.114628,22.8159,0.000531858,597.433,2.95748
0.0059982,675.44,-0.0974874,22.8164,0.000531858,597.433,2.95751
0.00599821,659.523,-0.076845,22.8167,0.000531858,597.433,2.95755
0.00599822,648.635,-0.0547063,22.8168,0.000531858,597.434,2.95757
0.00599823,640.962,-0.0267455,22.8168,0.000531858,597.434,2.95761
0.00599824,638.776,-0.0050917,22.8167,0.000531858,597.434,2.95763
0.00599824,639.471,0.0152465,22.8166,0.000531858,597.434,2.95765
0.00599825,642.955,0.0358622,22.8164,0.000531858,597.434,2.95767
0.00599826,649.333,0.0558975,22.8161,0.000531858,597.434,2.95769
0.00599826,658.565,0.0746003,22.8158,0.000531858,597.434,2.95772
0.00599827,672.958,0.0940469,22.8153,0.000531858,597.434,2.95774
0.00599828,691.245,0.109931,22.8148,0.000531858,597.434,2.95777
0.00599829,715.01,0.12142,22.8142,0.000531858,597.434,2.95781
0.0059983,741.621,0.125027,22.8136,0.000531858,597.434,2.95784
0.00599831,770.694,0.118619,22.813,0.000531858,597.433,2.95788
0.00599833,798.347,0.100537,22.8126,0.000531858,597.433,2.95792
0.00599834,818.424,0.0753977,22.8124,0.000531858,597.433,2.95795
0.00599834,827.155,0.0578482,22.8124,0.000531858,597.433,2.95798
0.00599835,831.576,0.0454563,22.8124,0.000531858,597.433,2.95799
0.00599835,834.14,0.0359529,22.8124,0.000531858,597.433,2.958
0.00599836,836.066,0.026372,22.8125,0.000531858,597.433,2.95801
0.00599836,837.29,0.017562,22.8126,0.000531858,597.433,2.95802
0.00599836,838.057,0.00793227,22.8126,0.000531858,597.433,2.95803
0.00599836,838.237,-0.00214988,22.8127,0.000531858,597.433,2.95804
0.00599837,837.782,-0.0122675,22.8129,0.000531858,597.433,2.95805
0.00599837,836.587,-0.0230266,22.813,0.000531858,597.434,2.95806
0.00599837,834.619,-0.0338012,22.8132,0.000531858,597.434,2.95807
0.00599838,831.402,-0.0459466,22.8134,0.000531858,597.434,2.95808
0.00599838,827.099,-0.0578524,22.8136,0.000531858,597.434,2.95809
0.00599839,820.419,-0.0716692,22.8139,0.000531858,597.434,2.95811
0.00599839,810.722,-0.0864068,22.8143,0.000531858,597.434,2.95813
0.0059984,795.713,-0.102301,22.8149,0.000531858,597.434,2.95815
0.00599841,773.678,-0.116451,22.8156,0.000531858,597.434,2.95818
0.00599842,754.301,-0.122534,22.8162,0.000531858,597.435,2.95821
0.00599843,737.423,-0.123795,22.8166,0.000531858,597.435,2.95823
0.00599843,719.555,-0.121198,22.8171,0.000531858,597.435,2.95825
0.00599844,703.669,-0.115289,22.8175,0.000531858,597.435,2.95827
0.00599845,682.729,-0.101258,22.8179,0.000531858,597.435,2.95829
0.00599846,664.516,-0.0806278,22.8182,0.000531858,597.436,2.95832
0.00599847,650.233,-0.053207,22.8184,0.000531858,597.436,2.95835
0.00599848,643.422,-0.0291756,22.8184,0.000531858,597.436,2.95838
0.00599849,640.927,-0.0092435,22.8183,0.000531858,597.436,2.95839
0.00599849,640.998,0.00993473,22.8182,0.000531858,597.436,2.95841
0.0059985,643.641,0.0297985,22.818,0.000531858,597.436,2.95843
0.00599851,650.04,0.0521301,22.8177,0.000531858,597.436,2.95845
0.00599852,662.356,0.0767117,22.8172,0.000531858,597.436,2.95848
0.00599853,678.978,0.0970198,22.8167,0.000531858,597.436,2.9585
0.00599853,693.429,0.108563,22.8163,0.000531858,597.436,2.95852
0.00599854,708.044,0.116322,22.8159,0.000531858,597.436,2.95854
0.00599855,724.358,0.121232,22.8155,0.000531858,597.436,2.95856
0.00599855,742.302,0.122576,22.8151,0.000531858,597.436,2.95858
0.00599856,765.115,0.118279,22.8147,0.000531858,597.436,2.9586
0.00599857,788.087,0.106267,22.8143,0.000531858,597.436,2.95863
0.00599858,811.095,0.0830847,22.814,0.000531858,597.436,2.95866
0.00599859,822.509,0.0638757,22.8139,0.000531858,597.436,2.95868
0.0059986,828.509,0.0492206,22.8139,0.000531858,597.436,2.9587
0.0059986,831.619,0.038925,22.8139,0.000531858,597.436,2.95871
0.00599861,833.962,0.0284342,22.814,0.000531858,597.436,2.95871
0.00599861,835.461,0.0185834,22.8141,0.000531858,597.436,2.95872
0.00599861,836.37,0.00777207,22.8142,0.000531858,597.436,2.95873
0.00599862,836.519,-0.00358689,22.8143,0.000531858,597.436,2.95874
0.00599862,835.816,-0.0152883,22.8144,0.000531858,597.436,2.95875
0.00599862,834.317,-0.026413,22.8146,0.000531858,597.436,2.95876
0.00599863,831.852,-0.0379687,22.8148,0.000531858,597.436,2.95877
0.00599863,827.835,-0.0510414,22.815,0.000531858,597.436,2.95878
0.00599864,822.433,-0.06387,22.8153,0.000531858,597.436,2.95879
0.00599864,814.05,-0.0785488,22.8156,0.000531858,597.436,2.95881
0.00599865,801.93,-0.0937118,22.8161,0.000531858,597.436,2.95883
0.00599866,783.429,-0.108879,22.8167,0.000531858,597.436,2.95885
0.00599867,767.646,-0.116689,22.8172,0.000531858,597.437,2.95887
0.00599867,751.951,-0.120802,22.8177,0.000531858,597.437,2.95888
0.00599868,735.085,-0.121597,22.8181,0.000531858,597.437,2.9589
0.00599869,716.76,-0.118284,22.8186,0.000531858,597.437,2.95892
0.0059987,694.776,-0.107979,22.8191,0.000531858,597.437,2.95894
0.00599871,673.635,-0.0894318,22.8195,0.000531858,597.438,2.95897
0.00599872,654.637,-0.0592659,22.8197,0.000531858,597.438,2.959
0.00599873,646.022,-0.0331129,22.8198,0.000531858,597.438,2.95902
0.00599874,642.931,-0.0129885,22.8197,0.000531858,597.438,2.95903
0.00599874,642.509,0.00567059,22.8196,0.000531858,597.438,2.95905
0.00599875,644.608,0.0254652,22.8194,0.000531858,597.438,2.95906
0.00599876,649.715,0.0458536,22.8191,0.000531858,597.438,2.95908
0.00599876,660.8,0.0706023,22.8187,0.000531858,597.438,2.9591
0.00599878,677.653,0.0929275,22.8181,0.000531858,597.438,2.95912
0.00599878,693.949,0.106435,22.8177,0.000531858,597.438,2.95914
0.00599879,708.692,0.114275,22.8173,0.000531858,597.438,2.95915
0.0059988,723.709,0.118871,22.8169,0.000531858,597.438,2.95917
0.0059988,739.606,0.120425,22.8165,0.000531858,597.438,2.95918
0.00599881,759.304,0.11777,22.8161,0.000531858,597.438,2.9592
0.00599882,780.901,0.108524,22.8157,0.000531858,597.438,2.95922
0.00599883,803.082,0.0899311,22.8154,0.000531858,597.438,2.95924
0.00599884,818.449,0.0678022,22.8153,0.000531858,597.438,2.95927
0.00599885,825.082,0.0533725,22.8153,0.000531858,597.438,2.95928
0.00599885,829.117,0.0413807,22.8153,0.000531858,597.438,2.95929
0.00599886,831.853,0.0301509,22.8153,0.000531858,597.438,2.95929
0.00599886,833.601,0.0195349,22.8154,0.000531858,597.438,2.9593
0.00599886,834.645,0.00779914,22.8155,0.000531858,597.438,2.95931
0.00599887,834.773,-0.00456482,22.8156,0.000531858,597.438,2.95932
0.00599887,833.85,-0.0174416,22.8158,0.000531858,597.438,2.95933
0.00599888,831.933,-0.0297018,22.816,0.000531858,597.438,2.95934
0.00599888,828.839,-0.0422618,22.8162,0.000531858,597.438,2.95934
0.00599889,823.997,-0.0559547,22.8164,0.000531858,597.438,2.95935
0.00599889,817.38,-0.0695504,22.8167,0.000531858,597.438,2.95937
0.0059989,807.256,-0.0846454,22.8171,0.000531858,597.438,2.95938
0.0059989,792.592,-0.099718,22.8177,0.000531858,597.439,2.95939
0.00599891,776.556,-0.110432,22.8182,0.000531858,597.439,2.95941
0.00599892,761.398,-0.116521,22.8186,0.000531858,597.439,2.95942
0.00599893,744.602,-0.119449,22.8191,0.000531858,597.439,2.95944
0.00599893,728.536,-0.118768,22.8195,0.000531858,597.439,2.95945
0.00599894,706.405,-0.112099,22.82,0.000531858,597.439,2.95947
0.00599895,685.735,-0.0987495,22.8205,0.000531858,597.44,2.95949
0.00599896,664.272,-0.0736058,22.8208,0.000531858,597.44,2.95951
0.00599898,651.628,-0.0467293,22.8209,0.000531858,597.44,2.95953
0.00599898,646.073,-0.0244979,22.8209,0.000531858,597.44,2.95954
0.00599899,644.171,-0.00565111,22.8208,0.000531858,597.44,2.95955
0.005999,644.648,0.0128284,22.8207,0.000531858,597.44,2.95957
0.005999,647.562,0.031645,22.8205,0.000531858,597.44,2.95958
0.00599901,654.66,0.0541936,22.8202,0.000531858,597.44,2.95959
0.00599902,667.262,0.0773938,22.8197,0.000531858,597.44,2.95961
0.00599903,687.25,0.0990945,22.8191,0.000531858,597.44,2.95963
0.00599904,703.789,0.109782,22.8186,0.000531858,597.44,2.95964
0.00599905,718.788,0.115527,22.8182,0.000531858,597.44,2.95965
0.00599905,735.405,0.118183,22.8178,0.000531858,597.44,2.95966
0.00599906,751.813,0.117207,22.8175,0.000531858,597.44,2.95968
0.00599907,773.668,0.110107,22.8171,0.000531858,597.44,2.95969
0.00599908,794.275,0.0960217,22.8167,0.000531858,597.44,2.95971
0.00599909,814.957,0.0702199,22.8165,0.000531858,597.44,2.95973
0.0059991,824.023,0.0509991,22.8165,0.000531858,597.44,2.95974
0.0059991,828.322,0.0374185,22.8165,0.000531858,597.44,2.95975
0.00599911,830.664,0.026823,22.8166,0.000531858,597.44,2.95975
0.00599911,832.283,0.0154068,22.8166,0.000531858,597.44,2.95976
0.00599912,833.064,0.000980517,22.8168,0.000531858,597.44,2.95977
0.00599912,832.568,-0.0122598,22.8169,0.000531858,597.44,2.95978
0.00599913,830.143,-0.0294613,22.8171,0.000531858,597.44,2.95978
0.00599913,826.647,-0.0431766,22.8174,0.000531858,597.44,2.95979
0.00599914,820.724,-0.0587671,22.8177,0.000531858,597.44,2.9598
0.00599914,813.484,-0.072348,22.818,0.000531858,597.44,2.95981
0.00599915,801.919,-0.0878583,22.8184,0.000531858,597.441,2.95982
0.00599916,785.918,-0.102198,22.819,0.000531858,597.441,2.95983
0.00599917,771.388,-0.110516,22.8194,0.000531858,597.441,2.95984
0.00599917,756.617,-0.115465,22.8199,0.000531858,597.441,2.95985
0.00599918,740.56,-0.117362,22.8203,0.000531858,597.441,2.95986
0.00599919,722.837,-0.115448,22.8207,0.000531858,597.441,2.95987
0.0059992,701.384,-0.107147,22.8212,0.000531858,597.442,2.95989
0.00599921,680.339,-0.0909695,22.8216,0.000531858,597.442,2.9599
0.00599922,660.843,-0.0637946,22.8219,0.000531858,597.442,2.95992
0.00599923,651.059,-0.0387811,22.822,0.000531858,597.442,2.95993
0.00599924,647.023,-0.0188549,22.8219,0.000531858,597.442,2.95994
0.00599924,645.826,-0.000808712,22.8218,0.000531858,597.443,2.95995
0.00599925,647.114,0.019082,22.8217,0.000531858,597.443,2.95996
0.00599926,650.685,0.0368814,22.8214,0.000531858,597.443,2.95997
0.00599926,659.956,0.061377,22.821,0.000531858,597.443,2.95998
0.00599927,673.707,0.0827436,22.8206,0.000531858,597.443,2.95999
0.00599928,690.039,0.0987017,22.8201,0.000531858,597.443,2.96
0.00599929,704.223,0.107647,22.8197,0.000531858,597.443,2.96001
0.0059993,718.37,0.113181,22.8193,0.000531858,597.442,2.96002
0.0059993,734.033,0.115926,22.8189,0.000531858,597.442,2.96003
0.00599931,749.864,0.11532,22.8186,0.000531858,597.442,2.96004
0.00599932,771.121,0.108985,22.8182,0.000531858,597.442,2.96005
0.00599933,791.398,0.0958817,22.8178,0.000531858,597.442,2.96006
0.00599934,812.006,0.0715202,22.8176,0.000531858,597.442,2.96007
0.00599935,820.787,0.0543401,22.8175,0.000531858,597.442,2.96008
0.00599935,825.5,0.0410636,22.8175,0.000531858,597.442,2.96009
0.00599936,828.521,0.028889,22.8176,0.000531858,597.442,2.96009
0.00599936,830.41,0.0168897,22.8177,0.000531858,597.442,2.9601
0.00599937,831.338,0.0032066,22.8178,0.000531858,597.442,2.9601
0.00599937,830.966,-0.0109467,22.8179,0.000531858,597.442,2.96011
0.00599938,828.589,-0.0284653,22.8182,0.000531858,597.442,2.96011
0.00599938,825.064,-0.0423832,22.8184,0.000531858,597.442,2.96012
0.00599939,819.472,-0.0571934,22.8187,0.000531858,597.443,2.96013
0.00599939,811.846,-0.0714961,22.819,0.000531858,597.443,2.96013
0.0059994,800.559,-0.0865092,22.8194,0.000531858,597.443,2.96014
0.00599941,784.288,-0.100895,22.82,0.000531858,597.443,2.96015
0.00599942,769.849,-0.108939,22.8204,0.000531858,597.443,2.96015
0.00599942,755.219,-0.113621,22.8209,0.000531858,597.443,2.96016
0.00599943,739.426,-0.115255,22.8213,0.000531858,597.444,2.96017
0.00599944,721.601,-0.113012,22.8217,0.000531858,597.444,2.96018
0.00599945,700.582,-0.104389,22.8222,0.000531858,597.444,2.96018
0.00599946,679.826,-0.0877248,22.8226,0.000531858,597.444,2.9602
0.00599947,661.085,-0.0603828,22.8228,0.000531858,597.444,2.96021
0.00599948,651.994,-0.0357548,22.8229,0.000531858,597.445,2.96022
0.00599949,648.424,-0.0165826,22.8228,0.000531858,597.445,2.96022
0.00599949,647.49,0.00104802,22.8227,0.000531858,597.445,2.96023
0.0059995,648.939,0.0200881,22.8225,0.000531858,597.445,2.96023
0.00599951,652.707,0.0378473,22.8223,0.000531858,597.445,2.96024
0.00599952,662.152,0.0618256,22.8219,0.000531858,597.445,2.96025
0.00599953,676.172,0.0828233,22.8214,0.000531858,597.445,2.96025
0.00599953,692.042,0.0977855,22.8209,0.000531858,597.445,2.96026
0.00599954,705.907,0.106236,22.8205,0.000531858,597.445,2.96027
0.00599955,719.834,0.111444,22.8202,0.000531858,597.445,2.96027
0.00599955,735.145,0.113894,22.8198,0.000531858,597.445,2.96028
0.00599956,751.147,0.112998,22.8195,0.000531858,597.445,2.96028
0.00599957,771.942,0.106336,22.819,0.000531858,597.445,2.96029
0.00599958,792.025,0.0927347,22.8187,0.000531858,597.444,2.96029
0.00599959,811.886,0.0681858,22.8185,0.000531858,597.444,2.9603
0.0059996,820.187,0.051117,22.8184,0.000531858,597.444,2.96031
0.00599961,824.566,0.0380254,22.8185,0.000531858,597.444,2.96031
0.00599961,827.401,0.0256068,22.8185,0.000531858,597.444,2.96031
0.00599961,829.093,0.0130513,22.8186,0.000531858,597.444,2.96032
0.00599962,829.654,-0.00250199,22.8187,0.000531858,597.445,2.96032
0.00599963,828.628,-0.0173788,22.8189,0.000531858,597.445,2.96032
0.00599963,824.762,-0.0371901,22.8192,0.000531858,597.445,2.96033
0.00599964,818.908,-0.0540331,22.8195,0.000531858,597.445,2.96033
0.00599965,811.439,-0.0686363,22.8198,0.000531858,597.445,2.96034
0.00599965,800.611,-0.0835575,22.8202,0.000531858,597.445,2.96034
0.00599966,785.327,-0.0976886,22.8208,0.000531858,597.445,2.96035
0.00599967,771.441,-0.105953,22.8212,0.000531858,597.445,2.96035
0.00599967,757.299,-0.110982,22.8216,0.000531858,597.446,2.96035
0.00599968,741.803,-0.11311,22.822,0.000531858,597.446,2.96036
0.00599969,725.182,-0.111683,22.8224,0.000531858,597.446,2.96036
0.0059997,704.414,-0.104227,22.8229,0.000531858,597.446,2.96037
0.00599971,684.232,-0.0895083,22.8233,0.000531858,597.446,2.96037
0.00599972,664.966,-0.0640443,22.8235,0.000531858,597.447,2.96038
0.00599973,654.945,-0.0400364,22.8236,0.000531858,597.447,2.96038
0.00599974,650.592,-0.0204225,22.8236,0.000531858,597.447,2.96039
0.00599974,649.153,-0.00293859,22.8235,0.000531858,597.447,2.96039
0.00599975,649.914,0.0146325,22.8233,0.000531858,597.447,2.96039
0.00599976,652.96,0.0322319,22.8231,0.000531858,597.447,2.96039
0.00599976,660.471,0.0543634,22.8228,0.000531858,597.447,2.9604
0.00599977,672.981,0.0758901,22.8223,0.000531858,597.447,2.9604
0.00599978,689.658,0.0934961,22.8218,0.000531858,597.447,2.9604
0.00599979,704.247,0.103171,22.8214,0.000531858,597.447,2.96041
0.0059998,718.091,0.108819,22.821,0.000531858,597.447,2.96041
0.0059998,733.522,0.111697,22.8206,0.000531858,597.447,2.96041
0.00599981,748.297,0.11131,22.8203,0.000531858,597.447,2.96041
0.00599982,768.937,0.105482,22.8198,0.000531858,597.447,2.96042
0.00599983,788.215,0.0934504,22.8195,0.000531858,597.447,2.96042
0.00599984,808.422,0.0703432,22.8192,0.000531858,597.447,2.96042
0.00599985,817.6,0.0527923,22.8192,0.000531858,597.447,2.96042
0.00599986,822.431,0.0392069,22.8192,0.000531858,597.447,2.96042
0.00599986,825.512,0.0264358,22.8193,0.000531858,597.447,2.96043
0.00599987,827.358,0.0134364,22.8193,0.000531858,597.447,2.96043
0.00599987,827.963,-0.00268037,22.8195,0.000531858,597.447,2.96043
0.00599988,826.827,-0.0180928,22.8196,0.000531858,597.447,2.96043
0.00599988,822.873,-0.03753,22.8199,0.000531858,597.447,2.96043
0.00599989,817.239,-0.0534245,22.8202,0.000531858,597.447,2.96043
0.0059999,809.194,-0.0687984,22.8206,0.000531858,597.447,2.96043
0.0059999,798.305,-0.0832954,22.821,0.000531858,597.447,2.96043
0.00599991,782.298,-0.097399,22.8215,0.000531858,597.447,2.96044
0.00599992,768.311,-0.105107,22.8219,0.000531858,597.448,2.96044
0.00599993,754.166,-0.10955,22.8223,0.000531858,597.448,2.96044
0.00599993,738.938,-0.111037,22.8227,0.000531858,597.448,2.96044
0.00599994,721.629,-0.108739,22.8231,0.000531858,597.448,2.96044
0.00599995,701.394,-0.100255,22.8236,0.000531858,597.448,2.96044
0.00599996,681.378,-0.0839174,22.8239,0.000531858,597.449,2.96044
0.00599997,663.472,-0.0573294,22.8242,0.000531858,597.449,2.96044
0.00599998,654.904,-0.0335836,22.8242,0.000531858,597.449,2.96044
0.00599999,651.271,-0.0117086,22.8241,0.000531858,597.449,2.96044
0.006,650.96,0.00644298,22.824,0.000531858,597.449,2.96044
0.006,651.234,0.0107543,22.8239,0.000531858,597.449,2.96044
