position_id,boards,qty_per_module,function,incumbent_mfr,incumbent_mpn,incumbent_lcsc,incumbent_stock,incumbent_price_1_100_1k,candidate_mfr,candidate_mpn,candidate_lcsc,stock,price_1,price_100,price_1k,jlc_tier,package,pin_compatible,key_params_vs_incumbent,qualification,datasheet_url,datasheet_path_if_downloaded,verdict,recheck_needed,date,recommended,source_note,notes
P01,PV-PWR (PV-P75); PV-PWR-4 (PV-P100-110); PCS-PWR (PCS-P125),24 / 32 / 36,"SiC MOSFET 1700 V 40 mOhm, TO-247-4L with driver source, VGS -8/+22 V abs, -4/+18 V op; no qualification state",Sichain,SG2M040170HJ,C42456100,418,6.7294 / 5.0709 / 5.0709 (first break MOQ 1),Sichain (Sichainsemi),SG2M040170HJ,C42456100,418,6.7294,5.0709,5.0709,not in JLCPCB library,TO-247-4L (LCSC); datasheet drawing TO-247-4L-A [p11],"incumbent: 1 D (tab), 2 power source, 3 driver (Kelvin) source, 4 G [DS p1 symbol]","R_DS(on) 40 typ / 52 max mOhm @18 V 38 A, 88 typ @175 C [DS V01_02 p4]; V_GS(th) 2.5 / 3.1 / 4.0 V @12 mA, 2.4 typ @175 C [p4]; Q_g 78 / Q_gs 26 / Q_gd 24 nC @1200 V 38 A [p5]; C_iss / C_oss / C_rss 2594 / 102 / 5 pF @1400 V [p4]; E_on / E_off 722 / 147 uJ @1200 V 38 A 2.5 ohm [p5]; V_SD 3.7 V @-4 V 19 A [p5]; R_th(j-c) 0.31 typ / 0.39 max K/W [p3]; V_GS abs -8/+22 V, op -4/+18 V [p3]; R_g,int 1.4 ohm [p4]; T_j max 175 C; no short-circuit rating and no avalanche rating stated [p3-p5]","none stated in the datasheet (p14: consult the maker for high reliability); IATF 16949 per maker site news 2026-07-28 (sim/data/asia_devices.md); no reliability report, no cosmic-ray (FIT) data",https://www.sichainsemi.com/uploads/files/20260119/b2502ed644e799ca2af87dbd5bd05b26.pdf,docs/datasheets/power-semiconductors/SG2M040170HJ.pdf,INCUMBENT,none (it is the design part). Paralleling: V_th window 2.5-4.0 V needs binning or one lot per switch (D-057),2026-10-05,YES,LCSC product page C42456100 read 2026-10-05T14:55Z (brand on page: Sichainsemi; MPN on page: SG2M040170HJ),"ORDERABLE ON LCSC TODAY (page read 2026-10-05): the 2026-10-04 audit's 'RFQ / not on LCSC' came from the jlcsearch mirror, which only mirrors the JLCPCB parts library. LCSC lists it, but it is NOT in the JLCPCB parts library (JLCPCB page returns null, absent from the mirror): no JLCPCB tier, so it cannot be pulled from the JLCPCB library for PCBA; buy from LCSC and hand-solder or consign. Price ladder stops at 90 pcs: the 100 / 1000 columns repeat the 90+ price; the cost model's 4.07 USD estimate (gen/data/cost_estimates.csv) is 1.00 USD below the live 90+ price."
P01,PV-PWR (PV-P75); PV-PWR-4 (PV-P100-110); PCS-PWR (PCS-P125),24 / 32 / 36,"SiC MOSFET 1700 V 40 mOhm, TO-247-4L with driver source, VGS -8/+22 V abs, -4/+18 V op; no qualification state",Sichain,SG2M040170HJ,C42456100,418,6.7294 / 5.0709 / 5.0709 (first break MOQ 1),Sichain (Sichainsemi),SG2M020170HJ,C42456099,313,12.1043,9.7444,9.7444,Extended,"TO-247-4L (LCSC); datasheet drawing TO-247-4L-A [DS p11], same as incumbent","yes: 1 D (tab), 2 power source, 3 driver source, 4 G, same symbol and same TO-247-4L-A drawing as SG2M040170HJ [DS V02_03 p1, p11]","R_DS(on) 20 typ / 28 max mOhm @18 V 75 A, 42 typ @175 C vs 40 / 52, 88 [V02_03 p4]; V_GS(th) 2.5 / 3.1 / 4.0 V @24 mA (same window); Q_g / Q_gs / Q_gd 209 / 75 / 56 nC vs 78 / 26 / 24 [p5]; C_iss / C_oss / C_rss 5265 / 188 / 7.5 pF vs 2594 / 102 / 5; E_oss 189 vs 106 uJ; R_g,int 2.7 vs 1.4 ohm; E_on / E_off 2229 / 501 uJ @1200 V 75 A 2.5 ohm; R_th(j-c) 0.22 typ / 0.28 max vs 0.31 / 0.39; V_SD 3.8 V; V_GS ratings identical (-8/+22 V abs, -4/+18 V op); I_D 110 A vs 66 A; no short-circuit or avalanche rating",none stated in the datasheet (same as incumbent); same maker,https://www.sichainsemi.com/uploads/files/20260119/f2256619fc46b01f0ee9b8e0d1792049.pdf,docs/datasheets/power-semiconductors/SG2M020170HJ.pdf,FUNCTIONAL,"gate-drive Miller / false-turn-on model (sim/gdrv_miller.py) with the 020 numbers (Q_gd 56 nC, C_rss 7.5 pF, R_g,int 2.7 ohm); gate-driver peak current and bias power for Q_g 209 nC (x2.7); switching and conduction loss and junction temperature with the 020 curves; 1:1 swap costs about x1.9 at the 90+ price (halving the count needs a new loop / sharing study); pin audit and V_th binning unchanged",2026-10-05,,LCSC product page C42456099 read 2026-10-05T14:50Z (brand on page: Sichainsemi; MPN on page: SG2M020170HJ); JLCPCB page stock 332,"In stock on LCSC (313 pcs, page read 2026-10-05) but it is a different die, not a drop-in: the repo's Miller and short-circuit analyses are device-specific (D-041). JLCPCB tier Extended."
P01,PV-PWR (PV-P75); PV-PWR-4 (PV-P100-110); PCS-PWR (PCS-P125),24 / 32 / 36,"SiC MOSFET 1700 V 40 mOhm, TO-247-4L with driver source, VGS -8/+22 V abs, -4/+18 V op; no qualification state",Sichain,SG2M040170HJ,C42456100,418,6.7294 / 5.0709 / 5.0709 (first break MOQ 1),InventChip,IV2Q17040T4Z,NOT FOUND ON LCSC,,,,,,TO-247-4,"TO-247-4 Kelvin-source package (maker lists it as the Gen2 1700 V 40 mOhm automotive part); pin table not re-read, same TO-247-4 convention assumed (inferred)","R_DS(on) 40 typ / 52 max mOhm @18 V 30 A, 82.8 typ @175 C [Rev 1.0 Nov 2025 p2] vs 40 / 52, 88; V_th 2.0 / 3.1 / 4.5 V @10 mA vs 2.5 / 3.1 / 4.0; Q_g / Q_gs / Q_gd 156 / 42 / 62 nC vs 78 / 26 / 24; C_iss / C_oss / C_rss 3430 / 113 / 9.75 pF @1000 V; R_th(j-c) 0.42 K/W vs 0.31 typ; gate: on 15-18 V, off -5 ... -2 V (typ -3.5 V), transient -10/+23 V; AEC-Q101 stated","AEC-Q101 qualified (datasheet p1); IATF 16949, own 6-inch SiC fab (asia_devices.md)",https://www.inventchip.com.cn/uploadfiles/2025/11-17/cebnaazmpyx5vtti.pdf?SVYyUTE3MDQwVDRaX2RhdGFzaGVldF9WMS4wLnBkZg==,docs/datasheets/power-semiconductors/IV2Q17040T4Z.pdf,FUNCTIONAL,D-041: the lumped Miller model fails the InventChip set (+4.69 V at the die against a 1.47 V threshold; Q_gd 62 vs 24 nC); gate rails +18 / -3.5 V; no short-circuit rating,2026-10-05,,,"Not orderable on LCSC: the InventChip LCSC listings read (C22368182-C22368209, C5806850-C5806853, C2979247/51, C2894802/08) contain no 1700 V TO-247-4 part; RFQ to the maker."
P01,PV-PWR (PV-P75); PV-PWR-4 (PV-P100-110); PCS-PWR (PCS-P125),24 / 32 / 36,"SiC MOSFET 1700 V 40 mOhm, TO-247-4L with driver source, VGS -8/+22 V abs, -4/+18 V op; no qualification state",Sichain,SG2M040170HJ,C42456100,418,6.7294 / 5.0709 / 5.0709 (first break MOQ 1),Sichain (Sichainsemi),S2M040150HJ,C42456098,150,6.9935,4.9063,4.9063,not in JLCPCB library,TO-247-4L,same TO-247-4L-A package and Kelvin pin-out as the SG2M family (LCSC-hosted datasheet V01_00 p1),"V_DSS 1500 V vs 1700 V; R_DS(on) 40 typ mOhm @18 V 34 A; V_GS -8/+22 abs, -4/+18 op [LCSC-hosted DS V01_00 p1, p3]; datasheet is marked Preliminary (V01_00, 2024.12.13)",none stated; preliminary datasheet,https://datasheet.lcsc.com/datasheet/pdf/14d2ac344c5e6bc1da5d063281c3e1fc.pdf?productCode=C42456098,,REJECT,n/a,2026-10-05,,LCSC product page C42456098 read 2026-10-05T14:55Z (brand on page: Sichainsemi; MPN on page: S2M040150HJ),"Reason: 1000 V DC / 1500 V = 0.67, no margin to the 0.67 rule of D-007 (the 1700 V part sits at 0.59); preliminary first-generation datasheet. In stock on LCSC (150 pcs, 2026-10-05) but not in the JLCPCB library."
P01,PV-PWR (PV-P75); PV-PWR-4 (PV-P100-110); PCS-PWR (PCS-P125),24 / 32 / 36,"SiC MOSFET 1700 V 40 mOhm, TO-247-4L with driver source, VGS -8/+22 V abs, -4/+18 V op; no qualification state",Sichain,SG2M040170HJ,C42456100,418,6.7294 / 5.0709 / 5.0709 (first break MOQ 1),Yangjie,YJD217045NCTGH,NOT FOUND ON LCSC,,,,,,"TO-247AB, 3 leads","NO: three-lead TO-247AB, no Kelvin (driver) source pin [maker DS p1, p8]","1700 V, R_DS(on) 45 typ / 70 max mOhm @20 V 30 A; Q_g / Q_gs / Q_gd 304 / 79 / 99 nC; V_GS op -5/+20 V; R_th 0.4 K/W [DS p1-p3]; Q_gd 4x the incumbent",none stated,https://ferrite.ru/upload/products-files/b13/b139f00678a7ff3543db52a189fa20f3.pdf (third-party copy of the Yangjie datasheet; www.21yangjie.com answers HTTP 403),,REJECT,n/a,2026-10-05,,,"Reason: no Kelvin source pin (the NSI6651 gate drivers and the Miller analysis assume a driver-source return), 4x Q_gd. Not found in the mirror's TO-247-4 / -4L lists."
P01,PV-PWR (PV-P75); PV-PWR-4 (PV-P100-110); PCS-PWR (PCS-P125),24 / 32 / 36,"SiC MOSFET 1700 V 40 mOhm, TO-247-4L with driver source, VGS -8/+22 V abs, -4/+18 V op; no qualification state",Sichain,SG2M040170HJ,C42456100,418,6.7294 / 5.0709 / 5.0709 (first break MOQ 1),HXY MOSFET,HC2M0045170D,C19723849,2,26.7028,25.3613,25.3613,Extended,TO-247-3L (3 leads),"NO: three-lead package, no Kelvin source","1700 V, 70 mOhm (LCSC table); 2 pcs in stock",none stated; trading brand without a traceable maker (sim/data/asia_devices.md section 3),,,REJECT,n/a,2026-10-05,,LCSC product page C19723849 read 2026-10-05T14:52Z (brand on page: HXY MOSFET; MPN on page: HC2M0045170D),"Reason: three-lead package, 2 pcs, untraceable brand (HXY copies other makers' numbering)."
P02,PV-PWR (PV-P75); PV-PWR-4 (PV-P100-110); PCS-PWR (PCS-P125),1 / 1 / 1,"SiC MOSFET 1700 V 1 Ohm, Kelvin source, AEC-Q101; alternate Sichain SG2M1K0170J2J (same pin-out)",InventChip,IV2Q171R0D7Z,C5806853,0,5.9556 / 4.0979 / 3.7695 (first break MOQ 1),InventChip,IV2Q171R0D7Z,C5806853,0,5.9556,4.0979,3.7695,Extended,TO-263-7 (LCSC); TO263 JEDEC variation AD,"incumbent: 1 gate, 2 driver (Kelvin) source, 3-7 power source, tab drain [DS p1 symbol]","R_DS(on) 700 typ / 910 max mOhm @18 V 1 A; 950 / 1250 @15 V 1 A; 1280 / 1450 typ @175 C [Rev 1.2 Dec 2023 p2]; V_th 1.8 / 3.0 / 4.5 V @380 uA, 2.0 typ @175 C; Q_g / Q_gs / Q_gd 16.5 / 2.7 / 12.5 nC @1000 V 1 A; C_iss / C_oss / C_rss 285 / 15.3 / 2.2 pF @1000 V; R_g 13 ohm; R_th(j-c) 2.05 K/W; P_tot 73 W; I_D 6.3 A @18 V; gate on 15-18 V, off -5 ... -2 V (typ -3.5 V), transient -10/+23 V [p1]; V_SD 4.0 V; no E_AS rating stated","AEC-Q101 qualified (datasheet p1); IATF 16949 from 2023-10-17, own 6-inch SiC fab (asia_devices.md); no reliability report published",https://www.inventchip.com.cn/uploadfiles/datasheet/mos/IV2Q171R0D7Z.pdf,docs/datasheets/power-semiconductors/IV2Q171R0D7Z.pdf,INCUMBENT,none,2026-10-05,,LCSC product page C5806853 read 2026-10-05T15:12Z (brand on page: InventChip; MPN on page: IV2Q171R0D7Z),"LISTED ON LCSC / JLCPCB but 0 pieces in stock (LCSC page and JLCPCB page 2026-10-05; JLCPCB page shows the Z variant at 6.2799 @1 .. 4.0821 @500). The sister listing IV2Q171R0D7 (C5806852, 0 stock, 4.913 @1 .. 3.0296 @1000) carries other LCSC table values (850 mOhm, V_th 5 V, P_d 39 W: an older or different datasheet): do not substitute it without reading its datasheet. JLCPCB tier Extended. The cost model estimates 2.50 USD; the LCSC ladder is 3.77 @1000 .. 5.96 @1."
P02,PV-PWR (PV-P75); PV-PWR-4 (PV-P100-110); PCS-PWR (PCS-P125),1 / 1 / 1,"SiC MOSFET 1700 V 1 Ohm, Kelvin source, AEC-Q101; alternate Sichain SG2M1K0170J2J (same pin-out)",InventChip,IV2Q171R0D7Z,C5806853,0,5.9556 / 4.0979 / 3.7695 (first break MOQ 1),WeEn Semiconductors,WNSC2M1K0170B7,"NOT ON LCSC (TME 4,000 pcs 1.63 USD; element14 APAC 528 pcs 1.47-2.52 USD per findchips.com 2026-10-05, not verified on the distributor pages)",,,,,,TO263-7L (JEDEC TO263P-7L),"yes by the data sheets: 1 G, 2 SS (source sense / Kelvin), 3-7 S, mounting base D [WeEn DS Rev.02 p2 Table 2] = IV2Q171R0D7Z 1 gate, 2 driver source, 3-7 power source, tab drain","R_DS(on) 550 typ / 800 max mOhm @18 V 1 A, 650 typ @15 V (no max at 15 V), 1125 typ @175 C [Rev.02 06 Jul 2026 p5] vs 700 / 910, 950 / 1250 @15 V; V_GS(th) 2.3 / 3.0 / 4.2 V @2 mA vs 1.8 / 3.0 / 4.5; Q_g / Q_gs / Q_gd 12 / 3.8 / 5 nC vs 16.5 / 2.7 / 12.5; C_iss / C_oss / C_rss 225 / 15 / 2.8 pF @1700 V vs 285 / 15.3 / 2.2; R_G 7 ohm vs 13; R_th(j-mb) 1.3 K/W vs 2.05; P_tot 115 W vs 73; I_D 10.1 A vs 6.3 A; I_DM 20 A vs 15.7; E_AS 24.5 mJ (100 % UIS tested) vs not stated; V_SD 3.0 V vs 4.0; gate: abs -12/+24 V, recommended 0 to 15 V (0 V turn-off, matches our 15.2 V / 0 V drive) vs -5 ... -2 V off","none stated in the datasheet (WeEn has IATF 16949 sites and an HTRB lab per its quality page, asia_devices.md); incumbent states AEC-Q101",https://www.ween-semi.com/datasheet/WNSC2M1K0170B7.pdf,docs/datasheets/power-semiconductors/WeEn-WNSC2M1K0170B7.pdf,FUNCTIONAL,"electrically better or equal on every row but (a) no qualification statement (incumbent AEC-Q101), (b) R_DS(on) max at 15 V is not printed (typ 650 mOhm; inferred max about 950 mOhm = 800 x 650/550), (c) R_G 7 vs 13 ohm and Q_gd 5 vs 12.5 nC make the switch node faster at the same external gate resistor: re-run the AUX-HV EMI / ringing estimate and the UCC28C59 drive loss, (d) C_rss 2.8 vs 2.2 pF; (e) sourcing: not on LCSC",2026-10-05,,,Maker file is replaced in place (the file read on 2026-10-05 is Rev.02 06 July 2026; web search showed Rev.01 29 Jan 2026): a SHA-256 mismatch in fetch.py means a revision. TO-263-7L footprint and pin order identical to the incumbent (only a footprint check needed).
P02,PV-PWR (PV-P75); PV-PWR-4 (PV-P100-110); PCS-PWR (PCS-P125),1 / 1 / 1,"SiC MOSFET 1700 V 1 Ohm, Kelvin source, AEC-Q101; alternate Sichain SG2M1K0170J2J (same pin-out)",InventChip,IV2Q171R0D7Z,C5806853,0,5.9556 / 4.0979 / 3.7695 (first break MOQ 1),Sichain (Sichainsemi),SG2M1K0170J2J,NOT FOUND ON LCSC,,,,,,TO-263-7L-C,"same pin-out as the incumbent per the BOM and the 2026-10-04 audit (1 G, 2 driver source, 3-7 source, tab D); not re-read","R_DS(on) 970 typ / 1400 max mOhm @18 V 2 A; 1190 / 1700 @15 V; 2020 / 2200 @175 C [DS V01_03 p4] vs 700 / 910, 950 / 1250; V_GS(th) 2.5 / 3.1 / 4.0 V @500 uA vs 1.8 / 3.0 / 4.5 (better false-turn-on margin at 0 V off); Q_g / Q_gs / Q_gd 7.3 / 1.8 / 3.2 nC; C_iss / C_oss / C_rss 109 / 8.7 / 1.4 pF @1400 V; R_g,int 19 ohm; R_th(j-c) 2.2 typ / 2.8 max; I_D 5.2 A; gate op -4/+15..18 V",none stated,https://www.sichainsemi.com/uploads/files/20260629/978381695b903525a3dade33ee7a8154.pdf,docs/datasheets/power-semiconductors/SG2M1K0170J2J.pdf,FUNCTIONAL,"R_DS(on) at 15 V is 36 % above the incumbent's max (1700 vs 1250 mOhm): re-run the aux-HV conduction loss at 15.2 V; R_g,int 19 ohm; no qualification",2026-10-05,,,The BOM already names it as the alternate. Not found on LCSC (C-number neighbourhood C52109928-C52109943 and the mirror's TO-263-7L list checked): RFQ.
P02,PV-PWR (PV-P75); PV-PWR-4 (PV-P100-110); PCS-PWR (PCS-P125),1 / 1 / 1,"SiC MOSFET 1700 V 1 Ohm, Kelvin source, AEC-Q101; alternate Sichain SG2M1K0170J2J (same pin-out)",InventChip,IV2Q171R0D7Z,C5806853,0,5.9556 / 4.0979 / 3.7695 (first break MOQ 1),Bestirpower,BCBF170N1000P1,C52269251,494,1.0798,0.6703,0.5775,Extended,TO-263-7L (LCSC) / TO263-7 (datasheet),NOT CONFIRMED: the datasheet (Rev. 1.2) prints no pin table and its package page (p8) shows dimensions only,R_DS(on) 1000 typ / 1200 max mOhm @20 V 2 A only (no 15 V or 18 V row; 2100 typ hot) vs 950 / 1250 @15 V [LCSC-hosted DS Rev 1.2 p2]; V_GS(th) 2.0 / 3.1 / 4.0 V @0.5 mA; Q_g / Q_gs / Q_gd 16.2 / 2.6 / 12.7 nC; C_iss / C_oss / C_rss 182 / 11.2 / 1.8 pF @1200 V; R_th(j-c) 2.94 K/W; V_GS recommended -5/+20 V; I_D 5 A @15 V; pages 2-9 headed '1700V 650mOhm' (template error),none stated,https://datasheet.lcsc.com/datasheet/pdf/36d7c811f1fcd8039437758045f558c5.pdf?productCode=C52269251,docs/datasheets/power-semiconductors/Bestirpower-BCBF170N1000P1.pdf,REJECT,n/a,2026-10-05,,LCSC product page C52269251 read 2026-10-05T14:52Z (brand on page: Bestirpower; MPN on page: BCBF170N1000P1),"Reason: incomplete datasheet for the drive in use (no pin assignment, R_DS(on) only at 20 V, 650 mOhm template headers), no qualification. CORRECTION to the 2026-10-04 audit: Bestirpower IS a traceable maker (Bestirpower Ltd., fab-lite, offices in Shanghai, Shenzhen, Ningbo and Xi'an, 40,000 m2 fab under construction in Ningbo; www.bestirpower.com, read 2026-10-05). In stock on LCSC (494 pcs) at 1.08 USD @1; re-open if the maker supplies a datasheet with pin table and R_DS(on) at 15 V."
P02,PV-PWR (PV-P75); PV-PWR-4 (PV-P100-110); PCS-PWR (PCS-P125),1 / 1 / 1,"SiC MOSFET 1700 V 1 Ohm, Kelvin source, AEC-Q101; alternate Sichain SG2M1K0170J2J (same pin-out)",InventChip,IV2Q171R0D7Z,C5806853,0,5.9556 / 4.0979 / 3.7695 (first break MOQ 1),HXY MOSFET,HC3M001K170J,C22449551,107,3.5402,3.0854,3.0147,Extended,TO-263-7L,not confirmed (no datasheet read),"LCSC table: 1700 V, 700 mOhm @20 V, C_iss 285 pF, C_oss 15.3 pF, C_rss 2.2 pF, Q_g 16.5 nC = the same four numbers as the InventChip IV2Q171R0D7Z datasheet",none stated; trading brand,,,REJECT,n/a,2026-10-05,,LCSC product page C22449551 read 2026-10-05T14:52Z (brand on page: HXY MOSFET; MPN on page: HC3M001K170J),"Reason: untraceable brand whose parametric table repeats InventChip's capacitances and gate charge (relabelled or copied); 3.54 USD @1, 107 pcs."
P02,PV-PWR (PV-P75); PV-PWR-4 (PV-P100-110); PCS-PWR (PCS-P125),1 / 1 / 1,"SiC MOSFET 1700 V 1 Ohm, Kelvin source, AEC-Q101; alternate Sichain SG2M1K0170J2J (same pin-out)",InventChip,IV2Q171R0D7Z,C5806853,0,5.9556 / 4.0979 / 3.7695 (first break MOQ 1),Sichain (Sichainsemi),SG2M1K0170DJ,C52109940,30,0.9735,0.9211,0.9211,Extended,TO-247-3L (3 leads),"NO: through-hole TO-247-3L, no Kelvin source, not the TO-263-7 footprint","1700 V, 1.4 ohm (LCSC table), 30 pcs, 0.97 USD @1",none stated,https://datasheet.lcsc.com/datasheet/pdf/b5d64c4a9a4401eb1d4b25c89533ef8e.pdf?productCode=C52109940,,REJECT,n/a,2026-10-05,,LCSC product page C52109940 read 2026-10-05T14:52Z (brand on page: Sichainsemi; MPN on page: SG2M1K0170DJ),Reason: different package and no Kelvin source (footprint change); R_DS(on) 1.4 ohm.
P03,DAB60 study (sim/out/dab_design/dab_spec.json),16 per DAB module,"DAB-D60 full-bridge SiC switch, 2 devices in parallel per position (study device set)",InventChip,IV3Q12013T4Z,NOT FOUND ON LCSC,,,InventChip,IV3Q12013T4Z,NOT FOUND ON LCSC,,,,,,TO-247-4,incumbent of the DAB study (primary device),"R_DS(on) 13.4 typ / 17 max mOhm [DAB spec]; R_th(j-c) 0.27 K/W; Q_g / Q_gs / Q_gd 187 / 66 / 68 nC; C_iss / C_oss / C_rss 4774 / 211 / 8.1 pF; gate on 15-18 V, off -3.5 ... -2 V; AEC-Q101 [DS Rev 1.0]",AEC-Q101 qualified (datasheet p1),https://www.inventchip.com.cn/uploadfiles/2025/10-28/ftjs2x4niqjrabuw.pdf?SVYzUTEyMDEzVDRaX2RhdGFzaGVldF9WMS4xLnBkZg==,docs/datasheets/power-semiconductors/IV3Q12013T4Z.pdf,INCUMBENT,none,2026-10-05,,,"No LCSC / JLCPCB listing found (mirror TO-247-4 and -4L lists, the InventChip block C22368182-C22368209 and the related-parts list of the JLCPCB IV2Q171R0D7Z page, web search). Every InventChip LCSC listing read shows 0 stock except IV2Q12080D7Z (C22368197, 5 pcs). RFQ."
P03,DAB60 study (sim/out/dab_design/dab_spec.json),16 per DAB module,"DAB-D60 full-bridge SiC switch, 2 devices in parallel per position (study device set)",InventChip,IV3Q12013T4Z,NOT FOUND ON LCSC,,,Sichain (Sichainsemi),SG2M014120LJ,C52109935,14,10.4671,7.4206,7.4206,Extended,TO-247-4L (drawing TO-247-4L-C),"yes: drain pin 1 (tab), gate pin 4, power source / driver source on pins 2 / 3 as in the SG2M040170HJ symbol [DS V02_04 p1]","R_DS(on) 13 typ / 18 max mOhm @18 V 90 A vs 13.4 / 17; R_th(j-c) 0.21 typ / 0.26 max vs 0.27; Q_g / Q_gs / Q_gd 211 / 66 / 42 nC vs 187 / 66 / 68; C_iss / C_oss / C_rss 5220 / 262 / 12 pF; E_oss 142 uJ; E_on / E_off 1103 / 537 uJ @800 V 90 A; R_g,int 2.6 ohm; V_GS -8/+22 abs, -4/+18 op [DS V02_04 Final 2025-12-25]",none stated in the datasheet,https://www.sichainsemi.com/uploads/files/20260119/afa74d53f9e39c4acc1ba5b80b67721f.pdf,docs/datasheets/power-semiconductors/SG2M014120LJ.pdf,FUNCTIONAL,"none beyond the DAB study, which already uses the worst case of both devices (dab_spec.json device_design_basis); V_th binning for the 2 parallel devices; no short-circuit rating; no qualification",2026-10-05,YES,LCSC product page C52109935 read 2026-10-05T14:50Z (brand on page: Sichainsemi; MPN on page: SG2M014120LJ),"Only 14 pcs on LCSC (page 2026-10-05; the mirror said 43): a DAB module needs 16 devices, so stock covers less than one module. JLCPCB tier Extended. Price 10.47 @1 .. 7.42 @90+."
P03,DAB60 study (sim/out/dab_design/dab_spec.json),16 per DAB module,"DAB-D60 full-bridge SiC switch, 2 devices in parallel per position (study device set)",InventChip,IV3Q12013T4Z,NOT FOUND ON LCSC,,,Sichain (Sichainsemi),S1M014120H,C22363603,75,12.4117,8.8001,8.8001,Extended,TO-247-4L,"TO-247-4L, Kelvin source; pin table not re-read (same maker convention, inferred)","first-generation part 'G1', datasheet V02_00 2023-09-15 (LCSC-hosted copy): R_DS(on) 14 typ / 18 max mOhm @18 V 100 A, 27 typ @175 C [p4]; V_GS(th) 2.3 / 2.8 / 4.0 V @28 mA; Q_g / Q_gs / Q_gd 230 / 54 / 45 nC; C_iss / C_oss / C_rss 5469 / 235 / 7.5 pF @1000 V; R_g,int 0.9 ohm; R_th(j-c) 0.24 (not production tested); V_SD 4.0 V; E_on / E_off 812 / 383 uJ @800 V 100 A",none stated,https://datasheet.lcsc.com/datasheet/pdf/4f601a3d90605803f5bcf53b11ccbc2a.pdf?productCode=C22363603,docs/datasheets/power-semiconductors/Sichain-S1M014120H.pdf,FUNCTIONAL,"older generation: R_g,int 0.9 ohm (faster, more Miller-sensitive), V_th min 2.3 V, V_SD 4.0 V: re-run the DAB Miller / dead-time checks with these numbers; not in the DAB study's design basis",2026-10-05,,LCSC product page C22363603 read 2026-10-05T14:51Z (brand on page: Sichainsemi; MPN on page: S1M014120H),75 pcs in stock (page 2026-10-05); price 12.41 @1 .. 8.80 @90+. Maker PDF not located on sichainsemi.com (product list is script-loaded): the LCSC-hosted copy was read.
P03,DAB60 study (sim/out/dab_design/dab_spec.json),16 per DAB module,"DAB-D60 full-bridge SiC switch, 2 devices in parallel per position (study device set)",InventChip,IV3Q12013T4Z,NOT FOUND ON LCSC,,,CR Micro (China Resources),CRXQF17M120G2Z,C41507149,640,9.8642,6.8115,6.8115,Extended,TO-247-4L,TO-247-4 Kelvin package; pin table not re-read (audit: drawing matches the 4-pin convention),"R_DS(on) 17 typ / 23 max mOhm @18 V 75 A vs 13.4 / 17 (+35 % max); V_GS(th) 1.8 min / 3.6 max V @25 mA (window 1.8 V wide, min 1.8 V); R_th(j-c) 0.48 max K/W vs 0.27; Q_g / Q_gs 212 / 72 nC; C_iss / C_oss / C_rss 5506 / 205 / 15 pF @1000 V; E_AS 1130 mJ; V_GS static -5/+18 V; V_SD 3.8 V [DS]",none stated in the datasheet,https://datasheet.lcsc.com/datasheet/pdf/07452fd7fa5a1ef3ce0f3dec2e116ec5.pdf?productCode=C41507149,docs/datasheets/power-semiconductors/CRXQF17M120G2Z.pdf,FUNCTIONAL,"DAB design check re-run: R_DS(on) +35 %, R_th 1.8x, V_th min 1.8 V (false turn-on at the -3.5 V rail), E_off high (900 uJ at 75 A); not in the DAB design basis",2026-10-05,,LCSC product page C41507149 read 2026-10-05T14:51Z (brand on page: CRMICRO; MPN on page: CRXQF17M120G2Z),640 pcs in stock (page 2026-10-05): the deepest in-range stock on LCSC; 9.86 @1 .. 6.81 @100+. JLCPCB tier Extended.
P03,DAB60 study (sim/out/dab_design/dab_spec.json),16 per DAB module,"DAB-D60 full-bridge SiC switch, 2 devices in parallel per position (study device set)",InventChip,IV3Q12013T4Z,NOT FOUND ON LCSC,,,Bestirpower,BCZ120N16M1,C53152746,31,6.4504,4.2134,3.8021,Extended,TO-247-4L,"datasheet symbol: 1 drain, 2 power source, 3 driver source, 4 gate = SG2M family convention [LCSC-hosted DS Rev. 0.5 p1]","R_DS(on) 16 typ / 25 max mOhm @20 V 55 A only (no 18 V row), 28 typ hot; V_GS(th) 2.0 / 2.8 / 4.0 V @16 mA; Q_g / Q_gs / Q_gd 315 / 70.5 / 117 nC (Q_gd 1.7x incumbent, 2.8x SG2M014120LJ); C_iss / C_oss / C_rss 6413 / 255 / 9.3 pF @1000 V; R_th(j-c) 0.2 K/W; V_GS recommended -5/+20 V; E_oss 152 uJ",none stated; datasheet Rev. 0.5 (preliminary),https://datasheet.lcsc.com/datasheet/pdf/d70d8a9b2145ae885977029d919ab8d4.pdf?productCode=C53152746,docs/datasheets/power-semiconductors/Bestirpower-BCZ120N16M1.pdf,FUNCTIONAL,preliminary Rev. 0.5; R_DS(on) only at 20 V (our rail is 18 V); Q_gd 117 nC makes the Miller / false-turn-on and dead-time checks mandatory; gate rail would have to follow -5/+20 V; no qualification,2026-10-05,,LCSC product page C53152746 read 2026-10-05T14:54Z (brand on page: Bestirpower; MPN on page: BCZ120N16M1),Traceable maker (see P02); 31 pcs in stock; price 6.45 @1 .. 3.80 @900 (cheapest in-range part). Not recommended before the maker issues a final datasheet.
P03,DAB60 study (sim/out/dab_design/dab_spec.json),16 per DAB module,"DAB-D60 full-bridge SiC switch, 2 devices in parallel per position (study device set)",InventChip,IV3Q12013T4Z,NOT FOUND ON LCSC,,,onsemi,NTH4L014N120M3P,C5209032,5,30.6554,28.9988,28.9988,Extended,TO-247-4L,TO-247-4L Kelvin (not re-read),"LCSC table: 1200 V, 14 mOhm @18 V, Q_g 329 nC, C_oss 262 pF; 5 pcs in stock; 30.66 USD @1 (x2.9 the Sichain part)",not read,,,REJECT,n/a,2026-10-05,,LCSC product page C5209032 read 2026-10-05T14:52Z (brand on page: onsemi; MPN on page: NTH4L014N120M3P),"Reason: price 2.9x and 5 pcs (Western part, SRC-1 asks for Asian makers)."
P03,DAB60 study (sim/out/dab_design/dab_spec.json),16 per DAB module,"DAB-D60 full-bridge SiC switch, 2 devices in parallel per position (study device set)",InventChip,IV3Q12013T4Z,NOT FOUND ON LCSC,,,HTCSEMI,HT165N1200AKZ,C47326418,19,13.9402,13.1438,13.1438,Extended,TO-247-4L,not read,"LCSC table: 1200 V, 17 mOhm, Q_g 293 nC, C_iss 7407 pF; 19 pcs; 13.94 USD @1",not read,,,REJECT,n/a,2026-10-05,,LCSC product page C47326418 read 2026-10-05T14:52Z (brand on page: HTCSEMI; MPN on page: HT165N1200AKZ),"Reason: not evaluated - maker not in the reputed list, price above the Sichain part for 19 pcs; datasheet not read."
P03,DAB60 study (sim/out/dab_design/dab_spec.json),16 per DAB module,"DAB-D60 full-bridge SiC switch, 2 devices in parallel per position (study device set)",InventChip,IV3Q12013T4Z,NOT FOUND ON LCSC,,,Siliup / HL / HXY (trading brands),SP95N120CLTK; HLC150N120W4,C52037577; C54803039,69,8.7544,6.1575,6.1575,Extended,TO-247-4L,not read,"LCSC tables: 17 / 16 mOhm, 1200 V, 69 pcs each, 8.75 / 5.24 USD @1",none,,,REJECT,n/a,2026-10-05,,LCSC product page C52037577 read 2026-10-05T14:54Z (brand on page: Siliup; MPN on page: SP95N120CLTK),Reason: no traceable maker per sim/data/asia_devices.md section 3 (not re-verified today); datasheets not read.
P04a,DAB60 study (sim/out/dab_design/dab_spec.json),20 per DAB module (8 per bank on the full-featured PV boards),"DC-link reverse-clamp diode bank, 1600 V 60 A, cathodes to DC+",Vishay,VS-60EPS16-M3,C506457,36,4.9783 / 2.9483 / 2.674 (first break MOQ 1),Vishay,VS-60EPS16-M3,C506457,36,4.9783,2.9483,2.674,Extended,TO-247AC 2L (LCSC TO-247AC),"incumbent: lead 1 cathode (tab), lead 3 anode","V_RRM 1600 V; I_F(AV) 60 A; V_F 1.0 V @30 A, 1.15 V @60 A (25 C); I_FSM 950 A (10 ms, no voltage reapplied) / 800 A (V_RRM reapplied); I2t 4525 / 3200 A2s; I_R 0.1 mA @25 C, 1.0 mA @150 C; R_thJC 0.35 K/W; T_j -40..150 C; TO-247AC 2L: 1 cathode (= tab), 3 anode [Vishay DS 14-Oct-2022 p1-p2]",designed and qualified per JEDEC JESD 47 (datasheet p1),https://www.vishay.com/docs/94346/vs-60eps16-m3.pdf,docs/datasheets/power-semiconductors/VS-60EPS16-M3.pdf,INCUMBENT,none,2026-10-05,YES,LCSC product page C506457 read 2026-10-05T14:50Z (brand on page: VISHAY; MPN on page: VS-60EPS16-M3),In stock on LCSC but shallow: 36 pcs (page 2026-10-05) = 1 DAB module (20 needed) or 4 PV banks (8). JLCPCB tier Extended. Price 4.98 @1 .. 2.674 @1000.
P04a,DAB60 study (sim/out/dab_design/dab_spec.json),20 per DAB module (8 per bank on the full-featured PV boards),"DC-link reverse-clamp diode bank, 1600 V 60 A, cathodes to DC+",Vishay,VS-60EPS16-M3,C506457,36,4.9783 / 2.9483 / 2.674 (first break MOQ 1),Yangjie (Yangzhou Yangjie Electronic Technology),60EPS16,C698648,2192,1.6062,0.9674,0.8967,Extended,"TO-247-2L (outline e = 10.88 mm, same family as TO-247AC)","package outline matches; lead polarity is NOT tabulated (datasheet says 'Polarity: as marked', p1): confirm lead 1 = cathode on a sample before laying out the footprint","V_RRM 1600 V; I_O 60 A; V_FM 1.3 V max @60 A (incumbent 1.15 V max @60 A 25 C); I_FSM 950 A (50 Hz half-sine, 1 cycle, 25 C); I2t 4525 A2s (1-10 ms, 25 C); I_RRM 5 uA @25 C, 500 uA @125 C, 1000 uA @150 C (incumbent 0.1 mA / 1.0 mA); R_thJC 0.35 K/W; T_j -55..150 C [Rev.1.1 28-May-2020 p1-p2]",none stated (JESD22-B106 solder-dip only),https://datasheet.lcsc.com/datasheet/pdf/d1fdfa75dd849f853449321ea8cdd694.pdf?productCode=C698648 (LCSC-hosted copy; www.21yangjie.com answers HTTP 403 to a plain request),docs/datasheets/power-semiconductors/Yangjie-60EPS16.pdf,FUNCTIONAL,"surge and I2t with V_RRM reapplied are not stated (the incumbent gives 800 A / 3200 A2s): the DAB clamp event reapplies the bus voltage, re-run the I2t margin (dab_design.py dc_link_reverse_clamp) on 3200 A2s-equivalent numbers; V_F max 1.3 vs 1.15 V (about +13 % clamp loss, negligible for a fault-only part); lead polarity; no qualification",2026-10-05,,LCSC product page C698648 read 2026-10-05T15:13Z (brand on page: YANGJIE; MPN on page: 60EPS16); JLCPCB page stock 2202,"Volume option: 2,192 pcs in stock at 0.8655 @1080+ against 2.674 for the incumbent (20 devices per DAB module: about 36 USD cheaper). JLCPCB tier Extended. The datasheet numbers equal Vishay's no-voltage rows (possible copy): get a maker confirmation for the reapplied-voltage rows."
P04a,DAB60 study (sim/out/dab_design/dab_spec.json),20 per DAB module (8 per bank on the full-featured PV boards),"DC-link reverse-clamp diode bank, 1600 V 60 A, cathodes to DC+",Vishay,VS-60EPS16-M3,C506457,36,4.9783 / 2.9483 / 2.674 (first break MOQ 1),WeEn Semiconductors,WND60P16WQ,C602729,0,5.7739,3.5937,3.3146,Extended,TO-247-2L,"physical lead positions K left / A right, tab = K as the incumbent (outline, DS Rev.02 p2); WeEn numbers them 1 = A, 2 = K, the incumbent 1 = K, 3 = A: follow the maker's table in the symbol","V_RRM 1600 V; I_F(AV) 60 A (square wave, T_mb <= 130 C); V_F 1.07 typ / 1.12 max @60 A, 0.99 / 1.05 @150 C; I_FSM 950 A (10 ms) / 1045 A (8.3 ms); I2t 4513 A2s (10 ms); I_R 50 uA @25 C, 1.5 mA @150 C; R_th(j-mb) 0.25 K/W; T_j -55..150 C [Rev.02 15-Jan-2019 p1-p5]",none stated (non-automotive disclaimer),https://datasheet.lcsc.com/datasheet/pdf/0d9e5fa93fa2606f8e9ce3c47b94c546.pdf?productCode=C602729,docs/datasheets/power-semiconductors/WeEn-WND60P16WQ.pdf,FUNCTIONAL,hot leakage 1.5 mA vs 1.0 mA; surge and I2t rows are for no reapplied voltage (the incumbent also gives V_RRM-reapplied rows 800 A / 3200 A2s); no qualification statement,2026-10-05,,LCSC product page C602729 read 2026-10-05T15:13Z (brand on page: WeEn; MPN on page: WND60P16WQ),LISTED but 0 pcs in stock (LCSC page and JLCPCB page 2026-10-05; the mirror showed 3). 5.77 @1 .. 3.19 @1200: dearer than the incumbent. The 2026-10-04 audit lists only the W6-suffix WeEn parts (as not on LCSC) and does not mention this listing.
P04a,DAB60 study (sim/out/dab_design/dab_spec.json),20 per DAB module (8 per bank on the full-featured PV boards),"DC-link reverse-clamp diode bank, 1600 V 60 A, cathodes to DC+",Vishay,VS-60EPS16-M3,C506457,36,4.9783 / 2.9483 / 2.674 (first break MOQ 1),WeEn Semiconductors,WND75P16W6,NOT ON LCSC,,,,,,TO247-2L,"1 K, 2 A, tab K [DS Rev.01 p2]","75 A; V_F 1.05 typ / 1.15 max @75 A; I_FSM 1050 A (10 ms, 25 C); I2t 5513 A2s; I_R 50 uA / 2 mA @1600 V (25 / 150 C); R_th(j-mb) 0.2 K/W [DS Rev.01 2026-09-21 p1-p5]",none stated,https://www.ween-semi.com/datasheet/WND75P16W6ProductRev.01.pdf,docs/datasheets/power-semiconductors/WND75P16W6.pdf,FUNCTIONAL,12 per port in the DAB study (dab_spec.json options); no hot surge row; brand-new datasheet,2026-10-05,,,No LCSC listing (mirror TO-247-2L list and search); RFQ to WeEn.
P04a,DAB60 study (sim/out/dab_design/dab_spec.json),20 per DAB module (8 per bank on the full-featured PV boards),"DC-link reverse-clamp diode bank, 1600 V 60 A, cathodes to DC+",Vishay,VS-60EPS16-M3,C506457,36,4.9783 / 2.9483 / 2.674 (first break MOQ 1),WeEn Semiconductors,WND45P16WQ,C602728,36,4.9366,3.0717,2.7302,Extended,TO-247-2L,as WND60P16WQ,"45 A, V_F 1.2 V @45 A, I_FSM 523 A (LCSC table) vs 60 A / 950 A; 36 pcs; 4.94 USD @1",none stated,https://datasheet.lcsc.com/datasheet/pdf/614adb9fd32e8ae7c071ca027c84de25.pdf?productCode=C602728,docs/datasheets/power-semiconductors/WeEn-WND45P16WQ.pdf,REJECT,n/a,2026-10-05,,LCSC product page C602728 read 2026-10-05T15:13Z (brand on page: WeEn; MPN on page: WND45P16WQ),"Reason: I_FSM 523 A against 950 A: I2t about 3.3x lower (inferred from I_FSM^2), so the 10-device bank of the DAB study would fall from 3.5x to about 1.1x margin against its 2x rule; dearer than the incumbent per ampere."
P04a,DAB60 study (sim/out/dab_design/dab_spec.json),20 per DAB module (8 per bank on the full-featured PV boards),"DC-link reverse-clamp diode bank, 1600 V 60 A, cathodes to DC+",Vishay,VS-60EPS16-M3,C506457,36,4.9783 / 2.9483 / 2.674 (first break MOQ 1),WeEn Semiconductors,WNC3060D45160WQ,C602740,1018,5.9101,3.6774,3.3934,Extended,TO-247,not read,"LCSC table: 1.6 kV, 8 A rectified, 2.75 V @30 A, I_FSM 300 A, 50 uA @1.6 kV",not read,,,REJECT,n/a,2026-10-05,,LCSC product page C602740 read 2026-10-05T15:14Z (brand on page: WeEn; MPN on page: WNC3060D45160WQ),"Reason: 8 A / 300 A surge class (a different part type), not a 60 A clamp."
P04b,DAB60 study (sim/out/dab_design/dab_spec.json),2 per DAB module (1 arm per port),"DC-link reverse-clamp diode module arm, 1600 V 600 A",Infineon,DD600N16K,NOT ON LCSC,,,Infineon,DD600N16K,NOT ON LCSC,,,,,,"PowerBLOCK 60 mm, M10","incumbent of the DAB study (1 = midpoint, 2 = D1 cathode, 3 = D2 anode)","19.0 kA-class hot surge, I2t 1805 kA2s class [datasheet on file]",Infineon catalogue part,https://www.infineon.com/assets/row/public/documents/60/49/infineon-dd600n-datasheet-de.pdf,docs/datasheets/power-semiconductors/DD600N16K.pdf,INCUMBENT,none,2026-10-05,,,No LCSC listing (mirror search for DD600N / MDC / module diodes; LCSC's high-power diode modules stop at SOT-227 / ISOTOP). Price per sim/out/dab_design: AUD 440-489 per module from RS AU search snippets / Cytech broker.
P04b,DAB60 study (sim/out/dab_design/dab_spec.json),2 per DAB module (1 arm per port),"DC-link reverse-clamp diode module arm, 1600 V 600 A",Infineon,DD600N16K,NOT ON LCSC,,,Techsem (Hubei TECH),MDC600-16-416F3,NOT ON LCSC,,,,,,"416F3 60 mm module, M10","same footprint family and terminal numbering as DD600N per the DAB study (1 midpoint, 2 D1 cathode, 3 D2 anode); layout not compared","19.0 kA / 1805 kA2s at 150 C, 60 % V_RRM reapplied = DD600N16K hot rating (asia_devices.md)","maker since 1966, ISO 9001 / IRIS (tech-sem.com)",https://www.tech-sem.com/uploads/soft/20230928/1-23092Q55404149.pdf,docs/datasheets/power-semiconductors/MDC600-16-416F3.pdf,FUNCTIONAL,terminal layout versus DD600N not compared; no public price,2026-10-05,,,"Quote only, not on LCSC."
P04b,DAB60 study (sim/out/dab_design/dab_spec.json),2 per DAB module (1 arm per port),"DC-link reverse-clamp diode module arm, 1600 V 600 A",Infineon,DD600N16K,NOT ON LCSC,,,Sirectifier,SDD600N16BT,NOT ON LCSC,,,,,,60 mm module,same family (not compared),"16.2 kA / 1319 kA2s hot (about 15 % below DD600N16K, still about 14x margin on the DAB event, asia_devices.md)","ISO 9001, UL isolation file",https://www.sirectifier.com/uploadfile/fj_pdf/20260417135762566256.pdf,docs/datasheets/power-semiconductors/SDD600N16BT.pdf,FUNCTIONAL,assembler without own fab; terminal layout,2026-10-05,,,"Quote only, not on LCSC."
P05,PV-PWR (PV-P75); PV-PWR-4 (PV-P100-110); PCS-PWR (PCS-P125),3 / 3 / 3,"Avalanche rectifier 1600 V 1.5 A, standard recovery",Vishay,BYG10Y-E3/TR,C97584,31405,0.2003 / 0.1589 / 0.1189 (first break MOQ 5),Vishay,BYG10Y-E3/TR,C97584,31405,0.2003,0.1589,0.1189,Extended,SMA (DO-214AC),"SMA: colour band = cathode (Vishay 88957 p1) = pin 1 K, pin 2 A",V_RRM 1600 V; I_F(AV) 1.5 A; I_FSM 30 A 10 ms; V_F <=1.15 V @1.5 A; I_R <=1/10 uA @25/100 C; t_rr <=4 us; E_R 20 mJ @I(BR)R 0.4 A; T_j -55..150 C [Vishay 88957 p1-2],AEC-Q101 only for HE3/HM3 suffix; E3 = commercial grade; MSL1,docs/datasheets/power-semiconductors/BYG10Y.pdf (on file),docs/datasheets/power-semiconductors/BYG10Y.pdf,INCUMBENT,,2026-10-05,YES,LCSC product page C97584 read 2026-10-05T14:49Z (brand on page: VISHAY; MPN on page: BYG10Y-E3/TR); price_1 is the first break at MOQ 5,"In stock: LCSC 31405 pcs, min 5, JLC Extended (2026-10-05)"
P05,PV-PWR (PV-P75); PV-PWR-4 (PV-P100-110); PCS-PWR (PCS-P125),3 / 3 / 3,"Avalanche rectifier 1600 V 1.5 A, standard recovery",Vishay,BYG10Y-E3/TR,C97584,31405,0.2003 / 0.1589 / 0.1189 (first break MOQ 5),Vishay,BYG10YHE3_A/H,C5447084,35,0.1954,0.1551,0.1163,Extended,SMA (DO-214AC),"same die and same data sheet as incumbent (Vishay 88957): band = cathode, pin 1 K, pin 2 A","identical ratings (same data sheet 88957, AEC-Q101 ordering code HE3_X) [p1]",AEC-Q101 qualified (HE3 suffix) [88957 p1],docs/datasheets/power-semiconductors/BYG10Y.pdf (same doc),docs/datasheets/power-semiconductors/BYG10Y.pdf,DROP-IN,,2026-10-05,,LCSC product page C5447084 read 2026-10-05T15:14Z (brand on page: VISHAY; MPN on page: BYG10YHE3_A/H); price_1 is the first break at MOQ 5; JLCPCB page stock 38,"Only 35 pcs on LCSC; JLC page tier unparsed (likely not in JLCPCB library). Upgrade path if AEC-Q101 is wanted, not a stock solution"
P05,PV-PWR (PV-P75); PV-PWR-4 (PV-P100-110); PCS-PWR (PCS-P125),3 / 3 / 3,"Avalanche rectifier 1600 V 1.5 A, standard recovery",Vishay,BYG10Y-E3/TR,C97584,31405,0.2003 / 0.1589 / 0.1189 (first break MOQ 5),Diotec,BYG10Y,C6132587,60,0.2476,0.2049,0.1637,Extended,SMA (DO-214AC),"SMA, cathode band (Diotec p1 outline; KiCad pin 1 K, pin 2 A) - same","V_RRM 1600 V vs 1600 V; V_DC 1280 V defined for -AQ only; I_FAV 1.5 A @T_T 100 C vs 1.5 A; I_FSM 27 A @10 ms (30 A @8.3 ms) vs 30 A @10 ms; E_RSM 10 mJ vs 20 mJ; V_F <1.15 V vs 1.15 V; I_R <5 uA @25 C vs 1 uA, <50 uA @125 C vs 10 uA @100 C; t_rr 1500 ns typ vs 4 us max; T_j -50..150 vs -55..150 [Diotec 2023-08-10 p1-2]","commercial/industrial grade; -Q = AEC-Q101 compliant, -AQ = AEC-Q101 qualified (not this listing) [p1]",https://datasheet.lcsc.com/datasheet/pdf/52c608ad5c952429cbbecf8d0344c6f1.pdf?productCode=C6132587,docs/datasheets/power-semiconductors/Diotec-BYG10Y.pdf,FUNCTIONAL,E_RSM 10 mJ (half) and I_FSM 27 A @10 ms: re-check the aux_hv drain clamp energy and the OR-diode inrush (fault current <= 25 A),2026-10-05,,LCSC product page C6132587 read 2026-10-05T15:15Z (brand on page: DIOTEC; MPN on page: BYG10Y); price_1 is the first break at MOQ 5; JLCPCB page stock 63,Only 60 pcs on LCSC. LCSC-hosted copy of the maker datasheet (diotec.com plain GET returned 'file not found')
P06,PV-PWR (PV-P75); PV-PWR-4 (PV-P100-110); PCS-PWR (PCS-P125),36 / 48 / 18,"Ultrafast rectifier 1000 V 1 A trr 75 ns, AEC-Q101 (DESAT string)",Taiwan Semiconductor,US1MH,C17442259,0,0.0859 / 0.0859 / 0.0326 (first break MOQ 1),Taiwan Semiconductor,US1MH,C17442259,0,0.0859,0.0859,0.0326,Extended,SMA (DO-214AC),"SMA: cathode band (TSC US1xH p1) = pin 1 K, pin 2 A",V_RRM 1000 V; I_F 1 A; I_FSM 30 A 8.3 ms; V_F <=1.7 V @1 A; I_R <=5/150 uA @25/125 C; C_J 10 pF typ @4 V; t_rr <=75 ns; T_j -55..150 C [TSC US1xH p1-2],AEC-Q101 qualified [p1],docs/datasheets/power-semiconductors/TSC-US1xH.pdf (on file),docs/datasheets/power-semiconductors/TSC-US1xH.pdf,INCUMBENT,,2026-10-05,,LCSC product page C17442259 read 2026-10-05T14:49Z (brand on page: Taiwan Semiconductor; MPN on page: US1MH),KEY FINDING: listed on LCSC but 0 pcs in stock (2026-10-05); no other US1MH TSC listing found (WebSearch)
P06,PV-PWR (PV-P75); PV-PWR-4 (PV-P100-110); PCS-PWR (PCS-P125),36 / 48 / 18,"Ultrafast rectifier 1000 V 1 A trr 75 ns, AEC-Q101 (DESAT string)",Taiwan Semiconductor,US1MH,C17442259,0,0.0859 / 0.0859 / 0.0326 (first break MOQ 1),Vishay,US1MHE3_A/H,C413446,38586,0.1038,0.0626,0.0527,Extended,SMA (DO-214AC),"SMA: colour band = cathode (Vishay 88768 p1) = pin 1 K, pin 2 A; same","V_RRM 1000 V vs 1000 V; I_F(AV) 1.0 A @T_L 110 C vs 1 A; I_FSM 30 A vs 30 A; V_F <=1.7 V @1 A vs 1.7 V; I_R <=10 uA @25 C vs 5 uA (worse), <=50 uA @100 C vs 150 uA @125 C; t_rr <=75 ns vs 75 ns; C_J 10 pF typ @4 V vs 10 pF; T_j -55..150 vs -55..150 [Vishay US1A-US1M p1-2]",AEC-Q101 qualified (HE3 suffix) [p1],https://datasheet.lcsc.com/datasheet/pdf/b11e14d30f7ad07cf882dfd41c8ebb8b.pdf?productCode=C413446,docs/datasheets/power-semiconductors/Vishay-US1MHE3_A-H.pdf,FUNCTIONAL,I_R max 10 uA at 25 C (incumbent 5 uA): confirm the DESAT-string leakage into the NSI6651 DESAT pin while off stays negligible (inferred: uA vs internal pull-down),2026-10-05,YES,LCSC product page C413446 read 2026-10-05T14:51Z (brand on page: VISHAY; MPN on page: US1MHE3_A/H); JLCPCB page stock 38571,38586 pcs; only AEC-Q101 US1M-class part in stock; keeps C_J 10 pF used by the gdrv DESAT calc. vishay.com serves an HTML viewer to plain GET -> LCSC-hosted copy
P06,PV-PWR (PV-P75); PV-PWR-4 (PV-P100-110); PCS-PWR (PCS-P125),36 / 48 / 18,"Ultrafast rectifier 1000 V 1 A trr 75 ns, AEC-Q101 (DESAT string)",Taiwan Semiconductor,US1MH,C17442259,0,0.0859 / 0.0859 / 0.0326 (first break MOQ 1),Diodes Inc,US1M-13-F,C99333,72670,0.0613,0.0495,0.0391,Extended,SMA (DO-214AC),"SMA: cathode band or notch (DS16008 p1) = pin 1 K, pin 2 A; same",V_RRM 1000 V =; I_O 1 A @T_T 75 C; I_FSM 30 A =; V_F <=1.7 V @1 A =; I_R <=5/100 uA @25/100 C; t_rr <=75 ns =; C_T 10 pF typ =; T_j -65..150 [DS16008 p2],none stated in DS16008 (no AEC-Q101),https://www.diodes.com/assets/Datasheets/ds16008.pdf,docs/datasheets/power-semiconductors/US1M.pdf,FUNCTIONAL,"qualification only: BOM line asks AEC-Q101, DS16008 states none. Electrically it is the gdrv DESAT design basis (C_T 10 pF, t_rr 75 ns)",2026-10-05,,LCSC product page C99333 read 2026-10-05T14:51Z (brand on page: DIODES; MPN on page: US1M-13-F); price_1 is the first break at MOQ 10; JLCPCB page stock 72674,"72670 pcs, min 10"
P06,PV-PWR (PV-P75); PV-PWR-4 (PV-P100-110); PCS-PWR (PCS-P125),36 / 48 / 18,"Ultrafast rectifier 1000 V 1 A trr 75 ns, AEC-Q101 (DESAT string)",Taiwan Semiconductor,US1MH,C17442259,0,0.0859 / 0.0859 / 0.0326 (first break MOQ 1),MDD,US1M,C412437,2441050,0.0134,0.0134,0.0106,Basic,SMA (DO-214AC),"SMA: polarity symbol (diode bar) on body marks cathode (MDD p1) = pin 1 K, pin 2 A; same",V_RRM 1000 V =; I(AV) 1 A @T_L 125 C; I_FSM 30 A =; V_F <=1.70 V @1 A =; I_R <=5/100 uA @25/125 C (better hot); t_rr <=75 ns =; C_J 15 pF typ vs 10 pF (worse); T_j -55..150 [MDD US1A-US1M Rev 2025A6 p1],none stated,https://datasheet.lcsc.com/datasheet/pdf/89b4a1927916d4412d7e6f222faa3abd.pdf?productCode=C412437,docs/datasheets/power-semiconductors/MDD-US1M.pdf,FUNCTIONAL,C_J 15 pF typ (10 pF in the gdrv DESAT calc): re-run the DESAT blanking/trip calc; no AEC-Q101 statement,2026-10-05,,LCSC product page C412437 read 2026-10-05T14:51Z (brand on page: MDD(Microdiode Semiconductor); MPN on page: US1M); price_1 is the first break at MOQ 50; JLCPCB page stock 2735049,"2441050 pcs, JLC Basic, cheapest (0.0062 USD @50k). LCSC-hosted copy"
P06,PV-PWR (PV-P75); PV-PWR-4 (PV-P100-110); PCS-PWR (PCS-P125),36 / 48 / 18,"Ultrafast rectifier 1000 V 1 A trr 75 ns, AEC-Q101 (DESAT string)",Taiwan Semiconductor,US1MH,C17442259,0,0.0859 / 0.0859 / 0.0326 (first break MOQ 1),Yangjie,US1M,C574035,44380,0.0267,0.0267,0.0178,Extended,SMA (DO-214AC),"SMA: cathode line denotes cathode (Yangjie p1) = pin 1 K, pin 2 A; same",V_RRM 1000 V =; I_FSM 30 A =; V_F <=1.7 V @1 A =; I_R <=5/100 uA @25/125 C (better hot); t_rr <=75 ns =; C_J not stated; T_j -55..150 [Yangjie US1A-US1M p1],none stated,https://datasheet.lcsc.com/datasheet/pdf/c78f52a826beba763b95bbd7edf3f296.pdf?productCode=C574035,docs/datasheets/power-semiconductors/Yangjie-US1M.pdf,FUNCTIONAL,C_J not stated: DESAT blanking calc cannot be verified; no AEC-Q101 statement,2026-10-05,,LCSC product page C574035 read 2026-10-05T14:52Z (brand on page: YANGJIE; MPN on page: US1M); price_1 is the first break at MOQ 20; JLCPCB page stock 44385,44380 pcs. LCSC-hosted copy (21yangjie.com answers 403 to plain GET per sibling agent)
P06,PV-PWR (PV-P75); PV-PWR-4 (PV-P100-110); PCS-PWR (PCS-P125),36 / 48 / 18,"Ultrafast rectifier 1000 V 1 A trr 75 ns, AEC-Q101 (DESAT string)",Taiwan Semiconductor,US1MH,C17442259,0,0.0859 / 0.0859 / 0.0326 (first break MOQ 1),PANJIT,US1M_R2_00101,C5118917,5640,0.0421,0.0421,0.0285,Extended,SMA (DO-214AC),"SMA: colour band denotes cathode (PANJIT p1) = pin 1 K, pin 2 A; same",V_F <=1.7 V @1 A =; C_J 17 pF typ vs 10 pF (worse); I_R 100 uA @125 C (better than 150) [PANJIT US1A-US1M p1],none stated (commercial suffix R2_00101),https://datasheet.lcsc.com/datasheet/pdf/09878300e694e42cdd948c014fb23974.pdf?productCode=C5118917,docs/datasheets/power-semiconductors/PANJIT-US1M_R2_00101.pdf,FUNCTIONAL,C_J 17 pF typ: re-run the gdrv DESAT blanking calc; no AEC-Q101 statement,2026-10-05,,LCSC product page C5118917 read 2026-10-05T14:52Z (brand on page: PANJIT; MPN on page: US1M_R2_00101); price_1 is the first break at MOQ 20,5640 pcs. Only the parameters listed were read
P06,PV-PWR (PV-P75); PV-PWR-4 (PV-P100-110); PCS-PWR (PCS-P125),36 / 48 / 18,"Ultrafast rectifier 1000 V 1 A trr 75 ns, AEC-Q101 (DESAT string)",Taiwan Semiconductor,US1MH,C17442259,0,0.0859 / 0.0859 / 0.0326 (first break MOQ 1),Hottech,US1M,C181135,209250,0.0187,0.0187,0.0151,Extended,SMA (DO-214AC),"SMA: cathode band (Hottech p1) = pin 1 K, pin 2 A; same",V_RRM 1000 V =; V_F <=1.7 V @1 A =; I_R <=5 uA @25 C =; t_rr <=75 ns =; C_J 15 pF typ vs 10 pF (worse) [Hottech US1A-US1M p1],none stated,https://datasheet.lcsc.com/datasheet/pdf/253b62ab89734bf091cc7dd012ba224b.pdf?productCode=C181135,docs/datasheets/power-semiconductors/Hottech-US1M.pdf,FUNCTIONAL,C_J 15 pF typ: re-run the gdrv DESAT blanking calc; no AEC-Q101 statement,2026-10-05,,LCSC product page C181135 read 2026-10-05T14:51Z (brand on page: Guangdong Hottech; MPN on page: US1M); price_1 is the first break at MOQ 50; JLCPCB page stock 215030,209250 pcs
P07,PV-PWR (PV-P75); PV-PWR-4 (PV-P100-110); PCS-PWR (PCS-P125),3 / 3 / 4,Rectifier 1000 V 1.5 A,Diodes Inc,S2M-13-F,C156322,270,0.1046 / 0.087 / 0.0716 (first break MOQ 5),Diodes Inc,S2M-13-F,C156322,270,0.1046,0.087,0.0716,Extended,SMB (DO-214AA),"SMB: cathode band or notch (Diodes S2M p1) = pin 1 K, pin 2 A",V_RRM 1000 V; I(AV) 1.5 A @T_T 100 C; I_FSM 50 A; V_F <=1.15 V @1.5 A; I_R 5 uA @25 C; C_T 20 pF typ; T_j -65..150 [Diodes S2A-S2M p2],none stated,docs/datasheets/power-semiconductors/S2M.pdf (on file),docs/datasheets/power-semiconductors/S2M.pdf,INCUMBENT,,2026-10-05,YES,LCSC product page C156322 read 2026-10-05T14:49Z (brand on page: DIODES; MPN on page: S2M-13-F); price_1 is the first break at MOQ 5; JLCPCB page stock 273,In stock but only 270 pcs on LCSC (mirror said 3554 - lags); ~67 modules at 4/module. Back-ups below
P07,PV-PWR (PV-P75); PV-PWR-4 (PV-P100-110); PCS-PWR (PCS-P125),3 / 3 / 4,Rectifier 1000 V 1.5 A,Diodes Inc,S2M-13-F,C156322,270,0.1046 / 0.087 / 0.0716 (first break MOQ 5),Vishay,S2M-E3/52T,C968639,975,0.166,0.1353,0.0968,Extended,SMB (DO-214AA),"SMB: colour band denotes cathode (Vishay S2 p1) = pin 1 K, pin 2 A; same",V_RRM 1000 V =; I_F(AV) 1.5 A @T_L 100 C =; I_FSM 50 A =; V_F <=1.15 V @1.5 A =; I_R <=1.0 uA @25 C vs 5 uA (better); T_j -55..150 vs -65..150 [Vishay S2A-S2M p1-2],AEC-Q101 for HE3 suffix; E3 commercial [p1],https://datasheet.lcsc.com/datasheet/pdf/d0f019ccfe208f059a0db67f8985e9b9.pdf?productCode=C968639,docs/datasheets/power-semiconductors/Vishay-S2M-E3-52T.pdf,DROP-IN,,2026-10-05,,LCSC product page C968639 read 2026-10-05T14:54Z (brand on page: VISHAY; MPN on page: S2M-E3/52T); price_1 is the first break at MOQ 5,"975 pcs, 0.0829 USD @5250. T_j min -55 C has no design impact (inferred)"
P07,PV-PWR (PV-P75); PV-PWR-4 (PV-P100-110); PCS-PWR (PCS-P125),3 / 3 / 4,Rectifier 1000 V 1.5 A,Diodes Inc,S2M-13-F,C156322,270,0.1046 / 0.087 / 0.0716 (first break MOQ 5),MDD,S2MB,C364261,65680,0.0297,0.0297,0.0205,Extended,SMB (DO-214AA),"SMB: polarity symbol on body marks cathode (MDD S2AB-S2MB p1; same convention as MDD US1M drawing) = pin 1 K, pin 2 A",V_RRM 1000 V =; I(AV) 2.0 A vs 1.5 A (better); I_FSM 60 A vs 50 A (better); V_F <=1.10 V @2.0 A vs 1.15 V @1.5 A (better); I_R 5 uA @25 C =; C_J 25 pF typ vs 20 pF typ; T_j -55..150 [MDD S2MB p1],none stated,https://datasheet.lcsc.com/datasheet/pdf/082bbf24d4462ea7fe5a715680b768a1.pdf?productCode=C364261,docs/datasheets/power-semiconductors/MDD-S2MB.pdf,DROP-IN,,2026-10-05,,LCSC product page C364261 read 2026-10-05T14:54Z (brand on page: MDD(Microdiode Semiconductor); MPN on page: S2MB); price_1 is the first break at MOQ 20; JLCPCB page stock 65683,"65680 pcs, 0.0138 USD @21000; cheapest reputed back-up. C_J not used by the coil-feed function (inferred)"
P07,PV-PWR (PV-P75); PV-PWR-4 (PV-P100-110); PCS-PWR (PCS-P125),3 / 3 / 4,Rectifier 1000 V 1.5 A,Diodes Inc,S2M-13-F,C156322,270,0.1046 / 0.087 / 0.0716 (first break MOQ 5),onsemi,S2M,C232827,2245,0.2161,0.1687,0.1231,Extended,SMB (DO-214AA),"SMB (onsemi p1) - cathode band; pin 1 K, pin 2 A (outline not read in detail)",V_RRM 1000 V =; I_F(AV) 2.0 A (better); I_FSM 50 A =; V_F <=1.15 V @2.0 A (better); C_T 30 pF typ; t_rr 2 us typ; I_R reads '1.0 mA' in text extraction (unit glyph not verified) [onsemi S2A-D p1-2],AEC-Q101 only for NRVS2M [p1],https://www.onsemi.com/download/data-sheet/pdf/s2m-d.pdf,docs/datasheets/power-semiconductors/onsemi-S2M.pdf,FUNCTIONAL,verify the I_R limit unit on the PDF (text shows mA) and the SMB polarity drawing,2026-10-05,,LCSC product page C232827 read 2026-10-05T15:16Z (brand on page: onsemi; MPN on page: S2M); price_1 is the first break at MOQ 5; JLCPCB page stock 2394,2245 pcs; S2M is in the active ordering table (others discontinued)
P07,PV-PWR (PV-P75); PV-PWR-4 (PV-P100-110); PCS-PWR (PCS-P125),3 / 3 / 4,Rectifier 1000 V 1.5 A,Diodes Inc,S2M-13-F,C156322,270,0.1046 / 0.087 / 0.0716 (first break MOQ 5),onsemi,NRVS2M,C893743,100,0.4907,0.4712,0.4712,Extended,SMB (DO-214AA),as onsemi S2M,as onsemi S2M (same data sheet),AEC-Q101 qualified and PPAP capable (NRV prefix) [p2],https://www.onsemi.com/download/data-sheet/pdf/s2m-d.pdf,docs/datasheets/power-semiconductors/onsemi-S2M.pdf,FUNCTIONAL,as onsemi S2M,2026-10-05,,LCSC product page C893743 read 2026-10-05T15:16Z (brand on page: onsemi; MPN on page: NRVS2M),"Only 100 pcs, 0.47 USD"
P08,PV-PWR (PV-P75); PV-PWR-4 (PV-P100-110); PCS-PWR (PCS-P125),1 / 1 / 1,Ultrafast rectifier 400 V 1 A,Diodes Incorporated,US1G-13-F,C110531,16135,0.1101 / 0.0858 / 0.0646 (first break MOQ 5),Diodes Inc,US1G-13-F,C110531,16135,0.1101,0.0858,0.0646,Extended,SMA (DO-214AC),"SMA: cathode band = K (KiCad pin 1), A (pin 2); same as incumbent",V_RRM 400 V; I_O 1 A @T_T 75 C; I_FSM 30 A; V_F <=1.3 V @1 A; I_R 5/100 uA @25/100 C; t_rr <=50 ns; C_T 20 pF typ; T_j -65..150 [DS16008 p2],none stated,"docs/datasheets/power-semiconductors/US1M.pdf (= DS16008, covers US1G; on file)",docs/datasheets/power-semiconductors/US1M.pdf,INCUMBENT,,2026-10-05,YES,LCSC product page C110531 read 2026-10-05T14:49Z (brand on page: DIODES; MPN on page: US1G-13-F); price_1 is the first break at MOQ 5; JLCPCB page stock 16136,In stock: 16135 pcs (2026-10-05). positions.json says 'none on file' but US1M.pdf (DS16008) covers US1G
P08,PV-PWR (PV-P75); PV-PWR-4 (PV-P100-110); PCS-PWR (PCS-P125),1 / 1 / 1,Ultrafast rectifier 400 V 1 A,Diodes Incorporated,US1G-13-F,C110531,16135,0.1101 / 0.0858 / 0.0646 (first break MOQ 5),MDD,US1G,C415549,67250,0.0133,0.0133,0.0105,Extended,SMA (DO-214AC),"SMA: polarity symbol (diode bar) marks cathode (MDD p1) = pin 1 K, pin 2 A; same",V_RRM 400 V =; I(AV) 1 A @T_L 125 C; I_FSM 30 A =; V_F <=1.30 V @1 A =; I_R <=5/100 uA @25/125 C (better hot); t_rr <=50 ns =; C_J 15 pF typ vs 20 (better); T_j -55..150 [MDD US1A-US1M p1],none stated (incumbent none either),https://datasheet.lcsc.com/datasheet/pdf/89b4a1927916d4412d7e6f222faa3abd.pdf?productCode=C412437,docs/datasheets/power-semiconductors/MDD-US1M.pdf,DROP-IN,,2026-10-05,,LCSC product page C415549 read 2026-10-05T15:17Z (brand on page: MDD(Microdiode Semiconductor); MPN on page: US1G); price_1 is the first break at MOQ 50; JLCPCB page stock 67288,"67250 pcs, 0.0063 USD @50k; same MDD US1A-US1M data sheet as P06 MDD US1M"
P08,PV-PWR (PV-P75); PV-PWR-4 (PV-P100-110); PCS-PWR (PCS-P125),1 / 1 / 1,Ultrafast rectifier 400 V 1 A,Diodes Incorporated,US1G-13-F,C110531,16135,0.1101 / 0.0858 / 0.0646 (first break MOQ 5),Vishay,US1G-E3/61T,C82645,42125,0.0969,0.0768,0.0593,Extended,SMA (DO-214AC),"SMA: colour band = cathode (Vishay 88768 p1) = pin 1 K, pin 2 A; same","V_RRM 400 V =; I_F(AV) 1 A @T_L 110 C; I_FSM 30 A =; V_F <=1.0 V @1 A vs 1.3 V (better); I_R <=10 uA @25 C vs 5 uA (worse), <=50 uA @100 C vs 100 uA (better); t_rr <=50 ns =; C_J 15 pF typ vs 20 pF [Vishay US1A-US1M p1-2]",AEC-Q101 for HE3 suffix only; E3 commercial,https://datasheet.lcsc.com/datasheet/pdf/b11e14d30f7ad07cf882dfd41c8ebb8b.pdf?productCode=C413446,docs/datasheets/power-semiconductors/Vishay-US1MHE3_A-H.pdf,FUNCTIONAL,I_R(25 C) 10 vs 5 uA: re-check the AFR / AUX_R sense-divider error (inferred negligible),2026-10-05,,LCSC product page C82645 read 2026-10-05T15:17Z (brand on page: VISHAY; MPN on page: US1G-E3/61T); price_1 is the first break at MOQ 5; JLCPCB page stock 42128,42125 pcs. Same Vishay US1A-US1M data sheet as P06
P09,PV-PWR (PV-P75); PV-PWR-4 (PV-P100-110); PCS-PWR (PCS-P125),2 / 2 / 2,Ultrafast rectifier 400 V 8 A FRED Pt (output),Vishay,VS-8ETU04S-M3,NOT ON LCSC,,,Vishay,VS-8ETU04S-M3,NOT ON LCSC,,,,,,D2PAK (TO-263AB),"D2PAK: 1 N/C, 2 + tab K, 3 A (Vishay 96388 p1)","V_RRM 400 V; I_F(AV) 8 A @T_C 155 C; I_FSM 100 A; V_F <=1.3 V @8 A 25 C, <=1.0 V @8 A 150 C; I_R <=10/500 uA @25/150 C; t_rr 43 ns typ (200 A/us, 25 C); Q_rr 60/210 nC typ @25/125 C; T_j -65..175 C [Vishay 96388 p1-2]",none stated in data sheet,docs/datasheets/power-semiconductors/VS-8ETU04S-M3.pdf (on file),docs/datasheets/power-semiconductors/VS-8ETU04S-M3.pdf,INCUMBENT,,2026-10-05,,,"KEY FINDING: no LCSC listing (WebSearch 'lcsc 8ETU04', 'szlcsc 8ETU04'; jlcsearch mirror) 2026-10-05"
P09,PV-PWR (PV-P75); PV-PWR-4 (PV-P100-110); PCS-PWR (PCS-P125),2 / 2 / 2,Ultrafast rectifier 400 V 8 A FRED Pt (output),Vishay,VS-8ETU04S-M3,NOT ON LCSC,,,ST,STTH8L06G-TR,C2924785,426,0.8964,0.547,0.467,Extended,D2PAK (TO-263),"D2PAK per ST p1 figure: tab = K, leads NC and A; pin numbers not printed (inferred 1 = NC, 3 = A, as incumbent) - not confirmed","V_RRM 600 V vs 400 V (better); I_F(AV) 8 A @T_C 150 C vs 8 A @155 C; I_FSM 120 A vs 100 A (better); V_F <=1.3 V @8 A 25 C vs 1.3 V, <=1.05 V @8 A 150 C vs 1.0 V (worse); I_R 8 uA @25 C, 16 typ/200 max uA @150 C vs 10/500 uA (better); t_rr 75 typ/105 max ns @1 A -50 A/us vs 43 ns typ (slower); T_j -40..175 vs -65..175 [ST Doc 8373 Rev 6 p1-3]",none stated (ECOPACK),https://datasheet.lcsc.com/datasheet/pdf/5e5659d4e1e0bbd991b52ea549f79efe.pdf?productCode=C2924785,docs/datasheets/power-semiconductors/ST-STTH8L06G-TR.pdf,FUNCTIONAL,confirm the D2PAK lead numbering (NC/A) against the KiCad footprint; t_rr 75-105 ns: re-check the secondary RC snubber and SiC turn-on stress if the aux flyback runs CCM; V_F(150 C) 1.05 vs 1.0 V: re-check diode dissipation,2026-10-05,YES,LCSC product page C2924785 read 2026-10-05T15:13Z (brand on page: ST; MPN on page: STTH8L06G-TR); JLCPCB page stock 464,"426 pcs, 0.467 USD @1000. st.com did not answer a plain GET -> LCSC-hosted copy"
P09,PV-PWR (PV-P75); PV-PWR-4 (PV-P100-110); PCS-PWR (PCS-P125),2 / 2 / 2,Ultrafast rectifier 400 V 8 A FRED Pt (output),Vishay,VS-8ETU04S-M3,NOT ON LCSC,,,ST,STTH8R06G-TR,C2875964,2789,0.5322,0.409,0.3811,Extended,D2PAK (TO-263),"as STTH8L06G (ST D2PAK tab = K, NC + A leads; numbering not printed) - not confirmed","V_RRM 600 V (better); I_F(AV) 8 A; I_FSM 80 A vs 100 A (worse); V_F <=2.9 V @8 A 25 C vs 1.3 V, 1.4 typ/1.8 max V @125 C vs 1.0 V @150 C (much worse); t_rr <=25 ns (better); I_R 30 uA @25 C, 35/400 uA @125 C; T_j 175 C [ST STTH8R06 p1-3]",none stated,https://datasheet.lcsc.com/datasheet/pdf/2995d02dd2595f4551a2efb3880ce139.pdf?productCode=C2875964,docs/datasheets/power-semiconductors/ST-STTH8R06G-TR.pdf,FUNCTIONAL,V_F 1.8 V max hot: about +3 W at 3 A average (inferred from ST P = 1.16 I_AV + 0.08 I_RMS^2) - thermal re-check; I_FSM 80 A; D2PAK lead numbering,2026-10-05,,LCSC product page C2875964 read 2026-10-05T15:12Z (brand on page: ST; MPN on page: STTH8R06G-TR),"2789 pcs (the only D2PAK 8 A part with real stock), 0.381 USD @1000"
P09,PV-PWR (PV-P75); PV-PWR-4 (PV-P100-110); PCS-PWR (PCS-P125),2 / 2 / 2,Ultrafast rectifier 400 V 8 A FRED Pt (output),Vishay,VS-8ETU04S-M3,NOT ON LCSC,,,ST,STTH8R04G-TR,C181032,11,3.5459,2.4764,2.2806,Extended,D2PAK (TO-263),"ST D2PAK: tab = K, NC + A leads (numbering not printed) - not confirmed","V_RRM 400 V =; I_F(AV) 8 A; I_FSM 120 A (better); V_F <=1.50 V @8 A 25 C vs 1.3 V (worse), <=1.10 V @150 C vs 1.0 V (worse); I_R 10 uA @25 C, 10/100 uA @125 C; t_rr 25 ns typ (better); T_j -40..175 [ST STTH8R04 p1-3]",none stated,https://datasheet.lcsc.com/datasheet/pdf/c18431acb57ea8337be8ed7c5b9c7f03.pdf?productCode=C181032,docs/datasheets/power-semiconductors/ST-STTH8R04G-TR.pdf,FUNCTIONAL,V_F +0.1-0.2 V: dissipation re-check; D2PAK lead numbering,2026-10-05,,LCSC product page C181032 read 2026-10-05T15:12Z (brand on page: ST; MPN on page: STTH8R04G-TR),"Only 11 pcs, 2.28 USD @1000"
P09,PV-PWR (PV-P75); PV-PWR-4 (PV-P100-110); PCS-PWR (PCS-P125),2 / 2 / 2,Ultrafast rectifier 400 V 8 A FRED Pt (output),Vishay,VS-8ETU04S-M3,NOT ON LCSC,,,WeEn,"BYV29B-500,118",C256470,14,1.4398,0.8554,0.7487,Extended,D2PAK (SOT404),"D2PAK: 1 n.c., 2 K (not connectable), mb K, 3 A (WeEn p2 Table 2) - same as incumbent","V_RRM 500 V (better); I_FSM 100 A @10 ms =; V_F <=1.25 V @8 A 25 C (better), <=1.03 V @8 A 150 C vs 1.0 V (worse); t_rr 50 typ/60 max ns @1 A 100 A/us; I_R 2/50 uA @500 V 25 C; T_j 150 C vs 175 C (worse) [WeEn BYV29B-500 p1-4]",none stated,https://datasheet.lcsc.com/datasheet/pdf/7be0ecd1d14989cd37b812a6135264f3.pdf?productCode=C256470,docs/datasheets/power-semiconductors/WeEn-BYV29B-500.pdf,FUNCTIONAL,T_j max 150 vs 175 C: re-check junction temperature with the derating rule,2026-10-05,,"LCSC product page C256470 read 2026-10-05T15:12Z (brand on page: WeEn; MPN on page: BYV29B-500,118)","Only 14 pcs. Best electrical fit with confirmed pinout, but not orderable in volume"
P09,PV-PWR (PV-P75); PV-PWR-4 (PV-P100-110); PCS-PWR (PCS-P125),2 / 2 / 2,Ultrafast rectifier 400 V 8 A FRED Pt (output),Vishay,VS-8ETU04S-M3,NOT ON LCSC,,,YFW,MUR1640DC,C2898626,358,0.3882,0.2155,0.1858,Extended,TO-263,"dual-diode TO-263 (two anodes, common cathode per MPN; not read) - differs",not compared (data sheet not read),not read,,,REJECT,,2026-10-05,,LCSC product page C2898626 read 2026-10-05T15:12Z (brand on page: YFW; MPN on page: MUR1640DC),Brand YFW not on the reputed list; dual-diode pinout differs. Also YFW MUR1040DC C2921255 (same reasons)
P10,PV-CTL-P75 (PV-P75); PV-CTL (PV-P100-110); PCS-CTL-3W (PCS-P125),2 / 2 / 2,Schottky rectifier 60 V 5 A (buck catch diode),MDD (Microdiode Semiconductor),SS56,C65009,230910,0.0531 / 0.0439 / 0.0353 (first break MOQ 10),MDD,SS56,C65009,230910,0.0531,0.0439,0.0353,Extended,SMA (DO-214AC),"SMA: colour band denotes cathode (MDD SS5x p1) = pin 1 K, pin 2 A",V_RRM 60 V; I(AV) 5 A; I_FSM 120 A; V_F <=0.70 V @5 A; T_j -55..150 C (SS56 column) [MDD SS52-SS5200 p1],none stated,docs/datasheets/power-semiconductors/MDD-SS5x.pdf (on file),docs/datasheets/power-semiconductors/MDD-SS5x.pdf,INCUMBENT,,2026-10-05,YES,LCSC product page C65009 read 2026-10-05T14:49Z (brand on page: MDD(Microdiode Semiconductor); MPN on page: SS56); price_1 is the first break at MOQ 10; JLCPCB page stock 236582,"In stock: 230910 pcs, min 10"
P10,PV-CTL-P75 (PV-P75); PV-CTL (PV-P100-110); PCS-CTL-3W (PCS-P125),2 / 2 / 2,Schottky rectifier 60 V 5 A (buck catch diode),MDD (Microdiode Semiconductor),SS56,C65009,230910,0.0531 / 0.0439 / 0.0353 (first break MOQ 10),Goodwork,SS56,C2848693,39380,0.0455,0.0455,0.0319,Extended,SMA (DO-214AC),"SMA: colour band denotes cathode (Goodwork p1) = pin 1 K, pin 2 A; same",V_RRM 60 V =; I(AV) 5 A =; I_FSM 120 A =; V_F <=0.70 V @5 A =; I_R <=0.1 mA @25 C (better than MDD table); C_J 380 pF typ; T_j -65..150 (=/better) [Goodwork SS52-SS510 p1],none stated,https://datasheet.lcsc.com/datasheet/pdf/14855f0d8cdd2242450a081e47944035.pdf?productCode=C2848693,docs/datasheets/power-semiconductors/Goodwork-SS56.pdf,DROP-IN,,2026-10-05,,LCSC product page C2848693 read 2026-10-05T14:55Z (brand on page: GOODWORK; MPN on page: SS56); price_1 is the first break at MOQ 20; JLCPCB page stock 39386,"39380 pcs, 0.0219 USD @16000"
P10,PV-CTL-P75 (PV-P75); PV-CTL (PV-P100-110); PCS-CTL-3W (PCS-P125),2 / 2 / 2,Schottky rectifier 60 V 5 A (buck catch diode),MDD (Microdiode Semiconductor),SS56,C65009,230910,0.0531 / 0.0439 / 0.0353 (first break MOQ 10),Slkor,SS56,C513479,17830,0.053,0.0437,0.0391,Extended,SMA (DO-214AC),"SMA: colour band denotes cathode (Slkor p1) = pin 1 K, pin 2 A; same",V_RRM 60 V =; I_F(AV) 5 A =; I_FSM 100 A vs 120 A (worse); V_F <=0.70 V @5 A =; I_R 0.1/10 mA @25/100 C; C_J 28 pF typ (as printed); T_j -55..150 = [Slkor SS52-SS5250 p1],none stated,https://datasheet.lcsc.com/datasheet/pdf/6a0d00ab36b8ea2a0b7a8ec641a4df00.pdf?productCode=C513479,docs/datasheets/power-semiconductors/Slkor-SS56.pdf,FUNCTIONAL,"I_FSM 100 vs 120 A: start-up surge through the catch diode (TPS54360B limits the peak, inferred no impact)",2026-10-05,,LCSC product page C513479 read 2026-10-05T14:55Z (brand on page: Slkor; MPN on page: SS56); price_1 is the first break at MOQ 10; JLCPCB page stock 17836,17830 pcs
P11,PV-PWR (PV-P75); PV-PWR-4 (PV-P100-110); PCS-PWR (PCS-P125),72 / 96 / 60,Schottky rectifier 40 V 1 A low Vf,Nexperia,PMEG4010CEJ,C50704,2825,0.3826 / 0.3053 / 0.2307 (first break MOQ 5),Nexperia,"PMEG4010CEJ,115",C50704,2825,0.3826,0.3053,0.2307,Extended,SOD-323F (SC-90),"SOD323F: 1 K (marking bar), 2 A (Nexperia p2)",V_R 40 V; I_F 1 A; I_FRM 7 A; I_FSM 10 A; V_F <=240/310/390/490/520/570 mV @1/10/100/500/700/1000 mA; I_R <=50 uA @40 V; C_d <=77 pF @1 V; T_j 150 C [Nexperia PMEG4010CEH_CEJ p1-4],none stated in data sheet,docs/datasheets/protection/PMEG4010CEJ.pdf (on file),docs/datasheets/protection/PMEG4010CEJ.pdf,INCUMBENT,,2026-10-05,YES,"LCSC product page C50704 read 2026-10-05T14:49Z (brand on page: Nexperia; MPN on page: PMEG4010CEJ,115); price_1 is the first break at MOQ 5; JLCPCB page stock 2946",In stock: 2825 pcs (the earlier 51 pcs reading is superseded) = ~29-47 modules at 60-96/module; 0.21 USD @3000
P11,PV-PWR (PV-P75); PV-PWR-4 (PV-P100-110); PCS-PWR (PCS-P125),72 / 96 / 60,Schottky rectifier 40 V 1 A low Vf,Nexperia,PMEG4010CEJ,C50704,2825,0.3826 / 0.3053 / 0.2307 (first break MOQ 5),Nexperia,"PMEG4010CEH,115",C193342,99355,0.0928,0.0728,0.0553,Extended,SOD-123F,"SOD123F: 1 K (marking bar), 2 A - same numbering, different land pattern",same die and same data sheet as incumbent: V_F <=240/310/390/490/520/570 mV =; C_d <=77 pF =; I_R <=50 uA @40 V =; I_FRM 7 A =; T_j 150 = [PMEG4010CEH_CEJ p1-4],none stated,https://datasheet.lcsc.com/datasheet/pdf/dba7ae4e18ceca82068fb56d8b0ddbad.pdf?productCode=C193342,docs/datasheets/protection/Nexperia-PMEG4010CEH.pdf,FUNCTIONAL,footprint change SOD-323F -> SOD-123F (land pattern and area for 60-96 parts/module),2026-10-05,,"LCSC product page C193342 read 2026-10-05T15:14Z (brand on page: Nexperia; MPN on page: PMEG4010CEH,115); price_1 is the first break at MOQ 5","99355 pcs, 0.0463 USD @6000 vs 0.199 for CEJ: about 10-16 USD/module saving (inferred). nexperia.com refused plain GET -> LCSC-hosted copy"
P11,PV-PWR (PV-P75); PV-PWR-4 (PV-P100-110); PCS-PWR (PCS-P125),72 / 96 / 60,Schottky rectifier 40 V 1 A low Vf,Nexperia,PMEG4010CEJ,C50704,2825,0.3826 / 0.3053 / 0.2307 (first break MOQ 5),Nexperia,"PMEG6010CEJ,115",C406049,54125,0.1622,0.1267,0.0925,Extended,SOD-323F (SC-90),"SOD323F: 1 K (marking bar), 2 A - same",V_R 60 V vs 40 V (better); I_F 1 A =; I_FRM 7 A =; V_F <=250/310/400/530/580/660 mV @1/10/100/500/700/1000 mA (worse above 10 mA); I_R <=50 uA @60 V; C_d <=68 pF vs 77 (better); T_j 150 = [PMEG6010CEH_CEJ p1-4],none stated,https://datasheet.lcsc.com/datasheet/pdf/65d35960e0d6b6a3caba7a0abeb53bf9.pdf?productCode=C406049,docs/datasheets/protection/Nexperia-PMEG6010CEJ.pdf,FUNCTIONAL,V_F(1 A) 0.66 V vs 0.57 V: re-run gdrv with PMEG vf_1a = 0.66 V (Miller hold) and the VF_BRIDGE range for the bias bridge,2026-10-05,,"LCSC product page C406049 read 2026-10-05T15:14Z (brand on page: Nexperia; MPN on page: PMEG6010CEJ,115); price_1 is the first break at MOQ 5; JLCPCB page stock 55675","54125 pcs, 0.079 USD @6000, same footprint"
P11,PV-PWR (PV-P75); PV-PWR-4 (PV-P100-110); PCS-PWR (PCS-P125),72 / 96 / 60,Schottky rectifier 40 V 1 A low Vf,Nexperia,PMEG4010CEJ,C50704,2825,0.3826 / 0.3053 / 0.2307 (first break MOQ 5),Nexperia,"PMEG4010EJ,115",C552905,0,0.0743,0.0583,0.0444,Extended,SOD-323F (SC-90),SOD323F (Nexperia) - same,not compared,none stated,,,REJECT,,2026-10-05,,"LCSC product page C552905 read 2026-10-05T15:14Z (brand on page: Nexperia; MPN on page: PMEG4010EJ,115); price_1 is the first break at MOQ 5; JLCPCB page stock 50",0 pcs on LCSC (2026-10-05)
P11,PV-PWR (PV-P75); PV-PWR-4 (PV-P100-110); PCS-PWR (PCS-P125),72 / 96 / 60,Schottky rectifier 40 V 1 A low Vf,Nexperia,PMEG4010CEJ,C50704,2825,0.3826 / 0.3053 / 0.2307 (first break MOQ 5),MCC,B5819WS-TP,C78734,13130,0.0745,0.0671,0.063,Extended,SOD-323,SOD-323 (not 323F): cathode mark (MCC p1),V_RRM 40 V =; I_F(AV) 1 A @T_C 90 C; I_FSM 10 A =; V_F <=0.60 V @1 A vs 0.57 V; I_R <=40 uA @40 V; C_J 120 pF typ vs <=77 pF; T_j -65..+125 C vs 150 C [MCC B5817WS-B5819WS p1-2],none stated,https://datasheet.lcsc.com/datasheet/pdf/55aa1c65739574ef3286a772dd9080bf.pdf?productCode=C78734,not filed in docs/ (staged copy only: REJECT evidence),REJECT,,2026-10-05,,LCSC product page C78734 read 2026-10-05T15:14Z (brand on page: MCC; MPN on page: B5819WS-TP); price_1 is the first break at MOQ 10; JLCPCB page stock 27029,T_j max 125 C and C_J 120 pF typ fall short of the incumbent's 150 C / 77 pF max; different package
P12,PV-PWR (PV-P75); PV-PWR-4 (PV-P100-110); PCS-PWR (PCS-P125),40 / 52 / 22,"Schottky diode 30 V 200 mA | Schottky diode 30 V 200 mA, trr <= 5 ns",Nexperia,"BAT54 | BAT54,215",C85084,110740,0.022 / 0.022 / 0.0143 (first break MOQ 20),Nexperia,"BAT54,215",C85084,110740,0.022,0.022,0.0143,Extended,SOT-23,"SOT23: 1 A, 2 n.c., 3 K (Nexperia Table 2 p2)",V_R 30 V; I_F 200 mA; I_FRM 300 mA; I_FSM 600 mA (<10 ms); V_F <=240/320/400/500/800 mV @0.1/1/10/30/100 mA; I_R <=2 uA @25 V; C_d <=10 pF @1 V; t_rr <=5 ns; T_j 150 C [Nexperia BAT54 p2-4],non-automotive (data sheet disclaimer),docs/datasheets/protection/BAT54.pdf (on file),docs/datasheets/protection/BAT54.pdf,INCUMBENT,,2026-10-05,YES,"LCSC product page C85084 read 2026-10-05T14:49Z (brand on page: Nexperia; MPN on page: BAT54,215); price_1 is the first break at MOQ 20; JLCPCB page stock 110754","110740 pcs. NOTE: positions.json 'BAT54: C545546' is UMW brand, not Nexperia"
P12,PV-PWR (PV-P75); PV-PWR-4 (PV-P100-110); PCS-PWR (PCS-P125),40 / 52 / 22,"Schottky diode 30 V 200 mA | Schottky diode 30 V 200 mA, trr <= 5 ns",Nexperia,"BAT54 | BAT54,215",C85084,110740,0.022 / 0.022 / 0.0143 (first break MOQ 20),Diodes Inc,BAT54-7-F,C106920,88120,0.0357,0.0357,0.0235,Extended,SOT-23,"SOT23 (DS11005 p1 diagram): 1 A, 2 n.c., 3 K - same",V_RRM 30 V =; I_O 200 mA =; I_FRM 300 mA =; I_FSM 600 mA (<1 s) =; V_F <=240/320/400/500/800 mV =; I_R <=2 uA @25 V =; C_T <=10 pF =; t_rr <=5 ns =; T_j -65..150 [DS11005 Rev 34-2 p1-2],qualified to JEDEC standards as referenced in AEC-Q (p1); automotive BAT54Q separate,https://www.diodes.com/assets/Datasheets/ds11005.pdf,docs/datasheets/protection/BAT54S-Diodes.pdf,DROP-IN,,2026-10-05,,LCSC product page C106920 read 2026-10-05T15:17Z (brand on page: DIODES; MPN on page: BAT54-7-F); price_1 is the first break at MOQ 20; JLCPCB page stock 88129,88120 pcs
P12,PV-PWR (PV-P75); PV-PWR-4 (PV-P100-110); PCS-PWR (PCS-P125),40 / 52 / 22,"Schottky diode 30 V 200 mA | Schottky diode 30 V 200 mA, trr <= 5 ns",Nexperia,"BAT54 | BAT54,215",C85084,110740,0.022 / 0.022 / 0.0143 (first break MOQ 20),onsemi,BAT54LT1G,C94399,68140,0.0238,0.0238,0.0156,Extended,SOT-23,"SOT-23: 1 ANODE, 3 CATHODE (onsemi p1) - same",V_R 30 V =; I_F 200 mA =; V_F <=240/320/400/500/800 mV =; I_R <=2 uA @25 V =; C_T <=10 pF =; t_rr <=5 ns =; T_j -55..150 [onsemi BAT54LT1 p1-2],AEC-Q101 only for NSV prefix,https://www.onsemi.com/download/data-sheet/pdf/bat54lt1-d.pdf,docs/datasheets/protection/onsemi-BAT54LT1G.pdf,DROP-IN,,2026-10-05,,LCSC product page C94399 read 2026-10-05T15:17Z (brand on page: onsemi; MPN on page: BAT54LT1G); price_1 is the first break at MOQ 20; JLCPCB page stock 68152,68140 pcs
P12,PV-PWR (PV-P75); PV-PWR-4 (PV-P100-110); PCS-PWR (PCS-P125),40 / 52 / 22,"Schottky diode 30 V 200 mA | Schottky diode 30 V 200 mA, trr <= 5 ns",Nexperia,"BAT54 | BAT54,215",C85084,110740,0.022 / 0.022 / 0.0143 (first break MOQ 20),onsemi,NSVBAT54LT1G,C463631,60,0.2149,0.2118,0.2077,not in JLCPCB library,SOT-23,as BAT54LT1G - same,as BAT54LT1G (same data sheet),"AEC-Q101 qualified, PPAP capable (NSV) [p1]",https://www.onsemi.com/download/data-sheet/pdf/bat54lt1-d.pdf,docs/datasheets/protection/onsemi-BAT54LT1G.pdf,DROP-IN,,2026-10-05,,LCSC product page C463631 read 2026-10-05T15:17Z (brand on page: onsemi; MPN on page: NSVBAT54LT1G); price_1 is the first break at MOQ 5,Only 60 pcs; JLCPCB page null (not in JLCPCB library)
P13,PV-PWR (PV-P75); PV-PWR-4 (PV-P100-110); PCS-PWR (PCS-P125),13 / 17 / 7,Dual series Schottky 30 V (soft start: clamp + discharge) | Dual series Schottky 30 V 200 mA (sense-node clamp to COM and VDD),Nexperia,"BAT54S | BAT54S,215",C47546,277760,0.0311 / 0.0311 / 0.0199 (first break MOQ 20),Nexperia,"BAT54S,215",C47546,277760,0.0311,0.0311,0.0199,Extended,SOT-23,"SOT23: 1 A1, 2 K2, 3 K1/A2 (Nexperia Table 2 p1)",as BAT54 per diode: V_R 30 V; I_F 200 mA; V_F <=240/320/400/500/800 mV; I_R <=2 uA @25 V; C_d <=10 pF; t_rr <=5 ns; T_j 150 C [Nexperia BAT54 series],non-automotive (data sheet disclaimer),docs/datasheets/protection/BAT54S.pdf (on file),docs/datasheets/protection/BAT54S.pdf,INCUMBENT,,2026-10-05,YES,"LCSC product page C47546 read 2026-10-05T14:49Z (brand on page: Nexperia; MPN on page: BAT54S,215); price_1 is the first break at MOQ 20; JLCPCB page stock 279986","277760 pcs. NOTE: C408389 is MDD brand, not Nexperia"
P13,PV-PWR (PV-P75); PV-PWR-4 (PV-P100-110); PCS-PWR (PCS-P125),13 / 17 / 7,Dual series Schottky 30 V (soft start: clamp + discharge) | Dual series Schottky 30 V 200 mA (sense-node clamp to COM and VDD),Nexperia,"BAT54S | BAT54S,215",C47546,277760,0.0311 / 0.0311 / 0.0199 (first break MOQ 20),onsemi,BAT54SLT1G,C19726,251051,0.0255,0.0138,0.0124,Extended,SOT-23,"SOT-23 STYLE 11: 1 ANODE, 2 CATHODE, 3 CATHODE/ANODE (onsemi p1) - same",V_R 30 V =; I_F 200 mA =; I_FRM 300 mA =; I_FSM 600 mA (<10 ms) =; V_F <=240/320/400/500/800 mV =; I_R <=2 uA @25 V =; C_T <=10 pF =; t_rr <=5 ns =; T_j -55..150 [onsemi BAT54SLT1 p1-2],AEC-Q101 only for SBAT54SLT1G (S prefix),https://www.onsemi.com/download/data-sheet/pdf/bat54slt1-d.pdf,docs/datasheets/protection/onsemi-BAT54SLT1G.pdf,DROP-IN,,2026-10-05,,LCSC product page C19726 read 2026-10-05T15:17Z (brand on page: onsemi; MPN on page: BAT54SLT1G),"251051 pcs, min 1"
P13,PV-PWR (PV-P75); PV-PWR-4 (PV-P100-110); PCS-PWR (PCS-P125),13 / 17 / 7,Dual series Schottky 30 V (soft start: clamp + discharge) | Dual series Schottky 30 V 200 mA (sense-node clamp to COM and VDD),Nexperia,"BAT54S | BAT54S,215",C47546,277760,0.0311 / 0.0311 / 0.0199 (first break MOQ 20),Diodes Inc,BAT54S-7-F,C83574,16440,0.1157,0.0962,0.0791,Extended,SOT-23,"SOT23 (DS11005 p1 diagram): 1 A1, 2 K2, 3 K1/A2 - same",as Diodes BAT54-7-F per diode (DS11005): all limits equal [p1-2],JEDEC per AEC-Q references (p1),https://www.diodes.com/assets/Datasheets/ds11005.pdf,docs/datasheets/protection/BAT54S-Diodes.pdf,DROP-IN,,2026-10-05,,LCSC product page C83574 read 2026-10-05T15:17Z (brand on page: DIODES; MPN on page: BAT54S-7-F); price_1 is the first break at MOQ 5; JLCPCB page stock 16442,"16440 pcs, 0.067 USD @6000 (dearer)"
P13,PV-PWR (PV-P75); PV-PWR-4 (PV-P100-110); PCS-PWR (PCS-P125),13 / 17 / 7,Dual series Schottky 30 V (soft start: clamp + discharge) | Dual series Schottky 30 V 200 mA (sense-node clamp to COM and VDD),Nexperia,"BAT54S | BAT54S,215",C47546,277760,0.0311 / 0.0311 / 0.0199 (first break MOQ 20),MDD,BAT54S,C408389,927900,0.0197,0.0197,0.0165,Extended,SOT-23,"SOT-23 (MDD p1 diagram): 1 A1, 2 K2, 3 K1/A2 - same","V_RRM 30 V =; I_FM 200 mA =; I_FSM 600 mA (8.3 ms) =; I_FRM 300 mA =; V_F <=0.24/0.32/0.40/0.50 V =, <=1.0 V @100 mA vs 0.8 V (worse); I_R <=2 uA @25 V =; C_D <=10 pF =; t_rr <=5 ns =; T_j 125 C vs 150 C (worse) [MDD BAT54/A/C/S Rev 2024A2 p1]",none stated,https://datasheet.lcsc.com/datasheet/pdf/a95875161c383abf8745be167ccc5a8b.pdf?productCode=C408389,docs/datasheets/protection/MDD-BAT54S.pdf,FUNCTIONAL,V_F(100 mA) 1.0 V and T_j max 125 C: re-check worst-case DESAT/soft-start clamp current and board-temperature derating,2026-10-05,,LCSC product page C408389 read 2026-10-05T14:44Z (brand on page: MDD(Microdiode Semiconductor); MPN on page: BAT54S); price_1 is the first break at MOQ 50; JLCPCB page stock 966127,"927900 pcs, cheapest"
P14,PV-PWR (PV-P75); PV-PWR-4 (PV-P100-110); PCS-PWR (PCS-P125),3 / 3 / 2,"Switching diode 100 V 215 mA, low leakage | Switching diode 100 V 215 mA, low leakage (timer latch)",Nexperia,"BAS16 | BAS16,215",C79997,265750,0.0101 / 0.0101 / 0.0078 (first break MOQ 50),Nexperia,"BAS16,215",C79997,265750,0.0101,0.0101,0.0078,Extended,SOT-23,"SOT23: 1 A, 2 n.c., 3 K (Nexperia p2)","V_RRM 100 V; V_R 100 V; I_FRM 500 mA; V_F <=715/855/1000/1250 mV @1/10/50/150 mA; I_R <=30 nA @25 V, <=0.5 uA @80 V, <=30 uA @25 V 150 C, <=50 uA @80 V 150 C; t_rr <=4 ns; T_j 150 C [Nexperia BAS16 Rev 6 p1-6]",AEC-Q101 qualified [p1],docs/datasheets/protection/BAS16.pdf (on file),docs/datasheets/protection/BAS16.pdf,INCUMBENT,,2026-10-05,YES,"LCSC product page C79997 read 2026-10-05T14:50Z (brand on page: Nexperia; MPN on page: BAS16,215); price_1 is the first break at MOQ 50; JLCPCB page stock 265765",265750 pcs
P14,PV-PWR (PV-P75); PV-PWR-4 (PV-P100-110); PCS-PWR (PCS-P125),3 / 3 / 2,"Switching diode 100 V 215 mA, low leakage | Switching diode 100 V 215 mA, low leakage (timer latch)",Nexperia,"BAS16 | BAS16,215",C79997,265750,0.0101 / 0.0101 / 0.0078 (first break MOQ 50),onsemi,BAS16LT1G,C94377,113300,0.0254,0.0254,0.0164,Extended,SOT-23,"SOT-23 STYLE 8: 1 ANODE, 3 CATHODE (onsemi p1) - same","V_R 100 V =; V_F <=715/855/1000/1250 mV =; I_R <=1.0 uA @100 V, <=30 uA @25 V 150 C =, <=50 uA @75 V 150 C; no 25 V / 25 C limit (incumbent 30 nA); C_D <=2.0 pF; t_rr <=6 ns vs 4 ns (worse); T_j -55..150 [onsemi BAS16LT1 p1-2]",AEC-Q101 only for S prefix (SBAS16LT1G),https://www.onsemi.com/download/data-sheet/pdf/bas16lt1-d.pdf,docs/datasheets/protection/onsemi-BAS16LT1G.pdf,FUNCTIONAL,"no low-leakage limit at 25 V / 25 C (timer latch): re-check the latch hold-leakage budget; t_rr 6 ns (no latch impact, inferred)",2026-10-05,,LCSC product page C94377 read 2026-10-05T15:17Z (brand on page: onsemi; MPN on page: BAS16LT1G); price_1 is the first break at MOQ 20; JLCPCB page stock 113309,113300 pcs
P14,PV-PWR (PV-P75); PV-PWR-4 (PV-P100-110); PCS-PWR (PCS-P125),3 / 3 / 2,"Switching diode 100 V 215 mA, low leakage | Switching diode 100 V 215 mA, low leakage (timer latch)",Nexperia,"BAS16 | BAS16,215",C79997,265750,0.0101 / 0.0101 / 0.0078 (first break MOQ 50),Diodes Inc,BAS16-7-F,C69162,17620,0.0371,0.0371,0.026,Extended,SOT-23,"SOT23 top-view internal schematic (DS12003 p1): pin 1 (bottom left) = A, pin 3 (top) = K, pin 2 n.c. - same","V_RRM/V_RWM 75 V vs 100 V (worse; V_RM 100 V non-rep.); V_F <=715/855/1000/1250 mV =; I_R <=25 nA @20 V, 1 uA @75 V, 30 uA @25 V 150 C; C_T 2 pF; t_rr <=4 ns =; T_j -55..150 [DS12003 Rev 33-2 p2]",AEC-Q101 only for BAS16Q (DS12003 p1); BAS16-7-F commercial,https://www.diodes.com/assets/Datasheets/BAS16_MMBD4148_MMBD914.pdf,docs/datasheets/protection/Diodes-BAS16-7-F.pdf,FUNCTIONAL,V_RRM 75 V: confirm max reverse voltage at the latch (inferred < 30 V),2026-10-05,,LCSC product page C69162 read 2026-10-05T15:17Z (brand on page: DIODES; MPN on page: BAS16-7-F); price_1 is the first break at MOQ 20; JLCPCB page stock 17628,17620 pcs
P14,PV-PWR (PV-P75); PV-PWR-4 (PV-P100-110); PCS-PWR (PCS-P125),3 / 3 / 2,"Switching diode 100 V 215 mA, low leakage | Switching diode 100 V 215 mA, low leakage (timer latch)",Nexperia,"BAS16 | BAS16,215",C79997,265750,0.0101 / 0.0101 / 0.0078 (first break MOQ 50),Hottech,BAS16,C181107,71800,0.0131,0.0131,0.0104,Extended,SOT-23,"SOT-23 (Hottech p1 schematic): A on pin 1 (bottom left), K on pin 3 (top), standard SOT-23 orientation (pin numbers not printed) - same",V_RRM 75 V (V_RM 100 V) vs 100 V (worse); I_R <=1 uA @75 V; no low-voltage leakage limit; V_F <=0.855 V @10 mA =; t_rr <=6 ns vs 4 (worse); T_j 150 [Hottech BAS16 p1],none stated,https://datasheet.lcsc.com/datasheet/pdf/4afc0d2c16e44476a4a4c1df97e40211.pdf?productCode=C181107,docs/datasheets/protection/Hottech-BAS16.pdf,FUNCTIONAL,V_RRM 75 V and no low-voltage leakage limit: re-check latch leakage and reverse voltage,2026-10-05,,LCSC product page C181107 read 2026-10-05T14:50Z (brand on page: Guangdong Hottech; MPN on page: BAS16); price_1 is the first break at MOQ 50; JLCPCB page stock 72736,"71800 pcs. positions.json 'BAS16: C181107' is Hottech, not Nexperia"
P15,PV-PWR (PV-P75); PV-PWR-4 (PV-P100-110); PCS-PWR (PCS-P125),1 / 1 / 1,Zener 18 V 1 % (VDD follower reference = SiC gate drive),Nexperia,"BZX84-A18,215",C406046,0,0.5821 / 0.4565 / 0.4051 (first break MOQ 1),Nexperia,"BZX84-A18,215",C406046,0,0.5821,0.4565,0.4051,Extended,SOT-23 (TO-236AB),"SOT-23: 1=A 2=n.c. 3=K (Nexperia Table 2 p2), same as incumbent","V_Z 17.82-18.18 V @5 mA, rdif 45 R @5 mA, I_R 0.05 uA @12.6 V, S_Z 12.4-16.0 mV/K, P_tot 250 mW, P_ZSM 40 W [p4-p6 Table 5/8]",none stated; datasheet: non-automotive (BZX84 Rev 7 p12 legal),"docs/datasheets/protection/BZX84.pdf (Nexperia BZX84 series Rev 7, on file)",docs/datasheets/protection/BZX84.pdf,INCUMBENT,,2026-10-05,,"LCSC product page C406046 read 2026-10-05T15:17Z (brand on page: Nexperia; MPN on page: BZX84-A18,215)","Listed on LCSC as C406046 (found via szlcsc item 394081) but 0 stock on 2026-10-05 (USD 0.58 @1, 0.46 @100, 0.41 @1000). Not in the jlcsearch mirror. Related Nexperia listings, also 0 stock: BZX84-A18,235 C550891, BZX84-A18-QR C7508162, BZX84-A18-QVL C7508163. No other maker found with a +-1 % 18 V SOT-23 Zener on LCSC."
P15,PV-PWR (PV-P75); PV-PWR-4 (PV-P100-110); PCS-PWR (PCS-P125),1 / 1 / 1,Zener 18 V 1 % (VDD follower reference = SiC gate drive),Nexperia,"BZX84-A18,215",C406046,0,0.5821 / 0.4565 / 0.4051 (first break MOQ 1),Nexperia,BZX84-B18-QR,C7508205,2990,0.0423,0.0332,0.0287,Extended,SOT-23 (TO-236AB),"SOT-23: 1=A 2=n.c. 3=K (Nexperia Table 2 p2), same as incumbent","V_Z 17.60-18.40 V @5 mA (+-2 %) vs 17.82-18.18 V (+-1 %) [BZX84-Q p6 Table 8]; rdif 45 R, I_R 0.05 uA @12.6 V, S_Z 12.4-16.0 mV/K, C_d 70 pF, P_tot 250 mW, P_ZSM 40 W: identical to incumbent series [p4-p6]","AEC-Q101 (BZX84-Q Rev 1 p1 sec 2, p10)",https://datasheet.lcsc.com/datasheet/pdf/e6aa68565cb585bb83a71002bf29b5fe.pdf (Nexperia BZX84-Q series Rev 1; assets.nexperia.com returned 403),docs/datasheets/protection/Nexperia-BZX84-QR.pdf,FUNCTIONAL,"tolerance +-2 % instead of +-1 %: re-check the VDD-follower reference = SiC gate-drive voltage band (aux_hv: 18 V reference, follower to VDD): +-0.40 V instead of +-0.18 V at 25 C",2026-10-05,YES,LCSC product page C7508205 read 2026-10-05T14:55Z (brand on page: Nexperia; MPN on page: BZX84-B18-QR); price_1 is the first break at MOQ 10,"Only B-grade (+-2 %) 18 V parts are stocked; same Nexperia die family as the incumbent, AEC-Q101. MOQ 10."
P15,PV-PWR (PV-P75); PV-PWR-4 (PV-P100-110); PCS-PWR (PCS-P125),1 / 1 / 1,Zener 18 V 1 % (VDD follower reference = SiC gate drive),Nexperia,"BZX84-A18,215",C406046,0,0.5821 / 0.4565 / 0.4051 (first break MOQ 1),Nexperia,"BZX84-B18,215",C208501,2730,0.0458,0.036,0.0311,Extended,SOT-23,"SOT-23: 1=A 2=n.c. 3=K (Nexperia Table 2 p2), same as incumbent",V_Z 17.60-18.40 V @5 mA vs 17.82-18.18 V [Rev 7 p6 Table 8]; all other parameters identical (same datasheet),none stated; datasheet: non-automotive (BZX84 Rev 7 p12 legal),"docs/datasheets/protection/BZX84.pdf (Nexperia BZX84 series Rev 7, on file)",docs/datasheets/protection/BZX84.pdf,FUNCTIONAL,as C7508205: +-2 % instead of +-1 % gate-drive reference band,2026-10-05,,"LCSC product page C208501 read 2026-10-05T14:54Z (brand on page: Nexperia; MPN on page: BZX84-B18,215); price_1 is the first break at MOQ 10; JLCPCB page stock 2731",Second Nexperia listing; MOQ 10.
P15,PV-PWR (PV-P75); PV-PWR-4 (PV-P100-110); PCS-PWR (PCS-P125),1 / 1 / 1,Zener 18 V 1 % (VDD follower reference = SiC gate drive),Nexperia,"BZX84-A18,215",C406046,0,0.5821 / 0.4565 / 0.4051 (first break MOQ 1),onsemi,BZX84B18LT1G,C232596,0,0.0266,0.0261,0.0254,Extended,SOT-23,"SOT-23: 1=A 2=n.c. 3=K (onsemi p2/p3 'Pinout: 1-Anode, 2-No Connection, 3-Cathode'), same as incumbent","V_Z 17.6-18.4 V @5 mA (+-2 %) vs 17.82-18.18 V; Z_ZT 45 R; I_R 0.05 uA @12.6 V; theta_VZ 12.4-16 mV/K; C 100 pF vs 70 pF max; P_D 250 mW; P_ZSM not stated vs 40 W [onsemi p4 tight-tolerance table, p2 max ratings]",none stated for non-SZ; ESD HBM class 3 >16 kV (p1); SZ prefix = AEC-Q101,https://www.onsemi.com/download/data-sheet/pdf/bzx84c2v4lt1-d.pdf (onsemi BZX84C2V4LT1/D Rev 23),docs/datasheets/protection/onsemi-BZX84C2V4LT1-D.pdf,REJECT,(if stocked) +-2 % instead of +-1 % (gate-drive reference band); C 100 vs 70 pF,2026-10-05,,LCSC product page C232596 read 2026-10-05T15:12Z (brand on page: onsemi; MPN on page: BZX84B18LT1G); price_1 is the first break at MOQ 5,0 stock on LCSC 2026-10-05 -> REJECT for ordering; technically FUNCTIONAL. MOQ 5.
P15,PV-PWR (PV-P75); PV-PWR-4 (PV-P100-110); PCS-PWR (PCS-P125),1 / 1 / 1,Zener 18 V 1 % (VDD follower reference = SiC gate drive),Nexperia,"BZX84-A18,215",C406046,0,0.5821 / 0.4565 / 0.4051 (first break MOQ 1),Yangjie,BZX84B18,C968218,0,0.0307,0.0307,0.0217,Extended,SOT-23 (TO-236),"SOT-23: 1=A 2=n.c. 3=K (Yangjie p1 outline/symbol), same as incumbent",V_Z 17.6-18.4 V @5 mA (+-2 %) [YJ p2],none stated (Yangjie S-S1498 p5 disclaimer: not for transportation / safety devices),https://datasheet.lcsc.com/datasheet/pdf/43af1b66db1fd27643e5b015b46c6741.pdf (Yangjie S-S1498 Rev 1.4 BZX84B2V4 thru BZX84B36),docs/datasheets/protection/Yangjie-BZX84B-series.pdf,REJECT,,2026-10-05,,LCSC product page C968218 read 2026-10-05T14:55Z (brand on page: YANGJIE; MPN on page: BZX84B18); price_1 is the first break at MOQ 20; JLCPCB page stock 2,0 stock on LCSC 2026-10-05; also +-2 % only.
P16,PV-PWR (PV-P75); PV-PWR-4 (PV-P100-110); PCS-PWR (PCS-P125),25 / 33 / 13,Zener 10 V 2 % 250 mW (SC trigger level / booster gate clamp),Nexperia,BZX84-B10,C454956,66850,0.0379 / 0.0297 / 0.0257 (first break MOQ 10),Nexperia,"BZX84-B10,215",C454956,66850,0.0379,0.0297,0.0257,Extended,SOT-23 (TO-236AB),"SOT-23: 1=A 2=n.c. 3=K (Nexperia Table 2 p2), same as incumbent","V_Z 9.80-10.20 V @5 mA, rdif 20 R, I_R 0.2 uA @7 V, S_Z 4.5-8.0 mV/K, C_d 90 pF, P_ZSM 40 W [p5 Table 8]",none stated; datasheet: non-automotive (BZX84 Rev 7 p12 legal),"docs/datasheets/protection/BZX84.pdf (Nexperia BZX84 series Rev 7, on file)",docs/datasheets/protection/BZX84.pdf,INCUMBENT,,2026-10-05,YES,"LCSC product page C454956 read 2026-10-05T14:49Z (brand on page: Nexperia; MPN on page: BZX84-B10,215); price_1 is the first break at MOQ 10; JLCPCB page stock 66858",Incumbent in stock on LCSC (66850 pcs). MOQ 10.
P16,PV-PWR (PV-P75); PV-PWR-4 (PV-P100-110); PCS-PWR (PCS-P125),25 / 33 / 13,Zener 10 V 2 % 250 mW (SC trigger level / booster gate clamp),Nexperia,BZX84-B10,C454956,66850,0.0379 / 0.0297 / 0.0257 (first break MOQ 10),Nexperia,"BZX84-B10,235",C550905,9950,0.0134,0.0134,0.0104,Extended,SOT-23 (TO-236AB),"SOT-23: 1=A 2=n.c. 3=K (Nexperia Table 2 p2), same as incumbent","same type BZX84-B10 (,235 = 10k-reel packing code): all parameters identical [Rev 7 p5]",none stated; datasheet: non-automotive (BZX84 Rev 7 p12 legal),"docs/datasheets/protection/BZX84.pdf (Nexperia BZX84 series Rev 7, on file)",docs/datasheets/protection/BZX84.pdf,DROP-IN,,2026-10-05,,"LCSC product page C550905 read 2026-10-05T14:54Z (brand on page: Nexperia; MPN on page: BZX84-B10,235); price_1 is the first break at MOQ 50",MOQ 50 on LCSC (first price break 50 pcs).
P16,PV-PWR (PV-P75); PV-PWR-4 (PV-P100-110); PCS-PWR (PCS-P125),25 / 33 / 13,Zener 10 V 2 % 250 mW (SC trigger level / booster gate clamp),Nexperia,BZX84-B10,C454956,66850,0.0379 / 0.0297 / 0.0257 (first break MOQ 10),onsemi,SZBZX84B10LT1G,C894445,945,0.1393,0.1108,0.0858,Extended,SOT-23,"SOT-23: 1=A 2=n.c. 3=K (onsemi p2/p3 'Pinout: 1-Anode, 2-No Connection, 3-Cathode'), same as incumbent",V_Z 9.8-10.2 V @5 mA same; Z_ZT 20 R same; I_R 0.2 uA @7 V same; theta_VZ 4.5-8 mV/K same; C 130 pF vs 90 pF max (worse); P_ZSM not stated vs 40 W [onsemi p4],"AEC-Q101 + PPAP capable (SZ prefix, p1); ESD HBM class 3 >16 kV",https://www.onsemi.com/download/data-sheet/pdf/bzx84c2v4lt1-d.pdf (onsemi BZX84C2V4LT1/D Rev 23),docs/datasheets/protection/onsemi-BZX84C2V4LT1-D.pdf,FUNCTIONAL,diode capacitance 130 pF vs 90 pF on the DESAT pin node (gdrv.py: K = DESAT pin): re-check the DESAT blanking time / booster trigger timing,2026-10-05,,LCSC product page C894445 read 2026-10-05T15:12Z (brand on page: onsemi; MPN on page: SZBZX84B10LT1G); price_1 is the first break at MOQ 5; JLCPCB page stock 947,"Stock 945 (MOQ 5, USD 0.139 @5): ~28 PV-P100-110 modules; AEC-Q101."
P16,PV-PWR (PV-P75); PV-PWR-4 (PV-P100-110); PCS-PWR (PCS-P125),25 / 33 / 13,Zener 10 V 2 % 250 mW (SC trigger level / booster gate clamp),Nexperia,BZX84-B10,C454956,66850,0.0379 / 0.0297 / 0.0257 (first break MOQ 10),Nexperia,BZX84-B10-QR,C7508193,0,0.0399,0.0399,0.0152,not in JLCPCB library,SOT-23 (TO-236AB),"SOT-23: 1=A 2=n.c. 3=K (Nexperia Table 2 p2), same as incumbent","identical parameters, AEC-Q101 [BZX84-Q p5]","AEC-Q101 (BZX84-Q Rev 1 p1 sec 2, p10)",https://datasheet.lcsc.com/datasheet/pdf/e6aa68565cb585bb83a71002bf29b5fe.pdf (Nexperia BZX84-Q series Rev 1; assets.nexperia.com returned 403),docs/datasheets/protection/Nexperia-BZX84-QR.pdf,REJECT,,2026-10-05,,LCSC product page C7508193 read 2026-10-05T14:55Z (brand on page: Nexperia; MPN on page: BZX84-B10-QR),0 stock on LCSC 2026-10-05 (would be DROP-IN).
P17,PV-PWR (PV-P75); PV-PWR-4 (PV-P100-110); PCS-PWR (PCS-P125),25 / 33 / 37,"Zener 20 V 2 % (VDD / gate over-voltage clamp) | Zener 20 V 2 % 250 mW (gate clamp, positive, +18 V rail)",Nexperia,"BZX84-B20,215",NOT ON LCSC,,,Nexperia,"BZX84-B20,215",NOT ON LCSC,,,,,,SOT-23 (TO-236AB),"SOT-23: 1=A 2=n.c. 3=K (Nexperia Table 2 p2), same as incumbent","V_Z 19.60-20.40 V @5 mA, rdif 55 R, I_R 0.05 uA @14 V, S_Z 14.4-18.0 mV/K, C_d 60 pF, P_ZSM 40 W [p6 Table 8]",none stated; datasheet: non-automotive (BZX84 Rev 7 p12 legal),"docs/datasheets/protection/BZX84.pdf (Nexperia BZX84 series Rev 7, on file)",docs/datasheets/protection/BZX84.pdf,INCUMBENT,,2026-10-05,,,"No LCSC listing of BZX84-B20,215 found. Related Nexperia listings, all 0 stock 2026-10-05: BZX84-B20,235 C550911, BZX84-B20-QR C7508207, BZX84-B20-QVL C7508208. onsemi has no BZX84B20 in its B table."
P17,PV-PWR (PV-P75); PV-PWR-4 (PV-P100-110); PCS-PWR (PCS-P125),25 / 33 / 37,"Zener 20 V 2 % (VDD / gate over-voltage clamp) | Zener 20 V 2 % 250 mW (gate clamp, positive, +18 V rail)",Nexperia,"BZX84-B20,215",NOT ON LCSC,,,Yangjie,BZX84B20,C968219,1100,0.0327,0.0327,0.0226,Extended,SOT-23 (TO-236),"SOT-23: 1=A 2=n.c. 3=K (Yangjie p1 outline/symbol), same as incumbent",V_Z 19.6-20.4 V @5 mA same [YJ p2]; Z_ZT 55 R same; I_R 0.1 uA @14 V vs 0.05 uA (worse); P_D 350 mW (R_thJA 357 K/W) vs 250 mW; temperature coefficient not stated vs 14.4-18.0 mV/K; non-repetitive reverse surge not stated vs P_ZSM 40 W (only I_FSM 2 A forward) [YJ p1],none stated (Yangjie S-S1498 p5 disclaimer: not for transportation / safety devices),https://datasheet.lcsc.com/datasheet/pdf/43af1b66db1fd27643e5b015b46c6741.pdf (Yangjie S-S1498 Rev 1.4 BZX84B2V4 thru BZX84B36),docs/datasheets/protection/Yangjie-BZX84B-series.pdf,FUNCTIONAL,"no temperature coefficient: VDD_MAX (aux_hv.py, 20.4 V + 18 mV/K x 60 K) relies on Nexperia S_Z max; no reverse surge rating: re-check gate-clamp transient energy; I_R 2x higher (negligible on a gate rail)",2026-10-05,YES,LCSC product page C968219 read 2026-10-05T14:55Z (brand on page: YANGJIE; MPN on page: BZX84B20); price_1 is the first break at MOQ 20; JLCPCB page stock 1110,Only orderable B20 SOT-23 on LCSC found. Stock depth: 1100 pcs = ~44 PV-P75 / ~33 PV-P100-110 / ~29 PCS-P125 modules at 25/33/37 per module. MOQ 20.
P17,PV-PWR (PV-P75); PV-PWR-4 (PV-P100-110); PCS-PWR (PCS-P125),25 / 33 / 37,"Zener 20 V 2 % (VDD / gate over-voltage clamp) | Zener 20 V 2 % 250 mW (gate clamp, positive, +18 V rail)",Nexperia,"BZX84-B20,215",NOT ON LCSC,,,Nexperia,"BZX84J-B20,115",C550972,2750,0.0533,0.0419,0.0362,Extended,SOD-323F (2-pin),SOD-323F 2-pin: different package,V_Z 19.6-20.4 V (LCSC parametric; datasheet not read),not checked,,,REJECT,,2026-10-05,,"LCSC product page C550972 read 2026-10-05T14:54Z (brand on page: Nexperia; MPN on page: BZX84J-B20,115); price_1 is the first break at MOQ 10; JLCPCB page stock 2753",package differs (SOT-23 -> SOD-323F); listed only as the nearest Nexperia B20 in stock (2750).
P18,PV-PWR (PV-P75); PV-PWR-4 (PV-P100-110); PCS-PWR (PCS-P125),25 / 33 / 13,Zener 3.3 V 2 % (PG buffer rail) | Zener 3.3 V 2 % 250 mW (clamp-FET gate supply / trigger shift),Nexperia,"BZX84-B3V3 | BZX84-B3V3,215",C182377,4740,0.0825 / 0.0653 / 0.0502 (first break MOQ 5),Nexperia,"BZX84-B3V3,215",C182377,4740,0.0825,0.0653,0.0502,Extended,SOT-23 (TO-236AB),"SOT-23: 1=A 2=n.c. 3=K (Nexperia Table 2 p2), same as incumbent","V_Z 3.23-3.37 V @5 mA, rdif 95 R, I_R 5 uA @1 V, S_Z -3.5..0 mV/K, C_d 450 pF, P_ZSM 40 W [p5 Table 8]",none stated; datasheet: non-automotive (BZX84 Rev 7 p12 legal),"docs/datasheets/protection/BZX84.pdf (Nexperia BZX84 series Rev 7, on file)",docs/datasheets/protection/BZX84.pdf,INCUMBENT,,2026-10-05,YES,"LCSC product page C182377 read 2026-10-05T14:49Z (brand on page: Nexperia; MPN on page: BZX84-B3V3,215); price_1 is the first break at MOQ 5; JLCPCB page stock 4743",Incumbent in stock (4740 = ~140 modules at 33/module). MOQ 5.
P18,PV-PWR (PV-P75); PV-PWR-4 (PV-P100-110); PCS-PWR (PCS-P125),25 / 33 / 13,Zener 3.3 V 2 % (PG buffer rail) | Zener 3.3 V 2 % 250 mW (clamp-FET gate supply / trigger shift),Nexperia,"BZX84-B3V3 | BZX84-B3V3,215",C182377,4740,0.0825 / 0.0653 / 0.0502 (first break MOQ 5),Nexperia,BZX84-A3V3-QR,C7508177,131860,0.0642,0.0468,0.0315,Extended,SOT-23 (TO-236AB),"SOT-23: 1=A 2=n.c. 3=K (Nexperia Table 2 p2), same as incumbent",V_Z 3.26-3.34 V (+-1 %) inside the B window 3.23-3.37 V; all other parameters identical; AEC-Q101 [BZX84-Q p5 Table 8],"AEC-Q101 (BZX84-Q Rev 1 p1 sec 2, p10)",https://datasheet.lcsc.com/datasheet/pdf/e6aa68565cb585bb83a71002bf29b5fe.pdf (Nexperia BZX84-Q series Rev 1; assets.nexperia.com returned 403),docs/datasheets/protection/Nexperia-BZX84-QR.pdf,DROP-IN,,2026-10-05,,LCSC product page C7508177 read 2026-10-05T14:55Z (brand on page: Nexperia; MPN on page: BZX84-A3V3-QR); price_1 is the first break at MOQ 5,Deep stock (131860). MOQ 5.
P18,PV-PWR (PV-P75); PV-PWR-4 (PV-P100-110); PCS-PWR (PCS-P125),25 / 33 / 13,Zener 3.3 V 2 % (PG buffer rail) | Zener 3.3 V 2 % 250 mW (clamp-FET gate supply / trigger shift),Nexperia,"BZX84-B3V3 | BZX84-B3V3,215",C182377,4740,0.0825 / 0.0653 / 0.0502 (first break MOQ 5),Nexperia,BZX84-B3V3-QR,C7508222,2980,0.0478,0.0375,0.0324,Extended,SOT-23 (TO-236AB),"SOT-23: 1=A 2=n.c. 3=K (Nexperia Table 2 p2), same as incumbent","identical parameters (+-2 %), AEC-Q101 [BZX84-Q p5]","AEC-Q101 (BZX84-Q Rev 1 p1 sec 2, p10)",https://datasheet.lcsc.com/datasheet/pdf/e6aa68565cb585bb83a71002bf29b5fe.pdf (Nexperia BZX84-Q series Rev 1; assets.nexperia.com returned 403),docs/datasheets/protection/Nexperia-BZX84-QR.pdf,DROP-IN,,2026-10-05,,LCSC product page C7508222 read 2026-10-05T14:55Z (brand on page: Nexperia; MPN on page: BZX84-B3V3-QR); price_1 is the first break at MOQ 10,MOQ 10.
P18,PV-PWR (PV-P75); PV-PWR-4 (PV-P100-110); PCS-PWR (PCS-P125),25 / 33 / 13,Zener 3.3 V 2 % (PG buffer rail) | Zener 3.3 V 2 % 250 mW (clamp-FET gate supply / trigger shift),Nexperia,"BZX84-B3V3 | BZX84-B3V3,215",C182377,4740,0.0825 / 0.0653 / 0.0502 (first break MOQ 5),onsemi,BZX84B3V3LT1G,C463917,770,0.0665,0.0541,0.0478,Extended,SOT-23,"SOT-23: 1=A 2=n.c. 3=K (onsemi p2/p3 'Pinout: 1-Anode, 2-No Connection, 3-Cathode'), same as incumbent",V_Z 3.23-3.37 V @5 mA same; Z_ZT 95 R same; I_R 5 uA @1 V same; theta_VZ -3.5..0 same; C 450 pF same; P_D 250 mW same; P_ZSM not stated [onsemi p4],none stated for non-SZ; ESD HBM class 3 >16 kV (p1); SZ prefix = AEC-Q101,https://www.onsemi.com/download/data-sheet/pdf/bzx84c2v4lt1-d.pdf (onsemi BZX84C2V4LT1/D Rev 23),docs/datasheets/protection/onsemi-BZX84C2V4LT1-D.pdf,DROP-IN,,2026-10-05,,LCSC product page C463917 read 2026-10-05T14:55Z (brand on page: onsemi; MPN on page: BZX84B3V3LT1G); price_1 is the first break at MOQ 10; JLCPCB page stock 777,Reverse surge not stated (not used by a rail/level-shift Zener). Stock 770. MOQ 10.
P19,PV-PWR (PV-P75); PV-PWR-4 (PV-P100-110); PCS-PWR (PCS-P125),24 / 32 / 36,"Zener 4.7 V 2 % 250 mW (gate clamp, negative, -3/-3.5 V rail)",Nexperia,BZX84-B4V7,C426829,1570,0.0516 / 0.0407 / 0.0352 (first break MOQ 10),Nexperia,"BZX84-B4V7,215",C426829,1570,0.0516,0.0407,0.0352,Extended,SOT-23 (TO-236AB),"SOT-23: 1=A 2=n.c. 3=K (Nexperia Table 2 p2), same as incumbent","V_Z 4.61-4.79 V @5 mA, rdif 80 R, I_R 3 uA @2 V, S_Z -3.5..+0.2 mV/K, C_d 300 pF, P_ZSM 40 W [p5 Table 8]",none stated; datasheet: non-automotive (BZX84 Rev 7 p12 legal),"docs/datasheets/protection/BZX84.pdf (Nexperia BZX84 series Rev 7, on file)",docs/datasheets/protection/BZX84.pdf,INCUMBENT,,2026-10-05,YES,"LCSC product page C426829 read 2026-10-05T14:50Z (brand on page: Nexperia; MPN on page: BZX84-B4V7,215); price_1 is the first break at MOQ 10; JLCPCB page stock 1579",In stock but shallow: 1570 pcs = ~43 PCS-P125 modules (36 each) / ~49 PV-P100-110 (32). MOQ 10. Second source C968229 (Yangjie) adds 2580.
P19,PV-PWR (PV-P75); PV-PWR-4 (PV-P100-110); PCS-PWR (PCS-P125),24 / 32 / 36,"Zener 4.7 V 2 % 250 mW (gate clamp, negative, -3/-3.5 V rail)",Nexperia,BZX84-B4V7,C426829,1570,0.0516 / 0.0407 / 0.0352 (first break MOQ 10),Yangjie,BZX84B4V7,C968229,2580,0.0327,0.0327,0.0222,Extended,SOT-23 (TO-236),"SOT-23: 1=A 2=n.c. 3=K (Yangjie p1 outline/symbol), same as incumbent","V_Z 4.61-4.79 V @5 mA same; Z_ZT 80 R, Z_ZK 500 R @1 mA same; I_R 3 uA @2 V same; P_D 350 mW vs 250 mW; temperature coefficient not stated; reverse surge not stated (I_FSM 2 A forward only) [YJ p1-p2]",none stated (Yangjie S-S1498 p5 disclaimer: not for transportation / safety devices),https://datasheet.lcsc.com/datasheet/pdf/43af1b66db1fd27643e5b015b46c6741.pdf (Yangjie S-S1498 Rev 1.4 BZX84B2V4 thru BZX84B36),docs/datasheets/protection/Yangjie-BZX84B-series.pdf,FUNCTIONAL,no reverse surge rating and no temperature coefficient: re-check the negative gate clamp energy per event and the VEE band over temperature (gdrv pin audit uses 4.61-4.79 V),2026-10-05,,LCSC product page C968229 read 2026-10-05T14:55Z (brand on page: YANGJIE; MPN on page: BZX84B4V7); price_1 is the first break at MOQ 20; JLCPCB page stock 2595,MOQ 20.
P19,PV-PWR (PV-P75); PV-PWR-4 (PV-P100-110); PCS-PWR (PCS-P125),24 / 32 / 36,"Zener 4.7 V 2 % 250 mW (gate clamp, negative, -3/-3.5 V rail)",Nexperia,BZX84-B4V7,C426829,1570,0.0516 / 0.0407 / 0.0352 (first break MOQ 10),Nexperia,BZX84-B4V7-QR,C7508230,0,0.0511,0.0511,0.0194,not in JLCPCB library,SOT-23 (TO-236AB),"SOT-23: 1=A 2=n.c. 3=K (Nexperia Table 2 p2), same as incumbent","identical, AEC-Q101","AEC-Q101 (BZX84-Q Rev 1 p1 sec 2, p10)",https://datasheet.lcsc.com/datasheet/pdf/e6aa68565cb585bb83a71002bf29b5fe.pdf (Nexperia BZX84-Q series Rev 1; assets.nexperia.com returned 403),docs/datasheets/protection/Nexperia-BZX84-QR.pdf,REJECT,,2026-10-05,,LCSC product page C7508230 read 2026-10-05T14:55Z (brand on page: Nexperia; MPN on page: BZX84-B4V7-QR),"0 stock 2026-10-05 (would be DROP-IN). Also 0 stock: BZX84-A4V7-QR C7508182, BZX84-A4V7,215 C2908824; onsemi BZX84B4V7LT1G shown with 0 stock (web search snippet of the LCSC page; C-number not captured)."
P20,PV-PWR (PV-P75); PV-PWR-4 (PV-P100-110); PCS-PWR (PCS-P125),12 / 16 / 6,"Zener 5.6 V 2 % 250 mW (gate clamp, negative)",Nexperia,BZX84-B5V6,C183269,17820,0.0358 / 0.0358 / 0.0233 (first break MOQ 20),Nexperia,"BZX84-B5V6,215",C183269,17820,0.0358,0.0358,0.0233,Extended,SOT-23 (TO-236AB),"SOT-23: 1=A 2=n.c. 3=K (Nexperia Table 2 p2), same as incumbent","V_Z 5.49-5.71 V @5 mA, rdif 40 R, I_R 1 uA @2 V, S_Z -2.0..+2.5 mV/K, C_d 300 pF, P_ZSM 40 W [p5]",none stated; datasheet: non-automotive (BZX84 Rev 7 p12 legal),"docs/datasheets/protection/BZX84.pdf (Nexperia BZX84 series Rev 7, on file)",docs/datasheets/protection/BZX84.pdf,INCUMBENT,,2026-10-05,YES,"LCSC product page C183269 read 2026-10-05T14:50Z (brand on page: Nexperia; MPN on page: BZX84-B5V6,215); price_1 is the first break at MOQ 20; JLCPCB page stock 17830",In stock (17820). MOQ 20.
P20,PV-PWR (PV-P75); PV-PWR-4 (PV-P100-110); PCS-PWR (PCS-P125),12 / 16 / 6,"Zener 5.6 V 2 % 250 mW (gate clamp, negative)",Nexperia,BZX84-B5V6,C183269,17820,0.0358 / 0.0358 / 0.0233 (first break MOQ 20),Nexperia,BZX84-A5V6-QR,C7508186,27590,0.0521,0.041,0.0355,Extended,SOT-23 (TO-236AB),"SOT-23: 1=A 2=n.c. 3=K (Nexperia Table 2 p2), same as incumbent",V_Z 5.54-5.66 V (+-1 %) inside 5.49-5.71 V; rest identical; AEC-Q101 [BZX84-Q p5],"AEC-Q101 (BZX84-Q Rev 1 p1 sec 2, p10)",https://datasheet.lcsc.com/datasheet/pdf/e6aa68565cb585bb83a71002bf29b5fe.pdf (Nexperia BZX84-Q series Rev 1; assets.nexperia.com returned 403),docs/datasheets/protection/Nexperia-BZX84-QR.pdf,DROP-IN,,2026-10-05,,LCSC product page C7508186 read 2026-10-05T14:55Z (brand on page: Nexperia; MPN on page: BZX84-A5V6-QR); price_1 is the first break at MOQ 10; JLCPCB page stock 27596,Stock 27590. MOQ 10.
P20,PV-PWR (PV-P75); PV-PWR-4 (PV-P100-110); PCS-PWR (PCS-P125),12 / 16 / 6,"Zener 5.6 V 2 % 250 mW (gate clamp, negative)",Nexperia,BZX84-B5V6,C183269,17820,0.0358 / 0.0358 / 0.0233 (first break MOQ 20),Nexperia,BZX84-B5V6-QR,C7508235,2945,0.0918,0.0721,0.0549,not in JLCPCB library,SOT-23 (TO-236AB),"SOT-23: 1=A 2=n.c. 3=K (Nexperia Table 2 p2), same as incumbent","identical, AEC-Q101 [BZX84-Q p5]","AEC-Q101 (BZX84-Q Rev 1 p1 sec 2, p10)",https://datasheet.lcsc.com/datasheet/pdf/e6aa68565cb585bb83a71002bf29b5fe.pdf (Nexperia BZX84-Q series Rev 1; assets.nexperia.com returned 403),docs/datasheets/protection/Nexperia-BZX84-QR.pdf,DROP-IN,,2026-10-05,,LCSC product page C7508235 read 2026-10-05T14:55Z (brand on page: Nexperia; MPN on page: BZX84-B5V6-QR); price_1 is the first break at MOQ 5,MOQ 5.
P20,PV-PWR (PV-P75); PV-PWR-4 (PV-P100-110); PCS-PWR (PCS-P125),12 / 16 / 6,"Zener 5.6 V 2 % 250 mW (gate clamp, negative)",Nexperia,BZX84-B5V6,C183269,17820,0.0358 / 0.0358 / 0.0233 (first break MOQ 20),Yangjie,BZX84B5V6,C968231,2960,0.0258,0.0258,0.0175,Extended,SOT-23 (TO-236),"SOT-23: 1=A 2=n.c. 3=K (Yangjie p1 outline/symbol), same as incumbent",V_Z 5.49-5.71 V same; Z_ZT 40 R same; I_R 1 uA @2 V same; P_D 350 mW; temperature coefficient and reverse surge not stated [YJ p1-p2],none stated (Yangjie S-S1498 p5 disclaimer: not for transportation / safety devices),https://datasheet.lcsc.com/datasheet/pdf/43af1b66db1fd27643e5b015b46c6741.pdf (Yangjie S-S1498 Rev 1.4 BZX84B2V4 thru BZX84B36),docs/datasheets/protection/Yangjie-BZX84B-series.pdf,FUNCTIONAL,no reverse surge rating / temperature coefficient: re-check negative gate clamp energy and band over temperature,2026-10-05,,LCSC product page C968231 read 2026-10-05T14:55Z (brand on page: YANGJIE; MPN on page: BZX84B5V6); price_1 is the first break at MOQ 20; JLCPCB page stock 2978,MOQ 20.
P20,PV-PWR (PV-P75); PV-PWR-4 (PV-P100-110); PCS-PWR (PCS-P125),12 / 16 / 6,"Zener 5.6 V 2 % 250 mW (gate clamp, negative)",Nexperia,BZX84-B5V6,C183269,17820,0.0358 / 0.0358 / 0.0233 (first break MOQ 20),onsemi,BZX84B5V6LT1G,C150228,2985,0.1148,0.0918,0.0718,Extended,SOT-23,"SOT-23: 1=A 2=n.c. 3=K (onsemi p2/p3 'Pinout: 1-Anode, 2-No Connection, 3-Cathode'), same as incumbent",V_Z 5.49-5.71 V same; Z_ZT 40 R same; I_R 1 uA @2 V same; theta_VZ -2..2.5 same; C 200 pF vs 300 pF (better); P_ZSM not stated [onsemi p4],none stated for non-SZ; ESD HBM class 3 >16 kV (p1); SZ prefix = AEC-Q101,https://www.onsemi.com/download/data-sheet/pdf/bzx84c2v4lt1-d.pdf (onsemi BZX84C2V4LT1/D Rev 23),docs/datasheets/protection/onsemi-BZX84C2V4LT1-D.pdf,FUNCTIONAL,reverse surge not stated: re-check gate clamp transient energy,2026-10-05,,LCSC product page C150228 read 2026-10-05T15:12Z (brand on page: onsemi; MPN on page: BZX84B5V6LT1G); price_1 is the first break at MOQ 5; JLCPCB page stock 3012,"Stock 2985, MOQ 5 (USD 0.115 @5)."
P21,PV-PWR (PV-P75); PV-PWR-4 (PV-P100-110); PCS-PWR (PCS-P125),1 / 1 / 1,Zener 6.8 V 2 % (foldback threshold),Nexperia,"BZX84-B6V8,215",C282544,5,0.1486 / 0.1176 / 0.0904 (first break MOQ 5),Nexperia,"BZX84-B6V8,215",C282544,5,0.1486,0.1176,0.0904,Extended,SOT-23 (TO-236AB),"SOT-23: 1=A 2=n.c. 3=K (Nexperia Table 2 p2), same as incumbent","V_Z 6.66-6.94 V @5 mA, rdif 15 R, I_R 2 uA @4 V, S_Z 1.2-4.5 mV/K, C_d 200 pF [p5]",none stated; datasheet: non-automotive (BZX84 Rev 7 p12 legal),"docs/datasheets/protection/BZX84.pdf (Nexperia BZX84 series Rev 7, on file)",docs/datasheets/protection/BZX84.pdf,INCUMBENT,,2026-10-05,,"LCSC product page C282544 read 2026-10-05T14:54Z (brand on page: Nexperia; MPN on page: BZX84-B6V8,215); price_1 is the first break at MOQ 5; JLCPCB page stock 7","Listed but only 5 pcs in stock (USD 0.1486 @5) on 2026-10-05: enough for <=5 modules, not a supply. 0 stock: BZX84-B6V8-QR C7508240, BZX84-A6V8-QR C7508188."
P21,PV-PWR (PV-P75); PV-PWR-4 (PV-P100-110); PCS-PWR (PCS-P125),1 / 1 / 1,Zener 6.8 V 2 % (foldback threshold),Nexperia,"BZX84-B6V8,215",C282544,5,0.1486 / 0.1176 / 0.0904 (first break MOQ 5),Yangjie,BZX84B6V8,C968233,580,0.0252,0.0252,0.017,Extended,SOT-23 (TO-236),"SOT-23: 1=A 2=n.c. 3=K (Yangjie p1 outline/symbol), same as incumbent","V_Z 6.66-6.94 V @5 mA same; Z_ZT 15 R, Z_ZK 80 R same; I_R 2 uA @4 V same; P_D 350 mW; temperature coefficient not stated vs 1.2-4.5 mV/K [YJ p2]",none stated (Yangjie S-S1498 p5 disclaimer: not for transportation / safety devices),https://datasheet.lcsc.com/datasheet/pdf/43af1b66db1fd27643e5b015b46c6741.pdf (Yangjie S-S1498 Rev 1.4 BZX84B2V4 thru BZX84B36),docs/datasheets/protection/Yangjie-BZX84B-series.pdf,FUNCTIONAL,no temperature coefficient: re-check the frequency-foldback threshold drift over temperature (aux_hv AX-03) with an assumed S_Z; surge not relevant here,2026-10-05,YES,LCSC product page C968233 read 2026-10-05T14:55Z (brand on page: YANGJIE; MPN on page: BZX84B6V8); price_1 is the first break at MOQ 20; JLCPCB page stock 684,580 pcs (1 per module). MOQ 20. onsemi BZX84B6V8LT1G exists (DigiKey) but no LCSC listing found.
P22,PV-PWR (PV-P75); PV-PWR-4 (PV-P100-110); PCS-PWR (PCS-P125),2 / 2 / 1,Zener 15 V 250 mW,Nexperia,BZX84-C15,C143972,59660,0.0471 / 0.0367 / 0.0316 (first break MOQ 10),Nexperia,"BZX84-C15,215",C143972,59660,0.0471,0.0367,0.0316,Extended,SOT-23 (TO-236AB),"SOT-23: 1=A 2=n.c. 3=K (Nexperia Table 2 p2), same as incumbent","V_Z 13.8-15.6 V @5 mA, rdif 30 R, I_R 0.05 uA @10.5 V, S_Z 9.2-13.0 mV/K, C_d 75 pF, P_ZSM 40 W [p5]",none stated; datasheet: non-automotive (BZX84 Rev 7 p12 legal),"docs/datasheets/protection/BZX84.pdf (Nexperia BZX84 series Rev 7, on file)",docs/datasheets/protection/BZX84.pdf,INCUMBENT,,2026-10-05,YES,"LCSC product page C143972 read 2026-10-05T14:50Z (brand on page: Nexperia; MPN on page: BZX84-C15,215); price_1 is the first break at MOQ 10; JLCPCB page stock 59665",In stock (59660). MOQ 10.
P22,PV-PWR (PV-P75); PV-PWR-4 (PV-P100-110); PCS-PWR (PCS-P125),2 / 2 / 1,Zener 15 V 250 mW,Nexperia,BZX84-C15,C143972,59660,0.0471 / 0.0367 / 0.0316 (first break MOQ 10),Nexperia,BZX84-C15-QR,C7508255,2480,0.2009,0.1586,0.1179,Extended,SOT-23 (TO-236AB),"SOT-23: 1=A 2=n.c. 3=K (Nexperia Table 2 p2), same as incumbent","identical, AEC-Q101 [BZX84-Q p5]","AEC-Q101 (BZX84-Q Rev 1 p1 sec 2, p10)",https://datasheet.lcsc.com/datasheet/pdf/e6aa68565cb585bb83a71002bf29b5fe.pdf (Nexperia BZX84-Q series Rev 1; assets.nexperia.com returned 403),docs/datasheets/protection/Nexperia-BZX84-QR.pdf,DROP-IN,,2026-10-05,,LCSC product page C7508255 read 2026-10-05T14:55Z (brand on page: Nexperia; MPN on page: BZX84-C15-QR); price_1 is the first break at MOQ 5,USD 0.20 @5 (expensive). MOQ 5.
P22,PV-PWR (PV-P75); PV-PWR-4 (PV-P100-110); PCS-PWR (PCS-P125),2 / 2 / 1,Zener 15 V 250 mW,Nexperia,BZX84-C15,C143972,59660,0.0471 / 0.0367 / 0.0316 (first break MOQ 10),Nexperia,"BZX84-B15,215",C282542,3125,0.0848,0.0666,0.0507,Extended,SOT-23 (TO-236AB),"SOT-23: 1=A 2=n.c. 3=K (Nexperia Table 2 p2), same as incumbent",V_Z 14.70-15.30 V (+-2 %) inside 13.8-15.6 V; rest identical [Rev 7 p5],none stated; datasheet: non-automotive (BZX84 Rev 7 p12 legal),"docs/datasheets/protection/BZX84.pdf (Nexperia BZX84 series Rev 7, on file)",docs/datasheets/protection/BZX84.pdf,DROP-IN,,2026-10-05,,"LCSC product page C282542 read 2026-10-05T14:54Z (brand on page: Nexperia; MPN on page: BZX84-B15,215); price_1 is the first break at MOQ 5; JLCPCB page stock 3133",MOQ 5.
P22,PV-PWR (PV-P75); PV-PWR-4 (PV-P100-110); PCS-PWR (PCS-P125),2 / 2 / 1,Zener 15 V 250 mW,Nexperia,BZX84-C15,C143972,59660,0.0471 / 0.0367 / 0.0316 (first break MOQ 10),onsemi,BZX84C15LT1G,C80857,38020,0.037,0.037,0.0242,Extended,SOT-23,"SOT-23: 1=A 2=n.c. 3=K (onsemi p2/p3 'Pinout: 1-Anode, 2-No Connection, 3-Cathode'), same as incumbent",V_Z 13.8-15.6 V @5 mA same; Z_ZT 30 R same; I_R 0.05 uA @10.5 V same; theta_VZ 9.2-13 same; C 110 pF vs 75 pF max; P_ZSM not stated [onsemi p3],none stated for non-SZ; ESD HBM class 3 >16 kV (p1); SZ prefix = AEC-Q101,https://www.onsemi.com/download/data-sheet/pdf/bzx84c2v4lt1-d.pdf (onsemi BZX84C2V4LT1/D Rev 23),docs/datasheets/protection/onsemi-BZX84C2V4LT1-D.pdf,DROP-IN,,2026-10-05,,LCSC product page C80857 read 2026-10-05T15:12Z (brand on page: onsemi; MPN on page: BZX84C15LT1G); price_1 is the first break at MOQ 20; JLCPCB page stock 38038,"Gate clamp (port.py dis_g): +35 pF on a MOSFET gate is negligible (inferred). Stock 38020, MOQ 20."
P23,PV-CTL-P75 (PV-P75); PV-CTL (PV-P100-110); PCS-CTL-3W (PCS-P125),1 / 1 / 1,Zener 5.1 V 5 % 250 mW (ENABLE input clamp),Nexperia,"BZX84-C5V1,215",C294621,28710,0.0562 / 0.042 / 0.035 (first break MOQ 10),Nexperia,"BZX84-C5V1,215",C294621,28710,0.0562,0.042,0.035,Extended,SOT-23 (TO-236AB),"SOT-23: 1=A 2=n.c. 3=K (Nexperia Table 2 p2), same as incumbent","V_Z 4.80-5.40 V @5 mA, rdif 60 R, I_R 2 uA @2 V, S_Z -2.7..1.2 mV/K, C_d 300 pF, P_ZSM 40 W [p5]",none stated; datasheet: non-automotive (BZX84 Rev 7 p12 legal),"docs/datasheets/protection/BZX84.pdf (Nexperia BZX84 series Rev 7, on file)",docs/datasheets/protection/BZX84.pdf,INCUMBENT,,2026-10-05,YES,"LCSC product page C294621 read 2026-10-05T14:50Z (brand on page: Nexperia; MPN on page: BZX84-C5V1,215); price_1 is the first break at MOQ 10; JLCPCB page stock 28717",In stock (28710). MOQ 10.
P23,PV-CTL-P75 (PV-P75); PV-CTL (PV-P100-110); PCS-CTL-3W (PCS-P125),1 / 1 / 1,Zener 5.1 V 5 % 250 mW (ENABLE input clamp),Nexperia,"BZX84-C5V1,215",C294621,28710,0.0562 / 0.042 / 0.035 (first break MOQ 10),Nexperia,"BZX84-B5V1,215",C426830,8395,0.1073,0.0846,0.0647,Extended,SOT-23 (TO-236AB),"SOT-23: 1=A 2=n.c. 3=K (Nexperia Table 2 p2), same as incumbent",V_Z 5.00-5.20 V (+-2 %) inside 4.80-5.40 V; rest identical [Rev 7 p5],none stated; datasheet: non-automotive (BZX84 Rev 7 p12 legal),"docs/datasheets/protection/BZX84.pdf (Nexperia BZX84 series Rev 7, on file)",docs/datasheets/protection/BZX84.pdf,DROP-IN,,2026-10-05,,"LCSC product page C426830 read 2026-10-05T14:54Z (brand on page: Nexperia; MPN on page: BZX84-B5V1,215); price_1 is the first break at MOQ 5; JLCPCB page stock 8399","MOQ 5, USD 0.107 @5."
P23,PV-CTL-P75 (PV-P75); PV-CTL (PV-P100-110); PCS-CTL-3W (PCS-P125),1 / 1 / 1,Zener 5.1 V 5 % 250 mW (ENABLE input clamp),Nexperia,"BZX84-C5V1,215",C294621,28710,0.0562 / 0.042 / 0.035 (first break MOQ 10),Nexperia,BZX84-C5V1-QR,C7508298,2830,0.2976,0.2313,0.1674,not in JLCPCB library,SOT-23 (TO-236AB),"SOT-23: 1=A 2=n.c. 3=K (Nexperia Table 2 p2), same as incumbent","identical, AEC-Q101 [BZX84-Q p5]","AEC-Q101 (BZX84-Q Rev 1 p1 sec 2, p10)",https://datasheet.lcsc.com/datasheet/pdf/e6aa68565cb585bb83a71002bf29b5fe.pdf (Nexperia BZX84-Q series Rev 1; assets.nexperia.com returned 403),docs/datasheets/protection/Nexperia-BZX84-QR.pdf,DROP-IN,,2026-10-05,,LCSC product page C7508298 read 2026-10-05T14:55Z (brand on page: Nexperia; MPN on page: BZX84-C5V1-QR); price_1 is the first break at MOQ 5,USD 0.30 @5 (expensive).
P23,PV-CTL-P75 (PV-P75); PV-CTL (PV-P100-110); PCS-CTL-3W (PCS-P125),1 / 1 / 1,Zener 5.1 V 5 % 250 mW (ENABLE input clamp),Nexperia,"BZX84-C5V1,215",C294621,28710,0.0562 / 0.042 / 0.035 (first break MOQ 10),onsemi,BZX84C5V1LT1G,C47075,28510,0.0358,0.0279,0.024,Extended,SOT-23,"SOT-23: 1=A 2=n.c. 3=K (onsemi p2/p3 'Pinout: 1-Anode, 2-No Connection, 3-Cathode'), same as incumbent",V_Z 4.8-5.4 V @5 mA same; Z_ZT 60 R same; I_R 2 uA @2 V same; theta_VZ -2.7..1.2 same; C 225 pF vs 300 pF (better); P_ZSM not stated [onsemi p3],none stated for non-SZ; ESD HBM class 3 >16 kV (p1); SZ prefix = AEC-Q101,https://www.onsemi.com/download/data-sheet/pdf/bzx84c2v4lt1-d.pdf (onsemi BZX84C2V4LT1/D Rev 23),docs/datasheets/protection/onsemi-BZX84C2V4LT1-D.pdf,DROP-IN,,2026-10-05,,LCSC product page C47075 read 2026-10-05T15:12Z (brand on page: onsemi; MPN on page: BZX84C5V1LT1G); price_1 is the first break at MOQ 10; JLCPCB page stock 28517,"Reverse surge not stated (ENABLE input clamp). Stock 28510, MOQ 10."
P24,PV-PWR (PV-P75); PV-PWR-4 (PV-P100-110); PCS-PWR (PCS-P125),3 / 3 / 4,"TVS 33 V unidirectional, relay coil clamp zener",Bourns,SMBJ33A,NOT ON LCSC,,,Bourns,SMBJ33A,NOT ON LCSC,,,,,,DO-214AA (SMB),"DO-214AA (SMB) 2-terminal, unidirectional, cathode = band (datasheet outline), same as incumbent","V_RWM 33 V, V_BR 36.7-40.6 V @1 mA, I_R 1 uA, V_C 53.3 V @ I_PP 11.3 A (10/1000), 69.3 V @ 56.5 A (8/20), P_PK 600 W, I_FSM 100 A, PM(AV) 5 W @T_L 75 C, T_J -55..150 C [Bourns SMBJ p1-p2]",none stated (standard series; -Q suffix is the AEC-Q101 version),"docs/datasheets/protection/SMBJ_Bourns.pdf (Bourns SMBJ series, on file)",docs/datasheets/protection/SMBJ_Bourns.pdf,INCUMBENT,,2026-10-05,,,"No Bourns-branded SMBJ33A listing found on LCSC (mirror top-stock listings brand-checked on the JLCPCB pages; web search). C173526 in prices.csv is MDD, not Bourns. Bourns SMBJ listings do exist on LCSC for other voltages (e.g. C3720766 SMBJ120A, C3702289 SMBJ30CA-Q)."
P24,PV-PWR (PV-P75); PV-PWR-4 (PV-P100-110); PCS-PWR (PCS-P125),3 / 3 / 4,"TVS 33 V unidirectional, relay coil clamp zener",Bourns,SMBJ33A,NOT ON LCSC,,,MDD (Microdiode Semiconductor),SMBJ33A,C173526,7190,0.0599,0.05,0.0451,Extended,DO-214AA (SMB),"DO-214AA (SMB) 2-terminal, unidirectional, cathode = band (datasheet outline), same as incumbent","V_RWM 33 V, V_BR 36.70-40.60 V @1 mA, I_R 1 uA, V_C 53.3 V @ 11.3 A (10/1000): identical [MDD p2 table]; P_PPM 600 W 10/1000, I_FSM 100 A, PM(AV) 5 W @T_A 50 C (Bourns: 5 W @T_L 75 C), T_J -65..150 C [MDD p1]; 8/20 us V_C not stated","none stated (glass passivated, UL94V-0 compound)","https://datasheet.lcsc.com/datasheet/pdf/2fdb55289569ebfc0bc21eab3853afe6.pdf (MDD SMBJ5.0(C)A thru SMBJ440(C)A, LCSC-hosted copy)",docs/datasheets/protection/MDD-SMBJ-series.pdf,DROP-IN,,2026-10-05,YES,LCSC product page C173526 read 2026-10-05T14:50Z (brand on page: MDD(Microdiode Semiconductor); MPN on page: SMBJ33A); price_1 is the first break at MOQ 10; JLCPCB page stock 7192,Relay-coil flyback clamp: 10/1000-class energy and V_BR/V_C are what the design uses (port.py 37-42 V). MOQ 10.
P24,PV-PWR (PV-P75); PV-PWR-4 (PV-P100-110); PCS-PWR (PCS-P125),3 / 3 / 4,"TVS 33 V unidirectional, relay coil clamp zener",Bourns,SMBJ33A,NOT ON LCSC,,,Littelfuse,SMBJ33A,C224019,21530,0.1233,0.1002,0.0799,Extended,DO-214AA (SMB),"DO-214AA (SMB) 2-terminal, unidirectional, cathode = band (datasheet outline), same as incumbent","V_RWM 33 V, V_BR 36.70-40.60 V @1 mA, I_R 1 uA, V_C 53.3 V @ 11.3 A: identical [LF table p3]; 600 W single die, I_FSM 100 A, P_D 5 W @T_L 50 C, T_J -65..150 C, alpha_T(V_BR) 0.097 %/C [LF p1-p3]","none stated (UL 497B recognized E230531, IEC 61000-4-2 30 kV, JESD201A whisker class 1/2)","https://datasheet.lcsc.com/datasheet/pdf/4ab84a227fae39f9eac85241b8264ead.pdf (Littelfuse SMBJ series, LCSC-hosted copy)",docs/datasheets/protection/Littelfuse-SMBJ-series.pdf,DROP-IN,,2026-10-05,,LCSC product page C224019 read 2026-10-05T15:13Z (brand on page: Littelfuse; MPN on page: SMBJ33A); price_1 is the first break at MOQ 5; JLCPCB page stock 21836,"Stock 21530, MOQ 5."
P24,PV-PWR (PV-P75); PV-PWR-4 (PV-P100-110); PCS-PWR (PCS-P125),3 / 3 / 4,"TVS 33 V unidirectional, relay coil clamp zener",Bourns,SMBJ33A,NOT ON LCSC,,,Brightking,SMBJ33A,C78419,9140,0.0719,0.0583,0.0514,Extended,DO-214AA (SMB),"DO-214AA (SMB) 2-terminal, unidirectional, cathode = band (datasheet outline), same as incumbent","V_RWM 33 V, V_BR 36.70-40.60 V @1 mA, I_R 1 uA, V_C 53.3 V @ 11.3 A (10/1000): identical [BK p3 table]; P_PPM 600 W, I_FSM 100 A, PM(AV) 5.0 W @T_A 50 C, T_J -55..150 C [BK p1]; 8/20 V_C not stated",none stated (UL E244458),"https://datasheet.lcsc.com/datasheet/pdf/583465af594625444c284b862ae2ab69.pdf (Brightking TVS-SMBJ SERIES-001(A1), LCSC-hosted copy)",docs/datasheets/protection/Brightking-SMBJ33A.pdf,DROP-IN,,2026-10-05,,LCSC product page C78419 read 2026-10-05T15:14Z (brand on page: Brightking; MPN on page: SMBJ33A); price_1 is the first break at MOQ 10; JLCPCB page stock 11790,"Stock 9140, MOQ 10."
P25,PV-CTL-P75 (PV-P75); PV-CTL (PV-P100-110); PCS-CTL-3W (PCS-P125),1 / 1 / 1,"TVS 600 W unidirectional, VRWM 36 V (SELV 24 V input)",Bourns,SMBJ36A,NOT ON LCSC,,,Bourns,SMBJ36A,NOT ON LCSC,,,,,,DO-214AA (SMB),"DO-214AA (SMB) 2-terminal, unidirectional, cathode = band (datasheet outline), same as incumbent","V_RWM 36 V, V_BR 40.0-44.2 V @1 mA, I_R 1 uA, V_C 58.1 V @ 10.4 A (10/1000), 75.5 V @ 52 A (8/20), 600 W [Bourns SMBJ p2]",none stated,"docs/datasheets/protection/SMBJ_Bourns.pdf (Bourns SMBJ series, on file)",docs/datasheets/protection/SMBJ_Bourns.pdf,INCUMBENT,,2026-10-05,,,No Bourns SMBJ36A listing found on LCSC (C224020 in prices.csv is Littelfuse).
P25,PV-CTL-P75 (PV-P75); PV-CTL (PV-P100-110); PCS-CTL-3W (PCS-P125),1 / 1 / 1,"TVS 600 W unidirectional, VRWM 36 V (SELV 24 V input)",Bourns,SMBJ36A,NOT ON LCSC,,,MDD (Microdiode Semiconductor),SMBJ36A,C114001,94680,0.058,0.0481,0.0432,Extended,DO-214AA (SMB),"DO-214AA (SMB) 2-terminal, unidirectional, cathode = band (datasheet outline), same as incumbent","V_RWM 36 V, V_BR 40.00-44.20 V, I_R 1 uA, V_C 58.1 V @ 10.4 A: identical [MDD p2]; 600 W, T_J -65..150 C [MDD p1]; 8/20 V_C not stated","none stated (glass passivated, UL94V-0 compound)","https://datasheet.lcsc.com/datasheet/pdf/2fdb55289569ebfc0bc21eab3853afe6.pdf (MDD SMBJ5.0(C)A thru SMBJ440(C)A, LCSC-hosted copy)",docs/datasheets/protection/MDD-SMBJ-series.pdf,DROP-IN,,2026-10-05,YES,LCSC product page C114001 read 2026-10-05T15:13Z (brand on page: MDD(Microdiode Semiconductor); MPN on page: SMBJ36A); price_1 is the first break at MOQ 10; JLCPCB page stock 99333,"Stock 94680, MOQ 10."
P25,PV-CTL-P75 (PV-P75); PV-CTL (PV-P100-110); PCS-CTL-3W (PCS-P125),1 / 1 / 1,"TVS 600 W unidirectional, VRWM 36 V (SELV 24 V input)",Bourns,SMBJ36A,NOT ON LCSC,,,Littelfuse,SMBJ36A,C224020,26970,0.116,0.0923,0.0715,Extended,DO-214AA,"DO-214AA (SMB) 2-terminal, unidirectional, cathode = band (datasheet outline), same as incumbent","V_RWM 36 V, V_BR 40.00-44.20 V, I_R 1 uA, V_C 58.1 V @ 10.4 A: identical [LF p3]; 600 W, T_J -65..150 C","none stated (UL 497B recognized E230531, IEC 61000-4-2 30 kV, JESD201A whisker class 1/2)","https://datasheet.lcsc.com/datasheet/pdf/4ab84a227fae39f9eac85241b8264ead.pdf (Littelfuse SMBJ series, LCSC-hosted copy)",docs/datasheets/protection/Littelfuse-SMBJ-series.pdf,DROP-IN,,2026-10-05,,LCSC product page C224020 read 2026-10-05T14:50Z (brand on page: Littelfuse; MPN on page: SMBJ36A); price_1 is the first break at MOQ 5; JLCPCB page stock 26971,"Stock 26970, MOQ 5."
P26,PV-CTL-P75 (PV-P75); PV-CTL (PV-P100-110); PCS-CTL-3W (PCS-P125),1 / 1 / 1,"TVS 600 W bidirectional, VRWM 58 V (SELV 0 V to PE)",Bourns,SMBJ58CA,NOT ON LCSC,,,Bourns,SMBJ58CA,NOT ON LCSC,,,,,,DO-214AA (SMB),"DO-214AA (SMB) 2-terminal, bidirectional (no band), same as incumbent","V_RWM 58 V, V_BR 64.4-71.2 V @1 mA, I_R 1 uA, V_C 93.6 V @ 6.5 A (10/1000), 121.7 V @ 32.5 A (8/20), 600 W, bidirectional [Bourns SMBJ p2]",none stated,"docs/datasheets/protection/SMBJ_Bourns.pdf (Bourns SMBJ series, on file)",docs/datasheets/protection/SMBJ_Bourns.pdf,INCUMBENT,,2026-10-05,,,No Bourns SMBJ58CA listing found on LCSC (C151267 in prices.csv is Littelfuse).
P26,PV-CTL-P75 (PV-P75); PV-CTL (PV-P100-110); PCS-CTL-3W (PCS-P125),1 / 1 / 1,"TVS 600 W bidirectional, VRWM 58 V (SELV 0 V to PE)",Bourns,SMBJ58CA,NOT ON LCSC,,,MDD (Microdiode Semiconductor),SMBJ58CA,C114007,15930,0.0579,0.0481,0.0432,Extended,DO-214AA (SMB),"DO-214AA (SMB) 2-terminal, bidirectional (no band), same as incumbent","V_RWM 58 V, V_BR 64.40-71.20 V, I_R 1 uA, V_C 93.6 V @ 6.5 A, bidirectional: identical [MDD p2]; 600 W [MDD p1]; 8/20 V_C not stated","none stated (glass passivated, UL94V-0 compound)","https://datasheet.lcsc.com/datasheet/pdf/2fdb55289569ebfc0bc21eab3853afe6.pdf (MDD SMBJ5.0(C)A thru SMBJ440(C)A, LCSC-hosted copy)",docs/datasheets/protection/MDD-SMBJ-series.pdf,DROP-IN,,2026-10-05,YES,LCSC product page C114007 read 2026-10-05T15:14Z (brand on page: MDD(Microdiode Semiconductor); MPN on page: SMBJ58CA); price_1 is the first break at MOQ 10; JLCPCB page stock 16055,"Stock 15930, MOQ 10."
P26,PV-CTL-P75 (PV-P75); PV-CTL (PV-P100-110); PCS-CTL-3W (PCS-P125),1 / 1 / 1,"TVS 600 W bidirectional, VRWM 58 V (SELV 0 V to PE)",Bourns,SMBJ58CA,NOT ON LCSC,,,Littelfuse,SMBJ58CA,C151267,6115,0.1234,0.1011,0.0817,Extended,DO-214AA,"DO-214AA (SMB) 2-terminal, bidirectional (no band), same as incumbent","V_RWM 58 V, V_BR 64.40-71.20 V, I_R 1 uA, V_C 93.6 V @ 6.5 A: identical [LF p3]; 600 W","none stated (UL 497B recognized E230531, IEC 61000-4-2 30 kV, JESD201A whisker class 1/2)","https://datasheet.lcsc.com/datasheet/pdf/4ab84a227fae39f9eac85241b8264ead.pdf (Littelfuse SMBJ series, LCSC-hosted copy)",docs/datasheets/protection/Littelfuse-SMBJ-series.pdf,DROP-IN,,2026-10-05,,LCSC product page C151267 read 2026-10-05T14:50Z (brand on page: Littelfuse; MPN on page: SMBJ58CA); price_1 is the first break at MOQ 5; JLCPCB page stock 6119,"Stock 6115, MOQ 5."
P27,PV-PWR (PV-P75); PV-PWR-4 (PV-P100-110); PCS-PWR (PCS-P125),6 / 6 / 6,"TVS unidirectional 1500 W, VRWM 33 V, VBR 36.7-40.6 V (AUX75 clamp, 6 in series)",Bourns,SMCJ33A,NOT ON LCSC,,,Bourns,SMCJ33A,NOT ON LCSC,,,,,,DO-214AB (SMC),"DO-214AB (SMC) 2-terminal, unidirectional, cathode = band (datasheet outline), same as incumbent","V_RWM 33 V, V_BR 36.7-40.6 V @1 mA, I_R 1 uA, V_C 53.3 V @ I_PP 28.1 A (10/1000), 69.3 V @ 141 A (8/20), P_PK 1500 W, I_FSM 200 A, PM(AV) 5.0 W @T_L 75 C, T_J -55..150 C [Bourns SMCJ p1-p2]",none stated,"docs/datasheets/protection/SMCJ_Bourns.pdf (Bourns SMCJ series, on file)",docs/datasheets/protection/SMCJ_Bourns.pdf,INCUMBENT,,2026-10-05,,,No Bourns SMCJ33A listing found on LCSC (C224049 in prices.csv is Littelfuse).
P27,PV-PWR (PV-P75); PV-PWR-4 (PV-P100-110); PCS-PWR (PCS-P125),6 / 6 / 6,"TVS unidirectional 1500 W, VRWM 33 V, VBR 36.7-40.6 V (AUX75 clamp, 6 in series)",Bourns,SMCJ33A,NOT ON LCSC,,,Brightking,SMCJ33A/TR13,C310047,14945,0.1214,0.0971,0.0758,Extended,DO-214AB (SMC),"DO-214AB (SMC) 2-terminal, unidirectional, cathode = band (datasheet outline), same as incumbent","V_RWM 33 V, V_BR 36.70-40.60 V @1 mA, I_R 1 uA, V_C 53.3 V @ I_PP 28.2 A [BK p3 table]; 1500 W 10/1000, I_FSM 200 A, PM(AV) 6.5 W @T_A 50 C, R_thJL 15 C/W, T_J -65..150 C [BK p2]; 8/20 V_C not stated",none stated (UL E244458),"docs/datasheets/protection/Brightking-SMCJ.pdf (Brightking SMCJ series rev 21-Jul-14, on file)",docs/datasheets/protection/Brightking-SMCJ.pdf,FUNCTIONAL,"steady-state dissipation stated as 6.5 W @T_A 50 C with R_thJL 15 C/W (= 5 W @T_L 75 C, inferred): re-check AUX75 clamp heat; 8/20 us clamping not stated",2026-10-05,YES,LCSC product page C310047 read 2026-10-05T15:14Z (brand on page: Brightking; MPN on page: SMCJ33A/TR13); price_1 is the first break at MOQ 5; JLCPCB page stock 14948,Stock 14945 (MOQ 5) = ~2490 modules at 6 each; Brightking SMCJ datasheet already on file in docs; /TR13 = 13-inch reel packing suffix.
P27,PV-PWR (PV-P75); PV-PWR-4 (PV-P100-110); PCS-PWR (PCS-P125),6 / 6 / 6,"TVS unidirectional 1500 W, VRWM 33 V, VBR 36.7-40.6 V (AUX75 clamp, 6 in series)",Bourns,SMCJ33A,NOT ON LCSC,,,Littelfuse,SMCJ33A,C224049,5295,0.3268,0.2689,0.2131,Extended,DO-214AB (SMC),"DO-214AB (SMC) 2-terminal, unidirectional, cathode = band (datasheet outline), same as incumbent","V_RWM 33 V, V_BR 36.70-40.60 V @1 mA, I_R 1 uA, V_C 53.3 V @ I_PP 28.2 A (vs 28.1 A) [LF p3 table]; 1500 W, I_FSM 200 A, P_D 6.5 W @T_L 50 C (= ~4.9 W @75 C by linear derating to 150 C, inferred) vs 5.0 W @T_L 75 C; T_J -65..150 C [LF p1]; 8/20 V_C not stated","none stated (UL 497B recognized E230531, IEC 61000-4-2 30 kV, JESD201A whisker class 1/2)","https://datasheet.lcsc.com/datasheet/pdf/4ffc39069ef6aef3785dfbfda82b9e7d.pdf (Littelfuse SMCJ series, LCSC-hosted copy)",docs/datasheets/protection/Littelfuse-SMCJ-series.pdf,FUNCTIONAL,steady-state dissipation stated at T_L 50 C (6.5 W): re-check the AUX75 clamp heat per package at T_L 75 C (~4.9 W inferred vs 5.0 W); 8/20 us clamping not stated,2026-10-05,,LCSC product page C224049 read 2026-10-05T14:50Z (brand on page: Littelfuse; MPN on page: SMCJ33A); price_1 is the first break at MOQ 5; JLCPCB page stock 5321,"Stock 5295, MOQ 5; 6 per module."
P27,PV-PWR (PV-P75); PV-PWR-4 (PV-P100-110); PCS-PWR (PCS-P125),6 / 6 / 6,"TVS unidirectional 1500 W, VRWM 33 V, VBR 36.7-40.6 V (AUX75 clamp, 6 in series)",Bourns,SMCJ33A,NOT ON LCSC,,,Vishay,SMCJ33AHE3_A/H,C1981923,2985,0.2114,0.1844,0.1583,Extended,DO-214AB (SMC),"DO-214AB (SMC) 2-terminal, unidirectional, cathode = band (datasheet outline), same as incumbent","V_BR 36.7-40.6 V @1 mA, V_RWM 33 V, I_R 1 uA, I_PP 28.1 A, V_C 53.3 V: identical [Vishay p2 table]; 1500 W, P_D 6.5 W on infinite heatsink @T_A 50 C, T_J -55..150 C [Vishay p1]; 8/20 V_C not stated","AEC-Q101 (HE3 suffix, Vishay p1); JESD 201 class 2 whisker","https://datasheet.lcsc.com/datasheet/pdf/c2f7ab986e453491b08c59d4003bd799.pdf (Vishay SMCJ series, LCSC-hosted copy)",docs/datasheets/protection/Vishay-SMCJ33AHE3_A-H.pdf,FUNCTIONAL,steady-state dissipation stated at 50 C (6.5 W): re-check AUX75 clamp heat per package at T_L 75 C; 8/20 us clamping not stated,2026-10-05,,LCSC product page C1981923 read 2026-10-05T15:13Z (brand on page: VISHAY; MPN on page: SMCJ33AHE3_A/H); price_1 is the first break at MOQ 5; JLCPCB page stock 2988,"AEC-Q101 upgrade option. Stock 2985, MOQ 5, USD 0.21 @5."
P28,PV-CTL-P75 (PV-P75); PV-CTL (PV-P100-110); PCS-CTL-3W (PCS-P125),1 / 1 / 1,RS-485 asymmetric TVS array -7/+12 V,MDD (Microdiode Semiconductor),SM712,C502564,195540,0.0719 / 0.0719 / 0.0542 (first break MOQ 20),MDD (Microdiode Semiconductor),SM712,C502564,195540,0.0719,0.0719,0.0542,Extended,SOT-23,"SOT-23: 1=I/O 1, 2=I/O 2, 3=GND (12 V TVS pin 1/2 -> 3, 7 V TVS pin 3 -> 1/2), same as incumbent (MDD p1 schematic & pin configuration)","V_RWM 12 V / 7 V, V_BR >=13.3 / >=7.5 V @1 mA, I_R 1 / 20 uA, V_C 20 / 12 V @5 A and 26 / 16 V @17 A (8/20), P_PP 400 W, I_PP 17 A, C_J 75 pF @0 V [MDD p2]",none stated (IEC 61000-4-2/-4/-5 compliance claimed; 'data for reference only' note on p2),docs/datasheets/protection/MDD-SM712.pdf (on file),docs/datasheets/protection/MDD-SM712.pdf,INCUMBENT,,2026-10-05,YES,LCSC product page C502564 read 2026-10-05T14:50Z (brand on page: MDD(Microdiode Semiconductor); MPN on page: SM712); price_1 is the first break at MOQ 20; JLCPCB page stock 195550,"In stock (195540), MOQ 20."
P28,PV-CTL-P75 (PV-P75); PV-CTL (PV-P100-110); PCS-CTL-3W (PCS-P125),1 / 1 / 1,RS-485 asymmetric TVS array -7/+12 V,MDD (Microdiode Semiconductor),SM712,C502564,195540,0.0719 / 0.0719 / 0.0542 (first break MOQ 20),Bourns,CDSOT23-SM712,C404012,17535,0.5158,0.3006,0.2694,Extended,SOT-23,"SOT-23: 1=I/O 1, 2=I/O 2, 3=GND (12 V TVS pin 1/2 -> 3, 7 V TVS pin 3 -> 1/2), same as incumbent (Bourns p1 diagram, table 'Pin 1-3 and Pin 2-3')","V_WM 12 / 7 V, V_BR 13.3 / 7.5 V, I_D 1 / 20 uA same; V_C 20 / 12 V @5 A same; 26 / 14 V @17 A vs 26 / 16 V (better); P_PK 400 W, I_PP 17 A same; C_D 75 pF typ [Bourns p1-p2]",none stated (JEDEC-conforming chip diodes; ESD 30 kV),https://www.bourns.com/docs/product-datasheets/cdsot23-sm712.pdf (on file as docs/datasheets/protection/CDSOT23-SM712.pdf),docs/datasheets/protection/CDSOT23-SM712.pdf,DROP-IN,,2026-10-05,,LCSC product page C404012 read 2026-10-05T15:15Z (brand on page: BOURNS; MPN on page: CDSOT23-SM712); JLCPCB page stock 17510,"Stock 17535, MOQ 1, USD 0.52 @1 (7x the MDD price)."
P28,PV-CTL-P75 (PV-P75); PV-CTL (PV-P100-110); PCS-CTL-3W (PCS-P125),1 / 1 / 1,RS-485 asymmetric TVS array -7/+12 V,MDD (Microdiode Semiconductor),SM712,C502564,195540,0.0719 / 0.0719 / 0.0542 (first break MOQ 20),Semtech,SM712.TCT,C12067,15694,0.48,0.2959,0.2597,Extended,SOT-23,"SOT-23: 1=I/O 1, 2=I/O 2, 3=GND (12 V TVS pin 1/2 -> 3, 7 V TVS pin 3 -> 1/2), same as incumbent (Semtech p1/p4: pins 1 and 2 12 V to data lines, pin 3 to ground)","V_RWM 12 / 7 V, V_BR 13.3 / 7.5 V, I_R 1 / 20 uA same; V_C 20 / 10 V @5 A, 26 / 12 V @17 A (better on the 7 V side); P_pk 400 W, I_PP 17 A same; C_j 75 pF @0 V, 45 pF @V_RWM same [Semtech p2]",none stated,"https://datasheet.lcsc.com/datasheet/pdf/6311708675214bf4bc69c8e069cdb49d.pdf (Semtech SM712 rev 11/17/04, LCSC-hosted copy; semtech.com URL returned HTML)",docs/datasheets/protection/Semtech-SM712.TCT.pdf,DROP-IN,,2026-10-05,,LCSC product page C12067 read 2026-10-05T15:15Z (brand on page: SEMTECH; MPN on page: SM712.TCT); JLCPCB page stock 15983,"Original SM712 maker. Stock 15694, MOQ 1, USD 0.48 @1."
P28,PV-CTL-P75 (PV-P75); PV-CTL (PV-P100-110); PCS-CTL-3W (PCS-P125),1 / 1 / 1,RS-485 asymmetric TVS array -7/+12 V,MDD (Microdiode Semiconductor),SM712,C502564,195540,0.0719 / 0.0719 / 0.0542 (first break MOQ 20),ProTek Devices,PSM712-LF-T7,C32677,79055,0.3237,0.2537,0.1891,Basic,SOT-23,"SOT-23: 1=I/O 1, 2=I/O 2, 3=GND (12 V TVS pin 1/2 -> 3, 7 V TVS pin 3 -> 1/2), same as incumbent (ProTek p2 note 1: for 7 V pin 3 positive, for 12 V pins 1 and 2 positive)","V_RWM 12 / 7 V, V_BR 13.3 / 7.5 V, I_R 1 / 20 uA same; V_C 19 / 11 V @1 A, 30 V @30 A / 17 V @34 A (no 5 A / 17 A points; ~20.5 V @5 A by interpolation, inferred) vs 20 / 12 V @5 A; P_PP 600 W (better); C 75 pF [ProTek p2]",none stated (IEC 61000-4-2/-4/-5),"https://datasheet.lcsc.com/datasheet/pdf/c2ed56a8cad54293a14003751ad8d348.pdf (ProTek PSM712, LCSC-hosted copy; protekdevices.com URL 404)",docs/datasheets/protection/ProTek-PSM712-LF-T7.pdf,FUNCTIONAL,clamping specified at 1 A and 30/34 A only: re-check the RS-485 transceiver bus-pin abs max against ~20.5 V @5 A (inferred),2026-10-05,,LCSC product page C32677 read 2026-10-05T15:14Z (brand on page: PROTEK; MPN on page: PSM712-LF-T7); price_1 is the first break at MOQ 5; JLCPCB page stock 130236,"JLCPCB Basic part (no extended-part fee). Stock 79055, MOQ 5, USD 0.32 @5."
P28,PV-CTL-P75 (PV-P75); PV-CTL (PV-P100-110); PCS-CTL-3W (PCS-P125),1 / 1 / 1,RS-485 asymmetric TVS array -7/+12 V,MDD (Microdiode Semiconductor),SM712,C502564,195540,0.0719 / 0.0719 / 0.0542 (first break MOQ 20),Littelfuse,SM712-02HTG,C172881,11825,0.4194,0.3377,0.2622,Extended,SOT-23,"SOT-23: 1=I/O 1, 2=I/O 2, 3=GND (12 V TVS pin 1/2 -> 3, 7 V TVS pin 3 -> 1/2), same as incumbent (Littelfuse p1 pinout and test conditions 'Pin 1 or Pin 2 to Pin 3')","V_RWM 12 / 7 V, V_BR 13.3 / 7.5 V, I_leak 1 / 20 uA same; V_C 19 / 11 V @1 A, 31 / 19 V @19 A vs 26 / 16 V @17 A (higher; ~30 / 18 V @17 A with R_DYN 0.5 R, inferred); P_PK 600 W, I_PP 19 A (better); C 75 pF max [LF p1-p2]",AEC-Q101 (Littelfuse p1),"https://datasheet.lcsc.com/datasheet/pdf/9370579fc272a07f197e184b9dd19e3a.pdf (Littelfuse SM712 rev 10/09/17, LCSC-hosted copy)",docs/datasheets/protection/Littelfuse-SM712-02HTG.pdf,FUNCTIONAL,higher clamping voltage at high current (31 V @19 A): re-check the RS-485 transceiver abs max under surge,2026-10-05,,LCSC product page C172881 read 2026-10-05T15:15Z (brand on page: Littelfuse; MPN on page: SM712-02HTG); price_1 is the first break at MOQ 5; JLCPCB page stock 11028,"Stock 11825, MOQ 5, USD 0.42 @5."
P29,PV-CTL-P75 (PV-P75); PV-CTL (PV-P100-110); PCS-CTL-3W (PCS-P125),1 / 1 / 1,2-channel 24 V CAN bus ESD/TVS diode,Texas Instruments,ESD2CAN24DBZRQ1,C5736151,9630,0.3026 / 0.2349 / 0.1697 (first break MOQ 5),Texas Instruments,ESD2CAN24DBZRQ1,C5736151,9630,0.3026,0.2349,0.1697,Extended,SOT-23 (DBZ),"SOT-23 (DBZ): 1=IO, 2=IO, 3=GND (TI Table 4-1 p3)","V_RWM +-24 V, V_BR 25.5-35.5 V @10 mA, I_leak 50 nA max, V_CLAMP 37 V @5.7 A (8/20), P_PP 210 W, I_PP 5.7 A, C_L 3 pF typ / 5 pF max, IEC 61000-4-2 +-30 kV [TI p3-p5]",AEC-Q101 (TI p1); HBM +-2.5 kV per AEC-Q101-001,docs/datasheets/protection/ESD2CAN24-Q1.pdf (on file),docs/datasheets/protection/ESD2CAN24-Q1.pdf,INCUMBENT,,2026-10-05,YES,LCSC product page C5736151 read 2026-10-05T14:50Z (brand on page: TI; MPN on page: ESD2CAN24DBZRQ1); price_1 is the first break at MOQ 5; JLCPCB page stock 9634,"In stock (9630), MOQ 5."
P29,PV-CTL-P75 (PV-P75); PV-CTL (PV-P100-110); PCS-CTL-3W (PCS-P125),1 / 1 / 1,2-channel 24 V CAN bus ESD/TVS diode,Texas Instruments,ESD2CAN24DBZRQ1,C5736151,9630,0.3026 / 0.2349 / 0.1697 (first break MOQ 5),Nexperia,PESD2CANFD24LT-QR,C6952426,14965,0.2982,0.2345,0.1732,Extended,SOT-23 (TO-236AB),"SOT-23: 1=IO (CANH/CANL), 2=IO, 3=GND/common, same as incumbent (Nexperia pinning p2: 1=K1, 2=K2, 3=CC common)","V_RWM 24 V same; V_BR 25.5-35.5 V @10 mA same; I_RM 50 nA max same; C_d 9 typ / 10 pF max vs 3 / 5 pF; I_PPM 4 A vs 5.7 A (lower); V_CL 41 V max @1 A [Nexperia p1, p4 Table 7]",AEC-Q101 (Nexperia p1),"https://datasheet.lcsc.com/datasheet/pdf/13887b4b78a6f04ea0a3a0028ec51d95.pdf (Nexperia PESD2CANFD24LT-Q, LCSC-hosted copy; assets.nexperia.com returned 403)",docs/datasheets/protection/Nexperia-PESD2CANFD24LT-Q.pdf,FUNCTIONAL,lower surge rating (4 A vs 5.7 A 8/20) and 10 pF vs 5 pF line capacitance: re-check the CAN port surge level and the bus capacitance budget,2026-10-05,,LCSC product page C6952426 read 2026-10-05T15:15Z (brand on page: Nexperia; MPN on page: PESD2CANFD24LT-QR); price_1 is the first break at MOQ 5; JLCPCB page stock 14968,"Stock 14965, MOQ 5, USD 0.30 @5."
P29,PV-CTL-P75 (PV-P75); PV-CTL (PV-P100-110); PCS-CTL-3W (PCS-P125),1 / 1 / 1,2-channel 24 V CAN bus ESD/TVS diode,Texas Instruments,ESD2CAN24DBZRQ1,C5736151,9630,0.3026 / 0.2349 / 0.1697 (first break MOQ 5),onsemi,SZNUP2105LT1G,C233494,239455,0.0782,0.0622,0.0483,Extended,SOT-23,"SOT-23: 1=IO (CANH/CANL), 2=IO, 3=GND/common, same as incumbent (onsemi p1: PIN 1, PIN 2 = CAN_H/CAN_L, PIN 3 = common)","V_RWM 24 V same; V_BR 26.2-32 V @1 mA; I_R 100 nA max vs 50 nA; V_C 40 V max @5 A, 44 V @8 A vs 37 V @5.7 A; P_PK 350 W, I_PP 8 A (better); C_J 30 pF max vs 5 pF (worse) [onsemi NUP2105L p1-p2]","AEC-Q101 + PPAP (SZ prefix, p1); IEC 61000-4-2 30 kV",https://www.onsemi.com/download/data-sheet/pdf/nup2105l-d.pdf,docs/datasheets/protection/onsemi-NUP2105L.pdf,FUNCTIONAL,"30 pF line capacitance (classic CAN only, check the bit rate / bus load) and higher clamping voltage (40 V @5 A): re-check transceiver bus-pin abs max",2026-10-05,,LCSC product page C233494 read 2026-10-05T15:15Z (brand on page: onsemi; MPN on page: SZNUP2105LT1G); price_1 is the first break at MOQ 5; JLCPCB page stock 239458,"Deep stock (239455), MOQ 5, USD 0.078 @5."
P29,PV-CTL-P75 (PV-P75); PV-CTL (PV-P100-110); PCS-CTL-3W (PCS-P125),1 / 1 / 1,2-channel 24 V CAN bus ESD/TVS diode,Texas Instruments,ESD2CAN24DBZRQ1,C5736151,9630,0.3026 / 0.2349 / 0.1697 (first break MOQ 5),Nexperia,"PESD2CAN,215",C75176,48585,0.0785,0.062,0.0465,Extended,SOT-23,"SOT-23: 1=IO (CANH/CANL), 2=IO, 3=GND/common, same as incumbent (Nexperia PESD2CAN p2 pinning: 1 cathode 1, 2 cathode 2, 3 common)","V_RWM 24 V same; V_BR 26.2 V min @1 mA; I_RM <1 nA typ; C_d 25 typ / 30 pF max vs 5 pF; P_PP 230 W, I_PP 5 A vs 5.7 A; V_CL 41 V @5 A vs 37 V @5.7 A [Nexperia PESD2CAN Rev 2 p1-p4]",AEC-Q101 (Nexperia p1),"https://datasheet.lcsc.com/datasheet/pdf/8cfd10a6d5e24511a694f02b58192f2e.pdf (Nexperia PESD2CAN Rev 2, LCSC-hosted copy)",docs/datasheets/protection/Nexperia-PESD2CAN.pdf,FUNCTIONAL,30 pF line capacitance and lower surge rating (5 A): re-check bus capacitance / bit rate and CAN port surge level,2026-10-05,,"LCSC product page C75176 read 2026-10-05T15:15Z (brand on page: Nexperia; MPN on page: PESD2CAN,215); price_1 is the first break at MOQ 5; JLCPCB page stock 48553","Stock 48585, MOQ 5."
P30,PV-PWR (PV-P75); PV-CTL-P75 (PV-P75); PV-PWR-4 (PV-P100-110); PV-CTL (PV-P100-110); PCS-PWR (PCS-P125); PCS-CTL-3W (PCS-P125),6 / 6 / 6,"N-MOSFET 60 V 350 mA (logic switch) | N-MOSFET 60 V 350 mA logic level | N-MOSFET 60 V 350 mA, fan PWM open-drain driver",Nexperia,"2N7002BK | 2N7002BK,215",C282405,172680,0.0392 / 0.0307 / 0.0265 (first break MOQ 10),Nexperia,"2N7002BK,215",C282405,172680,0.0392,0.0307,0.0265,Extended,SOT-23,SOT-23: 1=G 2=S 3=D (2N7002BK.pdf Table 2 p2),"VDS 60 V; VGS +-20 V; ID 350 mA; IDM 1.2 A; VGS(th) 1.1-2.1 V; RDSon <=2 ohm @5 V/50 mA, <=1.6 ohm @10 V; Ciss 33/50 pF; ESD 2 kV HBM [2N7002BK.pdf p1-p6]",AEC-Q101 (p1),docs/datasheets/power-semiconductors/2N7002BK.pdf,docs/datasheets/power-semiconductors/2N7002BK.pdf,INCUMBENT,,2026-10-05,YES,"LCSC product page C282405 read 2026-10-05T14:44Z (brand on page: Nexperia; MPN on page: 2N7002BK,215); price_1 is the first break at MOQ 10","LCSC 172680 pcs (2026-10-05T14:44Z), MOQ 10, JLC Extended. Alternatives not evaluated (time box): incumbent in stock. LCSC alts listed: Nexperia 2N7002P,215 C81488; Nexperia 2N7002BKVL C551412; Toshiba T2N7002BK,LM C146372 (mirror)"
P30,PV-PWR (PV-P75); PV-CTL-P75 (PV-P75); PV-PWR-4 (PV-P100-110); PV-CTL (PV-P100-110); PCS-PWR (PCS-P125); PCS-CTL-3W (PCS-P125),6 / 6 / 6,"N-MOSFET 60 V 350 mA (logic switch) | N-MOSFET 60 V 350 mA logic level | N-MOSFET 60 V 350 mA, fan PWM open-drain driver",Nexperia,"2N7002BK | 2N7002BK,215",C282405,172680,0.0392 / 0.0307 / 0.0265 (first break MOQ 10),MDD (Microdiode Semiconductor),2N7002K,C414015,2626150,0.0175,0.0175,0.0145,Extended,SOT-23,"SOT-23: 1=G 2=S 3=D (pin list p1), same as incumbent",VDS 60 V vs 60; VGS +-20 V vs +-20; ID 300 mA vs 350; IDM 1.5 A vs 1.2; PD 300 mW vs 370; VGS(th) 1.0-2.5 V @250 uA vs 1.1-2.1; RDSon <=3.0 ohm @4.5 V/200 mA vs <=2 ohm @5 V/50 mA; <=2.5 ohm @10 V/300 mA vs <=1.6 @10 V/500 mA; Ciss 21 pF typ vs 33; Qg 1.22/2.4 nC @10 V; ESD protected 2 kV HBM vs 2 kV HBM; Tj 150 C vs 150 [MDD 2N7002K p1-p2],none stated,https://datasheet.lcsc.com/datasheet/pdf/e50936d6fe8d5a879fae807a32a949b7.pdf?productCode=C414015,docs/datasheets/power-semiconductors/MDD-2N7002K.pdf,FUNCTIONAL,"VGS(th) max 2.5 V vs 2.1 V and RDSon 3 vs 2 ohm at logic drive: re-run the pin audit / logic-drive margin at the 3.3 V gate drives (gdrv RDY, aux_hv SU_EN/SSG/QIG/FBK, sys_io_aux UV_TEST); ID 300 vs 350 mA; no AEC-Q101",2026-10-05,,LCSC product page C414015 read 2026-10-05T15:24Z (brand on page: MDD(Microdiode Semiconductor); MPN on page: 2N7002K); price_1 is the first break at MOQ 50; JLCPCB page stock 2759679,"cost-down: 0.0100 USD @3000 vs 0.023 incumbent; LCSC 2,626,150 pcs, MOQ 50. Best second source for P30 (ESD level equal)"
P30,PV-PWR (PV-P75); PV-CTL-P75 (PV-P75); PV-PWR-4 (PV-P100-110); PV-CTL (PV-P100-110); PCS-PWR (PCS-P125); PCS-CTL-3W (PCS-P125),6 / 6 / 6,"N-MOSFET 60 V 350 mA (logic switch) | N-MOSFET 60 V 350 mA logic level | N-MOSFET 60 V 350 mA, fan PWM open-drain driver",Nexperia,"2N7002BK | 2N7002BK,215",C282405,172680,0.0392 / 0.0307 / 0.0265 (first break MOQ 10),JSCJ (Jiangsu Changjiang),2N7002K,C2910165,100800,0.0193,0.0193,0.0156,Extended,SOT-23,"SOT-23: 1=G 2=S 3=D (pin list p1), same as incumbent",VDS 60 V vs 60; VGS +-20 V; ID 340 mA vs 350; PD 350 mW vs 370; VGS(th) 1.0-2.5 V @1 mA vs 1.1-2.1 @250 uA; RDSon <=3 ohm @4.5 V/200 mA vs <=2 ohm @5 V; <=2.5 ohm @10 V/500 mA vs <=1.6; Ciss <=40 pF vs <=50; ESD protected (level not stated) vs 2 kV HBM; Tj 150 C [JSCJ 2N7002K p1-p2],none stated,https://datasheet.lcsc.com/datasheet/pdf/6de99688b21fce5350c7715452c64336.pdf?productCode=C2910165,docs/datasheets/power-semiconductors/JSCJ-2N7002K.pdf,FUNCTIONAL,same VGS(th)/RDSon re-check as MDD; ESD level not stated; no AEC-Q101,2026-10-05,,LCSC product page C2910165 read 2026-10-05T15:24Z (brand on page: JSCJ; MPN on page: 2N7002K); price_1 is the first break at MOQ 50; JLCPCB page stock 100864,"LCSC 100,800 pcs, MOQ 50, 0.0133 USD @3000"
P30,PV-PWR (PV-P75); PV-CTL-P75 (PV-P75); PV-PWR-4 (PV-P100-110); PV-CTL (PV-P100-110); PCS-PWR (PCS-P125); PCS-CTL-3W (PCS-P125),6 / 6 / 6,"N-MOSFET 60 V 350 mA (logic switch) | N-MOSFET 60 V 350 mA logic level | N-MOSFET 60 V 350 mA, fan PWM open-drain driver",Nexperia,"2N7002BK | 2N7002BK,215",C282405,172680,0.0392 / 0.0307 / 0.0265 (first break MOQ 10),Guangdong Hottech,2N7002K,C181083,92900,0.0165,0.0165,0.0131,Extended,SOT-23,drawing only: D on the single-lead side (pin 3); G/S numbering not printed - NOT confirmed,"VDS 60 V; VGS +-20 V; ID 340 mA; IDM 800 mA vs 1.2 A; PD 350 mW; VGS(th) 1.0-2.5 V @1 mA; RDSon <=5.3 ohm @4.5 V/200 mA vs <=2 ohm @5 V; <=5 ohm @10 V vs <=1.6; BVGSO >=21.5 V (gate clamp, ESD level not stated); Ciss 40 pF [Hottech 2N7002K p1-p2]",none stated,https://datasheet.lcsc.com/datasheet/pdf/6e47d50b04cd648dc942949e9c405099.pdf?productCode=C181083,docs/datasheets/power-semiconductors/Hottech-2N7002K.pdf,FUNCTIONAL,confirm pin numbering; RDSon 2.5-3x the incumbent at logic drive: re-check every 2N7002BK sink current (RDY/FBK/SS pull-downs); IDM 0.8 A,2026-10-05,,LCSC product page C181083 read 2026-10-05T15:24Z (brand on page: Guangdong Hottech; MPN on page: 2N7002K); price_1 is the first break at MOQ 50; JLCPCB page stock 92913,"LCSC 92,900 pcs; ranked below MDD/JSCJ"
P31,PV-PWR (PV-P75); PV-PWR-4 (PV-P100-110); PCS-PWR (PCS-P125),9 / 9 / 8,N-MOSFET 60 V 360 mA,Nexperia,BSS138BK,C282529,28080,0.0565 / 0.0443 / 0.0383 (first break MOQ 10),Nexperia,"BSS138BK,215",C282529,28080,0.0565,0.0443,0.0383,Extended,SOT-23,SOT-23: 1=G 2=S 3=D (BSS138BK.pdf Table 2),"VDS 60 V; VGS +-20 V; ID 360 mA; IDM 1.2 A; VGS(th) 0.48-1.6 V; RDSon <=2.2 ohm @4.5 V/200 mA, <=6.5 ohm @2.5 V/10 mA; Ciss 42/56 pF; ESD 1.5 kV HBM [BSS138BK.pdf p1-p6]",AEC-Q101 (p1),docs/datasheets/power-semiconductors/BSS138BK.pdf,docs/datasheets/power-semiconductors/BSS138BK.pdf,INCUMBENT,,2026-10-05,YES,"LCSC product page C282529 read 2026-10-05T14:49Z (brand on page: Nexperia; MPN on page: BSS138BK,215); price_1 is the first break at MOQ 10; JLCPCB page stock 28954","LCSC 28080 pcs (2026-10-05T14:49Z), MOQ 10, JLC Extended. NOTE: gen/data/prices.csv C5224267 is NOT Nexperia (see next row)"
P31,PV-PWR (PV-P75); PV-PWR-4 (PV-P100-110); PCS-PWR (PCS-P125),9 / 9 / 8,N-MOSFET 60 V 360 mA,Nexperia,BSS138BK,C282529,28080,0.0565 / 0.0443 / 0.0383 (first break MOQ 10),Yangjie,BSS138,C400505,52200,0.0215,0.0215,0.0175,Extended,SOT-23(TO-236),"top-view drawing: D top, G bottom-left, S bottom-right = 1=G 2=S 3=D (numbering inferred from the standard orientation)",VDS 50 V vs 60; VGS +-20 V vs +-20; ID 340 mA vs 360; IDM 1.5 A vs 1.2; PD 350 mW vs 350; VGS(th) 0.8-1.6 V vs 0.48-1.6; RDSon <=3.0 ohm @4.5 V/200 mA vs <=2.2; <=2.5 ohm @10 V vs <=1.6; RDSon @2.5 V not specified vs <=6.5 ohm; Ciss 17.5 pF typ vs 42; Qg 1.7/2.4 nC @10 V; ESD not stated vs 1.5 kV HBM; Tj 150 C [Yangjie BSS138 p1-p2],none stated,https://datasheet.lcsc.com/datasheet/pdf/004c1e37ba4335b604428b0e2bf9fed9.pdf?productCode=C400505,docs/datasheets/power-semiconductors/Yangjie-BSS138.pdf,FUNCTIONAL,"VDS 50 vs 60 V: re-check the coil-driver gate nets on the port +24 V (SMBJ33A clamp, VBR <= 40.6 V, inferred OK); no ESD protection (BSS138BK has it); RDSon at 2.5 V not specified; confirm pin numbering",2026-10-05,,LCSC product page C400505 read 2026-10-05T15:24Z (brand on page: YANGJIE; MPN on page: BSS138); price_1 is the first break at MOQ 50; JLCPCB page stock 64676,"LCSC 52,200 pcs, MOQ 50, 0.0148 USD @3000 vs 0.0329 incumbent"
P31,PV-PWR (PV-P75); PV-PWR-4 (PV-P100-110); PCS-PWR (PCS-P125),9 / 9 / 8,N-MOSFET 60 V 360 mA,Nexperia,BSS138BK,C282529,28080,0.0565 / 0.0443 / 0.0383 (first break MOQ 10),UMW (Youtai),BSS138,C347484,18440,0.0254,0.0254,0.016,Extended,SOT-23,"SOT-23: 1=G 2=S 3=D (pinning table p1), same as incumbent",VDS 50 V vs 60; VGS +-20 V; ID 300 mA vs 360; PD 300 mW vs 350; VGS(th) 0.7-1.5 V vs 0.48-1.6; RDSon <=2.5 ohm @10 V/300 mA vs <=1.6; <=3.5 ohm @2.5 V/100 mA vs <=6.5 ohm @2.5 V/10 mA; Ciss 50 pF max vs 56; ESD not stated vs 1.5 kV HBM; Tj 150 C [UMW BSS138 p1-p3],none stated,https://datasheet.lcsc.com/datasheet/pdf/7f8efbdcbd3f3661a4502c5259612924.pdf?productCode=C347484,docs/datasheets/power-semiconductors/UMW-BSS138.pdf,FUNCTIONAL,VDS 50 vs 60 V (same re-check as Yangjie); no ESD protection; ID 300 mA,2026-10-05,,LCSC product page C347484 read 2026-10-05T15:24Z (brand on page: UMW; MPN on page: BSS138); price_1 is the first break at MOQ 20; JLCPCB page stock 18458,"LCSC 18,440 pcs, MOQ 20, 0.0134 USD @3000"
P31,PV-PWR (PV-P75); PV-PWR-4 (PV-P100-110); PCS-PWR (PCS-P125),9 / 9 / 8,N-MOSFET 60 V 360 mA,Nexperia,BSS138BK,C282529,28080,0.0565 / 0.0443 / 0.0383 (first break MOQ 10),ElecSuper,BSS138BK,C5224267,51580,0.0198,0.0148,0.0121,Extended,SOT-23,not checked (no datasheet read),not compared (maker datasheet not read),not read,,,REJECT,,2026-10-05,,LCSC product page C5224267 read 2026-10-05T14:49Z (brand on page: ElecSuper; MPN on page: BSS138BK); price_1 is the first break at MOQ 10; JLCPCB page stock 51582,"Listing uses Nexperia's MPN under the ElecSuper brand (copied MPN; ElecSuper not in the reputed pool). This is the C-number in gen/data/prices.csv for BSS138BK: replace it by C282529. LCSC 51580 pcs, cheapest hit"
P32,PV-PWR (PV-P75); PV-PWR-4 (PV-P100-110); PCS-PWR (PCS-P125),39 / 51 / 44,"N-MOSFET 40 V 4.8 A (19 A pulse), <= 40 mOhm at VGS 4.5 V, AEC-Q101: Miller clamp / SC booster | N-MOSFET 40 V 4.8 A: coil economiser bypass (pull-in)",Nexperia,PMV30ENEAR,C553092,0,0.0964 / 0.0777 / 0.0613 (first break MOQ 5),Nexperia,PMV30ENEAR,C553092,0,0.0964,0.0777,0.0613,Extended,SOT-23,SOT-23: 1=G 2=S 3=D (Nexperia-PMV30ENEA.pdf Table 2 p2),"VDS 40 V; VGS +-20 V; ID 4.8 A; IDM 19 A (10 us); RDSon <=40 mohm @4.5 V/4.1 A, <=30 @10 V; VGS(th) 1.0-2.5 V; QG(tot) 7.8/11.7 nC @10 V; Ciss 440 pF; Tj 175 C; ESD 2 kV HBM [Nexperia-PMV30ENEA.pdf p1-p6]",AEC-Q101 (p1),docs/datasheets/power-semiconductors/Nexperia-PMV30ENEA.pdf,docs/datasheets/power-semiconductors/Nexperia-PMV30ENEA.pdf,INCUMBENT,,2026-10-05,,LCSC product page C553092 read 2026-10-05T14:49Z (brand on page: Nexperia; MPN on page: PMV30ENEAR); price_1 is the first break at MOQ 5,LCSC stock 0 (2026-10-05T14:49Z) - NOT ORDERABLE on LCSC today; no other LCSC listing found (mirror + web search)
P32,PV-PWR (PV-P75); PV-PWR-4 (PV-P100-110); PCS-PWR (PCS-P125),39 / 51 / 44,"N-MOSFET 40 V 4.8 A (19 A pulse), <= 40 mOhm at VGS 4.5 V, AEC-Q101: Miller clamp / SC booster | N-MOSFET 40 V 4.8 A: coil economiser bypass (pull-in)",Nexperia,PMV30ENEAR,C553092,0,0.0964 / 0.0777 / 0.0613 (first break MOQ 5),Vishay,SQ2318AES-T1_BE3,C3280170,7940,0.249,0.2158,0.1837,Extended,SOT-23,"SOT-23: 1=G 2=S 3=D (sq2318aes.pdf p1 top view), same as incumbent",VDS 40 V [p1] vs 40; VGS +-20 V [p1] vs +-20; RDSon <=36 mohm @4.5 V/7.3 A [p2] vs <=40 @4.5 V; <=31 mohm @10 V [p2] vs <=30; VGS(th) 1.5-2.5 V [p2] vs 1.0-2.5; Qg 8.7 typ/13 max nC @10 V [p2] vs 7.8/11.7; Ciss 442 typ/553 max pF [p2] vs 440 typ; IDM 32 A [p1] vs 19 A; ID 8 A (TC 25 C) [p1] vs 4.8 A (Tamb); Tj 175 C [p1] vs 175; RthJA 166 K/W [p1]; ESD rating not stated vs 2 kV HBM,AEC-Q101 qualified (p1),https://www.vishay.com/docs/62911/sq2318aes.pdf,docs/datasheets/power-semiconductors/Vishay-SQ2318AES.pdf,FUNCTIONAL,"Qg +12 % and Ciss max 553 pF: re-run gdrv design_check clamp-engage/release timing (AO q_on, ciss); VGS(th) min 1.5 V vs 1.0 V: re-run the clamp threshold check with vth (1.5, 2.0, 2.5); no ESD rating stated: ESD-safe handling",2026-10-05,YES,LCSC product page C3280170 read 2026-10-05T15:12Z (brand on page: VISHAY; MPN on page: SQ2318AES-T1_BE3); price_1 is the first break at MOQ 5; JLCPCB page stock 7943,"LCSC 7940 pcs, MOQ 5, JLC Extended (JLC stock 0). Only candidate found that meets <=40 mohm max at 4.5 V with 40 V; Western maker. ~3x incumbent price"
P32,PV-PWR (PV-P75); PV-PWR-4 (PV-P100-110); PCS-PWR (PCS-P125),39 / 51 / 44,"N-MOSFET 40 V 4.8 A (19 A pulse), <= 40 mOhm at VGS 4.5 V, AEC-Q101: Miller clamp / SC booster | N-MOSFET 40 V 4.8 A: coil economiser bypass (pull-in)",Nexperia,PMV30ENEAR,C553092,0,0.0964 / 0.0777 / 0.0613 (first break MOQ 5),MDD (Microdiode Semiconductor),MDD05N40A,C53069226,1160,0.0275,0.0275,0.0179,Extended,SOT-23-3,"SOT-23: 1=G 2=S 3=D (pinning table p1), same as incumbent",VDS 40 V vs 40; VGS +-20 V vs +-20; RDSon <=44 mohm @4.5 V/3 A [p2] vs <=40; <=34 mohm @10 V/4 A vs <=30; VGS(th) 1.0-2.2 V vs 1.0-2.5; Ciss 370 pF typ vs 440; Qg 11 nC typ @10 V vs 7.8; IDM 20 A vs 19; Tj 150 C vs 175,none stated,https://datasheet.lcsc.com/datasheet/pdf/bc06907e688fb33c3a2c95d827eea405.pdf?productCode=C53069226,docs/datasheets/power-semiconductors/MDD-MDD05N40A.pdf,FUNCTIONAL,RDSon max 44 mohm at 4.5 V exceeds the <=40 mohm requirement: re-check gdrv AO rds and pv_power discharge slew at the real gate drive (~6.8 V; 10 V max 34 mohm); Qg 11 vs 7.8 nC: re-run clamp timing; Tj 150 vs 175 C; no AEC-Q101,2026-10-05,,LCSC product page C53069226 read 2026-10-05T15:12Z (brand on page: MDD(Microdiode Semiconductor); MPN on page: MDD05N40A); price_1 is the first break at MOQ 20; JLCPCB page stock 1162,"LCSC 1160 pcs, MOQ 20, JLC Extended; LCSC-suggested alternate of C553092; cheapest Chinese option (0.0179 USD @600)"
P32,PV-PWR (PV-P75); PV-PWR-4 (PV-P100-110); PCS-PWR (PCS-P125),39 / 51 / 44,"N-MOSFET 40 V 4.8 A (19 A pulse), <= 40 mOhm at VGS 4.5 V, AEC-Q101: Miller clamp / SC booster | N-MOSFET 40 V 4.8 A: coil economiser bypass (pull-in)",Nexperia,PMV30ENEAR,C553092,0,0.0964 / 0.0777 / 0.0613 (first break MOQ 5),Yangjie,YJL05N06AL,C919586,12035,0.1087,0.0873,0.0686,Extended,SOT-23-3L,pin order NOT confirmed (datasheet shows a drawing only; not checked in time),VDS 60 V vs 40; VGS +-20 V; RDSon <=49 mohm @4.5 V/4 A [p2] vs <=40; <=44 @10 V vs <=30; VGS(th) 1.0-2.5 V same; Ciss 1018 pF vs 440; Qg 26.4 nC @10 V vs 7.8 (3.4x); IDM 25 A; Tj 150 C vs 175,none stated,https://datasheet.lcsc.com/datasheet/pdf/7c2825fe6b0ec4c90b5d2705c536f159.pdf?productCode=C919586,docs/datasheets/power-semiconductors/Yangjie-YJL05N06AL.pdf,FUNCTIONAL,confirm pin order; RDSon 49 mohm max at 4.5 V; gate charge 3.4x: clamp engage time with 6 gates must be re-simulated (likely fails the PCS 6-gate timing); Tj 150 C,2026-10-05,,LCSC product page C919586 read 2026-10-05T15:13Z (brand on page: YANGJIE; MPN on page: YJL05N06AL); price_1 is the first break at MOQ 5; JLCPCB page stock 13636,"LCSC 12035 pcs, MOQ 5. Yangjie site copy via images.chipyun.com refused (referer policy); LCSC copy used"
P32,PV-PWR (PV-P75); PV-PWR-4 (PV-P100-110); PCS-PWR (PCS-P125),39 / 51 / 44,"N-MOSFET 40 V 4.8 A (19 A pulse), <= 40 mOhm at VGS 4.5 V, AEC-Q101: Miller clamp / SC booster | N-MOSFET 40 V 4.8 A: coil economiser bypass (pull-in)",Nexperia,PMV30ENEAR,C553092,0,0.0964 / 0.0777 / 0.0613 (first break MOQ 5),Slkor,SL2318,C5122630,620,0.0744,0.0594,0.0519,Extended,SOT-23,"pin order NOT confirmed (drawing only, not checked in time)",VDS 40 V; VGS +-20 V; RDSon <=52 mohm @4.5 V/4 A [p1] vs <=40; <=38 @10 V vs <=30; VGS(th) 0.7-2.0 V vs 1.0-2.5; Qg 5.8 nC typ; IDM 22.6 A; Tj 150 C vs 175,none stated,https://datasheet.lcsc.com/datasheet/pdf/e5c96ae9f2fe6f4c416f973635df6517.pdf?productCode=C5122630,docs/datasheets/power-semiconductors/Slkor-SL2318.pdf,FUNCTIONAL,confirm pin order; RDSon 52 mohm max at 4.5 V; VGS(th) min 0.7 V lowers off-state noise margin of the clamp gate; Tj 150 C,2026-10-05,,LCSC product page C5122630 read 2026-10-05T15:13Z (brand on page: Slkor; MPN on page: SL2318); price_1 is the first break at MOQ 10,LCSC 620 pcs only (MOQ 10) - not enough for one production lot
P33,PV-PWR (PV-P75); PV-PWR-4 (PV-P100-110); PCS-PWR (PCS-P125),3 / 3 / 3,"N-MOSFET 600 V depletion mode, IDSS >= 7 mA (HV start-up cascode)",Infineon,BSS126H6327XTSA2,C534596,24060,0.1808 / 0.1436 / 0.1078 (first break MOQ 5),Infineon,BSS126H6327XTSA2,C534596,24060,0.1808,0.1436,0.1078,Extended,SOT-23-3,SOT-23: 1=G 2=S 3=D (BSS126.pdf p1),"600 V depletion; VGS +-20 V; VGS(th) -2.7..-1.6 V; IDSS >= 7 mA [BSS126.pdf p1-p2, per gen/aux_hv.py]",per BSS126.pdf (not re-read),docs/datasheets/power-semiconductors/BSS126.pdf,docs/datasheets/power-semiconductors/BSS126.pdf,INCUMBENT,,2026-10-05,YES,LCSC product page C534596 read 2026-10-05T14:49Z (brand on page: Infineon; MPN on page: BSS126H6327); price_1 is the first break at MOQ 5; JLCPCB page stock 24076,"LCSC 24060 pcs (2026-10-05T14:49Z), MOQ 5, listed as BSS126H6327 Infineon. Alternatives NOT evaluated (time box); LCSC alts: Infineon BSS127H6327XTSA2 C152611, ARK micro DMZ6012E C3031423 / DMZ6005E C3031422, TECH PUBLIC BSS126 C2987085 (copied MPN)"
P33,PV-PWR (PV-P75); PV-PWR-4 (PV-P100-110); PCS-PWR (PCS-P125),3 / 3 / 3,"N-MOSFET 600 V depletion mode, IDSS >= 7 mA (HV start-up cascode)",Infineon,BSS126H6327XTSA2,C534596,24060,0.1808 / 0.1436 / 0.1078 (first break MOQ 5),ARK Microelectronics (ARK micro),DMZ6012E,C3031423,6235,0.1597,0.1308,0.1054,Extended,SOT-23,"drawing only: Drain on the single-lead side (pin 3), Gate/Source on the other side; numbering not printed - NOT confirmed","depletion mode yes vs yes; BVDSX 600 V @VGS -5 V vs V(BR)DSS 600 V; IDSS >=50 mA @VGS 0/VDS 25 V vs >=7 mA (floor met); VGS(off) -3.3..-1.5 V @3 V/8 uA vs VGS(th) -2.7..-1.6 V; RDSon <=150 ohm @50 mA vs <=700 ohm @3 mA; ID 40 mA vs 21; IDM 160 mA vs 85; PD 0.5 W; VGS +-20 V vs +-20; ID(off) <=1 uA @600 V; Coss 13 pF; Qg 8 nC; G-S ESD diodes ('ESD improved', level not stated); Tj 150 C [ARK DMZ6012E p1-p2]",none stated,https://datasheet.lcsc.com/datasheet/pdf/fc14a83e538552bce87160cc33f1dc5a.pdf?productCode=C3031423,docs/datasheets/power-semiconductors/ARK-DMZ6012E.pdf,FUNCTIONAL,confirm pin numbering with ARK; VGS(off) to -3.3 V vs -2.7 V and IDSS 7x higher: re-check the start-up current range and the voltage sharing of the 3-FET cascode on the compensated 3 x 10 M tap string (Qg 8 nC / Coss 13 pF load the string); no AEC-Q101,2026-10-05,,LCSC product page C3031423 read 2026-10-05T15:24Z (brand on page: ARK micro; MPN on page: DMZ6012E); price_1 is the first break at MOQ 5,"LCSC 6,235 pcs, MOQ 5, 0.0891 USD @3000 vs 0.099 incumbent. Only Chinese 600 V depletion SOT-23 found that meets the 7 mA floor. TECH PUBLIC BSS126 C2987085 / TPM126S3 C2987086 (copied MPN, not in pool) not evaluated"
P33,PV-PWR (PV-P75); PV-PWR-4 (PV-P100-110); PCS-PWR (PCS-P125),3 / 3 / 3,"N-MOSFET 600 V depletion mode, IDSS >= 7 mA (HV start-up cascode)",Infineon,BSS126H6327XTSA2,C534596,24060,0.1808 / 0.1436 / 0.1078 (first break MOQ 5),ARK Microelectronics (ARK micro),DMZ6005E,C3031422,520,0.1412,0.1176,0.0969,Extended,SOT-23,drawing only (as DMZ6012E) - NOT confirmed,depletion; 600 V; IDSS 5-25 mA @VGS 0/VDS 25 V vs >=7 mA; RDSon <=700 ohm @3 mA vs <=700; VGS(off) -3.3..-1.5 V vs -2.7..-1.6; ID 20 mA vs 21 [ARK DMZ6005E p1-p2],none stated,https://datasheet.lcsc.com/datasheet/pdf/b61a4cf5f58032a5e8266f274ce68b8c.pdf?productCode=C3031422,not filed in docs/ (staged copy only: REJECT evidence),REJECT,,2026-10-05,,LCSC product page C3031422 read 2026-10-05T15:24Z (brand on page: ARK micro; MPN on page: DMZ6005E); price_1 is the first break at MOQ 5; JLCPCB page stock 524,IDSS min 5 mA is below the 7 mA floor; LCSC 520 pcs only
P33,PV-PWR (PV-P75); PV-PWR-4 (PV-P100-110); PCS-PWR (PCS-P125),3 / 3 / 3,"N-MOSFET 600 V depletion mode, IDSS >= 7 mA (HV start-up cascode)",Infineon,BSS126H6327XTSA2,C534596,24060,0.1808 / 0.1436 / 0.1078 (first break MOQ 5),Infineon,BSS127H6327XTSA2,C152611,1185,0.1209,0.0994,0.0805,Extended,SOT-23,not needed (rejected on type),"ENHANCEMENT mode: VGS(th) +1.4..+2.6 V, ID(off) <=0.1 uA at VGS 0 V / 600 V vs depletion IDSS >=7 mA; ESD class 0 (<250 V HBM) [BSS127 p1-p2]",AEC-Q101 (p1),https://datasheet.lcsc.com/datasheet/pdf/a7751326058f4a329ddc41cfc847d0cf.pdf?productCode=C152611,not filed in docs/ (staged copy only: REJECT evidence),REJECT,,2026-10-05,,LCSC product page C152611 read 2026-10-05T15:24Z (brand on page: Infineon; MPN on page: BSS127H6327XTSA2); price_1 is the first break at MOQ 5,"Listed by LCSC as an alternate of BSS126 but it is normally-off: cannot work as the start-up cascode. LCSC 1,185 pcs"
P34,PV-PWR (PV-P75); PV-PWR-4 (PV-P100-110); PCS-PWR (PCS-P125),3 / 3 / 4,P-MOSFET -250 V 3.0 ohm: hold-closed high-side switch,Vishay,IRFR9214TRPbF,NOT ON LCSC,,,Vishay,IRFR9214TRPbF,NOT ON LCSC,,,,,,DPAK (TO-252),"DPAK: 1=G 2=D 3=S, tab=D (IRFR9214.pdf p1)",VDS -250 V; VGS +-20 V; RDSon <=3.0 ohm @-10 V; VGS(th) -2.0..-4.0 V; Qg <=14 nC; Ciss 220 pF typ [IRFR9214.pdf p1-p2],per IRFR9214.pdf,docs/datasheets/power-semiconductors/IRFR9214.pdf,docs/datasheets/power-semiconductors/IRFR9214.pdf,INCUMBENT,,2026-10-05,,,"No Vishay listing on LCSC (mirror + web search 2026-10-05); only VBsemi relabels. Duty: port coil hold high side, V_ds_max 107.1 V (sim/out/port_design/port_spec.json), VGS ~-12 V"
P34,PV-PWR (PV-P75); PV-PWR-4 (PV-P100-110); PCS-PWR (PCS-P125),3 / 3 / 4,P-MOSFET -250 V 3.0 ohm: hold-closed high-side switch,Vishay,IRFR9214TRPbF,NOT ON LCSC,,,UTC (Unisonic Technologies),2P50G-TN3-R,C484516,65,0.2522,0.1994,0.1485,Extended,TO-252,"TO-252: 1=G 2=D 3=S (UTC pin assignment table p1: G D S), same as incumbent",VDSS -500 V [p1] vs -250; VGSS +-30 V vs +-20; RDSon <=8.5 ohm @-10 V/-1 A [p2] vs <=3.0 ohm; VGS(th) -2.0..-4.0 V [p2] vs -2.0..-4.0; Qg 11.5 nC typ vs <=14; Ciss 343 pF typ vs 220; PD 41 W (TC 25 C); Tj 150 C,none stated,https://datasheet.lcsc.com/datasheet/pdf/b571d4cac4e6910d563f6cbff4f05abb.pdf?productCode=C484516,docs/datasheets/power-semiconductors/UTC-2P50G.pdf,FUNCTIONAL,"RDSon 8.5 ohm vs 3.0 ohm: re-run sim/port_design.py hold-current check (HS_RDS 3.0 -> 8.5, x1.8 hot) and the coil pull-in/hold margins",2026-10-05,YES,LCSC product page C484516 read 2026-10-05T15:14Z (brand on page: UTC; MPN on page: 2P50G-TN3-R); price_1 is the first break at MOQ 5; JLCPCB page stock 68,"Only in-stock P-channel >=250 V TO-252 from an established maker found; LCSC 65 pcs only (MOQ 5) - thin stock, enough for ~16 modules. Mirror also lists AGM500P20D C17701063 (-200 V, maker not in pool, not evaluated)"
P34,PV-PWR (PV-P75); PV-PWR-4 (PV-P100-110); PCS-PWR (PCS-P125),3 / 3 / 4,P-MOSFET -250 V 3.0 ohm: hold-closed high-side switch,Vishay,IRFR9214TRPbF,NOT ON LCSC,,,VBsemi,IRFR9214TRPBF-VB,C20755365,86,1.0915,0.6812,0.605,Extended,TO-252,not checked,"LCSC parameters: VDS 200 V (not 250), RDSon 2 ohm @10 V, ID 3.6 A, Qg 29 nC - a different device under the Vishay MPN",not read,,,REJECT,,2026-10-05,,LCSC product page C20755365 read 2026-10-05T15:14Z (brand on page: VBsemi Elec; MPN on page: IRFR9214TRPBF-VB),Relabelled/copied MPN (VBsemi '-VB' cross part); rating differs from IRFR9214; maker datasheet not read; LCSC 86 pcs
P34,PV-PWR (PV-P75); PV-PWR-4 (PV-P100-110); PCS-PWR (PCS-P125),3 / 3 / 4,P-MOSFET -250 V 3.0 ohm: hold-closed high-side switch,Vishay,IRFR9214TRPbF,NOT ON LCSC,,,Tokmas,FQD7P20TM,C5250729,95,0.4822,0.2959,0.2207,Extended,TO-252,not checked,"LCSC listing brand is Tokmas, not onsemi; onsemi FQD7P20 datasheet (read): -200 V, +-30 V, RDSon <=0.69 ohm @-10 V, VGS(th) -3..-5 V, Qg 19 nC",onsemi part: none stated,https://www.onsemi.com/download/data-sheet/pdf/fqd7p20-d.pdf,not filed in docs/ (staged copy only: REJECT evidence),REJECT,,2026-10-05,,LCSC product page C5250729 read 2026-10-05T15:14Z (brand on page: Tokmas; MPN on page: FQD7P20TM),Tokmas = trading brand with no traceable maker (SPEC list). A genuine onsemi FQD7P20TM listing on LCSC was not found; the onsemi part itself would be FUNCTIONAL (-200 V vs 107 V need)
P35,PV-PWR (PV-P75); PV-PWR-4 (PV-P100-110); PCS-PWR (PCS-P125),36 / 48 / 12,NPN 40 V 200 mA (clamp release / SC trigger),Nexperia,"MMBT3904,215",C426835,126220,0.0281 / 0.0281 / 0.0185 (first break MOQ 20),Nexperia,"MMBT3904,215",C426835,126220,0.0281,0.0281,0.0185,Extended,SOT-23,SOT-23: 1=B 2=E 3=C (Nexperia-MMBT3904.pdf p1-2),VCEO 40 V; VEBO 6 V; IC 200 mA; Ptot 250 mW; hFE 100-300 @1 V/10 mA; VCEsat <=200 mV @10 mA/1 mA; fT >=300 MHz; ts <=200 ns; tf <=50 ns [Nexperia-MMBT3904.pdf p1-p4],per datasheet,docs/datasheets/power-semiconductors/Nexperia-MMBT3904.pdf,docs/datasheets/power-semiconductors/Nexperia-MMBT3904.pdf,INCUMBENT,,2026-10-05,YES,"LCSC product page C426835 read 2026-10-05T14:49Z (brand on page: Nexperia; MPN on page: MMBT3904,215); price_1 is the first break at MOQ 20; JLCPCB page stock 127065","LCSC 126220 pcs (2026-10-05T14:49Z), MOQ 20, JLC Extended"
P35,PV-PWR (PV-P75); PV-PWR-4 (PV-P100-110); PCS-PWR (PCS-P125),36 / 48 / 12,NPN 40 V 200 mA (clamp release / SC trigger),Nexperia,"MMBT3904,215",C426835,126220,0.0281 / 0.0281 / 0.0185 (first break MOQ 20),JSCJ (Jiangsu Changjiang),MMBT3904 (RANGE:100-300),C20526,0,0.0121,0.0121,0.0096,Basic,SOT-23,"SOT-23: 1=B 2=E 3=C (pin list p1), same as incumbent",VCEO 40 V vs 40; VEBO 6 V vs 6; IC 200 mA vs 200; PC 200 mW vs 250; hFE 100-300 @1 V/10 mA vs 100-300; VCE(sat) <=0.3 V @50 mA/5 mA (no 10 mA point) vs <=200 mV @10 mA; fT >=300 MHz vs >=300; ts <=200 ns vs 200; tf <=50 ns vs 50 [JSCJ p1-p2],none stated,https://datasheet.lcsc.com/datasheet/pdf/9335632bcfa83df8351353eab379720e.pdf?productCode=C20526,docs/datasheets/power-semiconductors/JSCJ-MMBT3904.pdf,FUNCTIONAL,"PC 200 vs 250 mW: re-check dissipation (negligible at the clamp/latch duties, inferred); VCE(sat) not specified at 10 mA",2026-10-05,,LCSC product page C20526 read 2026-10-05T15:17Z (brand on page: JSCJ; MPN on page: MMBT3904(RANGE:100-300)); price_1 is the first break at MOQ 50; JLCPCB page stock 259181,"LCSC stock 0 (MOQ 50) but JLCPCB Basic part with 259181 pcs on the JLC page: orderable through JLCPCB assembly, not LCSC today. jscj-elec.com copy (AD-MMBT3904.pdf) downloaded truncated twice; LCSC copy used"
P35,PV-PWR (PV-P75); PV-PWR-4 (PV-P100-110); PCS-PWR (PCS-P125),36 / 48 / 12,NPN 40 V 200 mA (clamp release / SC trigger),Nexperia,"MMBT3904,215",C426835,126220,0.0281 / 0.0281 / 0.0185 (first break MOQ 20),MDD (Microdiode Semiconductor),MMBT3904-1AM (RANGE:100-300),C364310,115500,0.0096,0.0096,0.0075,Preferred Extended (mirror flag; JLCPCB page: Extended),SOT-23,"SOT-23: 1=B 2=E 3=C (pin list p1), same as incumbent",VCEO 40 V vs 40; VEBO 6 V vs 6; IC 200 mA vs 200; PC 200 mW vs 250; hFE 100-300 @1 V/10 mA vs 100-300; VCE(sat) <=0.3 V @50/5 mA (10 mA point not given) vs <=200 mV @10/1 mA; fT >=300 MHz vs 300; td <=35 ns; ts <=200 ns vs 200 [MDD MMBT3904 p1-p2],none stated,https://datasheet.lcsc.com/datasheet/pdf/abc867292e6f21f37146936650fa9482.pdf?productCode=C364310,docs/datasheets/power-semiconductors/MDD-MMBT3904.pdf,FUNCTIONAL,"PC 200 vs 250 mW (negligible at the clamp-release / SC-trigger / port-latch duties, inferred); VCE(sat) at 10 mA not specified",2026-10-05,,LCSC product page C364310 read 2026-10-05T15:25Z (brand on page: MDD(Microdiode Semiconductor); MPN on page: MMBT3904-1AM(RANGE:100-300)); price_1 is the first break at MOQ 50; JLCPCB page stock 115522,"best non-JSCJ Chinese option: explicit pin list, LCSC 115,500 pcs, MOQ 50, 0.0061 USD @3000 vs 0.016 incumbent"
P35,PV-PWR (PV-P75); PV-PWR-4 (PV-P100-110); PCS-PWR (PCS-P125),36 / 48 / 12,NPN 40 V 200 mA (clamp release / SC trigger),Nexperia,"MMBT3904,215",C426835,126220,0.0281 / 0.0281 / 0.0185 (first break MOQ 20),Yangjie,MMBT3904,C280057,63750,0.0176,0.0176,0.0139,Extended,SOT-23(TO-236),pin numbering not printed in the text layer - NOT confirmed,VCEO 40 V; VEBO 6 V; IC 200 mA; PD 350 mW vs 250; hFE 100-300 @1 V/10 mA; VCE(sat) <=0.3 V @50/5 mA; fT >=300 MHz; ts <=200 ns; tf <=50 ns [Yangjie MMBT3904 p1-p2],none stated,https://datasheet.lcsc.com/datasheet/pdf/9d0d3bed9841a7c5bcb87da7306d4d5d.pdf?productCode=C280057,docs/datasheets/power-semiconductors/Yangjie-MMBT3904.pdf,FUNCTIONAL,confirm pin numbering,2026-10-05,,LCSC product page C280057 read 2026-10-05T15:24Z (brand on page: YANGJIE; MPN on page: MMBT3904); price_1 is the first break at MOQ 50; JLCPCB page stock 63793,"LCSC 63,750 pcs, MOQ 50, 0.0112 USD @3000"
P35,PV-PWR (PV-P75); PV-PWR-4 (PV-P100-110); PCS-PWR (PCS-P125),36 / 48 / 12,NPN 40 V 200 mA (clamp release / SC trigger),Nexperia,"MMBT3904,215",C426835,126220,0.0281 / 0.0281 / 0.0185 (first break MOQ 20),Guangdong Hottech,MMBT3904,C181119,597050,0.0129,0.0129,0.0104,Extended,SOT-23,pin numbering not printed in the text layer - NOT confirmed,VCEO 40 V; VEBO 6 V; IC 200 mA; PC 200 mW vs 250; hFE 100-300 @1 V/10 mA; VCE(sat) <=0.3 V @50/5 mA; fT >=300 MHz; ts <=200 ns; tf <=50 ns [Hottech MMBT3904 p1-p2],none stated,https://datasheet.lcsc.com/datasheet/pdf/5a623b8138d0607d41582a3be66328ab.pdf?productCode=C181119,docs/datasheets/power-semiconductors/Hottech-MMBT3904.pdf,FUNCTIONAL,confirm pin numbering; PC 200 mW,2026-10-05,,LCSC product page C181119 read 2026-10-05T15:25Z (brand on page: Guangdong Hottech; MPN on page: MMBT3904); price_1 is the first break at MOQ 50; JLCPCB page stock 597294,"LCSC 597,050 pcs (largest stock), MOQ 50, 0.0081 USD @3000"
P36,PV-PWR (PV-P75); PV-PWR-4 (PV-P100-110); PCS-PWR (PCS-P125),24 / 32 / 6,PNP 40 V 200 mA (clamp inverter / SC booster),Nexperia,"MMBT3906,215",C75549,108820,0.0363 / 0.0283 / 0.0243 (first break MOQ 10),Nexperia,"MMBT3906,215",C75549,108820,0.0363,0.0283,0.0243,Extended,SOT-23,SOT-23: 1=B 2=E 3=C (Nexperia-MMBT3906.pdf p1-2),VCEO -40 V; VEBO -6 V; IC -200 mA; Ptot 250 mW; hFE 100-300 @-1 V/-10 mA; VCEsat <=-250 mV @-10 mA/-1 mA; fT >=250 MHz; ts <=225 ns [Nexperia-MMBT3906.pdf p1-p4],per datasheet,docs/datasheets/power-semiconductors/Nexperia-MMBT3906.pdf,docs/datasheets/power-semiconductors/Nexperia-MMBT3906.pdf,INCUMBENT,,2026-10-05,YES,"LCSC product page C75549 read 2026-10-05T14:49Z (brand on page: Nexperia; MPN on page: MMBT3906,215); price_1 is the first break at MOQ 10; JLCPCB page stock 108826","LCSC 108820 pcs (2026-10-05T14:49Z), MOQ 10, JLC Extended"
P36,PV-PWR (PV-P75); PV-PWR-4 (PV-P100-110); PCS-PWR (PCS-P125),24 / 32 / 6,PNP 40 V 200 mA (clamp inverter / SC booster),Nexperia,"MMBT3906,215",C75549,108820,0.0363 / 0.0283 / 0.0243 (first break MOQ 10),JSCJ (Jiangsu Changjiang),MMBT3906 2A (RANGE:100-300),C2143,250400,0.0116,0.0116,0.0092,Extended,SOT-23,"SOT-23: 1=B 2=E 3=C (pin list p1), same as incumbent",VCEO -40 V vs -40; VEBO -5 V vs -6; IC -200 mA vs -200; PC 200 mW vs 250; hFE 100-300 @-1 V/-10 mA vs 100-300; VCE(sat) <=-0.3 V @-50 mA/-5 mA vs <=-250 mV @-10 mA; fT >=300 MHz vs >=250; ts <=225 ns vs 225; tf <=75 ns [JSCJ p1-p2],none stated,https://datasheet.lcsc.com/datasheet/pdf/550597da53734df4a72fadeaed7e7aa7.pdf?productCode=C2143,docs/datasheets/power-semiconductors/JSCJ-MMBT3906.pdf,FUNCTIONAL,"VEBO 5 V vs 6 V: re-check the reverse V_EB of the clamp-inverter / SC-booster / port latch bases (inverter base swing COM-VEE 3.5-4 V < 5 V, inferred); PC 200 vs 250 mW",2026-10-05,,LCSC product page C2143 read 2026-10-05T15:18Z (brand on page: JSCJ; MPN on page: MMBT3906 2A(RANGE:100-300)); price_1 is the first break at MOQ 50; JLCPCB page stock 255011,"LCSC 250400 pcs, MOQ 50, JLC Extended"
P36,PV-PWR (PV-P75); PV-PWR-4 (PV-P100-110); PCS-PWR (PCS-P125),24 / 32 / 6,PNP 40 V 200 mA (clamp inverter / SC booster),Nexperia,"MMBT3906,215",C75549,108820,0.0363 / 0.0283 / 0.0243 (first break MOQ 10),MDD (Microdiode Semiconductor),MMBT3906,C364311,111100,0.0104,0.0104,0.0083,Extended,SOT-23,"SOT-23: 1=B 2=E 3=C (pin list p1), same as incumbent",VCEO -40 V vs -40; VEBO -5 V vs -6; IC -200 mA vs -200; PC 200 mW vs 250; hFE 100-300 @-1 V/-10 mA vs 100-300; VCE(sat) <=-0.3 V @-50/-5 mA vs <=-250 mV @-10 mA; fT >=300 MHz vs >=250; ts <=225 ns vs 225 [MDD MMBT3906 p1-p2],none stated,https://datasheet.lcsc.com/datasheet/pdf/3532a18a778eb510c05dde5264421cbd.pdf?productCode=C364311,docs/datasheets/power-semiconductors/MDD-MMBT3906.pdf,FUNCTIONAL,"VEBO 5 V vs 6 V: re-check the reverse V_EB at the clamp-inverter / SC-booster / port-latch bases (COM-VEE 3.5-4 V < 5 V, inferred OK); PC 200 vs 250 mW",2026-10-05,,LCSC product page C364311 read 2026-10-05T15:25Z (brand on page: MDD(Microdiode Semiconductor); MPN on page: MMBT3906); price_1 is the first break at MOQ 50; JLCPCB page stock 111135,"best non-JSCJ Chinese option: explicit pin list, LCSC 111,100 pcs, MOQ 50, 0.0065 USD @3000 vs 0.0213 incumbent"
P36,PV-PWR (PV-P75); PV-PWR-4 (PV-P100-110); PCS-PWR (PCS-P125),24 / 32 / 6,PNP 40 V 200 mA (clamp inverter / SC booster),Nexperia,"MMBT3906,215",C75549,108820,0.0363 / 0.0283 / 0.0243 (first break MOQ 10),Yangjie,MMBT3906,C388532,32100,0.0204,0.0204,0.0162,Extended,SOT-23,pin numbering not printed in the text layer - NOT confirmed,"VCEO -40 V; VEBO -5 V vs -6; IC -200 mA; PD 300 mW vs 250; hFE >=60 @-50 mA, >=30 @-100 mA (10 mA point not read); VCE(sat) <=-0.25 V @-10/-1 mA vs <=-250 mV; <=-0.4 V @-50 mA; fT >=250 MHz vs 250 [Yangjie MMBT3906 p1-p2]",none stated,https://datasheet.lcsc.com/datasheet/pdf/8131c6fe6a220d3fdaf225a0ca044152.pdf?productCode=C388532,docs/datasheets/power-semiconductors/Yangjie-MMBT3906.pdf,FUNCTIONAL,confirm pin numbering; VEBO 5 V (as MDD),2026-10-05,,LCSC product page C388532 read 2026-10-05T15:25Z (brand on page: YANGJIE; MPN on page: MMBT3906); price_1 is the first break at MOQ 50; JLCPCB page stock 35461,"LCSC 32,100 pcs, MOQ 50, 0.0128 USD @3000"
P36,PV-PWR (PV-P75); PV-PWR-4 (PV-P100-110); PCS-PWR (PCS-P125),24 / 32 / 6,PNP 40 V 200 mA (clamp inverter / SC booster),Nexperia,"MMBT3906,215",C75549,108820,0.0363 / 0.0283 / 0.0243 (first break MOQ 10),Guangdong Hottech,MMBT3906,C181120,13700,0.0112,0.0112,0.0088,Extended,SOT-23,pin numbering not printed in the text layer - NOT confirmed,VCEO -40 V; VEBO -5 V vs -6; IC -200 mA; PC 200 mW vs 250; hFE 100-300 @-1 V/-10 mA; VCE(sat) <=-0.3 V @-50/-5 mA; fT >=300 MHz; ts <=225 ns; tf <=75 ns [Hottech MMBT3906 p1-p2],none stated,https://datasheet.lcsc.com/datasheet/pdf/b6d3489583fa071839c40a9976cea804.pdf?productCode=C181120,docs/datasheets/power-semiconductors/Hottech-MMBT3906.pdf,FUNCTIONAL,confirm pin numbering; VEBO 5 V; PC 200 mW,2026-10-05,,LCSC product page C181120 read 2026-10-05T15:25Z (brand on page: Guangdong Hottech; MPN on page: MMBT3906); price_1 is the first break at MOQ 50; JLCPCB page stock 13720,"LCSC 13,700 pcs, MOQ 50, 0.0069 USD @3000"
P37,PV-PWR (PV-P75); PV-PWR-4 (PV-P100-110); PCS-PWR (PCS-P125),1 / 1 / 1,NPN 45 V 500 mA (VDD emitter follower),Nexperia,"BC817-25,215",C39828,41660,0.0245 / 0.0245 / 0.0158 (first break MOQ 20),Nexperia,"BC817-25,215",C39828,41660,0.0245,0.0245,0.0158,Extended,SOT-23,SOT-23: 1=B 2=E 3=C (BC817.pdf Table 3 p2),VCEO 45 V; VEBO 5 V; IC 500 mA; hFE 160-400 @1 V/100 mA (-25) [BC817.pdf p3-p5],per datasheet,docs/datasheets/power-semiconductors/BC817.pdf,docs/datasheets/power-semiconductors/BC817.pdf,INCUMBENT,,2026-10-05,YES,"LCSC product page C39828 read 2026-10-05T14:49Z (brand on page: Nexperia; MPN on page: BC817-25,215); price_1 is the first break at MOQ 20; JLCPCB page stock 41675","LCSC 41660 pcs (2026-10-05T14:49Z), MOQ 20, JLC Extended"
P37,PV-PWR (PV-P75); PV-PWR-4 (PV-P100-110); PCS-PWR (PCS-P125),1 / 1 / 1,NPN 45 V 500 mA (VDD emitter follower),Nexperia,"BC817-25,215",C39828,41660,0.0245 / 0.0245 / 0.0158 (first break MOQ 20),Diodes Incorporated,BC817-25Q-7-F,C559579,3058,0.7454,0.5549,0.5123,Extended,SOT-23,Diodes SOT23 top-view drawing (pin numbers not printed; 1=B 2=E 3=C inferred from the standard orientation),"VCEO 45 V vs 45; VEBO 5 V vs 5; IC 0.5 A, ICM 1 A; hFE 160-400 @1 V/100 mA (BC817-25) [ds11107 p4] vs 160-400; hFE >=100 @300 mA; VCE(sat) <=0.7 V @500 mA/50 mA; fT >=100 MHz",Q suffix = AEC-Q101 automotive grade (ds11107 ordering info),https://www.diodes.com/assets/Datasheets/ds11107.pdf,docs/datasheets/power-semiconductors/Diodes-BC817-25.pdf,FUNCTIONAL,confirm pin numbering against the Diodes SOT23 package file before use,2026-10-05,,LCSC product page C559579 read 2026-10-05T15:18Z (brand on page: DIODES; MPN on page: BC817-25Q-7-F); JLCPCB page stock 3090,"LCSC 3058 pcs, but 0.51 USD @1000 (~30x incumbent): only a qualification fallback"
P37,PV-PWR (PV-P75); PV-PWR-4 (PV-P100-110); PCS-PWR (PCS-P125),1 / 1 / 1,NPN 45 V 500 mA (VDD emitter follower),Nexperia,"BC817-25,215",C39828,41660,0.0245 / 0.0245 / 0.0158 (first break MOQ 20),JSCJ (Jiangsu Changjiang),BC817 6B (RANGE:160-400),C8588,9350,0.02,0.02,0.0158,Extended,SOT-23,"SOT-23: 1=B 2=E 3=C (pin list p1), same as incumbent","VCEO 45 V vs 45; VCBO 50 V; VEBO 5 V vs 5; IC 0.5 A vs 0.5; ICM not stated vs 1 A; PC 0.3 W vs 0.25; hFE 6B rank 160-400 @1 V/100 mA vs 160-400 (family 100-600; rank table text partly garbled, 160/400 readable; LCSC title 160-400); hFE >=40 @500 mA; VCE(sat) <=0.7 V @500/50 mA; VBE(sat) <=1.2 V; fT >=100 MHz; Cob 10 pF [JSCJ BC817 p1-p2]",none stated,https://datasheet.lcsc.com/datasheet/pdf/25c65ebd0415410ba7464004756e95bb.pdf?productCode=C8588,docs/datasheets/power-semiconductors/JSCJ-BC817-6B.pdf,FUNCTIONAL,confirm the 6B = 160-400 rank in the classification table; ICM not stated (start-up surge into the VDD caps),2026-10-05,,LCSC product page C8588 read 2026-10-05T15:25Z (brand on page: JSCJ; MPN on page: BC817 6B(RANGE:160-400)); price_1 is the first break at MOQ 50; JLCPCB page stock 9373,"LCSC 9,350 pcs, MOQ 50, 0.0134 USD @3000"
P37,PV-PWR (PV-P75); PV-PWR-4 (PV-P100-110); PCS-PWR (PCS-P125),1 / 1 / 1,NPN 45 V 500 mA (VDD emitter follower),Nexperia,"BC817-25,215",C39828,41660,0.0245 / 0.0245 / 0.0158 (first break MOQ 20),PANJIT,BC817-25-AU_R1_000A1,C6751384,2180,0.0555,0.0439,0.0382,Extended,SOT-23,pin numbering not printed in the text layer (drawing not checked) - NOT confirmed,VCEO 45 V vs 45; VCBO 50 V; VEBO 5 V vs 5; IC 500 mA vs 500; ICP 1 A vs ICM 1 A; PTOT 330 mW vs 250; hFE 160-400 @1 V/100 mA vs 160-400; VCE(sat) <=0.7 V @500/50 mA; VBE(on) <=1.2 V; fT >=100 MHz; Cob 7 pF [PANJIT BC817 series p1-p2],AEC-Q101 qualified (p1),https://datasheet.lcsc.com/datasheet/pdf/c4e96c4627e848bc12ba8e9e8cb61dd1.pdf?productCode=C6751384,docs/datasheets/power-semiconductors/PANJIT-BC817-25-AU.pdf,FUNCTIONAL,confirm pin numbering from the PANJIT package drawing; otherwise equal or better on every parameter,2026-10-05,,LCSC product page C6751384 read 2026-10-05T15:24Z (brand on page: PANJIT; MPN on page: BC817-25-AU_R1_000A1); price_1 is the first break at MOQ 10; JLCPCB page stock 2186,"LCSC 2,180 pcs, MOQ 10, 0.0339 USD @3000. Best on paper (AEC-Q101, ICP 1 A, 330 mW)"
P37,PV-PWR (PV-P75); PV-PWR-4 (PV-P100-110); PCS-PWR (PCS-P125),1 / 1 / 1,NPN 45 V 500 mA (VDD emitter follower),Nexperia,"BC817-25,215",C39828,41660,0.0245 / 0.0245 / 0.0158 (first break MOQ 20),Yangjie,BC817-25Q,C699216,2320,0.0364,0.0364,0.0265,Extended,SOT-23,"drawing: C top, B bottom-left, E bottom-right = 1=B 2=E 3=C (numbering inferred from the standard orientation)",VCEO 45 V vs 45; VCBO 50 V; VEBO 5 V vs 5; IC 500 mA vs 500; ICM not stated vs 1 A; PD 300 mW vs 250; hFE 160-400 @1 V/100 mA vs 160-400; hFE >=40 @500 mA; VCE(sat) <=0.7 V; VBE(sat) <=1.2 V; fT >=100 MHz [Yangjie BC817-16Q..40Q p1-p2],"AEC-Q101 ('Q' suffix, p1)",https://datasheet.lcsc.com/datasheet/pdf/90b4ca17da9ae9bbc35f9e4c1e2a2fda.pdf?productCode=C699216,docs/datasheets/power-semiconductors/Yangjie-BC817-25Q.pdf,FUNCTIONAL,confirm pin numbering; ICM not stated,2026-10-05,,LCSC product page C699216 read 2026-10-05T15:24Z (brand on page: YANGJIE; MPN on page: BC817-25Q); price_1 is the first break at MOQ 20; JLCPCB page stock 2322,"LCSC 2,320 pcs, MOQ 20, 0.0204 USD @3000 (1 per module, so stock covers 2,320 modules)"
P37,PV-PWR (PV-P75); PV-PWR-4 (PV-P100-110); PCS-PWR (PCS-P125),1 / 1 / 1,NPN 45 V 500 mA (VDD emitter follower),Nexperia,"BC817-25,215",C39828,41660,0.0245 / 0.0245 / 0.0158 (first break MOQ 20),LRC (Leshan Radio),LBC817-25LT1G,C12766,29140,0.0321,0.0321,0.0207,Extended,SOT-23,"SOT-23: 1=B 2=E 3=C (pin drawing with numbers p1), same as incumbent",VCEO 45 V vs 45; VCBO 50 V; VEBO 5 V vs 5; IC 500 mA vs 500; PD 225 mW (FR-5) vs 250; hFE 160-400 @1 V/100 mA vs 160-400; hFE >=40 @500 mA [LRC LBC817 p1-p2],none stated,https://datasheet.lcsc.com/datasheet/pdf/75cba0e474161d033864b1a562c874d6.pdf?productCode=C12766,docs/datasheets/power-semiconductors/LRC-LBC817-25LT1G.pdf,FUNCTIONAL,PD 225 vs 250 mW: re-check the dissipation of the VDD emitter follower (aux -> BC817 -> VDD),2026-10-05,,LCSC product page C12766 read 2026-10-05T15:24Z (brand on page: LRC; MPN on page: LBC817-25LT1G); price_1 is the first break at MOQ 20; JLCPCB page stock 29156,"LCSC 29,140 pcs, MOQ 20, 0.0177 USD @3000"
P37,PV-PWR (PV-P75); PV-PWR-4 (PV-P100-110); PCS-PWR (PCS-P125),1 / 1 / 1,NPN 45 V 500 mA (VDD emitter follower),Nexperia,"BC817-25,215",C39828,41660,0.0245 / 0.0245 / 0.0158 (first break MOQ 20),R+O,BC817-25,C20069154,15850,0.0217,0.0217,0.0176,Extended,SOT-23,not checked,not compared,not read,,,REJECT,,2026-10-05,,LCSC product page C20069154 read 2026-10-05T15:18Z (brand on page: R+O; MPN on page: BC817-25); price_1 is the first break at MOQ 50; JLCPCB page stock 15885,R+O is not a traceable maker in the reputed pool; mirror 'preferred' listing; LCSC 15850 pcs
P38,PV-PWR (PV-P75); PV-PWR-4 (PV-P100-110); PCS-PWR (PCS-P125),12 / 16 / 6,"PNP 40 V 4 A low VCEsat, AEC-Q101: pass transistor of the per-channel bias regulator",Nexperia,"PBSS5540X,135",C455078,1,0.5748 / 0.3794 / 0.3416 (first break MOQ 1),Nexperia,"PBSS5540X,135",C455078,1,0.5748,0.3794,0.3416,Extended,SOT-89,SOT-89: 1=E 2=C(tab) 3=B (Nexperia-PBSS5540X.pdf p2),"VCEO -40 V; VEBO -6 V; IC -4 A; ICM -10 A; hFE >=250 @0.5 A, >=200 @1 A, >=150 @2 A, >=50 @5 A; VCEsat <=-120 mV @0.5 A/5 mA, <=-170 mV @1 A/10 mA, <=-340 mV @4 A/200 mA; RCEsat <=75 mohm; Ptot 2.5 W; Tj 150 C [Nexperia-PBSS5540X.pdf p1-p6]",AEC-Q101 (p1),docs/datasheets/power-semiconductors/Nexperia-PBSS5540X.pdf,docs/datasheets/power-semiconductors/Nexperia-PBSS5540X.pdf,INCUMBENT,,2026-10-05,,"LCSC product page C455078 read 2026-10-05T14:49Z (brand on page: Nexperia; MPN on page: PBSS5540X,135)",LCSC stock 1 pc (2026-10-05T14:49Z) - effectively NOT ORDERABLE (need 12/16/6 per module)
P38,PV-PWR (PV-P75); PV-PWR-4 (PV-P100-110); PCS-PWR (PCS-P125),12 / 16 / 6,"PNP 40 V 4 A low VCEsat, AEC-Q101: pass transistor of the per-channel bias regulator",Nexperia,"PBSS5540X,135",C455078,1,0.5748 / 0.3794 / 0.3416 (first break MOQ 1),Nexperia,"PBSS4041PX,115",C426840,9351,0.5639,0.3469,0.2976,Extended,SOT-89,"SOT-89: 1=E 2=C 3=B (PBSS4041PX pinning table p2), same as incumbent","VCEO -60 V [p3] vs -40; VEBO -5 V vs -6; IC -5 A vs -4; ICM -15 A vs -10; hFE >=200 @0.5 A, >=180 @1 A, >=150 @2 A, >=120 @4 A [p7] vs >=250/200/150/(50 @5 A); VCEsat <=-180 mV @1 A/10 mA vs <=-170; <=-300 mV @4 A/200 mA vs <=-340; RCEsat <=60 mohm vs <=75; Ptot 2.5 W (6 cm2) vs 2.5 W; Tj 150 C vs 150",AEC-Q101 qualified (p1),https://datasheet.lcsc.com/datasheet/pdf/2ac517fb405214ea822eb80dba7684a2.pdf?productCode=C426840,docs/datasheets/power-semiconductors/Nexperia-PBSS4041PX.pdf,FUNCTIONAL,hFE min 200 vs 250 at 0.5 A (180 vs 200 at 1 A): re-check the ATL431 cathode/base-drive budget of the bias regulator at max load; VEBO 5 V vs 6 V,2026-10-05,YES,"LCSC product page C426840 read 2026-10-05T14:54Z (brand on page: Nexperia; MPN on page: PBSS4041PX,115)","LCSC 9351 pcs (2026-10-05T14:54Z), MOQ 1, 0.2976 USD @1000 (below incumbent 0.3416). assets.nexperia.com refused (HTTP 403); LCSC copy of the Nexperia datasheet used"
P38,PV-PWR (PV-P75); PV-PWR-4 (PV-P100-110); PCS-PWR (PCS-P125),12 / 16 / 6,"PNP 40 V 4 A low VCEsat, AEC-Q101: pass transistor of the per-channel bias regulator",Nexperia,"PBSS5540X,135",C455078,1,0.5748 / 0.3794 / 0.3416 (first break MOQ 1),Diodes Incorporated,DSS5540X-13,C435884,0,0.1922,0.1695,0.1477,Extended,SOT-89,"Diodes pin-out drawing (no pin numbers): tab C, leads E / C / B; in standard orientation 1=B 2=C 3=E (inferred) = REVERSED vs incumbent 1=E 2=C 3=B",VCEO -40 V vs -40; VEBO -6 V vs -6; IC -4 A vs -4; ICM -10 A vs -10; hFE >=250/200/150/50 @0.5/1/2/5 A [p3] = incumbent; VCEsat <=-120/-170/-160/-340/-375 mV = incumbent; RCEsat <=75 mohm = incumbent; PD 0.9-2 W; Tj 150 C,AEC-Q101 only on request (p1 note); standard part: none stated,https://www.diodes.com/assets/Datasheets/DSS5540X.pdf,docs/datasheets/power-semiconductors/Diodes-DSS5540X.pdf,FUNCTIONAL,pin numbering inferred reversed (B<->E): re-map the symbol pins and confirm against the Diodes SOT89 package file; not AEC-Q101 as standard,2026-10-05,,LCSC product page C435884 read 2026-10-05T15:13Z (brand on page: DIODES; MPN on page: DSS5540X-13); price_1 is the first break at MOQ 5; JLCPCB page stock 6,LCSC stock 0 (2026-10-05) - not orderable today; electrically a twin of PBSS5540X
P39,PCS-PWR (PCS-P125),0 / 0 / 6,"NPN 40 V 4 A (10 A pulse), hFE >= 300 at 1 A: Miller-clamp release of a 6-gate channel",Diodes Incorporated,ZXTN25040DFHTA,NOT ON LCSC,,,Diodes Incorporated,ZXTN25040DFHTA,NOT ON LCSC,,,,,,SOT-23,SOT-23: 1=B 2=E 3=C (ZXTN25040DFH.pdf p1),VCEO 40 V; IC 4 A; ICM 10 A; hFE >=300 @1 A; VCE(sat) <55 mV @1 A [ZXTN25040DFH.pdf p1-p4],Q-suffix grade AEC-Q (p1),docs/datasheets/power-semiconductors/ZXTN25040DFH.pdf,docs/datasheets/power-semiconductors/ZXTN25040DFH.pdf,INCUMBENT,,2026-10-05,,,"Not on LCSC (mirror + web search 2026-10-05). Duty (gen/gdrv.py l.753-767): release switch of 6 clamp-FET gates, ~1 A ASSUMED, base 1.5k (~10 mA)"
P39,PCS-PWR (PCS-P125),0 / 0 / 6,"NPN 40 V 4 A (10 A pulse), hFE >= 300 at 1 A: Miller-clamp release of a 6-gate channel",Diodes Incorporated,ZXTN25040DFHTA,NOT ON LCSC,,,JSCJ (Jiangsu Changjiang),FMMT619,C53071,14990,0.0527,0.0427,0.0377,Extended,SOT-23,"SOT-23: 1=B 2=E 3=C (pin list p1), same as incumbent","VCEO 50 V [p1] vs 40; VEBO 5 V; IC 2 A vs 4; ICM not stated vs 10 A; PC 0.35 W (0.625 W note 1) vs 1.25 W; hFE >=200 @1 A, >=100 @2 A, 40 typ @6 A [p1] vs >=300 @1 A; Tj 150 C",none stated,https://datasheet.lcsc.com/datasheet/pdf/4a299c7480264fe58bd24625b9050b5f.pdf?productCode=C53071,docs/datasheets/power-semiconductors/JSCJ-FMMT619.pdf,FUNCTIONAL,"hFE 200 vs 300 at 1 A: re-run gdrv design_check release timing (10 mA base x 200 = 2 A >= 1 A assumed, inferred); IC 2 A / no ICM: confirm the simulated release peak current; lower PC",2026-10-05,YES,LCSC product page C53071 read 2026-10-05T15:14Z (brand on page: JSCJ; MPN on page: FMMT619); price_1 is the first break at MOQ 10; JLCPCB page stock 14998,"LCSC 14990 pcs, MOQ 10, 0.0377 USD @300+"
P39,PCS-PWR (PCS-P125),0 / 0 / 6,"NPN 40 V 4 A (10 A pulse), hFE >= 300 at 1 A: Miller-clamp release of a 6-gate channel",Diodes Incorporated,ZXTN25040DFHTA,NOT ON LCSC,,,Diodes Incorporated,FMMT619TA,C15331,21865,0.2778,0.2257,0.1756,Extended,SOT-23,"Diodes top-view drawing: 1=B 2=E 3=C (inferred from the standard SOT-23 orientation; same drawing style as ZXTN25040DFH), same as incumbent",VCEO 50 V vs 40; VEBO 7 V; IC 2 A vs 4; ICM 6 A vs 10; PD 625/806 mW vs 1.25 W; hFE >=200 @1 A vs >=300; VCE(sat) <=200 mV @1 A/10 mA vs <55 mV @1 A; fT >=100 MHz [FMMT619.pdf p2-p4],none stated (AEC-Q101 variant FMMT619Q has a separate datasheet),https://www.diodes.com/assets/Datasheets/FMMT619.pdf,docs/datasheets/power-semiconductors/Diodes-FMMT619.pdf,FUNCTIONAL,same as JSCJ FMMT619 (hFE 200 vs 300; ICM 6 vs 10 A),2026-10-05,,LCSC product page C15331 read 2026-10-05T15:14Z (brand on page: DIODES; MPN on page: FMMT619TA); price_1 is the first break at MOQ 5; JLCPCB page stock 22009,"LCSC 21865 pcs, MOQ 5, 0.1756 USD @500+; Western fallback"
P39,PCS-PWR (PCS-P125),0 / 0 / 6,"NPN 40 V 4 A (10 A pulse), hFE >= 300 at 1 A: Miller-clamp release of a 6-gate channel",Diodes Incorporated,ZXTN25040DFHTA,NOT ON LCSC,,,onsemi,NSS40201LT1G,NOT FOUND ON LCSC,,,,,,SOT-23,"SOT-23 STYLE 6: 1=B 2=E 3=C (p1), same as incumbent",VCEO 40 V vs 40; IC 2 A vs 4; ICM 6 A vs 10; hFE >=180 @1 A vs >=300; VCE(sat) <=115 mV @1 A/10 mA; fT >=150 MHz [nss40201l-d.pdf p1-p2],NSV40201LT1G = AEC-Q101 (p1),https://www.onsemi.com/download/data-sheet/pdf/nss40201l-d.pdf,docs/datasheets/power-semiconductors/onsemi-NSS40201LT1G.pdf,FUNCTIONAL,hFE 180 vs 300 at 1 A; ICM 6 A,2026-10-05,,,No LCSC C-number found (mirror + web search): needs another documented source
P39,PCS-PWR (PCS-P125),0 / 0 / 6,"NPN 40 V 4 A (10 A pulse), hFE >= 300 at 1 A: Miller-clamp release of a 6-gate channel",Diodes Incorporated,ZXTN25040DFHTA,NOT ON LCSC,,,Slkor,FMMT619,C5122623,5930,0.0418,0.0336,0.0294,Extended,SOT-23,not checked,"LCSC parameters: VCEO 25 V, IC 1.8 A - not an FMMT619 equivalent",not read,,,REJECT,,2026-10-05,,LCSC product page C5122623 read 2026-10-05T15:15Z (brand on page: Slkor; MPN on page: FMMT619); price_1 is the first break at MOQ 10; JLCPCB page stock 5935,VCEO 25 V < 40 V need
P40,PCS-PWR (PCS-P125),0 / 0 / 18,PNP 40 V 3 A (9 A pulse) low VCEsat: local Miller-hold follower at each gate,Diodes Incorporated,ZXTP25040DFHTA,NOT ON LCSC,,,Diodes Incorporated,ZXTP25040DFHTA,NOT ON LCSC,,,,,,SOT-23,SOT-23: 1=B 2=E 3=C (ZXTP25040DFH.pdf p1),"VCEO -40 V; IC -3 A; ICM -9 A; hFE >=200 @-1 A, >=30 @-3 A; VCE(sat) <=-85 mV @-1 A/-100 mA, <=-220 mV @-3 A; Cobo 17.4 pF [ZXTP25040DFH.pdf p1-p4]",Q-suffix grade AEC-Q (p1),docs/datasheets/power-semiconductors/ZXTP25040DFH.pdf,docs/datasheets/power-semiconductors/ZXTP25040DFH.pdf,INCUMBENT,,2026-10-05,,,Not on LCSC (mirror + web search 2026-10-05). Duty (gen/gdrv.py l.753): PCS sink-buffer emitter follower ~6.6 A peak each (ICM 9 A) + clamp inverter ~1 A
P40,PCS-PWR (PCS-P125),0 / 0 / 18,PNP 40 V 3 A (9 A pulse) low VCEsat: local Miller-hold follower at each gate,Diodes Incorporated,ZXTP25040DFHTA,NOT ON LCSC,,,onsemi,NSS40200LT1G,C232571,5946,0.495,0.3131,0.2426,Extended,SOT-23,"SOT-23: 1=B 2=E 3=C (p1 drawing COLLECTOR 3 / BASE 1 / EMITTER 2), same",VCEO -40 V vs -40; IC -2 A vs -3; ICM -4 A vs -9 A; VEBO -7 V; Cobo <=62 pF vs 17.4 [nss40200l-d.pdf p1-p2],NSV40200LT1G = AEC-Q101 (p1),https://www.onsemi.com/download/data-sheet/pdf/nss40200l-d.pdf,not filed in docs/ (staged copy only: REJECT evidence),REJECT,,2026-10-05,,LCSC product page C232571 read 2026-10-05T15:15Z (brand on page: onsemi; MPN on page: NSS40200LT1G),ICM 4 A below the ~6.6 A follower peak; LCSC 5946 pcs
P40,PCS-PWR (PCS-P125),0 / 0 / 18,PNP 40 V 3 A (9 A pulse) low VCEsat: local Miller-hold follower at each gate,Diodes Incorporated,ZXTP25040DFHTA,NOT ON LCSC,,,JSCJ (Jiangsu Changjiang),FMMT720,C83675,34420,0.0538,0.0438,0.0388,Extended,SOT-23,not checked (CJ datasheet not read),"LCSC parameters: VCEO -40 V, IC -1.5 A; Diodes FMMT720 datasheet (read): ICM -4 A, hFE >=180 @-1 A",not read,https://www.diodes.com/assets/Datasheets/FMMT720.pdf,not filed in docs/ (staged copy only: REJECT evidence),REJECT,,2026-10-05,,LCSC product page C83675 read 2026-10-05T15:15Z (brand on page: JSCJ; MPN on page: FMMT720); price_1 is the first break at MOQ 10; JLCPCB page stock 34421,ICM 4 A (Diodes original) below the ~6.6 A follower peak; LCSC 34420 pcs
P42,PV-PWR (PV-P75); PV-PWR-4 (PV-P100-110); PCS-PWR (PCS-P125),2 / 2 / 2,"Isolated 1700 V back-to-back SiC SSR, 50 ohm, opto-compatible input: IMD string switch",Chipanalog,CA-IS3417WT,C42420726,0,2.7021 / 1.7795 / 1.6004 (first break MOQ 1),Chipanalog,CA-IS3417WT-Q1,C42420726,0,2.7021,1.7795,1.6004,Extended,SOIC-12 WB,"the BOM names CA-IS3417WT (non-Q1); LCSC lists only the -Q1 automotive variant, same package family (not compared)","listing only: LCSC features 'non-CTR dependent, no input-side power required'",-Q1 suffix = automotive variant (not read),,,INCUMBENT,confirm that the -Q1 part is pin- and rating-identical to CA-IS3417WT,2026-10-05,,LCSC product page C42420726 read 2026-10-05T15:23Z (brand on page: Chipanalog; MPN on page: CA-IS3417WT-Q1),"Listed, 0 pcs in stock (page 2026-10-05); 2.70 @1 .. 1.60 @1000; JLCPCB tier Extended. Adjacent to the transistor / diode list (isolated 1700 V SiC SSR), included because it is a Chinese power semiconductor on the BOM; no alternatives searched."
