Item,Qty,Used on,Value,Description,Manufacturer,MPN,Package,Sourcing,Datasheet,unit_cost_usd,ext_cost_usd,price_source,confidence,unit_cost_5k_usd,basis_5k
1,1,DAB60: 1,2.12 uH series L (CUSTOM),"CUSTOM series inductor (COLD-PLATE MOUNTED), primary (port-1) side, in series with the transformer: L 2.12 uH nominal, trim 1.24-2.99 uH so that leakage + L = 6.50 uH +/-5 % (leakage + external, measured as a matched set); I_rms 118.5 A, I_pk 176.9 A, no saturation to 275 A; loss <= 11.2 W; reference PM 114/93 N95, 3 turns, 9.2 mm total gap in >=4 distributed gaps",,,cold-plate mounted,CUSTOM,,86.000000,86.0000,estimate 2.12 uH series L (CUSTOM): ESTIMATE (sim/magnetics.py design_dab_series_inductor.json rev M1; the value becomes 5.56 uH): 4 x DMEGC EE80 DMR95 + gapped centre-leg s...,low,73.100000,ASSUMED x0.85 [custom_magnetic_large]
2,1,chassis: 1,AUX-HV input harness,"PORT 1 ONLY: port-1 terminal-side tap to AUX-HV PA+/PA-, 1.5 kV-rated wire. AUX-HV input PB is left open - feeding it from port 2 as well would bridge the DAB's isolation barrier with two diodes (decision D-021)",,,harness,CUSTOM,,5.000000,5.0000,"estimate AUX-HV input harness: ESTIMATE: two port taps, 1.5 kV-rated silicone wire 0.8 m 1.8 + 2 ring lugs 0.8 + 4-pole plug 0.6 + assembly 1.8; no quote",low,4.000000,ASSUMED x0.80 [custom_harness]
3,1,chassis: 1,AUX-HV output harness,"AUX-HV to SYS-IO-AUX, 3-way (gen/interfaces.py AUX)",,,harness,CUSTOM,,1.800000,1.8000,estimate AUX-HV output harness: ESTIMATE: 3-way plug-to-plug harness 0.4 m: 2 plugs 0.35 each + wire 0.3 + assembly 0.8; no quote,low,1.440000,ASSUMED x0.80 [custom_harness]
4,2,DAB60: 2,CM choke 160 A (CUSTOM),"CHASSIS-MOUNTED CUSTOM common-mode choke (135 A port): 2 windings, 160 A DC continuous each, 1000 VDC working, L_cm >= 0.5 mH @ 10 kHz and |Z_cm| >= 50 ohm 16-100 kHz (port_spec cm_choke), no saturation with the 150 Hz CM current of port_spec cm_choke and the DM flux at rated current (core, material and construction to be set by the magnetics design, MG-10); basic winding-core / winding-winding: impulse >= 6 kV, 2200 V rms 60 s, creepage >= 5.0 mm (PD2) (IC-09); dT <= 40 K at 160 A",,,busbar toroid,CUSTOM,,65.000000,130.0000,"estimate CM choke 160 A (CUSTOM): ESTIMATE: nanocrystalline toroid about 0.6 kg finished core 35 + two 160 A copper windings (about 0.3 kg Cu, 4.5 USD at LME copper cash 1...",low,55.250000,ASSUMED x0.85 [custom_magnetic_large]
5,2,DAB60: 2,DC terminal + (CUSTOM),"CHASSIS-MOUNTED CUSTOM DC terminal: M8 busbar stud feed-through, 200 A, 1000 VDC, touch cover, external creepage to PE >= 12.5 mm (group I) / 16.0 mm (IIIa), PD3 cooling-air path (IC-18/IC-21)",,,M8 stud,CUSTOM,,8.000000,16.0000,estimate DC terminal + (CUSTOM): ESTIMATE: M8 copper stud feed-through 200 A with insulating body and touch cover; no quote or listing found,low,6.800000,ASSUMED x0.85 [custom_mech]
6,2,DAB60: 2,DC terminal - (CUSTOM),"CHASSIS-MOUNTED CUSTOM DC terminal: M8 busbar stud feed-through, 200 A, 1000 VDC, touch cover, external creepage to PE >= 12.5 mm (group I) / 16.0 mm (IIIa), PD3 cooling-air path (IC-18/IC-21)",,,M8 stud,CUSTOM,,8.000000,16.0000,estimate DC terminal - (CUSTOM): ESTIMATE: as DC terminal +,low,6.800000,ASSUMED x0.85 [custom_mech]
7,1,DAB60: 1,DC-block link (CUSTOM),"CUSTOM bolted busbar link in the primary AC bus, FITTED: bolted link in the primary AC bus so a blocking-cap module can be added. Remove to insert the DC-blocking capacitor module (5 x C4AQUEW5450A3BJ (225 uF), not fitted; C_min 39 uF by the TI rule, 8.7 W)",,,bolted busbar link,CUSTOM,,7.000000,7.0000,"estimate DC-block link (CUSTOM): ESTIMATE: bolted tinned copper link about 20x5x150 mm = 0.13 kg Cu (1.9 at LME copper cash 14,355 USD/t on 2026-10-02 (westmetall.com)) +...",low,5.950000,ASSUMED x0.85 [custom_magnetic_large]
8,1,DAB60: 1,Transformer 11:12 (CUSTOM),"CUSTOM HF power transformer (COLD-PLATE MOUNTED), N1:N2 = 11:12 (n 0.9167); L_sigma 4.38 uH +/-20 % (design target, referred to N1); L_m 150 uH +/-10 % (gapped, ~1.74 mm total); 4.75 mVs per half period, B_pk 126 mT at 950 V; I_rms 118.5 / 111.9 A, I_pk 176.9 / 162.1 A (prim / sec); loss <= 159 W; hot spot <= 130 C (coolant 50 C); insulation basic (pending system decision), working-voltage basis 1850 V DC, PD <= 10 pC at the ECO-10 level (hipot/PD: TBD by ECO-10 insulation coordination); reference core TDK PM 114/93 N95 (B65733A0000R095 ground to gap) + bobbin B65734B1000T001 - reference only; embedded NTC 10 k +/-2 %, R/T 8016 (B25/100 3988 K, as TDK B57703M0103) at the winding hot spot, leads TH1/TH2 reinforced to PELV. Full RFQ: sim/out/dab_design/report.md sec. 9",,,"cold-plate mounted, PM 114/93 class",CUSTOM,,186.000000,186.0000,"estimate Transformer 11:12 (CUSTOM): ESTIMATE (sim/magnetics.py design_dab_transformer.json rev M1): pair of potted units, 4 x DMEGC EE80 DMR95 (2.96 kg at 6.0 USD/kg) + litz...",low,158.100000,ASSUMED x0.85 [custom_magnetic_large]
9,2,chassis: 2,cell harness,"40-way 2.54 mm IDC ribbon, CTRL-C2000 ports C1 and C2 to the DAB60 bridges, 1:1",,,harness,CUSTOM,,2.400000,4.8000,estimate cell harness: ESTIMATE: 40-way 2.54 mm IDC ribbon assembly: 2 IDC sockets 0.45 each + 0.4 m ribbon 0.5 + assembly 1.0; connector prices are the LCSC cl...,low,1.920000,ASSUMED x0.80 [custom_harness]
10,1,chassis: 1,coil/feedback harness,DAB60 control connector to the SYS-IO-AUX DO/DI terminals,,,harness,CUSTOM,,5.500000,5.5000,estimate coil/feedback harness: ESTIMATE: 14-way pluggable header mate 1.8 + 0.6 m multicore with ferrules 1.5 + assembly 2.2; no quote,low,4.400000,ASSUMED x0.80 [custom_harness]
11,1,chassis: 1,cold plate,"Liquid cold plate for two CBB011M12GM4T modules, transformer and series inductor; 0.045 K/W per switch position at 9 L/min - sim/out/dab_design/report.md section 12",,,chassis,CUSTOM,,120.000000,120.0000,"estimate cold plate: ESTIMATE: friction-stir-welded aluminium liquid cold plate, about 350x200 mm for two GM4 modules + PM114 transformer + series inductor, t...",low,102.000000,ASSUMED x0.85 [custom_mech]
12,1,chassis: 1,port harness,"26-way 2.54 mm IDC ribbon, CTRL-C2000 to DAB60, 1:1",,,harness,CUSTOM,,1.900000,1.9000,estimate port harness: ESTIMATE: 26-way 2.54 mm IDC ribbon assembly: 2 IDC sockets 0.35 each + ribbon 0.35 + assembly 0.85; no quote,low,1.520000,ASSUMED x0.80 [custom_harness]
13,1,AUX-HV_DAB: 1,AUX-HV-T1 rev M1,"CUSTOM flyback transformer AUX-HV T1 rev M1 (proposed construction - calculated, not built or measured; build to the winding sheet sim/out/magnetics/spec_aux_hv_transformer.md). DMEGC EC34A (ETD 34/17/11 class) DMR95, centre-leg gap 1.16 mm, 90:15:16 in the converter engineer's order P1|SH|S|AUX|P2, copper set back 2.0 mm from the gapped leg (1.0 mm former wall + 1.0 mm spacer), secondary in TIW-litz, vacuum-potted in a case. Core DMEGC EC34A set (DMR95), ETD 34/17/11 equivalent (Ae/Amin/le within 1 % of the MAS ETD 34/17/11 shape), gap 1.16 mm (A_L 142 nH). Lp 1.148 mH +/-7 % at 10 kHz (gap ground to A_L); leakage (S shorted) estimate 31.6 uH, <= 34.0 uH. Windings in order: P1: 45 t enamelled Cu 0.30 mm grade 2, 1 layer, start = DRAIN pin (dot); SH: copper foil 0.05 mm, 1 t, open with insulated overlap, -> PGND pin; S: 15 t TIW-litz 64 x 0.10 mm (three-layer extruded insulation certified for reinforced insulation, IEC 61558-2-16 / IEC 62368-1 Annex J), 1 layer, start = rectifier anode (dot), insulation unbroken to the pin, exits in PTFE sleeve; AUX: 16 t enamelled Cu 0.25 mm spaced over the breadth, start = aux rectifier anode (dot), finish = PGND; P2: 45 t enamelled Cu 0.30 mm grade 2, 1 layer, finish = HV_BULK pin. Insulation: VACUUM-POTTED (epoxy, class F, void-free) in a case - REQUIRED for the PD routine test; reinforced insulation = TIW-litz three-layer extruded insulation + 4 layers 0.06 mm polyester tape on each side of S; tapes P1-SH 12 L set the switched capacitance; primary pins (P1, P2, AUX, SH) on one row, secondary pins on the opposite row; the core is a primary-side conductive part. Creepage: 20 mm along the case / former between the pin rows (PD2, CTI unknown -> IIIa); 10 mm if the former and case material has CTI >= 600 (group I); inside the potting PD1: 6.4 mm; clearance >= 10.4 mm. ROUTINE test (every unit): PD <= 10 pC at 2461.0 V pk (extinction >= 1968.0 V pk), primary+aux+shield to secondary. TYPE tests: AC 4400.0 V rms 60 s; impulse 8000.0 V 1.2/50; thermal run at 30 W. Working voltage 1000 V DC, recurring peak 1323 V at 65 kHz (1428 V at the 1100 V trip). Peak primary current 0.95 A (limit max 1.74 A), 259 mT on A_min at the limit.",CUSTOM,AUX-HV-T1 rev M1,"DMEGC EC34A set (DMR95) (ETD 34 class) potted case, 14-pin former",CUSTOM,,5.900000,5.9000,estimate AUX-HV-T1 rev M1: ESTIMATE (sim/magnetics.py design_aux_hv_transformer.json rev M1): DMEGC EC34A DMR95 0.40 + ETD34 former 0.35 + TIW-litz 1.20 + wire/foil...,low,3.953000,ASSUMED x0.67 [custom_magnetic_small]
14,8,DAB60: 8,0.27R,"Resistor 0.27R 1% 2512 Roff, pulse-rated thick film 1 W",,,2512,GENERIC,,0.147800,1.1824,"estimate class:res_2512_1pct_pulse: GENERIC class rule, reel price of a typical equivalent. LCSC C2991665 RPL-12K10R0FT (2512); US$0.1478 at 4000+; pulse-rated 2512 thick fi...",low,0.147800,REAL: class example LCSC C2991665 @4000+ break (annual qty 40000)
15,2,DAB60: 2,0R,Resistor 0R 1% 0805 HV-side sensor ground: single Kelvin tie to the bank DC- terminal,,,0805,GENERIC,,0.001500,0.0030,"estimate class:res_0805_1pct: GENERIC class rule, reel price of a typical equivalent. LCSC C17878 0805W8F976JT5E (0805); US$0.0015 at 5000+; 97.6 Ohm 1 %; read 2026-10...",high,0.001400,REAL: class example LCSC C17878 @10000+ break (annual qty 10000)
16,1,DAB60: 1,0R,Resistor 0R 1% 0603 single AGND-GND tie,,,0603,GENERIC,,0.003000,0.0030,"estimate class:res_0603_1pct: GENERIC class rule, reel price of a typical equivalent. LCSC C2906982 FRC0603F1002TS (0603); US$0.003 at 5000+; 10 kOhm 1 %; read 2026-10...",high,0.003000,REAL: class example LCSC C2906982 @5000+ break (annual qty 5000)
17,2,DAB60: 2,1.07k,Resistor 1.07k 1% 0603,,,0603,GENERIC,,0.003000,0.0060,"estimate class:res_0603_1pct: GENERIC class rule, reel price of a typical equivalent. LCSC C2906982 FRC0603F1002TS (0603); US$0.003 at 5000+; 10 kOhm 1 %; read 2026-10...",high,0.002900,REAL: class example LCSC C2906982 @10000+ break (annual qty 10000)
18,1,CTRL-C2000: 1,1.0k,Resistor 1.0k 1% 0603,,,0603,GENERIC,,0.003000,0.0030,"estimate class:res_0603_1pct: GENERIC class rule, reel price of a typical equivalent. LCSC C2906982 FRC0603F1002TS (0603); US$0.003 at 5000+; 10 kOhm 1 %; read 2026-10...",high,0.003000,REAL: class example LCSC C2906982 @5000+ break (annual qty 5000)
19,24,CTRL-C2000: 24,1.50k,Resistor 1.50k 1% 0603,,,0603,GENERIC,,0.003000,0.0720,"estimate class:res_0603_1pct: GENERIC class rule, reel price of a typical equivalent. LCSC C2906982 FRC0603F1002TS (0603); US$0.003 at 5000+; 10 kOhm 1 %; read 2026-10...",high,0.002800,REAL: class example LCSC C2906982 @50200+ break (annual qty 120000)
20,4,DAB60: 4,1.56k,Resistor 1.56k 0.1% 0603,,,0603,GENERIC,,0.003900,0.0156,"estimate class:res_0603_0.1pct: GENERIC class rule, reel price of a typical equivalent. LCSC C5126214 FRH0603B1002TS (0603); US$0.0039 at 5000+; 10 kOhm 0.1 %; read 2026...",high,0.003500,REAL: class example LCSC C5126214 @10000+ break (annual qty 20000)
21,2,AUX-HV_DAB: 2,1.5R,Resistor 1.5R 1% 1206 0.25 W,,,1206,GENERIC,,0.002300,0.0046,"estimate class:res_1206_1pct: GENERIC class rule, reel price of a typical equivalent. LCSC C305316 WR12X1581FTL (1206); US$0.0023 at 5000+; 1.58 kOhm 1 %; read 2026-10...",high,0.002100,REAL: class example LCSC C305316 @10000+ break (annual qty 10000)
22,2,DAB60: 2,1.5k,"Resistor 1.5k 1% 2512 1 W: aux wetting 14-18 mA (>= 10 mA, TDK p3) and FB inversion",,,2512,GENERIC,,0.025800,0.0516,"estimate class:res_2512_1pct: GENERIC class rule, reel price of a typical equivalent. LCSC C2934076 FRC2512F4702TS (2512); US$0.0258 at 4000+; 47 kOhm 1 W 1 %; read 20...",high,0.024100,REAL: class example LCSC C2934076 @8000+ break (annual qty 10000)
23,1,AUX-HV_DAB: 1,1.5n 50V,Capacitor 1.5n 50V C0G 0603,,,0603,GENERIC,,0.028200,0.0282,"estimate class:mlcc_0603_c0g_50v_le100n: GENERIC class rule, reel price of a typical equivalent. LCSC C576818 CC0603JRNPO9BN472 (0603); US$0.0282 at 4000+; example is 4.7 nF; rea...",high,0.028200,REAL: class example LCSC C576818 @4000+ break (annual qty 5000)
24,2,DAB60: 2,1.69k,Resistor 1.69k 0.1% 0603,,,0603,GENERIC,,0.003900,0.0078,"estimate class:res_0603_0.1pct: GENERIC class rule, reel price of a typical equivalent. LCSC C5126214 FRH0603B1002TS (0603); US$0.0039 at 5000+; 10 kOhm 0.1 %; read 2026...",high,0.003500,REAL: class example LCSC C5126214 @10000+ break (annual qty 10000)
25,4,DAB60: 4,1.6M,Resistor 1.6M 0.1% 0603,,,0603,GENERIC,,0.003900,0.0156,"estimate class:res_0603_0.1pct: GENERIC class rule, reel price of a typical equivalent. LCSC C5126214 FRH0603B1002TS (0603); US$0.0039 at 5000+; 10 kOhm 0.1 %; read 2026...",high,0.003500,REAL: class example LCSC C5126214 @10000+ break (annual qty 20000)
26,1,SYS-IO-AUX: 1,1.78k,Resistor 1.78k 0.1% 0603 10 ppm/K thin film,,,0603,GENERIC,,0.041000,0.0410,"estimate class:res_0603_0.1pct_10ppm: GENERIC class rule, reel price of a typical equivalent. LCSC C190610 ERA3AEB103V (0603); US$0.041 at 5000+; Panasonic ERA-3A thin film 0....",medium,0.041000,REAL: class example LCSC C190610 @5000+ break (annual qty 5000)
27,1,AUX-HV_DAB: 1,1.82k,Resistor 1.82k 0.1% 0603,,,0603,GENERIC,,0.003900,0.0039,"estimate class:res_0603_0.1pct: GENERIC class rule, reel price of a typical equivalent. LCSC C5126214 FRH0603B1002TS (0603); US$0.0039 at 5000+; 10 kOhm 0.1 %; read 2026...",high,0.003900,REAL: class example LCSC C5126214 @5000+ break (annual qty 5000)
28,8,DAB60: 8,1.82k,Resistor 1.82k 1% 0805,,,0805,GENERIC,,0.001500,0.0120,"estimate class:res_0805_1pct: GENERIC class rule, reel price of a typical equivalent. LCSC C17878 0805W8F976JT5E (0805); US$0.0015 at 5000+; 97.6 Ohm 1 %; read 2026-10...",high,0.001400,REAL: class example LCSC C17878 @10000+ break (annual qty 40000)
29,8,DAB60: 8,1.87k,Resistor 1.87k 1% 0603,,,0603,GENERIC,,0.003000,0.0240,"estimate class:res_0603_1pct: GENERIC class rule, reel price of a typical equivalent. LCSC C2906982 FRC0603F1002TS (0603); US$0.003 at 5000+; 10 kOhm 1 %; read 2026-10...",high,0.002900,REAL: class example LCSC C2906982 @10000+ break (annual qty 40000)
30,1,SYS-IO-AUX: 1,1.91k,Resistor 1.91k 0.1% 0603 10 ppm/K thin film,,,0603,GENERIC,,0.041000,0.0410,"estimate class:res_0603_0.1pct_10ppm: GENERIC class rule, reel price of a typical equivalent. LCSC C190610 ERA3AEB103V (0603); US$0.041 at 5000+; Panasonic ERA-3A thin film 0....",medium,0.041000,REAL: class example LCSC C190610 @5000+ break (annual qty 5000)
31,2,SYS-IO-AUX: 2,1.93k,Resistor 1.93k 0.1% 0603 10 ppm/K thin film,,,0603,GENERIC,,0.041000,0.0820,"estimate class:res_0603_0.1pct_10ppm: GENERIC class rule, reel price of a typical equivalent. LCSC C190610 ERA3AEB103V (0603); US$0.041 at 5000+; Panasonic ERA-3A thin film 0....",medium,0.038900,REAL: class example LCSC C190610 @10000+ break (annual qty 10000)
32,4,DAB60: 4,1.96k,Resistor 1.96k 0.1% 0603,,,0603,GENERIC,,0.003900,0.0156,"estimate class:res_0603_0.1pct: GENERIC class rule, reel price of a typical equivalent. LCSC C5126214 FRH0603B1002TS (0603); US$0.0039 at 5000+; 10 kOhm 0.1 %; read 2026...",high,0.003500,REAL: class example LCSC C5126214 @10000+ break (annual qty 20000)
33,46,CTRL-C2000: 46,10.0k,Resistor 10.0k 0.1% 0603 10ppm/K,,,0603,GENERIC,,0.041000,1.8860,"estimate class:res_0603_0.1pct_10ppm: GENERIC class rule, reel price of a typical equivalent. LCSC C190610 ERA3AEB103V (0603); US$0.041 at 5000+; Panasonic ERA-3A thin film 0....",medium,0.038900,REAL: class example LCSC C190610 @10000+ break (annual qty 230000)
34,6,CTRL-C2000: 6,10.0k,Resistor 10.0k 0.1% 0603,,,0603,GENERIC,,0.003900,0.0234,"estimate class:res_0603_0.1pct: GENERIC class rule, reel price of a typical equivalent. LCSC C5126214 FRH0603B1002TS (0603); US$0.0039 at 5000+; 10 kOhm 0.1 %; read 2026...",high,0.003500,REAL: class example LCSC C5126214 @10000+ break (annual qty 30000)
35,3,CTRL-C2000: 1; DAB60: 2,10.0k,Resistor 10.0k 1% 0603,,,0603,GENERIC,,0.003000,0.0090,"estimate class:res_0603_1pct: GENERIC class rule, reel price of a typical equivalent. LCSC C2906982 FRC0603F1002TS (0603); US$0.003 at 5000+; 10 kOhm 1 %; read 2026-10...",high,0.002900,REAL: class example LCSC C2906982 @10000+ break (annual qty 15000)
36,30,CTRL-C2000: 3; DAB60: 18; SYS-IO-AUX: 9,100R,Resistor 100R 1% 0603,,,0603,GENERIC,,0.003000,0.0900,"estimate class:res_0603_1pct: GENERIC class rule, reel price of a typical equivalent. LCSC C2906982 FRC0603F1002TS (0603); US$0.003 at 5000+; 10 kOhm 1 %; read 2026-10...",high,0.002800,REAL: class example LCSC C2906982 @50200+ break (annual qty 150000)
37,2,DAB60: 2,100R,Resistor 100R 1% 0603 RDY driven actively (CTRL 100k pull-down),,,0603,GENERIC,,0.003000,0.0060,"estimate class:res_0603_1pct: GENERIC class rule, reel price of a typical equivalent. LCSC C2906982 FRC0603F1002TS (0603); US$0.003 at 5000+; 10 kOhm 1 %; read 2026-10...",high,0.002900,REAL: class example LCSC C2906982 @10000+ break (annual qty 10000)
38,67,AUX-HV_DAB: 4; CTRL-C2000: 28; DAB60: 11; SYS-IO-AUX: 24,100k,Resistor 100k 1% 0603,,,0603,GENERIC,,0.003000,0.2010,"estimate class:res_0603_1pct: GENERIC class rule, reel price of a typical equivalent. LCSC C2906982 FRC0603F1002TS (0603); US$0.003 at 5000+; 10 kOhm 1 %; read 2026-10...",high,0.002800,REAL: class example LCSC C2906982 @50200+ break (annual qty 335000)
39,6,SYS-IO-AUX: 6,100k,Resistor 100k 0.1% 0603 10 ppm/K thin film,,,0603,GENERIC,,0.041000,0.2460,"estimate class:res_0603_0.1pct_10ppm: GENERIC class rule, reel price of a typical equivalent. LCSC C190610 ERA3AEB103V (0603); US$0.041 at 5000+; Panasonic ERA-3A thin film 0....",medium,0.038900,REAL: class example LCSC C190610 @10000+ break (annual qty 30000)
40,7,DAB60: 6; SYS-IO-AUX: 1,100k,Resistor 100k 0.1% 0603,,,0603,GENERIC,,0.003900,0.0273,"estimate class:res_0603_0.1pct: GENERIC class rule, reel price of a typical equivalent. LCSC C5126214 FRH0603B1002TS (0603); US$0.0039 at 5000+; 10 kOhm 0.1 %; read 2026...",high,0.003500,REAL: class example LCSC C5126214 @10000+ break (annual qty 35000)
41,3,SYS-IO-AUX: 3,100k,Resistor 100k 1% 0603 test off by default,,,0603,GENERIC,,0.003000,0.0090,"estimate class:res_0603_1pct: GENERIC class rule, reel price of a typical equivalent. LCSC C2906982 FRC0603F1002TS (0603); US$0.003 at 5000+; 10 kOhm 1 %; read 2026-10...",high,0.002900,REAL: class example LCSC C2906982 @10000+ break (annual qty 15000)
42,2,SYS-IO-AUX: 2,100k,Resistor 100k 1% 0603 CTRL expects the pull-down on SYS,,,0603,GENERIC,,0.003000,0.0060,"estimate class:res_0603_1pct: GENERIC class rule, reel price of a typical equivalent. LCSC C2906982 FRC0603F1002TS (0603); US$0.003 at 5000+; 10 kOhm 1 %; read 2026-10...",high,0.002900,REAL: class example LCSC C2906982 @10000+ break (annual qty 10000)
43,1,SYS-IO-AUX: 1,100k,Resistor 100k 1% 0603 fans OFF until firmware enables (INT-09),,,0603,GENERIC,,0.003000,0.0030,"estimate class:res_0603_1pct: GENERIC class rule, reel price of a typical equivalent. LCSC C2906982 FRC0603F1002TS (0603); US$0.003 at 5000+; 10 kOhm 1 %; read 2026-10...",high,0.003000,REAL: class example LCSC C2906982 @5000+ break (annual qty 5000)
44,1,SYS-IO-AUX: 1,100k,Resistor 100k 1% 0603 readback cannot hold OV_CUT,,,0603,GENERIC,,0.003000,0.0030,"estimate class:res_0603_1pct: GENERIC class rule, reel price of a typical equivalent. LCSC C2906982 FRC0603F1002TS (0603); US$0.003 at 5000+; 10 kOhm 1 %; read 2026-10...",high,0.003000,REAL: class example LCSC C2906982 @5000+ break (annual qty 5000)
45,1,SYS-IO-AUX: 1,100k,Resistor 100k 1% 0603 readback cannot hold UV_OK,,,0603,GENERIC,,0.003000,0.0030,"estimate class:res_0603_1pct: GENERIC class rule, reel price of a typical equivalent. LCSC C2906982 FRC0603F1002TS (0603); US$0.003 at 5000+; 10 kOhm 1 %; read 2026-10...",high,0.003000,REAL: class example LCSC C2906982 @5000+ break (annual qty 5000)
46,1,SYS-IO-AUX: 1,100k,Resistor 100k 1% 0603 service-jumper readback,,,0603,GENERIC,,0.003000,0.0030,"estimate class:res_0603_1pct: GENERIC class rule, reel price of a typical equivalent. LCSC C2906982 FRC0603F1002TS (0603); US$0.003 at 5000+; 10 kOhm 1 %; read 2026-10...",high,0.003000,REAL: class example LCSC C2906982 @5000+ break (annual qty 5000)
47,1,SYS-IO-AUX: 1,100k,Resistor 100k 1% 0603 readback cannot hold AUX_INH_N,,,0603,GENERIC,,0.003000,0.0030,"estimate class:res_0603_1pct: GENERIC class rule, reel price of a typical equivalent. LCSC C2906982 FRC0603F1002TS (0603); US$0.003 at 5000+; 10 kOhm 1 %; read 2026-10...",high,0.003000,REAL: class example LCSC C2906982 @5000+ break (annual qty 5000)
48,2,DAB60: 2,100k,Resistor 100k 1% 0603 gate pull-down: off when the driver is unpowered,,,0603,GENERIC,,0.003000,0.0060,"estimate class:res_0603_1pct: GENERIC class rule, reel price of a typical equivalent. LCSC C2906982 FRC0603F1002TS (0603); US$0.003 at 5000+; 10 kOhm 1 %; read 2026-10...",high,0.002900,REAL: class example LCSC C2906982 @10000+ break (annual qty 10000)
49,2,DAB60: 2,100k,Resistor 100k 1% 0603 EN pull-down behind the diode-OR,,,0603,GENERIC,,0.003000,0.0060,"estimate class:res_0603_1pct: GENERIC class rule, reel price of a typical equivalent. LCSC C2906982 FRC0603F1002TS (0603); US$0.003 at 5000+; 10 kOhm 1 %; read 2026-10...",high,0.002900,REAL: class example LCSC C2906982 @10000+ break (annual qty 10000)
50,4,DAB60: 4,100k,"Resistor 100k 1% 0603 FB 24 V -> logic, max 5.4 V (5.5 V tolerant)",,,0603,GENERIC,,0.003000,0.0120,"estimate class:res_0603_1pct: GENERIC class rule, reel price of a typical equivalent. LCSC C2906982 FRC0603F1002TS (0603); US$0.003 at 5000+; 10 kOhm 1 %; read 2026-10...",high,0.002900,REAL: class example LCSC C2906982 @10000+ break (annual qty 20000)
51,4,DAB60: 4,100k,Resistor 100k 1% 0603 hold off while the logic is unpowered,,,0603,GENERIC,,0.003000,0.0120,"estimate class:res_0603_1pct: GENERIC class rule, reel price of a typical equivalent. LCSC C2906982 FRC0603F1002TS (0603); US$0.003 at 5000+; 10 kOhm 1 %; read 2026-10...",high,0.002900,REAL: class example LCSC C2906982 @10000+ break (annual qty 20000)
52,19,CTRL-C2000: 6; SYS-IO-AUX: 13,100n 100V,Capacitor 100n 100V X7R 0603,,,0603,GENERIC,,0.011100,0.2109,"estimate class:mlcc_0603_x7r_100v_le100n: GENERIC class rule, reel price of a typical equivalent. LCSC C113803 CC0603KRX7R0BB104 (0603); US$0.0111 at 4000+; read 2026-10-04 via th...",high,0.010500,REAL: class example LCSC C113803 @48000+ break (annual qty 95000)
53,34,CTRL-C2000: 34,100n 16V,Capacitor 100n 16V X7R 0402,,,0402,GENERIC,,0.004700,0.1598,"estimate class:mlcc_0402_x7r_16v_le100n: GENERIC class rule, reel price of a typical equivalent. LCSC C1525 CL05B104KO5NNNC (0402); US$0.0047 at 3000+; read 2026-10-04 via the jl...",high,0.004200,REAL: class example LCSC C1525 @100000+ break (annual qty 170000)
54,5,AUX-HV_DAB: 1; SYS-IO-AUX: 4,100n 16V,Capacitor 100n 16V X7R 0603,,,0603,GENERIC,,0.009200,0.0460,"estimate class:mlcc_0603_x7r_16v_le100n: GENERIC class rule, reel price of a typical equivalent. LCSC C14663 CC0603KRX7R9BB104 (0603); US$0.0092 at 4000+; example is rated 50 V (...",high,0.009000,REAL: class example LCSC C14663 @24100+ break (annual qty 25000)
55,7,DAB60: 4; SYS-IO-AUX: 3,100n 25V,Capacitor 100n 25V X7R 0603,,,0603,GENERIC,,0.009200,0.0644,"estimate class:mlcc_0603_x7r_25v_le100n: GENERIC class rule, reel price of a typical equivalent. LCSC C14663 CC0603KRX7R9BB104 (0603); US$0.0092 at 4000+; example is rated 50 V;...",high,0.009000,REAL: class example LCSC C14663 @24100+ break (annual qty 35000)
56,289,AUX-HV_DAB: 3; BMU-GW: 7; CTRL-C2000: 49; DAB60: 154; SYS-IO-AUX: 76,100n 50V,Capacitor 100n 50V X7R 0603,,,0603,GENERIC,,0.009200,2.6588,"estimate class:mlcc_0603_x7r_50v_le100n: GENERIC class rule, reel price of a typical equivalent. LCSC C14663 CC0603KRX7R9BB104 (0603); US$0.0092 at 4000+; read 2026-10-04 via the...",high,0.009000,REAL: class example LCSC C14663 @24100+ break (annual qty 1445000)
57,1,CTRL-C2000: 1,100n 50V,Capacitor 100n 5% 50V C0G 0805,,,0805,GENERIC,,0.136200,0.1362,"estimate class:mlcc_0805_c0g_50v_le100n: GENERIC class rule, reel price of a typical equivalent. LCSC C97946 GRM31C5C1H104JA01L (1206); US$0.1362 at 4000+; no 0805 C0G >= 10 nF i...",low,0.136200,REAL: class example LCSC C97946 @4000+ break (annual qty 5000)
58,2,CTRL-C2000: 1; SYS-IO-AUX: 1,100n 50V,Capacitor 100n 10% 50V X7R 0603,,,0603,GENERIC,,0.009200,0.0184,"estimate class:mlcc_0603_x7r_50v_le100n: GENERIC class rule, reel price of a typical equivalent. LCSC C14663 CC0603KRX7R9BB104 (0603); US$0.0092 at 4000+; read 2026-10-04 via the...",high,0.009200,REAL: class example LCSC C14663 @4000+ break (annual qty 10000)
59,8,DAB60: 8,100n 50V,Capacitor 100n 50V C0G 1206,,,1206,GENERIC,,0.136200,1.0896,"estimate class:mlcc_1206_c0g_50v_le100n: GENERIC class rule, reel price of a typical equivalent. LCSC C97946 GRM31C5C1H104JA01L (1206); US$0.1362 at 4000+; example is 100 nF 50 V...",high,0.136200,REAL: class example LCSC C97946 @4000+ break (annual qty 40000)
60,3,AUX-HV_DAB: 3,100p 1kV,Capacitor 100p 5% 1kV C0G 1206,,,1206,GENERIC,,0.025300,0.0759,"estimate class:mlcc_1206_c0g_1kv_le1n: GENERIC class rule, reel price of a typical equivalent. LCSC C107173 CC1206JKNPOCBN101 (1206); US$0.0253 at 3000+; example is 100 pF 1 kV...",high,0.024000,REAL: class example LCSC C107173 @6000+ break (annual qty 15000)
61,48,DAB60: 48,100p 50V,Capacitor 100p 5% 50V C0G 0603,,,0603,GENERIC,,0.005500,0.2640,"estimate class:mlcc_0603_c0g_50v_le1n: GENERIC class rule, reel price of a typical equivalent. LCSC C14665 CC0603JRNPO9BN101 (0603); US$0.0055 at 4000+; example is 100 pF; read...",high,0.005100,REAL: class example LCSC C14665 @48200+ break (annual qty 240000)
62,2,DAB60: 2,102k,Resistor 102k 0.1% 0603,,,0603,GENERIC,,0.003900,0.0078,"estimate class:res_0603_0.1pct: GENERIC class rule, reel price of a typical equivalent. LCSC C5126214 FRH0603B1002TS (0603); US$0.0039 at 5000+; 10 kOhm 0.1 %; read 2026...",high,0.003500,REAL: class example LCSC C5126214 @10000+ break (annual qty 10000)
63,1,AUX-HV_DAB: 1,105k,Resistor 105k 0.1% 0603,,,0603,GENERIC,,0.003900,0.0039,"estimate class:res_0603_0.1pct: GENERIC class rule, reel price of a typical equivalent. LCSC C5126214 FRH0603B1002TS (0603); US$0.0039 at 5000+; 10 kOhm 0.1 %; read 2026...",high,0.003900,REAL: class example LCSC C5126214 @5000+ break (annual qty 5000)
64,9,AUX-HV_DAB: 1; DAB60: 8,10R,Resistor 10R 1% 0603,,,0603,GENERIC,,0.003000,0.0270,"estimate class:res_0603_1pct: GENERIC class rule, reel price of a typical equivalent. LCSC C2906982 FRC0603F1002TS (0603); US$0.003 at 5000+; 10 kOhm 1 %; read 2026-10...",high,0.002900,REAL: class example LCSC C2906982 @10000+ break (annual qty 45000)
65,128,AUX-HV_DAB: 5; BMU-GW: 3; CTRL-C2000: 65; DAB60: 22; SYS-IO-AUX: 33,10k,Resistor 10k 1% 0603,,,0603,GENERIC,,0.003000,0.3840,"estimate class:res_0603_1pct: GENERIC class rule, reel price of a typical equivalent. LCSC C2906982 FRC0603F1002TS (0603); US$0.003 at 5000+; 10 kOhm 1 %; read 2026-10...",high,0.002800,REAL: class example LCSC C2906982 @50200+ break (annual qty 640000)
66,5,DAB60: 4; SYS-IO-AUX: 1,10k,Resistor 10k 1% 0805,,,0805,GENERIC,,0.001500,0.0075,"estimate class:res_0805_1pct: GENERIC class rule, reel price of a typical equivalent. LCSC C17878 0805W8F976JT5E (0805); US$0.0015 at 5000+; 97.6 Ohm 1 %; read 2026-10...",high,0.001400,REAL: class example LCSC C17878 @10000+ break (annual qty 25000)
67,1,SYS-IO-AUX: 1,10k,Resistor 10k 1% 0603 switch A off when the driver is unpowered,,,0603,GENERIC,,0.003000,0.0030,"estimate class:res_0603_1pct: GENERIC class rule, reel price of a typical equivalent. LCSC C2906982 FRC0603F1002TS (0603); US$0.003 at 5000+; 10 kOhm 1 %; read 2026-10...",high,0.003000,REAL: class example LCSC C2906982 @5000+ break (annual qty 5000)
68,1,SYS-IO-AUX: 1,10k,Resistor 10k 1% 0603 GD switch and switch B off when the driver is unpowered,,,0603,GENERIC,,0.003000,0.0030,"estimate class:res_0603_1pct: GENERIC class rule, reel price of a typical equivalent. LCSC C2906982 FRC0603F1002TS (0603); US$0.003 at 5000+; 10 kOhm 1 %; read 2026-10...",high,0.003000,REAL: class example LCSC C2906982 @5000+ break (annual qty 5000)
69,12,SYS-IO-AUX: 12,10k,Resistor 10k 0.1% 0603 25 ppm,,,0603,GENERIC,,0.003900,0.0468,"estimate class:res_0603_0.1pct: GENERIC class rule, reel price of a typical equivalent. LCSC C5126214 FRH0603B1002TS (0603); US$0.0039 at 5000+; 10 kOhm 0.1 %; read 2026...",high,0.003300,REAL: class example LCSC C5126214 @50000+ break (annual qty 60000)
70,3,AUX-HV_DAB: 3,10k,Resistor 10k 1% 1206,,,1206,GENERIC,,0.002300,0.0069,"estimate class:res_1206_1pct: GENERIC class rule, reel price of a typical equivalent. LCSC C305316 WR12X1581FTL (1206); US$0.0023 at 5000+; 1.58 kOhm 1 %; read 2026-10...",high,0.002100,REAL: class example LCSC C305316 @10000+ break (annual qty 15000)
71,26,AUX-HV_DAB: 2; DAB60: 24,10k,Resistor 10k 0.1% 0603,,,0603,GENERIC,,0.003900,0.1014,"estimate class:res_0603_0.1pct: GENERIC class rule, reel price of a typical equivalent. LCSC C5126214 FRH0603B1002TS (0603); US$0.0039 at 5000+; 10 kOhm 0.1 %; read 2026...",high,0.003200,REAL: class example LCSC C5126214 @100000+ break (annual qty 130000)
72,8,DAB60: 8,10k,Resistor 10k 1% 0603 pull-down: open input = gate off,,,0603,GENERIC,,0.003000,0.0240,"estimate class:res_0603_1pct: GENERIC class rule, reel price of a typical equivalent. LCSC C2906982 FRC0603F1002TS (0603); US$0.003 at 5000+; 10 kOhm 1 %; read 2026-10...",high,0.002900,REAL: class example LCSC C2906982 @10000+ break (annual qty 40000)
73,2,DAB60: 2,10k,Resistor 10k 1% 0603 EN pull-down: unpowered logic = drivers disabled,,,0603,GENERIC,,0.003000,0.0060,"estimate class:res_0603_1pct: GENERIC class rule, reel price of a typical equivalent. LCSC C2906982 FRC0603F1002TS (0603); US$0.003 at 5000+; 10 kOhm 1 %; read 2026-10...",high,0.002900,REAL: class example LCSC C2906982 @10000+ break (annual qty 10000)
74,2,DAB60: 2,10k,"Resistor 10k 1% 0805 gate-source: off by default, VGS 13 V",,,0805,GENERIC,,0.001500,0.0030,"estimate class:res_0805_1pct: GENERIC class rule, reel price of a typical equivalent. LCSC C17878 0805W8F976JT5E (0805); US$0.0015 at 5000+; 97.6 Ohm 1 %; read 2026-10...",high,0.001400,REAL: class example LCSC C17878 @10000+ break (annual qty 10000)
75,4,DAB60: 4,10k,Resistor 10k 1% 0603 limits the input clamp current on the falling edge,,,0603,GENERIC,,0.003000,0.0120,"estimate class:res_0603_1pct: GENERIC class rule, reel price of a typical equivalent. LCSC C2906982 FRC0603F1002TS (0603); US$0.003 at 5000+; 10 kOhm 1 %; read 2026-10...",high,0.002900,REAL: class example LCSC C2906982 @10000+ break (annual qty 20000)
76,1,DAB60: 1,10k,Resistor 10k 1% 0603 OV monitor unpowered = trip,,,0603,GENERIC,,0.003000,0.0030,"estimate class:res_0603_1pct: GENERIC class rule, reel price of a typical equivalent. LCSC C2906982 FRC0603F1002TS (0603); US$0.003 at 5000+; 10 kOhm 1 %; read 2026-10...",high,0.003000,REAL: class example LCSC C2906982 @5000+ break (annual qty 5000)
77,9,SYS-IO-AUX: 9,10n 100V,Capacitor 10n 10% 100V X7R 0603,,,0603,GENERIC,,0.011100,0.0999,"estimate class:mlcc_0603_x7r_100v_le100n: GENERIC class rule, reel price of a typical equivalent. LCSC C113803 CC0603KRX7R0BB104 (0603); US$0.0111 at 4000+; read 2026-10-04 via th...",high,0.010700,REAL: class example LCSC C113803 @8000+ break (annual qty 45000)
78,2,CTRL-C2000: 2,10n 16V,Capacitor 10n 16V X7R 0402,,,0402,GENERIC,,0.004700,0.0094,"estimate class:mlcc_0402_x7r_16v_le100n: GENERIC class rule, reel price of a typical equivalent. LCSC C1525 CL05B104KO5NNNC (0402); US$0.0047 at 3000+; read 2026-10-04 via the jl...",high,0.004400,REAL: class example LCSC C1525 @10000+ break (annual qty 10000)
79,8,AUX-HV_DAB: 1; CTRL-C2000: 4; SYS-IO-AUX: 3,10n 50V,Capacitor 10n 50V X7R 0603,,,0603,GENERIC,,0.009200,0.0736,"estimate class:mlcc_0603_x7r_50v_le100n: GENERIC class rule, reel price of a typical equivalent. LCSC C14663 CC0603KRX7R9BB104 (0603); US$0.0092 at 4000+; read 2026-10-04 via the...",high,0.009000,REAL: class example LCSC C14663 @24100+ break (annual qty 40000)
80,7,SYS-IO-AUX: 7,10n 50V,Capacitor 10n 10% 50V X7R 0603,,,0603,GENERIC,,0.009200,0.0644,"estimate class:mlcc_0603_x7r_50v_le100n: GENERIC class rule, reel price of a typical equivalent. LCSC C14663 CC0603KRX7R9BB104 (0603); US$0.0092 at 4000+; read 2026-10-04 via the...",high,0.009000,REAL: class example LCSC C14663 @24100+ break (annual qty 35000)
81,1,AUX-HV_DAB: 1,10n 50V,Capacitor 10n 5% 50V C0G 0805,,,0805,GENERIC,,0.136200,0.1362,"estimate class:mlcc_0805_c0g_50v_le100n: GENERIC class rule, reel price of a typical equivalent. LCSC C97946 GRM31C5C1H104JA01L (1206); US$0.1362 at 4000+; no 0805 C0G >= 10 nF i...",low,0.136200,REAL: class example LCSC C97946 @4000+ break (annual qty 5000)
82,2,DAB60: 2,10n 50V,Capacitor 10n 50V C0G 0603,,,0603,GENERIC,,0.028200,0.0564,"estimate class:mlcc_0603_c0g_50v_le100n: GENERIC class rule, reel price of a typical equivalent. LCSC C576818 CC0603JRNPO9BN472 (0603); US$0.0282 at 4000+; example is 4.7 nF; rea...",high,0.026700,REAL: class example LCSC C576818 @8000+ break (annual qty 10000)
83,2,DAB60: 2,10p 50V,Capacitor 10p 5% 50V C0G 0603,,,0603,GENERIC,,0.005500,0.0110,"estimate class:mlcc_0603_c0g_50v_le1n: GENERIC class rule, reel price of a typical equivalent. LCSC C14665 CC0603JRNPO9BN101 (0603); US$0.0055 at 4000+; example is 100 pF; read...",high,0.005300,REAL: class example LCSC C14665 @8000+ break (annual qty 10000)
84,21,BMU-GW: 3; CTRL-C2000: 2; DAB60: 4; SYS-IO-AUX: 12,10u 16V,Capacitor 10u 16V X7R 0805,,,0805,GENERIC,,0.054800,1.1508,"estimate class:mlcc_0805_x7r_16v_le10u: GENERIC class rule, reel price of a typical equivalent. LCSC C3039694 CL21B106KAYQNNE (0805); US$0.0548 at 4000+; example is 10 uF 25 V;...",high,0.054800,REAL: class example LCSC C3039694 @4000+ break (annual qty 105000)
85,2,CTRL-C2000: 2,10u 25V,Capacitor 10u 25V X7R 1210,,,1210,GENERIC,,0.134100,0.2682,"estimate class:mlcc_1210_x7r_25v_le10u: GENERIC class rule, reel price of a typical equivalent. LCSC C39232 CL32B106KAJNNNE (1210); US$0.1341 at 5000+; example is 10 uF 25 V; re...",high,0.134100,REAL: class example LCSC C39232 @5000+ break (annual qty 10000)
86,20,CTRL-C2000: 5; SYS-IO-AUX: 15,10u 50V,Capacitor 10u 10% 50V X7R 1210,,,1210,GENERIC,,0.148600,2.9720,"estimate class:mlcc_1210_x7r_50v_le10u: GENERIC class rule, reel price of a typical equivalent. LCSC C381467 FS32X106K500EGG (1210); US$0.1486 at 5000+; example is 10 uF 50 V; r...",high,0.148600,REAL: class example LCSC C381467 @5000+ break (annual qty 100000)
87,28,AUX-HV_DAB: 12; DAB60: 16,10u 50V,Capacitor 10u 50V X7R 1210,,,1210,GENERIC,,0.148600,4.1608,"estimate class:mlcc_1210_x7r_50v_le10u: GENERIC class rule, reel price of a typical equivalent. LCSC C381467 FS32X106K500EGG (1210); US$0.1486 at 5000+; example is 10 uF 50 V; r...",high,0.148600,REAL: class example LCSC C381467 @5000+ break (annual qty 140000)
88,1,CTRL-C2000: 1,10u 6.3V,Capacitor 10u 10% 6.3V X7R 0805,,,0805,GENERIC,,0.049200,0.0492,"estimate class:mlcc_0805_x7r_10v_le10u: GENERIC class rule, reel price of a typical equivalent. LCSC C5189822 CS2012X7R106M100NRE (0805); US$0.0492 at 3000+; example is 10 uF 10...",high,0.049200,REAL: class example LCSC C5189822 @3000+ break (annual qty 5000)
89,1,AUX-HV_DAB: 1,11.5k,Resistor 11.5k 0.1% 0603,,,0603,GENERIC,,0.003900,0.0039,"estimate class:res_0603_0.1pct: GENERIC class rule, reel price of a typical equivalent. LCSC C5126214 FRH0603B1002TS (0603); US$0.0039 at 5000+; 10 kOhm 0.1 %; read 2026...",high,0.003900,REAL: class example LCSC C5126214 @5000+ break (annual qty 5000)
90,8,DAB60: 8,113k,Resistor 113k 0.1% 0603,,,0603,GENERIC,,0.003900,0.0312,"estimate class:res_0603_0.1pct: GENERIC class rule, reel price of a typical equivalent. LCSC C5126214 FRH0603B1002TS (0603); US$0.0039 at 5000+; 10 kOhm 0.1 %; read 2026...",high,0.003500,REAL: class example LCSC C5126214 @10000+ break (annual qty 40000)
91,8,DAB60: 8,118k,Resistor 118k 0.1% 0603,,,0603,GENERIC,,0.003900,0.0312,"estimate class:res_0603_0.1pct: GENERIC class rule, reel price of a typical equivalent. LCSC C5126214 FRH0603B1002TS (0603); US$0.0039 at 5000+; 10 kOhm 0.1 %; read 2026...",high,0.003500,REAL: class example LCSC C5126214 @10000+ break (annual qty 40000)
92,1,CTRL-C2000: 1,12.1k,Resistor 12.1k 1% 0603,,,0603,GENERIC,,0.003000,0.0030,"estimate class:res_0603_1pct: GENERIC class rule, reel price of a typical equivalent. LCSC C2906982 FRC0603F1002TS (0603); US$0.003 at 5000+; 10 kOhm 1 %; read 2026-10...",high,0.003000,REAL: class example LCSC C2906982 @5000+ break (annual qty 5000)
93,14,CTRL-C2000: 4; DAB60: 10,120R,Resistor 120R 1% 0603,,,0603,GENERIC,,0.003000,0.0420,"estimate class:res_0603_1pct: GENERIC class rule, reel price of a typical equivalent. LCSC C2906982 FRC0603F1002TS (0603); US$0.003 at 5000+; 10 kOhm 1 %; read 2026-10...",high,0.002800,REAL: class example LCSC C2906982 @50200+ break (annual qty 70000)
94,3,BMU-GW: 1; SYS-IO-AUX: 2,120R,Resistor 120R 1% 0805,,,0805,GENERIC,,0.001500,0.0045,"estimate class:res_0805_1pct: GENERIC class rule, reel price of a typical equivalent. LCSC C17878 0805W8F976JT5E (0805); US$0.0015 at 5000+; 97.6 Ohm 1 %; read 2026-10...",high,0.001400,REAL: class example LCSC C17878 @10000+ break (annual qty 15000)
95,1,CTRL-C2000: 1,120k,Resistor 120k 1% 0603,,,0603,GENERIC,,0.003000,0.0030,"estimate class:res_0603_1pct: GENERIC class rule, reel price of a typical equivalent. LCSC C2906982 FRC0603F1002TS (0603); US$0.003 at 5000+; 10 kOhm 1 %; read 2026-10...",high,0.003000,REAL: class example LCSC C2906982 @5000+ break (annual qty 5000)
96,3,SYS-IO-AUX: 3,121k,Resistor 121k 1% 0603,,,0603,GENERIC,,0.003000,0.0090,"estimate class:res_0603_1pct: GENERIC class rule, reel price of a typical equivalent. LCSC C2906982 FRC0603F1002TS (0603); US$0.003 at 5000+; 10 kOhm 1 %; read 2026-10...",high,0.002900,REAL: class example LCSC C2906982 @10000+ break (annual qty 15000)
97,8,DAB60: 8,124R,Resistor 124R 1% 0805,,,0805,GENERIC,,0.001500,0.0120,"estimate class:res_0805_1pct: GENERIC class rule, reel price of a typical equivalent. LCSC C17878 0805W8F976JT5E (0805); US$0.0015 at 5000+; 97.6 Ohm 1 %; read 2026-10...",high,0.001400,REAL: class example LCSC C17878 @10000+ break (annual qty 40000)
98,1,AUX-HV_DAB: 1,13.7k,Resistor 13.7k 1% 0603,,,0603,GENERIC,,0.003000,0.0030,"estimate class:res_0603_1pct: GENERIC class rule, reel price of a typical equivalent. LCSC C2906982 FRC0603F1002TS (0603); US$0.003 at 5000+; 10 kOhm 1 %; read 2026-10...",high,0.003000,REAL: class example LCSC C2906982 @5000+ break (annual qty 5000)
99,2,DAB60: 2,133k,Resistor 133k 0.1% 0603 hold readback,,,0603,GENERIC,,0.003900,0.0078,"estimate class:res_0603_0.1pct: GENERIC class rule, reel price of a typical equivalent. LCSC C5126214 FRH0603B1002TS (0603); US$0.0039 at 5000+; 10 kOhm 0.1 %; read 2026...",high,0.003500,REAL: class example LCSC C5126214 @10000+ break (annual qty 10000)
100,1,AUX-HV_DAB: 1,137k,Resistor 137k 0.1% 0603,,,0603,GENERIC,,0.003900,0.0039,"estimate class:res_0603_0.1pct: GENERIC class rule, reel price of a typical equivalent. LCSC C5126214 FRH0603B1002TS (0603); US$0.0039 at 5000+; 10 kOhm 0.1 %; read 2026...",high,0.003900,REAL: class example LCSC C5126214 @5000+ break (annual qty 5000)
101,1,SYS-IO-AUX: 1,14.7k,Resistor 14.7k 1% 0603,,,0603,GENERIC,,0.003000,0.0030,"estimate class:res_0603_1pct: GENERIC class rule, reel price of a typical equivalent. LCSC C2906982 FRC0603F1002TS (0603); US$0.003 at 5000+; 10 kOhm 1 %; read 2026-10...",high,0.003000,REAL: class example LCSC C2906982 @5000+ break (annual qty 5000)
102,2,DAB60: 2,149k,Resistor 149k 0.1% 0603,,,0603,GENERIC,,0.003900,0.0078,"estimate class:res_0603_0.1pct: GENERIC class rule, reel price of a typical equivalent. LCSC C5126214 FRH0603B1002TS (0603); US$0.0039 at 5000+; 10 kOhm 0.1 %; read 2026...",high,0.003500,REAL: class example LCSC C5126214 @10000+ break (annual qty 10000)
103,1,AUX-HV_DAB: 1,150R,Resistor 150R 1% 2512 1 W,,,2512,GENERIC,,0.025800,0.0258,"estimate class:res_2512_1pct: GENERIC class rule, reel price of a typical equivalent. LCSC C2934076 FRC2512F4702TS (2512); US$0.0258 at 4000+; 47 kOhm 1 W 1 %; read 20...",high,0.025800,REAL: class example LCSC C2934076 @4000+ break (annual qty 5000)
104,1,AUX-HV_DAB: 1,150n 25V,Capacitor 150n 25V X7R 0603,,,0603,GENERIC,,0.016000,0.0160,"estimate class:mlcc_0603_x7r_25v_le1u: GENERIC class rule, reel price of a typical equivalent. LCSC C29936 CL10B105KA8NNNC (0603); US$0.016 at 4000+; example is 1 uF 25 V; read...",high,0.016000,REAL: class example LCSC C29936 @4000+ break (annual qty 5000)
105,1,AUX-HV_DAB: 1,150p 50V,Capacitor 150p 50V C0G 0603,,,0603,GENERIC,,0.005500,0.0055,"estimate class:mlcc_0603_c0g_50v_le1n: GENERIC class rule, reel price of a typical equivalent. LCSC C14665 CC0603JRNPO9BN101 (0603); US$0.0055 at 4000+; example is 100 pF; read...",high,0.005500,REAL: class example LCSC C14665 @4000+ break (annual qty 5000)
106,7,DAB60: 4; SYS-IO-AUX: 3,15k,Resistor 15k 1% 0603,,,0603,GENERIC,,0.003000,0.0210,"estimate class:res_0603_1pct: GENERIC class rule, reel price of a typical equivalent. LCSC C2906982 FRC0603F1002TS (0603); US$0.003 at 5000+; 10 kOhm 1 %; read 2026-10...",high,0.002900,REAL: class example LCSC C2906982 @10000+ break (annual qty 35000)
107,1,AUX-HV_DAB: 1,15n 50V,Capacitor 15n 5% 50V C0G 0805,,,0805,GENERIC,,0.136200,0.1362,"estimate class:mlcc_0805_c0g_50v_le100n: GENERIC class rule, reel price of a typical equivalent. LCSC C97946 GRM31C5C1H104JA01L (1206); US$0.1362 at 4000+; no 0805 C0G >= 10 nF i...",low,0.136200,REAL: class example LCSC C97946 @4000+ break (annual qty 5000)
108,1,SYS-IO-AUX: 1,16.9k,Resistor 16.9k 0.1% 0603 10 ppm/K thin film,,,0603,GENERIC,,0.041000,0.0410,"estimate class:res_0603_0.1pct_10ppm: GENERIC class rule, reel price of a typical equivalent. LCSC C190610 ERA3AEB103V (0603); US$0.041 at 5000+; Panasonic ERA-3A thin film 0....",medium,0.041000,REAL: class example LCSC C190610 @5000+ break (annual qty 5000)
109,1,AUX-HV_DAB: 1,16.9k,Resistor 16.9k 0.1% 0603,,,0603,GENERIC,,0.003900,0.0039,"estimate class:res_0603_0.1pct: GENERIC class rule, reel price of a typical equivalent. LCSC C5126214 FRH0603B1002TS (0603); US$0.0039 at 5000+; 10 kOhm 0.1 %; read 2026...",high,0.003900,REAL: class example LCSC C5126214 @5000+ break (annual qty 5000)
110,1,SYS-IO-AUX: 1,18.7k,Resistor 18.7k 0.1% 0603 10 ppm/K thin film,,,0603,GENERIC,,0.041000,0.0410,"estimate class:res_0603_0.1pct_10ppm: GENERIC class rule, reel price of a typical equivalent. LCSC C190610 ERA3AEB103V (0603); US$0.041 at 5000+; Panasonic ERA-3A thin film 0....",medium,0.041000,REAL: class example LCSC C190610 @5000+ break (annual qty 5000)
111,2,DAB60: 2,196k,Resistor 196k 0.1% 0603,,,0603,GENERIC,,0.003900,0.0078,"estimate class:res_0603_0.1pct: GENERIC class rule, reel price of a typical equivalent. LCSC C5126214 FRH0603B1002TS (0603); US$0.0039 at 5000+; 10 kOhm 0.1 %; read 2026...",high,0.003500,REAL: class example LCSC C5126214 @10000+ break (annual qty 10000)
112,1,SYS-IO-AUX: 1,1M,Resistor 1M 1% 0603 hysteresis,,,0603,GENERIC,,0.003000,0.0030,"estimate class:res_0603_1pct: GENERIC class rule, reel price of a typical equivalent. LCSC C2906982 FRC0603F1002TS (0603); US$0.003 at 5000+; 10 kOhm 1 %; read 2026-10...",high,0.003000,REAL: class example LCSC C2906982 @5000+ break (annual qty 5000)
113,5,BMU-GW: 1; SYS-IO-AUX: 4,1M,Resistor 1M 1% 1206,,,1206,GENERIC,,0.002300,0.0115,"estimate class:res_1206_1pct: GENERIC class rule, reel price of a typical equivalent. LCSC C305316 WR12X1581FTL (1206); US$0.0023 at 5000+; 1.58 kOhm 1 %; read 2026-10...",high,0.002100,REAL: class example LCSC C305316 @10000+ break (annual qty 25000)
114,11,AUX-HV_DAB: 3; DAB60: 8,1M,Resistor 1M 1% 0603,,,0603,GENERIC,,0.003000,0.0330,"estimate class:res_0603_1pct: GENERIC class rule, reel price of a typical equivalent. LCSC C2906982 FRC0603F1002TS (0603); US$0.003 at 5000+; 10 kOhm 1 %; read 2026-10...",high,0.002800,REAL: class example LCSC C2906982 @50200+ break (annual qty 55000)
115,8,DAB60: 8,1R,"Resistor 1R 1% 2512 Ron, pulse-rated thick film 1 W",,,2512,GENERIC,,0.147800,1.1824,"estimate class:res_2512_1pct_pulse: GENERIC class rule, reel price of a typical equivalent. LCSC C2991665 RPL-12K10R0FT (2512); US$0.1478 at 4000+; pulse-rated 2512 thick fi...",low,0.147800,REAL: class example LCSC C2991665 @4000+ break (annual qty 40000)
116,26,AUX-HV_DAB: 5; CTRL-C2000: 5; DAB60: 2; SYS-IO-AUX: 14,1k,Resistor 1k 1% 0603,,,0603,GENERIC,,0.003000,0.0780,"estimate class:res_0603_1pct: GENERIC class rule, reel price of a typical equivalent. LCSC C2906982 FRC0603F1002TS (0603); US$0.003 at 5000+; 10 kOhm 1 %; read 2026-10...",high,0.002800,REAL: class example LCSC C2906982 @50200+ break (annual qty 130000)
117,1,SYS-IO-AUX: 1,1k,Resistor 1k 1% 0603 HGATE series R1,,,0603,GENERIC,,0.003000,0.0030,"estimate class:res_0603_1pct: GENERIC class rule, reel price of a typical equivalent. LCSC C2906982 FRC0603F1002TS (0603); US$0.003 at 5000+; 10 kOhm 1 %; read 2026-10...",high,0.003000,REAL: class example LCSC C2906982 @5000+ break (annual qty 5000)
118,9,SYS-IO-AUX: 9,1k,Resistor 1k 1% MELF 0204 0.25 W RTHR,,,MELF 0204,GENERIC,,0.026700,0.2403,"estimate class:res_melf0204_1pct: GENERIC class rule, reel price of a typical equivalent. LCSC C1855852 SMM02040C1001FB000 (MELF-0204); US$0.0267 at 5000+; Vishay-type SMM...",high,0.025300,REAL: class example LCSC C1855852 @10000+ break (annual qty 45000)
119,2,SYS-IO-AUX: 2,1k,Resistor 1k 1% 0603 CTRL input cannot back-drive the chain,,,0603,GENERIC,,0.003000,0.0060,"estimate class:res_0603_1pct: GENERIC class rule, reel price of a typical equivalent. LCSC C2906982 FRC0603F1002TS (0603); US$0.003 at 5000+; 10 kOhm 1 %; read 2026-10...",high,0.002900,REAL: class example LCSC C2906982 @10000+ break (annual qty 10000)
120,4,SYS-IO-AUX: 4,1k,Resistor 1k 1% 0603 SNS unused (datasheet table 6-2),,,0603,GENERIC,,0.003000,0.0120,"estimate class:res_0603_1pct: GENERIC class rule, reel price of a typical equivalent. LCSC C2906982 FRC0603F1002TS (0603); US$0.003 at 5000+; 10 kOhm 1 %; read 2026-10...",high,0.002900,REAL: class example LCSC C2906982 @10000+ break (annual qty 20000)
121,1,BMU-GW: 1,1k,Resistor 1k 1% 0603 5 mA preload,,,0603,GENERIC,,0.003000,0.0030,"estimate class:res_0603_1pct: GENERIC class rule, reel price of a typical equivalent. LCSC C2906982 FRC0603F1002TS (0603); US$0.003 at 5000+; 10 kOhm 1 %; read 2026-10...",high,0.003000,REAL: class example LCSC C2906982 @5000+ break (annual qty 5000)
122,1,DAB60: 1,1k,Resistor 1k 0.1% 0603,,,0603,GENERIC,,0.003900,0.0039,"estimate class:res_0603_0.1pct: GENERIC class rule, reel price of a typical equivalent. LCSC C5126214 FRH0603B1002TS (0603); US$0.0039 at 5000+; 10 kOhm 0.1 %; read 2026...",high,0.003900,REAL: class example LCSC C5126214 @5000+ break (annual qty 5000)
123,21,AUX-HV_DAB: 1; CTRL-C2000: 20,1n 50V,Capacitor 1n 5% 50V C0G 0603,,,0603,GENERIC,,0.005500,0.1155,"estimate class:mlcc_0603_c0g_50v_le1n: GENERIC class rule, reel price of a typical equivalent. LCSC C14665 CC0603JRNPO9BN101 (0603); US$0.0055 at 4000+; example is 100 pF; read...",high,0.005100,REAL: class example LCSC C14665 @48200+ break (annual qty 105000)
124,29,AUX-HV_DAB: 1; CTRL-C2000: 4; DAB60: 24,1n 50V,Capacitor 1n 50V X7R 0603,,,0603,GENERIC,,0.004300,0.1247,"estimate class:mlcc_0603_x7r_50v_le1n: GENERIC class rule, reel price of a typical equivalent. LCSC C1588 CL10B102KB8NNNC (0603); US$0.0043 at 4000+; read 2026-10-04 via the jl...",high,0.004100,REAL: class example LCSC C1588 @24100+ break (annual qty 145000)
125,7,DAB60: 2; SYS-IO-AUX: 5,1n 50V,Capacitor 1n 10% 50V X7R 0603,,,0603,GENERIC,,0.004300,0.0301,"estimate class:mlcc_0603_x7r_50v_le1n: GENERIC class rule, reel price of a typical equivalent. LCSC C1588 CL10B102KB8NNNC (0603); US$0.0043 at 4000+; read 2026-10-04 via the jl...",high,0.004100,REAL: class example LCSC C1588 @24100+ break (annual qty 35000)
126,2,DAB60: 2,1n 50V,Capacitor 1n 50V C0G 0603,,,0603,GENERIC,,0.005500,0.0110,"estimate class:mlcc_0603_c0g_50v_le1n: GENERIC class rule, reel price of a typical equivalent. LCSC C14665 CC0603JRNPO9BN101 (0603); US$0.0055 at 4000+; example is 100 pF; read...",high,0.005300,REAL: class example LCSC C14665 @8000+ break (annual qty 10000)
127,29,CTRL-C2000: 6; DAB60: 20; SYS-IO-AUX: 3,1u 16V,Capacitor 1u 16V X7R 0603,,,0603,GENERIC,,0.015800,0.4582,"estimate class:mlcc_0603_x7r_16v_le1u: GENERIC class rule, reel price of a typical equivalent. LCSC C59782 CL10B105KO8NNNC (0603); US$0.0158 at 4000+; example is 1 uF 16 V; rea...",high,0.015200,REAL: class example LCSC C59782 @48000+ break (annual qty 145000)
128,3,CTRL-C2000: 2; SYS-IO-AUX: 1,1u 16V,Capacitor 1u 10% 16V X7R 0603,,,0603,GENERIC,,0.015800,0.0474,"estimate class:mlcc_0603_x7r_16v_le1u: GENERIC class rule, reel price of a typical equivalent. LCSC C59782 CL10B105KO8NNNC (0603); US$0.0158 at 4000+; example is 1 uF 16 V; rea...",high,0.015800,REAL: class example LCSC C59782 @4000+ break (annual qty 15000)
129,1,AUX-HV_DAB: 1,1u 25V,Capacitor 1u 25V X7R 0603,,,0603,GENERIC,,0.016000,0.0160,"estimate class:mlcc_0603_x7r_25v_le1u: GENERIC class rule, reel price of a typical equivalent. LCSC C29936 CL10B105KA8NNNC (0603); US$0.016 at 4000+; example is 1 uF 25 V; read...",high,0.016000,REAL: class example LCSC C29936 @4000+ break (annual qty 5000)
130,16,DAB60: 16,1u 25V,Capacitor 1u 25V X7R 0805,,,0805,GENERIC,,0.035800,0.5728,"estimate class:mlcc_0805_x7r_25v_le1u: GENERIC class rule, reel price of a typical equivalent. LCSC C28323 CL21B105KBFNNNE (0805); US$0.0358 at 2000+; example is 1 uF 50 V; rea...",high,0.034500,REAL: class example LCSC C28323 @20000+ break (annual qty 80000)
131,6,CTRL-C2000: 6,1u 50V,Capacitor 1u 50V X7R 1206,,,1206,GENERIC,,0.035800,0.2148,"estimate class:mlcc_1206_x7r_50v_le1u: GENERIC class rule, reel price of a typical equivalent. LCSC C1848 CL31B105KBHNNNE (1206); US$0.0358 at 4000+; example is 1 uF 50 V; read...",high,0.035200,REAL: class example LCSC C1848 @10000+ break (annual qty 30000)
132,2,DAB60: 2,1u 50V,Capacitor 1u 10% 50V X7R 1206,,,1206,GENERIC,,0.035800,0.0716,"estimate class:mlcc_1206_x7r_50v_le1u: GENERIC class rule, reel price of a typical equivalent. LCSC C1848 CL31B105KBHNNNE (1206); US$0.0358 at 4000+; example is 1 uF 50 V; read...",high,0.035200,REAL: class example LCSC C1848 @10000+ break (annual qty 10000)
133,14,CTRL-C2000: 14,1u 6.3V,Capacitor 1u 10% 6.3V X7R 0402,,,0402,GENERIC,,0.003800,0.0532,"estimate class:mlcc_0402_x7r_10v_le1u: GENERIC class rule, reel price of a typical equivalent. LCSC C5448871 TCC0402X7R105K6R3AT (0402); US$0.0038 at 1500+; read 2026-10-04 via...",high,0.002800,REAL: class example LCSC C5448871 @50000+ break (annual qty 70000)
134,1,SYS-IO-AUX: 1,2.00k,Resistor 2.00k 0.1% 0603 10 ppm/K thin film,,,0603,GENERIC,,0.041000,0.0410,"estimate class:res_0603_0.1pct_10ppm: GENERIC class rule, reel price of a typical equivalent. LCSC C190610 ERA3AEB103V (0603); US$0.041 at 5000+; Panasonic ERA-3A thin film 0....",medium,0.041000,REAL: class example LCSC C190610 @5000+ break (annual qty 5000)
135,1,SYS-IO-AUX: 1,2.15k,Resistor 2.15k 0.1% 0603 10 ppm/K thin film,,,0603,GENERIC,,0.041000,0.0410,"estimate class:res_0603_0.1pct_10ppm: GENERIC class rule, reel price of a typical equivalent. LCSC C190610 ERA3AEB103V (0603); US$0.041 at 5000+; Panasonic ERA-3A thin film 0....",medium,0.041000,REAL: class example LCSC C190610 @5000+ break (annual qty 5000)
136,4,DAB60: 4,2.1k,Resistor 2.1k 0.1% 0603,,,0603,GENERIC,,0.003900,0.0156,"estimate class:res_0603_0.1pct: GENERIC class rule, reel price of a typical equivalent. LCSC C5126214 FRH0603B1002TS (0603); US$0.0039 at 5000+; 10 kOhm 0.1 %; read 2026...",high,0.003500,REAL: class example LCSC C5126214 @10000+ break (annual qty 20000)
137,8,DAB60: 8,2.21k,Resistor 2.21k 1% 0603,,,0603,GENERIC,,0.003000,0.0240,"estimate class:res_0603_1pct: GENERIC class rule, reel price of a typical equivalent. LCSC C2906982 FRC0603F1002TS (0603); US$0.003 at 5000+; 10 kOhm 1 %; read 2026-10...",high,0.002900,REAL: class example LCSC C2906982 @10000+ break (annual qty 40000)
138,6,AUX-HV_DAB: 1; CTRL-C2000: 5,2.2k,Resistor 2.2k 1% 0603,,,0603,GENERIC,,0.003000,0.0180,"estimate class:res_0603_1pct: GENERIC class rule, reel price of a typical equivalent. LCSC C2906982 FRC0603F1002TS (0603); US$0.003 at 5000+; 10 kOhm 1 %; read 2026-10...",high,0.002900,REAL: class example LCSC C2906982 @10000+ break (annual qty 30000)
139,1,SYS-IO-AUX: 1,2.2k,Resistor 2.2k 1% 1206,,,1206,GENERIC,,0.002300,0.0023,"estimate class:res_1206_1pct: GENERIC class rule, reel price of a typical equivalent. LCSC C305316 WR12X1581FTL (1206); US$0.0023 at 5000+; 1.58 kOhm 1 %; read 2026-10...",high,0.002300,REAL: class example LCSC C305316 @5000+ break (annual qty 5000)
140,1,SYS-IO-AUX: 1,2.2k,Resistor 2.2k 1% 2010 0.75 W,,,2010,GENERIC,,0.010600,0.0106,"estimate class:res_2010_1pct: GENERIC class rule, reel price of a typical equivalent. LCSC C7467392 FRC2010F2201TS (2010); US$0.0106 at 4000+; 2.2 kOhm 1 %; read 2026-...",high,0.010600,REAL: class example LCSC C7467392 @4000+ break (annual qty 5000)
141,1,AUX-HV_DAB: 1,2.2n 50V,Capacitor 2.2n 50V C0G 0603,,,0603,GENERIC,,0.028200,0.0282,"estimate class:mlcc_0603_c0g_50v_le100n: GENERIC class rule, reel price of a typical equivalent. LCSC C576818 CC0603JRNPO9BN472 (0603); US$0.0282 at 4000+; example is 4.7 nF; rea...",high,0.028200,REAL: class example LCSC C576818 @4000+ break (annual qty 5000)
142,1,SYS-IO-AUX: 1,2.2u 100V,Capacitor 2.2u 10% 100V X7R 1210,,,1210,GENERIC,,0.060400,0.0604,"estimate class:mlcc_1210_x7r_100v_le10u: GENERIC class rule, reel price of a typical equivalent. LCSC C153036 FS32X225K101EGG (1210); US$0.0604 at 5000+; example is 2.2 uF 100 V;...",high,0.060400,REAL: class example LCSC C153036 @5000+ break (annual qty 5000)
143,4,AUX-HV_DAB: 1; CTRL-C2000: 1; DAB60: 2,2.2u 16V,Capacitor 2.2u 16V X7R 0603,,,0603,GENERIC,,0.016300,0.0652,"estimate class:mlcc_0603_x7r_16v_le10u: GENERIC class rule, reel price of a typical equivalent. LCSC C43922 0603B225K160NT (0603); US$0.0163 at 4000+; example is 2.2 uF 16 V; re...",high,0.016300,REAL: class example LCSC C43922 @4000+ break (annual qty 20000)
144,6,CTRL-C2000: 2; SYS-IO-AUX: 4,2.2u 16V,Capacitor 2.2u 10% 16V X7R 0603,,,0603,GENERIC,,0.016300,0.0978,"estimate class:mlcc_0603_x7r_16v_le10u: GENERIC class rule, reel price of a typical equivalent. LCSC C43922 0603B225K160NT (0603); US$0.0163 at 4000+; example is 2.2 uF 16 V; re...",high,0.015200,REAL: class example LCSC C43922 @24000+ break (annual qty 30000)
145,1,AUX-HV_DAB: 1,2.2u 25V,Capacitor 2.2u 10% 25V X7R 1206,,,1206,GENERIC,,0.047100,0.0471,"estimate class:mlcc_1206_x7r_25v_le10u: GENERIC class rule, reel price of a typical equivalent. LCSC C51205 CL31B475KBHNNNE (1206); US$0.0471 at 4000+; example is 4.7 uF rated 5...",high,0.047100,REAL: class example LCSC C51205 @4000+ break (annual qty 5000)
146,8,DAB60: 8,2.2u 50V,Capacitor 2.2u 50V X7R 0805,,,0805,GENERIC,,0.058900,0.4712,"estimate class:mlcc_0805_x7r_50v_le10u: GENERIC class rule, reel price of a typical equivalent. LCSC C125847 CC0805KKX7R9BB225 (0805); US$0.0589 at 3000+; example is 2.2 uF 50 V...",high,0.057300,REAL: class example LCSC C125847 @21000+ break (annual qty 40000)
147,2,CTRL-C2000: 2,2.49k,Resistor 2.49k 1% 0603,,,0603,GENERIC,,0.003000,0.0060,"estimate class:res_0603_1pct: GENERIC class rule, reel price of a typical equivalent. LCSC C2906982 FRC0603F1002TS (0603); US$0.003 at 5000+; 10 kOhm 1 %; read 2026-10...",high,0.002900,REAL: class example LCSC C2906982 @10000+ break (annual qty 10000)
148,1,DAB60: 1,2.61k,Resistor 2.61k 0.1% 0603 board ID DAB60-PORT with the readback network,,,0603,GENERIC,,0.003900,0.0039,"estimate class:res_0603_0.1pct: GENERIC class rule, reel price of a typical equivalent. LCSC C5126214 FRH0603B1002TS (0603); US$0.0039 at 5000+; 10 kOhm 0.1 %; read 2026...",high,0.003900,REAL: class example LCSC C5126214 @5000+ break (annual qty 5000)
149,2,DAB60: 2,2.94k,Resistor 2.94k 1% 1206,,,1206,GENERIC,,0.002300,0.0046,"estimate class:res_1206_1pct: GENERIC class rule, reel price of a typical equivalent. LCSC C305316 WR12X1581FTL (1206); US$0.0023 at 5000+; 1.58 kOhm 1 %; read 2026-10...",high,0.002100,REAL: class example LCSC C305316 @10000+ break (annual qty 10000)
150,1,DAB60: 1,20.0k,Resistor 20.0k 0.1% 0603 board ID DAB60-B1 (interfaces.ID_OHM),,,0603,GENERIC,,0.003900,0.0039,"estimate class:res_0603_0.1pct: GENERIC class rule, reel price of a typical equivalent. LCSC C5126214 FRH0603B1002TS (0603); US$0.0039 at 5000+; 10 kOhm 0.1 %; read 2026...",high,0.003900,REAL: class example LCSC C5126214 @5000+ break (annual qty 5000)
151,4,DAB60: 4,20.0k,Resistor 20.0k 0.1% 0603,,,0603,GENERIC,,0.003900,0.0156,"estimate class:res_0603_0.1pct: GENERIC class rule, reel price of a typical equivalent. LCSC C5126214 FRH0603B1002TS (0603); US$0.0039 at 5000+; 10 kOhm 0.1 %; read 2026...",high,0.003500,REAL: class example LCSC C5126214 @10000+ break (annual qty 20000)
152,2,SYS-IO-AUX: 2,200k,Resistor 200k 1% 0603,,,0603,GENERIC,,0.003000,0.0060,"estimate class:res_0603_1pct: GENERIC class rule, reel price of a typical equivalent. LCSC C2906982 FRC0603F1002TS (0603); US$0.003 at 5000+; 10 kOhm 1 %; read 2026-10...",high,0.002900,REAL: class example LCSC C2906982 @10000+ break (annual qty 10000)
153,8,DAB60: 8,220R,Resistor 220R 1% 0603,,,0603,GENERIC,,0.003000,0.0240,"estimate class:res_0603_1pct: GENERIC class rule, reel price of a typical equivalent. LCSC C2906982 FRC0603F1002TS (0603); US$0.003 at 5000+; 10 kOhm 1 %; read 2026-10...",high,0.002900,REAL: class example LCSC C2906982 @10000+ break (annual qty 40000)
154,2,DAB60: 2,220k,Resistor 220k 1% 0603 SPD_N high = varistor network open,,,0603,GENERIC,,0.003000,0.0060,"estimate class:res_0603_1pct: GENERIC class rule, reel price of a typical equivalent. LCSC C2906982 FRC0603F1002TS (0603); US$0.003 at 5000+; 10 kOhm 1 %; read 2026-10...",high,0.002900,REAL: class example LCSC C2906982 @10000+ break (annual qty 10000)
155,3,DAB60: 3,220n 50V,Capacitor 220n 50V X7R 0603,,,0603,GENERIC,,0.009100,0.0273,"estimate class:mlcc_0603_x7r_50v_le1u: GENERIC class rule, reel price of a typical equivalent. LCSC C64705 CL10B224KB8NNNC (0603); US$0.0091 at 4000+; example is 220 nF; read 2...",high,0.008600,REAL: class example LCSC C64705 @8000+ break (annual qty 15000)
156,1,AUX-HV_DAB: 1,220p 50V,Capacitor 220p 50V C0G 0603,,,0603,GENERIC,,0.005500,0.0055,"estimate class:mlcc_0603_c0g_50v_le1n: GENERIC class rule, reel price of a typical equivalent. LCSC C14665 CC0603JRNPO9BN101 (0603); US$0.0055 at 4000+; example is 100 pF; read...",high,0.005500,REAL: class example LCSC C14665 @4000+ break (annual qty 5000)
157,1,AUX-HV_DAB: 1,22R,Resistor 22R 1% 0603,,,0603,GENERIC,,0.003000,0.0030,"estimate class:res_0603_1pct: GENERIC class rule, reel price of a typical equivalent. LCSC C2906982 FRC0603F1002TS (0603); US$0.003 at 5000+; 10 kOhm 1 %; read 2026-10...",high,0.003000,REAL: class example LCSC C2906982 @5000+ break (annual qty 5000)
158,2,AUX-HV_DAB: 2,22k,Resistor 22k 1% 0603,,,0603,GENERIC,,0.003000,0.0060,"estimate class:res_0603_1pct: GENERIC class rule, reel price of a typical equivalent. LCSC C2906982 FRC0603F1002TS (0603); US$0.003 at 5000+; 10 kOhm 1 %; read 2026-10...",high,0.002900,REAL: class example LCSC C2906982 @10000+ break (annual qty 10000)
159,4,DAB60: 4,22k,Resistor 22k 1% 0603 gate-GND: off when the gate source is off,,,0603,GENERIC,,0.003000,0.0120,"estimate class:res_0603_1pct: GENERIC class rule, reel price of a typical equivalent. LCSC C2906982 FRC0603F1002TS (0603); US$0.003 at 5000+; 10 kOhm 1 %; read 2026-10...",high,0.002900,REAL: class example LCSC C2906982 @10000+ break (annual qty 20000)
160,2,DAB60: 2,22k,Resistor 22k 1% 0603 gate-GND,,,0603,GENERIC,,0.003000,0.0060,"estimate class:res_0603_1pct: GENERIC class rule, reel price of a typical equivalent. LCSC C2906982 FRC0603F1002TS (0603); US$0.003 at 5000+; 10 kOhm 1 %; read 2026-10...",high,0.002900,REAL: class example LCSC C2906982 @10000+ break (annual qty 10000)
161,8,SYS-IO-AUX: 8,22n 16V,Capacitor 22n 10% 16V X7R 0603,,,0603,GENERIC,,0.009200,0.0736,"estimate class:mlcc_0603_x7r_16v_le100n: GENERIC class rule, reel price of a typical equivalent. LCSC C14663 CC0603KRX7R9BB104 (0603); US$0.0092 at 4000+; example is rated 50 V (...",high,0.009000,REAL: class example LCSC C14663 @24100+ break (annual qty 40000)
162,2,AUX-HV_DAB: 2,22n 2kV,Capacitor 22n 2kV X7R 1812,,,1812,GENERIC,,0.193300,0.3866,"estimate class:mlcc_1812_x7r_2kv_le100n: GENERIC class rule, reel price of a typical equivalent. LCSC C5290328 FV43X223K202EGG (1812); US$0.1933 at 5000+; example is 22 nF 2 kV X...",high,0.193300,REAL: class example LCSC C5290328 @5000+ break (annual qty 10000)
163,4,CTRL-C2000: 4,22u 10V,Capacitor 22u 10% 10V X7R 0805,,,0805,GENERIC,,0.462900,1.8516,"estimate class:mlcc_0805_x7r_10v_gt10u: GENERIC class rule, reel price of a typical equivalent. LCSC C907991 GRM21BZ71A226ME15L (0805); US$0.4629 at 3000+; example is 22 uF 10 V...",high,0.459600,REAL: class example LCSC C907991 @6000+ break (annual qty 20000)
164,4,CTRL-C2000: 4,22u 10V,Capacitor 22u 10% 10V X7R 1206,,,1206,GENERIC,,0.068200,0.2728,"estimate class:mlcc_1206_x7r_10v_gt10u: GENERIC class rule, reel price of a typical equivalent. LCSC C87996 CL31B226KPHNNNE (1206); US$0.0682 at 4000+; example is 22 uF 10 V; re...",high,0.068200,REAL: class example LCSC C87996 @4000+ break (annual qty 20000)
165,6,DAB60: 6,22u 10V,Capacitor 22u 10V X7R 1206,,,1206,GENERIC,,0.068200,0.4092,"estimate class:mlcc_1206_x7r_10v_gt10u: GENERIC class rule, reel price of a typical equivalent. LCSC C87996 CL31B226KPHNNNE (1206); US$0.0682 at 4000+; example is 22 uF 10 V; re...",high,0.068200,REAL: class example LCSC C87996 @4000+ break (annual qty 30000)
166,3,CTRL-C2000: 3,22u 16V,Capacitor 22u 10% 16V X7R 1206,,,1206,GENERIC,,0.084600,0.2538,"estimate class:mlcc_1206_x7r_16v_gt10u: GENERIC class rule, reel price of a typical equivalent. LCSC C5252682 CS3216X7R226K160NRI (1206); US$0.0846 at 4000+; example is 22 uF 16...",high,0.084600,REAL: class example LCSC C5252682 @4000+ break (annual qty 15000)
167,2,SYS-IO-AUX: 2,22u 16V,Capacitor 22u 20% 16V X7R 1210,,,1210,GENERIC,,0.130200,0.2604,"estimate class:mlcc_1210_x7r_16v_gt10u: GENERIC class rule, reel price of a typical equivalent. LCSC C2918511 CS3225X7R226K250NRL (1210); US$0.1302 at 5000+; example is 22 uF 25...",medium,0.130200,REAL: class example LCSC C2918511 @5000+ break (annual qty 10000)
168,16,DAB60: 16,22u 25V,Capacitor 22u 25V X7R 1210,,,1210,GENERIC,,0.130200,2.0832,"estimate class:mlcc_1210_x7r_25v_gt10u: GENERIC class rule, reel price of a typical equivalent. LCSC C2918511 CS3225X7R226K250NRL (1210); US$0.1302 at 5000+; example is 22 uF 25...",high,0.130200,REAL: class example LCSC C2918511 @5000+ break (annual qty 80000)
169,2,DAB60: 2,22u 25V,Capacitor 22u 10% 25V X7R 1206,,,1206,GENERIC,,0.084600,0.1692,"estimate class:mlcc_1206_x7r_25v_gt10u: GENERIC class rule, reel price of a typical equivalent. LCSC C5252682 CS3216X7R226K160NRI (1206); US$0.0846 at 4000+; no 22 uF 25 V X7R i...",medium,0.084600,REAL: class example LCSC C5252682 @4000+ break (annual qty 10000)
170,12,CTRL-C2000: 1; DAB60: 10; SYS-IO-AUX: 1,24.9k,Resistor 24.9k 1% 0603,,,0603,GENERIC,,0.003000,0.0360,"estimate class:res_0603_1pct: GENERIC class rule, reel price of a typical equivalent. LCSC C2906982 FRC0603F1002TS (0603); US$0.003 at 5000+; 10 kOhm 1 %; read 2026-10...",high,0.002800,REAL: class example LCSC C2906982 @50200+ break (annual qty 60000)
171,4,DAB60: 4,25.5k,Resistor 25.5k 1% 0603,,,0603,GENERIC,,0.003000,0.0120,"estimate class:res_0603_1pct: GENERIC class rule, reel price of a typical equivalent. LCSC C2906982 FRC0603F1002TS (0603); US$0.003 at 5000+; 10 kOhm 1 %; read 2026-10...",high,0.002900,REAL: class example LCSC C2906982 @10000+ break (annual qty 20000)
172,2,DAB60: 2,270n 25V,Capacitor 270n 5% 25V C0G 1210,,,1210,GENERIC,,0.136200,0.2724,"estimate class:mlcc_1210_c0g_25v_le1u: GENERIC class rule, reel price of a typical equivalent. LCSC C97946 GRM31C5C1H104JA01L (1206); US$0.1362 at 4000+; no 270 nF C0G 1210 on...",low,0.136200,REAL: class example LCSC C97946 @4000+ break (annual qty 10000)
173,2,SYS-IO-AUX: 2,28.7k,Resistor 28.7k 1% 0603,,,0603,GENERIC,,0.003000,0.0060,"estimate class:res_0603_1pct: GENERIC class rule, reel price of a typical equivalent. LCSC C2906982 FRC0603F1002TS (0603); US$0.003 at 5000+; 10 kOhm 1 %; read 2026-10...",high,0.002900,REAL: class example LCSC C2906982 @10000+ break (annual qty 10000)
174,2,DAB60: 2,2k,Resistor 2k 0.1% 0603,,,0603,GENERIC,,0.003900,0.0078,"estimate class:res_0603_0.1pct: GENERIC class rule, reel price of a typical equivalent. LCSC C5126214 FRH0603B1002TS (0603); US$0.0039 at 5000+; 10 kOhm 0.1 %; read 2026...",high,0.003500,REAL: class example LCSC C5126214 @10000+ break (annual qty 10000)
175,2,SYS-IO-AUX: 2,3.01k,Resistor 3.01k 1% 0603,,,0603,GENERIC,,0.003000,0.0060,"estimate class:res_0603_1pct: GENERIC class rule, reel price of a typical equivalent. LCSC C2906982 FRC0603F1002TS (0603); US$0.003 at 5000+; 10 kOhm 1 %; read 2026-10...",high,0.002900,REAL: class example LCSC C2906982 @10000+ break (annual qty 10000)
176,2,CTRL-C2000: 2,3.3n 50V,Capacitor 3.3n 10% 50V X7R 0603,,,0603,GENERIC,,0.009200,0.0184,"estimate class:mlcc_0603_x7r_50v_le100n: GENERIC class rule, reel price of a typical equivalent. LCSC C14663 CC0603KRX7R9BB104 (0603); US$0.0092 at 4000+; read 2026-10-04 via the...",high,0.009200,REAL: class example LCSC C14663 @4000+ break (annual qty 10000)
177,4,DAB60: 4,3.3u 25V,Capacitor 3.3u 10% 25V X7R 0805,,,0805,GENERIC,,0.018400,0.0736,"estimate class:mlcc_0805_x7r_25v_le10u: GENERIC class rule, reel price of a typical equivalent. LCSC C7393948 TCC0805X7R335K250FT (0805); US$0.0184 at 3000+; example is 3.3 uF 2...",medium,0.016400,REAL: class example LCSC C7393948 @9000+ break (annual qty 20000)
178,1,AUX-HV_DAB: 1,3.57M,Resistor 3.57M 1% 0603,,,0603,GENERIC,,0.003000,0.0030,"estimate class:res_0603_1pct: GENERIC class rule, reel price of a typical equivalent. LCSC C2906982 FRC0603F1002TS (0603); US$0.003 at 5000+; 10 kOhm 1 %; read 2026-10...",high,0.003000,REAL: class example LCSC C2906982 @5000+ break (annual qty 5000)
179,1,SYS-IO-AUX: 1,3.57k,Resistor 3.57k 1% 0603,,,0603,GENERIC,,0.003000,0.0030,"estimate class:res_0603_1pct: GENERIC class rule, reel price of a typical equivalent. LCSC C2906982 FRC0603F1002TS (0603); US$0.003 at 5000+; 10 kOhm 1 %; read 2026-10...",high,0.003000,REAL: class example LCSC C2906982 @5000+ break (annual qty 5000)
180,1,DAB60: 1,3.65k,Resistor 3.65k 0.1% 0603,,,0603,GENERIC,,0.003900,0.0039,"estimate class:res_0603_0.1pct: GENERIC class rule, reel price of a typical equivalent. LCSC C5126214 FRH0603B1002TS (0603); US$0.0039 at 5000+; 10 kOhm 0.1 %; read 2026...",high,0.003900,REAL: class example LCSC C5126214 @5000+ break (annual qty 5000)
181,8,DAB60: 8,3.74k,Resistor 3.74k 1% 1206,,,1206,GENERIC,,0.002300,0.0184,"estimate class:res_1206_1pct: GENERIC class rule, reel price of a typical equivalent. LCSC C305316 WR12X1581FTL (1206); US$0.0023 at 5000+; 1.58 kOhm 1 %; read 2026-10...",high,0.002100,REAL: class example LCSC C305316 @10000+ break (annual qty 40000)
182,2,SYS-IO-AUX: 2,330R,Resistor 330R 1% 0603,,,0603,GENERIC,,0.003000,0.0060,"estimate class:res_0603_1pct: GENERIC class rule, reel price of a typical equivalent. LCSC C2906982 FRC0603F1002TS (0603); US$0.003 at 5000+; 10 kOhm 1 %; read 2026-10...",high,0.002900,REAL: class example LCSC C2906982 @10000+ break (annual qty 10000)
183,16,DAB60: 16,330p 50V,Capacitor 330p 5% 50V C0G 0603,,,0603,GENERIC,,0.005500,0.0880,"estimate class:mlcc_0603_c0g_50v_le1n: GENERIC class rule, reel price of a typical equivalent. LCSC C14665 CC0603JRNPO9BN101 (0603); US$0.0055 at 4000+; example is 100 pF; read...",high,0.005100,REAL: class example LCSC C14665 @48200+ break (annual qty 80000)
184,3,CTRL-C2000: 3,33R,Resistor 33R 1% 0603,,,0603,GENERIC,,0.003000,0.0090,"estimate class:res_0603_1pct: GENERIC class rule, reel price of a typical equivalent. LCSC C2906982 FRC0603F1002TS (0603); US$0.003 at 5000+; 10 kOhm 1 %; read 2026-10...",high,0.002900,REAL: class example LCSC C2906982 @10000+ break (annual qty 15000)
185,1,AUX-HV_DAB: 1,33k,Resistor 33k 1% 0603,,,0603,GENERIC,,0.003000,0.0030,"estimate class:res_0603_1pct: GENERIC class rule, reel price of a typical equivalent. LCSC C2906982 FRC0603F1002TS (0603); US$0.003 at 5000+; 10 kOhm 1 %; read 2026-10...",high,0.003000,REAL: class example LCSC C2906982 @5000+ break (annual qty 5000)
186,1,AUX-HV_DAB: 1,39n 50V,Capacitor 39n 50V X7R 0603,,,0603,GENERIC,,0.009200,0.0092,"estimate class:mlcc_0603_x7r_50v_le100n: GENERIC class rule, reel price of a typical equivalent. LCSC C14663 CC0603KRX7R9BB104 (0603); US$0.0092 at 4000+; read 2026-10-04 via the...",high,0.009200,REAL: class example LCSC C14663 @4000+ break (annual qty 5000)
187,24,CTRL-C2000: 24,4.02k,Resistor 4.02k 0.1% 0603 10ppm/K,,,0603,GENERIC,,0.041000,0.9840,"estimate class:res_0603_0.1pct_10ppm: GENERIC class rule, reel price of a typical equivalent. LCSC C190610 ERA3AEB103V (0603); US$0.041 at 5000+; Panasonic ERA-3A thin film 0....",medium,0.038900,REAL: class example LCSC C190610 @10000+ break (annual qty 120000)
188,2,DAB60: 2,4.7M,Resistor 4.7M 1% 0603,,,0603,GENERIC,,0.003000,0.0060,"estimate class:res_0603_1pct: GENERIC class rule, reel price of a typical equivalent. LCSC C2906982 FRC0603F1002TS (0603); US$0.003 at 5000+; 10 kOhm 1 %; read 2026-10...",high,0.002900,REAL: class example LCSC C2906982 @10000+ break (annual qty 10000)
189,14,AUX-HV_DAB: 4; CTRL-C2000: 2; SYS-IO-AUX: 8,4.7k,Resistor 4.7k 1% 0603,,,0603,GENERIC,,0.003000,0.0420,"estimate class:res_0603_1pct: GENERIC class rule, reel price of a typical equivalent. LCSC C2906982 FRC0603F1002TS (0603); US$0.003 at 5000+; 10 kOhm 1 %; read 2026-10...",high,0.002800,REAL: class example LCSC C2906982 @50200+ break (annual qty 70000)
190,1,SYS-IO-AUX: 1,4.7k,Resistor 4.7k 1% 0603 fan supplies off when the gate is unpowered,,,0603,GENERIC,,0.003000,0.0030,"estimate class:res_0603_1pct: GENERIC class rule, reel price of a typical equivalent. LCSC C2906982 FRC0603F1002TS (0603); US$0.003 at 5000+; 10 kOhm 1 %; read 2026-10...",high,0.003000,REAL: class example LCSC C2906982 @5000+ break (annual qty 5000)
191,2,SYS-IO-AUX: 2,4.7n 100V,Capacitor 4.7n 10% 100V X7R 0603,,,0603,GENERIC,,0.011100,0.0222,"estimate class:mlcc_0603_x7r_100v_le100n: GENERIC class rule, reel price of a typical equivalent. LCSC C113803 CC0603KRX7R0BB104 (0603); US$0.0111 at 4000+; read 2026-10-04 via th...",high,0.010700,REAL: class example LCSC C113803 @8000+ break (annual qty 10000)
192,1,BMU-GW: 1,4.7n 100V,Capacitor 4.7n 100V X7R 0603,,,0603,GENERIC,,0.011100,0.0111,"estimate class:mlcc_0603_x7r_100v_le100n: GENERIC class rule, reel price of a typical equivalent. LCSC C113803 CC0603KRX7R0BB104 (0603); US$0.0111 at 4000+; read 2026-10-04 via th...",high,0.011100,REAL: class example LCSC C113803 @4000+ break (annual qty 5000)
193,4,SYS-IO-AUX: 4,4.7n 1kV,Capacitor 4.7n 10% 1kV X7R 1206,,,1206,GENERIC,,0.025400,0.1016,"estimate class:mlcc_1206_x7r_1kv_le100n: GENERIC class rule, reel price of a typical equivalent. LCSC C107198 CC1206KKX7RCBB472 (1206); US$0.0254 at 3000+; example is 4.7 nF 1 kV...",high,0.024100,REAL: class example LCSC C107198 @6000+ break (annual qty 20000)
194,1,BMU-GW: 1,4.7n 1kV,Capacitor 4.7n 1kV X7R 1206,,,1206,GENERIC,,0.025400,0.0254,"estimate class:mlcc_1206_x7r_1kv_le100n: GENERIC class rule, reel price of a typical equivalent. LCSC C107198 CC1206KKX7RCBB472 (1206); US$0.0254 at 3000+; example is 4.7 nF 1 kV...",high,0.025400,REAL: class example LCSC C107198 @3000+ break (annual qty 5000)
195,6,DAB60: 6,4.7n 50V,Capacitor 4.7n 5% 50V C0G 0603,,,0603,GENERIC,,0.028200,0.1692,"estimate class:mlcc_0603_c0g_50v_le100n: GENERIC class rule, reel price of a typical equivalent. LCSC C576818 CC0603JRNPO9BN472 (0603); US$0.0282 at 4000+; example is 4.7 nF; rea...",high,0.025900,REAL: class example LCSC C576818 @20000+ break (annual qty 30000)
196,2,CTRL-C2000: 2,4.7u 50V,Capacitor 4.7u 50V X7R 1210,,,1210,GENERIC,,0.148600,0.2972,"estimate class:mlcc_1210_x7r_50v_le10u: GENERIC class rule, reel price of a typical equivalent. LCSC C381467 FS32X106K500EGG (1210); US$0.1486 at 5000+; example is 10 uF 50 V; r...",high,0.148600,REAL: class example LCSC C381467 @5000+ break (annual qty 10000)
197,2,SYS-IO-AUX: 2,4.7u 50V,Capacitor 4.7u 10% 50V X7R 1210,,,1210,GENERIC,,0.148600,0.2972,"estimate class:mlcc_1210_x7r_50v_le10u: GENERIC class rule, reel price of a typical equivalent. LCSC C381467 FS32X106K500EGG (1210); US$0.1486 at 5000+; example is 10 uF 50 V; r...",high,0.148600,REAL: class example LCSC C381467 @5000+ break (annual qty 10000)
198,3,DAB60: 3,4.7u 50V,Capacitor 4.7u 50V X7R 1206,,,1206,GENERIC,,0.047100,0.1413,"estimate class:mlcc_1206_x7r_50v_le10u: GENERIC class rule, reel price of a typical equivalent. LCSC C51205 CL31B475KBHNNNE (1206); US$0.0471 at 4000+; example is 4.7 uF 50 V; r...",high,0.046100,REAL: class example LCSC C51205 @10000+ break (annual qty 15000)
199,1,CTRL-C2000: 1,4.87k,Resistor 4.87k 1% 0603,,,0603,GENERIC,,0.003000,0.0030,"estimate class:res_0603_1pct: GENERIC class rule, reel price of a typical equivalent. LCSC C2906982 FRC0603F1002TS (0603); US$0.003 at 5000+; 10 kOhm 1 %; read 2026-10...",high,0.003000,REAL: class example LCSC C2906982 @5000+ break (annual qty 5000)
200,8,DAB60: 4; SYS-IO-AUX: 4,4.99k,Resistor 4.99k 1% 0603,,,0603,GENERIC,,0.003000,0.0240,"estimate class:res_0603_1pct: GENERIC class rule, reel price of a typical equivalent. LCSC C2906982 FRC0603F1002TS (0603); US$0.003 at 5000+; 10 kOhm 1 %; read 2026-10...",high,0.002900,REAL: class example LCSC C2906982 @10000+ break (annual qty 40000)
201,1,DAB60: 1,40.2k,Resistor 40.2k 0.1% 0603 board ID DAB60-B2 (interfaces.ID_OHM),,,0603,GENERIC,,0.003900,0.0039,"estimate class:res_0603_0.1pct: GENERIC class rule, reel price of a typical equivalent. LCSC C5126214 FRH0603B1002TS (0603); US$0.0039 at 5000+; 10 kOhm 0.1 %; read 2026...",high,0.003900,REAL: class example LCSC C5126214 @5000+ break (annual qty 5000)
202,4,DAB60: 4,402R,Resistor 402R 0.1% 0603,,,0603,GENERIC,,0.003900,0.0156,"estimate class:res_0603_0.1pct: GENERIC class rule, reel price of a typical equivalent. LCSC C5126214 FRH0603B1002TS (0603); US$0.0039 at 5000+; 10 kOhm 0.1 %; read 2026...",high,0.003500,REAL: class example LCSC C5126214 @10000+ break (annual qty 20000)
203,2,DAB60: 2,402k,Resistor 402k 0.1% 0603 hold readback,,,0603,GENERIC,,0.003900,0.0078,"estimate class:res_0603_0.1pct: GENERIC class rule, reel price of a typical equivalent. LCSC C5126214 FRH0603B1002TS (0603); US$0.0039 at 5000+; 10 kOhm 0.1 %; read 2026...",high,0.003500,REAL: class example LCSC C5126214 @10000+ break (annual qty 10000)
204,2,DAB60: 2,412R,Resistor 412R 0.1% 0603,,,0603,GENERIC,,0.003900,0.0078,"estimate class:res_0603_0.1pct: GENERIC class rule, reel price of a typical equivalent. LCSC C5126214 FRH0603B1002TS (0603); US$0.0039 at 5000+; 10 kOhm 0.1 %; read 2026...",high,0.003500,REAL: class example LCSC C5126214 @10000+ break (annual qty 10000)
205,1,DAB60: 1,43.2k,Resistor 43.2k 1% 0603,,,0603,GENERIC,,0.003000,0.0030,"estimate class:res_0603_1pct: GENERIC class rule, reel price of a typical equivalent. LCSC C2906982 FRC0603F1002TS (0603); US$0.003 at 5000+; 10 kOhm 1 %; read 2026-10...",high,0.003000,REAL: class example LCSC C2906982 @5000+ break (annual qty 5000)
206,25,DAB60: 20; SYS-IO-AUX: 5,470R,Resistor 470R 1% 0603,,,0603,GENERIC,,0.003000,0.0750,"estimate class:res_0603_1pct: GENERIC class rule, reel price of a typical equivalent. LCSC C2906982 FRC0603F1002TS (0603); US$0.003 at 5000+; 10 kOhm 1 %; read 2026-10...",high,0.002800,REAL: class example LCSC C2906982 @50200+ break (annual qty 125000)
207,1,SYS-IO-AUX: 1,470p 2kV,Capacitor 470p 5% 2kV C0G 1206,,,1206,GENERIC,,0.037600,0.0376,"estimate class:mlcc_1206_c0g_2kv_le1n: GENERIC class rule, reel price of a typical equivalent. LCSC C113876 CC1206JKNPODBN101 (1206); US$0.0376 at 3000+; nearest listed part is...",medium,0.037600,REAL: class example LCSC C113876 @3000+ break (annual qty 5000)
208,1,AUX-HV_DAB: 1,470p 50V,Capacitor 470p 50V C0G 0603,,,0603,GENERIC,,0.005500,0.0055,"estimate class:mlcc_0603_c0g_50v_le1n: GENERIC class rule, reel price of a typical equivalent. LCSC C14665 CC0603JRNPO9BN101 (0603); US$0.0055 at 4000+; example is 100 pF; read...",high,0.005500,REAL: class example LCSC C14665 @4000+ break (annual qty 5000)
209,20,CTRL-C2000: 20,47R,Resistor 47R 1% 0603,,,0603,GENERIC,,0.003000,0.0600,"estimate class:res_0603_1pct: GENERIC class rule, reel price of a typical equivalent. LCSC C2906982 FRC0603F1002TS (0603); US$0.003 at 5000+; 10 kOhm 1 %; read 2026-10...",high,0.002800,REAL: class example LCSC C2906982 @50200+ break (annual qty 100000)
210,12,AUX-HV_DAB: 2; DAB60: 10,47k,Resistor 47k 1% 0603,,,0603,GENERIC,,0.003000,0.0360,"estimate class:res_0603_1pct: GENERIC class rule, reel price of a typical equivalent. LCSC C2906982 FRC0603F1002TS (0603); US$0.003 at 5000+; 10 kOhm 1 %; read 2026-10...",high,0.002800,REAL: class example LCSC C2906982 @50200+ break (annual qty 60000)
211,2,DAB60: 2,47k,Resistor 47k 1% 0603 DO line pull-down,,,0603,GENERIC,,0.003000,0.0060,"estimate class:res_0603_1pct: GENERIC class rule, reel price of a typical equivalent. LCSC C2906982 FRC0603F1002TS (0603); US$0.003 at 5000+; 10 kOhm 1 %; read 2026-10...",high,0.002900,REAL: class example LCSC C2906982 @10000+ break (annual qty 10000)
212,20,DAB60: 20,47k,"Resistor 47k 1% 2512 1 W thick film, >= 500 V working",,,2512,GENERIC,,0.025800,0.5160,"estimate class:res_2512_1pct: GENERIC class rule, reel price of a typical equivalent. LCSC C2934076 FRC2512F4702TS (2512); US$0.0258 at 4000+; 47 kOhm 1 W 1 %; read 20...",high,0.023300,REAL: class example LCSC C2934076 @20000+ break (annual qty 100000)
213,2,DAB60: 2,47k,Resistor 47k 1% 0603 DIAG pull-up (SBASA11B Fig 7-5),,,0603,GENERIC,,0.003000,0.0060,"estimate class:res_0603_1pct: GENERIC class rule, reel price of a typical equivalent. LCSC C2906982 FRC0603F1002TS (0603); US$0.003 at 5000+; 10 kOhm 1 %; read 2026-10...",high,0.002900,REAL: class example LCSC C2906982 @10000+ break (annual qty 10000)
214,1,AUX-HV_DAB: 1,47n 50V,Capacitor 47n 50V X7R 0603,,,0603,GENERIC,,0.009200,0.0092,"estimate class:mlcc_0603_x7r_50v_le100n: GENERIC class rule, reel price of a typical equivalent. LCSC C14663 CC0603KRX7R9BB104 (0603); US$0.0092 at 4000+; read 2026-10-04 via the...",high,0.009200,REAL: class example LCSC C14663 @4000+ break (annual qty 5000)
215,8,CTRL-C2000: 4; DAB60: 4,49.9R,Resistor 49.9R 1% 0603,,,0603,GENERIC,,0.003000,0.0240,"estimate class:res_0603_1pct: GENERIC class rule, reel price of a typical equivalent. LCSC C2906982 FRC0603F1002TS (0603); US$0.003 at 5000+; 10 kOhm 1 %; read 2026-10...",high,0.002900,REAL: class example LCSC C2906982 @10000+ break (annual qty 40000)
216,16,DAB60: 16,49.9k,Resistor 49.9k 0.1% 0603,,,0603,GENERIC,,0.003900,0.0624,"estimate class:res_0603_0.1pct: GENERIC class rule, reel price of a typical equivalent. LCSC C5126214 FRH0603B1002TS (0603); US$0.0039 at 5000+; 10 kOhm 0.1 %; read 2026...",high,0.003300,REAL: class example LCSC C5126214 @50000+ break (annual qty 80000)
217,1,CTRL-C2000: 1,499R,Resistor 499R 0.1% 0603 10ppm/K,,,0603,GENERIC,,0.041000,0.0410,"estimate class:res_0603_0.1pct_10ppm: GENERIC class rule, reel price of a typical equivalent. LCSC C190610 ERA3AEB103V (0603); US$0.041 at 5000+; Panasonic ERA-3A thin film 0....",medium,0.041000,REAL: class example LCSC C190610 @5000+ break (annual qty 5000)
218,1,CTRL-C2000: 1,5.23k,Resistor 5.23k 0.1% 0603 10ppm/K,,,0603,GENERIC,,0.041000,0.0410,"estimate class:res_0603_0.1pct_10ppm: GENERIC class rule, reel price of a typical equivalent. LCSC C190610 ERA3AEB103V (0603); US$0.041 at 5000+; Panasonic ERA-3A thin film 0....",medium,0.041000,REAL: class example LCSC C190610 @5000+ break (annual qty 5000)
219,1,SYS-IO-AUX: 1,5.23k,Resistor 5.23k 0.1% 0603 10 ppm/K thin film,,,0603,GENERIC,,0.041000,0.0410,"estimate class:res_0603_0.1pct_10ppm: GENERIC class rule, reel price of a typical equivalent. LCSC C190610 ERA3AEB103V (0603); US$0.041 at 5000+; Panasonic ERA-3A thin film 0....",medium,0.041000,REAL: class example LCSC C190610 @5000+ break (annual qty 5000)
220,16,CTRL-C2000: 16,5.76k,Resistor 5.76k 0.1% 0603 10ppm/K,,,0603,GENERIC,,0.041000,0.6560,"estimate class:res_0603_0.1pct_10ppm: GENERIC class rule, reel price of a typical equivalent. LCSC C190610 ERA3AEB103V (0603); US$0.041 at 5000+; Panasonic ERA-3A thin film 0....",medium,0.038900,REAL: class example LCSC C190610 @10000+ break (annual qty 80000)
221,1,AUX-HV_DAB: 1,53.6k,Resistor 53.6k 0.1% 0603,,,0603,GENERIC,,0.003900,0.0039,"estimate class:res_0603_0.1pct: GENERIC class rule, reel price of a typical equivalent. LCSC C5126214 FRH0603B1002TS (0603); US$0.0039 at 5000+; 10 kOhm 0.1 %; read 2026...",high,0.003900,REAL: class example LCSC C5126214 @5000+ break (annual qty 5000)
222,8,CTRL-C2000: 8,560R,Resistor 560R 1% 0603,,,0603,GENERIC,,0.003000,0.0240,"estimate class:res_0603_1pct: GENERIC class rule, reel price of a typical equivalent. LCSC C2906982 FRC0603F1002TS (0603); US$0.003 at 5000+; 10 kOhm 1 %; read 2026-10...",high,0.002900,REAL: class example LCSC C2906982 @10000+ break (annual qty 40000)
223,1,AUX-HV_DAB: 1,560R,Resistor 560R 1% 0805,,,0805,GENERIC,,0.001500,0.0015,"estimate class:res_0805_1pct: GENERIC class rule, reel price of a typical equivalent. LCSC C17878 0805W8F976JT5E (0805); US$0.0015 at 5000+; 97.6 Ohm 1 %; read 2026-10...",high,0.001500,REAL: class example LCSC C17878 @5000+ break (annual qty 5000)
224,9,SYS-IO-AUX: 9,562R,Resistor 562R 1% 0603,,,0603,GENERIC,,0.003000,0.0270,"estimate class:res_0603_1pct: GENERIC class rule, reel price of a typical equivalent. LCSC C2906982 FRC0603F1002TS (0603); US$0.003 at 5000+; 10 kOhm 1 %; read 2026-10...",high,0.002900,REAL: class example LCSC C2906982 @10000+ break (annual qty 45000)
225,1,CTRL-C2000: 1,56R,Resistor 56R 1% 0805,,,0805,GENERIC,,0.001500,0.0015,"estimate class:res_0805_1pct: GENERIC class rule, reel price of a typical equivalent. LCSC C17878 0805W8F976JT5E (0805); US$0.0015 at 5000+; 97.6 Ohm 1 %; read 2026-10...",high,0.001500,REAL: class example LCSC C17878 @5000+ break (annual qty 5000)
226,8,CTRL-C2000: 8,56p 50V,Capacitor 56p 5% 50V C0G 0603,,,0603,GENERIC,,0.005500,0.0440,"estimate class:mlcc_0603_c0g_50v_le1n: GENERIC class rule, reel price of a typical equivalent. LCSC C14665 CC0603JRNPO9BN101 (0603); US$0.0055 at 4000+; example is 100 pF; read...",high,0.005300,REAL: class example LCSC C14665 @8000+ break (annual qty 40000)
227,1,AUX-HV_DAB: 1,59k,Resistor 59k 1% 0603,,,0603,GENERIC,,0.003000,0.0030,"estimate class:res_0603_1pct: GENERIC class rule, reel price of a typical equivalent. LCSC C2906982 FRC0603F1002TS (0603); US$0.003 at 5000+; 10 kOhm 1 %; read 2026-10...",high,0.003000,REAL: class example LCSC C2906982 @5000+ break (annual qty 5000)
228,8,DAB60: 8,6.04k,Resistor 6.04k 0.1% 0603,,,0603,GENERIC,,0.003900,0.0312,"estimate class:res_0603_0.1pct: GENERIC class rule, reel price of a typical equivalent. LCSC C5126214 FRH0603B1002TS (0603); US$0.0039 at 5000+; 10 kOhm 0.1 %; read 2026...",high,0.003500,REAL: class example LCSC C5126214 @10000+ break (annual qty 40000)
229,1,SYS-IO-AUX: 1,6.49k,Resistor 6.49k 0.1% 0603 10 ppm/K thin film,,,0603,GENERIC,,0.041000,0.0410,"estimate class:res_0603_0.1pct_10ppm: GENERIC class rule, reel price of a typical equivalent. LCSC C190610 ERA3AEB103V (0603); US$0.041 at 5000+; Panasonic ERA-3A thin film 0....",medium,0.041000,REAL: class example LCSC C190610 @5000+ break (annual qty 5000)
230,6,BMU-GW: 2; SYS-IO-AUX: 4,60.4R,Resistor 60.4R 1% 0805,,,0805,GENERIC,,0.001500,0.0090,"estimate class:res_0805_1pct: GENERIC class rule, reel price of a typical equivalent. LCSC C17878 0805W8F976JT5E (0805); US$0.0015 at 5000+; 97.6 Ohm 1 %; read 2026-10...",high,0.001400,REAL: class example LCSC C17878 @10000+ break (annual qty 30000)
231,1,AUX-HV_DAB: 1,619k,Resistor 619k 0.1% 0603,,,0603,GENERIC,,0.003900,0.0039,"estimate class:res_0603_0.1pct: GENERIC class rule, reel price of a typical equivalent. LCSC C5126214 FRH0603B1002TS (0603); US$0.0039 at 5000+; 10 kOhm 0.1 %; read 2026...",high,0.003900,REAL: class example LCSC C5126214 @5000+ break (annual qty 5000)
232,4,DAB60: 4,620p 50V,Capacitor 620p 5% 50V C0G 0603,,,0603,GENERIC,,0.005500,0.0220,"estimate class:mlcc_0603_c0g_50v_le1n: GENERIC class rule, reel price of a typical equivalent. LCSC C14665 CC0603JRNPO9BN101 (0603); US$0.0055 at 4000+; example is 100 pF; read...",high,0.005300,REAL: class example LCSC C14665 @8000+ break (annual qty 20000)
233,1,CTRL-C2000: 1,64.9k,Resistor 64.9k 1% 0603,,,0603,GENERIC,,0.003000,0.0030,"estimate class:res_0603_1pct: GENERIC class rule, reel price of a typical equivalent. LCSC C2906982 FRC0603F1002TS (0603); US$0.003 at 5000+; 10 kOhm 1 %; read 2026-10...",high,0.003000,REAL: class example LCSC C2906982 @5000+ break (annual qty 5000)
234,8,DAB60: 8,66.5k,Resistor 66.5k 0.1% 0603,,,0603,GENERIC,,0.003900,0.0312,"estimate class:res_0603_0.1pct: GENERIC class rule, reel price of a typical equivalent. LCSC C5126214 FRH0603B1002TS (0603); US$0.0039 at 5000+; 10 kOhm 0.1 %; read 2026...",high,0.003500,REAL: class example LCSC C5126214 @10000+ break (annual qty 40000)
235,4,CTRL-C2000: 4,680R,Resistor 680R 1% 0603,,,0603,GENERIC,,0.003000,0.0120,"estimate class:res_0603_1pct: GENERIC class rule, reel price of a typical equivalent. LCSC C2906982 FRC0603F1002TS (0603); US$0.003 at 5000+; 10 kOhm 1 %; read 2026-10...",high,0.002900,REAL: class example LCSC C2906982 @10000+ break (annual qty 20000)
236,4,CTRL-C2000: 4,680n 50V,Capacitor 680n 10% 50V X7R 0603,,,0603,GENERIC,,0.009100,0.0364,"estimate class:mlcc_0603_x7r_50v_le1u: GENERIC class rule, reel price of a typical equivalent. LCSC C64705 CL10B224KB8NNNC (0603); US$0.0091 at 4000+; example is 220 nF; read 2...",high,0.008600,REAL: class example LCSC C64705 @8000+ break (annual qty 20000)
237,1,AUX-HV_DAB: 1,68n 50V,Capacitor 68n 5% 50V C0G 1206,,,1206,GENERIC,,0.136200,0.1362,"estimate class:mlcc_1206_c0g_50v_le100n: GENERIC class rule, reel price of a typical equivalent. LCSC C97946 GRM31C5C1H104JA01L (1206); US$0.1362 at 4000+; example is 100 nF 50 V...",high,0.136200,REAL: class example LCSC C97946 @4000+ break (annual qty 5000)
238,1,AUX-HV_DAB: 1,68p 500V,Capacitor 68p 500V C0G 1206,,,1206,GENERIC,,0.025300,0.0253,"estimate class:mlcc_1206_c0g_630v_le1n: GENERIC class rule, reel price of a typical equivalent. LCSC C107178 CC1206JKNPOCBN680 (1206); US$0.0253 at 3000+; example is 68 pF rated...",medium,0.025300,REAL: class example LCSC C107178 @3000+ break (annual qty 5000)
239,2,DAB60: 2,7.32k,Resistor 7.32k 1% 0603 R_PXFR: two-wire EN current 1.9 mA (SLVSFJ7D table 8-2),,,0603,GENERIC,,0.003000,0.0060,"estimate class:res_0603_1pct: GENERIC class rule, reel price of a typical equivalent. LCSC C2906982 FRC0603F1002TS (0603); US$0.003 at 5000+; 10 kOhm 1 %; read 2026-10...",high,0.002900,REAL: class example LCSC C2906982 @10000+ break (annual qty 10000)
240,4,DAB60: 4,7.87k,Resistor 7.87k 0.1% 0603,,,0603,GENERIC,,0.003900,0.0156,"estimate class:res_0603_0.1pct: GENERIC class rule, reel price of a typical equivalent. LCSC C5126214 FRH0603B1002TS (0603); US$0.0039 at 5000+; 10 kOhm 0.1 %; read 2026...",high,0.003500,REAL: class example LCSC C5126214 @10000+ break (annual qty 20000)
241,1,CTRL-C2000: 1,732R,Resistor 732R 0.1% 0603 10ppm/K,,,0603,GENERIC,,0.041000,0.0410,"estimate class:res_0603_0.1pct_10ppm: GENERIC class rule, reel price of a typical equivalent. LCSC C190610 ERA3AEB103V (0603); US$0.041 at 5000+; Panasonic ERA-3A thin film 0....",medium,0.041000,REAL: class example LCSC C190610 @5000+ break (annual qty 5000)
242,4,CTRL-C2000: 4,8.06k,Resistor 8.06k 1% 0603,,,0603,GENERIC,,0.003000,0.0120,"estimate class:res_0603_1pct: GENERIC class rule, reel price of a typical equivalent. LCSC C2906982 FRC0603F1002TS (0603); US$0.003 at 5000+; 10 kOhm 1 %; read 2026-10...",high,0.002900,REAL: class example LCSC C2906982 @10000+ break (annual qty 20000)
243,1,SYS-IO-AUX: 1,8.06k,Resistor 8.06k 0.1% 0603,,,0603,GENERIC,,0.003900,0.0039,"estimate class:res_0603_0.1pct: GENERIC class rule, reel price of a typical equivalent. LCSC C5126214 FRH0603B1002TS (0603); US$0.0039 at 5000+; 10 kOhm 0.1 %; read 2026...",high,0.003900,REAL: class example LCSC C5126214 @5000+ break (annual qty 5000)
244,2,DAB60: 2,81.6k,Resistor 81.6k 0.1% 0603,,,0603,GENERIC,,0.003900,0.0078,"estimate class:res_0603_0.1pct: GENERIC class rule, reel price of a typical equivalent. LCSC C5126214 FRH0603B1002TS (0603); US$0.0039 at 5000+; 10 kOhm 0.1 %; read 2026...",high,0.003500,REAL: class example LCSC C5126214 @10000+ break (annual qty 10000)
245,24,DAB60: 24,82.5k,"Resistor 82.5k 1% 2512 monitor loop, <= 300 V per element in an In surge",,,2512,GENERIC,,0.025800,0.6192,"estimate class:res_2512_1pct: GENERIC class rule, reel price of a typical equivalent. LCSC C2934076 FRC2512F4702TS (2512); US$0.0258 at 4000+; 47 kOhm 1 W 1 %; read 20...",high,0.023300,REAL: class example LCSC C2934076 @20000+ break (annual qty 120000)
246,12,CTRL-C2000: 12,82p 50V,Capacitor 82p 5% 50V C0G 0603,,,0603,GENERIC,,0.005500,0.0660,"estimate class:mlcc_0603_c0g_50v_le1n: GENERIC class rule, reel price of a typical equivalent. LCSC C14665 CC0603JRNPO9BN101 (0603); US$0.0055 at 4000+; example is 100 pF; read...",high,0.005100,REAL: class example LCSC C14665 @48200+ break (annual qty 60000)
247,8,DAB60: 8,86.6k,Resistor 86.6k 0.1% 0603 proof-test injection,,,0603,GENERIC,,0.003900,0.0312,"estimate class:res_0603_0.1pct: GENERIC class rule, reel price of a typical equivalent. LCSC C5126214 FRH0603B1002TS (0603); US$0.0039 at 5000+; 10 kOhm 0.1 %; read 2026...",high,0.003500,REAL: class example LCSC C5126214 @10000+ break (annual qty 40000)
248,8,DAB60: 8,88.7k,Resistor 88.7k 0.1% 0603,,,0603,GENERIC,,0.003900,0.0312,"estimate class:res_0603_0.1pct: GENERIC class rule, reel price of a typical equivalent. LCSC C5126214 FRH0603B1002TS (0603); US$0.0039 at 5000+; 10 kOhm 0.1 %; read 2026...",high,0.003500,REAL: class example LCSC C5126214 @10000+ break (annual qty 40000)
249,1,SYS-IO-AUX: 1,9.09k,Resistor 9.09k 1% 0603,,,0603,GENERIC,,0.003000,0.0030,"estimate class:res_0603_1pct: GENERIC class rule, reel price of a typical equivalent. LCSC C2906982 FRC0603F1002TS (0603); US$0.003 at 5000+; 10 kOhm 1 %; read 2026-10...",high,0.003000,REAL: class example LCSC C2906982 @5000+ break (annual qty 5000)
250,2,DAB60: 2,909R,Resistor 909R 0.1% 0603,,,0603,GENERIC,,0.003900,0.0078,"estimate class:res_0603_0.1pct: GENERIC class rule, reel price of a typical equivalent. LCSC C5126214 FRH0603B1002TS (0603); US$0.0039 at 5000+; 10 kOhm 0.1 %; read 2026...",high,0.003500,REAL: class example LCSC C5126214 @10000+ break (annual qty 10000)
251,1,SYS-IO-AUX: 1,95.3k,Resistor 95.3k 1% 0603,,,0603,GENERIC,,0.003000,0.0030,"estimate class:res_0603_1pct: GENERIC class rule, reel price of a typical equivalent. LCSC C2906982 FRC0603F1002TS (0603); US$0.003 at 5000+; 10 kOhm 1 %; read 2026-10...",high,0.003000,REAL: class example LCSC C2906982 @5000+ break (annual qty 5000)
252,1,SYS-IO-AUX: 1,Chassis (PE) bonding mounting hole,Chassis (PE) bonding mounting hole,,,M3 plated hole,NOPART,,0.000000,0.0000,not a purchased part,,0.000000,not a purchased part
253,1,CTRL-C2000: 1,Net tie: single AGND-GND star point,Net tie: single AGND-GND star point,,,net tie,NOPART,,0.000000,0.0000,not a purchased part,,0.000000,not a purchased part
254,1,DAB60: 1,PE bond M4,PE bond: plated M4 mounting hole + serrated washer to chassis PE,,,plated M4 hole,NOPART,,0.000000,0.0000,not a purchased part,,0.000000,not a purchased part
255,8,BMU-GW: 2; CTRL-C2000: 2; SYS-IO-AUX: 4,"Solder jumper, open by default","Solder jumper, open by default",,,solder jumper,NOPART,,0.000000,0.0000,not a purchased part,,0.000000,not a purchased part
256,66,AUX-HV_DAB: 5; CTRL-C2000: 23; DAB60: 11; SYS-IO-AUX: 27,TP,Test point,,,TP,NOPART,,0.000000,0.0000,not a purchased part,,0.000000,not a purchased part
257,2,CTRL-C2000: 2,ASDMB-25.000MHZ-XC-T,"MEMS oscillator 25.000 MHz CMOS, 3.3 V, +/-50 ppm, -40..105 C",Abracon,ASDMB-25.000MHZ-XC-T,2.5x2.0 mm 4-pad,ORDERABLE,docs/datasheets/timing/ASDMB.pdf,1.720000,3.4400,"estimate ASDMB-25.000MHZ-XC-T: ESTIMATE: no listing of the -XC-T option; the same Abracon ASDMB 25.000 MHz family in -LC-T is 1.7164 USD at 1000+ on LCSC (C2650748, mir...",medium,1.462000,ASSUMED x0.85 [asia_part_estimate]
258,3,BMU-GW: 1; SYS-IO-AUX: 2,CDSOT23-SM712,"RS-485 asymmetric TVS array, -7 V / +12 V working",Bourns,CDSOT23-SM712,SOT-23,ORDERABLE,docs/datasheets/protection/CDSOT23-SM712.pdf,0.276600,0.8298,LCSC C404012 @1000+ (2026-10-04),high,0.276600,REAL: LCSC C404012 @1000+ break (annual qty 15000)
259,2,DAB60: 2,CSM2F-8518-L100J01,"BUSBAR-MOUNTED shunt 100 uOhm 5 % 36 W, Kelvin test points (pins 3/4)",Bourns,CSM2F-8518-L100J01,busbar shunt 85x18 mm,ORDERABLE,docs/datasheets/sensing/CSM2F-8518.pdf,16.570000,33.1400,DigiKey (web-search snippet; page blocked) 9487207 @100+ (2026-10-04),medium,14.084500,ASSUMED x0.85 [short_table]
260,3,SYS-IO-AUX: 3,SF-2923HC30C-2,"Fuse 30 A 60 VDC, 300 A interrupting, single blow",Bourns,SF-2923HC30C-2,2923 SMD,ORDERABLE,docs/datasheets/protection/SF-2923HC.pdf,1.200000,3.6000,"estimate SF-2923HC30C-2: ESTIMATE: Bourns SF-2923 30 A 60 VDC SMD fuse, no readable price (not on LCSC through the mirror); engineering estimate for a 2923 high-c...",low,0.960000,ASSUMED x0.80 [protection_estimate]
261,8,SYS-IO-AUX: 8,SMAJ12A,"TVS unidirectional 400 W, VRWM 12 V, VBR 13.3-14.7 V",Bourns,SMAJ12A,DO-214AC (SMA),ORDERABLE,docs/datasheets/protection/SMAJ_Bourns.pdf,0.028800,0.2304,LCSC C113957 @600+ (2026-10-04),high,0.019700,REAL: LCSC C113957 @20000+ break (annual qty 40000)
262,4,SYS-IO-AUX: 4,SMAJ33A,"TVS unidirectional 400 W, VRWM 33 V, VBR 36.7-40.6 V",Bourns,SMAJ33A,DO-214AC (SMA),ORDERABLE,docs/datasheets/protection/SMAJ_Bourns.pdf,0.021800,0.0872,LCSC C908777 @600+ (2026-10-04),high,0.016600,REAL: LCSC C908777 @16000+ break (annual qty 20000)
263,8,SYS-IO-AUX: 8,SMAJ36A,"TVS unidirectional 400 W, VRWM 36 V, VBR 40-44.2 V",Bourns,SMAJ36A,DO-214AC (SMA),ORDERABLE,docs/datasheets/protection/SMAJ_Bourns.pdf,0.029000,0.2320,LCSC C113967 @600+ (2026-10-04),high,0.020100,REAL: LCSC C113967 @20000+ break (annual qty 40000)
264,2,DAB60: 2,SMBJ33A,"TVS 33 V unidirectional, relay coil clamp zener",Bourns,SMBJ33A,SMB,ORDERABLE,docs/datasheets/protection/SMBJ_Bourns.pdf,0.045100,0.0902,LCSC C173526 @1000+ (2026-10-05),high,0.028800,REAL: LCSC C173526 @9000+ break (annual qty 10000)
265,3,SYS-IO-AUX: 3,SMCJ33CA,"TVS bidirectional 1500 W, VRWM 33 V, VC 53.3 V",Bourns,SMCJ33CA,DO-214AB (SMC),ORDERABLE,docs/datasheets/protection/SMCJ_Bourns.pdf,0.169700,0.5091,LCSC C224050 @500+ (2026-10-04),high,0.124700,REAL: LCSC C224050 @6000+ break (annual qty 15000)
266,3,AUX-HV_DAB: 3,SMCJ70A,"TVS unidirectional 1500 W, VRWM 70 V, VBR 77.8-86.0 V (clamp, 3 in series)",Bourns,SMCJ70A,DO-214AB (SMC),ORDERABLE,docs/datasheets/protection/SMCJ_Bourns.pdf,,,UNPRICED,none,,UNPRICED
267,1,BMU-GW: 1,KF2EDGR-3.81-6P,"Pluggable header 6-pos 3.81 mm right angle, 300 V 8 A, -40..+105 C, BMS field wiring (plug KF2EDGK-3.81-6P)",Cixi Kefa Electronic,KF2EDGR-3.81-6P,pluggable header 6-pos 3.81 mm,ORDERABLE,docs/datasheets/connectors/KEFA-KF2EDGR-3.81.pdf,0.079800,0.0798,LCSC C441186 @500+ (2026-10-04),high,0.066300,REAL: LCSC C441186 @5000+ break (annual qty 5000)
268,2,DAB60: 2,MMBT3904-7-F,NPN 40 V 200 mA,Diodes Inc,MMBT3904-7-F,SOT-23,ORDERABLE,docs/datasheets/power-semiconductors/MMBT3904.pdf,0.024300,0.0486,LCSC C94514 @600+ (2026-10-04),high,0.019600,REAL: LCSC C94514 @9000+ break (annual qty 10000)
269,4,DAB60: 4,MMBT3906-7-F,PNP 40 V 200 mA,Diodes Inc,MMBT3906-7-F,SOT-23,ORDERABLE,docs/datasheets/power-semiconductors/MMBT3906.pdf,0.018400,0.0736,LCSC C82762 @600+ (2026-10-04),high,0.015100,REAL: LCSC C82762 @9000+ break (annual qty 20000)
270,6,DAB60: 6,S2M-13-F,Rectifier 1000 V 1.5 A,Diodes Inc,S2M-13-F,SMB,ORDERABLE,docs/datasheets/power-semiconductors/S2M.pdf,0.055500,0.3330,LCSC C156322 @500+ (2026-10-04),high,0.047700,REAL: LCSC C156322 @6000+ break (annual qty 30000)
271,2,SYS-IO-AUX: 2,BAT54C-7-F,Dual common-cathode Schottky 30 V 200 mA,Diodes Incorporated,BAT54C-7-F,SOT-23,ORDERABLE,docs/datasheets/protection/BAT54S-Diodes.pdf,0.090800,0.1816,LCSC C134405 @500+ (2026-10-04),high,0.069200,REAL: LCSC C134405 @6000+ break (annual qty 10000)
272,21,CTRL-C2000: 21,BAT54S-7-F,Dual series Schottky 30 V 200 mA (ADC input clamp),Diodes Incorporated,BAT54S-7-F,SOT-23,ORDERABLE,docs/datasheets/protection/BAT54S-Diodes.pdf,0.028000,0.5880,LCSC C83574 @600+ (2026-10-04),high,0.020200,REAL: LCSC C83574 @21000+ break (annual qty 105000)
273,5,SYS-IO-AUX: 5,BAT54S-7-F,"Dual series Schottky 30 V 200 mA, input clamp to 3V3/GND",Diodes Incorporated,BAT54S-7-F,SOT-23,ORDERABLE,docs/datasheets/protection/BAT54S-Diodes.pdf,0.028000,0.1400,LCSC C83574 @600+ (2026-10-04),high,0.020200,REAL: LCSC C83574 @21000+ break (annual qty 25000)
274,3,AUX-HV_DAB: 3,US1G-13-F,Ultrafast rectifier 400 V 1 A,Diodes Incorporated,US1G-13-F,SMA,ORDERABLE,docs/datasheets/power-semiconductors/US1M.pdf,0.053200,0.1596,LCSC C110531 @500+ (2026-10-04),high,0.044500,REAL: LCSC C110531 @5000+ break (annual qty 15000)
275,24,DAB60: 24,US1M-13-F,Ultrafast rectifier 1000 V 1 A trr 75 ns (DESAT string),Diodes Incorporated,US1M-13-F,SMA,ORDERABLE,docs/datasheets/power-semiconductors/US1M.pdf,0.036200,0.8688,LCSC C99333 @1000+ (2026-10-04),high,0.029500,REAL: LCSC C99333 @10000+ break (annual qty 120000)
276,4,DAB60: 4,36A gPV 14x51,"Varistor branch fuse CH14x51 gPV 36 A 1000 V DC, 30 kA (L/R 2 ms), pre-arc 450 A2s",ETI,002637115,14x51 cartridge in 2 x CH14-PCB clips,ORDERABLE,docs/datasheets/protection/ETI-Green-Protect.pdf,6.000000,24.0000,estimate 002637115: ESTIMATE: ETI CH14x51 gPV 36 A 1000 V d.c. fuse link (varistor branch fuse); ETI publishes no prices; engineering estimate for a 14x51 PV...,low,4.800000,ASSUMED x0.80 [protection_estimate]
277,8,DAB60: 8,006710340,Fuse clip CH14-PCB (two per varistor branch fuse),ETI,006710340,PCB clip for 14 mm cartridge,ORDERABLE,docs/datasheets/protection/ETI-Green-Protect.pdf,0.400000,3.2000,"estimate 006710340: ESTIMATE: ETI CH14-PCB fuse clip, no price found; engineering estimate for a plated PCB fuse clip",low,0.320000,ASSUMED x0.80 [protection_estimate]
278,3,AUX-HV_DAB: 3,BSS126H6327XTSA2,"N-MOSFET 600 V depletion mode, IDSS >= 7 mA (HV start-up cascode)",Infineon,BSS126H6327XTSA2,SOT-23,ORDERABLE,docs/datasheets/power-semiconductors/BSS126.pdf,0.125600,0.3768,LCSC C534596 @500+ (2026-10-04),high,0.111800,REAL: LCSC C534596 @6000+ break (annual qty 15000)
279,1,SYS-IO-AUX: 1,FM24CL64B-GTR,"F-RAM 64 kbit I2C, 1e14 write cycles",Infineon,FM24CL64B-GTR,SOIC-8,ORDERABLE,docs/datasheets/controllers/FM24CL64B.pdf,0.862300,0.8623,LCSC C9829 @1000+ (2026-10-04),high,0.862300,REAL: LCSC C9829 @1000+ break (annual qty 5000)
280,2,DAB60: 2,DD600N16K,"CHASSIS-MOUNTED dual rectifier diode module 1600 V 600 A, one arm used as DC-link reverse clamp",Infineon Technologies Bipolar,DD600N16K,"60 mm industrial module, insulated base plate, screw terminals (12 Nm)",ORDERABLE,docs/datasheets/power-semiconductors/DD600N16K.pdf,392.360000,784.7200,Cytech Systems (web-search snippet) DD600N16KHPSA3 @100+ (2026-10-04),medium,333.506000,ASSUMED x0.85 [short_table]
281,1,AUX-HV_DAB: 1,IV2Q171R0D7Z,"SiC MOSFET 1700 V 1 Ohm, Kelvin source, AEC-Q101; alternate Sichain SG2M1K0170J2J (same pin-out)",InventChip,IV2Q171R0D7Z,TO-263-7,ORDERABLE,docs/datasheets/power-semiconductors/IV2Q171R0D7Z.pdf,2.500000,2.5000,"estimate IV2Q171R0D7Z: ESTIMATE (sim/out/aux_hv_design/aux75_block_cost.csv; architect's list 2.50): InventChip 1700 V 1 Ohm SiC MOSFET, not on LCSC, no public...",low,2.125000,ASSUMED x0.85 [asia_part_estimate]
282,2,AUX-HV_DAB: 2,3.3u 1300V,"Film capacitor 3.3 uF 1300 VDC, PP DC link, IEC 61071 (input surge absorber); was KEMET C4AQUBU4330A11J",Jianghai,FCSA3DS335K050ID90BE3,"radial 27.5 mm, 2 pins 5.0 mm, 32 x 28 x 18 mm",ORDERABLE,docs/datasheets/passives-capacitors/Jianghai-JE26-Film.pdf,1.500000,3.0000,"estimate FCSA3DS335K050ID90BE3: ESTIMATE (sim/out/aux_hv_design/aux75_block_cost.csv): Jianghai 3.3 uF 1300 VDC film (input surge absorber), scaled from the 2.2 uF estimate",low,1.275000,ASSUMED x0.85 [asia_part_estimate]
283,3,AUX-HV_DAB: 3,PCV1HVF101MB12FV-WE3,"Aluminium polymer capacitor 100 uF 50 V, ESR 25 mOhm, 3.8 A, 3000 h @ 105 C (JE26 p17); was Wurth 875115655003",Jianghai,PCV1HVF101MB12FV-WE3,SMD V-chip 8.0 x 12.2 mm,ORDERABLE,docs/datasheets/passives-capacitors/Jianghai-JE26-Polymer.pdf,0.300000,0.9000,"estimate PCV1HVF101MB12FV-WE3: ESTIMATE (sim/out/aux_hv_design/aux75_block_cost.csv 0.30): Jianghai polymer 100 uF 50 V, not in the mirror; the 35 V sibling PCR1VPF101M...",low,0.255000,ASSUMED x0.85 [asia_part_estimate]
284,3,DAB60: 3,C4AQQEW5650A3BJ,"DC-link PP film 65 uF, 1100 VDC at 70 C hot spot (900 V at 85 C, 700 V at 105 C), ESR 2.6 mOhm, Irms 37.0 A (10 kHz, dT 30 K)",KEMET,C4AQQEW5650A3BJ,"radial box 57.5 x 45 x 65 mm, 4 leads (S 52.5, S1 20.3)",ORDERABLE,docs/datasheets/passives-capacitors/C4AQ.pdf,12.030000,36.0900,"estimate C4AQQEW5650A3BJ: ESTIMATE: KEMET C4AQ 65 uF 1100 V has the same 57.5x45x65 mm case as the 45 uF 1300 V C4AQUEW5450A3BJ, which is USD 12.03 at 100+ at the...",low,10.225500,ASSUMED x0.85 [asia_part_estimate]
285,3,DAB60: 3,C4AQUEW5450A3BJ,"DC-link PP film 45 uF, 1300 VDC at 70 C hot spot (1100 V at 85 C, 850 V at 105 C), ESR 3.1 mOhm, Irms 34.0 A (10 kHz, dT 30 K)",KEMET,C4AQUEW5450A3BJ,"radial box 57.5 x 45 x 65 mm, 4 leads (S 52.5, S1 20.3)",ORDERABLE,docs/datasheets/passives-capacitors/C4AQ.pdf,10.870000,32.6100,Dasenic broker (web-search snippet) C4AQUEW5450A3BJ @500+ (2026-10-04),medium,9.239500,ASSUMED x0.85 [short_table]
286,2,DAB60: 2,HOB 130-P,"Open-loop Hall current transducer DC-1 MHz, IPN 130 A rms, IPM +/-250 A, 8 mV/A on Uref 2.5 V, tD90 <= 200 ns; insulation basic 1000 V (p4) - used inside HV1/HV2, secondary on the bridge DC-",LEM,HOB 130-P,"THT 38 x 22 mm, primary jumper 60 uOhm",ORDERABLE,docs/datasheets/sensing/HOB-P_series.pdf,26.770000,53.5400,Mouser Singapore (web-search snippet; page blocked) HOB 130-P @1+ (2026-10-04) single-piece price,medium,13.920400,ASSUMED x0.52 [single_piece_list]
287,1,SYS-IO-AUX: 1,LPJ4012AHNL,"RJ45 10/100BASE-T, integrated magnetics and LEDs, -40..+85 C, 1500 Vrms hipot",LINK-PP,LPJ4012AHNL,"RJ45 THT tab down, 1:1 magnetics, 2 LEDs",ORDERABLE,docs/datasheets/connectors/LINK-PP-LPJ4012AHNL.pdf,,,UNPRICED,none,,UNPRICED
288,4,DAB60: 4,HP10NH1GPV160,"CHASSIS-MOUNTED fuse link gPV 1000 VDC 160 A NH1 (135 A port; base HPBB11PPR, Uimp 8 kV; inlet air path; 135 A to 45 C inlet, then the firmware current limit)",Mersen,HP10NH1GPV160,"NH1 blade, in base HPBB11PPR",ORDERABLE,docs/datasheets/protection/NH-gPV-1000VDC.pdf,123.500000,494.0000,"estimate HP10NH1GPV160: ESTIMATE: no public price for the Mersen part; Siemens 3NE1224-4 (NH1, gPV, 160 A, 1000 V DC, same class) EUR 110.02 at Buerklin = USD 12...",low,98.800000,ASSUMED x0.80 [protection_estimate]
289,1,CTRL-C2000: 1,24LC256T-I/SN,"256 kbit I2C EEPROM, 400 kHz, hardware write protect",Microchip,24LC256T-I/SN,SOIC-8 (SN),ORDERABLE,docs/datasheets/controllers/24LC256.pdf,0.249000,0.2490,LCSC C5458 @1000+ (2026-10-04),high,0.249000,REAL: LCSC C5458 @1000+ break (annual qty 5000)
290,2,SYS-IO-AUX: 2,MCP23S17T-E/SS,16-bit SPI I/O expander,Microchip,MCP23S17T-E/SS,SSOP-28,ORDERABLE,docs/datasheets/controllers/MCP23S17.pdf,0.846000,1.6920,LCSC C128577 @1000+ (2026-10-04),high,0.846000,REAL: LCSC C128577 @1000+ break (annual qty 10000)
291,8,DAB60: 8,2N7002BK,N-MOSFET 60 V 350 mA logic level,Nexperia,2N7002BK,SOT-23,ORDERABLE,docs/datasheets/power-semiconductors/2N7002BK.pdf,0.026500,0.2120,LCSC C282405 @1000+ (2026-10-05),high,0.026500,REAL: LCSC C282405 @1000+ break (annual qty 40000)
292,7,SYS-IO-AUX: 7,"2N7002BK,215","N-MOSFET 60 V 350 mA, fan PWM open-drain driver",Nexperia,"2N7002BK,215",SOT-23,ORDERABLE,docs/datasheets/power-semiconductors/2N7002BK.pdf,0.026500,0.1855,LCSC C282405 @1000+ (2026-10-05),high,0.026400,REAL: LCSC C282405 @9000+ break (annual qty 35000)
293,4,AUX-HV_DAB: 4,"2N7002BK,215",N-MOSFET 60 V 350 mA (logic switch),Nexperia,"2N7002BK,215",SOT-23,ORDERABLE,docs/datasheets/power-semiconductors/2N7002BK.pdf,0.026500,0.1060,LCSC C282405 @1000+ (2026-10-05),high,0.026400,REAL: LCSC C282405 @9000+ break (annual qty 20000)
294,8,DAB60: 8,BAS16,"Switching diode 100 V 215 mA, low leakage",Nexperia,BAS16,SOT-23,ORDERABLE,docs/datasheets/protection/BAS16.pdf,0.007800,0.0624,LCSC C79997 @1000+ (2026-10-05),high,0.007800,REAL: LCSC C79997 @1000+ break (annual qty 40000)
295,1,AUX-HV_DAB: 1,"BAS16,215","Switching diode 100 V 215 mA, low leakage (timer latch)",Nexperia,"BAS16,215",SOT-23,ORDERABLE,docs/datasheets/protection/BAS16.pdf,0.007800,0.0078,LCSC C79997 @1000+ (2026-10-05),high,0.007800,REAL: LCSC C79997 @1000+ break (annual qty 5000)
296,16,DAB60: 16,BAT54,"Schottky diode 30 V 200 mA, trr <= 5 ns",Nexperia,BAT54,SOT-23,ORDERABLE,docs/datasheets/protection/BAT54.pdf,0.014300,0.2288,LCSC C85084 @1000+ (2026-10-05),high,0.014300,REAL: LCSC C85084 @1000+ break (annual qty 80000)
297,3,AUX-HV_DAB: 3,"BAT54,215",Schottky diode 30 V 200 mA,Nexperia,"BAT54,215",SOT-23,ORDERABLE,docs/datasheets/protection/BAT54.pdf,0.014300,0.0429,LCSC C85084 @1000+ (2026-10-05),high,0.014300,REAL: LCSC C85084 @1000+ break (annual qty 15000)
298,8,DAB60: 8,BAT54S,Dual series Schottky 30 V 200 mA (sense-node clamp to COM and VDD),Nexperia,BAT54S,SOT-23,ORDERABLE,docs/datasheets/protection/BAT54S.pdf,0.019900,0.1592,LCSC C47546 @1000+ (2026-10-05),high,0.019900,REAL: LCSC C47546 @1000+ break (annual qty 40000)
299,1,AUX-HV_DAB: 1,"BAT54S,215",Dual series Schottky 30 V (soft start: clamp + discharge),Nexperia,"BAT54S,215",SOT-23,ORDERABLE,docs/datasheets/protection/BAT54S.pdf,0.019900,0.0199,LCSC C47546 @1000+ (2026-10-05),high,0.019900,REAL: LCSC C47546 @1000+ break (annual qty 5000)
300,1,AUX-HV_DAB: 1,"BC817-25,215",NPN 45 V 500 mA (VDD emitter follower),Nexperia,"BC817-25,215",SOT-23,ORDERABLE,docs/datasheets/power-semiconductors/BC817.pdf,0.024100,0.0241,LCSC C39828 @300+ (2026-10-04),high,0.020900,REAL: LCSC C39828 @3000+ break (annual qty 5000)
301,8,DAB60: 8,BSS138BK,N-MOSFET 60 V 360 mA,Nexperia,BSS138BK,SOT-23,ORDERABLE,docs/datasheets/power-semiconductors/BSS138BK.pdf,0.038300,0.3064,LCSC C282529 @1000+ (2026-10-05),high,0.038300,REAL: LCSC C282529 @1000+ break (annual qty 40000)
302,1,AUX-HV_DAB: 1,"BZX84-A18,215",Zener 18 V 1 % (VDD follower reference = SiC gate drive),Nexperia,"BZX84-A18,215",SOT-23,ORDERABLE,docs/datasheets/protection/BZX84.pdf,0.582100,0.5821,"estimate BZX84-A18,215: ESTIMATE: LCSC lists the 1 % A-series BZX84-A18,215 from 0.5821 USD (web-search result 2026-10-04, single piece); sim/out/aux_hv_design/a...",low,0.494785,ASSUMED x0.85 [asia_part_estimate]
303,8,DAB60: 8,BZX84-B16,"Zener 16 V 2 % 250 mW (gate clamp, positive)",Nexperia,BZX84-B16,SOT-23,ORDERABLE,docs/datasheets/protection/BZX84.pdf,0.014500,0.1160,"estimate BZX84-B16: ESTIMATE: no LCSC listing found for this voltage; the 2 % B-series BZX84-B12,215 is 0.0145 USD at 600+ on LCSC (C282540, 2026-10-04), sam...",medium,0.012325,ASSUMED x0.85 [asia_part_estimate]
304,1,AUX-HV_DAB: 1,"BZX84-B20,215",Zener 20 V 2 % (VDD / gate over-voltage clamp),Nexperia,"BZX84-B20,215",SOT-23,ORDERABLE,docs/datasheets/protection/BZX84.pdf,0.019400,0.0194,"estimate BZX84-B20,215: ESTIMATE: no break table for this voltage in the mirror (LCSC lists it, 840 pcs, 0.0428 at qty 1); the same 2 % B-series BZX84-B18,215 is...",medium,0.016490,ASSUMED x0.85 [asia_part_estimate]
305,1,AUX-HV_DAB: 1,"BZX84-B3V3,215",Zener 3.3 V 2 % (PG buffer rail),Nexperia,"BZX84-B3V3,215",SOT-23,ORDERABLE,docs/datasheets/protection/BZX84.pdf,0.050200,0.0502,LCSC C182377 @1000+ (2026-10-05),high,0.050200,REAL: the catalogue price is already the lowest published (LCSC C182377)
306,8,DAB60: 8,BZX84-B5V6,"Zener 5.6 V 2 % 250 mW (gate clamp, negative)",Nexperia,BZX84-B5V6,SOT-23,ORDERABLE,docs/datasheets/protection/BZX84.pdf,0.028800,0.2304,LCSC C183269 @300+ (2026-10-04),high,0.021700,REAL: LCSC C183269 @9000+ break (annual qty 40000)
307,1,AUX-HV_DAB: 1,"BZX84-B6V8,215",Zener 6.8 V 2 % (foldback threshold),Nexperia,"BZX84-B6V8,215",SOT-23,ORDERABLE,docs/datasheets/protection/BZX84.pdf,0.014500,0.0145,"estimate BZX84-B6V8,215: ESTIMATE: no LCSC listing found for this voltage; the 2 % B-series BZX84-B12,215 is 0.0145 USD at 600+ on LCSC (C282540, 2026-10-04), sam...",medium,0.012325,ASSUMED x0.85 [asia_part_estimate]
308,1,SYS-IO-AUX: 1,"BZX84-C12,215",Zener 12 V 5 % 250 mW,Nexperia,"BZX84-C12,215",SOT-23,ORDERABLE,docs/datasheets/protection/BZX84.pdf,0.016100,0.0161,LCSC C108437 @600+ (2026-10-04),high,0.014100,REAL: LCSC C108437 @3000+ break (annual qty 5000)
309,2,DAB60: 2,BZX84-C15,Zener 15 V 250 mW,Nexperia,BZX84-C15,SOT-23,ORDERABLE,docs/datasheets/protection/BZX84.pdf,0.045300,0.0906,LCSC C143972 @500+ (2026-10-04),high,0.037600,REAL: LCSC C143972 @6000+ break (annual qty 10000)
310,10,BMU-GW: 2; SYS-IO-AUX: 8,PMEG4010CEJ,Schottky rectifier 40 V 1 A low Vf,Nexperia,PMEG4010CEJ,SOD-323F,ORDERABLE,https://www.nexperia.com/product/PMEG4010CEJ,0.302600,3.0260,LCSC C50704 @1000+ (2026-10-04),high,0.302600,REAL: LCSC C50704 @1000+ break (annual qty 50000)
311,2,DAB60: 2,G7L-2A-X DC24,"Precharge relay DPST-NO, poles in series: 25 A @ 1000 VDC normal polarity only, 24 V coil 250 ohm",Omron,G7L-2A-X DC24,PCB relay 52.5x35.5 mm,ORDERABLE,docs/datasheets/protection/G7L-X.pdf,12.710000,25.4200,"estimate G7L-2A-X DC24: ESTIMATE: no price for the -X variant; DigiKey G7L-2A-BUBJ-CB-IN DC24 is 12.71 USD at 260+, Mouser G7L-2A-P-PV-DC24 is 10.18 USD at 260 (...",low,10.168000,ASSUMED x0.80 [protection_estimate]
312,2,SYS-IO-AUX: 2,1720466,"PCB header 2-pos 7.62 mm, 41 A 630 V (maker listing), 24 V feed",Phoenix Contact,1720466,PC 5/ 2-G-7.62 THT,ORDERABLE,https://www.phoenixcontact.com/en-us/products/pcb-header-pc-5-2-g-762-1720466,1.900000,3.8000,"estimate 1720466: ESTIMATE: Phoenix Contact PC 5/2-G-7.62 2-pos header, no price read; the same family 1720576 (PCV 5/2-G-7.62) is listed 1.71-2.96 USD at...",low,1.615000,ASSUMED x0.85 [asia_part_estimate]
313,1,SYS-IO-AUX: 1,1720479,"PCB header 3-pos 7.62 mm, 41 A 630 V (maker listing), AUX-HV feed",Phoenix Contact,1720479,PC 5/ 3-G-7.62 THT,ORDERABLE,https://www.phoenixcontact.com/en-us/products/pcb-header-pc-5-3-g-762-1720479,2.600000,2.6000,"estimate 1720479: ESTIMATE: 3-pos 7.62 mm header, scaled from the 2-pos estimate (about 1.35x)",low,2.210000,ASSUMED x0.85 [asia_part_estimate]
314,1,AUX-HV_DAB: 1,1720479,PCB header 3-pos 7.62 mm (interfaces.AUX output),Phoenix Contact,1720479,PC 5/ 3-G-7.62 THT,ORDERABLE,https://www.phoenixcontact.com/en-us/products/pcb-header-pc-5-3-g-762-1720479,2.600000,2.6000,"estimate 1720479: ESTIMATE: 3-pos 7.62 mm header, scaled from the 2-pos estimate (about 1.35x)",low,2.210000,ASSUMED x0.85 [asia_part_estimate]
315,16,DAB60: 1; SYS-IO-AUX: 15,1803293,"PCB header 4-pos 3.81 mm, 8 A 160 V (maker listing)",Phoenix Contact,1803293,MC 1.5/ 4-G-3.81 THT,ORDERABLE,https://www.phoenixcontact.com/en-us/products/pcb-header-mc-15-4-g-381-1803293,0.902932,14.4469,Rapid Electronics UK (web-search snippet) 52-3759 @100+ (2026-10-04),medium,0.902932,REAL: the catalogue price is already the lowest published (Rapid Electronics UK (web-search snippet) 52-3759)
316,3,SYS-IO-AUX: 3,1803358,"PCB header 10-pos 3.81 mm, 8 A 160 V (maker listing)",Phoenix Contact,1803358,MC 1.5/10-G-3.81 THT,ORDERABLE,https://www.phoenixcontact.com/en-us/products/pcb-header-mc-15-10-g-381-1803358,2.300000,6.9000,"estimate 1803358: ESTIMATE: 10-pos 3.81 mm header, scaled by pole count from the 4-pos 1803293 (GBP 0.684 at 100+, Rapid Electronics UK)",low,1.955000,ASSUMED x0.85 [asia_part_estimate]
317,2,SYS-IO-AUX: 2,50ZLH1000MEFC16X25,"Aluminium electrolytic 1000 uF 50 V 20 %, low impedance 21 mOhm @ 100 kHz",Rubycon,50ZLH1000MEFC16X25,radial 16x25 mm,ORDERABLE,docs/datasheets/passives-capacitors/Rubycon-ZLH.pdf,1.062661,2.1253,RS Components UK (web-search snippet; page blocked) 7037589 @500+ (2026-10-04),medium,0.903262,ASSUMED x0.85 [short_table]
318,1,CTRL-C2000: 1,FTSH-110-01-L-DV-K,"cTI-20 JTAG header 2x10 1.27 mm, keying shroud",Samtec,FTSH-110-01-L-DV-K,2x10 1.27 mm SMT keyed,ORDERABLE,docs/datasheets/connectors/Samtec-FTSH.pdf,1.834000,1.8340,Samtec.com FTSH-110-01-L-DV-K @1000+ (2026-10-04),high,1.537000,REAL: Samtec.com FTSH-110-01-L-DV-K @5000+ break (annual qty 5000)
319,1,SYS-IO-AUX: 1,SSW-105-01-G-D,"Socket strip 2x5 2.54 mm, BMU-GW",Samtec,SSW-105-01-G-D,2x5 2.54 mm socket THT,ORDERABLE,docs/datasheets/connectors/Samtec-SSW.pdf,1.246000,1.2460,Samtec.com SSW-105-01-G-D @1000+ (2026-10-04),high,0.847000,REAL: Samtec.com SSW-105-01-G-D @5000+ break (annual qty 5000)
320,1,SYS-IO-AUX: 1,SSW-140-01-G-D,"Socket strip 2x40 2.54 mm, mates TSW-140-07-G-D on CTRL-C2000, 4.7 A/pin",Samtec,SSW-140-01-G-D,2x40 2.54 mm socket THT,ORDERABLE,docs/datasheets/connectors/Samtec-SSW.pdf,5.939000,5.9390,Samtec.com SSW-140-01-G-D @1000+ (2026-10-04),high,5.236000,REAL: Samtec.com SSW-140-01-G-D @2000+ break (annual qty 5000)
321,1,SYS-IO-AUX: 1,TSW-102-07-G-S,Service jumper header (fit a 2.54 mm shunt only for programming / debug),Samtec,TSW-102-07-G-S,1x2 2.54 mm header,ORDERABLE,docs/datasheets/connectors/Samtec-TSW.pdf,0.168000,0.1680,Samtec.com TSW-102-07-G-S @1000+ (2026-10-04),high,0.123000,REAL: Samtec.com TSW-102-07-G-S @5000+ break (annual qty 5000)
322,1,CTRL-C2000: 1,TSW-103-07-G-S,"Debug UART header 1x3, 3.3 V TTL",Samtec,TSW-103-07-G-S,1x3 2.54 mm THT,ORDERABLE,docs/datasheets/connectors/Samtec-TSW.pdf,0.202000,0.2020,Samtec.com TSW-103-07-G-S @1000+ (2026-10-04),high,0.157000,REAL: Samtec.com TSW-103-07-G-S @5000+ break (annual qty 5000)
323,1,CTRL-C2000: 1,TSW-110-07-G-D,SDFM expansion header 2x10 (8 modulators),Samtec,TSW-110-07-G-D,2x10 2.54 mm THT,ORDERABLE,docs/datasheets/connectors/Samtec-TSW.pdf,1.333000,1.3330,Samtec.com TSW-110-07-G-D @1000+ (2026-10-04),high,1.019000,REAL: Samtec.com TSW-110-07-G-D @5000+ break (annual qty 5000)
324,1,CTRL-C2000: 1,TSW-140-07-G-D,"Board-to-board header 2x40, SYS contract",Samtec,TSW-140-07-G-D,2x40 2.54 mm THT,ORDERABLE,docs/datasheets/connectors/Samtec-TSW.pdf,4.099000,4.0990,Samtec.com TSW-140-07-G-D @1000+ (2026-10-04),high,3.405000,REAL: Samtec.com TSW-140-07-G-D @2000+ break (annual qty 5000)
325,1,AUX-HV_DAB: 1,0090.1001,"Fuse 1 A 1000 VDC gPV, 20 kA breaking, PCB pins (one per DC port, behind 2 x 22 R)",Schurter,0090.1001,"10.3 x 38 mm, PCB pins",ORDERABLE,docs/datasheets/protection/ASO-0090.1001.pdf,3.000000,3.0000,"estimate 0090.1001: ESTIMATE: Schurter 1 A 1000 VDC gPV 10x38 mm PCB fuse, no readable price; engineering estimate for a PV-rated cartridge fuse",low,2.400000,ASSUMED x0.80 [protection_estimate]
326,2,DAB60: 2,B57703M0103A018,"CHASSIS: shunt NTC 10 k, clamped to the shunt copper over a REINFORCED insulating pad (1000 VDC working, OVC II - the probe's own 1000 VAC/1 s test is not enough). Pad spec (IC-20): reinforced, AC 4400 V rms 60 s, impulse >= 6 kV (8 kV without the surge credit), creepage around the tag >= 10.0 mm (PD2) and >= the clearance at the claimed altitude; to SYS-IO-AUX NTC input",TDK Electronics,B57703M0103A018,"metal-tag probe, 200 mm leads",ORDERABLE,docs/datasheets/sensing/B57703M.pdf,2.500000,5.0000,"estimate B57703M0103A018: ESTIMATE: TDK M703 metal-tag NTC probe 10 k, 200 mm leads; no readable price (LCSC lists the B57703M0103A047 variant, C17489554, without...",low,2.125000,ASSUMED x0.85 [asia_part_estimate]
327,1,DAB60: 1,B57703M0103A019,"COLD-PLATE MOUNTED NTC probe 10 k +/-2 %, B25/100 3988 K (R/T 8016), tag test 1000 V AC",TDK Electronics,B57703M0103A019,"metal-tag probe, 500 mm leads",ORDERABLE,docs/datasheets/sensing/B57703M.pdf,2.800000,2.8000,estimate B57703M0103A019: ESTIMATE: as B57703M0103A018 with 500 mm leads,low,2.380000,ASSUMED x0.85 [asia_part_estimate]
328,2,DAB60: 2,B72210S0300K101,"Varistor S10K30 38 VDC, contactor coil clamp",TDK Electronics,B72210S0300K101,disc 10 mm,ORDERABLE,docs/datasheets/protection/SIOV-Leaded-Standard.pdf,0.070000,0.1400,estimate B72210S0300K101: ESTIMATE: TDK S10K30 varistor; the same-series B72210S0271K101 is 0.0726 USD at 500+ on LCSC (C125511),medium,0.056000,ASSUMED x0.80 [protection_estimate]
329,2,DAB60: 2,B88269X7340C011,"CHASSIS-MOUNTED main contactor HVC43-250A-24MC, 1000 VDC, 250 A, bidirectional (no polarity), 24 V coil 96 ohm, mirror aux contact NC",TDK Electronics,B88269X7340C011,"chassis, M6 studs + Micro-Fit 4p",ORDERABLE,docs/datasheets/protection/HVC43MC.pdf,81.680000,163.3600,Mouser (web-search result; page blocked)  @100+ (2026-10-04),medium,69.428000,ASSUMED x0.85 [short_table]
330,1,SYS-IO-AUX: 1,ADS7953SDBTR,"16-ch 12-bit 1 MSPS SAR ADC, SPI",Texas Instruments,ADS7953SDBTR,TSSOP-38 (DBT),ORDERABLE,docs/datasheets/sensing/ADS7953.pdf,4.044000,4.0440,TI.com ADS7953SDBTR @1000+ (2026-10-04),high,4.044000,REAL: TI.com ADS7953SDBTR @1000+ break (annual qty 5000)
331,10,CTRL-C2000: 8; DAB60: 2,AM26LV31EIDR,"Quad RS-422 line driver, 3.3 V, 32 MHz, -40..85 C",Texas Instruments,AM26LV31EIDR,SOIC-16 (D),ORDERABLE,docs/datasheets/isolation-interface/AM26LV31E.pdf,0.861000,8.6100,TI.com AM26LV31EIDR @1000+ (2026-10-04),high,0.861000,REAL: TI.com AM26LV31EIDR @1000+ break (annual qty 50000)
332,5,CTRL-C2000: 1; DAB60: 4,AM26LV32EIDR,"Quad RS-422 line receiver, 3.3 V, open-circuit fail-safe, -40..85 C",Texas Instruments,AM26LV32EIDR,SOIC-16 (D),ORDERABLE,docs/datasheets/isolation-interface/AM26LV32E.pdf,0.434400,2.1720,LCSC C527448 @1000+ (2026-10-04),high,0.434400,REAL: LCSC C527448 @1000+ break (annual qty 25000)
333,2,DAB60: 2,AMC3302DWE,"Reinforced isolated amplifier +/-50 mV in, gain 41, integrated DC/DC, VIOWM 1700 VDC",Texas Instruments,AMC3302DWE,SOIC-16 wide (DWE),ORDERABLE,docs/datasheets/sensing/AMC3302.pdf,6.578000,13.1560,TI.com AMC3302DWE @1000+ (2026-10-04),high,6.578000,REAL: TI.com AMC3302DWE @1000+ break (annual qty 10000)
334,6,DAB60: 6,AMC3330DWE,"Reinforced isolated amplifier +/-1 V in, gain 2, integrated DC/DC, VIOWM 1700 VDC",Texas Instruments,AMC3330DWE,SOIC-16 wide (DWE),ORDERABLE,docs/datasheets/sensing/AMC3330.pdf,6.261000,37.5660,TI.com AMC3330DWE @1000+ (2026-10-04),high,6.261000,REAL: TI.com AMC3330DWE @1000+ break (annual qty 30000)
335,2,AUX-HV_DAB: 2,ATL431BIDBZR,"Shunt reference 2.5 V 0.5 %, Ika(min) 35 uA, 36 V",Texas Instruments,ATL431BIDBZR,SOT-23-3 (DBZ),ORDERABLE,docs/datasheets/power-supply/ATL431.pdf,0.208000,0.4160,TI.com ATL431BIDBZR @1000+ (2026-10-04),high,0.208000,REAL: TI.com ATL431BIDBZR @1000+ break (annual qty 10000)
336,4,SYS-IO-AUX: 4,CSD18532Q5B,"N-MOSFET 60 V 2.5 mOhm, ideal-diode ORing switch",Texas Instruments,CSD18532Q5B,SON 5x6 (DQJ),ORDERABLE,docs/datasheets/power-semiconductors/CSD18532Q5B.pdf,0.803000,3.2120,TI.com CSD18532Q5B @1000+ (2026-10-04),high,0.803000,REAL: TI.com CSD18532Q5B @1000+ break (annual qty 20000)
337,1,CTRL-C2000: 1,DP83822IRHBR,"10/100 Ethernet PHY, MII/RMII, -40..85 C",Texas Instruments,DP83822IRHBR,VQFN-32 5x5 (RHB),ORDERABLE,docs/datasheets/isolation-interface/DP83822I.pdf,1.440000,1.4400,TI.com DP83822IRHBR @1000+ (2026-10-04),high,1.440000,REAL: TI.com DP83822IRHBR @1000+ break (annual qty 5000)
338,3,BMU-GW: 1; SYS-IO-AUX: 2,ESD2CAN24DBZRQ1,2-channel 24 V CAN bus ESD/TVS diode,Texas Instruments,ESD2CAN24DBZRQ1,SOT-23 (DBZ),ORDERABLE,docs/datasheets/protection/ESD2CAN24-Q1.pdf,0.169400,0.5082,LCSC C5736151 @500+ (2026-10-04),high,0.158900,REAL: LCSC C5736151 @6000+ break (annual qty 15000)
339,1,CTRL-C2000: 1,F28388DZWTS,"TMS320F28388D dual C28x + CLA + CM Cortex-M4 MCU, 337-ball ZWT, -40..125 C TJ (S)",Texas Instruments,F28388DZWTS,nFBGA-337 (ZWT) 16x16 mm 0.8 mm,ORDERABLE,docs/datasheets/controllers/TMS320F28388D.pdf,19.830000,19.8300,TI.com F28388DZWTS @1000+ (2026-10-04),high,19.830000,REAL: TI.com F28388DZWTS @1000+ break (annual qty 5000)
340,3,BMU-GW: 1; SYS-IO-AUX: 2,ISO1042DWR,"Isolated CAN FD transceiver, 5 kVrms reinforced, +/-70 V bus fault protection",Texas Instruments,ISO1042DWR,SOIC-16W (DW),ORDERABLE,docs/datasheets/isolation-interface/ISO1042.pdf,2.290000,6.8700,TI.com ISO1042DWR @1000+ (2026-10-04),high,2.290000,REAL: TI.com ISO1042DWR @1000+ break (annual qty 15000)
341,1,SYS-IO-AUX: 1,ISO1211DR,"Isolated 24-60 V digital input, IEC 61131-2 type 1/2/3 (spare trip loop)",Texas Instruments,ISO1211DR,SOIC-8 (D),ORDERABLE,docs/datasheets/isolation-interface/ISO1211.pdf,0.426000,0.4260,TI.com ISO1211DR @1000+ (2026-10-04),high,0.426000,REAL: TI.com ISO1211DR @1000+ break (annual qty 5000)
342,4,SYS-IO-AUX: 4,ISO1212DBQR,"Dual isolated 24-60 V digital input, IEC 61131-2 type 1/2/3, 2500 Vrms basic",Texas Instruments,ISO1212DBQR,SSOP-16 (DBQ),ORDERABLE,docs/datasheets/isolation-interface/ISO1211.pdf,0.447000,1.7880,TI.com ISO1212DBQR @1000+ (2026-10-04),high,0.447000,REAL: TI.com ISO1212DBQR @1000+ break (annual qty 20000)
343,3,BMU-GW: 1; SYS-IO-AUX: 2,ISO1410DWR,"Isolated half-duplex RS-485 transceiver, 500 kbps, 5 kVrms reinforced",Texas Instruments,ISO1410DWR,SOIC-16W (DW),ORDERABLE,docs/datasheets/isolation-interface/ISO1410.pdf,2.171000,6.5130,TI.com ISO1410DWR @1000+ (2026-10-04),high,2.171000,REAL: TI.com ISO1410DWR @1000+ break (annual qty 15000)
344,2,DAB60: 2,ISO7720FDWR,"Dual digital isolator 2/0, default output LOW, reinforced VIOWM 2121 VDC, tpd <= 18.5 ns",Texas Instruments,ISO7720FDWR,"SOIC-16 wide (DW), creepage 8 mm",ORDERABLE,docs/datasheets/isolation-interface/ISO7721.pdf,1.040000,2.0800,TI.com ISO7720FDWR @1000+ (2026-10-04),high,1.040000,REAL: TI.com ISO7720FDWR @1000+ break (annual qty 10000)
345,1,SYS-IO-AUX: 1,LM2903BIDR,"Dual comparator, +/-4 mV, open collector",Texas Instruments,LM2903BIDR,SOIC-8 (D),ORDERABLE,docs/datasheets/sensing/LM2903B.pdf,0.069700,0.0697,LCSC C2869804 @500+ (2026-10-04),high,0.059100,REAL: LCSC C2869804 @5000+ break (annual qty 5000)
346,2,SYS-IO-AUX: 2,LM74700QDBVRQ1,"Ideal-diode controller 3.2-65 V, reverse blocking / ORing",Texas Instruments,LM74700QDBVRQ1,SOT-23-6 (DBV),ORDERABLE,docs/datasheets/power-supply/LM74700-Q1.pdf,0.371500,0.7430,LCSC C2941042 @1000+ (2026-10-04),high,0.371500,REAL: LCSC C2941042 @1000+ break (annual qty 10000)
347,1,SYS-IO-AUX: 1,LM74800QDRRRQ1,"Ideal-diode + load-disconnect controller 3-65 V, UVLO and OV, back-to-back FETs",Texas Instruments,LM74800QDRRRQ1,WSON-12 (DRR),ORDERABLE,docs/datasheets/power-supply/LM7480-Q1.pdf,1.300000,1.3000,"estimate LM74800QDRRRQ1: ESTIMATE: ti.com product page not found; the smaller LM74700QDBVRQ1 is 0.871 USD at 1ku on ti.com, the back-to-back-FET controller taken...",low,1.105000,ASSUMED x0.85 [asia_part_estimate]
348,1,SYS-IO-AUX: 1,LMR36015ARNXR,"Synchronous buck 4.2-60 V in, 1.5 A, 400 kHz",Texas Instruments,LMR36015ARNXR,VQFN-HR-12 (RNX),ORDERABLE,docs/datasheets/power-supply/LMR36015.pdf,1.537400,1.5374,LCSC C1850345 @1000+ (2026-10-04),high,1.537400,REAL: LCSC C1850345 @1000+ break (annual qty 5000)
349,2,DAB60: 2,LMR36015ARNXR,"Buck 4.2-60 V in, 1.5 A, 400 kHz: bridge logic 5 V from the CELL +24V",Texas Instruments,LMR36015ARNXR,VQFN-HR-12 (RNX),ORDERABLE,docs/datasheets/power-supply/LMR36015.pdf,1.537400,3.0748,LCSC C1850345 @1000+ (2026-10-04),high,1.537400,REAL: LCSC C1850345 @1000+ break (annual qty 10000)
350,1,DAB60: 1,LMR36015ARNXR,"Buck 4.2-60 V in, 1.5 A, 400 kHz, sensor supply 3.3 V",Texas Instruments,LMR36015ARNXR,VQFN-HR-12 (RNX),ORDERABLE,docs/datasheets/power-supply/LMR36015.pdf,1.537400,1.5374,LCSC C1850345 @1000+ (2026-10-04),high,1.537400,REAL: LCSC C1850345 @1000+ break (annual qty 5000)
351,1,CTRL-C2000: 1,LMR38020FDDAR,"Sync buck 4.2-80 V in, 2 A, FPWM, 1.0 V ref, PG",Texas Instruments,LMR38020FDDAR,SO-8 PowerPAD (DDA),ORDERABLE,docs/datasheets/power-supply/LMR38020.pdf,1.672000,1.6720,TI.com LMR38020FDDAR @1000+ (2026-10-04),high,1.672000,REAL: TI.com LMR38020FDDAR @1000+ break (annual qty 5000)
352,6,CTRL-C2000: 1; DAB60: 5,OPA2388IDR,"Dual zero-drift RRIO op amp, 10 MHz, 2.5-5.5 V",Texas Instruments,OPA2388IDR,SOIC-8 (D),ORDERABLE,docs/datasheets/sensing/OPA4388.pdf,1.475000,8.8500,TI.com OPA2388IDR @1000+ (2026-10-04),high,1.475000,REAL: TI.com OPA2388IDR @1000+ break (annual qty 30000)
353,8,CTRL-C2000: 6; DAB60: 2,OPA4388IPWR,"Quad zero-drift RRIO op amp, 10 MHz, 2.5-5.5 V",Texas Instruments,OPA4388IPWR,TSSOP-14 (PW),ORDERABLE,docs/datasheets/sensing/OPA4388.pdf,2.122000,16.9760,TI.com OPA4388IPWR @1000+ (2026-10-04),high,2.122000,REAL: TI.com OPA4388IPWR @1000+ break (annual qty 40000)
354,1,DAB60: 1,REF3020EAIDBZR,"Voltage reference 2.048 V +/-0.1 %, 15 ppm/C, VIN 2.25-5.75 V",Texas Instruments,REF3020EAIDBZR,SOT-23-3 (DBZ),ORDERABLE,docs/datasheets/sensing/REF3030.pdf,0.450000,0.4500,estimate REF3020EAIDBZR: ESTIMATE: REF3020AIDBZR is 0.378 USD at 1ku on ti.com (2026-10-04); E grade assumed +20 %,medium,0.382500,ASSUMED x0.85 [asia_part_estimate]
355,1,SYS-IO-AUX: 1,REF3025AIDBZR,Voltage reference 2.5 V 0.2 %,Texas Instruments,REF3025AIDBZR,SOT-23-3 (DBZ),ORDERABLE,docs/datasheets/sensing/REF3030.pdf,0.173500,0.1735,LCSC C11334 @500+ (2026-10-04),high,0.164900,REAL: LCSC C11334 @3000+ break (annual qty 5000)
356,4,DAB60: 4,REF3030EAIDBZR,Voltage reference 3.0 V 0.1 % 15 ppm/K: trip ladder and NTC excitation,Texas Instruments,REF3030EAIDBZR,SOT-23-3 (DBZ),ORDERABLE,docs/datasheets/sensing/REF3030.pdf,0.600000,2.4000,estimate REF3030EAIDBZR: ESTIMATE: E grade not listed on ti.com; REF3030AIDBZT is 0.60 USD and REF3030AIDBZR 0.50 USD at 1ku (ti.com 2026-10-04); the dearer taken,medium,0.510000,ASSUMED x0.85 [asia_part_estimate]
357,4,DAB60: 4,REF3030EAIDBZR,Voltage reference 3.0 V 0.1 % 15 ppm/K (hold threshold),Texas Instruments,REF3030EAIDBZR,SOT-23-3 (DBZ),ORDERABLE,docs/datasheets/sensing/REF3030.pdf,0.600000,2.4000,estimate REF3030EAIDBZR: ESTIMATE: E grade not listed on ti.com; REF3030AIDBZT is 0.60 USD and REF3030AIDBZR 0.50 USD at 1ku (ti.com 2026-10-04); the dearer taken,medium,0.510000,ASSUMED x0.85 [asia_part_estimate]
358,1,SYS-IO-AUX: 1,REF5025EID,Precision reference 2.5 V 0.025 % 2.5 ppm/C,Texas Instruments,REF5025EID,SOIC-8 (D),ORDERABLE,docs/datasheets/sensing/REF5025E.pdf,3.880000,3.8800,"estimate REF5025EID: ESTIMATE: E grade (0.025 %) not listed on ti.com; the dearest listed grade REF5025ID is 3.876 USD at 1ku (tube, ti.com 2026-10-04)",medium,3.298000,ASSUMED x0.85 [asia_part_estimate]
359,1,CTRL-C2000: 1,REF5025EIDR,"Voltage reference 2.500 V, 0.025 %, 2.5 ppm/C, enable, CL 1-100 uF",Texas Instruments,REF5025EIDR,SOIC-8 (D),ORDERABLE,docs/datasheets/sensing/REF5025E.pdf,3.140000,3.1400,"estimate REF5025EIDR: ESTIMATE: E grade not listed on ti.com; REF5025IDR is 3.135 USD at 1ku (reel, ti.com 2026-10-04)",medium,2.669000,ASSUMED x0.85 [asia_part_estimate]
360,5,BMU-GW: 1; SYS-IO-AUX: 4,SN6505BDBVR,"Push-pull transformer driver, 1 A, 420 kHz, soft start",Texas Instruments,SN6505BDBVR,SOT-23-6 (DBV),ORDERABLE,docs/datasheets/power-supply/SN6505B.pdf,0.926000,4.6300,TI.com SN6505BDBVR @1000+ (2026-10-04),high,0.926000,REAL: TI.com SN6505BDBVR @1000+ break (annual qty 25000)
361,10,DAB60: 8; SYS-IO-AUX: 2,SN74LVC08APWR,Quad 2-input AND,Texas Instruments,SN74LVC08APWR,TSSOP-14 (PW),ORDERABLE,docs/datasheets/isolation-interface/SN74LVC08A.pdf,0.117000,1.1700,TI.com SN74LVC08APWR @1000+ (2026-10-04),high,0.117000,REAL: TI.com SN74LVC08APWR @1000+ break (annual qty 50000)
362,4,CTRL-C2000: 4,SN74LVC11ADR,"Triple 3-input AND gate, 1.65-3.6 V, Ioff",Texas Instruments,SN74LVC11ADR,SOIC-14 (D),ORDERABLE,docs/datasheets/isolation-interface/SN74LVC11A.pdf,0.097000,0.3880,TI.com SN74LVC11ADR @1000+ (2026-10-04),high,0.097000,REAL: TI.com SN74LVC11ADR @1000+ break (annual qty 20000)
363,6,DAB60: 1; SYS-IO-AUX: 5,SN74LVC1G08DBVR,Single 2-input AND,Texas Instruments,SN74LVC1G08DBVR,SOT-23-5 (DBV),ORDERABLE,docs/datasheets/isolation-interface/SN74LVC1G08.pdf,0.028000,0.1680,TI.com SN74LVC1G08DBVR @1000+ (2026-10-04),high,0.028000,REAL: TI.com SN74LVC1G08DBVR @1000+ break (annual qty 30000)
364,7,DAB60: 4; SYS-IO-AUX: 3,SN74LVC1G11DBVR,Single 3-input AND,Texas Instruments,SN74LVC1G11DBVR,SOT-23-6 (DBV),ORDERABLE,docs/datasheets/isolation-interface/SN74LVC1G11.pdf,0.104000,0.7280,TI.com SN74LVC1G11DBVR @1000+ (2026-10-04),high,0.104000,REAL: TI.com SN74LVC1G11DBVR @1000+ break (annual qty 35000)
365,1,CTRL-C2000: 1,SN74LVC1G17DBVR,"Single Schmitt-trigger buffer, Ioff",Texas Instruments,SN74LVC1G17DBVR,SOT-23-5 (DBV),ORDERABLE,docs/datasheets/isolation-interface/SN74LVC1G17.pdf,0.054200,0.0542,LCSC C7836 @500+ (2026-10-04),high,0.052100,REAL: LCSC C7836 @3000+ break (annual qty 5000)
366,4,SYS-IO-AUX: 4,SN74LVC1G17DBVR,Single Schmitt-trigger buffer,Texas Instruments,SN74LVC1G17DBVR,SOT-23-5 (DBV),ORDERABLE,docs/datasheets/isolation-interface/SN74LVC1G17.pdf,0.054200,0.2168,LCSC C7836 @500+ (2026-10-04),high,0.050600,REAL: LCSC C7836 @6000+ break (annual qty 20000)
367,1,AUX-HV_DAB: 1,SN74LVC1G17DBVR,"Single Schmitt-trigger buffer, Ioff (PG_HVAUX driver)",Texas Instruments,SN74LVC1G17DBVR,SOT-23-5 (DBV),ORDERABLE,docs/datasheets/isolation-interface/SN74LVC1G17.pdf,0.054200,0.0542,LCSC C7836 @500+ (2026-10-04),high,0.052100,REAL: LCSC C7836 @3000+ break (annual qty 5000)
368,16,DAB60: 16,SN74LVC1G17DBVR,"Single Schmitt-trigger buffer, 3.3 V",Texas Instruments,SN74LVC1G17DBVR,SOT-23-5 (DBV),ORDERABLE,docs/datasheets/isolation-interface/SN74LVC1G17.pdf,0.054200,0.8672,LCSC C7836 @500+ (2026-10-04),high,0.050600,REAL: LCSC C7836 @6000+ break (annual qty 80000)
369,8,DAB60: 8,SN74LVC1G32DBVR,Single 2-input OR,Texas Instruments,SN74LVC1G32DBVR,SOT-23-5 (DBV),ORDERABLE,docs/datasheets/isolation-interface/SN74LVC1G32.pdf,0.030000,0.2400,TI.com SN74LVC1G32DBVR @1000+ (2026-10-04),high,0.030000,REAL: TI.com SN74LVC1G32DBVR @1000+ break (annual qty 40000)
370,4,DAB60: 2; SYS-IO-AUX: 2,SN74LVC1G74DCUR,D flip-flop with async preset / clear,Texas Instruments,SN74LVC1G74DCUR,VSSOP-8 (DCU),ORDERABLE,docs/datasheets/isolation-interface/SN74LVC1G74.pdf,0.187000,0.7480,TI.com SN74LVC1G74DCUR @1000+ (2026-10-04),high,0.187000,REAL: TI.com SN74LVC1G74DCUR @1000+ break (annual qty 20000)
371,3,CTRL-C2000: 3,SN74LVC244ADWR,"Octal buffer, 3-state, Ioff (SYS inputs before VDDIO is up)",Texas Instruments,SN74LVC244ADWR,SOIC-20 (DW),ORDERABLE,docs/datasheets/isolation-interface/SN74LVC244A.pdf,0.259000,0.7770,TI.com SN74LVC244ADWR @1000+ (2026-10-04),high,0.259000,REAL: TI.com SN74LVC244ADWR @1000+ break (annual qty 15000)
372,4,CTRL-C2000: 4,THVD1450DR,"RS-485 transceiver 3.3-5 V, 50 Mbps, driver enable (EN line driver + readback)",Texas Instruments,THVD1450DR,SOIC-8 (D),ORDERABLE,docs/datasheets/isolation-interface/THVD1450.pdf,0.837000,3.3480,TI.com THVD1450DR @1000+ (2026-10-04),high,0.837000,REAL: TI.com THVD1450DR @1000+ break (annual qty 20000)
373,1,AUX-HV_DAB: 1,TLV3202AIDGKR,"Dual comparator 40 ns, 40 uA/ch, push-pull, rail-to-rail inputs",Texas Instruments,TLV3202AIDGKR,VSSOP-8 (DGK),ORDERABLE,docs/datasheets/sensing/TLV3202.pdf,0.515800,0.5158,LCSC C478075 @1000+ (2026-10-04),high,0.515800,REAL: LCSC C478075 @1000+ break (annual qty 5000)
374,4,DAB60: 4,TLV3502AIDCNR,"Dual 4.5 ns rail-to-rail comparator, push-pull: OC / DC-flux windows",Texas Instruments,TLV3502AIDCNR,SOT-23-8 (DCN),ORDERABLE,docs/datasheets/sensing/TLV3502.pdf,1.448000,5.7920,LCSC C48618 @1000+ (2026-10-04),high,1.448000,REAL: LCSC C48618 @1000+ break (annual qty 20000)
375,4,DAB60: 4,TLV3502AIDCNR,Dual comparator rail-to-rail push-pull: over-current detect for the contactor hold,Texas Instruments,TLV3502AIDCNR,SOT-23-8 (DCN),ORDERABLE,docs/datasheets/sensing/TLV3502.pdf,1.448000,5.7920,LCSC C48618 @1000+ (2026-10-04),high,1.448000,REAL: LCSC C48618 @1000+ break (annual qty 20000)
376,1,SYS-IO-AUX: 1,TMP1075DR,I2C temperature sensor +/-1 C,Texas Instruments,TMP1075DR,SOIC-8 (D),ORDERABLE,docs/datasheets/sensing/TMP1075.pdf,0.276600,0.2766,LCSC C2878381 @1000+ (2026-10-04),high,0.276600,REAL: LCSC C2878381 @1000+ break (annual qty 5000)
377,1,CTRL-C2000: 1,TMUX1208PWR,"8:1 analog multiplexer, 1.08-5.5 V, low leakage",Texas Instruments,TMUX1208PWR,TSSOP-16 (PW),ORDERABLE,docs/datasheets/sensing/TMUX1208.pdf,0.227000,0.2270,TI.com TMUX1208PWR @1000+ (2026-10-04),high,0.227000,REAL: TI.com TMUX1208PWR @1000+ break (annual qty 5000)
378,8,SYS-IO-AUX: 8,TPS16630PWPR,"eFuse 60 V 6 A 31 mOhm, adjustable ILIM, UVLO, OVP, IMON, FLT",Texas Instruments,TPS16630PWPR,HTSSOP-20 (PWP),ORDERABLE,docs/datasheets/power-supply/TPS1663.pdf,1.363400,10.9072,LCSC C1849461 @1000+ (2026-10-04),high,1.363400,REAL: LCSC C1849461 @1000+ break (annual qty 40000)
379,5,CTRL-C2000: 5,TPS26600PWPR,"eFuse 4.2-60 V, 150 mR, 0.1-2.23 A adjustable limit",Texas Instruments,TPS26600PWPR,HTSSOP-16 PowerPAD (PWP),ORDERABLE,docs/datasheets/power-supply/TPS26600.pdf,1.057500,5.2875,LCSC C544399 @1000+ (2026-10-04),high,1.057500,REAL: LCSC C544399 @1000+ break (annual qty 25000)
380,4,SYS-IO-AUX: 4,TPS272C45DRHFR,"Dual 45 mOhm 24 V industrial smart high-side switch, adjustable ILIM, per-channel fault",Texas Instruments,TPS272C45DRHFR,VQFN-24 (RHF),ORDERABLE,docs/datasheets/isolation-interface/TPS272C45.pdf,2.640000,10.5600,TI.com TPS272C45DRHFR @1000+ (2026-10-04),high,2.640000,REAL: TI.com TPS272C45DRHFR @1000+ break (annual qty 20000)
381,4,SYS-IO-AUX: 4,TPS3700DDCR,"Window comparator 400 mV, two open-drain outputs",Texas Instruments,TPS3700DDCR,SOT-6 (DDC),ORDERABLE,docs/datasheets/power-supply/TPS3700.pdf,0.920000,3.6800,TI.com TPS3700DDCR @1000+ (2026-10-04),high,0.920000,REAL: TI.com TPS3700DDCR @1000+ break (annual qty 20000)
382,1,AUX-HV_DAB: 1,TPS3700DDCR,"Window voltage detector, 400 mV, two open-drain outputs",Texas Instruments,TPS3700DDCR,SOT-6 (DDC),ORDERABLE,docs/datasheets/power-supply/TPS3700.pdf,0.920000,0.9200,TI.com TPS3700DDCR @1000+ (2026-10-04),high,0.920000,REAL: TI.com TPS3700DDCR @1000+ break (annual qty 5000)
383,2,CTRL-C2000: 2,TPS3703A4330DSER,"Window supervisor 3.30 V +/-4 %, 0.7 %, 10 ms, MR",Texas Instruments,TPS3703A4330DSER,WSON-6 1.5x1.5 (DSE),ORDERABLE,docs/datasheets/power-supply/TPS3703.pdf,0.773000,1.5460,TI.com TPS3703A4330DSER @1000+ (2026-10-04),high,0.773000,REAL: TI.com TPS3703A4330DSER @1000+ break (annual qty 10000)
384,1,CTRL-C2000: 1,TPS3703F6050DSER,"UV supervisor 0.470 V (0.50 V -6 %), 1 %, 20 ms, MR",Texas Instruments,TPS3703F6050DSER,WSON-6 1.5x1.5 (DSE),ORDERABLE,docs/datasheets/power-supply/TPS3703.pdf,0.773000,0.7730,TI.com TPS3703F6050DSER @1000+ (2026-10-04),high,0.773000,REAL: TI.com TPS3703F6050DSER @1000+ break (annual qty 5000)
385,4,AUX-HV_DAB: 1; DAB60: 2; SYS-IO-AUX: 1,TPS3710DDCR,"Voltage detector 400 mV, open drain",Texas Instruments,TPS3710DDCR,SOT-6 (DDC),ORDERABLE,docs/datasheets/power-supply/TPS3710.pdf,0.618300,2.4732,LCSC C140262 @1000+ (2026-10-04),high,0.618300,REAL: LCSC C140262 @1000+ break (annual qty 20000)
386,1,SYS-IO-AUX: 1,TPS3850G33DRCR,Supervisor 3.3 V +/-4 % window + programmable window watchdog,Texas Instruments,TPS3850G33DRCR,VSON-10 (DRC),ORDERABLE,docs/datasheets/power-supply/TPS3850.pdf,1.047000,1.0470,TI.com TPS3850G33DRCR @1000+ (2026-10-04),high,1.047000,REAL: TI.com TPS3850G33DRCR @1000+ break (annual qty 5000)
387,1,CTRL-C2000: 1,TPS62130RGTR,"Sync buck 3-17 V in, 3 A, adjustable (VFB 0.8 V)",Texas Instruments,TPS62130RGTR,VQFN-16 3x3 (RGT),ORDERABLE,docs/datasheets/power-supply/TPS62130.pdf,0.728900,0.7289,LCSC C43590 @1000+ (2026-10-04),high,0.728900,REAL: LCSC C43590 @1000+ break (annual qty 5000)
388,1,CTRL-C2000: 1,TPS62133RGTR,"Sync buck 3-17 V in, 3 A, fixed 3.3 V out",Texas Instruments,TPS62133RGTR,VQFN-16 3x3 (RGT),ORDERABLE,docs/datasheets/power-supply/TPS62130.pdf,0.778000,0.7780,TI.com TPS62133RGTR @1000+ (2026-10-04),high,0.778000,REAL: TI.com TPS62133RGTR @1000+ break (annual qty 5000)
389,3,CTRL-C2000: 1; DAB60: 2,TPS7A2033PDBVR,"LDO 300 mA, 3.3 V fixed, low noise, active discharge",Texas Instruments,TPS7A2033PDBVR,SOT-23-5 (DBV),ORDERABLE,docs/datasheets/power-supply/TPS7A20.pdf,0.140100,0.4203,LCSC C2862740 @500+ (2026-10-04),high,0.131000,REAL: LCSC C2862740 @6000+ break (annual qty 15000)
390,1,SYS-IO-AUX: 1,TPS7A2033PDBVR,"LDO 3.3 V 300 mA, +/-1.5 % over line, load, temperature",Texas Instruments,TPS7A2033PDBVR,SOT-23-5 (DBV),ORDERABLE,docs/datasheets/power-supply/TPS7A20.pdf,0.140100,0.1401,LCSC C2862740 @500+ (2026-10-04),high,0.134400,REAL: LCSC C2862740 @3000+ break (annual qty 5000)
391,4,SYS-IO-AUX: 4,TPS7A2650DRVR,"LDO 5.0 V 500 mA +/-1 %, 18 V in (isolated port supply)",Texas Instruments,TPS7A2650DRVR,WSON-6 (DRV),ORDERABLE,docs/datasheets/power-supply/TPS7A26.pdf,0.444000,1.7760,TI.com TPS7A2650DRVR @1000+ (2026-10-04),high,0.444000,REAL: TI.com TPS7A2650DRVR @1000+ break (annual qty 20000)
392,2,DAB60: 2,TPSI3050QDWZRQ1,"Reinforced isolated switch driver, two-wire mode from a 24 V DO (EN), 10 V gate drive",Texas Instruments,TPSI3050QDWZRQ1,SOIC-8 wide (DWZ),ORDERABLE,docs/datasheets/isolation-interface/TPSI3050-Q1.pdf,2.299000,4.5980,TI.com TPSI3050QDWZRQ1 @1000+ (2026-10-04),high,2.299000,REAL: TI.com TPSI3050QDWZRQ1 @1000+ break (annual qty 10000)
393,2,DAB60: 2,UCC12050DVE,"Isolated DC/DC 500 mW, 5 V -> 5.0 V (SEL = VISO), reinforced VIOWM 1697 VDC / VIOTM 7071 Vpk",Texas Instruments,UCC12050DVE,"SO-16 wide (DVE), creepage > 8 mm",ORDERABLE,docs/datasheets/power-supply/UCC12050.pdf,3.973000,7.9460,TI.com UCC12050DVE @1000+ (2026-10-04),high,3.973000,REAL: TI.com UCC12050DVE @1000+ break (annual qty 10000)
394,8,DAB60: 8,UCC14241QDWNRQ1,"Isolated DC/DC module 24 V in, 2 W, adjustable VDD-VEE and COM-VEE, PG, reinforced (planned VDE 0884-17) VIOWM 1414 VDC, CIO < 3.5 pF, CMTI > 150 V/ns",Texas Instruments,UCC14241QDWNRQ1,SSOP-36 (DWN),ORDERABLE,docs/datasheets/gate-drivers/UCC14241-Q1.pdf,4.972000,39.7760,TI.com UCC14241QDWNRQ1 @1000+ (2026-10-04),high,4.972000,REAL: TI.com UCC14241QDWNRQ1 @1000+ break (annual qty 40000)
395,8,DAB60: 8,UCC21710DWR,"Isolated SiC gate driver 10 A, OC/DESAT, soft turn-off, Miller clamp, AIN-APWM; reinforced VDE 0884-17, VIOWM 2121 VDC, CMTI >= 150 V/ns",Texas Instruments,UCC21710DWR,SOIC-16W (DW),ORDERABLE,docs/datasheets/gate-drivers/UCC21710.pdf,2.277000,18.2160,TI.com UCC21710DWR @1000+ (2026-10-04),high,2.277000,REAL: TI.com UCC21710DWR @1000+ break (annual qty 40000)
396,1,AUX-HV_DAB: 1,UCC28C59QDRQ1,"Current-mode PWM controller for SiC, UVLO 16/12.5 V, max duty 48 %, AEC-Q100",Texas Instruments,UCC28C59QDRQ1,SOIC-8 (D),ORDERABLE,docs/datasheets/power-supply/UCC28C58-Q1.pdf,0.920000,0.9200,TI.com UCC28C59QDRQ1 @1000+ (2026-10-04),high,0.920000,REAL: TI.com UCC28C59QDRQ1 @1000+ break (annual qty 5000)
397,6,DAB60: 6,TVT25751KFKG,"Thermally protected varistor 615 VDC, Vc 1240 V @ 150 A, Imax 25 kA, thermal link + monitor lead",Thinking Electronic,TVT25751KFKG,"25 mm disc, 3 leads, potted",ORDERABLE,docs/datasheets/protection/Thinking-TVT-Series.pdf,1.200000,7.2000,"estimate TVT25751KFKG: ESTIMATE: Thinking TVT25751 25 mm potted thermally protected varistor with monitor lead; no public price (LCSC mirror, web search 2026-10...",low,0.960000,ASSUMED x0.80 [protection_estimate]
398,3,AUX-HV_DAB: 3,BYG10Y-E3/TR,"Avalanche rectifier 1600 V 1.5 A, standard recovery",Vishay,BYG10Y-E3/TR,SMA (DO-214AC),ORDERABLE,docs/datasheets/power-semiconductors/BYG10Y.pdf,0.084000,0.2520,LCSC C97584 @500+ (2026-10-04),high,0.071100,REAL: LCSC C97584 @5400+ break (annual qty 15000)
399,1,AUX-HV_DAB: 1,CNY65B,"Optocoupler phototransistor, reinforced, VIORM 1800 Vpk, creepage/clearance >= 14 mm, CTR 100-200 %",Vishay,CNY65B,DIP-4 HV 600 mil (15.24 mm),ORDERABLE,docs/datasheets/isolation-interface/CNY65.pdf,1.137200,1.1372,LCSC C118289 @990+ (2026-10-04),high,0.966620,ASSUMED x0.85 [short_table]
400,2,DAB60: 2,CNY65B,"Optocoupler phototransistor, reinforced, VIOTM 12 kV, creepage >= 14 mm: varistor-network monitor",Vishay,CNY65B,DIP-4 HV 600 mil (15.24 mm),ORDERABLE,docs/datasheets/isolation-interface/CNY65.pdf,1.137200,2.2744,LCSC C118289 @990+ (2026-10-04),high,0.966620,ASSUMED x0.85 [short_table]
401,3,AUX-HV_DAB: 3,10M,"Resistor 10 M 1 % 2512 high-voltage thick film, 3000 V",Vishay,CRHV2512AF10M0FKFB,2512,ORDERABLE,docs/datasheets/passives-capacitors/CRHV.pdf,0.550000,1.6500,"estimate CRHV2512AF10M0FKFB: ESTIMATE: Vishay CRHV 2512 high-voltage chip resistor, no readable price; engineering estimate",low,0.467500,ASSUMED x0.85 [asia_part_estimate]
402,6,DAB60: 6,IRFL214TRPbF,N-MOSFET 250 V 2.0 ohm: coil low-side switch,Vishay,IRFL214TRPbF,SOT-223,ORDERABLE,docs/datasheets/power-semiconductors/IRFL214.pdf,0.450000,2.7000,"estimate IRFL214TRPbF: ESTIMATE: Vishay IRFL214 250 V SOT-223 MOSFET, no LCSC listing found through the mirror or web search; engineering estimate",low,0.382500,ASSUMED x0.85 [asia_part_estimate]
403,2,DAB60: 2,IRFR9214TRPbF,P-MOSFET -250 V 3.0 ohm: hold-closed high-side switch,Vishay,IRFR9214TRPbF,DPAK (TO-252),ORDERABLE,docs/datasheets/power-semiconductors/IRFR9214.pdf,0.650000,1.3000,"estimate IRFR9214TRPbF: ESTIMATE: Vishay IRFR9214 -250 V DPAK P-MOSFET, no LCSC listing found; engineering estimate",low,0.552500,ASSUMED x0.85 [asia_part_estimate]
404,24,DAB60: 24,TNPV12061M00BEEA,HV thin-film resistor 1.00 M 0.1 % 25 ppm/K 700 V,Vishay,TNPV12061M00BEEA,1206,ORDERABLE,docs/datasheets/passives-capacitors/TNPV-e3.pdf,1.025699,24.6168,Farnell UK (web-search snippet; page blocked) 2475097 @1+ (2026-10-04) single-piece price,medium,0.533363,ASSUMED x0.52 [single_piece_list]
405,10,DAB60: 10,TNPV12062M00BEEA,HV thin-film resistor 2.00 M 0.1 % 25 ppm/K 700 V,Vishay,TNPV12062M00BEEA,1206,ORDERABLE,docs/datasheets/passives-capacitors/TNPV-e3.pdf,0.800000,8.0000,estimate TNPV12062M00BEEA: ESTIMATE: same Vishay TNPV 1206 series as TNPV12061M00BEEA (USD 0.785 for 1-1999 pcs in a web-search result; Farnell UK GBP 0.777 at qty 1),medium,0.680000,ASSUMED x0.85 [asia_part_estimate]
406,4,DAB60: 4,TNPW12064K99BEEA,Thin-film resistor 4.99 k 0.1 % 25 ppm/K,Vishay,TNPW12064K99BEEA,1206,ORDERABLE,docs/datasheets/passives-capacitors/TNPW-e3.pdf,0.200000,0.8000,"estimate TNPW12064K99BEEA: ESTIMATE: Vishay TNPW 1206 0.1 % thin film, no readable price; LCSC's Yageo thin-film 1206 0.1 % RT1206BRD0720RL is 0.0502 USD at 5000+,...",low,0.170000,ASSUMED x0.85 [asia_part_estimate]
407,1,AUX-HV_DAB: 1,VS-8ETU04S-M3,Ultrafast rectifier 400 V 8 A FRED Pt (output),Vishay,VS-8ETU04S-M3,D2PAK (TO-263AB),ORDERABLE,docs/datasheets/power-semiconductors/VS-8ETU04S-M3.pdf,1.130000,1.1300,"estimate VS-8ETU04S-M3: ESTIMATE: same Vishay D2PAK 8 A FRED Pt family; VS-8ETL06S-M3 is 1.1323 USD at 500+ on LCSC (C506528, 2026-10-04)",medium,0.960500,ASSUMED x0.85 [asia_part_estimate]
408,4,DAB60: 4,VY1472M63Y5UQ63V0,Y1 capacitor 4.7 nF 500 VAC / 1500 VDC,Vishay,VY1472M63Y5UQ63V0,"disc 16 mm, 10 mm leads",ORDERABLE,docs/datasheets/passives-capacitors/VY1.pdf,0.343220,1.3729,RS Components UK (web-search snippet; page blocked) 8523393 @250+ (2026-10-04),medium,0.291737,ASSUMED x0.85 [short_table]
409,2,AUX-HV_DAB: 2,22R,"Resistor 22 R 5 % 10 W cemented wirewound, pulse-rated (current limit ahead of the port fuse)",Vishay Draloric,AC10000002209JAB00,"axial cemented wirewound 10 W, 44 x 8 mm",ORDERABLE,docs/datasheets/passives-capacitors/AC-AC-AT-AC-NI.pdf,0.932000,1.8640,Octopart aggregator (web-search snippet) AC10000002209JAB00 @1+ (2026-10-04) single-piece price,medium,0.484640,ASSUMED x0.52 [single_piece_list]
410,2,DAB60: 2,C2M1000170D,SiC MOSFET 1700 V 1 ohm,Wolfspeed,C2M1000170D,TO-247-3,ORDERABLE,docs/datasheets/power-semiconductors/C2M1000170D.pdf,17.090000,34.1800,"estimate C2M1000170D: ESTIMATE: LCSC lists the part (C5713500) 'from US$17.0935' but out of stock, so no break table is readable; this single-piece figure is u...",low,14.526500,ASSUMED x0.85 [asia_part_estimate]
411,2,DAB60: 2,CBB011M12GM4T,"COLD-PLATE MOUNTED SiC full-bridge module 1200 V 11 mOhm Gen 4, pre-applied TIM, NTC 5 k",Wolfspeed,CBB011M12GM4T,WolfPACK GM4 press-fit 62.8 x 56.7 mm,ORDERABLE,docs/datasheets/power-semiconductors/CBB011M12GM4T.pdf,201.460000,402.9200,findchips aggregator (Richardson RFPD) CBB011M12GM4T @1+ (2026-10-04) single-piece price,medium,104.759200,ASSUMED x0.52 [single_piece_list]
412,1,CTRL-C2000: 1,150060RS75000,"LED red 0603, VF 2.0 V typ",Wurth Elektronik,150060RS75000,0603,ORDERABLE,docs/datasheets/passives-capacitors/WE-150060RS75000.pdf,0.060000,0.0600,"estimate 150060RS75000: ESTIMATE: Wurth WL-SMCW 0603 red LED, no readable price; engineering estimate",low,0.051000,ASSUMED x0.85 [asia_part_estimate]
413,2,SYS-IO-AUX: 2,150060RS75000,"LED 0603 red 625 nm, VF 2.0 V",Wurth Elektronik,150060RS75000,0603,ORDERABLE,docs/datasheets/passives-capacitors/WE-150060RS75000.pdf,0.060000,0.1200,"estimate 150060RS75000: ESTIMATE: Wurth WL-SMCW 0603 red LED, no readable price; engineering estimate",low,0.051000,ASSUMED x0.85 [asia_part_estimate]
414,4,CTRL-C2000: 4,150060VS75000,"LED bright green 0603, VF 2.0 V typ",Wurth Elektronik,150060VS75000,0603,ORDERABLE,docs/datasheets/passives-capacitors/WE-150060VS75000.pdf,0.060000,0.2400,"estimate 150060VS75000: ESTIMATE: Wurth WL-SMCW 0603 green LED, no readable price; engineering estimate",low,0.051000,ASSUMED x0.85 [asia_part_estimate]
415,5,SYS-IO-AUX: 5,150060VS75000,"LED 0603 bright green 570 nm, VF 2.0 V",Wurth Elektronik,150060VS75000,0603,ORDERABLE,docs/datasheets/passives-capacitors/WE-150060VS75000.pdf,0.060000,0.3000,"estimate 150060VS75000: ESTIMATE: Wurth WL-SMCW 0603 green LED, no readable price; engineering estimate",low,0.051000,ASSUMED x0.85 [asia_part_estimate]
416,1,CTRL-C2000: 1,434121025816,"Tact switch WS-TASV, 12 V 50 mA (manual reset)",Wurth Elektronik,434121025816,SMD 6.0x3.8 mm,ORDERABLE,docs/datasheets/connectors/WE-434121025816.pdf,0.350000,0.3500,"estimate 434121025816: ESTIMATE: Wurth WS-TASV SMD tact switch, no readable price; engineering estimate",low,0.297500,ASSUMED x0.85 [asia_part_estimate]
417,1,CTRL-C2000: 1,61202621621,"Shrouded box header 2x13, PORT contract",Wurth Elektronik,61202621621,WR-BHD 2x13 2.54 mm THT,ORDERABLE,docs/datasheets/connectors/WE-61202621621.pdf,1.005233,1.0052,Farnell Japan (web-search snippet; page blocked) 1642022 @1+ (2026-10-04) single-piece price,medium,0.522721,ASSUMED x0.52 [single_piece_list]
418,1,DAB60: 1,61202621621,PORT connector to CTRL-C2000 (26-way ribbon),Wurth Elektronik,61202621621,2x13 2.54 mm box header,ORDERABLE,docs/datasheets/connectors/WE-61202621621.pdf,1.005233,1.0052,Farnell Japan (web-search snippet; page blocked) 1642022 @1+ (2026-10-04) single-piece price,medium,0.522721,ASSUMED x0.52 [single_piece_list]
419,6,CTRL-C2000: 4; DAB60: 2,61204021621,"Shrouded box header 2x20, CELL contract",Wurth Elektronik,61204021621,WR-BHD 2x20 2.54 mm THT,ORDERABLE,docs/datasheets/connectors/WE-61204021621.pdf,1.450000,8.7000,"estimate 61204021621: ESTIMATE: Wurth WR-BHD 2x20 box header; the 2x13 61202621621 is JPY 158.5 = USD 1.01 at 1 on Farnell Japan, scaled by pin count",low,1.232500,ASSUMED x0.85 [asia_part_estimate]
420,2,DAB60: 2,691322110002,Shunt NTC to SYS-IO-AUX NTC input (harness),Wurth Elektronik,691322110002,2p 3.5 mm pluggable header,ORDERABLE,docs/datasheets/connectors/WE-691322110002.pdf,0.550000,1.1000,"estimate 691322110002: ESTIMATE: Wurth WR-TBL 3.5 mm 2-pole pluggable header, no readable price; engineering estimate",low,0.467500,ASSUMED x0.85 [asia_part_estimate]
421,1,DAB60: 1,691322310014,"Control connector to SYS-IO-AUX: 8 DO lines, FB lines each with its own GND return, coil returns",Wurth Elektronik,691322310014,14p 3.81 mm pluggable header,ORDERABLE,docs/datasheets/connectors/WE-691322310014.pdf,2.400000,2.4000,"estimate 691322310014: ESTIMATE: Wurth WR-TBL 3.81 mm 14-pole pluggable header, no readable price; scaled by pole count from the 2-pole estimate",low,2.040000,ASSUMED x0.85 [asia_part_estimate]
422,2,CTRL-C2000: 2,742792641,"Ferrite bead 300 R at 100 MHz, 1.5 A, 0.15 R max",Wurth Elektronik,742792641,0603,ORDERABLE,docs/datasheets/magnetics/WE-742792641.pdf,0.080000,0.1600,"estimate 742792641: ESTIMATE: Wurth WE-CBF 0603 300 ohm ferrite bead, no readable price; engineering estimate",low,0.068000,ASSUMED x0.85 [asia_part_estimate]
423,1,CTRL-C2000: 1,74437368150,"Power inductor 15 uH, ISAT(10%) 5.55 A, 45 mR max",Wurth Elektronik,74437368150,WE-LHMI,ORDERABLE,docs/datasheets/magnetics/WE-74437368150.pdf,2.600000,2.6000,estimate 74437368150: ESTIMATE: Wurth WE-LHMI 15 uH 5.55 A; the same-series 744373965150 15 uH is DKK 21.24 (about USD 3.3) at qty 1 on Farnell Denmark (web-se...,low,2.210000,ASSUMED x0.85 [asia_part_estimate]
424,2,CTRL-C2000: 2,74438356022,"Power inductor 2.2 uH, ISAT(10%) 4.05 A, 35 mR max",Wurth Elektronik,74438356022,WE-MAPI 4020,ORDERABLE,docs/datasheets/magnetics/WE-74438356022.pdf,0.550000,1.1000,"estimate 74438356022: ESTIMATE: Wurth WE-MAPI 4020 2.2 uH, no readable price; engineering estimate",low,0.467500,ASSUMED x0.85 [asia_part_estimate]
425,1,SYS-IO-AUX: 1,74439346100,"Power inductor 10 uH 20 %, Isat 5.05 A, 26.5 mOhm",Wurth Elektronik,74439346100,WE-XHMI 6060,ORDERABLE,docs/datasheets/magnetics/WE-74439346100.pdf,1.600000,1.6000,"estimate 74439346100: ESTIMATE: Wurth WE-XHMI 6060 10 uH 5 A, no readable price; engineering estimate",low,1.360000,ASSUMED x0.85 [asia_part_estimate]
426,3,DAB60: 3,74439346100,Power inductor 10 uH 5 A,Wurth Elektronik,74439346100,SMD 4040,ORDERABLE,docs/datasheets/magnetics/WE-74439346100.pdf,1.600000,4.8000,"estimate 74439346100: ESTIMATE: Wurth WE-XHMI 6060 10 uH 5 A, no readable price; engineering estimate",low,1.360000,ASSUMED x0.85 [asia_part_estimate]
427,2,AUX-HV_DAB: 2,7461057,HV wire terminal for an M3 ring lug (1000 VDC by board spacing),Wurth Elektronik,7461057,REDCUBE press-fit M3,ORDERABLE,docs/datasheets/connectors/WE-7461057.pdf,1.100000,2.2000,"estimate 7461057: ESTIMATE: Wurth REDCUBE press-fit M3 terminal 100 A, no readable price; engineering estimate",low,0.935000,ASSUMED x0.85 [asia_part_estimate]
428,3,DAB60: 3,7461057,"PCB HV connection point (ring lug / busbar), M3, 100 A",Wurth Elektronik,7461057,REDCUBE press-fit M3,ORDERABLE,docs/datasheets/connectors/WE-7461057.pdf,1.100000,3.3000,"estimate 7461057: ESTIMATE: Wurth REDCUBE press-fit M3 terminal 100 A, no readable price; engineering estimate",low,0.935000,ASSUMED x0.85 [asia_part_estimate]
429,1,DAB60: 1,AUX-HV PA+ tap (port 1 only),"PCB HV connection point (ring lug / busbar), M3, 100 A",Wurth Elektronik,7461057,REDCUBE press-fit M3,ORDERABLE,docs/datasheets/connectors/WE-7461057.pdf,1.100000,1.1000,"estimate 7461057: ESTIMATE: Wurth REDCUBE press-fit M3 terminal 100 A, no readable price; engineering estimate",low,0.935000,ASSUMED x0.85 [asia_part_estimate]
430,1,DAB60: 1,P1_BUS- stud = AUX-HV PA-,"PCB HV connection point (ring lug / busbar), M3, 100 A",Wurth Elektronik,7461057,REDCUBE press-fit M3,ORDERABLE,docs/datasheets/connectors/WE-7461057.pdf,1.100000,1.1000,"estimate 7461057: ESTIMATE: Wurth REDCUBE press-fit M3 terminal 100 A, no readable price; engineering estimate",low,0.935000,ASSUMED x0.85 [asia_part_estimate]
431,1,BMU-GW: 1,750315371,"Push-pull transformer 1:1.1 CT:CT, 72 uH, 8.6 Vus, 2500 VAC test, AEC-Q200",Wurth Elektronik,750315371,SMD 6-pin 8.3x12.6 mm,ORDERABLE,docs/datasheets/magnetics/WE-750315371.pdf,2.660000,2.6600,Mouser (web-search snippet; page blocked) 750315371 @1+ (2026-10-04) single-piece price,medium,1.383200,ASSUMED x0.52 [single_piece_list]
432,4,SYS-IO-AUX: 4,760390014,"Push-pull transformer 1:1.3 CT:CT, 475 uH, 11 Vus, 2500 VAC test, AEC-Q200",Wurth Elektronik,760390014,SMD 6-pin 10.2x7.1 mm,ORDERABLE,docs/datasheets/magnetics/WE-760390014.pdf,2.020000,8.0800,Mouser (web-search snippet; page blocked) 760390014 @1+ (2026-10-04) single-piece price,medium,1.050400,ASSUMED x0.52 [single_piece_list]
433,1,BMU-GW: 1,X6521WV-2x05H-C60D30,"Host header 2x5, 2.54 mm, -40..+105 C (mates X6521FV-2x05 on SYS-IO-AUX)",XKB Connection,X6521WV-2x05H-C60D30,2x5 2.54 mm THT,ORDERABLE,docs/datasheets/connectors/XKB-X6521W.pdf,,,UNPRICED,none,,UNPRICED
434,24,DAB60: 24,1.1n 2kV C0G,RFQ snubber MLCC 1.1 nF 5 % C0G 2 kV 2220,,,2220,RFQ,,0.550000,13.2000,"estimate 1.1n 2kV C0G: ESTIMATE: 2220 C0G 2 kV 1.1 nF; the nearest listed part is FV55N472J202EGG 4.7 nF 2 kV C0G 2220 at 0.62 USD per 1000+ on LCSC (C1021538),...",low,0.467500,ASSUMED x0.85 [asia_part_estimate]
435,24,DAB60: 24,13.6R 3W,"RFQ snubber resistor 13.6 ohm 1 % 3 W 2512 thick film, pulse rated",,,2512,RFQ,,0.250000,6.0000,"estimate 13.6R 3W: ESTIMATE: 2512 pulse-rated thick film 3 W; LCSC RPL-12K10R0FT 2 W 2512 1 % is 0.148 USD at 4000+ (C2991665), 3 W rating assumed at +70 %",low,0.212500,ASSUMED x0.85 [asia_part_estimate]
436,2,DAB60: 2,220R RST200 RFQ,"CHASSIS-MOUNTED RFQ Miba RST 200 precharge resistor 220 ohm +/-5 %, <= 1000 V DC, pulse 2300 J at tau 0.1 s, 3000 W for 3 s, insulation 3.5 kV rms",,,"Miba RST 200 aluminium housing, M5",RFQ,docs/datasheets/protection/Miba-RST-200.pdf,15.000000,30.0000,"estimate 220R RST200 RFQ: ESTIMATE: Miba RST 200 aluminium-housed power resistor (2.3-4 kJ pulse, 3 kW for 3 s, 3.5 kV insulation): no price found (Miba publishes...",low,12.750000,ASSUMED x0.85 [asia_part_estimate]
437,4,DAB60: 4,300R RST200 RFQ,"CHASSIS-MOUNTED RFQ Miba RST 200 discharge resistor 300 ohm +/-5 %, <= 1000 V DC, pulse 4000 J at tau 0.5 s, 3000 W for 3 s, insulation 3.5 kV rms",,,"Miba RST 200 aluminium housing, M5",RFQ,docs/datasheets/protection/Miba-RST-200.pdf,15.000000,60.0000,"estimate 300R RST200 RFQ: ESTIMATE: Miba RST 200 aluminium-housed power resistor (2.3-4 kJ pulse, 3 kW for 3 s, 3.5 kV insulation): no price found (Miba publishes...",low,12.750000,ASSUMED x0.85 [asia_part_estimate]
438,20,DAB60: 20,47n 1.5kV C0G,RFQ DC-link terminal MLCC 47 nF C0G >= 1.5 kV DC 1812/2220,,,1812/2220,RFQ,,5.000000,100.0000,estimate 47n 1.5kV C0G: ESTIMATE: 47 nF C0G >= 1.5 kV in 1812/2220 is a rare high-value C0G part with no LCSC listing; priced as the usual premium class of 4-6 U...,low,4.250000,ASSUMED x0.85 [asia_part_estimate]
439,2,DAB60: 2,KSD301 NO 80C RFQ,"RESISTOR-MOUNTED RFQ KSD301-class bimetal thermostat, NORMALLY OPEN, closes 80 +/-5 C rising, ~15 K differential; class data 1000 V AC 1 min terminals-cap, <= 50 mOhm; dry-circuit duty here (<= 0.2 mA at 15 V): gold or minimum-load statement required; sits at HV - mount over a basic-insulating pad (1000 VDC working, 2200 V rms, OVC II)",,,"KSD301 disc, metal cap, 2 screw feet",RFQ,,0.600000,1.2000,"estimate KSD301 NO 80C RFQ: ESTIMATE: KSD301-class normally-open bimetal thermostat, 80 C, with gold / low-load contacts; generic KSD301 parts are sold at a few tent...",low,0.510000,ASSUMED x0.85 [asia_part_estimate]
440,4,DAB60: 4,X 2.2u 1300V RFQ,"RFQ X capacitor film 2.2 uF, 1300 VDC at 70 C (1100 V at 85 C), ESR <= 16 mOhm, impulse >= 4.5 kV peak (>= 1.1 x the 3.8 kV pole-pole level of the varistor Y, IC-10; leads at the varistor network), no lifetime surge-count limit below 1000 events",,,"radial film, 27.5 mm pitch",RFQ,,4.500000,18.0000,"estimate X 2.2u 1300V RFQ: ESTIMATE: same value, voltage and pitch as KEMET C4AQUBU4220A1YJ (DigiKey Austria EUR 2.49 = USD 2.80 at qty 1, ECB 2026-10-02: 1 EUR = 1...",low,3.600000,ASSUMED x0.80 [protection_estimate]
441,1,DAB60: 1,3106U 77 C (RFQ),"COLD-PLATE MOUNTED low-level bimetal thermostat SPST, gold WE-1 contacts, 500 mA / 50 Vdc; RFQ set point: closed when cool, opens 77 +/-2.8 C rising, automatic reset",Honeywell,3106U,"hermetic, flange bracket by order",RFQ,docs/datasheets/thermal/Honeywell-precision-thermostats.pdf,69.000000,69.0000,"estimate 3106U: ESTIMATE: Honeywell 3100U-series thermostat, no price for this ordering code; the same series is listed at 69.00 USD (3100U-3-1456) and 2...",low,58.650000,ASSUMED x0.85 [asia_part_estimate]
442,1,DAB60: 1,flow switch 6 l/min (RFQ),"PIPE-MOUNTED reed flow switch, closes at increasing flow. RFQ: factory special set point OFF at 6 l/min decreasing (50/50 glycol, 50 C); standard DN 15 opens at 3.2-4.2 l/min water",SIKA,VK315M0P10PI31,"G1/2 brass tee DN 15, 1.5 m PVC cable",RFQ,docs/datasheets/sensing/SIKA-VK3.pdf,131.000000,131.0000,"estimate VK315M0P10PI31: ESTIMATE: SIKA reed flow switch with factory special set point; the same series VK306M2P10PR21 is listed at about 131 USD net (TME, web-s...",low,111.350000,ASSUMED x0.85 [asia_part_estimate]
