Item,Qty,Used on,Value,Description,Manufacturer,MPN,Package,Sourcing,Datasheet,unit_cost_usd,ext_cost_usd,price_source,confidence,unit_cost_5k_usd,basis_5k
1,1,PCS-PWR-4W: 1,AC terminal L1 250 A (CUSTOM),"CHASSIS-MOUNTED CUSTOM AC terminal: M10 busbar stud feed-through, 250 A, 1000 VDC, touch cover, external creepage to PE >= 12.5 mm (group I) / 16.0 mm (IIIa), PD3 cooling-air path (IC-18/IC-21) (AC side: L1-L3 and, four-wire, N; 1000 V insulation class, 250 A)",,,M10 stud,CUSTOM,,13.000000,13.0000,estimate AC terminal L1 250 A (CUSTOM)@PCS-P125-4W: As the three-wire module (key AC terminal L1 250 A (CUSTOM)@PCS-P125): ESTIMATE: a third of the sim/out/pcs_design/pcs_costed_bom.csv row...,low,11.050000,ASSUMED x0.85 [custom_mech]
2,1,PCS-PWR-4W: 1,AC terminal L2 250 A (CUSTOM),"CHASSIS-MOUNTED CUSTOM AC terminal: M10 busbar stud feed-through, 250 A, 1000 VDC, touch cover, external creepage to PE >= 12.5 mm (group I) / 16.0 mm (IIIa), PD3 cooling-air path (IC-18/IC-21) (AC side: L1-L3 and, four-wire, N; 1000 V insulation class, 250 A)",,,M10 stud,CUSTOM,,13.000000,13.0000,estimate AC terminal L2 250 A (CUSTOM)@PCS-P125-4W: As the three-wire module (key AC terminal L2 250 A (CUSTOM)@PCS-P125): ESTIMATE: a third of the sim/out/pcs_design/pcs_costed_bom.csv row...,low,11.050000,ASSUMED x0.85 [custom_mech]
3,1,PCS-PWR-4W: 1,AC terminal L3 250 A (CUSTOM),"CHASSIS-MOUNTED CUSTOM AC terminal: M10 busbar stud feed-through, 250 A, 1000 VDC, touch cover, external creepage to PE >= 12.5 mm (group I) / 16.0 mm (IIIa), PD3 cooling-air path (IC-18/IC-21) (AC side: L1-L3 and, four-wire, N; 1000 V insulation class, 250 A)",,,M10 stud,CUSTOM,,13.000000,13.0000,estimate AC terminal L3 250 A (CUSTOM)@PCS-P125-4W: As the three-wire module (key AC terminal L3 250 A (CUSTOM)@PCS-P125): ESTIMATE: a third of the sim/out/pcs_design/pcs_costed_bom.csv row...,low,11.050000,ASSUMED x0.85 [custom_mech]
4,1,PCS-PWR-4W: 1,AC terminal N 250 A (CUSTOM),"CHASSIS-MOUNTED CUSTOM AC terminal: M10 busbar stud feed-through, 250 A, 1000 VDC, touch cover, external creepage to PE >= 12.5 mm (group I) / 16.0 mm (IIIa), PD3 cooling-air path (IC-18/IC-21) (AC side: L1-L3 and, four-wire, N; 1000 V insulation class, 250 A)",,,M10 stud,CUSTOM,,13.000000,13.0000,"estimate AC terminal N 250 A (CUSTOM)@PCS-P125-4W: As the phase terminals (key AC terminal L1 250 A (CUSTOM)@PCS-P125): the four-wire N terminal, same class",low,11.050000,ASSUMED x0.85 [custom_mech]
5,1,PCS-PWR-4W: 1,CM choke 4W (CUSTOM),"CHASSIS-MOUNTED CUSTOM AC common-mode choke 145 uH min, FOUR-WIRE: L1-L3 + N, 4 bars 16 x 4.5 mm on edge through the same cores (design file fit 'four_wire_on_edge') rev M1 (sim/out/magnetics/design_pcs_cm_choke.json, winding sheet spec_pcs_cm_choke.md): 2 x Yunlu N-R-564440 rectangular nanocrystalline cores (56 x 44.6 x 40 mm, window 33 x 21.6 mm) in a flat-mu grade (mu 30000 +/-25 %, RFQ), stacked ov; 0.8 kg; proposed construction - calculated, not built or measured. sleeved bars (>= 1 mm, rated 1.5 kV rms) inside cased cores; mains side basic (OVC III) as L2",,,"chassis, cores over the 3 phase + N busbars",CUSTOM,,25.800000,25.8000,"estimate CM choke 4W (CUSTOM)@PCS-P125-4W: ESTIMATE: the three-wire CM choke (24.8 USD, sim/magnetics.py design_pcs_cm_choke.json: the same 2 Yunlu cores) + 1 USD for the fourth ba...",low,21.930000,ASSUMED x0.85 [custom_mech]
6,1,PCS-PWR-4W: 1,DC terminal B+ 250 A (CUSTOM),"CHASSIS-MOUNTED CUSTOM DC terminal: M10 busbar stud feed-through, 250 A, 1000 VDC, touch cover, external creepage to PE >= 12.5 mm (group I) / 16.0 mm (IIIa), PD3 cooling-air path (IC-18/IC-21)",,,M10 stud,CUSTOM,,15.500000,15.5000,estimate DC terminal B+ 250 A (CUSTOM)@PCS-P125-4W: As the three-wire module (key DC terminal B+ 250 A (CUSTOM)@PCS-P125): ESTIMATE: half of the sim/out/pcs_design/pcs_costed_bom.csv row 'D...,low,13.175000,ASSUMED x0.85 [custom_mech]
7,1,PCS-PWR-4W: 1,DC terminal B- 250 A (CUSTOM),"CHASSIS-MOUNTED CUSTOM DC terminal: M10 busbar stud feed-through, 250 A, 1000 VDC, touch cover, external creepage to PE >= 12.5 mm (group I) / 16.0 mm (IIIa), PD3 cooling-air path (IC-18/IC-21)",,,M10 stud,CUSTOM,,15.500000,15.5000,estimate DC terminal B- 250 A (CUSTOM)@PCS-P125-4W: As the three-wire module (key DC terminal B- 250 A (CUSTOM)@PCS-P125): ESTIMATE: half of the sim/out/pcs_design/pcs_costed_bom.csv row 'D...,low,13.175000,ASSUMED x0.85 [custom_mech]
8,4,PCS-PWR-4W: 4,"Gate-bias transformer per phase (sim/out/magnetics/design_gdrv_bias_transformer.json): DMEGC EP17 set (DMR44), ungapped, 4+4:24 x4, ratio 1:6, barrier 1.77 pF high-side winding to primary / 3.43 pF adjacent sections, functional insulation PD-free >= 1.75 kVpk; 2.18 USD (1 k, ESTIMATE)","Gate-bias transformer per phase (sim/out/magnetics/design_gdrv_bias_transformer.json): DMEGC EP17 set (DMR44), ungapped, 4+4:24 x4, ratio 1:6, barrier 1.77 pF high-side winding to primary / 3.43 pF adjacent sections, functional insulation PD-free >= 1.75 kVpk; 2.18 USD (1 k, ESTIMATE)",,,"EP10-class, sectioned bobbin, TIW secondaries",CUSTOM,,2.180000,8.7200,"estimate Gate-bias transformer*: ESTIMATE (sim/magnetics.py design_gdrv_bias_transformer.json rev M1, D-048): DMEGC EP17 DMR44 + custom 5-section bobbin + 4 x 24 t TIW, c...",low,1.460600,ASSUMED x0.67 [custom_magnetic_small]
9,4,PCS-PWR-4W: 4,L1 120u (CUSTOM),"CHASSIS-MOUNTED CUSTOM LCL inductor L1 120 uH rev M1 (sim/out/magnetics/design_pcs_l1.json, winding sheet spec_pcs_l1.md): Fe-based amorphous C-core, leg 30 x 100 mm, window 160 x 40 mm; 20 turns in two coils (10 per leg) of Al foil 0.80 x 144 mm, 10 layers per coil; 12 ga; 11.6 kg; proposed construction - calculated, not built or measured. basic winding - core/PE (DC-side system, 1000 V DC, OVC II): 2.5 mm GF-PPS formers, 5 mm creepage margins at the coil en",,,"chassis, 2 power terminals + NTC leads + core bond",CUSTOM,,126.600000,506.4000,estimate L1 120u (CUSTOM)@PCS-P125-4W: As the three-wire module (key L1 120u (CUSTOM)@PCS-P125): ESTIMATE (sim/out/pcs_design/pcs_costed_bom.csv LCL L1 row; sim/magnetics.py de...,low,107.610000,ASSUMED x0.85 [custom_mech]
10,3,PCS-PWR-4W: 3,L2 6u (CUSTOM),"CHASSIS-MOUNTED CUSTOM LCL inductor L2 6 uH rev M1 (sim/out/magnetics/design_pcs_l2.json, winding sheet spec_pcs_l2.md): Fe-based amorphous C-core, leg 15 x 40 mm, window 80 x 20 mm; 4 turns in two coils (2 per leg) of Al foil 1.50 x 64 mm, 2 layers per coil; 2 gaps of 1; 1.2 kg; proposed construction - calculated, not built or measured. basic winding - core/PE (mains side, OVC III): 2.5 mm GF-PPS formers, 5 mm margins, VPI; 4 kV impulse (6 kV if the AC SP",,,"chassis, 2 power terminals + core bond",CUSTOM,,38.600000,115.8000,estimate L2 6u (CUSTOM)@PCS-P125-4W: As the three-wire module (key L2 6u (CUSTOM)@PCS-P125): ESTIMATE (sim/out/pcs_design/pcs_costed_bom.csv LCL L2 row; sim/magnetics.py desi...,low,32.810000,ASSUMED x0.85 [custom_mech]
11,4,PCS-PWR-4W: 4,NTC 10k lug probe (CUSTOM),"CHASSIS CUSTOM NTC lug probe (EXSENSE / Shiheng class, made to order): 10 k 1 %, R/T curve of the inductor NTC (B25/100 3988 K, TDK 8016 equivalent), -40..150 C, lug screwed to the EARTHED heatsink: lead-to-lug dielectric >= 2500 V rms 60 s, double PTFE leads (basic HV-PE for 1000 V DC, insulation_spec 'Basic HV-PE', R-10)",,,"ring-lug probe M4, 2 x 300 mm PTFE leads",CUSTOM,,0.500000,2.0000,"estimate NTC 10k lug probe (CUSTOM): ESTIMATE: Chinese lug-type 10 k NTC probe with double PTFE leads, made to order (EXSENSE / Shiheng class); architect's list gen/data/cost...",low,0.425000,ASSUMED x0.85 [custom_mech]
12,48,PCS-PWR-4W: 48,PAD Al2O3 0.635 mm (CUSTOM),"TO-247 heatsink INSULATOR Al2O3 0.635 mm + spring clip + grease, basic DC-PE (pcs_spec board_designers power_stage; sim/pcs_design.py cost basis); one earthed heatsink section per leg",,,"ceramic pad 0.635 mm, TO-247",CUSTOM,,0.400000,19.2000,estimate PAD Al2O3 0.635 mm (CUSTOM)@PCS-P125-4W: As the three-wire module (key PAD Al2O3 0.635 mm (CUSTOM)@PCS-P125): ESTIMATE (sim/out/pcs_design/pcs_costed_bom.csv POWER row: Al2O3 TO-...,low,0.340000,ASSUMED x0.85 [custom_mech]
13,1,chassis: 1,harness set,"SELV supply lead, contactor coil leads, NTC probe leads, fan leads, RCM sensor lead; fan Y-lead (fans 3 and 4 on control-board fan header 3)",,,harness,CUSTOM,,2.500000,2.5000,"estimate harness set: ESTIMATE: SELV supply lead, coil leads, NTC probe leads and fan leads on one harness: wire and 5 crimped plugs 1.3 + assembly 1.2 (archit...",low,2.000000,ASSUMED x0.80 [custom_harness]
14,1,PCS-PWR-4W: 1,heatsink section a (CUSTOM),"CHASSIS CUSTOM heatsink section per leg (12 x TO-247 on Al2O3 pads), EARTHED (two PE bonds), sized by sim/pcs_design.py thermal_and_losses.heatsink",,,Al extrusion section,CUSTOM,,23.800000,23.8000,estimate heatsink section a (CUSTOM)@PCS-P125-4W: As the three-wire module (key heatsink section a (CUSTOM)@PCS-P125): ESTIMATE (sim/out/pcs_design/pcs_costed_bom.csv THERMAL row: one 150...,low,20.230000,ASSUMED x0.85 [custom_mech]
15,1,PCS-PWR-4W: 1,heatsink section b (CUSTOM),"CHASSIS CUSTOM heatsink section per leg (12 x TO-247 on Al2O3 pads), EARTHED (two PE bonds), sized by sim/pcs_design.py thermal_and_losses.heatsink",,,Al extrusion section,CUSTOM,,23.800000,23.8000,estimate heatsink section b (CUSTOM)@PCS-P125-4W: As the three-wire module (key heatsink section b (CUSTOM)@PCS-P125): ESTIMATE (sim/out/pcs_design/pcs_costed_bom.csv THERMAL row: one 150...,low,20.230000,ASSUMED x0.85 [custom_mech]
16,1,PCS-PWR-4W: 1,heatsink section c (CUSTOM),"CHASSIS CUSTOM heatsink section per leg (12 x TO-247 on Al2O3 pads), EARTHED (two PE bonds), sized by sim/pcs_design.py thermal_and_losses.heatsink",,,Al extrusion section,CUSTOM,,23.800000,23.8000,estimate heatsink section c (CUSTOM)@PCS-P125-4W: As the three-wire module (key heatsink section c (CUSTOM)@PCS-P125): ESTIMATE (sim/out/pcs_design/pcs_costed_bom.csv THERMAL row: one 150...,low,20.230000,ASSUMED x0.85 [custom_mech]
17,1,PCS-PWR-4W: 1,heatsink section n (CUSTOM),"CHASSIS CUSTOM heatsink section per leg (12 x TO-247 on Al2O3 pads), EARTHED (two PE bonds), sized by sim/pcs_design.py thermal_and_losses.heatsink",,,Al extrusion section,CUSTOM,,23.800000,23.8000,estimate heatsink section n (CUSTOM)@PCS-P125-4W: As heatsink sections a-c (key heatsink section a (CUSTOM)@PCS-P125): the four-wire build's N-leg section; ESTIMATE (sim/out/pcs_design/pc...,low,20.230000,ASSUMED x0.85 [custom_mech]
18,1,PCS-PWR-4W: 1,AUX-T1 75 W (CUSTOM),"CUSTOM AUX-T1 75 W rev M1: DMEGC EC39A DMR95 (ETD39 class), centre-leg gap 1.17 mm, 50:9 live:10 SELV in the order P1 | SH | SELV (TIW-litz) | LIVE | P2, copper set back 2.0 mm from the gapped leg, vacuum-potted case; electrical requirement in sim/out/aux_hv_design/aux75_spec.json",CUSTOM,AUX-T1 75 W (CUSTOM),"ETD 39 class, potted, 14-pin former",CUSTOM,,8.800000,8.8000,estimate AUX-T1 75 W (CUSTOM): ESTIMATE (sim/magnetics.py design_aux75_transformer.json rev M1): DMEGC EC39A DMR95 + TIW-litz SELV + litz P/live + potted case + PD test...,low,5.896000,ASSUMED x0.67 [custom_magnetic_small]
19,48,PCS-PWR-4W: 48,0.5R,"Resistor 0.5R 1% 1206 Kelvin decoupling, pulse-rated thick film",,,1206,GENERIC,,0.008500,0.4080,"estimate class:res_1206_1pct_pulse: GENERIC class rule, reel price of a typical equivalent. LCSC C2759213 HP06W2F100JT5E (1206); US$0.0085 at 5000+; pulse-rated 1206 thick f...",low,0.007800,REAL: class example LCSC C2759213 @20000+ break (annual qty 240000)
20,3,PCS-PWR-4W: 3,0.866R,Resistor 0.866R 1% 1206,,,1206,GENERIC,,0.002300,0.0069,"estimate class:res_1206_1pct: GENERIC class rule, reel price of a typical equivalent. LCSC C305316 WR12X1581FTL (1206); US$0.0023 at 5000+; 1.58 kOhm 1 %; read 2026-10...",high,0.002100,REAL: class example LCSC C305316 @10000+ break (annual qty 15000)
21,8,PCS-PWR-4W: 8,0R,Resistor 0R 1% 0603 fit for NSI6651ASC (pin 1 = VEE2),,,0603,GENERIC,,0.003000,0.0240,"estimate class:res_0603_1pct: GENERIC class rule, reel price of a typical equivalent. LCSC C2906982 FRC0603F1002TS (0603); US$0.003 at 5000+; 10 kOhm 1 %; read 2026-10...",high,0.002900,REAL: class example LCSC C2906982 @10000+ break (annual qty 40000)
22,6,PCS-PWR-4W: 6,1.00k,Resistor 1.00k 0.1% 0603,,,0603,GENERIC,,0.003900,0.0234,"estimate class:res_0603_0.1pct: GENERIC class rule, reel price of a typical equivalent. LCSC C5126214 FRH0603B1002TS (0603); US$0.0039 at 5000+; 10 kOhm 0.1 %; read 2026...",high,0.003500,REAL: class example LCSC C5126214 @10000+ break (annual qty 30000)
23,4,PCS-CTL-4W: 4,1.0k,Resistor 1.0k 1% 0603,,,0603,GENERIC,,0.003000,0.0120,"estimate class:res_0603_1pct: GENERIC class rule, reel price of a typical equivalent. LCSC C2906982 FRC0603F1002TS (0603); US$0.003 at 5000+; 10 kOhm 1 %; read 2026-10...",high,0.002900,REAL: class example LCSC C2906982 @10000+ break (annual qty 20000)
24,1,PCS-PWR-4W: 1,1.2R,"Resistor 1.2R 1% 2512 +3V3 discharge, pulse 0.5 mJ",,,2512,GENERIC,,0.147800,0.1478,"estimate class:res_2512_1pct_pulse: GENERIC class rule, reel price of a typical equivalent. LCSC C2991665 RPL-12K10R0FT (2512); US$0.1478 at 4000+; pulse-rated 2512 thick fi...",low,0.147800,REAL: class example LCSC C2991665 @4000+ break (annual qty 5000)
25,8,PCS-PWR-4W: 8,1.5k,Resistor 1.5k 1% 0603,,,0603,GENERIC,,0.003000,0.0240,"estimate class:res_0603_1pct: GENERIC class rule, reel price of a typical equivalent. LCSC C2906982 FRC0603F1002TS (0603); US$0.003 at 5000+; 10 kOhm 1 %; read 2026-10...",high,0.002900,REAL: class example LCSC C2906982 @10000+ break (annual qty 40000)
26,2,PCS-PWR-4W: 2,1.65k,Resistor 1.65k 0.1% 0603,,,0603,GENERIC,,0.003900,0.0078,"estimate class:res_0603_0.1pct: GENERIC class rule, reel price of a typical equivalent. LCSC C5126214 FRH0603B1002TS (0603); US$0.0039 at 5000+; 10 kOhm 0.1 %; read 2026...",high,0.003500,REAL: class example LCSC C5126214 @10000+ break (annual qty 10000)
27,1,PCS-CTL-4W: 1,1.87k,Resistor 1.87k 0.1% 0603 25 ppm/K,,,0603,GENERIC,,0.003900,0.0039,"estimate class:res_0603_0.1pct: GENERIC class rule, reel price of a typical equivalent. LCSC C5126214 FRH0603B1002TS (0603); US$0.0039 at 5000+; 10 kOhm 0.1 %; read 2026...",high,0.003900,REAL: class example LCSC C5126214 @5000+ break (annual qty 5000)
28,2,PCS-PWR-4W: 2,10.0k,Resistor 10.0k 0.1% 0603,,,0603,GENERIC,,0.003900,0.0078,"estimate class:res_0603_0.1pct: GENERIC class rule, reel price of a typical equivalent. LCSC C5126214 FRH0603B1002TS (0603); US$0.0039 at 5000+; 10 kOhm 0.1 %; read 2026...",high,0.003500,REAL: class example LCSC C5126214 @10000+ break (annual qty 10000)
29,15,PCS-CTL-4W: 15,10.0k,Resistor 10.0k 0.1% 0603 25 ppm/K,,,0603,GENERIC,,0.003900,0.0585,"estimate class:res_0603_0.1pct: GENERIC class rule, reel price of a typical equivalent. LCSC C5126214 FRH0603B1002TS (0603); US$0.0039 at 5000+; 10 kOhm 0.1 %; read 2026...",high,0.003300,REAL: class example LCSC C5126214 @50000+ break (annual qty 75000)
30,1,PCS-CTL-4W: 1,10.0k,Resistor 10.0k 1% 0603,,,0603,GENERIC,,0.003000,0.0030,"estimate class:res_0603_1pct: GENERIC class rule, reel price of a typical equivalent. LCSC C2906982 FRC0603F1002TS (0603); US$0.003 at 5000+; 10 kOhm 1 %; read 2026-10...",high,0.003000,REAL: class example LCSC C2906982 @5000+ break (annual qty 5000)
31,8,PCS-PWR-4W: 8,10.2k,Resistor 10.2k 0.1% 0603,,,0603,GENERIC,,0.003900,0.0312,"estimate class:res_0603_0.1pct: GENERIC class rule, reel price of a typical equivalent. LCSC C5126214 FRH0603B1002TS (0603); US$0.0039 at 5000+; 10 kOhm 0.1 %; read 2026...",high,0.003500,REAL: class example LCSC C5126214 @10000+ break (annual qty 40000)
32,1,PCS-CTL-4W: 1,10.2k,Resistor 10.2k 1% 0603,,,0603,GENERIC,,0.003000,0.0030,"estimate class:res_0603_1pct: GENERIC class rule, reel price of a typical equivalent. LCSC C2906982 FRC0603F1002TS (0603); US$0.003 at 5000+; 10 kOhm 1 %; read 2026-10...",high,0.003000,REAL: class example LCSC C2906982 @5000+ break (annual qty 5000)
33,46,PCS-CTL-4W: 13; PCS-PWR-4W: 33,100R,Resistor 100R 1% 0603,,,0603,GENERIC,,0.003000,0.1380,"estimate class:res_0603_1pct: GENERIC class rule, reel price of a typical equivalent. LCSC C2906982 FRC0603F1002TS (0603); US$0.003 at 5000+; 10 kOhm 1 %; read 2026-10...",high,0.002800,REAL: class example LCSC C2906982 @50200+ break (annual qty 230000)
34,1,PCS-CTL-4W: 1,100R,Resistor 100R 1% 1206,,,1206,GENERIC,,0.002300,0.0023,"estimate class:res_1206_1pct: GENERIC class rule, reel price of a typical equivalent. LCSC C305316 WR12X1581FTL (1206); US$0.0023 at 5000+; 1.58 kOhm 1 %; read 2026-10...",high,0.002300,REAL: class example LCSC C305316 @5000+ break (annual qty 5000)
35,7,PCS-PWR-4W: 7,100k,Resistor 100k 1% 0603 open = off,,,0603,GENERIC,,0.003000,0.0210,"estimate class:res_0603_1pct: GENERIC class rule, reel price of a typical equivalent. LCSC C2906982 FRC0603F1002TS (0603); US$0.003 at 5000+; 10 kOhm 1 %; read 2026-10...",high,0.002900,REAL: class example LCSC C2906982 @10000+ break (annual qty 35000)
36,20,PCS-CTL-4W: 5; PCS-PWR-4W: 15,100k,Resistor 100k 1% 0603,,,0603,GENERIC,,0.003000,0.0600,"estimate class:res_0603_1pct: GENERIC class rule, reel price of a typical equivalent. LCSC C2906982 FRC0603F1002TS (0603); US$0.003 at 5000+; 10 kOhm 1 %; read 2026-10...",high,0.002800,REAL: class example LCSC C2906982 @50200+ break (annual qty 100000)
37,8,PCS-PWR-4W: 8,100k,Resistor 100k 1% 0805,,,0805,GENERIC,,0.001500,0.0120,"estimate class:res_0805_1pct: GENERIC class rule, reel price of a typical equivalent. LCSC C17878 0805W8F976JT5E (0805); US$0.0015 at 5000+; 97.6 Ohm 1 %; read 2026-10...",high,0.001400,REAL: class example LCSC C17878 @10000+ break (annual qty 40000)
38,1,PCS-PWR-4W: 1,100k,Resistor 100k 1% 0603 command off while the control board is absent (D-049),,,0603,GENERIC,,0.003000,0.0030,"estimate class:res_0603_1pct: GENERIC class rule, reel price of a typical equivalent. LCSC C2906982 FRC0603F1002TS (0603); US$0.003 at 5000+; 10 kOhm 1 %; read 2026-10...",high,0.003000,REAL: class example LCSC C2906982 @5000+ break (annual qty 5000)
39,5,PCS-PWR-4W: 5,100k,Resistor 100k 1% 0603 coil off while the logic is unpowered,,,0603,GENERIC,,0.003000,0.0150,"estimate class:res_0603_1pct: GENERIC class rule, reel price of a typical equivalent. LCSC C2906982 FRC0603F1002TS (0603); US$0.003 at 5000+; 10 kOhm 1 %; read 2026-10...",high,0.002900,REAL: class example LCSC C2906982 @10000+ break (annual qty 25000)
40,1,PCS-PWR-4W: 1,100k,Resistor 100k 1% 0603 command off while the control board is absent,,,0603,GENERIC,,0.003000,0.0030,"estimate class:res_0603_1pct: GENERIC class rule, reel price of a typical equivalent. LCSC C2906982 FRC0603F1002TS (0603); US$0.003 at 5000+; 10 kOhm 1 %; read 2026-10...",high,0.003000,REAL: class example LCSC C2906982 @5000+ break (annual qty 5000)
41,2,PCS-PWR-4W: 2,100k,Resistor 100k 1% 0603 string open by default,,,0603,GENERIC,,0.003000,0.0060,"estimate class:res_0603_1pct: GENERIC class rule, reel price of a typical equivalent. LCSC C2906982 FRC0603F1002TS (0603); US$0.003 at 5000+; 10 kOhm 1 %; read 2026-10...",high,0.002900,REAL: class example LCSC C2906982 @10000+ break (annual qty 10000)
42,2,PCS-PWR-4W: 2,100k,Resistor 100k 0.1% 0603,,,0603,GENERIC,,0.003900,0.0078,"estimate class:res_0603_0.1pct: GENERIC class rule, reel price of a typical equivalent. LCSC C5126214 FRH0603B1002TS (0603); US$0.0039 at 5000+; 10 kOhm 0.1 %; read 2026...",high,0.003500,REAL: class example LCSC C5126214 @10000+ break (annual qty 10000)
43,1,PCS-PWR-4W: 1,100k,Resistor 100k 1% 0603 discharge on unless PG_5VG holds it off,,,0603,GENERIC,,0.003000,0.0030,"estimate class:res_0603_1pct: GENERIC class rule, reel price of a typical equivalent. LCSC C2906982 FRC0603F1002TS (0603); US$0.003 at 5000+; 10 kOhm 1 %; read 2026-10...",high,0.003000,REAL: class example LCSC C2906982 @5000+ break (annual qty 5000)
44,1,PCS-CTL-4W: 1,100k,Resistor 100k 1% 0603 HEALTHY = 0 while the latch is unpowered,,,0603,GENERIC,,0.003000,0.0030,"estimate class:res_0603_1pct: GENERIC class rule, reel price of a typical equivalent. LCSC C2906982 FRC0603F1002TS (0603); US$0.003 at 5000+; 10 kOhm 1 %; read 2026-10...",high,0.003000,REAL: class example LCSC C2906982 @5000+ break (annual qty 5000)
45,3,PCS-CTL-4W: 3,100k,Resistor 100k 1% 0603 address defined in reset,,,0603,GENERIC,,0.003000,0.0090,"estimate class:res_0603_1pct: GENERIC class rule, reel price of a typical equivalent. LCSC C2906982 FRC0603F1002TS (0603); US$0.003 at 5000+; 10 kOhm 1 %; read 2026-10...",high,0.002900,REAL: class example LCSC C2906982 @10000+ break (annual qty 15000)
46,2,PCS-PWR-4W: 2,100n 100V,Capacitor 100n 100V X7R 0603,,,0603,GENERIC,,0.011100,0.0222,"estimate class:mlcc_0603_x7r_100v_le100n: GENERIC class rule, reel price of a typical equivalent. LCSC C113803 CC0603KRX7R0BB104 (0603); US$0.0111 at 4000+; read 2026-10-04 via th...",high,0.010700,REAL: class example LCSC C113803 @8000+ break (annual qty 10000)
47,1,PCS-PWR-4W: 1,100n 16V,Capacitor 100n 16V X7R 0603,,,0603,GENERIC,,0.009200,0.0092,"estimate class:mlcc_0603_x7r_16v_le100n: GENERIC class rule, reel price of a typical equivalent. LCSC C14663 CC0603KRX7R9BB104 (0603); US$0.0092 at 4000+; example is rated 50 V (...",high,0.009200,REAL: class example LCSC C14663 @4000+ break (annual qty 5000)
48,159,PCS-CTL-4W: 60; PCS-PWR-4W: 99,100n 50V,Capacitor 100n 50V X7R 0603,,,0603,GENERIC,,0.009200,1.4628,"estimate class:mlcc_0603_x7r_50v_le100n: GENERIC class rule, reel price of a typical equivalent. LCSC C14663 CC0603KRX7R9BB104 (0603); US$0.0092 at 4000+; read 2026-10-04 via the...",high,0.009000,REAL: class example LCSC C14663 @24100+ break (annual qty 795000)
49,2,PCS-CTL-4W: 2,100n 50V,Capacitor 100n 10% 50V X7R 0603,,,0603,GENERIC,,0.009200,0.0184,"estimate class:mlcc_0603_x7r_50v_le100n: GENERIC class rule, reel price of a typical equivalent. LCSC C14663 CC0603KRX7R9BB104 (0603); US$0.0092 at 4000+; read 2026-10-04 via the...",high,0.009200,REAL: class example LCSC C14663 @4000+ break (annual qty 10000)
50,1,PCS-CTL-4W: 1,100n 50V,Capacitor 100n 5% 50V C0G 1206,,,1206,GENERIC,,0.136200,0.1362,"estimate class:mlcc_1206_c0g_50v_le100n: GENERIC class rule, reel price of a typical equivalent. LCSC C97946 GRM31C5C1H104JA01L (1206); US$0.1362 at 4000+; example is 100 nF 50 V...",high,0.136200,REAL: class example LCSC C97946 @4000+ break (annual qty 5000)
51,3,PCS-PWR-4W: 3,100p 1kV,Capacitor 100p 5% 1kV C0G 1206,,,1206,GENERIC,,0.025300,0.0759,"estimate class:mlcc_1206_c0g_1kv_le1n: GENERIC class rule, reel price of a typical equivalent. LCSC C107173 CC1206JKNPOCBN101 (1206); US$0.0253 at 3000+; example is 100 pF 1 kV...",high,0.024000,REAL: class example LCSC C107173 @6000+ break (annual qty 15000)
52,27,PCS-PWR-4W: 27,100p 50V,Capacitor 100p 5% 50V C0G 0603,,,0603,GENERIC,,0.005500,0.1485,"estimate class:mlcc_0603_c0g_50v_le1n: GENERIC class rule, reel price of a typical equivalent. LCSC C14665 CC0603JRNPO9BN101 (0603); US$0.0055 at 4000+; example is 100 pF; read...",high,0.005100,REAL: class example LCSC C14665 @48200+ break (annual qty 135000)
53,1,PCS-CTL-4W: 1,102k,Resistor 102k 0.1% 0603 25 ppm/K,,,0603,GENERIC,,0.003900,0.0039,"estimate class:res_0603_0.1pct: GENERIC class rule, reel price of a typical equivalent. LCSC C5126214 FRH0603B1002TS (0603); US$0.0039 at 5000+; 10 kOhm 0.1 %; read 2026...",high,0.003900,REAL: class example LCSC C5126214 @5000+ break (annual qty 5000)
54,1,PCS-PWR-4W: 1,107k,Resistor 107k 0.1% 0603,,,0603,GENERIC,,0.003900,0.0039,"estimate class:res_0603_0.1pct: GENERIC class rule, reel price of a typical equivalent. LCSC C5126214 FRH0603B1002TS (0603); US$0.0039 at 5000+; 10 kOhm 0.1 %; read 2026...",high,0.003900,REAL: class example LCSC C5126214 @5000+ break (annual qty 5000)
55,1,PCS-PWR-4W: 1,10R,Resistor 10R 1% 0603,,,0603,GENERIC,,0.003000,0.0030,"estimate class:res_0603_1pct: GENERIC class rule, reel price of a typical equivalent. LCSC C2906982 FRC0603F1002TS (0603); US$0.003 at 5000+; 10 kOhm 1 %; read 2026-10...",high,0.003000,REAL: class example LCSC C2906982 @5000+ break (annual qty 5000)
56,1,PCS-CTL-4W: 1,10R,Resistor 10R 1% 1206,,,1206,GENERIC,,0.002300,0.0023,"estimate class:res_1206_1pct: GENERIC class rule, reel price of a typical equivalent. LCSC C305316 WR12X1581FTL (1206); US$0.0023 at 5000+; 1.58 kOhm 1 %; read 2026-10...",high,0.002300,REAL: class example LCSC C305316 @5000+ break (annual qty 5000)
57,10,PCS-PWR-4W: 10,10k,Resistor 10k 1% 0603 pull-down: open = off,,,0603,GENERIC,,0.003000,0.0300,"estimate class:res_0603_1pct: GENERIC class rule, reel price of a typical equivalent. LCSC C2906982 FRC0603F1002TS (0603); US$0.003 at 5000+; 10 kOhm 1 %; read 2026-10...",high,0.002800,REAL: class example LCSC C2906982 @50000+ break (annual qty 50000)
58,1,PCS-PWR-4W: 1,10k,Resistor 10k 1% 0603 pull-down: unpowered buffer = drivers disabled,,,0603,GENERIC,,0.003000,0.0030,"estimate class:res_0603_1pct: GENERIC class rule, reel price of a typical equivalent. LCSC C2906982 FRC0603F1002TS (0603); US$0.003 at 5000+; 10 kOhm 1 %; read 2026-10...",high,0.003000,REAL: class example LCSC C2906982 @5000+ break (annual qty 5000)
59,8,PCS-PWR-4W: 8,10k,Resistor 10k 1% 0603 pull-down: open input = gate off,,,0603,GENERIC,,0.003000,0.0240,"estimate class:res_0603_1pct: GENERIC class rule, reel price of a typical equivalent. LCSC C2906982 FRC0603F1002TS (0603); US$0.003 at 5000+; 10 kOhm 1 %; read 2026-10...",high,0.002900,REAL: class example LCSC C2906982 @10000+ break (annual qty 40000)
60,116,PCS-CTL-4W: 16; PCS-PWR-4W: 100,10k,Resistor 10k 1% 0603,,,0603,GENERIC,,0.003000,0.3480,"estimate class:res_0603_1pct: GENERIC class rule, reel price of a typical equivalent. LCSC C2906982 FRC0603F1002TS (0603); US$0.003 at 5000+; 10 kOhm 1 %; read 2026-10...",high,0.002800,REAL: class example LCSC C2906982 @50200+ break (annual qty 580000)
61,8,PCS-PWR-4W: 8,10k,Resistor 10k 1% 0603 clamp-FET gate supply,,,0603,GENERIC,,0.003000,0.0240,"estimate class:res_0603_1pct: GENERIC class rule, reel price of a typical equivalent. LCSC C2906982 FRC0603F1002TS (0603); US$0.003 at 5000+; 10 kOhm 1 %; read 2026-10...",high,0.002900,REAL: class example LCSC C2906982 @10000+ break (annual qty 40000)
62,4,PCS-PWR-4W: 4,10k,Resistor 10k 1% 0603 BIAS_EN open = bias off,,,0603,GENERIC,,0.003000,0.0120,"estimate class:res_0603_1pct: GENERIC class rule, reel price of a typical equivalent. LCSC C2906982 FRC0603F1002TS (0603); US$0.003 at 5000+; 10 kOhm 1 %; read 2026-10...",high,0.002900,REAL: class example LCSC C2906982 @10000+ break (annual qty 20000)
63,12,PCS-PWR-4W: 12,10k,Resistor 10k 0.1% 0603,,,0603,GENERIC,,0.003900,0.0468,"estimate class:res_0603_0.1pct: GENERIC class rule, reel price of a typical equivalent. LCSC C5126214 FRH0603B1002TS (0603); US$0.0039 at 5000+; 10 kOhm 0.1 %; read 2026...",high,0.003300,REAL: class example LCSC C5126214 @50000+ break (annual qty 60000)
64,6,PCS-CTL-4W: 1; PCS-PWR-4W: 5,10k,Resistor 10k 1% 0805,,,0805,GENERIC,,0.001500,0.0090,"estimate class:res_0805_1pct: GENERIC class rule, reel price of a typical equivalent. LCSC C17878 0805W8F976JT5E (0805); US$0.0015 at 5000+; 97.6 Ohm 1 %; read 2026-10...",high,0.001400,REAL: class example LCSC C17878 @10000+ break (annual qty 30000)
65,5,PCS-PWR-4W: 5,10k,Resistor 10k 1% 0805 gate-source: off by default,,,0805,GENERIC,,0.001500,0.0075,"estimate class:res_0805_1pct: GENERIC class rule, reel price of a typical equivalent. LCSC C17878 0805W8F976JT5E (0805); US$0.0015 at 5000+; 97.6 Ohm 1 %; read 2026-10...",high,0.001400,REAL: class example LCSC C17878 @10000+ break (annual qty 25000)
66,1,PCS-PWR-4W: 1,10k,Resistor 10k 1% 0603 high = varistor monitor loop intact,,,0603,GENERIC,,0.003000,0.0030,"estimate class:res_0603_1pct: GENERIC class rule, reel price of a typical equivalent. LCSC C2906982 FRC0603F1002TS (0603); US$0.003 at 5000+; 10 kOhm 1 %; read 2026-10...",high,0.003000,REAL: class example LCSC C2906982 @5000+ break (annual qty 5000)
67,3,PCS-CTL-4W: 1; PCS-PWR-4W: 2,10k,Resistor 10k 1% 1206,,,1206,GENERIC,,0.002300,0.0069,"estimate class:res_1206_1pct: GENERIC class rule, reel price of a typical equivalent. LCSC C305316 WR12X1581FTL (1206); US$0.0023 at 5000+; 1.58 kOhm 1 %; read 2026-10...",high,0.002100,REAL: class example LCSC C305316 @10000+ break (annual qty 15000)
68,8,PCS-PWR-4W: 8,10n 50V,Capacitor 10n 5% 50V C0G 0603,,,0603,GENERIC,,0.028200,0.2256,"estimate class:mlcc_0603_c0g_50v_le100n: GENERIC class rule, reel price of a typical equivalent. LCSC C576818 CC0603JRNPO9BN472 (0603); US$0.0282 at 4000+; example is 4.7 nF; rea...",high,0.025900,REAL: class example LCSC C576818 @20000+ break (annual qty 40000)
69,1,PCS-PWR-4W: 1,10n 50V,Capacitor 10n 5% 50V C0G 0805,,,0805,GENERIC,,0.136200,0.1362,"estimate class:mlcc_0805_c0g_50v_le100n: GENERIC class rule, reel price of a typical equivalent. LCSC C97946 GRM31C5C1H104JA01L (1206); US$0.1362 at 4000+; no 0805 C0G >= 10 nF i...",low,0.136200,REAL: class example LCSC C97946 @4000+ break (annual qty 5000)
70,14,PCS-CTL-4W: 14,10n 50V,Capacitor 10n 50V X7R 0603,,,0603,GENERIC,,0.009200,0.1288,"estimate class:mlcc_0603_x7r_50v_le100n: GENERIC class rule, reel price of a typical equivalent. LCSC C14663 CC0603KRX7R9BB104 (0603); US$0.0092 at 4000+; read 2026-10-04 via the...",high,0.009000,REAL: class example LCSC C14663 @24100+ break (annual qty 70000)
71,4,PCS-CTL-4W: 4,10u 10V,Capacitor 10u 10% 10V X7R 0805,,,0805,GENERIC,,0.049200,0.1968,"estimate class:mlcc_0805_x7r_10v_le10u: GENERIC class rule, reel price of a typical equivalent. LCSC C5189822 CS2012X7R106M100NRE (0805); US$0.0492 at 3000+; example is 10 uF 10...",high,0.042000,REAL: class example LCSC C5189822 @9000+ break (annual qty 20000)
72,1,PCS-PWR-4W: 1,10u 16V,Capacitor 10u 16V X7R 1210,,,1210,GENERIC,,0.134100,0.1341,"estimate class:mlcc_1210_x7r_16v_le10u: GENERIC class rule, reel price of a typical equivalent. LCSC C39232 CL32B106KAJNNNE (1210, 10 uF rated 25 V; the 16 V part is not dearer)...",medium,0.134100,REAL: class example LCSC C39232 @5000+ break (annual qty 5000)
73,4,PCS-PWR-4W: 4,10u 16V,Capacitor 10u 16V X7R 1206,,,1206,GENERIC,,0.102400,0.4096,"estimate class:mlcc_1206_x7r_16v_le10u: GENERIC class rule, reel price of a typical equivalent. LCSC C47971 CL31B106KOHNNNE (1206, 10 uF 16 V X7R); US$0.1024 at 4000+; read 2026...",high,0.101100,REAL: class example LCSC C47971 @10000+ break (annual qty 20000)
74,1,PCS-PWR-4W: 1,10u 25V,Capacitor 10u 25V X7R 1210,,,1210,GENERIC,,0.134100,0.1341,"estimate class:mlcc_1210_x7r_25v_le10u: GENERIC class rule, reel price of a typical equivalent. LCSC C39232 CL32B106KAJNNNE (1210); US$0.1341 at 5000+; example is 10 uF 25 V; re...",high,0.134100,REAL: class example LCSC C39232 @5000+ break (annual qty 5000)
75,20,PCS-PWR-4W: 20,10u 50V,Capacitor 10u 50V X7R 1210,,,1210,GENERIC,,0.148600,2.9720,"estimate class:mlcc_1210_x7r_50v_le10u: GENERIC class rule, reel price of a typical equivalent. LCSC C381467 FS32X106K500EGG (1210); US$0.1486 at 5000+; example is 10 uF 50 V; r...",high,0.148600,REAL: class example LCSC C381467 @5000+ break (annual qty 100000)
76,4,PCS-CTL-4W: 4,10u 50V,Capacitor 10u 10% 50V X7R 1210,,,1210,GENERIC,,0.148600,0.5944,"estimate class:mlcc_1210_x7r_50v_le10u: GENERIC class rule, reel price of a typical equivalent. LCSC C381467 FS32X106K500EGG (1210); US$0.1486 at 5000+; example is 10 uF 50 V; r...",high,0.148600,REAL: class example LCSC C381467 @5000+ break (annual qty 20000)
77,4,PCS-CTL-4W: 4,11.0k,Resistor 11.0k 0.1% 0603 25 ppm/K,,,0603,GENERIC,,0.003900,0.0156,"estimate class:res_0603_0.1pct: GENERIC class rule, reel price of a typical equivalent. LCSC C5126214 FRH0603B1002TS (0603); US$0.0039 at 5000+; 10 kOhm 0.1 %; read 2026...",high,0.003500,REAL: class example LCSC C5126214 @10000+ break (annual qty 20000)
78,1,PCS-PWR-4W: 1,11.8k,Resistor 11.8k 0.1% 0603,,,0603,GENERIC,,0.003900,0.0039,"estimate class:res_0603_0.1pct: GENERIC class rule, reel price of a typical equivalent. LCSC C5126214 FRH0603B1002TS (0603); US$0.0039 at 5000+; 10 kOhm 0.1 %; read 2026...",high,0.003900,REAL: class example LCSC C5126214 @5000+ break (annual qty 5000)
79,6,PCS-CTL-4W: 6,11.8k,Resistor 11.8k 0.1% 0603 25 ppm/K,,,0603,GENERIC,,0.003900,0.0234,"estimate class:res_0603_0.1pct: GENERIC class rule, reel price of a typical equivalent. LCSC C5126214 FRH0603B1002TS (0603); US$0.0039 at 5000+; 10 kOhm 0.1 %; read 2026...",high,0.003500,REAL: class example LCSC C5126214 @10000+ break (annual qty 30000)
80,1,PCS-CTL-4W: 1,115R,Resistor 115R 0.1% 0603 25 ppm/K,,,0603,GENERIC,,0.003900,0.0039,"estimate class:res_0603_0.1pct: GENERIC class rule, reel price of a typical equivalent. LCSC C5126214 FRH0603B1002TS (0603); US$0.0039 at 5000+; 10 kOhm 0.1 %; read 2026...",high,0.003900,REAL: class example LCSC C5126214 @5000+ break (annual qty 5000)
81,4,chassis: 4,120 mm wire guard,Finger guard for a 120 mm fan,,,chassis,GENERIC,,0.300000,1.2000,estimate 120 mm wire guard: ESTIMATE: stamped steel finger guard for a 120 mm fan (architect's list 0.30); no listing read,low,0.255000,ASSUMED x0.85 [custom_mech]
82,1,PCS-CTL-4W: 1,120R,Resistor 120R 1% 0805,,,0805,GENERIC,,0.001500,0.0015,"estimate class:res_0805_1pct: GENERIC class rule, reel price of a typical equivalent. LCSC C17878 0805W8F976JT5E (0805); US$0.0015 at 5000+; 97.6 Ohm 1 %; read 2026-10...",high,0.001500,REAL: class example LCSC C17878 @5000+ break (annual qty 5000)
83,1,PCS-PWR-4W: 1,120p 50V,Capacitor 120p 50V C0G 0603,,,0603,GENERIC,,0.005500,0.0055,"estimate class:mlcc_0603_c0g_50v_le1n: GENERIC class rule, reel price of a typical equivalent. LCSC C14665 CC0603JRNPO9BN101 (0603); US$0.0055 at 4000+; example is 100 pF; read...",high,0.005500,REAL: class example LCSC C14665 @4000+ break (annual qty 5000)
84,1,PCS-PWR-4W: 1,12n 50V,Capacitor 12n 5% 50V C0G 0805,,,0805,GENERIC,,0.136200,0.1362,"estimate class:mlcc_0805_c0g_50v_le100n: GENERIC class rule, reel price of a typical equivalent. LCSC C97946 GRM31C5C1H104JA01L (1206); US$0.1362 at 4000+; no 0805 C0G >= 10 nF i...",low,0.136200,REAL: class example LCSC C97946 @4000+ break (annual qty 5000)
85,1,PCS-CTL-4W: 1,13.0k,Resistor 13.0k 1% 0603,,,0603,GENERIC,,0.003000,0.0030,"estimate class:res_0603_1pct: GENERIC class rule, reel price of a typical equivalent. LCSC C2906982 FRC0603F1002TS (0603); US$0.003 at 5000+; 10 kOhm 1 %; read 2026-10...",high,0.003000,REAL: class example LCSC C2906982 @5000+ break (annual qty 5000)
86,1,PCS-CTL-4W: 1,13.3k,Resistor 13.3k 1% 0603,,,0603,GENERIC,,0.003000,0.0030,"estimate class:res_0603_1pct: GENERIC class rule, reel price of a typical equivalent. LCSC C2906982 FRC0603F1002TS (0603); US$0.003 at 5000+; 10 kOhm 1 %; read 2026-10...",high,0.003000,REAL: class example LCSC C2906982 @5000+ break (annual qty 5000)
87,1,PCS-PWR-4W: 1,13.7k,Resistor 13.7k 1% 0603,,,0603,GENERIC,,0.003000,0.0030,"estimate class:res_0603_1pct: GENERIC class rule, reel price of a typical equivalent. LCSC C2906982 FRC0603F1002TS (0603); US$0.003 at 5000+; 10 kOhm 1 %; read 2026-10...",high,0.003000,REAL: class example LCSC C2906982 @5000+ break (annual qty 5000)
88,1,PCS-CTL-4W: 1,13.7k,Resistor 13.7k 0.1% 0603 25 ppm/K,,,0603,GENERIC,,0.003900,0.0039,"estimate class:res_0603_0.1pct: GENERIC class rule, reel price of a typical equivalent. LCSC C5126214 FRH0603B1002TS (0603); US$0.0039 at 5000+; 10 kOhm 0.1 %; read 2026...",high,0.003900,REAL: class example LCSC C5126214 @5000+ break (annual qty 5000)
89,1,PCS-PWR-4W: 1,14.7k,Resistor 14.7k 0.1% 0603,,,0603,GENERIC,,0.003900,0.0039,"estimate class:res_0603_0.1pct: GENERIC class rule, reel price of a typical equivalent. LCSC C5126214 FRH0603B1002TS (0603); US$0.0039 at 5000+; 10 kOhm 0.1 %; read 2026...",high,0.003900,REAL: class example LCSC C5126214 @5000+ break (annual qty 5000)
90,1,PCS-CTL-4W: 1,15.0k,Resistor 15.0k 1% 0603,,,0603,GENERIC,,0.003000,0.0030,"estimate class:res_0603_1pct: GENERIC class rule, reel price of a typical equivalent. LCSC C2906982 FRC0603F1002TS (0603); US$0.003 at 5000+; 10 kOhm 1 %; read 2026-10...",high,0.003000,REAL: class example LCSC C2906982 @5000+ break (annual qty 5000)
91,8,PCS-PWR-4W: 8,150R,Resistor 150R 1% 0603 lifts the CLAMP node at turn-on,,,0603,GENERIC,,0.003000,0.0240,"estimate class:res_0603_1pct: GENERIC class rule, reel price of a typical equivalent. LCSC C2906982 FRC0603F1002TS (0603); US$0.003 at 5000+; 10 kOhm 1 %; read 2026-10...",high,0.002900,REAL: class example LCSC C2906982 @10000+ break (annual qty 40000)
92,2,PCS-PWR-4W: 2,150R,Resistor 150R 1% 2512,,,2512,GENERIC,,0.025800,0.0516,"estimate class:res_2512_1pct: GENERIC class rule, reel price of a typical equivalent. LCSC C2934076 FRC2512F4702TS (2512); US$0.0258 at 4000+; 47 kOhm 1 W 1 %; read 20...",high,0.024100,REAL: class example LCSC C2934076 @8000+ break (annual qty 10000)
93,1,PCS-CTL-4W: 1,150n 50V,Capacitor 150n 10% 50V X7R 0603,,,0603,GENERIC,,0.009100,0.0091,"estimate class:mlcc_0603_x7r_50v_le1u: GENERIC class rule, reel price of a typical equivalent. LCSC C64705 CL10B224KB8NNNC (0603); US$0.0091 at 4000+; example is 220 nF; read 2...",high,0.009100,REAL: class example LCSC C64705 @4000+ break (annual qty 5000)
94,1,PCS-PWR-4W: 1,150p 50V,Capacitor 150p 50V C0G 0603,,,0603,GENERIC,,0.005500,0.0055,"estimate class:mlcc_0603_c0g_50v_le1n: GENERIC class rule, reel price of a typical equivalent. LCSC C14665 CC0603JRNPO9BN101 (0603); US$0.0055 at 4000+; example is 100 pF; read...",high,0.005500,REAL: class example LCSC C14665 @4000+ break (annual qty 5000)
95,1,PCS-CTL-4W: 1,15n 50V,Capacitor 15n 10% 50V X7R 0603,,,0603,GENERIC,,0.009200,0.0092,"estimate class:mlcc_0603_x7r_50v_le100n: GENERIC class rule, reel price of a typical equivalent. LCSC C14663 CC0603KRX7R9BB104 (0603); US$0.0092 at 4000+; read 2026-10-04 via the...",high,0.009200,REAL: class example LCSC C14663 @4000+ break (annual qty 5000)
96,3,PCS-PWR-4W: 3,1M,Resistor 1M 1% 0603,,,0603,GENERIC,,0.003000,0.0090,"estimate class:res_0603_1pct: GENERIC class rule, reel price of a typical equivalent. LCSC C2906982 FRC0603F1002TS (0603); US$0.003 at 5000+; 10 kOhm 1 %; read 2026-10...",high,0.002900,REAL: class example LCSC C2906982 @10000+ break (annual qty 15000)
97,4,PCS-CTL-4W: 4,1M,Resistor 1M 1% 0603 dead-sensor pull-up,,,0603,GENERIC,,0.003000,0.0120,"estimate class:res_0603_1pct: GENERIC class rule, reel price of a typical equivalent. LCSC C2906982 FRC0603F1002TS (0603); US$0.003 at 5000+; 10 kOhm 1 %; read 2026-10...",high,0.002900,REAL: class example LCSC C2906982 @10000+ break (annual qty 20000)
98,1,PCS-CTL-4W: 1,1M,Resistor 1M 1% 1206,,,1206,GENERIC,,0.002300,0.0023,"estimate class:res_1206_1pct: GENERIC class rule, reel price of a typical equivalent. LCSC C305316 WR12X1581FTL (1206); US$0.0023 at 5000+; 1.58 kOhm 1 %; read 2026-10...",high,0.002300,REAL: class example LCSC C305316 @5000+ break (annual qty 5000)
99,1,PCS-CTL-4W: 1,1M,Resistor 1M 1% 0603 VGN = 0 V without a four-wire power board (variant code); 0.01 % load on the follower,,,0603,GENERIC,,0.003000,0.0030,"estimate class:res_0603_1pct: GENERIC class rule, reel price of a typical equivalent. LCSC C2906982 FRC0603F1002TS (0603); US$0.003 at 5000+; 10 kOhm 1 %; read 2026-10...",high,0.003000,REAL: class example LCSC C2906982 @5000+ break (annual qty 5000)
100,8,PCS-PWR-4W: 8,1k,Resistor 1k 1% 0603 NSI6651 TEST low / UCC21750 APWM load,,,0603,GENERIC,,0.003000,0.0240,"estimate class:res_0603_1pct: GENERIC class rule, reel price of a typical equivalent. LCSC C2906982 FRC0603F1002TS (0603); US$0.003 at 5000+; 10 kOhm 1 %; read 2026-10...",high,0.002900,REAL: class example LCSC C2906982 @10000+ break (annual qty 40000)
101,16,PCS-PWR-4W: 16,1k,Resistor 1k 1% 0603 B-E: buffer off while OUTL is high-Z,,,0603,GENERIC,,0.003000,0.0480,"estimate class:res_0603_1pct: GENERIC class rule, reel price of a typical equivalent. LCSC C2906982 FRC0603F1002TS (0603); US$0.003 at 5000+; 10 kOhm 1 %; read 2026-10...",high,0.002800,REAL: class example LCSC C2906982 @50200+ break (annual qty 80000)
102,19,PCS-PWR-4W: 19,1k,Resistor 1k 1% 0603,,,0603,GENERIC,,0.003000,0.0570,"estimate class:res_0603_1pct: GENERIC class rule, reel price of a typical equivalent. LCSC C2906982 FRC0603F1002TS (0603); US$0.003 at 5000+; 10 kOhm 1 %; read 2026-10...",high,0.002800,REAL: class example LCSC C2906982 @50200+ break (annual qty 95000)
103,77,PCS-CTL-4W: 18; PCS-PWR-4W: 59,1n 50V,Capacitor 1n 5% 50V C0G 0603,,,0603,GENERIC,,0.005500,0.4235,"estimate class:mlcc_0603_c0g_50v_le1n: GENERIC class rule, reel price of a typical equivalent. LCSC C14665 CC0603JRNPO9BN101 (0603); US$0.0055 at 4000+; example is 100 pF; read...",high,0.005100,REAL: class example LCSC C14665 @48200+ break (annual qty 385000)
104,5,PCS-CTL-4W: 3; PCS-PWR-4W: 2,1n 50V,Capacitor 1n 50V X7R 0603,,,0603,GENERIC,,0.004300,0.0215,"estimate class:mlcc_0603_x7r_50v_le1n: GENERIC class rule, reel price of a typical equivalent. LCSC C1588 CL10B102KB8NNNC (0603); US$0.0043 at 4000+; read 2026-10-04 via the jl...",high,0.004100,REAL: class example LCSC C1588 @24100+ break (annual qty 25000)
105,5,PCS-CTL-4W: 5,1u 10V,Capacitor 1u 10% 10V X7R 0603,,,0603,GENERIC,,0.015800,0.0790,"estimate class:mlcc_0603_x7r_10v_le1u: GENERIC class rule, reel price of a typical equivalent. LCSC C59782 CL10B105KO8NNNC (0603, 1 uF 16 V); US$0.0158 at 4000+; read 2026-10-0...",high,0.015500,REAL: class example LCSC C59782 @24000+ break (annual qty 25000)
106,4,PCS-PWR-4W: 4,1u 16V,Capacitor 1u 16V X7R 0603,,,0603,GENERIC,,0.015800,0.0632,"estimate class:mlcc_0603_x7r_16v_le1u: GENERIC class rule, reel price of a typical equivalent. LCSC C59782 CL10B105KO8NNNC (0603); US$0.0158 at 4000+; example is 1 uF 16 V; rea...",high,0.015800,REAL: class example LCSC C59782 @4000+ break (annual qty 20000)
107,3,PCS-CTL-4W: 3,1u 16V,Capacitor 1u 10% 16V X7R 0603,,,0603,GENERIC,,0.015800,0.0474,"estimate class:mlcc_0603_x7r_16v_le1u: GENERIC class rule, reel price of a typical equivalent. LCSC C59782 CL10B105KO8NNNC (0603); US$0.0158 at 4000+; example is 1 uF 16 V; rea...",high,0.015800,REAL: class example LCSC C59782 @4000+ break (annual qty 15000)
108,1,PCS-PWR-4W: 1,1u 25V,Capacitor 1u 25V X7R 0603,,,0603,GENERIC,,0.016000,0.0160,"estimate class:mlcc_0603_x7r_25v_le1u: GENERIC class rule, reel price of a typical equivalent. LCSC C29936 CL10B105KA8NNNC (0603); US$0.016 at 4000+; example is 1 uF 25 V; read...",high,0.016000,REAL: class example LCSC C29936 @4000+ break (annual qty 5000)
109,48,PCS-PWR-4W: 48,1u 50V,Capacitor 1u 50V X7R 0805,,,0805,GENERIC,,0.035800,1.7184,"estimate class:mlcc_0805_x7r_50v_le1u: GENERIC class rule, reel price of a typical equivalent. LCSC C28323 CL21B105KBFNNNE (0805); US$0.0358 at 2000+; read 2026-10-04 via the j...",high,0.034500,REAL: class example LCSC C28323 @20000+ break (annual qty 240000)
110,1,PCS-PWR-4W: 1,1u 50V,Capacitor 1u 10% 50V X7R 1206,,,1206,GENERIC,,0.035800,0.0358,"estimate class:mlcc_1206_x7r_50v_le1u: GENERIC class rule, reel price of a typical equivalent. LCSC C1848 CL31B105KBHNNNE (1206); US$0.0358 at 4000+; example is 1 uF 50 V; read...",high,0.035800,REAL: class example LCSC C1848 @4000+ break (annual qty 5000)
111,1,PCS-CTL-4W: 1,2.0k,Resistor 2.0k 1% 0603,,,0603,GENERIC,,0.003000,0.0030,"estimate class:res_0603_1pct: GENERIC class rule, reel price of a typical equivalent. LCSC C2906982 FRC0603F1002TS (0603); US$0.003 at 5000+; 10 kOhm 1 %; read 2026-10...",high,0.003000,REAL: class example LCSC C2906982 @5000+ break (annual qty 5000)
112,1,PCS-PWR-4W: 1,2.15k,Resistor 2.15k 0.1% 0603,,,0603,GENERIC,,0.003900,0.0039,"estimate class:res_0603_0.1pct: GENERIC class rule, reel price of a typical equivalent. LCSC C5126214 FRH0603B1002TS (0603); US$0.0039 at 5000+; 10 kOhm 0.1 %; read 2026...",high,0.003900,REAL: class example LCSC C5126214 @5000+ break (annual qty 5000)
113,1,PCS-CTL-4W: 1,2.15k,Resistor 2.15k 1% 0603,,,0603,GENERIC,,0.003000,0.0030,"estimate class:res_0603_1pct: GENERIC class rule, reel price of a typical equivalent. LCSC C2906982 FRC0603F1002TS (0603); US$0.003 at 5000+; 10 kOhm 1 %; read 2026-10...",high,0.003000,REAL: class example LCSC C2906982 @5000+ break (annual qty 5000)
114,9,PCS-CTL-4W: 1; PCS-PWR-4W: 8,2.2k,Resistor 2.2k 1% 0603,,,0603,GENERIC,,0.003000,0.0270,"estimate class:res_0603_1pct: GENERIC class rule, reel price of a typical equivalent. LCSC C2906982 FRC0603F1002TS (0603); US$0.003 at 5000+; 10 kOhm 1 %; read 2026-10...",high,0.002900,REAL: class example LCSC C2906982 @10000+ break (annual qty 45000)
115,3,PCS-CTL-4W: 3,2.2u 10V,Capacitor 2.2u 10% 10V X7R 0603,,,0603,GENERIC,,0.016300,0.0489,"estimate class:mlcc_0603_x7r_10v_le10u: GENERIC class rule, reel price of a typical equivalent. LCSC C43922 0603B225K160NT (0603, 2.2 uF 16 V); US$0.0163 at 4000+; read 2026-10-...",high,0.016300,REAL: class example LCSC C43922 @4000+ break (annual qty 15000)
116,1,PCS-PWR-4W: 1,2.2u 16V,Capacitor 2.2u 16V X7R 0603,,,0603,GENERIC,,0.016300,0.0163,"estimate class:mlcc_0603_x7r_16v_le10u: GENERIC class rule, reel price of a typical equivalent. LCSC C43922 0603B225K160NT (0603); US$0.0163 at 4000+; example is 2.2 uF 16 V; re...",high,0.016300,REAL: class example LCSC C43922 @4000+ break (annual qty 5000)
117,8,PCS-PWR-4W: 8,2.2u 50V,Capacitor 2.2u 50V X7R 0805,,,0805,GENERIC,,0.058900,0.4712,"estimate class:mlcc_0805_x7r_50v_le10u: GENERIC class rule, reel price of a typical equivalent. LCSC C125847 CC0805KKX7R9BB225 (0805); US$0.0589 at 3000+; example is 2.2 uF 50 V...",high,0.057300,REAL: class example LCSC C125847 @21000+ break (annual qty 40000)
118,2,PCS-CTL-4W: 2,2.2u 50V,Capacitor 2.2u 10% 50V X7R 1206,,,1206,GENERIC,,0.047100,0.0942,"estimate class:mlcc_1206_x7r_50v_le10u: GENERIC class rule, reel price of a typical equivalent. LCSC C51205 CL31B475KBHNNNE (1206); US$0.0471 at 4000+; example is 4.7 uF 50 V; r...",high,0.046100,REAL: class example LCSC C51205 @10000+ break (annual qty 10000)
119,1,PCS-CTL-4W: 1,2.43k,Resistor 2.43k 0.1% 0603 25 ppm/K,,,0603,GENERIC,,0.003900,0.0039,"estimate class:res_0603_0.1pct: GENERIC class rule, reel price of a typical equivalent. LCSC C5126214 FRH0603B1002TS (0603); US$0.0039 at 5000+; 10 kOhm 0.1 %; read 2026...",high,0.003900,REAL: class example LCSC C5126214 @5000+ break (annual qty 5000)
120,4,PCS-CTL-4W: 4,2.49k,Resistor 2.49k 0.1% 0603 25 ppm/K,,,0603,GENERIC,,0.003900,0.0156,"estimate class:res_0603_0.1pct: GENERIC class rule, reel price of a typical equivalent. LCSC C5126214 FRH0603B1002TS (0603); US$0.0039 at 5000+; 10 kOhm 0.1 %; read 2026...",high,0.003500,REAL: class example LCSC C5126214 @10000+ break (annual qty 20000)
121,1,PCS-CTL-4W: 1,2.87k,Resistor 2.87k 1% 0603,,,0603,GENERIC,,0.003000,0.0030,"estimate class:res_0603_1pct: GENERIC class rule, reel price of a typical equivalent. LCSC C2906982 FRC0603F1002TS (0603); US$0.003 at 5000+; 10 kOhm 1 %; read 2026-10...",high,0.003000,REAL: class example LCSC C2906982 @5000+ break (annual qty 5000)
122,2,PCS-PWR-4W: 2,20.0k,Resistor 20.0k 0.1% 0603,,,0603,GENERIC,,0.003900,0.0078,"estimate class:res_0603_0.1pct: GENERIC class rule, reel price of a typical equivalent. LCSC C5126214 FRH0603B1002TS (0603); US$0.0039 at 5000+; 10 kOhm 0.1 %; read 2026...",high,0.003500,REAL: class example LCSC C5126214 @10000+ break (annual qty 10000)
123,1,PCS-CTL-4W: 1,200k,Resistor 200k 1% 0603,,,0603,GENERIC,,0.003000,0.0030,"estimate class:res_0603_1pct: GENERIC class rule, reel price of a typical equivalent. LCSC C2906982 FRC0603F1002TS (0603); US$0.003 at 5000+; 10 kOhm 1 %; read 2026-10...",high,0.003000,REAL: class example LCSC C2906982 @5000+ break (annual qty 5000)
124,8,PCS-PWR-4W: 8,220R,Resistor 220R 1% 0603,,,0603,GENERIC,,0.003000,0.0240,"estimate class:res_0603_1pct: GENERIC class rule, reel price of a typical equivalent. LCSC C2906982 FRC0603F1002TS (0603); US$0.003 at 5000+; 10 kOhm 1 %; read 2026-10...",high,0.002900,REAL: class example LCSC C2906982 @10000+ break (annual qty 40000)
125,1,PCS-PWR-4W: 1,220k,Resistor 220k 1% 0603 SPD_N high = varistor network open,,,0603,GENERIC,,0.003000,0.0030,"estimate class:res_0603_1pct: GENERIC class rule, reel price of a typical equivalent. LCSC C2906982 FRC0603F1002TS (0603); US$0.003 at 5000+; 10 kOhm 1 %; read 2026-10...",high,0.003000,REAL: class example LCSC C2906982 @5000+ break (annual qty 5000)
126,1,PCS-PWR-4W: 1,220p 50V,Capacitor 220p 50V C0G 0603,,,0603,GENERIC,,0.005500,0.0055,"estimate class:mlcc_0603_c0g_50v_le1n: GENERIC class rule, reel price of a typical equivalent. LCSC C14665 CC0603JRNPO9BN101 (0603); US$0.0055 at 4000+; example is 100 pF; read...",high,0.005500,REAL: class example LCSC C14665 @4000+ break (annual qty 5000)
127,48,PCS-PWR-4W: 48,22R,Resistor 22R 1% 1206 SC booster: sets two-level gate and turn-off di/dt,,,1206,GENERIC,,0.002300,0.1104,"estimate class:res_1206_1pct: GENERIC class rule, reel price of a typical equivalent. LCSC C305316 WR12X1581FTL (1206); US$0.0023 at 5000+; 1.58 kOhm 1 %; read 2026-10...",high,0.001700,REAL: class example LCSC C305316 @50200+ break (annual qty 240000)
128,9,PCS-PWR-4W: 9,22k,Resistor 22k 1% 0603,,,0603,GENERIC,,0.003000,0.0270,"estimate class:res_0603_1pct: GENERIC class rule, reel price of a typical equivalent. LCSC C2906982 FRC0603F1002TS (0603); US$0.003 at 5000+; 10 kOhm 1 %; read 2026-10...",high,0.002900,REAL: class example LCSC C2906982 @10000+ break (annual qty 45000)
129,2,PCS-PWR-4W: 2,22n 2kV,Capacitor 22n 2kV X7R 1812,,,1812,GENERIC,,0.193300,0.3866,"estimate class:mlcc_1812_x7r_2kv_le100n: GENERIC class rule, reel price of a typical equivalent. LCSC C5290328 FV43X223K202EGG (1812); US$0.1933 at 5000+; example is 22 nF 2 kV X...",high,0.193300,REAL: class example LCSC C5290328 @5000+ break (annual qty 10000)
130,2,PCS-PWR-4W: 2,22u 10V,Capacitor 22u 10% 10V X7R 0805,,,0805,GENERIC,,0.462900,0.9258,"estimate class:mlcc_0805_x7r_10v_gt10u: GENERIC class rule, reel price of a typical equivalent. LCSC C907991 GRM21BZ71A226ME15L (0805); US$0.4629 at 3000+; example is 22 uF 10 V...",high,0.459600,REAL: class example LCSC C907991 @6000+ break (annual qty 10000)
131,2,PCS-CTL-4W: 2,22u 10V,Capacitor 22u 10% 10V X7R 1206,,,1206,GENERIC,,0.068200,0.1364,"estimate class:mlcc_1206_x7r_10v_gt10u: GENERIC class rule, reel price of a typical equivalent. LCSC C87996 CL31B226KPHNNNE (1206); US$0.0682 at 4000+; example is 22 uF 10 V; re...",high,0.068200,REAL: class example LCSC C87996 @4000+ break (annual qty 10000)
132,6,PCS-PWR-4W: 6,22u 16V,Capacitor 22u 10% 16V X7R 1206,,,1206,GENERIC,,0.084600,0.5076,"estimate class:mlcc_1206_x7r_16v_gt10u: GENERIC class rule, reel price of a typical equivalent. LCSC C5252682 CS3216X7R226K160NRI (1206); US$0.0846 at 4000+; example is 22 uF 16...",high,0.084600,REAL: class example LCSC C5252682 @4000+ break (annual qty 30000)
133,16,PCS-PWR-4W: 16,22u 25V,Capacitor 22u 25V X7R 1210,,,1210,GENERIC,,0.130200,2.0832,"estimate class:mlcc_1210_x7r_25v_gt10u: GENERIC class rule, reel price of a typical equivalent. LCSC C2918511 CS3225X7R226K250NRL (1210); US$0.1302 at 5000+; example is 22 uF 25...",high,0.130200,REAL: class example LCSC C2918511 @5000+ break (annual qty 80000)
134,2,PCS-PWR-4W: 2,24.9k,Resistor 24.9k 0.1% 0603,,,0603,GENERIC,,0.003900,0.0078,"estimate class:res_0603_0.1pct: GENERIC class rule, reel price of a typical equivalent. LCSC C5126214 FRH0603B1002TS (0603); US$0.0039 at 5000+; 10 kOhm 0.1 %; read 2026...",high,0.003500,REAL: class example LCSC C5126214 @10000+ break (annual qty 10000)
135,1,PCS-PWR-4W: 1,3.3n 50V,Capacitor 3.3n 50V C0G 0603,,,0603,GENERIC,,0.028200,0.0282,"estimate class:mlcc_0603_c0g_50v_le100n: GENERIC class rule, reel price of a typical equivalent. LCSC C576818 CC0603JRNPO9BN472 (0603); US$0.0282 at 4000+; example is 4.7 nF; rea...",high,0.028200,REAL: class example LCSC C576818 @4000+ break (annual qty 5000)
136,1,PCS-PWR-4W: 1,3.57k,Resistor 3.57k 0.1% 0603,,,0603,GENERIC,,0.003900,0.0039,"estimate class:res_0603_0.1pct: GENERIC class rule, reel price of a typical equivalent. LCSC C5126214 FRH0603B1002TS (0603); US$0.0039 at 5000+; 10 kOhm 0.1 %; read 2026...",high,0.003900,REAL: class example LCSC C5126214 @5000+ break (annual qty 5000)
137,8,PCS-PWR-4W: 8,3.65k,Resistor 3.65k 1% 0603,,,0603,GENERIC,,0.003000,0.0240,"estimate class:res_0603_1pct: GENERIC class rule, reel price of a typical equivalent. LCSC C2906982 FRC0603F1002TS (0603); US$0.003 at 5000+; 10 kOhm 1 %; read 2026-10...",high,0.002900,REAL: class example LCSC C2906982 @10000+ break (annual qty 40000)
138,2,PCS-PWR-4W: 2,30.1k,Resistor 30.1k 0.1% 0603,,,0603,GENERIC,,0.003900,0.0078,"estimate class:res_0603_0.1pct: GENERIC class rule, reel price of a typical equivalent. LCSC C5126214 FRH0603B1002TS (0603); US$0.0039 at 5000+; 10 kOhm 0.1 %; read 2026...",high,0.003500,REAL: class example LCSC C5126214 @10000+ break (annual qty 10000)
139,1,PCS-CTL-4W: 1,30.9k,Resistor 30.9k 0.1% 0603 25 ppm/K,,,0603,GENERIC,,0.003900,0.0039,"estimate class:res_0603_0.1pct: GENERIC class rule, reel price of a typical equivalent. LCSC C5126214 FRH0603B1002TS (0603); US$0.0039 at 5000+; 10 kOhm 0.1 %; read 2026...",high,0.003900,REAL: class example LCSC C5126214 @5000+ break (annual qty 5000)
140,1,PCS-PWR-4W: 1,31.6k,Resistor 31.6k 0.1% 0603,,,0603,GENERIC,,0.003900,0.0039,"estimate class:res_0603_0.1pct: GENERIC class rule, reel price of a typical equivalent. LCSC C5126214 FRH0603B1002TS (0603); US$0.0039 at 5000+; 10 kOhm 0.1 %; read 2026...",high,0.003900,REAL: class example LCSC C5126214 @5000+ break (annual qty 5000)
141,4,PCS-CTL-4W: 4,32.4k,Resistor 32.4k 0.1% 0603 25 ppm/K,,,0603,GENERIC,,0.003900,0.0156,"estimate class:res_0603_0.1pct: GENERIC class rule, reel price of a typical equivalent. LCSC C5126214 FRH0603B1002TS (0603); US$0.0039 at 5000+; 10 kOhm 0.1 %; read 2026...",high,0.003500,REAL: class example LCSC C5126214 @10000+ break (annual qty 20000)
142,1,PCS-CTL-4W: 1,324k,Resistor 324k 1% 0603,,,0603,GENERIC,,0.003000,0.0030,"estimate class:res_0603_1pct: GENERIC class rule, reel price of a typical equivalent. LCSC C2906982 FRC0603F1002TS (0603); US$0.003 at 5000+; 10 kOhm 1 %; read 2026-10...",high,0.003000,REAL: class example LCSC C2906982 @5000+ break (annual qty 5000)
143,8,PCS-PWR-4W: 8,330R,Resistor 330R 1% 0603,,,0603,GENERIC,,0.003000,0.0240,"estimate class:res_0603_1pct: GENERIC class rule, reel price of a typical equivalent. LCSC C2906982 FRC0603F1002TS (0603); US$0.003 at 5000+; 10 kOhm 1 %; read 2026-10...",high,0.002900,REAL: class example LCSC C2906982 @10000+ break (annual qty 40000)
144,2,PCS-PWR-4W: 2,330R,Resistor 330R 1% 0805 SSR input 11 mA (IF(ON) 7-30 mA),,,0805,GENERIC,,0.001500,0.0030,"estimate class:res_0805_1pct: GENERIC class rule, reel price of a typical equivalent. LCSC C17878 0805W8F976JT5E (0805); US$0.0015 at 5000+; 97.6 Ohm 1 %; read 2026-10...",high,0.001400,REAL: class example LCSC C17878 @10000+ break (annual qty 10000)
145,1,PCS-CTL-4W: 1,33k,Resistor 33k 1% 0805,,,0805,GENERIC,,0.001500,0.0015,"estimate class:res_0805_1pct: GENERIC class rule, reel price of a typical equivalent. LCSC C17878 0805W8F976JT5E (0805); US$0.0015 at 5000+; 97.6 Ohm 1 %; read 2026-10...",high,0.001500,REAL: class example LCSC C17878 @5000+ break (annual qty 5000)
146,1,PCS-PWR-4W: 1,348k,Resistor 348k 1% 0603,,,0603,GENERIC,,0.003000,0.0030,"estimate class:res_0603_1pct: GENERIC class rule, reel price of a typical equivalent. LCSC C2906982 FRC0603F1002TS (0603); US$0.003 at 5000+; 10 kOhm 1 %; read 2026-10...",high,0.003000,REAL: class example LCSC C2906982 @5000+ break (annual qty 5000)
147,4,PCS-CTL-4W: 4,36.5k,Resistor 36.5k 0.1% 0603 25 ppm/K,,,0603,GENERIC,,0.003900,0.0156,"estimate class:res_0603_0.1pct: GENERIC class rule, reel price of a typical equivalent. LCSC C5126214 FRH0603B1002TS (0603); US$0.0039 at 5000+; 10 kOhm 0.1 %; read 2026...",high,0.003500,REAL: class example LCSC C5126214 @10000+ break (annual qty 20000)
148,4,PCS-PWR-4W: 4,37.4,"Resistor 37.4 1% 2512 economiser hold resistor, 4 in series = 150 ohm",,,2512,GENERIC,,0.025800,0.1032,"estimate class:res_2512_1pct: GENERIC class rule, reel price of a typical equivalent. LCSC C2934076 FRC2512F4702TS (2512); US$0.0258 at 4000+; 47 kOhm 1 W 1 %; read 20...",high,0.023300,REAL: class example LCSC C2934076 @20000+ break (annual qty 20000)
149,8,PCS-PWR-4W: 8,4.02k,Resistor 4.02k 0.1% 0603,,,0603,GENERIC,,0.003900,0.0312,"estimate class:res_0603_0.1pct: GENERIC class rule, reel price of a typical equivalent. LCSC C5126214 FRH0603B1002TS (0603); US$0.0039 at 5000+; 10 kOhm 0.1 %; read 2026...",high,0.003500,REAL: class example LCSC C5126214 @10000+ break (annual qty 40000)
150,48,PCS-PWR-4W: 48,4.7R,Resistor 4.7R 1% 0603,,,0603,GENERIC,,0.003000,0.1440,"estimate class:res_0603_1pct: GENERIC class rule, reel price of a typical equivalent. LCSC C2906982 FRC0603F1002TS (0603); US$0.003 at 5000+; 10 kOhm 1 %; read 2026-10...",high,0.002800,REAL: class example LCSC C2906982 @50200+ break (annual qty 240000)
151,8,PCS-PWR-4W: 8,4.7k,Resistor 4.7k 1% 0805 COM bias: sources the ATL431 shunt,,,0805,GENERIC,,0.001500,0.0120,"estimate class:res_0805_1pct: GENERIC class rule, reel price of a typical equivalent. LCSC C17878 0805W8F976JT5E (0805); US$0.0015 at 5000+; 97.6 Ohm 1 %; read 2026-10...",high,0.001400,REAL: class example LCSC C17878 @10000+ break (annual qty 40000)
152,8,PCS-CTL-4W: 5; PCS-PWR-4W: 3,4.7k,Resistor 4.7k 1% 0603,,,0603,GENERIC,,0.003000,0.0240,"estimate class:res_0603_1pct: GENERIC class rule, reel price of a typical equivalent. LCSC C2906982 FRC0603F1002TS (0603); US$0.003 at 5000+; 10 kOhm 1 %; read 2026-10...",high,0.002900,REAL: class example LCSC C2906982 @10000+ break (annual qty 40000)
153,1,PCS-CTL-4W: 1,4.7n 100V,Capacitor 4.7n 10% 100V X7R 0603,,,0603,GENERIC,,0.011100,0.0111,"estimate class:mlcc_0603_x7r_100v_le100n: GENERIC class rule, reel price of a typical equivalent. LCSC C113803 CC0603KRX7R0BB104 (0603); US$0.0111 at 4000+; read 2026-10-04 via th...",high,0.011100,REAL: class example LCSC C113803 @4000+ break (annual qty 5000)
154,1,PCS-CTL-4W: 1,4.7n 1kV,Capacitor 4.7n 10% 1kV X7R 1206,,,1206,GENERIC,,0.025400,0.0254,"estimate class:mlcc_1206_x7r_1kv_le100n: GENERIC class rule, reel price of a typical equivalent. LCSC C107198 CC1206KKX7RCBB472 (1206); US$0.0254 at 3000+; example is 4.7 nF 1 kV...",high,0.025400,REAL: class example LCSC C107198 @3000+ break (annual qty 5000)
155,24,PCS-PWR-4W: 24,4.7n 2000V,Capacitor 4.7n 5% 2000V C0G 2220,,,2220,GENERIC,,0.624800,14.9952,"estimate class:mlcc_2220_c0g_2kv_le100n: GENERIC class rule, reel price of a typical equivalent. LCSC C1021538 FV55N472J202EGG (2220); US$0.6248 at 1000+; example is 4.7 nF 2 kV...",high,0.624800,REAL: class example LCSC C1021538 @1000+ break (annual qty 120000)
156,11,PCS-PWR-4W: 11,4.7n 50V,Capacitor 4.7n 5% 50V C0G 0603,,,0603,GENERIC,,0.028200,0.3102,"estimate class:mlcc_0603_c0g_50v_le100n: GENERIC class rule, reel price of a typical equivalent. LCSC C576818 CC0603JRNPO9BN472 (0603); US$0.0282 at 4000+; example is 4.7 nF; rea...",high,0.025900,REAL: class example LCSC C576818 @20000+ break (annual qty 55000)
157,8,PCS-PWR-4W: 8,4.7u 50V,Capacitor 4.7u 50V X7R 1206,,,1206,GENERIC,,0.047100,0.3768,"estimate class:mlcc_1206_x7r_50v_le10u: GENERIC class rule, reel price of a typical equivalent. LCSC C51205 CL31B475KBHNNNE (1206); US$0.0471 at 4000+; example is 4.7 uF 50 V; r...",high,0.046100,REAL: class example LCSC C51205 @10000+ break (annual qty 40000)
158,4,PCS-PWR-4W: 4,4.7u 50V,Capacitor 4.7u 50V X7R 1210,,,1210,GENERIC,,0.148600,0.5944,"estimate class:mlcc_1210_x7r_50v_le10u: GENERIC class rule, reel price of a typical equivalent. LCSC C381467 FS32X106K500EGG (1210); US$0.1486 at 5000+; example is 10 uF 50 V; r...",high,0.148600,REAL: class example LCSC C381467 @5000+ break (annual qty 20000)
159,1,PCS-PWR-4W: 1,4.99k,Resistor 4.99k 1% 0603 RDY pull-up (power board),,,0603,GENERIC,,0.003000,0.0030,"estimate class:res_0603_1pct: GENERIC class rule, reel price of a typical equivalent. LCSC C2906982 FRC0603F1002TS (0603); US$0.003 at 5000+; 10 kOhm 1 %; read 2026-10...",high,0.003000,REAL: class example LCSC C2906982 @5000+ break (annual qty 5000)
160,4,PCS-CTL-4W: 4,4.99k,Resistor 4.99k 0.1% 0603 25 ppm/K,,,0603,GENERIC,,0.003900,0.0156,"estimate class:res_0603_0.1pct: GENERIC class rule, reel price of a typical equivalent. LCSC C5126214 FRH0603B1002TS (0603); US$0.0039 at 5000+; 10 kOhm 0.1 %; read 2026...",high,0.003500,REAL: class example LCSC C5126214 @10000+ break (annual qty 20000)
161,1,PCS-CTL-4W: 1,4.99k,Resistor 4.99k 1% 0603,,,0603,GENERIC,,0.003000,0.0030,"estimate class:res_0603_1pct: GENERIC class rule, reel price of a typical equivalent. LCSC C2906982 FRC0603F1002TS (0603); US$0.003 at 5000+; 10 kOhm 1 %; read 2026-10...",high,0.003000,REAL: class example LCSC C2906982 @5000+ break (annual qty 5000)
162,2,PCS-CTL-4W: 2,470R,Resistor 470R 1% 0603,,,0603,GENERIC,,0.003000,0.0060,"estimate class:res_0603_1pct: GENERIC class rule, reel price of a typical equivalent. LCSC C2906982 FRC0603F1002TS (0603); US$0.003 at 5000+; 10 kOhm 1 %; read 2026-10...",high,0.002900,REAL: class example LCSC C2906982 @10000+ break (annual qty 10000)
163,2,PCS-PWR-4W: 2,470p 50V,Capacitor 470p 5% 50V C0G 0603,,,0603,GENERIC,,0.005500,0.0110,"estimate class:mlcc_0603_c0g_50v_le1n: GENERIC class rule, reel price of a typical equivalent. LCSC C14665 CC0603JRNPO9BN101 (0603); US$0.0055 at 4000+; example is 100 pF; read...",high,0.005300,REAL: class example LCSC C14665 @8000+ break (annual qty 10000)
164,1,PCS-PWR-4W: 1,470p 50V,Capacitor 470p 50V C0G 0603,,,0603,GENERIC,,0.005500,0.0055,"estimate class:mlcc_0603_c0g_50v_le1n: GENERIC class rule, reel price of a typical equivalent. LCSC C14665 CC0603JRNPO9BN101 (0603); US$0.0055 at 4000+; example is 100 pF; read...",high,0.005500,REAL: class example LCSC C14665 @4000+ break (annual qty 5000)
165,4,PCS-CTL-4W: 4,47R,Resistor 47R 1% 0603,,,0603,GENERIC,,0.003000,0.0120,"estimate class:res_0603_1pct: GENERIC class rule, reel price of a typical equivalent. LCSC C2906982 FRC0603F1002TS (0603); US$0.003 at 5000+; 10 kOhm 1 %; read 2026-10...",high,0.002900,REAL: class example LCSC C2906982 @10000+ break (annual qty 20000)
166,2,PCS-PWR-4W: 2,47k,Resistor 47k 1% 0603,,,0603,GENERIC,,0.003000,0.0060,"estimate class:res_0603_1pct: GENERIC class rule, reel price of a typical equivalent. LCSC C2906982 FRC0603F1002TS (0603); US$0.003 at 5000+; 10 kOhm 1 %; read 2026-10...",high,0.002900,REAL: class example LCSC C2906982 @10000+ break (annual qty 10000)
167,12,PCS-CTL-4W: 4; PCS-PWR-4W: 8,47p 50V,Capacitor 47p 5% 50V C0G 0603,,,0603,GENERIC,,0.005500,0.0660,"estimate class:mlcc_0603_c0g_50v_le1n: GENERIC class rule, reel price of a typical equivalent. LCSC C14665 CC0603JRNPO9BN101 (0603); US$0.0055 at 4000+; example is 100 pF; read...",high,0.005100,REAL: class example LCSC C14665 @48200+ break (annual qty 60000)
168,1,PCS-CTL-4W: 1,49.9k,Resistor 49.9k 1% 0603,,,0603,GENERIC,,0.003000,0.0030,"estimate class:res_0603_1pct: GENERIC class rule, reel price of a typical equivalent. LCSC C2906982 FRC0603F1002TS (0603); US$0.003 at 5000+; 10 kOhm 1 %; read 2026-10...",high,0.003000,REAL: class example LCSC C2906982 @5000+ break (annual qty 5000)
169,1,PCS-CTL-4W: 1,5.11k,Resistor 5.11k 0.1% 0603 25 ppm/K,,,0603,GENERIC,,0.003900,0.0039,"estimate class:res_0603_0.1pct: GENERIC class rule, reel price of a typical equivalent. LCSC C5126214 FRH0603B1002TS (0603); US$0.0039 at 5000+; 10 kOhm 0.1 %; read 2026...",high,0.003900,REAL: class example LCSC C5126214 @5000+ break (annual qty 5000)
170,1,PCS-CTL-4W: 1,53.6k,Resistor 53.6k 1% 0603,,,0603,GENERIC,,0.003000,0.0030,"estimate class:res_0603_1pct: GENERIC class rule, reel price of a typical equivalent. LCSC C2906982 FRC0603F1002TS (0603); US$0.003 at 5000+; 10 kOhm 1 %; read 2026-10...",high,0.003000,REAL: class example LCSC C2906982 @5000+ break (annual qty 5000)
171,1,PCS-PWR-4W: 1,56k,Resistor 56k 1% 0603 pull-in window R_t C_t = 56 ms,,,0603,GENERIC,,0.003000,0.0030,"estimate class:res_0603_1pct: GENERIC class rule, reel price of a typical equivalent. LCSC C2906982 FRC0603F1002TS (0603); US$0.003 at 5000+; 10 kOhm 1 %; read 2026-10...",high,0.003000,REAL: class example LCSC C2906982 @5000+ break (annual qty 5000)
172,1,PCS-PWR-4W: 1,57.6k,Resistor 57.6k 0.1% 0603,,,0603,GENERIC,,0.003900,0.0039,"estimate class:res_0603_0.1pct: GENERIC class rule, reel price of a typical equivalent. LCSC C5126214 FRH0603B1002TS (0603); US$0.0039 at 5000+; 10 kOhm 0.1 %; read 2026...",high,0.003900,REAL: class example LCSC C5126214 @5000+ break (annual qty 5000)
173,2,PCS-PWR-4W: 2,6.04k,Resistor 6.04k 0.1% 0603,,,0603,GENERIC,,0.003900,0.0078,"estimate class:res_0603_0.1pct: GENERIC class rule, reel price of a typical equivalent. LCSC C5126214 FRH0603B1002TS (0603); US$0.0039 at 5000+; 10 kOhm 0.1 %; read 2026...",high,0.003500,REAL: class example LCSC C5126214 @10000+ break (annual qty 10000)
174,1,PCS-PWR-4W: 1,6.49k,Resistor 6.49k 0.1% 0603,,,0603,GENERIC,,0.003900,0.0039,"estimate class:res_0603_0.1pct: GENERIC class rule, reel price of a typical equivalent. LCSC C5126214 FRH0603B1002TS (0603); US$0.0039 at 5000+; 10 kOhm 0.1 %; read 2026...",high,0.003900,REAL: class example LCSC C5126214 @5000+ break (annual qty 5000)
175,1,PCS-PWR-4W: 1,6.81M,Resistor 6.81M 1% 0603,,,0603,GENERIC,,0.003000,0.0030,"estimate class:res_0603_1pct: GENERIC class rule, reel price of a typical equivalent. LCSC C2906982 FRC0603F1002TS (0603); US$0.003 at 5000+; 10 kOhm 1 %; read 2026-10...",high,0.003000,REAL: class example LCSC C2906982 @5000+ break (annual qty 5000)
176,2,PCS-CTL-4W: 2,60.4R,Resistor 60.4R 1% 0805,,,0805,GENERIC,,0.001500,0.0030,"estimate class:res_0805_1pct: GENERIC class rule, reel price of a typical equivalent. LCSC C17878 0805W8F976JT5E (0805); US$0.0015 at 5000+; 97.6 Ohm 1 %; read 2026-10...",high,0.001400,REAL: class example LCSC C17878 @10000+ break (annual qty 10000)
177,2,PCS-PWR-4W: 2,64.9k,Resistor 64.9k 1% 0603,,,0603,GENERIC,,0.003000,0.0060,"estimate class:res_0603_1pct: GENERIC class rule, reel price of a typical equivalent. LCSC C2906982 FRC0603F1002TS (0603); US$0.003 at 5000+; 10 kOhm 1 %; read 2026-10...",high,0.002900,REAL: class example LCSC C2906982 @10000+ break (annual qty 10000)
178,1,PCS-PWR-4W: 1,649k,Resistor 649k 0.1% 0603,,,0603,GENERIC,,0.003900,0.0039,"estimate class:res_0603_0.1pct: GENERIC class rule, reel price of a typical equivalent. LCSC C5126214 FRH0603B1002TS (0603); US$0.0039 at 5000+; 10 kOhm 0.1 %; read 2026...",high,0.003900,REAL: class example LCSC C5126214 @5000+ break (annual qty 5000)
179,1,PCS-CTL-4W: 1,680R,Resistor 680R 1% 0603,,,0603,GENERIC,,0.003000,0.0030,"estimate class:res_0603_1pct: GENERIC class rule, reel price of a typical equivalent. LCSC C2906982 FRC0603F1002TS (0603); US$0.003 at 5000+; 10 kOhm 1 %; read 2026-10...",high,0.003000,REAL: class example LCSC C2906982 @5000+ break (annual qty 5000)
180,1,PCS-PWR-4W: 1,680n 25V,Capacitor 680n 10% 25V X7R 1206,,,1206,GENERIC,,0.035800,0.0358,"estimate class:mlcc_1206_x7r_25v_le1u: GENERIC class rule, reel price of a typical equivalent. LCSC C1848 CL31B105KBHNNNE (1206, 1 uF 50 V); US$0.0358 at 4000+; read 2026-10-04...",high,0.035800,REAL: class example LCSC C1848 @4000+ break (annual qty 5000)
181,1,PCS-PWR-4W: 1,68n 50V,Capacitor 68n 5% 50V C0G 1206,,,1206,GENERIC,,0.136200,0.1362,"estimate class:mlcc_1206_c0g_50v_le100n: GENERIC class rule, reel price of a typical equivalent. LCSC C97946 GRM31C5C1H104JA01L (1206); US$0.1362 at 4000+; example is 100 nF 50 V...",high,0.136200,REAL: class example LCSC C97946 @4000+ break (annual qty 5000)
182,2,PCS-PWR-4W: 2,68p 500V,Capacitor 68p 500V C0G 1206,,,1206,GENERIC,,0.025300,0.0506,"estimate class:mlcc_1206_c0g_630v_le1n: GENERIC class rule, reel price of a typical equivalent. LCSC C107178 CC1206JKNPOCBN680 (1206); US$0.0253 at 3000+; example is 68 pF rated...",medium,0.024000,REAL: class example LCSC C107178 @6000+ break (annual qty 10000)
183,1,PCS-PWR-4W: 1,73.2k,Resistor 73.2k 1% 0603,,,0603,GENERIC,,0.003000,0.0030,"estimate class:res_0603_1pct: GENERIC class rule, reel price of a typical equivalent. LCSC C2906982 FRC0603F1002TS (0603); US$0.003 at 5000+; 10 kOhm 1 %; read 2026-10...",high,0.003000,REAL: class example LCSC C2906982 @5000+ break (annual qty 5000)
184,8,PCS-PWR-4W: 8,77.7k,Resistor 77.7k 0.1% 0603,,,0603,GENERIC,,0.003900,0.0312,"estimate class:res_0603_0.1pct: GENERIC class rule, reel price of a typical equivalent. LCSC C5126214 FRH0603B1002TS (0603); US$0.0039 at 5000+; 10 kOhm 0.1 %; read 2026...",high,0.003500,REAL: class example LCSC C5126214 @10000+ break (annual qty 40000)
185,1,PCS-PWR-4W: 1,8.06k,Resistor 8.06k 0.1% 0603,,,0603,GENERIC,,0.003900,0.0039,"estimate class:res_0603_0.1pct: GENERIC class rule, reel price of a typical equivalent. LCSC C5126214 FRH0603B1002TS (0603); US$0.0039 at 5000+; 10 kOhm 0.1 %; read 2026...",high,0.003900,REAL: class example LCSC C5126214 @5000+ break (annual qty 5000)
186,1,PCS-PWR-4W: 1,8.45k,Resistor 8.45k 0.1% 0603,,,0603,GENERIC,,0.003900,0.0039,"estimate class:res_0603_0.1pct: GENERIC class rule, reel price of a typical equivalent. LCSC C5126214 FRH0603B1002TS (0603); US$0.0039 at 5000+; 10 kOhm 0.1 %; read 2026...",high,0.003900,REAL: class example LCSC C5126214 @5000+ break (annual qty 5000)
187,48,PCS-PWR-4W: 48,8.75R,"Resistor 8.75R 1% 2512 Ron, pulse-rated thick film 1 W",,,2512,GENERIC,,0.147800,7.0944,"estimate class:res_2512_1pct_pulse: GENERIC class rule, reel price of a typical equivalent. LCSC C2991665 RPL-12K10R0FT (2512); US$0.1478 at 4000+; pulse-rated 2512 thick fi...",low,0.147800,REAL: class example LCSC C2991665 @4000+ break (annual qty 240000)
188,48,PCS-PWR-4W: 48,8.75R,"Resistor 8.75R 1% 2512 Roff, pulse-rated thick film 1 W",,,2512,GENERIC,,0.147800,7.0944,"estimate class:res_2512_1pct_pulse: GENERIC class rule, reel price of a typical equivalent. LCSC C2991665 RPL-12K10R0FT (2512); US$0.1478 at 4000+; pulse-rated 2512 thick fi...",low,0.147800,REAL: class example LCSC C2991665 @4000+ break (annual qty 240000)
189,12,PCS-PWR-4W: 12,82.5k,"Resistor 82.5k 1% 2512 monitor loop, <= 300 V per element in an In surge",,,2512,GENERIC,,0.025800,0.3096,"estimate class:res_2512_1pct: GENERIC class rule, reel price of a typical equivalent. LCSC C2934076 FRC2512F4702TS (2512); US$0.0258 at 4000+; 47 kOhm 1 W 1 %; read 20...",high,0.023300,REAL: class example LCSC C2934076 @20000+ break (annual qty 60000)
190,1,PCS-PWR-4W: 1,86.6k,Resistor 86.6k 0.1% 0603,,,0603,GENERIC,,0.003900,0.0039,"estimate class:res_0603_0.1pct: GENERIC class rule, reel price of a typical equivalent. LCSC C5126214 FRH0603B1002TS (0603); US$0.0039 at 5000+; 10 kOhm 0.1 %; read 2026...",high,0.003900,REAL: class example LCSC C5126214 @5000+ break (annual qty 5000)
191,8,PCS-PWR-4W: 8,88.7k,"Resistor 88.7k 1% 1210 HV thick film, >= 200 V working",,,1210,GENERIC,,0.050000,0.4000,"estimate class:res_1210_1pct: GENERIC class rule: 1210 1 % high-voltage thick-film chip (bleeder strings, >= 200 V working); Asian HV chip class price as in gen/data/c...",low,0.048000,ASSUMED x0.96 [chip_passive_class]
192,12,chassis: 12,PA66 standoff,"Board standoff, insulating",,,chassis,GENERIC,,0.080000,0.9600,estimate PA66 standoff: ESTIMATE: insulating PA66 board standoff (architect's list 0.08); no listing read,low,0.068000,ASSUMED x0.85 [custom_mech]
193,1,PCS-CTL-4W: 1,Chassis (PE) bonding mounting hole,Chassis (PE) bonding mounting hole,,,M3 plated hole,NOPART,,0.000000,0.0000,not a purchased part,,0.000000,not a purchased part
194,2,PCS-PWR-4W: 2,Net tie: single AGND-GND star point,Net tie: single AGND-GND star point,,,net tie,NOPART,,0.000000,0.0000,not a purchased part,,0.000000,not a purchased part
195,1,PCS-PWR-4W: 1,PE bond M4 (IMD divider reference),PE bond: plated M4 mounting hole + serrated washer to chassis PE,,,plated M4 hole,NOPART,,0.000000,0.0000,not a purchased part,,0.000000,not a purchased part
196,1,PCS-PWR-4W: 1,PE bond M4 (board PE),PE bond: plated M4 mounting hole + serrated washer to chassis PE,,,plated M4 hole,NOPART,,0.000000,0.0000,not a purchased part,,0.000000,not a purchased part
197,1,PCS-PWR-4W: 1,"PE_T link to chassis PE: removable strap, OPEN for the hipot test (IC-23)","PE_T link to chassis PE: removable strap, OPEN for the hipot test (IC-23)",,,2 plated M4 holes + removable strap,NOPART,,0.000000,0.0000,not a purchased part,,0.000000,not a purchased part
198,3,PCS-CTL-4W: 3,"Solder jumper, open by default","Solder jumper, open by default",,,solder jumper,NOPART,,0.000000,0.0000,not a purchased part,,0.000000,not a purchased part
199,11,PCS-CTL-4W: 5; PCS-PWR-4W: 6,TP,Test point,,,TP,NOPART,,0.000000,0.0000,not a purchased part,,0.000000,not a purchased part
200,2,PCS-PWR-4W: 2,0.2m,Current sense resistor 0.2 mOhm 1 % 12 W (two in parallel),Bourns,CSS2H-3920R-L200F,3920 metal strip,ORDERABLE,docs/datasheets/sensing/CSS2H-3920.pdf,1.117226,2.2345,element14 AU (web-search snippet) 2576342 @500+ (2026-10-04),medium,0.949642,ASSUMED x0.85 [short_table]
201,6,PCS-PWR-4W: 6,SMCJ33A,"TVS unidirectional 1500 W, VRWM 33 V, VBR 36.7-40.6 V (AUX75 clamp, 6 in series)",Bourns,SMCJ33A,DO-214AB (SMC),ORDERABLE,docs/datasheets/protection/SMCJ_Bourns.pdf,0.166500,0.9990,LCSC C224049 @500+ (2026-10-04),high,0.145700,REAL: LCSC C224049 @6000+ break (annual qty 30000)
202,1,PCS-CTL-4W: 1,CA-IS3050W,"Isolated CAN transceiver 1 Mbps, 5 kVrms, VIMP 9.8 kV / VIOSM 12.8 kV, 3.3 V logic, 5 V bus side",Chipanalog,CA-IS3050W,SOIC-16 WB (W),ORDERABLE,docs/datasheets/isolation-interface/CA-IS305x.pdf,0.715900,0.7159,LCSC C970940 @1000+ (2026-10-04),high,0.715900,REAL: LCSC C970940 @1000+ break (annual qty 5000)
203,1,PCS-CTL-4W: 1,CA-IS3082WNX,"Isolated half-duplex RS-485 transceiver 500 kbps, 5 kVrms, VIOSM 8 kV, fail-safe receiver",Chipanalog,CA-IS3082WNX,SOIC-16 WB (W),ORDERABLE,docs/datasheets/isolation-interface/CA-IS308x.pdf,0.511900,0.5119,LCSC C7422548 @1000+ (2026-10-04),high,0.511900,REAL: LCSC C7422548 @1000+ break (annual qty 5000)
204,2,PCS-PWR-4W: 2,CA-IS3417WT,"Isolated 1700 V back-to-back SiC SSR, 50 ohm, opto-compatible input: IMD string switch",Chipanalog,CA-IS3417WT,SOIC12-WB (WT),ORDERABLE,docs/datasheets/isolation-interface/CA-IS3417WT.pdf,1.600400,3.2008,LCSC product page (web-search snippet) C42420726 @1000+ (2026-10-04),medium,1.600400,REAL: LCSC product page (web-search snippet) C42420726 @1000+ break (annual qty 10000)
205,1,PCS-CTL-4W: 1,CA-IS3820LG,"Reinforced 2-ch digital isolator 2 fwd, default LOW, 5.7 kVrms, VIOSM 8 kV",Chipanalog,CA-IS3820LG,"SOIC-8 WB (G) 5.85x7.5 mm, 8 mm CLR/CPG",ORDERABLE,docs/datasheets/isolation-interface/CA-IS382x.pdf,0.450000,0.4500,"estimate CA-IS3820LG: ESTIMATE (architect's list, CA-IS3821LW 0.45): Chipanalog reinforced 2-channel digital isolator, not found on LCSC through the mirror or...",low,0.382500,ASSUMED x0.85 [asia_part_estimate]
206,2,PCS-CTL-4W: 2,CA-IS3821LG,"Reinforced 2-ch digital isolator 1 fwd + 1 rev, default LOW, 5.7 kVrms, VIOSM 8 kV",Chipanalog,CA-IS3821LG,"SOIC-8 WB (G) 5.85x7.5 mm, 8 mm CLR/CPG",ORDERABLE,docs/datasheets/isolation-interface/CA-IS382x.pdf,0.450000,0.9000,estimate CA-IS3821LG: ESTIMATE: as CA-IS3820LG (architect's list 0.45),low,0.382500,ASSUMED x0.85 [asia_part_estimate]
207,1,PCS-CTL-4W: 1,CA-IS3842HW,"Reinforced 4-ch digital isolator 2 fwd + 2 rev, default HIGH, 5.7 kVrms, VIOSM 8 kV",Chipanalog,CA-IS3842HW,"SOIC-16 WB (W) 10.3x7.5 mm, 8 mm CLR/CPG",ORDERABLE,docs/datasheets/isolation-interface/CA-IS384x.pdf,0.600000,0.6000,LCSC C20598875 @1000+ (2026-10-04),high,0.600000,REAL: LCSC C20598875 @1000+ break (annual qty 5000)
208,8,PCS-PWR-4W: 8,KF2EDGR-3.5-2P,"NTC leads (heatsink probe / inductor winding NTC), 2-pin pluggable",Cixi Kefa,KF2EDGR-3.5-2P,2p 3.5 mm pluggable header,ORDERABLE,docs/datasheets/connectors/KEFA-KF2EDGR-3.5.pdf,0.029300,0.2344,LCSC C441171 @1000+ (2026-10-04),high,0.024500,REAL: LCSC C441171 @10000+ break (annual qty 40000)
209,1,PCS-PWR-4W: 1,KF2EDGR-3.5-2P,"SELV 24 V (AUX-T1 reinforced winding) to the control board's SELV zone: >= 10 mm from live copper, double-insulated wires (ARCHITECTURE 10, J2)",Cixi Kefa,KF2EDGR-3.5-2P,2p 3.5 mm pluggable header,ORDERABLE,docs/datasheets/connectors/KEFA-KF2EDGR-3.5.pdf,0.029300,0.0293,LCSC C441171 @1000+ (2026-10-04),high,0.026100,REAL: LCSC C441171 @5000+ break (annual qty 5000)
210,1,PCS-CTL-4W: 1,KF2EDGR-3.81-2P,Pluggable header 2-pos 3.81 mm 300 V 8 A (plug KF2EDGK-3.81-2P): SELV 24 V input,Cixi Kefa Electronic,KF2EDGR-3.81-2P,pluggable 2-pos 3.81 mm R/A,ORDERABLE,docs/datasheets/connectors/KEFA-KF2EDGR-3.81.pdf,0.029800,0.0298,LCSC C441182 @1000+ (2026-10-04),high,0.026900,REAL: LCSC C441182 @5000+ break (annual qty 5000)
211,3,PCS-CTL-4W: 3,KF2EDGR-3.81-6P,Pluggable header 6-pos 3.81 mm (plug KF2EDGK-3.81-6P): bus or stop loop in/out + 0 V + screen (SELV),Cixi Kefa Electronic,KF2EDGR-3.81-6P,pluggable 6-pos 3.81 mm R/A,ORDERABLE,docs/datasheets/connectors/KEFA-KF2EDGR-3.81.pdf,0.079800,0.2394,LCSC C441186 @500+ (2026-10-04),high,0.066300,REAL: LCSC C441186 @5000+ break (annual qty 15000)
212,1,PCS-CTL-4W: 1,KF2EDGR-3.81-8P,"Pluggable header 8-pos 3.81 mm (plug KF2EDGK-3.81-8P): relay NO / COM / NC, DI1, ready permissive, 0 V (SELV)",Cixi Kefa Electronic,KF2EDGR-3.81-8P,pluggable 8-pos 3.81 mm R/A,ORDERABLE,docs/datasheets/connectors/KEFA-KF2EDGR-3.81.pdf,0.114600,0.1146,LCSC C441188 @500+ (2026-10-04),high,0.098400,REAL: LCSC C441188 @5000+ break (annual qty 5000)
213,3,PCS-PWR-4W: 3,1.6A 500VAC,"Fuse 1.6 A 500 V AC/DC super fast-acting, 200 A interrupting at 500 V, ceramic 6.3 x 32 mm, axial (AC start-up tap, one per phase behind its 20 ohm)",Conquer Electronic,ABB-A 1.60,"6.3 x 32 mm ceramic, axial leads 0.8 mm (ABB-A)",ORDERABLE,docs/datasheets/protection/Conquer-Axial-Lead-Cartridge-Fuse.pdf,1.470000,4.4100,"estimate ABB-A 1.60: ESTIMATE: Conquer ABB-A series 6.3 x 32 mm 500 V ceramic, the 1.6 A code (catalogue PDF page 30 = printed page 81, docs/datasheets/protec...",medium,1.176000,ASSUMED x0.80 [protection_estimate]
214,4,chassis: 4,AFB1224SHE-F00,"Fan 120 x 120 x 38 mm 24 V with PWM input and tach, one per heatsink section (pcs_spec heatsink) - RATED -10..+60 C ONLY (PV risk R-05)",Delta Electronics (TW),AFB1224SHE-F00,chassis,ORDERABLE,docs/datasheets/thermal/AFB1224SHE-F00.pdf,12.850000,51.4000,Master Electronics (web-search result; page not read)  @504+ (2026-10-04),medium,10.922500,ASSUMED x0.85 [short_table]
215,5,PCS-PWR-4W: 5,S2M-13-F,Rectifier 1000 V 1.5 A,Diodes Inc,S2M-13-F,SMB,ORDERABLE,docs/datasheets/power-semiconductors/S2M.pdf,0.055500,0.2775,LCSC C156322 @500+ (2026-10-04),high,0.047700,REAL: LCSC C156322 @6000+ break (annual qty 25000)
216,1,PCS-PWR-4W: 1,US1G-13-F,Ultrafast rectifier 400 V 1 A,Diodes Incorporated,US1G-13-F,SMA,ORDERABLE,docs/datasheets/power-semiconductors/US1M.pdf,0.053200,0.0532,LCSC C110531 @500+ (2026-10-04),high,0.044500,REAL: LCSC C110531 @5000+ break (annual qty 5000)
217,8,PCS-PWR-4W: 8,ZXTN25040DFHTA,"NPN 40 V 4 A (10 A pulse), hFE >= 300 at 1 A: Miller-clamp release of a 6-gate channel",Diodes Incorporated,ZXTN25040DFHTA,SOT-23,ORDERABLE,docs/datasheets/power-semiconductors/ZXTN25040DFH.pdf,0.520000,4.1600,"estimate ZXTN25040DFHTA: ESTIMATE: NPN complement of ZXTP25040DFHTA, taken at that part's estimate (no listing read)",low,0.442000,ASSUMED x0.85 [asia_part_estimate]
218,24,PCS-PWR-4W: 24,ZXTP25040DFHTA,PNP 40 V 3 A (9 A pulse) low VCEsat: local Miller-hold follower at each gate,Diodes Incorporated,ZXTP25040DFHTA,SOT-23,ORDERABLE,docs/datasheets/power-semiconductors/ZXTP25040DFH.pdf,0.520000,12.4800,"estimate ZXTP25040DFHTA: ESTIMATE: no listing found; the Diodes PNP ZXTP23015CFHTA (SOT-23, low VCEsat, 3-4.5 A class) is 0.5158 USD at 1000+ on LCSC (C155252, 20...",medium,0.442000,ASSUMED x0.85 [asia_part_estimate]
219,2,PCS-PWR-4W: 2,36A gPV 14x51,"Varistor branch fuse CH14x51 gPV 36 A 1000 V DC, 30 kA (L/R 2 ms), pre-arc 450 A2s",ETI,002637115,14x51 cartridge in 2 x CH14-PCB clips,ORDERABLE,docs/datasheets/protection/ETI-Green-Protect.pdf,6.000000,12.0000,estimate 002637115: ESTIMATE: ETI CH14x51 gPV 36 A 1000 V d.c. fuse link (varistor branch fuse); ETI publishes no prices; engineering estimate for a 14x51 PV...,low,4.800000,ASSUMED x0.80 [protection_estimate]
220,4,PCS-PWR-4W: 4,006710340,Fuse clip CH14-PCB (two per varistor branch fuse),ETI,006710340,PCB clip for 14 mm cartridge,ORDERABLE,docs/datasheets/protection/ETI-Green-Protect.pdf,0.400000,1.6000,"estimate 006710340: ESTIMATE: ETI CH14-PCB fuse clip, no price found; engineering estimate for a plated PCB fuse clip",low,0.320000,ASSUMED x0.80 [protection_estimate]
221,1,PCS-CTL-4W: 1,GD25Q32ESIGR,"SPI NOR flash 32 Mbit (4 MB), 133 MHz, 100k cycles, 20 y retention, -40..85 C (fault recorder, images)",GigaDevice,GD25Q32ESIGR,SOP-8 208 mil,ORDERABLE,docs/datasheets/controllers/GD25Q32E.pdf,0.429400,0.4294,LCSC C2832998 @1000+ (2026-10-04),high,0.429400,REAL: LCSC C2832998 @1000+ break (annual qty 5000)
222,1,PCS-CTL-4W: 1,CBW160808U301T,Ferrite bead 300 R at 100 MHz (VDDA pi filter),Guangdong Fenghua Advanced Technology,CBW160808U301T,0603,ORDERABLE,docs/datasheets/magnetics/Fenghua-CBW.pdf,0.009600,0.0096,LCSC C139179 @500+ (2026-10-04),high,0.007900,REAL: LCSC C139179 @4000+ break (annual qty 5000)
223,1,PCS-CTL-4W: 1,HR913550AE,"RJ45 10/100BASE-T, integrated magnetics + Bob-Smith, green / yellow LED, -40..+85 C, 2250 V DC",HanRun (Zhongshan HanRun Elec),HR913550AE,"RJ45 THT right angle, 1:1 magnetics, 2 LEDs",ORDERABLE,docs/datasheets/connectors/HanRun-HR913550AE.pdf,0.816600,0.8166,LCSC C192706 @1000+ (2026-10-04),high,0.816600,REAL: LCSC C192706 @1000+ break (annual qty 5000)
224,1,PCS-CTL-4W: 1,HFD27/005-S,"Signal relay 2 Form C, 5 V 200 mW coil (125 ohm), 2 A 30 V DC / 1 A 125 V AC, 1500 V AC coil-contact, -40..85 C",Hongfa,HFD27/005-S,DIP-16 relay 20.2x10.2 mm,ORDERABLE,docs/datasheets/protection/Hongfa-HFD27.pdf,0.616200,0.6162,LCSC C23911 @1000+ (2026-10-04),high,0.616200,REAL: LCSC C23911 @1000+ break (annual qty 5000)
225,1,PCS-PWR-4W: 1,HFE82V-300C/1000-24-H-C5-1,"CHASSIS-MOUNTED main contactor 300 A 1000 VDC, no polarity, 24 V 6 W coil, no aux contact",Hongfa,HFE82V-300C/1000-24-H-C5-1,"chassis, M6 female + coil connector",ORDERABLE,docs/datasheets/protection/Hongfa-HFE82V-300C.pdf,57.500000,57.5000,"estimate HFE82V-300C/1000-24-H-C5-1: ESTIMATE: no price for the 1000 V / 24 V variant; the same HFE82V-300C is 57.50 USD at 10 in a made-in-china.com listing (indicative, pri...",low,46.000000,ASSUMED x0.80 [protection_estimate]
226,3,PCS-PWR-4W: 3,BSS126H6327XTSA2,"N-MOSFET 600 V depletion mode, IDSS >= 7 mA (HV start-up cascode)",Infineon,BSS126H6327XTSA2,SOT-23,ORDERABLE,docs/datasheets/power-semiconductors/BSS126.pdf,0.125600,0.3768,LCSC C534596 @500+ (2026-10-04),high,0.111800,REAL: LCSC C534596 @6000+ break (annual qty 15000)
227,1,PCS-PWR-4W: 1,IV2Q171R0D7Z,"SiC MOSFET 1700 V 1 Ohm, Kelvin source, AEC-Q101; alternate Sichain SG2M1K0170J2J (same pin-out)",InventChip,IV2Q171R0D7Z,TO-263-7,ORDERABLE,docs/datasheets/power-semiconductors/IV2Q171R0D7Z.pdf,2.500000,2.5000,"estimate IV2Q171R0D7Z: ESTIMATE (sim/out/aux_hv_design/aux75_block_cost.csv; architect's list 2.50): InventChip 1700 V 1 Ohm SiC MOSFET, not on LCSC, no public...",low,2.125000,ASSUMED x0.85 [asia_part_estimate]
228,36,PCS-PWR-4W: 36,FCSA3DS225K050IC90BE3,"PP film 2.2 uF 10 %, 1300 VDC (70 C) / 1100 VDC (85 C), Imax 3.9 A (85 C) / 5.2 A (70 C), peak 176 A, ESR 22.5 mOhm, Ls 25 nH, 80 V/us (leg decoupling)",Jianghai,FCSA3DS225K050IC90BE3,"2-pin 32 x 14 x 28 mm, pitch 27.5 mm",ORDERABLE,docs/datasheets/passives-capacitors/Jianghai-JE26-Film.pdf,0.450000,16.2000,"estimate FCSA3DS225K050IC90BE3: ESTIMATE (architect's list 0.45): Jianghai 2.2 uF 1300 VDC film, 12.5/19 cm3 x Faratronic 0.557 USD + 10 %; KEMET C4AQUBU4220A1YJ is EUR...",low,0.382500,ASSUMED x0.85 [asia_part_estimate]
229,2,PCS-PWR-4W: 2,3.3u 1300V,"Film capacitor 3.3 uF 1300 VDC, PP DC link, IEC 61071 (input surge absorber); was KEMET C4AQUBU4330A11J",Jianghai,FCSA3DS335K050ID90BE3,"radial 27.5 mm, 2 pins 5.0 mm, 32 x 28 x 18 mm",ORDERABLE,docs/datasheets/passives-capacitors/Jianghai-JE26-Film.pdf,1.500000,3.0000,"estimate FCSA3DS335K050ID90BE3: ESTIMATE (sim/out/aux_hv_design/aux75_block_cost.csv): Jianghai 3.3 uF 1300 VDC film (input surge absorber), scaled from the 2.2 uF estimate",low,1.275000,ASSUMED x0.85 [asia_part_estimate]
230,4,PCS-PWR-4W: 4,PCV1HVF101MB12FV-WE3,"Aluminium polymer capacitor 100 uF 50 V, ESR 25 mOhm, 3.8 A, 3000 h @ 105 C (JE26 p17); was Wurth 875115655003",Jianghai,PCV1HVF101MB12FV-WE3,SMD V-chip 8.0 x 12.2 mm,ORDERABLE,docs/datasheets/passives-capacitors/Jianghai-JE26-Polymer.pdf,0.300000,1.2000,"estimate PCV1HVF101MB12FV-WE3: ESTIMATE (sim/out/aux_hv_design/aux75_block_cost.csv 0.30): Jianghai polymer 100 uF 50 V, not in the mirror; the 35 V sibling PCR1VPF101M...",low,0.255000,ASSUMED x0.85 [asia_part_estimate]
231,1,PCS-CTL-4W: 1,SM712,RS-485 asymmetric TVS array -7/+12 V,MDD (Microdiode Semiconductor),SM712,SOT-23,ORDERABLE,docs/datasheets/protection/MDD-SM712.pdf,0.052800,0.0528,LCSC C502564 @600+ (2026-10-04),high,0.035200,REAL: LCSC C502564 @3000+ break (annual qty 5000)
232,5,PCS-PWR-4W: 5,SMBJ33A,"TVS 33 V unidirectional, relay coil clamp zener",MDD (Microdiode Semiconductor),SMBJ33A,SMB,ORDERABLE,docs/datasheets/protection/MDD-SMBJ-series.pdf,0.045100,0.2255,LCSC C173526 @1000+ (2026-10-04),high,0.028800,REAL: LCSC C173526 @9000+ break (annual qty 25000)
233,1,PCS-CTL-4W: 1,SMBJ36A,"TVS 600 W unidirectional, VRWM 36 V (SELV 24 V input)",MDD (Microdiode Semiconductor),SMBJ36A,SMB,ORDERABLE,docs/datasheets/protection/MDD-SMBJ-series.pdf,0.043200,0.0432,LCSC C114001 @1000+ (2026-10-04),high,0.043200,REAL: LCSC C114001 @1000+ break (annual qty 5000)
234,1,PCS-CTL-4W: 1,SMBJ58CA,"TVS 600 W bidirectional, VRWM 58 V (SELV 0 V to PE)",MDD (Microdiode Semiconductor),SMBJ58CA,SMB,ORDERABLE,docs/datasheets/protection/MDD-SMBJ-series.pdf,0.043200,0.0432,LCSC C114007 @1000+ (2026-10-04),high,0.043200,REAL: LCSC C114007 @1000+ break (annual qty 5000)
235,2,PCS-CTL-4W: 2,SS56,Schottky rectifier 60 V 5 A (buck catch diode),MDD (Microdiode Semiconductor),SS56,SMA (DO-214AC),ORDERABLE,docs/datasheets/power-semiconductors/MDD-SS5x.pdf,0.035000,0.0700,LCSC C65009 @1000+ (2026-10-04),high,0.026200,REAL: LCSC C65009 @10000+ break (annual qty 10000)
236,1,PCS-CTL-4W: 1,SRV05-4,"ESD array 4 lines + rail, VRWM 5 V, CJ <= 0.8 pF, IEC 61000-4-2 +/-12 kV contact (Ethernet MDI, chip side)",MSKSEMI,SRV05-4,SOT-23-6,ORDERABLE,docs/datasheets/protection/MSKSEMI-SRV05-4.pdf,0.020400,0.0204,LCSC C2836319 @600+ (2026-10-04),high,0.015500,REAL: LCSC C2836319 @3000+ break (annual qty 5000)
237,1,PCS-PWR-4W: 1,NCP15XH103F03RC,"NTC 10 k 1 % B25/50 3380 K (DC-link film bank, on board)",Murata,NCP15XH103F03RC,0402,ORDERABLE,docs/datasheets/sensing/Murata-NCP-NTC.pdf,0.017500,0.0175,LCSC C77131 @500+ (2026-10-04),high,0.016300,REAL: LCSC C77131 @1500+ break (annual qty 5000)
238,1,PCS-CTL-4W: 1,NCP15XH103F03RC,"NTC 10 k 1 % B25/50 3380 K (inlet air, on board)",Murata,NCP15XH103F03RC,0402,ORDERABLE,docs/datasheets/sensing/Murata-NCP-NTC.pdf,0.017500,0.0175,LCSC C77131 @500+ (2026-10-04),high,0.016300,REAL: LCSC C77131 @1500+ break (annual qty 5000)
239,8,PCS-PWR-4W: 8,NSI6651ASC-Q1SWR,"Isolated smart SiC gate driver 10 A, DESAT + soft turn-off, Miller clamp, FLT/RDY; reinforced VDE 0884-17 (40052820) VIORM 2121 Vpk, UL 1577 5.7 kVrms; AEC-Q100 grade 1. Alternate: NSI6651ASC-DSWR",NOVOSENSE,NSI6651ASC-Q1SWR,SOW-16 (10.3 x 7.5 mm),ORDERABLE,docs/datasheets/gate-drivers/NSI66x1A-Q1.pdf,2.977800,23.8224,LCSC C33959952 @1+ (2026-10-04) single-piece price,high,1.548456,ASSUMED x0.52 [single_piece_list]
240,1,PCS-PWR-4W: 1,2N7002BK,N-MOSFET 60 V 350 mA logic level,Nexperia,2N7002BK,SOT-23,ORDERABLE,docs/datasheets/power-semiconductors/2N7002BK.pdf,0.026500,0.0265,LCSC C282405 @1000+ (2026-10-04),high,0.026500,REAL: LCSC C282405 @1000+ break (annual qty 5000)
241,4,PCS-PWR-4W: 4,"2N7002BK,215",N-MOSFET 60 V 350 mA (logic switch),Nexperia,"2N7002BK,215",SOT-23,ORDERABLE,docs/datasheets/power-semiconductors/2N7002BK.pdf,0.026500,0.1060,LCSC C282405 @1000+ (2026-10-04),high,0.026400,REAL: LCSC C282405 @9000+ break (annual qty 20000)
242,1,PCS-CTL-4W: 1,"2N7002BK,215","N-MOSFET 60 V 350 mA, fan PWM open-drain driver",Nexperia,"2N7002BK,215",SOT-23,ORDERABLE,docs/datasheets/power-semiconductors/2N7002BK.pdf,0.026500,0.0265,LCSC C282405 @1000+ (2026-10-04),high,0.026500,REAL: the catalogue price is already the lowest published (LCSC C282405)
243,2,PCS-CTL-4W: 1; PCS-PWR-4W: 1,BAS16,"Switching diode 100 V 215 mA, low leakage",Nexperia,BAS16,SOT-23,ORDERABLE,docs/datasheets/protection/BAS16.pdf,0.007800,0.0156,LCSC C79997 @1000+ (2026-10-04),high,0.007800,REAL: LCSC C79997 @1000+ break (annual qty 10000)
244,1,PCS-PWR-4W: 1,"BAS16,215","Switching diode 100 V 215 mA, low leakage (timer latch)",Nexperia,"BAS16,215",SOT-23,ORDERABLE,docs/datasheets/protection/BAS16.pdf,0.007800,0.0078,LCSC C79997 @1000+ (2026-10-04),high,0.007800,REAL: LCSC C79997 @1000+ break (annual qty 5000)
245,24,PCS-PWR-4W: 24,BAT54,"Schottky diode 30 V 200 mA, trr <= 5 ns",Nexperia,BAT54,SOT-23,ORDERABLE,docs/datasheets/protection/BAT54.pdf,0.014300,0.3432,LCSC C85084 @1000+ (2026-10-04),high,0.014300,REAL: LCSC C85084 @1000+ break (annual qty 120000)
246,4,PCS-PWR-4W: 4,"BAT54,215",Schottky diode 30 V 200 mA,Nexperia,"BAT54,215",SOT-23,ORDERABLE,docs/datasheets/protection/BAT54.pdf,0.014300,0.0572,LCSC C85084 @1000+ (2026-10-04),high,0.014300,REAL: LCSC C85084 @1000+ break (annual qty 20000)
247,8,PCS-PWR-4W: 8,BAT54S,Dual series Schottky 30 V 200 mA (sense-node clamp to COM and VDD),Nexperia,BAT54S,SOT-23,ORDERABLE,docs/datasheets/protection/BAT54S.pdf,0.019900,0.1592,LCSC C47546 @1000+ (2026-10-04),high,0.019900,REAL: LCSC C47546 @1000+ break (annual qty 40000)
248,1,PCS-PWR-4W: 1,"BAT54S,215",Dual series Schottky 30 V (soft start: clamp + discharge),Nexperia,"BAT54S,215",SOT-23,ORDERABLE,docs/datasheets/protection/BAT54S.pdf,0.019900,0.0199,LCSC C47546 @1000+ (2026-10-04),high,0.019900,REAL: LCSC C47546 @1000+ break (annual qty 5000)
249,1,PCS-PWR-4W: 1,"BC817-25,215",NPN 45 V 500 mA (VDD emitter follower),Nexperia,"BC817-25,215",SOT-23,ORDERABLE,docs/datasheets/power-semiconductors/BC817.pdf,0.024100,0.0241,LCSC C39828 @300+ (2026-10-04),high,0.020900,REAL: LCSC C39828 @3000+ break (annual qty 5000)
250,9,PCS-PWR-4W: 9,BSS138BK,N-MOSFET 60 V 360 mA,Nexperia,BSS138BK,SOT-23,ORDERABLE,docs/datasheets/power-semiconductors/BSS138BK.pdf,0.038300,0.3447,LCSC C282529 @1000+ (2026-10-04),high,0.038300,REAL: LCSC C282529 @1000+ break (annual qty 45000)
251,1,PCS-PWR-4W: 1,"BZX84-A18,215",Zener 18 V 1 % (VDD follower reference = SiC gate drive),Nexperia,"BZX84-A18,215",SOT-23,ORDERABLE,docs/datasheets/protection/BZX84.pdf,0.582100,0.5821,"estimate BZX84-A18,215: ESTIMATE: LCSC lists the 1 % A-series BZX84-A18,215 from 0.5821 USD (web-search result 2026-10-04, single piece); sim/out/aux_hv_design/a...",low,0.494785,ASSUMED x0.85 [asia_part_estimate]
252,17,PCS-PWR-4W: 17,BZX84-B10,Zener 10 V 2 % 250 mW (SC trigger level / booster gate clamp),Nexperia,BZX84-B10,SOT-23,ORDERABLE,docs/datasheets/protection/BZX84.pdf,0.026700,0.4539,LCSC C454956 @300+ (2026-10-04),high,0.020100,REAL: LCSC C454956 @9000+ break (annual qty 85000)
253,48,PCS-PWR-4W: 48,"BZX84-B20,215","Zener 20 V 2 % 250 mW (gate clamp, positive, +18 V rail)",Nexperia,"BZX84-B20,215",SOT-23,ORDERABLE,docs/datasheets/protection/BZX84.pdf,0.019400,0.9312,"estimate BZX84-B20,215: ESTIMATE: no break table for this voltage in the mirror (LCSC lists it, 840 pcs, 0.0428 at qty 1); the same 2 % B-series BZX84-B18,215 is...",medium,0.016490,ASSUMED x0.85 [asia_part_estimate]
254,1,PCS-PWR-4W: 1,"BZX84-B20,215",Zener 20 V 2 % (VDD / gate over-voltage clamp),Nexperia,"BZX84-B20,215",SOT-23,ORDERABLE,docs/datasheets/protection/BZX84.pdf,0.019400,0.0194,"estimate BZX84-B20,215: ESTIMATE: no break table for this voltage in the mirror (LCSC lists it, 840 pcs, 0.0428 at qty 1); the same 2 % B-series BZX84-B18,215 is...",medium,0.016490,ASSUMED x0.85 [asia_part_estimate]
255,16,PCS-PWR-4W: 16,BZX84-B3V3,Zener 3.3 V 2 % 250 mW (clamp-FET gate supply / trigger shift),Nexperia,BZX84-B3V3,SOT-23,ORDERABLE,docs/datasheets/protection/BZX84.pdf,0.050200,0.8032,LCSC C182377 @1000+ (2026-10-04),high,0.050200,REAL: the catalogue price is already the lowest published (LCSC C182377)
256,1,PCS-PWR-4W: 1,"BZX84-B3V3,215",Zener 3.3 V 2 % (PG buffer rail),Nexperia,"BZX84-B3V3,215",SOT-23,ORDERABLE,docs/datasheets/protection/BZX84.pdf,0.050200,0.0502,LCSC C182377 @1000+ (2026-10-04),high,0.050200,REAL: the catalogue price is already the lowest published (LCSC C182377)
257,48,PCS-PWR-4W: 48,BZX84-B4V7,"Zener 4.7 V 2 % 250 mW (gate clamp, negative, -3/-3.5 V rail)",Nexperia,BZX84-B4V7,SOT-23,ORDERABLE,docs/datasheets/protection/BZX84.pdf,0.057000,2.7360,LCSC C426829 @500+ (2026-10-04),high,0.047900,REAL: LCSC C426829 @6000+ break (annual qty 240000)
258,8,PCS-PWR-4W: 8,BZX84-B5V6,"Zener 5.6 V 2 % 250 mW (gate clamp, negative)",Nexperia,BZX84-B5V6,SOT-23,ORDERABLE,docs/datasheets/protection/BZX84.pdf,0.028800,0.2304,LCSC C183269 @300+ (2026-10-04),high,0.021700,REAL: LCSC C183269 @9000+ break (annual qty 40000)
259,1,PCS-PWR-4W: 1,"BZX84-B6V8,215",Zener 6.8 V 2 % (foldback threshold),Nexperia,"BZX84-B6V8,215",SOT-23,ORDERABLE,docs/datasheets/protection/BZX84.pdf,0.014500,0.0145,"estimate BZX84-B6V8,215: ESTIMATE: no LCSC listing found for this voltage; the 2 % B-series BZX84-B12,215 is 0.0145 USD at 600+ on LCSC (C282540, 2026-10-04), sam...",medium,0.012325,ASSUMED x0.85 [asia_part_estimate]
260,1,PCS-PWR-4W: 1,BZX84-C15,Zener 15 V 250 mW,Nexperia,BZX84-C15,SOT-23,ORDERABLE,docs/datasheets/protection/BZX84.pdf,0.045300,0.0453,LCSC C143972 @500+ (2026-10-04),high,0.040100,REAL: LCSC C143972 @3000+ break (annual qty 5000)
261,2,PCS-CTL-4W: 2,"BZX84-C5V1,215",Zener 5.1 V 5 % 250 mW (ENABLE input clamp),Nexperia,"BZX84-C5V1,215",SOT-23,ORDERABLE,docs/datasheets/protection/BZX84.pdf,0.030000,0.0600,LCSC C294621 @300+ (2026-10-04),high,0.021500,REAL: LCSC C294621 @9000+ break (annual qty 10000)
262,16,PCS-PWR-4W: 16,"MMBT3904,215",NPN 40 V 200 mA (clamp release / SC trigger),Nexperia,"MMBT3904,215",SOT-23,ORDERABLE,docs/datasheets/power-semiconductors/Nexperia-MMBT3904.pdf,0.019200,0.3072,LCSC C426835 @600+ (2026-10-04),high,0.014000,REAL: LCSC C426835 @21000+ break (annual qty 80000)
263,8,PCS-PWR-4W: 8,"MMBT3906,215",PNP 40 V 200 mA (clamp inverter / SC booster),Nexperia,"MMBT3906,215",SOT-23,ORDERABLE,docs/datasheets/power-semiconductors/Nexperia-MMBT3906.pdf,0.042000,0.3360,LCSC C75549 @300+ (2026-10-04),high,0.034200,REAL: LCSC C75549 @9000+ break (annual qty 40000)
264,8,PCS-PWR-4W: 8,"PBSS5540X,135","PNP 40 V 4 A low VCEsat, AEC-Q101: pass transistor of the per-channel bias regulator",Nexperia,"PBSS5540X,135",SOT-89,ORDERABLE,docs/datasheets/power-semiconductors/Nexperia-PBSS5540X.pdf,0.245700,1.9656,LCSC C455078 @1000+ (2026-10-04),high,0.245700,REAL: LCSC C455078 @1000+ break (annual qty 40000)
265,80,PCS-PWR-4W: 80,PMEG4010CEJ,Schottky rectifier 40 V 1 A low Vf,Nexperia,PMEG4010CEJ,SOD-323F,ORDERABLE,https://www.nexperia.com/product/PMEG4010CEJ,0.302600,24.2080,LCSC C50704 @1000+ (2026-10-04),high,0.302600,REAL: LCSC C50704 @1000+ break (annual qty 400000)
266,57,PCS-PWR-4W: 57,PMV30ENEAR,"N-MOSFET 40 V 4.8 A (19 A pulse), <= 40 mOhm at VGS 4.5 V, AEC-Q101: Miller clamp / SC booster",Nexperia,PMV30ENEAR,SOT-23,ORDERABLE,docs/datasheets/power-semiconductors/Nexperia-PMV30ENEA.pdf,0.094700,5.3979,LCSC C553092 @500+ (2026-10-04),high,0.084000,REAL: LCSC C553092 @6000+ break (annual qty 285000)
267,1,PCS-PWR-4W: 1,PMV30ENEAR,N-MOSFET 40 V 4.8 A: coil economiser bypass (pull-in),Nexperia,PMV30ENEAR,SOT-23,ORDERABLE,docs/datasheets/power-semiconductors/Nexperia-PMV30ENEA.pdf,0.094700,0.0947,LCSC C553092 @500+ (2026-10-04),high,0.086800,REAL: LCSC C553092 @3000+ break (annual qty 5000)
268,2,PCS-PWR-4W: 2,G7L-2A-X DC24,"Precharge relay DPST-NO, poles in series: 25 A @ 1000 VDC normal polarity only, 24 V coil 250 ohm",Omron,G7L-2A-X DC24,PCB relay 52.5x35.5 mm,ORDERABLE,docs/datasheets/protection/G7L-X.pdf,12.710000,25.4200,"estimate G7L-2A-X DC24: ESTIMATE: no price for the -X variant; DigiKey G7L-2A-BUBJ-CB-IN DC24 is 12.71 USD at 260+, Mouser G7L-2A-P-PV-DC24 is 10.18 USD at 260 (...",low,10.168000,ASSUMED x0.80 [protection_estimate]
269,1,PCS-PWR-4W: 1,N-C-644025,"CHASSIS nanocrystalline ring core 64/40/25 mm (cased), mu_i 70000 / 24000 +/-30 %: one turn of BOTH conductors of the port = CM choke for 150 kHz-30 MHz (ARCHITECTURE 8.1); pins = conductors",Qingdao Yunlu,N-C-644025,"ring 67/37/29 mm cased, on both port conductors",ORDERABLE,docs/datasheets/magnetics/Yunlu-Nanocrystalline-Cores.pdf,10.900000,10.9000,"estimate N-C-644025: ESTIMATE (sim/magnetics.py design_port_cm_choke.json rev M2, D-048): cased flat-mu nanocrystalline ring, 0.27 kg at 20 USD/kg 6.93 + case...",low,9.265000,ASSUMED x0.85 [custom_magnetic_large]
270,2,PCS-PWR-4W: 2,35ZLH1500MEFC12.5X30,"Aluminium electrolytic 1500 uF 35 V, low Z, 10000 h @ 105 C (AUX75 live hold-up)",Rubycon,35ZLH1500MEFC12.5X30,"radial 12.5 x 30 mm, 5.0 mm pitch",ORDERABLE,docs/datasheets/passives-capacitors/Rubycon-ZLH.pdf,0.270000,0.5400,"estimate 35ZLH1500MEFC12.5X30: ESTIMATE: Rubycon 1500 uF 35 V, this can size not in the mirror; the same value and series in 16x20 mm, 35ZLH1500MEFC16X20, is 0.2734 USD...",medium,0.229500,ASSUMED x0.85 [asia_part_estimate]
271,1,PCS-CTL-4W: 1,FXL0530-220-M,"Power inductor 22 uH 20 %, Isat 2.0 A, Irms 1.5 A, 248 mOhm (SELV 5 V)",SZ Cjiang Technology,FXL0530-220-M,5.4x5.2x3.0 mm molded,ORDERABLE,docs/datasheets/magnetics/Cjiang-FXL.pdf,0.069800,0.0698,estimate FXL0530-220-M: ESTIMATE: not in the mirror; the same-series FXL0630-220-M (22 uH) is 0.0698 USD at 500-4499 on LCSC (C177244),medium,0.059330,ASSUMED x0.85 [asia_part_estimate]
272,1,PCS-CTL-4W: 1,FXL0840-330-M,"Power inductor 33 uH 20 %, Isat 3.3 A, Irms 3.0 A, 156 mOhm (fan supply)",SZ Cjiang Technology,FXL0840-330-M,8.0x8.0x4.0 mm molded,ORDERABLE,docs/datasheets/magnetics/Cjiang-FXL.pdf,0.149100,0.1491,"estimate FXL0840-330-M: ESTIMATE: not in the mirror; the same-series FXL1040-330-M (33 uH, larger case) is 0.1491 USD at 500-4999 on LCSC (C475918)",medium,0.126735,ASSUMED x0.85 [asia_part_estimate]
273,2,PCS-PWR-4W: 2,0090.1001,"Fuse 1 A 1000 VDC gPV, 20 kA breaking, PCB pins (one per DC port, behind 2 x 22 R)",Schurter,0090.1001,"10.3 x 38 mm, PCB pins",ORDERABLE,docs/datasheets/protection/ASO-0090.1001.pdf,3.000000,6.0000,"estimate 0090.1001: ESTIMATE: Schurter 1 A 1000 VDC gPV 10x38 mm PCB fuse, no readable price; engineering estimate for a PV-rated cartridge fuse",low,2.400000,ASSUMED x0.80 [protection_estimate]
274,1,PCS-CTL-4W: 1,X1G0041710033,"SPXO SG-210STF 25.000000 MHz L, CMOS 1.6-3.63 V, +/-50 ppm, -40..85 C",Seiko Epson,X1G0041710033,SMD 2.5x2.0 mm 4-pad,ORDERABLE,docs/datasheets/timing/Epson-SG-210STF.pdf,0.262000,0.2620,LCSC C70560 @1000+ (2026-10-04),high,0.262000,REAL: LCSC C70560 @1000+ break (annual qty 5000)
275,48,PCS-PWR-4W: 48,SG2M040170HJ,"SiC MOSFET 1700 V 40 mOhm, TO-247-4L with driver source, VGS -8/+22 V abs, -4/+18 V op; no qualification stated (Sichain p14: consult for high reliability). Mount on PAD_AL2O3 (0.635 mm Al2O3, pcs_spec R_cs). ACCEPTANCE per switch: R_DS(on) of the six devices of one switch within +/-5 % of their mean at V_GS 18 V, I_D 38 A pulsed (< 200 us), T_J 25 C (incoming measurement or the maker's bin; the data sheet allows 40 typ / 52 max mOhm) - bounds the conduction share at k <= 1.086; V_GS(th) within +/-0.25 V (V_DS = V_GS, I_D 12 mA, 25 C; data-sheet spread 2.5-4.0 V) for the switching share; one lot per switch; ABSOLUTE: R_DS(on) <= 40.0 mOhm for each device at V_GS 18 V, I_D 38 A pulsed (< 200 us), T_J 25 C - the same incoming measurement as the +/-5 % matching rule (no extra test, no extra hardware); data sheet 40 typ / 52 max: parts between 40.0 and 52 mOhm are not scrapped - a switch with any of them makes the module an 'unscreened' build that runs the derated firmware tiers (200 ms 209 A, 2 min 209 A; parameter by lot)",Sichain,SG2M040170HJ,TO-247-4L (tab = drain),ORDERABLE,docs/datasheets/power-semiconductors/SG2M040170HJ.pdf,5.070900,243.4032,LCSC C42456100 @90+ (2026-10-04),high,4.310265,ASSUMED x0.85 [short_table]
276,4,PCS-PWR-4W: 4,STK-250HO/4,"Open-loop Hall current sensor, I_PN 250 A rms, I_PM +/-625 A, 3.2 mV/A around Uref 2.5 V (own pin) at Vcc 5 V, 200 kHz, step response <= 2 us; 4.3 kV rms / 8 kV impulse, > 8 mm, CTI 600 (L1 -> C_f busbar)",Sinomags Technology,STK-250HO/4,"screw mount 40.8 x 32.1 mm, aperture 15 x 8 mm busbar, 5-pin 2 mm connector",ORDERABLE,docs/datasheets/sensing/Sinomags-STK-HO-4.pdf,6.000000,24.0000,"estimate STK-250HO/4: ESTIMATE: no LCSC listing and no published Sinomags price (PCM-20); basis LEM HO 250-S, the Western fallback with the same 15 x 8 mm aper...",low,5.100000,ASSUMED x0.85 [asia_part_estimate]
277,16,PCS-PWR-4W: 16,US1MH,"Ultrafast rectifier 1000 V 1 A trr 75 ns, AEC-Q101 (DESAT string)",Taiwan Semiconductor,US1MH,SMA (DO-214AC),ORDERABLE,docs/datasheets/power-semiconductors/TSC-US1xH.pdf,0.032600,0.5216,"estimate US1MH: ESTIMATE: Taiwan Semiconductor US1MH (SMA, 1 kV, 75 ns): LCSC lists it from 0.0326 USD (C17442259) but out of stock, so no break table; w...",medium,0.027710,ASSUMED x0.85 [asia_part_estimate]
278,16,PCS-PWR-4W: 16,ATL431BIDBZR,"Shunt reference 2.5 V +/-1 %, 36 V: bias regulator and COM split",Texas Instruments,ATL431BIDBZR,SOT-23-3 (DBZ),ORDERABLE,docs/datasheets/power-supply/ATL431.pdf,0.208000,3.3280,TI.com ATL431BIDBZR @1000+ (2026-10-04),high,0.208000,REAL: TI.com ATL431BIDBZR @1000+ break (annual qty 80000)
279,1,PCS-PWR-4W: 1,ATL431BIDBZR,"Shunt reference 2.5 V 0.5 %, Ika(min) 35 uA, 36 V",Texas Instruments,ATL431BIDBZR,SOT-23-3 (DBZ),ORDERABLE,docs/datasheets/power-supply/ATL431.pdf,0.208000,0.2080,TI.com ATL431BIDBZR @1000+ (2026-10-04),high,0.208000,REAL: TI.com ATL431BIDBZR @1000+ break (annual qty 5000)
280,1,PCS-CTL-4W: 1,ESD2CAN24DBZRQ1,2-channel 24 V CAN bus ESD/TVS diode,Texas Instruments,ESD2CAN24DBZRQ1,SOT-23 (DBZ),ORDERABLE,docs/datasheets/protection/ESD2CAN24-Q1.pdf,0.169400,0.1694,LCSC C5736151 @500+ (2026-10-04),high,0.162800,REAL: LCSC C5736151 @3000+ break (annual qty 5000)
281,1,PCS-CTL-4W: 1,F280039CSPZR,"TMS320F280039C C28x + CLA 120 MHz, 384 kB flash, 16 ePWM, 3 x 12-bit ADC, 4 CMPSS, DCAN + MCAN, 100-pin PZ, -40..125 C",Texas Instruments,F280039CSPZR,LQFP-100 (PZ) 14x14 mm,ORDERABLE,docs/datasheets/controllers/TMS320F28003x.pdf,4.395000,4.3950,TI.com F280039CSPZR @1000+ (2026-10-04),high,4.395000,REAL: TI.com F280039CSPZR @1000+ break (annual qty 5000)
282,2,PCS-PWR-4W: 2,LMR38020FDDAR,"Sync buck 4.2-80 V in, 2 A, FPWM, 1.0 V ref, PG",Texas Instruments,LMR38020FDDAR,SO-8 PowerPAD (DDA),ORDERABLE,docs/datasheets/power-supply/LMR38020.pdf,1.672000,3.3440,TI.com LMR38020FDDAR @1000+ (2026-10-04),high,1.672000,REAL: TI.com LMR38020FDDAR @1000+ break (annual qty 10000)
283,9,PCS-PWR-4W: 9,OPA2388IDR,"Dual zero-drift RRIO op amp, 10 MHz, 2.5-5.5 V",Texas Instruments,OPA2388IDR,SOIC-8 (D),ORDERABLE,docs/datasheets/sensing/OPA4388.pdf,1.475000,13.2750,TI.com OPA2388IDR @1000+ (2026-10-04),high,1.475000,REAL: TI.com OPA2388IDR @1000+ break (annual qty 45000)
284,2,PCS-CTL-4W: 1; PCS-PWR-4W: 1,REF3030EAIDBZR,Voltage reference 3.0 V 0.1 % 15 ppm/K (hold threshold),Texas Instruments,REF3030EAIDBZR,SOT-23-3 (DBZ),ORDERABLE,docs/datasheets/sensing/REF3030.pdf,0.600000,1.2000,estimate REF3030EAIDBZR: ESTIMATE: E grade not listed on ti.com; REF3030AIDBZT is 0.60 USD and REF3030AIDBZR 0.50 USD at 1ku (ti.com 2026-10-04); the dearer taken,medium,0.510000,ASSUMED x0.85 [asia_part_estimate]
285,4,PCS-PWR-4W: 4,SN6505BDBVR,"Push-pull transformer driver, 1 A, 420 kHz, soft start",Texas Instruments,SN6505BDBVR,SOT-23-6 (DBV),ORDERABLE,docs/datasheets/power-supply/SN6505B.pdf,0.926000,3.7040,TI.com SN6505BDBVR @1000+ (2026-10-04),high,0.926000,REAL: TI.com SN6505BDBVR @1000+ break (annual qty 20000)
286,11,PCS-PWR-4W: 11,SN74AHCT1G08DBVR,"Single 2-input AND gate, 5 V, TTL inputs: EN_DRV -> EN_GD at the NSI6651 RST/EN level",Texas Instruments,SN74AHCT1G08DBVR,SOT-23-5 (DBV),ORDERABLE,docs/datasheets/isolation-interface/SN74AHCT1G08.pdf,0.040000,0.4400,TI.com SN74AHCT1G08DBVR @1000+ (2026-10-04),high,0.040000,REAL: TI.com SN74AHCT1G08DBVR @1000+ break (annual qty 55000)
287,1,PCS-CTL-4W: 1,SN74LVC07APWR,"Hex buffer, open-drain outputs, 5 V tolerant inputs, Ioff (trip wired-AND)",Texas Instruments,SN74LVC07APWR,TSSOP-14 (PW),ORDERABLE,docs/datasheets/isolation-interface/SN74LVC07A.pdf,0.128000,0.1280,TI.com SN74LVC07APWR @1000+ (2026-10-04),high,0.128000,REAL: TI.com SN74LVC07APWR @1000+ break (annual qty 5000)
288,6,PCS-CTL-4W: 6,SN74LVC08APWR,Quad 2-input AND,Texas Instruments,SN74LVC08APWR,TSSOP-14 (PW),ORDERABLE,docs/datasheets/isolation-interface/SN74LVC08A.pdf,0.117000,0.7020,TI.com SN74LVC08APWR @1000+ (2026-10-04),high,0.117000,REAL: TI.com SN74LVC08APWR @1000+ break (annual qty 30000)
289,4,PCS-PWR-4W: 4,SN74LVC1G11DBVR,Single 3-input AND,Texas Instruments,SN74LVC1G11DBVR,SOT-23-6 (DBV),ORDERABLE,docs/datasheets/isolation-interface/SN74LVC1G11.pdf,0.104000,0.4160,TI.com SN74LVC1G11DBVR @1000+ (2026-10-04),high,0.104000,REAL: TI.com SN74LVC1G11DBVR @1000+ break (annual qty 20000)
290,1,PCS-CTL-4W: 1,SN74LVC1G123DCUR,"Retriggerable monostable, Schmitt inputs (heartbeat watchdog)",Texas Instruments,SN74LVC1G123DCUR,VSSOP-8 (DCU),ORDERABLE,docs/datasheets/isolation-interface/SN74LVC1G123.pdf,0.789100,0.7891,LCSC C352969 @1000+ (2026-10-04),high,0.789100,REAL: LCSC C352969 @1000+ break (annual qty 5000)
291,8,PCS-PWR-4W: 8,SN74LVC1G17DBVR,"Single Schmitt-trigger buffer, 3.3 V",Texas Instruments,SN74LVC1G17DBVR,SOT-23-5 (DBV),ORDERABLE,docs/datasheets/isolation-interface/SN74LVC1G17.pdf,0.054200,0.4336,LCSC C7836 @500+ (2026-10-04),high,0.050600,REAL: LCSC C7836 @6000+ break (annual qty 40000)
292,4,PCS-CTL-4W: 1; PCS-PWR-4W: 3,SN74LVC1G32DBVR,Single 2-input OR,Texas Instruments,SN74LVC1G32DBVR,SOT-23-5 (DBV),ORDERABLE,docs/datasheets/isolation-interface/SN74LVC1G32.pdf,0.030000,0.1200,TI.com SN74LVC1G32DBVR @1000+ (2026-10-04),high,0.030000,REAL: TI.com SN74LVC1G32DBVR @1000+ break (annual qty 20000)
293,1,PCS-CTL-4W: 1,SN74LVC1G74DCUR,D flip-flop with async preset / clear,Texas Instruments,SN74LVC1G74DCUR,VSSOP-8 (DCU),ORDERABLE,docs/datasheets/isolation-interface/SN74LVC1G74.pdf,0.187000,0.1870,TI.com SN74LVC1G74DCUR @1000+ (2026-10-04),high,0.187000,REAL: TI.com SN74LVC1G74DCUR @1000+ break (annual qty 5000)
294,1,PCS-PWR-4W: 1,TLV3202AIDGKR,"Dual comparator 40 ns, 40 uA/ch, push-pull, rail-to-rail inputs",Texas Instruments,TLV3202AIDGKR,VSSOP-8 (DGK),ORDERABLE,docs/datasheets/sensing/TLV3202.pdf,0.515800,0.5158,LCSC C478075 @1000+ (2026-10-04),high,0.515800,REAL: LCSC C478075 @1000+ break (annual qty 5000)
295,4,PCS-PWR-4W: 4,TLV3502AIDCNR,Dual comparator rail-to-rail push-pull: over-current detect for the contactor hold,Texas Instruments,TLV3502AIDCNR,SOT-23-8 (DCN),ORDERABLE,docs/datasheets/sensing/TLV3502.pdf,1.448000,5.7920,LCSC C48618 @1000+ (2026-10-04),high,1.448000,REAL: LCSC C48618 @1000+ break (annual qty 20000)
296,5,PCS-CTL-4W: 5,TLV9024PWR,"Quad comparator, open drain, rail-to-rail input, VOS +/-2 mV (-40..125 C), 30 uA/ch, 1.65-5.5 V",Texas Instruments,TLV9024PWR,TSSOP-14 (PW),ORDERABLE,docs/datasheets/sensing/TLV9024.pdf,,,UNPRICED,none,,UNPRICED
297,2,PCS-CTL-4W: 2,TLV9024PWR (four-wire only),"Quad comparator, open drain, rail-to-rail input, VOS +/-2 mV (-40..125 C), 30 uA/ch, 1.65-5.5 V",Texas Instruments,TLV9024PWR,TSSOP-14 (PW),ORDERABLE,docs/datasheets/sensing/TLV9024.pdf,,,UNPRICED,none,,UNPRICED
298,1,PCS-CTL-4W: 1,TLV9064IPWR,"Quad RRIO CMOS op amp 10 MHz, 1.8-5.5 V",Texas Instruments,TLV9064IPWR,TSSOP-14 (PW),ORDERABLE,docs/datasheets/sensing/TLV9064.pdf,0.605000,0.6050,TI.com TLV9064IPWR @1+ (2026-10-04) single-piece price,high,0.314600,ASSUMED x0.52 [single_piece_list]
299,1,PCS-CTL-4W: 1,TMUX1208PWR,"8:1 analog multiplexer, 1.08-5.5 V, low leakage",Texas Instruments,TMUX1208PWR,TSSOP-16 (PW),ORDERABLE,docs/datasheets/sensing/TMUX1208.pdf,0.227000,0.2270,TI.com TMUX1208PWR @1000+ (2026-10-04),high,0.227000,REAL: TI.com TMUX1208PWR @1000+ break (annual qty 5000)
300,1,PCS-PWR-4W: 1,TPS3700DDCR,"Window voltage detector, 400 mV, two open-drain outputs",Texas Instruments,TPS3700DDCR,SOT-6 (DDC),ORDERABLE,docs/datasheets/power-supply/TPS3700.pdf,0.920000,0.9200,TI.com TPS3700DDCR @1000+ (2026-10-04),high,0.920000,REAL: TI.com TPS3700DDCR @1000+ break (annual qty 5000)
301,1,PCS-PWR-4W: 1,TPS3710DDCR,"Voltage detector 400 mV 1 %, open-drain output, 1.8-18 V",Texas Instruments,TPS3710DDCR,SOT-23-6 (DDC),ORDERABLE,docs/datasheets/power-supply/TPS3710.pdf,0.618300,0.6183,LCSC C140262 @1000+ (2026-10-04),high,0.618300,REAL: LCSC C140262 @1000+ break (annual qty 5000)
302,1,PCS-PWR-4W: 1,TPS3710DDCR,"Voltage detector 400 mV, open drain",Texas Instruments,TPS3710DDCR,SOT-6 (DDC),ORDERABLE,docs/datasheets/power-supply/TPS3710.pdf,0.618300,0.6183,LCSC C140262 @1000+ (2026-10-04),high,0.618300,REAL: LCSC C140262 @1000+ break (annual qty 5000)
303,1,PCS-CTL-4W: 1,TPS3828-33DBVR,"Supervisor 2.93 V + watchdog 1.6 s, open-drain reset 200 ms",Texas Instruments,TPS3828-33DBVR,SOT-23-5 (DBV),ORDERABLE,docs/datasheets/power-supply/TPS3823.pdf,0.278000,0.2780,TI.com TPS3828-33DBVR @1000+ (2026-10-04),high,0.278000,REAL: TI.com TPS3828-33DBVR @1000+ break (annual qty 5000)
304,2,PCS-CTL-4W: 2,TPS54360BDDAR,"Buck 4.5-60 V in, 3.5 A, current mode, EN 1.2 V threshold, 0.8 V 1 % reference",Texas Instruments,TPS54360BDDAR,HSOIC-8 PowerPAD (DDA),ORDERABLE,docs/datasheets/power-supply/TPS54360B.pdf,1.829000,3.6580,TI.com TPS54360BDDAR @1000+ (2026-10-04),high,1.829000,REAL: TI.com TPS54360BDDAR @1000+ break (annual qty 10000)
305,1,PCS-PWR-4W: 1,TPS62130RGTR,"Sync buck 3-17 V in, 3 A, adjustable (VFB 0.8 V)",Texas Instruments,TPS62130RGTR,VQFN-16 3x3 (RGT),ORDERABLE,docs/datasheets/power-supply/TPS62130.pdf,0.728900,0.7289,LCSC C43590 @1000+ (2026-10-04),high,0.728900,REAL: LCSC C43590 @1000+ break (annual qty 5000)
306,1,PCS-CTL-4W: 1,TPS7A2033PDBVR,"LDO 3.3 V 300 mA, +/-1.5 % over line, load, temperature",Texas Instruments,TPS7A2033PDBVR,SOT-23-5 (DBV),ORDERABLE,docs/datasheets/power-supply/TPS7A20.pdf,0.140100,0.1401,LCSC C2862740 @500+ (2026-10-04),high,0.134400,REAL: LCSC C2862740 @3000+ break (annual qty 5000)
307,1,PCS-PWR-4W: 1,UCC28C59QDRQ1,"Current-mode PWM controller for SiC, UVLO 16/12.5 V, max duty 48 %, AEC-Q100",Texas Instruments,UCC28C59QDRQ1,SOIC-8 (D),ORDERABLE,docs/datasheets/power-supply/UCC28C58-Q1.pdf,0.920000,0.9200,TI.com UCC28C59QDRQ1 @1000+ (2026-10-04),high,0.920000,REAL: TI.com UCC28C59QDRQ1 @1000+ break (annual qty 5000)
308,7,PCS-PWR-4W: 7,TVT25751KFKG,"Thermally protected varistor 615 VDC, Vc 1240 V @ 150 A, Imax 25 kA, thermal link + monitor lead",Thinking Electronic,TVT25751KFKG,"25 mm disc, 3 leads, potted",ORDERABLE,docs/datasheets/protection/Thinking-TVT-Series.pdf,1.200000,8.4000,"estimate TVT25751KFKG: ESTIMATE: Thinking TVT25751 25 mm potted thermally protected varistor with monitor lead; no public price (LCSC mirror, web search 2026-10...",low,0.960000,ASSUMED x0.80 [protection_estimate]
309,6,PCS-CTL-4W: 6,4 x 10k,"Resistor array 4 x 10k 5 % 1/16 W 50 V, isolated (pull-downs on MCU command lines)",Uniroyal Electronics (UniOhm),4D03WGJ0103T5E,0603x4 concave,ORDERABLE,docs/datasheets/passives-capacitors/UniOhm-resistor-array.pdf,0.008200,0.0492,LCSC C29718 @1000+ (2026-10-04),high,0.006800,REAL: LCSC C29718 @10000+ break (annual qty 30000)
310,66,PCS-PWR-4W: 66,1M,HV chip resistor 1.00 M 0.1 % 25 ppm/K,Viking Tech,ARHV06BTC1004A,1206,ORDERABLE,docs/datasheets/passives-capacitors/Viking-ARHV-A.pdf,0.250000,16.5000,"estimate ARHV06BTC1004A: ESTIMATE (architect's list gen/data/costfirst_bom.csv, 0.25 USD): Viking RFQ, drop-in for Vishay TNPV12061M00BEEA 1.03 USD (alternates.cs...",low,0.212500,ASSUMED x0.85 [asia_part_estimate]
311,16,PCS-PWR-4W: 16,124k,HV chip resistor 124 k 0.1 % 25 ppm/K,Viking Tech,ARHV13BTC1243A,1210,ORDERABLE,docs/datasheets/passives-capacitors/Viking-ARHV-A.pdf,0.300000,4.8000,"estimate ARHV13BTC1243A: ESTIMATE (architect's list gen/data/costfirst_bom.csv, 0.30 USD): Viking RFQ, drop-in for Vishay TNPV1210124KBEEA 0.80 USD est. (alternat...",low,0.255000,ASSUMED x0.85 [asia_part_estimate]
312,10,PCS-PWR-4W: 10,BYG10Y-E3/TR,"Avalanche rectifier 1600 V 1.5 A, standard recovery",Vishay,BYG10Y-E3/TR,SMA (DO-214AC),ORDERABLE,docs/datasheets/power-semiconductors/BYG10Y.pdf,0.084000,0.8400,LCSC C97584 @500+ (2026-10-04),high,0.071100,REAL: LCSC C97584 @5400+ break (annual qty 50000)
313,1,PCS-PWR-4W: 1,CNY65B,"Optocoupler phototransistor, reinforced, VIOTM 12 kV, creepage >= 14 mm: varistor-network monitor",Vishay,CNY65B,DIP-4 HV 600 mil (15.24 mm),ORDERABLE,docs/datasheets/isolation-interface/CNY65.pdf,1.137200,1.1372,LCSC C118289 @990+ (2026-10-04),high,0.966620,ASSUMED x0.85 [short_table]
314,72,PCS-PWR-4W: 72,15R,"Pulse-proof thick film 2512 15.0 ohm 1 %, 1.5 W at 70 C, 500 V (leg damper)",Vishay,CRCW251215R0FKEGHP,2512,ORDERABLE,docs/datasheets/passives-capacitors/CRCW-HP.pdf,0.140000,10.0800,"estimate CRCW251215R0FKEGHP: ESTIMATE: Vishay CRCW251210R0FKEG (same 2512 series, 10 R) is 0.1102 USD at 500+ on LCSC (C844885); the pulse-proof HP version taken at +...",medium,0.119000,ASSUMED x0.85 [asia_part_estimate]
315,4,PCS-PWR-4W: 4,10M,"Resistor 10 M 1 % 2512 high-voltage thick film, 3000 V",Vishay,CRHV2512AF10M0FKFB,2512,ORDERABLE,docs/datasheets/passives-capacitors/CRHV.pdf,0.550000,2.2000,"estimate CRHV2512AF10M0FKFB: ESTIMATE: Vishay CRHV 2512 high-voltage chip resistor, no readable price; engineering estimate",low,0.467500,ASSUMED x0.85 [asia_part_estimate]
316,5,PCS-PWR-4W: 5,IRFR9214TRPbF,P-MOSFET -250 V 3.0 ohm: hold-closed high-side switch,Vishay,IRFR9214TRPbF,DPAK (TO-252),ORDERABLE,docs/datasheets/power-semiconductors/IRFR9214.pdf,0.650000,3.2500,"estimate IRFR9214TRPbF: ESTIMATE: Vishay IRFR9214 -250 V DPAK P-MOSFET, no LCSC listing found; engineering estimate",low,0.552500,ASSUMED x0.85 [asia_part_estimate]
317,11,PCS-PWR-4W: 11,4.99k,Thin-film resistor 4.99 k 0.1 % 25 ppm/K,Vishay,TNPW12064K99BEEA,1206,ORDERABLE,docs/datasheets/passives-capacitors/TNPW-e3.pdf,0.200000,2.2000,"estimate TNPW12064K99BEEA: ESTIMATE: Vishay TNPW 1206 0.1 % thin film, no readable price; LCSC's Yageo thin-film 1206 0.1 % RT1206BRD0720RL is 0.0502 USD at 5000+,...",low,0.170000,ASSUMED x0.85 [asia_part_estimate]
318,2,PCS-PWR-4W: 2,VS-8ETU04S-M3,Ultrafast rectifier 400 V 8 A FRED Pt (output),Vishay,VS-8ETU04S-M3,D2PAK (TO-263AB),ORDERABLE,docs/datasheets/power-semiconductors/VS-8ETU04S-M3.pdf,1.130000,2.2600,"estimate VS-8ETU04S-M3: ESTIMATE: same Vishay D2PAK 8 A FRED Pt family; VS-8ETL06S-M3 is 1.1323 USD at 500+ on LCSC (C506528, 2026-10-04)",medium,0.960500,ASSUMED x0.85 [asia_part_estimate]
319,6,PCS-PWR-4W: 6,VY1472M63Y5UQ63V0,Y1 capacitor 4.7 nF 500 VAC / 1500 VDC,Vishay,VY1472M63Y5UQ63V0,"disc 16 mm, 10 mm leads",ORDERABLE,docs/datasheets/passives-capacitors/VY1.pdf,0.343220,2.0593,RS Components UK (web-search snippet; page blocked) 8523393 @250+ (2026-10-04),medium,0.291737,ASSUMED x0.85 [short_table]
320,7,PCS-PWR-4W: 7,20R,"Resistor 20 R 5 % 10 W cemented wirewound, pulse-rated (AUX75 tap, ahead of the fuse)",Vishay Draloric,AC10000002009JAB00,"axial cemented wirewound 10 W, 44 x 8 mm",ORDERABLE,docs/datasheets/passives-capacitors/AC-AC-AT-AC-NI.pdf,0.930000,6.5100,estimate AC10000002009JAB00: ESTIMATE (sim/out/aux_hv_design/aux75_block_cost.csv): Vishay 20 R 10 W cemented wirewound; the 22 R sibling AC10000002209JAB00 is 0.932...,medium,0.790500,ASSUMED x0.85 [asia_part_estimate]
321,1,PCS-CTL-4W: 1,CH9121T,"Ethernet-UART transparent bridge, 10/100 MAC + PHY + TCP/IP, 2 UART, VCC33 3.2-3.4 V, -40..85 C",WCH (Nanjing Qinheng),CH9121T,TSSOP-20,ORDERABLE,docs/datasheets/isolation-interface/WCH-CH9121.pdf,2.555100,2.5551,LCSC C45354919 @504+ (2026-10-04),high,2.484500,REAL: LCSC C45354919 @1008+ break (annual qty 5000)
322,1,PCS-CTL-4W: 1,150060RS75000,"LED 0603 red 625 nm, VF 2.0 V",Wurth Elektronik,150060RS75000,0603,ORDERABLE,docs/datasheets/passives-capacitors/WE-150060RS75000.pdf,0.060000,0.0600,"estimate 150060RS75000: ESTIMATE: Wurth WL-SMCW 0603 red LED, no readable price; engineering estimate",low,0.051000,ASSUMED x0.85 [asia_part_estimate]
323,1,PCS-CTL-4W: 1,150060VS75000,"LED 0603 bright green 570 nm, VF 2.0 V",Wurth Elektronik,150060VS75000,0603,ORDERABLE,docs/datasheets/passives-capacitors/WE-150060VS75000.pdf,0.060000,0.0600,"estimate 150060VS75000: ESTIMATE: Wurth WL-SMCW 0603 green LED, no readable price; engineering estimate",low,0.051000,ASSUMED x0.85 [asia_part_estimate]
324,2,PCS-PWR-4W: 2,74437368150,"Power inductor 15 uH, ISAT(10%) 5.55 A, 45 mR max",Wurth Elektronik,74437368150,WE-LHMI,ORDERABLE,docs/datasheets/magnetics/WE-74437368150.pdf,2.600000,5.2000,estimate 74437368150: ESTIMATE: Wurth WE-LHMI 15 uH 5.55 A; the same-series 744373965150 15 uH is DKK 21.24 (about USD 3.3) at qty 1 on Farnell Denmark (web-se...,low,2.210000,ASSUMED x0.85 [asia_part_estimate]
325,1,PCS-PWR-4W: 1,74438356022,"Power inductor 2.2 uH, ISAT(10%) 4.05 A, 35 mR max",Wurth Elektronik,74438356022,WE-MAPI 4020,ORDERABLE,docs/datasheets/magnetics/WE-74438356022.pdf,0.550000,0.5500,"estimate 74438356022: ESTIMATE: Wurth WE-MAPI 4020 2.2 uH, no readable price; engineering estimate",low,0.467500,ASSUMED x0.85 [asia_part_estimate]
326,58,PCS-PWR-4W: 58,7461057,"PCB HV connection point (ring lug / busbar), M3, 100 A",Wurth Elektronik,7461057,REDCUBE press-fit M3,ORDERABLE,docs/datasheets/connectors/WE-7461057.pdf,1.100000,63.8000,"estimate 7461057: ESTIMATE: Wurth REDCUBE press-fit M3 terminal 100 A, no readable price; engineering estimate",low,0.935000,ASSUMED x0.85 [asia_part_estimate]
327,1,PCS-CTL-4W: 1,X1270WVS-2x10B-9TV01,cTI-20 JTAG header 1.27 mm - HAZARDOUS LIVE: isolated debug probe only (>= 1000 V DC),XKB Connection,X1270WVS-2x10B-9TV01,2x10 1.27 mm SMT,ORDERABLE,docs/datasheets/connectors/XKB-X1270WVS.pdf,0.268500,0.2685,LCSC C5147196 @1000+ (2026-10-04),high,0.268500,REAL: LCSC C5147196 @1000+ break (annual qty 5000)
328,3,PCS-CTL-4W: 3,X6511WV-03H-C60D30,"Fan header 1x3 2.54 mm, 3 A: 1 +V, 2 0 V, 3 tach (SELV)",XKB Connection,X6511WV-03H-C60D30,1x3 2.54 mm THT,ORDERABLE,docs/datasheets/connectors/XKB-X6511W.pdf,0.055200,0.1656,LCSC C706875 @500+ (2026-10-04),high,0.047100,REAL: LCSC C706875 @4000+ break (annual qty 15000)
329,1,PCS-CTL-4W: 1,X6521FV-2x08-C85D32,"Board-to-board socket 2x8 2.54 mm, PCS_X contract (gen/interfaces.py), LIVE",XKB Connection,X6521FV-2x08-C85D32,2x8 2.54 mm female THT,ORDERABLE,docs/datasheets/connectors/XKB-X6521F.pdf,0.260000,0.2600,"estimate X6521FV-2x08-C85D32: ESTIMATE: 2x8 socket not in the mirror; the 2x22 X6521FV-2x22-C85D32 is 0.7208 USD at 1000+ on LCSC (C2883995), scaled by 8/22 pins",low,0.221000,ASSUMED x0.85 [asia_part_estimate]
330,1,PCS-CTL-4W: 1,X6521FV-2x32-C85D32,"Board-to-board socket 2x32 2.54 mm, PC contract (gen/interfaces.py), LIVE",XKB Connection,X6521FV-2x32-C85D32,2x32 2.54 mm female THT,ORDERABLE,docs/datasheets/connectors/XKB-X6521F.pdf,1.049000,1.0490,"estimate X6521FV-2x32-C85D32: ESTIMATE: 2x32 socket not in the mirror; the 2x22 X6521FV-2x22-C85D32 is 0.7208 USD at 1000+ on LCSC (C2883995), scaled by 32/22 pins",low,0.891650,ASSUMED x0.85 [asia_part_estimate]
331,1,PCS-PWR-4W: 1,X9555WV-2x08-6TV01,"Shrouded box header 2x8 2.54 mm: PCS_X contract to the control board (grid voltages, RCM, K_AC2, NTC9), live (250 V, 3 A)",XKB Connection,X9555WV-2x08-6TV01,2x8 2.54 mm box header THT,ORDERABLE,docs/datasheets/connectors/XKB-X9555WV.pdf,0.104000,0.1040,"estimate X9555WV-2x08-6TV01: ESTIMATE: 2x8 shrouded header not in the mirror; the 2x20 X9555WV-2X20-6TV01 is 0.26 USD at 500 on LCSC (prices.csv), scaled by 8/20 pins",low,0.088400,ASSUMED x0.85 [asia_part_estimate]
332,1,PCS-PWR-4W: 1,X9555WV-2x32-6TV01,"Shrouded box header 2x32 2.54 mm: PC contract to the control board, live (250 V, 3 A, -40..125 C)",XKB Connection,X9555WV-2x32-6TV01,2x32 2.54 mm box header THT,ORDERABLE,docs/datasheets/connectors/XKB-X9555WV.pdf,0.416000,0.4160,"estimate X9555WV-2x32-6TV01: ESTIMATE: 2x32 shrouded header not in the mirror; the 2x20 X9555WV-2X20-6TV01 is 0.26 USD at 500 on LCSC (prices.csv), scaled by 32/20 pins",low,0.353600,ASSUMED x0.85 [asia_part_estimate]
333,10,PCS-PWR-4W: 10,C3D1U147+M0A,"DC-link PP film 140 uF, 600 VDC (70 C) / 500 VDC (85 C), ESR 3.0 mOhm, Imax 40.2 A (10 kHz, 70 C), 4 pins (split DC link, one half); ORDER tolerance code K (+/-10 %, the 9th character, '+' above): every bus figure uses +10 %",Xiamen Faratronic,C3D1U147+M0A,"4-pin 57 x 65 x 45 mm, P1 52.5 / P2 20.3",ORDERABLE,docs/datasheets/passives-capacitors/Faratronic-C3D.pdf,4.900000,49.0000,"estimate C3D1U147+M0A: ESTIMATE (sim/out/pcs_design/pcs_costed_bom.csv, the inverter study's DC-link film row): LCSC C3D1X505 0.557 USD @1000 scaled by can volu...",low,4.165000,ASSUMED x0.85 [asia_part_estimate]
334,1,PCS-CTL-4W: 1,X322525MOB4SI,"Crystal 25 MHz 12 pF +/-10 ppm, +/-20 ppm -40..85 C, ESR <= 50 ohm (CH9121T)",YXC Crystal Oscillators,X322525MOB4SI,SMD 3225 4-pad,ORDERABLE,docs/datasheets/timing/YXC-X322525MOB4SI.pdf,0.058400,0.0584,LCSC C9006 @500+ (2026-10-04),high,0.050200,REAL: LCSC C9006 @3000+ break (annual qty 5000)
335,2,PCS-PWR-4W: 2,HCHVF1000-400A-38R,"CHASSIS-MOUNTED aR fuse 400 A 1000 VDC, 50 kA (L/R 2.5 ms), 112 W at In, UL E533379: DC port",Zhejiang HIITIO New Energy,HCHVF1000-400A-38R,"38 mm cartridge, bolted",ORDERABLE,docs/datasheets/protection/HIITIO-HCHVF1000-Series.pdf,25.000000,50.0000,estimate HCHVF1000-400A-38R: ESTIMATE (sim/out/pcs_design/pcs_costed_bom.csv 'DC fuse aR 400 A 1000 V DC'): no public price; marketplace anchor 1000 V 350 A semicondu...,low,20.000000,ASSUMED x0.80 [protection_estimate]
336,4,PCS-PWR-4W: 4,10u 450VAC RFQ,"RFQ AC film capacitor MKP 10 uF 10 %, 450 V AC, >= 5 A rms (LCL damping branch C_d)",,,"board, 4-pin",RFQ,,1.500000,6.0000,estimate 10u 450VAC RFQ@PCS-P125-4W: As the three-wire module (key 10u 450VAC RFQ@PCS-P125): RFQ ESTIMATE: half of the sim/out/pcs_design/pcs_costed_bom.csv damping-branch ro...,low,1.275000,ASSUMED x0.85 [asia_part_estimate]
337,1,PCS-PWR-4W: 1,200R RFQ,"CHASSIS-MOUNTED RFQ precharge resistor 200 ohm 5 %, 1000 V DC (1144 V peak), single pulse >= 900 J in 0.15 s (shorted bank to the abort) and >= 280 J at tau 105 ms (bank charge), basic insulation to the housing (2200 V rms)",,,"aluminium housing, M4",RFQ,,4.000000,4.0000,"estimate 200R RFQ: ESTIMATE: lean-port precharge resistor of the four-wire inverter, aluminium-housed 200 W wirewound class 200 ohm (same family and price b...",low,3.200000,ASSUMED x0.80 [protection_estimate]
338,1,PCS-PWR-4W: 1,220R RFQ,"CHASSIS-MOUNTED RFQ precharge resistor 220 ohm 5 %, 1000 V DC (1144 V peak), single pulse >= 900 J in 0.15 s (shorted bank to the abort) and >= 280 J at tau 105 ms (bank charge), basic insulation to the housing (2200 V rms)",,,"aluminium housing, M4",RFQ,,4.000000,4.0000,"estimate 220R RFQ: ESTIMATE: lean-port precharge resistor, aluminium-housed 200 W wirewound class 220 ohm (cost-first BOM row RXLG class); pulse rating to b...",low,3.200000,ASSUMED x0.80 [protection_estimate]
339,8,PCS-PWR-4W: 8,25u 450VAC RFQ,"RFQ AC filter capacitor MKP 25 uF 10 %, 450 V AC (rated for the phase-to-midpoint voltage incl. the 150 Hz zero sequence), >= 15 A rms, self-healing, overpressure disconnector (C_f, 2 per phase)",,,"chassis or board, M6 / 4-pin",RFQ,,3.000000,24.0000,"estimate 25u 450VAC RFQ@PCS-P125-4W: As the three-wire module (key 25u 450VAC RFQ@PCS-P125): RFQ ESTIMATE (sim/out/pcs_design/pcs_costed_bom.csv C_f row: 0.12 USD/uF, archite...",low,2.550000,ASSUMED x0.85 [asia_part_estimate]
340,4,PCS-PWR-4W: 4,2R 25W RFQ,"RFQ power resistor 2 ohm 5 %, 25 W in aluminium housing on the heatsink, 1000 V insulation to the housing (LCL damping branch R_d)",,,"aluminium housing, chassis",RFQ,,1.500000,6.0000,estimate 2R 25W RFQ@PCS-P125-4W: As the three-wire module (key 2R 25W RFQ@PCS-P125): RFQ ESTIMATE: half of the sim/out/pcs_design/pcs_costed_bom.csv damping-branch row (3...,low,1.275000,ASSUMED x0.85 [asia_part_estimate]
341,1,PCS-PWR-4W: 1,K1 4P AC-1 250A RFQ,"CHASSIS-MOUNTED RFQ 4-pole AC contactor (CHINT NXC-225 4P / Delixi CJX2s-185 4P class: the N pole switched with the phases): AC-1 >= 248 A at 400-460 V AC, Ui 1000 V, Uimp 8 kV, 24 V DC coil WITH integrated economiser (contract: pull-in <= 20 W for <= 100 ms, hold <= 4 W), coil-contact Ui >= 1000 V, mechanical life >= 1e6; 2 in series per phase set (relay test)",,,"chassis, 3 main poles M8 + coil connector",RFQ,,55.000000,55.0000,"estimate K1 4P AC-1 250A RFQ@PCS-P125-4W: RFQ ESTIMATE: the 3-pole K1 row (45 USD, CHINT NXC-225 / Delixi CJX2s-185 class, no OEM price, R-06) + 10 USD for the fourth (N) pole, AS...",low,46.750000,ASSUMED x0.85 [asia_part_estimate]
342,1,PCS-PWR-4W: 1,K2 4P AC-1 250A RFQ,"CHASSIS-MOUNTED RFQ 4-pole AC contactor (CHINT NXC-225 4P / Delixi CJX2s-185 4P class: the N pole switched with the phases): AC-1 >= 248 A at 400-460 V AC, Ui 1000 V, Uimp 8 kV, 24 V DC coil WITH integrated economiser (contract: pull-in <= 20 W for <= 100 ms, hold <= 4 W), coil-contact Ui >= 1000 V, mechanical life >= 1e6; 2 in series per phase set (relay test)",,,"chassis, 3 main poles M8 + coil connector",RFQ,,55.000000,55.0000,"estimate K2 4P AC-1 250A RFQ@PCS-P125-4W: RFQ ESTIMATE: as K1 4P (3-pole row 45 USD + 10 USD for the N pole, ASSUMED)",low,46.750000,ASSUMED x0.85 [asia_part_estimate]
343,1,PCS-PWR-4W: 1,RCM type B RFQ,"RFQ type-B residual-current sensor (fluxgate) around L1-L3 and N - INTERFACE CONTRACT (pcs_spec residual_current_contract, review R2-13; every figure ASSUMED until the part is chosen): type B: AC to >= 2 kHz, pulsating DC and smooth DC residual current (fluxgate), one sensor around every live conductor; trips in firmware from the analog output (the sensor has no trip relay): continuous residual current >= 1250 mA (10 mA per kVA above 30 kVA, 125 kVA) within 0.3 s; sudden changes 30 mA within 0.30 s / 60 mA within 0.15 s / 150 mA within 0.04 s; DC and AC (rms) alike; range +/-2.0 A, +/-(3 % of reading + 3 mA), DC to 1 kHz; resolution <= 6 mA DC / 30 mA AC; OUT analog voltage, 2.50 V +/-1 % at zero residual current, 1.00 V/A +/-3 % (+/-2.0 A in 0.50-4.50 V), DC to >= 2 kHz (-3 dB), >= 0.25 mA into the control board's 10.0k / 13.0k divider, noise <= 3 mA rms equivalent; diagnostic on OUT, no separate pin: an internal fault (fluxgate oscillator stopped, supply out of range, failed self-check) drives OUT to <= 0.25 V or >= 4.75 V within <= 100 ms - outside the 0.50-4.50 V signal band; firmware: sensor fault -> no connection / controlled stop; TEST TEST, 3.3 V CMOS active high, >= 10 kOhm (RCM_TST from GPIO21 through PCS_X, 100k pull-down on the power board): injects 50 mA DC +/-20 % through the test winding, OUT steps by 50 mV +/-20 % within <= 50 ms; used by the start-up self-test and before every connection; supply 5 V +/-5 % from the power board's +5V, <= 50 mA including start-up (the +5V budget's allocation); aperture L1-L3 + N: 4 bars 16 x 4.5 mm on edge with 1 mm sleeves (30.5 x 18 mm, the AC CM choke's fit); the bars are LIVE (V_dc/2 + 375 V x 1.2 against DC-, <= 1050 V DC + the OVC III impulse): bar to sensor electronics through the 1.5 kV rms bar sleeves plus the sensor's own functional insulation, referenced to DC- like the board",,,"chassis or board, aperture for 4 x 250 A",RFQ,,12.000000,12.0000,"estimate RCM type B RFQ@PCS-P125-4W: RFQ ESTIMATE: the three-wire RCM row (10 USD) + 2 USD for the aperture around L1-L3 and N (4 x 250 A), ASSUMED; no data sheet on file (R-10)",low,10.200000,ASSUMED x0.85 [asia_part_estimate]
344,1,PCS-PWR-4W: 1,X 2.2u 1300V RFQ,"RFQ X capacitor film 2.2 uF, 1300 VDC at 70 C (1100 V at 85 C), ESR <= 16 mOhm, impulse >= 4.5 kV peak (>= 1.1 x the 3.8 kV pole-pole level of the varistor Y, IC-10; leads at the varistor network), no lifetime surge-count limit below 1000 events",,,"radial film, 27.5 mm pitch",RFQ,,4.500000,4.5000,"estimate X 2.2u 1300V RFQ: ESTIMATE: same value, voltage and pitch as KEMET C4AQUBU4220A1YJ (DigiKey Austria EUR 2.49 = USD 2.80 at qty 1, ECB 2026-10-02: 1 EUR = 1...",low,3.600000,ASSUMED x0.80 [protection_estimate]
