Item,Qty,Used on,Value,Description,Manufacturer,MPN,Package,Sourcing,Datasheet,unit_cost_usd,ext_cost_usd,price_source,confidence,unit_cost_5k_usd,basis_5k
1,1,PCS-PWR: 1,AC terminal L1 250 A (CUSTOM),"CHASSIS-MOUNTED CUSTOM DC terminal: M10 busbar stud feed-through, 250 A, 1000 VDC, touch cover, external creepage to PE >= 12.5 mm (group I) / 16.0 mm (IIIa), PD3 cooling-air path (IC-18/IC-21)",,,M10 stud,CUSTOM,,13.000000,13.0000,estimate AC terminal L1 250 A (CUSTOM)@PCS-P125: ESTIMATE: a third of the sim/out/pcs_design/pcs_costed_bom.csv row 'AC terminals (L1-L3 + PE) + busbars' 39 USD (architect),low,11.050000,ASSUMED x0.85 [custom_mech]
2,1,PCS-PWR: 1,AC terminal L2 250 A (CUSTOM),"CHASSIS-MOUNTED CUSTOM DC terminal: M10 busbar stud feed-through, 250 A, 1000 VDC, touch cover, external creepage to PE >= 12.5 mm (group I) / 16.0 mm (IIIa), PD3 cooling-air path (IC-18/IC-21)",,,M10 stud,CUSTOM,,13.000000,13.0000,estimate AC terminal L2 250 A (CUSTOM)@PCS-P125: ESTIMATE: a third of the sim/out/pcs_design/pcs_costed_bom.csv row 'AC terminals (L1-L3 + PE) + busbars' 39 USD (architect),low,11.050000,ASSUMED x0.85 [custom_mech]
3,1,PCS-PWR: 1,AC terminal L3 250 A (CUSTOM),"CHASSIS-MOUNTED CUSTOM DC terminal: M10 busbar stud feed-through, 250 A, 1000 VDC, touch cover, external creepage to PE >= 12.5 mm (group I) / 16.0 mm (IIIa), PD3 cooling-air path (IC-18/IC-21)",,,M10 stud,CUSTOM,,13.000000,13.0000,estimate AC terminal L3 250 A (CUSTOM)@PCS-P125: ESTIMATE: a third of the sim/out/pcs_design/pcs_costed_bom.csv row 'AC terminals (L1-L3 + PE) + busbars' 39 USD (architect),low,11.050000,ASSUMED x0.85 [custom_mech]
4,1,PCS-PWR: 1,CM choke (CUSTOM),"CHASSIS-MOUNTED CUSTOM AC common-mode choke 145 uH min rev M1 (sim/out/magnetics/design_pcs_cm_choke.json, winding sheet spec_pcs_cm_choke.md): 2 x Yunlu N-R-564440 rectangular nanocrystalline cores (56 x 44.6 x 40 mm, window 33 x 21.6 mm) in a flat-mu grade (mu 30000 +/-25 %, RFQ), stacked ov; 0.8 kg; proposed construction - calculated, not built or measured. sleeved bars (>= 1 mm, rated 1.5 kV rms) inside cased cores; mains side basic (OVC III) as L2",,,"chassis, cores over the 3 phase busbars",CUSTOM,,24.800000,24.8000,"estimate CM choke (CUSTOM)@PCS-P125: ESTIMATE (sim/out/pcs_design/pcs_costed_bom.csv AC CM choke row 26.3 USD less its 3 x Y1 at 0.5, which this BOM prices as VY1 lines; = si...",low,21.080000,ASSUMED x0.85 [custom_mech]
5,1,PCS-PWR: 1,DC terminal B+ 250 A (CUSTOM),"CHASSIS-MOUNTED CUSTOM DC terminal: M10 busbar stud feed-through, 250 A, 1000 VDC, touch cover, external creepage to PE >= 12.5 mm (group I) / 16.0 mm (IIIa), PD3 cooling-air path (IC-18/IC-21)",,,M10 stud,CUSTOM,,15.500000,15.5000,estimate DC terminal B+ 250 A (CUSTOM)@PCS-P125: ESTIMATE: half of the sim/out/pcs_design/pcs_costed_bom.csv row 'DC terminals M8 + busbars' 31 USD (cost_estimates basis),low,13.175000,ASSUMED x0.85 [custom_mech]
6,1,PCS-PWR: 1,DC terminal B- 250 A (CUSTOM),"CHASSIS-MOUNTED CUSTOM DC terminal: M10 busbar stud feed-through, 250 A, 1000 VDC, touch cover, external creepage to PE >= 12.5 mm (group I) / 16.0 mm (IIIa), PD3 cooling-air path (IC-18/IC-21)",,,M10 stud,CUSTOM,,15.500000,15.5000,estimate DC terminal B- 250 A (CUSTOM)@PCS-P125: ESTIMATE: half of the sim/out/pcs_design/pcs_costed_bom.csv row 'DC terminals M8 + busbars' 31 USD (cost_estimates basis),low,13.175000,ASSUMED x0.85 [custom_mech]
7,3,PCS-PWR: 3,"Gate-bias transformer per phase (sim/out/magnetics/design_gdrv_bias_transformer.json): DMEGC EP17 set (DMR44), ungapped, 4+4:24 x4, ratio 1:6, barrier 1.77 pF high-side winding to primary / 3.43 pF adjacent sections, functional insulation PD-free >= 1.75 kVpk; 2.18 USD (1 k, ESTIMATE)","Gate-bias transformer per phase (sim/out/magnetics/design_gdrv_bias_transformer.json): DMEGC EP17 set (DMR44), ungapped, 4+4:24 x4, ratio 1:6, barrier 1.77 pF high-side winding to primary / 3.43 pF adjacent sections, functional insulation PD-free >= 1.75 kVpk; 2.18 USD (1 k, ESTIMATE)",,,"EP10-class, sectioned bobbin, TIW secondaries",CUSTOM,,2.180000,6.5400,"estimate Gate-bias transformer*: ESTIMATE (sim/magnetics.py design_gdrv_bias_transformer.json rev M1, D-048): DMEGC EP17 DMR44 + custom 5-section bobbin + 4 x 24 t TIW, c...",low,1.460600,ASSUMED x0.67 [custom_magnetic_small]
8,3,PCS-PWR: 3,L1 120u (CUSTOM),"CHASSIS-MOUNTED CUSTOM LCL inductor L1 120 uH rev M1 (sim/out/magnetics/design_pcs_l1.json, winding sheet spec_pcs_l1.md): Fe-based amorphous C-core, leg 30 x 100 mm, window 160 x 40 mm; 20 turns in two coils (10 per leg) of Al foil 0.80 x 144 mm, 10 layers per coil; 12 ga; 11.6 kg; proposed construction - calculated, not built or measured. basic winding - core/PE (DC-side system, 1000 V DC, OVC II): 2.5 mm GF-PPS formers, 5 mm creepage margins at the coil en",,,"chassis, 2 power terminals + NTC leads + core bond",CUSTOM,,126.600000,379.8000,"estimate L1 120u (CUSTOM)@PCS-P125: ESTIMATE (sim/out/pcs_design/pcs_costed_bom.csv LCL L1 row; sim/magnetics.py design_pcs_l1.json cost model, core / conductor USD per kg +...",low,107.610000,ASSUMED x0.85 [custom_mech]
9,3,PCS-PWR: 3,L2 6u (CUSTOM),"CHASSIS-MOUNTED CUSTOM LCL inductor L2 6 uH rev M1 (sim/out/magnetics/design_pcs_l2.json, winding sheet spec_pcs_l2.md): Fe-based amorphous C-core, leg 15 x 40 mm, window 80 x 20 mm; 4 turns in two coils (2 per leg) of Al foil 1.50 x 64 mm, 2 layers per coil; 2 gaps of 1; 1.2 kg; proposed construction - calculated, not built or measured. basic winding - core/PE (mains side, OVC III): 2.5 mm GF-PPS formers, 5 mm margins, VPI; 4 kV impulse (6 kV if the AC SP",,,"chassis, 2 power terminals + core bond",CUSTOM,,38.600000,115.8000,estimate L2 6u (CUSTOM)@PCS-P125: ESTIMATE (sim/out/pcs_design/pcs_costed_bom.csv LCL L2 row; sim/magnetics.py design_pcs_l2.json cost model): no quote,low,32.810000,ASSUMED x0.85 [custom_mech]
10,3,PCS-PWR: 3,NTC 10k lug probe (CUSTOM),"CHASSIS CUSTOM NTC lug probe (EXSENSE / Shiheng class, made to order): 10 k 1 %, R/T curve of the inductor NTC (B25/100 3988 K, TDK 8016 equivalent), -40..150 C, lug screwed to the EARTHED heatsink: lead-to-lug dielectric >= 2500 V rms 60 s, double PTFE leads (basic HV-PE for 1000 V DC, insulation_spec 'Basic HV-PE', R-10)",,,"ring-lug probe M4, 2 x 300 mm PTFE leads",CUSTOM,,0.500000,1.5000,"estimate NTC 10k lug probe (CUSTOM): ESTIMATE: Chinese lug-type 10 k NTC probe with double PTFE leads, made to order (EXSENSE / Shiheng class); architect's list gen/data/cost...",low,0.425000,ASSUMED x0.85 [custom_mech]
11,36,PCS-PWR: 36,PAD Al2O3 0.635 mm (CUSTOM),"TO-247 heatsink INSULATOR Al2O3 0.635 mm + spring clip + grease, basic DC-PE (pcs_spec board_designers power_stage; sim/pcs_design.py cost basis); one earthed heatsink section per leg",,,"ceramic pad 0.635 mm, TO-247",CUSTOM,,0.400000,14.4000,"estimate PAD Al2O3 0.635 mm (CUSTOM)@PCS-P125: ESTIMATE (sim/out/pcs_design/pcs_costed_bom.csv POWER row: Al2O3 TO-247 pad + clip + grease, costfirst_pcs_bom.csv)",low,0.340000,ASSUMED x0.85 [custom_mech]
12,1,chassis: 1,harness set,"SELV supply lead, contactor coil leads, NTC probe leads, fan leads, RCM sensor lead",,,harness,CUSTOM,,2.500000,2.5000,"estimate harness set: ESTIMATE: SELV supply lead, coil leads, NTC probe leads and fan leads on one harness: wire and 5 crimped plugs 1.3 + assembly 1.2 (archit...",low,2.000000,ASSUMED x0.80 [custom_harness]
13,1,PCS-PWR: 1,heatsink section a (CUSTOM),"CHASSIS CUSTOM heatsink section per leg (12 x TO-247 on Al2O3 pads), EARTHED (two PE bonds), sized by sim/pcs_design.py thermal_and_losses.heatsink",,,Al extrusion section,CUSTOM,,23.800000,23.8000,"estimate heatsink section a (CUSTOM)@PCS-P125: ESTIMATE (sim/out/pcs_design/pcs_costed_bom.csv THERMAL row: one 150 x 400 mm section per leg, 4.0 kg at 4.7 USD/kg + 5 USD machining, ar...",low,20.230000,ASSUMED x0.85 [custom_mech]
14,1,PCS-PWR: 1,heatsink section b (CUSTOM),"CHASSIS CUSTOM heatsink section per leg (12 x TO-247 on Al2O3 pads), EARTHED (two PE bonds), sized by sim/pcs_design.py thermal_and_losses.heatsink",,,Al extrusion section,CUSTOM,,23.800000,23.8000,"estimate heatsink section b (CUSTOM)@PCS-P125: ESTIMATE (sim/out/pcs_design/pcs_costed_bom.csv THERMAL row: one 150 x 400 mm section per leg, 4.0 kg at 4.7 USD/kg + 5 USD machining, ar...",low,20.230000,ASSUMED x0.85 [custom_mech]
15,1,PCS-PWR: 1,heatsink section c (CUSTOM),"CHASSIS CUSTOM heatsink section per leg (12 x TO-247 on Al2O3 pads), EARTHED (two PE bonds), sized by sim/pcs_design.py thermal_and_losses.heatsink",,,Al extrusion section,CUSTOM,,23.800000,23.8000,"estimate heatsink section c (CUSTOM)@PCS-P125: ESTIMATE (sim/out/pcs_design/pcs_costed_bom.csv THERMAL row: one 150 x 400 mm section per leg, 4.0 kg at 4.7 USD/kg + 5 USD machining, ar...",low,20.230000,ASSUMED x0.85 [custom_mech]
16,1,PCS-PWR: 1,AUX-T1 75 W (CUSTOM),"CUSTOM AUX-T1 75 W rev M1: DMEGC EC39A DMR95 (ETD39 class), centre-leg gap 1.05 mm, 48:8 live:9 SELV in the order P1 | SH | SELV (TIW-litz) | LIVE | P2, copper set back 2.0 mm from the gapped leg, vacuum-potted case; electrical requirement in sim/out/aux_hv_design/aux75_spec.json",CUSTOM,AUX-T1 75 W (CUSTOM),"ETD 39 class, potted, 14-pin former",CUSTOM,,8.800000,8.8000,estimate AUX-T1 75 W (CUSTOM): ESTIMATE (sim/magnetics.py design_aux75_transformer.json rev M1): DMEGC EC39A DMR95 + TIW-litz SELV + litz P/live + potted case + PD test...,low,5.896000,ASSUMED x0.67 [custom_magnetic_small]
17,36,PCS-PWR: 36,0.5R,"Resistor 0.5R 1% 1206 Kelvin decoupling, pulse-rated thick film",,,1206,GENERIC,,0.008500,0.3060,"estimate class:res_1206_1pct_pulse: GENERIC class rule, reel price of a typical equivalent. LCSC C2759213 HP06W2F100JT5E (1206); US$0.0085 at 5000+; pulse-rated 1206 thick f...",low,0.007800,REAL: class example LCSC C2759213 @20000+ break (annual qty 180000)
18,3,PCS-PWR: 3,0.91R,Resistor 0.91R 1% 1206,,,1206,GENERIC,,0.002300,0.0069,"estimate class:res_1206_1pct: GENERIC class rule, reel price of a typical equivalent. LCSC C305316 WR12X1581FTL (1206); US$0.0023 at 5000+; 1.58 kOhm 1 %; read 2026-10...",high,0.002100,REAL: class example LCSC C305316 @10000+ break (annual qty 15000)
19,6,PCS-PWR: 6,0R,Resistor 0R 1% 0603 fit for NSI6651ASC (pin 1 = VEE2),,,0603,GENERIC,,0.003000,0.0180,"estimate class:res_0603_1pct: GENERIC class rule, reel price of a typical equivalent. LCSC C2906982 FRC0603F1002TS (0603); US$0.003 at 5000+; 10 kOhm 1 %; read 2026-10...",high,0.002900,REAL: class example LCSC C2906982 @10000+ break (annual qty 30000)
20,6,PCS-PWR: 6,1.00k,Resistor 1.00k 0.1% 0603,,,0603,GENERIC,,0.003900,0.0234,"estimate class:res_0603_0.1pct: GENERIC class rule, reel price of a typical equivalent. LCSC C5126214 FRH0603B1002TS (0603); US$0.0039 at 5000+; 10 kOhm 0.1 %; read 2026...",high,0.003500,REAL: class example LCSC C5126214 @10000+ break (annual qty 30000)
21,2,PCS-CTL-3W: 2,1.0k,Resistor 1.0k 1% 0603,,,0603,GENERIC,,0.003000,0.0060,"estimate class:res_0603_1pct: GENERIC class rule, reel price of a typical equivalent. LCSC C2906982 FRC0603F1002TS (0603); US$0.003 at 5000+; 10 kOhm 1 %; read 2026-10...",high,0.002900,REAL: class example LCSC C2906982 @10000+ break (annual qty 10000)
22,1,PCS-PWR: 1,1.2R,"Resistor 1.2R 1% 2512 +3V3 discharge, pulse 0.5 mJ",,,2512,GENERIC,,0.147800,0.1478,"estimate class:res_2512_1pct_pulse: GENERIC class rule, reel price of a typical equivalent. LCSC C2991665 RPL-12K10R0FT (2512); US$0.1478 at 4000+; pulse-rated 2512 thick fi...",low,0.147800,REAL: class example LCSC C2991665 @4000+ break (annual qty 5000)
23,6,PCS-PWR: 6,1.5k,Resistor 1.5k 1% 0603,,,0603,GENERIC,,0.003000,0.0180,"estimate class:res_0603_1pct: GENERIC class rule, reel price of a typical equivalent. LCSC C2906982 FRC0603F1002TS (0603); US$0.003 at 5000+; 10 kOhm 1 %; read 2026-10...",high,0.002900,REAL: class example LCSC C2906982 @10000+ break (annual qty 30000)
24,2,PCS-PWR: 2,1.65k,Resistor 1.65k 0.1% 0603,,,0603,GENERIC,,0.003900,0.0078,"estimate class:res_0603_0.1pct: GENERIC class rule, reel price of a typical equivalent. LCSC C5126214 FRH0603B1002TS (0603); US$0.0039 at 5000+; 10 kOhm 0.1 %; read 2026...",high,0.003500,REAL: class example LCSC C5126214 @10000+ break (annual qty 10000)
25,1,PCS-CTL-3W: 1,1.87k,Resistor 1.87k 0.1% 0603 25 ppm/K,,,0603,GENERIC,,0.003900,0.0039,"estimate class:res_0603_0.1pct: GENERIC class rule, reel price of a typical equivalent. LCSC C5126214 FRH0603B1002TS (0603); US$0.0039 at 5000+; 10 kOhm 0.1 %; read 2026...",high,0.003900,REAL: class example LCSC C5126214 @5000+ break (annual qty 5000)
26,2,PCS-PWR: 2,10.0k,Resistor 10.0k 0.1% 0603,,,0603,GENERIC,,0.003900,0.0078,"estimate class:res_0603_0.1pct: GENERIC class rule, reel price of a typical equivalent. LCSC C5126214 FRH0603B1002TS (0603); US$0.0039 at 5000+; 10 kOhm 0.1 %; read 2026...",high,0.003500,REAL: class example LCSC C5126214 @10000+ break (annual qty 10000)
27,14,PCS-CTL-3W: 14,10.0k,Resistor 10.0k 0.1% 0603 25 ppm/K,,,0603,GENERIC,,0.003900,0.0546,"estimate class:res_0603_0.1pct: GENERIC class rule, reel price of a typical equivalent. LCSC C5126214 FRH0603B1002TS (0603); US$0.0039 at 5000+; 10 kOhm 0.1 %; read 2026...",high,0.003300,REAL: class example LCSC C5126214 @50000+ break (annual qty 70000)
28,6,PCS-PWR: 6,10.2k,Resistor 10.2k 0.1% 0603,,,0603,GENERIC,,0.003900,0.0234,"estimate class:res_0603_0.1pct: GENERIC class rule, reel price of a typical equivalent. LCSC C5126214 FRH0603B1002TS (0603); US$0.0039 at 5000+; 10 kOhm 0.1 %; read 2026...",high,0.003500,REAL: class example LCSC C5126214 @10000+ break (annual qty 30000)
29,1,PCS-CTL-3W: 1,10.2k,Resistor 10.2k 1% 0603,,,0603,GENERIC,,0.003000,0.0030,"estimate class:res_0603_1pct: GENERIC class rule, reel price of a typical equivalent. LCSC C2906982 FRC0603F1002TS (0603); US$0.003 at 5000+; 10 kOhm 1 %; read 2026-10...",high,0.003000,REAL: class example LCSC C2906982 @5000+ break (annual qty 5000)
30,34,PCS-CTL-3W: 9; PCS-PWR: 25,100R,Resistor 100R 1% 0603,,,0603,GENERIC,,0.003000,0.1020,"estimate class:res_0603_1pct: GENERIC class rule, reel price of a typical equivalent. LCSC C2906982 FRC0603F1002TS (0603); US$0.003 at 5000+; 10 kOhm 1 %; read 2026-10...",high,0.002800,REAL: class example LCSC C2906982 @50200+ break (annual qty 170000)
31,1,PCS-CTL-3W: 1,100R,Resistor 100R 1% 1206,,,1206,GENERIC,,0.002300,0.0023,"estimate class:res_1206_1pct: GENERIC class rule, reel price of a typical equivalent. LCSC C305316 WR12X1581FTL (1206); US$0.0023 at 5000+; 1.58 kOhm 1 %; read 2026-10...",high,0.002300,REAL: class example LCSC C305316 @5000+ break (annual qty 5000)
32,7,PCS-PWR: 7,100k,Resistor 100k 1% 0603 open = off,,,0603,GENERIC,,0.003000,0.0210,"estimate class:res_0603_1pct: GENERIC class rule, reel price of a typical equivalent. LCSC C2906982 FRC0603F1002TS (0603); US$0.003 at 5000+; 10 kOhm 1 %; read 2026-10...",high,0.002900,REAL: class example LCSC C2906982 @10000+ break (annual qty 35000)
33,18,PCS-CTL-3W: 5; PCS-PWR: 13,100k,Resistor 100k 1% 0603,,,0603,GENERIC,,0.003000,0.0540,"estimate class:res_0603_1pct: GENERIC class rule, reel price of a typical equivalent. LCSC C2906982 FRC0603F1002TS (0603); US$0.003 at 5000+; 10 kOhm 1 %; read 2026-10...",high,0.002800,REAL: class example LCSC C2906982 @50200+ break (annual qty 90000)
34,6,PCS-PWR: 6,100k,Resistor 100k 1% 0805,,,0805,GENERIC,,0.001500,0.0090,"estimate class:res_0805_1pct: GENERIC class rule, reel price of a typical equivalent. LCSC C17878 0805W8F976JT5E (0805); US$0.0015 at 5000+; 97.6 Ohm 1 %; read 2026-10...",high,0.001400,REAL: class example LCSC C17878 @10000+ break (annual qty 30000)
35,1,PCS-PWR: 1,100k,Resistor 100k 1% 0603 command off while the control board is absent (D-049),,,0603,GENERIC,,0.003000,0.0030,"estimate class:res_0603_1pct: GENERIC class rule, reel price of a typical equivalent. LCSC C2906982 FRC0603F1002TS (0603); US$0.003 at 5000+; 10 kOhm 1 %; read 2026-10...",high,0.003000,REAL: class example LCSC C2906982 @5000+ break (annual qty 5000)
36,4,PCS-PWR: 4,100k,Resistor 100k 1% 0603 coil off while the logic is unpowered,,,0603,GENERIC,,0.003000,0.0120,"estimate class:res_0603_1pct: GENERIC class rule, reel price of a typical equivalent. LCSC C2906982 FRC0603F1002TS (0603); US$0.003 at 5000+; 10 kOhm 1 %; read 2026-10...",high,0.002900,REAL: class example LCSC C2906982 @10000+ break (annual qty 20000)
37,1,PCS-PWR: 1,100k,Resistor 100k 1% 0603 command off while the control board is absent,,,0603,GENERIC,,0.003000,0.0030,"estimate class:res_0603_1pct: GENERIC class rule, reel price of a typical equivalent. LCSC C2906982 FRC0603F1002TS (0603); US$0.003 at 5000+; 10 kOhm 1 %; read 2026-10...",high,0.003000,REAL: class example LCSC C2906982 @5000+ break (annual qty 5000)
38,2,PCS-PWR: 2,100k,Resistor 100k 1% 0603 string open by default,,,0603,GENERIC,,0.003000,0.0060,"estimate class:res_0603_1pct: GENERIC class rule, reel price of a typical equivalent. LCSC C2906982 FRC0603F1002TS (0603); US$0.003 at 5000+; 10 kOhm 1 %; read 2026-10...",high,0.002900,REAL: class example LCSC C2906982 @10000+ break (annual qty 10000)
39,2,PCS-PWR: 2,100k,Resistor 100k 0.1% 0603,,,0603,GENERIC,,0.003900,0.0078,"estimate class:res_0603_0.1pct: GENERIC class rule, reel price of a typical equivalent. LCSC C5126214 FRH0603B1002TS (0603); US$0.0039 at 5000+; 10 kOhm 0.1 %; read 2026...",high,0.003500,REAL: class example LCSC C5126214 @10000+ break (annual qty 10000)
40,1,PCS-PWR: 1,100k,Resistor 100k 1% 0603 discharge on unless PG_5VG holds it off,,,0603,GENERIC,,0.003000,0.0030,"estimate class:res_0603_1pct: GENERIC class rule, reel price of a typical equivalent. LCSC C2906982 FRC0603F1002TS (0603); US$0.003 at 5000+; 10 kOhm 1 %; read 2026-10...",high,0.003000,REAL: class example LCSC C2906982 @5000+ break (annual qty 5000)
41,1,PCS-CTL-3W: 1,100k,Resistor 100k 1% 0603 HEALTHY = 0 while the latch is unpowered,,,0603,GENERIC,,0.003000,0.0030,"estimate class:res_0603_1pct: GENERIC class rule, reel price of a typical equivalent. LCSC C2906982 FRC0603F1002TS (0603); US$0.003 at 5000+; 10 kOhm 1 %; read 2026-10...",high,0.003000,REAL: class example LCSC C2906982 @5000+ break (annual qty 5000)
42,2,PCS-PWR: 2,100n 100V,Capacitor 100n 100V X7R 0603,,,0603,GENERIC,,0.011100,0.0222,"estimate class:mlcc_0603_x7r_100v_le100n: GENERIC class rule, reel price of a typical equivalent. LCSC C113803 CC0603KRX7R0BB104 (0603); US$0.0111 at 4000+; read 2026-10-04 via th...",high,0.010700,REAL: class example LCSC C113803 @8000+ break (annual qty 10000)
43,1,PCS-PWR: 1,100n 16V,Capacitor 100n 16V X7R 0603,,,0603,GENERIC,,0.009200,0.0092,"estimate class:mlcc_0603_x7r_16v_le100n: GENERIC class rule, reel price of a typical equivalent. LCSC C14663 CC0603KRX7R9BB104 (0603); US$0.0092 at 4000+; example is rated 50 V (...",high,0.009200,REAL: class example LCSC C14663 @4000+ break (annual qty 5000)
44,135,PCS-CTL-3W: 53; PCS-PWR: 82,100n 50V,Capacitor 100n 50V X7R 0603,,,0603,GENERIC,,0.009200,1.2420,"estimate class:mlcc_0603_x7r_50v_le100n: GENERIC class rule, reel price of a typical equivalent. LCSC C14663 CC0603KRX7R9BB104 (0603); US$0.0092 at 4000+; read 2026-10-04 via the...",high,0.009000,REAL: class example LCSC C14663 @24100+ break (annual qty 675000)
45,2,PCS-CTL-3W: 2,100n 50V,Capacitor 100n 10% 50V X7R 0603,,,0603,GENERIC,,0.009200,0.0184,"estimate class:mlcc_0603_x7r_50v_le100n: GENERIC class rule, reel price of a typical equivalent. LCSC C14663 CC0603KRX7R9BB104 (0603); US$0.0092 at 4000+; read 2026-10-04 via the...",high,0.009200,REAL: class example LCSC C14663 @4000+ break (annual qty 10000)
46,1,PCS-CTL-3W: 1,100n 50V,Capacitor 100n 5% 50V C0G 1206,,,1206,GENERIC,,0.136200,0.1362,"estimate class:mlcc_1206_c0g_50v_le100n: GENERIC class rule, reel price of a typical equivalent. LCSC C97946 GRM31C5C1H104JA01L (1206); US$0.1362 at 4000+; example is 100 nF 50 V...",high,0.136200,REAL: class example LCSC C97946 @4000+ break (annual qty 5000)
47,3,PCS-PWR: 3,100p 1kV,Capacitor 100p 5% 1kV C0G 1206,,,1206,GENERIC,,0.025300,0.0759,"estimate class:mlcc_1206_c0g_1kv_le1n: GENERIC class rule, reel price of a typical equivalent. LCSC C107173 CC1206JKNPOCBN101 (1206); US$0.0253 at 3000+; example is 100 pF 1 kV...",high,0.024000,REAL: class example LCSC C107173 @6000+ break (annual qty 15000)
48,21,PCS-PWR: 21,100p 50V,Capacitor 100p 5% 50V C0G 0603,,,0603,GENERIC,,0.005500,0.1155,"estimate class:mlcc_0603_c0g_50v_le1n: GENERIC class rule, reel price of a typical equivalent. LCSC C14665 CC0603JRNPO9BN101 (0603); US$0.0055 at 4000+; example is 100 pF; read...",high,0.005100,REAL: class example LCSC C14665 @48200+ break (annual qty 105000)
49,1,PCS-CTL-3W: 1,102k,Resistor 102k 0.1% 0603 25 ppm/K,,,0603,GENERIC,,0.003900,0.0039,"estimate class:res_0603_0.1pct: GENERIC class rule, reel price of a typical equivalent. LCSC C5126214 FRH0603B1002TS (0603); US$0.0039 at 5000+; 10 kOhm 0.1 %; read 2026...",high,0.003900,REAL: class example LCSC C5126214 @5000+ break (annual qty 5000)
50,1,PCS-PWR: 1,107k,Resistor 107k 0.1% 0603,,,0603,GENERIC,,0.003900,0.0039,"estimate class:res_0603_0.1pct: GENERIC class rule, reel price of a typical equivalent. LCSC C5126214 FRH0603B1002TS (0603); US$0.0039 at 5000+; 10 kOhm 0.1 %; read 2026...",high,0.003900,REAL: class example LCSC C5126214 @5000+ break (annual qty 5000)
51,1,PCS-PWR: 1,10R,Resistor 10R 1% 0603,,,0603,GENERIC,,0.003000,0.0030,"estimate class:res_0603_1pct: GENERIC class rule, reel price of a typical equivalent. LCSC C2906982 FRC0603F1002TS (0603); US$0.003 at 5000+; 10 kOhm 1 %; read 2026-10...",high,0.003000,REAL: class example LCSC C2906982 @5000+ break (annual qty 5000)
52,8,PCS-PWR: 8,10k,Resistor 10k 1% 0603 pull-down: open = off,,,0603,GENERIC,,0.003000,0.0240,"estimate class:res_0603_1pct: GENERIC class rule, reel price of a typical equivalent. LCSC C2906982 FRC0603F1002TS (0603); US$0.003 at 5000+; 10 kOhm 1 %; read 2026-10...",high,0.002900,REAL: class example LCSC C2906982 @10000+ break (annual qty 40000)
53,1,PCS-PWR: 1,10k,Resistor 10k 1% 0603 pull-down: unpowered buffer = drivers disabled,,,0603,GENERIC,,0.003000,0.0030,"estimate class:res_0603_1pct: GENERIC class rule, reel price of a typical equivalent. LCSC C2906982 FRC0603F1002TS (0603); US$0.003 at 5000+; 10 kOhm 1 %; read 2026-10...",high,0.003000,REAL: class example LCSC C2906982 @5000+ break (annual qty 5000)
54,1,PCS-PWR: 1,10k,Resistor 10k 1% 0603 three-wire variant code: IL4 = 0 V,,,0603,GENERIC,,0.003000,0.0030,"estimate class:res_0603_1pct: GENERIC class rule, reel price of a typical equivalent. LCSC C2906982 FRC0603F1002TS (0603); US$0.003 at 5000+; 10 kOhm 1 %; read 2026-10...",high,0.003000,REAL: class example LCSC C2906982 @5000+ break (annual qty 5000)
55,1,PCS-PWR: 1,10k,Resistor 10k 1% 0603 three-wire: no phase-4 sensor reference,,,0603,GENERIC,,0.003000,0.0030,"estimate class:res_0603_1pct: GENERIC class rule, reel price of a typical equivalent. LCSC C2906982 FRC0603F1002TS (0603); US$0.003 at 5000+; 10 kOhm 1 %; read 2026-10...",high,0.003000,REAL: class example LCSC C2906982 @5000+ break (annual qty 5000)
56,6,PCS-PWR: 6,10k,Resistor 10k 1% 0603 pull-down: open input = gate off,,,0603,GENERIC,,0.003000,0.0180,"estimate class:res_0603_1pct: GENERIC class rule, reel price of a typical equivalent. LCSC C2906982 FRC0603F1002TS (0603); US$0.003 at 5000+; 10 kOhm 1 %; read 2026-10...",high,0.002900,REAL: class example LCSC C2906982 @10000+ break (annual qty 30000)
57,88,PCS-CTL-3W: 12; PCS-PWR: 76,10k,Resistor 10k 1% 0603,,,0603,GENERIC,,0.003000,0.2640,"estimate class:res_0603_1pct: GENERIC class rule, reel price of a typical equivalent. LCSC C2906982 FRC0603F1002TS (0603); US$0.003 at 5000+; 10 kOhm 1 %; read 2026-10...",high,0.002800,REAL: class example LCSC C2906982 @50200+ break (annual qty 440000)
58,6,PCS-PWR: 6,10k,Resistor 10k 1% 0603 clamp-FET gate supply,,,0603,GENERIC,,0.003000,0.0180,"estimate class:res_0603_1pct: GENERIC class rule, reel price of a typical equivalent. LCSC C2906982 FRC0603F1002TS (0603); US$0.003 at 5000+; 10 kOhm 1 %; read 2026-10...",high,0.002900,REAL: class example LCSC C2906982 @10000+ break (annual qty 30000)
59,3,PCS-PWR: 3,10k,Resistor 10k 1% 0603 BIAS_EN open = bias off,,,0603,GENERIC,,0.003000,0.0090,"estimate class:res_0603_1pct: GENERIC class rule, reel price of a typical equivalent. LCSC C2906982 FRC0603F1002TS (0603); US$0.003 at 5000+; 10 kOhm 1 %; read 2026-10...",high,0.002900,REAL: class example LCSC C2906982 @10000+ break (annual qty 15000)
60,10,PCS-PWR: 10,10k,Resistor 10k 0.1% 0603,,,0603,GENERIC,,0.003900,0.0390,"estimate class:res_0603_0.1pct: GENERIC class rule, reel price of a typical equivalent. LCSC C5126214 FRH0603B1002TS (0603); US$0.0039 at 5000+; 10 kOhm 0.1 %; read 2026...",high,0.003300,REAL: class example LCSC C5126214 @50000+ break (annual qty 50000)
61,4,PCS-PWR: 4,10k,Resistor 10k 1% 0805,,,0805,GENERIC,,0.001500,0.0060,"estimate class:res_0805_1pct: GENERIC class rule, reel price of a typical equivalent. LCSC C17878 0805W8F976JT5E (0805); US$0.0015 at 5000+; 97.6 Ohm 1 %; read 2026-10...",high,0.001400,REAL: class example LCSC C17878 @10000+ break (annual qty 20000)
62,4,PCS-PWR: 4,10k,Resistor 10k 1% 0805 gate-source: off by default,,,0805,GENERIC,,0.001500,0.0060,"estimate class:res_0805_1pct: GENERIC class rule, reel price of a typical equivalent. LCSC C17878 0805W8F976JT5E (0805); US$0.0015 at 5000+; 97.6 Ohm 1 %; read 2026-10...",high,0.001400,REAL: class example LCSC C17878 @10000+ break (annual qty 20000)
63,1,PCS-PWR: 1,10k,Resistor 10k 1% 0603 high = varistor monitor loop intact,,,0603,GENERIC,,0.003000,0.0030,"estimate class:res_0603_1pct: GENERIC class rule, reel price of a typical equivalent. LCSC C2906982 FRC0603F1002TS (0603); US$0.003 at 5000+; 10 kOhm 1 %; read 2026-10...",high,0.003000,REAL: class example LCSC C2906982 @5000+ break (annual qty 5000)
64,3,PCS-CTL-3W: 1; PCS-PWR: 2,10k,Resistor 10k 1% 1206,,,1206,GENERIC,,0.002300,0.0069,"estimate class:res_1206_1pct: GENERIC class rule, reel price of a typical equivalent. LCSC C305316 WR12X1581FTL (1206); US$0.0023 at 5000+; 1.58 kOhm 1 %; read 2026-10...",high,0.002100,REAL: class example LCSC C305316 @10000+ break (annual qty 15000)
65,6,PCS-PWR: 6,10n 50V,Capacitor 10n 5% 50V C0G 0603,,,0603,GENERIC,,0.028200,0.1692,"estimate class:mlcc_0603_c0g_50v_le100n: GENERIC class rule, reel price of a typical equivalent. LCSC C576818 CC0603JRNPO9BN472 (0603); US$0.0282 at 4000+; example is 4.7 nF; rea...",high,0.025900,REAL: class example LCSC C576818 @20000+ break (annual qty 30000)
66,1,PCS-PWR: 1,10n 50V,Capacitor 10n 5% 50V C0G 0805,,,0805,GENERIC,,0.136200,0.1362,"estimate class:mlcc_0805_c0g_50v_le100n: GENERIC class rule, reel price of a typical equivalent. LCSC C97946 GRM31C5C1H104JA01L (1206); US$0.1362 at 4000+; no 0805 C0G >= 10 nF i...",low,0.136200,REAL: class example LCSC C97946 @4000+ break (annual qty 5000)
67,14,PCS-CTL-3W: 14,10n 50V,Capacitor 10n 50V X7R 0603,,,0603,GENERIC,,0.009200,0.1288,"estimate class:mlcc_0603_x7r_50v_le100n: GENERIC class rule, reel price of a typical equivalent. LCSC C14663 CC0603KRX7R9BB104 (0603); US$0.0092 at 4000+; read 2026-10-04 via the...",high,0.009000,REAL: class example LCSC C14663 @24100+ break (annual qty 70000)
68,3,PCS-CTL-3W: 3,10u 10V,Capacitor 10u 10% 10V X7R 0805,,,0805,GENERIC,,0.049200,0.1476,"estimate class:mlcc_0805_x7r_10v_le10u: GENERIC class rule, reel price of a typical equivalent. LCSC C5189822 CS2012X7R106M100NRE (0805); US$0.0492 at 3000+; example is 10 uF 10...",high,0.042000,REAL: class example LCSC C5189822 @9000+ break (annual qty 15000)
69,1,PCS-PWR: 1,10u 16V,Capacitor 10u 16V X7R 1210,,,1210,GENERIC,,0.134100,0.1341,"estimate class:mlcc_1210_x7r_16v_le10u: GENERIC class rule, reel price of a typical equivalent. LCSC C39232 CL32B106KAJNNNE (1210, 10 uF rated 25 V; the 16 V part is not dearer)...",medium,0.134100,REAL: class example LCSC C39232 @5000+ break (annual qty 5000)
70,3,PCS-PWR: 3,10u 16V,Capacitor 10u 16V X7R 1206,,,1206,GENERIC,,0.102400,0.3072,"estimate class:mlcc_1206_x7r_16v_le10u: GENERIC class rule, reel price of a typical equivalent. LCSC C47971 CL31B106KOHNNNE (1206, 10 uF 16 V X7R); US$0.1024 at 4000+; read 2026...",high,0.101100,REAL: class example LCSC C47971 @10000+ break (annual qty 15000)
71,1,PCS-PWR: 1,10u 25V,Capacitor 10u 25V X7R 1210,,,1210,GENERIC,,0.134100,0.1341,"estimate class:mlcc_1210_x7r_25v_le10u: GENERIC class rule, reel price of a typical equivalent. LCSC C39232 CL32B106KAJNNNE (1210); US$0.1341 at 5000+; example is 10 uF 25 V; re...",high,0.134100,REAL: class example LCSC C39232 @5000+ break (annual qty 5000)
72,18,PCS-PWR: 18,10u 50V,Capacitor 10u 50V X7R 1210,,,1210,GENERIC,,0.148600,2.6748,"estimate class:mlcc_1210_x7r_50v_le10u: GENERIC class rule, reel price of a typical equivalent. LCSC C381467 FS32X106K500EGG (1210); US$0.1486 at 5000+; example is 10 uF 50 V; r...",high,0.148600,REAL: class example LCSC C381467 @5000+ break (annual qty 90000)
73,4,PCS-CTL-3W: 4,10u 50V,Capacitor 10u 10% 50V X7R 1210,,,1210,GENERIC,,0.148600,0.5944,"estimate class:mlcc_1210_x7r_50v_le10u: GENERIC class rule, reel price of a typical equivalent. LCSC C381467 FS32X106K500EGG (1210); US$0.1486 at 5000+; example is 10 uF 50 V; r...",high,0.148600,REAL: class example LCSC C381467 @5000+ break (annual qty 20000)
74,1,PCS-PWR: 1,11.8k,Resistor 11.8k 0.1% 0603,,,0603,GENERIC,,0.003900,0.0039,"estimate class:res_0603_0.1pct: GENERIC class rule, reel price of a typical equivalent. LCSC C5126214 FRH0603B1002TS (0603); US$0.0039 at 5000+; 10 kOhm 0.1 %; read 2026...",high,0.003900,REAL: class example LCSC C5126214 @5000+ break (annual qty 5000)
75,2,PCS-CTL-3W: 2,11.8k,Resistor 11.8k 0.1% 0603 25 ppm/K,,,0603,GENERIC,,0.003900,0.0078,"estimate class:res_0603_0.1pct: GENERIC class rule, reel price of a typical equivalent. LCSC C5126214 FRH0603B1002TS (0603); US$0.0039 at 5000+; 10 kOhm 0.1 %; read 2026...",high,0.003500,REAL: class example LCSC C5126214 @10000+ break (annual qty 10000)
76,8,PCS-PWR: 8,110k,"Resistor 110k 1% 1210 HV thick film, >= 200 V working",,,1210,GENERIC,,0.050000,0.4000,"estimate class:res_1210_1pct: GENERIC class rule: 1210 1 % high-voltage thick-film chip (bleeder strings, >= 200 V working); Asian HV chip class price as in gen/data/c...",low,0.048000,ASSUMED x0.96 [chip_passive_class]
77,1,PCS-CTL-3W: 1,115R,Resistor 115R 0.1% 0603 25 ppm/K,,,0603,GENERIC,,0.003900,0.0039,"estimate class:res_0603_0.1pct: GENERIC class rule, reel price of a typical equivalent. LCSC C5126214 FRH0603B1002TS (0603); US$0.0039 at 5000+; 10 kOhm 0.1 %; read 2026...",high,0.003900,REAL: class example LCSC C5126214 @5000+ break (annual qty 5000)
78,3,chassis: 3,120 mm wire guard,Finger guard for a 120 mm fan,,,chassis,GENERIC,,0.300000,0.9000,estimate 120 mm wire guard: ESTIMATE: stamped steel finger guard for a 120 mm fan (architect's list 0.30); no listing read,low,0.255000,ASSUMED x0.85 [custom_mech]
79,1,PCS-CTL-3W: 1,120R,Resistor 120R 1% 0805,,,0805,GENERIC,,0.001500,0.0015,"estimate class:res_0805_1pct: GENERIC class rule, reel price of a typical equivalent. LCSC C17878 0805W8F976JT5E (0805); US$0.0015 at 5000+; 97.6 Ohm 1 %; read 2026-10...",high,0.001500,REAL: class example LCSC C17878 @5000+ break (annual qty 5000)
80,1,PCS-PWR: 1,120p 50V,Capacitor 120p 50V C0G 0603,,,0603,GENERIC,,0.005500,0.0055,"estimate class:mlcc_0603_c0g_50v_le1n: GENERIC class rule, reel price of a typical equivalent. LCSC C14665 CC0603JRNPO9BN101 (0603); US$0.0055 at 4000+; example is 100 pF; read...",high,0.005500,REAL: class example LCSC C14665 @4000+ break (annual qty 5000)
81,1,PCS-PWR: 1,12n 50V,Capacitor 12n 5% 50V C0G 0805,,,0805,GENERIC,,0.136200,0.1362,"estimate class:mlcc_0805_c0g_50v_le100n: GENERIC class rule, reel price of a typical equivalent. LCSC C97946 GRM31C5C1H104JA01L (1206); US$0.1362 at 4000+; no 0805 C0G >= 10 nF i...",low,0.136200,REAL: class example LCSC C97946 @4000+ break (annual qty 5000)
82,1,PCS-CTL-3W: 1,13.3k,Resistor 13.3k 1% 0603,,,0603,GENERIC,,0.003000,0.0030,"estimate class:res_0603_1pct: GENERIC class rule, reel price of a typical equivalent. LCSC C2906982 FRC0603F1002TS (0603); US$0.003 at 5000+; 10 kOhm 1 %; read 2026-10...",high,0.003000,REAL: class example LCSC C2906982 @5000+ break (annual qty 5000)
83,1,PCS-PWR: 1,13.7k,Resistor 13.7k 1% 0603,,,0603,GENERIC,,0.003000,0.0030,"estimate class:res_0603_1pct: GENERIC class rule, reel price of a typical equivalent. LCSC C2906982 FRC0603F1002TS (0603); US$0.003 at 5000+; 10 kOhm 1 %; read 2026-10...",high,0.003000,REAL: class example LCSC C2906982 @5000+ break (annual qty 5000)
84,1,PCS-CTL-3W: 1,13.7k,Resistor 13.7k 0.1% 0603 25 ppm/K,,,0603,GENERIC,,0.003900,0.0039,"estimate class:res_0603_0.1pct: GENERIC class rule, reel price of a typical equivalent. LCSC C5126214 FRH0603B1002TS (0603); US$0.0039 at 5000+; 10 kOhm 0.1 %; read 2026...",high,0.003900,REAL: class example LCSC C5126214 @5000+ break (annual qty 5000)
85,1,PCS-PWR: 1,14.7k,Resistor 14.7k 0.1% 0603,,,0603,GENERIC,,0.003900,0.0039,"estimate class:res_0603_0.1pct: GENERIC class rule, reel price of a typical equivalent. LCSC C5126214 FRH0603B1002TS (0603); US$0.0039 at 5000+; 10 kOhm 0.1 %; read 2026...",high,0.003900,REAL: class example LCSC C5126214 @5000+ break (annual qty 5000)
86,1,PCS-CTL-3W: 1,15.0k,Resistor 15.0k 1% 0603,,,0603,GENERIC,,0.003000,0.0030,"estimate class:res_0603_1pct: GENERIC class rule, reel price of a typical equivalent. LCSC C2906982 FRC0603F1002TS (0603); US$0.003 at 5000+; 10 kOhm 1 %; read 2026-10...",high,0.003000,REAL: class example LCSC C2906982 @5000+ break (annual qty 5000)
87,6,PCS-PWR: 6,150R,Resistor 150R 1% 0603 lifts the CLAMP node at turn-on,,,0603,GENERIC,,0.003000,0.0180,"estimate class:res_0603_1pct: GENERIC class rule, reel price of a typical equivalent. LCSC C2906982 FRC0603F1002TS (0603); US$0.003 at 5000+; 10 kOhm 1 %; read 2026-10...",high,0.002900,REAL: class example LCSC C2906982 @10000+ break (annual qty 30000)
88,2,PCS-PWR: 2,150R,Resistor 150R 1% 2512,,,2512,GENERIC,,0.025800,0.0516,"estimate class:res_2512_1pct: GENERIC class rule, reel price of a typical equivalent. LCSC C2934076 FRC2512F4702TS (2512); US$0.0258 at 4000+; 47 kOhm 1 W 1 %; read 20...",high,0.024100,REAL: class example LCSC C2934076 @8000+ break (annual qty 10000)
89,1,PCS-CTL-3W: 1,150n 50V,Capacitor 150n 10% 50V X7R 0603,,,0603,GENERIC,,0.009100,0.0091,"estimate class:mlcc_0603_x7r_50v_le1u: GENERIC class rule, reel price of a typical equivalent. LCSC C64705 CL10B224KB8NNNC (0603); US$0.0091 at 4000+; example is 220 nF; read 2...",high,0.009100,REAL: class example LCSC C64705 @4000+ break (annual qty 5000)
90,1,PCS-PWR: 1,150p 50V,Capacitor 150p 50V C0G 0603,,,0603,GENERIC,,0.005500,0.0055,"estimate class:mlcc_0603_c0g_50v_le1n: GENERIC class rule, reel price of a typical equivalent. LCSC C14665 CC0603JRNPO9BN101 (0603); US$0.0055 at 4000+; example is 100 pF; read...",high,0.005500,REAL: class example LCSC C14665 @4000+ break (annual qty 5000)
91,1,PCS-CTL-3W: 1,15n 50V,Capacitor 15n 10% 50V X7R 0603,,,0603,GENERIC,,0.009200,0.0092,"estimate class:mlcc_0603_x7r_50v_le100n: GENERIC class rule, reel price of a typical equivalent. LCSC C14663 CC0603KRX7R9BB104 (0603); US$0.0092 at 4000+; read 2026-10-04 via the...",high,0.009200,REAL: class example LCSC C14663 @4000+ break (annual qty 5000)
92,3,PCS-PWR: 3,1M,Resistor 1M 1% 0603,,,0603,GENERIC,,0.003000,0.0090,"estimate class:res_0603_1pct: GENERIC class rule, reel price of a typical equivalent. LCSC C2906982 FRC0603F1002TS (0603); US$0.003 at 5000+; 10 kOhm 1 %; read 2026-10...",high,0.002900,REAL: class example LCSC C2906982 @10000+ break (annual qty 15000)
93,4,PCS-CTL-3W: 4,1M,Resistor 1M 1% 0603 dead-sensor pull-up,,,0603,GENERIC,,0.003000,0.0120,"estimate class:res_0603_1pct: GENERIC class rule, reel price of a typical equivalent. LCSC C2906982 FRC0603F1002TS (0603); US$0.003 at 5000+; 10 kOhm 1 %; read 2026-10...",high,0.002900,REAL: class example LCSC C2906982 @10000+ break (annual qty 20000)
94,1,PCS-CTL-3W: 1,1M,Resistor 1M 1% 1206,,,1206,GENERIC,,0.002300,0.0023,"estimate class:res_1206_1pct: GENERIC class rule, reel price of a typical equivalent. LCSC C305316 WR12X1581FTL (1206); US$0.0023 at 5000+; 1.58 kOhm 1 %; read 2026-10...",high,0.002300,REAL: class example LCSC C305316 @5000+ break (annual qty 5000)
95,6,PCS-PWR: 6,1k,Resistor 1k 1% 0603 NSI6651 TEST low / UCC21750 APWM load,,,0603,GENERIC,,0.003000,0.0180,"estimate class:res_0603_1pct: GENERIC class rule, reel price of a typical equivalent. LCSC C2906982 FRC0603F1002TS (0603); US$0.003 at 5000+; 10 kOhm 1 %; read 2026-10...",high,0.002900,REAL: class example LCSC C2906982 @10000+ break (annual qty 30000)
96,12,PCS-PWR: 12,1k,Resistor 1k 1% 0603 B-E: buffer off while OUTL is high-Z,,,0603,GENERIC,,0.003000,0.0360,"estimate class:res_0603_1pct: GENERIC class rule, reel price of a typical equivalent. LCSC C2906982 FRC0603F1002TS (0603); US$0.003 at 5000+; 10 kOhm 1 %; read 2026-10...",high,0.002800,REAL: class example LCSC C2906982 @50200+ break (annual qty 60000)
97,15,PCS-PWR: 15,1k,Resistor 1k 1% 0603,,,0603,GENERIC,,0.003000,0.0450,"estimate class:res_0603_1pct: GENERIC class rule, reel price of a typical equivalent. LCSC C2906982 FRC0603F1002TS (0603); US$0.003 at 5000+; 10 kOhm 1 %; read 2026-10...",high,0.002800,REAL: class example LCSC C2906982 @50200+ break (annual qty 75000)
98,58,PCS-CTL-3W: 13; PCS-PWR: 45,1n 50V,Capacitor 1n 5% 50V C0G 0603,,,0603,GENERIC,,0.005500,0.3190,"estimate class:mlcc_0603_c0g_50v_le1n: GENERIC class rule, reel price of a typical equivalent. LCSC C14665 CC0603JRNPO9BN101 (0603); US$0.0055 at 4000+; example is 100 pF; read...",high,0.005100,REAL: class example LCSC C14665 @48200+ break (annual qty 290000)
99,5,PCS-CTL-3W: 3; PCS-PWR: 2,1n 50V,Capacitor 1n 50V X7R 0603,,,0603,GENERIC,,0.004300,0.0215,"estimate class:mlcc_0603_x7r_50v_le1n: GENERIC class rule, reel price of a typical equivalent. LCSC C1588 CL10B102KB8NNNC (0603); US$0.0043 at 4000+; read 2026-10-04 via the jl...",high,0.004100,REAL: class example LCSC C1588 @24100+ break (annual qty 25000)
100,4,PCS-CTL-3W: 4,1u 10V,Capacitor 1u 10% 10V X7R 0603,,,0603,GENERIC,,0.015800,0.0632,"estimate class:mlcc_0603_x7r_10v_le1u: GENERIC class rule, reel price of a typical equivalent. LCSC C59782 CL10B105KO8NNNC (0603, 1 uF 16 V); US$0.0158 at 4000+; read 2026-10-0...",high,0.015800,REAL: class example LCSC C59782 @4000+ break (annual qty 20000)
101,3,PCS-PWR: 3,1u 16V,Capacitor 1u 16V X7R 0603,,,0603,GENERIC,,0.015800,0.0474,"estimate class:mlcc_0603_x7r_16v_le1u: GENERIC class rule, reel price of a typical equivalent. LCSC C59782 CL10B105KO8NNNC (0603); US$0.0158 at 4000+; example is 1 uF 16 V; rea...",high,0.015800,REAL: class example LCSC C59782 @4000+ break (annual qty 15000)
102,1,PCS-PWR: 1,1u 25V,Capacitor 1u 25V X7R 0603,,,0603,GENERIC,,0.016000,0.0160,"estimate class:mlcc_0603_x7r_25v_le1u: GENERIC class rule, reel price of a typical equivalent. LCSC C29936 CL10B105KA8NNNC (0603); US$0.016 at 4000+; example is 1 uF 25 V; read...",high,0.016000,REAL: class example LCSC C29936 @4000+ break (annual qty 5000)
103,36,PCS-PWR: 36,1u 50V,Capacitor 1u 50V X7R 0805,,,0805,GENERIC,,0.035800,1.2888,"estimate class:mlcc_0805_x7r_50v_le1u: GENERIC class rule, reel price of a typical equivalent. LCSC C28323 CL21B105KBFNNNE (0805); US$0.0358 at 2000+; read 2026-10-04 via the j...",high,0.034500,REAL: class example LCSC C28323 @20000+ break (annual qty 180000)
104,1,PCS-PWR: 1,1u 50V,Capacitor 1u 10% 50V X7R 1206,,,1206,GENERIC,,0.035800,0.0358,"estimate class:mlcc_1206_x7r_50v_le1u: GENERIC class rule, reel price of a typical equivalent. LCSC C1848 CL31B105KBHNNNE (1206); US$0.0358 at 4000+; example is 1 uF 50 V; read...",high,0.035800,REAL: class example LCSC C1848 @4000+ break (annual qty 5000)
105,1,PCS-PWR: 1,2.15k,Resistor 2.15k 0.1% 0603,,,0603,GENERIC,,0.003900,0.0039,"estimate class:res_0603_0.1pct: GENERIC class rule, reel price of a typical equivalent. LCSC C5126214 FRH0603B1002TS (0603); US$0.0039 at 5000+; 10 kOhm 0.1 %; read 2026...",high,0.003900,REAL: class example LCSC C5126214 @5000+ break (annual qty 5000)
106,1,PCS-CTL-3W: 1,2.15k,Resistor 2.15k 1% 0603,,,0603,GENERIC,,0.003000,0.0030,"estimate class:res_0603_1pct: GENERIC class rule, reel price of a typical equivalent. LCSC C2906982 FRC0603F1002TS (0603); US$0.003 at 5000+; 10 kOhm 1 %; read 2026-10...",high,0.003000,REAL: class example LCSC C2906982 @5000+ break (annual qty 5000)
107,7,PCS-CTL-3W: 1; PCS-PWR: 6,2.2k,Resistor 2.2k 1% 0603,,,0603,GENERIC,,0.003000,0.0210,"estimate class:res_0603_1pct: GENERIC class rule, reel price of a typical equivalent. LCSC C2906982 FRC0603F1002TS (0603); US$0.003 at 5000+; 10 kOhm 1 %; read 2026-10...",high,0.002900,REAL: class example LCSC C2906982 @10000+ break (annual qty 35000)
108,3,PCS-CTL-3W: 3,2.2u 10V,Capacitor 2.2u 10% 10V X7R 0603,,,0603,GENERIC,,0.016300,0.0489,"estimate class:mlcc_0603_x7r_10v_le10u: GENERIC class rule, reel price of a typical equivalent. LCSC C43922 0603B225K160NT (0603, 2.2 uF 16 V); US$0.0163 at 4000+; read 2026-10-...",high,0.016300,REAL: class example LCSC C43922 @4000+ break (annual qty 15000)
109,1,PCS-PWR: 1,2.2u 16V,Capacitor 2.2u 16V X7R 0603,,,0603,GENERIC,,0.016300,0.0163,"estimate class:mlcc_0603_x7r_16v_le10u: GENERIC class rule, reel price of a typical equivalent. LCSC C43922 0603B225K160NT (0603); US$0.0163 at 4000+; example is 2.2 uF 16 V; re...",high,0.016300,REAL: class example LCSC C43922 @4000+ break (annual qty 5000)
110,6,PCS-PWR: 6,2.2u 50V,Capacitor 2.2u 50V X7R 0805,,,0805,GENERIC,,0.058900,0.3534,"estimate class:mlcc_0805_x7r_50v_le10u: GENERIC class rule, reel price of a typical equivalent. LCSC C125847 CC0805KKX7R9BB225 (0805); US$0.0589 at 3000+; example is 2.2 uF 50 V...",high,0.057300,REAL: class example LCSC C125847 @21000+ break (annual qty 30000)
111,2,PCS-CTL-3W: 2,2.2u 50V,Capacitor 2.2u 10% 50V X7R 1206,,,1206,GENERIC,,0.047100,0.0942,"estimate class:mlcc_1206_x7r_50v_le10u: GENERIC class rule, reel price of a typical equivalent. LCSC C51205 CL31B475KBHNNNE (1206); US$0.0471 at 4000+; example is 4.7 uF 50 V; r...",high,0.046100,REAL: class example LCSC C51205 @10000+ break (annual qty 10000)
112,1,PCS-CTL-3W: 1,2.37k,Resistor 2.37k 0.1% 0603 25 ppm/K,,,0603,GENERIC,,0.003900,0.0039,"estimate class:res_0603_0.1pct: GENERIC class rule, reel price of a typical equivalent. LCSC C5126214 FRH0603B1002TS (0603); US$0.0039 at 5000+; 10 kOhm 0.1 %; read 2026...",high,0.003900,REAL: class example LCSC C5126214 @5000+ break (annual qty 5000)
113,4,PCS-CTL-3W: 4,2.49k,Resistor 2.49k 0.1% 0603 25 ppm/K,,,0603,GENERIC,,0.003900,0.0156,"estimate class:res_0603_0.1pct: GENERIC class rule, reel price of a typical equivalent. LCSC C5126214 FRH0603B1002TS (0603); US$0.0039 at 5000+; 10 kOhm 0.1 %; read 2026...",high,0.003500,REAL: class example LCSC C5126214 @10000+ break (annual qty 20000)
114,1,PCS-CTL-3W: 1,2.87k,Resistor 2.87k 1% 0603,,,0603,GENERIC,,0.003000,0.0030,"estimate class:res_0603_1pct: GENERIC class rule, reel price of a typical equivalent. LCSC C2906982 FRC0603F1002TS (0603); US$0.003 at 5000+; 10 kOhm 1 %; read 2026-10...",high,0.003000,REAL: class example LCSC C2906982 @5000+ break (annual qty 5000)
115,2,PCS-PWR: 2,20.0k,Resistor 20.0k 0.1% 0603,,,0603,GENERIC,,0.003900,0.0078,"estimate class:res_0603_0.1pct: GENERIC class rule, reel price of a typical equivalent. LCSC C5126214 FRH0603B1002TS (0603); US$0.0039 at 5000+; 10 kOhm 0.1 %; read 2026...",high,0.003500,REAL: class example LCSC C5126214 @10000+ break (annual qty 10000)
116,1,PCS-CTL-3W: 1,200k,Resistor 200k 1% 0603,,,0603,GENERIC,,0.003000,0.0030,"estimate class:res_0603_1pct: GENERIC class rule, reel price of a typical equivalent. LCSC C2906982 FRC0603F1002TS (0603); US$0.003 at 5000+; 10 kOhm 1 %; read 2026-10...",high,0.003000,REAL: class example LCSC C2906982 @5000+ break (annual qty 5000)
117,6,PCS-PWR: 6,220R,Resistor 220R 1% 0603,,,0603,GENERIC,,0.003000,0.0180,"estimate class:res_0603_1pct: GENERIC class rule, reel price of a typical equivalent. LCSC C2906982 FRC0603F1002TS (0603); US$0.003 at 5000+; 10 kOhm 1 %; read 2026-10...",high,0.002900,REAL: class example LCSC C2906982 @10000+ break (annual qty 30000)
118,1,PCS-PWR: 1,220k,Resistor 220k 1% 0603 SPD_N high = varistor network open,,,0603,GENERIC,,0.003000,0.0030,"estimate class:res_0603_1pct: GENERIC class rule, reel price of a typical equivalent. LCSC C2906982 FRC0603F1002TS (0603); US$0.003 at 5000+; 10 kOhm 1 %; read 2026-10...",high,0.003000,REAL: class example LCSC C2906982 @5000+ break (annual qty 5000)
119,1,PCS-PWR: 1,220p 50V,Capacitor 220p 50V C0G 0603,,,0603,GENERIC,,0.005500,0.0055,"estimate class:mlcc_0603_c0g_50v_le1n: GENERIC class rule, reel price of a typical equivalent. LCSC C14665 CC0603JRNPO9BN101 (0603); US$0.0055 at 4000+; example is 100 pF; read...",high,0.005500,REAL: class example LCSC C14665 @4000+ break (annual qty 5000)
120,36,PCS-PWR: 36,22R,Resistor 22R 1% 1206 SC booster: sets two-level gate and turn-off di/dt,,,1206,GENERIC,,0.002300,0.0828,"estimate class:res_1206_1pct: GENERIC class rule, reel price of a typical equivalent. LCSC C305316 WR12X1581FTL (1206); US$0.0023 at 5000+; 1.58 kOhm 1 %; read 2026-10...",high,0.001700,REAL: class example LCSC C305316 @50200+ break (annual qty 180000)
121,7,PCS-PWR: 7,22k,Resistor 22k 1% 0603,,,0603,GENERIC,,0.003000,0.0210,"estimate class:res_0603_1pct: GENERIC class rule, reel price of a typical equivalent. LCSC C2906982 FRC0603F1002TS (0603); US$0.003 at 5000+; 10 kOhm 1 %; read 2026-10...",high,0.002900,REAL: class example LCSC C2906982 @10000+ break (annual qty 35000)
122,2,PCS-PWR: 2,22n 2kV,Capacitor 22n 2kV X7R 1812,,,1812,GENERIC,,0.193300,0.3866,"estimate class:mlcc_1812_x7r_2kv_le100n: GENERIC class rule, reel price of a typical equivalent. LCSC C5290328 FV43X223K202EGG (1812); US$0.1933 at 5000+; example is 22 nF 2 kV X...",high,0.193300,REAL: class example LCSC C5290328 @5000+ break (annual qty 10000)
123,2,PCS-PWR: 2,22u 10V,Capacitor 22u 10% 10V X7R 0805,,,0805,GENERIC,,0.462900,0.9258,"estimate class:mlcc_0805_x7r_10v_gt10u: GENERIC class rule, reel price of a typical equivalent. LCSC C907991 GRM21BZ71A226ME15L (0805); US$0.4629 at 3000+; example is 22 uF 10 V...",high,0.459600,REAL: class example LCSC C907991 @6000+ break (annual qty 10000)
124,2,PCS-CTL-3W: 2,22u 10V,Capacitor 22u 10% 10V X7R 1206,,,1206,GENERIC,,0.068200,0.1364,"estimate class:mlcc_1206_x7r_10v_gt10u: GENERIC class rule, reel price of a typical equivalent. LCSC C87996 CL31B226KPHNNNE (1206); US$0.0682 at 4000+; example is 22 uF 10 V; re...",high,0.068200,REAL: class example LCSC C87996 @4000+ break (annual qty 10000)
125,6,PCS-PWR: 6,22u 16V,Capacitor 22u 10% 16V X7R 1206,,,1206,GENERIC,,0.084600,0.5076,"estimate class:mlcc_1206_x7r_16v_gt10u: GENERIC class rule, reel price of a typical equivalent. LCSC C5252682 CS3216X7R226K160NRI (1206); US$0.0846 at 4000+; example is 22 uF 16...",high,0.084600,REAL: class example LCSC C5252682 @4000+ break (annual qty 30000)
126,12,PCS-PWR: 12,22u 25V,Capacitor 22u 25V X7R 1210,,,1210,GENERIC,,0.130200,1.5624,"estimate class:mlcc_1210_x7r_25v_gt10u: GENERIC class rule, reel price of a typical equivalent. LCSC C2918511 CS3225X7R226K250NRL (1210); US$0.1302 at 5000+; example is 22 uF 25...",high,0.130200,REAL: class example LCSC C2918511 @5000+ break (annual qty 60000)
127,2,PCS-PWR: 2,24.9k,Resistor 24.9k 0.1% 0603,,,0603,GENERIC,,0.003900,0.0078,"estimate class:res_0603_0.1pct: GENERIC class rule, reel price of a typical equivalent. LCSC C5126214 FRH0603B1002TS (0603); US$0.0039 at 5000+; 10 kOhm 0.1 %; read 2026...",high,0.003500,REAL: class example LCSC C5126214 @10000+ break (annual qty 10000)
128,1,PCS-PWR: 1,3.3n 50V,Capacitor 3.3n 50V C0G 0603,,,0603,GENERIC,,0.028200,0.0282,"estimate class:mlcc_0603_c0g_50v_le100n: GENERIC class rule, reel price of a typical equivalent. LCSC C576818 CC0603JRNPO9BN472 (0603); US$0.0282 at 4000+; example is 4.7 nF; rea...",high,0.028200,REAL: class example LCSC C576818 @4000+ break (annual qty 5000)
129,1,PCS-PWR: 1,3.57k,Resistor 3.57k 0.1% 0603,,,0603,GENERIC,,0.003900,0.0039,"estimate class:res_0603_0.1pct: GENERIC class rule, reel price of a typical equivalent. LCSC C5126214 FRH0603B1002TS (0603); US$0.0039 at 5000+; 10 kOhm 0.1 %; read 2026...",high,0.003900,REAL: class example LCSC C5126214 @5000+ break (annual qty 5000)
130,6,PCS-PWR: 6,3.65k,Resistor 3.65k 1% 0603,,,0603,GENERIC,,0.003000,0.0180,"estimate class:res_0603_1pct: GENERIC class rule, reel price of a typical equivalent. LCSC C2906982 FRC0603F1002TS (0603); US$0.003 at 5000+; 10 kOhm 1 %; read 2026-10...",high,0.002900,REAL: class example LCSC C2906982 @10000+ break (annual qty 30000)
131,2,PCS-PWR: 2,30.1k,Resistor 30.1k 0.1% 0603,,,0603,GENERIC,,0.003900,0.0078,"estimate class:res_0603_0.1pct: GENERIC class rule, reel price of a typical equivalent. LCSC C5126214 FRH0603B1002TS (0603); US$0.0039 at 5000+; 10 kOhm 0.1 %; read 2026...",high,0.003500,REAL: class example LCSC C5126214 @10000+ break (annual qty 10000)
132,1,PCS-CTL-3W: 1,30.9k,Resistor 30.9k 0.1% 0603 25 ppm/K,,,0603,GENERIC,,0.003900,0.0039,"estimate class:res_0603_0.1pct: GENERIC class rule, reel price of a typical equivalent. LCSC C5126214 FRH0603B1002TS (0603); US$0.0039 at 5000+; 10 kOhm 0.1 %; read 2026...",high,0.003900,REAL: class example LCSC C5126214 @5000+ break (annual qty 5000)
133,1,PCS-PWR: 1,31.6k,Resistor 31.6k 0.1% 0603,,,0603,GENERIC,,0.003900,0.0039,"estimate class:res_0603_0.1pct: GENERIC class rule, reel price of a typical equivalent. LCSC C5126214 FRH0603B1002TS (0603); US$0.0039 at 5000+; 10 kOhm 0.1 %; read 2026...",high,0.003900,REAL: class example LCSC C5126214 @5000+ break (annual qty 5000)
134,1,PCS-CTL-3W: 1,324k,Resistor 324k 1% 0603,,,0603,GENERIC,,0.003000,0.0030,"estimate class:res_0603_1pct: GENERIC class rule, reel price of a typical equivalent. LCSC C2906982 FRC0603F1002TS (0603); US$0.003 at 5000+; 10 kOhm 1 %; read 2026-10...",high,0.003000,REAL: class example LCSC C2906982 @5000+ break (annual qty 5000)
135,6,PCS-PWR: 6,330R,Resistor 330R 1% 0603,,,0603,GENERIC,,0.003000,0.0180,"estimate class:res_0603_1pct: GENERIC class rule, reel price of a typical equivalent. LCSC C2906982 FRC0603F1002TS (0603); US$0.003 at 5000+; 10 kOhm 1 %; read 2026-10...",high,0.002900,REAL: class example LCSC C2906982 @10000+ break (annual qty 30000)
136,2,PCS-PWR: 2,330R,Resistor 330R 1% 0805 SSR input 11 mA (IF(ON) 7-30 mA),,,0805,GENERIC,,0.001500,0.0030,"estimate class:res_0805_1pct: GENERIC class rule, reel price of a typical equivalent. LCSC C17878 0805W8F976JT5E (0805); US$0.0015 at 5000+; 97.6 Ohm 1 %; read 2026-10...",high,0.001400,REAL: class example LCSC C17878 @10000+ break (annual qty 10000)
137,1,PCS-CTL-3W: 1,33k,Resistor 33k 1% 0805,,,0805,GENERIC,,0.001500,0.0015,"estimate class:res_0805_1pct: GENERIC class rule, reel price of a typical equivalent. LCSC C17878 0805W8F976JT5E (0805); US$0.0015 at 5000+; 97.6 Ohm 1 %; read 2026-10...",high,0.001500,REAL: class example LCSC C17878 @5000+ break (annual qty 5000)
138,1,PCS-PWR: 1,348k,Resistor 348k 1% 0603,,,0603,GENERIC,,0.003000,0.0030,"estimate class:res_0603_1pct: GENERIC class rule, reel price of a typical equivalent. LCSC C2906982 FRC0603F1002TS (0603); US$0.003 at 5000+; 10 kOhm 1 %; read 2026-10...",high,0.003000,REAL: class example LCSC C2906982 @5000+ break (annual qty 5000)
139,4,PCS-CTL-3W: 4,36.5k,Resistor 36.5k 0.1% 0603 25 ppm/K,,,0603,GENERIC,,0.003900,0.0156,"estimate class:res_0603_0.1pct: GENERIC class rule, reel price of a typical equivalent. LCSC C5126214 FRH0603B1002TS (0603); US$0.0039 at 5000+; 10 kOhm 0.1 %; read 2026...",high,0.003500,REAL: class example LCSC C5126214 @10000+ break (annual qty 20000)
140,4,PCS-PWR: 4,37.4,"Resistor 37.4 1% 2512 economiser hold resistor, 4 in series = 150 ohm",,,2512,GENERIC,,0.025800,0.1032,"estimate class:res_2512_1pct: GENERIC class rule, reel price of a typical equivalent. LCSC C2934076 FRC2512F4702TS (2512); US$0.0258 at 4000+; 47 kOhm 1 W 1 %; read 20...",high,0.023300,REAL: class example LCSC C2934076 @20000+ break (annual qty 20000)
141,6,PCS-PWR: 6,4.02k,Resistor 4.02k 0.1% 0603,,,0603,GENERIC,,0.003900,0.0234,"estimate class:res_0603_0.1pct: GENERIC class rule, reel price of a typical equivalent. LCSC C5126214 FRH0603B1002TS (0603); US$0.0039 at 5000+; 10 kOhm 0.1 %; read 2026...",high,0.003500,REAL: class example LCSC C5126214 @10000+ break (annual qty 30000)
142,36,PCS-PWR: 36,4.7R,Resistor 4.7R 1% 0603,,,0603,GENERIC,,0.003000,0.1080,"estimate class:res_0603_1pct: GENERIC class rule, reel price of a typical equivalent. LCSC C2906982 FRC0603F1002TS (0603); US$0.003 at 5000+; 10 kOhm 1 %; read 2026-10...",high,0.002800,REAL: class example LCSC C2906982 @50200+ break (annual qty 180000)
143,6,PCS-PWR: 6,4.7k,Resistor 4.7k 1% 0805 COM bias: sources the ATL431 shunt,,,0805,GENERIC,,0.001500,0.0090,"estimate class:res_0805_1pct: GENERIC class rule, reel price of a typical equivalent. LCSC C17878 0805W8F976JT5E (0805); US$0.0015 at 5000+; 97.6 Ohm 1 %; read 2026-10...",high,0.001400,REAL: class example LCSC C17878 @10000+ break (annual qty 30000)
144,10,PCS-CTL-3W: 7; PCS-PWR: 3,4.7k,Resistor 4.7k 1% 0603,,,0603,GENERIC,,0.003000,0.0300,"estimate class:res_0603_1pct: GENERIC class rule, reel price of a typical equivalent. LCSC C2906982 FRC0603F1002TS (0603); US$0.003 at 5000+; 10 kOhm 1 %; read 2026-10...",high,0.002800,REAL: class example LCSC C2906982 @50000+ break (annual qty 50000)
145,1,PCS-CTL-3W: 1,4.7n 100V,Capacitor 4.7n 10% 100V X7R 0603,,,0603,GENERIC,,0.011100,0.0111,"estimate class:mlcc_0603_x7r_100v_le100n: GENERIC class rule, reel price of a typical equivalent. LCSC C113803 CC0603KRX7R0BB104 (0603); US$0.0111 at 4000+; read 2026-10-04 via th...",high,0.011100,REAL: class example LCSC C113803 @4000+ break (annual qty 5000)
146,1,PCS-CTL-3W: 1,4.7n 1kV,Capacitor 4.7n 10% 1kV X7R 1206,,,1206,GENERIC,,0.025400,0.0254,"estimate class:mlcc_1206_x7r_1kv_le100n: GENERIC class rule, reel price of a typical equivalent. LCSC C107198 CC1206KKX7RCBB472 (1206); US$0.0254 at 3000+; example is 4.7 nF 1 kV...",high,0.025400,REAL: class example LCSC C107198 @3000+ break (annual qty 5000)
147,18,PCS-PWR: 18,4.7n 2000V,Capacitor 4.7n 5% 2000V C0G 2220,,,2220,GENERIC,,0.624800,11.2464,"estimate class:mlcc_2220_c0g_2kv_le100n: GENERIC class rule, reel price of a typical equivalent. LCSC C1021538 FV55N472J202EGG (2220); US$0.6248 at 1000+; example is 4.7 nF 2 kV...",high,0.624800,REAL: class example LCSC C1021538 @1000+ break (annual qty 90000)
148,10,PCS-PWR: 10,4.7n 50V,Capacitor 4.7n 5% 50V C0G 0603,,,0603,GENERIC,,0.028200,0.2820,"estimate class:mlcc_0603_c0g_50v_le100n: GENERIC class rule, reel price of a typical equivalent. LCSC C576818 CC0603JRNPO9BN472 (0603); US$0.0282 at 4000+; example is 4.7 nF; rea...",high,0.025900,REAL: class example LCSC C576818 @20000+ break (annual qty 50000)
149,6,PCS-PWR: 6,4.7u 50V,Capacitor 4.7u 50V X7R 1206,,,1206,GENERIC,,0.047100,0.2826,"estimate class:mlcc_1206_x7r_50v_le10u: GENERIC class rule, reel price of a typical equivalent. LCSC C51205 CL31B475KBHNNNE (1206); US$0.0471 at 4000+; example is 4.7 uF 50 V; r...",high,0.046100,REAL: class example LCSC C51205 @10000+ break (annual qty 30000)
150,4,PCS-PWR: 4,4.7u 50V,Capacitor 4.7u 50V X7R 1210,,,1210,GENERIC,,0.148600,0.5944,"estimate class:mlcc_1210_x7r_50v_le10u: GENERIC class rule, reel price of a typical equivalent. LCSC C381467 FS32X106K500EGG (1210); US$0.1486 at 5000+; example is 10 uF 50 V; r...",high,0.148600,REAL: class example LCSC C381467 @5000+ break (annual qty 20000)
151,1,PCS-PWR: 1,4.99k,Resistor 4.99k 1% 0603 RDY pull-up (power board),,,0603,GENERIC,,0.003000,0.0030,"estimate class:res_0603_1pct: GENERIC class rule, reel price of a typical equivalent. LCSC C2906982 FRC0603F1002TS (0603); US$0.003 at 5000+; 10 kOhm 1 %; read 2026-10...",high,0.003000,REAL: class example LCSC C2906982 @5000+ break (annual qty 5000)
152,4,PCS-CTL-3W: 4,4.99k,Resistor 4.99k 0.1% 0603 25 ppm/K,,,0603,GENERIC,,0.003900,0.0156,"estimate class:res_0603_0.1pct: GENERIC class rule, reel price of a typical equivalent. LCSC C5126214 FRH0603B1002TS (0603); US$0.0039 at 5000+; 10 kOhm 0.1 %; read 2026...",high,0.003500,REAL: class example LCSC C5126214 @10000+ break (annual qty 20000)
153,1,PCS-CTL-3W: 1,4.99k,Resistor 4.99k 1% 0603,,,0603,GENERIC,,0.003000,0.0030,"estimate class:res_0603_1pct: GENERIC class rule, reel price of a typical equivalent. LCSC C2906982 FRC0603F1002TS (0603); US$0.003 at 5000+; 10 kOhm 1 %; read 2026-10...",high,0.003000,REAL: class example LCSC C2906982 @5000+ break (annual qty 5000)
154,4,PCS-CTL-3W: 4,40.2k,Resistor 40.2k 0.1% 0603 25 ppm/K,,,0603,GENERIC,,0.003900,0.0156,"estimate class:res_0603_0.1pct: GENERIC class rule, reel price of a typical equivalent. LCSC C5126214 FRH0603B1002TS (0603); US$0.0039 at 5000+; 10 kOhm 0.1 %; read 2026...",high,0.003500,REAL: class example LCSC C5126214 @10000+ break (annual qty 20000)
155,2,PCS-PWR: 2,470p 50V,Capacitor 470p 5% 50V C0G 0603,,,0603,GENERIC,,0.005500,0.0110,"estimate class:mlcc_0603_c0g_50v_le1n: GENERIC class rule, reel price of a typical equivalent. LCSC C14665 CC0603JRNPO9BN101 (0603); US$0.0055 at 4000+; example is 100 pF; read...",high,0.005300,REAL: class example LCSC C14665 @8000+ break (annual qty 10000)
156,1,PCS-PWR: 1,470p 50V,Capacitor 470p 50V C0G 0603,,,0603,GENERIC,,0.005500,0.0055,"estimate class:mlcc_0603_c0g_50v_le1n: GENERIC class rule, reel price of a typical equivalent. LCSC C14665 CC0603JRNPO9BN101 (0603); US$0.0055 at 4000+; example is 100 pF; read...",high,0.005500,REAL: class example LCSC C14665 @4000+ break (annual qty 5000)
157,4,PCS-CTL-3W: 4,47R,Resistor 47R 1% 0603,,,0603,GENERIC,,0.003000,0.0120,"estimate class:res_0603_1pct: GENERIC class rule, reel price of a typical equivalent. LCSC C2906982 FRC0603F1002TS (0603); US$0.003 at 5000+; 10 kOhm 1 %; read 2026-10...",high,0.002900,REAL: class example LCSC C2906982 @10000+ break (annual qty 20000)
158,2,PCS-PWR: 2,47k,Resistor 47k 1% 0603,,,0603,GENERIC,,0.003000,0.0060,"estimate class:res_0603_1pct: GENERIC class rule, reel price of a typical equivalent. LCSC C2906982 FRC0603F1002TS (0603); US$0.003 at 5000+; 10 kOhm 1 %; read 2026-10...",high,0.002900,REAL: class example LCSC C2906982 @10000+ break (annual qty 10000)
159,10,PCS-CTL-3W: 4; PCS-PWR: 6,47p 50V,Capacitor 47p 5% 50V C0G 0603,,,0603,GENERIC,,0.005500,0.0550,"estimate class:mlcc_0603_c0g_50v_le1n: GENERIC class rule, reel price of a typical equivalent. LCSC C14665 CC0603JRNPO9BN101 (0603); US$0.0055 at 4000+; example is 100 pF; read...",high,0.005100,REAL: class example LCSC C14665 @48200+ break (annual qty 50000)
160,1,PCS-CTL-3W: 1,49.9k,Resistor 49.9k 1% 0603,,,0603,GENERIC,,0.003000,0.0030,"estimate class:res_0603_1pct: GENERIC class rule, reel price of a typical equivalent. LCSC C2906982 FRC0603F1002TS (0603); US$0.003 at 5000+; 10 kOhm 1 %; read 2026-10...",high,0.003000,REAL: class example LCSC C2906982 @5000+ break (annual qty 5000)
161,1,PCS-CTL-3W: 1,5.11k,Resistor 5.11k 0.1% 0603 25 ppm/K,,,0603,GENERIC,,0.003900,0.0039,"estimate class:res_0603_0.1pct: GENERIC class rule, reel price of a typical equivalent. LCSC C5126214 FRH0603B1002TS (0603); US$0.0039 at 5000+; 10 kOhm 0.1 %; read 2026...",high,0.003900,REAL: class example LCSC C5126214 @5000+ break (annual qty 5000)
162,1,PCS-CTL-3W: 1,53.6k,Resistor 53.6k 1% 0603,,,0603,GENERIC,,0.003000,0.0030,"estimate class:res_0603_1pct: GENERIC class rule, reel price of a typical equivalent. LCSC C2906982 FRC0603F1002TS (0603); US$0.003 at 5000+; 10 kOhm 1 %; read 2026-10...",high,0.003000,REAL: class example LCSC C2906982 @5000+ break (annual qty 5000)
163,1,PCS-PWR: 1,56k,Resistor 56k 1% 0603 pull-in window R_t C_t = 56 ms,,,0603,GENERIC,,0.003000,0.0030,"estimate class:res_0603_1pct: GENERIC class rule, reel price of a typical equivalent. LCSC C2906982 FRC0603F1002TS (0603); US$0.003 at 5000+; 10 kOhm 1 %; read 2026-10...",high,0.003000,REAL: class example LCSC C2906982 @5000+ break (annual qty 5000)
164,1,PCS-PWR: 1,57.6k,Resistor 57.6k 0.1% 0603,,,0603,GENERIC,,0.003900,0.0039,"estimate class:res_0603_0.1pct: GENERIC class rule, reel price of a typical equivalent. LCSC C5126214 FRH0603B1002TS (0603); US$0.0039 at 5000+; 10 kOhm 0.1 %; read 2026...",high,0.003900,REAL: class example LCSC C5126214 @5000+ break (annual qty 5000)
165,2,PCS-PWR: 2,6.04k,Resistor 6.04k 0.1% 0603,,,0603,GENERIC,,0.003900,0.0078,"estimate class:res_0603_0.1pct: GENERIC class rule, reel price of a typical equivalent. LCSC C5126214 FRH0603B1002TS (0603); US$0.0039 at 5000+; 10 kOhm 0.1 %; read 2026...",high,0.003500,REAL: class example LCSC C5126214 @10000+ break (annual qty 10000)
166,1,PCS-PWR: 1,6.49k,Resistor 6.49k 0.1% 0603,,,0603,GENERIC,,0.003900,0.0039,"estimate class:res_0603_0.1pct: GENERIC class rule, reel price of a typical equivalent. LCSC C5126214 FRH0603B1002TS (0603); US$0.0039 at 5000+; 10 kOhm 0.1 %; read 2026...",high,0.003900,REAL: class example LCSC C5126214 @5000+ break (annual qty 5000)
167,1,PCS-PWR: 1,6.81M,Resistor 6.81M 1% 0603,,,0603,GENERIC,,0.003000,0.0030,"estimate class:res_0603_1pct: GENERIC class rule, reel price of a typical equivalent. LCSC C2906982 FRC0603F1002TS (0603); US$0.003 at 5000+; 10 kOhm 1 %; read 2026-10...",high,0.003000,REAL: class example LCSC C2906982 @5000+ break (annual qty 5000)
168,2,PCS-CTL-3W: 2,60.4R,Resistor 60.4R 1% 0805,,,0805,GENERIC,,0.001500,0.0030,"estimate class:res_0805_1pct: GENERIC class rule, reel price of a typical equivalent. LCSC C17878 0805W8F976JT5E (0805); US$0.0015 at 5000+; 97.6 Ohm 1 %; read 2026-10...",high,0.001400,REAL: class example LCSC C17878 @10000+ break (annual qty 10000)
169,2,PCS-PWR: 2,64.9k,Resistor 64.9k 1% 0603,,,0603,GENERIC,,0.003000,0.0060,"estimate class:res_0603_1pct: GENERIC class rule, reel price of a typical equivalent. LCSC C2906982 FRC0603F1002TS (0603); US$0.003 at 5000+; 10 kOhm 1 %; read 2026-10...",high,0.002900,REAL: class example LCSC C2906982 @10000+ break (annual qty 10000)
170,1,PCS-PWR: 1,649k,Resistor 649k 0.1% 0603,,,0603,GENERIC,,0.003900,0.0039,"estimate class:res_0603_0.1pct: GENERIC class rule, reel price of a typical equivalent. LCSC C5126214 FRH0603B1002TS (0603); US$0.0039 at 5000+; 10 kOhm 0.1 %; read 2026...",high,0.003900,REAL: class example LCSC C5126214 @5000+ break (annual qty 5000)
171,1,PCS-PWR: 1,68.1k,Resistor 68.1k 1% 0603,,,0603,GENERIC,,0.003000,0.0030,"estimate class:res_0603_1pct: GENERIC class rule, reel price of a typical equivalent. LCSC C2906982 FRC0603F1002TS (0603); US$0.003 at 5000+; 10 kOhm 1 %; read 2026-10...",high,0.003000,REAL: class example LCSC C2906982 @5000+ break (annual qty 5000)
172,1,PCS-CTL-3W: 1,680R,Resistor 680R 1% 0603,,,0603,GENERIC,,0.003000,0.0030,"estimate class:res_0603_1pct: GENERIC class rule, reel price of a typical equivalent. LCSC C2906982 FRC0603F1002TS (0603); US$0.003 at 5000+; 10 kOhm 1 %; read 2026-10...",high,0.003000,REAL: class example LCSC C2906982 @5000+ break (annual qty 5000)
173,1,PCS-PWR: 1,680n 25V,Capacitor 680n 10% 25V X7R 1206,,,1206,GENERIC,,0.035800,0.0358,"estimate class:mlcc_1206_x7r_25v_le1u: GENERIC class rule, reel price of a typical equivalent. LCSC C1848 CL31B105KBHNNNE (1206, 1 uF 50 V); US$0.0358 at 4000+; read 2026-10-04...",high,0.035800,REAL: class example LCSC C1848 @4000+ break (annual qty 5000)
174,1,PCS-PWR: 1,68n 50V,Capacitor 68n 5% 50V C0G 1206,,,1206,GENERIC,,0.136200,0.1362,"estimate class:mlcc_1206_c0g_50v_le100n: GENERIC class rule, reel price of a typical equivalent. LCSC C97946 GRM31C5C1H104JA01L (1206); US$0.1362 at 4000+; example is 100 nF 50 V...",high,0.136200,REAL: class example LCSC C97946 @4000+ break (annual qty 5000)
175,2,PCS-PWR: 2,68p 500V,Capacitor 68p 500V C0G 1206,,,1206,GENERIC,,0.025300,0.0506,"estimate class:mlcc_1206_c0g_630v_le1n: GENERIC class rule, reel price of a typical equivalent. LCSC C107178 CC1206JKNPOCBN680 (1206); US$0.0253 at 3000+; example is 68 pF rated...",medium,0.024000,REAL: class example LCSC C107178 @6000+ break (annual qty 10000)
176,4,PCS-CTL-3W: 4,7.15k,Resistor 7.15k 0.1% 0603 25 ppm/K,,,0603,GENERIC,,0.003900,0.0156,"estimate class:res_0603_0.1pct: GENERIC class rule, reel price of a typical equivalent. LCSC C5126214 FRH0603B1002TS (0603); US$0.0039 at 5000+; 10 kOhm 0.1 %; read 2026...",high,0.003500,REAL: class example LCSC C5126214 @10000+ break (annual qty 20000)
177,36,PCS-PWR: 36,7.5R,"Resistor 7.5R 1% 2512 Roff, pulse-rated thick film 1 W",,,2512,GENERIC,,0.147800,5.3208,"estimate class:res_2512_1pct_pulse: GENERIC class rule, reel price of a typical equivalent. LCSC C2991665 RPL-12K10R0FT (2512); US$0.1478 at 4000+; pulse-rated 2512 thick fi...",low,0.147800,REAL: class example LCSC C2991665 @4000+ break (annual qty 180000)
178,4,PCS-CTL-3W: 4,7.68k,Resistor 7.68k 0.1% 0603 25 ppm/K,,,0603,GENERIC,,0.003900,0.0156,"estimate class:res_0603_0.1pct: GENERIC class rule, reel price of a typical equivalent. LCSC C5126214 FRH0603B1002TS (0603); US$0.0039 at 5000+; 10 kOhm 0.1 %; read 2026...",high,0.003500,REAL: class example LCSC C5126214 @10000+ break (annual qty 20000)
179,6,PCS-PWR: 6,77.7k,Resistor 77.7k 0.1% 0603,,,0603,GENERIC,,0.003900,0.0234,"estimate class:res_0603_0.1pct: GENERIC class rule, reel price of a typical equivalent. LCSC C5126214 FRH0603B1002TS (0603); US$0.0039 at 5000+; 10 kOhm 0.1 %; read 2026...",high,0.003500,REAL: class example LCSC C5126214 @10000+ break (annual qty 30000)
180,1,PCS-PWR: 1,8.06k,Resistor 8.06k 0.1% 0603,,,0603,GENERIC,,0.003900,0.0039,"estimate class:res_0603_0.1pct: GENERIC class rule, reel price of a typical equivalent. LCSC C5126214 FRH0603B1002TS (0603); US$0.0039 at 5000+; 10 kOhm 0.1 %; read 2026...",high,0.003900,REAL: class example LCSC C5126214 @5000+ break (annual qty 5000)
181,1,PCS-PWR: 1,8.45k,Resistor 8.45k 0.1% 0603,,,0603,GENERIC,,0.003900,0.0039,"estimate class:res_0603_0.1pct: GENERIC class rule, reel price of a typical equivalent. LCSC C5126214 FRH0603B1002TS (0603); US$0.0039 at 5000+; 10 kOhm 0.1 %; read 2026...",high,0.003900,REAL: class example LCSC C5126214 @5000+ break (annual qty 5000)
182,36,PCS-PWR: 36,8.75R,"Resistor 8.75R 1% 2512 Ron, pulse-rated thick film 1 W",,,2512,GENERIC,,0.147800,5.3208,"estimate class:res_2512_1pct_pulse: GENERIC class rule, reel price of a typical equivalent. LCSC C2991665 RPL-12K10R0FT (2512); US$0.1478 at 4000+; pulse-rated 2512 thick fi...",low,0.147800,REAL: class example LCSC C2991665 @4000+ break (annual qty 180000)
183,12,PCS-PWR: 12,82.5k,"Resistor 82.5k 1% 2512 monitor loop, <= 300 V per element in an In surge",,,2512,GENERIC,,0.025800,0.3096,"estimate class:res_2512_1pct: GENERIC class rule, reel price of a typical equivalent. LCSC C2934076 FRC2512F4702TS (2512); US$0.0258 at 4000+; 47 kOhm 1 W 1 %; read 20...",high,0.023300,REAL: class example LCSC C2934076 @20000+ break (annual qty 60000)
184,1,PCS-PWR: 1,86.6k,Resistor 86.6k 0.1% 0603,,,0603,GENERIC,,0.003900,0.0039,"estimate class:res_0603_0.1pct: GENERIC class rule, reel price of a typical equivalent. LCSC C5126214 FRH0603B1002TS (0603); US$0.0039 at 5000+; 10 kOhm 0.1 %; read 2026...",high,0.003900,REAL: class example LCSC C5126214 @5000+ break (annual qty 5000)
185,12,chassis: 12,PA66 standoff,"Board standoff, insulating",,,chassis,GENERIC,,0.080000,0.9600,estimate PA66 standoff: ESTIMATE: insulating PA66 board standoff (architect's list 0.08); no listing read,low,0.068000,ASSUMED x0.85 [custom_mech]
186,1,PCS-CTL-3W: 1,Chassis (PE) bonding mounting hole,Chassis (PE) bonding mounting hole,,,M3 plated hole,NOPART,,0.000000,0.0000,not a purchased part,,0.000000,not a purchased part
187,2,PCS-PWR: 2,Net tie: single AGND-GND star point,Net tie: single AGND-GND star point,,,net tie,NOPART,,0.000000,0.0000,not a purchased part,,0.000000,not a purchased part
188,1,PCS-PWR: 1,PE bond M4 (IMD divider reference),PE bond: plated M4 mounting hole + serrated washer to chassis PE,,,plated M4 hole,NOPART,,0.000000,0.0000,not a purchased part,,0.000000,not a purchased part
189,1,PCS-PWR: 1,PE bond M4 (board PE),PE bond: plated M4 mounting hole + serrated washer to chassis PE,,,plated M4 hole,NOPART,,0.000000,0.0000,not a purchased part,,0.000000,not a purchased part
190,1,PCS-PWR: 1,"PE_T link to chassis PE: removable strap, OPEN for the hipot test (IC-23)","PE_T link to chassis PE: removable strap, OPEN for the hipot test (IC-23)",,,2 plated M4 holes + removable strap,NOPART,,0.000000,0.0000,not a purchased part,,0.000000,not a purchased part
191,2,PCS-CTL-3W: 2,"Solder jumper, open by default","Solder jumper, open by default",,,solder jumper,NOPART,,0.000000,0.0000,not a purchased part,,0.000000,not a purchased part
192,9,PCS-CTL-3W: 4; PCS-PWR: 5,TP,Test point,,,TP,NOPART,,0.000000,0.0000,not a purchased part,,0.000000,not a purchased part
193,2,PCS-PWR: 2,0.2m,Current sense resistor 0.2 mOhm 1 % 12 W (two in parallel),Bourns,CSS2H-3920R-L200F,3920 metal strip,ORDERABLE,docs/datasheets/sensing/CSS2H-3920.pdf,1.117226,2.2345,element14 AU (web-search snippet) 2576342 @500+ (2026-10-04),medium,0.949642,ASSUMED x0.85 [short_table]
194,4,PCS-PWR: 4,SMBJ33A,"TVS 33 V unidirectional, relay coil clamp zener",Bourns,SMBJ33A,SMB,ORDERABLE,docs/datasheets/protection/SMBJ_Bourns.pdf,0.043000,0.1720,LCSC C173526 @300+ (2026-10-04),high,0.028800,REAL: LCSC C173526 @9000+ break (annual qty 20000)
195,1,PCS-CTL-3W: 1,SMBJ36A,"TVS 600 W unidirectional, VRWM 36 V (SELV 24 V input)",Bourns,SMBJ36A,SMB,ORDERABLE,docs/datasheets/protection/SMBJ_Bourns.pdf,0.063800,0.0638,LCSC C224020 @500+ (2026-10-04),high,0.056800,REAL: LCSC C224020 @3000+ break (annual qty 5000)
196,1,PCS-CTL-3W: 1,SMBJ58CA,"TVS 600 W bidirectional, VRWM 58 V (SELV 0 V to PE)",Bourns,SMBJ58CA,SMB,ORDERABLE,docs/datasheets/protection/SMBJ_Bourns.pdf,0.081600,0.0816,LCSC C151267 @500+ (2026-10-04),high,0.074900,REAL: LCSC C151267 @3000+ break (annual qty 5000)
197,6,PCS-PWR: 6,SMCJ33A,"TVS unidirectional 1500 W, VRWM 33 V, VBR 36.7-40.6 V (AUX75 clamp, 6 in series)",Bourns,SMCJ33A,DO-214AB (SMC),ORDERABLE,docs/datasheets/protection/SMCJ_Bourns.pdf,0.166500,0.9990,LCSC C224049 @500+ (2026-10-04),high,0.145700,REAL: LCSC C224049 @6000+ break (annual qty 30000)
198,1,PCS-CTL-3W: 1,CA-IS3050W,"Isolated CAN transceiver 1 Mbps, 5 kVrms, VIMP 9.8 kV / VIOSM 12.8 kV, 3.3 V logic, 5 V bus side",Chipanalog,CA-IS3050W,SOIC-16 WB (W),ORDERABLE,docs/datasheets/isolation-interface/CA-IS305x.pdf,0.715900,0.7159,LCSC C970940 @1000+ (2026-10-04),high,0.715900,REAL: LCSC C970940 @1000+ break (annual qty 5000)
199,1,PCS-CTL-3W: 1,CA-IS3082WNX,"Isolated half-duplex RS-485 transceiver 500 kbps, 5 kVrms, VIOSM 8 kV, fail-safe receiver",Chipanalog,CA-IS3082WNX,SOIC-16 WB (W),ORDERABLE,docs/datasheets/isolation-interface/CA-IS308x.pdf,0.511900,0.5119,LCSC C7422548 @1000+ (2026-10-04),high,0.511900,REAL: LCSC C7422548 @1000+ break (annual qty 5000)
200,2,PCS-PWR: 2,CA-IS3417WT,"Isolated 1700 V back-to-back SiC SSR, 50 ohm, opto-compatible input: IMD string switch",Chipanalog,CA-IS3417WT,SOIC12-WB (WT),ORDERABLE,docs/datasheets/isolation-interface/CA-IS3417WT.pdf,1.600400,3.2008,LCSC product page (web-search snippet) C42420726 @1000+ (2026-10-04),medium,1.600400,REAL: LCSC product page (web-search snippet) C42420726 @1000+ break (annual qty 10000)
201,1,PCS-CTL-3W: 1,CA-IS3820LG,"Reinforced 2-ch digital isolator 2 fwd, default LOW, 5.7 kVrms, VIOSM 8 kV",Chipanalog,CA-IS3820LG,"SOIC-8 WB (G) 5.85x7.5 mm, 8 mm CLR/CPG",ORDERABLE,docs/datasheets/isolation-interface/CA-IS382x.pdf,0.450000,0.4500,"estimate CA-IS3820LG: ESTIMATE (architect's list, CA-IS3821LW 0.45): Chipanalog reinforced 2-channel digital isolator, not found on LCSC through the mirror or...",low,0.382500,ASSUMED x0.85 [asia_part_estimate]
202,2,PCS-CTL-3W: 2,CA-IS3821LG,"Reinforced 2-ch digital isolator 1 fwd + 1 rev, default LOW, 5.7 kVrms, VIOSM 8 kV",Chipanalog,CA-IS3821LG,"SOIC-8 WB (G) 5.85x7.5 mm, 8 mm CLR/CPG",ORDERABLE,docs/datasheets/isolation-interface/CA-IS382x.pdf,0.450000,0.9000,estimate CA-IS3821LG: ESTIMATE: as CA-IS3820LG (architect's list 0.45),low,0.382500,ASSUMED x0.85 [asia_part_estimate]
203,6,PCS-PWR: 6,KF2EDGR-3.5-2P,"NTC leads (heatsink probe / inductor winding NTC), 2-pin pluggable",Cixi Kefa,KF2EDGR-3.5-2P,2p 3.5 mm pluggable header,ORDERABLE,docs/datasheets/connectors/KEFA-KF2EDGR-3.5.pdf,0.029300,0.1758,LCSC C441171 @1000+ (2026-10-04),high,0.024500,REAL: LCSC C441171 @10000+ break (annual qty 30000)
204,1,PCS-PWR: 1,KF2EDGR-3.5-2P,"SELV 24 V (AUX-T1 reinforced winding) to the control board's SELV zone: >= 10 mm from live copper, double-insulated wires (ARCHITECTURE 10, J2)",Cixi Kefa,KF2EDGR-3.5-2P,2p 3.5 mm pluggable header,ORDERABLE,docs/datasheets/connectors/KEFA-KF2EDGR-3.5.pdf,0.029300,0.0293,LCSC C441171 @1000+ (2026-10-04),high,0.026100,REAL: LCSC C441171 @5000+ break (annual qty 5000)
205,1,PCS-CTL-3W: 1,KF2EDGR-3.81-2P,Pluggable header 2-pos 3.81 mm 300 V 8 A (plug KF2EDGK-3.81-2P): SELV 24 V input,Cixi Kefa Electronic,KF2EDGR-3.81-2P,pluggable 2-pos 3.81 mm R/A,ORDERABLE,docs/datasheets/connectors/KEFA-KF2EDGR-3.81.pdf,0.029800,0.0298,LCSC C441182 @1000+ (2026-10-04),high,0.026900,REAL: LCSC C441182 @5000+ break (annual qty 5000)
206,1,PCS-CTL-3W: 1,KF2EDGR-3.81-4P,Pluggable header 4-pos 3.81 mm (plug KF2EDGK-3.81-4P): ENABLE / STATUS (SELV),Cixi Kefa Electronic,KF2EDGR-3.81-4P,pluggable 4-pos 3.81 mm R/A,ORDERABLE,docs/datasheets/connectors/KEFA-KF2EDGR-3.81.pdf,0.063800,0.0638,LCSC C441184 @500+ (2026-10-04),high,0.054700,REAL: LCSC C441184 @5000+ break (annual qty 5000)
207,2,PCS-CTL-3W: 2,KF2EDGR-3.81-6P,Pluggable header 6-pos 3.81 mm (plug KF2EDGK-3.81-6P): bus in/out + 0 V + shield (SELV),Cixi Kefa Electronic,KF2EDGR-3.81-6P,pluggable 6-pos 3.81 mm R/A,ORDERABLE,docs/datasheets/connectors/KEFA-KF2EDGR-3.81.pdf,0.079800,0.1596,LCSC C441186 @500+ (2026-10-04),high,0.066300,REAL: LCSC C441186 @5000+ break (annual qty 10000)
208,3,chassis: 3,AFB1224SHE-F00,"Fan 120 x 120 x 38 mm 24 V with PWM input and tach, one per heatsink section (pcs_spec heatsink) - RATED -10..+60 C ONLY (PV risk R-05)",Delta Electronics (TW),AFB1224SHE-F00,chassis,ORDERABLE,docs/datasheets/thermal/AFB1224SHE-F00.pdf,12.850000,38.5500,Master Electronics (web-search result; page not read)  @504+ (2026-10-04),medium,10.922500,ASSUMED x0.85 [short_table]
209,4,PCS-PWR: 4,S2M-13-F,Rectifier 1000 V 1.5 A,Diodes Inc,S2M-13-F,SMB,ORDERABLE,docs/datasheets/power-semiconductors/S2M.pdf,0.055500,0.2220,LCSC C156322 @500+ (2026-10-04),high,0.047700,REAL: LCSC C156322 @6000+ break (annual qty 20000)
210,1,PCS-PWR: 1,US1G-13-F,Ultrafast rectifier 400 V 1 A,Diodes Incorporated,US1G-13-F,SMA,ORDERABLE,docs/datasheets/power-semiconductors/US1M.pdf,0.053200,0.0532,LCSC C110531 @500+ (2026-10-04),high,0.044500,REAL: LCSC C110531 @5000+ break (annual qty 5000)
211,6,PCS-PWR: 6,ZXTN25040DFHTA,"NPN 40 V 4 A (10 A pulse), hFE >= 300 at 1 A: Miller-clamp release of a 6-gate channel",Diodes Incorporated,ZXTN25040DFHTA,SOT-23,ORDERABLE,docs/datasheets/power-semiconductors/ZXTN25040DFH.pdf,0.520000,3.1200,"estimate ZXTN25040DFHTA: ESTIMATE: NPN complement of ZXTP25040DFHTA, taken at that part's estimate (no listing read)",low,0.442000,ASSUMED x0.85 [asia_part_estimate]
212,18,PCS-PWR: 18,ZXTP25040DFHTA,PNP 40 V 3 A (9 A pulse) low VCEsat: local Miller-hold follower at each gate,Diodes Incorporated,ZXTP25040DFHTA,SOT-23,ORDERABLE,docs/datasheets/power-semiconductors/ZXTP25040DFH.pdf,0.520000,9.3600,"estimate ZXTP25040DFHTA: ESTIMATE: no listing found; the Diodes PNP ZXTP23015CFHTA (SOT-23, low VCEsat, 3-4.5 A class) is 0.5158 USD at 1000+ on LCSC (C155252, 20...",medium,0.442000,ASSUMED x0.85 [asia_part_estimate]
213,2,PCS-PWR: 2,36A gPV 14x51,"Varistor branch fuse CH14x51 gPV 36 A 1000 V DC, 30 kA (L/R 2 ms), pre-arc 450 A2s",ETI,002637115,14x51 cartridge in 2 x CH14-PCB clips,ORDERABLE,docs/datasheets/protection/ETI-Green-Protect.pdf,6.000000,12.0000,estimate 002637115: ESTIMATE: ETI CH14x51 gPV 36 A 1000 V d.c. fuse link (varistor branch fuse); ETI publishes no prices; engineering estimate for a 14x51 PV...,low,4.800000,ASSUMED x0.80 [protection_estimate]
214,4,PCS-PWR: 4,006710340,Fuse clip CH14-PCB (two per varistor branch fuse),ETI,006710340,PCB clip for 14 mm cartridge,ORDERABLE,docs/datasheets/protection/ETI-Green-Protect.pdf,0.400000,1.6000,"estimate 006710340: ESTIMATE: ETI CH14-PCB fuse clip, no price found; engineering estimate for a plated PCB fuse clip",low,0.320000,ASSUMED x0.80 [protection_estimate]
215,1,PCS-CTL-3W: 1,CBW160808U301T,Ferrite bead 300 R at 100 MHz (VDDA pi filter),Guangdong Fenghua Advanced Technology,CBW160808U301T,0603,ORDERABLE,docs/datasheets/magnetics/Fenghua-CBW.pdf,0.009600,0.0096,LCSC C139179 @500+ (2026-10-04),high,0.007900,REAL: LCSC C139179 @4000+ break (annual qty 5000)
216,1,PCS-PWR: 1,HFE82V-300C/1000-24-H-C5-1,"CHASSIS-MOUNTED main contactor 300 A 1000 VDC, no polarity, 24 V 6 W coil, no aux contact",Hongfa,HFE82V-300C/1000-24-H-C5-1,"chassis, M6 female + coil connector",ORDERABLE,docs/datasheets/protection/Hongfa-HFE82V-300C.pdf,57.500000,57.5000,"estimate HFE82V-300C/1000-24-H-C5-1: ESTIMATE: no price for the 1000 V / 24 V variant; the same HFE82V-300C is 57.50 USD at 10 in a made-in-china.com listing (indicative, pri...",low,46.000000,ASSUMED x0.80 [protection_estimate]
217,3,PCS-PWR: 3,BSS126H6327XTSA2,"N-MOSFET 600 V depletion mode, IDSS >= 7 mA (HV start-up cascode)",Infineon,BSS126H6327XTSA2,SOT-23,ORDERABLE,docs/datasheets/power-semiconductors/BSS126.pdf,0.125600,0.3768,LCSC C534596 @500+ (2026-10-04),high,0.111800,REAL: LCSC C534596 @6000+ break (annual qty 15000)
218,1,PCS-PWR: 1,IV2Q171R0D7Z,"SiC MOSFET 1700 V 1 Ohm, Kelvin source, AEC-Q101; alternate Sichain SG2M1K0170J2J (same pin-out)",InventChip,IV2Q171R0D7Z,TO-263-7,ORDERABLE,docs/datasheets/power-semiconductors/IV2Q171R0D7Z.pdf,2.500000,2.5000,"estimate IV2Q171R0D7Z: ESTIMATE (sim/out/aux_hv_design/aux75_block_cost.csv; architect's list 2.50): InventChip 1700 V 1 Ohm SiC MOSFET, not on LCSC, no public...",low,2.125000,ASSUMED x0.85 [asia_part_estimate]
219,27,PCS-PWR: 27,FCSA3DS225K050IC90BE3,"PP film 2.2 uF 10 %, 1300 VDC (70 C) / 1100 VDC (85 C), Imax 3.9 A (85 C) / 5.2 A (70 C), peak 176 A, ESR 22.5 mOhm, Ls 25 nH, 80 V/us (leg decoupling)",Jianghai,FCSA3DS225K050IC90BE3,"2-pin 32 x 14 x 28 mm, pitch 27.5 mm",ORDERABLE,docs/datasheets/passives-capacitors/Jianghai-JE26-Film.pdf,0.450000,12.1500,"estimate FCSA3DS225K050IC90BE3: ESTIMATE (architect's list 0.45): Jianghai 2.2 uF 1300 VDC film, 12.5/19 cm3 x Faratronic 0.557 USD + 10 %; KEMET C4AQUBU4220A1YJ is EUR...",low,0.382500,ASSUMED x0.85 [asia_part_estimate]
220,2,PCS-PWR: 2,3.3u 1300V,"Film capacitor 3.3 uF 1300 VDC, PP DC link, IEC 61071 (input surge absorber); was KEMET C4AQUBU4330A11J",Jianghai,FCSA3DS335K050ID90BE3,"radial 27.5 mm, 2 pins 5.0 mm, 32 x 28 x 18 mm",ORDERABLE,docs/datasheets/passives-capacitors/Jianghai-JE26-Film.pdf,1.500000,3.0000,"estimate FCSA3DS335K050ID90BE3: ESTIMATE (sim/out/aux_hv_design/aux75_block_cost.csv): Jianghai 3.3 uF 1300 VDC film (input surge absorber), scaled from the 2.2 uF estimate",low,1.275000,ASSUMED x0.85 [asia_part_estimate]
221,4,PCS-PWR: 4,PCV1HVF101MB12FV-WE3,"Aluminium polymer capacitor 100 uF 50 V, ESR 25 mOhm, 3.8 A, 3000 h @ 105 C (JE26 p17); was Wurth 875115655003",Jianghai,PCV1HVF101MB12FV-WE3,SMD V-chip 8.0 x 12.2 mm,ORDERABLE,docs/datasheets/passives-capacitors/Jianghai-JE26-Polymer.pdf,0.300000,1.2000,"estimate PCV1HVF101MB12FV-WE3: ESTIMATE (sim/out/aux_hv_design/aux75_block_cost.csv 0.30): Jianghai polymer 100 uF 50 V, not in the mirror; the 35 V sibling PCR1VPF101M...",low,0.255000,ASSUMED x0.85 [asia_part_estimate]
222,1,PCS-CTL-3W: 1,SM712,RS-485 asymmetric TVS array -7/+12 V,MDD (Microdiode Semiconductor),SM712,SOT-23,ORDERABLE,docs/datasheets/protection/MDD-SM712.pdf,0.052800,0.0528,LCSC C502564 @600+ (2026-10-04),high,0.035200,REAL: LCSC C502564 @3000+ break (annual qty 5000)
223,2,PCS-CTL-3W: 2,SS56,Schottky rectifier 60 V 5 A (buck catch diode),MDD (Microdiode Semiconductor),SS56,SMA (DO-214AC),ORDERABLE,docs/datasheets/power-semiconductors/MDD-SS5x.pdf,0.035000,0.0700,LCSC C65009 @1000+ (2026-10-04),high,0.026200,REAL: LCSC C65009 @10000+ break (annual qty 10000)
224,1,PCS-PWR: 1,NCP15XH103F03RC,"NTC 10 k 1 % B25/50 3380 K (DC-link film bank, on board)",Murata,NCP15XH103F03RC,0402,ORDERABLE,docs/datasheets/sensing/Murata-NCP-NTC.pdf,0.017500,0.0175,LCSC C77131 @500+ (2026-10-04),high,0.016300,REAL: LCSC C77131 @1500+ break (annual qty 5000)
225,1,PCS-CTL-3W: 1,NCP15XH103F03RC,"NTC 10 k 1 % B25/50 3380 K (inlet air, on board)",Murata,NCP15XH103F03RC,0402,ORDERABLE,docs/datasheets/sensing/Murata-NCP-NTC.pdf,0.017500,0.0175,LCSC C77131 @500+ (2026-10-04),high,0.016300,REAL: LCSC C77131 @1500+ break (annual qty 5000)
226,6,PCS-PWR: 6,NSI6651ASC-Q1SWR,"Isolated smart SiC gate driver 10 A, DESAT + soft turn-off, Miller clamp, FLT/RDY; reinforced VDE 0884-17 (40052820) VIORM 2121 Vpk, UL 1577 5.7 kVrms; AEC-Q100 grade 1. Alternate: NSI6651ASC-DSWR",NOVOSENSE,NSI6651ASC-Q1SWR,SOW-16 (10.3 x 7.5 mm),ORDERABLE,docs/datasheets/gate-drivers/NSI66x1A-Q1.pdf,2.977800,17.8668,LCSC C33959952 @1+ (2026-10-04) single-piece price,high,1.548456,ASSUMED x0.52 [single_piece_list]
227,1,PCS-PWR: 1,2N7002BK,N-MOSFET 60 V 350 mA logic level,Nexperia,2N7002BK,SOT-23,ORDERABLE,docs/datasheets/power-semiconductors/2N7002BK.pdf,0.036700,0.0367,"estimate 2N7002BK: ESTIMATE: same device as 2N7002BK,215 (reel ordering code), 0.0367 USD at 300+ on LCSC (C282405, 2026-10-04)",medium,0.031195,ASSUMED x0.85 [asia_part_estimate]
228,4,PCS-PWR: 4,"2N7002BK,215",N-MOSFET 60 V 350 mA (logic switch),Nexperia,"2N7002BK,215",SOT-23,ORDERABLE,docs/datasheets/power-semiconductors/2N7002BK.pdf,0.036700,0.1468,LCSC C282405 @300+ (2026-10-04),high,0.026400,REAL: LCSC C282405 @9000+ break (annual qty 20000)
229,1,PCS-CTL-3W: 1,"2N7002BK,215","N-MOSFET 60 V 350 mA, fan PWM open-drain driver",Nexperia,"2N7002BK,215",SOT-23,ORDERABLE,docs/datasheets/power-semiconductors/2N7002BK.pdf,0.036700,0.0367,LCSC C282405 @300+ (2026-10-04),high,0.031800,REAL: LCSC C282405 @3000+ break (annual qty 5000)
230,1,PCS-PWR: 1,BAS16,"Switching diode 100 V 215 mA, low leakage",Nexperia,BAS16,SOT-23,ORDERABLE,docs/datasheets/protection/BAS16.pdf,0.009200,0.0092,LCSC C181107 @500+ (2026-10-04),high,0.007500,REAL: LCSC C181107 @3000+ break (annual qty 5000)
231,1,PCS-PWR: 1,"BAS16,215","Switching diode 100 V 215 mA, low leakage (timer latch)",Nexperia,"BAS16,215",SOT-23,ORDERABLE,docs/datasheets/protection/BAS16.pdf,0.013000,0.0130,LCSC C79997 @500+ (2026-10-04),high,0.010800,REAL: LCSC C79997 @3000+ break (annual qty 5000)
232,18,PCS-PWR: 18,BAT54,"Schottky diode 30 V 200 mA, trr <= 5 ns",Nexperia,BAT54,SOT-23,ORDERABLE,docs/datasheets/protection/BAT54.pdf,0.008200,0.1476,LCSC C545546 @600+ (2026-10-04),high,0.005800,REAL: LCSC C545546 @21000+ break (annual qty 90000)
233,4,PCS-PWR: 4,"BAT54,215",Schottky diode 30 V 200 mA,Nexperia,"BAT54,215",SOT-23,ORDERABLE,docs/datasheets/protection/BAT54.pdf,0.014500,0.0580,LCSC C85084 @600+ (2026-10-04),high,0.011500,REAL: LCSC C85084 @9000+ break (annual qty 20000)
234,6,PCS-PWR: 6,BAT54S,Dual series Schottky 30 V 200 mA (sense-node clamp to COM and VDD),Nexperia,BAT54S,SOT-23,ORDERABLE,docs/datasheets/protection/BAT54S.pdf,0.012500,0.0750,LCSC C408389 @500+ (2026-10-04),high,0.006900,REAL: LCSC C408389 @24000+ break (annual qty 30000)
235,1,PCS-PWR: 1,"BAT54S,215",Dual series Schottky 30 V (soft start: clamp + discharge),Nexperia,"BAT54S,215",SOT-23,ORDERABLE,docs/datasheets/protection/BAT54S.pdf,0.033900,0.0339,LCSC C47546 @300+ (2026-10-04),high,0.029700,REAL: LCSC C47546 @3000+ break (annual qty 5000)
236,1,PCS-PWR: 1,"BC817-25,215",NPN 45 V 500 mA (VDD emitter follower),Nexperia,"BC817-25,215",SOT-23,ORDERABLE,docs/datasheets/power-semiconductors/BC817.pdf,0.024100,0.0241,LCSC C39828 @300+ (2026-10-04),high,0.020900,REAL: LCSC C39828 @3000+ break (annual qty 5000)
237,8,PCS-PWR: 8,BSS138BK,N-MOSFET 60 V 360 mA,Nexperia,BSS138BK,SOT-23,ORDERABLE,docs/datasheets/power-semiconductors/BSS138BK.pdf,0.007000,0.0560,LCSC C5224267 @300+ (2026-10-04),high,0.006000,REAL: LCSC C5224267 @9000+ break (annual qty 40000)
238,1,PCS-PWR: 1,"BZX84-A18,215",Zener 18 V 1 % (VDD follower reference = SiC gate drive),Nexperia,"BZX84-A18,215",SOT-23,ORDERABLE,docs/datasheets/protection/BZX84.pdf,0.582100,0.5821,"estimate BZX84-A18,215: ESTIMATE: LCSC lists the 1 % A-series BZX84-A18,215 from 0.5821 USD (web-search result 2026-10-04, single piece); sim/out/aux_hv_design/a...",low,0.494785,ASSUMED x0.85 [asia_part_estimate]
239,13,PCS-PWR: 13,BZX84-B10,Zener 10 V 2 % 250 mW (SC trigger level / booster gate clamp),Nexperia,BZX84-B10,SOT-23,ORDERABLE,docs/datasheets/protection/BZX84.pdf,0.026700,0.3471,LCSC C454956 @300+ (2026-10-04),high,0.020100,REAL: LCSC C454956 @9000+ break (annual qty 65000)
240,36,PCS-PWR: 36,"BZX84-B20,215","Zener 20 V 2 % 250 mW (gate clamp, positive, +18 V rail)",Nexperia,"BZX84-B20,215",SOT-23,ORDERABLE,docs/datasheets/protection/BZX84.pdf,0.019400,0.6984,"estimate BZX84-B20,215: ESTIMATE: no break table for this voltage in the mirror (LCSC lists it, 840 pcs, 0.0428 at qty 1); the same 2 % B-series BZX84-B18,215 is...",medium,0.016490,ASSUMED x0.85 [asia_part_estimate]
241,1,PCS-PWR: 1,"BZX84-B20,215",Zener 20 V 2 % (VDD / gate over-voltage clamp),Nexperia,"BZX84-B20,215",SOT-23,ORDERABLE,docs/datasheets/protection/BZX84.pdf,0.019400,0.0194,"estimate BZX84-B20,215: ESTIMATE: no break table for this voltage in the mirror (LCSC lists it, 840 pcs, 0.0428 at qty 1); the same 2 % B-series BZX84-B18,215 is...",medium,0.016490,ASSUMED x0.85 [asia_part_estimate]
242,12,PCS-PWR: 12,BZX84-B3V3,Zener 3.3 V 2 % 250 mW (clamp-FET gate supply / trigger shift),Nexperia,BZX84-B3V3,SOT-23,ORDERABLE,docs/datasheets/protection/BZX84.pdf,0.065800,0.7896,LCSC C182377 @500+ (2026-10-04),high,0.055700,REAL: LCSC C182377 @6000+ break (annual qty 60000)
243,1,PCS-PWR: 1,"BZX84-B3V3,215",Zener 3.3 V 2 % (PG buffer rail),Nexperia,"BZX84-B3V3,215",SOT-23,ORDERABLE,docs/datasheets/protection/BZX84.pdf,0.065800,0.0658,LCSC C182377 @500+ (2026-10-04),high,0.059100,REAL: LCSC C182377 @3000+ break (annual qty 5000)
244,36,PCS-PWR: 36,BZX84-B4V7,"Zener 4.7 V 2 % 250 mW (gate clamp, negative, -3/-3.5 V rail)",Nexperia,BZX84-B4V7,SOT-23,ORDERABLE,docs/datasheets/protection/BZX84.pdf,0.057000,2.0520,LCSC C426829 @500+ (2026-10-04),high,0.047900,REAL: LCSC C426829 @6000+ break (annual qty 180000)
245,6,PCS-PWR: 6,BZX84-B5V6,"Zener 5.6 V 2 % 250 mW (gate clamp, negative)",Nexperia,BZX84-B5V6,SOT-23,ORDERABLE,docs/datasheets/protection/BZX84.pdf,0.028800,0.1728,LCSC C183269 @300+ (2026-10-04),high,0.021700,REAL: LCSC C183269 @9000+ break (annual qty 30000)
246,1,PCS-PWR: 1,"BZX84-B6V8,215",Zener 6.8 V 2 % (foldback threshold),Nexperia,"BZX84-B6V8,215",SOT-23,ORDERABLE,docs/datasheets/protection/BZX84.pdf,0.014500,0.0145,"estimate BZX84-B6V8,215: ESTIMATE: no LCSC listing found for this voltage; the 2 % B-series BZX84-B12,215 is 0.0145 USD at 600+ on LCSC (C282540, 2026-10-04), sam...",medium,0.012325,ASSUMED x0.85 [asia_part_estimate]
247,1,PCS-PWR: 1,BZX84-C15,Zener 15 V 250 mW,Nexperia,BZX84-C15,SOT-23,ORDERABLE,docs/datasheets/protection/BZX84.pdf,0.045300,0.0453,LCSC C143972 @500+ (2026-10-04),high,0.040100,REAL: LCSC C143972 @3000+ break (annual qty 5000)
248,1,PCS-CTL-3W: 1,"BZX84-C5V1,215",Zener 5.1 V 5 % 250 mW (ENABLE input clamp),Nexperia,"BZX84-C5V1,215",SOT-23,ORDERABLE,docs/datasheets/protection/BZX84.pdf,0.030000,0.0300,LCSC C294621 @300+ (2026-10-04),high,0.025900,REAL: LCSC C294621 @3000+ break (annual qty 5000)
249,12,PCS-PWR: 12,"MMBT3904,215",NPN 40 V 200 mA (clamp release / SC trigger),Nexperia,"MMBT3904,215",SOT-23,ORDERABLE,docs/datasheets/power-semiconductors/Nexperia-MMBT3904.pdf,0.019200,0.2304,LCSC C426835 @600+ (2026-10-04),high,0.014000,REAL: LCSC C426835 @21000+ break (annual qty 60000)
250,6,PCS-PWR: 6,"MMBT3906,215",PNP 40 V 200 mA (clamp inverter / SC booster),Nexperia,"MMBT3906,215",SOT-23,ORDERABLE,docs/datasheets/power-semiconductors/Nexperia-MMBT3906.pdf,0.042000,0.2520,LCSC C75549 @300+ (2026-10-04),high,0.034200,REAL: LCSC C75549 @9000+ break (annual qty 30000)
251,6,PCS-PWR: 6,"PBSS5540X,135","PNP 40 V 4 A low VCEsat, AEC-Q101: pass transistor of the per-channel bias regulator",Nexperia,"PBSS5540X,135",SOT-89,ORDERABLE,docs/datasheets/power-semiconductors/Nexperia-PBSS5540X.pdf,0.245700,1.4742,LCSC C455078 @1000+ (2026-10-04),high,0.245700,REAL: LCSC C455078 @1000+ break (annual qty 30000)
252,60,PCS-PWR: 60,PMEG4010CEJ,Schottky rectifier 40 V 1 A low Vf,Nexperia,PMEG4010CEJ,SOD-323F,ORDERABLE,https://www.nexperia.com/product/PMEG4010CEJ,0.302600,18.1560,LCSC C50704 @1000+ (2026-10-04),high,0.302600,REAL: LCSC C50704 @1000+ break (annual qty 300000)
253,43,PCS-PWR: 43,PMV30ENEAR,"N-MOSFET 40 V 4.8 A (19 A pulse), <= 40 mOhm at VGS 4.5 V, AEC-Q101: Miller clamp / SC booster",Nexperia,PMV30ENEAR,SOT-23,ORDERABLE,docs/datasheets/power-semiconductors/Nexperia-PMV30ENEA.pdf,0.094700,4.0721,LCSC C553092 @500+ (2026-10-04),high,0.084000,REAL: LCSC C553092 @6000+ break (annual qty 215000)
254,1,PCS-PWR: 1,PMV30ENEAR,N-MOSFET 40 V 4.8 A: coil economiser bypass (pull-in),Nexperia,PMV30ENEAR,SOT-23,ORDERABLE,docs/datasheets/power-semiconductors/Nexperia-PMV30ENEA.pdf,0.094700,0.0947,LCSC C553092 @500+ (2026-10-04),high,0.086800,REAL: LCSC C553092 @3000+ break (annual qty 5000)
255,1,PCS-PWR: 1,G7L-2A-X DC24,"Precharge relay DPST-NO, poles in series: 25 A @ 1000 VDC normal polarity only, 24 V coil 250 ohm",Omron,G7L-2A-X DC24,PCB relay 52.5x35.5 mm,ORDERABLE,docs/datasheets/protection/G7L-X.pdf,12.710000,12.7100,"estimate G7L-2A-X DC24: ESTIMATE: no price for the -X variant; DigiKey G7L-2A-BUBJ-CB-IN DC24 is 12.71 USD at 260+, Mouser G7L-2A-P-PV-DC24 is 10.18 USD at 260 (...",low,10.168000,ASSUMED x0.80 [protection_estimate]
256,1,PCS-PWR: 1,N-C-644025,"CHASSIS nanocrystalline ring core 64/40/25 mm (cased), mu_i 70000 / 24000 +/-30 %: one turn of BOTH conductors of the port = CM choke for 150 kHz-30 MHz (ARCHITECTURE 8.1); pins = conductors",Qingdao Yunlu,N-C-644025,"ring 67/37/29 mm cased, on both port conductors",ORDERABLE,docs/datasheets/magnetics/Yunlu-Nanocrystalline-Cores.pdf,10.900000,10.9000,"estimate N-C-644025: ESTIMATE (sim/magnetics.py design_port_cm_choke.json rev M2, D-048): cased flat-mu nanocrystalline ring, 0.27 kg at 20 USD/kg 6.93 + case...",low,9.265000,ASSUMED x0.85 [custom_magnetic_large]
257,2,PCS-PWR: 2,35ZLH1500MEFC12.5X30,"Aluminium electrolytic 1500 uF 35 V, low Z, 10000 h @ 105 C (AUX75 live hold-up)",Rubycon,35ZLH1500MEFC12.5X30,"radial 12.5 x 30 mm, 5.0 mm pitch",ORDERABLE,docs/datasheets/passives-capacitors/Rubycon-ZLH.pdf,0.270000,0.5400,"estimate 35ZLH1500MEFC12.5X30: ESTIMATE: Rubycon 1500 uF 35 V, this can size not in the mirror; the same value and series in 16x20 mm, 35ZLH1500MEFC16X20, is 0.2734 USD...",medium,0.229500,ASSUMED x0.85 [asia_part_estimate]
258,1,PCS-CTL-3W: 1,FXL0530-220-M,"Power inductor 22 uH 20 %, Isat 2.0 A, Irms 1.5 A, 248 mOhm (SELV 5 V)",SZ Cjiang Technology,FXL0530-220-M,5.4x5.2x3.0 mm molded,ORDERABLE,docs/datasheets/magnetics/Cjiang-FXL.pdf,0.069800,0.0698,estimate FXL0530-220-M: ESTIMATE: not in the mirror; the same-series FXL0630-220-M (22 uH) is 0.0698 USD at 500-4499 on LCSC (C177244),medium,0.059330,ASSUMED x0.85 [asia_part_estimate]
259,1,PCS-CTL-3W: 1,FXL0840-330-M,"Power inductor 33 uH 20 %, Isat 3.3 A, Irms 3.0 A, 156 mOhm (fan supply)",SZ Cjiang Technology,FXL0840-330-M,8.0x8.0x4.0 mm molded,ORDERABLE,docs/datasheets/magnetics/Cjiang-FXL.pdf,0.149100,0.1491,"estimate FXL0840-330-M: ESTIMATE: not in the mirror; the same-series FXL1040-330-M (33 uH, larger case) is 0.1491 USD at 500-4999 on LCSC (C475918)",medium,0.126735,ASSUMED x0.85 [asia_part_estimate]
260,2,PCS-PWR: 2,0090.1001,"Fuse 1 A 1000 VDC gPV, 20 kA breaking, PCB pins (one per DC port, behind 2 x 22 R)",Schurter,0090.1001,"10.3 x 38 mm, PCB pins",ORDERABLE,docs/datasheets/protection/ASO-0090.1001.pdf,3.000000,6.0000,"estimate 0090.1001: ESTIMATE: Schurter 1 A 1000 VDC gPV 10x38 mm PCB fuse, no readable price; engineering estimate for a PV-rated cartridge fuse",low,2.400000,ASSUMED x0.80 [protection_estimate]
261,1,PCS-CTL-3W: 1,X1G0041710033,"SPXO SG-210STF 25.000000 MHz L, CMOS 1.6-3.63 V, +/-50 ppm, -40..85 C",Seiko Epson,X1G0041710033,SMD 2.5x2.0 mm 4-pad,ORDERABLE,docs/datasheets/timing/Epson-SG-210STF.pdf,0.262000,0.2620,LCSC C70560 @1000+ (2026-10-04),high,0.262000,REAL: LCSC C70560 @1000+ break (annual qty 5000)
262,1,PCS-CTL-3W: 1,BL24C256A-PARC,"EEPROM 256 kbit I2C 1 MHz, hardware write protect",Shanghai Belling,BL24C256A-PARC,SOP-8,ORDERABLE,docs/datasheets/controllers/Belling-BL24C256A.pdf,0.113800,0.1138,LCSC C90485 @500+ (2026-10-04),high,0.093800,REAL: LCSC C90485 @5000+ break (annual qty 5000)
263,36,PCS-PWR: 36,SG2M040170HJ,"SiC MOSFET 1700 V 40 mOhm, TO-247-4L with driver source, VGS -8/+22 V abs, -4/+18 V op; no qualification stated (Sichain p14: consult for high reliability). Mount on PAD_ALN",Sichain,SG2M040170HJ,TO-247-4L (tab = drain),ORDERABLE,docs/datasheets/power-semiconductors/SG2M040170HJ.pdf,4.070000,146.5200,"estimate SG2M040170HJ: ESTIMATE (sim/out/pv_design/cell_spec.json device_primary.price_source; architect's list 4.07): Sichain RFQ pending, not on LCSC; scaled...",low,3.459500,ASSUMED x0.85 [asia_part_estimate]
264,18,PCS-PWR: 18,US1MH,"Ultrafast rectifier 1000 V 1 A trr 75 ns, AEC-Q101 (DESAT string)",Taiwan Semiconductor,US1MH,SMA (DO-214AC),ORDERABLE,docs/datasheets/power-semiconductors/TSC-US1xH.pdf,0.032600,0.5868,"estimate US1MH: ESTIMATE: Taiwan Semiconductor US1MH (SMA, 1 kV, 75 ns): LCSC lists it from 0.0326 USD (C17442259) but out of stock, so no break table; w...",medium,0.027710,ASSUMED x0.85 [asia_part_estimate]
265,12,PCS-PWR: 12,ATL431BIDBZR,"Shunt reference 2.5 V +/-1 %, 36 V: bias regulator and COM split",Texas Instruments,ATL431BIDBZR,SOT-23-3 (DBZ),ORDERABLE,docs/datasheets/power-supply/ATL431.pdf,0.208000,2.4960,TI.com ATL431BIDBZR @1000+ (2026-10-04),high,0.208000,REAL: TI.com ATL431BIDBZR @1000+ break (annual qty 60000)
266,1,PCS-PWR: 1,ATL431BIDBZR,"Shunt reference 2.5 V 0.5 %, Ika(min) 35 uA, 36 V",Texas Instruments,ATL431BIDBZR,SOT-23-3 (DBZ),ORDERABLE,docs/datasheets/power-supply/ATL431.pdf,0.208000,0.2080,TI.com ATL431BIDBZR @1000+ (2026-10-04),high,0.208000,REAL: TI.com ATL431BIDBZR @1000+ break (annual qty 5000)
267,1,PCS-CTL-3W: 1,ESD2CAN24DBZRQ1,2-channel 24 V CAN bus ESD/TVS diode,Texas Instruments,ESD2CAN24DBZRQ1,SOT-23 (DBZ),ORDERABLE,docs/datasheets/protection/ESD2CAN24-Q1.pdf,0.169400,0.1694,LCSC C5736151 @500+ (2026-10-04),high,0.162800,REAL: LCSC C5736151 @3000+ break (annual qty 5000)
268,1,PCS-CTL-3W: 1,F280039CSPZR,"TMS320F280039C C28x + CLA 120 MHz, 384 kB flash, 16 ePWM, 3 x 12-bit ADC, 4 CMPSS, DCAN + MCAN, 100-pin PZ, -40..125 C",Texas Instruments,F280039CSPZR,LQFP-100 (PZ) 14x14 mm,ORDERABLE,docs/datasheets/controllers/TMS320F28003x.pdf,4.395000,4.3950,TI.com F280039CSPZR @1000+ (2026-10-04),high,4.395000,REAL: TI.com F280039CSPZR @1000+ break (annual qty 5000)
269,2,PCS-PWR: 2,LMR38020FDDAR,"Sync buck 4.2-80 V in, 2 A, FPWM, 1.0 V ref, PG",Texas Instruments,LMR38020FDDAR,SO-8 PowerPAD (DDA),ORDERABLE,docs/datasheets/power-supply/LMR38020.pdf,1.672000,3.3440,TI.com LMR38020FDDAR @1000+ (2026-10-04),high,1.672000,REAL: TI.com LMR38020FDDAR @1000+ break (annual qty 10000)
270,8,PCS-PWR: 8,OPA2388IDR,"Dual zero-drift RRIO op amp, 10 MHz, 2.5-5.5 V",Texas Instruments,OPA2388IDR,SOIC-8 (D),ORDERABLE,docs/datasheets/sensing/OPA4388.pdf,1.475000,11.8000,TI.com OPA2388IDR @1000+ (2026-10-04),high,1.475000,REAL: TI.com OPA2388IDR @1000+ break (annual qty 40000)
271,2,PCS-CTL-3W: 1; PCS-PWR: 1,REF3030EAIDBZR,Voltage reference 3.0 V 0.1 % 15 ppm/K (hold threshold),Texas Instruments,REF3030EAIDBZR,SOT-23-3 (DBZ),ORDERABLE,docs/datasheets/sensing/REF3030.pdf,0.600000,1.2000,estimate REF3030EAIDBZR: ESTIMATE: E grade not listed on ti.com; REF3030AIDBZT is 0.60 USD and REF3030AIDBZR 0.50 USD at 1ku (ti.com 2026-10-04); the dearer taken,medium,0.510000,ASSUMED x0.85 [asia_part_estimate]
272,3,PCS-PWR: 3,SN6505BDBVR,"Push-pull transformer driver, 1 A, 420 kHz, soft start",Texas Instruments,SN6505BDBVR,SOT-23-6 (DBV),ORDERABLE,docs/datasheets/power-supply/SN6505B.pdf,0.926000,2.7780,TI.com SN6505BDBVR @1000+ (2026-10-04),high,0.926000,REAL: TI.com SN6505BDBVR @1000+ break (annual qty 15000)
273,9,PCS-PWR: 9,SN74AHCT1G08DBVR,"Single 2-input AND gate, 5 V, TTL inputs: EN_DRV -> EN_GD at the NSI6651 RST/EN level",Texas Instruments,SN74AHCT1G08DBVR,SOT-23-5 (DBV),ORDERABLE,docs/datasheets/isolation-interface/SN74AHCT1G08.pdf,0.040000,0.3600,TI.com SN74AHCT1G08DBVR @1000+ (2026-10-04),high,0.040000,REAL: TI.com SN74AHCT1G08DBVR @1000+ break (annual qty 45000)
274,1,PCS-CTL-3W: 1,SN74LVC07APWR,"Hex buffer, open-drain outputs, 5 V tolerant inputs, Ioff (trip wired-AND)",Texas Instruments,SN74LVC07APWR,TSSOP-14 (PW),ORDERABLE,docs/datasheets/isolation-interface/SN74LVC07A.pdf,0.128000,0.1280,TI.com SN74LVC07APWR @1000+ (2026-10-04),high,0.128000,REAL: TI.com SN74LVC07APWR @1000+ break (annual qty 5000)
275,6,PCS-CTL-3W: 6,SN74LVC08APWR,Quad 2-input AND,Texas Instruments,SN74LVC08APWR,TSSOP-14 (PW),ORDERABLE,docs/datasheets/isolation-interface/SN74LVC08A.pdf,0.117000,0.7020,TI.com SN74LVC08APWR @1000+ (2026-10-04),high,0.117000,REAL: TI.com SN74LVC08APWR @1000+ break (annual qty 30000)
276,4,PCS-PWR: 4,SN74LVC1G11DBVR,Single 3-input AND,Texas Instruments,SN74LVC1G11DBVR,SOT-23-6 (DBV),ORDERABLE,docs/datasheets/isolation-interface/SN74LVC1G11.pdf,0.104000,0.4160,TI.com SN74LVC1G11DBVR @1000+ (2026-10-04),high,0.104000,REAL: TI.com SN74LVC1G11DBVR @1000+ break (annual qty 20000)
277,1,PCS-CTL-3W: 1,SN74LVC1G123DCUR,"Retriggerable monostable, Schmitt inputs (heartbeat watchdog)",Texas Instruments,SN74LVC1G123DCUR,VSSOP-8 (DCU),ORDERABLE,docs/datasheets/isolation-interface/SN74LVC1G123.pdf,0.789100,0.7891,LCSC C352969 @1000+ (2026-10-04),high,0.789100,REAL: LCSC C352969 @1000+ break (annual qty 5000)
278,6,PCS-PWR: 6,SN74LVC1G17DBVR,"Single Schmitt-trigger buffer, 3.3 V",Texas Instruments,SN74LVC1G17DBVR,SOT-23-5 (DBV),ORDERABLE,docs/datasheets/isolation-interface/SN74LVC1G17.pdf,0.054200,0.3252,LCSC C7836 @500+ (2026-10-04),high,0.050600,REAL: LCSC C7836 @6000+ break (annual qty 30000)
279,4,PCS-CTL-3W: 1; PCS-PWR: 3,SN74LVC1G32DBVR,Single 2-input OR,Texas Instruments,SN74LVC1G32DBVR,SOT-23-5 (DBV),ORDERABLE,docs/datasheets/isolation-interface/SN74LVC1G32.pdf,0.030000,0.1200,TI.com SN74LVC1G32DBVR @1000+ (2026-10-04),high,0.030000,REAL: TI.com SN74LVC1G32DBVR @1000+ break (annual qty 20000)
280,1,PCS-CTL-3W: 1,SN74LVC1G74DCUR,D flip-flop with async preset / clear,Texas Instruments,SN74LVC1G74DCUR,VSSOP-8 (DCU),ORDERABLE,docs/datasheets/isolation-interface/SN74LVC1G74.pdf,0.187000,0.1870,TI.com SN74LVC1G74DCUR @1000+ (2026-10-04),high,0.187000,REAL: TI.com SN74LVC1G74DCUR @1000+ break (annual qty 5000)
281,1,PCS-PWR: 1,TLV3202AIDGKR,"Dual comparator 40 ns, 40 uA/ch, push-pull, rail-to-rail inputs",Texas Instruments,TLV3202AIDGKR,VSSOP-8 (DGK),ORDERABLE,docs/datasheets/sensing/TLV3202.pdf,0.515800,0.5158,LCSC C478075 @1000+ (2026-10-04),high,0.515800,REAL: LCSC C478075 @1000+ break (annual qty 5000)
282,4,PCS-PWR: 4,TLV3502AIDCNR,Dual comparator rail-to-rail push-pull: over-current detect for the contactor hold,Texas Instruments,TLV3502AIDCNR,SOT-23-8 (DCN),ORDERABLE,docs/datasheets/sensing/TLV3502.pdf,1.448000,5.7920,LCSC C48618 @1000+ (2026-10-04),high,1.448000,REAL: LCSC C48618 @1000+ break (annual qty 20000)
283,5,PCS-CTL-3W: 5,TLV9024PWR,"Quad comparator, open drain, rail-to-rail input, VOS +/-2 mV (-40..125 C), 30 uA/ch, 1.65-5.5 V",Texas Instruments,TLV9024PWR,TSSOP-14 (PW),ORDERABLE,docs/datasheets/sensing/TLV9024.pdf,,,UNPRICED,none,,UNPRICED
284,1,PCS-CTL-3W: 1,TLV9064IPWR,"Quad RRIO CMOS op amp 10 MHz, 1.8-5.5 V",Texas Instruments,TLV9064IPWR,TSSOP-14 (PW),ORDERABLE,docs/datasheets/sensing/TLV9064.pdf,0.605000,0.6050,TI.com TLV9064IPWR @1+ (2026-10-04) single-piece price,high,0.314600,ASSUMED x0.52 [single_piece_list]
285,1,PCS-PWR: 1,TPS3700DDCR,"Window voltage detector, 400 mV, two open-drain outputs",Texas Instruments,TPS3700DDCR,SOT-6 (DDC),ORDERABLE,docs/datasheets/power-supply/TPS3700.pdf,0.920000,0.9200,TI.com TPS3700DDCR @1000+ (2026-10-04),high,0.920000,REAL: TI.com TPS3700DDCR @1000+ break (annual qty 5000)
286,1,PCS-PWR: 1,TPS3710DDCR,"Voltage detector 400 mV 1 %, open-drain output, 1.8-18 V",Texas Instruments,TPS3710DDCR,SOT-23-6 (DDC),ORDERABLE,docs/datasheets/power-supply/TPS3710.pdf,0.618300,0.6183,LCSC C140262 @1000+ (2026-10-04),high,0.618300,REAL: LCSC C140262 @1000+ break (annual qty 5000)
287,1,PCS-PWR: 1,TPS3710DDCR,"Voltage detector 400 mV, open drain",Texas Instruments,TPS3710DDCR,SOT-6 (DDC),ORDERABLE,docs/datasheets/power-supply/TPS3710.pdf,0.618300,0.6183,LCSC C140262 @1000+ (2026-10-04),high,0.618300,REAL: LCSC C140262 @1000+ break (annual qty 5000)
288,1,PCS-CTL-3W: 1,TPS3828-33DBVR,"Supervisor 2.93 V + watchdog 1.6 s, open-drain reset 200 ms",Texas Instruments,TPS3828-33DBVR,SOT-23-5 (DBV),ORDERABLE,docs/datasheets/power-supply/TPS3823.pdf,0.278000,0.2780,TI.com TPS3828-33DBVR @1000+ (2026-10-04),high,0.278000,REAL: TI.com TPS3828-33DBVR @1000+ break (annual qty 5000)
289,2,PCS-CTL-3W: 2,TPS54360BDDAR,"Buck 4.5-60 V in, 3.5 A, current mode, EN 1.2 V threshold, 0.8 V 1 % reference",Texas Instruments,TPS54360BDDAR,HSOIC-8 PowerPAD (DDA),ORDERABLE,docs/datasheets/power-supply/TPS54360B.pdf,1.829000,3.6580,TI.com TPS54360BDDAR @1000+ (2026-10-04),high,1.829000,REAL: TI.com TPS54360BDDAR @1000+ break (annual qty 10000)
290,1,PCS-PWR: 1,TPS62130RGTR,"Sync buck 3-17 V in, 3 A, adjustable (VFB 0.8 V)",Texas Instruments,TPS62130RGTR,VQFN-16 3x3 (RGT),ORDERABLE,docs/datasheets/power-supply/TPS62130.pdf,0.728900,0.7289,LCSC C43590 @1000+ (2026-10-04),high,0.728900,REAL: LCSC C43590 @1000+ break (annual qty 5000)
291,1,PCS-PWR: 1,UCC28C59QDRQ1,"Current-mode PWM controller for SiC, UVLO 16/12.5 V, max duty 48 %, AEC-Q100",Texas Instruments,UCC28C59QDRQ1,SOIC-8 (D),ORDERABLE,docs/datasheets/power-supply/UCC28C58-Q1.pdf,0.920000,0.9200,TI.com UCC28C59QDRQ1 @1000+ (2026-10-04),high,0.920000,REAL: TI.com UCC28C59QDRQ1 @1000+ break (annual qty 5000)
292,6,PCS-PWR: 6,TVT25751KFKG,"Thermally protected varistor 615 VDC, Vc 1240 V @ 150 A, Imax 25 kA, thermal link + monitor lead",Thinking Electronic,TVT25751KFKG,"25 mm disc, 3 leads, potted",ORDERABLE,docs/datasheets/protection/Thinking-TVT-Series.pdf,1.200000,7.2000,"estimate TVT25751KFKG: ESTIMATE: Thinking TVT25751 25 mm potted thermally protected varistor with monitor lead; no public price (LCSC mirror, web search 2026-10...",low,0.960000,ASSUMED x0.80 [protection_estimate]
293,6,PCS-CTL-3W: 6,4 x 10k,"Resistor array 4 x 10k 5 % 1/16 W 50 V, isolated (pull-downs on MCU command lines)",Uniroyal Electronics (UniOhm),4D03WGJ0103T5E,0603x4 concave,ORDERABLE,docs/datasheets/passives-capacitors/UniOhm-resistor-array.pdf,0.008200,0.0492,LCSC C29718 @1000+ (2026-10-04),high,0.006800,REAL: LCSC C29718 @10000+ break (annual qty 30000)
294,60,PCS-PWR: 60,1M,HV chip resistor 1.00 M 0.1 % 25 ppm/K,Viking Tech,ARHV06BTC1004A,1206,ORDERABLE,docs/datasheets/passives-capacitors/Viking-ARHV-A.pdf,0.250000,15.0000,"estimate ARHV06BTC1004A: ESTIMATE (architect's list gen/data/costfirst_bom.csv, 0.25 USD): Viking RFQ, drop-in for Vishay TNPV12061M00BEEA 1.03 USD (alternates.cs...",low,0.212500,ASSUMED x0.85 [asia_part_estimate]
295,16,PCS-PWR: 16,124k,HV chip resistor 124 k 0.1 % 25 ppm/K,Viking Tech,ARHV13BTC1243A,1210,ORDERABLE,docs/datasheets/passives-capacitors/Viking-ARHV-A.pdf,0.300000,4.8000,"estimate ARHV13BTC1243A: ESTIMATE (architect's list gen/data/costfirst_bom.csv, 0.30 USD): Viking RFQ, drop-in for Vishay TNPV1210124KBEEA 0.80 USD est. (alternat...",low,0.255000,ASSUMED x0.85 [asia_part_estimate]
296,3,PCS-PWR: 3,BYG10Y-E3/TR,"Avalanche rectifier 1600 V 1.5 A, standard recovery",Vishay,BYG10Y-E3/TR,SMA (DO-214AC),ORDERABLE,docs/datasheets/power-semiconductors/BYG10Y.pdf,0.084000,0.2520,LCSC C97584 @500+ (2026-10-04),high,0.071100,REAL: LCSC C97584 @5400+ break (annual qty 15000)
297,1,PCS-PWR: 1,CNY65B,"Optocoupler phototransistor, reinforced, VIOTM 12 kV, creepage >= 14 mm: varistor-network monitor",Vishay,CNY65B,DIP-4 HV 600 mil (15.24 mm),ORDERABLE,docs/datasheets/isolation-interface/CNY65.pdf,1.137200,1.1372,LCSC C118289 @990+ (2026-10-04),high,0.966620,ASSUMED x0.85 [short_table]
298,54,PCS-PWR: 54,15R,"Pulse-proof thick film 2512 15.0 ohm 1 %, 1.5 W at 70 C, 500 V (leg damper)",Vishay,CRCW251215R0FKEGHP,2512,ORDERABLE,docs/datasheets/passives-capacitors/CRCW-HP.pdf,0.140000,7.5600,"estimate CRCW251215R0FKEGHP: ESTIMATE: Vishay CRCW251210R0FKEG (same 2512 series, 10 R) is 0.1102 USD at 500+ on LCSC (C844885); the pulse-proof HP version taken at +...",medium,0.119000,ASSUMED x0.85 [asia_part_estimate]
299,4,PCS-PWR: 4,10M,"Resistor 10 M 1 % 2512 high-voltage thick film, 3000 V",Vishay,CRHV2512AF10M0FKFB,2512,ORDERABLE,docs/datasheets/passives-capacitors/CRHV.pdf,0.550000,2.2000,"estimate CRHV2512AF10M0FKFB: ESTIMATE: Vishay CRHV 2512 high-voltage chip resistor, no readable price; engineering estimate",low,0.467500,ASSUMED x0.85 [asia_part_estimate]
300,4,PCS-PWR: 4,IRFR9214TRPbF,P-MOSFET -250 V 3.0 ohm: hold-closed high-side switch,Vishay,IRFR9214TRPbF,DPAK (TO-252),ORDERABLE,docs/datasheets/power-semiconductors/IRFR9214.pdf,0.650000,2.6000,"estimate IRFR9214TRPbF: ESTIMATE: Vishay IRFR9214 -250 V DPAK P-MOSFET, no LCSC listing found; engineering estimate",low,0.552500,ASSUMED x0.85 [asia_part_estimate]
301,10,PCS-PWR: 10,4.99k,Thin-film resistor 4.99 k 0.1 % 25 ppm/K,Vishay,TNPW12064K99BEEA,1206,ORDERABLE,docs/datasheets/passives-capacitors/TNPW-e3.pdf,0.200000,2.0000,"estimate TNPW12064K99BEEA: ESTIMATE: Vishay TNPW 1206 0.1 % thin film, no readable price; LCSC's Yageo thin-film 1206 0.1 % RT1206BRD0720RL is 0.0502 USD at 5000+,...",low,0.170000,ASSUMED x0.85 [asia_part_estimate]
302,2,PCS-PWR: 2,VS-8ETU04S-M3,Ultrafast rectifier 400 V 8 A FRED Pt (output),Vishay,VS-8ETU04S-M3,D2PAK (TO-263AB),ORDERABLE,docs/datasheets/power-semiconductors/VS-8ETU04S-M3.pdf,1.130000,2.2600,"estimate VS-8ETU04S-M3: ESTIMATE: same Vishay D2PAK 8 A FRED Pt family; VS-8ETL06S-M3 is 1.1323 USD at 500+ on LCSC (C506528, 2026-10-04)",medium,0.960500,ASSUMED x0.85 [asia_part_estimate]
303,5,PCS-PWR: 5,VY1472M63Y5UQ63V0,Y1 capacitor 4.7 nF 500 VAC / 1500 VDC,Vishay,VY1472M63Y5UQ63V0,"disc 16 mm, 10 mm leads",ORDERABLE,docs/datasheets/passives-capacitors/VY1.pdf,0.343220,1.7161,RS Components UK (web-search snippet; page blocked) 8523393 @250+ (2026-10-04),medium,0.291737,ASSUMED x0.85 [short_table]
304,4,PCS-PWR: 4,20R,"Resistor 20 R 5 % 10 W cemented wirewound, pulse-rated (AUX75 tap, ahead of the fuse)",Vishay Draloric,AC10000002009JAB00,"axial cemented wirewound 10 W, 44 x 8 mm",ORDERABLE,docs/datasheets/passives-capacitors/AC-AC-AT-AC-NI.pdf,0.930000,3.7200,estimate AC10000002009JAB00: ESTIMATE (sim/out/aux_hv_design/aux75_block_cost.csv): Vishay 20 R 10 W cemented wirewound; the 22 R sibling AC10000002209JAB00 is 0.932...,medium,0.790500,ASSUMED x0.85 [asia_part_estimate]
305,1,PCS-CTL-3W: 1,150060RS75000,"LED 0603 red 625 nm, VF 2.0 V",Wurth Elektronik,150060RS75000,0603,ORDERABLE,docs/datasheets/passives-capacitors/WE-150060RS75000.pdf,0.060000,0.0600,"estimate 150060RS75000: ESTIMATE: Wurth WL-SMCW 0603 red LED, no readable price; engineering estimate",low,0.051000,ASSUMED x0.85 [asia_part_estimate]
306,1,PCS-CTL-3W: 1,150060VS75000,"LED 0603 bright green 570 nm, VF 2.0 V",Wurth Elektronik,150060VS75000,0603,ORDERABLE,docs/datasheets/passives-capacitors/WE-150060VS75000.pdf,0.060000,0.0600,"estimate 150060VS75000: ESTIMATE: Wurth WL-SMCW 0603 green LED, no readable price; engineering estimate",low,0.051000,ASSUMED x0.85 [asia_part_estimate]
307,2,PCS-PWR: 2,74437368150,"Power inductor 15 uH, ISAT(10%) 5.55 A, 45 mR max",Wurth Elektronik,74437368150,WE-LHMI,ORDERABLE,docs/datasheets/magnetics/WE-74437368150.pdf,2.600000,5.2000,estimate 74437368150: ESTIMATE: Wurth WE-LHMI 15 uH 5.55 A; the same-series 744373965150 15 uH is DKK 21.24 (about USD 3.3) at qty 1 on Farnell Denmark (web-se...,low,2.210000,ASSUMED x0.85 [asia_part_estimate]
308,1,PCS-PWR: 1,74438356022,"Power inductor 2.2 uH, ISAT(10%) 4.05 A, 35 mR max",Wurth Elektronik,74438356022,WE-MAPI 4020,ORDERABLE,docs/datasheets/magnetics/WE-74438356022.pdf,0.550000,0.5500,"estimate 74438356022: ESTIMATE: Wurth WE-MAPI 4020 2.2 uH, no readable price; engineering estimate",low,0.467500,ASSUMED x0.85 [asia_part_estimate]
309,48,PCS-PWR: 48,7461057,"PCB HV connection point (ring lug / busbar), M3, 100 A",Wurth Elektronik,7461057,REDCUBE press-fit M3,ORDERABLE,docs/datasheets/connectors/WE-7461057.pdf,1.100000,52.8000,"estimate 7461057: ESTIMATE: Wurth REDCUBE press-fit M3 terminal 100 A, no readable price; engineering estimate",low,0.935000,ASSUMED x0.85 [asia_part_estimate]
310,1,PCS-CTL-3W: 1,X1270WVS-2x10B-9TV01,cTI-20 JTAG header 1.27 mm - HAZARDOUS LIVE: isolated debug probe only (>= 1000 V DC),XKB Connection,X1270WVS-2x10B-9TV01,2x10 1.27 mm SMT,ORDERABLE,docs/datasheets/connectors/XKB-X1270WVS.pdf,0.268500,0.2685,LCSC C5147196 @1000+ (2026-10-04),high,0.268500,REAL: LCSC C5147196 @1000+ break (annual qty 5000)
311,3,PCS-CTL-3W: 3,X6511WV-03H-C60D30,"Fan header 1x3 2.54 mm, 3 A: 1 +V, 2 0 V, 3 tach (SELV)",XKB Connection,X6511WV-03H-C60D30,1x3 2.54 mm THT,ORDERABLE,docs/datasheets/connectors/XKB-X6511W.pdf,0.055200,0.1656,LCSC C706875 @500+ (2026-10-04),high,0.047100,REAL: LCSC C706875 @4000+ break (annual qty 15000)
312,1,PCS-CTL-3W: 1,X6521FV-2x32-C85D32,"Board-to-board socket 2x32 2.54 mm, PC contract (gen/interfaces.py), LIVE",XKB Connection,X6521FV-2x32-C85D32,2x32 2.54 mm female THT,ORDERABLE,docs/datasheets/connectors/XKB-X6521F.pdf,1.049000,1.0490,"estimate X6521FV-2x32-C85D32: ESTIMATE: 2x32 socket not in the mirror; the 2x22 X6521FV-2x22-C85D32 is 0.7208 USD at 1000+ on LCSC (C2883995), scaled by 32/22 pins",low,0.891650,ASSUMED x0.85 [asia_part_estimate]
313,1,PCS-PWR: 1,X9555WV-2x08-6TV01,"Shrouded box header 2x8 2.54 mm: PCS_X contract to the control board (grid voltages, RCM, K_AC2, NTC9), live (250 V, 3 A)",XKB Connection,X9555WV-2x08-6TV01,2x8 2.54 mm box header THT,ORDERABLE,docs/datasheets/connectors/XKB-X9555WV.pdf,0.104000,0.1040,"estimate X9555WV-2x08-6TV01: ESTIMATE: 2x8 shrouded header not in the mirror; the 2x20 X9555WV-2X20-6TV01 is 0.26 USD at 500 on LCSC (prices.csv), scaled by 8/20 pins",low,0.088400,ASSUMED x0.85 [asia_part_estimate]
314,1,PCS-PWR: 1,X9555WV-2x32-6TV01,"Shrouded box header 2x32 2.54 mm: PC contract to the control board, live (250 V, 3 A, -40..125 C)",XKB Connection,X9555WV-2x32-6TV01,2x32 2.54 mm box header THT,ORDERABLE,docs/datasheets/connectors/XKB-X9555WV.pdf,0.416000,0.4160,"estimate X9555WV-2x32-6TV01: ESTIMATE: 2x32 shrouded header not in the mirror; the 2x20 X9555WV-2X20-6TV01 is 0.26 USD at 500 on LCSC (prices.csv), scaled by 32/20 pins",low,0.353600,ASSUMED x0.85 [asia_part_estimate]
315,10,PCS-PWR: 10,C3D1U147+M0A,"DC-link PP film 140 uF, 600 VDC (70 C) / 500 VDC (85 C), ESR 3.0 mOhm, Imax 40.2 A (10 kHz, 70 C), 4 pins (split DC link, one half)",Xiamen Faratronic,C3D1U147+M0A,"4-pin 57 x 65 x 45 mm, P1 52.5 / P2 20.3",ORDERABLE,docs/datasheets/passives-capacitors/Faratronic-C3D.pdf,4.900000,49.0000,"estimate C3D1U147+M0A: ESTIMATE (sim/out/pcs_design/pcs_costed_bom.csv, the inverter study's DC-link film row): LCSC C3D1X505 0.557 USD @1000 scaled by can volu...",low,4.165000,ASSUMED x0.85 [asia_part_estimate]
316,2,PCS-PWR: 2,HCHVF1000-400A-38R,"CHASSIS-MOUNTED aR fuse 400 A 1000 VDC, 50 kA (L/R 2.5 ms), 112 W at In, UL E533379: DC port",Zhejiang HIITIO New Energy,HCHVF1000-400A-38R,"38 mm cartridge, bolted",ORDERABLE,docs/datasheets/protection/HIITIO-HCHVF1000-Series.pdf,25.000000,50.0000,estimate HCHVF1000-400A-38R: ESTIMATE (sim/out/pcs_design/pcs_costed_bom.csv 'DC fuse aR 400 A 1000 V DC'): no public price; marketplace anchor 1000 V 350 A semicondu...,low,20.000000,ASSUMED x0.80 [protection_estimate]
317,3,PCS-PWR: 3,10u 450VAC RFQ,"RFQ AC film capacitor MKP 10 uF 10 %, 450 V AC, >= 5 A rms (LCL damping branch C_d)",,,"board, 4-pin",RFQ,,1.500000,4.5000,estimate 10u 450VAC RFQ@PCS-P125: RFQ ESTIMATE: half of the sim/out/pcs_design/pcs_costed_bom.csv damping-branch row (3.0 USD per phase for R_d + C_d),low,1.275000,ASSUMED x0.85 [asia_part_estimate]
318,1,PCS-PWR: 1,220R RFQ,"CHASSIS-MOUNTED RFQ precharge resistor 220 ohm 5 %, 1000 V DC, single pulse >= 600 J in 0.1 s (shorted bank to the abort) and 180 J at tau 80 ms, basic insulation to the housing (2200 V rms)",,,"aluminium housing, M4",RFQ,,4.000000,4.0000,"estimate 220R RFQ: ESTIMATE: lean-port precharge resistor, aluminium-housed 200 W wirewound class 220 ohm (cost-first BOM row RXLG class); pulse rating to b...",low,3.200000,ASSUMED x0.80 [protection_estimate]
319,6,PCS-PWR: 6,25u 450VAC RFQ,"RFQ AC filter capacitor MKP 25 uF 10 %, 450 V AC (rated for the phase-to-midpoint voltage incl. the 150 Hz zero sequence), >= 15 A rms, self-healing, overpressure disconnector (C_f, 2 per phase)",,,"chassis or board, M6 / 4-pin",RFQ,,3.000000,18.0000,"estimate 25u 450VAC RFQ@PCS-P125: RFQ ESTIMATE (sim/out/pcs_design/pcs_costed_bom.csv C_f row: 0.12 USD/uF, architect): 25 uF 450 V AC MKP, no quote",low,2.550000,ASSUMED x0.85 [asia_part_estimate]
320,3,PCS-PWR: 3,2R 25W RFQ,"RFQ power resistor 2 ohm 5 %, 25 W in aluminium housing on the heatsink, 1000 V insulation to the housing (LCL damping branch R_d)",,,"aluminium housing, chassis",RFQ,,1.500000,4.5000,estimate 2R 25W RFQ@PCS-P125: RFQ ESTIMATE: half of the sim/out/pcs_design/pcs_costed_bom.csv damping-branch row (3.0 USD per phase for R_d + C_d),low,1.275000,ASSUMED x0.85 [asia_part_estimate]
321,3,PCS-PWR: 3,CS +/-500A RFQ,"RFQ open-loop (TMR / Hall) current sensor: measuring range >= +/-500 A, I_PN >= 216 A rms (250 A continuous primary), 5 V supply, Vout = Vref + G x I with the reference on its own pin (Vref 2.5 V), G 3.5-4.0 mV/A, bandwidth >= 100 kHz, response <= 1 us, accuracy +/-2 % after calibration, primary-secondary basic for 1000 V DC + 400 V AC (OVC III), -40..105 C (pcs_spec sensing.phase_current)",,,"PCB mount, integrated primary bar 250 A rms",RFQ,,6.000000,18.0000,"estimate CS +/-500A RFQ@PCS-P125: RFQ ESTIMATE (sim/out/pcs_design/pcs_costed_bom.csv phase-current sensor row, architect, range raised for the 450 A trip): no part with a...",low,5.100000,ASSUMED x0.85 [asia_part_estimate]
322,1,PCS-PWR: 1,K1 AC-1 250A RFQ,"CHASSIS-MOUNTED RFQ 3-pole AC contactor (CHINT NXC-225 / Delixi CJX2s-185 class): AC-1 >= 248 A at 400-460 V AC, Ui 1000 V, Uimp 8 kV, 24 V DC coil WITH integrated economiser (pull-in <= 20 W, hold <= 4 W), coil-contact Ui >= 1000 V, mechanical life >= 1e6; 2 in series per phase set (relay test)",,,"chassis, 3 main poles M8 + coil connector",RFQ,,45.000000,45.0000,"estimate K1 AC-1 250A RFQ@PCS-P125: RFQ ESTIMATE (sim/out/pcs_design/pcs_costed_bom.csv AC contactor row: CHINT NXC-225 / Delixi CJX2s-185 class, no OEM price, R-06)",low,38.250000,ASSUMED x0.85 [asia_part_estimate]
323,1,PCS-PWR: 1,K2 AC-1 250A RFQ,"CHASSIS-MOUNTED RFQ 3-pole AC contactor (CHINT NXC-225 / Delixi CJX2s-185 class): AC-1 >= 248 A at 400-460 V AC, Ui 1000 V, Uimp 8 kV, 24 V DC coil WITH integrated economiser (pull-in <= 20 W, hold <= 4 W), coil-contact Ui >= 1000 V, mechanical life >= 1e6; 2 in series per phase set (relay test)",,,"chassis, 3 main poles M8 + coil connector",RFQ,,45.000000,45.0000,"estimate K2 AC-1 250A RFQ@PCS-P125: RFQ ESTIMATE (sim/out/pcs_design/pcs_costed_bom.csv AC contactor row, as K1)",low,38.250000,ASSUMED x0.85 [asia_part_estimate]
324,1,PCS-PWR: 1,RCM type B RFQ,"RFQ type-B residual-current sensor (fluxgate) around L1-L3: 6 mA DC / 30 mA AC resolution, analog output 0-1.25 A range, test-winding input, 5 V supply, aperture for 3 x 250 A busbars (pcs_spec sensing.residual_current; IEC 62109-2 / IEC 62752 style)",,,"chassis or board, aperture for 3 x 250 A",RFQ,,10.000000,10.0000,estimate RCM type B RFQ@PCS-P125: RFQ ESTIMATE (sim/out/pcs_design/pcs_costed_bom.csv residual-current sensor row): no data sheet on file (R-10),low,8.500000,ASSUMED x0.85 [asia_part_estimate]
325,1,PCS-PWR: 1,X 2.2u 1300V RFQ,"RFQ X capacitor film 2.2 uF, 1300 VDC at 70 C (1100 V at 85 C), ESR <= 16 mOhm, impulse >= 4.5 kV peak (>= 1.1 x the 3.8 kV pole-pole level of the varistor Y, IC-10; leads at the varistor network), no lifetime surge-count limit below 1000 events",,,"radial film, 27.5 mm pitch",RFQ,,4.500000,4.5000,"estimate X 2.2u 1300V RFQ: ESTIMATE: same value, voltage and pitch as KEMET C4AQUBU4220A1YJ (DigiKey Austria EUR 2.49 = USD 2.80 at qty 1, ECB 2026-10-02: 1 EUR = 1...",low,3.600000,ASSUMED x0.80 [protection_estimate]
