mpn,mfr,source,sku,qty,unit_price,currency,stock,date,url,note
"2N7002BK,215",Nexperia,LCSC,C282405,1,0.0544,USD,128246,2026-10-04,https://www.lcsc.com/product-detail/C282405.html,"read via jlcsearch.tscircuit.com mirror of LCSC catalogue; LCSC mfr part '2N7002BK,215'; mirror x-cached-at 2026-09-22T13:04:02.063Z"
"2N7002BK,215",Nexperia,LCSC,C282405,100,0.0425,USD,128246,2026-10-04,https://www.lcsc.com/product-detail/C282405.html,"read via jlcsearch.tscircuit.com mirror of LCSC catalogue; LCSC mfr part '2N7002BK,215'; mirror x-cached-at 2026-09-22T13:04:02.063Z"
"2N7002BK,215",Nexperia,LCSC,C282405,300,0.0367,USD,128246,2026-10-04,https://www.lcsc.com/product-detail/C282405.html,"read via jlcsearch.tscircuit.com mirror of LCSC catalogue; LCSC mfr part '2N7002BK,215'; mirror x-cached-at 2026-09-22T13:04:02.063Z"
"2N7002BK,215",Nexperia,LCSC,C282405,3000,0.0318,USD,128246,2026-10-04,https://www.lcsc.com/product-detail/C282405.html,"read via jlcsearch.tscircuit.com mirror of LCSC catalogue; LCSC mfr part '2N7002BK,215'; mirror x-cached-at 2026-09-22T13:04:02.063Z"
"2N7002BK,215",Nexperia,LCSC,C282405,6000,0.0282,USD,128246,2026-10-04,https://www.lcsc.com/product-detail/C282405.html,"read via jlcsearch.tscircuit.com mirror of LCSC catalogue; LCSC mfr part '2N7002BK,215'; mirror x-cached-at 2026-09-22T13:04:02.063Z"
"2N7002BK,215",Nexperia,LCSC,C282405,9000,0.0264,USD,128246,2026-10-04,https://www.lcsc.com/product-detail/C282405.html,"read via jlcsearch.tscircuit.com mirror of LCSC catalogue; LCSC mfr part '2N7002BK,215'; mirror x-cached-at 2026-09-22T13:04:02.063Z"
AM26LV32EIDR,Texas Instruments,LCSC,C527448,1,0.8737,USD,18921,2026-10-04,https://www.lcsc.com/product-detail/C527448.html,read via jlcsearch.tscircuit.com mirror of LCSC catalogue; LCSC mfr part 'AM26LV32EIDR'; mirror x-cached-at 2026-09-28T08:28:23.101Z
AM26LV32EIDR,Texas Instruments,LCSC,C527448,10,0.7077,USD,18921,2026-10-04,https://www.lcsc.com/product-detail/C527448.html,read via jlcsearch.tscircuit.com mirror of LCSC catalogue; LCSC mfr part 'AM26LV32EIDR'; mirror x-cached-at 2026-09-28T08:28:23.101Z
AM26LV32EIDR,Texas Instruments,LCSC,C527448,30,0.6231,USD,18921,2026-10-04,https://www.lcsc.com/product-detail/C527448.html,read via jlcsearch.tscircuit.com mirror of LCSC catalogue; LCSC mfr part 'AM26LV32EIDR'; mirror x-cached-at 2026-09-28T08:28:23.101Z
AM26LV32EIDR,Texas Instruments,LCSC,C527448,100,0.5418,USD,18921,2026-10-04,https://www.lcsc.com/product-detail/C527448.html,read via jlcsearch.tscircuit.com mirror of LCSC catalogue; LCSC mfr part 'AM26LV32EIDR'; mirror x-cached-at 2026-09-28T08:28:23.101Z
AM26LV32EIDR,Texas Instruments,LCSC,C527448,500,0.4605,USD,18921,2026-10-04,https://www.lcsc.com/product-detail/C527448.html,read via jlcsearch.tscircuit.com mirror of LCSC catalogue; LCSC mfr part 'AM26LV32EIDR'; mirror x-cached-at 2026-09-28T08:28:23.101Z
AM26LV32EIDR,Texas Instruments,LCSC,C527448,1000,0.4344,USD,18921,2026-10-04,https://www.lcsc.com/product-detail/C527448.html,read via jlcsearch.tscircuit.com mirror of LCSC catalogue; LCSC mfr part 'AM26LV32EIDR'; mirror x-cached-at 2026-09-28T08:28:23.101Z
004110760,ETI,LCSC via jlcsearch mirror,,,,,,2026-10-04,https://jlcsearch.tscircuit.com/components/list.json?search=004110760,"not on LCSC; no public list price found: RFQ (battery-port fuse 135 A, NH1 gBat 200A 1000V DC)"
004110762,ETI,LCSC via jlcsearch mirror,,,,,,2026-10-04,https://jlcsearch.tscircuit.com/components/list.json?search=004110762,"not on LCSC; RFQ (battery-port fuse 180 A, NH2 gBat 250A 1000V DC)"
59.D040,Raycap,LCSC via jlcsearch mirror,,,,,,2026-10-04,https://jlcsearch.tscircuit.com/components/list.json?search=ProTec,not on LCSC (search returns unrelated parts); RFQ (ProTec T2-1500DCGU-3Y battery-port SPD)
B88269X7340C011,TDK Electronics,LCSC via jlcsearch mirror,,,,,,2026-10-04,https://jlcsearch.tscircuit.com/components/list.json?search=HVC43,"not on LCSC (0 results); RFQ (HVC43-250A-24MC, battery ports use two)"
ADS7953SDBTR,Texas Instruments,TI.com,ADS7953SDBTR,1,7.441,USD,,2026-10-04,https://www.ti.com/product/ADS7953/part-details/ADS7953SDBTR,TI list price from ti.com orderable table (baseQuantity 1ku = 4.044); status ACTIVE; pack 2000 LARGE T&R
ADS7953SDBTR,Texas Instruments,TI.com,ADS7953SDBTR,100,6.066,USD,,2026-10-04,https://www.ti.com/product/ADS7953/part-details/ADS7953SDBTR,TI list price from ti.com orderable table (baseQuantity 1ku = 4.044); status ACTIVE; pack 2000 LARGE T&R
ADS7953SDBTR,Texas Instruments,TI.com,ADS7953SDBTR,250,4.768,USD,,2026-10-04,https://www.ti.com/product/ADS7953/part-details/ADS7953SDBTR,TI list price from ti.com orderable table (baseQuantity 1ku = 4.044); status ACTIVE; pack 2000 LARGE T&R
ADS7953SDBTR,Texas Instruments,TI.com,ADS7953SDBTR,1000,4.044,USD,,2026-10-04,https://www.ti.com/product/ADS7953/part-details/ADS7953SDBTR,TI list price from ti.com orderable table (baseQuantity 1ku = 4.044); status ACTIVE; pack 2000 LARGE T&R
AM26LV31EIDR,Texas Instruments,TI.com,AM26LV31EIDR,1,1.929,USD,,2026-10-04,https://www.ti.com/product/AM26LV31E/part-details/AM26LV31EIDR,TI list price from ti.com orderable table (baseQuantity 1ku = 0.861); status ACTIVE; pack 2500 LARGE T&R
AM26LV31EIDR,Texas Instruments,TI.com,AM26LV31EIDR,100,1.593,USD,,2026-10-04,https://www.ti.com/product/AM26LV31E/part-details/AM26LV31EIDR,TI list price from ti.com orderable table (baseQuantity 1ku = 0.861); status ACTIVE; pack 2500 LARGE T&R
AM26LV31EIDR,Texas Instruments,TI.com,AM26LV31EIDR,250,1.144,USD,,2026-10-04,https://www.ti.com/product/AM26LV31E/part-details/AM26LV31EIDR,TI list price from ti.com orderable table (baseQuantity 1ku = 0.861); status ACTIVE; pack 2500 LARGE T&R
AM26LV31EIDR,Texas Instruments,TI.com,AM26LV31EIDR,1000,0.861,USD,,2026-10-04,https://www.ti.com/product/AM26LV31E/part-details/AM26LV31EIDR,TI list price from ti.com orderable table (baseQuantity 1ku = 0.861); status ACTIVE; pack 2500 LARGE T&R
AM26LV32EIDR,Texas Instruments,TI.com,AM26LV32EIDR,1,1.873,USD,,2026-10-04,https://www.ti.com/product/AM26LV32E/part-details/AM26LV32EIDR,TI list price from ti.com orderable table (baseQuantity 1ku = 0.836); status ACTIVE; pack 2500 LARGE T&R
AM26LV32EIDR,Texas Instruments,TI.com,AM26LV32EIDR,100,1.547,USD,,2026-10-04,https://www.ti.com/product/AM26LV32E/part-details/AM26LV32EIDR,TI list price from ti.com orderable table (baseQuantity 1ku = 0.836); status ACTIVE; pack 2500 LARGE T&R
AM26LV32EIDR,Texas Instruments,TI.com,AM26LV32EIDR,250,1.111,USD,,2026-10-04,https://www.ti.com/product/AM26LV32E/part-details/AM26LV32EIDR,TI list price from ti.com orderable table (baseQuantity 1ku = 0.836); status ACTIVE; pack 2500 LARGE T&R
AM26LV32EIDR,Texas Instruments,TI.com,AM26LV32EIDR,1000,0.836,USD,,2026-10-04,https://www.ti.com/product/AM26LV32E/part-details/AM26LV32EIDR,TI list price from ti.com orderable table (baseQuantity 1ku = 0.836); status ACTIVE; pack 2500 LARGE T&R
AMC3302DWE,Texas Instruments,TI.com,AMC3302DWE,1,13.288,USD,,2026-10-04,https://www.ti.com/product/AMC3302/part-details/AMC3302DWE,TI list price from ti.com orderable table (baseQuantity 1ku = 6.578); status ACTIVE; pack 40 TUBE
AMC3302DWE,Texas Instruments,TI.com,AMC3302DWE,100,11.643,USD,,2026-10-04,https://www.ti.com/product/AMC3302/part-details/AMC3302DWE,TI list price from ti.com orderable table (baseQuantity 1ku = 6.578); status ACTIVE; pack 40 TUBE
AMC3302DWE,Texas Instruments,TI.com,AMC3302DWE,250,8.163,USD,,2026-10-04,https://www.ti.com/product/AMC3302/part-details/AMC3302DWE,TI list price from ti.com orderable table (baseQuantity 1ku = 6.578); status ACTIVE; pack 40 TUBE
AMC3302DWE,Texas Instruments,TI.com,AMC3302DWE,1000,6.578,USD,,2026-10-04,https://www.ti.com/product/AMC3302/part-details/AMC3302DWE,TI list price from ti.com orderable table (baseQuantity 1ku = 6.578); status ACTIVE; pack 40 TUBE
AMC3330DWE,Texas Instruments,TI.com,AMC3330DWE,1,11.52,USD,,2026-10-04,https://www.ti.com/product/AMC3330/part-details/AMC3330DWE,TI list price from ti.com orderable table (baseQuantity 1ku = 6.261); status ACTIVE; pack 40 TUBE
AMC3330DWE,Texas Instruments,TI.com,AMC3330DWE,100,9.392,USD,,2026-10-04,https://www.ti.com/product/AMC3330/part-details/AMC3330DWE,TI list price from ti.com orderable table (baseQuantity 1ku = 6.261); status ACTIVE; pack 40 TUBE
AMC3330DWE,Texas Instruments,TI.com,AMC3330DWE,250,7.382,USD,,2026-10-04,https://www.ti.com/product/AMC3330/part-details/AMC3330DWE,TI list price from ti.com orderable table (baseQuantity 1ku = 6.261); status ACTIVE; pack 40 TUBE
AMC3330DWE,Texas Instruments,TI.com,AMC3330DWE,1000,6.261,USD,,2026-10-04,https://www.ti.com/product/AMC3330/part-details/AMC3330DWE,TI list price from ti.com orderable table (baseQuantity 1ku = 6.261); status ACTIVE; pack 40 TUBE
ATL431BIDBZR,Texas Instruments,TI.com,ATL431BIDBZR,1,0.597,USD,,2026-10-04,https://www.ti.com/product/ATL431/part-details/ATL431BIDBZR,TI list price from ti.com orderable table (baseQuantity 1ku = 0.208); status ACTIVE; pack 3000 LARGE T&R
ATL431BIDBZR,Texas Instruments,TI.com,ATL431BIDBZR,100,0.406,USD,,2026-10-04,https://www.ti.com/product/ATL431/part-details/ATL431BIDBZR,TI list price from ti.com orderable table (baseQuantity 1ku = 0.208); status ACTIVE; pack 3000 LARGE T&R
ATL431BIDBZR,Texas Instruments,TI.com,ATL431BIDBZR,250,0.313,USD,,2026-10-04,https://www.ti.com/product/ATL431/part-details/ATL431BIDBZR,TI list price from ti.com orderable table (baseQuantity 1ku = 0.208); status ACTIVE; pack 3000 LARGE T&R
ATL431BIDBZR,Texas Instruments,TI.com,ATL431BIDBZR,1000,0.208,USD,,2026-10-04,https://www.ti.com/product/ATL431/part-details/ATL431BIDBZR,TI list price from ti.com orderable table (baseQuantity 1ku = 0.208); status ACTIVE; pack 3000 LARGE T&R
CSD18532Q5B,Texas Instruments,TI.com,CSD18532Q5B,1,1.799,USD,,2026-10-04,https://www.ti.com/product/CSD18532Q5B/part-details/CSD18532Q5B,TI list price from ti.com orderable table (baseQuantity 1ku = 0.803); status ACTIVE; pack 2500 LARGE T&R
CSD18532Q5B,Texas Instruments,TI.com,CSD18532Q5B,100,1.486,USD,,2026-10-04,https://www.ti.com/product/CSD18532Q5B/part-details/CSD18532Q5B,TI list price from ti.com orderable table (baseQuantity 1ku = 0.803); status ACTIVE; pack 2500 LARGE T&R
CSD18532Q5B,Texas Instruments,TI.com,CSD18532Q5B,250,1.067,USD,,2026-10-04,https://www.ti.com/product/CSD18532Q5B/part-details/CSD18532Q5B,TI list price from ti.com orderable table (baseQuantity 1ku = 0.803); status ACTIVE; pack 2500 LARGE T&R
CSD18532Q5B,Texas Instruments,TI.com,CSD18532Q5B,1000,0.803,USD,,2026-10-04,https://www.ti.com/product/CSD18532Q5B/part-details/CSD18532Q5B,TI list price from ti.com orderable table (baseQuantity 1ku = 0.803); status ACTIVE; pack 2500 LARGE T&R
DP83822IRHBR,Texas Instruments,TI.com,DP83822IRHBR,1,2.909,USD,,2026-10-04,https://www.ti.com/product/DP83822I/part-details/DP83822IRHBR,TI list price from ti.com orderable table (baseQuantity 1ku = 1.44); status ACTIVE; pack 3000 LARGE T&R
DP83822IRHBR,Texas Instruments,TI.com,DP83822IRHBR,100,2.549,USD,,2026-10-04,https://www.ti.com/product/DP83822I/part-details/DP83822IRHBR,TI list price from ti.com orderable table (baseQuantity 1ku = 1.44); status ACTIVE; pack 3000 LARGE T&R
DP83822IRHBR,Texas Instruments,TI.com,DP83822IRHBR,250,1.787,USD,,2026-10-04,https://www.ti.com/product/DP83822I/part-details/DP83822IRHBR,TI list price from ti.com orderable table (baseQuantity 1ku = 1.44); status ACTIVE; pack 3000 LARGE T&R
DP83822IRHBR,Texas Instruments,TI.com,DP83822IRHBR,1000,1.44,USD,,2026-10-04,https://www.ti.com/product/DP83822I/part-details/DP83822IRHBR,TI list price from ti.com orderable table (baseQuantity 1ku = 1.44); status ACTIVE; pack 3000 LARGE T&R
ESD2CAN24DBZRQ1,Texas Instruments,TI.com,ESD2CAN24DBZRQ1,1,0.339,USD,,2026-10-04,https://www.ti.com/product/ESD2CAN24-Q1/part-details/ESD2CAN24DBZRQ1,TI list price from ti.com orderable table (baseQuantity 1ku = 0.118); status ACTIVE; pack 3000 LARGE T&R
ESD2CAN24DBZRQ1,Texas Instruments,TI.com,ESD2CAN24DBZRQ1,100,0.23,USD,,2026-10-04,https://www.ti.com/product/ESD2CAN24-Q1/part-details/ESD2CAN24DBZRQ1,TI list price from ti.com orderable table (baseQuantity 1ku = 0.118); status ACTIVE; pack 3000 LARGE T&R
ESD2CAN24DBZRQ1,Texas Instruments,TI.com,ESD2CAN24DBZRQ1,250,0.178,USD,,2026-10-04,https://www.ti.com/product/ESD2CAN24-Q1/part-details/ESD2CAN24DBZRQ1,TI list price from ti.com orderable table (baseQuantity 1ku = 0.118); status ACTIVE; pack 3000 LARGE T&R
ESD2CAN24DBZRQ1,Texas Instruments,TI.com,ESD2CAN24DBZRQ1,1000,0.118,USD,,2026-10-04,https://www.ti.com/product/ESD2CAN24-Q1/part-details/ESD2CAN24DBZRQ1,TI list price from ti.com orderable table (baseQuantity 1ku = 0.118); status ACTIVE; pack 3000 LARGE T&R
F28388DZWTS,Texas Instruments,TI.com,F28388DZWTS,1,32.918,USD,,2026-10-04,https://www.ti.com/product/TMS320F28388D/part-details/F28388DZWTS,TI list price from ti.com orderable table (baseQuantity 1ku = 19.83); status ACTIVE; pack 90 JEDEC TRAY (10+1)
F28388DZWTS,Texas Instruments,TI.com,F28388DZWTS,100,28.754,USD,,2026-10-04,https://www.ti.com/product/TMS320F28388D/part-details/F28388DZWTS,TI list price from ti.com orderable table (baseQuantity 1ku = 19.83); status ACTIVE; pack 90 JEDEC TRAY (10+1)
F28388DZWTS,Texas Instruments,TI.com,F28388DZWTS,250,22.17,USD,,2026-10-04,https://www.ti.com/product/TMS320F28388D/part-details/F28388DZWTS,TI list price from ti.com orderable table (baseQuantity 1ku = 19.83); status ACTIVE; pack 90 JEDEC TRAY (10+1)
F28388DZWTS,Texas Instruments,TI.com,F28388DZWTS,1000,19.83,USD,,2026-10-04,https://www.ti.com/product/TMS320F28388D/part-details/F28388DZWTS,TI list price from ti.com orderable table (baseQuantity 1ku = 19.83); status ACTIVE; pack 90 JEDEC TRAY (10+1)
ISO1042DWR,Texas Instruments,TI.com,ISO1042DWR,1,4.626,USD,,2026-10-04,https://www.ti.com/product/ISO1042/part-details/ISO1042DWR,TI list price from ti.com orderable table (baseQuantity 1ku = 2.29); status ACTIVE; pack 2000 LARGE T&R
ISO1042DWR,Texas Instruments,TI.com,ISO1042DWR,100,4.053,USD,,2026-10-04,https://www.ti.com/product/ISO1042/part-details/ISO1042DWR,TI list price from ti.com orderable table (baseQuantity 1ku = 2.29); status ACTIVE; pack 2000 LARGE T&R
ISO1042DWR,Texas Instruments,TI.com,ISO1042DWR,250,2.842,USD,,2026-10-04,https://www.ti.com/product/ISO1042/part-details/ISO1042DWR,TI list price from ti.com orderable table (baseQuantity 1ku = 2.29); status ACTIVE; pack 2000 LARGE T&R
ISO1042DWR,Texas Instruments,TI.com,ISO1042DWR,1000,2.29,USD,,2026-10-04,https://www.ti.com/product/ISO1042/part-details/ISO1042DWR,TI list price from ti.com orderable table (baseQuantity 1ku = 2.29); status ACTIVE; pack 2000 LARGE T&R
ISO1211DR,Texas Instruments,TI.com,ISO1211DR,1,1.052,USD,,2026-10-04,https://www.ti.com/product/ISO1211/part-details/ISO1211DR,TI list price from ti.com orderable table (baseQuantity 1ku = 0.426); status ACTIVE; pack 2500 LARGE T&R
ISO1211DR,Texas Instruments,TI.com,ISO1211DR,100,0.809,USD,,2026-10-04,https://www.ti.com/product/ISO1211/part-details/ISO1211DR,TI list price from ti.com orderable table (baseQuantity 1ku = 0.426); status ACTIVE; pack 2500 LARGE T&R
ISO1211DR,Texas Instruments,TI.com,ISO1211DR,250,0.596,USD,,2026-10-04,https://www.ti.com/product/ISO1211/part-details/ISO1211DR,TI list price from ti.com orderable table (baseQuantity 1ku = 0.426); status ACTIVE; pack 2500 LARGE T&R
ISO1211DR,Texas Instruments,TI.com,ISO1211DR,1000,0.426,USD,,2026-10-04,https://www.ti.com/product/ISO1211/part-details/ISO1211DR,TI list price from ti.com orderable table (baseQuantity 1ku = 0.426); status ACTIVE; pack 2500 LARGE T&R
ISO1212DBQR,Texas Instruments,TI.com,ISO1212DBQR,1,1.104,USD,,2026-10-04,https://www.ti.com/product/ISO1212/part-details/ISO1212DBQR,TI list price from ti.com orderable table (baseQuantity 1ku = 0.447); status ACTIVE; pack 2500 LARGE T&R
ISO1212DBQR,Texas Instruments,TI.com,ISO1212DBQR,100,0.849,USD,,2026-10-04,https://www.ti.com/product/ISO1212/part-details/ISO1212DBQR,TI list price from ti.com orderable table (baseQuantity 1ku = 0.447); status ACTIVE; pack 2500 LARGE T&R
ISO1212DBQR,Texas Instruments,TI.com,ISO1212DBQR,250,0.625,USD,,2026-10-04,https://www.ti.com/product/ISO1212/part-details/ISO1212DBQR,TI list price from ti.com orderable table (baseQuantity 1ku = 0.447); status ACTIVE; pack 2500 LARGE T&R
ISO1212DBQR,Texas Instruments,TI.com,ISO1212DBQR,1000,0.447,USD,,2026-10-04,https://www.ti.com/product/ISO1212/part-details/ISO1212DBQR,TI list price from ti.com orderable table (baseQuantity 1ku = 0.447); status ACTIVE; pack 2500 LARGE T&R
ISO1410DWR,Texas Instruments,TI.com,ISO1410DWR,1,4.385,USD,,2026-10-04,https://www.ti.com/product/ISO1410/part-details/ISO1410DWR,TI list price from ti.com orderable table (baseQuantity 1ku = 2.171); status ACTIVE; pack 2000 LARGE T&R
ISO1410DWR,Texas Instruments,TI.com,ISO1410DWR,100,3.843,USD,,2026-10-04,https://www.ti.com/product/ISO1410/part-details/ISO1410DWR,TI list price from ti.com orderable table (baseQuantity 1ku = 2.171); status ACTIVE; pack 2000 LARGE T&R
ISO1410DWR,Texas Instruments,TI.com,ISO1410DWR,250,2.694,USD,,2026-10-04,https://www.ti.com/product/ISO1410/part-details/ISO1410DWR,TI list price from ti.com orderable table (baseQuantity 1ku = 2.171); status ACTIVE; pack 2000 LARGE T&R
ISO1410DWR,Texas Instruments,TI.com,ISO1410DWR,1000,2.171,USD,,2026-10-04,https://www.ti.com/product/ISO1410/part-details/ISO1410DWR,TI list price from ti.com orderable table (baseQuantity 1ku = 2.171); status ACTIVE; pack 2000 LARGE T&R
ISO7720FDWR,Texas Instruments,TI.com,ISO7720FDWR,1,2.33,USD,,2026-10-04,https://www.ti.com/product/ISO7720/part-details/ISO7720FDWR,TI list price from ti.com orderable table (baseQuantity 1ku = 1.04); status ACTIVE; pack 2000 LARGE T&R
ISO7720FDWR,Texas Instruments,TI.com,ISO7720FDWR,100,1.924,USD,,2026-10-04,https://www.ti.com/product/ISO7720/part-details/ISO7720FDWR,TI list price from ti.com orderable table (baseQuantity 1ku = 1.04); status ACTIVE; pack 2000 LARGE T&R
ISO7720FDWR,Texas Instruments,TI.com,ISO7720FDWR,250,1.382,USD,,2026-10-04,https://www.ti.com/product/ISO7720/part-details/ISO7720FDWR,TI list price from ti.com orderable table (baseQuantity 1ku = 1.04); status ACTIVE; pack 2000 LARGE T&R
ISO7720FDWR,Texas Instruments,TI.com,ISO7720FDWR,1000,1.04,USD,,2026-10-04,https://www.ti.com/product/ISO7720/part-details/ISO7720FDWR,TI list price from ti.com orderable table (baseQuantity 1ku = 1.04); status ACTIVE; pack 2000 LARGE T&R
LM2903BIDR,Texas Instruments,TI.com,LM2903BIDR,1,0.198,USD,,2026-10-04,https://www.ti.com/product/LM2903B/part-details/LM2903BIDR,TI list price from ti.com orderable table (baseQuantity 1ku = 0.069); status ACTIVE; pack 2500 LARGE T&R
LM2903BIDR,Texas Instruments,TI.com,LM2903BIDR,100,0.135,USD,,2026-10-04,https://www.ti.com/product/LM2903B/part-details/LM2903BIDR,TI list price from ti.com orderable table (baseQuantity 1ku = 0.069); status ACTIVE; pack 2500 LARGE T&R
LM2903BIDR,Texas Instruments,TI.com,LM2903BIDR,250,0.104,USD,,2026-10-04,https://www.ti.com/product/LM2903B/part-details/LM2903BIDR,TI list price from ti.com orderable table (baseQuantity 1ku = 0.069); status ACTIVE; pack 2500 LARGE T&R
LM2903BIDR,Texas Instruments,TI.com,LM2903BIDR,1000,0.069,USD,,2026-10-04,https://www.ti.com/product/LM2903B/part-details/LM2903BIDR,TI list price from ti.com orderable table (baseQuantity 1ku = 0.069); status ACTIVE; pack 2500 LARGE T&R
LM74700QDBVRQ1,Texas Instruments,TI.com,LM74700QDBVRQ1,1,1.951,USD,,2026-10-04,https://www.ti.com/product/LM74700-Q1/part-details/LM74700QDBVRQ1,TI list price from ti.com orderable table (baseQuantity 1ku = 0.871); status ACTIVE; pack 3000 LARGE T&R
LM74700QDBVRQ1,Texas Instruments,TI.com,LM74700QDBVRQ1,100,1.611,USD,,2026-10-04,https://www.ti.com/product/LM74700-Q1/part-details/LM74700QDBVRQ1,TI list price from ti.com orderable table (baseQuantity 1ku = 0.871); status ACTIVE; pack 3000 LARGE T&R
LM74700QDBVRQ1,Texas Instruments,TI.com,LM74700QDBVRQ1,250,1.158,USD,,2026-10-04,https://www.ti.com/product/LM74700-Q1/part-details/LM74700QDBVRQ1,TI list price from ti.com orderable table (baseQuantity 1ku = 0.871); status ACTIVE; pack 3000 LARGE T&R
LM74700QDBVRQ1,Texas Instruments,TI.com,LM74700QDBVRQ1,1000,0.871,USD,,2026-10-04,https://www.ti.com/product/LM74700-Q1/part-details/LM74700QDBVRQ1,TI list price from ti.com orderable table (baseQuantity 1ku = 0.871); status ACTIVE; pack 3000 LARGE T&R
LMR36015ARNXR,Texas Instruments,TI.com,LMR36015ARNXR,1,2.721,USD,,2026-10-04,https://www.ti.com/product/LMR36015/part-details/LMR36015ARNXR,TI list price from ti.com orderable table (baseQuantity 1ku = 1.347); status ACTIVE; pack 3000 LARGE T&R
LMR36015ARNXR,Texas Instruments,TI.com,LMR36015ARNXR,100,2.384,USD,,2026-10-04,https://www.ti.com/product/LMR36015/part-details/LMR36015ARNXR,TI list price from ti.com orderable table (baseQuantity 1ku = 1.347); status ACTIVE; pack 3000 LARGE T&R
LMR36015ARNXR,Texas Instruments,TI.com,LMR36015ARNXR,250,1.672,USD,,2026-10-04,https://www.ti.com/product/LMR36015/part-details/LMR36015ARNXR,TI list price from ti.com orderable table (baseQuantity 1ku = 1.347); status ACTIVE; pack 3000 LARGE T&R
LMR36015ARNXR,Texas Instruments,TI.com,LMR36015ARNXR,1000,1.347,USD,,2026-10-04,https://www.ti.com/product/LMR36015/part-details/LMR36015ARNXR,TI list price from ti.com orderable table (baseQuantity 1ku = 1.347); status ACTIVE; pack 3000 LARGE T&R
LMR38020FDDAR,Texas Instruments,TI.com,LMR38020FDDAR,1,3.377,USD,,2026-10-04,https://www.ti.com/product/LMR38020/part-details/LMR38020FDDAR,TI list price from ti.com orderable table (baseQuantity 1ku = 1.672); status ACTIVE; pack 2500 LARGE T&R
LMR38020FDDAR,Texas Instruments,TI.com,LMR38020FDDAR,100,2.959,USD,,2026-10-04,https://www.ti.com/product/LMR38020/part-details/LMR38020FDDAR,TI list price from ti.com orderable table (baseQuantity 1ku = 1.672); status ACTIVE; pack 2500 LARGE T&R
LMR38020FDDAR,Texas Instruments,TI.com,LMR38020FDDAR,250,2.075,USD,,2026-10-04,https://www.ti.com/product/LMR38020/part-details/LMR38020FDDAR,TI list price from ti.com orderable table (baseQuantity 1ku = 1.672); status ACTIVE; pack 2500 LARGE T&R
LMR38020FDDAR,Texas Instruments,TI.com,LMR38020FDDAR,1000,1.672,USD,,2026-10-04,https://www.ti.com/product/LMR38020/part-details/LMR38020FDDAR,TI list price from ti.com orderable table (baseQuantity 1ku = 1.672); status ACTIVE; pack 2500 LARGE T&R
OPA2322AIDGKR,Texas Instruments,TI.com,OPA2322AIDGKR,1,0.599,USD,,2026-10-04,https://www.ti.com/product/OPA2322/part-details/OPA2322AIDGKR,TI list price from ti.com orderable table (baseQuantity 1u = 0.599); status ACTIVE; pack 2500 LARGE T&R
OPA2388IDR,Texas Instruments,TI.com,OPA2388IDR,1,2.98,USD,,2026-10-04,https://www.ti.com/product/OPA2388/part-details/OPA2388IDR,TI list price from ti.com orderable table (baseQuantity 1ku = 1.475); status ACTIVE; pack 2500 LARGE T&R
OPA2388IDR,Texas Instruments,TI.com,OPA2388IDR,100,2.611,USD,,2026-10-04,https://www.ti.com/product/OPA2388/part-details/OPA2388IDR,TI list price from ti.com orderable table (baseQuantity 1ku = 1.475); status ACTIVE; pack 2500 LARGE T&R
OPA2388IDR,Texas Instruments,TI.com,OPA2388IDR,250,1.83,USD,,2026-10-04,https://www.ti.com/product/OPA2388/part-details/OPA2388IDR,TI list price from ti.com orderable table (baseQuantity 1ku = 1.475); status ACTIVE; pack 2500 LARGE T&R
OPA2388IDR,Texas Instruments,TI.com,OPA2388IDR,1000,1.475,USD,,2026-10-04,https://www.ti.com/product/OPA2388/part-details/OPA2388IDR,TI list price from ti.com orderable table (baseQuantity 1ku = 1.475); status ACTIVE; pack 2500 LARGE T&R
OPA4322AIPWR,Texas Instruments,TI.com,OPA4322AIPWR,1,0.864,USD,,2026-10-04,https://www.ti.com/product/OPA4322/part-details/OPA4322AIPWR,TI list price from ti.com orderable table (baseQuantity 1u = 0.864); status ACTIVE; pack 2000 LARGE T&R
OPA4388IPWR,Texas Instruments,TI.com,OPA4388IPWR,1,3.904,USD,,2026-10-04,https://www.ti.com/product/OPA4388/part-details/OPA4388IPWR,TI list price from ti.com orderable table (baseQuantity 1ku = 2.122); status ACTIVE; pack 2000 LARGE T&R
OPA4388IPWR,Texas Instruments,TI.com,OPA4388IPWR,100,3.183,USD,,2026-10-04,https://www.ti.com/product/OPA4388/part-details/OPA4388IPWR,TI list price from ti.com orderable table (baseQuantity 1ku = 2.122); status ACTIVE; pack 2000 LARGE T&R
OPA4388IPWR,Texas Instruments,TI.com,OPA4388IPWR,250,2.502,USD,,2026-10-04,https://www.ti.com/product/OPA4388/part-details/OPA4388IPWR,TI list price from ti.com orderable table (baseQuantity 1ku = 2.122); status ACTIVE; pack 2000 LARGE T&R
OPA4388IPWR,Texas Instruments,TI.com,OPA4388IPWR,1000,2.122,USD,,2026-10-04,https://www.ti.com/product/OPA4388/part-details/OPA4388IPWR,TI list price from ti.com orderable table (baseQuantity 1ku = 2.122); status ACTIVE; pack 2000 LARGE T&R
REF3025AIDBZR,Texas Instruments,TI.com,REF3025AIDBZR,1,1.12,USD,,2026-10-04,https://www.ti.com/product/REF30/part-details/REF3025AIDBZR,TI list price from ti.com orderable table (baseQuantity 1ku = 0.5); status ACTIVE; pack 3000 LARGE T&R
REF3025AIDBZR,Texas Instruments,TI.com,REF3025AIDBZR,100,0.925,USD,,2026-10-04,https://www.ti.com/product/REF30/part-details/REF3025AIDBZR,TI list price from ti.com orderable table (baseQuantity 1ku = 0.5); status ACTIVE; pack 3000 LARGE T&R
REF3025AIDBZR,Texas Instruments,TI.com,REF3025AIDBZR,250,0.665,USD,,2026-10-04,https://www.ti.com/product/REF30/part-details/REF3025AIDBZR,TI list price from ti.com orderable table (baseQuantity 1ku = 0.5); status ACTIVE; pack 3000 LARGE T&R
REF3025AIDBZR,Texas Instruments,TI.com,REF3025AIDBZR,1000,0.5,USD,,2026-10-04,https://www.ti.com/product/REF30/part-details/REF3025AIDBZR,TI list price from ti.com orderable table (baseQuantity 1ku = 0.5); status ACTIVE; pack 3000 LARGE T&R
SN6505BDBVR,Texas Instruments,TI.com,SN6505BDBVR,1,1.871,USD,,2026-10-04,https://www.ti.com/product/SN6505B/part-details/SN6505BDBVR,TI list price from ti.com orderable table (baseQuantity 1ku = 0.926); status ACTIVE; pack 3000 LARGE T&R
SN6505BDBVR,Texas Instruments,TI.com,SN6505BDBVR,100,1.639,USD,,2026-10-04,https://www.ti.com/product/SN6505B/part-details/SN6505BDBVR,TI list price from ti.com orderable table (baseQuantity 1ku = 0.926); status ACTIVE; pack 3000 LARGE T&R
SN6505BDBVR,Texas Instruments,TI.com,SN6505BDBVR,250,1.149,USD,,2026-10-04,https://www.ti.com/product/SN6505B/part-details/SN6505BDBVR,TI list price from ti.com orderable table (baseQuantity 1ku = 0.926); status ACTIVE; pack 3000 LARGE T&R
SN6505BDBVR,Texas Instruments,TI.com,SN6505BDBVR,1000,0.926,USD,,2026-10-04,https://www.ti.com/product/SN6505B/part-details/SN6505BDBVR,TI list price from ti.com orderable table (baseQuantity 1ku = 0.926); status ACTIVE; pack 3000 LARGE T&R
SN74LVC08ADR,Texas Instruments,TI.com,SN74LVC08ADR,1,0.387,USD,,2026-10-04,https://www.ti.com/product/SN74LVC08A/part-details/SN74LVC08ADR,TI list price from ti.com orderable table (baseQuantity 1ku = 0.135); status ACTIVE; pack 2500 LARGE T&R
SN74LVC08ADR,Texas Instruments,TI.com,SN74LVC08ADR,100,0.263,USD,,2026-10-04,https://www.ti.com/product/SN74LVC08A/part-details/SN74LVC08ADR,TI list price from ti.com orderable table (baseQuantity 1ku = 0.135); status ACTIVE; pack 2500 LARGE T&R
SN74LVC08ADR,Texas Instruments,TI.com,SN74LVC08ADR,250,0.203,USD,,2026-10-04,https://www.ti.com/product/SN74LVC08A/part-details/SN74LVC08ADR,TI list price from ti.com orderable table (baseQuantity 1ku = 0.135); status ACTIVE; pack 2500 LARGE T&R
SN74LVC08ADR,Texas Instruments,TI.com,SN74LVC08ADR,1000,0.135,USD,,2026-10-04,https://www.ti.com/product/SN74LVC08A/part-details/SN74LVC08ADR,TI list price from ti.com orderable table (baseQuantity 1ku = 0.135); status ACTIVE; pack 2500 LARGE T&R
SN74LVC08APWR,Texas Instruments,TI.com,SN74LVC08APWR,1,0.336,USD,,2026-10-04,https://www.ti.com/product/SN74LVC08A/part-details/SN74LVC08APWR,TI list price from ti.com orderable table (baseQuantity 1ku = 0.117); status ACTIVE; pack 2000 LARGE T&R
SN74LVC08APWR,Texas Instruments,TI.com,SN74LVC08APWR,100,0.228,USD,,2026-10-04,https://www.ti.com/product/SN74LVC08A/part-details/SN74LVC08APWR,TI list price from ti.com orderable table (baseQuantity 1ku = 0.117); status ACTIVE; pack 2000 LARGE T&R
SN74LVC08APWR,Texas Instruments,TI.com,SN74LVC08APWR,250,0.176,USD,,2026-10-04,https://www.ti.com/product/SN74LVC08A/part-details/SN74LVC08APWR,TI list price from ti.com orderable table (baseQuantity 1ku = 0.117); status ACTIVE; pack 2000 LARGE T&R
SN74LVC08APWR,Texas Instruments,TI.com,SN74LVC08APWR,1000,0.117,USD,,2026-10-04,https://www.ti.com/product/SN74LVC08A/part-details/SN74LVC08APWR,TI list price from ti.com orderable table (baseQuantity 1ku = 0.117); status ACTIVE; pack 2000 LARGE T&R
SN74LVC11ADR,Texas Instruments,TI.com,SN74LVC11ADR,1,0.278,USD,,2026-10-04,https://www.ti.com/product/SN74LVC11A/part-details/SN74LVC11ADR,TI list price from ti.com orderable table (baseQuantity 1ku = 0.097); status ACTIVE; pack 3000 LARGE T&R
SN74LVC11ADR,Texas Instruments,TI.com,SN74LVC11ADR,100,0.189,USD,,2026-10-04,https://www.ti.com/product/SN74LVC11A/part-details/SN74LVC11ADR,TI list price from ti.com orderable table (baseQuantity 1ku = 0.097); status ACTIVE; pack 3000 LARGE T&R
SN74LVC11ADR,Texas Instruments,TI.com,SN74LVC11ADR,250,0.146,USD,,2026-10-04,https://www.ti.com/product/SN74LVC11A/part-details/SN74LVC11ADR,TI list price from ti.com orderable table (baseQuantity 1ku = 0.097); status ACTIVE; pack 3000 LARGE T&R
SN74LVC11ADR,Texas Instruments,TI.com,SN74LVC11ADR,1000,0.097,USD,,2026-10-04,https://www.ti.com/product/SN74LVC11A/part-details/SN74LVC11ADR,TI list price from ti.com orderable table (baseQuantity 1ku = 0.097); status ACTIVE; pack 3000 LARGE T&R
SN74LVC1G08DBVR,Texas Instruments,TI.com,SN74LVC1G08DBVR,1,0.08,USD,,2026-10-04,https://www.ti.com/product/SN74LVC1G08/part-details/SN74LVC1G08DBVR,TI list price from ti.com orderable table (baseQuantity 1ku = 0.028); status ACTIVE; pack 3000 LARGE T&R
SN74LVC1G08DBVR,Texas Instruments,TI.com,SN74LVC1G08DBVR,100,0.055,USD,,2026-10-04,https://www.ti.com/product/SN74LVC1G08/part-details/SN74LVC1G08DBVR,TI list price from ti.com orderable table (baseQuantity 1ku = 0.028); status ACTIVE; pack 3000 LARGE T&R
SN74LVC1G08DBVR,Texas Instruments,TI.com,SN74LVC1G08DBVR,250,0.042,USD,,2026-10-04,https://www.ti.com/product/SN74LVC1G08/part-details/SN74LVC1G08DBVR,TI list price from ti.com orderable table (baseQuantity 1ku = 0.028); status ACTIVE; pack 3000 LARGE T&R
SN74LVC1G08DBVR,Texas Instruments,TI.com,SN74LVC1G08DBVR,1000,0.028,USD,,2026-10-04,https://www.ti.com/product/SN74LVC1G08/part-details/SN74LVC1G08DBVR,TI list price from ti.com orderable table (baseQuantity 1ku = 0.028); status ACTIVE; pack 3000 LARGE T&R
SN74LVC1G11DBVR,Texas Instruments,TI.com,SN74LVC1G11DBVR,1,0.298,USD,,2026-10-04,https://www.ti.com/product/SN74LVC1G11/part-details/SN74LVC1G11DBVR,TI list price from ti.com orderable table (baseQuantity 1ku = 0.104); status ACTIVE; pack 3000 LARGE T&R
SN74LVC1G11DBVR,Texas Instruments,TI.com,SN74LVC1G11DBVR,100,0.203,USD,,2026-10-04,https://www.ti.com/product/SN74LVC1G11/part-details/SN74LVC1G11DBVR,TI list price from ti.com orderable table (baseQuantity 1ku = 0.104); status ACTIVE; pack 3000 LARGE T&R
SN74LVC1G11DBVR,Texas Instruments,TI.com,SN74LVC1G11DBVR,250,0.157,USD,,2026-10-04,https://www.ti.com/product/SN74LVC1G11/part-details/SN74LVC1G11DBVR,TI list price from ti.com orderable table (baseQuantity 1ku = 0.104); status ACTIVE; pack 3000 LARGE T&R
SN74LVC1G11DBVR,Texas Instruments,TI.com,SN74LVC1G11DBVR,1000,0.104,USD,,2026-10-04,https://www.ti.com/product/SN74LVC1G11/part-details/SN74LVC1G11DBVR,TI list price from ti.com orderable table (baseQuantity 1ku = 0.104); status ACTIVE; pack 3000 LARGE T&R
SN74LVC1G17DBVR,Texas Instruments,TI.com,SN74LVC1G17DBVR,1,0.109,USD,,2026-10-04,https://www.ti.com/product/SN74LVC1G17/part-details/SN74LVC1G17DBVR,TI list price from ti.com orderable table (baseQuantity 1ku = 0.038); status ACTIVE; pack 3000 LARGE T&R
SN74LVC1G17DBVR,Texas Instruments,TI.com,SN74LVC1G17DBVR,100,0.074,USD,,2026-10-04,https://www.ti.com/product/SN74LVC1G17/part-details/SN74LVC1G17DBVR,TI list price from ti.com orderable table (baseQuantity 1ku = 0.038); status ACTIVE; pack 3000 LARGE T&R
SN74LVC1G17DBVR,Texas Instruments,TI.com,SN74LVC1G17DBVR,250,0.057,USD,,2026-10-04,https://www.ti.com/product/SN74LVC1G17/part-details/SN74LVC1G17DBVR,TI list price from ti.com orderable table (baseQuantity 1ku = 0.038); status ACTIVE; pack 3000 LARGE T&R
SN74LVC1G17DBVR,Texas Instruments,TI.com,SN74LVC1G17DBVR,1000,0.038,USD,,2026-10-04,https://www.ti.com/product/SN74LVC1G17/part-details/SN74LVC1G17DBVR,TI list price from ti.com orderable table (baseQuantity 1ku = 0.038); status ACTIVE; pack 3000 LARGE T&R
SN74LVC1G32DBVR,Texas Instruments,TI.com,SN74LVC1G32DBVR,1,0.086,USD,,2026-10-04,https://www.ti.com/product/SN74LVC1G32/part-details/SN74LVC1G32DBVR,TI list price from ti.com orderable table (baseQuantity 1ku = 0.03); status ACTIVE; pack 3000 LARGE T&R
SN74LVC1G32DBVR,Texas Instruments,TI.com,SN74LVC1G32DBVR,100,0.059,USD,,2026-10-04,https://www.ti.com/product/SN74LVC1G32/part-details/SN74LVC1G32DBVR,TI list price from ti.com orderable table (baseQuantity 1ku = 0.03); status ACTIVE; pack 3000 LARGE T&R
SN74LVC1G32DBVR,Texas Instruments,TI.com,SN74LVC1G32DBVR,250,0.045,USD,,2026-10-04,https://www.ti.com/product/SN74LVC1G32/part-details/SN74LVC1G32DBVR,TI list price from ti.com orderable table (baseQuantity 1ku = 0.03); status ACTIVE; pack 3000 LARGE T&R
SN74LVC1G32DBVR,Texas Instruments,TI.com,SN74LVC1G32DBVR,1000,0.03,USD,,2026-10-04,https://www.ti.com/product/SN74LVC1G32/part-details/SN74LVC1G32DBVR,TI list price from ti.com orderable table (baseQuantity 1ku = 0.03); status ACTIVE; pack 3000 LARGE T&R
SN74LVC1G74DCUR,Texas Instruments,TI.com,SN74LVC1G74DCUR,1,0.537,USD,,2026-10-04,https://www.ti.com/product/SN74LVC1G74/part-details/SN74LVC1G74DCUR,TI list price from ti.com orderable table (baseQuantity 1ku = 0.187); status ACTIVE; pack 3000 LARGE T&R
SN74LVC1G74DCUR,Texas Instruments,TI.com,SN74LVC1G74DCUR,100,0.365,USD,,2026-10-04,https://www.ti.com/product/SN74LVC1G74/part-details/SN74LVC1G74DCUR,TI list price from ti.com orderable table (baseQuantity 1ku = 0.187); status ACTIVE; pack 3000 LARGE T&R
SN74LVC1G74DCUR,Texas Instruments,TI.com,SN74LVC1G74DCUR,250,0.281,USD,,2026-10-04,https://www.ti.com/product/SN74LVC1G74/part-details/SN74LVC1G74DCUR,TI list price from ti.com orderable table (baseQuantity 1ku = 0.187); status ACTIVE; pack 3000 LARGE T&R
SN74LVC1G74DCUR,Texas Instruments,TI.com,SN74LVC1G74DCUR,1000,0.187,USD,,2026-10-04,https://www.ti.com/product/SN74LVC1G74/part-details/SN74LVC1G74DCUR,TI list price from ti.com orderable table (baseQuantity 1ku = 0.187); status ACTIVE; pack 3000 LARGE T&R
SN74LVC244ADWR,Texas Instruments,TI.com,SN74LVC244ADWR,1,0.64,USD,,2026-10-04,https://www.ti.com/product/SN74LVC244A/part-details/SN74LVC244ADWR,TI list price from ti.com orderable table (baseQuantity 1ku = 0.259); status ACTIVE; pack 2000 LARGE T&R
SN74LVC244ADWR,Texas Instruments,TI.com,SN74LVC244ADWR,100,0.492,USD,,2026-10-04,https://www.ti.com/product/SN74LVC244A/part-details/SN74LVC244ADWR,TI list price from ti.com orderable table (baseQuantity 1ku = 0.259); status ACTIVE; pack 2000 LARGE T&R
SN74LVC244ADWR,Texas Instruments,TI.com,SN74LVC244ADWR,250,0.362,USD,,2026-10-04,https://www.ti.com/product/SN74LVC244A/part-details/SN74LVC244ADWR,TI list price from ti.com orderable table (baseQuantity 1ku = 0.259); status ACTIVE; pack 2000 LARGE T&R
SN74LVC244ADWR,Texas Instruments,TI.com,SN74LVC244ADWR,1000,0.259,USD,,2026-10-04,https://www.ti.com/product/SN74LVC244A/part-details/SN74LVC244ADWR,TI list price from ti.com orderable table (baseQuantity 1ku = 0.259); status ACTIVE; pack 2000 LARGE T&R
THVD1450DR,Texas Instruments,TI.com,THVD1450DR,1,1.875,USD,,2026-10-04,https://www.ti.com/product/THVD1450/part-details/THVD1450DR,TI list price from ti.com orderable table (baseQuantity 1ku = 0.837); status ACTIVE; pack 2500 LARGE T&R
THVD1450DR,Texas Instruments,TI.com,THVD1450DR,100,1.548,USD,,2026-10-04,https://www.ti.com/product/THVD1450/part-details/THVD1450DR,TI list price from ti.com orderable table (baseQuantity 1ku = 0.837); status ACTIVE; pack 2500 LARGE T&R
THVD1450DR,Texas Instruments,TI.com,THVD1450DR,250,1.112,USD,,2026-10-04,https://www.ti.com/product/THVD1450/part-details/THVD1450DR,TI list price from ti.com orderable table (baseQuantity 1ku = 0.837); status ACTIVE; pack 2500 LARGE T&R
THVD1450DR,Texas Instruments,TI.com,THVD1450DR,1000,0.837,USD,,2026-10-04,https://www.ti.com/product/THVD1450/part-details/THVD1450DR,TI list price from ti.com orderable table (baseQuantity 1ku = 0.837); status ACTIVE; pack 2500 LARGE T&R
TLV3202AIDGKR,Texas Instruments,TI.com,TLV3202AIDGKR,1,1.631,USD,,2026-10-04,https://www.ti.com/product/TLV3202/part-details/TLV3202AIDGKR,TI list price from ti.com orderable table (baseQuantity 1ku = 0.728); status ACTIVE; pack 2500 LARGE T&R
TLV3202AIDGKR,Texas Instruments,TI.com,TLV3202AIDGKR,100,1.347,USD,,2026-10-04,https://www.ti.com/product/TLV3202/part-details/TLV3202AIDGKR,TI list price from ti.com orderable table (baseQuantity 1ku = 0.728); status ACTIVE; pack 2500 LARGE T&R
TLV3202AIDGKR,Texas Instruments,TI.com,TLV3202AIDGKR,250,0.968,USD,,2026-10-04,https://www.ti.com/product/TLV3202/part-details/TLV3202AIDGKR,TI list price from ti.com orderable table (baseQuantity 1ku = 0.728); status ACTIVE; pack 2500 LARGE T&R
TLV3202AIDGKR,Texas Instruments,TI.com,TLV3202AIDGKR,1000,0.728,USD,,2026-10-04,https://www.ti.com/product/TLV3202/part-details/TLV3202AIDGKR,TI list price from ti.com orderable table (baseQuantity 1ku = 0.728); status ACTIVE; pack 2500 LARGE T&R
TLV3502AID,Texas Instruments,TI.com,TLV3502AID,1,4.977,USD,,2026-10-04,https://www.ti.com/product/TLV3502/part-details/TLV3502AID,TI list price from ti.com orderable table (baseQuantity 1ku = 2.705); status ACTIVE; pack 75 TUBE
TLV3502AID,Texas Instruments,TI.com,TLV3502AID,100,4.058,USD,,2026-10-04,https://www.ti.com/product/TLV3502/part-details/TLV3502AID,TI list price from ti.com orderable table (baseQuantity 1ku = 2.705); status ACTIVE; pack 75 TUBE
TLV3502AID,Texas Instruments,TI.com,TLV3502AID,250,3.189,USD,,2026-10-04,https://www.ti.com/product/TLV3502/part-details/TLV3502AID,TI list price from ti.com orderable table (baseQuantity 1ku = 2.705); status ACTIVE; pack 75 TUBE
TLV3502AID,Texas Instruments,TI.com,TLV3502AID,1000,2.705,USD,,2026-10-04,https://www.ti.com/product/TLV3502/part-details/TLV3502AID,TI list price from ti.com orderable table (baseQuantity 1ku = 2.705); status ACTIVE; pack 75 TUBE
TLV3502AIDCNR,Texas Instruments,TI.com,TLV3502AIDCNR,1,3.77,USD,,2026-10-04,https://www.ti.com/product/TLV3502/part-details/TLV3502AIDCNR,TI list price from ti.com orderable table (baseQuantity 1ku = 2.049); status ACTIVE; pack 3000 LARGE T&R
TLV3502AIDCNR,Texas Instruments,TI.com,TLV3502AIDCNR,100,3.074,USD,,2026-10-04,https://www.ti.com/product/TLV3502/part-details/TLV3502AIDCNR,TI list price from ti.com orderable table (baseQuantity 1ku = 2.049); status ACTIVE; pack 3000 LARGE T&R
TLV3502AIDCNR,Texas Instruments,TI.com,TLV3502AIDCNR,250,2.416,USD,,2026-10-04,https://www.ti.com/product/TLV3502/part-details/TLV3502AIDCNR,TI list price from ti.com orderable table (baseQuantity 1ku = 2.049); status ACTIVE; pack 3000 LARGE T&R
TLV3502AIDCNR,Texas Instruments,TI.com,TLV3502AIDCNR,1000,2.049,USD,,2026-10-04,https://www.ti.com/product/TLV3502/part-details/TLV3502AIDCNR,TI list price from ti.com orderable table (baseQuantity 1ku = 2.049); status ACTIVE; pack 3000 LARGE T&R
TMP1075DR,Texas Instruments,TI.com,TMP1075DR,1,0.565,USD,,2026-10-04,https://www.ti.com/product/TMP1075/part-details/TMP1075DR,TI list price from ti.com orderable table (baseQuantity 1ku = 0.197); status ACTIVE; pack 2500 LARGE T&R
TMP1075DR,Texas Instruments,TI.com,TMP1075DR,100,0.384,USD,,2026-10-04,https://www.ti.com/product/TMP1075/part-details/TMP1075DR,TI list price from ti.com orderable table (baseQuantity 1ku = 0.197); status ACTIVE; pack 2500 LARGE T&R
TMP1075DR,Texas Instruments,TI.com,TMP1075DR,250,0.296,USD,,2026-10-04,https://www.ti.com/product/TMP1075/part-details/TMP1075DR,TI list price from ti.com orderable table (baseQuantity 1ku = 0.197); status ACTIVE; pack 2500 LARGE T&R
TMP1075DR,Texas Instruments,TI.com,TMP1075DR,1000,0.197,USD,,2026-10-04,https://www.ti.com/product/TMP1075/part-details/TMP1075DR,TI list price from ti.com orderable table (baseQuantity 1ku = 0.197); status ACTIVE; pack 2500 LARGE T&R
TMUX1208PWR,Texas Instruments,TI.com,TMUX1208PWR,1,0.561,USD,,2026-10-04,https://www.ti.com/product/TMUX1208/part-details/TMUX1208PWR,TI list price from ti.com orderable table (baseQuantity 1ku = 0.227); status ACTIVE; pack 2000 LARGE T&R
TMUX1208PWR,Texas Instruments,TI.com,TMUX1208PWR,100,0.431,USD,,2026-10-04,https://www.ti.com/product/TMUX1208/part-details/TMUX1208PWR,TI list price from ti.com orderable table (baseQuantity 1ku = 0.227); status ACTIVE; pack 2000 LARGE T&R
TMUX1208PWR,Texas Instruments,TI.com,TMUX1208PWR,250,0.318,USD,,2026-10-04,https://www.ti.com/product/TMUX1208/part-details/TMUX1208PWR,TI list price from ti.com orderable table (baseQuantity 1ku = 0.227); status ACTIVE; pack 2000 LARGE T&R
TMUX1208PWR,Texas Instruments,TI.com,TMUX1208PWR,1000,0.227,USD,,2026-10-04,https://www.ti.com/product/TMUX1208/part-details/TMUX1208PWR,TI list price from ti.com orderable table (baseQuantity 1ku = 0.227); status ACTIVE; pack 2000 LARGE T&R
TPS272C45DRHFR,Texas Instruments,TI.com,TPS272C45DRHFR,1,4.858,USD,,2026-10-04,https://www.ti.com/product/TPS272C45/part-details/TPS272C45DRHFR,TI list price from ti.com orderable table (baseQuantity 1ku = 2.64); status ACTIVE; pack 3000 LARGE T&R
TPS272C45DRHFR,Texas Instruments,TI.com,TPS272C45DRHFR,100,3.96,USD,,2026-10-04,https://www.ti.com/product/TPS272C45/part-details/TPS272C45DRHFR,TI list price from ti.com orderable table (baseQuantity 1ku = 2.64); status ACTIVE; pack 3000 LARGE T&R
TPS272C45DRHFR,Texas Instruments,TI.com,TPS272C45DRHFR,250,3.113,USD,,2026-10-04,https://www.ti.com/product/TPS272C45/part-details/TPS272C45DRHFR,TI list price from ti.com orderable table (baseQuantity 1ku = 2.64); status ACTIVE; pack 3000 LARGE T&R
TPS272C45DRHFR,Texas Instruments,TI.com,TPS272C45DRHFR,1000,2.64,USD,,2026-10-04,https://www.ti.com/product/TPS272C45/part-details/TPS272C45DRHFR,TI list price from ti.com orderable table (baseQuantity 1ku = 2.64); status ACTIVE; pack 3000 LARGE T&R
TPS3700DDCR,Texas Instruments,TI.com,TPS3700DDCR,1,2.061,USD,,2026-10-04,https://www.ti.com/product/TPS3700/part-details/TPS3700DDCR,TI list price from ti.com orderable table (baseQuantity 1ku = 0.92); status ACTIVE; pack 3000 LARGE T&R
TPS3700DDCR,Texas Instruments,TI.com,TPS3700DDCR,100,1.702,USD,,2026-10-04,https://www.ti.com/product/TPS3700/part-details/TPS3700DDCR,TI list price from ti.com orderable table (baseQuantity 1ku = 0.92); status ACTIVE; pack 3000 LARGE T&R
TPS3700DDCR,Texas Instruments,TI.com,TPS3700DDCR,250,1.223,USD,,2026-10-04,https://www.ti.com/product/TPS3700/part-details/TPS3700DDCR,TI list price from ti.com orderable table (baseQuantity 1ku = 0.92); status ACTIVE; pack 3000 LARGE T&R
TPS3700DDCR,Texas Instruments,TI.com,TPS3700DDCR,1000,0.92,USD,,2026-10-04,https://www.ti.com/product/TPS3700/part-details/TPS3700DDCR,TI list price from ti.com orderable table (baseQuantity 1ku = 0.92); status ACTIVE; pack 3000 LARGE T&R
TPS3703A4330DSER,Texas Instruments,TI.com,TPS3703A4330DSER,1,1.732,USD,,2026-10-04,https://www.ti.com/product/TPS3703/part-details/TPS3703A4330DSER,TI list price from ti.com orderable table (baseQuantity 1ku = 0.773); status ACTIVE; pack 3000 LARGE T&R
TPS3703A4330DSER,Texas Instruments,TI.com,TPS3703A4330DSER,100,1.43,USD,,2026-10-04,https://www.ti.com/product/TPS3703/part-details/TPS3703A4330DSER,TI list price from ti.com orderable table (baseQuantity 1ku = 0.773); status ACTIVE; pack 3000 LARGE T&R
TPS3703A4330DSER,Texas Instruments,TI.com,TPS3703A4330DSER,250,1.027,USD,,2026-10-04,https://www.ti.com/product/TPS3703/part-details/TPS3703A4330DSER,TI list price from ti.com orderable table (baseQuantity 1ku = 0.773); status ACTIVE; pack 3000 LARGE T&R
TPS3703A4330DSER,Texas Instruments,TI.com,TPS3703A4330DSER,1000,0.773,USD,,2026-10-04,https://www.ti.com/product/TPS3703/part-details/TPS3703A4330DSER,TI list price from ti.com orderable table (baseQuantity 1ku = 0.773); status ACTIVE; pack 3000 LARGE T&R
TPS3703F6050DSER,Texas Instruments,TI.com,TPS3703F6050DSER,1,1.732,USD,,2026-10-04,https://www.ti.com/product/TPS3703/part-details/TPS3703F6050DSER,TI list price from ti.com orderable table (baseQuantity 1ku = 0.773); status ACTIVE; pack 3000 LARGE T&R
TPS3703F6050DSER,Texas Instruments,TI.com,TPS3703F6050DSER,100,1.43,USD,,2026-10-04,https://www.ti.com/product/TPS3703/part-details/TPS3703F6050DSER,TI list price from ti.com orderable table (baseQuantity 1ku = 0.773); status ACTIVE; pack 3000 LARGE T&R
TPS3703F6050DSER,Texas Instruments,TI.com,TPS3703F6050DSER,250,1.027,USD,,2026-10-04,https://www.ti.com/product/TPS3703/part-details/TPS3703F6050DSER,TI list price from ti.com orderable table (baseQuantity 1ku = 0.773); status ACTIVE; pack 3000 LARGE T&R
TPS3703F6050DSER,Texas Instruments,TI.com,TPS3703F6050DSER,1000,0.773,USD,,2026-10-04,https://www.ti.com/product/TPS3703/part-details/TPS3703F6050DSER,TI list price from ti.com orderable table (baseQuantity 1ku = 0.773); status ACTIVE; pack 3000 LARGE T&R
TPS3710DDCR,Texas Instruments,TI.com,TPS3710DDCR,1,1.604,USD,,2026-10-04,https://www.ti.com/product/TPS3710/part-details/TPS3710DDCR,TI list price from ti.com orderable table (baseQuantity 1ku = 0.716); status ACTIVE; pack 3000 LARGE T&R
TPS3710DDCR,Texas Instruments,TI.com,TPS3710DDCR,100,1.325,USD,,2026-10-04,https://www.ti.com/product/TPS3710/part-details/TPS3710DDCR,TI list price from ti.com orderable table (baseQuantity 1ku = 0.716); status ACTIVE; pack 3000 LARGE T&R
TPS3710DDCR,Texas Instruments,TI.com,TPS3710DDCR,250,0.952,USD,,2026-10-04,https://www.ti.com/product/TPS3710/part-details/TPS3710DDCR,TI list price from ti.com orderable table (baseQuantity 1ku = 0.716); status ACTIVE; pack 3000 LARGE T&R
TPS3710DDCR,Texas Instruments,TI.com,TPS3710DDCR,1000,0.716,USD,,2026-10-04,https://www.ti.com/product/TPS3710/part-details/TPS3710DDCR,TI list price from ti.com orderable table (baseQuantity 1ku = 0.716); status ACTIVE; pack 3000 LARGE T&R
TPS3850G33DRCR,Texas Instruments,TI.com,TPS3850G33DRCR,1,2.115,USD,,2026-10-04,https://www.ti.com/product/TPS3850/part-details/TPS3850G33DRCR,TI list price from ti.com orderable table (baseQuantity 1ku = 1.047); status ACTIVE; pack 3000 LARGE T&R
TPS3850G33DRCR,Texas Instruments,TI.com,TPS3850G33DRCR,100,1.853,USD,,2026-10-04,https://www.ti.com/product/TPS3850/part-details/TPS3850G33DRCR,TI list price from ti.com orderable table (baseQuantity 1ku = 1.047); status ACTIVE; pack 3000 LARGE T&R
TPS3850G33DRCR,Texas Instruments,TI.com,TPS3850G33DRCR,250,1.299,USD,,2026-10-04,https://www.ti.com/product/TPS3850/part-details/TPS3850G33DRCR,TI list price from ti.com orderable table (baseQuantity 1ku = 1.047); status ACTIVE; pack 3000 LARGE T&R
TPS3850G33DRCR,Texas Instruments,TI.com,TPS3850G33DRCR,1000,1.047,USD,,2026-10-04,https://www.ti.com/product/TPS3850/part-details/TPS3850G33DRCR,TI list price from ti.com orderable table (baseQuantity 1ku = 1.047); status ACTIVE; pack 3000 LARGE T&R
TPS62130RGTR,Texas Instruments,TI.com,TPS62130RGTR,1,1.584,USD,,2026-10-04,https://www.ti.com/product/TPS62130/part-details/TPS62130RGTR,TI list price from ti.com orderable table (baseQuantity 1ku = 0.707); status ACTIVE; pack 3000 LARGE T&R
TPS62130RGTR,Texas Instruments,TI.com,TPS62130RGTR,100,1.308,USD,,2026-10-04,https://www.ti.com/product/TPS62130/part-details/TPS62130RGTR,TI list price from ti.com orderable table (baseQuantity 1ku = 0.707); status ACTIVE; pack 3000 LARGE T&R
TPS62130RGTR,Texas Instruments,TI.com,TPS62130RGTR,250,0.94,USD,,2026-10-04,https://www.ti.com/product/TPS62130/part-details/TPS62130RGTR,TI list price from ti.com orderable table (baseQuantity 1ku = 0.707); status ACTIVE; pack 3000 LARGE T&R
TPS62130RGTR,Texas Instruments,TI.com,TPS62130RGTR,1000,0.707,USD,,2026-10-04,https://www.ti.com/product/TPS62130/part-details/TPS62130RGTR,TI list price from ti.com orderable table (baseQuantity 1ku = 0.707); status ACTIVE; pack 3000 LARGE T&R
TPS62133RGTR,Texas Instruments,TI.com,TPS62133RGTR,1,1.743,USD,,2026-10-04,https://www.ti.com/product/TPS62133/part-details/TPS62133RGTR,TI list price from ti.com orderable table (baseQuantity 1ku = 0.778); status ACTIVE; pack 3000 LARGE T&R
TPS62133RGTR,Texas Instruments,TI.com,TPS62133RGTR,100,1.439,USD,,2026-10-04,https://www.ti.com/product/TPS62133/part-details/TPS62133RGTR,TI list price from ti.com orderable table (baseQuantity 1ku = 0.778); status ACTIVE; pack 3000 LARGE T&R
TPS62133RGTR,Texas Instruments,TI.com,TPS62133RGTR,250,1.034,USD,,2026-10-04,https://www.ti.com/product/TPS62133/part-details/TPS62133RGTR,TI list price from ti.com orderable table (baseQuantity 1ku = 0.778); status ACTIVE; pack 3000 LARGE T&R
TPS62133RGTR,Texas Instruments,TI.com,TPS62133RGTR,1000,0.778,USD,,2026-10-04,https://www.ti.com/product/TPS62133/part-details/TPS62133RGTR,TI list price from ti.com orderable table (baseQuantity 1ku = 0.778); status ACTIVE; pack 3000 LARGE T&R
TPS7A2033PDBVR,Texas Instruments,TI.com,TPS7A2033PDBVR,1,0.284,USD,,2026-10-04,https://www.ti.com/product/TPS7A20/part-details/TPS7A2033PDBVR,TI list price from ti.com orderable table (baseQuantity 1ku = 0.099); status ACTIVE; pack 3000 LARGE T&R
TPS7A2033PDBVR,Texas Instruments,TI.com,TPS7A2033PDBVR,100,0.193,USD,,2026-10-04,https://www.ti.com/product/TPS7A20/part-details/TPS7A2033PDBVR,TI list price from ti.com orderable table (baseQuantity 1ku = 0.099); status ACTIVE; pack 3000 LARGE T&R
TPS7A2033PDBVR,Texas Instruments,TI.com,TPS7A2033PDBVR,250,0.149,USD,,2026-10-04,https://www.ti.com/product/TPS7A20/part-details/TPS7A2033PDBVR,TI list price from ti.com orderable table (baseQuantity 1ku = 0.099); status ACTIVE; pack 3000 LARGE T&R
TPS7A2033PDBVR,Texas Instruments,TI.com,TPS7A2033PDBVR,1000,0.099,USD,,2026-10-04,https://www.ti.com/product/TPS7A20/part-details/TPS7A2033PDBVR,TI list price from ti.com orderable table (baseQuantity 1ku = 0.099); status ACTIVE; pack 3000 LARGE T&R
TPS7A2650DRVR,Texas Instruments,TI.com,TPS7A2650DRVR,1,1.097,USD,,2026-10-04,https://www.ti.com/product/TPS7A26/part-details/TPS7A2650DRVR,TI list price from ti.com orderable table (baseQuantity 1ku = 0.444); status ACTIVE; pack 3000 LARGE T&R
TPS7A2650DRVR,Texas Instruments,TI.com,TPS7A2650DRVR,100,0.844,USD,,2026-10-04,https://www.ti.com/product/TPS7A26/part-details/TPS7A2650DRVR,TI list price from ti.com orderable table (baseQuantity 1ku = 0.444); status ACTIVE; pack 3000 LARGE T&R
TPS7A2650DRVR,Texas Instruments,TI.com,TPS7A2650DRVR,250,0.621,USD,,2026-10-04,https://www.ti.com/product/TPS7A26/part-details/TPS7A2650DRVR,TI list price from ti.com orderable table (baseQuantity 1ku = 0.444); status ACTIVE; pack 3000 LARGE T&R
TPS7A2650DRVR,Texas Instruments,TI.com,TPS7A2650DRVR,1000,0.444,USD,,2026-10-04,https://www.ti.com/product/TPS7A26/part-details/TPS7A2650DRVR,TI list price from ti.com orderable table (baseQuantity 1ku = 0.444); status ACTIVE; pack 3000 LARGE T&R
TPSI3050QDWZRQ1,Texas Instruments,TI.com,TPSI3050QDWZRQ1,1,4.23,USD,,2026-10-04,https://www.ti.com/product/TPSI3050-Q1/part-details/TPSI3050QDWZRQ1,TI list price from ti.com orderable table (baseQuantity 1ku = 2.299); status ACTIVE; pack 1000 LARGE T&R
TPSI3050QDWZRQ1,Texas Instruments,TI.com,TPSI3050QDWZRQ1,100,3.449,USD,,2026-10-04,https://www.ti.com/product/TPSI3050-Q1/part-details/TPSI3050QDWZRQ1,TI list price from ti.com orderable table (baseQuantity 1ku = 2.299); status ACTIVE; pack 1000 LARGE T&R
TPSI3050QDWZRQ1,Texas Instruments,TI.com,TPSI3050QDWZRQ1,250,2.711,USD,,2026-10-04,https://www.ti.com/product/TPSI3050-Q1/part-details/TPSI3050QDWZRQ1,TI list price from ti.com orderable table (baseQuantity 1ku = 2.299); status ACTIVE; pack 1000 LARGE T&R
TPSI3050QDWZRQ1,Texas Instruments,TI.com,TPSI3050QDWZRQ1,1000,2.299,USD,,2026-10-04,https://www.ti.com/product/TPSI3050-Q1/part-details/TPSI3050QDWZRQ1,TI list price from ti.com orderable table (baseQuantity 1ku = 2.299); status ACTIVE; pack 1000 LARGE T&R
UCC12050DVE,Texas Instruments,TI.com,UCC12050DVE,1,7.31,USD,,2026-10-04,https://www.ti.com/product/UCC12050/part-details/UCC12050DVE,TI list price from ti.com orderable table (baseQuantity 1ku = 3.973); status ACTIVE; pack 40 TUBE
UCC12050DVE,Texas Instruments,TI.com,UCC12050DVE,100,5.96,USD,,2026-10-04,https://www.ti.com/product/UCC12050/part-details/UCC12050DVE,TI list price from ti.com orderable table (baseQuantity 1ku = 3.973); status ACTIVE; pack 40 TUBE
UCC12050DVE,Texas Instruments,TI.com,UCC12050DVE,250,4.684,USD,,2026-10-04,https://www.ti.com/product/UCC12050/part-details/UCC12050DVE,TI list price from ti.com orderable table (baseQuantity 1ku = 3.973); status ACTIVE; pack 40 TUBE
UCC12050DVE,Texas Instruments,TI.com,UCC12050DVE,1000,3.973,USD,,2026-10-04,https://www.ti.com/product/UCC12050/part-details/UCC12050DVE,TI list price from ti.com orderable table (baseQuantity 1ku = 3.973); status ACTIVE; pack 40 TUBE
UCC14241QDWNRQ1,Texas Instruments,TI.com,UCC14241QDWNRQ1,1,9.148,USD,,2026-10-04,https://www.ti.com/product/UCC14241-Q1/part-details/UCC14241QDWNRQ1,TI list price from ti.com orderable table (baseQuantity 1ku = 4.972); status ACTIVE; pack 750 LARGE T&R
UCC14241QDWNRQ1,Texas Instruments,TI.com,UCC14241QDWNRQ1,100,7.458,USD,,2026-10-04,https://www.ti.com/product/UCC14241-Q1/part-details/UCC14241QDWNRQ1,TI list price from ti.com orderable table (baseQuantity 1ku = 4.972); status ACTIVE; pack 750 LARGE T&R
UCC14241QDWNRQ1,Texas Instruments,TI.com,UCC14241QDWNRQ1,250,5.862,USD,,2026-10-04,https://www.ti.com/product/UCC14241-Q1/part-details/UCC14241QDWNRQ1,TI list price from ti.com orderable table (baseQuantity 1ku = 4.972); status ACTIVE; pack 750 LARGE T&R
UCC14241QDWNRQ1,Texas Instruments,TI.com,UCC14241QDWNRQ1,1000,4.972,USD,,2026-10-04,https://www.ti.com/product/UCC14241-Q1/part-details/UCC14241QDWNRQ1,TI list price from ti.com orderable table (baseQuantity 1ku = 4.972); status ACTIVE; pack 750 LARGE T&R
UCC21710DWR,Texas Instruments,TI.com,UCC21710DWR,1,4.19,USD,,2026-10-04,https://www.ti.com/product/UCC21710/part-details/UCC21710DWR,TI list price from ti.com orderable table (baseQuantity 1ku = 2.277); status ACTIVE; pack 2000 LARGE T&R
UCC21710DWR,Texas Instruments,TI.com,UCC21710DWR,100,3.416,USD,,2026-10-04,https://www.ti.com/product/UCC21710/part-details/UCC21710DWR,TI list price from ti.com orderable table (baseQuantity 1ku = 2.277); status ACTIVE; pack 2000 LARGE T&R
UCC21710DWR,Texas Instruments,TI.com,UCC21710DWR,250,2.685,USD,,2026-10-04,https://www.ti.com/product/UCC21710/part-details/UCC21710DWR,TI list price from ti.com orderable table (baseQuantity 1ku = 2.277); status ACTIVE; pack 2000 LARGE T&R
UCC21710DWR,Texas Instruments,TI.com,UCC21710DWR,1000,2.277,USD,,2026-10-04,https://www.ti.com/product/UCC21710/part-details/UCC21710DWR,TI list price from ti.com orderable table (baseQuantity 1ku = 2.277); status ACTIVE; pack 2000 LARGE T&R
UCC28C59QDRQ1,Texas Instruments,TI.com,UCC28C59QDRQ1,1,2.061,USD,,2026-10-04,https://www.ti.com/product/UCC28C59-Q1/part-details/UCC28C59QDRQ1,TI list price from ti.com orderable table (baseQuantity 1ku = 0.92); status ACTIVE; pack 2500 LARGE T&R
UCC28C59QDRQ1,Texas Instruments,TI.com,UCC28C59QDRQ1,100,1.702,USD,,2026-10-04,https://www.ti.com/product/UCC28C59-Q1/part-details/UCC28C59QDRQ1,TI list price from ti.com orderable table (baseQuantity 1ku = 0.92); status ACTIVE; pack 2500 LARGE T&R
UCC28C59QDRQ1,Texas Instruments,TI.com,UCC28C59QDRQ1,250,1.223,USD,,2026-10-04,https://www.ti.com/product/UCC28C59-Q1/part-details/UCC28C59QDRQ1,TI list price from ti.com orderable table (baseQuantity 1ku = 0.92); status ACTIVE; pack 2500 LARGE T&R
UCC28C59QDRQ1,Texas Instruments,TI.com,UCC28C59QDRQ1,1000,0.92,USD,,2026-10-04,https://www.ti.com/product/UCC28C59-Q1/part-details/UCC28C59QDRQ1,TI list price from ti.com orderable table (baseQuantity 1ku = 0.92); status ACTIVE; pack 2500 LARGE T&R
ESD2CAN24DBZRQ1,Texas Instruments,LCSC,C5736151,1,0.2741,USD,2792,2026-10-04,https://www.lcsc.com/product-detail/C5736151.html,read via jlcsearch.tscircuit.com mirror of LCSC catalogue; LCSC mfr part 'ESD2CAN24DBZRQ1'; mirror x-cached-at 2026-09-30T17:45:11.153Z
ESD2CAN24DBZRQ1,Texas Instruments,LCSC,C5736151,50,0.2197,USD,2792,2026-10-04,https://www.lcsc.com/product-detail/C5736151.html,read via jlcsearch.tscircuit.com mirror of LCSC catalogue; LCSC mfr part 'ESD2CAN24DBZRQ1'; mirror x-cached-at 2026-09-30T17:45:11.153Z
ESD2CAN24DBZRQ1,Texas Instruments,LCSC,C5736151,150,0.193,USD,2792,2026-10-04,https://www.lcsc.com/product-detail/C5736151.html,read via jlcsearch.tscircuit.com mirror of LCSC catalogue; LCSC mfr part 'ESD2CAN24DBZRQ1'; mirror x-cached-at 2026-09-30T17:45:11.153Z
ESD2CAN24DBZRQ1,Texas Instruments,LCSC,C5736151,500,0.1694,USD,2792,2026-10-04,https://www.lcsc.com/product-detail/C5736151.html,read via jlcsearch.tscircuit.com mirror of LCSC catalogue; LCSC mfr part 'ESD2CAN24DBZRQ1'; mirror x-cached-at 2026-09-30T17:45:11.153Z
ESD2CAN24DBZRQ1,Texas Instruments,LCSC,C5736151,3000,0.1628,USD,2792,2026-10-04,https://www.lcsc.com/product-detail/C5736151.html,read via jlcsearch.tscircuit.com mirror of LCSC catalogue; LCSC mfr part 'ESD2CAN24DBZRQ1'; mirror x-cached-at 2026-09-30T17:45:11.153Z
ESD2CAN24DBZRQ1,Texas Instruments,LCSC,C5736151,6000,0.1589,USD,2792,2026-10-04,https://www.lcsc.com/product-detail/C5736151.html,read via jlcsearch.tscircuit.com mirror of LCSC catalogue; LCSC mfr part 'ESD2CAN24DBZRQ1'; mirror x-cached-at 2026-09-30T17:45:11.153Z
LM2903BIDR,Texas Instruments,LCSC,C2869804,1,0.1141,USD,30066,2026-10-04,https://www.lcsc.com/product-detail/C2869804.html,read via jlcsearch.tscircuit.com mirror of LCSC catalogue; LCSC mfr part 'LM2903BIDR'; mirror x-cached-at 2026-09-25T13:18:43.820Z
LM2903BIDR,Texas Instruments,LCSC,C2869804,50,0.0905,USD,30066,2026-10-04,https://www.lcsc.com/product-detail/C2869804.html,read via jlcsearch.tscircuit.com mirror of LCSC catalogue; LCSC mfr part 'LM2903BIDR'; mirror x-cached-at 2026-09-25T13:18:43.820Z
LM2903BIDR,Texas Instruments,LCSC,C2869804,150,0.0786,USD,30066,2026-10-04,https://www.lcsc.com/product-detail/C2869804.html,read via jlcsearch.tscircuit.com mirror of LCSC catalogue; LCSC mfr part 'LM2903BIDR'; mirror x-cached-at 2026-09-25T13:18:43.820Z
LM2903BIDR,Texas Instruments,LCSC,C2869804,500,0.0697,USD,30066,2026-10-04,https://www.lcsc.com/product-detail/C2869804.html,read via jlcsearch.tscircuit.com mirror of LCSC catalogue; LCSC mfr part 'LM2903BIDR'; mirror x-cached-at 2026-09-25T13:18:43.820Z
LM2903BIDR,Texas Instruments,LCSC,C2869804,2500,0.0627,USD,30066,2026-10-04,https://www.lcsc.com/product-detail/C2869804.html,read via jlcsearch.tscircuit.com mirror of LCSC catalogue; LCSC mfr part 'LM2903BIDR'; mirror x-cached-at 2026-09-25T13:18:43.820Z
LM2903BIDR,Texas Instruments,LCSC,C2869804,5000,0.0591,USD,30066,2026-10-04,https://www.lcsc.com/product-detail/C2869804.html,read via jlcsearch.tscircuit.com mirror of LCSC catalogue; LCSC mfr part 'LM2903BIDR'; mirror x-cached-at 2026-09-25T13:18:43.820Z
LM74700QDBVRQ1,Texas Instruments,LCSC,C2941042,1,0.625,USD,5113,2026-10-04,https://www.lcsc.com/product-detail/C2941042.html,read via jlcsearch.tscircuit.com mirror of LCSC catalogue; LCSC mfr part 'LM74700QDBVRQ1'; mirror x-cached-at 2026-09-23T05:17:28.034Z
LM74700QDBVRQ1,Texas Instruments,LCSC,C2941042,10,0.5329,USD,5113,2026-10-04,https://www.lcsc.com/product-detail/C2941042.html,read via jlcsearch.tscircuit.com mirror of LCSC catalogue; LCSC mfr part 'LM74700QDBVRQ1'; mirror x-cached-at 2026-09-23T05:17:28.034Z
LM74700QDBVRQ1,Texas Instruments,LCSC,C2941042,30,0.4683,USD,5113,2026-10-04,https://www.lcsc.com/product-detail/C2941042.html,read via jlcsearch.tscircuit.com mirror of LCSC catalogue; LCSC mfr part 'LM74700QDBVRQ1'; mirror x-cached-at 2026-09-23T05:17:28.034Z
LM74700QDBVRQ1,Texas Instruments,LCSC,C2941042,100,0.3973,USD,5113,2026-10-04,https://www.lcsc.com/product-detail/C2941042.html,read via jlcsearch.tscircuit.com mirror of LCSC catalogue; LCSC mfr part 'LM74700QDBVRQ1'; mirror x-cached-at 2026-09-23T05:17:28.034Z
LM74700QDBVRQ1,Texas Instruments,LCSC,C2941042,500,0.3811,USD,5113,2026-10-04,https://www.lcsc.com/product-detail/C2941042.html,read via jlcsearch.tscircuit.com mirror of LCSC catalogue; LCSC mfr part 'LM74700QDBVRQ1'; mirror x-cached-at 2026-09-23T05:17:28.034Z
LM74700QDBVRQ1,Texas Instruments,LCSC,C2941042,1000,0.3715,USD,5113,2026-10-04,https://www.lcsc.com/product-detail/C2941042.html,read via jlcsearch.tscircuit.com mirror of LCSC catalogue; LCSC mfr part 'LM74700QDBVRQ1'; mirror x-cached-at 2026-09-23T05:17:28.034Z
LMR36015ARNXR,Texas Instruments,LCSC,C1850345,1,2.2305,USD,91,2026-10-04,https://www.lcsc.com/product-detail/C1850345.html,read via jlcsearch.tscircuit.com mirror of LCSC catalogue; LCSC mfr part 'LMR36015ARNXR'; mirror x-cached-at 2026-09-29T16:39:10.143Z
LMR36015ARNXR,Texas Instruments,LCSC,C1850345,10,1.9799,USD,91,2026-10-04,https://www.lcsc.com/product-detail/C1850345.html,read via jlcsearch.tscircuit.com mirror of LCSC catalogue; LCSC mfr part 'LMR36015ARNXR'; mirror x-cached-at 2026-09-29T16:39:10.143Z
LMR36015ARNXR,Texas Instruments,LCSC,C1850345,30,1.8042,USD,91,2026-10-04,https://www.lcsc.com/product-detail/C1850345.html,read via jlcsearch.tscircuit.com mirror of LCSC catalogue; LCSC mfr part 'LMR36015ARNXR'; mirror x-cached-at 2026-09-29T16:39:10.143Z
LMR36015ARNXR,Texas Instruments,LCSC,C1850345,100,1.6416,USD,91,2026-10-04,https://www.lcsc.com/product-detail/C1850345.html,read via jlcsearch.tscircuit.com mirror of LCSC catalogue; LCSC mfr part 'LMR36015ARNXR'; mirror x-cached-at 2026-09-29T16:39:10.143Z
LMR36015ARNXR,Texas Instruments,LCSC,C1850345,500,1.5683,USD,91,2026-10-04,https://www.lcsc.com/product-detail/C1850345.html,read via jlcsearch.tscircuit.com mirror of LCSC catalogue; LCSC mfr part 'LMR36015ARNXR'; mirror x-cached-at 2026-09-29T16:39:10.143Z
LMR36015ARNXR,Texas Instruments,LCSC,C1850345,1000,1.5374,USD,91,2026-10-04,https://www.lcsc.com/product-detail/C1850345.html,read via jlcsearch.tscircuit.com mirror of LCSC catalogue; LCSC mfr part 'LMR36015ARNXR'; mirror x-cached-at 2026-09-29T16:39:10.143Z
REF3025AIDBZR,Texas Instruments,LCSC,C11334,1,0.3119,USD,38629,2026-10-04,https://www.lcsc.com/product-detail/C11334.html,read via jlcsearch.tscircuit.com mirror of LCSC catalogue; LCSC mfr part 'REF3025AIDBZR'; mirror x-cached-at 2026-09-08T05:37:50.472Z
REF3025AIDBZR,Texas Instruments,LCSC,C11334,50,0.24,USD,38629,2026-10-04,https://www.lcsc.com/product-detail/C11334.html,read via jlcsearch.tscircuit.com mirror of LCSC catalogue; LCSC mfr part 'REF3025AIDBZR'; mirror x-cached-at 2026-09-08T05:37:50.472Z
REF3025AIDBZR,Texas Instruments,LCSC,C11334,150,0.2049,USD,38629,2026-10-04,https://www.lcsc.com/product-detail/C11334.html,read via jlcsearch.tscircuit.com mirror of LCSC catalogue; LCSC mfr part 'REF3025AIDBZR'; mirror x-cached-at 2026-09-08T05:37:50.472Z
REF3025AIDBZR,Texas Instruments,LCSC,C11334,500,0.1735,USD,38629,2026-10-04,https://www.lcsc.com/product-detail/C11334.html,read via jlcsearch.tscircuit.com mirror of LCSC catalogue; LCSC mfr part 'REF3025AIDBZR'; mirror x-cached-at 2026-09-08T05:37:50.472Z
REF3025AIDBZR,Texas Instruments,LCSC,C11334,3000,0.1649,USD,38629,2026-10-04,https://www.lcsc.com/product-detail/C11334.html,read via jlcsearch.tscircuit.com mirror of LCSC catalogue; LCSC mfr part 'REF3025AIDBZR'; mirror x-cached-at 2026-09-08T05:37:50.472Z
REF3025AIDBZR,Texas Instruments,LCSC,C11334,6000,0.1598,USD,38629,2026-10-04,https://www.lcsc.com/product-detail/C11334.html,read via jlcsearch.tscircuit.com mirror of LCSC catalogue; LCSC mfr part 'REF3025AIDBZR'; mirror x-cached-at 2026-09-08T05:37:50.472Z
FTSH-110-01-L-DV-K,Samtec,Samtec.com,FTSH-110-01-L-DV-K,1,3.328,USD,,2026-10-04,https://www.samtec.com/products/ftsh-110-01-l-dv-k,Samtec 'OEM Pricing' table on the product page (static HTML)
FTSH-110-01-L-DV-K,Samtec,Samtec.com,FTSH-110-01-L-DV-K,100,2.618,USD,,2026-10-04,https://www.samtec.com/products/ftsh-110-01-l-dv-k,Samtec 'OEM Pricing' table on the product page (static HTML)
FTSH-110-01-L-DV-K,Samtec,Samtec.com,FTSH-110-01-L-DV-K,250,2.364,USD,,2026-10-04,https://www.samtec.com/products/ftsh-110-01-l-dv-k,Samtec 'OEM Pricing' table on the product page (static HTML)
FTSH-110-01-L-DV-K,Samtec,Samtec.com,FTSH-110-01-L-DV-K,500,2.088,USD,,2026-10-04,https://www.samtec.com/products/ftsh-110-01-l-dv-k,Samtec 'OEM Pricing' table on the product page (static HTML)
FTSH-110-01-L-DV-K,Samtec,Samtec.com,FTSH-110-01-L-DV-K,1000,1.834,USD,,2026-10-04,https://www.samtec.com/products/ftsh-110-01-l-dv-k,Samtec 'OEM Pricing' table on the product page (static HTML)
FTSH-110-01-L-DV-K,Samtec,Samtec.com,FTSH-110-01-L-DV-K,2500,1.654,USD,,2026-10-04,https://www.samtec.com/products/ftsh-110-01-l-dv-k,Samtec 'OEM Pricing' table on the product page (static HTML)
FTSH-110-01-L-DV-K,Samtec,Samtec.com,FTSH-110-01-L-DV-K,5000,1.537,USD,,2026-10-04,https://www.samtec.com/products/ftsh-110-01-l-dv-k,Samtec 'OEM Pricing' table on the product page (static HTML)
FTSH-110-01-L-DV-K,Samtec,Samtec.com,FTSH-110-01-L-DV-K,10000,1.325,USD,,2026-10-04,https://www.samtec.com/products/ftsh-110-01-l-dv-k,Samtec 'OEM Pricing' table on the product page (static HTML)
SSW-105-01-G-D,Samtec,Samtec.com,SSW-105-01-G-D,1,2.296,USD,,2026-10-04,https://www.samtec.com/products/ssw-105-01-g-d,Samtec 'OEM Pricing' table on the product page (static HTML)
SSW-105-01-G-D,Samtec,Samtec.com,SSW-105-01-G-D,100,2.05,USD,,2026-10-04,https://www.samtec.com/products/ssw-105-01-g-d,Samtec 'OEM Pricing' table on the product page (static HTML)
SSW-105-01-G-D,Samtec,Samtec.com,SSW-105-01-G-D,250,1.848,USD,,2026-10-04,https://www.samtec.com/products/ssw-105-01-g-d,Samtec 'OEM Pricing' table on the product page (static HTML)
SSW-105-01-G-D,Samtec,Samtec.com,SSW-105-01-G-D,500,1.613,USD,,2026-10-04,https://www.samtec.com/products/ssw-105-01-g-d,Samtec 'OEM Pricing' table on the product page (static HTML)
SSW-105-01-G-D,Samtec,Samtec.com,SSW-105-01-G-D,1000,1.246,USD,,2026-10-04,https://www.samtec.com/products/ssw-105-01-g-d,Samtec 'OEM Pricing' table on the product page (static HTML)
SSW-105-01-G-D,Samtec,Samtec.com,SSW-105-01-G-D,2500,0.95,USD,,2026-10-04,https://www.samtec.com/products/ssw-105-01-g-d,Samtec 'OEM Pricing' table on the product page (static HTML)
SSW-105-01-G-D,Samtec,Samtec.com,SSW-105-01-G-D,5000,0.847,USD,,2026-10-04,https://www.samtec.com/products/ssw-105-01-g-d,Samtec 'OEM Pricing' table on the product page (static HTML)
SSW-105-01-G-D,Samtec,Samtec.com,SSW-105-01-G-D,10000,0.752,USD,,2026-10-04,https://www.samtec.com/products/ssw-105-01-g-d,Samtec 'OEM Pricing' table on the product page (static HTML)
SSW-140-01-G-D,Samtec,Samtec.com,SSW-140-01-G-D,1,12.085,USD,,2026-10-04,https://www.samtec.com/products/ssw-140-01-g-d,Samtec 'OEM Pricing' table on the product page (static HTML)
SSW-140-01-G-D,Samtec,Samtec.com,SSW-140-01-G-D,10,11.838,USD,,2026-10-04,https://www.samtec.com/products/ssw-140-01-g-d,Samtec 'OEM Pricing' table on the product page (static HTML)
SSW-140-01-G-D,Samtec,Samtec.com,SSW-140-01-G-D,25,11.592,USD,,2026-10-04,https://www.samtec.com/products/ssw-140-01-g-d,Samtec 'OEM Pricing' table on the product page (static HTML)
SSW-140-01-G-D,Samtec,Samtec.com,SSW-140-01-G-D,50,11.178,USD,,2026-10-04,https://www.samtec.com/products/ssw-140-01-g-d,Samtec 'OEM Pricing' table on the product page (static HTML)
SSW-140-01-G-D,Samtec,Samtec.com,SSW-140-01-G-D,100,8.666,USD,,2026-10-04,https://www.samtec.com/products/ssw-140-01-g-d,Samtec 'OEM Pricing' table on the product page (static HTML)
SSW-140-01-G-D,Samtec,Samtec.com,SSW-140-01-G-D,500,7.681,USD,,2026-10-04,https://www.samtec.com/products/ssw-140-01-g-d,Samtec 'OEM Pricing' table on the product page (static HTML)
SSW-140-01-G-D,Samtec,Samtec.com,SSW-140-01-G-D,1000,5.939,USD,,2026-10-04,https://www.samtec.com/products/ssw-140-01-g-d,Samtec 'OEM Pricing' table on the product page (static HTML)
SSW-140-01-G-D,Samtec,Samtec.com,SSW-140-01-G-D,2000,5.236,USD,,2026-10-04,https://www.samtec.com/products/ssw-140-01-g-d,Samtec 'OEM Pricing' table on the product page (static HTML)
TSW-102-07-G-S,Samtec,Samtec.com,TSW-102-07-G-S,1,0.235,USD,,2026-10-04,https://www.samtec.com/products/tsw-102-07-g-s,Samtec 'OEM Pricing' table on the product page (static HTML)
TSW-102-07-G-S,Samtec,Samtec.com,TSW-102-07-G-S,500,0.202,USD,,2026-10-04,https://www.samtec.com/products/tsw-102-07-g-s,Samtec 'OEM Pricing' table on the product page (static HTML)
TSW-102-07-G-S,Samtec,Samtec.com,TSW-102-07-G-S,1000,0.168,USD,,2026-10-04,https://www.samtec.com/products/tsw-102-07-g-s,Samtec 'OEM Pricing' table on the product page (static HTML)
TSW-102-07-G-S,Samtec,Samtec.com,TSW-102-07-G-S,2500,0.146,USD,,2026-10-04,https://www.samtec.com/products/tsw-102-07-g-s,Samtec 'OEM Pricing' table on the product page (static HTML)
TSW-102-07-G-S,Samtec,Samtec.com,TSW-102-07-G-S,5000,0.123,USD,,2026-10-04,https://www.samtec.com/products/tsw-102-07-g-s,Samtec 'OEM Pricing' table on the product page (static HTML)
TSW-102-07-G-S,Samtec,Samtec.com,TSW-102-07-G-S,10000,0.112,USD,,2026-10-04,https://www.samtec.com/products/tsw-102-07-g-s,Samtec 'OEM Pricing' table on the product page (static HTML)
TSW-102-07-G-S,Samtec,Samtec.com,TSW-102-07-G-S,25000,0.101,USD,,2026-10-04,https://www.samtec.com/products/tsw-102-07-g-s,Samtec 'OEM Pricing' table on the product page (static HTML)
TSW-102-07-G-S,Samtec,Samtec.com,TSW-102-07-G-S,50000,0.09,USD,,2026-10-04,https://www.samtec.com/products/tsw-102-07-g-s,Samtec 'OEM Pricing' table on the product page (static HTML)
TSW-103-07-G-S,Samtec,Samtec.com,TSW-103-07-G-S,1,0.325,USD,,2026-10-04,https://www.samtec.com/products/tsw-103-07-g-s,Samtec 'OEM Pricing' table on the product page (static HTML)
TSW-103-07-G-S,Samtec,Samtec.com,TSW-103-07-G-S,250,0.28,USD,,2026-10-04,https://www.samtec.com/products/tsw-103-07-g-s,Samtec 'OEM Pricing' table on the product page (static HTML)
TSW-103-07-G-S,Samtec,Samtec.com,TSW-103-07-G-S,500,0.235,USD,,2026-10-04,https://www.samtec.com/products/tsw-103-07-g-s,Samtec 'OEM Pricing' table on the product page (static HTML)
TSW-103-07-G-S,Samtec,Samtec.com,TSW-103-07-G-S,1000,0.202,USD,,2026-10-04,https://www.samtec.com/products/tsw-103-07-g-s,Samtec 'OEM Pricing' table on the product page (static HTML)
TSW-103-07-G-S,Samtec,Samtec.com,TSW-103-07-G-S,2500,0.179,USD,,2026-10-04,https://www.samtec.com/products/tsw-103-07-g-s,Samtec 'OEM Pricing' table on the product page (static HTML)
TSW-103-07-G-S,Samtec,Samtec.com,TSW-103-07-G-S,5000,0.157,USD,,2026-10-04,https://www.samtec.com/products/tsw-103-07-g-s,Samtec 'OEM Pricing' table on the product page (static HTML)
TSW-103-07-G-S,Samtec,Samtec.com,TSW-103-07-G-S,10000,0.134,USD,,2026-10-04,https://www.samtec.com/products/tsw-103-07-g-s,Samtec 'OEM Pricing' table on the product page (static HTML)
TSW-103-07-G-S,Samtec,Samtec.com,TSW-103-07-G-S,25000,0.112,USD,,2026-10-04,https://www.samtec.com/products/tsw-103-07-g-s,Samtec 'OEM Pricing' table on the product page (static HTML)
SMAJ12A,Bourns,LCSC,C113957,1,0.0422,USD,126199,2026-10-04,https://www.lcsc.com/product-detail/C113957.html,read via jlcsearch.tscircuit.com mirror of LCSC catalogue; LCSC mfr part 'SMAJ12A'; mirror x-cached-at 2026-09-28T13:22:25.847Z
SMAJ12A,Bourns,LCSC,C113957,200,0.0336,USD,126199,2026-10-04,https://www.lcsc.com/product-detail/C113957.html,read via jlcsearch.tscircuit.com mirror of LCSC catalogue; LCSC mfr part 'SMAJ12A'; mirror x-cached-at 2026-09-28T13:22:25.847Z
SMAJ12A,Bourns,LCSC,C113957,600,0.0288,USD,126199,2026-10-04,https://www.lcsc.com/product-detail/C113957.html,read via jlcsearch.tscircuit.com mirror of LCSC catalogue; LCSC mfr part 'SMAJ12A'; mirror x-cached-at 2026-09-28T13:22:25.847Z
SMAJ12A,Bourns,LCSC,C113957,5000,0.0235,USD,126199,2026-10-04,https://www.lcsc.com/product-detail/C113957.html,read via jlcsearch.tscircuit.com mirror of LCSC catalogue; LCSC mfr part 'SMAJ12A'; mirror x-cached-at 2026-09-28T13:22:25.847Z
SMAJ12A,Bourns,LCSC,C113957,10000,0.021,USD,126199,2026-10-04,https://www.lcsc.com/product-detail/C113957.html,read via jlcsearch.tscircuit.com mirror of LCSC catalogue; LCSC mfr part 'SMAJ12A'; mirror x-cached-at 2026-09-28T13:22:25.847Z
SMAJ12A,Bourns,LCSC,C113957,20000,0.0197,USD,126199,2026-10-04,https://www.lcsc.com/product-detail/C113957.html,read via jlcsearch.tscircuit.com mirror of LCSC catalogue; LCSC mfr part 'SMAJ12A'; mirror x-cached-at 2026-09-28T13:22:25.847Z
TSW-105-07-G-D,Samtec,Samtec.com,TSW-105-07-G-D,1,1.086,USD,,2026-10-04,https://www.samtec.com/products/tsw-105-07-g-d,Samtec 'OEM Pricing' table on the product page (static HTML)
TSW-105-07-G-D,Samtec,Samtec.com,TSW-105-07-G-D,250,0.941,USD,,2026-10-04,https://www.samtec.com/products/tsw-105-07-g-d,Samtec 'OEM Pricing' table on the product page (static HTML)
TSW-105-07-G-D,Samtec,Samtec.com,TSW-105-07-G-D,500,0.784,USD,,2026-10-04,https://www.samtec.com/products/tsw-105-07-g-d,Samtec 'OEM Pricing' table on the product page (static HTML)
TSW-105-07-G-D,Samtec,Samtec.com,TSW-105-07-G-D,1000,0.672,USD,,2026-10-04,https://www.samtec.com/products/tsw-105-07-g-d,Samtec 'OEM Pricing' table on the product page (static HTML)
TSW-105-07-G-D,Samtec,Samtec.com,TSW-105-07-G-D,2500,0.582,USD,,2026-10-04,https://www.samtec.com/products/tsw-105-07-g-d,Samtec 'OEM Pricing' table on the product page (static HTML)
TSW-105-07-G-D,Samtec,Samtec.com,TSW-105-07-G-D,5000,0.515,USD,,2026-10-04,https://www.samtec.com/products/tsw-105-07-g-d,Samtec 'OEM Pricing' table on the product page (static HTML)
TSW-105-07-G-D,Samtec,Samtec.com,TSW-105-07-G-D,10000,0.459,USD,,2026-10-04,https://www.samtec.com/products/tsw-105-07-g-d,Samtec 'OEM Pricing' table on the product page (static HTML)
TSW-105-07-G-D,Samtec,Samtec.com,TSW-105-07-G-D,25000,0.403,USD,,2026-10-04,https://www.samtec.com/products/tsw-105-07-g-d,Samtec 'OEM Pricing' table on the product page (static HTML)
TSW-110-07-G-D,Samtec,Samtec.com,TSW-110-07-G-D,1,2.162,USD,,2026-10-04,https://www.samtec.com/products/tsw-110-07-g-d,Samtec 'OEM Pricing' table on the product page (static HTML)
TSW-110-07-G-D,Samtec,Samtec.com,TSW-110-07-G-D,250,1.87,USD,,2026-10-04,https://www.samtec.com/products/tsw-110-07-g-d,Samtec 'OEM Pricing' table on the product page (static HTML)
TSW-110-07-G-D,Samtec,Samtec.com,TSW-110-07-G-D,500,1.568,USD,,2026-10-04,https://www.samtec.com/products/tsw-110-07-g-d,Samtec 'OEM Pricing' table on the product page (static HTML)
TSW-110-07-G-D,Samtec,Samtec.com,TSW-110-07-G-D,1000,1.333,USD,,2026-10-04,https://www.samtec.com/products/tsw-110-07-g-d,Samtec 'OEM Pricing' table on the product page (static HTML)
TSW-110-07-G-D,Samtec,Samtec.com,TSW-110-07-G-D,2500,1.154,USD,,2026-10-04,https://www.samtec.com/products/tsw-110-07-g-d,Samtec 'OEM Pricing' table on the product page (static HTML)
TSW-110-07-G-D,Samtec,Samtec.com,TSW-110-07-G-D,5000,1.019,USD,,2026-10-04,https://www.samtec.com/products/tsw-110-07-g-d,Samtec 'OEM Pricing' table on the product page (static HTML)
TSW-110-07-G-D,Samtec,Samtec.com,TSW-110-07-G-D,10000,0.918,USD,,2026-10-04,https://www.samtec.com/products/tsw-110-07-g-d,Samtec 'OEM Pricing' table on the product page (static HTML)
TSW-110-07-G-D,Samtec,Samtec.com,TSW-110-07-G-D,25000,0.818,USD,,2026-10-04,https://www.samtec.com/products/tsw-110-07-g-d,Samtec 'OEM Pricing' table on the product page (static HTML)
TSW-140-07-G-D,Samtec,Samtec.com,TSW-140-07-G-D,1,7.358,USD,,2026-10-04,https://www.samtec.com/products/tsw-140-07-g-d,Samtec 'OEM Pricing' table on the product page (static HTML)
TSW-140-07-G-D,Samtec,Samtec.com,TSW-140-07-G-D,10,7.246,USD,,2026-10-04,https://www.samtec.com/products/tsw-140-07-g-d,Samtec 'OEM Pricing' table on the product page (static HTML)
TSW-140-07-G-D,Samtec,Samtec.com,TSW-140-07-G-D,25,7.022,USD,,2026-10-04,https://www.samtec.com/products/tsw-140-07-g-d,Samtec 'OEM Pricing' table on the product page (static HTML)
TSW-140-07-G-D,Samtec,Samtec.com,TSW-140-07-G-D,50,6.608,USD,,2026-10-04,https://www.samtec.com/products/tsw-140-07-g-d,Samtec 'OEM Pricing' table on the product page (static HTML)
TSW-140-07-G-D,Samtec,Samtec.com,TSW-140-07-G-D,100,5.678,USD,,2026-10-04,https://www.samtec.com/products/tsw-140-07-g-d,Samtec 'OEM Pricing' table on the product page (static HTML)
TSW-140-07-G-D,Samtec,Samtec.com,TSW-140-07-G-D,500,4.827,USD,,2026-10-04,https://www.samtec.com/products/tsw-140-07-g-d,Samtec 'OEM Pricing' table on the product page (static HTML)
TSW-140-07-G-D,Samtec,Samtec.com,TSW-140-07-G-D,1000,4.099,USD,,2026-10-04,https://www.samtec.com/products/tsw-140-07-g-d,Samtec 'OEM Pricing' table on the product page (static HTML)
TSW-140-07-G-D,Samtec,Samtec.com,TSW-140-07-G-D,2000,3.405,USD,,2026-10-04,https://www.samtec.com/products/tsw-140-07-g-d,Samtec 'OEM Pricing' table on the product page (static HTML)
SMAJ33A,Bourns,LCSC,C908777,1,0.0321,USD,72610,2026-10-04,https://www.lcsc.com/product-detail/C908777.html,read via jlcsearch.tscircuit.com mirror of LCSC catalogue; LCSC mfr part 'SMAJ33A'; mirror x-cached-at 2026-09-16T15:23:58.902Z
SMAJ33A,Bourns,LCSC,C908777,200,0.0254,USD,72610,2026-10-04,https://www.lcsc.com/product-detail/C908777.html,read via jlcsearch.tscircuit.com mirror of LCSC catalogue; LCSC mfr part 'SMAJ33A'; mirror x-cached-at 2026-09-16T15:23:58.902Z
SMAJ33A,Bourns,LCSC,C908777,600,0.0218,USD,72610,2026-10-04,https://www.lcsc.com/product-detail/C908777.html,read via jlcsearch.tscircuit.com mirror of LCSC catalogue; LCSC mfr part 'SMAJ33A'; mirror x-cached-at 2026-09-16T15:23:58.902Z
SMAJ33A,Bourns,LCSC,C908777,2000,0.0196,USD,72610,2026-10-04,https://www.lcsc.com/product-detail/C908777.html,read via jlcsearch.tscircuit.com mirror of LCSC catalogue; LCSC mfr part 'SMAJ33A'; mirror x-cached-at 2026-09-16T15:23:58.902Z
SMAJ33A,Bourns,LCSC,C908777,8000,0.0176,USD,72610,2026-10-04,https://www.lcsc.com/product-detail/C908777.html,read via jlcsearch.tscircuit.com mirror of LCSC catalogue; LCSC mfr part 'SMAJ33A'; mirror x-cached-at 2026-09-16T15:23:58.902Z
SMAJ33A,Bourns,LCSC,C908777,16000,0.0166,USD,72610,2026-10-04,https://www.lcsc.com/product-detail/C908777.html,read via jlcsearch.tscircuit.com mirror of LCSC catalogue; LCSC mfr part 'SMAJ33A'; mirror x-cached-at 2026-09-16T15:23:58.902Z
SMAJ36A,Bourns,LCSC,C113967,1,0.0425,USD,145687,2026-10-04,https://www.lcsc.com/product-detail/C113967.html,read via jlcsearch.tscircuit.com mirror of LCSC catalogue; LCSC mfr part 'SMAJ36A'; mirror x-cached-at 2026-09-28T17:57:39.389Z
SMAJ36A,Bourns,LCSC,C113967,200,0.0339,USD,145687,2026-10-04,https://www.lcsc.com/product-detail/C113967.html,read via jlcsearch.tscircuit.com mirror of LCSC catalogue; LCSC mfr part 'SMAJ36A'; mirror x-cached-at 2026-09-28T17:57:39.389Z
SMAJ36A,Bourns,LCSC,C113967,600,0.029,USD,145687,2026-10-04,https://www.lcsc.com/product-detail/C113967.html,read via jlcsearch.tscircuit.com mirror of LCSC catalogue; LCSC mfr part 'SMAJ36A'; mirror x-cached-at 2026-09-28T17:57:39.389Z
SMAJ36A,Bourns,LCSC,C113967,5000,0.024,USD,145687,2026-10-04,https://www.lcsc.com/product-detail/C113967.html,read via jlcsearch.tscircuit.com mirror of LCSC catalogue; LCSC mfr part 'SMAJ36A'; mirror x-cached-at 2026-09-28T17:57:39.389Z
SMAJ36A,Bourns,LCSC,C113967,10000,0.0214,USD,145687,2026-10-04,https://www.lcsc.com/product-detail/C113967.html,read via jlcsearch.tscircuit.com mirror of LCSC catalogue; LCSC mfr part 'SMAJ36A'; mirror x-cached-at 2026-09-28T17:57:39.389Z
SMAJ36A,Bourns,LCSC,C113967,20000,0.0201,USD,145687,2026-10-04,https://www.lcsc.com/product-detail/C113967.html,read via jlcsearch.tscircuit.com mirror of LCSC catalogue; LCSC mfr part 'SMAJ36A'; mirror x-cached-at 2026-09-28T17:57:39.389Z
SMBJ33A,(LCSC substitute - see note),LCSC,C173526,1,0.0583,USD,84777,2026-10-04,https://www.lcsc.com/product-detail/C173526.html,read via jlcsearch.tscircuit.com mirror of LCSC catalogue; LCSC mfr part 'SMBJ33A'; mirror x-cached-at 2026-09-27T01:10:09.612Z; CORRECTION 2026-10-05: this C-number is not a Bourns part (MDD / Littelfuse listing); Bourns is not on LCSC - see sim/data/lcsc_semis.md
SMBJ33A,(LCSC substitute - see note),LCSC,C173526,100,0.048,USD,84777,2026-10-04,https://www.lcsc.com/product-detail/C173526.html,read via jlcsearch.tscircuit.com mirror of LCSC catalogue; LCSC mfr part 'SMBJ33A'; mirror x-cached-at 2026-09-27T01:10:09.612Z; CORRECTION 2026-10-05: this C-number is not a Bourns part (MDD / Littelfuse listing); Bourns is not on LCSC - see sim/data/lcsc_semis.md
SMBJ33A,(LCSC substitute - see note),LCSC,C173526,300,0.043,USD,84777,2026-10-04,https://www.lcsc.com/product-detail/C173526.html,read via jlcsearch.tscircuit.com mirror of LCSC catalogue; LCSC mfr part 'SMBJ33A'; mirror x-cached-at 2026-09-27T01:10:09.612Z; CORRECTION 2026-10-05: this C-number is not a Bourns part (MDD / Littelfuse listing); Bourns is not on LCSC - see sim/data/lcsc_semis.md
SMBJ33A,(LCSC substitute - see note),LCSC,C173526,3000,0.0334,USD,84777,2026-10-04,https://www.lcsc.com/product-detail/C173526.html,read via jlcsearch.tscircuit.com mirror of LCSC catalogue; LCSC mfr part 'SMBJ33A'; mirror x-cached-at 2026-09-27T01:10:09.612Z; CORRECTION 2026-10-05: this C-number is not a Bourns part (MDD / Littelfuse listing); Bourns is not on LCSC - see sim/data/lcsc_semis.md
SMBJ33A,(LCSC substitute - see note),LCSC,C173526,6000,0.0303,USD,84777,2026-10-04,https://www.lcsc.com/product-detail/C173526.html,read via jlcsearch.tscircuit.com mirror of LCSC catalogue; LCSC mfr part 'SMBJ33A'; mirror x-cached-at 2026-09-27T01:10:09.612Z; CORRECTION 2026-10-05: this C-number is not a Bourns part (MDD / Littelfuse listing); Bourns is not on LCSC - see sim/data/lcsc_semis.md
SMBJ33A,(LCSC substitute - see note),LCSC,C173526,9000,0.0288,USD,84777,2026-10-04,https://www.lcsc.com/product-detail/C173526.html,read via jlcsearch.tscircuit.com mirror of LCSC catalogue; LCSC mfr part 'SMBJ33A'; mirror x-cached-at 2026-09-27T01:10:09.612Z; CORRECTION 2026-10-05: this C-number is not a Bourns part (MDD / Littelfuse listing); Bourns is not on LCSC - see sim/data/lcsc_semis.md
NSI6651ASC-Q1SWR,NOVOSENSE,LCSC,C33959952,1,2.9778,USD,168,2026-10-04,https://jlcsearch.tscircuit.com/api/search?q=C33959952,qty-1 price from the LCSC mirror (code lookup); GDRV sourcing study; code from item.szlcsc.com/35694199.html; AEC-Q100 version (industrial -DSWR not listed on LCSC)
SiLM5992SHCG-DG,Sillumin,LCSC,C22466050,1,2.2786,USD,1425,2026-10-04,https://jlcsearch.tscircuit.com/api/search?q=C22466050,qty-1 price from the LCSC mirror (code lookup); GDRV sourcing study; code from item.szlcsc.com/24163785.html
UCC14241QDWNRQ1,Texas Instruments,LCSC,C22391854,1,12.833,USD,18,2026-10-04,https://jlcsearch.tscircuit.com/api/search?q=C22391854,qty-1 price from the LCSC mirror (code lookup); GDRV sourcing study; incumbent bias module; code from item.szlcsc.com/23974517.html
UCC21710QDWRQ1,Texas Instruments,TI store via electronicsdatasheets.com aggregator,UCC21710QDWRQ1,1,4.42,USD,14917,2026-10-04,https://electronicsdatasheets.com/manufacturers/texas-instruments/parts/ucc21710qdwrq1,"incumbent driver; not listed on LCSC; aggregator also shows DigiKey 6.43 USD (1844 pcs), Mouser 6.40 USD; GDRV sourcing study"
QA243C-2005R3,MORNSUN,LCSC,C20615423,1,,USD,,2026-10-04,https://item.szlcsc.com/21978858.html,listed on LCSC (C20615423) but price is JS-rendered and the code is not in the mirror: price NOT verified; GDRV sourcing study
SN74LVC1G17DBVR(UMW),UMW,LCSC,C7394021,1,0.0387,USD,11707,2026-10-04,https://jlcsearch.tscircuit.com/api/search?q=C7394021,"qty-1 price from the LCSC mirror (code lookup); GDRV sourcing study; second source for TI SN74LVC1G17DBVR (C7836, 0.082 USD, 34179 pcs)"
TMP1075DR,Texas Instruments,LCSC,C2878381,1,0.467,USD,2331,2026-10-04,https://www.lcsc.com/product-detail/C2878381.html,read via jlcsearch.tscircuit.com mirror of LCSC catalogue; LCSC mfr part 'TMP1075DR'; mirror x-cached-at 2026-09-27T12:01:04.541Z
TMP1075DR,Texas Instruments,LCSC,C2878381,10,0.3775,USD,2331,2026-10-04,https://www.lcsc.com/product-detail/C2878381.html,read via jlcsearch.tscircuit.com mirror of LCSC catalogue; LCSC mfr part 'TMP1075DR'; mirror x-cached-at 2026-09-27T12:01:04.541Z
TMP1075DR,Texas Instruments,LCSC,C2878381,30,0.3336,USD,2331,2026-10-04,https://www.lcsc.com/product-detail/C2878381.html,read via jlcsearch.tscircuit.com mirror of LCSC catalogue; LCSC mfr part 'TMP1075DR'; mirror x-cached-at 2026-09-27T12:01:04.541Z
TMP1075DR,Texas Instruments,LCSC,C2878381,100,0.2945,USD,2331,2026-10-04,https://www.lcsc.com/product-detail/C2878381.html,read via jlcsearch.tscircuit.com mirror of LCSC catalogue; LCSC mfr part 'TMP1075DR'; mirror x-cached-at 2026-09-27T12:01:04.541Z
TMP1075DR,Texas Instruments,LCSC,C2878381,500,0.2831,USD,2331,2026-10-04,https://www.lcsc.com/product-detail/C2878381.html,read via jlcsearch.tscircuit.com mirror of LCSC catalogue; LCSC mfr part 'TMP1075DR'; mirror x-cached-at 2026-09-27T12:01:04.541Z
TMP1075DR,Texas Instruments,LCSC,C2878381,1000,0.2766,USD,2331,2026-10-04,https://www.lcsc.com/product-detail/C2878381.html,read via jlcsearch.tscircuit.com mirror of LCSC catalogue; LCSC mfr part 'TMP1075DR'; mirror x-cached-at 2026-09-27T12:01:04.541Z
TPS16630PWPR,Texas Instruments,LCSC,C1849461,1,2.4957,USD,2066,2026-10-04,https://www.lcsc.com/product-detail/C1849461.html,read via jlcsearch.tscircuit.com mirror of LCSC catalogue; LCSC mfr part 'TPS16630PWPR'; mirror x-cached-at 2026-09-29T12:33:07.061Z
TPS16630PWPR,Texas Instruments,LCSC,C1849461,10,2.0727,USD,2066,2026-10-04,https://www.lcsc.com/product-detail/C1849461.html,read via jlcsearch.tscircuit.com mirror of LCSC catalogue; LCSC mfr part 'TPS16630PWPR'; mirror x-cached-at 2026-09-29T12:33:07.061Z
TPS16630PWPR,Texas Instruments,LCSC,C1849461,30,1.8091,USD,2066,2026-10-04,https://www.lcsc.com/product-detail/C1849461.html,read via jlcsearch.tscircuit.com mirror of LCSC catalogue; LCSC mfr part 'TPS16630PWPR'; mirror x-cached-at 2026-09-29T12:33:07.061Z
TPS16630PWPR,Texas Instruments,LCSC,C1849461,100,1.5391,USD,2066,2026-10-04,https://www.lcsc.com/product-detail/C1849461.html,read via jlcsearch.tscircuit.com mirror of LCSC catalogue; LCSC mfr part 'TPS16630PWPR'; mirror x-cached-at 2026-09-29T12:33:07.061Z
TPS16630PWPR,Texas Instruments,LCSC,C1849461,500,1.417,USD,2066,2026-10-04,https://www.lcsc.com/product-detail/C1849461.html,read via jlcsearch.tscircuit.com mirror of LCSC catalogue; LCSC mfr part 'TPS16630PWPR'; mirror x-cached-at 2026-09-29T12:33:07.061Z
TPS16630PWPR,Texas Instruments,LCSC,C1849461,1000,1.3634,USD,2066,2026-10-04,https://www.lcsc.com/product-detail/C1849461.html,read via jlcsearch.tscircuit.com mirror of LCSC catalogue; LCSC mfr part 'TPS16630PWPR'; mirror x-cached-at 2026-09-29T12:33:07.061Z
TPS26600PWPR,Texas Instruments,LCSC,C544399,1,1.7701,USD,3822,2026-10-04,https://www.lcsc.com/product-detail/C544399.html,read via jlcsearch.tscircuit.com mirror of LCSC catalogue; LCSC mfr part 'TPS26600PWPR'; mirror x-cached-at 2026-09-29T12:29:31.679Z
TPS26600PWPR,Texas Instruments,LCSC,C544399,10,1.5049,USD,3822,2026-10-04,https://www.lcsc.com/product-detail/C544399.html,read via jlcsearch.tscircuit.com mirror of LCSC catalogue; LCSC mfr part 'TPS26600PWPR'; mirror x-cached-at 2026-09-29T12:29:31.679Z
TPS26600PWPR,Texas Instruments,LCSC,C544399,30,1.339,USD,3822,2026-10-04,https://www.lcsc.com/product-detail/C544399.html,read via jlcsearch.tscircuit.com mirror of LCSC catalogue; LCSC mfr part 'TPS26600PWPR'; mirror x-cached-at 2026-09-29T12:29:31.679Z
TPS26600PWPR,Texas Instruments,LCSC,C544399,100,1.1681,USD,3822,2026-10-04,https://www.lcsc.com/product-detail/C544399.html,read via jlcsearch.tscircuit.com mirror of LCSC catalogue; LCSC mfr part 'TPS26600PWPR'; mirror x-cached-at 2026-09-29T12:29:31.679Z
TPS26600PWPR,Texas Instruments,LCSC,C544399,500,1.0917,USD,3822,2026-10-04,https://www.lcsc.com/product-detail/C544399.html,read via jlcsearch.tscircuit.com mirror of LCSC catalogue; LCSC mfr part 'TPS26600PWPR'; mirror x-cached-at 2026-09-29T12:29:31.679Z
TPS26600PWPR,Texas Instruments,LCSC,C544399,1000,1.0575,USD,3822,2026-10-04,https://www.lcsc.com/product-detail/C544399.html,read via jlcsearch.tscircuit.com mirror of LCSC catalogue; LCSC mfr part 'TPS26600PWPR'; mirror x-cached-at 2026-09-29T12:29:31.679Z
SG2M020170HJ,Sichainsemi,LCSC product page,C42456099,1,12.10,USD,314,2026-10-04,https://www.lcsc.com/product-detail/C42456099.html,1700 V 20 mOhm TO-247-4L; mirror snapshot showed 90 pcs at 11.95/11.40/10.45/9.62
SG2M020170HJ,Sichainsemi,LCSC product page,C42456099,10,11.55,USD,314,2026-10-04,https://www.lcsc.com/product-detail/C42456099.html,1700 V 20 mOhm TO-247-4L; mirror snapshot showed 90 pcs at 11.95/11.40/10.45/9.62
SG2M020170HJ,Sichainsemi,LCSC product page,C42456099,30,10.59,USD,314,2026-10-04,https://www.lcsc.com/product-detail/C42456099.html,1700 V 20 mOhm TO-247-4L; mirror snapshot showed 90 pcs at 11.95/11.40/10.45/9.62
SG2M020170HJ,Sichainsemi,LCSC product page,C42456099,90,9.74,USD,314,2026-10-04,https://www.lcsc.com/product-detail/C42456099.html,1700 V 20 mOhm TO-247-4L; mirror snapshot showed 90 pcs at 11.95/11.40/10.45/9.62
SG2M035120LJ,Sichainsemi,LCSC via jlcsearch mirror,C52109938,1,3.4994,USD,31,2026-10-04,https://jlcsearch.tscircuit.com/components/list.json?search=C52109938,1200 V 33 mOhm TO-247-4L (datasheet not filed)
SG2M035120LJ,Sichainsemi,LCSC via jlcsearch mirror,C52109938,10,3.023,USD,31,2026-10-04,https://jlcsearch.tscircuit.com/components/list.json?search=C52109938,1200 V 33 mOhm TO-247-4L (datasheet not filed)
SG2M035120LJ,Sichainsemi,LCSC via jlcsearch mirror,C52109938,30,2.7388,USD,31,2026-10-04,https://jlcsearch.tscircuit.com/components/list.json?search=C52109938,1200 V 33 mOhm TO-247-4L (datasheet not filed)
SG2M035120LJ,Sichainsemi,LCSC via jlcsearch mirror,C52109938,90,2.453,USD,31,2026-10-04,https://jlcsearch.tscircuit.com/components/list.json?search=C52109938,1200 V 33 mOhm TO-247-4L (datasheet not filed)
SG2M035120LJ,Sichainsemi,LCSC via jlcsearch mirror,C52109938,450,2.3222,USD,31,2026-10-04,https://jlcsearch.tscircuit.com/components/list.json?search=C52109938,1200 V 33 mOhm TO-247-4L (datasheet not filed)
SG2M035120LJ,Sichainsemi,LCSC via jlcsearch mirror,C52109938,900,2.2624,USD,31,2026-10-04,https://jlcsearch.tscircuit.com/components/list.json?search=C52109938,1200 V 33 mOhm TO-247-4L (datasheet not filed)
SG2M027120LJ,Sichainsemi,LCSC via jlcsearch mirror,C52109937,1,5.4872,USD,52,2026-10-04,https://jlcsearch.tscircuit.com/components/list.json?search=C52109937,1200 V 26 mOhm TO-247-4L (datasheet not filed)
SG2M027120LJ,Sichainsemi,LCSC via jlcsearch mirror,C52109937,10,4.7088,USD,52,2026-10-04,https://jlcsearch.tscircuit.com/components/list.json?search=C52109937,1200 V 26 mOhm TO-247-4L (datasheet not filed)
SG2M027120LJ,Sichainsemi,LCSC via jlcsearch mirror,C52109937,30,4.2454,USD,52,2026-10-04,https://jlcsearch.tscircuit.com/components/list.json?search=C52109937,1200 V 26 mOhm TO-247-4L (datasheet not filed)
SG2M027120LJ,Sichainsemi,LCSC via jlcsearch mirror,C52109937,90,3.7771,USD,52,2026-10-04,https://jlcsearch.tscircuit.com/components/list.json?search=C52109937,1200 V 26 mOhm TO-247-4L (datasheet not filed)
SG2M027120LJ,Sichainsemi,LCSC via jlcsearch mirror,C52109937,450,3.5623,USD,52,2026-10-04,https://jlcsearch.tscircuit.com/components/list.json?search=C52109937,1200 V 26 mOhm TO-247-4L (datasheet not filed)
SG2M027120LJ,Sichainsemi,LCSC via jlcsearch mirror,C52109937,900,3.4638,USD,52,2026-10-04,https://jlcsearch.tscircuit.com/components/list.json?search=C52109937,1200 V 26 mOhm TO-247-4L (datasheet not filed)
CRXQF17M120G2Z,CRMICRO,LCSC product page,C41507149,1,9.8642,USD,640,2026-10-04,https://www.lcsc.com/product-detail/C41507149.html,"1200 V SiC MOSFET TO-247-4L, LCSC lists 23 mOhm"
CRXQF17M120G2Z,CRMICRO,LCSC product page,C41507149,10,8.4257,USD,640,2026-10-04,https://www.lcsc.com/product-detail/C41507149.html,"1200 V SiC MOSFET TO-247-4L, LCSC lists 23 mOhm"
CRXQF17M120G2Z,CRMICRO,LCSC product page,C41507149,25,7.5472,USD,640,2026-10-04,https://www.lcsc.com/product-detail/C41507149.html,"1200 V SiC MOSFET TO-247-4L, LCSC lists 23 mOhm"
CRXQF17M120G2Z,CRMICRO,LCSC product page,C41507149,100,6.8115,USD,640,2026-10-04,https://www.lcsc.com/product-detail/C41507149.html,"1200 V SiC MOSFET TO-247-4L, LCSC lists 23 mOhm"
S1M014120H,Sichainsemi,LCSC product page,C22363603,1,12.41,USD,75,2026-10-04,https://www.lcsc.com/product-detail/C22363603.html,"1200 V 14 mOhm TO-247-4L, older S1M series (datasheet not filed)"
S1M014120H,Sichainsemi,LCSC product page,C22363603,10,10.71,USD,75,2026-10-04,https://www.lcsc.com/product-detail/C22363603.html,"1200 V 14 mOhm TO-247-4L, older S1M series (datasheet not filed)"
S1M014120H,Sichainsemi,LCSC product page,C22363603,30,9.67,USD,75,2026-10-04,https://www.lcsc.com/product-detail/C22363603.html,"1200 V 14 mOhm TO-247-4L, older S1M series (datasheet not filed)"
S1M014120H,Sichainsemi,LCSC product page,C22363603,90,8.80,USD,75,2026-10-04,https://www.lcsc.com/product-detail/C22363603.html,"1200 V 14 mOhm TO-247-4L, older S1M series (datasheet not filed)"
BCZ120N16M1,Bestirpower,LCSC product page,C53152746,1,6.4504,USD,31,2026-10-04,https://www.lcsc.com/product-detail/C53152746.html,1200 V 16 mOhm TO-247-4L; maker without traceable fab (see asia_devices.md)
BCZ120N16M1,Bestirpower,LCSC product page,C53152746,10,5.4311,USD,31,2026-10-04,https://www.lcsc.com/product-detail/C53152746.html,1200 V 16 mOhm TO-247-4L; maker without traceable fab (see asia_devices.md)
BCZ120N16M1,Bestirpower,LCSC product page,C53152746,30,4.8247,USD,31,2026-10-04,https://www.lcsc.com/product-detail/C53152746.html,1200 V 16 mOhm TO-247-4L; maker without traceable fab (see asia_devices.md)
BCZ120N16M1,Bestirpower,LCSC product page,C53152746,90,4.2134,USD,31,2026-10-04,https://www.lcsc.com/product-detail/C53152746.html,1200 V 16 mOhm TO-247-4L; maker without traceable fab (see asia_devices.md)
BCZ120N16M1,Bestirpower,LCSC product page,C53152746,510,3.9299,USD,31,2026-10-04,https://www.lcsc.com/product-detail/C53152746.html,1200 V 16 mOhm TO-247-4L; maker without traceable fab (see asia_devices.md)
BCZ120N16M1,Bestirpower,LCSC product page,C53152746,900,3.8021,USD,31,2026-10-04,https://www.lcsc.com/product-detail/C53152746.html,1200 V 16 mOhm TO-247-4L; maker without traceable fab (see asia_devices.md)
NCES120P013T4,NCE,LCSC product page,C54426046,1,6.94,USD,0,2026-10-04,https://www.lcsc.com/product-detail/C54426046.html,1200 V 13 mOhm (LCSC lists 17) TO-247-4L; out of stock on LCSC
NCES120P013T4,NCE,LCSC product page,C54426046,10,5.98,USD,0,2026-10-04,https://www.lcsc.com/product-detail/C54426046.html,1200 V 13 mOhm (LCSC lists 17) TO-247-4L; out of stock on LCSC
NCES120P013T4,NCE,LCSC product page,C54426046,30,5.40,USD,0,2026-10-04,https://www.lcsc.com/product-detail/C54426046.html,1200 V 13 mOhm (LCSC lists 17) TO-247-4L; out of stock on LCSC
NCES120P013T4,NCE,LCSC product page,C54426046,90,4.92,USD,0,2026-10-04,https://www.lcsc.com/product-detail/C54426046.html,1200 V 13 mOhm (LCSC lists 17) TO-247-4L; out of stock on LCSC
BCBF170N1000P1,Bestirpower,LCSC product page,C52269251,1,1.0798,USD,494,2026-10-04,https://www.lcsc.com/product-detail/C52269251.html,1700 V 1 ohm TO-263-7L; maker without traceable fab
BCBF170N1000P1,Bestirpower,LCSC product page,C52269251,10,0.8734,USD,494,2026-10-04,https://www.lcsc.com/product-detail/C52269251.html,1700 V 1 ohm TO-263-7L; maker without traceable fab
BCBF170N1000P1,Bestirpower,LCSC product page,C52269251,30,0.771,USD,494,2026-10-04,https://www.lcsc.com/product-detail/C52269251.html,1700 V 1 ohm TO-263-7L; maker without traceable fab
BCBF170N1000P1,Bestirpower,LCSC product page,C52269251,100,0.6703,USD,494,2026-10-04,https://www.lcsc.com/product-detail/C52269251.html,1700 V 1 ohm TO-263-7L; maker without traceable fab
BCBF170N1000P1,Bestirpower,LCSC product page,C52269251,500,0.6095,USD,494,2026-10-04,https://www.lcsc.com/product-detail/C52269251.html,1700 V 1 ohm TO-263-7L; maker without traceable fab
BCBF170N1000P1,Bestirpower,LCSC product page,C52269251,800,0.5775,USD,494,2026-10-04,https://www.lcsc.com/product-detail/C52269251.html,1700 V 1 ohm TO-263-7L; maker without traceable fab
HC3M001K170J,HXY MOSFET,LCSC product page,C22449551,1,3.12,USD,107,2026-10-04,https://www.lcsc.com/product-detail/C22449551.html,"1700 V 700 mOhm TO-263-7L; trading brand, part number copies Wolfspeed naming - not recommended"
HC3M001K170J,HXY MOSFET,LCSC product page,C22449551,10,2.96,USD,107,2026-10-04,https://www.lcsc.com/product-detail/C22449551.html,"1700 V 700 mOhm TO-263-7L; trading brand, part number copies Wolfspeed naming - not recommended"
HC3M001K170J,HXY MOSFET,LCSC product page,C22449551,50,2.81,USD,107,2026-10-04,https://www.lcsc.com/product-detail/C22449551.html,"1700 V 700 mOhm TO-263-7L; trading brand, part number copies Wolfspeed naming - not recommended"
HC3M001K170J,HXY MOSFET,LCSC product page,C22449551,100,2.72,USD,107,2026-10-04,https://www.lcsc.com/product-detail/C22449551.html,"1700 V 700 mOhm TO-263-7L; trading brand, part number copies Wolfspeed naming - not recommended"
HC3M001K170J,HXY MOSFET,LCSC product page,C22449551,500,2.67,USD,107,2026-10-04,https://www.lcsc.com/product-detail/C22449551.html,"1700 V 700 mOhm TO-263-7L; trading brand, part number copies Wolfspeed naming - not recommended"
HC3M001K170J,HXY MOSFET,LCSC product page,C22449551,1000,2.65,USD,107,2026-10-04,https://www.lcsc.com/product-detail/C22449551.html,"1700 V 700 mOhm TO-263-7L; trading brand, part number copies Wolfspeed naming - not recommended"
CI7N170SM,Tokmas,LCSC product page,C2842690,1,3.64,USD,446,2026-10-04,https://www.lcsc.com/product-detail/C2842690.html,1700 V 850 mOhm TO-247-3; trading brand - not recommended
CI7N170SM,Tokmas,LCSC product page,C2842690,10,3.18,USD,446,2026-10-04,https://www.lcsc.com/product-detail/C2842690.html,1700 V 850 mOhm TO-247-3; trading brand - not recommended
CI7N170SM,Tokmas,LCSC product page,C2842690,30,2.13,USD,446,2026-10-04,https://www.lcsc.com/product-detail/C2842690.html,1700 V 850 mOhm TO-247-3; trading brand - not recommended
CI7N170SM,Tokmas,LCSC product page,C2842690,90,1.83,USD,446,2026-10-04,https://www.lcsc.com/product-detail/C2842690.html,1700 V 850 mOhm TO-247-3; trading brand - not recommended
CI7N170SM,Tokmas,LCSC product page,C2842690,510,1.70,USD,446,2026-10-04,https://www.lcsc.com/product-detail/C2842690.html,1700 V 850 mOhm TO-247-3; trading brand - not recommended
CI7N170SM,Tokmas,LCSC product page,C2842690,1020,1.64,USD,446,2026-10-04,https://www.lcsc.com/product-detail/C2842690.html,1700 V 850 mOhm TO-247-3; trading brand - not recommended
SP95N120CLTK,Siliup,LCSC product page,C52037577,1,8.75,USD,69,2026-10-04,https://www.lcsc.com/product-detail/C52037577.html,"1200 V 17 mOhm TO-247-4L, LCSC says AEC-Q101 (datasheet not filed)"
SP95N120CLTK,Siliup,LCSC product page,C52037577,10,7.53,USD,69,2026-10-04,https://www.lcsc.com/product-detail/C52037577.html,"1200 V 17 mOhm TO-247-4L, LCSC says AEC-Q101 (datasheet not filed)"
SP95N120CLTK,Siliup,LCSC product page,C52037577,30,6.78,USD,69,2026-10-04,https://www.lcsc.com/product-detail/C52037577.html,"1200 V 17 mOhm TO-247-4L, LCSC says AEC-Q101 (datasheet not filed)"
SP95N120CLTK,Siliup,LCSC product page,C52037577,90,6.16,USD,69,2026-10-04,https://www.lcsc.com/product-detail/C52037577.html,"1200 V 17 mOhm TO-247-4L, LCSC says AEC-Q101 (datasheet not filed)"
HLC20N120WN,HL,LCSC product page,C54803038,1,4.66,USD,142,2026-10-04,https://www.lcsc.com/product-detail/C54803038.html,1200 V 16 mOhm TO-247N (3-lead); unknown maker
HLC20N120WN,HL,LCSC product page,C54803038,10,3.99,USD,142,2026-10-04,https://www.lcsc.com/product-detail/C54803038.html,1200 V 16 mOhm TO-247N (3-lead); unknown maker
HLC20N120WN,HL,LCSC product page,C54803038,30,3.60,USD,142,2026-10-04,https://www.lcsc.com/product-detail/C54803038.html,1200 V 16 mOhm TO-247N (3-lead); unknown maker
HLC20N120WN,HL,LCSC product page,C54803038,90,3.21,USD,142,2026-10-04,https://www.lcsc.com/product-detail/C54803038.html,1200 V 16 mOhm TO-247N (3-lead); unknown maker
HLC20N120WN,HL,LCSC product page,C54803038,510,3.02,USD,142,2026-10-04,https://www.lcsc.com/product-detail/C54803038.html,1200 V 16 mOhm TO-247N (3-lead); unknown maker
HLC20N120WN,HL,LCSC product page,C54803038,990,2.94,USD,142,2026-10-04,https://www.lcsc.com/product-detail/C54803038.html,1200 V 16 mOhm TO-247N (3-lead); unknown maker
MGX15N120N,Megain,LCSC product page,C50407978,1,7.5389,USD,19,2026-10-04,https://www.lcsc.com/product-detail/C50407978.html,1200 V 12.8 mOhm TO-247-4; unknown maker
MGX15N120N,Megain,LCSC product page,C50407978,10,6.4779,USD,19,2026-10-04,https://www.lcsc.com/product-detail/C50407978.html,1200 V 12.8 mOhm TO-247-4; unknown maker
MGX15N120N,Megain,LCSC product page,C50407978,30,5.8324,USD,19,2026-10-04,https://www.lcsc.com/product-detail/C50407978.html,1200 V 12.8 mOhm TO-247-4; unknown maker
MGX15N120N,Megain,LCSC product page,C50407978,90,5.2887,USD,19,2026-10-04,https://www.lcsc.com/product-detail/C50407978.html,1200 V 12.8 mOhm TO-247-4; unknown maker
JNCF120R016ZJ2,JIAENSEMI,LCSC product page,C51484307,1,10.79,USD,1,2026-10-04,https://www.lcsc.com/product-detail/C51484307.html,1200 V 20 mOhm TO-247-4; unknown maker
JNCF120R016ZJ2,JIAENSEMI,LCSC product page,C51484307,10,9.27,USD,1,2026-10-04,https://www.lcsc.com/product-detail/C51484307.html,1200 V 20 mOhm TO-247-4; unknown maker
JNCF120R016ZJ2,JIAENSEMI,LCSC product page,C51484307,30,8.34,USD,1,2026-10-04,https://www.lcsc.com/product-detail/C51484307.html,1200 V 20 mOhm TO-247-4; unknown maker
JNCF120R016ZJ2,JIAENSEMI,LCSC product page,C51484307,90,7.57,USD,1,2026-10-04,https://www.lcsc.com/product-detail/C51484307.html,1200 V 20 mOhm TO-247-4; unknown maker
TPS62130RGTR,Texas Instruments,LCSC,C43590,1,1.2381,USD,8904,2026-10-04,https://www.lcsc.com/product-detail/C43590.html,read via jlcsearch.tscircuit.com mirror of LCSC catalogue; LCSC mfr part 'TPS62130RGTR'; mirror x-cached-at 2026-09-28T13:14:03.487Z
TPS62130RGTR,Texas Instruments,LCSC,C43590,10,1.0396,USD,8904,2026-10-04,https://www.lcsc.com/product-detail/C43590.html,read via jlcsearch.tscircuit.com mirror of LCSC catalogue; LCSC mfr part 'TPS62130RGTR'; mirror x-cached-at 2026-09-28T13:14:03.487Z
TPS62130RGTR,Texas Instruments,LCSC,C43590,30,0.9306,USD,8904,2026-10-04,https://www.lcsc.com/product-detail/C43590.html,read via jlcsearch.tscircuit.com mirror of LCSC catalogue; LCSC mfr part 'TPS62130RGTR'; mirror x-cached-at 2026-09-28T13:14:03.487Z
TPS62130RGTR,Texas Instruments,LCSC,C43590,100,0.8086,USD,8904,2026-10-04,https://www.lcsc.com/product-detail/C43590.html,read via jlcsearch.tscircuit.com mirror of LCSC catalogue; LCSC mfr part 'TPS62130RGTR'; mirror x-cached-at 2026-09-28T13:14:03.487Z
TPS62130RGTR,Texas Instruments,LCSC,C43590,500,0.7533,USD,8904,2026-10-04,https://www.lcsc.com/product-detail/C43590.html,read via jlcsearch.tscircuit.com mirror of LCSC catalogue; LCSC mfr part 'TPS62130RGTR'; mirror x-cached-at 2026-09-28T13:14:03.487Z
TPS62130RGTR,Texas Instruments,LCSC,C43590,1000,0.7289,USD,8904,2026-10-04,https://www.lcsc.com/product-detail/C43590.html,read via jlcsearch.tscircuit.com mirror of LCSC catalogue; LCSC mfr part 'TPS62130RGTR'; mirror x-cached-at 2026-09-28T13:14:03.487Z
TPS7A2033PDBVR,Texas Instruments,LCSC,C2862740,1,0.2332,USD,52542,2026-10-04,https://www.lcsc.com/product-detail/C2862740.html,read via jlcsearch.tscircuit.com mirror of LCSC catalogue; LCSC mfr part 'TPS7A2033PDBVR'; mirror x-cached-at 2026-09-08T05:37:47.116Z
TPS7A2033PDBVR,Texas Instruments,LCSC,C2862740,50,0.1849,USD,52542,2026-10-04,https://www.lcsc.com/product-detail/C2862740.html,read via jlcsearch.tscircuit.com mirror of LCSC catalogue; LCSC mfr part 'TPS7A2033PDBVR'; mirror x-cached-at 2026-09-08T05:37:47.116Z
TPS7A2033PDBVR,Texas Instruments,LCSC,C2862740,150,0.1613,USD,52542,2026-10-04,https://www.lcsc.com/product-detail/C2862740.html,read via jlcsearch.tscircuit.com mirror of LCSC catalogue; LCSC mfr part 'TPS7A2033PDBVR'; mirror x-cached-at 2026-09-08T05:37:47.116Z
TPS7A2033PDBVR,Texas Instruments,LCSC,C2862740,500,0.1401,USD,52542,2026-10-04,https://www.lcsc.com/product-detail/C2862740.html,read via jlcsearch.tscircuit.com mirror of LCSC catalogue; LCSC mfr part 'TPS7A2033PDBVR'; mirror x-cached-at 2026-09-08T05:37:47.116Z
TPS7A2033PDBVR,Texas Instruments,LCSC,C2862740,3000,0.1344,USD,52542,2026-10-04,https://www.lcsc.com/product-detail/C2862740.html,read via jlcsearch.tscircuit.com mirror of LCSC catalogue; LCSC mfr part 'TPS7A2033PDBVR'; mirror x-cached-at 2026-09-08T05:37:47.116Z
TPS7A2033PDBVR,Texas Instruments,LCSC,C2862740,6000,0.131,USD,52542,2026-10-04,https://www.lcsc.com/product-detail/C2862740.html,read via jlcsearch.tscircuit.com mirror of LCSC catalogue; LCSC mfr part 'TPS7A2033PDBVR'; mirror x-cached-at 2026-09-08T05:37:47.116Z
SCT4036KRHRC15,ROHM,LCSC via jlcsearch mirror,C7309657,1,5.3074,USD,525,2026-10-04,https://jlcsearch.tscircuit.com/components/list.json?search=C7309657,1200 V 36 mOhm TO-247-4L AEC-Q101
SCT4036KRHRC15,ROHM,LCSC via jlcsearch mirror,C7309657,10,4.5158,USD,525,2026-10-04,https://jlcsearch.tscircuit.com/components/list.json?search=C7309657,1200 V 36 mOhm TO-247-4L AEC-Q101
SCT4036KRHRC15,ROHM,LCSC via jlcsearch mirror,C7309657,30,4.0453,USD,525,2026-10-04,https://jlcsearch.tscircuit.com/components/list.json?search=C7309657,1200 V 36 mOhm TO-247-4L AEC-Q101
SCT4036KRHRC15,ROHM,LCSC via jlcsearch mirror,C7309657,90,3.57,USD,525,2026-10-04,https://jlcsearch.tscircuit.com/components/list.json?search=C7309657,1200 V 36 mOhm TO-247-4L AEC-Q101
SCT4036KRHRC15,ROHM,LCSC via jlcsearch mirror,C7309657,510,3.3504,USD,525,2026-10-04,https://jlcsearch.tscircuit.com/components/list.json?search=C7309657,1200 V 36 mOhm TO-247-4L AEC-Q101
SCT4036KRHRC15,ROHM,LCSC via jlcsearch mirror,C7309657,990,3.2504,USD,525,2026-10-04,https://jlcsearch.tscircuit.com/components/list.json?search=C7309657,1200 V 36 mOhm TO-247-4L AEC-Q101
SCT4018KRC15,ROHM,RS Components UK (web-search snippet; page 403),2461538,1,25.93,GBP,,2026-10-04,https://uk.rs-online.com/web/p/mosfets/2461538,price per unit 1-9 as shown in search result; not verified on page
HR911105A,HANRUN (Zhongshan HanRun Elec),LCSC,C12074,1,1.5065,USD,56644,2026-10-04,https://www.lcsc.com/product-detail/C12074.html,"read via jlcsearch.tscircuit.com mirror of LCSC catalogue; SYS-IO-AUX rev E RJ45 candidate, NOT used (0..+70 C per the LCSC description; no per-part datasheet on hanrun.com); mirror x-cached-at 2026-09-22T03:16:20.367Z"
HR911105A,HANRUN (Zhongshan HanRun Elec),LCSC,C12074,992,0.8948,USD,56644,2026-10-04,https://www.lcsc.com/product-detail/C12074.html,"read via jlcsearch.tscircuit.com mirror of LCSC catalogue; SYS-IO-AUX rev E RJ45 candidate, NOT used (0..+70 C per the LCSC description; no per-part datasheet on hanrun.com); mirror x-cached-at 2026-09-22T03:16:20.367Z"
HR911130C,HANRUN (Zhongshan HanRun Elec),LCSC,C50933,1,2.8422,USD,8346,2026-10-04,https://www.lcsc.com/product-detail/C50933.html,"read via jlcsearch.tscircuit.com mirror of LCSC catalogue; SYS-IO-AUX rev E RJ45 candidate, NOT used (0..+70 C per the LCSC description; no per-part datasheet on hanrun.com); mirror x-cached-at 2026-09-24T16:22:34.277Z"
HR911130C,HANRUN (Zhongshan HanRun Elec),LCSC,C50933,986,1.6172,USD,8346,2026-10-04,https://www.lcsc.com/product-detail/C50933.html,"read via jlcsearch.tscircuit.com mirror of LCSC catalogue; SYS-IO-AUX rev E RJ45 candidate, NOT used (0..+70 C per the LCSC description; no per-part datasheet on hanrun.com); mirror x-cached-at 2026-09-24T16:22:34.277Z"
HY931147C,HANRUN (Zhongshan HanRun Elec),LCSC,C91754,1,2.5851,USD,3753,2026-10-04,https://www.lcsc.com/product-detail/C91754.html,"read via jlcsearch.tscircuit.com mirror of LCSC catalogue (first query; a retry matched nothing - fuzzy search); SYS-IO-AUX rev E RJ45 candidate, NOT used (temperature rating not published by the maker; LCSC lists it 'With PoE')"
HY931147C,HANRUN (Zhongshan HanRun Elec),LCSC,C91754,1000,1.4968,USD,3753,2026-10-04,https://www.lcsc.com/product-detail/C91754.html,"read via jlcsearch.tscircuit.com mirror of LCSC catalogue (first query; a retry matched nothing - fuzzy search); SYS-IO-AUX rev E RJ45 candidate, NOT used (temperature rating not published by the maker; LCSC lists it 'With PoE')"
CBB011M12GM4T,Wolfspeed,findchips aggregator (Richardson RFPD),CBB011M12GM4T,1,201.46,USD,0,2026-10-04,https://www.findchips.com/search/CBB011M12GM4T,"DAB-D60 incumbent full-bridge module (4 switch positions -> USD 50.37 per position); one price shown, break qty not shown; Wolfspeed MOQ 54 (tray) per wolfspeed.com/cbb011m12gm4t; not on LCSC (mirror: no hit); Digi-Key 403, Mouser timed out"
CBB011M12GM4,Wolfspeed,findchips aggregator (Richardson RFPD),CBB011M12GM4,1,185.17,USD,18,2026-10-04,https://www.findchips.com/search/CBB011M12GM4,"same module without pre-applied TIM (USD 46.29 per switch position); one price shown, break qty not shown"
BSM180D12P3C007,ROHM,findchips aggregator (element14 APAC),BSM180D12P3C007,1,652.9178,USD,0,2026-10-04,https://www.findchips.com/search/BSM180D12P3C007,half bridge (2 switch positions -> USD 326 per position); not on LCSC (mirror: no hit); class d benchmark
BSM180D12P3C007,ROHM,findchips aggregator (Bristol Electronics),BSM180D12P3C007,1,506.4294,USD,2,2026-10-04,https://www.findchips.com/search/BSM180D12P3C007,"broker, not a franchised distributor; USD 253 per switch position"
BMF008MR12E2G3,BASiC Semiconductor,LCSC via jlcsearch mirror,,,,,,2026-10-04,https://jlcsearch.tscircuit.com/components/list.json?search=BMF008MR12E2G3,"not on LCSC; no distributor listing (findchips, ICkey: none); RFQ to BASiC (inquiry@basicsemi.com); DAB module class d rank 1"
BMF240R12E2G3,BASiC Semiconductor,LCSC via jlcsearch mirror,,,,,,2026-10-04,https://jlcsearch.tscircuit.com/components/list.json?search=BMF240R12E2G3,"not on LCSC; no distributor listing (findchips, ICkey: none); RFQ to BASiC; DAB module class d upgrade path"
DFS08HF12EZA2,Wuxi Leapers Semiconductor,LCSC via jlcsearch mirror,,,,,,2026-10-04,https://jlcsearch.tscircuit.com/components/list.json?search=DFS08HF12EZA2,not on LCSC; no distributor listing (findchips: none); RFQ to Leapers (Sales@leapers-power.com); DAB module class d rank 2
HFE82V-300C/1000-24-H-C5-1,Hongfa,LCSC via jlcsearch mirror,,,,,,2026-10-04,https://jlcsearch.tscircuit.com/components/list.json?search=HFE82V,"not on LCSC (0 results); evaluated for port rev E0, rejected: no auxiliary contact"
HFE85V-300M/1000-24-H-BC5-6,Hongfa,LCSC via jlcsearch mirror,,,,,,2026-10-04,https://jlcsearch.tscircuit.com/components/list.json?search=HFE85V,not on LCSC (0 results); rejected: 60 W economised coil
HP10NH2GPV200,Mersen,LCSC via jlcsearch mirror,,,,,,2026-10-04,https://jlcsearch.tscircuit.com/components/list.json?search=HP10NH2GPV200,not on LCSC (0 results); RFQ (135 A PV-port fuse from rev E0)
MSC035SMA170B4,Microchip,DigiKey (web-search snippet; page 403),14291881,1,41.80,USD,626,2026-10-04,https://www.digikey.com/en/products/detail/microchip-technology/MSC035SMA170B4/14291881,"incumbent PV switch; snippet: from USD 41.80 for 1 pc, 626 in stock"
MSC035SMA170B4,Microchip,Microchip Direct via findchips.com,,,31.29,USD,40,2026-10-04,https://www.findchips.com/search/MSC035SMA170B4,"incumbent; findchips shows only the tier range 31.29-41.80 USD, tier quantity of the low end not shown (qty left empty)"
MSC035SMA170B4,Microchip,RS Components HK (web-search snippet),2419258,30,322.223,HKD,,2026-10-04,https://hken.rs-online.com/web/p/mosfets/2419257,"incumbent; HKD 322.223 @30-90, 309.46 @600+ (about USD 41 / 40)"
MSC035SMA170B4,Microchip,RS Components HK (web-search snippet),2419258,600,309.46,HKD,,2026-10-04,https://hken.rs-online.com/web/p/mosfets/2419257,"incumbent; HKD 322.223 @30-90, 309.46 @600+ (about USD 41 / 40)"
C3M0900170J-TR,Wolfspeed,Richardson RFPD via findchips.com,,,1.83,USD,3200,2026-10-04,https://www.findchips.com/search/C3M0900170J,"incumbent AUX-HV switch, tape-and-reel; tier quantity not shown (qty left empty); C3M0900170J (tube) 0 stock"
NCES075P013T,NCE,LCSC via jlcsearch mirror,C54425821,1,5.62,USD,26,2026-10-04,https://jlcsearch.tscircuit.com/components/list.json?search=C54425821,750 V 13 mOhm TO-247-3L; datasheet incomplete
P3M17040K4,PN Junction Semiconductor,LCSC product page,C5840352,1,90.16,USD,0,2026-10-04,https://www.lcsc.com/product-detail/C5840352.html,1700 V 40 mOhm TO-247-4L; out of stock; datasheet not filed (price not competitive)
P3M17040K4,PN Junction Semiconductor,LCSC product page,C5840352,200,35.98,USD,0,2026-10-04,https://www.lcsc.com/product-detail/C5840352.html,1700 V 40 mOhm TO-247-4L; out of stock; datasheet not filed (price not competitive)
P3M17040K4,PN Junction Semiconductor,LCSC product page,C5840352,500,34.77,USD,0,2026-10-04,https://www.lcsc.com/product-detail/C5840352.html,1700 V 40 mOhm TO-247-4L; out of stock; datasheet not filed (price not competitive)
P3M17040K4,PN Junction Semiconductor,LCSC product page,C5840352,1000,34.18,USD,0,2026-10-04,https://www.lcsc.com/product-detail/C5840352.html,1700 V 40 mOhm TO-247-4L; out of stock; datasheet not filed (price not competitive)
S2M-13-F,Diodes Inc,LCSC,C156322,1,0.0886,USD,3554,2026-10-04,https://www.lcsc.com/product-detail/C156322.html,read via jlcsearch.tscircuit.com mirror by C-number (C-number found by web search of lcsc.com); LCSC mfr part 'S2M-13-F'
S2M-13-F,Diodes Inc,LCSC,C156322,50,0.071,USD,3554,2026-10-04,https://www.lcsc.com/product-detail/C156322.html,read via jlcsearch.tscircuit.com mirror by C-number (C-number found by web search of lcsc.com); LCSC mfr part 'S2M-13-F'
S2M-13-F,Diodes Inc,LCSC,C156322,150,0.0622,USD,3554,2026-10-04,https://www.lcsc.com/product-detail/C156322.html,read via jlcsearch.tscircuit.com mirror by C-number (C-number found by web search of lcsc.com); LCSC mfr part 'S2M-13-F'
S2M-13-F,Diodes Inc,LCSC,C156322,500,0.0555,USD,3554,2026-10-04,https://www.lcsc.com/product-detail/C156322.html,read via jlcsearch.tscircuit.com mirror by C-number (C-number found by web search of lcsc.com); LCSC mfr part 'S2M-13-F'
S2M-13-F,Diodes Inc,LCSC,C156322,3000,0.0503,USD,3554,2026-10-04,https://www.lcsc.com/product-detail/C156322.html,read via jlcsearch.tscircuit.com mirror by C-number (C-number found by web search of lcsc.com); LCSC mfr part 'S2M-13-F'
S2M-13-F,Diodes Inc,LCSC,C156322,6000,0.0477,USD,3554,2026-10-04,https://www.lcsc.com/product-detail/C156322.html,read via jlcsearch.tscircuit.com mirror by C-number (C-number found by web search of lcsc.com); LCSC mfr part 'S2M-13-F'
MMBT3904-7-F,Diodes Inc,LCSC,C94514,1,0.0362,USD,466410,2026-10-04,https://www.lcsc.com/product-detail/C94514.html,read via jlcsearch.tscircuit.com mirror by C-number (C-number found by web search of lcsc.com); LCSC mfr part 'MMBT3904-7-F'
MMBT3904-7-F,Diodes Inc,LCSC,C94514,200,0.0285,USD,466410,2026-10-04,https://www.lcsc.com/product-detail/C94514.html,read via jlcsearch.tscircuit.com mirror by C-number (C-number found by web search of lcsc.com); LCSC mfr part 'MMBT3904-7-F'
MMBT3904-7-F,Diodes Inc,LCSC,C94514,600,0.0243,USD,466410,2026-10-04,https://www.lcsc.com/product-detail/C94514.html,read via jlcsearch.tscircuit.com mirror by C-number (C-number found by web search of lcsc.com); LCSC mfr part 'MMBT3904-7-F'
MMBT3904-7-F,Diodes Inc,LCSC,C94514,3000,0.0217,USD,466410,2026-10-04,https://www.lcsc.com/product-detail/C94514.html,read via jlcsearch.tscircuit.com mirror by C-number (C-number found by web search of lcsc.com); LCSC mfr part 'MMBT3904-7-F'
MMBT3904-7-F,Diodes Inc,LCSC,C94514,9000,0.0196,USD,466410,2026-10-04,https://www.lcsc.com/product-detail/C94514.html,read via jlcsearch.tscircuit.com mirror by C-number (C-number found by web search of lcsc.com); LCSC mfr part 'MMBT3904-7-F'
MMBT3904-7-F,Diodes Inc,LCSC,C94514,21000,0.0184,USD,466410,2026-10-04,https://www.lcsc.com/product-detail/C94514.html,read via jlcsearch.tscircuit.com mirror by C-number (C-number found by web search of lcsc.com); LCSC mfr part 'MMBT3904-7-F'
MMBT3906-7-F,Diodes Inc,LCSC,C82762,1,0.0269,USD,3654,2026-10-04,https://www.lcsc.com/product-detail/C82762.html,read via jlcsearch.tscircuit.com mirror by C-number (C-number found by web search of lcsc.com); LCSC mfr part 'MMBT3906-7-F'
MMBT3906-7-F,Diodes Inc,LCSC,C82762,200,0.0215,USD,3654,2026-10-04,https://www.lcsc.com/product-detail/C82762.html,read via jlcsearch.tscircuit.com mirror by C-number (C-number found by web search of lcsc.com); LCSC mfr part 'MMBT3906-7-F'
MMBT3906-7-F,Diodes Inc,LCSC,C82762,600,0.0184,USD,3654,2026-10-04,https://www.lcsc.com/product-detail/C82762.html,read via jlcsearch.tscircuit.com mirror by C-number (C-number found by web search of lcsc.com); LCSC mfr part 'MMBT3906-7-F'
MMBT3906-7-F,Diodes Inc,LCSC,C82762,3000,0.0166,USD,3654,2026-10-04,https://www.lcsc.com/product-detail/C82762.html,read via jlcsearch.tscircuit.com mirror by C-number (C-number found by web search of lcsc.com); LCSC mfr part 'MMBT3906-7-F'
MMBT3906-7-F,Diodes Inc,LCSC,C82762,9000,0.0151,USD,3654,2026-10-04,https://www.lcsc.com/product-detail/C82762.html,read via jlcsearch.tscircuit.com mirror by C-number (C-number found by web search of lcsc.com); LCSC mfr part 'MMBT3906-7-F'
MMBT3906-7-F,Diodes Inc,LCSC,C82762,21000,0.0142,USD,3654,2026-10-04,https://www.lcsc.com/product-detail/C82762.html,read via jlcsearch.tscircuit.com mirror by C-number (C-number found by web search of lcsc.com); LCSC mfr part 'MMBT3906-7-F'
US1G-13-F,Diodes Incorporated,LCSC,C110531,1,0.0897,USD,1435,2026-10-04,https://www.lcsc.com/product-detail/C110531.html,read via jlcsearch.tscircuit.com mirror by C-number (C-number found by web search of lcsc.com); LCSC mfr part 'US1G-13-F'
US1G-13-F,Diodes Incorporated,LCSC,C110531,50,0.0702,USD,1435,2026-10-04,https://www.lcsc.com/product-detail/C110531.html,read via jlcsearch.tscircuit.com mirror by C-number (C-number found by web search of lcsc.com); LCSC mfr part 'US1G-13-F'
US1G-13-F,Diodes Incorporated,LCSC,C110531,150,0.0606,USD,1435,2026-10-04,https://www.lcsc.com/product-detail/C110531.html,read via jlcsearch.tscircuit.com mirror by C-number (C-number found by web search of lcsc.com); LCSC mfr part 'US1G-13-F'
US1G-13-F,Diodes Incorporated,LCSC,C110531,500,0.0532,USD,1435,2026-10-04,https://www.lcsc.com/product-detail/C110531.html,read via jlcsearch.tscircuit.com mirror by C-number (C-number found by web search of lcsc.com); LCSC mfr part 'US1G-13-F'
US1G-13-F,Diodes Incorporated,LCSC,C110531,2500,0.0474,USD,1435,2026-10-04,https://www.lcsc.com/product-detail/C110531.html,read via jlcsearch.tscircuit.com mirror by C-number (C-number found by web search of lcsc.com); LCSC mfr part 'US1G-13-F'
US1G-13-F,Diodes Incorporated,LCSC,C110531,5000,0.0445,USD,1435,2026-10-04,https://www.lcsc.com/product-detail/C110531.html,read via jlcsearch.tscircuit.com mirror by C-number (C-number found by web search of lcsc.com); LCSC mfr part 'US1G-13-F'
US1M-13-F,Diodes Incorporated,LCSC,C99333,1,0.0572,USD,176783,2026-10-04,https://www.lcsc.com/product-detail/C99333.html,read via jlcsearch.tscircuit.com mirror by C-number (C-number found by web search of lcsc.com); LCSC mfr part 'US1M-13-F'
US1M-13-F,Diodes Incorporated,LCSC,C99333,100,0.0459,USD,176783,2026-10-04,https://www.lcsc.com/product-detail/C99333.html,read via jlcsearch.tscircuit.com mirror by C-number (C-number found by web search of lcsc.com); LCSC mfr part 'US1M-13-F'
US1M-13-F,Diodes Incorporated,LCSC,C99333,300,0.0404,USD,176783,2026-10-04,https://www.lcsc.com/product-detail/C99333.html,read via jlcsearch.tscircuit.com mirror by C-number (C-number found by web search of lcsc.com); LCSC mfr part 'US1M-13-F'
US1M-13-F,Diodes Incorporated,LCSC,C99333,1000,0.0362,USD,176783,2026-10-04,https://www.lcsc.com/product-detail/C99333.html,read via jlcsearch.tscircuit.com mirror by C-number (C-number found by web search of lcsc.com); LCSC mfr part 'US1M-13-F'
US1M-13-F,Diodes Incorporated,LCSC,C99333,5000,0.0313,USD,176783,2026-10-04,https://www.lcsc.com/product-detail/C99333.html,read via jlcsearch.tscircuit.com mirror by C-number (C-number found by web search of lcsc.com); LCSC mfr part 'US1M-13-F'
US1M-13-F,Diodes Incorporated,LCSC,C99333,10000,0.0295,USD,176783,2026-10-04,https://www.lcsc.com/product-detail/C99333.html,read via jlcsearch.tscircuit.com mirror by C-number (C-number found by web search of lcsc.com); LCSC mfr part 'US1M-13-F'
VS-60EPS16-M3,Vishay,LCSC,C506457,1,5.2337,USD,51,2026-10-04,https://www.lcsc.com/product-detail/C506457.html,read via jlcsearch.tscircuit.com mirror by C-number (C-number found by web search of lcsc.com); LCSC mfr part 'VS-60EPS16-M3'
VS-60EPS16-M3,Vishay,LCSC,C506457,10,4.5569,USD,51,2026-10-04,https://www.lcsc.com/product-detail/C506457.html,read via jlcsearch.tscircuit.com mirror by C-number (C-number found by web search of lcsc.com); LCSC mfr part 'VS-60EPS16-M3'
VS-60EPS16-M3,Vishay,LCSC,C506457,30,3.628,USD,51,2026-10-04,https://www.lcsc.com/product-detail/C506457.html,read via jlcsearch.tscircuit.com mirror by C-number (C-number found by web search of lcsc.com); LCSC mfr part 'VS-60EPS16-M3'
VS-60EPS16-M3,Vishay,LCSC,C506457,100,3.2229,USD,51,2026-10-04,https://www.lcsc.com/product-detail/C506457.html,read via jlcsearch.tscircuit.com mirror by C-number (C-number found by web search of lcsc.com); LCSC mfr part 'VS-60EPS16-M3'
VS-60EPS16-M3,Vishay,LCSC,C506457,500,3.0342,USD,51,2026-10-04,https://www.lcsc.com/product-detail/C506457.html,read via jlcsearch.tscircuit.com mirror by C-number (C-number found by web search of lcsc.com); LCSC mfr part 'VS-60EPS16-M3'
VS-60EPS16-M3,Vishay,LCSC,C506457,1000,2.9496,USD,51,2026-10-04,https://www.lcsc.com/product-detail/C506457.html,read via jlcsearch.tscircuit.com mirror by C-number (C-number found by web search of lcsc.com); LCSC mfr part 'VS-60EPS16-M3'
BAT54C-7-F,Diodes Incorporated,LCSC,C134405,1,0.1395,USD,13523,2026-10-04,https://www.lcsc.com/product-detail/C134405.html,read via jlcsearch.tscircuit.com mirror by C-number (C-number found by web search of lcsc.com); LCSC mfr part 'BAT54C-7-F'
BAT54C-7-F,Diodes Incorporated,LCSC,C134405,50,0.1136,USD,13523,2026-10-04,https://www.lcsc.com/product-detail/C134405.html,read via jlcsearch.tscircuit.com mirror by C-number (C-number found by web search of lcsc.com); LCSC mfr part 'BAT54C-7-F'
BAT54C-7-F,Diodes Incorporated,LCSC,C134405,150,0.1006,USD,13523,2026-10-04,https://www.lcsc.com/product-detail/C134405.html,read via jlcsearch.tscircuit.com mirror by C-number (C-number found by web search of lcsc.com); LCSC mfr part 'BAT54C-7-F'
BAT54C-7-F,Diodes Incorporated,LCSC,C134405,500,0.0908,USD,13523,2026-10-04,https://www.lcsc.com/product-detail/C134405.html,read via jlcsearch.tscircuit.com mirror by C-number (C-number found by web search of lcsc.com); LCSC mfr part 'BAT54C-7-F'
BAT54C-7-F,Diodes Incorporated,LCSC,C134405,3000,0.0731,USD,13523,2026-10-04,https://www.lcsc.com/product-detail/C134405.html,read via jlcsearch.tscircuit.com mirror by C-number (C-number found by web search of lcsc.com); LCSC mfr part 'BAT54C-7-F'
BAT54C-7-F,Diodes Incorporated,LCSC,C134405,6000,0.0692,USD,13523,2026-10-04,https://www.lcsc.com/product-detail/C134405.html,read via jlcsearch.tscircuit.com mirror by C-number (C-number found by web search of lcsc.com); LCSC mfr part 'BAT54C-7-F'
BAT54S-7-F,Diodes Incorporated,LCSC,C83574,1,0.0412,USD,73933,2026-10-04,https://www.lcsc.com/product-detail/C83574.html,read via jlcsearch.tscircuit.com mirror by C-number (C-number found by web search of lcsc.com); LCSC mfr part 'BAT54S-7-F'
BAT54S-7-F,Diodes Incorporated,LCSC,C83574,200,0.0327,USD,73933,2026-10-04,https://www.lcsc.com/product-detail/C83574.html,read via jlcsearch.tscircuit.com mirror by C-number (C-number found by web search of lcsc.com); LCSC mfr part 'BAT54S-7-F'
BAT54S-7-F,Diodes Incorporated,LCSC,C83574,600,0.028,USD,73933,2026-10-04,https://www.lcsc.com/product-detail/C83574.html,read via jlcsearch.tscircuit.com mirror by C-number (C-number found by web search of lcsc.com); LCSC mfr part 'BAT54S-7-F'
BAT54S-7-F,Diodes Incorporated,LCSC,C83574,3000,0.024,USD,73933,2026-10-04,https://www.lcsc.com/product-detail/C83574.html,read via jlcsearch.tscircuit.com mirror by C-number (C-number found by web search of lcsc.com); LCSC mfr part 'BAT54S-7-F'
BAT54S-7-F,Diodes Incorporated,LCSC,C83574,9000,0.0215,USD,73933,2026-10-04,https://www.lcsc.com/product-detail/C83574.html,read via jlcsearch.tscircuit.com mirror by C-number (C-number found by web search of lcsc.com); LCSC mfr part 'BAT54S-7-F'
BAT54S-7-F,Diodes Incorporated,LCSC,C83574,21000,0.0202,USD,73933,2026-10-04,https://www.lcsc.com/product-detail/C83574.html,read via jlcsearch.tscircuit.com mirror by C-number (C-number found by web search of lcsc.com); LCSC mfr part 'BAT54S-7-F'
"BC817-25,215",Nexperia,LCSC,C39828,1,0.0345,USD,38121,2026-10-04,https://www.lcsc.com/product-detail/C39828.html,"read via jlcsearch.tscircuit.com mirror by C-number (C-number found by web search of lcsc.com); LCSC mfr part 'BC817-25,215'"
"BC817-25,215",Nexperia,LCSC,C39828,100,0.0277,USD,38121,2026-10-04,https://www.lcsc.com/product-detail/C39828.html,"read via jlcsearch.tscircuit.com mirror by C-number (C-number found by web search of lcsc.com); LCSC mfr part 'BC817-25,215'"
"BC817-25,215",Nexperia,LCSC,C39828,300,0.0241,USD,38121,2026-10-04,https://www.lcsc.com/product-detail/C39828.html,"read via jlcsearch.tscircuit.com mirror by C-number (C-number found by web search of lcsc.com); LCSC mfr part 'BC817-25,215'"
"BC817-25,215",Nexperia,LCSC,C39828,3000,0.0209,USD,38121,2026-10-04,https://www.lcsc.com/product-detail/C39828.html,"read via jlcsearch.tscircuit.com mirror by C-number (C-number found by web search of lcsc.com); LCSC mfr part 'BC817-25,215'"
"BC817-25,215",Nexperia,LCSC,C39828,6000,0.0199,USD,38121,2026-10-04,https://www.lcsc.com/product-detail/C39828.html,"read via jlcsearch.tscircuit.com mirror by C-number (C-number found by web search of lcsc.com); LCSC mfr part 'BC817-25,215'"
"BC817-25,215",Nexperia,LCSC,C39828,9000,0.0192,USD,38121,2026-10-04,https://www.lcsc.com/product-detail/C39828.html,"read via jlcsearch.tscircuit.com mirror by C-number (C-number found by web search of lcsc.com); LCSC mfr part 'BC817-25,215'"
"BZX84-C12,215",Nexperia,LCSC,C108437,1,0.0243,USD,206182,2026-10-04,https://www.lcsc.com/product-detail/C108437.html,"read via jlcsearch.tscircuit.com mirror by C-number (C-number found by web search of lcsc.com); LCSC mfr part 'BZX84-C12,215'"
"BZX84-C12,215",Nexperia,LCSC,C108437,200,0.0191,USD,206182,2026-10-04,https://www.lcsc.com/product-detail/C108437.html,"read via jlcsearch.tscircuit.com mirror by C-number (C-number found by web search of lcsc.com); LCSC mfr part 'BZX84-C12,215'"
"BZX84-C12,215",Nexperia,LCSC,C108437,600,0.0161,USD,206182,2026-10-04,https://www.lcsc.com/product-detail/C108437.html,"read via jlcsearch.tscircuit.com mirror by C-number (C-number found by web search of lcsc.com); LCSC mfr part 'BZX84-C12,215'"
"BZX84-C12,215",Nexperia,LCSC,C108437,3000,0.0141,USD,206182,2026-10-04,https://www.lcsc.com/product-detail/C108437.html,"read via jlcsearch.tscircuit.com mirror by C-number (C-number found by web search of lcsc.com); LCSC mfr part 'BZX84-C12,215'"
"BZX84-C12,215",Nexperia,LCSC,C108437,9000,0.0126,USD,206182,2026-10-04,https://www.lcsc.com/product-detail/C108437.html,"read via jlcsearch.tscircuit.com mirror by C-number (C-number found by web search of lcsc.com); LCSC mfr part 'BZX84-C12,215'"
"BZX84-C12,215",Nexperia,LCSC,C108437,21000,0.0118,USD,206182,2026-10-04,https://www.lcsc.com/product-detail/C108437.html,"read via jlcsearch.tscircuit.com mirror by C-number (C-number found by web search of lcsc.com); LCSC mfr part 'BZX84-C12,215'"
"BZX84-B3V3,215",Nexperia,LCSC,C182377,1,0.1082,USD,4462,2026-10-04,https://www.lcsc.com/product-detail/C182377.html,"read via jlcsearch.tscircuit.com mirror by C-number (C-number found by web search of lcsc.com); LCSC mfr part 'BZX84-B3V3,215'"
"BZX84-B3V3,215",Nexperia,LCSC,C182377,50,0.0856,USD,4462,2026-10-04,https://www.lcsc.com/product-detail/C182377.html,"read via jlcsearch.tscircuit.com mirror by C-number (C-number found by web search of lcsc.com); LCSC mfr part 'BZX84-B3V3,215'"
"BZX84-B3V3,215",Nexperia,LCSC,C182377,150,0.0742,USD,4462,2026-10-04,https://www.lcsc.com/product-detail/C182377.html,"read via jlcsearch.tscircuit.com mirror by C-number (C-number found by web search of lcsc.com); LCSC mfr part 'BZX84-B3V3,215'"
"BZX84-B3V3,215",Nexperia,LCSC,C182377,500,0.0658,USD,4462,2026-10-04,https://www.lcsc.com/product-detail/C182377.html,"read via jlcsearch.tscircuit.com mirror by C-number (C-number found by web search of lcsc.com); LCSC mfr part 'BZX84-B3V3,215'"
"BZX84-B3V3,215",Nexperia,LCSC,C182377,3000,0.0591,USD,4462,2026-10-04,https://www.lcsc.com/product-detail/C182377.html,"read via jlcsearch.tscircuit.com mirror by C-number (C-number found by web search of lcsc.com); LCSC mfr part 'BZX84-B3V3,215'"
"BZX84-B3V3,215",Nexperia,LCSC,C182377,6000,0.0557,USD,4462,2026-10-04,https://www.lcsc.com/product-detail/C182377.html,"read via jlcsearch.tscircuit.com mirror by C-number (C-number found by web search of lcsc.com); LCSC mfr part 'BZX84-B3V3,215'"
"BZX84-B18,215",Nexperia,LCSC,C208501,1,0.0202,USD,2,2026-10-04,https://www.lcsc.com/product-detail/C208501.html,"read via jlcsearch.tscircuit.com mirror by C-number (C-number found by web search of lcsc.com); LCSC mfr part 'BZX84-B18,215'"
"BZX84-B18,215",Nexperia,LCSC,C208501,200,0.0197,USD,2,2026-10-04,https://www.lcsc.com/product-detail/C208501.html,"read via jlcsearch.tscircuit.com mirror by C-number (C-number found by web search of lcsc.com); LCSC mfr part 'BZX84-B18,215'"
"BZX84-B18,215",Nexperia,LCSC,C208501,600,0.0194,USD,2,2026-10-04,https://www.lcsc.com/product-detail/C208501.html,"read via jlcsearch.tscircuit.com mirror by C-number (C-number found by web search of lcsc.com); LCSC mfr part 'BZX84-B18,215'"
"BZX84-B18,215",Nexperia,LCSC,C208501,3000,0.0192,USD,2,2026-10-04,https://www.lcsc.com/product-detail/C208501.html,"read via jlcsearch.tscircuit.com mirror by C-number (C-number found by web search of lcsc.com); LCSC mfr part 'BZX84-B18,215'"
"BZX84-B18,215",Nexperia,LCSC,C208501,3040,0.0192,USD,2,2026-10-04,https://www.lcsc.com/product-detail/C208501.html,"read via jlcsearch.tscircuit.com mirror by C-number (C-number found by web search of lcsc.com); LCSC mfr part 'BZX84-B18,215'"
"BZX84-B18,215",Nexperia,LCSC,C208501,3080,0.0192,USD,2,2026-10-04,https://www.lcsc.com/product-detail/C208501.html,"read via jlcsearch.tscircuit.com mirror by C-number (C-number found by web search of lcsc.com); LCSC mfr part 'BZX84-B18,215'"
BZX84-C15,Nexperia,LCSC,C143972,1,0.077,USD,27999,2026-10-04,https://www.lcsc.com/product-detail/C143972.html,"read via jlcsearch.tscircuit.com mirror by C-number (C-number found by web search of lcsc.com); LCSC mfr part 'BZX84-C15,215'; same device, LCSC lists the packaging ordering code"
BZX84-C15,Nexperia,LCSC,C143972,50,0.0601,USD,27999,2026-10-04,https://www.lcsc.com/product-detail/C143972.html,"read via jlcsearch.tscircuit.com mirror by C-number (C-number found by web search of lcsc.com); LCSC mfr part 'BZX84-C15,215'; same device, LCSC lists the packaging ordering code"
BZX84-C15,Nexperia,LCSC,C143972,150,0.0516,USD,27999,2026-10-04,https://www.lcsc.com/product-detail/C143972.html,"read via jlcsearch.tscircuit.com mirror by C-number (C-number found by web search of lcsc.com); LCSC mfr part 'BZX84-C15,215'; same device, LCSC lists the packaging ordering code"
BZX84-C15,Nexperia,LCSC,C143972,500,0.0453,USD,27999,2026-10-04,https://www.lcsc.com/product-detail/C143972.html,"read via jlcsearch.tscircuit.com mirror by C-number (C-number found by web search of lcsc.com); LCSC mfr part 'BZX84-C15,215'; same device, LCSC lists the packaging ordering code"
BZX84-C15,Nexperia,LCSC,C143972,3000,0.0401,USD,27999,2026-10-04,https://www.lcsc.com/product-detail/C143972.html,"read via jlcsearch.tscircuit.com mirror by C-number (C-number found by web search of lcsc.com); LCSC mfr part 'BZX84-C15,215'; same device, LCSC lists the packaging ordering code"
BZX84-C15,Nexperia,LCSC,C143972,6000,0.0376,USD,27999,2026-10-04,https://www.lcsc.com/product-detail/C143972.html,"read via jlcsearch.tscircuit.com mirror by C-number (C-number found by web search of lcsc.com); LCSC mfr part 'BZX84-C15,215'; same device, LCSC lists the packaging ordering code"
BZX84-B5V6,Nexperia,LCSC,C183269,1,0.042,USD,3841,2026-10-04,https://www.lcsc.com/product-detail/C183269.html,"read via jlcsearch.tscircuit.com mirror by C-number (C-number found by web search of lcsc.com); LCSC mfr part 'BZX84-B5V6,215'; same device, LCSC lists the packaging ordering code"
BZX84-B5V6,Nexperia,LCSC,C183269,100,0.0332,USD,3841,2026-10-04,https://www.lcsc.com/product-detail/C183269.html,"read via jlcsearch.tscircuit.com mirror by C-number (C-number found by web search of lcsc.com); LCSC mfr part 'BZX84-B5V6,215'; same device, LCSC lists the packaging ordering code"
BZX84-B5V6,Nexperia,LCSC,C183269,300,0.0288,USD,3841,2026-10-04,https://www.lcsc.com/product-detail/C183269.html,"read via jlcsearch.tscircuit.com mirror by C-number (C-number found by web search of lcsc.com); LCSC mfr part 'BZX84-B5V6,215'; same device, LCSC lists the packaging ordering code"
BZX84-B5V6,Nexperia,LCSC,C183269,3000,0.0256,USD,3841,2026-10-04,https://www.lcsc.com/product-detail/C183269.html,"read via jlcsearch.tscircuit.com mirror by C-number (C-number found by web search of lcsc.com); LCSC mfr part 'BZX84-B5V6,215'; same device, LCSC lists the packaging ordering code"
BZX84-B5V6,Nexperia,LCSC,C183269,6000,0.023,USD,3841,2026-10-04,https://www.lcsc.com/product-detail/C183269.html,"read via jlcsearch.tscircuit.com mirror by C-number (C-number found by web search of lcsc.com); LCSC mfr part 'BZX84-B5V6,215'; same device, LCSC lists the packaging ordering code"
BZX84-B5V6,Nexperia,LCSC,C183269,9000,0.0217,USD,3841,2026-10-04,https://www.lcsc.com/product-detail/C183269.html,"read via jlcsearch.tscircuit.com mirror by C-number (C-number found by web search of lcsc.com); LCSC mfr part 'BZX84-B5V6,215'; same device, LCSC lists the packaging ordering code"
CDSOT23-SM712,Bourns,LCSC,C404012,1,0.4783,USD,41392,2026-10-04,https://www.lcsc.com/product-detail/C404012.html,read via jlcsearch.tscircuit.com mirror by C-number (C-number found by web search of lcsc.com); LCSC mfr part 'CDSOT23-SM712'
CDSOT23-SM712,Bourns,LCSC,C404012,10,0.3872,USD,41392,2026-10-04,https://www.lcsc.com/product-detail/C404012.html,read via jlcsearch.tscircuit.com mirror by C-number (C-number found by web search of lcsc.com); LCSC mfr part 'CDSOT23-SM712'
CDSOT23-SM712,Bourns,LCSC,C404012,30,0.3417,USD,41392,2026-10-04,https://www.lcsc.com/product-detail/C404012.html,read via jlcsearch.tscircuit.com mirror by C-number (C-number found by web search of lcsc.com); LCSC mfr part 'CDSOT23-SM712'
CDSOT23-SM712,Bourns,LCSC,C404012,100,0.3026,USD,41392,2026-10-04,https://www.lcsc.com/product-detail/C404012.html,read via jlcsearch.tscircuit.com mirror by C-number (C-number found by web search of lcsc.com); LCSC mfr part 'CDSOT23-SM712'
CDSOT23-SM712,Bourns,LCSC,C404012,500,0.2913,USD,41392,2026-10-04,https://www.lcsc.com/product-detail/C404012.html,read via jlcsearch.tscircuit.com mirror by C-number (C-number found by web search of lcsc.com); LCSC mfr part 'CDSOT23-SM712'
CDSOT23-SM712,Bourns,LCSC,C404012,1000,0.2766,USD,41392,2026-10-04,https://www.lcsc.com/product-detail/C404012.html,read via jlcsearch.tscircuit.com mirror by C-number (C-number found by web search of lcsc.com); LCSC mfr part 'CDSOT23-SM712'
BYG10Y-E3/TR,Vishay,LCSC,C97584,1,0.1372,USD,340,2026-10-04,https://www.lcsc.com/product-detail/C97584.html,read via jlcsearch.tscircuit.com mirror by C-number (C-number found by web search of lcsc.com); LCSC mfr part 'BYG10Y-E3/TR'
BYG10Y-E3/TR,Vishay,LCSC,C97584,50,0.1089,USD,340,2026-10-04,https://www.lcsc.com/product-detail/C97584.html,read via jlcsearch.tscircuit.com mirror by C-number (C-number found by web search of lcsc.com); LCSC mfr part 'BYG10Y-E3/TR'
BYG10Y-E3/TR,Vishay,LCSC,C97584,150,0.0946,USD,340,2026-10-04,https://www.lcsc.com/product-detail/C97584.html,read via jlcsearch.tscircuit.com mirror by C-number (C-number found by web search of lcsc.com); LCSC mfr part 'BYG10Y-E3/TR'
BYG10Y-E3/TR,Vishay,LCSC,C97584,500,0.084,USD,340,2026-10-04,https://www.lcsc.com/product-detail/C97584.html,read via jlcsearch.tscircuit.com mirror by C-number (C-number found by web search of lcsc.com); LCSC mfr part 'BYG10Y-E3/TR'
BYG10Y-E3/TR,Vishay,LCSC,C97584,1800,0.0754,USD,340,2026-10-04,https://www.lcsc.com/product-detail/C97584.html,read via jlcsearch.tscircuit.com mirror by C-number (C-number found by web search of lcsc.com); LCSC mfr part 'BYG10Y-E3/TR'
BYG10Y-E3/TR,Vishay,LCSC,C97584,5400,0.0711,USD,340,2026-10-04,https://www.lcsc.com/product-detail/C97584.html,read via jlcsearch.tscircuit.com mirror by C-number (C-number found by web search of lcsc.com); LCSC mfr part 'BYG10Y-E3/TR'
CNY65B,Vishay,LCSC,C118289,1,1.9669,USD,7,2026-10-04,https://www.lcsc.com/product-detail/C118289.html,read via jlcsearch.tscircuit.com mirror by C-number (C-number found by web search of lcsc.com); LCSC mfr part 'CNY65B'
CNY65B,Vishay,LCSC,C118289,10,1.7034,USD,7,2026-10-04,https://www.lcsc.com/product-detail/C118289.html,read via jlcsearch.tscircuit.com mirror by C-number (C-number found by web search of lcsc.com); LCSC mfr part 'CNY65B'
CNY65B,Vishay,LCSC,C118289,30,1.4154,USD,7,2026-10-04,https://www.lcsc.com/product-detail/C118289.html,read via jlcsearch.tscircuit.com mirror by C-number (C-number found by web search of lcsc.com); LCSC mfr part 'CNY65B'
CNY65B,Vishay,LCSC,C118289,90,1.2479,USD,7,2026-10-04,https://www.lcsc.com/product-detail/C118289.html,read via jlcsearch.tscircuit.com mirror by C-number (C-number found by web search of lcsc.com); LCSC mfr part 'CNY65B'
CNY65B,Vishay,LCSC,C118289,510,1.1714,USD,7,2026-10-04,https://www.lcsc.com/product-detail/C118289.html,read via jlcsearch.tscircuit.com mirror by C-number (C-number found by web search of lcsc.com); LCSC mfr part 'CNY65B'
CNY65B,Vishay,LCSC,C118289,990,1.1372,USD,7,2026-10-04,https://www.lcsc.com/product-detail/C118289.html,read via jlcsearch.tscircuit.com mirror by C-number (C-number found by web search of lcsc.com); LCSC mfr part 'CNY65B'
24LC256T-I/SN,Microchip,LCSC,C5458,1,0.5255,USD,7610,2026-10-04,https://www.lcsc.com/product-detail/C5458.html,read via jlcsearch.tscircuit.com mirror by C-number (C-number found by web search of lcsc.com); LCSC mfr part '24LC256T-I/SN'
24LC256T-I/SN,Microchip,LCSC,C5458,10,0.41,USD,7610,2026-10-04,https://www.lcsc.com/product-detail/C5458.html,read via jlcsearch.tscircuit.com mirror by C-number (C-number found by web search of lcsc.com); LCSC mfr part '24LC256T-I/SN'
24LC256T-I/SN,Microchip,LCSC,C5458,30,0.3612,USD,7610,2026-10-04,https://www.lcsc.com/product-detail/C5458.html,read via jlcsearch.tscircuit.com mirror by C-number (C-number found by web search of lcsc.com); LCSC mfr part '24LC256T-I/SN'
24LC256T-I/SN,Microchip,LCSC,C5458,100,0.2994,USD,7610,2026-10-04,https://www.lcsc.com/product-detail/C5458.html,read via jlcsearch.tscircuit.com mirror by C-number (C-number found by web search of lcsc.com); LCSC mfr part '24LC256T-I/SN'
24LC256T-I/SN,Microchip,LCSC,C5458,500,0.2669,USD,7610,2026-10-04,https://www.lcsc.com/product-detail/C5458.html,read via jlcsearch.tscircuit.com mirror by C-number (C-number found by web search of lcsc.com); LCSC mfr part '24LC256T-I/SN'
24LC256T-I/SN,Microchip,LCSC,C5458,1000,0.249,USD,7610,2026-10-04,https://www.lcsc.com/product-detail/C5458.html,read via jlcsearch.tscircuit.com mirror by C-number (C-number found by web search of lcsc.com); LCSC mfr part '24LC256T-I/SN'
MCP23S17T-E/SS,Microchip,LCSC,C128577,1,1.5456,USD,5717,2026-10-04,https://www.lcsc.com/product-detail/C128577.html,read via jlcsearch.tscircuit.com mirror by C-number (C-number found by web search of lcsc.com); LCSC mfr part 'MCP23S17T-E/SS'
MCP23S17T-E/SS,Microchip,LCSC,C128577,10,1.2739,USD,5717,2026-10-04,https://www.lcsc.com/product-detail/C128577.html,read via jlcsearch.tscircuit.com mirror by C-number (C-number found by web search of lcsc.com); LCSC mfr part 'MCP23S17T-E/SS'
MCP23S17T-E/SS,Microchip,LCSC,C128577,30,1.1242,USD,5717,2026-10-04,https://www.lcsc.com/product-detail/C128577.html,read via jlcsearch.tscircuit.com mirror by C-number (C-number found by web search of lcsc.com); LCSC mfr part 'MCP23S17T-E/SS'
MCP23S17T-E/SS,Microchip,LCSC,C128577,100,0.955,USD,5717,2026-10-04,https://www.lcsc.com/product-detail/C128577.html,read via jlcsearch.tscircuit.com mirror by C-number (C-number found by web search of lcsc.com); LCSC mfr part 'MCP23S17T-E/SS'
MCP23S17T-E/SS,Microchip,LCSC,C128577,500,0.8802,USD,5717,2026-10-04,https://www.lcsc.com/product-detail/C128577.html,read via jlcsearch.tscircuit.com mirror by C-number (C-number found by web search of lcsc.com); LCSC mfr part 'MCP23S17T-E/SS'
MCP23S17T-E/SS,Microchip,LCSC,C128577,1000,0.846,USD,5717,2026-10-04,https://www.lcsc.com/product-detail/C128577.html,read via jlcsearch.tscircuit.com mirror by C-number (C-number found by web search of lcsc.com); LCSC mfr part 'MCP23S17T-E/SS'
FM24CL64B-GTR,Infineon,LCSC,C9829,1,1.3552,USD,30911,2026-10-04,https://www.lcsc.com/product-detail/C9829.html,read via jlcsearch.tscircuit.com mirror by C-number (C-number found by web search of lcsc.com); LCSC mfr part 'FM24CL64B-GTR'
FM24CL64B-GTR,Infineon,LCSC,C9829,10,1.1958,USD,30911,2026-10-04,https://www.lcsc.com/product-detail/C9829.html,read via jlcsearch.tscircuit.com mirror by C-number (C-number found by web search of lcsc.com); LCSC mfr part 'FM24CL64B-GTR'
FM24CL64B-GTR,Infineon,LCSC,C9829,30,1.0445,USD,30911,2026-10-04,https://www.lcsc.com/product-detail/C9829.html,read via jlcsearch.tscircuit.com mirror by C-number (C-number found by web search of lcsc.com); LCSC mfr part 'FM24CL64B-GTR'
FM24CL64B-GTR,Infineon,LCSC,C9829,100,0.9322,USD,30911,2026-10-04,https://www.lcsc.com/product-detail/C9829.html,read via jlcsearch.tscircuit.com mirror by C-number (C-number found by web search of lcsc.com); LCSC mfr part 'FM24CL64B-GTR'
FM24CL64B-GTR,Infineon,LCSC,C9829,500,0.8851,USD,30911,2026-10-04,https://www.lcsc.com/product-detail/C9829.html,read via jlcsearch.tscircuit.com mirror by C-number (C-number found by web search of lcsc.com); LCSC mfr part 'FM24CL64B-GTR'
FM24CL64B-GTR,Infineon,LCSC,C9829,1000,0.8623,USD,30911,2026-10-04,https://www.lcsc.com/product-detail/C9829.html,read via jlcsearch.tscircuit.com mirror by C-number (C-number found by web search of lcsc.com); LCSC mfr part 'FM24CL64B-GTR'
TCC0402X7R105K6R3AT,,LCSC,C5448871,1,0.0057,USD,199815,2026-10-04,https://www.lcsc.com/product-detail/C5448871.html,"read via jlcsearch.tscircuit.com mirror of LCSC catalogue; typical-equivalent example for a GENERIC class price (cost_estimates.csv), not a BOM MPN"
TCC0402X7R105K6R3AT,,LCSC,C5448871,500,0.0044,USD,199815,2026-10-04,https://www.lcsc.com/product-detail/C5448871.html,"read via jlcsearch.tscircuit.com mirror of LCSC catalogue; typical-equivalent example for a GENERIC class price (cost_estimates.csv), not a BOM MPN"
TCC0402X7R105K6R3AT,,LCSC,C5448871,1500,0.0038,USD,199815,2026-10-04,https://www.lcsc.com/product-detail/C5448871.html,"read via jlcsearch.tscircuit.com mirror of LCSC catalogue; typical-equivalent example for a GENERIC class price (cost_estimates.csv), not a BOM MPN"
TCC0402X7R105K6R3AT,,LCSC,C5448871,10000,0.0034,USD,199815,2026-10-04,https://www.lcsc.com/product-detail/C5448871.html,"read via jlcsearch.tscircuit.com mirror of LCSC catalogue; typical-equivalent example for a GENERIC class price (cost_estimates.csv), not a BOM MPN"
TCC0402X7R105K6R3AT,,LCSC,C5448871,20000,0.003,USD,199815,2026-10-04,https://www.lcsc.com/product-detail/C5448871.html,"read via jlcsearch.tscircuit.com mirror of LCSC catalogue; typical-equivalent example for a GENERIC class price (cost_estimates.csv), not a BOM MPN"
TCC0402X7R105K6R3AT,,LCSC,C5448871,50000,0.0028,USD,199815,2026-10-04,https://www.lcsc.com/product-detail/C5448871.html,"read via jlcsearch.tscircuit.com mirror of LCSC catalogue; typical-equivalent example for a GENERIC class price (cost_estimates.csv), not a BOM MPN"
CL05B104KO5NNNC,,LCSC,C1525,1,0.006,USD,16407331,2026-10-04,https://www.lcsc.com/product-detail/C1525.html,"read via jlcsearch.tscircuit.com mirror of LCSC catalogue; typical-equivalent example for a GENERIC class price (cost_estimates.csv), not a BOM MPN"
CL05B104KO5NNNC,,LCSC,C1525,1000,0.0051,USD,16407331,2026-10-04,https://www.lcsc.com/product-detail/C1525.html,"read via jlcsearch.tscircuit.com mirror of LCSC catalogue; typical-equivalent example for a GENERIC class price (cost_estimates.csv), not a BOM MPN"
CL05B104KO5NNNC,,LCSC,C1525,3000,0.0047,USD,16407331,2026-10-04,https://www.lcsc.com/product-detail/C1525.html,"read via jlcsearch.tscircuit.com mirror of LCSC catalogue; typical-equivalent example for a GENERIC class price (cost_estimates.csv), not a BOM MPN"
CL05B104KO5NNNC,,LCSC,C1525,10000,0.0044,USD,16407331,2026-10-04,https://www.lcsc.com/product-detail/C1525.html,"read via jlcsearch.tscircuit.com mirror of LCSC catalogue; typical-equivalent example for a GENERIC class price (cost_estimates.csv), not a BOM MPN"
CL05B104KO5NNNC,,LCSC,C1525,50000,0.0043,USD,16407331,2026-10-04,https://www.lcsc.com/product-detail/C1525.html,"read via jlcsearch.tscircuit.com mirror of LCSC catalogue; typical-equivalent example for a GENERIC class price (cost_estimates.csv), not a BOM MPN"
CL05B104KO5NNNC,,LCSC,C1525,100000,0.0042,USD,16407331,2026-10-04,https://www.lcsc.com/product-detail/C1525.html,"read via jlcsearch.tscircuit.com mirror of LCSC catalogue; typical-equivalent example for a GENERIC class price (cost_estimates.csv), not a BOM MPN"
CC0603JRNPO9BN472,,LCSC,C576818,1,0.0386,USD,174922,2026-10-04,https://www.lcsc.com/product-detail/C576818.html,"read via jlcsearch.tscircuit.com mirror of LCSC catalogue; typical-equivalent example for a GENERIC class price (cost_estimates.csv), not a BOM MPN"
CC0603JRNPO9BN472,,LCSC,C576818,200,0.0334,USD,174922,2026-10-04,https://www.lcsc.com/product-detail/C576818.html,"read via jlcsearch.tscircuit.com mirror of LCSC catalogue; typical-equivalent example for a GENERIC class price (cost_estimates.csv), not a BOM MPN"
CC0603JRNPO9BN472,,LCSC,C576818,600,0.0305,USD,174922,2026-10-04,https://www.lcsc.com/product-detail/C576818.html,"read via jlcsearch.tscircuit.com mirror of LCSC catalogue; typical-equivalent example for a GENERIC class price (cost_estimates.csv), not a BOM MPN"
CC0603JRNPO9BN472,,LCSC,C576818,4000,0.0282,USD,174922,2026-10-04,https://www.lcsc.com/product-detail/C576818.html,"read via jlcsearch.tscircuit.com mirror of LCSC catalogue; typical-equivalent example for a GENERIC class price (cost_estimates.csv), not a BOM MPN"
CC0603JRNPO9BN472,,LCSC,C576818,8000,0.0267,USD,174922,2026-10-04,https://www.lcsc.com/product-detail/C576818.html,"read via jlcsearch.tscircuit.com mirror of LCSC catalogue; typical-equivalent example for a GENERIC class price (cost_estimates.csv), not a BOM MPN"
CC0603JRNPO9BN472,,LCSC,C576818,20000,0.0259,USD,174922,2026-10-04,https://www.lcsc.com/product-detail/C576818.html,"read via jlcsearch.tscircuit.com mirror of LCSC catalogue; typical-equivalent example for a GENERIC class price (cost_estimates.csv), not a BOM MPN"
CC0603JRNPO9BN101,,LCSC,C14665,1,0.0069,USD,252614,2026-10-04,https://www.lcsc.com/product-detail/C14665.html,"read via jlcsearch.tscircuit.com mirror of LCSC catalogue; typical-equivalent example for a GENERIC class price (cost_estimates.csv), not a BOM MPN"
CC0603JRNPO9BN101,,LCSC,C14665,1000,0.006,USD,252614,2026-10-04,https://www.lcsc.com/product-detail/C14665.html,"read via jlcsearch.tscircuit.com mirror of LCSC catalogue; typical-equivalent example for a GENERIC class price (cost_estimates.csv), not a BOM MPN"
CC0603JRNPO9BN101,,LCSC,C14665,4000,0.0055,USD,252614,2026-10-04,https://www.lcsc.com/product-detail/C14665.html,"read via jlcsearch.tscircuit.com mirror of LCSC catalogue; typical-equivalent example for a GENERIC class price (cost_estimates.csv), not a BOM MPN"
CC0603JRNPO9BN101,,LCSC,C14665,8000,0.0053,USD,252614,2026-10-04,https://www.lcsc.com/product-detail/C14665.html,"read via jlcsearch.tscircuit.com mirror of LCSC catalogue; typical-equivalent example for a GENERIC class price (cost_estimates.csv), not a BOM MPN"
CC0603JRNPO9BN101,,LCSC,C14665,48000,0.0051,USD,252614,2026-10-04,https://www.lcsc.com/product-detail/C14665.html,"read via jlcsearch.tscircuit.com mirror of LCSC catalogue; typical-equivalent example for a GENERIC class price (cost_estimates.csv), not a BOM MPN"
CC0603JRNPO9BN101,,LCSC,C14665,48200,0.0051,USD,252614,2026-10-04,https://www.lcsc.com/product-detail/C14665.html,"read via jlcsearch.tscircuit.com mirror of LCSC catalogue; typical-equivalent example for a GENERIC class price (cost_estimates.csv), not a BOM MPN"
CC0603KRX7R0BB104,,LCSC,C113803,1,0.0129,USD,22292,2026-10-04,https://www.lcsc.com/product-detail/C113803.html,"read via jlcsearch.tscircuit.com mirror of LCSC catalogue; typical-equivalent example for a GENERIC class price (cost_estimates.csv), not a BOM MPN"
CC0603KRX7R0BB104,,LCSC,C113803,1000,0.0116,USD,22292,2026-10-04,https://www.lcsc.com/product-detail/C113803.html,"read via jlcsearch.tscircuit.com mirror of LCSC catalogue; typical-equivalent example for a GENERIC class price (cost_estimates.csv), not a BOM MPN"
CC0603KRX7R0BB104,,LCSC,C113803,4000,0.0111,USD,22292,2026-10-04,https://www.lcsc.com/product-detail/C113803.html,"read via jlcsearch.tscircuit.com mirror of LCSC catalogue; typical-equivalent example for a GENERIC class price (cost_estimates.csv), not a BOM MPN"
CC0603KRX7R0BB104,,LCSC,C113803,8000,0.0107,USD,22292,2026-10-04,https://www.lcsc.com/product-detail/C113803.html,"read via jlcsearch.tscircuit.com mirror of LCSC catalogue; typical-equivalent example for a GENERIC class price (cost_estimates.csv), not a BOM MPN"
CC0603KRX7R0BB104,,LCSC,C113803,48000,0.0105,USD,22292,2026-10-04,https://www.lcsc.com/product-detail/C113803.html,"read via jlcsearch.tscircuit.com mirror of LCSC catalogue; typical-equivalent example for a GENERIC class price (cost_estimates.csv), not a BOM MPN"
CC0603KRX7R0BB104,,LCSC,C113803,100000,0.0104,USD,22292,2026-10-04,https://www.lcsc.com/product-detail/C113803.html,"read via jlcsearch.tscircuit.com mirror of LCSC catalogue; typical-equivalent example for a GENERIC class price (cost_estimates.csv), not a BOM MPN"
CC0603KRX7R9BB104,,LCSC,C14663,1,0.0106,USD,12618106,2026-10-04,https://www.lcsc.com/product-detail/C14663.html,"read via jlcsearch.tscircuit.com mirror of LCSC catalogue; typical-equivalent example for a GENERIC class price (cost_estimates.csv), not a BOM MPN"
CC0603KRX7R9BB104,,LCSC,C14663,500,0.0098,USD,12618106,2026-10-04,https://www.lcsc.com/product-detail/C14663.html,"read via jlcsearch.tscircuit.com mirror of LCSC catalogue; typical-equivalent example for a GENERIC class price (cost_estimates.csv), not a BOM MPN"
CC0603KRX7R9BB104,,LCSC,C14663,2000,0.0094,USD,12618106,2026-10-04,https://www.lcsc.com/product-detail/C14663.html,"read via jlcsearch.tscircuit.com mirror of LCSC catalogue; typical-equivalent example for a GENERIC class price (cost_estimates.csv), not a BOM MPN"
CC0603KRX7R9BB104,,LCSC,C14663,4000,0.0092,USD,12618106,2026-10-04,https://www.lcsc.com/product-detail/C14663.html,"read via jlcsearch.tscircuit.com mirror of LCSC catalogue; typical-equivalent example for a GENERIC class price (cost_estimates.csv), not a BOM MPN"
CC0603KRX7R9BB104,,LCSC,C14663,24000,0.009,USD,12618106,2026-10-04,https://www.lcsc.com/product-detail/C14663.html,"read via jlcsearch.tscircuit.com mirror of LCSC catalogue; typical-equivalent example for a GENERIC class price (cost_estimates.csv), not a BOM MPN"
CC0603KRX7R9BB104,,LCSC,C14663,24100,0.009,USD,12618106,2026-10-04,https://www.lcsc.com/product-detail/C14663.html,"read via jlcsearch.tscircuit.com mirror of LCSC catalogue; typical-equivalent example for a GENERIC class price (cost_estimates.csv), not a BOM MPN"
0603B225K160NT,,LCSC,C43922,1,0.024,USD,17474,2026-10-04,https://www.lcsc.com/product-detail/C43922.html,"read via jlcsearch.tscircuit.com mirror of LCSC catalogue; typical-equivalent example for a GENERIC class price (cost_estimates.csv), not a BOM MPN"
0603B225K160NT,,LCSC,C43922,500,0.0204,USD,17474,2026-10-04,https://www.lcsc.com/product-detail/C43922.html,"read via jlcsearch.tscircuit.com mirror of LCSC catalogue; typical-equivalent example for a GENERIC class price (cost_estimates.csv), not a BOM MPN"
0603B225K160NT,,LCSC,C43922,1500,0.0184,USD,17474,2026-10-04,https://www.lcsc.com/product-detail/C43922.html,"read via jlcsearch.tscircuit.com mirror of LCSC catalogue; typical-equivalent example for a GENERIC class price (cost_estimates.csv), not a BOM MPN"
0603B225K160NT,,LCSC,C43922,4000,0.0163,USD,17474,2026-10-04,https://www.lcsc.com/product-detail/C43922.html,"read via jlcsearch.tscircuit.com mirror of LCSC catalogue; typical-equivalent example for a GENERIC class price (cost_estimates.csv), not a BOM MPN"
0603B225K160NT,,LCSC,C43922,24000,0.0152,USD,17474,2026-10-04,https://www.lcsc.com/product-detail/C43922.html,"read via jlcsearch.tscircuit.com mirror of LCSC catalogue; typical-equivalent example for a GENERIC class price (cost_estimates.csv), not a BOM MPN"
0603B225K160NT,,LCSC,C43922,48000,0.0147,USD,17474,2026-10-04,https://www.lcsc.com/product-detail/C43922.html,"read via jlcsearch.tscircuit.com mirror of LCSC catalogue; typical-equivalent example for a GENERIC class price (cost_estimates.csv), not a BOM MPN"
CL10B105KO8NNNC,,LCSC,C59782,1,0.0207,USD,66341,2026-10-04,https://www.lcsc.com/product-detail/C59782.html,"read via jlcsearch.tscircuit.com mirror of LCSC catalogue; typical-equivalent example for a GENERIC class price (cost_estimates.csv), not a BOM MPN"
CL10B105KO8NNNC,,LCSC,C59782,500,0.0179,USD,66341,2026-10-04,https://www.lcsc.com/product-detail/C59782.html,"read via jlcsearch.tscircuit.com mirror of LCSC catalogue; typical-equivalent example for a GENERIC class price (cost_estimates.csv), not a BOM MPN"
CL10B105KO8NNNC,,LCSC,C59782,1500,0.0168,USD,66341,2026-10-04,https://www.lcsc.com/product-detail/C59782.html,"read via jlcsearch.tscircuit.com mirror of LCSC catalogue; typical-equivalent example for a GENERIC class price (cost_estimates.csv), not a BOM MPN"
CL10B105KO8NNNC,,LCSC,C59782,4000,0.0158,USD,66341,2026-10-04,https://www.lcsc.com/product-detail/C59782.html,"read via jlcsearch.tscircuit.com mirror of LCSC catalogue; typical-equivalent example for a GENERIC class price (cost_estimates.csv), not a BOM MPN"
CL10B105KO8NNNC,,LCSC,C59782,24000,0.0155,USD,66341,2026-10-04,https://www.lcsc.com/product-detail/C59782.html,"read via jlcsearch.tscircuit.com mirror of LCSC catalogue; typical-equivalent example for a GENERIC class price (cost_estimates.csv), not a BOM MPN"
CL10B105KO8NNNC,,LCSC,C59782,48000,0.0152,USD,66341,2026-10-04,https://www.lcsc.com/product-detail/C59782.html,"read via jlcsearch.tscircuit.com mirror of LCSC catalogue; typical-equivalent example for a GENERIC class price (cost_estimates.csv), not a BOM MPN"
CL10B105KA8NNNC,,LCSC,C29936,1,0.0218,USD,178930,2026-10-04,https://www.lcsc.com/product-detail/C29936.html,"read via jlcsearch.tscircuit.com mirror of LCSC catalogue; typical-equivalent example for a GENERIC class price (cost_estimates.csv), not a BOM MPN"
CL10B105KA8NNNC,,LCSC,C29936,500,0.0192,USD,178930,2026-10-04,https://www.lcsc.com/product-detail/C29936.html,"read via jlcsearch.tscircuit.com mirror of LCSC catalogue; typical-equivalent example for a GENERIC class price (cost_estimates.csv), not a BOM MPN"
CL10B105KA8NNNC,,LCSC,C29936,1500,0.0181,USD,178930,2026-10-04,https://www.lcsc.com/product-detail/C29936.html,"read via jlcsearch.tscircuit.com mirror of LCSC catalogue; typical-equivalent example for a GENERIC class price (cost_estimates.csv), not a BOM MPN"
CL10B105KA8NNNC,,LCSC,C29936,4000,0.016,USD,178930,2026-10-04,https://www.lcsc.com/product-detail/C29936.html,"read via jlcsearch.tscircuit.com mirror of LCSC catalogue; typical-equivalent example for a GENERIC class price (cost_estimates.csv), not a BOM MPN"
CL10B105KA8NNNC,,LCSC,C29936,24000,0.0156,USD,178930,2026-10-04,https://www.lcsc.com/product-detail/C29936.html,"read via jlcsearch.tscircuit.com mirror of LCSC catalogue; typical-equivalent example for a GENERIC class price (cost_estimates.csv), not a BOM MPN"
CL10B105KA8NNNC,,LCSC,C29936,48000,0.0154,USD,178930,2026-10-04,https://www.lcsc.com/product-detail/C29936.html,"read via jlcsearch.tscircuit.com mirror of LCSC catalogue; typical-equivalent example for a GENERIC class price (cost_estimates.csv), not a BOM MPN"
CL10B102KB8NNNC,,LCSC,C1588,1,0.0059,USD,2777884,2026-10-04,https://www.lcsc.com/product-detail/C1588.html,"read via jlcsearch.tscircuit.com mirror of LCSC catalogue; typical-equivalent example for a GENERIC class price (cost_estimates.csv), not a BOM MPN"
CL10B102KB8NNNC,,LCSC,C1588,500,0.0051,USD,2777884,2026-10-04,https://www.lcsc.com/product-detail/C1588.html,"read via jlcsearch.tscircuit.com mirror of LCSC catalogue; typical-equivalent example for a GENERIC class price (cost_estimates.csv), not a BOM MPN"
CL10B102KB8NNNC,,LCSC,C1588,1500,0.0047,USD,2777884,2026-10-04,https://www.lcsc.com/product-detail/C1588.html,"read via jlcsearch.tscircuit.com mirror of LCSC catalogue; typical-equivalent example for a GENERIC class price (cost_estimates.csv), not a BOM MPN"
CL10B102KB8NNNC,,LCSC,C1588,4000,0.0043,USD,2777884,2026-10-04,https://www.lcsc.com/product-detail/C1588.html,"read via jlcsearch.tscircuit.com mirror of LCSC catalogue; typical-equivalent example for a GENERIC class price (cost_estimates.csv), not a BOM MPN"
CL10B102KB8NNNC,,LCSC,C1588,24000,0.0041,USD,2777884,2026-10-04,https://www.lcsc.com/product-detail/C1588.html,"read via jlcsearch.tscircuit.com mirror of LCSC catalogue; typical-equivalent example for a GENERIC class price (cost_estimates.csv), not a BOM MPN"
CL10B102KB8NNNC,,LCSC,C1588,24100,0.0041,USD,2777884,2026-10-04,https://www.lcsc.com/product-detail/C1588.html,"read via jlcsearch.tscircuit.com mirror of LCSC catalogue; typical-equivalent example for a GENERIC class price (cost_estimates.csv), not a BOM MPN"
CL10B224KB8NNNC,,LCSC,C64705,1,0.0121,USD,303646,2026-10-04,https://www.lcsc.com/product-detail/C64705.html,"read via jlcsearch.tscircuit.com mirror of LCSC catalogue; typical-equivalent example for a GENERIC class price (cost_estimates.csv), not a BOM MPN"
CL10B224KB8NNNC,,LCSC,C64705,1000,0.0106,USD,303646,2026-10-04,https://www.lcsc.com/product-detail/C64705.html,"read via jlcsearch.tscircuit.com mirror of LCSC catalogue; typical-equivalent example for a GENERIC class price (cost_estimates.csv), not a BOM MPN"
CL10B224KB8NNNC,,LCSC,C64705,4000,0.0091,USD,303646,2026-10-04,https://www.lcsc.com/product-detail/C64705.html,"read via jlcsearch.tscircuit.com mirror of LCSC catalogue; typical-equivalent example for a GENERIC class price (cost_estimates.csv), not a BOM MPN"
CL10B224KB8NNNC,,LCSC,C64705,8000,0.0086,USD,303646,2026-10-04,https://www.lcsc.com/product-detail/C64705.html,"read via jlcsearch.tscircuit.com mirror of LCSC catalogue; typical-equivalent example for a GENERIC class price (cost_estimates.csv), not a BOM MPN"
CL10B224KB8NNNC,,LCSC,C64705,48000,0.0082,USD,303646,2026-10-04,https://www.lcsc.com/product-detail/C64705.html,"read via jlcsearch.tscircuit.com mirror of LCSC catalogue; typical-equivalent example for a GENERIC class price (cost_estimates.csv), not a BOM MPN"
CL10B224KB8NNNC,,LCSC,C64705,100000,0.0079,USD,303646,2026-10-04,https://www.lcsc.com/product-detail/C64705.html,"read via jlcsearch.tscircuit.com mirror of LCSC catalogue; typical-equivalent example for a GENERIC class price (cost_estimates.csv), not a BOM MPN"
GRM31C5C1H104JA01L,,LCSC,C97946,1,0.1801,USD,53010,2026-10-04,https://www.lcsc.com/product-detail/C97946.html,"read via jlcsearch.tscircuit.com mirror of LCSC catalogue; typical-equivalent example for a GENERIC class price (cost_estimates.csv), not a BOM MPN"
GRM31C5C1H104JA01L,,LCSC,C97946,50,0.1611,USD,53010,2026-10-04,https://www.lcsc.com/product-detail/C97946.html,"read via jlcsearch.tscircuit.com mirror of LCSC catalogue; typical-equivalent example for a GENERIC class price (cost_estimates.csv), not a BOM MPN"
GRM31C5C1H104JA01L,,LCSC,C97946,150,0.1513,USD,53010,2026-10-04,https://www.lcsc.com/product-detail/C97946.html,"read via jlcsearch.tscircuit.com mirror of LCSC catalogue; typical-equivalent example for a GENERIC class price (cost_estimates.csv), not a BOM MPN"
GRM31C5C1H104JA01L,,LCSC,C97946,500,0.1432,USD,53010,2026-10-04,https://www.lcsc.com/product-detail/C97946.html,"read via jlcsearch.tscircuit.com mirror of LCSC catalogue; typical-equivalent example for a GENERIC class price (cost_estimates.csv), not a BOM MPN"
GRM31C5C1H104JA01L,,LCSC,C97946,2000,0.138,USD,53010,2026-10-04,https://www.lcsc.com/product-detail/C97946.html,"read via jlcsearch.tscircuit.com mirror of LCSC catalogue; typical-equivalent example for a GENERIC class price (cost_estimates.csv), not a BOM MPN"
GRM31C5C1H104JA01L,,LCSC,C97946,4000,0.1362,USD,53010,2026-10-04,https://www.lcsc.com/product-detail/C97946.html,"read via jlcsearch.tscircuit.com mirror of LCSC catalogue; typical-equivalent example for a GENERIC class price (cost_estimates.csv), not a BOM MPN"
GRM21BZ71A226ME15L,,LCSC,C907991,1,0.5673,USD,106067,2026-10-04,https://www.lcsc.com/product-detail/C907991.html,"read via jlcsearch.tscircuit.com mirror of LCSC catalogue; typical-equivalent example for a GENERIC class price (cost_estimates.csv), not a BOM MPN"
GRM21BZ71A226ME15L,,LCSC,C907991,50,0.5213,USD,106067,2026-10-04,https://www.lcsc.com/product-detail/C907991.html,"read via jlcsearch.tscircuit.com mirror of LCSC catalogue; typical-equivalent example for a GENERIC class price (cost_estimates.csv), not a BOM MPN"
GRM21BZ71A226ME15L,,LCSC,C907991,150,0.4988,USD,106067,2026-10-04,https://www.lcsc.com/product-detail/C907991.html,"read via jlcsearch.tscircuit.com mirror of LCSC catalogue; typical-equivalent example for a GENERIC class price (cost_estimates.csv), not a BOM MPN"
GRM21BZ71A226ME15L,,LCSC,C907991,500,0.4787,USD,106067,2026-10-04,https://www.lcsc.com/product-detail/C907991.html,"read via jlcsearch.tscircuit.com mirror of LCSC catalogue; typical-equivalent example for a GENERIC class price (cost_estimates.csv), not a BOM MPN"
GRM21BZ71A226ME15L,,LCSC,C907991,3000,0.4629,USD,106067,2026-10-04,https://www.lcsc.com/product-detail/C907991.html,"read via jlcsearch.tscircuit.com mirror of LCSC catalogue; typical-equivalent example for a GENERIC class price (cost_estimates.csv), not a BOM MPN"
GRM21BZ71A226ME15L,,LCSC,C907991,6000,0.4596,USD,106067,2026-10-04,https://www.lcsc.com/product-detail/C907991.html,"read via jlcsearch.tscircuit.com mirror of LCSC catalogue; typical-equivalent example for a GENERIC class price (cost_estimates.csv), not a BOM MPN"
CS2012X7R106M100NRE,,LCSC,C5189822,1,0.0807,USD,185371,2026-10-04,https://www.lcsc.com/product-detail/C5189822.html,"read via jlcsearch.tscircuit.com mirror of LCSC catalogue; typical-equivalent example for a GENERIC class price (cost_estimates.csv), not a BOM MPN"
CS2012X7R106M100NRE,,LCSC,C5189822,100,0.065,USD,185371,2026-10-04,https://www.lcsc.com/product-detail/C5189822.html,"read via jlcsearch.tscircuit.com mirror of LCSC catalogue; typical-equivalent example for a GENERIC class price (cost_estimates.csv), not a BOM MPN"
CS2012X7R106M100NRE,,LCSC,C5189822,300,0.057,USD,185371,2026-10-04,https://www.lcsc.com/product-detail/C5189822.html,"read via jlcsearch.tscircuit.com mirror of LCSC catalogue; typical-equivalent example for a GENERIC class price (cost_estimates.csv), not a BOM MPN"
CS2012X7R106M100NRE,,LCSC,C5189822,3000,0.0492,USD,185371,2026-10-04,https://www.lcsc.com/product-detail/C5189822.html,"read via jlcsearch.tscircuit.com mirror of LCSC catalogue; typical-equivalent example for a GENERIC class price (cost_estimates.csv), not a BOM MPN"
CS2012X7R106M100NRE,,LCSC,C5189822,6000,0.0445,USD,185371,2026-10-04,https://www.lcsc.com/product-detail/C5189822.html,"read via jlcsearch.tscircuit.com mirror of LCSC catalogue; typical-equivalent example for a GENERIC class price (cost_estimates.csv), not a BOM MPN"
CS2012X7R106M100NRE,,LCSC,C5189822,9000,0.042,USD,185371,2026-10-04,https://www.lcsc.com/product-detail/C5189822.html,"read via jlcsearch.tscircuit.com mirror of LCSC catalogue; typical-equivalent example for a GENERIC class price (cost_estimates.csv), not a BOM MPN"
CL21B106KAYQNNE,,LCSC,C3039694,1,0.0784,USD,279963,2026-10-04,https://www.lcsc.com/product-detail/C3039694.html,"read via jlcsearch.tscircuit.com mirror of LCSC catalogue; typical-equivalent example for a GENERIC class price (cost_estimates.csv), not a BOM MPN"
CL21B106KAYQNNE,,LCSC,C3039694,50,0.0679,USD,279963,2026-10-04,https://www.lcsc.com/product-detail/C3039694.html,"read via jlcsearch.tscircuit.com mirror of LCSC catalogue; typical-equivalent example for a GENERIC class price (cost_estimates.csv), not a BOM MPN"
CL21B106KAYQNNE,,LCSC,C3039694,150,0.0625,USD,279963,2026-10-04,https://www.lcsc.com/product-detail/C3039694.html,"read via jlcsearch.tscircuit.com mirror of LCSC catalogue; typical-equivalent example for a GENERIC class price (cost_estimates.csv), not a BOM MPN"
CL21B106KAYQNNE,,LCSC,C3039694,500,0.058,USD,279963,2026-10-04,https://www.lcsc.com/product-detail/C3039694.html,"read via jlcsearch.tscircuit.com mirror of LCSC catalogue; typical-equivalent example for a GENERIC class price (cost_estimates.csv), not a BOM MPN"
CL21B106KAYQNNE,,LCSC,C3039694,2000,0.0558,USD,279963,2026-10-04,https://www.lcsc.com/product-detail/C3039694.html,"read via jlcsearch.tscircuit.com mirror of LCSC catalogue; typical-equivalent example for a GENERIC class price (cost_estimates.csv), not a BOM MPN"
CL21B106KAYQNNE,,LCSC,C3039694,4000,0.0548,USD,279963,2026-10-04,https://www.lcsc.com/product-detail/C3039694.html,"read via jlcsearch.tscircuit.com mirror of LCSC catalogue; typical-equivalent example for a GENERIC class price (cost_estimates.csv), not a BOM MPN"
TCC0805X7R335K250FT,,LCSC,C7393948,1,0.0315,USD,186639,2026-10-04,https://www.lcsc.com/product-detail/C7393948.html,"read via jlcsearch.tscircuit.com mirror of LCSC catalogue; typical-equivalent example for a GENERIC class price (cost_estimates.csv), not a BOM MPN"
TCC0805X7R335K250FT,,LCSC,C7393948,200,0.0246,USD,186639,2026-10-04,https://www.lcsc.com/product-detail/C7393948.html,"read via jlcsearch.tscircuit.com mirror of LCSC catalogue; typical-equivalent example for a GENERIC class price (cost_estimates.csv), not a BOM MPN"
TCC0805X7R335K250FT,,LCSC,C7393948,600,0.0207,USD,186639,2026-10-04,https://www.lcsc.com/product-detail/C7393948.html,"read via jlcsearch.tscircuit.com mirror of LCSC catalogue; typical-equivalent example for a GENERIC class price (cost_estimates.csv), not a BOM MPN"
TCC0805X7R335K250FT,,LCSC,C7393948,3000,0.0184,USD,186639,2026-10-04,https://www.lcsc.com/product-detail/C7393948.html,"read via jlcsearch.tscircuit.com mirror of LCSC catalogue; typical-equivalent example for a GENERIC class price (cost_estimates.csv), not a BOM MPN"
TCC0805X7R335K250FT,,LCSC,C7393948,9000,0.0164,USD,186639,2026-10-04,https://www.lcsc.com/product-detail/C7393948.html,"read via jlcsearch.tscircuit.com mirror of LCSC catalogue; typical-equivalent example for a GENERIC class price (cost_estimates.csv), not a BOM MPN"
TCC0805X7R335K250FT,,LCSC,C7393948,21000,0.0153,USD,186639,2026-10-04,https://www.lcsc.com/product-detail/C7393948.html,"read via jlcsearch.tscircuit.com mirror of LCSC catalogue; typical-equivalent example for a GENERIC class price (cost_estimates.csv), not a BOM MPN"
CL21B105KBFNNNE,,LCSC,C28323,1,0.0469,USD,2084641,2026-10-04,https://www.lcsc.com/product-detail/C28323.html,"read via jlcsearch.tscircuit.com mirror of LCSC catalogue; typical-equivalent example for a GENERIC class price (cost_estimates.csv), not a BOM MPN"
CL21B105KBFNNNE,,LCSC,C28323,200,0.0407,USD,2084641,2026-10-04,https://www.lcsc.com/product-detail/C28323.html,"read via jlcsearch.tscircuit.com mirror of LCSC catalogue; typical-equivalent example for a GENERIC class price (cost_estimates.csv), not a BOM MPN"
CL21B105KBFNNNE,,LCSC,C28323,600,0.038,USD,2084641,2026-10-04,https://www.lcsc.com/product-detail/C28323.html,"read via jlcsearch.tscircuit.com mirror of LCSC catalogue; typical-equivalent example for a GENERIC class price (cost_estimates.csv), not a BOM MPN"
CL21B105KBFNNNE,,LCSC,C28323,2000,0.0358,USD,2084641,2026-10-04,https://www.lcsc.com/product-detail/C28323.html,"read via jlcsearch.tscircuit.com mirror of LCSC catalogue; typical-equivalent example for a GENERIC class price (cost_estimates.csv), not a BOM MPN"
CL21B105KBFNNNE,,LCSC,C28323,10000,0.035,USD,2084641,2026-10-04,https://www.lcsc.com/product-detail/C28323.html,"read via jlcsearch.tscircuit.com mirror of LCSC catalogue; typical-equivalent example for a GENERIC class price (cost_estimates.csv), not a BOM MPN"
CL21B105KBFNNNE,,LCSC,C28323,20000,0.0345,USD,2084641,2026-10-04,https://www.lcsc.com/product-detail/C28323.html,"read via jlcsearch.tscircuit.com mirror of LCSC catalogue; typical-equivalent example for a GENERIC class price (cost_estimates.csv), not a BOM MPN"
CC0805KKX7R9BB225,,LCSC,C125847,1,0.0724,USD,17965,2026-10-04,https://www.lcsc.com/product-detail/C125847.html,"read via jlcsearch.tscircuit.com mirror of LCSC catalogue; typical-equivalent example for a GENERIC class price (cost_estimates.csv), not a BOM MPN"
CC0805KKX7R9BB225,,LCSC,C125847,200,0.0648,USD,17965,2026-10-04,https://www.lcsc.com/product-detail/C125847.html,"read via jlcsearch.tscircuit.com mirror of LCSC catalogue; typical-equivalent example for a GENERIC class price (cost_estimates.csv), not a BOM MPN"
CC0805KKX7R9BB225,,LCSC,C125847,600,0.0614,USD,17965,2026-10-04,https://www.lcsc.com/product-detail/C125847.html,"read via jlcsearch.tscircuit.com mirror of LCSC catalogue; typical-equivalent example for a GENERIC class price (cost_estimates.csv), not a BOM MPN"
CC0805KKX7R9BB225,,LCSC,C125847,3000,0.0589,USD,17965,2026-10-04,https://www.lcsc.com/product-detail/C125847.html,"read via jlcsearch.tscircuit.com mirror of LCSC catalogue; typical-equivalent example for a GENERIC class price (cost_estimates.csv), not a BOM MPN"
CC0805KKX7R9BB225,,LCSC,C125847,9000,0.058,USD,17965,2026-10-04,https://www.lcsc.com/product-detail/C125847.html,"read via jlcsearch.tscircuit.com mirror of LCSC catalogue; typical-equivalent example for a GENERIC class price (cost_estimates.csv), not a BOM MPN"
CC0805KKX7R9BB225,,LCSC,C125847,21000,0.0573,USD,17965,2026-10-04,https://www.lcsc.com/product-detail/C125847.html,"read via jlcsearch.tscircuit.com mirror of LCSC catalogue; typical-equivalent example for a GENERIC class price (cost_estimates.csv), not a BOM MPN"
CC1206JKNPOCBN101,,LCSC,C107173,1,0.0311,USD,165756,2026-10-04,https://www.lcsc.com/product-detail/C107173.html,"read via jlcsearch.tscircuit.com mirror of LCSC catalogue; typical-equivalent example for a GENERIC class price (cost_estimates.csv), not a BOM MPN"
CC1206JKNPOCBN101,,LCSC,C107173,500,0.0274,USD,165756,2026-10-04,https://www.lcsc.com/product-detail/C107173.html,"read via jlcsearch.tscircuit.com mirror of LCSC catalogue; typical-equivalent example for a GENERIC class price (cost_estimates.csv), not a BOM MPN"
CC1206JKNPOCBN101,,LCSC,C107173,3000,0.0253,USD,165756,2026-10-04,https://www.lcsc.com/product-detail/C107173.html,"read via jlcsearch.tscircuit.com mirror of LCSC catalogue; typical-equivalent example for a GENERIC class price (cost_estimates.csv), not a BOM MPN"
CC1206JKNPOCBN101,,LCSC,C107173,6000,0.024,USD,165756,2026-10-04,https://www.lcsc.com/product-detail/C107173.html,"read via jlcsearch.tscircuit.com mirror of LCSC catalogue; typical-equivalent example for a GENERIC class price (cost_estimates.csv), not a BOM MPN"
CC1206JKNPOCBN101,,LCSC,C107173,24000,0.0228,USD,165756,2026-10-04,https://www.lcsc.com/product-detail/C107173.html,"read via jlcsearch.tscircuit.com mirror of LCSC catalogue; typical-equivalent example for a GENERIC class price (cost_estimates.csv), not a BOM MPN"
CC1206JKNPOCBN101,,LCSC,C107173,51000,0.0223,USD,165756,2026-10-04,https://www.lcsc.com/product-detail/C107173.html,"read via jlcsearch.tscircuit.com mirror of LCSC catalogue; typical-equivalent example for a GENERIC class price (cost_estimates.csv), not a BOM MPN"
CC1206JKNPODBN101,,LCSC,C113876,1,0.0536,USD,39251,2026-10-04,https://www.lcsc.com/product-detail/C113876.html,"read via jlcsearch.tscircuit.com mirror of LCSC catalogue; typical-equivalent example for a GENERIC class price (cost_estimates.csv), not a BOM MPN"
CC1206JKNPODBN101,,LCSC,C113876,200,0.0456,USD,39251,2026-10-04,https://www.lcsc.com/product-detail/C113876.html,"read via jlcsearch.tscircuit.com mirror of LCSC catalogue; typical-equivalent example for a GENERIC class price (cost_estimates.csv), not a BOM MPN"
CC1206JKNPODBN101,,LCSC,C113876,600,0.0412,USD,39251,2026-10-04,https://www.lcsc.com/product-detail/C113876.html,"read via jlcsearch.tscircuit.com mirror of LCSC catalogue; typical-equivalent example for a GENERIC class price (cost_estimates.csv), not a BOM MPN"
CC1206JKNPODBN101,,LCSC,C113876,3000,0.0376,USD,39251,2026-10-04,https://www.lcsc.com/product-detail/C113876.html,"read via jlcsearch.tscircuit.com mirror of LCSC catalogue; typical-equivalent example for a GENERIC class price (cost_estimates.csv), not a BOM MPN"
CC1206JKNPODBN101,,LCSC,C113876,9000,0.0354,USD,39251,2026-10-04,https://www.lcsc.com/product-detail/C113876.html,"read via jlcsearch.tscircuit.com mirror of LCSC catalogue; typical-equivalent example for a GENERIC class price (cost_estimates.csv), not a BOM MPN"
CC1206JKNPODBN101,,LCSC,C113876,21000,0.0342,USD,39251,2026-10-04,https://www.lcsc.com/product-detail/C113876.html,"read via jlcsearch.tscircuit.com mirror of LCSC catalogue; typical-equivalent example for a GENERIC class price (cost_estimates.csv), not a BOM MPN"
CC1206JKNPOCBN680,,LCSC,C107178,1,0.0314,USD,46194,2026-10-04,https://www.lcsc.com/product-detail/C107178.html,"read via jlcsearch.tscircuit.com mirror of LCSC catalogue; typical-equivalent example for a GENERIC class price (cost_estimates.csv), not a BOM MPN"
CC1206JKNPOCBN680,,LCSC,C107178,500,0.0277,USD,46194,2026-10-04,https://www.lcsc.com/product-detail/C107178.html,"read via jlcsearch.tscircuit.com mirror of LCSC catalogue; typical-equivalent example for a GENERIC class price (cost_estimates.csv), not a BOM MPN"
CC1206JKNPOCBN680,,LCSC,C107178,3000,0.0253,USD,46194,2026-10-04,https://www.lcsc.com/product-detail/C107178.html,"read via jlcsearch.tscircuit.com mirror of LCSC catalogue; typical-equivalent example for a GENERIC class price (cost_estimates.csv), not a BOM MPN"
CC1206JKNPOCBN680,,LCSC,C107178,6000,0.024,USD,46194,2026-10-04,https://www.lcsc.com/product-detail/C107178.html,"read via jlcsearch.tscircuit.com mirror of LCSC catalogue; typical-equivalent example for a GENERIC class price (cost_estimates.csv), not a BOM MPN"
CC1206JKNPOCBN680,,LCSC,C107178,24000,0.0228,USD,46194,2026-10-04,https://www.lcsc.com/product-detail/C107178.html,"read via jlcsearch.tscircuit.com mirror of LCSC catalogue; typical-equivalent example for a GENERIC class price (cost_estimates.csv), not a BOM MPN"
CC1206JKNPOCBN680,,LCSC,C107178,51000,0.0223,USD,46194,2026-10-04,https://www.lcsc.com/product-detail/C107178.html,"read via jlcsearch.tscircuit.com mirror of LCSC catalogue; typical-equivalent example for a GENERIC class price (cost_estimates.csv), not a BOM MPN"
CL31B226KPHNNNE,,LCSC,C87996,1,0.0996,USD,17330,2026-10-04,https://www.lcsc.com/product-detail/C87996.html,"read via jlcsearch.tscircuit.com mirror of LCSC catalogue; typical-equivalent example for a GENERIC class price (cost_estimates.csv), not a BOM MPN"
CL31B226KPHNNNE,,LCSC,C87996,50,0.0853,USD,17330,2026-10-04,https://www.lcsc.com/product-detail/C87996.html,"read via jlcsearch.tscircuit.com mirror of LCSC catalogue; typical-equivalent example for a GENERIC class price (cost_estimates.csv), not a BOM MPN"
CL31B226KPHNNNE,,LCSC,C87996,150,0.0778,USD,17330,2026-10-04,https://www.lcsc.com/product-detail/C87996.html,"read via jlcsearch.tscircuit.com mirror of LCSC catalogue; typical-equivalent example for a GENERIC class price (cost_estimates.csv), not a BOM MPN"
CL31B226KPHNNNE,,LCSC,C87996,500,0.0718,USD,17330,2026-10-04,https://www.lcsc.com/product-detail/C87996.html,"read via jlcsearch.tscircuit.com mirror of LCSC catalogue; typical-equivalent example for a GENERIC class price (cost_estimates.csv), not a BOM MPN"
CL31B226KPHNNNE,,LCSC,C87996,2000,0.0697,USD,17330,2026-10-04,https://www.lcsc.com/product-detail/C87996.html,"read via jlcsearch.tscircuit.com mirror of LCSC catalogue; typical-equivalent example for a GENERIC class price (cost_estimates.csv), not a BOM MPN"
CL31B226KPHNNNE,,LCSC,C87996,4000,0.0682,USD,17330,2026-10-04,https://www.lcsc.com/product-detail/C87996.html,"read via jlcsearch.tscircuit.com mirror of LCSC catalogue; typical-equivalent example for a GENERIC class price (cost_estimates.csv), not a BOM MPN"
CS3216X7R226K160NRI,,LCSC,C5252682,1,0.1663,USD,25471,2026-10-04,https://www.lcsc.com/product-detail/C5252682.html,"read via jlcsearch.tscircuit.com mirror of LCSC catalogue; typical-equivalent example for a GENERIC class price (cost_estimates.csv), not a BOM MPN"
CS3216X7R226K160NRI,,LCSC,C5252682,50,0.1328,USD,25471,2026-10-04,https://www.lcsc.com/product-detail/C5252682.html,"read via jlcsearch.tscircuit.com mirror of LCSC catalogue; typical-equivalent example for a GENERIC class price (cost_estimates.csv), not a BOM MPN"
CS3216X7R226K160NRI,,LCSC,C5252682,150,0.1185,USD,25471,2026-10-04,https://www.lcsc.com/product-detail/C5252682.html,"read via jlcsearch.tscircuit.com mirror of LCSC catalogue; typical-equivalent example for a GENERIC class price (cost_estimates.csv), not a BOM MPN"
CS3216X7R226K160NRI,,LCSC,C5252682,500,0.1006,USD,25471,2026-10-04,https://www.lcsc.com/product-detail/C5252682.html,"read via jlcsearch.tscircuit.com mirror of LCSC catalogue; typical-equivalent example for a GENERIC class price (cost_estimates.csv), not a BOM MPN"
CS3216X7R226K160NRI,,LCSC,C5252682,2000,0.0894,USD,25471,2026-10-04,https://www.lcsc.com/product-detail/C5252682.html,"read via jlcsearch.tscircuit.com mirror of LCSC catalogue; typical-equivalent example for a GENERIC class price (cost_estimates.csv), not a BOM MPN"
CS3216X7R226K160NRI,,LCSC,C5252682,4000,0.0846,USD,25471,2026-10-04,https://www.lcsc.com/product-detail/C5252682.html,"read via jlcsearch.tscircuit.com mirror of LCSC catalogue; typical-equivalent example for a GENERIC class price (cost_estimates.csv), not a BOM MPN"
CC1206KKX7RCBB472,,LCSC,C107198,1,0.0318,USD,131922,2026-10-04,https://www.lcsc.com/product-detail/C107198.html,"read via jlcsearch.tscircuit.com mirror of LCSC catalogue; typical-equivalent example for a GENERIC class price (cost_estimates.csv), not a BOM MPN"
CC1206KKX7RCBB472,,LCSC,C107198,500,0.0277,USD,131922,2026-10-04,https://www.lcsc.com/product-detail/C107198.html,"read via jlcsearch.tscircuit.com mirror of LCSC catalogue; typical-equivalent example for a GENERIC class price (cost_estimates.csv), not a BOM MPN"
CC1206KKX7RCBB472,,LCSC,C107198,3000,0.0254,USD,131922,2026-10-04,https://www.lcsc.com/product-detail/C107198.html,"read via jlcsearch.tscircuit.com mirror of LCSC catalogue; typical-equivalent example for a GENERIC class price (cost_estimates.csv), not a BOM MPN"
CC1206KKX7RCBB472,,LCSC,C107198,6000,0.0241,USD,131922,2026-10-04,https://www.lcsc.com/product-detail/C107198.html,"read via jlcsearch.tscircuit.com mirror of LCSC catalogue; typical-equivalent example for a GENERIC class price (cost_estimates.csv), not a BOM MPN"
CC1206KKX7RCBB472,,LCSC,C107198,24000,0.0228,USD,131922,2026-10-04,https://www.lcsc.com/product-detail/C107198.html,"read via jlcsearch.tscircuit.com mirror of LCSC catalogue; typical-equivalent example for a GENERIC class price (cost_estimates.csv), not a BOM MPN"
CC1206KKX7RCBB472,,LCSC,C107198,51000,0.0223,USD,131922,2026-10-04,https://www.lcsc.com/product-detail/C107198.html,"read via jlcsearch.tscircuit.com mirror of LCSC catalogue; typical-equivalent example for a GENERIC class price (cost_estimates.csv), not a BOM MPN"
CL31B475KBHNNNE,,LCSC,C51205,1,0.0666,USD,17195,2026-10-04,https://www.lcsc.com/product-detail/C51205.html,"read via jlcsearch.tscircuit.com mirror of LCSC catalogue; typical-equivalent example for a GENERIC class price (cost_estimates.csv), not a BOM MPN"
CL31B475KBHNNNE,,LCSC,C51205,100,0.0572,USD,17195,2026-10-04,https://www.lcsc.com/product-detail/C51205.html,"read via jlcsearch.tscircuit.com mirror of LCSC catalogue; typical-equivalent example for a GENERIC class price (cost_estimates.csv), not a BOM MPN"
CL31B475KBHNNNE,,LCSC,C51205,300,0.0524,USD,17195,2026-10-04,https://www.lcsc.com/product-detail/C51205.html,"read via jlcsearch.tscircuit.com mirror of LCSC catalogue; typical-equivalent example for a GENERIC class price (cost_estimates.csv), not a BOM MPN"
CL31B475KBHNNNE,,LCSC,C51205,2000,0.0484,USD,17195,2026-10-04,https://www.lcsc.com/product-detail/C51205.html,"read via jlcsearch.tscircuit.com mirror of LCSC catalogue; typical-equivalent example for a GENERIC class price (cost_estimates.csv), not a BOM MPN"
CL31B475KBHNNNE,,LCSC,C51205,4000,0.0471,USD,17195,2026-10-04,https://www.lcsc.com/product-detail/C51205.html,"read via jlcsearch.tscircuit.com mirror of LCSC catalogue; typical-equivalent example for a GENERIC class price (cost_estimates.csv), not a BOM MPN"
CL31B475KBHNNNE,,LCSC,C51205,10000,0.0461,USD,17195,2026-10-04,https://www.lcsc.com/product-detail/C51205.html,"read via jlcsearch.tscircuit.com mirror of LCSC catalogue; typical-equivalent example for a GENERIC class price (cost_estimates.csv), not a BOM MPN"
CL31B105KBHNNNE,,LCSC,C1848,1,0.0474,USD,310181,2026-10-04,https://www.lcsc.com/product-detail/C1848.html,"read via jlcsearch.tscircuit.com mirror of LCSC catalogue; typical-equivalent example for a GENERIC class price (cost_estimates.csv), not a BOM MPN"
CL31B105KBHNNNE,,LCSC,C1848,100,0.0414,USD,310181,2026-10-04,https://www.lcsc.com/product-detail/C1848.html,"read via jlcsearch.tscircuit.com mirror of LCSC catalogue; typical-equivalent example for a GENERIC class price (cost_estimates.csv), not a BOM MPN"
CL31B105KBHNNNE,,LCSC,C1848,300,0.0386,USD,310181,2026-10-04,https://www.lcsc.com/product-detail/C1848.html,"read via jlcsearch.tscircuit.com mirror of LCSC catalogue; typical-equivalent example for a GENERIC class price (cost_estimates.csv), not a BOM MPN"
CL31B105KBHNNNE,,LCSC,C1848,2000,0.0367,USD,310181,2026-10-04,https://www.lcsc.com/product-detail/C1848.html,"read via jlcsearch.tscircuit.com mirror of LCSC catalogue; typical-equivalent example for a GENERIC class price (cost_estimates.csv), not a BOM MPN"
CL31B105KBHNNNE,,LCSC,C1848,4000,0.0358,USD,310181,2026-10-04,https://www.lcsc.com/product-detail/C1848.html,"read via jlcsearch.tscircuit.com mirror of LCSC catalogue; typical-equivalent example for a GENERIC class price (cost_estimates.csv), not a BOM MPN"
CL31B105KBHNNNE,,LCSC,C1848,10000,0.0352,USD,310181,2026-10-04,https://www.lcsc.com/product-detail/C1848.html,"read via jlcsearch.tscircuit.com mirror of LCSC catalogue; typical-equivalent example for a GENERIC class price (cost_estimates.csv), not a BOM MPN"
FS32X225K101EGG,,LCSC,C153036,1,0.0941,USD,383681,2026-10-04,https://www.lcsc.com/product-detail/C153036.html,"read via jlcsearch.tscircuit.com mirror of LCSC catalogue; typical-equivalent example for a GENERIC class price (cost_estimates.csv), not a BOM MPN"
FS32X225K101EGG,,LCSC,C153036,50,0.0801,USD,383681,2026-10-04,https://www.lcsc.com/product-detail/C153036.html,"read via jlcsearch.tscircuit.com mirror of LCSC catalogue; typical-equivalent example for a GENERIC class price (cost_estimates.csv), not a BOM MPN"
FS32X225K101EGG,,LCSC,C153036,150,0.0729,USD,383681,2026-10-04,https://www.lcsc.com/product-detail/C153036.html,"read via jlcsearch.tscircuit.com mirror of LCSC catalogue; typical-equivalent example for a GENERIC class price (cost_estimates.csv), not a BOM MPN"
FS32X225K101EGG,,LCSC,C153036,1000,0.064,USD,383681,2026-10-04,https://www.lcsc.com/product-detail/C153036.html,"read via jlcsearch.tscircuit.com mirror of LCSC catalogue; typical-equivalent example for a GENERIC class price (cost_estimates.csv), not a BOM MPN"
FS32X225K101EGG,,LCSC,C153036,2000,0.0619,USD,383681,2026-10-04,https://www.lcsc.com/product-detail/C153036.html,"read via jlcsearch.tscircuit.com mirror of LCSC catalogue; typical-equivalent example for a GENERIC class price (cost_estimates.csv), not a BOM MPN"
FS32X225K101EGG,,LCSC,C153036,5000,0.0604,USD,383681,2026-10-04,https://www.lcsc.com/product-detail/C153036.html,"read via jlcsearch.tscircuit.com mirror of LCSC catalogue; typical-equivalent example for a GENERIC class price (cost_estimates.csv), not a BOM MPN"
CS3225X7R226K250NRL,,LCSC,C2918511,1,0.2255,USD,74719,2026-10-04,https://www.lcsc.com/product-detail/C2918511.html,"read via jlcsearch.tscircuit.com mirror of LCSC catalogue; typical-equivalent example for a GENERIC class price (cost_estimates.csv), not a BOM MPN"
CS3225X7R226K250NRL,,LCSC,C2918511,50,0.187,USD,74719,2026-10-04,https://www.lcsc.com/product-detail/C2918511.html,"read via jlcsearch.tscircuit.com mirror of LCSC catalogue; typical-equivalent example for a GENERIC class price (cost_estimates.csv), not a BOM MPN"
CS3225X7R226K250NRL,,LCSC,C2918511,150,0.1681,USD,74719,2026-10-04,https://www.lcsc.com/product-detail/C2918511.html,"read via jlcsearch.tscircuit.com mirror of LCSC catalogue; typical-equivalent example for a GENERIC class price (cost_estimates.csv), not a BOM MPN"
CS3225X7R226K250NRL,,LCSC,C2918511,1000,0.1377,USD,74719,2026-10-04,https://www.lcsc.com/product-detail/C2918511.html,"read via jlcsearch.tscircuit.com mirror of LCSC catalogue; typical-equivalent example for a GENERIC class price (cost_estimates.csv), not a BOM MPN"
CS3225X7R226K250NRL,,LCSC,C2918511,2000,0.133,USD,74719,2026-10-04,https://www.lcsc.com/product-detail/C2918511.html,"read via jlcsearch.tscircuit.com mirror of LCSC catalogue; typical-equivalent example for a GENERIC class price (cost_estimates.csv), not a BOM MPN"
CS3225X7R226K250NRL,,LCSC,C2918511,5000,0.1302,USD,74719,2026-10-04,https://www.lcsc.com/product-detail/C2918511.html,"read via jlcsearch.tscircuit.com mirror of LCSC catalogue; typical-equivalent example for a GENERIC class price (cost_estimates.csv), not a BOM MPN"
CL32B106KAJNNNE,,LCSC,C39232,1,0.1708,USD,9641,2026-10-04,https://www.lcsc.com/product-detail/C39232.html,"read via jlcsearch.tscircuit.com mirror of LCSC catalogue; typical-equivalent example for a GENERIC class price (cost_estimates.csv), not a BOM MPN"
CL32B106KAJNNNE,,LCSC,C39232,50,0.154,USD,9641,2026-10-04,https://www.lcsc.com/product-detail/C39232.html,"read via jlcsearch.tscircuit.com mirror of LCSC catalogue; typical-equivalent example for a GENERIC class price (cost_estimates.csv), not a BOM MPN"
CL32B106KAJNNNE,,LCSC,C39232,150,0.1453,USD,9641,2026-10-04,https://www.lcsc.com/product-detail/C39232.html,"read via jlcsearch.tscircuit.com mirror of LCSC catalogue; typical-equivalent example for a GENERIC class price (cost_estimates.csv), not a BOM MPN"
CL32B106KAJNNNE,,LCSC,C39232,1000,0.1382,USD,9641,2026-10-04,https://www.lcsc.com/product-detail/C39232.html,"read via jlcsearch.tscircuit.com mirror of LCSC catalogue; typical-equivalent example for a GENERIC class price (cost_estimates.csv), not a BOM MPN"
CL32B106KAJNNNE,,LCSC,C39232,2000,0.1357,USD,9641,2026-10-04,https://www.lcsc.com/product-detail/C39232.html,"read via jlcsearch.tscircuit.com mirror of LCSC catalogue; typical-equivalent example for a GENERIC class price (cost_estimates.csv), not a BOM MPN"
CL32B106KAJNNNE,,LCSC,C39232,5000,0.1341,USD,9641,2026-10-04,https://www.lcsc.com/product-detail/C39232.html,"read via jlcsearch.tscircuit.com mirror of LCSC catalogue; typical-equivalent example for a GENERIC class price (cost_estimates.csv), not a BOM MPN"
FS32X106K500EGG,,LCSC,C381467,1,0.2509,USD,36053,2026-10-04,https://www.lcsc.com/product-detail/C381467.html,"read via jlcsearch.tscircuit.com mirror of LCSC catalogue; typical-equivalent example for a GENERIC class price (cost_estimates.csv), not a BOM MPN"
FS32X106K500EGG,,LCSC,C381467,50,0.2094,USD,36053,2026-10-04,https://www.lcsc.com/product-detail/C381467.html,"read via jlcsearch.tscircuit.com mirror of LCSC catalogue; typical-equivalent example for a GENERIC class price (cost_estimates.csv), not a BOM MPN"
FS32X106K500EGG,,LCSC,C381467,150,0.1915,USD,36053,2026-10-04,https://www.lcsc.com/product-detail/C381467.html,"read via jlcsearch.tscircuit.com mirror of LCSC catalogue; typical-equivalent example for a GENERIC class price (cost_estimates.csv), not a BOM MPN"
FS32X106K500EGG,,LCSC,C381467,1000,0.1644,USD,36053,2026-10-04,https://www.lcsc.com/product-detail/C381467.html,"read via jlcsearch.tscircuit.com mirror of LCSC catalogue; typical-equivalent example for a GENERIC class price (cost_estimates.csv), not a BOM MPN"
FS32X106K500EGG,,LCSC,C381467,2000,0.1544,USD,36053,2026-10-04,https://www.lcsc.com/product-detail/C381467.html,"read via jlcsearch.tscircuit.com mirror of LCSC catalogue; typical-equivalent example for a GENERIC class price (cost_estimates.csv), not a BOM MPN"
FS32X106K500EGG,,LCSC,C381467,5000,0.1486,USD,36053,2026-10-04,https://www.lcsc.com/product-detail/C381467.html,"read via jlcsearch.tscircuit.com mirror of LCSC catalogue; typical-equivalent example for a GENERIC class price (cost_estimates.csv), not a BOM MPN"
FV43X223K202EGG,,LCSC,C5290328,1,0.3359,USD,1257,2026-10-04,https://www.lcsc.com/product-detail/C5290328.html,"read via jlcsearch.tscircuit.com mirror of LCSC catalogue; typical-equivalent example for a GENERIC class price (cost_estimates.csv), not a BOM MPN"
FV43X223K202EGG,,LCSC,C5290328,50,0.275,USD,1257,2026-10-04,https://www.lcsc.com/product-detail/C5290328.html,"read via jlcsearch.tscircuit.com mirror of LCSC catalogue; typical-equivalent example for a GENERIC class price (cost_estimates.csv), not a BOM MPN"
FV43X223K202EGG,,LCSC,C5290328,150,0.249,USD,1257,2026-10-04,https://www.lcsc.com/product-detail/C5290328.html,"read via jlcsearch.tscircuit.com mirror of LCSC catalogue; typical-equivalent example for a GENERIC class price (cost_estimates.csv), not a BOM MPN"
FV43X223K202EGG,,LCSC,C5290328,500,0.2164,USD,1257,2026-10-04,https://www.lcsc.com/product-detail/C5290328.html,"read via jlcsearch.tscircuit.com mirror of LCSC catalogue; typical-equivalent example for a GENERIC class price (cost_estimates.csv), not a BOM MPN"
FV43X223K202EGG,,LCSC,C5290328,2500,0.2019,USD,1257,2026-10-04,https://www.lcsc.com/product-detail/C5290328.html,"read via jlcsearch.tscircuit.com mirror of LCSC catalogue; typical-equivalent example for a GENERIC class price (cost_estimates.csv), not a BOM MPN"
FV43X223K202EGG,,LCSC,C5290328,5000,0.1933,USD,1257,2026-10-04,https://www.lcsc.com/product-detail/C5290328.html,"read via jlcsearch.tscircuit.com mirror of LCSC catalogue; typical-equivalent example for a GENERIC class price (cost_estimates.csv), not a BOM MPN"
FV55N472J202EGG,,LCSC,C1021538,1,1.038,USD,389,2026-10-04,https://www.lcsc.com/product-detail/C1021538.html,"read via jlcsearch.tscircuit.com mirror of LCSC catalogue; typical-equivalent example for a GENERIC class price (cost_estimates.csv), not a BOM MPN"
FV55N472J202EGG,,LCSC,C1021538,10,0.8688,USD,389,2026-10-04,https://www.lcsc.com/product-detail/C1021538.html,"read via jlcsearch.tscircuit.com mirror of LCSC catalogue; typical-equivalent example for a GENERIC class price (cost_estimates.csv), not a BOM MPN"
FV55N472J202EGG,,LCSC,C1021538,30,0.7858,USD,389,2026-10-04,https://www.lcsc.com/product-detail/C1021538.html,"read via jlcsearch.tscircuit.com mirror of LCSC catalogue; typical-equivalent example for a GENERIC class price (cost_estimates.csv), not a BOM MPN"
FV55N472J202EGG,,LCSC,C1021538,100,0.7012,USD,389,2026-10-04,https://www.lcsc.com/product-detail/C1021538.html,"read via jlcsearch.tscircuit.com mirror of LCSC catalogue; typical-equivalent example for a GENERIC class price (cost_estimates.csv), not a BOM MPN"
FV55N472J202EGG,,LCSC,C1021538,500,0.6508,USD,389,2026-10-04,https://www.lcsc.com/product-detail/C1021538.html,"read via jlcsearch.tscircuit.com mirror of LCSC catalogue; typical-equivalent example for a GENERIC class price (cost_estimates.csv), not a BOM MPN"
FV55N472J202EGG,,LCSC,C1021538,1000,0.6248,USD,389,2026-10-04,https://www.lcsc.com/product-detail/C1021538.html,"read via jlcsearch.tscircuit.com mirror of LCSC catalogue; typical-equivalent example for a GENERIC class price (cost_estimates.csv), not a BOM MPN"
FRH0603B1002TS,,LCSC,C5126214,1,0.0062,USD,501359,2026-10-04,https://www.lcsc.com/product-detail/C5126214.html,"read via jlcsearch.tscircuit.com mirror of LCSC catalogue; typical-equivalent example for a GENERIC class price (cost_estimates.csv), not a BOM MPN"
FRH0603B1002TS,,LCSC,C5126214,1000,0.0049,USD,501359,2026-10-04,https://www.lcsc.com/product-detail/C5126214.html,"read via jlcsearch.tscircuit.com mirror of LCSC catalogue; typical-equivalent example for a GENERIC class price (cost_estimates.csv), not a BOM MPN"
FRH0603B1002TS,,LCSC,C5126214,5000,0.0039,USD,501359,2026-10-04,https://www.lcsc.com/product-detail/C5126214.html,"read via jlcsearch.tscircuit.com mirror of LCSC catalogue; typical-equivalent example for a GENERIC class price (cost_estimates.csv), not a BOM MPN"
FRH0603B1002TS,,LCSC,C5126214,10000,0.0035,USD,501359,2026-10-04,https://www.lcsc.com/product-detail/C5126214.html,"read via jlcsearch.tscircuit.com mirror of LCSC catalogue; typical-equivalent example for a GENERIC class price (cost_estimates.csv), not a BOM MPN"
FRH0603B1002TS,,LCSC,C5126214,50000,0.0033,USD,501359,2026-10-04,https://www.lcsc.com/product-detail/C5126214.html,"read via jlcsearch.tscircuit.com mirror of LCSC catalogue; typical-equivalent example for a GENERIC class price (cost_estimates.csv), not a BOM MPN"
FRH0603B1002TS,,LCSC,C5126214,100000,0.0032,USD,501359,2026-10-04,https://www.lcsc.com/product-detail/C5126214.html,"read via jlcsearch.tscircuit.com mirror of LCSC catalogue; typical-equivalent example for a GENERIC class price (cost_estimates.csv), not a BOM MPN"
ERA3AEB103V,,LCSC,C190610,1,0.0777,USD,202488,2026-10-04,https://www.lcsc.com/product-detail/C190610.html,"read via jlcsearch.tscircuit.com mirror of LCSC catalogue; typical-equivalent example for a GENERIC class price (cost_estimates.csv), not a BOM MPN"
ERA3AEB103V,,LCSC,C190610,100,0.0635,USD,202488,2026-10-04,https://www.lcsc.com/product-detail/C190610.html,"read via jlcsearch.tscircuit.com mirror of LCSC catalogue; typical-equivalent example for a GENERIC class price (cost_estimates.csv), not a BOM MPN"
ERA3AEB103V,,LCSC,C190610,300,0.0565,USD,202488,2026-10-04,https://www.lcsc.com/product-detail/C190610.html,"read via jlcsearch.tscircuit.com mirror of LCSC catalogue; typical-equivalent example for a GENERIC class price (cost_estimates.csv), not a BOM MPN"
ERA3AEB103V,,LCSC,C190610,1000,0.0513,USD,202488,2026-10-04,https://www.lcsc.com/product-detail/C190610.html,"read via jlcsearch.tscircuit.com mirror of LCSC catalogue; typical-equivalent example for a GENERIC class price (cost_estimates.csv), not a BOM MPN"
ERA3AEB103V,,LCSC,C190610,5000,0.041,USD,202488,2026-10-04,https://www.lcsc.com/product-detail/C190610.html,"read via jlcsearch.tscircuit.com mirror of LCSC catalogue; typical-equivalent example for a GENERIC class price (cost_estimates.csv), not a BOM MPN"
ERA3AEB103V,,LCSC,C190610,10000,0.0389,USD,202488,2026-10-04,https://www.lcsc.com/product-detail/C190610.html,"read via jlcsearch.tscircuit.com mirror of LCSC catalogue; typical-equivalent example for a GENERIC class price (cost_estimates.csv), not a BOM MPN"
FRC0603F1002TS,,LCSC,C2906982,1,0.0038,USD,10334802,2026-10-04,https://www.lcsc.com/product-detail/C2906982.html,"read via jlcsearch.tscircuit.com mirror of LCSC catalogue; typical-equivalent example for a GENERIC class price (cost_estimates.csv), not a BOM MPN"
FRC0603F1002TS,,LCSC,C2906982,1000,0.0033,USD,10334802,2026-10-04,https://www.lcsc.com/product-detail/C2906982.html,"read via jlcsearch.tscircuit.com mirror of LCSC catalogue; typical-equivalent example for a GENERIC class price (cost_estimates.csv), not a BOM MPN"
FRC0603F1002TS,,LCSC,C2906982,5000,0.003,USD,10334802,2026-10-04,https://www.lcsc.com/product-detail/C2906982.html,"read via jlcsearch.tscircuit.com mirror of LCSC catalogue; typical-equivalent example for a GENERIC class price (cost_estimates.csv), not a BOM MPN"
FRC0603F1002TS,,LCSC,C2906982,10000,0.0029,USD,10334802,2026-10-04,https://www.lcsc.com/product-detail/C2906982.html,"read via jlcsearch.tscircuit.com mirror of LCSC catalogue; typical-equivalent example for a GENERIC class price (cost_estimates.csv), not a BOM MPN"
FRC0603F1002TS,,LCSC,C2906982,50000,0.0028,USD,10334802,2026-10-04,https://www.lcsc.com/product-detail/C2906982.html,"read via jlcsearch.tscircuit.com mirror of LCSC catalogue; typical-equivalent example for a GENERIC class price (cost_estimates.csv), not a BOM MPN"
FRC0603F1002TS,,LCSC,C2906982,50200,0.0028,USD,10334802,2026-10-04,https://www.lcsc.com/product-detail/C2906982.html,"read via jlcsearch.tscircuit.com mirror of LCSC catalogue; typical-equivalent example for a GENERIC class price (cost_estimates.csv), not a BOM MPN"
0805W8F976JT5E,,LCSC,C17878,1,0.0022,USD,4965,2026-10-04,https://www.lcsc.com/product-detail/C17878.html,"read via jlcsearch.tscircuit.com mirror of LCSC catalogue; typical-equivalent example for a GENERIC class price (cost_estimates.csv), not a BOM MPN"
0805W8F976JT5E,,LCSC,C17878,1000,0.0018,USD,4965,2026-10-04,https://www.lcsc.com/product-detail/C17878.html,"read via jlcsearch.tscircuit.com mirror of LCSC catalogue; typical-equivalent example for a GENERIC class price (cost_estimates.csv), not a BOM MPN"
0805W8F976JT5E,,LCSC,C17878,5000,0.0015,USD,4965,2026-10-04,https://www.lcsc.com/product-detail/C17878.html,"read via jlcsearch.tscircuit.com mirror of LCSC catalogue; typical-equivalent example for a GENERIC class price (cost_estimates.csv), not a BOM MPN"
0805W8F976JT5E,,LCSC,C17878,10000,0.0014,USD,4965,2026-10-04,https://www.lcsc.com/product-detail/C17878.html,"read via jlcsearch.tscircuit.com mirror of LCSC catalogue; typical-equivalent example for a GENERIC class price (cost_estimates.csv), not a BOM MPN"
0805W8F976JT5E,,LCSC,C17878,50000,0.0013,USD,4965,2026-10-04,https://www.lcsc.com/product-detail/C17878.html,"read via jlcsearch.tscircuit.com mirror of LCSC catalogue; typical-equivalent example for a GENERIC class price (cost_estimates.csv), not a BOM MPN"
0805W8F976JT5E,,LCSC,C17878,50200,0.0013,USD,4965,2026-10-04,https://www.lcsc.com/product-detail/C17878.html,"read via jlcsearch.tscircuit.com mirror of LCSC catalogue; typical-equivalent example for a GENERIC class price (cost_estimates.csv), not a BOM MPN"
RT1206BRD0720RL,,LCSC,C784588,1,0.0713,USD,74845,2026-10-04,https://www.lcsc.com/product-detail/C784588.html,"read via jlcsearch.tscircuit.com mirror of LCSC catalogue; typical-equivalent example for a GENERIC class price (cost_estimates.csv), not a BOM MPN"
RT1206BRD0720RL,,LCSC,C784588,100,0.0615,USD,74845,2026-10-04,https://www.lcsc.com/product-detail/C784588.html,"read via jlcsearch.tscircuit.com mirror of LCSC catalogue; typical-equivalent example for a GENERIC class price (cost_estimates.csv), not a BOM MPN"
RT1206BRD0720RL,,LCSC,C784588,300,0.0567,USD,74845,2026-10-04,https://www.lcsc.com/product-detail/C784588.html,"read via jlcsearch.tscircuit.com mirror of LCSC catalogue; typical-equivalent example for a GENERIC class price (cost_estimates.csv), not a BOM MPN"
RT1206BRD0720RL,,LCSC,C784588,1000,0.0531,USD,74845,2026-10-04,https://www.lcsc.com/product-detail/C784588.html,"read via jlcsearch.tscircuit.com mirror of LCSC catalogue; typical-equivalent example for a GENERIC class price (cost_estimates.csv), not a BOM MPN"
RT1206BRD0720RL,,LCSC,C784588,5000,0.0502,USD,74845,2026-10-04,https://www.lcsc.com/product-detail/C784588.html,"read via jlcsearch.tscircuit.com mirror of LCSC catalogue; typical-equivalent example for a GENERIC class price (cost_estimates.csv), not a BOM MPN"
RT1206BRD0720RL,,LCSC,C784588,10000,0.0487,USD,74845,2026-10-04,https://www.lcsc.com/product-detail/C784588.html,"read via jlcsearch.tscircuit.com mirror of LCSC catalogue; typical-equivalent example for a GENERIC class price (cost_estimates.csv), not a BOM MPN"
WR12X1581FTL,,LCSC,C305316,1,0.0043,USD,2010,2026-10-04,https://www.lcsc.com/product-detail/C305316.html,"read via jlcsearch.tscircuit.com mirror of LCSC catalogue; typical-equivalent example for a GENERIC class price (cost_estimates.csv), not a BOM MPN"
WR12X1581FTL,,LCSC,C305316,1000,0.0032,USD,2010,2026-10-04,https://www.lcsc.com/product-detail/C305316.html,"read via jlcsearch.tscircuit.com mirror of LCSC catalogue; typical-equivalent example for a GENERIC class price (cost_estimates.csv), not a BOM MPN"
WR12X1581FTL,,LCSC,C305316,5000,0.0023,USD,2010,2026-10-04,https://www.lcsc.com/product-detail/C305316.html,"read via jlcsearch.tscircuit.com mirror of LCSC catalogue; typical-equivalent example for a GENERIC class price (cost_estimates.csv), not a BOM MPN"
WR12X1581FTL,,LCSC,C305316,10000,0.0021,USD,2010,2026-10-04,https://www.lcsc.com/product-detail/C305316.html,"read via jlcsearch.tscircuit.com mirror of LCSC catalogue; typical-equivalent example for a GENERIC class price (cost_estimates.csv), not a BOM MPN"
WR12X1581FTL,,LCSC,C305316,50000,0.0017,USD,2010,2026-10-04,https://www.lcsc.com/product-detail/C305316.html,"read via jlcsearch.tscircuit.com mirror of LCSC catalogue; typical-equivalent example for a GENERIC class price (cost_estimates.csv), not a BOM MPN"
WR12X1581FTL,,LCSC,C305316,50200,0.0017,USD,2010,2026-10-04,https://www.lcsc.com/product-detail/C305316.html,"read via jlcsearch.tscircuit.com mirror of LCSC catalogue; typical-equivalent example for a GENERIC class price (cost_estimates.csv), not a BOM MPN"
HP06W2F100JT5E,,LCSC,C2759213,1,0.0117,USD,9798,2026-10-04,https://www.lcsc.com/product-detail/C2759213.html,"read via jlcsearch.tscircuit.com mirror of LCSC catalogue; typical-equivalent example for a GENERIC class price (cost_estimates.csv), not a BOM MPN"
HP06W2F100JT5E,,LCSC,C2759213,200,0.0101,USD,9798,2026-10-04,https://www.lcsc.com/product-detail/C2759213.html,"read via jlcsearch.tscircuit.com mirror of LCSC catalogue; typical-equivalent example for a GENERIC class price (cost_estimates.csv), not a BOM MPN"
HP06W2F100JT5E,,LCSC,C2759213,600,0.0092,USD,9798,2026-10-04,https://www.lcsc.com/product-detail/C2759213.html,"read via jlcsearch.tscircuit.com mirror of LCSC catalogue; typical-equivalent example for a GENERIC class price (cost_estimates.csv), not a BOM MPN"
HP06W2F100JT5E,,LCSC,C2759213,5000,0.0085,USD,9798,2026-10-04,https://www.lcsc.com/product-detail/C2759213.html,"read via jlcsearch.tscircuit.com mirror of LCSC catalogue; typical-equivalent example for a GENERIC class price (cost_estimates.csv), not a BOM MPN"
HP06W2F100JT5E,,LCSC,C2759213,10000,0.0081,USD,9798,2026-10-04,https://www.lcsc.com/product-detail/C2759213.html,"read via jlcsearch.tscircuit.com mirror of LCSC catalogue; typical-equivalent example for a GENERIC class price (cost_estimates.csv), not a BOM MPN"
HP06W2F100JT5E,,LCSC,C2759213,20000,0.0078,USD,9798,2026-10-04,https://www.lcsc.com/product-detail/C2759213.html,"read via jlcsearch.tscircuit.com mirror of LCSC catalogue; typical-equivalent example for a GENERIC class price (cost_estimates.csv), not a BOM MPN"
FRC2010F2201TS,,LCSC,C7467392,1,0.0169,USD,13310,2026-10-04,https://www.lcsc.com/product-detail/C7467392.html,"read via jlcsearch.tscircuit.com mirror of LCSC catalogue; typical-equivalent example for a GENERIC class price (cost_estimates.csv), not a BOM MPN"
FRC2010F2201TS,,LCSC,C7467392,500,0.0136,USD,13310,2026-10-04,https://www.lcsc.com/product-detail/C7467392.html,"read via jlcsearch.tscircuit.com mirror of LCSC catalogue; typical-equivalent example for a GENERIC class price (cost_estimates.csv), not a BOM MPN"
FRC2010F2201TS,,LCSC,C7467392,1500,0.0117,USD,13310,2026-10-04,https://www.lcsc.com/product-detail/C7467392.html,"read via jlcsearch.tscircuit.com mirror of LCSC catalogue; typical-equivalent example for a GENERIC class price (cost_estimates.csv), not a BOM MPN"
FRC2010F2201TS,,LCSC,C7467392,4000,0.0106,USD,13310,2026-10-04,https://www.lcsc.com/product-detail/C7467392.html,"read via jlcsearch.tscircuit.com mirror of LCSC catalogue; typical-equivalent example for a GENERIC class price (cost_estimates.csv), not a BOM MPN"
FRC2010F2201TS,,LCSC,C7467392,24000,0.0096,USD,13310,2026-10-04,https://www.lcsc.com/product-detail/C7467392.html,"read via jlcsearch.tscircuit.com mirror of LCSC catalogue; typical-equivalent example for a GENERIC class price (cost_estimates.csv), not a BOM MPN"
FRC2010F2201TS,,LCSC,C7467392,48000,0.0091,USD,13310,2026-10-04,https://www.lcsc.com/product-detail/C7467392.html,"read via jlcsearch.tscircuit.com mirror of LCSC catalogue; typical-equivalent example for a GENERIC class price (cost_estimates.csv), not a BOM MPN"
FRC2512F4702TS,,LCSC,C2934076,1,0.0384,USD,9295,2026-10-04,https://www.lcsc.com/product-detail/C2934076.html,"read via jlcsearch.tscircuit.com mirror of LCSC catalogue; typical-equivalent example for a GENERIC class price (cost_estimates.csv), not a BOM MPN"
FRC2512F4702TS,,LCSC,C2934076,200,0.0331,USD,9295,2026-10-04,https://www.lcsc.com/product-detail/C2934076.html,"read via jlcsearch.tscircuit.com mirror of LCSC catalogue; typical-equivalent example for a GENERIC class price (cost_estimates.csv), not a BOM MPN"
FRC2512F4702TS,,LCSC,C2934076,600,0.03,USD,9295,2026-10-04,https://www.lcsc.com/product-detail/C2934076.html,"read via jlcsearch.tscircuit.com mirror of LCSC catalogue; typical-equivalent example for a GENERIC class price (cost_estimates.csv), not a BOM MPN"
FRC2512F4702TS,,LCSC,C2934076,4000,0.0258,USD,9295,2026-10-04,https://www.lcsc.com/product-detail/C2934076.html,"read via jlcsearch.tscircuit.com mirror of LCSC catalogue; typical-equivalent example for a GENERIC class price (cost_estimates.csv), not a BOM MPN"
FRC2512F4702TS,,LCSC,C2934076,8000,0.0241,USD,9295,2026-10-04,https://www.lcsc.com/product-detail/C2934076.html,"read via jlcsearch.tscircuit.com mirror of LCSC catalogue; typical-equivalent example for a GENERIC class price (cost_estimates.csv), not a BOM MPN"
FRC2512F4702TS,,LCSC,C2934076,20000,0.0233,USD,9295,2026-10-04,https://www.lcsc.com/product-detail/C2934076.html,"read via jlcsearch.tscircuit.com mirror of LCSC catalogue; typical-equivalent example for a GENERIC class price (cost_estimates.csv), not a BOM MPN"
RPL-12K10R0FT,,LCSC,C2991665,1,0.2244,USD,148984,2026-10-04,https://www.lcsc.com/product-detail/C2991665.html,"read via jlcsearch.tscircuit.com mirror of LCSC catalogue; typical-equivalent example for a GENERIC class price (cost_estimates.csv), not a BOM MPN"
RPL-12K10R0FT,,LCSC,C2991665,50,0.1883,USD,148984,2026-10-04,https://www.lcsc.com/product-detail/C2991665.html,"read via jlcsearch.tscircuit.com mirror of LCSC catalogue; typical-equivalent example for a GENERIC class price (cost_estimates.csv), not a BOM MPN"
RPL-12K10R0FT,,LCSC,C2991665,150,0.1705,USD,148984,2026-10-04,https://www.lcsc.com/product-detail/C2991665.html,"read via jlcsearch.tscircuit.com mirror of LCSC catalogue; typical-equivalent example for a GENERIC class price (cost_estimates.csv), not a BOM MPN"
RPL-12K10R0FT,,LCSC,C2991665,500,0.1548,USD,148984,2026-10-04,https://www.lcsc.com/product-detail/C2991665.html,"read via jlcsearch.tscircuit.com mirror of LCSC catalogue; typical-equivalent example for a GENERIC class price (cost_estimates.csv), not a BOM MPN"
RPL-12K10R0FT,,LCSC,C2991665,2500,0.1504,USD,148984,2026-10-04,https://www.lcsc.com/product-detail/C2991665.html,"read via jlcsearch.tscircuit.com mirror of LCSC catalogue; typical-equivalent example for a GENERIC class price (cost_estimates.csv), not a BOM MPN"
RPL-12K10R0FT,,LCSC,C2991665,4000,0.1478,USD,148984,2026-10-04,https://www.lcsc.com/product-detail/C2991665.html,"read via jlcsearch.tscircuit.com mirror of LCSC catalogue; typical-equivalent example for a GENERIC class price (cost_estimates.csv), not a BOM MPN"
SMM02040C1001FB000,,LCSC,C1855852,1,0.048,USD,51307,2026-10-04,https://www.lcsc.com/product-detail/C1855852.html,"read via jlcsearch.tscircuit.com mirror of LCSC catalogue; typical-equivalent example for a GENERIC class price (cost_estimates.csv), not a BOM MPN"
SMM02040C1001FB000,,LCSC,C1855852,100,0.0388,USD,51307,2026-10-04,https://www.lcsc.com/product-detail/C1855852.html,"read via jlcsearch.tscircuit.com mirror of LCSC catalogue; typical-equivalent example for a GENERIC class price (cost_estimates.csv), not a BOM MPN"
SMM02040C1001FB000,,LCSC,C1855852,300,0.0341,USD,51307,2026-10-04,https://www.lcsc.com/product-detail/C1855852.html,"read via jlcsearch.tscircuit.com mirror of LCSC catalogue; typical-equivalent example for a GENERIC class price (cost_estimates.csv), not a BOM MPN"
SMM02040C1001FB000,,LCSC,C1855852,1000,0.0295,USD,51307,2026-10-04,https://www.lcsc.com/product-detail/C1855852.html,"read via jlcsearch.tscircuit.com mirror of LCSC catalogue; typical-equivalent example for a GENERIC class price (cost_estimates.csv), not a BOM MPN"
SMM02040C1001FB000,,LCSC,C1855852,5000,0.0267,USD,51307,2026-10-04,https://www.lcsc.com/product-detail/C1855852.html,"read via jlcsearch.tscircuit.com mirror of LCSC catalogue; typical-equivalent example for a GENERIC class price (cost_estimates.csv), not a BOM MPN"
SMM02040C1001FB000,,LCSC,C1855852,10000,0.0253,USD,51307,2026-10-04,https://www.lcsc.com/product-detail/C1855852.html,"read via jlcsearch.tscircuit.com mirror of LCSC catalogue; typical-equivalent example for a GENERIC class price (cost_estimates.csv), not a BOM MPN"
C3M0032120K,Wolfspeed,LCSC via jlcsearch mirror,C5588741,1,20.05,USD,3,2026-10-04,https://jlcsearch.tscircuit.com/mosfets/list.json?package=TO-247-4,"reference device of the 3-level PV study (pv_tradeoff B), for comparison"
VS-60EPS16-M3,Vishay,LCSC,C506457,1,4.98,USD,36,2026-10-04,https://www.lcsc.com/product-detail/C506457.html,incumbent PV clamp rectifier; read from the lcsc.com product page (WebFetch); jlcsearch mirror (JLCPCB cache) showed 51 pcs and USD 5.2337 (1-9) / 2.9496 (1000+)
VS-60EPS16-M3,Vishay,LCSC,C506457,10,4.297,USD,36,2026-10-04,https://www.lcsc.com/product-detail/C506457.html,incumbent PV clamp rectifier; lcsc.com product page (unit = tier total / qty)
VS-60EPS16-M3,Vishay,LCSC,C506457,30,3.359,USD,36,2026-10-04,https://www.lcsc.com/product-detail/C506457.html,incumbent PV clamp rectifier; lcsc.com product page (unit = tier total / qty)
VS-60EPS16-M3,Vishay,LCSC,C506457,100,2.9483,USD,36,2026-10-04,https://www.lcsc.com/product-detail/C506457.html,incumbent PV clamp rectifier; lcsc.com product page (unit = tier total / qty)
VS-60EPS16-M3,Vishay,LCSC,C506457,500,2.7594,USD,36,2026-10-04,https://www.lcsc.com/product-detail/C506457.html,incumbent PV clamp rectifier; lcsc.com product page (unit = tier total / qty)
VS-60EPS16-M3,Vishay,LCSC,C506457,1000,2.674,USD,36,2026-10-04,https://www.lcsc.com/product-detail/C506457.html,incumbent PV clamp rectifier; lcsc.com product page (unit = tier total / qty)
DD600N16KHPSA3,Infineon Technologies Bipolar,RS Components (AU),145-8859,2,488.56,AUD,,2026-10-04,https://au.rs-online.com/web/p/schottky-diodes-rectifiers/1458859,"incumbent DAB clamp module; NOT verified - read from a web-search snippet (RS returns 403 to direct fetch); currency assumed AUD from the .au site, GST status unknown; 2-8 pcs tier, tray of 2"
DD600N16KHPSA3,Infineon Technologies Bipolar,RS Components (AU),145-8859,10,439.70,AUD,,2026-10-04,https://au.rs-online.com/web/p/schottky-diodes-rectifiers/1458859,incumbent DAB clamp module; NOT verified - web-search snippet of the RS page (403 to direct fetch); 10+ tier
DD600N16KHPSA3,Infineon Technologies Bipolar,RS Components (SG),145-8859,2,464.68,SGD,,2026-10-04,https://sg.rs-online.com/web/p/schottky-diodes-rectifiers/1458859,incumbent DAB clamp module; NOT verified - web-search snippet of the RS page (403 to direct fetch)
DD600N16KHPSA3,Infineon Technologies Bipolar,Cytech Systems (broker),DD600N16KHPSA3,1,440.86,USD,0,2026-10-04,https://www.cytechsystems.com/product/dd600n16khpsa3,"incumbent DAB clamp module; broker reference price ('only for reference, send RFQ'), 0 in stock; 10+ USD 414.40, 100+ USD 392.36"
ESTF60SS160US,MASPOWER,LCSC,C19724679,1,1.0906,USD,31,2026-10-04,https://www.lcsc.com/product-detail/C19724679.html,rejected (20 mA leakage at 25 C); lcsc.com product page; jlcsearch mirror shows USD 1.9847 (1-9)
ESTF60SS160US,MASPOWER,LCSC,C19724679,10,1.066,USD,31,2026-10-04,https://www.lcsc.com/product-detail/C19724679.html,rejected; lcsc.com product page
ESTF60SS160US,MASPOWER,LCSC,C19724679,30,1.0003,USD,31,2026-10-04,https://www.lcsc.com/product-detail/C19724679.html,rejected; lcsc.com product page
ESTF60SS160US,MASPOWER,LCSC,C19724679,90,0.9839,USD,31,2026-10-04,https://www.lcsc.com/product-detail/C19724679.html,rejected; lcsc.com product page
PGR6016PT_T0_00301,PANJIT,DigiKey,PGR6016PT_T0_00301,1,3.34,USD,1490,2026-10-04,https://www.digikey.com/en/products/result?keywords=PGR6016PT,"NOT verified - from a web-search snippet (DigiKey returns 403 to direct fetch); snippet gives USD 0.9554 at the top volume tier, quantity not shown"
YJD112020NGG2,Yangjie,LCSC,C20605598,1,5.6208,USD,265,2026-10-04,https://www.lcsc.com/product-detail/C20605598.html,"1200 V 20 A SiC SBD; lcsc.com product page; jlcsearch mirror showed 360 pcs, USD 6.1493 (1-9)"
YJD112020NGG2,Yangjie,LCSC,C20605598,10,4.8297,USD,265,2026-10-04,https://www.lcsc.com/product-detail/C20605598.html,1200 V 20 A SiC SBD; lcsc.com product page
YJD112020NGG2,Yangjie,LCSC,C20605598,36,4.3482,USD,265,2026-10-04,https://www.lcsc.com/product-detail/C20605598.html,1200 V 20 A SiC SBD; lcsc.com product page
YJD112020NGG2,Yangjie,LCSC,C20605598,108,3.9437,USD,265,2026-10-04,https://www.lcsc.com/product-detail/C20605598.html,1200 V 20 A SiC SBD; lcsc.com product page
YJD112040NQG2,Yangjie,LCSC,C20605605,1,5.82,USD,220,2026-10-04,https://www.lcsc.com/product-detail/C20605605.html,"1200 V 40 A SiC SBD; lcsc.com product page; jlcsearch mirror showed 280 pcs, USD 5.5098 (1-9)"
YJD112040NQG2,Yangjie,LCSC,C20605605,10,4.974,USD,220,2026-10-04,https://www.lcsc.com/product-detail/C20605605.html,1200 V 40 A SiC SBD; lcsc.com product page (unit = tier total / qty)
YJD112040NQG2,Yangjie,LCSC,C20605605,30,4.4727,USD,220,2026-10-04,https://www.lcsc.com/product-detail/C20605605.html,1200 V 40 A SiC SBD; lcsc.com product page (unit = tier total / qty)
YJD112040NQG2,Yangjie,LCSC,C20605605,90,3.965,USD,220,2026-10-04,https://www.lcsc.com/product-detail/C20605605.html,1200 V 40 A SiC SBD; lcsc.com product page (unit = tier total / qty)
YJD112040NQG2,Yangjie,LCSC,C20605605,510,3.7308,USD,220,2026-10-04,https://www.lcsc.com/product-detail/C20605605.html,1200 V 40 A SiC SBD; lcsc.com product page (unit = tier total / qty)
YJD112040NQG2,Yangjie,LCSC,C20605605,990,3.626,USD,220,2026-10-04,https://www.lcsc.com/product-detail/C20605605.html,1200 V 40 A SiC SBD; lcsc.com product page (unit = tier total / qty)
PMEG4010CEJ,Nexperia,LCSC,C50704,1,0.5873,USD,51,2026-10-04,https://www.lcsc.com/product-detail/C50704.html,"read via jlcsearch.tscircuit.com mirror by C-number (C-number found by web search of lcsc.com); LCSC mfr part 'PMEG4010CEJ,115'; same device, LCSC lists the packaging ordering code"
PMEG4010CEJ,Nexperia,LCSC,C50704,10,0.4653,USD,51,2026-10-04,https://www.lcsc.com/product-detail/C50704.html,"read via jlcsearch.tscircuit.com mirror by C-number (C-number found by web search of lcsc.com); LCSC mfr part 'PMEG4010CEJ,115'; same device, LCSC lists the packaging ordering code"
PMEG4010CEJ,Nexperia,LCSC,C50704,30,0.4133,USD,51,2026-10-04,https://www.lcsc.com/product-detail/C50704.html,"read via jlcsearch.tscircuit.com mirror by C-number (C-number found by web search of lcsc.com); LCSC mfr part 'PMEG4010CEJ,115'; same device, LCSC lists the packaging ordering code"
PMEG4010CEJ,Nexperia,LCSC,C50704,100,0.3498,USD,51,2026-10-04,https://www.lcsc.com/product-detail/C50704.html,"read via jlcsearch.tscircuit.com mirror by C-number (C-number found by web search of lcsc.com); LCSC mfr part 'PMEG4010CEJ,115'; same device, LCSC lists the packaging ordering code"
PMEG4010CEJ,Nexperia,LCSC,C50704,500,0.3205,USD,51,2026-10-04,https://www.lcsc.com/product-detail/C50704.html,"read via jlcsearch.tscircuit.com mirror by C-number (C-number found by web search of lcsc.com); LCSC mfr part 'PMEG4010CEJ,115'; same device, LCSC lists the packaging ordering code"
PMEG4010CEJ,Nexperia,LCSC,C50704,1000,0.3026,USD,51,2026-10-04,https://www.lcsc.com/product-detail/C50704.html,"read via jlcsearch.tscircuit.com mirror by C-number (C-number found by web search of lcsc.com); LCSC mfr part 'PMEG4010CEJ,115'; same device, LCSC lists the packaging ordering code"
BSS126H6327XTSA2,Infineon,LCSC,C534596,1,0.1839,USD,4776,2026-10-04,https://www.lcsc.com/product-detail/C534596.html,"read via jlcsearch.tscircuit.com mirror by C-number (C-number found by web search of lcsc.com); LCSC mfr part 'BSS126H6327'; same device, LCSC lists the base type"
BSS126H6327XTSA2,Infineon,LCSC,C534596,50,0.1528,USD,4776,2026-10-04,https://www.lcsc.com/product-detail/C534596.html,"read via jlcsearch.tscircuit.com mirror by C-number (C-number found by web search of lcsc.com); LCSC mfr part 'BSS126H6327'; same device, LCSC lists the base type"
BSS126H6327XTSA2,Infineon,LCSC,C534596,150,0.1374,USD,4776,2026-10-04,https://www.lcsc.com/product-detail/C534596.html,"read via jlcsearch.tscircuit.com mirror by C-number (C-number found by web search of lcsc.com); LCSC mfr part 'BSS126H6327'; same device, LCSC lists the base type"
BSS126H6327XTSA2,Infineon,LCSC,C534596,500,0.1256,USD,4776,2026-10-04,https://www.lcsc.com/product-detail/C534596.html,"read via jlcsearch.tscircuit.com mirror by C-number (C-number found by web search of lcsc.com); LCSC mfr part 'BSS126H6327'; same device, LCSC lists the base type"
BSS126H6327XTSA2,Infineon,LCSC,C534596,3000,0.1164,USD,4776,2026-10-04,https://www.lcsc.com/product-detail/C534596.html,"read via jlcsearch.tscircuit.com mirror by C-number (C-number found by web search of lcsc.com); LCSC mfr part 'BSS126H6327'; same device, LCSC lists the base type"
BSS126H6327XTSA2,Infineon,LCSC,C534596,6000,0.1118,USD,4776,2026-10-04,https://www.lcsc.com/product-detail/C534596.html,"read via jlcsearch.tscircuit.com mirror by C-number (C-number found by web search of lcsc.com); LCSC mfr part 'BSS126H6327'; same device, LCSC lists the base type"
LA 150-P,LEM,LCSC product page (web-search snippet),C5891287,1,15.8069,USD,21,2026-10-04,https://www.lcsc.com/product-detail/Current-Sensors_LEM-LA150-P_C5891287.html,'priced from' value in the search result; breaks not shown; code not in the jlcsearch mirror
HOB 130-P,LEM,Mouser Singapore (web-search snippet; page blocked),HOB 130-P,1,26.77,USD,,2026-10-04,https://www.mouser.sg/c/?m=LEM&pg=5,single-unit price in the search result; volume discount exists but tiers not shown
C4AQUBU4220A1YJ,KEMET,DigiKey Austria (web-search snippet; page blocked),C4AQUBU4220A1YJ,1,2.49,EUR,418,2026-10-04,https://www.digikey.at/en/products/detail/kemet/C4AQUBU4220A1YJ/8345912,single-unit price; the result states a lowest tier of EUR 1.11865 without the quantity (not used)
C4AQUEW5450A3BJ,KEMET,Dasenic broker (web-search snippet),C4AQUEW5450A3BJ,1,20.22,USD,,2026-10-04,https://dasenic.com/product/kemet-c4aquew5450a3bj,"independent broker, not a franchised distributor"
C4AQUEW5450A3BJ,KEMET,Dasenic broker (web-search snippet),C4AQUEW5450A3BJ,10,14.88,USD,,2026-10-04,https://dasenic.com/product/kemet-c4aquew5450a3bj,independent broker
C4AQUEW5450A3BJ,KEMET,Dasenic broker (web-search snippet),C4AQUEW5450A3BJ,100,12.03,USD,,2026-10-04,https://dasenic.com/product/kemet-c4aquew5450a3bj,independent broker
C4AQUEW5450A3BJ,KEMET,Dasenic broker (web-search snippet),C4AQUEW5450A3BJ,500,10.87,USD,,2026-10-04,https://dasenic.com/product/kemet-c4aquew5450a3bj,"independent broker; a second tier list in the same result shows 50+ at 20.22 (inconsistent, not used)"
C4AQUEW5450A3BJ,KEMET,Nova Part broker (web-search snippet),C4AQUEW5450A3BJ,500,10.1,EUR,,2026-10-04,https://novapart.co/products/C4AQUEW5450A3BJ/cap-aec-q200-45uf-13kv-film-radial,"broker, EUR 10.10 per unit in packs of 500"
B88269X7340C011,TDK Electronics,DigiKey Switzerland (web-search snippet; page blocked),B88269X7340C011,1,89.28,CHF,29,2026-10-04,https://www.digikey.ch/en/products/detail/tdk/B88269X7340C011/25603874,single-unit price
B88269X7340C011,TDK Electronics,Cytech Systems (web-search snippet),B88269X7340C011,1,142.39,USD,,2026-10-04,https://www.cytechsystems.com/product/b88269x3350c11,reference pricing quoted in the search result
B88269X7340C011,TDK Electronics,Cytech Systems (web-search snippet),B88269X7340C011,10,133.85,USD,,2026-10-04,https://www.cytechsystems.com/product/b88269x3350c11,reference pricing quoted in the search result
B88269X7340C011,TDK Electronics,Cytech Systems (web-search snippet),B88269X7340C011,100,126.73,USD,,2026-10-04,https://www.cytechsystems.com/product/b88269x3350c11,reference pricing quoted in the search result
952515,DEHN,elektromax24.de webshop (web-search snippet),952515,1,172.75,EUR,,2026-10-04,https://www.elektromax24.de/dehn-ueberspannungsableiter-952515-dehnguard-dgm-ypv-sci1000fm,"German retailer, net price excl. VAT (EUR 205.57 incl. VAT)"
9GT1224P1S001,Sanyo Denki,RS Components UK (web-search snippet; page blocked),1854535,1,107.37,GBP,,2026-10-04,https://uk.rs-online.com/web/p/axial-fans/1854535,single-unit net price (GBP 128.84 incl. VAT); RS IE lists EUR 125.09 net
CSM2F-8518-L100J01,Bourns,DigiKey (web-search snippet; page blocked),9487207,1,30.1,USD,,2026-10-04,https://www.digikey.com/en/products/detail/bourns-inc/CSM2F-8518-L100J01/9487207,price tiers as quoted in the search result
CSM2F-8518-L100J01,Bourns,DigiKey (web-search snippet; page blocked),9487207,10,21.55,USD,,2026-10-04,https://www.digikey.com/en/products/detail/bourns-inc/CSM2F-8518-L100J01/9487207,price tiers as quoted in the search result
CSM2F-8518-L100J01,Bourns,DigiKey (web-search snippet; page blocked),9487207,25,19.24,USD,,2026-10-04,https://www.digikey.com/en/products/detail/bourns-inc/CSM2F-8518-L100J01/9487207,price tiers as quoted in the search result
CSM2F-8518-L100J01,Bourns,DigiKey (web-search snippet; page blocked),9487207,50,17.8,USD,,2026-10-04,https://www.digikey.com/en/products/detail/bourns-inc/CSM2F-8518-L100J01/9487207,price tiers as quoted in the search result
CSM2F-8518-L100J01,Bourns,DigiKey (web-search snippet; page blocked),9487207,100,16.57,USD,,2026-10-04,https://www.digikey.com/en/products/detail/bourns-inc/CSM2F-8518-L100J01/9487207,price tiers as quoted in the search result
DD600N16K,Infineon Technologies Bipolar,Cytech Systems (web-search snippet),DD600N16KHPSA3,1,440.86,USD,,2026-10-04,https://www.cytechsystems.com/product/dd600n16khpsa3,reference pricing for the HPSA3 ordering variant quoted in the search result
DD600N16K,Infineon Technologies Bipolar,Cytech Systems (web-search snippet),DD600N16KHPSA3,10,414.4,USD,,2026-10-04,https://www.cytechsystems.com/product/dd600n16khpsa3,reference pricing for the HPSA3 ordering variant quoted in the search result
DD600N16K,Infineon Technologies Bipolar,Cytech Systems (web-search snippet),DD600N16KHPSA3,100,392.36,USD,,2026-10-04,https://www.cytechsystems.com/product/dd600n16khpsa3,reference pricing for the HPSA3 ordering variant quoted in the search result
3405.0163.24,SCHURTER,Mouser (web-search snippet; page blocked),3405.0163.24,1,0.71,USD,,2026-10-04,https://www.mouser.com/c/?q=3405.0163.24,"single-unit price; 2000 pcs 0.62, 4000+ 0.606 (quantities above the cost-model cap)"
3405.0163.24,SCHURTER,Future Electronics (web-search snippet),3405.0163.24,2000,0.335,USD,,2026-10-04,https://www.futureelectronics.com/p/electromechanical--circuit-protection--fuse-holders/3405-0163-24-schurter-5050115,USD 0.33-0.34 at 2000+
VY1472M63Y5UQ63V0,Vishay,Future Electronics (web-search snippet),VY1472M63Y5UQ63V0,1,0.29,USD,,2026-10-04,https://futureelectronics.com/p/passives--capacitors--ceramic-capacitors--specialty-ceramic-capacitors/vy1472m63y5uq63v0-vishay-3157052,single-unit price
VY1472M63Y5UQ63V0,Vishay,RS Components UK (web-search snippet; page blocked),8523393,250,0.26,GBP,,2026-10-04,https://uk.rs-online.com/web/p/single-layer-ceramic-capacitors/8523393,250+ tier (GBP 0.64 at 1)
TNPV12061M00BEEA,Vishay,Farnell UK (web-search snippet; page blocked),2475097,1,0.777,GBP,,2026-10-04,https://uk.farnell.com/vishay/tnpv12061m00been/res-1m-0-1-0-25w-1206-thin-film/dp/2475097,single-unit price of the -BEEN reel variant
50ZLH1000MEFC16X25,Rubycon,RS Components UK (web-search snippet; page blocked),7037589,2,1.11,GBP,,2026-10-04,https://uk.rs-online.com/web/p/aluminium-capacitors/7037589,2-48 pcs tier
50ZLH1000MEFC16X25,Rubycon,RS Components UK (web-search snippet; page blocked),7037589,500,0.805,GBP,,2026-10-04,https://uk.rs-online.com/web/p/aluminium-capacitors/7037589,"500+ tier (the result also quotes 0.522 for 600+, not used)"
7499010211A,Wurth Elektronik,DigiKey (web-search snippet; page blocked),4031600,1,8.26,USD,,2026-10-04,https://azcus.digikey.com/en/products/detail/w%C3%BCrth-elektronik/7499010211A/4031600,"tiers in the result: 10 pcs 8.12, 1000 pcs 5.80"
7499010211A,Wurth Elektronik,DigiKey (web-search snippet; page blocked),4031600,10,8.12,USD,,2026-10-04,https://azcus.digikey.com/en/products/detail/w%C3%BCrth-elektronik/7499010211A/4031600,
7499010211A,Wurth Elektronik,DigiKey (web-search snippet; page blocked),4031600,1000,5.8,USD,,2026-10-04,https://azcus.digikey.com/en/products/detail/w%C3%BCrth-elektronik/7499010211A/4031600,
1803293,Phoenix Contact,Rapid Electronics UK (web-search snippet),52-3759,1,0.757,GBP,,2026-10-04,https://rapidonline.com/52-3759,"tiers: 50+ 0.729, 100+ 0.684"
1803293,Phoenix Contact,Rapid Electronics UK (web-search snippet),52-3759,100,0.684,GBP,,2026-10-04,https://rapidonline.com/52-3759,
1803293,Phoenix Contact,Farnell Poland (web-search snippet; page blocked),3704749,1000,5.19,PLN,,2026-10-04,https://pl.farnell.com/en-PL/phoenix-contact/mc-1-5-4-g-3-81/connector-header-tht-ra-3-81mm/dp/3704749,1000+ tier (PLN 7.89 at 1+)
61202621621,Wurth Elektronik,Farnell Japan (web-search snippet; page blocked),1642022,1,158.5,JPY,,2026-10-04,https://jp.farnell.com/en-JP/wurth-elektronik/61202621621/header-2-54mm-26way/dp/1642022,single-unit price
760390014,Wurth Elektronik,Mouser (web-search snippet; page blocked),760390014,1,2.02,USD,11000,2026-10-04,https://www.mouser.com/c/?q=760390014,single-unit price; a reference list in the same result shows 2.28 at 1+ and 1.80 at 10k+
750315371,Wurth Elektronik,Mouser (web-search snippet; page blocked),750315371,1,2.66,USD,7100,2026-10-04,https://www.mouser.com/c/?q=750315371,single-unit price
AC10000002209JAB00,Vishay Draloric,Octopart aggregator (web-search snippet),AC10000002209JAB00,1,0.932,USD,,2026-10-04,https://octopart.com/part/vishay/AC10000002209JAB00,"price shown by the aggregator, quantity not stated"
ASDMB-25.000MHZ-LC-T,Abracon,LCSC,C2650748,1,2.782,USD,500,2026-10-04,https://www.lcsc.com/product-detail/C2650748.html,read via jlcsearch.tscircuit.com mirror by C-number (C-number found by web search of lcsc.com); LCSC mfr part 'ASDMB-25.000MHZ-LC-T'; example of an equivalent part used for a cost_estimates.csv basis (not a BOM MPN)
ASDMB-25.000MHZ-LC-T,Abracon,LCSC,C2650748,10,2.385,USD,500,2026-10-04,https://www.lcsc.com/product-detail/C2650748.html,read via jlcsearch.tscircuit.com mirror by C-number (C-number found by web search of lcsc.com); LCSC mfr part 'ASDMB-25.000MHZ-LC-T'; example of an equivalent part used for a cost_estimates.csv basis (not a BOM MPN)
ASDMB-25.000MHZ-LC-T,Abracon,LCSC,C2650748,30,2.1361,USD,500,2026-10-04,https://www.lcsc.com/product-detail/C2650748.html,read via jlcsearch.tscircuit.com mirror by C-number (C-number found by web search of lcsc.com); LCSC mfr part 'ASDMB-25.000MHZ-LC-T'; example of an equivalent part used for a cost_estimates.csv basis (not a BOM MPN)
ASDMB-25.000MHZ-LC-T,Abracon,LCSC,C2650748,100,1.8807,USD,500,2026-10-04,https://www.lcsc.com/product-detail/C2650748.html,read via jlcsearch.tscircuit.com mirror by C-number (C-number found by web search of lcsc.com); LCSC mfr part 'ASDMB-25.000MHZ-LC-T'; example of an equivalent part used for a cost_estimates.csv basis (not a BOM MPN)
ASDMB-25.000MHZ-LC-T,Abracon,LCSC,C2650748,500,1.7652,USD,500,2026-10-04,https://www.lcsc.com/product-detail/C2650748.html,read via jlcsearch.tscircuit.com mirror by C-number (C-number found by web search of lcsc.com); LCSC mfr part 'ASDMB-25.000MHZ-LC-T'; example of an equivalent part used for a cost_estimates.csv basis (not a BOM MPN)
ASDMB-25.000MHZ-LC-T,Abracon,LCSC,C2650748,1000,1.7164,USD,500,2026-10-04,https://www.lcsc.com/product-detail/C2650748.html,read via jlcsearch.tscircuit.com mirror by C-number (C-number found by web search of lcsc.com); LCSC mfr part 'ASDMB-25.000MHZ-LC-T'; example of an equivalent part used for a cost_estimates.csv basis (not a BOM MPN)
ZXTP23015CFHTA,Diodes Incorporated,LCSC,C155252,1,0.8574,USD,100,2026-10-04,https://www.lcsc.com/product-detail/C155252.html,read via jlcsearch.tscircuit.com mirror by C-number (C-number found by web search of lcsc.com); LCSC mfr part 'ZXTP23015CFHTA'; example of an equivalent part used for a cost_estimates.csv basis (not a BOM MPN)
ZXTP23015CFHTA,Diodes Incorporated,LCSC,C155252,10,0.7191,USD,100,2026-10-04,https://www.lcsc.com/product-detail/C155252.html,read via jlcsearch.tscircuit.com mirror by C-number (C-number found by web search of lcsc.com); LCSC mfr part 'ZXTP23015CFHTA'; example of an equivalent part used for a cost_estimates.csv basis (not a BOM MPN)
ZXTP23015CFHTA,Diodes Incorporated,LCSC,C155252,30,0.6492,USD,100,2026-10-04,https://www.lcsc.com/product-detail/C155252.html,read via jlcsearch.tscircuit.com mirror by C-number (C-number found by web search of lcsc.com); LCSC mfr part 'ZXTP23015CFHTA'; example of an equivalent part used for a cost_estimates.csv basis (not a BOM MPN)
ZXTP23015CFHTA,Diodes Incorporated,LCSC,C155252,100,0.5792,USD,100,2026-10-04,https://www.lcsc.com/product-detail/C155252.html,read via jlcsearch.tscircuit.com mirror by C-number (C-number found by web search of lcsc.com); LCSC mfr part 'ZXTP23015CFHTA'; example of an equivalent part used for a cost_estimates.csv basis (not a BOM MPN)
ZXTP23015CFHTA,Diodes Incorporated,LCSC,C155252,500,0.5385,USD,100,2026-10-04,https://www.lcsc.com/product-detail/C155252.html,read via jlcsearch.tscircuit.com mirror by C-number (C-number found by web search of lcsc.com); LCSC mfr part 'ZXTP23015CFHTA'; example of an equivalent part used for a cost_estimates.csv basis (not a BOM MPN)
ZXTP23015CFHTA,Diodes Incorporated,LCSC,C155252,1000,0.5158,USD,100,2026-10-04,https://www.lcsc.com/product-detail/C155252.html,read via jlcsearch.tscircuit.com mirror by C-number (C-number found by web search of lcsc.com); LCSC mfr part 'ZXTP23015CFHTA'; example of an equivalent part used for a cost_estimates.csv basis (not a BOM MPN)
B72210S0271K101,TDK Electronics,LCSC,C125511,1,0.1144,USD,114,2026-10-04,https://www.lcsc.com/product-detail/C125511.html,read via jlcsearch.tscircuit.com mirror by C-number (C-number found by web search of lcsc.com); LCSC mfr part 'B72210S0271K101'; example of an equivalent part used for a cost_estimates.csv basis (not a BOM MPN)
B72210S0271K101,TDK Electronics,LCSC,C125511,50,0.0921,USD,114,2026-10-04,https://www.lcsc.com/product-detail/C125511.html,read via jlcsearch.tscircuit.com mirror by C-number (C-number found by web search of lcsc.com); LCSC mfr part 'B72210S0271K101'; example of an equivalent part used for a cost_estimates.csv basis (not a BOM MPN)
B72210S0271K101,TDK Electronics,LCSC,C125511,150,0.0811,USD,114,2026-10-04,https://www.lcsc.com/product-detail/C125511.html,read via jlcsearch.tscircuit.com mirror by C-number (C-number found by web search of lcsc.com); LCSC mfr part 'B72210S0271K101'; example of an equivalent part used for a cost_estimates.csv basis (not a BOM MPN)
B72210S0271K101,TDK Electronics,LCSC,C125511,500,0.0726,USD,114,2026-10-04,https://www.lcsc.com/product-detail/C125511.html,read via jlcsearch.tscircuit.com mirror by C-number (C-number found by web search of lcsc.com); LCSC mfr part 'B72210S0271K101'; example of an equivalent part used for a cost_estimates.csv basis (not a BOM MPN)
B72210S0271K101,TDK Electronics,LCSC,C125511,2500,0.0659,USD,114,2026-10-04,https://www.lcsc.com/product-detail/C125511.html,read via jlcsearch.tscircuit.com mirror by C-number (C-number found by web search of lcsc.com); LCSC mfr part 'B72210S0271K101'; example of an equivalent part used for a cost_estimates.csv basis (not a BOM MPN)
B72210S0271K101,TDK Electronics,LCSC,C125511,5000,0.0625,USD,114,2026-10-04,https://www.lcsc.com/product-detail/C125511.html,read via jlcsearch.tscircuit.com mirror by C-number (C-number found by web search of lcsc.com); LCSC mfr part 'B72210S0271K101'; example of an equivalent part used for a cost_estimates.csv basis (not a BOM MPN)
VS-8ETL06S-M3,Vishay,LCSC,C506528,1,1.775,USD,1,2026-10-04,https://www.lcsc.com/product-detail/C506528.html,read via jlcsearch.tscircuit.com mirror by C-number (C-number found by web search of lcsc.com); LCSC mfr part 'VS-8ETL06S-M3'; example of an equivalent part used for a cost_estimates.csv basis (not a BOM MPN)
VS-8ETL06S-M3,Vishay,LCSC,C506528,10,1.5114,USD,1,2026-10-04,https://www.lcsc.com/product-detail/C506528.html,read via jlcsearch.tscircuit.com mirror by C-number (C-number found by web search of lcsc.com); LCSC mfr part 'VS-8ETL06S-M3'; example of an equivalent part used for a cost_estimates.csv basis (not a BOM MPN)
VS-8ETL06S-M3,Vishay,LCSC,C506528,50,1.3682,USD,1,2026-10-04,https://www.lcsc.com/product-detail/C506528.html,read via jlcsearch.tscircuit.com mirror by C-number (C-number found by web search of lcsc.com); LCSC mfr part 'VS-8ETL06S-M3'; example of an equivalent part used for a cost_estimates.csv basis (not a BOM MPN)
VS-8ETL06S-M3,Vishay,LCSC,C506528,100,1.2039,USD,1,2026-10-04,https://www.lcsc.com/product-detail/C506528.html,read via jlcsearch.tscircuit.com mirror by C-number (C-number found by web search of lcsc.com); LCSC mfr part 'VS-8ETL06S-M3'; example of an equivalent part used for a cost_estimates.csv basis (not a BOM MPN)
VS-8ETL06S-M3,Vishay,LCSC,C506528,500,1.1323,USD,1,2026-10-04,https://www.lcsc.com/product-detail/C506528.html,read via jlcsearch.tscircuit.com mirror by C-number (C-number found by web search of lcsc.com); LCSC mfr part 'VS-8ETL06S-M3'; example of an equivalent part used for a cost_estimates.csv basis (not a BOM MPN)
VS-8ETL06S-M3,Vishay,LCSC,C506528,1000,1.0982,USD,1,2026-10-04,https://www.lcsc.com/product-detail/C506528.html,read via jlcsearch.tscircuit.com mirror by C-number (C-number found by web search of lcsc.com); LCSC mfr part 'VS-8ETL06S-M3'; example of an equivalent part used for a cost_estimates.csv basis (not a BOM MPN)
SMCJ33CA,Littelfuse,LCSC,C224050,1,0.2849,USD,2773,2026-10-04,https://www.lcsc.com/product-detail/C224050.html,read via jlcsearch.tscircuit.com mirror by C-number (C-number found by web search of lcsc.com); LCSC mfr part 'SMCJ33CA'; example of an equivalent part used for a cost_estimates.csv basis (not a BOM MPN)
SMCJ33CA,Littelfuse,LCSC,C224050,50,0.2262,USD,2773,2026-10-04,https://www.lcsc.com/product-detail/C224050.html,read via jlcsearch.tscircuit.com mirror by C-number (C-number found by web search of lcsc.com); LCSC mfr part 'SMCJ33CA'; example of an equivalent part used for a cost_estimates.csv basis (not a BOM MPN)
SMCJ33CA,Littelfuse,LCSC,C224050,150,0.2011,USD,2773,2026-10-04,https://www.lcsc.com/product-detail/C224050.html,read via jlcsearch.tscircuit.com mirror by C-number (C-number found by web search of lcsc.com); LCSC mfr part 'SMCJ33CA'; example of an equivalent part used for a cost_estimates.csv basis (not a BOM MPN)
SMCJ33CA,Littelfuse,LCSC,C224050,500,0.1697,USD,2773,2026-10-04,https://www.lcsc.com/product-detail/C224050.html,read via jlcsearch.tscircuit.com mirror by C-number (C-number found by web search of lcsc.com); LCSC mfr part 'SMCJ33CA'; example of an equivalent part used for a cost_estimates.csv basis (not a BOM MPN)
SMCJ33CA,Littelfuse,LCSC,C224050,3000,0.133,USD,2773,2026-10-04,https://www.lcsc.com/product-detail/C224050.html,read via jlcsearch.tscircuit.com mirror by C-number (C-number found by web search of lcsc.com); LCSC mfr part 'SMCJ33CA'; example of an equivalent part used for a cost_estimates.csv basis (not a BOM MPN)
SMCJ33CA,Littelfuse,LCSC,C224050,6000,0.1247,USD,2773,2026-10-04,https://www.lcsc.com/product-detail/C224050.html,read via jlcsearch.tscircuit.com mirror by C-number (C-number found by web search of lcsc.com); LCSC mfr part 'SMCJ33CA'; example of an equivalent part used for a cost_estimates.csv basis (not a BOM MPN)
SMCJ100A,Jingdao Microelectronics,LCSC,C438125,1,0.0998,USD,990,2026-10-04,https://www.lcsc.com/product-detail/C438125.html,read via jlcsearch.tscircuit.com mirror by C-number (C-number found by web search of lcsc.com); LCSC mfr part 'SMCJ100A'; example of an equivalent part used for a cost_estimates.csv basis (not a BOM MPN)
SMCJ100A,Jingdao Microelectronics,LCSC,C438125,50,0.0799,USD,990,2026-10-04,https://www.lcsc.com/product-detail/C438125.html,read via jlcsearch.tscircuit.com mirror by C-number (C-number found by web search of lcsc.com); LCSC mfr part 'SMCJ100A'; example of an equivalent part used for a cost_estimates.csv basis (not a BOM MPN)
SMCJ100A,Jingdao Microelectronics,LCSC,C438125,150,0.07,USD,990,2026-10-04,https://www.lcsc.com/product-detail/C438125.html,read via jlcsearch.tscircuit.com mirror by C-number (C-number found by web search of lcsc.com); LCSC mfr part 'SMCJ100A'; example of an equivalent part used for a cost_estimates.csv basis (not a BOM MPN)
SMCJ100A,Jingdao Microelectronics,LCSC,C438125,500,0.0625,USD,990,2026-10-04,https://www.lcsc.com/product-detail/C438125.html,read via jlcsearch.tscircuit.com mirror by C-number (C-number found by web search of lcsc.com); LCSC mfr part 'SMCJ100A'; example of an equivalent part used for a cost_estimates.csv basis (not a BOM MPN)
SMCJ100A,Jingdao Microelectronics,LCSC,C438125,3000,0.0534,USD,990,2026-10-04,https://www.lcsc.com/product-detail/C438125.html,read via jlcsearch.tscircuit.com mirror by C-number (C-number found by web search of lcsc.com); LCSC mfr part 'SMCJ100A'; example of an equivalent part used for a cost_estimates.csv basis (not a BOM MPN)
SMCJ100A,Jingdao Microelectronics,LCSC,C438125,6000,0.0505,USD,990,2026-10-04,https://www.lcsc.com/product-detail/C438125.html,read via jlcsearch.tscircuit.com mirror by C-number (C-number found by web search of lcsc.com); LCSC mfr part 'SMCJ100A'; example of an equivalent part used for a cost_estimates.csv basis (not a BOM MPN)
"BZX84-C16,215",Nexperia,LCSC,C131660,1,0.0103,USD,6,2026-10-04,https://www.lcsc.com/product-detail/C131660.html,"read via jlcsearch.tscircuit.com mirror by C-number (C-number found by web search of lcsc.com); LCSC mfr part 'BZX84-C16,215'; example of an equivalent part used for a cost_estimates.csv basis (not a BOM MPN)"
"BZX84-C16,215",Nexperia,LCSC,C131660,200,0.0101,USD,6,2026-10-04,https://www.lcsc.com/product-detail/C131660.html,"read via jlcsearch.tscircuit.com mirror by C-number (C-number found by web search of lcsc.com); LCSC mfr part 'BZX84-C16,215'; example of an equivalent part used for a cost_estimates.csv basis (not a BOM MPN)"
"BZX84-C16,215",Nexperia,LCSC,C131660,600,0.0099,USD,6,2026-10-04,https://www.lcsc.com/product-detail/C131660.html,"read via jlcsearch.tscircuit.com mirror by C-number (C-number found by web search of lcsc.com); LCSC mfr part 'BZX84-C16,215'; example of an equivalent part used for a cost_estimates.csv basis (not a BOM MPN)"
"BZX84-C16,215",Nexperia,LCSC,C131660,3000,0.0097,USD,6,2026-10-04,https://www.lcsc.com/product-detail/C131660.html,"read via jlcsearch.tscircuit.com mirror by C-number (C-number found by web search of lcsc.com); LCSC mfr part 'BZX84-C16,215'; example of an equivalent part used for a cost_estimates.csv basis (not a BOM MPN)"
"BZX84-C16,215",Nexperia,LCSC,C131660,3040,0.0097,USD,6,2026-10-04,https://www.lcsc.com/product-detail/C131660.html,"read via jlcsearch.tscircuit.com mirror by C-number (C-number found by web search of lcsc.com); LCSC mfr part 'BZX84-C16,215'; example of an equivalent part used for a cost_estimates.csv basis (not a BOM MPN)"
"BZX84-C16,215",Nexperia,LCSC,C131660,3080,0.0097,USD,6,2026-10-04,https://www.lcsc.com/product-detail/C131660.html,"read via jlcsearch.tscircuit.com mirror by C-number (C-number found by web search of lcsc.com); LCSC mfr part 'BZX84-C16,215'; example of an equivalent part used for a cost_estimates.csv basis (not a BOM MPN)"
"BZX84-B12,215",Nexperia,LCSC,C282540,1,0.0225,USD,52207,2026-10-04,https://www.lcsc.com/product-detail/C282540.html,"read via jlcsearch.tscircuit.com mirror by C-number (C-number found by web search of lcsc.com); LCSC mfr part 'BZX84-B12,215'; example of an equivalent part used for a cost_estimates.csv basis (not a BOM MPN)"
"BZX84-B12,215",Nexperia,LCSC,C282540,200,0.0173,USD,52207,2026-10-04,https://www.lcsc.com/product-detail/C282540.html,"read via jlcsearch.tscircuit.com mirror by C-number (C-number found by web search of lcsc.com); LCSC mfr part 'BZX84-B12,215'; example of an equivalent part used for a cost_estimates.csv basis (not a BOM MPN)"
"BZX84-B12,215",Nexperia,LCSC,C282540,600,0.0145,USD,52207,2026-10-04,https://www.lcsc.com/product-detail/C282540.html,"read via jlcsearch.tscircuit.com mirror by C-number (C-number found by web search of lcsc.com); LCSC mfr part 'BZX84-B12,215'; example of an equivalent part used for a cost_estimates.csv basis (not a BOM MPN)"
"BZX84-B12,215",Nexperia,LCSC,C282540,3000,0.0128,USD,52207,2026-10-04,https://www.lcsc.com/product-detail/C282540.html,"read via jlcsearch.tscircuit.com mirror by C-number (C-number found by web search of lcsc.com); LCSC mfr part 'BZX84-B12,215'; example of an equivalent part used for a cost_estimates.csv basis (not a BOM MPN)"
"BZX84-B12,215",Nexperia,LCSC,C282540,9000,0.0113,USD,52207,2026-10-04,https://www.lcsc.com/product-detail/C282540.html,"read via jlcsearch.tscircuit.com mirror by C-number (C-number found by web search of lcsc.com); LCSC mfr part 'BZX84-B12,215'; example of an equivalent part used for a cost_estimates.csv basis (not a BOM MPN)"
"BZX84-B12,215",Nexperia,LCSC,C282540,21000,0.0105,USD,52207,2026-10-04,https://www.lcsc.com/product-detail/C282540.html,"read via jlcsearch.tscircuit.com mirror by C-number (C-number found by web search of lcsc.com); LCSC mfr part 'BZX84-B12,215'; example of an equivalent part used for a cost_estimates.csv basis (not a BOM MPN)"
CRCW251210R0FKEG,Vishay,LCSC,C844885,1,0.177,USD,1573,2026-10-04,https://www.lcsc.com/product-detail/C844885.html,read via jlcsearch.tscircuit.com mirror by C-number (C-number found by web search of lcsc.com); LCSC mfr part 'CRCW251210R0FKEG'; example of an equivalent part used for a cost_estimates.csv basis (not a BOM MPN)
CRCW251210R0FKEG,Vishay,LCSC,C844885,50,0.1431,USD,1573,2026-10-04,https://www.lcsc.com/product-detail/C844885.html,read via jlcsearch.tscircuit.com mirror by C-number (C-number found by web search of lcsc.com); LCSC mfr part 'CRCW251210R0FKEG'; example of an equivalent part used for a cost_estimates.csv basis (not a BOM MPN)
CRCW251210R0FKEG,Vishay,LCSC,C844885,150,0.1284,USD,1573,2026-10-04,https://www.lcsc.com/product-detail/C844885.html,read via jlcsearch.tscircuit.com mirror by C-number (C-number found by web search of lcsc.com); LCSC mfr part 'CRCW251210R0FKEG'; example of an equivalent part used for a cost_estimates.csv basis (not a BOM MPN)
CRCW251210R0FKEG,Vishay,LCSC,C844885,500,0.1102,USD,1573,2026-10-04,https://www.lcsc.com/product-detail/C844885.html,read via jlcsearch.tscircuit.com mirror by C-number (C-number found by web search of lcsc.com); LCSC mfr part 'CRCW251210R0FKEG'; example of an equivalent part used for a cost_estimates.csv basis (not a BOM MPN)
CRCW251210R0FKEG,Vishay,LCSC,C844885,2000,0.1022,USD,1573,2026-10-04,https://www.lcsc.com/product-detail/C844885.html,read via jlcsearch.tscircuit.com mirror by C-number (C-number found by web search of lcsc.com); LCSC mfr part 'CRCW251210R0FKEG'; example of an equivalent part used for a cost_estimates.csv basis (not a BOM MPN)
CRCW251210R0FKEG,Vishay,LCSC,C844885,4000,0.0973,USD,1573,2026-10-04,https://www.lcsc.com/product-detail/C844885.html,read via jlcsearch.tscircuit.com mirror by C-number (C-number found by web search of lcsc.com); LCSC mfr part 'CRCW251210R0FKEG'; example of an equivalent part used for a cost_estimates.csv basis (not a BOM MPN)
CRCW2512120RFKEG,Vishay,LCSC,C844446,1,0.0806,USD,1,2026-10-04,https://www.lcsc.com/product-detail/C844446.html,read via jlcsearch.tscircuit.com mirror by C-number (C-number found by web search of lcsc.com); LCSC mfr part 'CRCW2512120RFKEG'; example of an equivalent part used for a cost_estimates.csv basis (not a BOM MPN)
CRCW2512120RFKEG,Vishay,LCSC,C844446,50,0.079,USD,1,2026-10-04,https://www.lcsc.com/product-detail/C844446.html,read via jlcsearch.tscircuit.com mirror by C-number (C-number found by web search of lcsc.com); LCSC mfr part 'CRCW2512120RFKEG'; example of an equivalent part used for a cost_estimates.csv basis (not a BOM MPN)
CRCW2512120RFKEG,Vishay,LCSC,C844446,150,0.0778,USD,1,2026-10-04,https://www.lcsc.com/product-detail/C844446.html,read via jlcsearch.tscircuit.com mirror by C-number (C-number found by web search of lcsc.com); LCSC mfr part 'CRCW2512120RFKEG'; example of an equivalent part used for a cost_estimates.csv basis (not a BOM MPN)
CRCW2512120RFKEG,Vishay,LCSC,C844446,500,0.0768,USD,1,2026-10-04,https://www.lcsc.com/product-detail/C844446.html,read via jlcsearch.tscircuit.com mirror by C-number (C-number found by web search of lcsc.com); LCSC mfr part 'CRCW2512120RFKEG'; example of an equivalent part used for a cost_estimates.csv basis (not a BOM MPN)
CRCW2512120RFKEG,Vishay,LCSC,C844446,510,0.0768,USD,1,2026-10-04,https://www.lcsc.com/product-detail/C844446.html,read via jlcsearch.tscircuit.com mirror by C-number (C-number found by web search of lcsc.com); LCSC mfr part 'CRCW2512120RFKEG'; example of an equivalent part used for a cost_estimates.csv basis (not a BOM MPN)
CRCW2512120RFKEG,Vishay,LCSC,C844446,520,0.0768,USD,1,2026-10-04,https://www.lcsc.com/product-detail/C844446.html,read via jlcsearch.tscircuit.com mirror by C-number (C-number found by web search of lcsc.com); LCSC mfr part 'CRCW2512120RFKEG'; example of an equivalent part used for a cost_estimates.csv basis (not a BOM MPN)
9GT1224P1S001,Sanyo Denki,DigiKey (web-search snippet; page blocked),6192355,1,147.75,USD,170,2026-10-04,https://azcus.digikey.com/en/products/detail/sanyo-denki-america-inc/9GT1224P1S001/6192355,single-unit price
9GT1224P1S001,Sanyo Denki,DigiKey (web-search snippet; page blocked),6192355,21,112.92,USD,170,2026-10-04,https://azcus.digikey.com/en/products/detail/sanyo-denki-america-inc/9GT1224P1S001/6192355,21+ tier
ASDMB-25.000MHZ-XC-T,Abracon,none,,,,,,2026-10-04,https://jlcsearch.tscircuit.com/components/list.json?search=ASDMB-25.000MHZ-XC-T&limit=10,"no price: no LCSC hit for this option code (other options of the family are listed); looked up in the jlcsearch mirror (full code and family variants, limits 10/30/100), by web search of lcsc.com and on the maker site; an engineering estimate is used instead (gen/data/cost_estimates.csv)"
SF-2923HC30C-2,Bourns,none,,,,,,2026-10-04,https://jlcsearch.tscircuit.com/components/list.json?search=SF-2923HC30C-2&limit=10,"no price: no LCSC hit under the Bourns code; bourns.com shows no prices; looked up in the jlcsearch mirror (full code and family variants, limits 10/30/100), by web search of lcsc.com and on the maker site; an engineering estimate is used instead (gen/data/cost_estimates.csv)"
ZXTP25040DFHTA,Diodes Incorporated,none,,,,,,2026-10-04,https://jlcsearch.tscircuit.com/components/list.json?search=ZXTP25040DFHTA&limit=10,"no price: no LCSC hit for this code through the mirror or by web search; looked up in the jlcsearch mirror (full code and family variants, limits 10/30/100), by web search of lcsc.com and on the maker site; an engineering estimate is used instead (gen/data/cost_estimates.csv)"
004110656,ETI,none,,,,,,2026-10-04,https://jlcsearch.tscircuit.com/components/list.json?search=004110656&limit=10,"no price: ETI publishes no list prices and no distributor price was found; looked up in the jlcsearch mirror (full code and family variants, limits 10/30/100), by web search of lcsc.com and on the maker site; an engineering estimate is used instead (gen/data/cost_estimates.csv)"
3100U00031461,Honeywell,none,,,,,,2026-10-04,https://jlcsearch.tscircuit.com/components/list.json?search=3100U00031461&limit=10,"no price: no distributor price for this ordering code (only other codes of the same series); looked up in the jlcsearch mirror (full code and family variants, limits 10/30/100), by web search of lcsc.com and on the maker site; an engineering estimate is used instead (gen/data/cost_estimates.csv)"
C4AQUBU4330A11J,KEMET,none,,,,,,2026-10-04,https://jlcsearch.tscircuit.com/components/list.json?search=C4AQUBU4330A11J&limit=10,"no price: no distributor price found for this code; kemet.com shows no prices; looked up in the jlcsearch mirror (full code and family variants, limits 10/30/100), by web search of lcsc.com and on the maker site; an engineering estimate is used instead (gen/data/cost_estimates.csv)"
HP10NH1GPV160,Mersen,none,,,,,,2026-10-04,https://jlcsearch.tscircuit.com/components/list.json?search=HP10NH1GPV160&limit=10,"no price: Mersen publishes no list prices; retail listings found are for other part numbers; looked up in the jlcsearch mirror (full code and family variants, limits 10/30/100), by web search of lcsc.com and on the maker site; an engineering estimate is used instead (gen/data/cost_estimates.csv)"
2N7002BK,Nexperia,none,,,,,,2026-10-04,https://jlcsearch.tscircuit.com/components/list.json?search=2N7002BK&limit=10,"no price: no LCSC hit for this exact code through the mirror or by web search; Nexperia shows no prices; looked up in the jlcsearch mirror (full code and family variants, limits 10/30/100), by web search of lcsc.com and on the maker site; an engineering estimate is used instead (gen/data/cost_estimates.csv)"
"BZX84-B16,215",Nexperia,none,,,,,,2026-10-04,https://jlcsearch.tscircuit.com/components/list.json?search=BZX84-B16%2C215&limit=10,"no price: no LCSC hit for this exact code through the mirror or by web search; Nexperia shows no prices; looked up in the jlcsearch mirror (full code and family variants, limits 10/30/100), by web search of lcsc.com and on the maker site; an engineering estimate is used instead (gen/data/cost_estimates.csv)"
BZX84-B22,Nexperia,none,,,,,,2026-10-04,https://jlcsearch.tscircuit.com/components/list.json?search=BZX84-B22&limit=10,"no price: no LCSC hit for this exact code through the mirror or by web search; Nexperia shows no prices; looked up in the jlcsearch mirror (full code and family variants, limits 10/30/100), by web search of lcsc.com and on the maker site; an engineering estimate is used instead (gen/data/cost_estimates.csv)"
"BZX84-B6V8,215",Nexperia,none,,,,,,2026-10-04,https://jlcsearch.tscircuit.com/components/list.json?search=BZX84-B6V8%2C215&limit=10,"no price: no LCSC hit for this exact code through the mirror or by web search; Nexperia shows no prices; looked up in the jlcsearch mirror (full code and family variants, limits 10/30/100), by web search of lcsc.com and on the maker site; an engineering estimate is used instead (gen/data/cost_estimates.csv)"
G7L-2A-X DC24,Omron,none,,,,,,2026-10-04,https://jlcsearch.tscircuit.com/components/list.json?search=G7L-2A-X%20DC24&limit=10,"no price: no price for the -X variant (distributors list other G7L codes); looked up in the jlcsearch mirror (full code and family variants, limits 10/30/100), by web search of lcsc.com and on the maker site; an engineering estimate is used instead (gen/data/cost_estimates.csv)"
1720466,Phoenix Contact,none,,,,,,2026-10-04,https://jlcsearch.tscircuit.com/components/list.json?search=1720466&limit=10,"no price: not found on LCSC; phoenixcontact.com refuses a plain request (403); distributor prices exist only for neighbouring codes; looked up in the jlcsearch mirror (full code and family variants, limits 10/30/100), by web search of lcsc.com and on the maker site; an engineering estimate is used instead (gen/data/cost_estimates.csv)"
1720479,Phoenix Contact,none,,,,,,2026-10-04,https://jlcsearch.tscircuit.com/components/list.json?search=1720479&limit=10,"no price: not found on LCSC; phoenixcontact.com refuses a plain request (403); distributor prices exist only for neighbouring codes; looked up in the jlcsearch mirror (full code and family variants, limits 10/30/100), by web search of lcsc.com and on the maker site; an engineering estimate is used instead (gen/data/cost_estimates.csv)"
1803316,Phoenix Contact,none,,,,,,2026-10-04,https://jlcsearch.tscircuit.com/components/list.json?search=1803316&limit=10,"no price: not found on LCSC; phoenixcontact.com refuses a plain request (403); distributor prices exist only for neighbouring codes; looked up in the jlcsearch mirror (full code and family variants, limits 10/30/100), by web search of lcsc.com and on the maker site; an engineering estimate is used instead (gen/data/cost_estimates.csv)"
1803358,Phoenix Contact,none,,,,,,2026-10-04,https://jlcsearch.tscircuit.com/components/list.json?search=1803358&limit=10,"no price: not found on LCSC; phoenixcontact.com refuses a plain request (403); distributor prices exist only for neighbouring codes; looked up in the jlcsearch mirror (full code and family variants, limits 10/30/100), by web search of lcsc.com and on the maker site; an engineering estimate is used instead (gen/data/cost_estimates.csv)"
RS3-2415D,RECOM,none,,,,,,2026-10-04,https://jlcsearch.tscircuit.com/components/list.json?search=RS3-2415D&limit=10,"no price: no price found; recom-power.com refuses a plain request (404/403 on the product page); looked up in the jlcsearch mirror (full code and family variants, limits 10/30/100), by web search of lcsc.com and on the maker site; an engineering estimate is used instead (gen/data/cost_estimates.csv)"
50ZLH100MEFC8X11.5,Rubycon,none,,,,,,2026-10-04,https://jlcsearch.tscircuit.com/components/list.json?search=50ZLH100MEFC8X11.5&limit=10,"no price: no distributor price found for this code; looked up in the jlcsearch mirror (full code and family variants, limits 10/30/100), by web search of lcsc.com and on the maker site; an engineering estimate is used instead (gen/data/cost_estimates.csv)"
0090.1001,Schurter,none,,,,,,2026-10-04,https://jlcsearch.tscircuit.com/components/list.json?search=0090.1001&limit=10,"no price: no distributor price found for this code; looked up in the jlcsearch mirror (full code and family variants, limits 10/30/100), by web search of lcsc.com and on the maker site; an engineering estimate is used instead (gen/data/cost_estimates.csv)"
B57703M0103A018,TDK Electronics,none,,,,,,2026-10-04,https://jlcsearch.tscircuit.com/components/list.json?search=B57703M0103A018&limit=10,"no price: not found with a price on LCSC; tdk.com shows no prices; looked up in the jlcsearch mirror (full code and family variants, limits 10/30/100), by web search of lcsc.com and on the maker site; an engineering estimate is used instead (gen/data/cost_estimates.csv)"
B72210S0300K101,TDK Electronics,none,,,,,,2026-10-04,https://jlcsearch.tscircuit.com/components/list.json?search=B72210S0300K101&limit=10,"no price: not found with a price on LCSC; tdk.com shows no prices; looked up in the jlcsearch mirror (full code and family variants, limits 10/30/100), by web search of lcsc.com and on the maker site; an engineering estimate is used instead (gen/data/cost_estimates.csv)"
LM4040AIM3-2.5/NOPB,Texas Instruments,none,,,,,,2026-10-04,https://jlcsearch.tscircuit.com/components/list.json?search=LM4040AIM3-2.5/NOPB&limit=10,"no price: not an orderable in the ti.com order table (legacy or special-grade code) and no LCSC hit; looked up in the jlcsearch mirror (full code and family variants, limits 10/30/100), by web search of lcsc.com and on the maker site; an engineering estimate is used instead (gen/data/cost_estimates.csv)"
LM74800QDRRRQ1,Texas Instruments,none,,,,,,2026-10-04,https://jlcsearch.tscircuit.com/components/list.json?search=LM74800QDRRRQ1&limit=10,"no price: not an orderable in the ti.com order table (legacy or special-grade code) and no LCSC hit; looked up in the jlcsearch mirror (full code and family variants, limits 10/30/100), by web search of lcsc.com and on the maker site; an engineering estimate is used instead (gen/data/cost_estimates.csv)"
REF3030EAIDBZR,Texas Instruments,none,,,,,,2026-10-04,https://jlcsearch.tscircuit.com/components/list.json?search=REF3030EAIDBZR&limit=10,"no price: not an orderable in the ti.com order table (legacy or special-grade code) and no LCSC hit; looked up in the jlcsearch mirror (full code and family variants, limits 10/30/100), by web search of lcsc.com and on the maker site; an engineering estimate is used instead (gen/data/cost_estimates.csv)"
REF5025EID,Texas Instruments,none,,,,,,2026-10-04,https://jlcsearch.tscircuit.com/components/list.json?search=REF5025EID&limit=10,"no price: not an orderable in the ti.com order table (legacy or special-grade code) and no LCSC hit; looked up in the jlcsearch mirror (full code and family variants, limits 10/30/100), by web search of lcsc.com and on the maker site; an engineering estimate is used instead (gen/data/cost_estimates.csv)"
REF5025EIDR,Texas Instruments,none,,,,,,2026-10-04,https://jlcsearch.tscircuit.com/components/list.json?search=REF5025EIDR&limit=10,"no price: not an orderable in the ti.com order table (legacy or special-grade code) and no LCSC hit; looked up in the jlcsearch mirror (full code and family variants, limits 10/30/100), by web search of lcsc.com and on the maker site; an engineering estimate is used instead (gen/data/cost_estimates.csv)"
CRCW251215R0FKEGHP,Vishay,none,,,,,,2026-10-04,https://jlcsearch.tscircuit.com/components/list.json?search=CRCW251215R0FKEGHP&limit=10,"no price: not found on LCSC through the mirror or by web search; vishay.com shows no prices; looked up in the jlcsearch mirror (full code and family variants, limits 10/30/100), by web search of lcsc.com and on the maker site; an engineering estimate is used instead (gen/data/cost_estimates.csv)"
CRHV2512AF10M0FKFB,Vishay,none,,,,,,2026-10-04,https://jlcsearch.tscircuit.com/components/list.json?search=CRHV2512AF10M0FKFB&limit=10,"no price: not found on LCSC through the mirror or by web search; vishay.com shows no prices; looked up in the jlcsearch mirror (full code and family variants, limits 10/30/100), by web search of lcsc.com and on the maker site; an engineering estimate is used instead (gen/data/cost_estimates.csv)"
IRFL214TRPbF,Vishay,none,,,,,,2026-10-04,https://jlcsearch.tscircuit.com/components/list.json?search=IRFL214TRPbF&limit=10,"no price: not found on LCSC through the mirror or by web search; vishay.com shows no prices; looked up in the jlcsearch mirror (full code and family variants, limits 10/30/100), by web search of lcsc.com and on the maker site; an engineering estimate is used instead (gen/data/cost_estimates.csv)"
IRFR9214TRPbF,Vishay,none,,,,,,2026-10-04,https://jlcsearch.tscircuit.com/components/list.json?search=IRFR9214TRPbF&limit=10,"no price: not found on LCSC through the mirror or by web search; vishay.com shows no prices; looked up in the jlcsearch mirror (full code and family variants, limits 10/30/100), by web search of lcsc.com and on the maker site; an engineering estimate is used instead (gen/data/cost_estimates.csv)"
TNPV12062M00BEEA,Vishay,none,,,,,,2026-10-04,https://jlcsearch.tscircuit.com/components/list.json?search=TNPV12062M00BEEA&limit=10,"no price: not found on LCSC through the mirror or by web search; vishay.com shows no prices; looked up in the jlcsearch mirror (full code and family variants, limits 10/30/100), by web search of lcsc.com and on the maker site; an engineering estimate is used instead (gen/data/cost_estimates.csv)"
TNPV1210124KBEEA,Vishay,none,,,,,,2026-10-04,https://jlcsearch.tscircuit.com/components/list.json?search=TNPV1210124KBEEA&limit=10,"no price: not found on LCSC through the mirror or by web search; vishay.com shows no prices; looked up in the jlcsearch mirror (full code and family variants, limits 10/30/100), by web search of lcsc.com and on the maker site; an engineering estimate is used instead (gen/data/cost_estimates.csv)"
TNPW12064K99BEEA,Vishay,none,,,,,,2026-10-04,https://jlcsearch.tscircuit.com/components/list.json?search=TNPW12064K99BEEA&limit=10,"no price: not found on LCSC through the mirror or by web search; vishay.com shows no prices; looked up in the jlcsearch mirror (full code and family variants, limits 10/30/100), by web search of lcsc.com and on the maker site; an engineering estimate is used instead (gen/data/cost_estimates.csv)"
VS-8ETU04S-M3,Vishay,none,,,,,,2026-10-04,https://jlcsearch.tscircuit.com/components/list.json?search=VS-8ETU04S-M3&limit=10,"no price: not found on LCSC through the mirror or by web search; vishay.com shows no prices; looked up in the jlcsearch mirror (full code and family variants, limits 10/30/100), by web search of lcsc.com and on the maker site; an engineering estimate is used instead (gen/data/cost_estimates.csv)"
C2M1000170D,Wolfspeed,none,,,,,,2026-10-04,https://jlcsearch.tscircuit.com/components/list.json?search=C2M1000170D&limit=10,"no price: LCSC lists the part but out of stock (C5713500), so no break table is readable; looked up in the jlcsearch mirror (full code and family variants, limits 10/30/100), by web search of lcsc.com and on the maker site; an engineering estimate is used instead (gen/data/cost_estimates.csv)"
150060RS75000,Wurth Elektronik,none,,,,,,2026-10-04,https://jlcsearch.tscircuit.com/components/list.json?search=150060RS75000&limit=10,"no price: not found on LCSC through the mirror or by web search; the Wuerth eShop is not machine-readable; looked up in the jlcsearch mirror (full code and family variants, limits 10/30/100), by web search of lcsc.com and on the maker site; an engineering estimate is used instead (gen/data/cost_estimates.csv)"
150060VS75000,Wurth Elektronik,none,,,,,,2026-10-04,https://jlcsearch.tscircuit.com/components/list.json?search=150060VS75000&limit=10,"no price: not found on LCSC through the mirror or by web search; the Wuerth eShop is not machine-readable; looked up in the jlcsearch mirror (full code and family variants, limits 10/30/100), by web search of lcsc.com and on the maker site; an engineering estimate is used instead (gen/data/cost_estimates.csv)"
434121025816,Wurth Elektronik,none,,,,,,2026-10-04,https://jlcsearch.tscircuit.com/components/list.json?search=434121025816&limit=10,"no price: not found on LCSC through the mirror or by web search; the Wuerth eShop is not machine-readable; looked up in the jlcsearch mirror (full code and family variants, limits 10/30/100), by web search of lcsc.com and on the maker site; an engineering estimate is used instead (gen/data/cost_estimates.csv)"
61204021621,Wurth Elektronik,none,,,,,,2026-10-04,https://jlcsearch.tscircuit.com/components/list.json?search=61204021621&limit=10,"no price: not found on LCSC through the mirror or by web search; the Wuerth eShop is not machine-readable; looked up in the jlcsearch mirror (full code and family variants, limits 10/30/100), by web search of lcsc.com and on the maker site; an engineering estimate is used instead (gen/data/cost_estimates.csv)"
691322110002,Wurth Elektronik,none,,,,,,2026-10-04,https://jlcsearch.tscircuit.com/components/list.json?search=691322110002&limit=10,"no price: not found on LCSC through the mirror or by web search; the Wuerth eShop is not machine-readable; looked up in the jlcsearch mirror (full code and family variants, limits 10/30/100), by web search of lcsc.com and on the maker site; an engineering estimate is used instead (gen/data/cost_estimates.csv)"
691322310014,Wurth Elektronik,none,,,,,,2026-10-04,https://jlcsearch.tscircuit.com/components/list.json?search=691322310014&limit=10,"no price: not found on LCSC through the mirror or by web search; the Wuerth eShop is not machine-readable; looked up in the jlcsearch mirror (full code and family variants, limits 10/30/100), by web search of lcsc.com and on the maker site; an engineering estimate is used instead (gen/data/cost_estimates.csv)"
742792641,Wurth Elektronik,none,,,,,,2026-10-04,https://jlcsearch.tscircuit.com/components/list.json?search=742792641&limit=10,"no price: not found on LCSC through the mirror or by web search; the Wuerth eShop is not machine-readable; looked up in the jlcsearch mirror (full code and family variants, limits 10/30/100), by web search of lcsc.com and on the maker site; an engineering estimate is used instead (gen/data/cost_estimates.csv)"
74437368150,Wurth Elektronik,none,,,,,,2026-10-04,https://jlcsearch.tscircuit.com/components/list.json?search=74437368150&limit=10,"no price: not found on LCSC through the mirror or by web search; the Wuerth eShop is not machine-readable; looked up in the jlcsearch mirror (full code and family variants, limits 10/30/100), by web search of lcsc.com and on the maker site; an engineering estimate is used instead (gen/data/cost_estimates.csv)"
74438356022,Wurth Elektronik,none,,,,,,2026-10-04,https://jlcsearch.tscircuit.com/components/list.json?search=74438356022&limit=10,"no price: not found on LCSC through the mirror or by web search; the Wuerth eShop is not machine-readable; looked up in the jlcsearch mirror (full code and family variants, limits 10/30/100), by web search of lcsc.com and on the maker site; an engineering estimate is used instead (gen/data/cost_estimates.csv)"
74439346100,Wurth Elektronik,none,,,,,,2026-10-04,https://jlcsearch.tscircuit.com/components/list.json?search=74439346100&limit=10,"no price: not found on LCSC through the mirror or by web search; the Wuerth eShop is not machine-readable; looked up in the jlcsearch mirror (full code and family variants, limits 10/30/100), by web search of lcsc.com and on the maker site; an engineering estimate is used instead (gen/data/cost_estimates.csv)"
7461057,Wurth Elektronik,none,,,,,,2026-10-04,https://jlcsearch.tscircuit.com/components/list.json?search=7461057&limit=10,"no price: not found on LCSC through the mirror or by web search; the Wuerth eShop is not machine-readable; looked up in the jlcsearch mirror (full code and family variants, limits 10/30/100), by web search of lcsc.com and on the maker site; an engineering estimate is used instead (gen/data/cost_estimates.csv)"
875115655003,Wurth Elektronik,none,,,,,,2026-10-04,https://jlcsearch.tscircuit.com/components/list.json?search=875115655003&limit=10,"no price: not found on LCSC through the mirror or by web search; the Wuerth eShop is not machine-readable; looked up in the jlcsearch mirror (full code and family variants, limits 10/30/100), by web search of lcsc.com and on the maker site; an engineering estimate is used instead (gen/data/cost_estimates.csv)"
220R RST200 RFQ,,none,,,,,,2026-10-04,https://jlcsearch.tscircuit.com/components/list.json?search=220R%20RST200%20RFQ&limit=10,"no price: RFQ line without a manufacturer part number (made to our specification by the vendor named in the BOM): no public price; looked up in the jlcsearch mirror (full code and family variants, limits 10/30/100), by web search of lcsc.com and on the maker site; an engineering estimate is used instead (gen/data/cost_estimates.csv)"
300R RST200 RFQ,,none,,,,,,2026-10-04,https://jlcsearch.tscircuit.com/components/list.json?search=300R%20RST200%20RFQ&limit=10,"no price: RFQ line without a manufacturer part number (made to our specification by the vendor named in the BOM): no public price; looked up in the jlcsearch mirror (full code and family variants, limits 10/30/100), by web search of lcsc.com and on the maker site; an engineering estimate is used instead (gen/data/cost_estimates.csv)"
X 2.2u 1300V RFQ,,none,,,,,,2026-10-04,https://jlcsearch.tscircuit.com/components/list.json?search=X%202.2u%201300V%20RFQ&limit=10,"no price: RFQ line without a manufacturer part number (made to our specification by the vendor named in the BOM): no public price; looked up in the jlcsearch mirror (full code and family variants, limits 10/30/100), by web search of lcsc.com and on the maker site; an engineering estimate is used instead (gen/data/cost_estimates.csv)"
HP10NH2GPV250,Mersen,none,,,,,,2026-10-04,https://jlcsearch.tscircuit.com/components/list.json?search=HP10NH2GPV250&limit=10,"no price: Mersen publishes no list prices; retail listings found are for other part numbers; looked up in the jlcsearch mirror (full code and family variants, limits 10/30/100), by web search of lcsc.com and on the maker site; an engineering estimate is used instead (gen/data/cost_estimates.csv)"
C4AQQEW5650A3BJ,KEMET,none,,,,,,2026-10-04,https://jlcsearch.tscircuit.com/components/list.json?search=C4AQQEW5650A3BJ&limit=10,"no price: no distributor price found for this code; kemet.com shows no prices; looked up in the jlcsearch mirror (full code and family variants, limits 10/30/100), by web search of lcsc.com and on the maker site; an engineering estimate is used instead (gen/data/cost_estimates.csv)"
BZX84-B16,Nexperia,none,,,,,,2026-10-04,https://jlcsearch.tscircuit.com/components/list.json?search=BZX84-B16&limit=10,"no price: no LCSC hit for this exact code through the mirror or by web search; Nexperia shows no prices; looked up in the jlcsearch mirror (full code and family variants, limits 10/30/100), by web search of lcsc.com and on the maker site; an engineering estimate is used instead (gen/data/cost_estimates.csv)"
B57703M0103A019,TDK Electronics,none,,,,,,2026-10-04,https://jlcsearch.tscircuit.com/components/list.json?search=B57703M0103A019&limit=10,"no price: not found with a price on LCSC; tdk.com shows no prices; looked up in the jlcsearch mirror (full code and family variants, limits 10/30/100), by web search of lcsc.com and on the maker site; an engineering estimate is used instead (gen/data/cost_estimates.csv)"
REF3020EAIDBZR,Texas Instruments,none,,,,,,2026-10-04,https://jlcsearch.tscircuit.com/components/list.json?search=REF3020EAIDBZR&limit=10,"no price: not an orderable in the ti.com order table (legacy or special-grade code) and no LCSC hit; looked up in the jlcsearch mirror (full code and family variants, limits 10/30/100), by web search of lcsc.com and on the maker site; an engineering estimate is used instead (gen/data/cost_estimates.csv)"
1.1n 2kV C0G,,none,,,,,,2026-10-04,https://jlcsearch.tscircuit.com/components/list.json?search=1.1n%202kV%20C0G&limit=10,"no price: RFQ line without a manufacturer part number (made to our specification by the vendor named in the BOM): no public price; looked up in the jlcsearch mirror (full code and family variants, limits 10/30/100), by web search of lcsc.com and on the maker site; an engineering estimate is used instead (gen/data/cost_estimates.csv)"
13.6R 3W,,none,,,,,,2026-10-04,https://jlcsearch.tscircuit.com/components/list.json?search=13.6R%203W&limit=10,"no price: RFQ line without a manufacturer part number (made to our specification by the vendor named in the BOM): no public price; looked up in the jlcsearch mirror (full code and family variants, limits 10/30/100), by web search of lcsc.com and on the maker site; an engineering estimate is used instead (gen/data/cost_estimates.csv)"
47n 1.5kV C0G,,none,,,,,,2026-10-04,https://jlcsearch.tscircuit.com/components/list.json?search=47n%201.5kV%20C0G&limit=10,"no price: RFQ line without a manufacturer part number (made to our specification by the vendor named in the BOM): no public price; looked up in the jlcsearch mirror (full code and family variants, limits 10/30/100), by web search of lcsc.com and on the maker site; an engineering estimate is used instead (gen/data/cost_estimates.csv)"
3106U,Honeywell,none,,,,,,2026-10-04,https://jlcsearch.tscircuit.com/components/list.json?search=3106U&limit=10,"no price: no distributor price for this ordering code (only other codes of the same series); looked up in the jlcsearch mirror (full code and family variants, limits 10/30/100), by web search of lcsc.com and on the maker site; an engineering estimate is used instead (gen/data/cost_estimates.csv)"
VK315M0P10PI31,SIKA,none,,,,,,2026-10-04,https://jlcsearch.tscircuit.com/components/list.json?search=VK315M0P10PI31&limit=10,"no price: no price for this special set-point version (only other SIKA flow switches have prices); looked up in the jlcsearch mirror (full code and family variants, limits 10/30/100), by web search of lcsc.com and on the maker site; an engineering estimate is used instead (gen/data/cost_estimates.csv)"
CA-IS1311BG,Chipanalog,LCSC,C42370078,1,1.4615,USD,13,2026-10-04,https://www.lcsc.com/product-detail/C42370078.html,read via jlcsearch.tscircuit.com mirror of LCSC catalogue (Asian IC sourcing study)
CA-IS1311BG,Chipanalog,LCSC,C42370078,10,1.1886,USD,13,2026-10-04,https://www.lcsc.com/product-detail/C42370078.html,read via jlcsearch.tscircuit.com mirror of LCSC catalogue (Asian IC sourcing study)
CA-IS1311BG,Chipanalog,LCSC,C42370078,30,1.0384,USD,13,2026-10-04,https://www.lcsc.com/product-detail/C42370078.html,read via jlcsearch.tscircuit.com mirror of LCSC catalogue (Asian IC sourcing study)
CA-IS1311BG,Chipanalog,LCSC,C42370078,100,0.8688,USD,13,2026-10-04,https://www.lcsc.com/product-detail/C42370078.html,read via jlcsearch.tscircuit.com mirror of LCSC catalogue (Asian IC sourcing study)
CA-IS1311BG,Chipanalog,LCSC,C42370078,500,0.7929,USD,13,2026-10-04,https://www.lcsc.com/product-detail/C42370078.html,read via jlcsearch.tscircuit.com mirror of LCSC catalogue (Asian IC sourcing study)
CA-IS1311BG,Chipanalog,LCSC,C42370078,1000,0.759,USD,13,2026-10-04,https://www.lcsc.com/product-detail/C42370078.html,read via jlcsearch.tscircuit.com mirror of LCSC catalogue (Asian IC sourcing study)
CA-IS1311G,Chipanalog,LCSC,C18186208,1,1.4834,USD,547,2026-10-04,https://www.lcsc.com/product-detail/C18186208.html,read via jlcsearch.tscircuit.com mirror of LCSC catalogue (Asian IC sourcing study)
CA-IS1311G,Chipanalog,LCSC,C18186208,10,1.2064,USD,547,2026-10-04,https://www.lcsc.com/product-detail/C18186208.html,read via jlcsearch.tscircuit.com mirror of LCSC catalogue (Asian IC sourcing study)
CA-IS1311G,Chipanalog,LCSC,C18186208,30,1.054,USD,547,2026-10-04,https://www.lcsc.com/product-detail/C18186208.html,read via jlcsearch.tscircuit.com mirror of LCSC catalogue (Asian IC sourcing study)
CA-IS1311G,Chipanalog,LCSC,C18186208,100,0.8819,USD,547,2026-10-04,https://www.lcsc.com/product-detail/C18186208.html,read via jlcsearch.tscircuit.com mirror of LCSC catalogue (Asian IC sourcing study)
CA-IS1311G,Chipanalog,LCSC,C18186208,500,0.8065,USD,547,2026-10-04,https://www.lcsc.com/product-detail/C18186208.html,read via jlcsearch.tscircuit.com mirror of LCSC catalogue (Asian IC sourcing study)
CA-IS1311G,Chipanalog,LCSC,C18186208,1000,0.7721,USD,547,2026-10-04,https://www.lcsc.com/product-detail/C18186208.html,read via jlcsearch.tscircuit.com mirror of LCSC catalogue (Asian IC sourcing study)
CA-IS3115AW,Chipanalog,LCSC,C20598894,1,3.0714,USD,2,2026-10-04,https://www.lcsc.com/product-detail/C20598894.html,read via jlcsearch.tscircuit.com mirror of LCSC catalogue (Asian IC sourcing study)
CA-IS3115AW,Chipanalog,LCSC,C20598894,10,2.5595,USD,2,2026-10-04,https://www.lcsc.com/product-detail/C20598894.html,read via jlcsearch.tscircuit.com mirror of LCSC catalogue (Asian IC sourcing study)
CA-IS3115AW,Chipanalog,LCSC,C20598894,30,2.2398,USD,2,2026-10-04,https://www.lcsc.com/product-detail/C20598894.html,read via jlcsearch.tscircuit.com mirror of LCSC catalogue (Asian IC sourcing study)
CA-IS3115AW,Chipanalog,LCSC,C20598894,100,1.912,USD,2,2026-10-04,https://www.lcsc.com/product-detail/C20598894.html,read via jlcsearch.tscircuit.com mirror of LCSC catalogue (Asian IC sourcing study)
CA-IS3115AW,Chipanalog,LCSC,C20598894,500,1.7634,USD,2,2026-10-04,https://www.lcsc.com/product-detail/C20598894.html,read via jlcsearch.tscircuit.com mirror of LCSC catalogue (Asian IC sourcing study)
CA-IS3115AW,Chipanalog,LCSC,C20598894,1000,1.7004,USD,2,2026-10-04,https://www.lcsc.com/product-detail/C20598894.html,read via jlcsearch.tscircuit.com mirror of LCSC catalogue (Asian IC sourcing study)
AMC3330DWER,Texas Instruments,LCSC,C2999368,1,6.0292,USD,4573,2026-10-04,https://www.lcsc.com/product-detail/C2999368.html,read via jlcsearch.tscircuit.com mirror of LCSC catalogue (Asian IC sourcing study); incumbent tape-and-reel twin of AMC3330DWE
AMC3330DWER,Texas Instruments,LCSC,C2999368,10,5.2727,USD,4573,2026-10-04,https://www.lcsc.com/product-detail/C2999368.html,read via jlcsearch.tscircuit.com mirror of LCSC catalogue (Asian IC sourcing study); incumbent tape-and-reel twin of AMC3330DWE
AMC3330DWER,Texas Instruments,LCSC,C2999368,30,4.8237,USD,4573,2026-10-04,https://www.lcsc.com/product-detail/C2999368.html,read via jlcsearch.tscircuit.com mirror of LCSC catalogue (Asian IC sourcing study); incumbent tape-and-reel twin of AMC3330DWE
AMC3330DWER,Texas Instruments,LCSC,C2999368,100,4.3698,USD,4573,2026-10-04,https://www.lcsc.com/product-detail/C2999368.html,read via jlcsearch.tscircuit.com mirror of LCSC catalogue (Asian IC sourcing study); incumbent tape-and-reel twin of AMC3330DWE
AMC3330DWER,Texas Instruments,LCSC,C2999368,500,4.1599,USD,4573,2026-10-04,https://www.lcsc.com/product-detail/C2999368.html,read via jlcsearch.tscircuit.com mirror of LCSC catalogue (Asian IC sourcing study); incumbent tape-and-reel twin of AMC3330DWE
AMC3330DWER,Texas Instruments,LCSC,C2999368,1000,4.0656,USD,4573,2026-10-04,https://www.lcsc.com/product-detail/C2999368.html,read via jlcsearch.tscircuit.com mirror of LCSC catalogue (Asian IC sourcing study); incumbent tape-and-reel twin of AMC3330DWE
AMC3302DWER,Texas Instruments,LCSC,C4990160,1,3.2033,USD,1030,2026-10-04,https://www.lcsc.com/product-detail/C4990160.html,read via jlcsearch.tscircuit.com mirror of LCSC catalogue (Asian IC sourcing study); incumbent tape-and-reel twin of AMC3302DWE
AMC3302DWER,Texas Instruments,LCSC,C4990160,10,2.8292,USD,1030,2026-10-04,https://www.lcsc.com/product-detail/C4990160.html,read via jlcsearch.tscircuit.com mirror of LCSC catalogue (Asian IC sourcing study); incumbent tape-and-reel twin of AMC3302DWE
AMC3302DWER,Texas Instruments,LCSC,C4990160,30,2.6388,USD,1030,2026-10-04,https://www.lcsc.com/product-detail/C4990160.html,read via jlcsearch.tscircuit.com mirror of LCSC catalogue (Asian IC sourcing study); incumbent tape-and-reel twin of AMC3302DWE
AMC3302DWER,Texas Instruments,LCSC,C4990160,100,2.385,USD,1030,2026-10-04,https://www.lcsc.com/product-detail/C4990160.html,read via jlcsearch.tscircuit.com mirror of LCSC catalogue (Asian IC sourcing study); incumbent tape-and-reel twin of AMC3302DWE
AMC3302DWER,Texas Instruments,LCSC,C4990160,500,2.2923,USD,1030,2026-10-04,https://www.lcsc.com/product-detail/C4990160.html,read via jlcsearch.tscircuit.com mirror of LCSC catalogue (Asian IC sourcing study); incumbent tape-and-reel twin of AMC3302DWE
AMC3302DWER,Texas Instruments,LCSC,C4990160,1000,2.2533,USD,1030,2026-10-04,https://www.lcsc.com/product-detail/C4990160.html,read via jlcsearch.tscircuit.com mirror of LCSC catalogue (Asian IC sourcing study); incumbent tape-and-reel twin of AMC3302DWE
UCC12050DVER,Texas Instruments,LCSC,C504571,1,12.2276,USD,4,2026-10-04,https://www.lcsc.com/product-detail/C504571.html,read via jlcsearch.tscircuit.com mirror of LCSC catalogue (Asian IC sourcing study); incumbent tape-and-reel twin of UCC12050DVE
UCC12050DVER,Texas Instruments,LCSC,C504571,10,10.4299,USD,4,2026-10-04,https://www.lcsc.com/product-detail/C504571.html,read via jlcsearch.tscircuit.com mirror of LCSC catalogue (Asian IC sourcing study); incumbent tape-and-reel twin of UCC12050DVE
UCC12050DVER,Texas Instruments,LCSC,C504571,30,9.335,USD,4,2026-10-04,https://www.lcsc.com/product-detail/C504571.html,read via jlcsearch.tscircuit.com mirror of LCSC catalogue (Asian IC sourcing study); incumbent tape-and-reel twin of UCC12050DVE
UCC12050DVER,Texas Instruments,LCSC,C504571,100,8.4158,USD,4,2026-10-04,https://www.lcsc.com/product-detail/C504571.html,read via jlcsearch.tscircuit.com mirror of LCSC catalogue (Asian IC sourcing study); incumbent tape-and-reel twin of UCC12050DVE
UCC12050DVER,Texas Instruments,LCSC,C504571,102,8.4158,USD,4,2026-10-04,https://www.lcsc.com/product-detail/C504571.html,read via jlcsearch.tscircuit.com mirror of LCSC catalogue (Asian IC sourcing study); incumbent tape-and-reel twin of UCC12050DVE
UCC12050DVER,Texas Instruments,LCSC,C504571,104,8.4158,USD,4,2026-10-04,https://www.lcsc.com/product-detail/C504571.html,read via jlcsearch.tscircuit.com mirror of LCSC catalogue (Asian IC sourcing study); incumbent tape-and-reel twin of UCC12050DVE
MB85RC64TAPNF-G-BDERE1,Fujitsu,LCSC,C189804,1,1.1405,USD,20175,2026-10-04,https://www.lcsc.com/product-detail/C189804.html,read via jlcsearch.tscircuit.com mirror of LCSC catalogue (Asian IC sourcing study)
MB85RC64TAPNF-G-BDERE1,Fujitsu,LCSC,C189804,10,0.9566,USD,20175,2026-10-04,https://www.lcsc.com/product-detail/C189804.html,read via jlcsearch.tscircuit.com mirror of LCSC catalogue (Asian IC sourcing study)
MB85RC64TAPNF-G-BDERE1,Fujitsu,LCSC,C189804,30,0.8558,USD,20175,2026-10-04,https://www.lcsc.com/product-detail/C189804.html,read via jlcsearch.tscircuit.com mirror of LCSC catalogue (Asian IC sourcing study)
MB85RC64TAPNF-G-BDERE1,Fujitsu,LCSC,C189804,100,0.7403,USD,20175,2026-10-04,https://www.lcsc.com/product-detail/C189804.html,read via jlcsearch.tscircuit.com mirror of LCSC catalogue (Asian IC sourcing study)
MB85RC64TAPNF-G-BDERE1,Fujitsu,LCSC,C189804,500,0.6427,USD,20175,2026-10-04,https://www.lcsc.com/product-detail/C189804.html,read via jlcsearch.tscircuit.com mirror of LCSC catalogue (Asian IC sourcing study)
MB85RC64TAPNF-G-BDERE1,Fujitsu,LCSC,C189804,1500,0.6183,USD,20175,2026-10-04,https://www.lcsc.com/product-detail/C189804.html,read via jlcsearch.tscircuit.com mirror of LCSC catalogue (Asian IC sourcing study)
BL24C256A-PARC,Belling,LCSC,C90485,1,0.1708,USD,28641,2026-10-04,https://www.lcsc.com/product-detail/C90485.html,read via jlcsearch.tscircuit.com mirror of LCSC catalogue (Asian IC sourcing study)
BL24C256A-PARC,Belling,LCSC,C90485,50,0.1403,USD,28641,2026-10-04,https://www.lcsc.com/product-detail/C90485.html,read via jlcsearch.tscircuit.com mirror of LCSC catalogue (Asian IC sourcing study)
BL24C256A-PARC,Belling,LCSC,C90485,150,0.1252,USD,28641,2026-10-04,https://www.lcsc.com/product-detail/C90485.html,read via jlcsearch.tscircuit.com mirror of LCSC catalogue (Asian IC sourcing study)
BL24C256A-PARC,Belling,LCSC,C90485,500,0.1138,USD,28641,2026-10-04,https://www.lcsc.com/product-detail/C90485.html,read via jlcsearch.tscircuit.com mirror of LCSC catalogue (Asian IC sourcing study)
BL24C256A-PARC,Belling,LCSC,C90485,2500,0.0983,USD,28641,2026-10-04,https://www.lcsc.com/product-detail/C90485.html,read via jlcsearch.tscircuit.com mirror of LCSC catalogue (Asian IC sourcing study)
BL24C256A-PARC,Belling,LCSC,C90485,5000,0.0938,USD,28641,2026-10-04,https://www.lcsc.com/product-detail/C90485.html,read via jlcsearch.tscircuit.com mirror of LCSC catalogue (Asian IC sourcing study)
"74LVC1G17GV,125",Nexperia,LCSC,C6076,1,0.137,USD,2596,2026-10-04,https://www.lcsc.com/product-detail/C6076.html,read via jlcsearch.tscircuit.com mirror of LCSC catalogue (Asian IC sourcing study)
"74LVC1G17GV,125",Nexperia,LCSC,C6076,50,0.1089,USD,2596,2026-10-04,https://www.lcsc.com/product-detail/C6076.html,read via jlcsearch.tscircuit.com mirror of LCSC catalogue (Asian IC sourcing study)
"74LVC1G17GV,125",Nexperia,LCSC,C6076,150,0.0949,USD,2596,2026-10-04,https://www.lcsc.com/product-detail/C6076.html,read via jlcsearch.tscircuit.com mirror of LCSC catalogue (Asian IC sourcing study)
"74LVC1G17GV,125",Nexperia,LCSC,C6076,500,0.0843,USD,2596,2026-10-04,https://www.lcsc.com/product-detail/C6076.html,read via jlcsearch.tscircuit.com mirror of LCSC catalogue (Asian IC sourcing study)
"74LVC1G17GV,125",Nexperia,LCSC,C6076,3000,0.0734,USD,2596,2026-10-04,https://www.lcsc.com/product-detail/C6076.html,read via jlcsearch.tscircuit.com mirror of LCSC catalogue (Asian IC sourcing study)
"74LVC1G17GV,125",Nexperia,LCSC,C6076,6000,0.0692,USD,2596,2026-10-04,https://www.lcsc.com/product-detail/C6076.html,read via jlcsearch.tscircuit.com mirror of LCSC catalogue (Asian IC sourcing study)
"74LVC1G32GV,125",Nexperia,LCSC,C12517,1,0.123,USD,10978,2026-10-04,https://www.lcsc.com/product-detail/C12517.html,read via jlcsearch.tscircuit.com mirror of LCSC catalogue (Asian IC sourcing study)
"74LVC1G32GV,125",Nexperia,LCSC,C12517,50,0.0973,USD,10978,2026-10-04,https://www.lcsc.com/product-detail/C12517.html,read via jlcsearch.tscircuit.com mirror of LCSC catalogue (Asian IC sourcing study)
"74LVC1G32GV,125",Nexperia,LCSC,C12517,150,0.0845,USD,10978,2026-10-04,https://www.lcsc.com/product-detail/C12517.html,read via jlcsearch.tscircuit.com mirror of LCSC catalogue (Asian IC sourcing study)
"74LVC1G32GV,125",Nexperia,LCSC,C12517,500,0.0749,USD,10978,2026-10-04,https://www.lcsc.com/product-detail/C12517.html,read via jlcsearch.tscircuit.com mirror of LCSC catalogue (Asian IC sourcing study)
"74LVC1G32GV,125",Nexperia,LCSC,C12517,3000,0.0671,USD,10978,2026-10-04,https://www.lcsc.com/product-detail/C12517.html,read via jlcsearch.tscircuit.com mirror of LCSC catalogue (Asian IC sourcing study)
"74LVC1G32GV,125",Nexperia,LCSC,C12517,6000,0.0632,USD,10978,2026-10-04,https://www.lcsc.com/product-detail/C12517.html,read via jlcsearch.tscircuit.com mirror of LCSC catalogue (Asian IC sourcing study)
"74LVC1G74DC,125",Nexperia,LCSC,C503431,1,0.3607,USD,4494,2026-10-04,https://www.lcsc.com/product-detail/C503431.html,read via jlcsearch.tscircuit.com mirror of LCSC catalogue (Asian IC sourcing study)
"74LVC1G74DC,125",Nexperia,LCSC,C503431,50,0.2844,USD,4494,2026-10-04,https://www.lcsc.com/product-detail/C503431.html,read via jlcsearch.tscircuit.com mirror of LCSC catalogue (Asian IC sourcing study)
"74LVC1G74DC,125",Nexperia,LCSC,C503431,150,0.2517,USD,4494,2026-10-04,https://www.lcsc.com/product-detail/C503431.html,read via jlcsearch.tscircuit.com mirror of LCSC catalogue (Asian IC sourcing study)
"74LVC1G74DC,125",Nexperia,LCSC,C503431,500,0.2094,USD,4494,2026-10-04,https://www.lcsc.com/product-detail/C503431.html,read via jlcsearch.tscircuit.com mirror of LCSC catalogue (Asian IC sourcing study)
"74LVC1G74DC,125",Nexperia,LCSC,C503431,3000,0.1912,USD,4494,2026-10-04,https://www.lcsc.com/product-detail/C503431.html,read via jlcsearch.tscircuit.com mirror of LCSC catalogue (Asian IC sourcing study)
"74LVC1G74DC,125",Nexperia,LCSC,C503431,6000,0.1803,USD,4494,2026-10-04,https://www.lcsc.com/product-detail/C503431.html,read via jlcsearch.tscircuit.com mirror of LCSC catalogue (Asian IC sourcing study)
"74LVC08APW,118",Nexperia,LCSC,C6053,1,0.1471,USD,2158,2026-10-04,https://www.lcsc.com/product-detail/C6053.html,read via jlcsearch.tscircuit.com mirror of LCSC catalogue (Asian IC sourcing study)
"74LVC08APW,118",Nexperia,LCSC,C6053,50,0.1152,USD,2158,2026-10-04,https://www.lcsc.com/product-detail/C6053.html,read via jlcsearch.tscircuit.com mirror of LCSC catalogue (Asian IC sourcing study)
"74LVC08APW,118",Nexperia,LCSC,C6053,150,0.0993,USD,2158,2026-10-04,https://www.lcsc.com/product-detail/C6053.html,read via jlcsearch.tscircuit.com mirror of LCSC catalogue (Asian IC sourcing study)
"74LVC08APW,118",Nexperia,LCSC,C6053,500,0.0874,USD,2158,2026-10-04,https://www.lcsc.com/product-detail/C6053.html,read via jlcsearch.tscircuit.com mirror of LCSC catalogue (Asian IC sourcing study)
"74LVC08APW,118",Nexperia,LCSC,C6053,2500,0.0778,USD,2158,2026-10-04,https://www.lcsc.com/product-detail/C6053.html,read via jlcsearch.tscircuit.com mirror of LCSC catalogue (Asian IC sourcing study)
"74LVC08APW,118",Nexperia,LCSC,C6053,5000,0.0731,USD,2158,2026-10-04,https://www.lcsc.com/product-detail/C6053.html,read via jlcsearch.tscircuit.com mirror of LCSC catalogue (Asian IC sourcing study)
"74LVC244AD,118",Nexperia,LCSC,C548504,1,0.4686,USD,3663,2026-10-04,https://www.lcsc.com/product-detail/C548504.html,read via jlcsearch.tscircuit.com mirror of LCSC catalogue (Asian IC sourcing study)
"74LVC244AD,118",Nexperia,LCSC,C548504,10,0.3693,USD,3663,2026-10-04,https://www.lcsc.com/product-detail/C548504.html,read via jlcsearch.tscircuit.com mirror of LCSC catalogue (Asian IC sourcing study)
"74LVC244AD,118",Nexperia,LCSC,C548504,30,0.327,USD,3663,2026-10-04,https://www.lcsc.com/product-detail/C548504.html,read via jlcsearch.tscircuit.com mirror of LCSC catalogue (Asian IC sourcing study)
"74LVC244AD,118",Nexperia,LCSC,C548504,100,0.2734,USD,3663,2026-10-04,https://www.lcsc.com/product-detail/C548504.html,read via jlcsearch.tscircuit.com mirror of LCSC catalogue (Asian IC sourcing study)
"74LVC244AD,118",Nexperia,LCSC,C548504,500,0.2506,USD,3663,2026-10-04,https://www.lcsc.com/product-detail/C548504.html,read via jlcsearch.tscircuit.com mirror of LCSC catalogue (Asian IC sourcing study)
"74LVC244AD,118",Nexperia,LCSC,C548504,1000,0.2359,USD,3663,2026-10-04,https://www.lcsc.com/product-detail/C548504.html,read via jlcsearch.tscircuit.com mirror of LCSC catalogue (Asian IC sourcing study)
TLV3502AIDR,Texas Instruments,LCSC,C131165,1,1.8905,USD,4497,2026-10-04,https://www.lcsc.com/product-detail/C131165.html,read via jlcsearch.tscircuit.com mirror of LCSC catalogue (Asian IC sourcing study); incumbent family: TLV3502AIDR = tape-and-reel of TLV3502AID
TLV3502AIDR,Texas Instruments,LCSC,C131165,10,1.6009,USD,4497,2026-10-04,https://www.lcsc.com/product-detail/C131165.html,read via jlcsearch.tscircuit.com mirror of LCSC catalogue (Asian IC sourcing study); incumbent family: TLV3502AIDR = tape-and-reel of TLV3502AID
TLV3502AIDR,Texas Instruments,LCSC,C131165,30,1.4415,USD,4497,2026-10-04,https://www.lcsc.com/product-detail/C131165.html,read via jlcsearch.tscircuit.com mirror of LCSC catalogue (Asian IC sourcing study); incumbent family: TLV3502AIDR = tape-and-reel of TLV3502AID
TLV3502AIDR,Texas Instruments,LCSC,C131165,100,1.2202,USD,4497,2026-10-04,https://www.lcsc.com/product-detail/C131165.html,read via jlcsearch.tscircuit.com mirror of LCSC catalogue (Asian IC sourcing study); incumbent family: TLV3502AIDR = tape-and-reel of TLV3502AID
TLV3502AIDR,Texas Instruments,LCSC,C131165,500,1.1405,USD,4497,2026-10-04,https://www.lcsc.com/product-detail/C131165.html,read via jlcsearch.tscircuit.com mirror of LCSC catalogue (Asian IC sourcing study); incumbent family: TLV3502AIDR = tape-and-reel of TLV3502AID
TLV3502AIDR,Texas Instruments,LCSC,C131165,1000,1.1047,USD,4497,2026-10-04,https://www.lcsc.com/product-detail/C131165.html,read via jlcsearch.tscircuit.com mirror of LCSC catalogue (Asian IC sourcing study); incumbent family: TLV3502AIDR = tape-and-reel of TLV3502AID
TLV3502AIDCNR,Texas Instruments,LCSC,C48618,1,2.6583,USD,3047,2026-10-04,https://www.lcsc.com/product-detail/C48618.html,read via jlcsearch.tscircuit.com mirror of LCSC catalogue (Asian IC sourcing study); incumbent TLV3502AIDCNR
TLV3502AIDCNR,Texas Instruments,LCSC,C48618,10,2.2728,USD,3047,2026-10-04,https://www.lcsc.com/product-detail/C48618.html,read via jlcsearch.tscircuit.com mirror of LCSC catalogue (Asian IC sourcing study); incumbent TLV3502AIDCNR
TLV3502AIDCNR,Texas Instruments,LCSC,C48618,30,2.032,USD,3047,2026-10-04,https://www.lcsc.com/product-detail/C48618.html,read via jlcsearch.tscircuit.com mirror of LCSC catalogue (Asian IC sourcing study); incumbent TLV3502AIDCNR
TLV3502AIDCNR,Texas Instruments,LCSC,C48618,100,1.6074,USD,3047,2026-10-04,https://www.lcsc.com/product-detail/C48618.html,read via jlcsearch.tscircuit.com mirror of LCSC catalogue (Asian IC sourcing study); incumbent TLV3502AIDCNR
TLV3502AIDCNR,Texas Instruments,LCSC,C48618,500,1.4968,USD,3047,2026-10-04,https://www.lcsc.com/product-detail/C48618.html,read via jlcsearch.tscircuit.com mirror of LCSC catalogue (Asian IC sourcing study); incumbent TLV3502AIDCNR
TLV3502AIDCNR,Texas Instruments,LCSC,C48618,1000,1.448,USD,3047,2026-10-04,https://www.lcsc.com/product-detail/C48618.html,read via jlcsearch.tscircuit.com mirror of LCSC catalogue (Asian IC sourcing study); incumbent TLV3502AIDCNR
NST175H-QSPR,NOVOSENSE,LCSC,C917444,1,0.7289,USD,2026,2026-10-04,https://www.lcsc.com/product-detail/C917444.html,"read via jlcsearch.tscircuit.com mirror of LCSC catalogue (Asian IC sourcing study); NST175H-QSPR, considered for TMP1075, not adopted (dearer)"
NST175H-QSPR,NOVOSENSE,LCSC,C917444,10,0.576,USD,2026,2026-10-04,https://www.lcsc.com/product-detail/C917444.html,"read via jlcsearch.tscircuit.com mirror of LCSC catalogue (Asian IC sourcing study); NST175H-QSPR, considered for TMP1075, not adopted (dearer)"
NST175H-QSPR,NOVOSENSE,LCSC,C917444,30,0.4995,USD,2026,2026-10-04,https://www.lcsc.com/product-detail/C917444.html,"read via jlcsearch.tscircuit.com mirror of LCSC catalogue (Asian IC sourcing study); NST175H-QSPR, considered for TMP1075, not adopted (dearer)"
NST175H-QSPR,NOVOSENSE,LCSC,C917444,100,0.423,USD,2026,2026-10-04,https://www.lcsc.com/product-detail/C917444.html,"read via jlcsearch.tscircuit.com mirror of LCSC catalogue (Asian IC sourcing study); NST175H-QSPR, considered for TMP1075, not adopted (dearer)"
NST175H-QSPR,NOVOSENSE,LCSC,C917444,500,0.3775,USD,2026,2026-10-04,https://www.lcsc.com/product-detail/C917444.html,"read via jlcsearch.tscircuit.com mirror of LCSC catalogue (Asian IC sourcing study); NST175H-QSPR, considered for TMP1075, not adopted (dearer)"
NST175H-QSPR,NOVOSENSE,LCSC,C917444,1000,0.3547,USD,2026,2026-10-04,https://www.lcsc.com/product-detail/C917444.html,"read via jlcsearch.tscircuit.com mirror of LCSC catalogue (Asian IC sourcing study); NST175H-QSPR, considered for TMP1075, not adopted (dearer)"
TLV3202AIDGKR,Texas Instruments,LCSC,C478075,1,1.0445,USD,976,2026-10-04,https://www.lcsc.com/product-detail/C478075.html,read via jlcsearch.tscircuit.com mirror of LCSC catalogue; LCSC mfr part 'TLV3202AIDGKR' (AUX-HV rev C)
TLV3202AIDGKR,Texas Instruments,LCSC,C478075,10,0.8411,USD,976,2026-10-04,https://www.lcsc.com/product-detail/C478075.html,read via jlcsearch.tscircuit.com mirror of LCSC catalogue; LCSC mfr part 'TLV3202AIDGKR' (AUX-HV rev C)
TLV3202AIDGKR,Texas Instruments,LCSC,C478075,30,0.7403,USD,976,2026-10-04,https://www.lcsc.com/product-detail/C478075.html,read via jlcsearch.tscircuit.com mirror of LCSC catalogue; LCSC mfr part 'TLV3202AIDGKR' (AUX-HV rev C)
TLV3202AIDGKR,Texas Instruments,LCSC,C478075,100,0.6069,USD,976,2026-10-04,https://www.lcsc.com/product-detail/C478075.html,read via jlcsearch.tscircuit.com mirror of LCSC catalogue; LCSC mfr part 'TLV3202AIDGKR' (AUX-HV rev C)
TLV3202AIDGKR,Texas Instruments,LCSC,C478075,500,0.5467,USD,976,2026-10-04,https://www.lcsc.com/product-detail/C478075.html,read via jlcsearch.tscircuit.com mirror of LCSC catalogue; LCSC mfr part 'TLV3202AIDGKR' (AUX-HV rev C)
TLV3202AIDGKR,Texas Instruments,LCSC,C478075,1000,0.5158,USD,976,2026-10-04,https://www.lcsc.com/product-detail/C478075.html,read via jlcsearch.tscircuit.com mirror of LCSC catalogue; LCSC mfr part 'TLV3202AIDGKR' (AUX-HV rev C)
TPS3710DDCR,Texas Instruments,LCSC,C140262,1,0.9615,USD,118,2026-10-04,https://www.lcsc.com/product-detail/C140262.html,read via jlcsearch.tscircuit.com mirror of LCSC catalogue; LCSC mfr part 'TPS3710DDCR' (AUX-HV rev C)
TPS3710DDCR,Texas Instruments,LCSC,C140262,10,0.8493,USD,118,2026-10-04,https://www.lcsc.com/product-detail/C140262.html,read via jlcsearch.tscircuit.com mirror of LCSC catalogue; LCSC mfr part 'TPS3710DDCR' (AUX-HV rev C)
TPS3710DDCR,Texas Instruments,LCSC,C140262,30,0.7452,USD,118,2026-10-04,https://www.lcsc.com/product-detail/C140262.html,read via jlcsearch.tscircuit.com mirror of LCSC catalogue; LCSC mfr part 'TPS3710DDCR' (AUX-HV rev C)
TPS3710DDCR,Texas Instruments,LCSC,C140262,100,0.6671,USD,118,2026-10-04,https://www.lcsc.com/product-detail/C140262.html,read via jlcsearch.tscircuit.com mirror of LCSC catalogue; LCSC mfr part 'TPS3710DDCR' (AUX-HV rev C)
TPS3710DDCR,Texas Instruments,LCSC,C140262,500,0.6345,USD,118,2026-10-04,https://www.lcsc.com/product-detail/C140262.html,read via jlcsearch.tscircuit.com mirror of LCSC catalogue; LCSC mfr part 'TPS3710DDCR' (AUX-HV rev C)
TPS3710DDCR,Texas Instruments,LCSC,C140262,1000,0.6183,USD,118,2026-10-04,https://www.lcsc.com/product-detail/C140262.html,read via jlcsearch.tscircuit.com mirror of LCSC catalogue; LCSC mfr part 'TPS3710DDCR' (AUX-HV rev C)
SN74LVC1G17DBVR,Texas Instruments,LCSC,C7836,1,0.082,USD,34179,2026-10-04,https://www.lcsc.com/product-detail/C7836.html,read via jlcsearch.tscircuit.com mirror of LCSC catalogue; LCSC mfr part 'SN74LVC1G17DBVR' (AUX-HV rev C)
SN74LVC1G17DBVR,Texas Instruments,LCSC,C7836,50,0.0677,USD,34179,2026-10-04,https://www.lcsc.com/product-detail/C7836.html,read via jlcsearch.tscircuit.com mirror of LCSC catalogue; LCSC mfr part 'SN74LVC1G17DBVR' (AUX-HV rev C)
SN74LVC1G17DBVR,Texas Instruments,LCSC,C7836,150,0.0602,USD,34179,2026-10-04,https://www.lcsc.com/product-detail/C7836.html,read via jlcsearch.tscircuit.com mirror of LCSC catalogue; LCSC mfr part 'SN74LVC1G17DBVR' (AUX-HV rev C)
SN74LVC1G17DBVR,Texas Instruments,LCSC,C7836,500,0.0542,USD,34179,2026-10-04,https://www.lcsc.com/product-detail/C7836.html,read via jlcsearch.tscircuit.com mirror of LCSC catalogue; LCSC mfr part 'SN74LVC1G17DBVR' (AUX-HV rev C)
SN74LVC1G17DBVR,Texas Instruments,LCSC,C7836,3000,0.0521,USD,34179,2026-10-04,https://www.lcsc.com/product-detail/C7836.html,read via jlcsearch.tscircuit.com mirror of LCSC catalogue; LCSC mfr part 'SN74LVC1G17DBVR' (AUX-HV rev C)
SN74LVC1G17DBVR,Texas Instruments,LCSC,C7836,6000,0.0506,USD,34179,2026-10-04,https://www.lcsc.com/product-detail/C7836.html,read via jlcsearch.tscircuit.com mirror of LCSC catalogue; LCSC mfr part 'SN74LVC1G17DBVR' (AUX-HV rev C)
E1028288,Mersen,RS Americas (web-search snippet),,25,343.22,USD,,2026-10-04,https://api-websites-cached.sourceesb.com/part/e1028288~mersen,"listing names it Mersen 1000 VDC NH1 gPV 160 A (aggregator copy of RS Americas: 381.35 at 1, 362.28 at 10, 343.22 at 25); identity with HP10NH1GPV160 NOT verified - evidence that the 123.5 USD estimate is low, not high"
TVT25751KFKG,Thinking Electronic,none,,,,,,2026-10-04,https://jlcsearch.tscircuit.com/components/list.json?search=TVT25751&limit=20,"no price: not in the jlcsearch mirror of LCSC (TVT25751 / TVT25), web search found no listing; an engineering estimate is used instead (gen/data/cost_estimates.csv)"
002637115,ETI,none,,,,,,2026-10-04,https://www.etigroup.eu/products-services/002637115,no price: ETI publishes no prices; web search 2026-10-04 found no listing; an engineering estimate is used instead (gen/data/cost_estimates.csv)
006710340,ETI,none,,,,,,2026-10-04,https://www.etigroup.eu/products-services/006710340,no price: ETI publishes no prices; an engineering estimate is used instead (gen/data/cost_estimates.csv)
N1644900,Jean Müller,industry-electronics.com (Lieske webshop),N1644900,12,145.99,EUR,not in stock; ordered per order,2026-10-04,https://industry-electronics.com/jean-mueller/n1644900-nh-fuse-link-dc1000v-m1dc160a-lieske_2111607.htm,"NH1 gPV 1000 V DC 160 A (M1DC160A); distributor list price, page fetched directly: EUR 1,751.89 net for a sales unit of 12 incl. EUR 22.75 copper surcharge = 145.99 EUR per link (EUR 2,084.75 incl. VAT); unit price here is that division"
3NE1224-4,Siemens,Buerklin (web-search result; page blocked),27H2506,1,110.0155,EUR,"0 pcs, lead time on request",2026-10-04,https://buerklin.com/en/p/siemens/photovoltaic-fuses/3ne1224-4/27H2506,"SITOR NH1 gPV 160 A 1 kV DC, 30 kA; distributor price from the web-search result (page refuses plain requests; not verified on the page); the summary says VAT included (net would be about 92.45 EUR at 19 %); consistent with the 123 USD placeholder"
3NE1224-4,Siemens,Buerklin (web-search result; page blocked),27H2506,2,107.8616,EUR,"0 pcs, lead time on request",2026-10-04,https://buerklin.com/en/p/siemens/photovoltaic-fuses/3ne1224-4/27H2506,second price break of the listing above; same caveats (web-search result (page refuses plain requests; not verified on the page))
3NE1222-4,Siemens,Buerklin (web-search result; page blocked),27H2504,1,103.33,EUR,,2026-10-04,https://buerklin.com/en/p/siemens/photovoltaic-fuses/3ne1222-4/27H2504,SITOR NH1 gPV 125 A 1 kV DC for comparison (160 A link costs 6 % more); web-search result (page refuses plain requests; not verified on the page)
E1028288,Mersen,RS Americas (aggregator copy),,1,381.35,USD,,2026-10-04,https://api-websites-cached.sourceesb.com/part/e1028288~mersen,HP10NH1GPV160 NH1 gPV 160 A 1000 V DC; tier 1 of the listing whose 25-piece tier (343.22) is recorded in an earlier row; distributor price
E1028288,Mersen,RS Americas (aggregator copy),,10,362.28,USD,,2026-10-04,https://api-websites-cached.sourceesb.com/part/e1028288~mersen,tier 10 of the listing above; distributor price
NH2XLPV400U15D,Hollyland,LCSC,C7433111,1,60.2165,USD,0,2026-10-04,https://www.lcsc.com/product-detail/C7433111.html,"Chinese NH2XL PV fuse link 1500 V DC 400 A (datasheet HLD-PSI-1253); only NH-size Hollyland link listed on LCSC; the 160-250 A ratings are not listed; one price break, page read directly"
NH2,ZHENGRONG (zhfuse),made-in-china.com listing (indicative),160A,10,10.00,USD,,2026-10-04,https://zhfuse.en.made-in-china.com/product/fYHpicKlgFkm/China-IEC-60269-6-Certified-Nh2-160A-DC-Solar-Fuse-Link.html,"marketplace listing, INDICATIVE only: ""IEC 60269.6 certified NH2 160A DC solar fuse link"", 1000 V DC, standard field ""IEC CCC CB""; FOB, MOQ 10; no datasheet, curves or I2t; supplier not verified"
NH2,ZHENGRONG (zhfuse),made-in-china.com listing (indicative),200A,10,10.00,USD,,2026-10-04,https://zhfuse.en.made-in-china.com/product/RplrqSKYXOVT/China-IEC-60269-6-Certified-Nh2-200A-DC-Solar-Fuse-Link.html,"marketplace listing, INDICATIVE only: NH2 200 A 1000 V DC gPV, MOQ 10; no datasheet or curves"
NH2,ZHENGRONG (zhfuse),made-in-china.com listing (indicative),250A,10,10.00,USD,,2026-10-04,https://zhfuse.en.made-in-china.com/product/mLPrzYxEDJWe/China-IEC-60269-6-Certified-Nh2-250A-DC-Solar-Fuse-Link.html,"marketplace listing, INDICATIVE only: NH2 250 A 1000 V DC gPV, MOQ 10; no datasheet or curves"
NH1,ZHENGRONG (zhfuse),made-in-china.com listing (indicative),200A,10,12.00,USD,,2026-10-04,https://zhfuse.en.made-in-china.com/product/CgEYxWLjgRkK/China-200A-Rated-IEC-60269-6-Nh1-Fuse-for-Solar-DC-Distribution.html,"marketplace listing, INDICATIVE only: NH1 200 A 1000 V DC, MOQ 10; no datasheet or curves"
FPVH1,unbranded (frsidq),made-in-china.com listing (indicative),160A,20,7.70,USD,,2026-10-04,https://frsidq.en.made-in-china.com/product/NdRGzLtOCcpW/China-1000VDC-160A-Blade-Type-Solar-PV-Fuse-Size-Nh1-Gpv.html,"marketplace listing, INDICATIVE only: 1000 VDC 160 A blade-type solar PV fuse NH1 gPV, IEC 60269.6; listed range US$ 7.70-11.50 (lower bound recorded), MOQ 20; no datasheet"
D7642100,Jean Müller,industry-electronics.com (Lieske webshop),D7642100,10,5.233,EUR,,2026-10-04,https://industry-electronics.com/jean-mueller/d7642100-cylinder-fuse-10x38-gpv-1000v-z10dc15-lieske_2105072.htm,"Z10DC15/1000V 10x38 gPV 1000 V DC 15 A; distributor list price, page fetched directly: EUR 52.33 net for a sales unit of 10 incl. EUR 0.12 copper surcharge = 5.23 EUR per link (EUR 62.27 incl. VAT); Western reference for the small links"
HC10gPV15U0,Hollyland,LCSC,C7433109,1,6.7796,USD,1,2026-10-04,https://www.lcsc.com/product-detail/C7433109.html,"10x38 gPV 1000 V DC 15 A (family of datasheet HLD-PSI-1001, which goes up to 20 A); the 25/30 A ratings are not listed on LCSC; one price break, page read directly"
HC14LgPV6U15,Hollyland,LCSC,C7433110,1,10.278,USD,0,2026-10-04,https://www.lcsc.com/product-detail/C7433110.html,"14 mm gPV 1500 V DC 6 A (Hollyland HC14LgPV, 1-20 A); shows the Chinese price level of the 14x51-class links; one price break, page read directly"
10X38 gPV 1000VDC,zhfuse (unbranded),made-in-china.com listing (indicative),1A-32A,100,0.88,USD,,2026-10-04,https://zhfuse.en.made-in-china.com/product/KPZYWRDUCpcv/China-1000VDC-Gpv-Fuse-Link-10X38-Ceramic-for-Solar-Applications.html,"marketplace listing, INDICATIVE only: 10x38 ceramic gPV fuse link 1000 VDC 1-32 A, MOQ 100; no datasheet, breaking capacity or curves"
10NH1GBAT160B,Mersen,Advantage Electric Supply,Q1068617,1,,USD,0,2026-10-04,https://advantageelectricsupply.com/part/mersen/q1068617/2030540,"no price: NH gBat 1000 VDC size 1, 160 A (50 kA at L/R 2 ms per the listing); ""request a quote""; no public price found for any 200-250 A 1000 V gBat/aBat link (ETI 004110760, Mersen 10NH1GBAT200 / 10NH2GBAT200-250, Hollyland NH1XLaBat, Sinofuse RS309-MM-EV)"
B88269X3350C011,TDK Electronics,Cytech Systems,B88269X3350C11,1,142.392,USD,0,2026-10-04,https://www.cytechsystems.com/product/b88269x3350c11,"HVC43-250A-24 (no mirror contact; the project uses the MC variant B88269X7340C011); broker ""reference price"", RFQ for actual; page read directly"
B88269X3350C011,TDK Electronics,Cytech Systems,B88269X3350C11,10,133.8485,USD,0,2026-10-04,https://www.cytechsystems.com/product/b88269x3350c11,tier 10 of the listing above
B88269X3350C011,TDK Electronics,Cytech Systems,B88269X3350C11,100,126.7289,USD,0,2026-10-04,https://www.cytechsystems.com/product/b88269x3350c11,tier 100 of the listing above (the 127 USD of the cost model)
B88269X3350C011,TDK Electronics,Cytech Systems,B88269X3350C11,1000,119.6093,USD,0,2026-10-04,https://www.cytechsystems.com/product/b88269x3350c11,tier 1000 of the listing above
B88269X7340C011,TDK Electronics,DigiKey US (web-search result; page blocked),495-B88269X7340C011-ND,1,114.61,USD,,2026-10-04,https://www.digikey.com/en/products/detail/tdk/B88269X7340C011/25603874,HVC43-250A-24MC; distributor price at quantity from the web-search result (page refuses plain requests; not verified on the page)
B88269X7340C011,TDK Electronics,DigiKey US (web-search result; page blocked),495-B88269X7340C011-ND,10,102.05,USD,,2026-10-04,https://www.digikey.com/en/products/detail/tdk/B88269X7340C011/25603874,HVC43-250A-24MC; distributor price at quantity from the web-search result (page refuses plain requests; not verified on the page)
B88269X7340C011,TDK Electronics,DigiKey US (web-search result; page blocked),495-B88269X7340C011-ND,25,97.44,USD,,2026-10-04,https://www.digikey.com/en/products/detail/tdk/B88269X7340C011/25603874,HVC43-250A-24MC; distributor price at quantity from the web-search result (page refuses plain requests; not verified on the page)
B88269X7340C011,TDK Electronics,DigiKey US (web-search result; page blocked),495-B88269X7340C011-ND,50,94.09,USD,,2026-10-04,https://www.digikey.com/en/products/detail/tdk/B88269X7340C011/25603874,HVC43-250A-24MC; distributor price at quantity from the web-search result (page refuses plain requests; not verified on the page)
B88269X7340C011,TDK Electronics,DigiKey US (web-search result; page blocked),495-B88269X7340C011-ND,100,90.85,USD,,2026-10-04,https://www.digikey.com/en/products/detail/tdk/B88269X7340C011/25603874,HVC43-250A-24MC; distributor price at quantity from the web-search result (page refuses plain requests; not verified on the page)
B88269X7340C011,TDK Electronics,Mouser (web-search result; page blocked),,1,105.02,USD,,2026-10-04,https://www.mouser.co.il/ProductDetail/EPCOS-TDK/B88269X7340C011?qs=Vi0JKjFBtYl5o0VngVAkzA%3D%3D,HVC43-250A-24MC; distributor price at quantity from the web-search result (page refuses plain requests; not verified on the page); the Mouser listing named in the result is the Israeli site
B88269X7340C011,TDK Electronics,Mouser (web-search result; page blocked),,10,99.18,USD,,2026-10-04,https://www.mouser.co.il/ProductDetail/EPCOS-TDK/B88269X7340C011?qs=Vi0JKjFBtYl5o0VngVAkzA%3D%3D,HVC43-250A-24MC; distributor price at quantity from the web-search result (page refuses plain requests; not verified on the page); the Mouser listing named in the result is the Israeli site
B88269X7340C011,TDK Electronics,Mouser (web-search result; page blocked),,25,93.34,USD,,2026-10-04,https://www.mouser.co.il/ProductDetail/EPCOS-TDK/B88269X7340C011?qs=Vi0JKjFBtYl5o0VngVAkzA%3D%3D,HVC43-250A-24MC; distributor price at quantity from the web-search result (page refuses plain requests; not verified on the page); the Mouser listing named in the result is the Israeli site
B88269X7340C011,TDK Electronics,Mouser (web-search result; page blocked),,50,87.51,USD,,2026-10-04,https://www.mouser.co.il/ProductDetail/EPCOS-TDK/B88269X7340C011?qs=Vi0JKjFBtYl5o0VngVAkzA%3D%3D,HVC43-250A-24MC; distributor price at quantity from the web-search result (page refuses plain requests; not verified on the page); the Mouser listing named in the result is the Israeli site
B88269X7340C011,TDK Electronics,Mouser (web-search result; page blocked),,100,81.68,USD,,2026-10-04,https://www.mouser.co.il/ProductDetail/EPCOS-TDK/B88269X7340C011?qs=Vi0JKjFBtYl5o0VngVAkzA%3D%3D,HVC43-250A-24MC; distributor price at quantity from the web-search result (page refuses plain requests; not verified on the page); the Mouser listing named in the result is the Israeli site
HFE82V-300C/750-12-H-C5Y-1,Hongfa,Melchioni Electronics,,1,63.0,EUR,,2026-10-04,https://www.melchionielectronics.com/en/hongfa-direct-current-relay-hfe82v-300c-750-12-h-c5y-1,"Hongfa 300 A contactor, 750 V DC / 12 V coil variant (the 1000 V / 24 V coil HFE82V-300C/1000-24-H-C5-1 was not found at any Western distributor); distributor price from the page JSON, VAT status not shown"
HCF300/1000-24HC1H,"unbranded (listed ""for OTHER BRAND"")",FridayParts,HCF300,1,69.90,USD,in stock,2026-10-04,https://www.fridayparts.com/1p-300a-1000vdc-high-voltage-dc-relay-contactor-for-energy-storage-system,"1P 300 A 1000 VDC high-voltage DC contactor, 24 V coil, for energy storage; web-shop price, page read directly; no datasheet, no auxiliary-contact data"
EVK300G24DA4F,Estar,made-in-china.com listing (indicative),,30,32.47,USD,,2026-10-04,https://estarcharge.en.made-in-china.com/product/vtYUcWjPHbkJ/China-Evk300-High-Quality-DC-Relay-300A-1000VDC-Coil-24V-High-Voltage-DC-Contactor.html,"marketplace listing, INDICATIVE only: 300 A / 1000 VDC / 24 V coil HV DC contactor, US$ 31.50-32.47, MOQ 30; no datasheet checked"
HFE82V-300C,Hongfa,made-in-china.com listing (indicative),,10,57.50,USD,,2026-10-04,https://lithiumpro.en.made-in-china.com/product/CxpRdvaGqIrQ/China-HFE82V-300C-HONGFA-High-voltage-DC-Contactor-450V-750V-300A.html,"marketplace listing, INDICATIVE only: reseller of the 750 V variant, MOQ 10; not the 1000 V part"
9GT1224P1S001,Sanyo Denki,RS Components UK (web-search result; page blocked),1854535,10,104.14,GBP,,2026-10-04,https://uk.rs-online.com/web/p/axial-fans/1854535,10+ tier of the RS listing whose 1-9 price (107.37 GBP) is recorded in an earlier row; web-search result (page refuses plain requests; not verified on the page); RS Ireland shows 125.09 EUR (1-9) and 121.33 EUR (10+)
9GT1224P1S001,Sanyo Denki,RS Components Ireland (web-search result; page blocked),1854535,10,121.33,EUR,,2026-10-04,https://ie.rs-online.com/web/p/axial-fans/1854535,10+ tier (1-9: 125.09 EUR); web-search result (page refuses plain requests; not verified on the page)
9GT1224P1S001,Sanyo Denki,Cyrus Industrial,9GT1224P1S001,1,88.00,USD,4,2026-10-04,https://cyrusindustrial.com/9gt1224p1s001/,"stock dealer (""new - surplus"", East Coast); single-piece price from the page JSON-LD; no quantity breaks shown"
5094608,OBO Bettermann,industry-electronics.com (Lieske webshop),V20-C 3-PH-1000,1,263.20,EUR,must be ordered per order,2026-10-04,https://industry-electronics.com/obo-bettermann/5094608-v20-c3-ph-1000-surge-1000v-pole-pv-systems-lieske_186091.htm,"V20-C 3-PH-1000 type 2 PV arrester 1000 V DC, 3-pole; net price (313.21 EUR incl. VAT); page fetched directly"
5094608,OBO Bettermann,industry-electronics.com (Lieske webshop),V20-C 3-PH-1000,4,245.43,EUR,,2026-10-04,https://industry-electronics.com/obo-bettermann/5094608-v20-c3-ph-1000-surge-1000v-pole-pv-systems-lieske_186091.htm,net graduated price from 4 pieces
5094608,OBO Bettermann,industry-electronics.com (Lieske webshop),V20-C 3-PH-1000,8,227.67,EUR,,2026-10-04,https://industry-electronics.com/obo-bettermann/5094608-v20-c3-ph-1000-surge-1000v-pole-pv-systems-lieske_186091.htm,net graduated price from 8 pieces
5094608,OBO Bettermann,industry-electronics.com (Lieske webshop),V20-C 3-PH-1000,16,192.14,EUR,,2026-10-04,https://industry-electronics.com/obo-bettermann/5094608-v20-c3-ph-1000-surge-1000v-pole-pv-systems-lieske_186091.htm,net graduated price from 16 pieces
952515,DEHN,maxsel.de webshop,952515,1,302.51,EUR,,2026-10-04,https://www.maxsel.de/produkt/dehn-952-515-spd-ueberspannungs-ableiter-typ-2-dehnguard-m-ypv-sci-1000-fm/,"DEHNguard M YPV SCI 1000 FM type 2 PV arrester 1000 V DC; web-shop price shown with ""incl. 0 % VAT""; page read directly"
952515,DEHN,elektro4000.de webshop,247027,1,242.78,EUR,,2026-10-04,https://www.elektro4000.de/Installationsmaterial/Erdung-Blitz-und-Ueberspannungsschutz/Geraeteueberspannungsschutz/Ueberspannungsableiter-fuer-Energietechnik/DEHN-UeS-Ableiter-DEHNguard-DG-M-YPV-SCI-1000-FM::247027.html,"same DEHN part; web-shop price incl. 19 % VAT (net about 204.01 EUR), shown against a manufacturer list price of 465.41 EUR; page read directly"
2801160,Phoenix Contact,industry-electronics.com (web-search result; page not retrieved),VAL-MS-T1/T2 1000DC-PV/2+V,1,260.67,EUR,,2026-10-04,https://industry-electronics.com/phoenix-contact/2801160-phoenix-val-ms-t1-t2-1000dc-pv-2v-surge-arrester-type-lieske_184465.htm,"type 1+2 PV arrester 1000 V DC; net price (310.20 EUR incl. VAT) quoted in a web-search result; the URL returned HTTP 404 when fetched, so not verified"
Lyd1-PV,Zhejiang Reyun (unbranded),made-in-china.com listing (indicative),2P 1000V DC,1,4.50,USD,,2026-10-04,https://zjreyun.en.made-in-china.com/product/NfWrEgFPHhRo/China-1000V-DC-Surge-Protector-Solar-DC-SPD-Surge-Arrester-Photovoltaic-SPD-2p-Lyd1-PV.html,"marketplace listing, INDICATIVE only: 1000 V DC solar SPD 2P, US$ 4.50-5.00, MOQ 1; no certified surge ratings checked"
G2040PV-1000,Gandian Lightning Protection,made-in-china.com listing (indicative),Imax 40kA,96,8.50,USD,,2026-10-04,https://chinagada.en.made-in-china.com/product/BfHUVImuuxhY/China-G2040PV-1000-Series-1000V-DC-Imax-40ka-Solar-PV-Surge-Protector.html,"marketplace listing, INDICATIVE only: 1000 V DC Imax 40 kA solar PV SPD, US$ 8.50-12.00, MOQ 96"
ISCCR 10kA Imax 40kA,Foshan Fatech Electronic,made-in-china.com listing (indicative),1000V DC,100,28.00,USD,,2026-10-04,https://fatechelectronic.en.made-in-china.com/product/vACRbYcjAPkD/China-ISCCR-10kA-Imax-40kA-1000V-DC-High-Stability-Surge-Protective-Device.html,"marketplace listing, INDICATIVE only: 1000 V DC SPD with 10 kA In / 40 kA Imax, US$ 28.00-30.00, MOQ 100"
AO3400A,Alpha and Omega Semiconductor,LCSC,C20917,500,0.0529,USD,1535925,2026-10-04,https://www.lcsc.com/product-detail/C20917.html,"read via jlcsearch.tscircuit.com mirror of LCSC catalogue (plain request); LCSC mfr part 'AO3400A', SOT-23, 30 V 48 mOhm at 2.5 V = gdrv AO data; break 500-2999"
X6511WV-02H-C60D30,XKB Connection,LCSC,C706874,600,0.0233,USD,5511,2026-10-04,https://www.lcsc.com/product-detail/C706874.html,"read via jlcsearch.tscircuit.com mirror of LCSC catalogue (search C706874); LCSC mfr part 'X6511WV-02H-C60D30', THT P=2.54 mm; break 600-1999"
X9555WV-2x20-6TV01,XKB Connection,LCSC,C2884558,500,0.2603,USD,1444,2026-10-04,https://www.lcsc.com/product-detail/C2884558.html,"read via jlcsearch.tscircuit.com mirror of LCSC catalogue (search C2884558); LCSC mfr part 'X9555WV-2x20-6TV01', THT P=2.54 mm; break 500-999"
F280039CSPZR,Texas Instruments,TI.com,F280039CSPZR,1000,4.395,USD,,2026-10-04,https://www.ti.com/product/TMS320F280039C/part-details/F280039CSPZR,"TI 1ku list price from the product page (JSON-LD offers.price; plain request); 100-LQFP reel; same page: F280039CSPMR (64-LQFP) 4.195, F280039CSPNR (80-LQFP) 4.295, tray variants about +0.61; shown out of stock at TI on the read date; cost-first controller (docs/requirements/ARCHITECTURE-COSTFIRST.md)"
AFB1224SHE-F00,Delta Electronics,Master Electronics (web-search result; page not read),,504,12.85,USD,,2026-10-04,https://masterelectronics.com/en/delta-fans/afb1224she-11251419.html,"web-search result: 22.96 USD @1 falling to 12.85 USD @504+; same search: Heilind 16.22 and Avnet 16.84 (single piece); cost-first fan (120x38 mm, 24 V, 12 W, 258 m3/h, 142 Pa, -10..+60 C)"
C3D1X505KB00C00,Xiamen Faratronic,LCSC (web-search result; page not read),C5349313,1000,0.5571,USD,,2026-10-04,https://fat.lcsc.com/product-detail/C5349313.html,web-search result: 1.0732 USD @1 to 0.5571 USD @1000+; 5 uF C3D PCB DC-link film (code 1X = 900 V per Faratronic's code table; the listing says 1000 V); used only as the volume-scaling basis of the Chinese DC-link film estimates in gen/data/costfirst_bom.csv
CA-IS3062W,Chipanalog,LCSC,C2890050,1000,1.7327,USD,19411,2026-10-04,https://jlcsearch.tscircuit.com/components/list.json?search=CA-IS3062,"isolated CAN transceiver 5 kVrms SOIC-16 WB; tiers 1-9 3.3416, 500-999 1.8091, 1000+ 1.7327 (jlcsearch mirror)"
CA-IS3082WNX,Chipanalog,LCSC,C7422548,1000,0.5119,USD,3,2026-10-04,https://jlcsearch.tscircuit.com/components/list.json?search=CA-IS3082,"isolated RS-485 transceiver SOIC-16; tiers 1-9 1.0529, 500-999 0.5459, 1000+ 0.5119 (jlcsearch mirror, 3 in stock); CA-IS3082CWX C41784141 0.4554 @1000 (196 in stock)"
LM317LCPK,Texas Instruments,LCSC,C2877546,1000,0.205,USD,1331,2026-10-04,https://jlcsearch.tscircuit.com/components/list.json?search=LM317L,"adjustable LDO 1.25-32 V 100 mA SOT-89; tiers 1-9 0.4214, 500-999 0.218, 1000+ 0.205 (jlcsearch mirror); cost-first per-channel gate-bias regulator"
TPS3823-33DBVR,Texas Instruments,LCSC,C7719,1,0.2516,USD,44590,2026-10-04,https://jlcsearch.tscircuit.com/components/list.json?search=TPS3823,supervisor + watchdog 2.93 V; tier 1-49 (jlcsearch mirror)
TPS3823-33DBVR,Texas Instruments,LCSC,C7719,3000,0.1367,USD,44590,2026-10-04,https://jlcsearch.tscircuit.com/components/list.json?search=TPS3823,tier 3000-5999 of the listing above (6000+: 0.1326)
CSS2H-3920R-L200F,Bourns,element14 AU (web-search snippet),2576342,500,1.61,AUD,,2026-10-04,https://au.element14.com/bourns/css2h-3920r-l200f/current-sense-res-0r0002-1-12/dp/2576342,"as shown incl. GST; 1500+ 1.48, 3000+ 1.44 AUD; not found in the jlcsearch mirror"
CA-IS3417WT,Chipanalog,LCSC product page (web-search snippet),C42420726,1000,1.6004,USD,0,2026-10-04,https://www.lcsc.com/product-detail/C42420726.html,"listing is the -Q1 automotive variant of the same SSR (1+ 2.7021 USD, 0 in stock); the jlcsearch mirror returns no hit for either code"
ARHV06BTC1004A,Viking Tech,none,,,,,,2026-10-04,https://jlcsearch.tscircuit.com/components/list.json?search=ARHV06BTC1004A&limit=10,no price: not in the jlcsearch mirror of LCSC (full code and ARHV06/ARHV13 family); an engineering estimate is used instead (gen/data/cost_estimates.csv)
ARHV13BTC1243A,Viking Tech,none,,,,,,2026-10-04,https://jlcsearch.tscircuit.com/components/list.json?search=ARHV13BTC1243A&limit=10,no price: not in the jlcsearch mirror of LCSC (full code and ARHV06/ARHV13 family); an engineering estimate is used instead (gen/data/cost_estimates.csv)
HPE501/000B100-250,Hongfa,none,,,,,,2026-10-04,https://jlcsearch.tscircuit.com/components/list.json?search=HPE501&limit=10,"no price: not in the jlcsearch mirror (HPE501, full code); Hongfa publishes no prices; an engineering estimate is used instead (gen/data/cost_estimates.csv)"
CRG40T120BK3SD,CR Micro,LCSC,C2981191,1,3.7174,USD,840,2026-10-04,https://jlcsearch.tscircuit.com/api/search?q=C2981191,"1200 V 40 A TO-247 IGBT; single price from the jlcsearch code lookup (no break table); listing: Eon 3.3 mJ, Eoff 1.4 mJ, 2.4 V @40 A; PCS outer switch"
YGW40N120F2,luxin-semi,LCSC (web-search result; page not read),C4153679,1,3.87,USD,,2026-10-04,https://lcsc.com/product-detail/IGBTs_luxin-semi-YGW40N120F2_C4153679.html,"web-search result: 3.87 @1, 3.38 @10, 2.95 @30, 2.66 @90+; used only as the LCSC tier slope (0.69) of a 1200 V 40 A IGBT"
YGW40N120F2,luxin-semi,LCSC (web-search result; page not read),C4153679,90,2.66,USD,,2026-10-04,https://lcsc.com/product-detail/IGBTs_luxin-semi-YGW40N120F2_C4153679.html,90+ tier of the listing above
F28P550SJ6PZR,Texas Instruments,TI.com,F28P550SJ6PZR,1000,4.78,USD,,2026-10-04,https://www.ti.com/product/TMS320F28P550SJ,"TI 1ku list price from the product page JSON-LD (100-LQFP reel; 150 MHz C28x + CLA, five ADCs); PCS controller upgrade path"
SMCJ54A,Bourns,none,,,,,,2026-10-04,https://jlcsearch.tscircuit.com/components/list.json?search=SMCJ54A&limit=10,"no price: the jlcsearch.tscircuit.com mirror returned no matching part for this code (MPN search, 2026-10-04); AUX75 block uses a stated estimate"
35ZLH1500MEFC12.5X30,Rubycon,none,,,,,,2026-10-04,https://jlcsearch.tscircuit.com/components/list.json?search=35ZLH1500MEFC12.5X30&limit=10,"no price: the jlcsearch.tscircuit.com mirror returned no matching part for this code (MPN search, 2026-10-04); AUX75 block uses a stated estimate"
PCV1HVF101MB12FV-WE3,Jianghai,none,,,,,,2026-10-04,https://jlcsearch.tscircuit.com/components/list.json?search=PCV1HVF101MB12FV-WE3&limit=10,"no price: the jlcsearch.tscircuit.com mirror returned no matching part for this code (MPN search, 2026-10-04); AUX75 block uses a stated estimate"
CRG40T120AK3SD,CR Micro,LCSC via jlcsearch mirror,C2981189,1,3.3969,USD,4820,2026-10-04,https://jlcsearch.tscircuit.com/components/list.json?search=C2981189,"1200 V 40 A IGBT TO-247, 40 A co-pack diode (PCS evaluation)"
CRG40T120AK3SD,CR Micro,LCSC via jlcsearch mirror,C2981189,10,2.9951,USD,4820,2026-10-04,https://jlcsearch.tscircuit.com/components/list.json?search=C2981189,"1200 V 40 A IGBT TO-247, 40 A co-pack diode (PCS evaluation)"
CRG40T120AK3SD,CR Micro,LCSC via jlcsearch mirror,C2981189,25,2.4111,USD,4820,2026-10-04,https://jlcsearch.tscircuit.com/components/list.json?search=C2981189,"1200 V 40 A IGBT TO-247, 40 A co-pack diode (PCS evaluation)"
CRG40T120AK3SD,CR Micro,LCSC via jlcsearch mirror,C2981189,100,2.1524,USD,4820,2026-10-04,https://jlcsearch.tscircuit.com/components/list.json?search=C2981189,"1200 V 40 A IGBT TO-247, 40 A co-pack diode (PCS evaluation)"
CRG40T120AK3SD,CR Micro,LCSC via jlcsearch mirror,C2981189,500,2.0369,USD,4820,2026-10-04,https://jlcsearch.tscircuit.com/components/list.json?search=C2981189,"1200 V 40 A IGBT TO-247, 40 A co-pack diode (PCS evaluation)"
CRG40T120AK3SD,CR Micro,LCSC via jlcsearch mirror,C2981189,1000,1.9865,USD,4820,2026-10-04,https://jlcsearch.tscircuit.com/components/list.json?search=C2981189,"1200 V 40 A IGBT TO-247, 40 A co-pack diode (PCS evaluation)"
CRG40T120BK3SD,CR Micro,LCSC via jlcsearch mirror,C2981191,10,3.2814,USD,840,2026-10-04,https://jlcsearch.tscircuit.com/components/list.json?search=C2981191,"1200 V 40 A IGBT TO-247, 40 A co-pack diode; remaining tiers (qty 1 row already in file)"
CRG40T120BK3SD,CR Micro,LCSC via jlcsearch mirror,C2981191,30,2.7072,USD,840,2026-10-04,https://jlcsearch.tscircuit.com/components/list.json?search=C2981191,"1200 V 40 A IGBT TO-247, 40 A co-pack diode; remaining tiers (qty 1 row already in file)"
CRG40T120BK3SD,CR Micro,LCSC via jlcsearch mirror,C2981191,90,2.4273,USD,840,2026-10-04,https://jlcsearch.tscircuit.com/components/list.json?search=C2981191,"1200 V 40 A IGBT TO-247, 40 A co-pack diode; remaining tiers (qty 1 row already in file)"
CRG40T120BK3SD,CR Micro,LCSC via jlcsearch mirror,C2981191,480,2.3004,USD,840,2026-10-04,https://jlcsearch.tscircuit.com/components/list.json?search=C2981191,"1200 V 40 A IGBT TO-247, 40 A co-pack diode; remaining tiers (qty 1 row already in file)"
CRG40T120BK3SD,CR Micro,LCSC via jlcsearch mirror,C2981191,960,2.2468,USD,840,2026-10-04,https://jlcsearch.tscircuit.com/components/list.json?search=C2981191,"1200 V 40 A IGBT TO-247, 40 A co-pack diode; remaining tiers (qty 1 row already in file)"
CRG50T60AK3SD,CR Micro,LCSC via jlcsearch mirror,C22363475,1,1.694,USD,929,2026-10-04,https://jlcsearch.tscircuit.com/components/list.json?search=C22363475,"650 V 50 A IGBT TO-247, 50 A co-pack diode, t_SC 10 us (PCS evaluation)"
CRG50T60AK3SD,CR Micro,LCSC via jlcsearch mirror,C22363475,10,1.4356,USD,929,2026-10-04,https://jlcsearch.tscircuit.com/components/list.json?search=C22363475,"650 V 50 A IGBT TO-247, 50 A co-pack diode, t_SC 10 us (PCS evaluation)"
CRG50T60AK3SD,CR Micro,LCSC via jlcsearch mirror,C22363475,25,1.3436,USD,929,2026-10-04,https://jlcsearch.tscircuit.com/components/list.json?search=C22363475,"650 V 50 A IGBT TO-247, 50 A co-pack diode, t_SC 10 us (PCS evaluation)"
CRG50T60AK3SD,CR Micro,LCSC via jlcsearch mirror,C22363475,100,1.1772,USD,929,2026-10-04,https://jlcsearch.tscircuit.com/components/list.json?search=C22363475,"650 V 50 A IGBT TO-247, 50 A co-pack diode, t_SC 10 us (PCS evaluation)"
CRG50T60AK3SD,CR Micro,LCSC via jlcsearch mirror,C22363475,500,1.103,USD,929,2026-10-04,https://jlcsearch.tscircuit.com/components/list.json?search=C22363475,"650 V 50 A IGBT TO-247, 50 A co-pack diode, t_SC 10 us (PCS evaluation)"
CRG50T60AK3SD,CR Micro,LCSC via jlcsearch mirror,C22363475,1000,1.0707,USD,929,2026-10-04,https://jlcsearch.tscircuit.com/components/list.json?search=C22363475,"650 V 50 A IGBT TO-247, 50 A co-pack diode, t_SC 10 us (PCS evaluation)"
NCE40TD120VT,Wuxi NCE Power,LCSC via jlcsearch mirror,C5124157,1,3.7207,USD,368,2026-10-04,https://jlcsearch.tscircuit.com/components/list.json?search=C5124157,"1200 V 40 A IGBT TO-247 Trench FS II, 40 A diode (PCS evaluation)"
NCE40TD120VT,Wuxi NCE Power,LCSC via jlcsearch mirror,C5124157,10,3.1009,USD,368,2026-10-04,https://jlcsearch.tscircuit.com/components/list.json?search=C5124157,"1200 V 40 A IGBT TO-247 Trench FS II, 40 A diode (PCS evaluation)"
NCE40TD120VT,Wuxi NCE Power,LCSC via jlcsearch mirror,C5124157,30,2.7137,USD,368,2026-10-04,https://jlcsearch.tscircuit.com/components/list.json?search=C5124157,"1200 V 40 A IGBT TO-247 Trench FS II, 40 A diode (PCS evaluation)"
NCE40TD120VT,Wuxi NCE Power,LCSC via jlcsearch mirror,C5124157,90,2.3167,USD,368,2026-10-04,https://jlcsearch.tscircuit.com/components/list.json?search=C5124157,"1200 V 40 A IGBT TO-247 Trench FS II, 40 A diode (PCS evaluation)"
NCE40TD120VT,Wuxi NCE Power,LCSC via jlcsearch mirror,C5124157,510,2.1361,USD,368,2026-10-04,https://jlcsearch.tscircuit.com/components/list.json?search=C5124157,"1200 V 40 A IGBT TO-247 Trench FS II, 40 A diode (PCS evaluation)"
NCE40TD120VT,Wuxi NCE Power,LCSC via jlcsearch mirror,C5124157,1200,2.058,USD,368,2026-10-04,https://jlcsearch.tscircuit.com/components/list.json?search=C5124157,"1200 V 40 A IGBT TO-247 Trench FS II, 40 A diode (PCS evaluation)"
NCE80TD65BT,Wuxi NCE Power,LCSC via jlcsearch mirror,C502948,1,2.8601,USD,358,2026-10-04,https://jlcsearch.tscircuit.com/components/list.json?search=C502948,"650 V 80 A IGBT TO-247 Trench FS II, 80 A diode (PCS evaluation)"
NCE80TD65BT,Wuxi NCE Power,LCSC via jlcsearch mirror,C502948,10,2.3834,USD,358,2026-10-04,https://jlcsearch.tscircuit.com/components/list.json?search=C502948,"650 V 80 A IGBT TO-247 Trench FS II, 80 A diode (PCS evaluation)"
NCE80TD65BT,Wuxi NCE Power,LCSC via jlcsearch mirror,C502948,30,2.0857,USD,358,2026-10-04,https://jlcsearch.tscircuit.com/components/list.json?search=C502948,"650 V 80 A IGBT TO-247 Trench FS II, 80 A diode (PCS evaluation)"
NCE80TD65BT,Wuxi NCE Power,LCSC via jlcsearch mirror,C502948,90,1.7798,USD,358,2026-10-04,https://jlcsearch.tscircuit.com/components/list.json?search=C502948,"650 V 80 A IGBT TO-247 Trench FS II, 80 A diode (PCS evaluation)"
NCE80TD65BT,Wuxi NCE Power,LCSC via jlcsearch mirror,C502948,510,1.6416,USD,358,2026-10-04,https://jlcsearch.tscircuit.com/components/list.json?search=C502948,"650 V 80 A IGBT TO-247 Trench FS II, 80 A diode (PCS evaluation)"
NCE80TD65BT,Wuxi NCE Power,LCSC via jlcsearch mirror,C502948,990,1.5814,USD,358,2026-10-04,https://jlcsearch.tscircuit.com/components/list.json?search=C502948,"650 V 80 A IGBT TO-247 Trench FS II, 80 A diode (PCS evaluation)"
CRGMF100T120FSA3,CR Micro,LCSC via jlcsearch mirror,C3018875,1,21.8228,USD,348,2026-10-04,https://jlcsearch.tscircuit.com/components/list.json?search=C3018875,"1200 V 100 A IGBT module, bolt mount, Tj 125 C (module price-per-ampere check, PCS)"
CRGMF100T120FSA3,CR Micro,LCSC via jlcsearch mirror,C3018875,10,18.0029,USD,348,2026-10-04,https://jlcsearch.tscircuit.com/components/list.json?search=C3018875,"1200 V 100 A IGBT module, bolt mount, Tj 125 C (module price-per-ampere check, PCS)"
CRGMF100T120FSA3,CR Micro,LCSC via jlcsearch mirror,C3018875,36,16.7193,USD,348,2026-10-04,https://jlcsearch.tscircuit.com/components/list.json?search=C3018875,"1200 V 100 A IGBT module, bolt mount, Tj 125 C (module price-per-ampere check, PCS)"
CRGMF100T120FSA3,CR Micro,LCSC via jlcsearch mirror,C3018875,108,15.5984,USD,348,2026-10-04,https://jlcsearch.tscircuit.com/components/list.json?search=C3018875,"1200 V 100 A IGBT module, bolt mount, Tj 125 C (module price-per-ampere check, PCS)"
KF2EDGR-3.5-2P,Cixi Kefa,LCSC,C441171,1,0.0498,USD,8873,2026-10-04,https://www.lcsc.com/product-detail/C441171.html,read via jlcsearch.tscircuit.com mirror by C-number; LCSC mfr part 'KF2EDGR-3.5-2P'
KF2EDGR-3.5-2P,Cixi Kefa,LCSC,C441171,100,0.0389,USD,8873,2026-10-04,https://www.lcsc.com/product-detail/C441171.html,read via jlcsearch.tscircuit.com mirror by C-number; LCSC mfr part 'KF2EDGR-3.5-2P'
KF2EDGR-3.5-2P,Cixi Kefa,LCSC,C441171,500,0.0334,USD,8873,2026-10-04,https://www.lcsc.com/product-detail/C441171.html,read via jlcsearch.tscircuit.com mirror by C-number; LCSC mfr part 'KF2EDGR-3.5-2P'
KF2EDGR-3.5-2P,Cixi Kefa,LCSC,C441171,1000,0.0293,USD,8873,2026-10-04,https://www.lcsc.com/product-detail/C441171.html,read via jlcsearch.tscircuit.com mirror by C-number; LCSC mfr part 'KF2EDGR-3.5-2P'
KF2EDGR-3.5-2P,Cixi Kefa,LCSC,C441171,5000,0.0261,USD,8873,2026-10-04,https://www.lcsc.com/product-detail/C441171.html,read via jlcsearch.tscircuit.com mirror by C-number; LCSC mfr part 'KF2EDGR-3.5-2P'
KF2EDGR-3.5-2P,Cixi Kefa,LCSC,C441171,10000,0.0245,USD,8873,2026-10-04,https://www.lcsc.com/product-detail/C441171.html,read via jlcsearch.tscircuit.com mirror by C-number; LCSC mfr part 'KF2EDGR-3.5-2P'
KF2EDGR-3.81-4P,Cixi Kefa Electronic,LCSC,C441184,1,0.1038,USD,30514,2026-10-04,https://www.lcsc.com/product-detail/C441184.html,read via jlcsearch.tscircuit.com mirror by C-number; LCSC mfr part 'KF2EDGR-3.81-4P'
KF2EDGR-3.81-4P,Cixi Kefa Electronic,LCSC,C441184,50,0.0838,USD,30514,2026-10-04,https://www.lcsc.com/product-detail/C441184.html,read via jlcsearch.tscircuit.com mirror by C-number; LCSC mfr part 'KF2EDGR-3.81-4P'
KF2EDGR-3.81-4P,Cixi Kefa Electronic,LCSC,C441184,150,0.0737,USD,30514,2026-10-04,https://www.lcsc.com/product-detail/C441184.html,read via jlcsearch.tscircuit.com mirror by C-number; LCSC mfr part 'KF2EDGR-3.81-4P'
KF2EDGR-3.81-4P,Cixi Kefa Electronic,LCSC,C441184,500,0.0638,USD,30514,2026-10-04,https://www.lcsc.com/product-detail/C441184.html,read via jlcsearch.tscircuit.com mirror by C-number; LCSC mfr part 'KF2EDGR-3.81-4P'
KF2EDGR-3.81-4P,Cixi Kefa Electronic,LCSC,C441184,2500,0.0578,USD,30514,2026-10-04,https://www.lcsc.com/product-detail/C441184.html,read via jlcsearch.tscircuit.com mirror by C-number; LCSC mfr part 'KF2EDGR-3.81-4P'
KF2EDGR-3.81-4P,Cixi Kefa Electronic,LCSC,C441184,5000,0.0547,USD,30514,2026-10-04,https://www.lcsc.com/product-detail/C441184.html,read via jlcsearch.tscircuit.com mirror by C-number; LCSC mfr part 'KF2EDGR-3.81-4P'
KF2EDGR-3.81-6P,Cixi Kefa Electronic,LCSC,C441186,1,0.1367,USD,10013,2026-10-04,https://www.lcsc.com/product-detail/C441186.html,read via jlcsearch.tscircuit.com mirror by C-number; LCSC mfr part 'KF2EDGR-3.81-6P'
KF2EDGR-3.81-6P,Cixi Kefa Electronic,LCSC,C441186,50,0.1066,USD,10013,2026-10-04,https://www.lcsc.com/product-detail/C441186.html,read via jlcsearch.tscircuit.com mirror by C-number; LCSC mfr part 'KF2EDGR-3.81-6P'
KF2EDGR-3.81-6P,Cixi Kefa Electronic,LCSC,C441186,150,0.0916,USD,10013,2026-10-04,https://www.lcsc.com/product-detail/C441186.html,read via jlcsearch.tscircuit.com mirror by C-number; LCSC mfr part 'KF2EDGR-3.81-6P'
KF2EDGR-3.81-6P,Cixi Kefa Electronic,LCSC,C441186,500,0.0798,USD,10013,2026-10-04,https://www.lcsc.com/product-detail/C441186.html,read via jlcsearch.tscircuit.com mirror by C-number; LCSC mfr part 'KF2EDGR-3.81-6P'
KF2EDGR-3.81-6P,Cixi Kefa Electronic,LCSC,C441186,2500,0.0708,USD,10013,2026-10-04,https://www.lcsc.com/product-detail/C441186.html,read via jlcsearch.tscircuit.com mirror by C-number; LCSC mfr part 'KF2EDGR-3.81-6P'
KF2EDGR-3.81-6P,Cixi Kefa Electronic,LCSC,C441186,5000,0.0663,USD,10013,2026-10-04,https://www.lcsc.com/product-detail/C441186.html,read via jlcsearch.tscircuit.com mirror by C-number; LCSC mfr part 'KF2EDGR-3.81-6P'
CBW160808U301T,Guangdong Fenghua Advanced Technology,LCSC,C139179,1,0.0116,USD,52510,2026-10-04,https://www.lcsc.com/product-detail/C139179.html,read via jlcsearch.tscircuit.com mirror by C-number; LCSC mfr part 'CBW160808U301T'
CBW160808U301T,Guangdong Fenghua Advanced Technology,LCSC,C139179,500,0.0096,USD,52510,2026-10-04,https://www.lcsc.com/product-detail/C139179.html,read via jlcsearch.tscircuit.com mirror by C-number; LCSC mfr part 'CBW160808U301T'
CBW160808U301T,Guangdong Fenghua Advanced Technology,LCSC,C139179,1500,0.0086,USD,52510,2026-10-04,https://www.lcsc.com/product-detail/C139179.html,read via jlcsearch.tscircuit.com mirror by C-number; LCSC mfr part 'CBW160808U301T'
CBW160808U301T,Guangdong Fenghua Advanced Technology,LCSC,C139179,4000,0.0079,USD,52510,2026-10-04,https://www.lcsc.com/product-detail/C139179.html,read via jlcsearch.tscircuit.com mirror by C-number; LCSC mfr part 'CBW160808U301T'
CBW160808U301T,Guangdong Fenghua Advanced Technology,LCSC,C139179,24000,0.0073,USD,52510,2026-10-04,https://www.lcsc.com/product-detail/C139179.html,read via jlcsearch.tscircuit.com mirror by C-number; LCSC mfr part 'CBW160808U301T'
CBW160808U301T,Guangdong Fenghua Advanced Technology,LCSC,C139179,48000,0.007,USD,52510,2026-10-04,https://www.lcsc.com/product-detail/C139179.html,read via jlcsearch.tscircuit.com mirror by C-number; LCSC mfr part 'CBW160808U301T'
SM712,MDD (Microdiode Semiconductor),LCSC,C502564,1,0.0703,USD,186135,2026-10-04,https://www.lcsc.com/product-detail/C502564.html,read via jlcsearch.tscircuit.com mirror by C-number; LCSC mfr part 'SM712'
SM712,MDD (Microdiode Semiconductor),LCSC,C502564,200,0.0586,USD,186135,2026-10-04,https://www.lcsc.com/product-detail/C502564.html,read via jlcsearch.tscircuit.com mirror by C-number; LCSC mfr part 'SM712'
SM712,MDD (Microdiode Semiconductor),LCSC,C502564,600,0.0528,USD,186135,2026-10-04,https://www.lcsc.com/product-detail/C502564.html,read via jlcsearch.tscircuit.com mirror by C-number; LCSC mfr part 'SM712'
SM712,MDD (Microdiode Semiconductor),LCSC,C502564,3000,0.0352,USD,186135,2026-10-04,https://www.lcsc.com/product-detail/C502564.html,read via jlcsearch.tscircuit.com mirror by C-number; LCSC mfr part 'SM712'
SM712,MDD (Microdiode Semiconductor),LCSC,C502564,9000,0.0336,USD,186135,2026-10-04,https://www.lcsc.com/product-detail/C502564.html,read via jlcsearch.tscircuit.com mirror by C-number; LCSC mfr part 'SM712'
SM712,MDD (Microdiode Semiconductor),LCSC,C502564,21000,0.0324,USD,186135,2026-10-04,https://www.lcsc.com/product-detail/C502564.html,read via jlcsearch.tscircuit.com mirror by C-number; LCSC mfr part 'SM712'
"MMBT3904,215",Nexperia,LCSC,C426835,1,0.0292,USD,125235,2026-10-04,https://www.lcsc.com/product-detail/C426835.html,"read via jlcsearch.tscircuit.com mirror by C-number; LCSC mfr part 'MMBT3904,215'"
"MMBT3904,215",Nexperia,LCSC,C426835,200,0.0228,USD,125235,2026-10-04,https://www.lcsc.com/product-detail/C426835.html,"read via jlcsearch.tscircuit.com mirror by C-number; LCSC mfr part 'MMBT3904,215'"
"MMBT3904,215",Nexperia,LCSC,C426835,600,0.0192,USD,125235,2026-10-04,https://www.lcsc.com/product-detail/C426835.html,"read via jlcsearch.tscircuit.com mirror by C-number; LCSC mfr part 'MMBT3904,215'"
"MMBT3904,215",Nexperia,LCSC,C426835,3000,0.0168,USD,125235,2026-10-04,https://www.lcsc.com/product-detail/C426835.html,"read via jlcsearch.tscircuit.com mirror by C-number; LCSC mfr part 'MMBT3904,215'"
"MMBT3904,215",Nexperia,LCSC,C426835,9000,0.015,USD,125235,2026-10-04,https://www.lcsc.com/product-detail/C426835.html,"read via jlcsearch.tscircuit.com mirror by C-number; LCSC mfr part 'MMBT3904,215'"
"MMBT3904,215",Nexperia,LCSC,C426835,21000,0.014,USD,125235,2026-10-04,https://www.lcsc.com/product-detail/C426835.html,"read via jlcsearch.tscircuit.com mirror by C-number; LCSC mfr part 'MMBT3904,215'"
"MMBT3906,215",Nexperia,LCSC,C75549,1,0.0562,USD,807,2026-10-04,https://www.lcsc.com/product-detail/C75549.html,"read via jlcsearch.tscircuit.com mirror by C-number; LCSC mfr part 'MMBT3906,215'"
"MMBT3906,215",Nexperia,LCSC,C75549,100,0.0467,USD,807,2026-10-04,https://www.lcsc.com/product-detail/C75549.html,"read via jlcsearch.tscircuit.com mirror by C-number; LCSC mfr part 'MMBT3906,215'"
"MMBT3906,215",Nexperia,LCSC,C75549,300,0.042,USD,807,2026-10-04,https://www.lcsc.com/product-detail/C75549.html,"read via jlcsearch.tscircuit.com mirror by C-number; LCSC mfr part 'MMBT3906,215'"
"MMBT3906,215",Nexperia,LCSC,C75549,3000,0.0384,USD,807,2026-10-04,https://www.lcsc.com/product-detail/C75549.html,"read via jlcsearch.tscircuit.com mirror by C-number; LCSC mfr part 'MMBT3906,215'"
"MMBT3906,215",Nexperia,LCSC,C75549,6000,0.0355,USD,807,2026-10-04,https://www.lcsc.com/product-detail/C75549.html,"read via jlcsearch.tscircuit.com mirror by C-number; LCSC mfr part 'MMBT3906,215'"
"MMBT3906,215",Nexperia,LCSC,C75549,9000,0.0342,USD,807,2026-10-04,https://www.lcsc.com/product-detail/C75549.html,"read via jlcsearch.tscircuit.com mirror by C-number; LCSC mfr part 'MMBT3906,215'"
"PBSS5540X,135",Nexperia,LCSC,C455078,1,0.4767,USD,8000,2026-10-04,https://www.lcsc.com/product-detail/C455078.html,"read via jlcsearch.tscircuit.com mirror by C-number; LCSC mfr part 'PBSS5540X,135'"
"PBSS5540X,135",Nexperia,LCSC,C455078,10,0.3791,USD,8000,2026-10-04,https://www.lcsc.com/product-detail/C455078.html,"read via jlcsearch.tscircuit.com mirror by C-number; LCSC mfr part 'PBSS5540X,135'"
"PBSS5540X,135",Nexperia,LCSC,C455078,30,0.3368,USD,8000,2026-10-04,https://www.lcsc.com/product-detail/C455078.html,"read via jlcsearch.tscircuit.com mirror by C-number; LCSC mfr part 'PBSS5540X,135'"
"PBSS5540X,135",Nexperia,LCSC,C455078,100,0.2831,USD,8000,2026-10-04,https://www.lcsc.com/product-detail/C455078.html,"read via jlcsearch.tscircuit.com mirror by C-number; LCSC mfr part 'PBSS5540X,135'"
"PBSS5540X,135",Nexperia,LCSC,C455078,500,0.2603,USD,8000,2026-10-04,https://www.lcsc.com/product-detail/C455078.html,"read via jlcsearch.tscircuit.com mirror by C-number; LCSC mfr part 'PBSS5540X,135'"
"PBSS5540X,135",Nexperia,LCSC,C455078,1000,0.2457,USD,8000,2026-10-04,https://www.lcsc.com/product-detail/C455078.html,"read via jlcsearch.tscircuit.com mirror by C-number; LCSC mfr part 'PBSS5540X,135'"
X1270WVS-2x10B-9TV01,XKB Connection,LCSC,C5147196,1,0.5288,USD,211,2026-10-04,https://www.lcsc.com/product-detail/C5147196.html,read via jlcsearch.tscircuit.com mirror by C-number; LCSC mfr part 'X1270WVS-2x10B-9TV01'
X1270WVS-2x10B-9TV01,XKB Connection,LCSC,C5147196,10,0.4182,USD,211,2026-10-04,https://www.lcsc.com/product-detail/C5147196.html,read via jlcsearch.tscircuit.com mirror by C-number; LCSC mfr part 'X1270WVS-2x10B-9TV01'
X1270WVS-2x10B-9TV01,XKB Connection,LCSC,C5147196,30,0.371,USD,211,2026-10-04,https://www.lcsc.com/product-detail/C5147196.html,read via jlcsearch.tscircuit.com mirror by C-number; LCSC mfr part 'X1270WVS-2x10B-9TV01'
X1270WVS-2x10B-9TV01,XKB Connection,LCSC,C5147196,100,0.3108,USD,211,2026-10-04,https://www.lcsc.com/product-detail/C5147196.html,read via jlcsearch.tscircuit.com mirror by C-number; LCSC mfr part 'X1270WVS-2x10B-9TV01'
X1270WVS-2x10B-9TV01,XKB Connection,LCSC,C5147196,500,0.2848,USD,211,2026-10-04,https://www.lcsc.com/product-detail/C5147196.html,read via jlcsearch.tscircuit.com mirror by C-number; LCSC mfr part 'X1270WVS-2x10B-9TV01'
X1270WVS-2x10B-9TV01,XKB Connection,LCSC,C5147196,1000,0.2685,USD,211,2026-10-04,https://www.lcsc.com/product-detail/C5147196.html,read via jlcsearch.tscircuit.com mirror by C-number; LCSC mfr part 'X1270WVS-2x10B-9TV01'
X6511WV-03H-C60D30,XKB Connection,LCSC,C706875,1,0.0895,USD,11665,2026-10-04,https://www.lcsc.com/product-detail/C706875.html,read via jlcsearch.tscircuit.com mirror by C-number; LCSC mfr part 'X6511WV-03H-C60D30'
X6511WV-03H-C60D30,XKB Connection,LCSC,C706875,50,0.0713,USD,11665,2026-10-04,https://www.lcsc.com/product-detail/C706875.html,read via jlcsearch.tscircuit.com mirror by C-number; LCSC mfr part 'X6511WV-03H-C60D30'
X6511WV-03H-C60D30,XKB Connection,LCSC,C706875,150,0.062,USD,11665,2026-10-04,https://www.lcsc.com/product-detail/C706875.html,read via jlcsearch.tscircuit.com mirror by C-number; LCSC mfr part 'X6511WV-03H-C60D30'
X6511WV-03H-C60D30,XKB Connection,LCSC,C706875,500,0.0552,USD,11665,2026-10-04,https://www.lcsc.com/product-detail/C706875.html,read via jlcsearch.tscircuit.com mirror by C-number; LCSC mfr part 'X6511WV-03H-C60D30'
X6511WV-03H-C60D30,XKB Connection,LCSC,C706875,2000,0.0498,USD,11665,2026-10-04,https://www.lcsc.com/product-detail/C706875.html,read via jlcsearch.tscircuit.com mirror by C-number; LCSC mfr part 'X6511WV-03H-C60D30'
X6511WV-03H-C60D30,XKB Connection,LCSC,C706875,4000,0.0471,USD,11665,2026-10-04,https://www.lcsc.com/product-detail/C706875.html,read via jlcsearch.tscircuit.com mirror by C-number; LCSC mfr part 'X6511WV-03H-C60D30'
4D03WGJ0103T5E,Uniroyal Electronics (UniOhm),LCSC,C29718,1,0.0095,USD,826216,2026-10-04,https://www.lcsc.com/product-detail/C29718.html,read via jlcsearch.tscircuit.com mirror by C-number; LCSC mfr part '4D03WGJ0103T5E'
4D03WGJ0103T5E,Uniroyal Electronics (UniOhm),LCSC,C29718,1000,0.0082,USD,826216,2026-10-04,https://www.lcsc.com/product-detail/C29718.html,read via jlcsearch.tscircuit.com mirror by C-number; LCSC mfr part '4D03WGJ0103T5E'
4D03WGJ0103T5E,Uniroyal Electronics (UniOhm),LCSC,C29718,5000,0.0072,USD,826216,2026-10-04,https://www.lcsc.com/product-detail/C29718.html,read via jlcsearch.tscircuit.com mirror by C-number; LCSC mfr part '4D03WGJ0103T5E'
4D03WGJ0103T5E,Uniroyal Electronics (UniOhm),LCSC,C29718,10000,0.0068,USD,826216,2026-10-04,https://www.lcsc.com/product-detail/C29718.html,read via jlcsearch.tscircuit.com mirror by C-number; LCSC mfr part '4D03WGJ0103T5E'
4D03WGJ0103T5E,Uniroyal Electronics (UniOhm),LCSC,C29718,50000,0.0066,USD,826216,2026-10-04,https://www.lcsc.com/product-detail/C29718.html,read via jlcsearch.tscircuit.com mirror by C-number; LCSC mfr part '4D03WGJ0103T5E'
4D03WGJ0103T5E,Uniroyal Electronics (UniOhm),LCSC,C29718,100000,0.0065,USD,826216,2026-10-04,https://www.lcsc.com/product-detail/C29718.html,read via jlcsearch.tscircuit.com mirror by C-number; LCSC mfr part '4D03WGJ0103T5E'
SMBJ36A,(LCSC substitute - see note),LCSC,C224020,1,0.1086,USD,8938,2026-10-04,https://www.lcsc.com/product-detail/C224020.html,read via jlcsearch.tscircuit.com mirror by C-number; LCSC mfr part 'SMBJ36A'; CORRECTION 2026-10-05: this C-number is not a Bourns part (MDD / Littelfuse listing); Bourns is not on LCSC - see sim/data/lcsc_semis.md
SMBJ36A,(LCSC substitute - see note),LCSC,C224020,50,0.0848,USD,8938,2026-10-04,https://www.lcsc.com/product-detail/C224020.html,read via jlcsearch.tscircuit.com mirror by C-number; LCSC mfr part 'SMBJ36A'; CORRECTION 2026-10-05: this C-number is not a Bourns part (MDD / Littelfuse listing); Bourns is not on LCSC - see sim/data/lcsc_semis.md
SMBJ36A,(LCSC substitute - see note),LCSC,C224020,150,0.0728,USD,8938,2026-10-04,https://www.lcsc.com/product-detail/C224020.html,read via jlcsearch.tscircuit.com mirror by C-number; LCSC mfr part 'SMBJ36A'; CORRECTION 2026-10-05: this C-number is not a Bourns part (MDD / Littelfuse listing); Bourns is not on LCSC - see sim/data/lcsc_semis.md
SMBJ36A,(LCSC substitute - see note),LCSC,C224020,500,0.0638,USD,8938,2026-10-04,https://www.lcsc.com/product-detail/C224020.html,read via jlcsearch.tscircuit.com mirror by C-number; LCSC mfr part 'SMBJ36A'; CORRECTION 2026-10-05: this C-number is not a Bourns part (MDD / Littelfuse listing); Bourns is not on LCSC - see sim/data/lcsc_semis.md
SMBJ36A,(LCSC substitute - see note),LCSC,C224020,3000,0.0568,USD,8938,2026-10-04,https://www.lcsc.com/product-detail/C224020.html,read via jlcsearch.tscircuit.com mirror by C-number; LCSC mfr part 'SMBJ36A'; CORRECTION 2026-10-05: this C-number is not a Bourns part (MDD / Littelfuse listing); Bourns is not on LCSC - see sim/data/lcsc_semis.md
SMBJ36A,(LCSC substitute - see note),LCSC,C224020,6000,0.0532,USD,8938,2026-10-04,https://www.lcsc.com/product-detail/C224020.html,read via jlcsearch.tscircuit.com mirror by C-number; LCSC mfr part 'SMBJ36A'; CORRECTION 2026-10-05: this C-number is not a Bourns part (MDD / Littelfuse listing); Bourns is not on LCSC - see sim/data/lcsc_semis.md
SMBJ58CA,(LCSC substitute - see note),LCSC,C151267,1,0.1232,USD,2604,2026-10-04,https://www.lcsc.com/product-detail/C151267.html,read via jlcsearch.tscircuit.com mirror by C-number; LCSC mfr part 'SMBJ58CA'; CORRECTION 2026-10-05: this C-number is not a Bourns part (MDD / Littelfuse listing); Bourns is not on LCSC - see sim/data/lcsc_semis.md
SMBJ58CA,(LCSC substitute - see note),LCSC,C151267,50,0.1011,USD,2604,2026-10-04,https://www.lcsc.com/product-detail/C151267.html,read via jlcsearch.tscircuit.com mirror by C-number; LCSC mfr part 'SMBJ58CA'; CORRECTION 2026-10-05: this C-number is not a Bourns part (MDD / Littelfuse listing); Bourns is not on LCSC - see sim/data/lcsc_semis.md
SMBJ58CA,(LCSC substitute - see note),LCSC,C151267,150,0.09,USD,2604,2026-10-04,https://www.lcsc.com/product-detail/C151267.html,read via jlcsearch.tscircuit.com mirror by C-number; LCSC mfr part 'SMBJ58CA'; CORRECTION 2026-10-05: this C-number is not a Bourns part (MDD / Littelfuse listing); Bourns is not on LCSC - see sim/data/lcsc_semis.md
SMBJ58CA,(LCSC substitute - see note),LCSC,C151267,500,0.0816,USD,2604,2026-10-04,https://www.lcsc.com/product-detail/C151267.html,read via jlcsearch.tscircuit.com mirror by C-number; LCSC mfr part 'SMBJ58CA'; CORRECTION 2026-10-05: this C-number is not a Bourns part (MDD / Littelfuse listing); Bourns is not on LCSC - see sim/data/lcsc_semis.md
SMBJ58CA,(LCSC substitute - see note),LCSC,C151267,3000,0.0749,USD,2604,2026-10-04,https://www.lcsc.com/product-detail/C151267.html,read via jlcsearch.tscircuit.com mirror by C-number; LCSC mfr part 'SMBJ58CA'; CORRECTION 2026-10-05: this C-number is not a Bourns part (MDD / Littelfuse listing); Bourns is not on LCSC - see sim/data/lcsc_semis.md
SMBJ58CA,(LCSC substitute - see note),LCSC,C151267,6000,0.0716,USD,2604,2026-10-04,https://www.lcsc.com/product-detail/C151267.html,read via jlcsearch.tscircuit.com mirror by C-number; LCSC mfr part 'SMBJ58CA'; CORRECTION 2026-10-05: this C-number is not a Bourns part (MDD / Littelfuse listing); Bourns is not on LCSC - see sim/data/lcsc_semis.md
SMCJ33A,(LCSC substitute - see note),LCSC,C224049,1,0.274,USD,2581,2026-10-04,https://www.lcsc.com/product-detail/C224049.html,read via jlcsearch.tscircuit.com mirror by C-number; LCSC mfr part 'SMCJ33A'; CORRECTION 2026-10-05: this C-number is not a Bourns part (MDD / Littelfuse listing); Bourns is not on LCSC - see sim/data/lcsc_semis.md
SMCJ33A,(LCSC substitute - see note),LCSC,C224049,50,0.2192,USD,2581,2026-10-04,https://www.lcsc.com/product-detail/C224049.html,read via jlcsearch.tscircuit.com mirror by C-number; LCSC mfr part 'SMCJ33A'; CORRECTION 2026-10-05: this C-number is not a Bourns part (MDD / Littelfuse listing); Bourns is not on LCSC - see sim/data/lcsc_semis.md
SMCJ33A,(LCSC substitute - see note),LCSC,C224049,150,0.1958,USD,2581,2026-10-04,https://www.lcsc.com/product-detail/C224049.html,read via jlcsearch.tscircuit.com mirror by C-number; LCSC mfr part 'SMCJ33A'; CORRECTION 2026-10-05: this C-number is not a Bourns part (MDD / Littelfuse listing); Bourns is not on LCSC - see sim/data/lcsc_semis.md
SMCJ33A,(LCSC substitute - see note),LCSC,C224049,500,0.1665,USD,2581,2026-10-04,https://www.lcsc.com/product-detail/C224049.html,read via jlcsearch.tscircuit.com mirror by C-number; LCSC mfr part 'SMCJ33A'; CORRECTION 2026-10-05: this C-number is not a Bourns part (MDD / Littelfuse listing); Bourns is not on LCSC - see sim/data/lcsc_semis.md
SMCJ33A,(LCSC substitute - see note),LCSC,C224049,3000,0.1535,USD,2581,2026-10-04,https://www.lcsc.com/product-detail/C224049.html,read via jlcsearch.tscircuit.com mirror by C-number; LCSC mfr part 'SMCJ33A'; CORRECTION 2026-10-05: this C-number is not a Bourns part (MDD / Littelfuse listing); Bourns is not on LCSC - see sim/data/lcsc_semis.md
SMCJ33A,(LCSC substitute - see note),LCSC,C224049,6000,0.1457,USD,2581,2026-10-04,https://www.lcsc.com/product-detail/C224049.html,read via jlcsearch.tscircuit.com mirror by C-number; LCSC mfr part 'SMCJ33A'; CORRECTION 2026-10-05: this C-number is not a Bourns part (MDD / Littelfuse listing); Bourns is not on LCSC - see sim/data/lcsc_semis.md
BZX84-B10,Nexperia,LCSC,C454956,1,0.0388,USD,71618,2026-10-04,https://www.lcsc.com/product-detail/C454956.html,"read via jlcsearch.tscircuit.com mirror by C-number; LCSC mfr part 'BZX84-B10,215'; same device, LCSC lists the ordering code"
BZX84-B10,Nexperia,LCSC,C454956,100,0.0308,USD,71618,2026-10-04,https://www.lcsc.com/product-detail/C454956.html,"read via jlcsearch.tscircuit.com mirror by C-number; LCSC mfr part 'BZX84-B10,215'; same device, LCSC lists the ordering code"
BZX84-B10,Nexperia,LCSC,C454956,300,0.0267,USD,71618,2026-10-04,https://www.lcsc.com/product-detail/C454956.html,"read via jlcsearch.tscircuit.com mirror by C-number; LCSC mfr part 'BZX84-B10,215'; same device, LCSC lists the ordering code"
BZX84-B10,Nexperia,LCSC,C454956,3000,0.0236,USD,71618,2026-10-04,https://www.lcsc.com/product-detail/C454956.html,"read via jlcsearch.tscircuit.com mirror by C-number; LCSC mfr part 'BZX84-B10,215'; same device, LCSC lists the ordering code"
BZX84-B10,Nexperia,LCSC,C454956,6000,0.0212,USD,71618,2026-10-04,https://www.lcsc.com/product-detail/C454956.html,"read via jlcsearch.tscircuit.com mirror by C-number; LCSC mfr part 'BZX84-B10,215'; same device, LCSC lists the ordering code"
BZX84-B10,Nexperia,LCSC,C454956,9000,0.0201,USD,71618,2026-10-04,https://www.lcsc.com/product-detail/C454956.html,"read via jlcsearch.tscircuit.com mirror by C-number; LCSC mfr part 'BZX84-B10,215'; same device, LCSC lists the ordering code"
BZX84-B4V7,Nexperia,LCSC,C426829,1,0.0951,USD,387,2026-10-04,https://www.lcsc.com/product-detail/C426829.html,"read via jlcsearch.tscircuit.com mirror by C-number; LCSC mfr part 'BZX84-B4V7,215'; same device, LCSC lists the ordering code"
BZX84-B4V7,Nexperia,LCSC,C426829,50,0.0747,USD,387,2026-10-04,https://www.lcsc.com/product-detail/C426829.html,"read via jlcsearch.tscircuit.com mirror by C-number; LCSC mfr part 'BZX84-B4V7,215'; same device, LCSC lists the ordering code"
BZX84-B4V7,Nexperia,LCSC,C426829,150,0.0646,USD,387,2026-10-04,https://www.lcsc.com/product-detail/C426829.html,"read via jlcsearch.tscircuit.com mirror by C-number; LCSC mfr part 'BZX84-B4V7,215'; same device, LCSC lists the ordering code"
BZX84-B4V7,Nexperia,LCSC,C426829,500,0.057,USD,387,2026-10-04,https://www.lcsc.com/product-detail/C426829.html,"read via jlcsearch.tscircuit.com mirror by C-number; LCSC mfr part 'BZX84-B4V7,215'; same device, LCSC lists the ordering code"
BZX84-B4V7,Nexperia,LCSC,C426829,3000,0.051,USD,387,2026-10-04,https://www.lcsc.com/product-detail/C426829.html,"read via jlcsearch.tscircuit.com mirror by C-number; LCSC mfr part 'BZX84-B4V7,215'; same device, LCSC lists the ordering code"
BZX84-B4V7,Nexperia,LCSC,C426829,6000,0.0479,USD,387,2026-10-04,https://www.lcsc.com/product-detail/C426829.html,"read via jlcsearch.tscircuit.com mirror by C-number; LCSC mfr part 'BZX84-B4V7,215'; same device, LCSC lists the ordering code"
"BZX84-C5V1,215",Nexperia,LCSC,C294621,1,0.0445,USD,144,2026-10-04,https://www.lcsc.com/product-detail/C294621.html,"read via jlcsearch.tscircuit.com mirror by C-number; LCSC mfr part 'BZX84-C5V1,215'"
"BZX84-C5V1,215",Nexperia,LCSC,C294621,100,0.0347,USD,144,2026-10-04,https://www.lcsc.com/product-detail/C294621.html,"read via jlcsearch.tscircuit.com mirror by C-number; LCSC mfr part 'BZX84-C5V1,215'"
"BZX84-C5V1,215",Nexperia,LCSC,C294621,300,0.03,USD,144,2026-10-04,https://www.lcsc.com/product-detail/C294621.html,"read via jlcsearch.tscircuit.com mirror by C-number; LCSC mfr part 'BZX84-C5V1,215'"
"BZX84-C5V1,215",Nexperia,LCSC,C294621,3000,0.0259,USD,144,2026-10-04,https://www.lcsc.com/product-detail/C294621.html,"read via jlcsearch.tscircuit.com mirror by C-number; LCSC mfr part 'BZX84-C5V1,215'"
"BZX84-C5V1,215",Nexperia,LCSC,C294621,6000,0.023,USD,144,2026-10-04,https://www.lcsc.com/product-detail/C294621.html,"read via jlcsearch.tscircuit.com mirror by C-number; LCSC mfr part 'BZX84-C5V1,215'"
"BZX84-C5V1,215",Nexperia,LCSC,C294621,9000,0.0215,USD,144,2026-10-04,https://www.lcsc.com/product-detail/C294621.html,"read via jlcsearch.tscircuit.com mirror by C-number; LCSC mfr part 'BZX84-C5V1,215'"
BZX84-B3V3,Nexperia,LCSC,C182377,1,0.1082,USD,4462,2026-10-04,https://www.lcsc.com/product-detail/C182377.html,"read via jlcsearch.tscircuit.com mirror by C-number; LCSC mfr part 'BZX84-B3V3,215'; same device, LCSC lists the ordering code"
BZX84-B3V3,Nexperia,LCSC,C182377,50,0.0856,USD,4462,2026-10-04,https://www.lcsc.com/product-detail/C182377.html,"read via jlcsearch.tscircuit.com mirror by C-number; LCSC mfr part 'BZX84-B3V3,215'; same device, LCSC lists the ordering code"
BZX84-B3V3,Nexperia,LCSC,C182377,150,0.0742,USD,4462,2026-10-04,https://www.lcsc.com/product-detail/C182377.html,"read via jlcsearch.tscircuit.com mirror by C-number; LCSC mfr part 'BZX84-B3V3,215'; same device, LCSC lists the ordering code"
BZX84-B3V3,Nexperia,LCSC,C182377,500,0.0658,USD,4462,2026-10-04,https://www.lcsc.com/product-detail/C182377.html,"read via jlcsearch.tscircuit.com mirror by C-number; LCSC mfr part 'BZX84-B3V3,215'; same device, LCSC lists the ordering code"
BZX84-B3V3,Nexperia,LCSC,C182377,3000,0.0591,USD,4462,2026-10-04,https://www.lcsc.com/product-detail/C182377.html,"read via jlcsearch.tscircuit.com mirror by C-number; LCSC mfr part 'BZX84-B3V3,215'; same device, LCSC lists the ordering code"
BZX84-B3V3,Nexperia,LCSC,C182377,6000,0.0557,USD,4462,2026-10-04,https://www.lcsc.com/product-detail/C182377.html,"read via jlcsearch.tscircuit.com mirror by C-number; LCSC mfr part 'BZX84-B3V3,215'; same device, LCSC lists the ordering code"
PMV30ENEAR,Nexperia,LCSC,C553092,1,0.1297,USD,2,2026-10-04,https://www.lcsc.com/product-detail/C553092.html,read via jlcsearch.tscircuit.com mirror by C-number; LCSC mfr part 'PMV30ENEAR'
PMV30ENEAR,Nexperia,LCSC,C553092,50,0.1112,USD,2,2026-10-04,https://www.lcsc.com/product-detail/C553092.html,read via jlcsearch.tscircuit.com mirror by C-number; LCSC mfr part 'PMV30ENEAR'
PMV30ENEAR,Nexperia,LCSC,C553092,150,0.1017,USD,2,2026-10-04,https://www.lcsc.com/product-detail/C553092.html,read via jlcsearch.tscircuit.com mirror by C-number; LCSC mfr part 'PMV30ENEAR'
PMV30ENEAR,Nexperia,LCSC,C553092,500,0.0947,USD,2,2026-10-04,https://www.lcsc.com/product-detail/C553092.html,read via jlcsearch.tscircuit.com mirror by C-number; LCSC mfr part 'PMV30ENEAR'
PMV30ENEAR,Nexperia,LCSC,C553092,3000,0.0868,USD,2,2026-10-04,https://www.lcsc.com/product-detail/C553092.html,read via jlcsearch.tscircuit.com mirror by C-number; LCSC mfr part 'PMV30ENEAR'
PMV30ENEAR,Nexperia,LCSC,C553092,6000,0.084,USD,2,2026-10-04,https://www.lcsc.com/product-detail/C553092.html,read via jlcsearch.tscircuit.com mirror by C-number; LCSC mfr part 'PMV30ENEAR'
NCP15XH103F03RC,Murata,LCSC,C77131,1,0.0201,USD,23809,2026-10-04,https://www.lcsc.com/product-detail/C77131.html,read via jlcsearch.tscircuit.com mirror by C-number; LCSC mfr part 'NCP15XH103F03RC'
NCP15XH103F03RC,Murata,LCSC,C77131,500,0.0175,USD,23809,2026-10-04,https://www.lcsc.com/product-detail/C77131.html,read via jlcsearch.tscircuit.com mirror by C-number; LCSC mfr part 'NCP15XH103F03RC'
NCP15XH103F03RC,Murata,LCSC,C77131,1500,0.0163,USD,23809,2026-10-04,https://www.lcsc.com/product-detail/C77131.html,read via jlcsearch.tscircuit.com mirror by C-number; LCSC mfr part 'NCP15XH103F03RC'
NCP15XH103F03RC,Murata,LCSC,C77131,10000,0.015,USD,23809,2026-10-04,https://www.lcsc.com/product-detail/C77131.html,read via jlcsearch.tscircuit.com mirror by C-number; LCSC mfr part 'NCP15XH103F03RC'
NCP15XH103F03RC,Murata,LCSC,C77131,20000,0.0146,USD,23809,2026-10-04,https://www.lcsc.com/product-detail/C77131.html,read via jlcsearch.tscircuit.com mirror by C-number; LCSC mfr part 'NCP15XH103F03RC'
NCP15XH103F03RC,Murata,LCSC,C77131,50000,0.0144,USD,23809,2026-10-04,https://www.lcsc.com/product-detail/C77131.html,read via jlcsearch.tscircuit.com mirror by C-number; LCSC mfr part 'NCP15XH103F03RC'
KF2EDGR-3.81-2P,Cixi Kefa Electronic,LCSC,C441182,1,0.0534,USD,44585,2026-10-04,https://www.lcsc.com/product-detail/C441182.html,read via jlcsearch.tscircuit.com mirror by C-number; LCSC mfr part 'KF2EDGR-3.81-2P'
KF2EDGR-3.81-2P,Cixi Kefa Electronic,LCSC,C441182,100,0.0433,USD,44585,2026-10-04,https://www.lcsc.com/product-detail/C441182.html,read via jlcsearch.tscircuit.com mirror by C-number; LCSC mfr part 'KF2EDGR-3.81-2P'
KF2EDGR-3.81-2P,Cixi Kefa Electronic,LCSC,C441182,500,0.0336,USD,44585,2026-10-04,https://www.lcsc.com/product-detail/C441182.html,read via jlcsearch.tscircuit.com mirror by C-number; LCSC mfr part 'KF2EDGR-3.81-2P'
KF2EDGR-3.81-2P,Cixi Kefa Electronic,LCSC,C441182,1000,0.0298,USD,44585,2026-10-04,https://www.lcsc.com/product-detail/C441182.html,read via jlcsearch.tscircuit.com mirror by C-number; LCSC mfr part 'KF2EDGR-3.81-2P'
KF2EDGR-3.81-2P,Cixi Kefa Electronic,LCSC,C441182,5000,0.0269,USD,44585,2026-10-04,https://www.lcsc.com/product-detail/C441182.html,read via jlcsearch.tscircuit.com mirror by C-number; LCSC mfr part 'KF2EDGR-3.81-2P'
KF2EDGR-3.81-2P,Cixi Kefa Electronic,LCSC,C441182,10000,0.0254,USD,44585,2026-10-04,https://www.lcsc.com/product-detail/C441182.html,read via jlcsearch.tscircuit.com mirror by C-number; LCSC mfr part 'KF2EDGR-3.81-2P'
CA-IS3062VW,Chipanalog,LCSC,C5338808,1,3,USD,2449,2026-10-04,https://www.lcsc.com/product-detail/C5338808.html,read via jlcsearch.tscircuit.com mirror by C-number; LCSC mfr part 'CA-IS3062VW'
CA-IS3062VW,Chipanalog,LCSC,C5338808,10,2.5005,USD,2449,2026-10-04,https://www.lcsc.com/product-detail/C5338808.html,read via jlcsearch.tscircuit.com mirror by C-number; LCSC mfr part 'CA-IS3062VW'
CA-IS3062VW,Chipanalog,LCSC,C5338808,30,2.1882,USD,2449,2026-10-04,https://www.lcsc.com/product-detail/C5338808.html,read via jlcsearch.tscircuit.com mirror by C-number; LCSC mfr part 'CA-IS3062VW'
CA-IS3062VW,Chipanalog,LCSC,C5338808,100,1.8677,USD,2449,2026-10-04,https://www.lcsc.com/product-detail/C5338808.html,read via jlcsearch.tscircuit.com mirror by C-number; LCSC mfr part 'CA-IS3062VW'
CA-IS3062VW,Chipanalog,LCSC,C5338808,500,1.7229,USD,2449,2026-10-04,https://www.lcsc.com/product-detail/C5338808.html,read via jlcsearch.tscircuit.com mirror by C-number; LCSC mfr part 'CA-IS3062VW'
CA-IS3062VW,Chipanalog,LCSC,C5338808,1000,1.6595,USD,2449,2026-10-04,https://www.lcsc.com/product-detail/C5338808.html,read via jlcsearch.tscircuit.com mirror by C-number; LCSC mfr part 'CA-IS3062VW'
LM2901BIPWR,Texas Instruments,TI.com,LM2901BIPWR,1,0.224,USD,,2026-10-04,https://www.ti.com/product/LM2901B/part-details/LM2901BIPWR,TI list price from ti.com orderable table (baseQuantity 1ku = 0.078); status ACTIVE; pack 3000 LARGE T&R
LM2901BIPWR,Texas Instruments,TI.com,LM2901BIPWR,100,0.152,USD,,2026-10-04,https://www.ti.com/product/LM2901B/part-details/LM2901BIPWR,TI list price from ti.com orderable table (baseQuantity 1ku = 0.078); status ACTIVE; pack 3000 LARGE T&R
LM2901BIPWR,Texas Instruments,TI.com,LM2901BIPWR,250,0.117,USD,,2026-10-04,https://www.ti.com/product/LM2901B/part-details/LM2901BIPWR,TI list price from ti.com orderable table (baseQuantity 1ku = 0.078); status ACTIVE; pack 3000 LARGE T&R
LM2901BIPWR,Texas Instruments,TI.com,LM2901BIPWR,1000,0.078,USD,,2026-10-04,https://www.ti.com/product/LM2901B/part-details/LM2901BIPWR,TI list price from ti.com orderable table (baseQuantity 1ku = 0.078); status ACTIVE; pack 3000 LARGE T&R
SN74AHCT1G08DBVR,Texas Instruments,TI.com,SN74AHCT1G08DBVR,1,0.115,USD,,2026-10-04,https://www.ti.com/product/SN74AHCT1G08/part-details/SN74AHCT1G08DBVR,TI list price from ti.com orderable table (baseQuantity 1ku = 0.04); status ACTIVE; pack 3000 LARGE T&R
SN74AHCT1G08DBVR,Texas Instruments,TI.com,SN74AHCT1G08DBVR,100,0.078,USD,,2026-10-04,https://www.ti.com/product/SN74AHCT1G08/part-details/SN74AHCT1G08DBVR,TI list price from ti.com orderable table (baseQuantity 1ku = 0.04); status ACTIVE; pack 3000 LARGE T&R
SN74AHCT1G08DBVR,Texas Instruments,TI.com,SN74AHCT1G08DBVR,250,0.06,USD,,2026-10-04,https://www.ti.com/product/SN74AHCT1G08/part-details/SN74AHCT1G08DBVR,TI list price from ti.com orderable table (baseQuantity 1ku = 0.04); status ACTIVE; pack 3000 LARGE T&R
SN74AHCT1G08DBVR,Texas Instruments,TI.com,SN74AHCT1G08DBVR,1000,0.04,USD,,2026-10-04,https://www.ti.com/product/SN74AHCT1G08/part-details/SN74AHCT1G08DBVR,TI list price from ti.com orderable table (baseQuantity 1ku = 0.04); status ACTIVE; pack 3000 LARGE T&R
SN74LVC07APWR,Texas Instruments,TI.com,SN74LVC07APWR,1,0.367,USD,,2026-10-04,https://www.ti.com/product/SN74LVC07A/part-details/SN74LVC07APWR,TI list price from ti.com orderable table (baseQuantity 1ku = 0.128); status ACTIVE; pack 2000 LARGE T&R
SN74LVC07APWR,Texas Instruments,TI.com,SN74LVC07APWR,100,0.25,USD,,2026-10-04,https://www.ti.com/product/SN74LVC07A/part-details/SN74LVC07APWR,TI list price from ti.com orderable table (baseQuantity 1ku = 0.128); status ACTIVE; pack 2000 LARGE T&R
SN74LVC07APWR,Texas Instruments,TI.com,SN74LVC07APWR,250,0.193,USD,,2026-10-04,https://www.ti.com/product/SN74LVC07A/part-details/SN74LVC07APWR,TI list price from ti.com orderable table (baseQuantity 1ku = 0.128); status ACTIVE; pack 2000 LARGE T&R
SN74LVC07APWR,Texas Instruments,TI.com,SN74LVC07APWR,1000,0.128,USD,,2026-10-04,https://www.ti.com/product/SN74LVC07A/part-details/SN74LVC07APWR,TI list price from ti.com orderable table (baseQuantity 1ku = 0.128); status ACTIVE; pack 2000 LARGE T&R
SN74LVC1G123DCUR,Texas Instruments,TI.com,SN74LVC1G123DCUR,1,1.346,USD,,2026-10-04,https://www.ti.com/product/SN74LVC1G123/part-details/SN74LVC1G123DCUR,TI list price from ti.com orderable table (baseQuantity 1ku = 0.601); status ACTIVE; pack 3000 LARGE T&R
SN74LVC1G123DCUR,Texas Instruments,TI.com,SN74LVC1G123DCUR,100,1.112,USD,,2026-10-04,https://www.ti.com/product/SN74LVC1G123/part-details/SN74LVC1G123DCUR,TI list price from ti.com orderable table (baseQuantity 1ku = 0.601); status ACTIVE; pack 3000 LARGE T&R
SN74LVC1G123DCUR,Texas Instruments,TI.com,SN74LVC1G123DCUR,250,0.799,USD,,2026-10-04,https://www.ti.com/product/SN74LVC1G123/part-details/SN74LVC1G123DCUR,TI list price from ti.com orderable table (baseQuantity 1ku = 0.601); status ACTIVE; pack 3000 LARGE T&R
SN74LVC1G123DCUR,Texas Instruments,TI.com,SN74LVC1G123DCUR,1000,0.601,USD,,2026-10-04,https://www.ti.com/product/SN74LVC1G123/part-details/SN74LVC1G123DCUR,TI list price from ti.com orderable table (baseQuantity 1ku = 0.601); status ACTIVE; pack 3000 LARGE T&R
TLV9064IPWR,Texas Instruments,TI.com,TLV9064IPWR,1,0.605,USD,,2026-10-04,https://www.ti.com/product/TLV9064/part-details/TLV9064IPWR,TI list price from ti.com orderable table (baseQuantity 1u = 0.605); status ACTIVE; pack 2000 LARGE T&R
TPS3828-33DBVR,Texas Instruments,TI.com,TPS3828-33DBVR,1,0.623,USD,,2026-10-04,https://www.ti.com/product/TPS3828/part-details/TPS3828-33DBVR,TI list price from ti.com orderable table (baseQuantity 1ku = 0.278); status ACTIVE; pack 3000 LARGE T&R
TPS3828-33DBVR,Texas Instruments,TI.com,TPS3828-33DBVR,100,0.514,USD,,2026-10-04,https://www.ti.com/product/TPS3828/part-details/TPS3828-33DBVR,TI list price from ti.com orderable table (baseQuantity 1ku = 0.278); status ACTIVE; pack 3000 LARGE T&R
TPS3828-33DBVR,Texas Instruments,TI.com,TPS3828-33DBVR,250,0.369,USD,,2026-10-04,https://www.ti.com/product/TPS3828/part-details/TPS3828-33DBVR,TI list price from ti.com orderable table (baseQuantity 1ku = 0.278); status ACTIVE; pack 3000 LARGE T&R
TPS3828-33DBVR,Texas Instruments,TI.com,TPS3828-33DBVR,1000,0.278,USD,,2026-10-04,https://www.ti.com/product/TPS3828/part-details/TPS3828-33DBVR,TI list price from ti.com orderable table (baseQuantity 1ku = 0.278); status ACTIVE; pack 3000 LARGE T&R
TPS54360BDDAR,Texas Instruments,TI.com,TPS54360BDDAR,1,3.365,USD,,2026-10-04,https://www.ti.com/product/TPS54360B/part-details/TPS54360BDDAR,TI list price from ti.com orderable table (baseQuantity 1ku = 1.829); status ACTIVE; pack 2500 LARGE T&R
TPS54360BDDAR,Texas Instruments,TI.com,TPS54360BDDAR,100,2.744,USD,,2026-10-04,https://www.ti.com/product/TPS54360B/part-details/TPS54360BDDAR,TI list price from ti.com orderable table (baseQuantity 1ku = 1.829); status ACTIVE; pack 2500 LARGE T&R
TPS54360BDDAR,Texas Instruments,TI.com,TPS54360BDDAR,250,2.156,USD,,2026-10-04,https://www.ti.com/product/TPS54360B/part-details/TPS54360BDDAR,TI list price from ti.com orderable table (baseQuantity 1ku = 1.829); status ACTIVE; pack 2500 LARGE T&R
TPS54360BDDAR,Texas Instruments,TI.com,TPS54360BDDAR,1000,1.829,USD,,2026-10-04,https://www.ti.com/product/TPS54360B/part-details/TPS54360BDDAR,TI list price from ti.com orderable table (baseQuantity 1ku = 1.829); status ACTIVE; pack 2500 LARGE T&R
SN74LVC1G123DCUR,Texas Instruments,LCSC,C352969,1,1.5521,USD,2075,2026-10-04,https://www.lcsc.com/product-detail/C352969.html,read via jlcsearch.tscircuit.com mirror by C-number; LCSC mfr part 'SN74LVC1G123DCUR'
SN74LVC1G123DCUR,Texas Instruments,LCSC,C352969,10,1.2836,USD,2075,2026-10-04,https://www.lcsc.com/product-detail/C352969.html,read via jlcsearch.tscircuit.com mirror by C-number; LCSC mfr part 'SN74LVC1G123DCUR'
SN74LVC1G123DCUR,Texas Instruments,LCSC,C352969,30,1.1372,USD,2075,2026-10-04,https://www.lcsc.com/product-detail/C352969.html,read via jlcsearch.tscircuit.com mirror by C-number; LCSC mfr part 'SN74LVC1G123DCUR'
SN74LVC1G123DCUR,Texas Instruments,LCSC,C352969,100,0.9713,USD,2075,2026-10-04,https://www.lcsc.com/product-detail/C352969.html,read via jlcsearch.tscircuit.com mirror by C-number; LCSC mfr part 'SN74LVC1G123DCUR'
SN74LVC1G123DCUR,Texas Instruments,LCSC,C352969,500,0.8216,USD,2075,2026-10-04,https://www.lcsc.com/product-detail/C352969.html,read via jlcsearch.tscircuit.com mirror by C-number; LCSC mfr part 'SN74LVC1G123DCUR'
SN74LVC1G123DCUR,Texas Instruments,LCSC,C352969,1000,0.7891,USD,2075,2026-10-04,https://www.lcsc.com/product-detail/C352969.html,read via jlcsearch.tscircuit.com mirror by C-number; LCSC mfr part 'SN74LVC1G123DCUR'
35ZLH1500MEFC16X20,Rubycon,LCSC,C432340,1,0.5337,USD,9,2026-10-04,https://www.lcsc.com/product-detail/C432340.html,read via jlcsearch.tscircuit.com mirror by C-number; LCSC mfr part '35ZLH1500MEFC16X20'; example of an equivalent part for a cost_estimates.csv basis (not a BOM MPN)
35ZLH1500MEFC16X20,Rubycon,LCSC,C432340,10,0.423,USD,9,2026-10-04,https://www.lcsc.com/product-detail/C432340.html,read via jlcsearch.tscircuit.com mirror by C-number; LCSC mfr part '35ZLH1500MEFC16X20'; example of an equivalent part for a cost_estimates.csv basis (not a BOM MPN)
35ZLH1500MEFC16X20,Rubycon,LCSC,C432340,30,0.3742,USD,9,2026-10-04,https://www.lcsc.com/product-detail/C432340.html,read via jlcsearch.tscircuit.com mirror by C-number; LCSC mfr part '35ZLH1500MEFC16X20'; example of an equivalent part for a cost_estimates.csv basis (not a BOM MPN)
35ZLH1500MEFC16X20,Rubycon,LCSC,C432340,100,0.3157,USD,9,2026-10-04,https://www.lcsc.com/product-detail/C432340.html,read via jlcsearch.tscircuit.com mirror by C-number; LCSC mfr part '35ZLH1500MEFC16X20'; example of an equivalent part for a cost_estimates.csv basis (not a BOM MPN)
35ZLH1500MEFC16X20,Rubycon,LCSC,C432340,500,0.2896,USD,9,2026-10-04,https://www.lcsc.com/product-detail/C432340.html,read via jlcsearch.tscircuit.com mirror by C-number; LCSC mfr part '35ZLH1500MEFC16X20'; example of an equivalent part for a cost_estimates.csv basis (not a BOM MPN)
35ZLH1500MEFC16X20,Rubycon,LCSC,C432340,1000,0.2734,USD,9,2026-10-04,https://www.lcsc.com/product-detail/C432340.html,read via jlcsearch.tscircuit.com mirror by C-number; LCSC mfr part '35ZLH1500MEFC16X20'; example of an equivalent part for a cost_estimates.csv basis (not a BOM MPN)
PCR1VPF101MF08LL25WP,Nantong Jianghai,LCSC,C2918318,1,0.3039,USD,1152,2026-10-04,https://www.lcsc.com/product-detail/C2918318.html,read via jlcsearch.tscircuit.com mirror by C-number; LCSC mfr part 'PCR1VPF101MF08LL25WP'; example of an equivalent part for a cost_estimates.csv basis (not a BOM MPN)
PCR1VPF101MF08LL25WP,Nantong Jianghai,LCSC,C2918318,50,0.2416,USD,1152,2026-10-04,https://www.lcsc.com/product-detail/C2918318.html,read via jlcsearch.tscircuit.com mirror by C-number; LCSC mfr part 'PCR1VPF101MF08LL25WP'; example of an equivalent part for a cost_estimates.csv basis (not a BOM MPN)
PCR1VPF101MF08LL25WP,Nantong Jianghai,LCSC,C2918318,150,0.2148,USD,1152,2026-10-04,https://www.lcsc.com/product-detail/C2918318.html,read via jlcsearch.tscircuit.com mirror by C-number; LCSC mfr part 'PCR1VPF101MF08LL25WP'; example of an equivalent part for a cost_estimates.csv basis (not a BOM MPN)
PCR1VPF101MF08LL25WP,Nantong Jianghai,LCSC,C2918318,800,0.1816,USD,1152,2026-10-04,https://www.lcsc.com/product-detail/C2918318.html,read via jlcsearch.tscircuit.com mirror by C-number; LCSC mfr part 'PCR1VPF101MF08LL25WP'; example of an equivalent part for a cost_estimates.csv basis (not a BOM MPN)
PCR1VPF101MF08LL25WP,Nantong Jianghai,LCSC,C2918318,2400,0.1667,USD,1152,2026-10-04,https://www.lcsc.com/product-detail/C2918318.html,read via jlcsearch.tscircuit.com mirror by C-number; LCSC mfr part 'PCR1VPF101MF08LL25WP'; example of an equivalent part for a cost_estimates.csv basis (not a BOM MPN)
PCR1VPF101MF08LL25WP,Nantong Jianghai,LCSC,C2918318,4800,0.1579,USD,1152,2026-10-04,https://www.lcsc.com/product-detail/C2918318.html,read via jlcsearch.tscircuit.com mirror by C-number; LCSC mfr part 'PCR1VPF101MF08LL25WP'; example of an equivalent part for a cost_estimates.csv basis (not a BOM MPN)
FXL0630-220-M,Changjiang Microelectronics (cjiang),LCSC,C177244,1,0.1008,USD,160748,2026-10-04,https://www.lcsc.com/product-detail/C177244.html,read via jlcsearch.tscircuit.com mirror by C-number; LCSC mfr part 'FXL0630-220-M'; example of an equivalent part for a cost_estimates.csv basis (not a BOM MPN)
FXL0630-220-M,Changjiang Microelectronics (cjiang),LCSC,C177244,50,0.0804,USD,160748,2026-10-04,https://www.lcsc.com/product-detail/C177244.html,read via jlcsearch.tscircuit.com mirror by C-number; LCSC mfr part 'FXL0630-220-M'; example of an equivalent part for a cost_estimates.csv basis (not a BOM MPN)
FXL0630-220-M,Changjiang Microelectronics (cjiang),LCSC,C177244,150,0.0698,USD,160748,2026-10-04,https://www.lcsc.com/product-detail/C177244.html,read via jlcsearch.tscircuit.com mirror by C-number; LCSC mfr part 'FXL0630-220-M'; example of an equivalent part for a cost_estimates.csv basis (not a BOM MPN)
FXL0630-220-M,Changjiang Microelectronics (cjiang),LCSC,C177244,1500,0.0573,USD,160748,2026-10-04,https://www.lcsc.com/product-detail/C177244.html,read via jlcsearch.tscircuit.com mirror by C-number; LCSC mfr part 'FXL0630-220-M'; example of an equivalent part for a cost_estimates.csv basis (not a BOM MPN)
FXL0630-220-M,Changjiang Microelectronics (cjiang),LCSC,C177244,3000,0.0542,USD,160748,2026-10-04,https://www.lcsc.com/product-detail/C177244.html,read via jlcsearch.tscircuit.com mirror by C-number; LCSC mfr part 'FXL0630-220-M'; example of an equivalent part for a cost_estimates.csv basis (not a BOM MPN)
FXL0630-220-M,Changjiang Microelectronics (cjiang),LCSC,C177244,4500,0.0523,USD,160748,2026-10-04,https://www.lcsc.com/product-detail/C177244.html,read via jlcsearch.tscircuit.com mirror by C-number; LCSC mfr part 'FXL0630-220-M'; example of an equivalent part for a cost_estimates.csv basis (not a BOM MPN)
FXL1040-330-M,Changjiang Microelectronics (cjiang),LCSC,C475918,1,0.2773,USD,8873,2026-10-04,https://www.lcsc.com/product-detail/C475918.html,read via jlcsearch.tscircuit.com mirror by C-number; LCSC mfr part 'FXL1040-330-M'; example of an equivalent part for a cost_estimates.csv basis (not a BOM MPN)
FXL1040-330-M,Changjiang Microelectronics (cjiang),LCSC,C475918,50,0.2169,USD,8873,2026-10-04,https://www.lcsc.com/product-detail/C475918.html,read via jlcsearch.tscircuit.com mirror by C-number; LCSC mfr part 'FXL1040-330-M'; example of an equivalent part for a cost_estimates.csv basis (not a BOM MPN)
FXL1040-330-M,Changjiang Microelectronics (cjiang),LCSC,C475918,150,0.191,USD,8873,2026-10-04,https://www.lcsc.com/product-detail/C475918.html,read via jlcsearch.tscircuit.com mirror by C-number; LCSC mfr part 'FXL1040-330-M'; example of an equivalent part for a cost_estimates.csv basis (not a BOM MPN)
FXL1040-330-M,Changjiang Microelectronics (cjiang),LCSC,C475918,500,0.1491,USD,8873,2026-10-04,https://www.lcsc.com/product-detail/C475918.html,read via jlcsearch.tscircuit.com mirror by C-number; LCSC mfr part 'FXL1040-330-M'; example of an equivalent part for a cost_estimates.csv basis (not a BOM MPN)
FXL1040-330-M,Changjiang Microelectronics (cjiang),LCSC,C475918,2500,0.1348,USD,8873,2026-10-04,https://www.lcsc.com/product-detail/C475918.html,read via jlcsearch.tscircuit.com mirror by C-number; LCSC mfr part 'FXL1040-330-M'; example of an equivalent part for a cost_estimates.csv basis (not a BOM MPN)
FXL1040-330-M,Changjiang Microelectronics (cjiang),LCSC,C475918,5000,0.1261,USD,8873,2026-10-04,https://www.lcsc.com/product-detail/C475918.html,read via jlcsearch.tscircuit.com mirror by C-number; LCSC mfr part 'FXL1040-330-M'; example of an equivalent part for a cost_estimates.csv basis (not a BOM MPN)
X6521FV-2x22-C85D32,XKB Connectivity,LCSC,C2883995,1,1.2365,USD,579,2026-10-04,https://www.lcsc.com/product-detail/C2883995.html,read via jlcsearch.tscircuit.com mirror by C-number; LCSC mfr part 'X6521FV-2x22-C85D32'; example of an equivalent part for a cost_estimates.csv basis (not a BOM MPN)
X6521FV-2x22-C85D32,XKB Connectivity,LCSC,C2883995,10,1.0364,USD,579,2026-10-04,https://www.lcsc.com/product-detail/C2883995.html,read via jlcsearch.tscircuit.com mirror by C-number; LCSC mfr part 'X6521FV-2x22-C85D32'; example of an equivalent part for a cost_estimates.csv basis (not a BOM MPN)
X6521FV-2x22-C85D32,XKB Connectivity,LCSC,C2883995,30,0.9257,USD,579,2026-10-04,https://www.lcsc.com/product-detail/C2883995.html,read via jlcsearch.tscircuit.com mirror by C-number; LCSC mfr part 'X6521FV-2x22-C85D32'; example of an equivalent part for a cost_estimates.csv basis (not a BOM MPN)
X6521FV-2x22-C85D32,XKB Connectivity,LCSC,C2883995,100,0.8021,USD,579,2026-10-04,https://www.lcsc.com/product-detail/C2883995.html,read via jlcsearch.tscircuit.com mirror by C-number; LCSC mfr part 'X6521FV-2x22-C85D32'; example of an equivalent part for a cost_estimates.csv basis (not a BOM MPN)
X6521FV-2x22-C85D32,XKB Connectivity,LCSC,C2883995,500,0.7468,USD,579,2026-10-04,https://www.lcsc.com/product-detail/C2883995.html,read via jlcsearch.tscircuit.com mirror by C-number; LCSC mfr part 'X6521FV-2x22-C85D32'; example of an equivalent part for a cost_estimates.csv basis (not a BOM MPN)
X6521FV-2x22-C85D32,XKB Connectivity,LCSC,C2883995,1000,0.7208,USD,579,2026-10-04,https://www.lcsc.com/product-detail/C2883995.html,read via jlcsearch.tscircuit.com mirror by C-number; LCSC mfr part 'X6521FV-2x22-C85D32'; example of an equivalent part for a cost_estimates.csv basis (not a BOM MPN)
X1G0041710035,Seiko Epson,LCSC,C70561,1,0.5955,USD,2864,2026-10-04,https://www.lcsc.com/product-detail/C70561.html,read via jlcsearch.tscircuit.com mirror by C-number; LCSC mfr part 'X1G0041710035'; example of an equivalent part for a cost_estimates.csv basis (not a BOM MPN)
X1G0041710035,Seiko Epson,LCSC,C70561,10,0.4832,USD,2864,2026-10-04,https://www.lcsc.com/product-detail/C70561.html,read via jlcsearch.tscircuit.com mirror by C-number; LCSC mfr part 'X1G0041710035'; example of an equivalent part for a cost_estimates.csv basis (not a BOM MPN)
X1G0041710035,Seiko Epson,LCSC,C70561,30,0.4279,USD,2864,2026-10-04,https://www.lcsc.com/product-detail/C70561.html,read via jlcsearch.tscircuit.com mirror by C-number; LCSC mfr part 'X1G0041710035'; example of an equivalent part for a cost_estimates.csv basis (not a BOM MPN)
X1G0041710035,Seiko Epson,LCSC,C70561,100,0.371,USD,2864,2026-10-04,https://www.lcsc.com/product-detail/C70561.html,read via jlcsearch.tscircuit.com mirror by C-number; LCSC mfr part 'X1G0041710035'; example of an equivalent part for a cost_estimates.csv basis (not a BOM MPN)
X1G0041710035,Seiko Epson,LCSC,C70561,500,0.3384,USD,2864,2026-10-04,https://www.lcsc.com/product-detail/C70561.html,read via jlcsearch.tscircuit.com mirror by C-number; LCSC mfr part 'X1G0041710035'; example of an equivalent part for a cost_estimates.csv basis (not a BOM MPN)
X1G0041710035,Seiko Epson,LCSC,C70561,1000,0.3205,USD,2864,2026-10-04,https://www.lcsc.com/product-detail/C70561.html,read via jlcsearch.tscircuit.com mirror by C-number; LCSC mfr part 'X1G0041710035'; example of an equivalent part for a cost_estimates.csv basis (not a BOM MPN)
SS56,MDD (Microdiode Semiconductor),LCSC,C65009,1,0.0523,USD,288342,2026-10-04,https://www.lcsc.com/product-detail/C65009.html,read via jlcsearch.tscircuit.com mirror by C-number; LCSC mfr part 'SS56'
SS56,MDD (Microdiode Semiconductor),LCSC,C65009,100,0.0433,USD,288342,2026-10-04,https://www.lcsc.com/product-detail/C65009.html,read via jlcsearch.tscircuit.com mirror by C-number; LCSC mfr part 'SS56'
SS56,MDD (Microdiode Semiconductor),LCSC,C65009,300,0.0388,USD,288342,2026-10-04,https://www.lcsc.com/product-detail/C65009.html,read via jlcsearch.tscircuit.com mirror by C-number; LCSC mfr part 'SS56'
SS56,MDD (Microdiode Semiconductor),LCSC,C65009,1000,0.035,USD,288342,2026-10-04,https://www.lcsc.com/product-detail/C65009.html,read via jlcsearch.tscircuit.com mirror by C-number; LCSC mfr part 'SS56'
SS56,MDD (Microdiode Semiconductor),LCSC,C65009,5000,0.0272,USD,288342,2026-10-04,https://www.lcsc.com/product-detail/C65009.html,read via jlcsearch.tscircuit.com mirror by C-number; LCSC mfr part 'SS56'
SS56,MDD (Microdiode Semiconductor),LCSC,C65009,10000,0.0262,USD,288342,2026-10-04,https://www.lcsc.com/product-detail/C65009.html,read via jlcsearch.tscircuit.com mirror by C-number; LCSC mfr part 'SS56'
CL31B106KOHNNNE,Samsung Electro-Mechanics,LCSC,C47971,1,0.1365,USD,9102,2026-10-04,https://www.lcsc.com/product-detail/C47971.html,"read via jlcsearch.tscircuit.com mirror by C-number; LCSC mfr part 'CL31B106KOHNNNE'; typical-equivalent example for a GENERIC class price (cost_estimates.csv), not a BOM MPN"
CL31B106KOHNNNE,Samsung Electro-Mechanics,LCSC,C47971,100,0.1242,USD,9102,2026-10-04,https://www.lcsc.com/product-detail/C47971.html,"read via jlcsearch.tscircuit.com mirror by C-number; LCSC mfr part 'CL31B106KOHNNNE'; typical-equivalent example for a GENERIC class price (cost_estimates.csv), not a BOM MPN"
CL31B106KOHNNNE,Samsung Electro-Mechanics,LCSC,C47971,300,0.1178,USD,9102,2026-10-04,https://www.lcsc.com/product-detail/C47971.html,"read via jlcsearch.tscircuit.com mirror by C-number; LCSC mfr part 'CL31B106KOHNNNE'; typical-equivalent example for a GENERIC class price (cost_estimates.csv), not a BOM MPN"
CL31B106KOHNNNE,Samsung Electro-Mechanics,LCSC,C47971,2000,0.1042,USD,9102,2026-10-04,https://www.lcsc.com/product-detail/C47971.html,"read via jlcsearch.tscircuit.com mirror by C-number; LCSC mfr part 'CL31B106KOHNNNE'; typical-equivalent example for a GENERIC class price (cost_estimates.csv), not a BOM MPN"
CL31B106KOHNNNE,Samsung Electro-Mechanics,LCSC,C47971,4000,0.1024,USD,9102,2026-10-04,https://www.lcsc.com/product-detail/C47971.html,"read via jlcsearch.tscircuit.com mirror by C-number; LCSC mfr part 'CL31B106KOHNNNE'; typical-equivalent example for a GENERIC class price (cost_estimates.csv), not a BOM MPN"
CL31B106KOHNNNE,Samsung Electro-Mechanics,LCSC,C47971,10000,0.1011,USD,9102,2026-10-04,https://www.lcsc.com/product-detail/C47971.html,"read via jlcsearch.tscircuit.com mirror by C-number; LCSC mfr part 'CL31B106KOHNNNE'; typical-equivalent example for a GENERIC class price (cost_estimates.csv), not a BOM MPN"
CA-IS3050W,Chipanalog,LCSC,C970940,1000,0.7159,USD,1033,2026-10-04,https://www.lcsc.com/product-detail/C970940.html,read via jlcsearch.tscircuit.com mirror of LCSC catalogue; LCSC mfr part 'CA-IS3050W'; 500-999: 0.7484; mirror x-cached-at 2026-10-04T18:26:09.430Z
X1G0041710033,Seiko Epson,LCSC,C70560,1000,0.262,USD,9636,2026-10-04,https://www.lcsc.com/product-detail/C70560.html,read via jlcsearch.tscircuit.com mirror of LCSC catalogue; LCSC mfr part 'X1G0041710033' (SG-210STF 25 MHz); mirror x-cached-at 2026-10-04T18:26:10.974Z
AUX-T1 75 W (CUSTOM),CUSTOM,none,,,,,,2026-10-05,,"no price row for this MPN; the cost model uses the estimate in cost_estimates.csv (key 'AUX-T1 75 W (CUSTOM)'), whose basis reads: ESTIMATE (sim/magnetics.py design_aux75_transformer.json rev M1): DMEGC EC39A DMR95 + TIW-litz SELV + litz P/live + potted case + PD test; no quote"
CA-IS3820LG,Chipanalog,none,,,,,,2026-10-05,,"no price row for this MPN; the cost model uses the estimate in cost_estimates.csv (key 'CA-IS3820LG'), whose basis reads: ESTIMATE (architect's list, CA-IS3821LW 0.45): Chipanalog reinforced 2-channel digital isolator, not found on LCSC through the mirror or by web search; sibling CA-IS3721LS is listed on LCSC (C5121216)"
CA-IS3821LG,Chipanalog,none,,,,,,2026-10-05,,"no price row for this MPN; the cost model uses the estimate in cost_estimates.csv (key 'CA-IS3821LG'), whose basis reads: ESTIMATE: as CA-IS3820LG (architect's list 0.45)"
IV2Q171R0D7Z,InventChip,none,,,,,,2026-10-05,,"no price row for this MPN; the cost model uses the estimate in cost_estimates.csv (key 'IV2Q171R0D7Z'), whose basis reads: ESTIMATE (sim/out/aux_hv_design/aux75_block_cost.csv; architect's list 2.50): InventChip 1700 V 1 Ohm SiC MOSFET, not on LCSC, no public price; die about 1/20 of the SG2M020170HJ (9.74 USD)"
FCSA3DS225K050IC90BE3,Jianghai,none,,,,,,2026-10-05,,"no price row for this MPN; the cost model uses the estimate in cost_estimates.csv (key 'FCSA3DS225K050IC90BE3'), whose basis reads: ESTIMATE (architect's list 0.45): Jianghai 2.2 uF 1300 VDC film, 12.5/19 cm3 x Faratronic 0.557 USD + 10 %; KEMET C4AQUBU4220A1YJ is EUR 2.49 at qty 1 (DigiKey Austria)"
FCSA3DS335K050ID90BE3,Jianghai,none,,,,,,2026-10-05,,"no price row for this MPN; the cost model uses the estimate in cost_estimates.csv (key 'FCSA3DS335K050ID90BE3'), whose basis reads: ESTIMATE (sim/out/aux_hv_design/aux75_block_cost.csv): Jianghai 3.3 uF 1300 VDC film (input surge absorber), scaled from the 2.2 uF estimate"
FCSA3DS456K050H8F9DE3,Jianghai,none,,,,,,2026-10-05,,"no price row for this MPN; the cost model uses the estimate in cost_estimates.csv (key 'FCSA3DS456K050H8F9DE3'), whose basis reads: ESTIMATE (architect's list 5.40): Jianghai CBB-type 45 uF 1300 VDC, no Chinese price found; Faratronic C3D1X505KB00C00 0.557 USD scaled by 12.5/19 cm3 steps to this case, +10 %; KEMET C4AQUEW5450A3BJ "
"BZX84-A18,215",Nexperia,none,,,,,,2026-10-05,,"no price row for this MPN; the cost model uses the estimate in cost_estimates.csv (key 'BZX84-A18,215'), whose basis reads: ESTIMATE: LCSC lists the 1 % A-series BZX84-A18,215 from 0.5821 USD (web-search result 2026-10-04, single piece); sim/out/aux_hv_design/aux75_block_cost.csv used 0.03"
"BZX84-B20,215",Nexperia,none,,,,,,2026-10-05,,"no price row for this MPN; the cost model uses the estimate in cost_estimates.csv (key 'BZX84-B20,215'), whose basis reads: ESTIMATE: no break table for this voltage in the mirror (LCSC lists it, 840 pcs, 0.0428 at qty 1); the same 2 % B-series BZX84-B18,215 is 0.0194 USD at 600+ on LCSC (C208501)"
N-C-644025,Qingdao Yunlu,none,,,,,,2026-10-05,,"no price row for this MPN; the cost model uses the estimate in cost_estimates.csv (key 'N-C-644025'), whose basis reads: ESTIMATE (sim/magnetics.py design_port_cm_choke.json rev M2, D-048): cased flat-mu nanocrystalline ring, 0.27 kg at 20 USD/kg 6.93 + case/insulation 3.5 + labour 1.0, +10 % = 10.9 per ring (one per po"
FXL0530-220-M,SZ Cjiang Technology,none,,,,,,2026-10-05,,"no price row for this MPN; the cost model uses the estimate in cost_estimates.csv (key 'FXL0530-220-M'), whose basis reads: ESTIMATE: not in the mirror; the same-series FXL0630-220-M (22 uH) is 0.0698 USD at 500-4499 on LCSC (C177244)"
FXL0840-330-M,SZ Cjiang Technology,none,,,,,,2026-10-05,,"no price row for this MPN; the cost model uses the estimate in cost_estimates.csv (key 'FXL0840-330-M'), whose basis reads: ESTIMATE: not in the mirror; the same-series FXL1040-330-M (33 uH, larger case) is 0.1491 USD at 500-4999 on LCSC (C475918)"
STK-HO/A 75,Sinomags Technology,none,,,,,,2026-10-05,,"no price row for this MPN; the cost model uses the estimate in cost_estimates.csv (key 'STK-HO/A 75'), whose basis reads: ESTIMATE (architect's list, STK-HO/A 130 RFQ estimate 5.00; the 75 A version assumed equal): Sinomags open-loop sensor, no public price (sim/data/asia_ics.md); about 1/5 of the LEM HOB 130-P (26.77 US"
US1MH,Taiwan Semiconductor,none,,,,,,2026-10-05,,"no price row for this MPN; the cost model uses the estimate in cost_estimates.csv (key 'US1MH'), whose basis reads: ESTIMATE: Taiwan Semiconductor US1MH (SMA, 1 kV, 75 ns): LCSC lists it from 0.0326 USD (C17442259) but out of stock, so no break table; web-search result 2026-10-04"
AC10000002009JAB00,Vishay Draloric,none,,,,,,2026-10-05,,"no price row for this MPN; the cost model uses the estimate in cost_estimates.csv (key 'AC10000002009JAB00'), whose basis reads: ESTIMATE (sim/out/aux_hv_design/aux75_block_cost.csv): Vishay 20 R 10 W cemented wirewound; the 22 R sibling AC10000002209JAB00 is 0.932 USD (Octopart aggregator, prices.csv)"
X6521FV-2x32-C85D32,XKB Connection,none,,,,,,2026-10-05,,"no price row for this MPN; the cost model uses the estimate in cost_estimates.csv (key 'X6521FV-2x32-C85D32'), whose basis reads: ESTIMATE: 2x32 socket not in the mirror; the 2x22 X6521FV-2x22-C85D32 is 0.7208 USD at 1000+ on LCSC (C2883995), scaled by 32/22 pins"
X9555WV-2x32-6TV01,XKB Connection,none,,,,,,2026-10-05,,"no price row for this MPN; the cost model uses the estimate in cost_estimates.csv (key 'X9555WV-2x32-6TV01'), whose basis reads: ESTIMATE: 2x32 shrouded header not in the mirror; the 2x20 X9555WV-2X20-6TV01 is 0.26 USD at 500 on LCSC (prices.csv), scaled by 32/20 pins"
SMBJ36A,Littelfuse,none,C224020,,,,,2026-10-05,https://www.lcsc.com/product-detail/C224020.html,"maker correction, no price: the LCSC rows above for C224020 are labelled Bourns by mistake; LCSC lists SMBJ36A under Littelfuse (product URL slug, web-search result 2026-10-05); prices unchanged"
SMBJ58CA,Littelfuse,none,C151267,,,,,2026-10-05,https://www.lcsc.com/product-detail/C151267.html,"maker correction, no price: the LCSC rows above for C151267 are labelled Bourns by mistake; LCSC lists SMBJ58CA under Littelfuse (product URL slug, web-search result 2026-10-05); prices unchanged"
SMCJ33A,Littelfuse,none,C224049,,,,,2026-10-05,https://www.lcsc.com/product-detail/C224049.html,"maker correction, no price: the LCSC rows above for C224049 are labelled Bourns by mistake; LCSC lists SMCJ33A under Littelfuse (product URL slug, web-search result 2026-10-05); prices unchanged"
EVK250 (250A 12-1500VDC HV DC contactor),Shijiazhuang Estar New Energy,made-in-china.com listing (indicative),PwstZknDEcfS,30,22.64,USD,,2026-10-04,https://estarcharge.en.made-in-china.com/product/PwstZknDEcfS/China-Evk-250A-12-1500VDC-Coil-Voltage-12V-Hv-DC-Contactor-for-DC-Charger.html,"HV DC contactor 250 A, listing says 12-1500 VDC, MOQ 30; no data sheet read, so no make/break table or coil data behind this price. Marketplace listing read 2026-10-05 ~00:30 IST by a plain request; the price shown is the listing figure (lowest of any range), not a quote; supplier is not verified; INDICATIVE ONLY."
EVK400 (400A 12-1500VDC HV DC contactor),Shijiazhuang Estar New Energy,made-in-china.com listing (indicative),WZsGcfUYXkay,30,33.58,USD,,2026-10-04,https://estarcharge.en.made-in-china.com/product/WZsGcfUYXkay/China-Evk-400A-12-1500VDC-Coil-12V-Hv-DC-Contactor-for-EV-Charger.html,"HV DC contactor 400 A, MOQ 30; no data sheet read. HIITIO HCF400/HCZ03-400 have no public price (Get A Quote). Marketplace listing read 2026-10-05 ~00:30 IST by a plain request; the price shown is the listing figure (lowest of any range), not a quote; supplier is not verified; INDICATIVE ONLY."
GD450HFX120C6SA,StarPower (via Micray Shenzhen listing),made-in-china.com listing (indicative),hQFpNondZMRY,,49.6,USD,,2026-10-04,https://www.made-in-china.com/showroom/micray/product-detailhQFpNondZMRY/China-Starpower-IGBT-IGBT-Module-Gd450hfx120c6SA-Gd800hfa120c6sdgd150hcx170c6sagd100hcx170c6sagd300mnx120c6SA.html,"1200 V 450 A half-bridge IGBT module (a multi-model listing; range 49.6-56 USD); a second listing of the same seller, product-detailoQgpOPmdXCRk, shows 67.58-78. Price scale for a home-built T-type outer leg only; authenticity of a reseller listing unknown. Marketplace listing read 2026-10-05 ~00:30 IST by a plain request; the price shown is the listing figure (lowest of any range), not a quote; supplier is not verified; INDICATIVE ONLY."
DC 1000V 350A fast blow fuse link (semiconductor),Guangzhou Golden Electric,made-in-china.com listing (indicative),dzCrMjkGLnWs,1,25,USD,,2026-10-04,https://chinagoldenelectric.en.made-in-china.com/product/dzCrMjkGLnWs/China-DC-1000V-350A-Fast-Blow-Fuse-Link-High-Breaking-Capacity-Semiconductor-Equipment-Protective-Fuse.html,"1000 VDC 350 A semiconductor fuse link, MOQ 1; no data sheet, no I2t, no L/R in the listing. Marketplace listing read 2026-10-05 ~00:30 IST by a plain request; the price shown is the listing figure (lowest of any range), not a quote; supplier is not verified; INDICATIVE ONLY."
32A-250A DC 1000V solar PV fuse link,Guangzhou Golden Electric,made-in-china.com listing (indicative),vxipZoQrgacB,1,20,USD,,2026-10-04,https://chinagoldenelectric.en.made-in-china.com/product/vxipZoQrgacB/China-32A-63A-80A-125A-160A-200A-250A-DC-1000V-Solar-PV-Fuse-Link-Photovoltaic-Fuse-for-Solar-Energy-System.html,"1000 VDC PV fuse link 32-250 A (one price for the whole range), MOQ 1; no data sheet. Marketplace listing read 2026-10-05 ~00:30 IST by a plain request; the price shown is the listing figure (lowest of any range), not a quote; supplier is not verified; INDICATIVE ONLY."
1000VDC NH solar PV fuse gPV 250A/315A,Wenzhou Homor International Trade,made-in-china.com listing (indicative),VFbaTiDraEcI,100,16.7,USD,,2026-10-04,https://homortrade.en.made-in-china.com/product/VFbaTiDraEcI/China-1000VDC-Nh-Solar-PV-Fuse-Gpv-250A-315A.html,"1000 VDC NH gPV fuse 250/315 A, MOQ 100; trading company; no data sheet. Marketplace listing read 2026-10-05 ~00:30 IST by a plain request; the price shown is the listing figure (lowest of any range), not a quote; supplier is not verified; INDICATIVE ONLY."
SG2M040170HJ,Sichain (Sichainsemi),LCSC,C42456100,1,6.7294,USD,418,2026-10-05,https://www.lcsc.com/product-detail/C42456100.html,LCSC product page read by the LCSC sourcing agent 2026-10-05 (sim/data/lcsc_semis.csv); price = LCSC unit price at that break
SG2M040170HJ,Sichain (Sichainsemi),LCSC,C42456100,90,5.0709,USD,418,2026-10-05,https://www.lcsc.com/product-detail/C42456100.html,"LCSC product page read by the LCSC sourcing agent 2026-10-05 (sim/data/lcsc_semis.csv); price = LCSC unit price at that break; LCSC ladder 1: 6.7294, 10: 5.7836, 30: 5.5553, 90+: 5.0709 USD"
SG2M014120LJ,Sichain (Sichainsemi),LCSC,C52109935,1,10.4671,USD,14,2026-10-05,https://www.lcsc.com/product-detail/C52109935.html,LCSC product page read by the LCSC sourcing agent 2026-10-05 (sim/data/lcsc_semis.csv); price = LCSC unit price at that break
SG2M014120LJ,Sichain (Sichainsemi),LCSC,C52109935,100,7.4206,USD,14,2026-10-05,https://www.lcsc.com/product-detail/C52109935.html,LCSC product page read by the LCSC sourcing agent 2026-10-05 (sim/data/lcsc_semis.csv); price = LCSC unit price at that break
US1MHE3_A/H,Vishay,LCSC,C413446,1,0.1038,USD,38586,2026-10-05,https://www.lcsc.com/product-detail/C413446.html,LCSC product page read by the LCSC sourcing agent 2026-10-05 (sim/data/lcsc_semis.csv); price = LCSC unit price at that break
US1MHE3_A/H,Vishay,LCSC,C413446,100,0.0626,USD,38586,2026-10-05,https://www.lcsc.com/product-detail/C413446.html,LCSC product page read by the LCSC sourcing agent 2026-10-05 (sim/data/lcsc_semis.csv); price = LCSC unit price at that break
US1MHE3_A/H,Vishay,LCSC,C413446,1000,0.0527,USD,38586,2026-10-05,https://www.lcsc.com/product-detail/C413446.html,LCSC product page read by the LCSC sourcing agent 2026-10-05 (sim/data/lcsc_semis.csv); price = LCSC unit price at that break
STTH8L06G-TR,ST,LCSC,C2924785,1,0.8964,USD,426,2026-10-05,https://www.lcsc.com/product-detail/C2924785.html,LCSC product page read by the LCSC sourcing agent 2026-10-05 (sim/data/lcsc_semis.csv); price = LCSC unit price at that break
STTH8L06G-TR,ST,LCSC,C2924785,100,0.547,USD,426,2026-10-05,https://www.lcsc.com/product-detail/C2924785.html,LCSC product page read by the LCSC sourcing agent 2026-10-05 (sim/data/lcsc_semis.csv); price = LCSC unit price at that break
STTH8L06G-TR,ST,LCSC,C2924785,1000,0.467,USD,426,2026-10-05,https://www.lcsc.com/product-detail/C2924785.html,LCSC product page read by the LCSC sourcing agent 2026-10-05 (sim/data/lcsc_semis.csv); price = LCSC unit price at that break
"PMEG4010CEJ,115",Nexperia,LCSC,C50704,1,0.3826,USD,2825,2026-10-05,https://www.lcsc.com/product-detail/C50704.html,LCSC product page read by the LCSC sourcing agent 2026-10-05 (sim/data/lcsc_semis.csv); price = LCSC unit price at that break
"PMEG4010CEJ,115",Nexperia,LCSC,C50704,100,0.3053,USD,2825,2026-10-05,https://www.lcsc.com/product-detail/C50704.html,LCSC product page read by the LCSC sourcing agent 2026-10-05 (sim/data/lcsc_semis.csv); price = LCSC unit price at that break
"PMEG4010CEJ,115",Nexperia,LCSC,C50704,1000,0.2307,USD,2825,2026-10-05,https://www.lcsc.com/product-detail/C50704.html,LCSC product page read by the LCSC sourcing agent 2026-10-05 (sim/data/lcsc_semis.csv); price = LCSC unit price at that break
BAT54,Nexperia,LCSC,C85084,1,0.022,USD,110740,2026-10-05,https://www.lcsc.com/product-detail/C85084.html,"LCSC product page read by the LCSC sourcing agent 2026-10-05 (sim/data/lcsc_semis.csv); price = LCSC unit price at that break; BOM spelling BAT54 = LCSC BAT54,215"
"BAT54,215",Nexperia,LCSC,C85084,1,0.022,USD,110740,2026-10-05,https://www.lcsc.com/product-detail/C85084.html,"LCSC product page read by the LCSC sourcing agent 2026-10-05 (sim/data/lcsc_semis.csv); price = LCSC unit price at that break; BOM spelling BAT54,215 = LCSC BAT54,215"
BAT54,Nexperia,LCSC,C85084,1000,0.0143,USD,110740,2026-10-05,https://www.lcsc.com/product-detail/C85084.html,"LCSC product page read by the LCSC sourcing agent 2026-10-05 (sim/data/lcsc_semis.csv); price = LCSC unit price at that break; BOM spelling BAT54 = LCSC BAT54,215"
"BAT54,215",Nexperia,LCSC,C85084,1000,0.0143,USD,110740,2026-10-05,https://www.lcsc.com/product-detail/C85084.html,"LCSC product page read by the LCSC sourcing agent 2026-10-05 (sim/data/lcsc_semis.csv); price = LCSC unit price at that break; BOM spelling BAT54,215 = LCSC BAT54,215"
BAT54S,Nexperia,LCSC,C47546,1,0.0311,USD,277760,2026-10-05,https://www.lcsc.com/product-detail/C47546.html,"LCSC product page read by the LCSC sourcing agent 2026-10-05 (sim/data/lcsc_semis.csv); price = LCSC unit price at that break; BOM spelling BAT54S = LCSC BAT54S,215"
"BAT54S,215",Nexperia,LCSC,C47546,1,0.0311,USD,277760,2026-10-05,https://www.lcsc.com/product-detail/C47546.html,"LCSC product page read by the LCSC sourcing agent 2026-10-05 (sim/data/lcsc_semis.csv); price = LCSC unit price at that break; BOM spelling BAT54S,215 = LCSC BAT54S,215"
BAT54S,Nexperia,LCSC,C47546,1000,0.0199,USD,277760,2026-10-05,https://www.lcsc.com/product-detail/C47546.html,"LCSC product page read by the LCSC sourcing agent 2026-10-05 (sim/data/lcsc_semis.csv); price = LCSC unit price at that break; BOM spelling BAT54S = LCSC BAT54S,215"
"BAT54S,215",Nexperia,LCSC,C47546,1000,0.0199,USD,277760,2026-10-05,https://www.lcsc.com/product-detail/C47546.html,"LCSC product page read by the LCSC sourcing agent 2026-10-05 (sim/data/lcsc_semis.csv); price = LCSC unit price at that break; BOM spelling BAT54S,215 = LCSC BAT54S,215"
BAS16,Nexperia,LCSC,C79997,1,0.0101,USD,265750,2026-10-05,https://www.lcsc.com/product-detail/C79997.html,"LCSC product page read by the LCSC sourcing agent 2026-10-05 (sim/data/lcsc_semis.csv); price = LCSC unit price at that break; BOM spelling BAS16 = LCSC BAS16,215"
"BAS16,215",Nexperia,LCSC,C79997,1,0.0101,USD,265750,2026-10-05,https://www.lcsc.com/product-detail/C79997.html,"LCSC product page read by the LCSC sourcing agent 2026-10-05 (sim/data/lcsc_semis.csv); price = LCSC unit price at that break; BOM spelling BAS16,215 = LCSC BAS16,215"
BAS16,Nexperia,LCSC,C79997,1000,0.0078,USD,265750,2026-10-05,https://www.lcsc.com/product-detail/C79997.html,"LCSC product page read by the LCSC sourcing agent 2026-10-05 (sim/data/lcsc_semis.csv); price = LCSC unit price at that break; BOM spelling BAS16 = LCSC BAS16,215"
"BAS16,215",Nexperia,LCSC,C79997,1000,0.0078,USD,265750,2026-10-05,https://www.lcsc.com/product-detail/C79997.html,"LCSC product page read by the LCSC sourcing agent 2026-10-05 (sim/data/lcsc_semis.csv); price = LCSC unit price at that break; BOM spelling BAS16,215 = LCSC BAS16,215"
BZX84-B18-QR,Nexperia,LCSC,C7508205,1,0.0423,USD,2990,2026-10-05,https://www.lcsc.com/product-detail/C7508205.html,LCSC product page read by the LCSC sourcing agent 2026-10-05 (sim/data/lcsc_semis.csv); price = LCSC unit price at that break
BZX84-B18-QR,Nexperia,LCSC,C7508205,100,0.0332,USD,2990,2026-10-05,https://www.lcsc.com/product-detail/C7508205.html,LCSC product page read by the LCSC sourcing agent 2026-10-05 (sim/data/lcsc_semis.csv); price = LCSC unit price at that break
BZX84-B18-QR,Nexperia,LCSC,C7508205,1000,0.0287,USD,2990,2026-10-05,https://www.lcsc.com/product-detail/C7508205.html,LCSC product page read by the LCSC sourcing agent 2026-10-05 (sim/data/lcsc_semis.csv); price = LCSC unit price at that break
"BZX84-B10,215",Nexperia,LCSC,C454956,1,0.0379,USD,66850,2026-10-05,https://www.lcsc.com/product-detail/C454956.html,LCSC product page read by the LCSC sourcing agent 2026-10-05 (sim/data/lcsc_semis.csv); price = LCSC unit price at that break
"BZX84-B10,215",Nexperia,LCSC,C454956,100,0.0297,USD,66850,2026-10-05,https://www.lcsc.com/product-detail/C454956.html,LCSC product page read by the LCSC sourcing agent 2026-10-05 (sim/data/lcsc_semis.csv); price = LCSC unit price at that break
"BZX84-B10,215",Nexperia,LCSC,C454956,1000,0.0257,USD,66850,2026-10-05,https://www.lcsc.com/product-detail/C454956.html,LCSC product page read by the LCSC sourcing agent 2026-10-05 (sim/data/lcsc_semis.csv); price = LCSC unit price at that break
BZX84B20,Yangjie,LCSC,C968219,1,0.0327,USD,1100,2026-10-05,https://www.lcsc.com/product-detail/C968219.html,LCSC product page read by the LCSC sourcing agent 2026-10-05 (sim/data/lcsc_semis.csv); price = LCSC unit price at that break
BZX84B20,Yangjie,LCSC,C968219,1000,0.0226,USD,1100,2026-10-05,https://www.lcsc.com/product-detail/C968219.html,LCSC product page read by the LCSC sourcing agent 2026-10-05 (sim/data/lcsc_semis.csv); price = LCSC unit price at that break
BZX84-B3V3,Nexperia,LCSC,C182377,100,0.0653,USD,4740,2026-10-05,https://www.lcsc.com/product-detail/C182377.html,"LCSC product page read by the LCSC sourcing agent 2026-10-05 (sim/data/lcsc_semis.csv); price = LCSC unit price at that break; BOM spelling BZX84-B3V3 = LCSC BZX84-B3V3,215"
"BZX84-B3V3,215",Nexperia,LCSC,C182377,100,0.0653,USD,4740,2026-10-05,https://www.lcsc.com/product-detail/C182377.html,"LCSC product page read by the LCSC sourcing agent 2026-10-05 (sim/data/lcsc_semis.csv); price = LCSC unit price at that break; BOM spelling BZX84-B3V3,215 = LCSC BZX84-B3V3,215"
BZX84-B3V3,Nexperia,LCSC,C182377,1000,0.0502,USD,4740,2026-10-05,https://www.lcsc.com/product-detail/C182377.html,"LCSC product page read by the LCSC sourcing agent 2026-10-05 (sim/data/lcsc_semis.csv); price = LCSC unit price at that break; BOM spelling BZX84-B3V3 = LCSC BZX84-B3V3,215"
"BZX84-B3V3,215",Nexperia,LCSC,C182377,1000,0.0502,USD,4740,2026-10-05,https://www.lcsc.com/product-detail/C182377.html,"LCSC product page read by the LCSC sourcing agent 2026-10-05 (sim/data/lcsc_semis.csv); price = LCSC unit price at that break; BOM spelling BZX84-B3V3,215 = LCSC BZX84-B3V3,215"
"BZX84-B4V7,215",Nexperia,LCSC,C426829,1,0.0516,USD,1570,2026-10-05,https://www.lcsc.com/product-detail/C426829.html,LCSC product page read by the LCSC sourcing agent 2026-10-05 (sim/data/lcsc_semis.csv); price = LCSC unit price at that break
"BZX84-B4V7,215",Nexperia,LCSC,C426829,100,0.0407,USD,1570,2026-10-05,https://www.lcsc.com/product-detail/C426829.html,LCSC product page read by the LCSC sourcing agent 2026-10-05 (sim/data/lcsc_semis.csv); price = LCSC unit price at that break
"BZX84-B4V7,215",Nexperia,LCSC,C426829,1000,0.0352,USD,1570,2026-10-05,https://www.lcsc.com/product-detail/C426829.html,LCSC product page read by the LCSC sourcing agent 2026-10-05 (sim/data/lcsc_semis.csv); price = LCSC unit price at that break
"BZX84-B5V6,215",Nexperia,LCSC,C183269,1,0.0358,USD,17820,2026-10-05,https://www.lcsc.com/product-detail/C183269.html,LCSC product page read by the LCSC sourcing agent 2026-10-05 (sim/data/lcsc_semis.csv); price = LCSC unit price at that break
"BZX84-B5V6,215",Nexperia,LCSC,C183269,1000,0.0233,USD,17820,2026-10-05,https://www.lcsc.com/product-detail/C183269.html,LCSC product page read by the LCSC sourcing agent 2026-10-05 (sim/data/lcsc_semis.csv); price = LCSC unit price at that break
BZX84B6V8,Yangjie,LCSC,C968233,1,0.0252,USD,580,2026-10-05,https://www.lcsc.com/product-detail/C968233.html,LCSC product page read by the LCSC sourcing agent 2026-10-05 (sim/data/lcsc_semis.csv); price = LCSC unit price at that break
BZX84B6V8,Yangjie,LCSC,C968233,1000,0.017,USD,580,2026-10-05,https://www.lcsc.com/product-detail/C968233.html,LCSC product page read by the LCSC sourcing agent 2026-10-05 (sim/data/lcsc_semis.csv); price = LCSC unit price at that break
"BZX84-C15,215",Nexperia,LCSC,C143972,1,0.0471,USD,59660,2026-10-05,https://www.lcsc.com/product-detail/C143972.html,LCSC product page read by the LCSC sourcing agent 2026-10-05 (sim/data/lcsc_semis.csv); price = LCSC unit price at that break
"BZX84-C15,215",Nexperia,LCSC,C143972,100,0.0367,USD,59660,2026-10-05,https://www.lcsc.com/product-detail/C143972.html,LCSC product page read by the LCSC sourcing agent 2026-10-05 (sim/data/lcsc_semis.csv); price = LCSC unit price at that break
"BZX84-C15,215",Nexperia,LCSC,C143972,1000,0.0316,USD,59660,2026-10-05,https://www.lcsc.com/product-detail/C143972.html,LCSC product page read by the LCSC sourcing agent 2026-10-05 (sim/data/lcsc_semis.csv); price = LCSC unit price at that break
SMBJ33A,MDD (Microdiode Semiconductor),LCSC,C173526,1,0.0599,USD,7190,2026-10-05,https://www.lcsc.com/product-detail/C173526.html,LCSC product page read by the LCSC sourcing agent 2026-10-05 (sim/data/lcsc_semis.csv); price = LCSC unit price at that break
SMBJ33A,MDD (Microdiode Semiconductor),LCSC,C173526,100,0.05,USD,7190,2026-10-05,https://www.lcsc.com/product-detail/C173526.html,LCSC product page read by the LCSC sourcing agent 2026-10-05 (sim/data/lcsc_semis.csv); price = LCSC unit price at that break
SMBJ33A,MDD (Microdiode Semiconductor),LCSC,C173526,1000,0.0451,USD,7190,2026-10-05,https://www.lcsc.com/product-detail/C173526.html,LCSC product page read by the LCSC sourcing agent 2026-10-05 (sim/data/lcsc_semis.csv); price = LCSC unit price at that break
SMBJ36A,MDD (Microdiode Semiconductor),LCSC,C114001,1,0.058,USD,94680,2026-10-05,https://www.lcsc.com/product-detail/C114001.html,LCSC product page read by the LCSC sourcing agent 2026-10-05 (sim/data/lcsc_semis.csv); price = LCSC unit price at that break
SMBJ36A,MDD (Microdiode Semiconductor),LCSC,C114001,100,0.0481,USD,94680,2026-10-05,https://www.lcsc.com/product-detail/C114001.html,LCSC product page read by the LCSC sourcing agent 2026-10-05 (sim/data/lcsc_semis.csv); price = LCSC unit price at that break
SMBJ36A,MDD (Microdiode Semiconductor),LCSC,C114001,1000,0.0432,USD,94680,2026-10-05,https://www.lcsc.com/product-detail/C114001.html,LCSC product page read by the LCSC sourcing agent 2026-10-05 (sim/data/lcsc_semis.csv); price = LCSC unit price at that break
SMBJ58CA,MDD (Microdiode Semiconductor),LCSC,C114007,1,0.0579,USD,15930,2026-10-05,https://www.lcsc.com/product-detail/C114007.html,LCSC product page read by the LCSC sourcing agent 2026-10-05 (sim/data/lcsc_semis.csv); price = LCSC unit price at that break
SMBJ58CA,MDD (Microdiode Semiconductor),LCSC,C114007,100,0.0481,USD,15930,2026-10-05,https://www.lcsc.com/product-detail/C114007.html,LCSC product page read by the LCSC sourcing agent 2026-10-05 (sim/data/lcsc_semis.csv); price = LCSC unit price at that break
SMBJ58CA,MDD (Microdiode Semiconductor),LCSC,C114007,1000,0.0432,USD,15930,2026-10-05,https://www.lcsc.com/product-detail/C114007.html,LCSC product page read by the LCSC sourcing agent 2026-10-05 (sim/data/lcsc_semis.csv); price = LCSC unit price at that break
SMCJ33A/TR13,Brightking,LCSC,C310047,1,0.1214,USD,14945,2026-10-05,https://www.lcsc.com/product-detail/C310047.html,LCSC product page read by the LCSC sourcing agent 2026-10-05 (sim/data/lcsc_semis.csv); price = LCSC unit price at that break
SMCJ33A/TR13,Brightking,LCSC,C310047,100,0.0971,USD,14945,2026-10-05,https://www.lcsc.com/product-detail/C310047.html,LCSC product page read by the LCSC sourcing agent 2026-10-05 (sim/data/lcsc_semis.csv); price = LCSC unit price at that break
SMCJ33A/TR13,Brightking,LCSC,C310047,1000,0.0758,USD,14945,2026-10-05,https://www.lcsc.com/product-detail/C310047.html,LCSC product page read by the LCSC sourcing agent 2026-10-05 (sim/data/lcsc_semis.csv); price = LCSC unit price at that break
2N7002BK,Nexperia,LCSC,C282405,1,0.0392,USD,172680,2026-10-05,https://www.lcsc.com/product-detail/C282405.html,"LCSC product page read by the LCSC sourcing agent 2026-10-05 (sim/data/lcsc_semis.csv); price = LCSC unit price at that break; BOM spelling 2N7002BK = LCSC 2N7002BK,215"
2N7002BK,Nexperia,LCSC,C282405,100,0.0307,USD,172680,2026-10-05,https://www.lcsc.com/product-detail/C282405.html,"LCSC product page read by the LCSC sourcing agent 2026-10-05 (sim/data/lcsc_semis.csv); price = LCSC unit price at that break; BOM spelling 2N7002BK = LCSC 2N7002BK,215"
2N7002BK,Nexperia,LCSC,C282405,1000,0.0265,USD,172680,2026-10-05,https://www.lcsc.com/product-detail/C282405.html,"LCSC product page read by the LCSC sourcing agent 2026-10-05 (sim/data/lcsc_semis.csv); price = LCSC unit price at that break; BOM spelling 2N7002BK = LCSC 2N7002BK,215"
"2N7002BK,215",Nexperia,LCSC,C282405,1000,0.0265,USD,172680,2026-10-05,https://www.lcsc.com/product-detail/C282405.html,"LCSC product page read by the LCSC sourcing agent 2026-10-05 (sim/data/lcsc_semis.csv); price = LCSC unit price at that break; BOM spelling 2N7002BK,215 = LCSC 2N7002BK,215"
"BSS138BK,215",Nexperia,LCSC,C282529,1,0.0565,USD,28080,2026-10-05,https://www.lcsc.com/product-detail/C282529.html,LCSC product page read by the LCSC sourcing agent 2026-10-05 (sim/data/lcsc_semis.csv); price = LCSC unit price at that break
"BSS138BK,215",Nexperia,LCSC,C282529,100,0.0443,USD,28080,2026-10-05,https://www.lcsc.com/product-detail/C282529.html,LCSC product page read by the LCSC sourcing agent 2026-10-05 (sim/data/lcsc_semis.csv); price = LCSC unit price at that break
"BSS138BK,215",Nexperia,LCSC,C282529,1000,0.0383,USD,28080,2026-10-05,https://www.lcsc.com/product-detail/C282529.html,LCSC product page read by the LCSC sourcing agent 2026-10-05 (sim/data/lcsc_semis.csv); price = LCSC unit price at that break
BSS138BK,Nexperia,LCSC,C282529,1,0.0565,USD,28080,2026-10-05,https://www.lcsc.com/product-detail/C282529.html,"LCSC product page read by the LCSC sourcing agent 2026-10-05 (sim/data/lcsc_semis.csv); price = LCSC unit price at that break; BOM spelling BSS138BK = LCSC BSS138BK,215"
BSS138BK,Nexperia,LCSC,C282529,100,0.0443,USD,28080,2026-10-05,https://www.lcsc.com/product-detail/C282529.html,"LCSC product page read by the LCSC sourcing agent 2026-10-05 (sim/data/lcsc_semis.csv); price = LCSC unit price at that break; BOM spelling BSS138BK = LCSC BSS138BK,215"
BSS138BK,Nexperia,LCSC,C282529,1000,0.0383,USD,28080,2026-10-05,https://www.lcsc.com/product-detail/C282529.html,"LCSC product page read by the LCSC sourcing agent 2026-10-05 (sim/data/lcsc_semis.csv); price = LCSC unit price at that break; BOM spelling BSS138BK = LCSC BSS138BK,215"
SQ2318AES-T1_BE3,Vishay,LCSC,C3280170,1,0.249,USD,7940,2026-10-05,https://www.lcsc.com/product-detail/C3280170.html,LCSC product page read by the LCSC sourcing agent 2026-10-05 (sim/data/lcsc_semis.csv); price = LCSC unit price at that break
SQ2318AES-T1_BE3,Vishay,LCSC,C3280170,100,0.2158,USD,7940,2026-10-05,https://www.lcsc.com/product-detail/C3280170.html,LCSC product page read by the LCSC sourcing agent 2026-10-05 (sim/data/lcsc_semis.csv); price = LCSC unit price at that break
SQ2318AES-T1_BE3,Vishay,LCSC,C3280170,1000,0.1837,USD,7940,2026-10-05,https://www.lcsc.com/product-detail/C3280170.html,LCSC product page read by the LCSC sourcing agent 2026-10-05 (sim/data/lcsc_semis.csv); price = LCSC unit price at that break
2P50G-TN3-R,UTC (Unisonic Technologies),LCSC,C484516,1,0.2522,USD,65,2026-10-05,https://www.lcsc.com/product-detail/C484516.html,LCSC product page read by the LCSC sourcing agent 2026-10-05 (sim/data/lcsc_semis.csv); price = LCSC unit price at that break
2P50G-TN3-R,UTC (Unisonic Technologies),LCSC,C484516,100,0.1994,USD,65,2026-10-05,https://www.lcsc.com/product-detail/C484516.html,LCSC product page read by the LCSC sourcing agent 2026-10-05 (sim/data/lcsc_semis.csv); price = LCSC unit price at that break
2P50G-TN3-R,UTC (Unisonic Technologies),LCSC,C484516,1000,0.1485,USD,65,2026-10-05,https://www.lcsc.com/product-detail/C484516.html,LCSC product page read by the LCSC sourcing agent 2026-10-05 (sim/data/lcsc_semis.csv); price = LCSC unit price at that break
"PBSS4041PX,115",Nexperia,LCSC,C426840,1,0.5639,USD,9351,2026-10-05,https://www.lcsc.com/product-detail/C426840.html,LCSC product page read by the LCSC sourcing agent 2026-10-05 (sim/data/lcsc_semis.csv); price = LCSC unit price at that break
"PBSS4041PX,115",Nexperia,LCSC,C426840,100,0.3469,USD,9351,2026-10-05,https://www.lcsc.com/product-detail/C426840.html,LCSC product page read by the LCSC sourcing agent 2026-10-05 (sim/data/lcsc_semis.csv); price = LCSC unit price at that break
"PBSS4041PX,115",Nexperia,LCSC,C426840,1000,0.2976,USD,9351,2026-10-05,https://www.lcsc.com/product-detail/C426840.html,LCSC product page read by the LCSC sourcing agent 2026-10-05 (sim/data/lcsc_semis.csv); price = LCSC unit price at that break
FMMT619,JSCJ (Jiangsu Changjiang),LCSC,C53071,1,0.0527,USD,14990,2026-10-05,https://www.lcsc.com/product-detail/C53071.html,LCSC product page read by the LCSC sourcing agent 2026-10-05 (sim/data/lcsc_semis.csv); price = LCSC unit price at that break
FMMT619,JSCJ (Jiangsu Changjiang),LCSC,C53071,100,0.0427,USD,14990,2026-10-05,https://www.lcsc.com/product-detail/C53071.html,LCSC product page read by the LCSC sourcing agent 2026-10-05 (sim/data/lcsc_semis.csv); price = LCSC unit price at that break
FMMT619,JSCJ (Jiangsu Changjiang),LCSC,C53071,1000,0.0377,USD,14990,2026-10-05,https://www.lcsc.com/product-detail/C53071.html,LCSC product page read by the LCSC sourcing agent 2026-10-05 (sim/data/lcsc_semis.csv); price = LCSC unit price at that break
ABB-A 002,Conquer Electronic,"Diverse Electronics (distributor, CA)",ABB-A-2A-500V,1000,1.47,USD,,2026-10-06,https://www.diverseelectronics.com/products/Ceramic-Axial-Lead-Fuse-2A-500V-6-3-x-32mm-100-Box-p28579/,"distributor listing MPN ABB-A-2A-500V (6.3 x 32 mm, 2 A, 500 V, ceramic, axial; = Conquer catalogue code ABB-A 002), breaks 1000-2999 / 3000-4999 / 5000+, sold in boxes of 100; not on LCSC (jlcsearch mirror searched 2026-10-06)"
ABB-A 002,Conquer Electronic,"Diverse Electronics (distributor, CA)",ABB-A-2A-500V,3000,1.27,USD,,2026-10-06,https://www.diverseelectronics.com/products/Ceramic-Axial-Lead-Fuse-2A-500V-6-3-x-32mm-100-Box-p28579/,"distributor listing MPN ABB-A-2A-500V (6.3 x 32 mm, 2 A, 500 V, ceramic, axial; = Conquer catalogue code ABB-A 002), breaks 1000-2999 / 3000-4999 / 5000+, sold in boxes of 100; not on LCSC (jlcsearch mirror searched 2026-10-06)"
ABB-A 002,Conquer Electronic,"Diverse Electronics (distributor, CA)",ABB-A-2A-500V,5000,1.15,USD,,2026-10-06,https://www.diverseelectronics.com/products/Ceramic-Axial-Lead-Fuse-2A-500V-6-3-x-32mm-100-Box-p28579/,"distributor listing MPN ABB-A-2A-500V (6.3 x 32 mm, 2 A, 500 V, ceramic, axial; = Conquer catalogue code ABB-A 002), breaks 1000-2999 / 3000-4999 / 5000+, sold in boxes of 100; not on LCSC (jlcsearch mirror searched 2026-10-06)"
CH9121T,WCH (Nanjing Qinheng),LCSC,C45354919,1,3.9525,USD,1155,2026-10-06,https://www.lcsc.com/product-detail/C45354919.html,"LCSC product page read by the PV-CTL rev A2 agent 2026-10-06 (python read of the page's price table, no login); price = LCSC unit price at that break"
CH9121T,WCH (Nanjing Qinheng),LCSC,C45354919,10,3.3877,USD,1155,2026-10-06,https://www.lcsc.com/product-detail/C45354919.html,"LCSC product page read by the PV-CTL rev A2 agent 2026-10-06 (python read of the page's price table, no login); price = LCSC unit price at that break"
CH9121T,WCH (Nanjing Qinheng),LCSC,C45354919,30,3.051,USD,1155,2026-10-06,https://www.lcsc.com/product-detail/C45354919.html,"LCSC product page read by the PV-CTL rev A2 agent 2026-10-06 (python read of the page's price table, no login); price = LCSC unit price at that break"
CH9121T,WCH (Nanjing Qinheng),LCSC,C45354919,72,2.7128,USD,1155,2026-10-06,https://www.lcsc.com/product-detail/C45354919.html,"LCSC product page read by the PV-CTL rev A2 agent 2026-10-06 (python read of the page's price table, no login); price = LCSC unit price at that break"
CH9121T,WCH (Nanjing Qinheng),LCSC,C45354919,504,2.5551,USD,1155,2026-10-06,https://www.lcsc.com/product-detail/C45354919.html,"LCSC product page read by the PV-CTL rev A2 agent 2026-10-06 (python read of the page's price table, no login); price = LCSC unit price at that break"
CH9121T,WCH (Nanjing Qinheng),LCSC,C45354919,1008,2.4845,USD,1155,2026-10-06,https://www.lcsc.com/product-detail/C45354919.html,"LCSC product page read by the PV-CTL rev A2 agent 2026-10-06 (python read of the page's price table, no login); price = LCSC unit price at that break"
HR913550AE,HANRUN (Zhongshan HanRun Elec),LCSC,C192706,1,1.2984,USD,21589,2026-10-06,https://www.lcsc.com/product-detail/C192706.html,"LCSC product page read by the PV-CTL rev A2 agent 2026-10-06 (python read of the page's price table, no login); price = LCSC unit price at that break"
HR913550AE,HANRUN (Zhongshan HanRun Elec),LCSC,C192706,10,1.1416,USD,21589,2026-10-06,https://www.lcsc.com/product-detail/C192706.html,"LCSC product page read by the PV-CTL rev A2 agent 2026-10-06 (python read of the page's price table, no login); price = LCSC unit price at that break"
HR913550AE,HANRUN (Zhongshan HanRun Elec),LCSC,C192706,30,0.9946,USD,21589,2026-10-06,https://www.lcsc.com/product-detail/C192706.html,"LCSC product page read by the PV-CTL rev A2 agent 2026-10-06 (python read of the page's price table, no login); price = LCSC unit price at that break"
HR913550AE,HANRUN (Zhongshan HanRun Elec),LCSC,C192706,100,0.8852,USD,21589,2026-10-06,https://www.lcsc.com/product-detail/C192706.html,"LCSC product page read by the PV-CTL rev A2 agent 2026-10-06 (python read of the page's price table, no login); price = LCSC unit price at that break"
HR913550AE,HANRUN (Zhongshan HanRun Elec),LCSC,C192706,500,0.8395,USD,21589,2026-10-06,https://www.lcsc.com/product-detail/C192706.html,"LCSC product page read by the PV-CTL rev A2 agent 2026-10-06 (python read of the page's price table, no login); price = LCSC unit price at that break"
HR913550AE,HANRUN (Zhongshan HanRun Elec),LCSC,C192706,1000,0.8166,USD,21589,2026-10-06,https://www.lcsc.com/product-detail/C192706.html,"LCSC product page read by the PV-CTL rev A2 agent 2026-10-06 (python read of the page's price table, no login); price = LCSC unit price at that break"
GD25Q32ESIGR,GigaDevice,LCSC,C2832998,1,0.9129,USD,8068,2026-10-06,https://www.lcsc.com/product-detail/C2832998.html,"LCSC product page read by the PV-CTL rev A2 agent 2026-10-06 (python read of the page's price table, no login); price = LCSC unit price at that break"
GD25Q32ESIGR,GigaDevice,LCSC,C2832998,10,0.785,USD,8068,2026-10-06,https://www.lcsc.com/product-detail/C2832998.html,"LCSC product page read by the PV-CTL rev A2 agent 2026-10-06 (python read of the page's price table, no login); price = LCSC unit price at that break"
GD25Q32ESIGR,GigaDevice,LCSC,C2832998,30,0.6965,USD,8068,2026-10-06,https://www.lcsc.com/product-detail/C2832998.html,"LCSC product page read by the PV-CTL rev A2 agent 2026-10-06 (python read of the page's price table, no login); price = LCSC unit price at that break"
GD25Q32ESIGR,GigaDevice,LCSC,C2832998,100,0.6228,USD,8068,2026-10-06,https://www.lcsc.com/product-detail/C2832998.html,"LCSC product page read by the PV-CTL rev A2 agent 2026-10-06 (python read of the page's price table, no login); price = LCSC unit price at that break"
GD25Q32ESIGR,GigaDevice,LCSC,C2832998,500,0.4425,USD,8068,2026-10-06,https://www.lcsc.com/product-detail/C2832998.html,"LCSC product page read by the PV-CTL rev A2 agent 2026-10-06 (python read of the page's price table, no login); price = LCSC unit price at that break"
GD25Q32ESIGR,GigaDevice,LCSC,C2832998,1000,0.4294,USD,8068,2026-10-06,https://www.lcsc.com/product-detail/C2832998.html,"LCSC product page read by the PV-CTL rev A2 agent 2026-10-06 (python read of the page's price table, no login); price = LCSC unit price at that break"
CA-IS3842HW,Chipanalog,LCSC,C20598875,1,1.1908,USD,536,2026-10-06,https://www.lcsc.com/product-detail/C20598875.html,"LCSC product page read by the PV-CTL rev A2 agent 2026-10-06 (python read of the page's price table, no login); price = LCSC unit price at that break"
CA-IS3842HW,Chipanalog,LCSC,C20598875,10,0.9388,USD,536,2026-10-06,https://www.lcsc.com/product-detail/C20598875.html,"LCSC product page read by the PV-CTL rev A2 agent 2026-10-06 (python read of the page's price table, no login); price = LCSC unit price at that break"
CA-IS3842HW,Chipanalog,LCSC,C20598875,30,0.8308,USD,536,2026-10-06,https://www.lcsc.com/product-detail/C20598875.html,"LCSC product page read by the PV-CTL rev A2 agent 2026-10-06 (python read of the page's price table, no login); price = LCSC unit price at that break"
CA-IS3842HW,Chipanalog,LCSC,C20598875,100,0.696,USD,536,2026-10-06,https://www.lcsc.com/product-detail/C20598875.html,"LCSC product page read by the PV-CTL rev A2 agent 2026-10-06 (python read of the page's price table, no login); price = LCSC unit price at that break"
CA-IS3842HW,Chipanalog,LCSC,C20598875,500,0.636,USD,536,2026-10-06,https://www.lcsc.com/product-detail/C20598875.html,"LCSC product page read by the PV-CTL rev A2 agent 2026-10-06 (python read of the page's price table, no login); price = LCSC unit price at that break"
CA-IS3842HW,Chipanalog,LCSC,C20598875,1000,0.6,USD,536,2026-10-06,https://www.lcsc.com/product-detail/C20598875.html,"LCSC product page read by the PV-CTL rev A2 agent 2026-10-06 (python read of the page's price table, no login); price = LCSC unit price at that break"
SRV05-4,MSKSEMI,LCSC,C2836319,20,0.0292,USD,425940,2026-10-06,https://www.lcsc.com/product-detail/C2836319.html,"LCSC product page read by the PV-CTL rev A2 agent 2026-10-06 (python read of the page's price table, no login); price = LCSC unit price at that break"
SRV05-4,MSKSEMI,LCSC,C2836319,200,0.0236,USD,425940,2026-10-06,https://www.lcsc.com/product-detail/C2836319.html,"LCSC product page read by the PV-CTL rev A2 agent 2026-10-06 (python read of the page's price table, no login); price = LCSC unit price at that break"
SRV05-4,MSKSEMI,LCSC,C2836319,600,0.0204,USD,425940,2026-10-06,https://www.lcsc.com/product-detail/C2836319.html,"LCSC product page read by the PV-CTL rev A2 agent 2026-10-06 (python read of the page's price table, no login); price = LCSC unit price at that break"
SRV05-4,MSKSEMI,LCSC,C2836319,3000,0.0155,USD,425940,2026-10-06,https://www.lcsc.com/product-detail/C2836319.html,"LCSC product page read by the PV-CTL rev A2 agent 2026-10-06 (python read of the page's price table, no login); price = LCSC unit price at that break"
SRV05-4,MSKSEMI,LCSC,C2836319,9000,0.0139,USD,425940,2026-10-06,https://www.lcsc.com/product-detail/C2836319.html,"LCSC product page read by the PV-CTL rev A2 agent 2026-10-06 (python read of the page's price table, no login); price = LCSC unit price at that break"
SRV05-4,MSKSEMI,LCSC,C2836319,21000,0.013,USD,425940,2026-10-06,https://www.lcsc.com/product-detail/C2836319.html,"LCSC product page read by the PV-CTL rev A2 agent 2026-10-06 (python read of the page's price table, no login); price = LCSC unit price at that break"
X322525MOB4SI,YXC Crystal Oscillators,LCSC,C9006,5,0.0955,USD,87320,2026-10-06,https://www.lcsc.com/product-detail/C9006.html,"LCSC product page read by the PV-CTL rev A2 agent 2026-10-06 (python read of the page's price table, no login); price = LCSC unit price at that break"
X322525MOB4SI,YXC Crystal Oscillators,LCSC,C9006,50,0.0764,USD,87320,2026-10-06,https://www.lcsc.com/product-detail/C9006.html,"LCSC product page read by the PV-CTL rev A2 agent 2026-10-06 (python read of the page's price table, no login); price = LCSC unit price at that break"
X322525MOB4SI,YXC Crystal Oscillators,LCSC,C9006,150,0.0665,USD,87320,2026-10-06,https://www.lcsc.com/product-detail/C9006.html,"LCSC product page read by the PV-CTL rev A2 agent 2026-10-06 (python read of the page's price table, no login); price = LCSC unit price at that break"
X322525MOB4SI,YXC Crystal Oscillators,LCSC,C9006,500,0.0584,USD,87320,2026-10-06,https://www.lcsc.com/product-detail/C9006.html,"LCSC product page read by the PV-CTL rev A2 agent 2026-10-06 (python read of the page's price table, no login); price = LCSC unit price at that break"
X322525MOB4SI,YXC Crystal Oscillators,LCSC,C9006,3000,0.0502,USD,87320,2026-10-06,https://www.lcsc.com/product-detail/C9006.html,"LCSC product page read by the PV-CTL rev A2 agent 2026-10-06 (python read of the page's price table, no login); price = LCSC unit price at that break"
X322525MOB4SI,YXC Crystal Oscillators,LCSC,C9006,6000,0.0483,USD,87320,2026-10-06,https://www.lcsc.com/product-detail/C9006.html,"LCSC product page read by the PV-CTL rev A2 agent 2026-10-06 (python read of the page's price table, no login); price = LCSC unit price at that break"
HFD27/005-S,Hongfa,LCSC,C23911,1,1.2652,USD,222,2026-10-06,https://www.lcsc.com/product-detail/C23911.html,"LCSC product page read by the PV-CTL rev A2 agent 2026-10-06 (python read of the page's price table, no login); price = LCSC unit price at that break"
HFD27/005-S,Hongfa,LCSC,C23911,10,0.9997,USD,222,2026-10-06,https://www.lcsc.com/product-detail/C23911.html,"LCSC product page read by the PV-CTL rev A2 agent 2026-10-06 (python read of the page's price table, no login); price = LCSC unit price at that break"
HFD27/005-S,Hongfa,LCSC,C23911,30,0.867,USD,222,2026-10-06,https://www.lcsc.com/product-detail/C23911.html,"LCSC product page read by the PV-CTL rev A2 agent 2026-10-06 (python read of the page's price table, no login); price = LCSC unit price at that break"
HFD27/005-S,Hongfa,LCSC,C23911,100,0.7359,USD,222,2026-10-06,https://www.lcsc.com/product-detail/C23911.html,"LCSC product page read by the PV-CTL rev A2 agent 2026-10-06 (python read of the page's price table, no login); price = LCSC unit price at that break"
HFD27/005-S,Hongfa,LCSC,C23911,500,0.6572,USD,222,2026-10-06,https://www.lcsc.com/product-detail/C23911.html,"LCSC product page read by the PV-CTL rev A2 agent 2026-10-06 (python read of the page's price table, no login); price = LCSC unit price at that break"
HFD27/005-S,Hongfa,LCSC,C23911,1000,0.6162,USD,222,2026-10-06,https://www.lcsc.com/product-detail/C23911.html,"LCSC product page read by the PV-CTL rev A2 agent 2026-10-06 (python read of the page's price table, no login); price = LCSC unit price at that break"
KF2EDGR-3.81-8P,Cixi Kefa Electronic,LCSC,C441188,5,0.1894,USD,4290,2026-10-06,https://www.lcsc.com/product-detail/C441188.html,"LCSC product page read by the PV-CTL rev A2 agent 2026-10-06 (python read of the page's price table, no login); price = LCSC unit price at that break"
KF2EDGR-3.81-8P,Cixi Kefa Electronic,LCSC,C441188,50,0.147,USD,4290,2026-10-06,https://www.lcsc.com/product-detail/C441188.html,"LCSC product page read by the PV-CTL rev A2 agent 2026-10-06 (python read of the page's price table, no login); price = LCSC unit price at that break"
KF2EDGR-3.81-8P,Cixi Kefa Electronic,LCSC,C441188,150,0.1288,USD,4290,2026-10-06,https://www.lcsc.com/product-detail/C441188.html,"LCSC product page read by the PV-CTL rev A2 agent 2026-10-06 (python read of the page's price table, no login); price = LCSC unit price at that break"
KF2EDGR-3.81-8P,Cixi Kefa Electronic,LCSC,C441188,500,0.1146,USD,4290,2026-10-06,https://www.lcsc.com/product-detail/C441188.html,"LCSC product page read by the PV-CTL rev A2 agent 2026-10-06 (python read of the page's price table, no login); price = LCSC unit price at that break"
KF2EDGR-3.81-8P,Cixi Kefa Electronic,LCSC,C441188,2500,0.1045,USD,4290,2026-10-06,https://www.lcsc.com/product-detail/C441188.html,"LCSC product page read by the PV-CTL rev A2 agent 2026-10-06 (python read of the page's price table, no login); price = LCSC unit price at that break"
KF2EDGR-3.81-8P,Cixi Kefa Electronic,LCSC,C441188,5000,0.0984,USD,4290,2026-10-06,https://www.lcsc.com/product-detail/C441188.html,"LCSC product page read by the PV-CTL rev A2 agent 2026-10-06 (python read of the page's price table, no login); price = LCSC unit price at that break"
CH9120,WCH (Nanjing Qinheng),LCSC,C2681747,980,2.8303,USD,0,2026-10-06,https://www.lcsc.com/product-detail/C2681747.html,"LCSC product page read by the PV-CTL rev A2 agent 2026-10-06 (python read of the page's price table, no login); price = LCSC unit price at that break; Ethernet comparison candidate, NOT used (10 Mbit only)"
W5500,WIZnet,LCSC,C32843,1000,1.8261,USD,18428,2026-10-06,https://www.lcsc.com/product-detail/C32843.html,"LCSC product page read by the PV-CTL rev A2 agent 2026-10-06 (python read of the page's price table, no login); price = LCSC unit price at that break; Ethernet comparison candidate (option B), NOT used"
CA-IS3820LWW,Chipanalog,LCSC,C20598885,1000,0.9,USD,991,2026-10-06,https://www.lcsc.com/product-detail/C20598885.html,"LCSC product page read by the PV-CTL rev A2 agent 2026-10-06 (python read of the page's price table, no login); price = LCSC unit price at that break; B1 altitude candidate (15 mm), NOT used"
CA-IS3822LWW,Chipanalog,LCSC,C20598889,1000,0.9,USD,49,2026-10-06,https://www.lcsc.com/product-detail/C20598889.html,"LCSC product page read by the PV-CTL rev A2 agent 2026-10-06 (python read of the page's price table, no login); price = LCSC unit price at that break; B1 altitude candidate (15 mm), NOT used"
CA-IS3821LWW,Chipanalog,LCSC,C20598887,1000,1.1325,USD,0,2026-10-06,https://www.lcsc.com/product-detail/C20598887.html,"LCSC product page read by the PV-CTL rev A2 agent 2026-10-06 (python read of the page's price table, no login); price = LCSC unit price at that break; B1 altitude candidate (15 mm), NOT used"
CA-IS3821HWW,Chipanalog,LCSC,C20598886,1000,0.9,USD,336,2026-10-06,https://www.lcsc.com/product-detail/C20598886.html,"LCSC product page read by the PV-CTL rev A2 agent 2026-10-06 (python read of the page's price table, no login); price = LCSC unit price at that break; B1 altitude candidate (15 mm), NOT used"
CA-IS3840LWW,Chipanalog,LCSC,C20598893,1000,1.12,USD,731,2026-10-06,https://www.lcsc.com/product-detail/C20598893.html,"LCSC product page read by the PV-CTL rev A2 agent 2026-10-06 (python read of the page's price table, no login); price = LCSC unit price at that break; B1 altitude candidate (15 mm, 4-ch), NOT used"
CA-IS3842LW,Chipanalog,LCSC,C20598876,1000,0.6,USD,558,2026-10-06,https://www.lcsc.com/product-detail/C20598876.html,"LCSC product page read by the PV-CTL rev A2 agent 2026-10-06 (python read of the page's price table, no login); price = LCSC unit price at that break; candidate, NOT used (the H variant is drawn)"
CA-IS3862LW,Chipanalog,LCSC,C20598881,1000,0.94,USD,222,2026-10-06,https://www.lcsc.com/product-detail/C20598881.html,"LCSC product page read by the PV-CTL rev A2 agent 2026-10-06 (python read of the page's price table, no login); price = LCSC unit price at that break; cost lever, NOT used: 6-ch (4 fwd + 2 rev) for the three 2-ch B1 isolators"
HFD23/005-1ZP,Hongfa,LCSC,C2902775,1000,0.5294,USD,2022,2026-10-06,https://www.lcsc.com/product-detail/C2902775.html,"LCSC product page read by the PV-CTL rev A2 agent 2026-10-06 (python read of the page's price table, no login); price = LCSC unit price at that break; relay candidate, NOT used (-40..+70 C)"
HK4100F-DC5V-SHG,HUIKE,LCSC,C12072,1000,0.2793,USD,49229,2026-10-06,https://www.lcsc.com/product-detail/C12072.html,"LCSC product page read by the PV-CTL rev A2 agent 2026-10-06 (python read of the page's price table, no login); price = LCSC unit price at that break; relay candidate, NOT used (-25..+70 C)"
CA-IS3831HWW,Chipanalog,LCSC,C20598892,1000,1.03,USD,14,2026-10-06,https://www.lcsc.com/product-detail/C20598892.html,"LCSC product page read by the PV-CTL rev A2 agent 2026-10-06 (python read of the page's price table, no login); price = LCSC unit price at that break; basis of the CA-IS3831LWW estimate in the altitude check (discrete RS-485), NOT used"
